filename,int_sphere,ap_dia_mm,driver,alignment_session,measurement_campaign,beam_dither,filter,spectrum_filename,gps_time_s,monitor_mn,monitor_sd,sigma_delta_output_mean,sigma_delta_output_sd,sci_rad_bench_temp_c,wavelength_um,wavelength_center_um_sd,wavelength_gauss_amp,wavelength_source,wavelength_um_fwhm,wavelength_fwhm_um_sd,wavelength_um_opa,wavelength_um_grating,u_pbrr_ap_align,u_pbrr_stray,u_pbrr_ap_d,u_pbrr_det_ap,u_pbrr_det_ap_diff,u_pbrr_ent_ap,u_pbrr_ent_ap_diff,u_pbrr_nonequiv,u_pbrr_nonlinear,u_pbrr_rhtr,u_pbrr_rtop,u_pbrr_rtrace,u_pbrr_vacnt,u_pbrr_vref,gf_resp_ss,gf_resp_lw,gf_resp_to,gf_resp_sw,gf_resp_sd_ss,gf_resp_sd_lw,gf_resp_sd_to,gf_resp_sd_sw,gf_l0,gf_l0_sd,gf_gx,gf_gx_sd,gf_gy,gf_gy_sd,gf_gp,gf_gp_sd,gf_gw,gf_gw_sd,gf_gt,gf_gt_sd,gf_sigma_ss,gf_sigma_lw,gf_sigma_to,gf_sigma_sw,gf_sigma_pbrr,gf_redchi,gf_ndata,gf_nvarys,c_scirad_out_of_field_ss,c_scirad_out_of_field_lw,c_scirad_out_of_field_to,c_scirad_out_of_field_sw,u_scirad_out_of_field_ss,u_scirad_out_of_field_lw,u_scirad_out_of_field_to,u_scirad_out_of_field_sw
ERF_Log_File_20240812_1723.csv,sp,12,emfpe,2,0,filled_square,prism,CCS200_Spectrum_1407540220.csv,1.40754e+09,3.75384,0.000183221,0.521634,0.00025882,34.1713,1.00374,0.000126917,0.229598,1,0.012242,5.27339e-05,1,0,6.35e-06,0.000289,8.31e-05,7.51e-06,0,6.93e-06,0.000138653,6.18e-05,2.89e-05,5.77e-06,2.54e-05,9.24e-06,1.13861e-05,4.04e-05,0.571831,-2.6385e-05,0.898118,0.767395,7.23243e-05,7.4406e-06,0.000111173,9.73333e-05,226.558,0.0274714,-0.000194866,2.34971e-05,5.36966e-05,2.35149e-05,-0.000751257,0.000378388,0.000841286,0.000378387,-1.25603e-06,1.6247e-06,0.0332004,0.0121129,0.0363169,0.0460545,0.0930121,1.04587,228,10,0.992049,0.992374,0.992374,0.991717,0.000118391,-1.54623e-09,5.26318e-05,0.00011667
ERF_Log_File_20240812_1756.csv,sp,12,emfpe,2,0,filled_square,prism,CCS200_Spectrum_1407542196.csv,1.40754e+09,4.76647,0.000272781,0.60099,0.000729133,34.1717,0.954231,0.000126219,0.223966,1,0.0107148,3.59701e-05,0.95,0,6.35e-06,0.000289,8.31e-05,7.51e-06,0,6.93e-06,0.00013195,6.18e-05,2.89e-05,5.77e-06,2.54e-05,9.24e-06,1.30255e-05,4.04e-05,0.562344,-5.87835e-06,0.890513,0.760659,5.81878e-05,4.1109e-06,9.22221e-05,8.33006e-05,324.015,0.0313748,-0.000266518,1.89061e-05,0.000112065,1.8943e-05,-0.00184003,0.000485892,-0.000303995,0.000485891,-1.295e-05,2.08473e-06,0.0469826,0.00957103,0.076043,0.0900083,0.106234,1.04585,228,10,0.991737,0.991976,0.991976,0.991333,0.000129744,-3.49653e-10,5.2969e-05,0.00011631
ERF_Log_File_20240812_1827.csv,sp,12,emfpe,2,0,filled_square,prism,CCS200_Spectrum_1407544093.csv,1.40754e+09,3.12077,0.000252616,0.70131,0.000455636,34.1711,0.904309,0.000125971,0.208873,1,0.0096439,2.87183e-05,0.9,0,6.35e-06,0.000289,8.31e-05,7.51e-06,0,6.93e-06,0.000125084,6.18e-05,2.89e-05,5.77e-06,2.54e-05,9.24e-06,1.63747e-05,4.04e-05,0.551855,-4.92148e-06,0.884806,0.755834,4.78027e-05,7.6108e-06,7.26124e-05,7.83139e-05,229.524,0.0140335,-0.000272627,1.19952e-05,0.000102714,1.21407e-05,-0.00215576,0.000773312,-0.000820332,0.00077331,2.34582e-05,3.29472e-06,0.0606769,0.0126166,0.0764709,0.0963924,0.0466314,1.03526,228,10,0.991377,0.991519,0.991519,0.990891,0.000143891,-2.97973e-10,5.35708e-05,0.000116317
ERF_Log_File_20240813_1540.csv,sp,12,emfpe,2,0,filled_square,prism,CCS200_Spectrum_1407620462.csv,1.40762e+09,3.78353,0.000252618,0.516839,0.00218494,34.1709,1.00344,0.00012673,0.202614,1,0.0123038,4.92121e-05,1,0,6.35e-06,0.000289,8.31e-05,7.51e-06,0,6.93e-06,0.000138624,6.18e-05,2.89e-05,5.77e-06,2.54e-05,9.24e-06,1.13904e-05,4.04e-05,0.571699,1.69134e-05,0.89845,0.767721,5.7904e-05,7.14774e-06,8.49182e-05,7.85816e-05,222.084,0.0200231,-0.000240497,1.76051e-05,4.30738e-05,1.76401e-05,-0.000645581,0.000456537,-0.00076035,0.000456535,5.57315e-05,1.95862e-06,0.0397553,0.0114506,0.0400105,0.0622576,0.0672796,1.0379,228,10,0.992047,0.992372,0.992372,0.991715,0.000118438,9.91248e-10,5.26558e-05,0.000116723
ERF_Log_File_20240813_1612.csv,sp,12,emfpe,2,0,filled_square,prism,CCS200_Spectrum_1407622364.csv,1.40762e+09,4.18332,0.000225698,0.599283,0.000438603,34.1707,0.95423,0.000126144,0.213587,1,0.0107538,3.40766e-05,0.95,0,6.35e-06,0.000289,8.31e-05,7.51e-06,0,6.93e-06,0.00013195,6.18e-05,2.89e-05,5.77e-06,2.54e-05,9.24e-06,1.30256e-05,4.04e-05,0.562624,1.40611e-05,0.891284,0.761186,6.68846e-05,4.78846e-06,0.000102395,8.93694e-05,322.02,0.0352121,-0.000193467,2.13262e-05,4.47573e-05,2.13601e-05,-0.00196945,0.000494995,-0.000754469,0.000494993,-1.00837e-05,2.12428e-06,0.0605302,0.0110806,0.0724998,0.0740251,0.119127,1.04572,228,10,0.991737,0.991976,0.991976,0.991333,0.000129809,8.36378e-10,5.30149e-05,0.000116391
ERF_Log_File_20240813_1644.csv,sp,12,emfpe,2,0,filled_square,prism,CCS200_Spectrum_1407624292.csv,1.40763e+09,2.26615,0.000200404,0.700473,0.000229435,34.1712,0.904306,0.000126068,0.21175,1,0.00966583,3.15681e-05,0.9,0,6.35e-06,0.000289,8.31e-05,7.51e-06,0,6.93e-06,0.000125083,6.18e-05,2.89e-05,5.77e-06,2.54e-05,9.24e-06,1.63749e-05,4.04e-05,0.552242,-2.77371e-06,0.885633,0.756377,9.63898e-05,7.78317e-06,0.000157223,0.000133367,227.875,0.0387,-0.000275355,3.29439e-05,5.83297e-05,3.29712e-05,-0.00217883,0.000554056,-0.00186519,0.000554055,-2.09351e-05,2.37919e-06,0.0358388,0.0127439,0.0749307,0.0580572,0.131007,1.04586,228,10,0.991376,0.991519,0.991519,0.990891,0.000143993,-1.67936e-10,5.3621e-05,0.0001164
ERF_Log_File_20240813_1759.csv,sp,12,emfpe,2,0,filled_square,prism,CCS200_Spectrum_1407628769.csv,1.40763e+09,3.12454,0.00152513,0.850546,0.00759261,34.1719,0.802874,0.000125812,0.204078,1,0.00729209,2.27175e-05,0.8,0,6.35e-06,0.000289,8.31e-05,7.51e-06,0,6.93e-06,0.000110988,6.18e-05,2.89e-05,5.77e-06,2.54e-05,9.24e-06,1.91772e-05,4.04e-05,0.489829,-2.15471e-05,0.884737,0.751389,0.000111844,8.58444e-06,0.000203841,0.000180028,201.857,0.0439468,-0.000156972,4.2443e-05,9.03926e-05,4.25061e-05,-0.00126379,0.000952647,-0.00109204,0.000952644,-0.000109687,4.08866e-06,0.048116,0.0124499,0.0966016,0.10822,0.148867,1.04587,228,10,0.990465,0.990385,0.990385,0.989766,0.000170469,-1.37445e-09,5.6436e-05,0.000119382
ERF_Log_File_20240813_1830.csv,sp,12,emfpe,2,0,filled_square,prism,CCS200_Spectrum_1407630660.csv,1.40763e+09,2.99805,0.000744876,0.899114,0.000942841,34.1719,0.852185,0.000125777,0.208799,1,0.00846508,2.16981e-05,0.85,0,6.35e-06,0.000289,8.31e-05,7.51e-06,0,6.93e-06,0.00011786,6.18e-05,2.89e-05,5.77e-06,2.54e-05,9.24e-06,1.59839e-05,4.04e-05,0.532306,-3.05851e-05,0.882863,0.75132,9.1458e-05,8.75526e-06,0.000151984,0.000131915,212.459,0.0353877,-0.000289891,3.23301e-05,0.000103494,3.23584e-05,-0.00165981,0.00055916,-0.00043173,0.000559159,1.89101e-05,2.40075e-06,0.0334844,0.0133682,0.0587989,0.0634261,0.119419,1.04557,228,10,0.990942,0.990974,0.990974,0.990357,0.000159929,-1.89536e-09,5.4711e-05,0.000116886
ERF_Log_File_20240813_1902.csv,sp,12,emfpe,2,0,filled_square,prism,CCS200_Spectrum_1407632551.csv,1.40763e+09,2.99288,0.000236459,0.569223,0.000848885,34.1719,0.752014,0.000125576,0.649625,1,0.00611051,1.10097e-05,0.75,0,6.35e-06,0.000289,8.31e-05,7.51e-06,0,6.93e-06,0.000104017,6.18e-05,2.89e-05,5.77e-06,2.54e-05,9.24e-06,2.07949e-05,4.04e-05,0.32152,-1.45033e-05,0.892125,0.760124,7.25617e-05,8.83604e-06,0.000150985,0.000130819,210.065,0.0348045,-0.000125685,3.21814e-05,-4.4383e-05,3.22116e-05,0.000377838,0.000575199,0.000101897,0.000575197,-3.21065e-05,2.46937e-06,0.0738914,0.0133463,0.0478166,0.0512436,0.117956,1.04441,228,10,0.989892,0.989692,0.989692,0.989035,0.000131882,-9.6289e-10,5.92292e-05,0.000126324
ERF_Log_File_20240813_1933.csv,sp,12,emfpe,2,0,filled_square,prism,CCS200_Spectrum_1407634442.csv,1.40764e+09,2.32946,7.2488e-05,0.42176,0.000177695,34.1711,0.701076,0.000125593,0.231751,1,0.00548084,1.21142e-05,0.7,0,6.35e-06,0.000289,8.31e-05,7.51e-06,0,6.93e-06,9.69401e-05,6.18e-05,2.89e-05,5.77e-06,2.54e-05,9.24e-06,2.41427e-05,4.04e-05,0.024514,7.15542e-06,0.899857,0.759218,7.28122e-06,8.70348e-06,9.91778e-05,8.48187e-05,196.784,0.0205535,-8.13519e-05,2.04025e-05,1.88608e-05,2.04465e-05,-0.000913873,0.000550942,-0.000561373,0.00055094,3.75049e-05,2.36337e-06,0.00963608,0.0123071,0.0446621,0.041851,0.0696205,1.04587,228,10,0.989215,0.988897,0.988897,0.988122,1.20072e-05,5.01526e-10,6.30713e-05,0.000137353
ERF_Log_File_20240813_2005.csv,sp,12,emfpe,2,0,filled_square,prism,CCS200_Spectrum_1407636332.csv,1.40764e+09,2.22569,0.000209969,0.49921,0.000566604,34.1721,0.676608,0.000125582,0.235725,1,0.00542844,1.14433e-05,0.675,0,6.35e-06,0.000289,8.31e-05,7.51e-06,0,6.93e-06,9.3587e-05,6.18e-05,2.89e-05,5.77e-06,2.54e-05,9.24e-06,2.57112e-05,4.04e-05,0.000166428,-1.71873e-05,0.9038,0.76057,6.85928e-06,7.15692e-06,0.000124902,0.00010669,200.215,0.0267303,-5.06053e-05,2.6024e-05,-2.64682e-05,2.60619e-05,-0.0019949,0.00057821,-0.0013567,0.000578208,-4.23954e-06,2.48165e-06,0.00986794,0.0102962,0.0462453,0.0464078,0.0905467,1.04587,228,10,0.988846,0.988475,0.988475,0.987589,8.91818e-08,-1.24428e-09,6.54308e-05,0.000146025
ERF_Log_File_20240813_2036.csv,sp,12,emfpe,2,0,filled_square,prism,CCS200_Spectrum_1407638221.csv,1.40764e+09,3.83602,0.000263828,0.621385,0.0010579,34.1707,0.652708,0.000125649,0.198433,1,0.00562388,1.54613e-05,0.65,0,6.35e-06,0.000289,8.31e-05,7.51e-06,0,6.93e-06,9.02942e-05,6.18e-05,2.89e-05,5.77e-06,2.54e-05,9.24e-06,2.72398e-05,4.04e-05,3.25301e-06,-1.97505e-05,0.907043,0.762686,7.86772e-06,1.00755e-05,0.000110239,9.31074e-05,182.607,0.0216476,3.16359e-05,2.30291e-05,-1.19336e-05,2.3051e-05,-0.00205127,0.00041452,0.000259359,0.000414519,2.96172e-06,1.77971e-06,0.0103235,0.0132204,0.0318089,0.0286624,0.0733269,1.04587,228,10,0.988454,0.988036,0.988036,0.986987,1.90878e-09,-1.48242e-09,6.80802e-05,0.00015721
ERF_Log_File_20240813_2108.csv,sp,12,emfpe,2,0,filled_square,prism,CCS200_Spectrum_1407640111.csv,1.40764e+09,2.5534,0.000157245,0.482966,0.000564755,34.1723,0.725846,0.000125682,0.213392,1,0.00590069,1.70556e-05,0.725,0,6.35e-06,0.000289,8.31e-05,7.51e-06,0,6.93e-06,0.000100324,6.18e-05,2.89e-05,5.77e-06,2.54e-05,9.24e-06,2.24779e-05,4.04e-05,0.155519,-3.65096e-05,0.895918,0.759844,2.94999e-05,6.34017e-06,0.000112362,9.88852e-05,198.661,0.0241785,-0.00013957,2.37231e-05,4.41576e-05,2.37575e-05,-0.00157982,0.000525889,0.000383252,0.000525888,-4.12294e-06,2.25719e-06,0.0322617,0.00905044,0.0386088,0.0494191,0.0818042,1.04586,228,10,0.989558,0.989297,0.989297,0.988594,6.97667e-05,-2.48728e-09,6.10361e-05,0.000131114
ERF_Log_File_20240814_0729.csv,sp,12,emfpe,2,0,filled_square,prism,CCS200_Spectrum_1407677367.csv,1.40768e+09,2.21025,0.000238117,0.516469,0.00338934,34.1712,0.671819,0.000125588,0.226483,1,0.00538422,1.18403e-05,0.67,0,6.35e-06,0.000289,8.31e-05,7.51e-06,0,6.93e-06,9.29011e-05,6.18e-05,2.89e-05,5.77e-06,2.54e-05,9.24e-06,2.60174e-05,4.04e-05,3.23346e-05,-2.41566e-05,0.904401,0.76132,6.77943e-06,9.1716e-06,9.12382e-05,7.69131e-05,201.132,0.018317,-3.66826e-05,1.7826e-05,-6.27872e-06,1.78953e-05,-0.000413088,0.000646552,0.000233091,0.00064655,6.40308e-05,2.7676e-06,0.0098023,0.0132594,0.0574032,0.0465233,0.0619336,1.04533,228,10,0.98877,0.988389,0.988389,0.987476,1.76408e-08,-1.76087e-09,6.59255e-05,0.000148114
ERF_Log_File_20240814_0800.csv,sp,12,emfpe,2,0,filled_square,prism,CCS200_Spectrum_1407679258.csv,1.40768e+09,4.37019,0.0001849,0.483627,0.000757008,34.1716,0.681547,0.000125591,0.292428,1,0.00545338,1.20028e-05,0.68,0,6.35e-06,0.000289,8.31e-05,7.51e-06,0,6.93e-06,9.42327e-05,6.18e-05,2.89e-05,5.77e-06,2.54e-05,9.24e-06,2.53953e-05,4.04e-05,0.000672487,-1.20666e-05,0.90311,0.76244,7.905e-06,8.82884e-06,0.00011215,9.63016e-05,195.362,0.0229782,-4.11407e-05,2.29796e-05,9.06692e-06,2.30312e-05,-0.00150454,0.000633594,0.00022284,0.000633592,1.29699e-05,2.71549e-06,0.0110967,0.0123939,0.0503697,0.0484732,0.0778339,1.04587,228,10,0.988923,0.988563,0.988563,0.987703,3.53801e-07,-8.67557e-10,6.49314e-05,0.00014448
ERF_Log_File_20240814_0832.csv,sp,12,emfpe,2,0,filled_square,prism,CCS200_Spectrum_1407681149.csv,1.40768e+09,2.25816,0.000195309,0.449199,0.000668725,34.1708,0.691285,0.000125565,0.283325,1,0.00545867,1.01718e-05,0.69,0,6.35e-06,0.000289,8.31e-05,7.51e-06,0,6.93e-06,9.56397e-05,6.18e-05,2.89e-05,5.77e-06,2.54e-05,9.24e-06,2.47724e-05,4.04e-05,0.00566119,-2.2677e-05,0.901717,0.764411,7.18356e-06,7.75154e-06,7.29649e-05,6.2494e-05,197.336,0.013156,-6.95108e-05,1.30705e-05,-6.79529e-05,1.31779e-05,-0.000622697,0.000691294,-0.000363457,0.000691292,4.9544e-06,2.95188e-06,0.0101718,0.0109915,0.0585021,0.0503539,0.0445597,1.04587,228,10,0.989071,0.988732,0.988732,0.987917,2.87341e-06,-1.60926e-09,6.39898e-05,0.0001414
ERF_Log_File_20240814_0903.csv,sp,12,emfpe,2,0,filled_square,prism,CCS200_Spectrum_1407683040.csv,1.40768e+09,2.41526,0.000158895,0.444368,0.000527306,34.1701,0.710792,0.000125597,0.28712,1,0.00563492,1.24424e-05,0.71,0,6.35e-06,0.000289,8.31e-05,7.51e-06,0,6.93e-06,9.82543e-05,6.18e-05,2.89e-05,5.77e-06,2.54e-05,9.24e-06,2.34896e-05,4.04e-05,0.0632068,-1.43972e-06,0.898286,0.76058,1.42118e-05,7.55195e-06,9.73605e-05,8.40683e-05,199.321,0.0199871,-0.000116286,1.9616e-05,3.30983e-05,1.96778e-05,-0.000756746,0.000640587,-0.00118003,0.000640585,1.58706e-05,2.74427e-06,0.0182043,0.0108163,0.0527417,0.0498752,0.0676735,1.04586,228,10,0.989353,0.989057,0.989057,0.988314,2.98994e-05,-9.97448e-11,6.22337e-05,0.000134866
ERF_Log_File_20240814_0935.csv,sp,12,emfpe,2,0,filled_square,prism,CCS200_Spectrum_1407684932.csv,1.40769e+09,2.4727,0.0001698,0.469447,0.000350914,34.1722,0.720773,0.000125636,0.213135,1,0.00581026,1.47412e-05,0.72,0,6.35e-06,0.000289,8.31e-05,7.51e-06,0,6.93e-06,9.96272e-05,6.18e-05,2.89e-05,5.77e-06,2.54e-05,9.24e-06,2.28189e-05,4.04e-05,0.121589,-1.29849e-05,0.897098,0.762567,2.594e-05,8.37239e-06,0.000117709,0.000106617,197.282,0.0249726,-0.000141584,2.47096e-05,-3.18767e-05,2.47556e-05,-0.000336691,0.000620983,0.000656936,0.000620982,-3.33781e-06,2.66141e-06,0.0295733,0.0118684,0.0437873,0.0635457,0.084587,1.04587,228,10,0.98949,0.989217,0.989217,0.988502,5.55223e-05,-8.89499e-10,6.14535e-05,0.000132734
ERF_Log_File_20240814_1006.csv,sp,12,emfpe,2,0,filled_square,prism,CCS200_Spectrum_1407686824.csv,1.40769e+09,2.66637,0.000162168,0.498393,0.000499045,34.1719,0.730968,0.000125617,0.241529,1,0.00590087,1.3707e-05,0.73,0,6.35e-06,0.000289,8.31e-05,7.51e-06,0,6.93e-06,0.00010103,6.18e-05,2.89e-05,5.77e-06,2.54e-05,9.24e-06,2.21337e-05,4.04e-05,0.190433,-5.29982e-05,0.895186,0.757274,3.79558e-05,1.00317e-05,0.000131494,0.000113311,202.978,0.0288405,-0.000129296,2.7688e-05,-2.16353e-06,2.77265e-05,-0.000980002,0.000601646,-0.000509056,0.000601644,-8.11208e-06,2.58042e-06,0.0387662,0.0146312,0.0485104,0.0510777,0.0976822,1.04587,228,10,0.989626,0.989377,0.989377,0.988684,8.39232e-05,-3.5912e-09,6.06585e-05,0.00012959
ERF_Log_File_20240814_1038.csv,sp,12,emfpe,2,0,filled_square,prism,CCS200_Spectrum_1407688716.csv,1.40769e+09,2.87914,0.000171259,0.529921,0.000481803,34.1706,0.741659,0.00012563,0.237601,1,0.00607108,1.44215e-05,0.74,0,6.35e-06,0.000289,8.31e-05,7.51e-06,0,6.93e-06,0.000102538,6.18e-05,2.89e-05,5.77e-06,2.54e-05,9.24e-06,2.14151e-05,4.04e-05,0.261535,-1.38419e-05,0.892891,0.757064,4.97819e-05,6.63108e-06,0.000126201,0.000107704,210.459,0.0286886,-0.000165567,2.65566e-05,4.59611e-05,2.65922e-05,-0.00185715,0.000566768,-0.000316689,0.000566766,-6.7297e-06,2.43119e-06,0.0525368,0.010028,0.0501337,0.0459388,0.0971567,1.04583,228,10,0.989763,0.989539,0.989539,0.988866,0.000111102,-9.27962e-10,5.98597e-05,0.00012752
ERF_Log_File_20240814_1109.csv,sp,12,emfpe,2,0,filled_square,prism,CCS200_Spectrum_1407690607.csv,1.40769e+09,3.01121,0.000346175,0.610322,0.00127222,34.1716,0.761504,0.000125665,0.275573,1,0.00646593,1.63574e-05,0.76,0,6.35e-06,0.000289,8.31e-05,7.51e-06,0,6.93e-06,0.000105315,6.18e-05,2.89e-05,5.77e-06,2.54e-05,9.24e-06,2.05138e-05,4.04e-05,0.370799,-1.02477e-06,0.889816,0.755225,8.95255e-05,9.80462e-06,0.00018773,0.000161304,204.967,0.0429611,-0.000198558,3.99962e-05,6.85281e-05,4.00095e-05,-0.00131913,0.000431796,-0.000773461,0.000431795,-1.38507e-05,1.85408e-06,0.0660537,0.014454,0.0305147,0.0459974,0.145627,1.04384,228,10,0.990006,0.989828,0.989828,0.989182,0.000147359,-6.74643e-11,5.85799e-05,0.00012415
ERF_Log_File_20240814_1141.csv,sp,12,emfpe,2,0,filled_square,prism,CCS200_Spectrum_1407692498.csv,1.40769e+09,3.11212,0.000275477,0.660527,0.000718566,34.1706,0.77176,0.000125625,0.207272,1,0.00668569,1.42939e-05,0.77,0,6.35e-06,0.000289,8.31e-05,7.51e-06,0,6.93e-06,0.000106747,6.18e-05,2.89e-05,5.77e-06,2.54e-05,9.24e-06,2.02102e-05,4.04e-05,0.410716,-5.17345e-05,0.888492,0.753369,5.55005e-05,9.43464e-06,9.73267e-05,8.24846e-05,206.985,0.0218647,-0.000188849,2.05639e-05,3.16679e-05,2.05888e-05,-0.000946373,0.000417072,-0.000990909,0.000417071,3.02139e-05,1.7899e-06,0.0514204,0.0140326,0.0382152,0.0316685,0.0740652,1.04586,228,10,0.990125,0.989972,0.989972,0.989336,0.000157815,-3.37686e-09,5.79944e-05,0.000122569
ERF_Log_File_20240814_1212.csv,sp,12,emfpe,2,0,filled_square,prism,CCS200_Spectrum_1407694388.csv,1.4077e+09,3.25148,0.000600786,0.719344,0.00105516,34.1711,0.78161,0.000125728,0.234877,1,0.0068792,1.93134e-05,0.78,0,6.35e-06,0.000289,8.31e-05,7.51e-06,0,6.93e-06,0.000108063,6.18e-05,2.89e-05,5.77e-06,2.54e-05,9.24e-06,1.99185e-05,4.04e-05,0.442363,-3.02582e-05,0.887024,0.756298,6.41411e-05,7.57543e-06,0.000111478,9.44445e-05,212.319,0.0254792,-0.000240575,2.33849e-05,7.31494e-05,2.34175e-05,-0.000864342,0.000508196,-0.000236654,0.000508195,-1.30691e-05,2.18078e-06,0.0551926,0.0115594,0.0503706,0.0388672,0.0859016,1.04546,228,10,0.990237,0.990107,0.990107,0.989477,0.000164643,-1.95979e-09,5.74517e-05,0.000121983
ERF_Log_File_20240814_1244.csv,sp,12,emfpe,2,0,filled_square,prism,CCS200_Spectrum_1407696278.csv,1.4077e+09,3.28412,0.00120696,0.792716,0.0017242,34.1711,0.792177,0.00012568,0.242668,1,0.0071171,1.71971e-05,0.79,0,6.35e-06,0.000289,8.31e-05,7.51e-06,0,6.93e-06,0.000109596,6.18e-05,2.89e-05,5.77e-06,2.54e-05,9.24e-06,1.96055e-05,4.04e-05,0.467717,-1.3721e-05,0.885515,0.755336,0.000111998,5.93714e-06,0.000208277,0.000181841,212.914,0.0485332,-0.000272936,4.43117e-05,5.80784e-05,4.43571e-05,-0.00175417,0.000826609,7.84064e-05,0.000826607,5.37373e-06,3.54824e-06,0.051878,0.00908327,0.0784779,0.0886047,0.164414,1.04587,228,10,0.990352,0.990247,0.990247,0.989623,0.000168319,-8.81754e-10,5.6906e-05,0.00012085
ERF_Log_File_20240814_1315.csv,sp,12,emfpe,2,0,filled_square,prism,CCS200_Spectrum_1407698168.csv,1.4077e+09,3.09727,0.00113328,0.884621,0.00180937,34.1708,0.812094,0.000125673,0.244497,1,0.0073903,1.69171e-05,0.81,0,6.35e-06,0.000289,8.31e-05,7.51e-06,0,6.93e-06,0.000112275,6.18e-05,2.89e-05,5.77e-06,2.54e-05,9.24e-06,1.85462e-05,4.04e-05,0.500565,-1.87577e-05,0.884209,0.752193,6.9798e-05,6.89681e-06,0.000122652,0.000102973,200.191,0.0233766,-0.000260102,2.28664e-05,1.72646e-05,2.29708e-05,-0.000546979,0.000899379,-0.00143266,0.000899377,3.57263e-06,3.84826e-06,0.0540979,0.00992103,0.0951934,0.0764127,0.0791295,1.04585,228,10,0.99056,0.990501,0.990501,0.989884,0.00016932,-1.1893e-09,5.60615e-05,0.00011889
ERF_Log_File_20240814_1347.csv,sp,12,emfpe,2,0,filled_square,prism,CCS200_Spectrum_1407700060.csv,1.4077e+09,3.06871,0.00100877,0.892361,0.00148472,34.1707,0.821694,0.000125827,0.208652,1,0.00775092,2.33715e-05,0.82,0,6.35e-06,0.000289,8.31e-05,7.51e-06,0,6.93e-06,0.000113651,6.18e-05,2.89e-05,5.77e-06,2.54e-05,9.24e-06,1.78893e-05,4.04e-05,0.511359,-2.42857e-05,0.88346,0.755282,5.55987e-05,8.44529e-06,9.76399e-05,8.41623e-05,200.64,0.0190981,-0.000281103,1.86313e-05,7.65973e-05,1.8703e-05,-0.00229546,0.000672581,-0.00173402,0.000672579,1.55396e-05,2.88105e-06,0.0379132,0.0121778,0.0715183,0.0628109,0.0645413,1.04553,228,10,0.990656,0.990619,0.990619,0.990003,0.000168009,-1.53067e-09,5.56824e-05,0.000118818
ERF_Log_File_20240814_1418.csv,sp,12,emfpe,2,0,filled_square,prism,CCS200_Spectrum_1407701951.csv,1.4077e+09,3.09458,0.000714381,0.89448,0.00127247,34.1718,0.831666,0.000125753,0.236942,1,0.00795896,2.05893e-05,0.83,0,6.35e-06,0.000289,8.31e-05,7.51e-06,0,6.93e-06,0.000115014,6.18e-05,2.89e-05,5.77e-06,2.54e-05,9.24e-06,1.72069e-05,4.04e-05,0.519762,-2.23756e-05,0.882764,0.754145,8.03237e-05,8.28116e-06,0.000136078,0.000115448,207.033,0.0303349,-0.000249617,2.85171e-05,0.00010063,2.85507e-05,-0.00226778,0.000570182,-0.000112252,0.00057018,3.5556e-05,2.44658e-06,0.0376791,0.0123205,0.0629562,0.0487709,0.102788,1.04576,228,10,0.990752,0.990738,0.990738,0.990123,0.000165761,-1.40202e-09,5.53128e-05,0.00011814
ERF_Log_File_20240814_1515.csv,sp,12,emfpe,2,0,filled_square,prism,CCS200_Spectrum_1407705343.csv,1.40771e+09,3.07779,0.000760272,0.890764,0.00234583,34.1716,0.842505,0.000125768,0.225361,1,0.00816072,2.12536e-05,0.84,0,6.35e-06,0.000289,8.31e-05,7.51e-06,0,6.93e-06,0.000116537,6.18e-05,2.89e-05,5.77e-06,2.54e-05,9.24e-06,1.64651e-05,4.04e-05,0.527053,-3.68647e-05,0.88284,0.750811,7.08803e-05,8.91292e-06,0.000114652,9.92651e-05,210.861,0.0253855,-0.000251817,2.35229e-05,0.000112929,2.35767e-05,-0.00135989,0.000654578,-0.00177116,0.000654576,-1.70493e-05,2.80735e-06,0.0474092,0.0135042,0.0649436,0.0614689,0.0859544,1.04586,228,10,0.990854,0.990864,0.990864,0.990248,0.000162828,-2.29613e-09,5.49879e-05,0.000117158
ERF_Log_File_20240814_1546.csv,sp,12,emfpe,2,0,filled_square,prism,CCS200_Spectrum_1407707228.csv,1.40771e+09,2.77496,0.000344651,0.874298,0.000408491,34.1723,0.862701,0.000125889,0.201738,1,0.00881688,2.58348e-05,0.86,0,6.35e-06,0.000289,8.31e-05,7.51e-06,0,6.93e-06,0.000119299,6.18e-05,2.89e-05,5.77e-06,2.54e-05,9.24e-06,1.61362e-05,4.04e-05,0.536662,-4.75505e-06,0.883106,0.755204,9.93959e-05,6.7974e-06,0.00016082,0.000147632,209.383,0.0366402,-0.000303283,3.41035e-05,8.25228e-05,3.41517e-05,-0.00118883,0.000746731,-0.000285968,0.000746729,1.38868e-05,3.20432e-06,0.0479776,0.0102281,0.0669593,0.0990174,0.124101,1.04566,228,10,0.991035,0.99109,0.99109,0.990472,0.000156515,-2.93146e-10,5.44428e-05,0.000117159
ERF_Log_File_20240814_1618.csv,sp,12,emfpe,2,0,filled_square,prism,CCS200_Spectrum_1407709118.csv,1.40771e+09,2.46054,0.000416301,0.821824,0.000598839,34.1729,0.872875,0.000125788,0.215013,1,0.00887758,2.22213e-05,0.87,0,6.35e-06,0.000289,8.31e-05,7.51e-06,0,6.93e-06,0.000120697,6.18e-05,2.89e-05,5.77e-06,2.54e-05,9.24e-06,1.62837e-05,4.04e-05,0.54087,-2.58734e-05,0.883256,0.756196,8.1175e-05,8.56449e-06,0.000133751,0.000107551,204.315,0.027351,-0.000324826,2.61533e-05,0.000138426,2.62117e-05,-0.000705251,0.000718525,0.000997153,0.000718524,2.57377e-06,3.0815e-06,0.0534073,0.0125736,0.0916789,0.0523025,0.0926337,1.04587,228,10,0.991122,0.9912,0.9912,0.990579,0.000153352,-1.58747e-09,5.41923e-05,0.000117036
ERF_Log_File_20240814_1649.csv,sp,12,emfpe,2,0,filled_square,prism,CCS200_Spectrum_1407711009.csv,1.40771e+09,2.37424,0.000196749,0.775833,0.000547989,34.1718,0.883139,0.000126027,0.207178,1,0.00918761,3.02119e-05,0.88,0,6.35e-06,0.000289,8.31e-05,7.51e-06,0,6.93e-06,0.000122135,6.18e-05,2.89e-05,5.77e-06,2.54e-05,9.24e-06,1.64324e-05,4.04e-05,0.544073,-1.16068e-05,0.883166,0.753132,8.12779e-05,8.00755e-06,0.000130444,0.000114597,211.742,0.0303961,-0.000265761,2.78802e-05,8.92301e-05,2.79061e-05,-0.000850254,0.00049597,-0.000859302,0.000495969,-4.27735e-06,2.12909e-06,0.0338897,0.0121859,0.0466555,0.0573417,0.101459,1.04541,228,10,0.991208,0.991307,0.991307,0.990684,0.000150011,-7.089e-10,5.39406e-05,0.000116319
ERF_Log_File_20240814_1721.csv,sp,12,emfpe,2,0,filled_square,prism,CCS200_Spectrum_1407712899.csv,1.40771e+09,2.36601,0.000180198,0.736574,0.000340263,34.1717,0.893516,0.000125977,0.203635,1,0.00945318,2.88348e-05,0.89,0,6.35e-06,0.000289,8.31e-05,7.51e-06,0,6.93e-06,0.000123612,6.18e-05,2.89e-05,5.77e-06,2.54e-05,9.24e-06,1.65827e-05,4.04e-05,0.547415,-2.186e-07,0.884075,0.752406,7.62655e-05,6.75238e-06,0.000123839,0.00010797,224.479,0.0295756,-0.00031028,2.56965e-05,0.000102406,2.57374e-05,-0.00127956,0.000597598,-0.000471815,0.000597596,1.75999e-07,2.56377e-06,0.0393977,0.0108916,0.0677408,0.0683948,0.100168,1.04587,228,10,0.991292,0.991413,0.991413,0.990787,0.000146815,-1.32927e-11,5.37592e-05,0.00011599
ERF_Log_File_20240814_1752.csv,sp,12,emfpe,2,0,filled_square,prism,CCS200_Spectrum_1407714790.csv,1.40772e+09,2.32007,0.000225392,0.560083,0.00252976,34.1719,0.661765,0.000125672,0.209679,1,0.00547177,1.65769e-05,0.66,0,6.35e-06,0.000289,8.31e-05,7.51e-06,0,6.93e-06,9.15605e-05,6.18e-05,2.89e-05,5.77e-06,2.54e-05,9.24e-06,2.66605e-05,4.04e-05,1.06277e-05,-6.56036e-06,0.906057,0.765822,4.88032e-06,7.16034e-06,0.000130754,0.000110799,213.984,0.0298151,-1.81591e-05,2.7137e-05,-3.76842e-05,2.7172e-05,-0.00342364,0.000567992,-0.000995112,0.000567991,-1.38545e-05,2.43704e-06,0.0075036,0.0110095,0.0522234,0.0450477,0.100996,1.04587,228,10,0.988606,0.988206,0.988206,0.987226,6.02305e-09,-4.85448e-10,6.70456e-05,0.000153431
ERF_Log_File_20240814_1824.csv,sp,12,emfpe,2,0,filled_square,prism,CCS200_Spectrum_1407716681.csv,1.40772e+09,3.15155,0.000604795,0.719456,0.0033336,34.171,0.643467,0.000125575,0.245379,1,0.00593249,1.10649e-05,0.64,0,6.35e-06,0.000289,8.31e-05,7.51e-06,0,6.93e-06,8.9028e-05,6.18e-05,2.89e-05,5.77e-06,2.54e-05,9.24e-06,2.78474e-05,4.04e-05,-7.87101e-06,-2.07498e-05,0.908032,0.763722,7.57586e-06,1.25618e-05,0.000117686,9.91491e-05,151.595,0.0184231,5.61511e-05,2.37491e-05,-4.75531e-05,2.38055e-05,6.65704e-05,0.000673089,-0.000481105,0.000673088,3.12508e-06,2.88685e-06,0.00825237,0.0136834,0.0444118,0.0373059,0.0624009,1.04587,228,10,0.988407,0.987858,0.987858,0.986727,-4.66712e-09,-1.58142e-09,6.92046e-05,0.000162371
ERF_Log_File_20240814_1855.csv,sp,12,emfpe,2,0,filled_square,prism,CCS200_Spectrum_1407718573.csv,1.40772e+09,2.97195,0.000332478,0.845921,0.00406235,34.171,0.637638,0.000125725,0.265102,1,0.00597555,1.91775e-05,0.63,0,6.35e-06,0.000289,8.31e-05,7.51e-06,0,6.93e-06,8.81784e-05,6.18e-05,2.89e-05,5.77e-06,2.54e-05,9.24e-06,2.82349e-05,4.04e-05,-1.46054e-05,1.8668e-05,0.908965,0.766698,7.99298e-06,1.31448e-05,0.000146188,0.000123168,143.961,0.0226329,8.62945e-05,3.04739e-05,9.48993e-06,3.04975e-05,-0.00150283,0.00049621,-0.000484596,0.000496209,-2.10801e-06,2.12991e-06,0.00826815,0.0135974,0.0317793,0.0257033,0.0766544,1.04587,228,10,0.988407,0.987744,0.987744,0.986555,-8.66029e-09,1.43707e-09,6.99723e-05,0.000166364
ERF_Log_File_20240814_1927.csv,sp,12,emfpe,2,0,filled_square,prism,CCS200_Spectrum_1407720463.csv,1.40772e+09,4.56118,0.000388801,0.916488,0.00602355,34.1711,0.616895,0.000125538,0.219999,1,0.00397765,7.67177e-06,0.62,0,6.35e-06,0.000289,8.31e-05,7.51e-06,0,6.93e-06,8.53271e-05,6.18e-05,2.89e-05,5.77e-06,2.54e-05,9.24e-06,2.96141e-05,4.04e-05,-2.98526e-06,1.77586e-05,0.910673,0.765728,9.13357e-06,2.07948e-05,0.000257123,0.000216772,90.772,0.0254832,5.4355e-05,5.29986e-05,-0.000119479,5.30112e-05,-0.000962711,0.00048796,0.000697709,0.000487959,3.69379e-05,2.0954e-06,0.00595797,0.0135638,0.0178119,0.0179091,0.0863202,1.04587,228,10,0.988407,0.987323,0.987323,0.985877,-1.77011e-09,1.42027e-09,7.28325e-05,0.000179745
ERF_Log_File_20240814_1958.csv,sp,12,emfpe,2,0,filled_square,prism,CCS200_Spectrum_1407722353.csv,1.40772e+09,4.65711,0.000352643,0.903008,0.00217224,34.1719,0.606927,0.00012554,0.220941,1,0.00383799,7.86492e-06,0.61,0,6.35e-06,0.000289,8.31e-05,7.51e-06,0,6.93e-06,8.39082e-05,6.18e-05,2.89e-05,5.77e-06,2.54e-05,9.24e-06,3.02768e-05,4.04e-05,9.00667e-06,6.24548e-06,0.911804,0.763987,1.41908e-05,1.80402e-05,0.000226063,0.000189795,94.9527,0.0233702,0.000149651,4.67618e-05,-5.59018e-05,4.67752e-05,-0.000726128,0.000470152,6.77396e-05,0.000470152,2.25235e-05,2.01909e-06,0.0096828,0.0123088,0.01854,0.0172827,0.0791681,1.04587,228,10,0.988407,0.987112,0.987112,0.98551,5.34051e-09,5.09481e-10,7.43814e-05,0.000186789
ERF_Log_File_20240814_2030.csv,sp,12,emfpe,2,0,filled_square,prism,CCS200_Spectrum_1407724243.csv,1.40773e+09,4.70297,0.000401928,0.904209,0.00284743,34.171,0.597908,0.000125527,0.250219,1,0.00368234,6.45149e-06,0.6,0,6.35e-06,0.000289,8.31e-05,7.51e-06,0,6.93e-06,8.27556e-05,6.18e-05,2.89e-05,5.77e-06,2.54e-05,9.24e-06,3.10364e-05,4.04e-05,1.10344e-05,-4.02155e-05,0.91274,0.763202,1.05558e-05,1.62518e-05,0.000452239,0.000378564,97.9988,0.048472,0.000149924,8.67061e-05,-4.59511e-05,8.67128e-05,-0.00101001,0.000483134,0.000501545,0.000483132,4.01915e-05,2.07393e-06,0.00743404,0.0114447,0.0186497,0.0197243,0.16503,1.04585,228,10,0.988407,0.986916,0.986916,0.985152,6.54284e-09,-3.34275e-09,7.58677e-05,0.000193895
ERF_Log_File_20240814_2101.csv,sp,12,emfpe,2,0,filled_square,prism,CCS200_Spectrum_1407726137.csv,1.40773e+09,4.11679,0.000356409,0.650093,0.00208431,34.1709,0.92281,0.000126229,0.20175,1,0.0101815,3.60164e-05,0.92,0,6.35e-06,0.000289,8.31e-05,7.51e-06,0,6.93e-06,0.000127646,6.18e-05,2.89e-05,5.77e-06,2.54e-05,9.24e-06,1.5078e-05,4.04e-05,0.556085,6.22894e-06,0.88739,0.760329,5.47735e-05,7.73048e-06,8.82353e-05,8.40706e-05,234.217,0.0210529,-0.000238159,1.75807e-05,0.000143982,1.76334e-05,-0.00282303,0.000559851,-0.000373556,0.000559849,-7.36237e-06,2.39835e-06,0.0371421,0.0130107,0.0633355,0.0818894,0.0710935,1.04577,228,10,0.991516,0.991696,0.991696,0.991062,0.000138355,3.74507e-10,5.33532e-05,0.000116705
ERF_Log_File_20240814_2133.csv,sp,12,emfpe,2,0,filled_square,prism,CCS200_Spectrum_1407728029.csv,1.40773e+09,2.19559,0.00020407,0.67758,0.000416802,34.1708,0.913367,0.000126009,0.222005,1,0.00993564,2.99866e-05,0.91,0,6.35e-06,0.000289,8.31e-05,7.51e-06,0,6.93e-06,0.000126329,6.18e-05,2.89e-05,5.77e-06,2.54e-05,9.24e-06,1.57398e-05,4.04e-05,0.553594,-1.56369e-05,0.885638,0.759145,5.28563e-05,7.31369e-06,8.24035e-05,8.58732e-05,234.152,0.0202826,-0.000306605,1.69367e-05,6.68265e-05,1.69829e-05,-0.00257883,0.000514798,-0.00184862,0.000514797,-3.25627e-05,2.20757e-06,0.0360376,0.0123359,0.0498328,0.0957053,0.0683945,1.04063,228,10,0.991446,0.991607,0.991607,0.990976,0.000141039,-9.43448e-10,5.34346e-05,0.000116672
ERF_Log_File_20240815_0714.csv,sp,12,emfpe,2,0,filled_square,prism,CCS200_Spectrum_1407762858.csv,1.40776e+09,4.3676,0.000189379,0.479938,0.00123185,29.1298,0.681538,0.000125578,0.312954,1,0.00544021,1.11306e-05,0.68,0,6.35e-06,0.000289,8.31e-05,7.51e-06,0,6.93e-06,9.42315e-05,6.18e-05,2.89e-05,5.77e-06,2.54e-05,9.24e-06,2.53959e-05,4.04e-05,0.00116037,1.00788e-05,0.903115,0.7629,6.47222e-06,7.93175e-06,0.000133963,0.000115361,195.23,0.0282973,-4.57757e-05,2.81863e-05,1.89419e-05,2.82164e-05,-0.00122013,0.000536371,-0.00229999,0.00053637,2.32262e-05,2.30462e-06,0.00907759,0.0111278,0.0396716,0.0456973,0.0958441,1.04575,228,10,0.988923,0.988563,0.988563,0.987703,6.10502e-07,7.2465e-10,6.49325e-05,0.000144571
ERF_Log_File_20240815_0745.csv,sp,12,emfpe,2,0,filled_square,prism,CCS200_Spectrum_1407764747.csv,1.40777e+09,2.31167,0.000103524,0.421155,0.000135298,29.1301,0.700902,0.000125592,0.239645,1,0.00550682,1.20948e-05,0.7,0,6.35e-06,0.000289,8.31e-05,7.51e-06,0,6.93e-06,9.6917e-05,6.18e-05,2.89e-05,5.77e-06,2.54e-05,9.24e-06,2.41544e-05,4.04e-05,0.0314442,2.40134e-05,0.900031,0.759337,7.41416e-06,8.21068e-06,0.000100595,8.23626e-05,195.523,0.0197897,-0.000102392,1.97949e-05,-2.15662e-05,1.98531e-05,-0.000304252,0.000623891,-0.000475076,0.000623889,-1.16788e-06,2.67475e-06,0.00940171,0.0115355,0.0598837,0.0406573,0.0670296,1.04587,228,10,0.989212,0.988894,0.988894,0.988118,1.54115e-05,1.68348e-09,6.30972e-05,0.000137426
ERF_Log_File_20240815_0816.csv,sp,12,emfpe,2,0,filled_square,prism,CCS200_Spectrum_1407766637.csv,1.40777e+09,2.47058,0.000474989,0.471156,0.000689626,29.1298,0.72075,0.000125619,0.236423,1,0.00579375,1.37989e-05,0.72,0,6.35e-06,0.000289,8.31e-05,7.51e-06,0,6.93e-06,9.9624e-05,6.18e-05,2.89e-05,5.77e-06,2.54e-05,9.24e-06,2.28204e-05,4.04e-05,0.137926,-9.67251e-06,0.896949,0.762363,2.72947e-05,8.31594e-06,0.000117023,0.000100556,196.419,0.0247089,-4.89778e-05,2.45185e-05,-3.82397e-06,2.45537e-05,-0.0033074,0.000540705,-0.000171869,0.000540704,1.01585e-05,2.32047e-06,0.0297102,0.011737,0.0436882,0.0419868,0.0836985,1.04587,228,10,0.98949,0.989217,0.989217,0.988501,6.29874e-05,-6.62607e-10,6.14447e-05,0.000132703
ERF_Log_File_20240815_0848.csv,sp,12,emfpe,2,0,filled_square,prism,CCS200_Spectrum_1407768528.csv,1.40777e+09,2.85686,0.000318754,0.530793,0.000548327,29.1302,0.741863,0.000125616,0.19856,1,0.00611356,1.363e-05,0.74,0,6.35e-06,0.000289,8.31e-05,7.51e-06,0,6.93e-06,0.000102567,6.18e-05,2.89e-05,5.77e-06,2.54e-05,9.24e-06,2.14014e-05,4.04e-05,0.277745,-8.88458e-07,0.893494,0.757926,5.93051e-05,8.01152e-06,0.00012009,0.000102314,208.26,0.0272652,-0.000138341,2.54406e-05,1.75281e-05,2.54656e-05,-0.00126581,0.000465405,-0.00127004,0.000465403,-2.45931e-05,1.99788e-06,0.070092,0.0119886,0.0405889,0.0366454,0.0923443,1.04586,228,10,0.989766,0.989542,0.989542,0.98887,0.000117906,-5.95505e-11,5.98881e-05,0.00012763
ERF_Log_File_20240815_0920.csv,sp,12,emfpe,2,0,filled_square,prism,CCS200_Spectrum_1407770418.csv,1.40777e+09,3.19766,0.000690459,0.721738,0.000633913,29.1307,0.781585,0.00012569,0.217861,1,0.00689363,1.76575e-05,0.78,0,6.35e-06,0.000289,8.31e-05,7.51e-06,0,6.93e-06,0.000108059,6.18e-05,2.89e-05,5.77e-06,2.54e-05,9.24e-06,1.99192e-05,4.04e-05,0.448833,-1.44315e-05,0.887607,0.756916,7.00937e-05,7.9159e-06,9.35635e-05,7.98275e-05,208.397,0.0204932,-0.000211886,1.92191e-05,4.87689e-05,1.92659e-05,-0.00127599,0.000551588,-3.44893e-05,0.000551588,2.03764e-05,2.36595e-06,0.081367,0.0118538,0.050385,0.0424092,0.0694008,1.04587,228,10,0.990236,0.990106,0.990106,0.989477,0.000167065,-9.34733e-10,5.74906e-05,0.000122085
ERF_Log_File_20240815_0951.csv,sp,12,emfpe,2,0,filled_square,prism,CCS200_Spectrum_1407772308.csv,1.40777e+09,3.06471,0.0370655,0.984277,0.0212658,29.1297,0.802648,0.000125735,0.234996,1,0.00730536,1.97038e-05,0.8,0,6.35e-06,0.000289,8.31e-05,7.51e-06,0,6.93e-06,0.000110953,6.18e-05,2.89e-05,5.77e-06,2.54e-05,9.24e-06,1.91927e-05,4.04e-05,0.490849,-3.04571e-06,0.884471,0.745516,0.000204227,9.6176e-06,0.000457278,0.000873679,201.788,0.0366541,-0.00019319,3.58354e-05,3.77384e-05,3.84459e-05,-0.00466897,0.00601404,-0.013544,0.00601403,8.31727e-05,2.44713e-05,0.261417,0.0139462,0.619862,1.24858,0.124157,1.04587,228,10,0.990463,0.990382,0.990382,0.989763,0.000170944,-1.94311e-10,5.64276e-05,0.000118465
ERF_Log_File_20240815_1023.csv,sp,12,emfpe,2,0,filled_square,prism,CCS200_Spectrum_1407774199.csv,1.40778e+09,2.9787,0.000561743,0.612075,0.000937901,29.1306,0.761623,0.000125631,0.465595,1,0.00641554,1.45446e-05,0.76,0,6.35e-06,0.000289,8.31e-05,7.51e-06,0,6.93e-06,0.00010533,6.18e-05,2.89e-05,5.77e-06,2.54e-05,9.24e-06,2.05103e-05,4.04e-05,0.383531,-5.50361e-06,0.890384,0.755491,5.90027e-05,7.07827e-06,0.000116138,0.00010067,202.035,0.025325,-0.000200305,2.44467e-05,8.68156e-05,2.44855e-05,-0.00195418,0.000566529,3.05818e-05,0.000566526,2.39949e-05,2.43119e-06,0.0495242,0.010276,0.0465795,0.0488061,0.0857152,1.04585,228,10,0.990007,0.98983,0.98983,0.989184,0.000152359,-3.62287e-10,5.86114e-05,0.000124178
ERF_Log_File_20240815_1242.csv,sp,12,emfpe,2,0,filled_square,prism,CCS200_Spectrum_1407782555.csv,1.40778e+09,3.99097,0.000954291,0.647333,0.00276959,29.1309,0.300797,0.000131249,0.0548005,1,0.00167125,9.30083e-05,0.3,0,6.35e-06,0.000289,8.31e-05,7.51e-06,0,6.93e-06,4.16396e-05,6.18e-05,2.89e-05,5.77e-06,2.54e-05,9.24e-06,0.000122253,4.04e-05,-2.64809e-05,8.54957e-05,0.00881335,0.00597496,5.47974e-05,7.18418e-05,5.8941e-05,8.01467e-05,22.1693,0.0233218,0.000693237,0.000213297,-0.000543457,0.000288624,0.204379,0.125461,0.058975,0.125455,-0.000440413,0.000341643,0.00871941,0.0114414,0.00929384,0.0127441,0.0765367,1.04556,228,10,0.988407,0.977365,0.977365,0.892911,-1.57019e-08,2.20724e-08,2.27534e-06,2.81707e-05
ERF_Log_File_20240815_1314.csv,sp,12,emfpe,2,0,filled_square,prism,CCS200_Spectrum_1407784469.csv,1.40779e+09,3.36967,0.000962989,0.3624,0.00219755,29.1307,0.32157,0.000126043,0.179708,1,0.0020835,2.8479e-05,0.32,0,6.35e-06,0.000289,8.31e-05,7.51e-06,0,6.93e-06,4.44309e-05,6.18e-05,2.89e-05,5.77e-06,2.54e-05,9.24e-06,9.22208e-05,4.04e-05,8.441e-06,2.74638e-05,0.00780331,0.0060391,7.61376e-05,7.75762e-05,6.17883e-05,0.000104479,18.4861,0.0223017,0.000191007,0.000244907,-0.000343487,0.000334121,0.170494,0.151088,-0.0977399,0.151085,-0.000800577,0.000399399,0.0100901,0.0102972,0.00810403,0.0138436,0.0755374,1.04587,228,10,0.988407,0.97822,0.97822,0.913381,5.0051e-09,6.28741e-09,1.78645e-06,1.98125e-05
ERF_Log_File_20240815_1345.csv,sp,12,emfpe,2,0,filled_square,prism,CCS200_Spectrum_1407786363.csv,1.40779e+09,3.00771,0.000618883,0.29274,0.00106342,29.1307,0.340497,0.000125558,0.200805,1,0.00201964,9.23883e-06,0.34,0,6.35e-06,0.000289,8.31e-05,7.51e-06,0,6.93e-06,4.71099e-05,6.18e-05,2.89e-05,5.77e-06,2.54e-05,9.24e-06,8.46405e-05,4.04e-05,-7.31038e-05,2.7454e-05,0.140388,0.0911686,3.07944e-05,4.28373e-05,6.09876e-05,5.77168e-05,40.6319,0.0151088,0.00013407,7.29317e-05,0.000121035,7.36896e-05,-0.00732983,0.00434585,0.00724225,0.00434583,8.55963e-05,1.85358e-05,0.00899306,0.0125079,0.00917064,0.0135542,0.0511778,1.04587,228,10,0.988407,0.978984,0.978984,0.928232,-4.3347e-08,5.67614e-09,2.90255e-05,0.000214511
ERF_Log_File_20240815_1417.csv,sp,12,emfpe,2,0,filled_square,prism,CCS200_Spectrum_1407788255.csv,1.40779e+09,4.19469,0.000244622,0.274057,0.000747976,29.1299,0.360108,0.000125524,0.236926,1,0.00211048,5.99668e-06,0.36,0,6.35e-06,0.000289,8.31e-05,7.51e-06,0,6.93e-06,4.98305e-05,6.18e-05,2.89e-05,5.77e-06,2.54e-05,9.24e-06,8.69305e-05,4.04e-05,-3.54592e-05,4.00301e-05,0.556109,0.407135,2.35326e-05,2.87685e-05,0.000405636,0.000299034,58.6515,0.0426734,-0.000311266,0.000133984,-3.65008e-05,0.000134003,-0.00312061,0.000972579,0.000770279,0.000972576,8.87011e-05,4.17734e-06,0.00992102,0.0121262,0.0120298,0.0171949,0.144705,1.04571,228,10,0.988407,0.979757,0.979757,0.940514,-2.10255e-08,7.4973e-09,0.000104155,0.000682349
ERF_Log_File_20240815_1448.csv,sp,12,emfpe,2,0,filled_square,prism,CCS200_Spectrum_1407790144.csv,1.40779e+09,3.16576,0.00017674,0.295922,0.0010058,29.1303,0.380435,0.000125536,0.208599,1,0.00226409,7.30888e-06,0.38,0,6.35e-06,0.000289,8.31e-05,7.51e-06,0,6.93e-06,5.26064e-05,6.18e-05,2.89e-05,5.77e-06,2.54e-05,9.24e-06,8.67217e-05,4.04e-05,1.39418e-05,6.35566e-05,0.7614,0.591538,1.8095e-05,2.25826e-05,0.00026021,0.00020326,80.0181,0.0272194,-0.000416092,6.40759e-05,5.22043e-05,6.40902e-05,-0.00211692,0.000574274,-0.00160153,0.000574272,7.76427e-05,2.46533e-06,0.0104066,0.0129854,0.0143459,0.0163212,0.0923066,1.04586,228,10,0.988407,0.980532,0.980532,0.950562,8.2668e-09,1.08138e-08,0.000129547,0.000710168
ERF_Log_File_20240815_1520.csv,sp,12,emfpe,2,0,filled_square,prism,CCS200_Spectrum_1407792034.csv,1.40779e+09,3.558,0.000145403,0.309902,0.000421146,29.1303,0.400868,0.000125533,0.224062,1,0.00248127,6.97934e-06,0.4,0,6.35e-06,0.000289,8.31e-05,7.51e-06,0,6.93e-06,5.54931e-05,6.18e-05,2.89e-05,5.77e-06,2.54e-05,9.24e-06,6.51005e-05,4.04e-05,8.44755e-06,0.000108968,0.870699,0.687113,1.89689e-05,2.02346e-05,0.000170463,0.000135909,74.9397,0.0144533,-0.000541738,3.73084e-05,6.17495e-05,3.7333e-05,-0.00193061,0.000562423,-0.00107786,0.000562421,3.79917e-05,2.41478e-06,0.0102156,0.0108963,0.015722,0.0160164,0.0489574,1.04587,228,10,0.988407,0.981281,0.981281,0.958479,5.00898e-09,1.69353e-08,0.000135319,0.000611953
ERF_Log_File_20240815_1551.csv,sp,12,emfpe,2,0,filled_square,prism,CCS200_Spectrum_1407793924.csv,1.40779e+09,4.48707,0.000283016,0.370752,0.00103663,29.1302,0.420302,0.000125555,0.211252,1,0.00266673,9.06512e-06,0.42,0,6.35e-06,0.000289,8.31e-05,7.51e-06,0,6.93e-06,5.81775e-05,6.18e-05,2.89e-05,5.77e-06,2.54e-05,9.24e-06,6.04847e-05,4.04e-05,4.65444e-06,4.84888e-05,0.894176,0.713593,1.68681e-05,1.86618e-05,0.000200857,0.00016056,82.7508,0.0183916,-0.000512962,4.26015e-05,2.46856e-05,4.26184e-05,-0.00300681,0.000501474,-0.000529942,0.000501472,1.4775e-05,2.15376e-06,0.0100303,0.0110966,0.017277,0.0146193,0.0622805,1.04587,228,10,0.988407,0.981964,0.981964,0.964415,2.75985e-09,6.94861e-09,0.000128138,0.000501598
ERF_Log_File_20240815_1623.csv,sp,12,emfpe,2,0,filled_square,prism,CCS200_Spectrum_1407795814.csv,1.4078e+09,4.01958,0.000188225,0.449819,0.00101842,29.1305,0.440724,0.000125542,0.240556,1,0.00294616,8.02028e-06,0.44,0,6.35e-06,0.000289,8.31e-05,7.51e-06,0,6.93e-06,6.09775e-05,6.18e-05,2.89e-05,5.77e-06,2.54e-05,9.24e-06,5.51741e-05,4.04e-05,3.86443e-06,0.000100295,0.902432,0.727774,1.99094e-05,2.53667e-05,0.000333441,0.000270532,66.3016,0.0244104,-4.99788e-05,6.87623e-05,-4.26031e-05,6.8775e-05,-0.0019024,0.000562513,-0.000299223,0.000562511,1.00374e-05,2.41575e-06,0.00948535,0.0120851,0.0133644,0.0176019,0.0827068,1.04587,228,10,0.988407,0.982651,0.982651,0.96934,2.29142e-09,1.32629e-08,0.000119337,0.00042257
ERF_Log_File_20240815_1654.csv,sp,12,emfpe,2,0,filled_square,prism,CCS200_Spectrum_1407797704.csv,1.4078e+09,3.98141,0.000239753,0.552521,0.00159156,29.1307,0.460383,0.000125539,0.213821,1,0.00322946,7.73275e-06,0.46,0,6.35e-06,0.000289,8.31e-05,7.51e-06,0,6.93e-06,6.36603e-05,6.18e-05,2.89e-05,5.77e-06,2.54e-05,9.24e-06,5.12329e-05,4.04e-05,1.41685e-05,0.000137193,0.905823,0.737539,1.89396e-05,2.61719e-05,0.000486946,0.000397911,60.6817,0.0325704,0.000211986,9.50901e-05,-0.000280473,9.50984e-05,0.000670026,0.000553852,0.000356386,0.00055385,1.18222e-05,2.37918e-06,0.00825905,0.0114125,0.0117889,0.0174574,0.108065,1.04573,228,10,0.988407,0.983281,0.983281,0.973084,8.40125e-09,1.68685e-08,0.000111375,0.000372784
ERF_Log_File_20240815_1726.csv,sp,12,emfpe,2,0,filled_square,prism,CCS200_Spectrum_1407799594.csv,1.4078e+09,3.08692,0.000154846,0.773935,0.00240996,29.1307,0.480561,0.00012553,0.318756,1,0.0034257,6.81064e-06,0.48,0,6.35e-06,0.000289,8.31e-05,7.51e-06,0,6.93e-06,6.65188e-05,6.18e-05,2.89e-05,5.77e-06,2.54e-05,9.24e-06,4.81386e-05,4.04e-05,3.65401e-05,3.37619e-05,0.908571,0.740372,1.36825e-05,2.02607e-05,0.000255199,0.000208442,89.1346,0.02485,0.000555269,5.30245e-05,-0.000113704,5.30401e-05,-0.00105628,0.000541888,0.00227661,0.000541887,5.017e-06,2.32752e-06,0.00876355,0.0129768,0.019852,0.0182861,0.0839966,1.04585,228,10,0.988407,0.983898,0.983898,0.976137,2.16665e-08,3.86947e-09,0.000104132,0.000333054
ERF_Log_File_20240815_1757.csv,sp,12,emfpe,2,0,filled_square,prism,CCS200_Spectrum_1407801484.csv,1.4078e+09,2.72163,0.000341299,0.905706,0.00396164,29.1307,0.500904,0.000125601,0.213838,1,0.00390797,1.25614e-05,0.5,0,6.35e-06,0.000289,8.31e-05,7.51e-06,0,6.93e-06,6.9252e-05,6.18e-05,2.89e-05,5.77e-06,2.54e-05,9.24e-06,4.44188e-05,4.04e-05,-2.00376e-05,4.4151e-05,0.911347,0.750389,2.42592e-05,4.62571e-05,0.000366588,0.000304538,36.8436,0.0146761,0.000571773,7.65577e-05,-0.000303886,7.65921e-05,0.00051972,0.000957136,3.74684e-05,0.000957133,7.96467e-07,4.11062e-06,0.00642274,0.0122468,0.0134671,0.015247,0.0494046,1.04576,228,10,0.988407,0.984489,0.984489,0.978584,-1.18813e-08,4.73572e-09,9.77529e-05,0.000303394
ERF_Log_File_20240815_1829.csv,sp,12,emfpe,2,0,filled_square,prism,CCS200_Spectrum_1407803374.csv,1.4078e+09,3.74862,0.092655,0.98536,0.0227463,29.1298,0.518451,0.000125587,0.373776,1,0.00261652,1.14012e-05,0.52,0,6.35e-06,0.000289,8.31e-05,7.51e-06,0,6.93e-06,7.17591e-05,6.18e-05,2.89e-05,5.77e-06,2.54e-05,9.24e-06,4.20827e-05,4.04e-05,1.39412e-05,-1.88794e-05,0.91258,0.755694,8.94845e-06,1.5789e-05,0.000164559,0.000198713,98.3932,0.0173293,0.00046061,3.43518e-05,-0.00022228,3.4407e-05,0.000560442,0.000801793,0.00036507,0.000801791,1.70015e-05,3.44091e-06,0.00632713,0.0111634,0.024799,0.104414,0.0586808,1.04581,228,10,0.988407,0.984975,0.984975,0.980296,8.26645e-09,-1.91947e-09,9.27825e-05,0.000279808
ERF_Log_File_20240815_1900.csv,sp,12,emfpe,2,0,filled_square,prism,CCS200_Spectrum_1407805264.csv,1.40781e+09,4.23454,0.000326791,0.895312,0.0023237,29.131,0.538397,0.000125518,0.25347,1,0.00291198,5.20718e-06,0.54,0,6.35e-06,0.000289,8.31e-05,7.51e-06,0,6.93e-06,7.44651e-05,6.18e-05,2.89e-05,5.77e-06,2.54e-05,9.24e-06,3.94275e-05,4.04e-05,2.7956e-05,1.58287e-05,0.91289,0.756684,1.00738e-05,1.50846e-05,0.000286744,0.000237849,105.768,0.0329967,0.000272263,5.90043e-05,-0.00011256,5.90191e-05,0.000100763,0.000556434,0.000938799,0.000556433,-2.10985e-05,2.39011e-06,0.00766723,0.0114814,0.0263753,0.0206762,0.111885,1.04271,228,10,0.988407,0.985501,0.985501,0.981892,1.65765e-08,1.52036e-09,8.76835e-05,0.000253931
ERF_Log_File_20240815_1932.csv,sp,12,emfpe,2,0,filled_square,prism,CCS200_Spectrum_1407807154.csv,1.40781e+09,2.35814,0.000222983,0.900791,0.00116226,29.1305,0.557915,0.00012552,0.277955,1,0.00303333,5.48516e-06,0.56,0,6.35e-06,0.000289,8.31e-05,7.51e-06,0,6.93e-06,7.71747e-05,6.18e-05,2.89e-05,5.77e-06,2.54e-05,9.24e-06,3.67517e-05,4.04e-05,1.37688e-06,-8.2313e-06,0.913431,0.758472,6.73619e-06,1.00652e-05,0.000100875,8.50652e-05,140.067,0.0149785,0.000296831,2.08368e-05,-0.000117803,2.08654e-05,-0.000917092,0.000449714,0.000683634,0.000449712,-9.84742e-06,1.93036e-06,0.00677951,0.0101301,0.0252584,0.0254315,0.0507283,1.04586,228,10,0.988407,0.98599,0.98599,0.983169,8.16424e-10,-7.50958e-10,8.33341e-05,0.000231551
ERF_Log_File_20240815_2003.csv,sp,12,emfpe,2,0,filled_square,prism,CCS200_Spectrum_1407809044.csv,1.40781e+09,2.19077,0.000220504,0.898052,0.00154178,29.1304,0.577229,0.000125565,0.24776,1,0.00315738,9.88008e-06,0.58,0,6.35e-06,0.000289,8.31e-05,7.51e-06,0,6.93e-06,7.98473e-05,6.18e-05,2.89e-05,5.77e-06,2.54e-05,9.24e-06,3.39916e-05,4.04e-05,1.16199e-05,3.07188e-06,0.913265,0.760648,1.09123e-05,1.43197e-05,0.000150527,0.000124389,123.522,0.0197725,0.00020212,3.10648e-05,-8.9681e-05,3.10916e-05,-0.00141526,0.000532901,2.12662e-05,0.000532899,1.77081e-05,2.28769e-06,0.00968605,0.0127101,0.0318129,0.0220695,0.06696,1.04586,228,10,0.988407,0.986449,0.986449,0.984216,6.89002e-09,2.67382e-10,7.94924e-05,0.000212022
ERF_Log_File_20240815_2035.csv,sp,12,emfpe,2,0,filled_square,prism,CCS200_Spectrum_1407810934.csv,1.40781e+09,4.28447,0.000387381,0.904758,0.00157044,29.1306,0.597724,0.000125535,0.205403,1,0.00372942,7.28258e-06,0.6,0,6.35e-06,0.000289,8.31e-05,7.51e-06,0,6.93e-06,8.27294e-05,6.18e-05,2.89e-05,5.77e-06,2.54e-05,9.24e-06,3.10627e-05,4.04e-05,1.95496e-05,2.90986e-06,0.912205,0.762791,1.42596e-05,1.65988e-05,0.000253153,0.00021208,92.1467,0.0254465,0.000137605,5.17754e-05,-0.000163245,5.17858e-05,-0.000377005,0.000440431,-0.000286699,0.00044043,-2.07022e-05,1.89199e-06,0.00944101,0.0109902,0.0165668,0.0160451,0.0861931,1.04587,228,10,0.988407,0.986912,0.986912,0.985144,1.1592e-08,2.41964e-10,7.58525e-05,0.000193944
ERF_Log_File_20240815_2106.csv,sp,12,emfpe,2,0,filled_square,prism,CCS200_Spectrum_1407812824.csv,1.40781e+09,4.07892,0.000342493,0.90383,0.00291677,29.1297,0.616738,0.000125527,0.266604,1,0.00401777,6.49359e-06,0.62,0,6.35e-06,0.000289,8.31e-05,7.51e-06,0,6.93e-06,8.53083e-05,6.18e-05,2.89e-05,5.77e-06,2.54e-05,9.24e-06,2.96245e-05,4.04e-05,3.3188e-06,5.7811e-06,0.910548,0.765963,1.0706e-05,2.02587e-05,0.000267647,0.000227426,83.8364,0.024469,0.000160661,5.57814e-05,-8.95559e-06,5.58011e-05,-0.000510979,0.000619523,-0.00095968,0.000619521,8.69792e-06,2.6607e-06,0.00644958,0.0122042,0.019075,0.0248728,0.0826033,1.04586,228,10,0.988407,0.98732,0.98732,0.985871,1.96789e-09,4.62495e-10,7.2845e-05,0.000179912
ERF_Log_File_20240815_2138.csv,sp,12,emfpe,2,0,filled_square,prism,CCS200_Spectrum_1407814714.csv,1.40782e+09,2.99129,0.000275075,0.703224,0.00281621,29.1302,0.643519,0.000125583,0.207882,1,0.0059587,1.16216e-05,0.64,0,6.35e-06,0.000289,8.31e-05,7.51e-06,0,6.93e-06,8.90344e-05,6.18e-05,2.89e-05,5.77e-06,2.54e-05,9.24e-06,2.78439e-05,4.04e-05,6.70973e-06,1.9604e-05,0.908283,0.76359,5.28266e-06,1.09864e-05,0.000157892,0.00013176,148.709,0.0249569,6.54165e-05,3.2643e-05,-3.85525e-05,3.26787e-05,-0.00218986,0.000629028,-0.00177616,0.000629026,4.55875e-05,2.70008e-06,0.00564559,0.0117401,0.0439433,0.0320042,0.0845701,1.04586,228,10,0.988407,0.987859,0.987859,0.986729,3.97854e-09,1.49397e-09,6.92177e-05,0.000162314
ERF_Log_File_20240816_0833.csv,sp,12,emfpe,2,0,filled_square,prism,CCS200_Spectrum_1407853999.csv,1.40785e+09,4.27466,0.000369641,0.910895,0.00627792,34.1725,0.598047,0.000125519,0.327486,1,0.0036962,5.36671e-06,0.6,0,6.35e-06,0.000289,8.31e-05,7.51e-06,0,6.93e-06,8.27754e-05,6.18e-05,2.89e-05,5.77e-06,2.54e-05,9.24e-06,3.10166e-05,4.04e-05,1.45943e-05,-1.69527e-05,0.912389,0.762675,1.19558e-05,1.53662e-05,0.000255406,0.00021536,91.6806,0.0255362,8.19052e-05,5.27398e-05,-6.49206e-06,5.27535e-05,-0.00137992,0.000504945,-0.000225343,0.000504943,7.34996e-05,2.16842e-06,0.00787786,0.0101236,0.0167245,0.0230813,0.0865068,1.04587,228,10,0.988407,0.986919,0.986919,0.985157,8.6537e-09,-1.40871e-09,7.58165e-05,0.000193645
ERF_Log_File_20240816_0931.csv,sp,12,emfpe,2,0,filled_square,prism,CCS200_Spectrum_1407857515.csv,1.40786e+09,4.31303,0.00046024,0.896055,0.0020582,34.1716,0.587961,0.000125529,0.223118,1,0.00356264,6.60283e-06,0.59,0,6.35e-06,0.000289,8.31e-05,7.51e-06,0,6.93e-06,8.13378e-05,6.18e-05,2.89e-05,5.77e-06,2.54e-05,9.24e-06,3.24579e-05,4.04e-05,8.30837e-06,1.5881e-05,0.913002,0.764306,1.02624e-05,1.75654e-05,0.000212685,0.000179222,94.7138,0.0218944,0.000169796,4.41763e-05,-0.000118497,4.41918e-05,-0.00137882,0.000489895,0.000168205,0.000489893,-2.06433e-05,2.10422e-06,0.0069838,0.0119542,0.017848,0.0202002,0.0741615,1.04587,228,10,0.988407,0.986695,0.986695,0.984723,4.92646e-09,1.34887e-09,7.75472e-05,0.000202887
ERF_Log_File_20240816_1003.csv,sp,12,emfpe,2,0,filled_square,prism,CCS200_Spectrum_1407859405.csv,1.40786e+09,5.30568,0.000392239,0.899865,0.00153894,34.1714,0.577546,0.000125529,0.289263,1,0.00316866,6.56586e-06,0.58,0,6.35e-06,0.000289,8.31e-05,7.51e-06,0,6.93e-06,7.98904e-05,6.18e-05,2.89e-05,5.77e-06,2.54e-05,9.24e-06,3.39462e-05,4.04e-05,6.67498e-06,-1.58292e-05,0.913328,0.760715,5.34651e-06,1.16664e-05,0.000200278,0.000167323,119.627,0.0260231,0.00017989,4.14849e-05,-4.33416e-05,4.14984e-05,-0.000583213,0.000443086,2.09251e-05,0.000443084,-1.95837e-06,1.903e-06,0.00459575,0.0100283,0.0216341,0.0209419,0.0880465,1.04587,228,10,0.988407,0.986457,0.986457,0.984232,3.95793e-09,-1.37677e-09,7.94385e-05,0.000211731
ERF_Log_File_20240816_1034.csv,sp,12,emfpe,2,0,filled_square,prism,CCS200_Spectrum_1407861295.csv,1.40786e+09,2.51224,0.000373647,0.90392,0.00173101,34.1719,0.567764,0.000125517,0.328115,1,0.00309368,5.02444e-06,0.57,0,6.35e-06,0.000289,8.31e-05,7.51e-06,0,6.93e-06,7.8555e-05,6.18e-05,2.89e-05,5.77e-06,2.54e-05,9.24e-06,3.53442e-05,4.04e-05,-1.13787e-06,-4.6199e-06,0.912899,0.760988,4.04186e-06,1.03955e-05,9.68199e-05,7.90418e-05,145.088,0.014274,0.000201468,1.92222e-05,-9.03841e-05,1.92659e-05,-0.00146525,0.000533346,0.000179753,0.000533345,1.22478e-05,2.28781e-06,0.00421404,0.010838,0.0375954,0.0258805,0.0482441,1.04582,228,10,0.988407,0.986227,0.986227,0.983727,-6.74701e-10,-4.11297e-10,8.12728e-05,0.000221694
ERF_Log_File_20240816_1106.csv,sp,12,emfpe,2,0,filled_square,prism,CCS200_Spectrum_1407863185.csv,1.40786e+09,2.41782,0.000298304,0.901681,0.0020342,34.1713,0.55798,0.000125523,0.337743,1,0.00297614,5.80971e-06,0.56,0,6.35e-06,0.000289,8.31e-05,7.51e-06,0,6.93e-06,7.71862e-05,6.18e-05,2.89e-05,5.77e-06,2.54e-05,9.24e-06,3.67425e-05,4.04e-05,1.10065e-05,-7.77324e-06,0.91339,0.758488,7.17144e-06,1.03272e-05,0.000171039,0.000141499,143.526,0.0263765,0.000251747,3.54798e-05,-0.000152906,3.55004e-05,-0.000160902,0.000501262,-8.92942e-05,0.000501261,2.0873e-05,2.15261e-06,0.00739959,0.0106553,0.0343392,0.02414,0.0893651,1.04498,228,10,0.988407,0.985991,0.985991,0.983173,6.52634e-09,-7.09051e-10,8.33167e-05,0.000231484
ERF_Log_File_20240816_1137.csv,sp,12,emfpe,2,0,filled_square,prism,CCS200_Spectrum_1407865075.csv,1.40787e+09,2.30227,0.00034413,0.900282,0.00170976,34.1715,0.548146,0.000125531,0.201835,1,0.00290999,6.84519e-06,0.55,0,6.35e-06,0.000289,8.31e-05,7.51e-06,0,6.93e-06,7.57996e-05,6.18e-05,2.89e-05,5.77e-06,2.54e-05,9.24e-06,3.81296e-05,4.04e-05,9.89163e-07,-1.29419e-05,0.913504,0.757976,6.94869e-06,1.13784e-05,0.000165069,0.000139263,140.255,0.0249202,0.000337338,3.44495e-05,-0.000185096,3.44768e-05,-0.000650154,0.000567234,0.000801504,0.000567233,2.79332e-05,2.4355e-06,0.00700417,0.0114686,0.0301462,0.0353831,0.0837458,1.04567,228,10,0.988407,0.985748,0.985748,0.982561,5.86525e-10,-1.21093e-09,8.5473e-05,0.00024256
ERF_Log_File_20240816_1209.csv,sp,12,emfpe,2,0,filled_square,prism,CCS200_Spectrum_1407866965.csv,1.40787e+09,4.24604,0.00041685,0.900876,0.00281993,34.1715,0.53857,0.000125531,0.221131,1,0.00282598,6.78666e-06,0.54,0,6.35e-06,0.000289,8.31e-05,7.51e-06,0,6.93e-06,7.44949e-05,6.18e-05,2.89e-05,5.77e-06,2.54e-05,9.24e-06,3.94045e-05,4.04e-05,1.46194e-06,-1.09261e-05,0.91362,0.757239,7.56593e-06,1.32679e-05,0.000282808,0.000234973,105.949,0.0325771,0.000364881,5.83131e-05,-9.36377e-05,5.83288e-05,-0.000770904,0.000570831,-0.000114836,0.00057083,1.26032e-05,2.45198e-06,0.00576014,0.010101,0.024756,0.0236973,0.110299,1.04586,228,10,0.988407,0.985505,0.985505,0.981904,8.66858e-10,-1.04896e-09,8.77126e-05,0.000253902
ERF_Log_File_20240816_1240.csv,sp,12,emfpe,2,0,filled_square,prism,CCS200_Spectrum_1407868855.csv,1.40787e+09,2.82809,0.000277845,0.897154,0.00101468,34.1715,0.528034,0.000125542,0.218808,1,0.00249885,7.908e-06,0.53,0,6.35e-06,0.000289,8.31e-05,7.51e-06,0,6.93e-06,7.30416e-05,6.18e-05,2.89e-05,5.77e-06,2.54e-05,9.24e-06,4.08071e-05,4.04e-05,1.21396e-05,1.79781e-06,0.912864,0.751654,5.1241e-06,8.22178e-06,0.000149169,0.000123257,182.413,0.0293125,0.00036044,3.10717e-05,-0.000126639,3.10916e-05,0.000213732,0.000461571,0.00126387,0.00046157,-1.52917e-06,1.982e-06,0.00671644,0.0107768,0.0354279,0.0316255,0.099061,1.04582,228,10,0.988407,0.985231,0.985231,0.981104,7.19819e-09,1.77765e-10,9.02626e-05,0.000265425
ERF_Log_File_20240816_1312.csv,sp,12,emfpe,2,0,filled_square,prism,CCS200_Spectrum_1407870745.csv,1.40787e+09,3.20431,0.000465919,0.773613,0.0276008,34.1727,0.518598,0.000125596,0.275101,1,0.00258648,1.19236e-05,0.52,0,6.35e-06,0.000289,8.31e-05,7.51e-06,0,6.93e-06,7.17773e-05,6.18e-05,2.89e-05,5.77e-06,2.54e-05,9.24e-06,4.20632e-05,4.04e-05,5.67073e-06,-1.10563e-05,0.912181,0.754701,1.11016e-05,1.71388e-05,0.000298352,0.000248185,83.8389,0.0272521,0.000396526,6.17433e-05,-0.000171191,6.17608e-05,1.0729e-05,0.000618643,0.000813785,0.000618644,-5.67398e-05,2.65748e-06,0.00668737,0.0103252,0.0197522,0.022522,0.0923659,1.04568,228,10,0.988407,0.984979,0.984979,0.980309,3.36247e-09,-1.12361e-09,9.27017e-05,0.000279236
ERF_Log_File_20240816_1343.csv,sp,12,emfpe,2,0,filled_square,prism,CCS200_Spectrum_1407872635.csv,1.40787e+09,3.8879,0.000344207,0.89525,0.00359065,34.1714,0.511166,0.000126182,0.232543,1,0.00404882,3.26446e-05,0.51,0,6.35e-06,0.000289,8.31e-05,7.51e-06,0,6.93e-06,7.07407e-05,6.18e-05,2.89e-05,5.77e-06,2.54e-05,9.24e-06,4.30526e-05,4.04e-05,-4.19477e-05,8.416e-06,0.911641,0.749364,1.62054e-05,2.79231e-05,0.000377048,0.000310688,51.5326,0.0212126,0.000403212,7.71829e-05,-0.000133651,7.71984e-05,-0.000359468,0.000657105,0.0010641,0.000657103,-2.17578e-06,2.82246e-06,0.00600089,0.0103401,0.0135701,0.0135223,0.0713039,1.04577,228,10,0.988407,0.984776,0.984776,0.979624,-2.48729e-08,8.74545e-10,9.47327e-05,0.000287715
ERF_Log_File_20240816_1415.csv,sp,12,emfpe,2,0,filled_square,prism,CCS200_Spectrum_1407874525.csv,1.40788e+09,2.60474,0.000258246,0.90334,0.0021314,34.1708,0.500822,0.000125608,0.20653,1,0.00390401,1.29544e-05,0.5,0,6.35e-06,0.000289,8.31e-05,7.51e-06,0,6.93e-06,6.92424e-05,6.18e-05,2.89e-05,5.77e-06,2.54e-05,9.24e-06,4.44296e-05,4.04e-05,-3.85585e-05,-4.36579e-05,0.911499,0.750265,2.4244e-05,4.51436e-05,0.00059758,0.000493717,35.2622,0.0230565,0.000430845,0.000119953,-0.000280069,0.000119969,-0.000152994,0.00084731,0.000967212,0.000847308,-1.43103e-05,3.63977e-06,0.00614266,0.0114383,0.0109934,0.0139635,0.0778189,1.04585,228,10,0.988407,0.984487,0.984487,0.978575,-2.28633e-08,-4.68402e-09,9.77941e-05,0.00030347
ERF_Log_File_20240819_1332.csv,sp,12,emfpe,2,0,filled_square,prism,CCS200_Spectrum_1408131180.csv,1.40813e+09,3.06037,0.000424395,0.910374,0.00222807,34.1724,0.500134,0.000125589,1.20135,1,0.00386737,1.17686e-05,0.5,0,6.35e-06,0.000289,8.31e-05,7.51e-06,0,6.93e-06,6.91614e-05,6.18e-05,2.89e-05,5.77e-06,2.54e-05,9.24e-06,4.45213e-05,4.04e-05,1.97359e-05,8.45696e-05,0.910242,0.748744,2.77928e-05,3.52867e-05,0.000687099,0.000566689,41.7408,0.0314582,0.000299376,0.000133114,-0.000143539,0.000133125,-0.00140225,0.000765108,0.00185237,0.000765106,6.91818e-06,3.28631e-06,0.00833604,0.0105836,0.0115662,0.0154411,0.106515,1.04587,228,10,0.988407,0.984467,0.984467,0.9785,1.17024e-08,9.09302e-09,9.78702e-05,0.00030392
ERF_Log_File_20240819_1404.csv,sp,12,emfpe,2,0,filled_square,prism,CCS200_Spectrum_1408133070.csv,1.40813e+09,5.27541,0.000331525,0.900005,0.000989083,34.1725,0.490316,0.000125543,1.27337,1,0.00360705,8.17716e-06,0.49,0,6.35e-06,0.000289,8.31e-05,7.51e-06,0,6.93e-06,6.77656e-05,6.18e-05,2.89e-05,5.77e-06,2.54e-05,9.24e-06,4.63323e-05,4.04e-05,-4.14054e-06,1.15556e-05,0.909268,0.746131,1.50039e-05,2.46196e-05,0.00035085,0.000288985,74.3326,0.0285048,0.000549652,7.2702e-05,-0.000187915,7.27213e-05,-0.00128393,0.000708376,0.000819775,0.000708374,1.45841e-06,3.04249e-06,0.00801412,0.0131502,0.0207373,0.0213747,0.0960502,1.04581,228,10,0.988407,0.984185,0.984185,0.97738,-2.45514e-09,1.28229e-09,0.000100899,0.000318581
ERF_Log_File_20240819_1435.csv,sp,12,emfpe,2,0,filled_square,prism,CCS200_Spectrum_1408134960.csv,1.40814e+09,3.22636,0.000297275,0.76786,0.00106494,34.1716,0.48039,0.000125535,1.11606,1,0.00341109,7.37418e-06,0.48,0,6.35e-06,0.000289,8.31e-05,7.51e-06,0,6.93e-06,6.64993e-05,6.18e-05,2.89e-05,5.77e-06,2.54e-05,9.24e-06,4.81702e-05,4.04e-05,2.80476e-05,-1.42456e-05,0.908478,0.739875,1.28477e-05,1.80297e-05,0.000234666,0.00019172,93.6462,0.0239633,0.000509767,4.89837e-05,-0.000274507,4.9002e-05,-0.00128816,0.000560964,0.00146391,0.000560962,1.52561e-05,2.40917e-06,0.00864913,0.0121373,0.0214591,0.0200928,0.079326,1.04501,228,10,0.988407,0.983893,0.983893,0.976114,1.66308e-08,-1.63364e-09,0.000104182,0.000333146
ERF_Log_File_20240819_1507.csv,sp,12,emfpe,2,0,filled_square,prism,CCS200_Spectrum_1408136851.csv,1.40814e+09,2.768,0.00015846,0.618475,0.000497243,34.1721,0.470753,0.000125555,1.18078,1,0.00334144,9.1688e-06,0.47,0,6.35e-06,0.000289,8.31e-05,7.51e-06,0,6.93e-06,6.50622e-05,6.18e-05,2.89e-05,5.77e-06,2.54e-05,9.24e-06,4.97681e-05,4.04e-05,-1.13977e-06,4.67097e-05,0.907818,0.738728,1.55172e-05,1.95472e-05,0.000275807,0.000225951,82.3482,0.0248293,0.000384905,5.7608e-05,-8.04688e-05,5.76281e-05,-0.00161784,0.000636166,0.000881458,0.000636165,1.28359e-05,2.73509e-06,0.00918216,0.0115666,0.0199801,0.0221763,0.0839079,1.04586,228,10,0.988407,0.983602,0.983602,0.974741,-6.7583e-10,5.53646e-09,0.000107603,0.000351097
ERF_Log_File_20240819_1538.csv,sp,12,emfpe,2,0,filled_square,prism,CCS200_Spectrum_1408138739.csv,1.40814e+09,4.26325,0.000267112,0.549164,0.000695724,34.1718,0.460269,0.000125526,1.0984,1,0.00320483,6.27556e-06,0.46,0,6.35e-06,0.000289,8.31e-05,7.51e-06,0,6.93e-06,6.36435e-05,6.18e-05,2.89e-05,5.77e-06,2.54e-05,9.24e-06,5.1249e-05,4.04e-05,4.07978e-05,0.000137846,0.906319,0.736784,1.56378e-05,2.47586e-05,0.000301748,0.000246341,65.3409,0.0216633,0.000324002,6.21189e-05,-0.000105298,6.21311e-05,-0.000520434,0.000524705,-0.000856674,0.000524704,6.39584e-06,2.25372e-06,0.0073422,0.0116244,0.012923,0.0147523,0.0733765,1.04587,228,10,0.988407,0.983278,0.983278,0.973065,2.41911e-08,1.69556e-08,0.000111481,0.000372669
ERF_Log_File_20240819_1610.csv,sp,12,emfpe,2,0,filled_square,prism,CCS200_Spectrum_1408140629.csv,1.40814e+09,3.96796,0.000470094,0.495386,0.00113571,34.1715,0.450883,0.000125545,1.26303,1,0.00303141,8.24394e-06,0.45,0,6.35e-06,0.000289,8.31e-05,7.51e-06,0,6.93e-06,6.24253e-05,6.18e-05,2.89e-05,5.77e-06,2.54e-05,9.24e-06,5.25748e-05,4.04e-05,1.21304e-05,0.000116443,0.904712,0.733717,1.57278e-05,2.71745e-05,0.000237645,0.000195319,62.8389,0.0163193,0.000139536,5.00942e-05,-0.000195208,5.01218e-05,-0.000546295,0.000689331,0.00106232,0.000689329,1.11463e-05,2.95988e-06,0.00710316,0.0122726,0.0159162,0.0193275,0.0548936,1.04547,228,10,0.988407,0.98298,0.98298,0.971382,7.19273e-09,1.48214e-08,0.000115156,0.000394806
ERF_Log_File_20240819_1641.csv,sp,12,emfpe,2,0,filled_square,prism,CCS200_Spectrum_1408142519.csv,1.40814e+09,4.23386,0.000204198,0.444976,0.00112915,34.1705,0.440546,0.000125529,1.24836,1,0.00294102,6.65998e-06,0.44,0,6.35e-06,0.000289,8.31e-05,7.51e-06,0,6.93e-06,6.09524e-05,6.18e-05,2.89e-05,5.77e-06,2.54e-05,9.24e-06,5.52216e-05,4.04e-05,-3.44807e-05,6.98127e-05,0.902594,0.72811,1.5179e-05,2.36666e-05,0.000375504,0.000303732,70.2216,0.0291623,-0.000176971,7.3998e-05,2.95956e-05,7.40048e-05,-0.00183274,0.000442488,0.000248413,0.000442487,1.25633e-05,1.90077e-06,0.00765935,0.0119419,0.0112324,0.0143273,0.0988701,1.04586,228,10,0.988407,0.982645,0.982645,0.969302,-2.04454e-08,9.23823e-09,0.000119439,0.000423367
ERF_Log_File_20240819_1713.csv,sp,12,emfpe,2,0,filled_square,prism,CCS200_Spectrum_1408144410.csv,1.40815e+09,4.17098,0.000183532,0.405219,0.000292646,34.172,0.430328,0.000125526,1.11352,1,0.00279406,6.24934e-06,0.43,0,6.35e-06,0.000289,8.31e-05,7.51e-06,0,6.93e-06,5.95376e-05,6.18e-05,2.89e-05,5.77e-06,2.54e-05,9.24e-06,5.79474e-05,4.04e-05,5.21637e-06,2.71124e-05,0.898967,0.721128,1.50382e-05,2.35106e-05,0.000247424,0.000200112,72.8003,0.0199325,-0.000341951,5.18892e-05,4.57518e-05,5.19029e-05,-0.00270098,0.000502981,-0.00178024,0.00050298,1.5021e-05,2.16058e-06,0.00786695,0.0122987,0.0131523,0.0168599,0.0675186,1.04587,228,10,0.988407,0.982305,0.982305,0.966981,3.09305e-09,3.73273e-09,0.000123766,0.000458243
ERF_Log_File_20240819_1744.csv,sp,12,emfpe,2,0,filled_square,prism,CCS200_Spectrum_1408146300.csv,1.40815e+09,4.68864,0.000523306,0.369239,0.000515363,34.1714,0.42013,0.000125529,1.10271,1,0.00265174,6.62467e-06,0.42,0,6.35e-06,0.000289,8.31e-05,7.51e-06,0,6.93e-06,5.81546e-05,6.18e-05,2.89e-05,5.77e-06,2.54e-05,9.24e-06,6.05255e-05,4.04e-05,-1.39901e-05,5.00916e-05,0.893987,0.713195,1.38614e-05,2.09371e-05,0.000148914,0.00011714,87.0418,0.0140007,-0.000457113,3.12336e-05,0.000156289,3.1262e-05,-0.00271704,0.000550338,-0.0015434,0.000550337,1.08304e-05,2.36278e-06,0.00867421,0.0131017,0.0245682,0.0142046,0.0474664,1.0448,228,10,0.988407,0.981958,0.981958,0.964369,-8.29545e-09,7.18329e-09,0.000128201,0.000502249
ERF_Log_File_20240819_1816.csv,sp,12,emfpe,2,0,filled_square,prism,CCS200_Spectrum_1408148190.csv,1.40815e+09,4.04754,0.000201672,0.336903,0.00040142,34.171,0.41003,0.000125522,1.12946,1,0.00254903,5.78704e-06,0.41,0,6.35e-06,0.000289,8.31e-05,7.51e-06,0,6.93e-06,5.66845e-05,6.18e-05,2.89e-05,5.77e-06,2.54e-05,9.24e-06,6.29244e-05,4.04e-05,2.31033e-06,3.17888e-05,0.885389,0.702888,1.0585e-05,1.76759e-05,0.000121213,9.79979e-05,80.0832,0.0107714,-0.000627299,2.60952e-05,0.000185812,2.61171e-05,-0.00305475,0.000441884,-0.00318954,0.000441883,4.91941e-06,1.89716e-06,0.00609233,0.0101735,0.012834,0.0148058,0.0364799,1.04544,228,10,0.988407,0.981606,0.981606,0.961449,1.36991e-09,4.75224e-09,0.00013236,0.000556211
ERF_Log_File_20240819_1847.csv,sp,12,emfpe,2,0,filled_square,prism,CCS200_Spectrum_1408150081.csv,1.40815e+09,3.71145,0.000136492,0.311316,0.000256584,34.171,0.400709,0.000125524,1.14682,1,0.00245112,5.99443e-06,0.4,0,6.35e-06,0.000289,8.31e-05,7.51e-06,0,6.93e-06,5.54625e-05,6.18e-05,2.89e-05,5.77e-06,2.54e-05,9.24e-06,6.51382e-05,4.04e-05,3.05422e-05,7.94374e-06,0.869569,0.686338,1.39507e-05,2.43613e-05,9.53821e-05,7.99947e-05,78.7472,0.00824643,-0.000631563,2.04647e-05,0.000114172,2.05133e-05,-0.00282888,0.000580547,-0.00217428,0.000580546,5.01649e-06,2.48982e-06,0.00789484,0.0137862,0.0159957,0.0196819,0.0278147,1.04564,228,10,0.988407,0.981275,0.981275,0.958424,1.811e-08,1.23542e-09,0.000135236,0.000612576
ERF_Log_File_20240819_1919.csv,sp,12,emfpe,2,0,filled_square,prism,CCS200_Spectrum_1408151972.csv,1.40815e+09,3.81914,0.000184492,0.302302,0.000320229,34.1718,0.39029,0.000125531,1.0612,1,0.00233498,6.79519e-06,0.39,0,6.35e-06,0.000289,8.31e-05,7.51e-06,0,6.93e-06,5.40402e-05,6.18e-05,2.89e-05,5.77e-06,2.54e-05,9.24e-06,7.59347e-05,4.04e-05,2.13571e-05,4.55731e-05,0.834946,0.654765,1.46707e-05,1.91898e-05,0.000208163,0.000163232,88.47,0.0218148,-0.000393839,4.72218e-05,0.000123003,4.72399e-05,-0.00293413,0.000545611,-0.00152193,0.000545609,6.21181e-07,2.34327e-06,0.00932623,0.0121991,0.0194792,0.015009,0.0738775,1.04586,228,10,0.988407,0.980897,0.980897,0.954621,1.26637e-08,7.41743e-09,0.000135895,0.000676714
ERF_Log_File_20240820_0920.csv,sp,12,emfpe,2,0,filled_square,prism,CCS200_Spectrum_1408202465.csv,1.4082e+09,2.32148,0.00628066,0.72369,0.0523067,34.1711,0.259927,0.000125621,1.03316,1,0.00131417,1.32729e-05,0.26,0,6.35e-06,0.000289,8.31e-05,7.51e-06,0,6.93e-06,3.59022e-05,6.18e-05,2.89e-05,5.77e-06,2.54e-05,9.24e-06,0.000123406,4.04e-05,0.00018379,-0.00055587,0.0551744,0.0422032,0.000164923,0.000218311,0.000207729,0.000305727,6.54833,0.01527,-0.00121886,0.000458891,-0.000910599,0.000478543,0.00922874,0.057322,-0.0461667,0.0573221,0.00112378,0.000238471,0.00778688,0.0102844,0.00764434,0.0135051,0.0517273,1.04587,228,10,0.988407,0.975685,0.975685,0.838612,1.08979e-07,-1.87201e-07,1.85812e-05,0.000379577
ERF_Log_File_20240820_0956.csv,sp,12,emfpe,2,0,filled_square,prism,CCS200_Spectrum_1408204580.csv,1.40821e+09,4.17169,0.00327665,0.7188,0.0409276,34.1725,0.270083,0.000125543,1.13542,1,0.00136801,7.90909e-06,0.27,0,6.35e-06,0.000289,8.31e-05,7.51e-06,0,6.93e-06,3.73151e-05,6.18e-05,2.89e-05,5.77e-06,2.54e-05,9.24e-06,0.000123406,4.04e-05,-4.53612e-05,-0.000224673,0.0273122,0.0218477,9.10482e-05,0.000147581,0.000112982,0.000196591,12.5504,0.02858,-0.00072525,0.000448793,8.36338e-05,0.000475944,0.105069,0.0678231,0.165845,0.0678242,0.000580169,0.000278481,0.00822559,0.0133175,0.00847434,0.0170453,0.096812,1.04587,228,10,0.988407,0.976097,0.976097,0.853502,-2.6897e-08,-7.05558e-08,8.57708e-06,0.000170093
ERF_Log_File_20240820_1036.csv,sp,12,emfpe,2,0,filled_square,prism,CCS200_Spectrum_1408206999.csv,1.40821e+09,4.97945,0.00220702,0.649725,0.00529747,34.171,0.28011,0.00012558,1.12525,1,0.00148657,1.08475e-05,0.28,0,6.35e-06,0.000289,8.31e-05,7.51e-06,0,6.93e-06,3.87637e-05,6.18e-05,2.89e-05,5.77e-06,2.54e-05,9.24e-06,0.000123406,4.04e-05,-8.03499e-05,-8.85073e-05,0.0119916,0.00949302,8.72113e-05,8.78871e-05,7.32561e-05,0.000121219,15.1664,0.0138198,0.000301879,0.000185046,-0.00104458,0.000253018,0.106585,0.115674,-0.314015,0.115686,-0.000597859,0.000303191,0.00948851,0.00957344,0.00788598,0.0131683,0.0467875,1.04587,228,10,0.988407,0.976509,0.976509,0.867523,-4.76436e-08,-2.60066e-08,3.52356e-06,6.32881e-05
ERF_Log_File_20240820_1114.csv,sp,12,emfpe,2,0,filled_square,prism,CCS200_Spectrum_1408209292.csv,1.40821e+09,2.98199,0.000689805,0.642763,0.000836369,34.1725,0.290265,0.000125623,1.10778,1,0.00154701,1.34253e-05,0.29,0,6.35e-06,0.000289,8.31e-05,7.51e-06,0,6.93e-06,4.01512e-05,6.18e-05,2.89e-05,5.77e-06,2.54e-05,9.24e-06,0.000123406,4.04e-05,-8.71608e-06,-2.53206e-06,0.00774358,0.0060927,7.62927e-05,0.000111039,7.78418e-05,0.000155294,16.5319,0.0232438,0.000804235,0.000286197,-0.000776582,0.00039706,0.126853,0.196455,0.442141,0.196493,-0.000295372,0.000483565,0.00905698,0.0131897,0.00914613,0.0184092,0.0787172,1.04587,228,10,0.988407,0.976929,0.976929,0.880626,-5.16821e-09,-6.97355e-10,2.13266e-06,3.43776e-05
ERF_Log_File_20240820_1151.csv,sp,12,emfpe,2,0,filled_square,prism,CCS200_Spectrum_1408211511.csv,1.40821e+09,4.14201,0.000838394,0.644606,0.00147055,34.1725,0.300598,0.000125582,1.01365,1,0.00164568,1.0984e-05,0.3,0,6.35e-06,0.000289,8.31e-05,7.51e-06,0,6.93e-06,4.16111e-05,6.18e-05,2.89e-05,5.77e-06,2.54e-05,9.24e-06,0.000122542,4.04e-05,2.35446e-05,4.28858e-05,0.00984798,0.00706211,5.63953e-05,7.6625e-05,5.35863e-05,8.8478e-05,21.0092,0.0212576,0.000739159,0.000204339,-0.000315811,0.000269146,0.157092,0.104052,-0.12573,0.104051,7.92702e-05,0.000307801,0.00851602,0.0115689,0.00794594,0.0132601,0.0718111,1.04586,228,10,0.988407,0.977357,0.977357,0.892689,1.39608e-08,1.10852e-08,2.54553e-06,3.34121e-05
ERF_Log_File_20240820_1223.csv,sp,12,emfpe,2,0,filled_square,prism,CCS200_Spectrum_1408213415.csv,1.40821e+09,3.27311,0.000493734,0.514167,0.0019955,34.1711,0.305201,0.000125593,1.1222,1,0.00171017,1.17185e-05,0.305,0,6.35e-06,0.000289,8.31e-05,7.51e-06,0,6.93e-06,4.22183e-05,6.18e-05,2.89e-05,5.77e-06,2.54e-05,9.24e-06,0.000115887,4.04e-05,5.18615e-05,3.22849e-05,0.0112351,0.00829331,8.87973e-05,0.000100064,8.01706e-05,0.000101567,16.2832,0.0179055,0.000644678,0.00022286,-0.000443904,0.000300779,0.53392,0.129281,-0.0188012,0.129241,-3.09603e-06,0.000354867,0.010393,0.0117116,0.00925356,0.0118136,0.0602072,1.04584,228,10,0.988407,0.977547,0.977547,0.897654,3.07514e-08,8.11915e-09,2.82544e-06,3.62306e-05
ERF_Log_File_20240820_1254.csv,sp,12,emfpe,2,0,filled_square,prism,CCS200_Spectrum_1408215315.csv,1.40822e+09,3.18542,0.000446853,0.449956,0.000677308,34.1714,0.310241,0.000125549,1.1573,1,0.0017389,8.48275e-06,0.31,0,6.35e-06,0.000289,8.31e-05,7.51e-06,0,6.93e-06,4.28725e-05,6.18e-05,2.89e-05,5.77e-06,2.54e-05,9.24e-06,0.000108599,4.04e-05,-4.97161e-06,0.000198582,0.011418,0.00811361,5.75742e-05,9.34707e-05,7.75595e-05,9.77923e-05,15.8168,0.016372,0.000614306,0.000209904,-0.000503344,0.000284296,-0.136681,0.124141,-0.0989511,0.124139,-0.000518002,0.000336951,0.00653356,0.0106181,0.00870317,0.0110489,0.0554504,1.04587,228,10,0.988407,0.977755,0.977755,0.902812,-2.94792e-09,4.84867e-08,2.78787e-06,3.24635e-05
ERF_Log_File_20240820_1326.csv,sp,12,emfpe,2,0,filled_square,prism,CCS200_Spectrum_1408217209.csv,1.40822e+09,3.44853,0.000376974,0.408789,0.00115581,34.171,0.315478,0.000125523,1.03596,1,0.00183023,5.86006e-06,0.315,0,6.35e-06,0.000289,8.31e-05,7.51e-06,0,6.93e-06,4.3656e-05,6.18e-05,2.89e-05,5.77e-06,2.54e-05,9.24e-06,0.000101029,4.04e-05,6.89437e-05,-1.48196e-05,0.0116307,0.00852477,7.55401e-05,8.0192e-05,8.38902e-05,0.000109061,17.2949,0.0231363,0.000526008,0.000269817,-4.6176e-05,0.00035215,0.0764545,0.131044,0.30582,0.131056,-4.32631e-05,0.000397598,0.0093876,0.00996665,0.0102374,0.0134494,0.0772297,1.04582,228,10,0.988407,0.97797,0.97797,0.907864,4.08802e-08,-3.51111e-09,2.75559e-06,3.11255e-05
ERF_Log_File_20240820_1358.csv,sp,12,emfpe,2,0,filled_square,prism,CCS200_Spectrum_1408219123.csv,1.40822e+09,5.42289,0.00329746,0.363858,0.00281236,34.1716,0.321346,0.000125705,1.12441,1,0.00204403,1.74787e-05,0.32,0,6.35e-06,0.000289,8.31e-05,7.51e-06,0,6.93e-06,4.43966e-05,6.18e-05,2.89e-05,5.77e-06,2.54e-05,9.24e-06,9.2544e-05,4.04e-05,0.000208185,-4.90071e-05,0.00906784,0.00695149,0.000100021,8.80762e-05,8.57747e-05,0.000123067,13.932,0.0115964,0.000103733,0.000170795,-1.74601e-06,0.000248482,0.0582208,0.176173,-0.400782,0.176205,0.000312654,0.00031708,0.0100242,0.00882159,0.00854721,0.0122776,0.0392735,1.04587,228,10,0.988407,0.97821,0.97821,0.913184,1.23444e-07,-1.12333e-08,2.07851e-06,2.28967e-05
ERF_Log_File_20240820_1430.csv,sp,12,emfpe,2,0,filled_square,prism,CCS200_Spectrum_1408221023.csv,1.40822e+09,5.03646,0.00178128,0.354821,0.00155961,34.1709,0.325764,0.000125549,1.13207,1,0.00197638,8.53937e-06,0.325,0,6.35e-06,0.000289,8.31e-05,7.51e-06,0,6.93e-06,4.50815e-05,6.18e-05,2.89e-05,5.77e-06,2.54e-05,9.24e-06,8.71319e-05,4.04e-05,1.92618e-05,6.55473e-05,0.00330747,0.00264395,5.46232e-05,5.18855e-05,5.43026e-05,6.46169e-05,25.8574,0.0205598,8.46806e-05,0.000164067,-0.000342886,0.00024603,0.659484,0.288766,-0.318295,0.28866,0.000240934,0.000322161,0.0101623,0.00964834,0.0100858,0.0119739,0.069618,1.04587,228,10,0.988407,0.97839,0.97839,0.91696,1.14213e-08,1.46622e-08,7.39843e-07,8.05753e-06
ERF_Log_File_20240820_1501.csv,sp,12,emfpe,2,0,filled_square,prism,CCS200_Spectrum_1408222917.csv,1.40822e+09,2.93462,0.00025662,0.325948,0.000481642,34.1708,0.330302,0.000125526,1.13513,1,0.0019581,6.15051e-06,0.33,0,6.35e-06,0.000289,8.31e-05,7.51e-06,0,6.93e-06,4.56703e-05,6.18e-05,2.89e-05,5.77e-06,2.54e-05,9.24e-06,8.63646e-05,4.04e-05,-4.80892e-05,6.44302e-05,0.00796561,0.00470996,3.99508e-05,5.11126e-05,3.07053e-05,5.55167e-05,37.7718,0.0151784,2.46622e-05,8.23269e-05,-6.91522e-05,0.000118757,-0.0612018,0.0772755,0.111809,0.0772762,-8.84136e-05,0.000150378,0.0108404,0.0138715,0.00828196,0.0150517,0.0514081,1.04587,228,10,0.988407,0.978574,0.978574,0.920638,-2.85146e-08,1.4061e-08,1.73838e-06,1.32542e-05
ERF_Log_File_20240820_1533.csv,sp,12,emfpe,2,0,filled_square,prism,CCS200_Spectrum_1408224810.csv,1.40823e+09,2.90874,0.000355435,0.307192,0.00086244,34.1714,0.335243,0.000125518,1.0273,1,0.00196552,5.22776e-06,0.335,0,6.35e-06,0.000289,8.31e-05,7.51e-06,0,6.93e-06,4.64081e-05,6.18e-05,2.89e-05,5.77e-06,2.54e-05,9.24e-06,8.5529e-05,4.04e-05,4.27087e-05,7.67875e-05,0.051849,0.0313457,3.32026e-05,4.47122e-05,4.79953e-05,6.36714e-05,37.4111,0.0230762,0.000137567,0.000121301,8.05146e-06,0.000125642,0.0178659,0.0137382,0.0130971,0.0137381,3.46763e-07,5.7542e-05,0.00892544,0.0120194,0.00958242,0.0162426,0.0781666,1.04587,228,10,0.988407,0.978774,0.978774,0.924434,2.53241e-08,1.63206e-08,1.10201e-05,8.08653e-05
ERF_Log_File_20240820_1604.csv,sp,12,emfpe,2,0,filled_square,prism,CCS200_Spectrum_1408226702.csv,1.40823e+09,2.71276,0.000159763,0.288625,0.000212883,34.171,0.340251,0.00012552,0.922621,1,0.00198371,5.4018e-06,0.34,0,6.35e-06,0.000289,8.31e-05,7.51e-06,0,6.93e-06,4.70699e-05,6.18e-05,2.89e-05,5.77e-06,2.54e-05,9.24e-06,8.46823e-05,4.04e-05,-8.4195e-05,9.68335e-06,0.1367,0.0888729,4.07069e-05,5.52187e-05,8.2504e-05,6.9657e-05,34.9024,0.0187611,7.08958e-06,0.000105361,-0.000107829,0.000106123,0.0211426,0.00522375,0.00721286,0.00522374,5.47337e-05,2.23293e-05,0.0102106,0.0138492,0.00937312,0.0126236,0.0635546,1.04587,228,10,0.988407,0.978975,0.978975,0.928059,-4.99235e-08,2.0046e-09,2.8299e-05,0.000210011
ERF_Log_File_20240820_1659.csv,sp,12,emfpe,2,0,filled_square,prism,CCS200_Spectrum_1408229993.csv,1.40823e+09,2.90763,0.000370993,0.277286,0.00280693,34.172,0.345206,0.000125537,1.01916,1,0.00203757,7.39397e-06,0.345,0,6.35e-06,0.000289,8.31e-05,7.51e-06,0,6.93e-06,4.77173e-05,6.18e-05,2.89e-05,5.77e-06,2.54e-05,9.24e-06,8.38443e-05,4.04e-05,6.8321e-05,5.47996e-05,0.240918,0.163077,3.82198e-05,4.4898e-05,0.000131039,9.79577e-05,37.2795,0.0193397,-6.42559e-05,0.000101422,0.000105348,0.000101691,-0.00323404,0.00303708,0.00219109,0.00303707,2.08017e-05,1.30232e-05,0.0102387,0.0120272,0.0105103,0.0131152,0.0655089,1.04587,228,10,0.988407,0.979172,0.979172,0.931446,4.0511e-08,1.10572e-08,4.86113e-05,0.000353385
ERF_Log_File_20240820_1731.csv,sp,12,emfpe,2,0,filled_square,prism,CCS200_Spectrum_1408231915.csv,1.40823e+09,2.97933,0.00041436,0.271308,0.00144056,34.1712,0.350149,0.000125523,1.07574,1,0.00201406,5.84527e-06,0.35,0,6.35e-06,0.000289,8.31e-05,7.51e-06,0,6.93e-06,4.83729e-05,6.18e-05,2.89e-05,5.77e-06,2.54e-05,9.24e-06,8.30909e-05,4.04e-05,-3.9477e-05,1.21545e-05,0.355532,0.249379,2.84364e-05,4.40106e-05,0.000150007,0.000112273,38.4469,0.015707,-0.000111819,7.97227e-05,1.22936e-05,7.98628e-05,-0.00141352,0.00194425,0.000394591,0.00194425,4.95495e-05,8.34246e-06,0.00785704,0.012159,0.0103164,0.0129174,0.0532031,1.04587,228,10,0.988407,0.979367,0.979367,0.934633,-2.34079e-08,2.39168e-09,6.99595e-05,0.000495873
ERF_Log_File_20240820_1803.csv,sp,12,emfpe,2,0,filled_square,prism,CCS200_Spectrum_1408233808.csv,1.40823e+09,3.58821,0.000231443,0.274521,0.000850374,34.1711,0.354995,0.000125521,1.05775,1,0.00206998,5.52275e-06,0.355,0,6.35e-06,0.000289,8.31e-05,7.51e-06,0,6.93e-06,4.91361e-05,6.18e-05,2.89e-05,5.77e-06,2.54e-05,9.24e-06,8.49594e-05,4.04e-05,-2.39906e-05,-7.23285e-06,0.462508,0.332032,2.48771e-05,4.2314e-05,0.00010696,8.23843e-05,46.8653,0.0104119,-0.00032172,4.33977e-05,5.73072e-05,4.34912e-05,-0.00185689,0.00117185,1.84533e-05,0.00117185,4.23271e-05,5.02648e-06,0.00837945,0.0142516,0.00990162,0.0123136,0.0352305,1.04563,228,10,0.988407,0.979558,0.979558,0.93758,-1.42253e-08,-1.38917e-09,8.88315e-05,0.000607312
ERF_Log_File_20240820_1834.csv,sp,12,emfpe,2,0,filled_square,prism,CCS200_Spectrum_1408235701.csv,1.40824e+09,4.01859,0.000462117,0.280817,0.00193546,34.1717,0.359908,0.000125516,1.13437,1,0.00209771,4.87362e-06,0.36,0,6.35e-06,0.000289,8.31e-05,7.51e-06,0,6.93e-06,4.98073e-05,6.18e-05,2.89e-05,5.77e-06,2.54e-05,9.24e-06,8.68533e-05,4.04e-05,-5.98928e-06,-4.23814e-05,0.551098,0.402584,2.1706e-05,2.93432e-05,0.000190577,0.000140857,53.3384,0.0182239,-0.000290064,6.59323e-05,4.79133e-05,6.59694e-05,-0.000972312,0.000918548,-0.00291253,0.000918546,1.78901e-05,3.94466e-06,0.00831959,0.0112464,0.0112357,0.0114919,0.0617226,1.04586,228,10,0.988407,0.979749,0.979749,0.940402,-3.55135e-09,-7.94538e-09,0.000103316,0.000677042
ERF_Log_File_20240820_1906.csv,sp,12,emfpe,2,0,filled_square,prism,CCS200_Spectrum_1408237593.csv,1.40824e+09,2.3036,0.000165454,0.284515,0.000761528,34.1707,0.364949,0.000125521,1.223,1,0.00214418,5.58705e-06,0.365,0,6.35e-06,0.000289,8.31e-05,7.51e-06,0,6.93e-06,5.05057e-05,6.18e-05,2.89e-05,5.77e-06,2.54e-05,9.24e-06,8.87965e-05,4.04e-05,-3.0387e-06,3.26868e-05,0.615288,0.459908,1.932e-05,2.50688e-05,0.000265816,0.000198618,61.693,0.0264406,-0.000341804,8.12903e-05,5.81543e-05,8.13124e-05,-0.003827,0.000797205,-0.00139395,0.000797203,1.63386e-05,3.4244e-06,0.00856489,0.0111131,0.0147995,0.0106221,0.089548,1.04587,228,10,0.988407,0.979944,0.979944,0.943133,-1.8018e-09,5.98012e-09,0.000112568,0.00071026
ERF_Log_File_20240820_1937.csv,sp,12,emfpe,2,0,filled_square,prism,CCS200_Spectrum_1408239485.csv,1.40824e+09,2.78367,0.000181656,0.288748,0.000356896,34.1714,0.370253,0.000125522,1.21,1,0.00216931,5.76904e-06,0.37,0,6.35e-06,0.000289,8.31e-05,7.51e-06,0,6.93e-06,5.12444e-05,6.18e-05,2.89e-05,5.77e-06,2.54e-05,9.24e-06,9.08414e-05,4.04e-05,1.22758e-06,-4.44969e-05,0.662458,0.502519,1.17741e-05,2.42481e-05,0.000208944,0.000160343,73.5944,0.0229196,-0.000388518,6.01362e-05,0.000136817,6.01715e-05,-0.003025,0.000854254,-0.000766215,0.000854251,2.83978e-05,3.66874e-06,0.00622686,0.0128231,0.0174348,0.018213,0.0775777,1.04587,228,10,0.988407,0.980147,0.980147,0.94583,7.27893e-10,-7.9379e-09,0.000118177,0.000710758
ERF_Log_File_20240820_2009.csv,sp,12,emfpe,2,0,filled_square,prism,CCS200_Spectrum_1408241376.csv,1.40824e+09,3.06193,0.000268753,0.29338,0.000451962,34.1714,0.375132,0.000125521,1.04981,1,0.00221986,5.65603e-06,0.375,0,6.35e-06,0.000289,8.31e-05,7.51e-06,0,6.93e-06,5.18301e-05,6.18e-05,2.89e-05,5.77e-06,2.54e-05,9.24e-06,9.25269e-05,4.04e-05,2.079e-05,-3.22349e-06,0.70448,0.539299,1.37245e-05,2.11832e-05,0.000235677,0.000180631,78.1029,0.0259406,-0.000406187,6.2994e-05,0.000204413,6.30111e-05,-0.00191719,0.000617427,0.000545871,0.000617425,2.01021e-05,2.65195e-06,0.0077029,0.0118886,0.0157996,0.0128649,0.0875661,1.04584,228,10,0.988407,0.980332,0.980332,0.948168,1.23274e-08,-5.6205e-10,0.000122834,0.000704532
ERF_Log_File_20240820_2040.csv,sp,12,emfpe,2,0,filled_square,prism,CCS200_Spectrum_1408243266.csv,1.40824e+09,3.19148,0.000334643,0.294736,0.000346574,34.1707,0.380219,0.00012552,1.04451,1,0.00225861,5.4687e-06,0.38,0,6.35e-06,0.000289,8.31e-05,7.51e-06,0,6.93e-06,5.25664e-05,6.18e-05,2.89e-05,5.77e-06,2.54e-05,9.24e-06,8.69591e-05,4.04e-05,1.95448e-05,-8.06087e-06,0.758418,0.588972,1.47564e-05,1.65711e-05,0.000188507,0.000147486,77.4427,0.0188775,-0.000516626,4.72642e-05,5.67091e-05,4.73017e-05,-0.00085607,0.000779621,-0.00233962,0.000779619,1.85854e-05,3.34679e-06,0.0082138,0.00922354,0.0204823,0.0185134,0.062878,1.04539,228,10,0.988407,0.980523,0.980523,0.950466,1.15891e-08,-1.37286e-09,0.000129168,0.000709545
ERF_Log_File_20240821_0802.csv,sp,12,emfpe,2,0,filled_square,prism,CCS200_Spectrum_1408284176.csv,1.40829e+09,3.35734,0.000396408,0.295841,0.00168103,34.1718,0.385168,0.000125547,1.25976,1,0.00237985,8.38756e-06,0.385,0,6.35e-06,0.000289,8.31e-05,7.51e-06,0,6.93e-06,5.32819e-05,6.18e-05,2.89e-05,5.77e-06,2.54e-05,9.24e-06,8.15414e-05,4.04e-05,6.832e-06,-2.08871e-05,0.803136,0.624805,1.11955e-05,1.87907e-05,0.00019029,0.000150545,77.8345,0.0179724,-0.000535127,4.493e-05,0.000186048,4.49812e-05,-0.00159984,0.000885696,-0.000386519,0.000885694,-5.29795e-06,3.80202e-06,0.00626197,0.0105102,0.0236299,0.0238815,0.060701,1.04566,228,10,0.988407,0.980708,0.980708,0.952572,4.05104e-09,-3.47838e-09,0.000133748,0.000697136
ERF_Log_File_20240821_0834.csv,sp,12,emfpe,2,0,filled_square,prism,CCS200_Spectrum_1408286066.csv,1.40829e+09,3.86722,0.000245583,0.306124,0.000242671,34.1712,0.395412,0.00012553,1.12432,1,0.00240006,6.67217e-06,0.395,0,6.35e-06,0.000289,8.31e-05,7.51e-06,0,6.93e-06,5.46804e-05,6.18e-05,2.89e-05,5.77e-06,2.54e-05,9.24e-06,7.03289e-05,4.04e-05,1.3159e-05,-2.89949e-05,0.856044,0.673957,8.32407e-06,1.75159e-05,0.00031169,0.000246366,82.0639,0.0297199,-0.000471921,6.83884e-05,8.98143e-05,6.84046e-05,-0.00373329,0.000631913,-0.00138675,0.000631911,5.44774e-06,2.71365e-06,0.0049086,0.0103288,0.0188996,0.0195158,0.100624,1.04584,228,10,0.988407,0.981084,0.981084,0.956549,7.80264e-09,-4.61393e-09,0.000136222,0.000647057
ERF_Log_File_20240821_1012.csv,sp,12,emfpe,2,0,filled_square,prism,CCS200_Spectrum_1408291939.csv,1.40829e+09,3.74857,0.00035433,0.323406,0.00035011,34.1715,0.40531,0.000125533,1.00602,1,0.00246001,7.07747e-06,0.405,0,6.35e-06,0.000289,8.31e-05,7.51e-06,0,6.93e-06,5.60717e-05,6.18e-05,2.89e-05,5.77e-06,2.54e-05,9.24e-06,6.40455e-05,4.04e-05,5.4609e-06,-1.94286e-05,0.878712,0.697584,1.0773e-05,2.15001e-05,0.000201106,0.000158974,73.836,0.0166227,-0.000582994,4.33312e-05,0.000160818,4.33521e-05,-0.00139944,0.000561531,-0.00208832,0.00056153,5.03842e-06,2.41099e-06,0.00571658,0.0114087,0.0191829,0.0128174,0.0557133,1.04556,228,10,0.988407,0.981439,0.981439,0.959959,3.23805e-09,-2.9627e-09,0.000133996,0.000585868
ERF_Log_File_20240821_1150.csv,sp,12,emfpe,2,0,filled_square,prism,CCS200_Spectrum_1408297825.csv,1.4083e+09,2.55353,0.000487511,0.314446,0.00239145,34.1724,0.33235,0.000125518,1.15437,1,0.00199073,5.21002e-06,0.332,0,6.35e-06,0.000289,8.31e-05,7.51e-06,0,6.93e-06,4.59589e-05,6.18e-05,2.89e-05,5.77e-06,2.54e-05,9.24e-06,8.60183e-05,4.04e-05,-2.33866e-05,6.28922e-05,0.0194175,0.0112013,3.44036e-05,4.23837e-05,3.50297e-05,5.23027e-05,32.7195,0.0150286,7.25194e-05,9.19935e-05,-9.15833e-05,0.000113757,0.0106242,0.0345553,0.0118211,0.0345553,0.000127452,0.000117608,0.00809161,0.00996597,0.00794427,0.0121961,0.0509017,1.04587,228,10,0.988407,0.978657,0.978657,0.922237,-1.38671e-08,1.3575e-08,4.19117e-06,3.04066e-05
ERF_Log_File_20240821_1222.csv,sp,12,emfpe,2,0,filled_square,prism,CCS200_Spectrum_1408299765.csv,1.4083e+09,2.47106,0.000319037,0.301098,0.000864829,34.1716,0.337322,0.000125516,1.20392,1,0.00201242,4.8638e-06,0.337,0,6.35e-06,0.000289,8.31e-05,7.51e-06,0,6.93e-06,4.66306e-05,6.18e-05,2.89e-05,5.77e-06,2.54e-05,9.24e-06,8.51776e-05,4.04e-05,4.84812e-05,2.80503e-05,0.0813923,0.050821,3.94404e-05,4.05028e-05,5.16214e-05,6.98655e-05,31.7259,0.0154539,-0.000105501,9.56615e-05,-1.72452e-06,9.7671e-05,0.00942192,0.00818367,0.0180688,0.00818365,3.22708e-06,3.4647e-05,0.00899118,0.00923333,0.00750611,0.0148437,0.0523473,1.04587,228,10,0.988407,0.978857,0.978857,0.925966,2.8747e-08,5.89661e-09,1.711e-05,0.000126408
ERF_Log_File_20240821_1258.csv,sp,12,emfpe,2,0,filled_square,prism,CCS200_Spectrum_1408301895.csv,1.4083e+09,5.09736,0.00178037,0.350755,0.00342358,34.1716,0.327755,0.000125515,1.12639,1,0.0020058,4.69916e-06,0.327,0,6.35e-06,0.000289,8.31e-05,7.51e-06,0,6.93e-06,4.53917e-05,6.18e-05,2.89e-05,5.77e-06,2.54e-05,9.24e-06,8.67954e-05,4.04e-05,0.000122388,8.87283e-05,0.00315115,0.00244542,3.98368e-05,6.74785e-05,4.67078e-05,7.7658e-05,26.2258,0.0199091,1.29381e-06,0.000156681,-0.000700087,0.000235216,-0.0904336,0.284555,-0.2472,0.284571,-0.000798421,0.000308222,0.00748994,0.0127074,0.00879598,0.0146594,0.0674161,1.04587,228,10,0.988407,0.978471,0.978471,0.918598,7.25704e-08,1.96331e-08,6.97259e-07,7.19619e-06
ERF_Log_File_20240828_1507.csv,ig_zn_diff,12,emfpe,3,0,off,none,ERF_OSA207_Spectra_20240828_1507.csv,1.40892e+09,2.42825,7.11128e-05,0.694093,0.00134521,34.171,2.49704,1.69261e-05,0.0298101,2,0.0439639,0.000376808,2.5,0,6.35e-06,0.000289,8.31e-05,7.51e-06,0,6.93e-06,0.000345366,6.18e-05,2.89e-05,5.77e-06,2.54e-05,9.24e-06,3.6172e-05,4.04e-05,0.633019,0.000482285,0.958597,0.833168,0.000107194,8.74052e-06,0.000159083,0.000148059,201.888,0.0329844,-0.000875083,3.16215e-05,-4.97624e-06,3.1643e-05,0.00411599,0.000485804,0.00965918,0.000485802,3.3135e-06,2.08547e-06,0.0399799,0.0126879,0.0402254,0.0856883,0.110229,1.04436,228,10,0.994522,0.994546,0.994546,0.994301,7.58904e-05,3.71923e-08,7.3924e-05,0.000138429
ERF_Log_File_20240828_1554.csv,ig_zn_diff,12,emfpe,3,0,off,none,ERF_OSA207_Spectra_20240828_1554.csv,1.40892e+09,3.22586,0.000155796,0.830823,0.0448359,34.1713,6.34134,0.000295599,0.0164812,2,0.244842,0.00369743,6,0,6.35e-06,0.000289,8.31e-05,7.51e-06,0,6.93e-06,0.000876417,6.18e-05,2.89e-05,5.77e-06,2.54e-05,9.24e-06,7.63267e-05,4.04e-05,0.00262761,0.621178,0.993299,0.00235751,4.74309e-05,0.000538292,0.00074012,7.27825e-05,30.4632,0.020694,-0.000394697,0.000133069,-0.000381457,0.000133771,0.00573574,0.00562814,0.0148255,0.00562813,0.000245734,2.40837e-05,0.010386,0.0703045,0.0687227,0.0159334,0.0699423,1.04399,228,10,0.993998,0.988674,0.988674,0.9927,1.25024e-06,0.000232851,0.000372342,7.9573e-07
ERF_Log_File_20240828_1629.csv,ig_zn_diff,12,emfpe,3,0,off,none,ERF_OSA207_Spectra_20240828_1629.csv,1.40892e+09,3.83652,0.000171526,0.885984,0.00447078,34.1705,10.9673,0.000542032,0.0101269,2,0.829454,0.00611994,10,0,6.35e-06,0.000289,8.31e-05,7.51e-06,0,6.93e-06,0.00152001,6.18e-05,2.89e-05,5.77e-06,2.54e-05,9.24e-06,0.000121959,4.04e-05,0.00017242,0.642119,0.979408,-0.000165458,3.34645e-05,0.000664657,0.0010123,4.71372e-05,35.2862,0.0363434,-0.00131674,0.000190067,8.6816e-05,0.000190092,0.00319062,0.00140167,0.0162728,0.00140167,-0.00022392,6.0182e-06,0.00851777,0.0181307,0.0192408,0.0120142,0.123572,1.03636,228,10,0.993998,0.980755,0.980755,0.9927,8.20388e-08,0.000584462,0.000891465,-5.5847e-08
ERF_Log_File_20240828_1707.csv,ig_zn_diff,12,emfpe,3,0,off,none,ERF_OSA207_Spectra_20240828_1707.csv,1.40892e+09,2.57756,0.000445221,0.890908,0.00453132,34.1714,13.182,0.00314472,0.0085555,2,1.0031,0.00973706,12,0,6.35e-06,0.000289,8.31e-05,7.51e-06,0,6.93e-06,0.00182151,6.18e-05,2.89e-05,5.77e-06,2.54e-05,9.24e-06,0.000313803,4.04e-05,6.25395e-05,0.676685,0.994838,-8.49101e-05,5.42682e-05,0.00149757,0.00219908,0.00011791,16.6968,0.0368273,-0.00168371,0.000394676,-0.000198205,0.000394703,0.0023197,0.00240845,0.0297004,0.00240844,-0.000288161,1.03417e-05,0.00650765,0.0149213,0.0170988,0.0141638,0.125269,1.04509,228,10,0.993998,0.976977,0.976977,0.9927,2.97569e-08,0.000814939,0.00119809,-2.86597e-08
ERF_Log_File_20240828_1745.csv,ig_zn_diff,12,emfpe,3,0,filled_square,none,ERF_OSA207_Spectra_20240828_1744.csv,1.40892e+09,2.56511,0.000432517,0.889998,0.00388305,34.172,13.1809,0.00270859,0.00867684,2,1.00879,0.00830082,12,0,6.35e-06,0.000289,8.31e-05,7.51e-06,0,6.93e-06,0.00182137,6.18e-05,2.89e-05,5.77e-06,2.54e-05,9.24e-06,0.000314224,4.04e-05,-3.66816e-05,0.672698,0.988866,4.29723e-05,6.98282e-05,0.00100952,0.0014809,0.00010461,16.7647,0.024968,-0.00118982,0.000280684,0.000227972,0.000280743,-0.00133788,0.00253097,0.0224482,0.00253097,-0.000174461,1.08655e-05,0.00841514,0.0153251,0.0180709,0.01262,0.0852375,1.04393,228,10,0.993998,0.976979,0.976979,0.9927,-1.74534e-08,0.000810031,0.00119075,1.45044e-08
ERF_Log_File_20240828_1911.csv,ig_zn_diff,12,emfpe,3,0,filled_square,none,ERF_OSA207_Spectra_20240828_1911.csv,1.40893e+09,3.38106,0.0329114,0.951483,0.0447005,34.1709,6.34449,0.000368474,0.0161136,2,0.248028,0.00409511,6,0,6.35e-06,0.000289,8.31e-05,7.51e-06,0,6.93e-06,0.000876896,6.18e-05,2.89e-05,5.77e-06,2.54e-05,9.24e-06,7.63527e-05,4.04e-05,0.00241515,0.599481,0.952244,0.00209212,3.53553e-05,0.000480468,0.000769004,4.94039e-05,33.5999,0.0229429,-0.00185175,0.00013382,0.000477969,0.000134708,-0.002666,0.00636471,0.0122849,0.00636469,-0.000801294,2.72099e-05,0.00854475,0.0511381,0.111772,0.0120514,0.0752762,1.02957,228,10,0.993998,0.988669,0.988669,0.9927,1.14915e-06,0.000224906,0.000357251,7.06152e-07
ERF_Log_File_20240828_1956.csv,ig_zn_diff,12,emfpe,3,0,filled_square,none,ERF_OSA207_Spectra_20240828_1955.csv,1.40893e+09,3.23904,0.000170073,0.810036,0.0511181,34.1715,6.04436,0.000243068,0.0188134,2,0.268622,0.00197025,5.75,0,6.35e-06,0.000289,8.31e-05,7.51e-06,0,6.93e-06,0.000835451,6.18e-05,2.89e-05,5.77e-06,2.54e-05,9.24e-06,7.3872e-05,4.04e-05,0.00083936,0.617063,0.983242,0.000208672,3.087e-05,0.00057371,0.00091738,6.27083e-05,31.5758,0.026189,-0.000459861,0.000162399,-0.000212239,0.000163132,0.00103648,0.00634248,0.00969802,0.00634246,-0.00155146,2.71609e-05,0.00697575,0.0607694,0.0916647,0.0143051,0.0881507,1.04451,228,10,0.993998,0.989179,0.989179,0.9927,3.99375e-07,0.00021327,0.000339829,7.0433e-08
ERF_Log_File_20240828_2033.csv,ig_zn_diff,12,emfpe,3,0,filled_square,none,ERF_OSA207_Spectra_20240828_2032.csv,1.40893e+09,3.90147,0.000162377,0.82669,0.0352896,34.1716,5.71052,0.000317862,0.0180163,2,0.238455,0.00298566,5.5,0,6.35e-06,0.000289,8.31e-05,7.51e-06,0,6.93e-06,0.000789966,6.18e-05,2.89e-05,5.77e-06,2.54e-05,9.24e-06,5.95535e-05,4.04e-05,0.000675712,0.656508,0.976184,0.000177104,3.46237e-05,0.000471289,0.000781021,5.07443e-05,39.4302,0.0257464,-0.00104198,0.000127892,-6.7125e-05,0.00012854,0.00119703,0.00530511,0.0119884,0.0053051,-0.000851674,2.26979e-05,0.00978422,0.0550871,0.128307,0.0144147,0.0872747,1.04585,228,10,0.994064,0.989744,0.989744,0.9927,3.02071e-07,0.000205975,0.00030627,5.97779e-08
ERF_Log_File_20240828_2108.csv,ig_zn_diff,12,emfpe,3,0,filled_square,none,ERF_OSA207_Spectra_20240828_2108.csv,1.40894e+09,2.46494,7.29346e-05,0.878035,0.0138926,34.1722,5.46973,0.000351911,0.0231006,2,0.2027,0.00444792,5.25,0,6.35e-06,0.000289,8.31e-05,7.51e-06,0,6.93e-06,0.000756455,6.18e-05,2.89e-05,5.77e-06,2.54e-05,9.24e-06,4.79483e-05,4.04e-05,0.000107468,0.7545,0.967284,7.06881e-05,2.15844e-05,0.00033761,0.000430204,2.97781e-05,62.7171,0.027783,-0.00112832,8.30863e-05,0.000137538,8.3102e-05,0.00349441,0.000709465,0.011705,0.000709463,-0.000138498,3.04512e-06,0.00972444,0.0216078,0.0170463,0.0134272,0.094265,1.04557,228,10,0.994119,0.99015,0.99015,0.9927,4.54302e-08,0.000219886,0.000281898,2.38593e-08
ERF_Log_File_20240829_0816.csv,ig_zn_diff,12,emfpe,3,0,filled_square,none,ERF_OSA207_Spectra_20240829_0815.csv,1.40898e+09,3.17871,0.000183771,0.831111,0.047487,34.1723,6.34036,0.000299419,0.016779,2,0.243803,0.00376085,6,0,6.35e-06,0.000289,8.31e-05,7.51e-06,0,6.93e-06,0.000876269,6.18e-05,2.89e-05,5.77e-06,2.54e-05,9.24e-06,7.63186e-05,4.04e-05,0.00255486,0.622014,0.98832,0.00234366,2.83241e-05,0.000710361,0.00121761,5.66316e-05,30.1693,0.0332782,-0.00070035,0.000215353,0.000776015,0.000215772,-0.000125658,0.00550845,0.0100968,0.00550843,-0.000632516,2.3622e-05,0.0060979,0.0392637,0.118899,0.0122893,0.113023,1.04565,228,10,0.993998,0.988676,0.988676,0.9927,1.21563e-06,0.000233104,0.00037038,7.91055e-07
ERF_Log_File_20240829_0849.csv,ig_zn_diff,12,emfpe,3,0,filled_square,none,ERF_OSA207_Spectra_20240829_0849.csv,1.40898e+09,5.46629,0.000254173,0.806281,0.0543702,34.1711,6.68083,0.000783383,0.0177441,2,0.296667,0.00719986,6.25,0,6.35e-06,0.000289,8.31e-05,7.51e-06,0,6.93e-06,0.000923602,6.18e-05,2.89e-05,5.77e-06,2.54e-05,9.24e-06,7.91328e-05,4.04e-05,0.00350345,0.66528,0.982857,0.00334091,3.58404e-05,0.000993735,0.00154667,6.44171e-05,25.8876,0.0362458,-0.000350787,0.000273872,0.000769975,0.000274738,-0.000731892,0.00891115,0.0102148,0.00891112,-0.00137987,3.81809e-05,0.00657736,0.0638557,0.13193,0.0120025,0.122936,1.04584,228,10,0.993998,0.988096,0.988096,0.9927,1.66697e-06,0.000272246,0.000402204,1.12766e-06
ERF_Log_File_20240829_0923.csv,ig_zn_diff,12,emfpe,3,0,filled_square,none,ERF_OSA207_Spectra_20240829_0923.csv,1.40898e+09,4.28796,0.000156093,0.855423,0.0275822,34.171,6.95216,0.000128802,0.0177137,2,0.29358,0.00191084,6.5,0,6.35e-06,0.000289,8.31e-05,7.51e-06,0,6.93e-06,0.000961628,6.18e-05,2.89e-05,5.77e-06,2.54e-05,9.24e-06,8.13756e-05,4.04e-05,0.00259479,0.597722,0.972985,0.0026467,2.4302e-05,0.000471209,0.00076502,5.26986e-05,38.8535,0.0294531,-0.00129758,0.000147699,0.000509606,0.0001479,0.000574318,0.00317977,0.011168,0.00317976,-0.000778892,1.36477e-05,0.00675088,0.0374484,0.0542197,0.0147517,0.099427,1.04404,228,10,0.993998,0.987632,0.987632,0.9927,1.23462e-06,0.000261428,0.000425559,8.93341e-07
ERF_Log_File_20240829_0957.csv,ig_zn_diff,12,emfpe,3,0,filled_square,none,ERF_OSA207_Spectra_20240829_0956.csv,1.40898e+09,5.348,0.000144735,0.885293,0.0126266,34.1709,7.28803,0.000148113,0.0143065,2,0.327469,0.00144014,6.75,0,6.35e-06,0.000289,8.31e-05,7.51e-06,0,6.93e-06,0.00100735,6.18e-05,2.89e-05,5.77e-06,2.54e-05,9.24e-06,7.55133e-05,4.04e-05,0.00275959,0.563551,0.969685,0.00312236,2.52729e-05,0.000445263,0.000762959,2.6602e-05,46.9123,0.0368571,-0.00149974,0.000138913,0.000347568,0.000138922,0.00182443,0.000802008,0.0134853,0.000802006,-0.000245208,3.44481e-06,0.00848154,0.0158842,0.0138444,0.00893571,0.125158,1.04586,228,10,0.993998,0.987058,0.987058,0.9927,1.31304e-06,0.000266574,0.000458687,1.05389e-06
ERF_Log_File_20240829_1030.csv,ig_zn_diff,12,emfpe,3,0,filled_square,none,ERF_OSA207_Spectra_20240829_1030.csv,1.40899e+09,2.32294,9.14451e-05,0.899928,0.00335727,34.1718,7.65819,0.000122059,0.0126144,2,0.34947,0.00152681,7,0,6.35e-06,0.000289,8.31e-05,7.51e-06,0,6.93e-06,0.00105876,6.18e-05,2.89e-05,5.77e-06,2.54e-05,9.24e-06,6.7471e-05,4.04e-05,0.00257682,0.541821,0.971362,0.00316373,1.89713e-05,0.000220929,0.000395175,3.61628e-05,49.4108,0.0199681,-0.00157256,7.66434e-05,5.8403e-05,7.66619e-05,0.00206714,0.000750173,0.0158127,0.000750172,2.53462e-06,3.22108e-06,0.00672738,0.0105188,0.0159851,0.0128338,0.0667842,1.0454,228,10,0.993998,0.986424,0.986424,0.9927,1.22607e-06,0.000278113,0.000498593,1.06785e-06
ERF_Log_File_20240829_1104.csv,ig_zn_diff,12,emfpe,3,0,filled_square,none,ERF_OSA207_Spectra_20240829_1104.csv,1.40899e+09,2.28571,8.65062e-05,0.899866,0.00174745,34.1716,7.89411,0.000109087,0.0115251,2,0.379902,0.00163949,7.25,0,6.35e-06,0.000289,8.31e-05,7.51e-06,0,6.93e-06,0.00109239,6.18e-05,2.89e-05,5.77e-06,2.54e-05,9.24e-06,6.23455e-05,4.04e-05,0.00111212,0.549809,0.971719,0.00131606,2.13107e-05,0.000286606,0.000504131,3.63277e-05,47.031,0.0243027,-0.00177556,9.67566e-05,0.000204225,9.67719e-05,0.00243941,0.000811571,0.0138668,0.000811569,3.97812e-05,3.48479e-06,0.0073043,0.014517,0.0124003,0.0124509,0.0771536,1.01631,228,10,0.993998,0.986019,0.986019,0.9927,5.29156e-07,0.000296598,0.0005242,4.4421e-07
ERF_Log_File_20240829_1138.csv,ig_zn_diff,12,emfpe,3,0,filled_square,none,ERF_OSA207_Spectra_20240829_1137.csv,1.40899e+09,2.22907,9.76787e-05,0.901358,0.00101553,34.1718,8.21014,0.000121018,0.00886915,2,0.455568,0.0014253,7.5,0,6.35e-06,0.000289,8.31e-05,7.51e-06,0,6.93e-06,0.00113566,6.18e-05,2.89e-05,5.77e-06,2.54e-05,9.24e-06,6.03099e-05,4.04e-05,0.000176206,0.56567,0.972244,0.000117367,2.34217e-05,0.000172934,0.000295296,4.00243e-05,44.798,0.0133983,-0.00212992,5.7835e-05,0.000247398,5.7869e-05,0.00264532,0.000859489,0.0147412,0.000859487,6.04e-05,3.69042e-06,0.00756585,0.0119897,0.0159411,0.0129245,0.0422928,1.03892,228,10,0.993998,0.985478,0.985478,0.9927,8.38406e-08,0.000325314,0.000559133,3.96148e-08
ERF_Log_File_20240829_1211.csv,ig_zn_diff,12,emfpe,3,0,filled_square,none,ERF_OSA207_Spectra_20240829_1211.csv,1.40899e+09,5.12412,0.000180033,0.90269,0.00170628,34.1714,8.81191,0.000161138,0.0110564,2,0.479746,0.00185082,8,0,6.35e-06,0.000289,8.31e-05,7.51e-06,0,6.93e-06,0.0012186,6.18e-05,2.89e-05,5.77e-06,2.54e-05,9.24e-06,6.10686e-05,4.04e-05,9.10939e-05,0.573865,0.976682,-0.000110945,1.92854e-05,0.000334876,0.000564803,4.16291e-05,41.739,0.0240485,-0.00168277,0.000108073,-0.000170719,0.000108091,0.00350191,0.000923259,0.0163843,0.000923256,0.000121899,3.96421e-06,0.00582014,0.0169378,0.0132319,0.0125542,0.0823024,1.03366,228,10,0.993998,0.984446,0.984446,0.9927,4.33433e-08,0.00036997,0.000629666,-3.74474e-08
ERF_Log_File_20240829_1245.csv,ig_zn_diff,12,emfpe,3,0,filled_square,none,ERF_OSA207_Spectra_20240829_1245.csv,1.40899e+09,5.06548,0.000162884,0.899174,0.00153373,34.1722,9.04336,0.000254819,0.011685,2,0.512667,0.0033363,8.25,0,6.35e-06,0.000289,8.31e-05,7.51e-06,0,6.93e-06,0.00125095,6.18e-05,2.89e-05,5.77e-06,2.54e-05,9.24e-06,5.94265e-05,4.04e-05,2.62176e-05,0.570496,0.977397,-0.000115937,2.5598e-05,0.000452467,0.000772484,4.66149e-05,40.7384,0.0321566,-0.00150746,0.000137546,-0.000134021,0.000137553,0.00312847,0.000748846,0.0173449,0.000748844,0.000102476,3.21637e-06,0.0075038,0.0131226,0.0110682,0.0136563,0.111113,1.04357,228,10,0.993998,0.984049,0.984049,0.9927,1.24746e-08,0.000383397,0.000656851,-3.91323e-08
ERF_Log_File_20240829_1319.csv,ig_zn_diff,12,emfpe,3,0,filled_square,none,ERF_OSA207_Spectra_20240829_1319.csv,1.409e+09,4.97324,0.000170233,0.899651,0.00216892,34.1713,9.30146,0.000266364,0.0102684,2,0.565963,0.00305622,8.5,0,6.35e-06,0.000289,8.31e-05,7.51e-06,0,6.93e-06,0.00128628,6.18e-05,2.89e-05,5.77e-06,2.54e-05,9.24e-06,4.82401e-05,4.04e-05,4.76523e-05,0.577948,0.979083,-0.000101575,2.81697e-05,0.000373519,0.000630529,5.32271e-05,39.4875,0.025361,-0.00138839,0.00011792,-2.10799e-06,0.000117933,0.00324101,0.000837478,0.0185707,0.000837475,0.000128801,3.59624e-06,0.00799626,0.0118394,0.0130739,0.0150974,0.0859312,1.04578,228,10,0.993998,0.983606,0.983606,0.9927,2.26734e-08,0.000406235,0.00068819,-3.42847e-08
ERF_Log_File_20240829_1353.csv,ig_zn_diff,12,emfpe,3,0,filled_square,none,ERF_OSA207_Spectra_20240829_1352.csv,1.409e+09,4.87989,0.000157575,0.899956,0.00288569,34.1713,9.58812,0.000279643,0.0100997,2,0.595604,0.00333102,8.75,0,6.35e-06,0.000289,8.31e-05,7.51e-06,0,6.93e-06,0.00132655,6.18e-05,2.89e-05,5.77e-06,2.54e-05,9.24e-06,3.58157e-05,4.04e-05,4.57883e-05,0.589432,0.978884,-0.000109743,3.99948e-05,0.00057552,0.000954596,3.39284e-05,38.9635,0.0379371,-0.00130014,0.000169755,0.000189664,0.000169765,0.000152049,0.000926099,0.0193687,0.000926097,0.000189317,3.97772e-06,0.0112062,0.0121702,0.0147677,0.00949563,0.128525,1.04542,228,10,0.993998,0.983115,0.983115,0.9927,2.17865e-08,0.000434752,0.000722003,-3.70414e-08
ERF_Log_File_20240903_1112.csv,ig_zn_diff,12,emfpe,3,0,filled_square,3.6um_lp,ERF_OSA207_Spectra_20240903_1112.csv,1.40942e+09,3.28208,0.000237174,0.916534,0.0137704,34.1724,4.33131,0.00117125,0.011841,2,0.180332,0.00758887,4.21,0,6.35e-06,0.000289,8.31e-05,7.51e-06,0,6.93e-06,0.000599231,6.18e-05,2.89e-05,5.77e-06,2.54e-05,9.24e-06,8.22105e-05,4.04e-05,0.224895,0.00241051,0.967519,0.113633,8.95624e-05,3.33411e-05,0.000438524,6.31581e-05,42.1514,0.0162445,-0.00102923,7.52209e-05,-0.000203844,7.5357e-05,0.00125109,0.00186811,0.0164494,0.00186811,0.00017243,8.01403e-06,0.00659198,0.0100969,0.0703016,0.0137699,0.05505,1.04567,228,10,0.994367,0.992029,0.992029,0.993184,6.83151e-05,4.69156e-07,0.000188308,3.24715e-05
ERF_Log_File_20240903_1146.csv,ig_zn_diff,12,emfpe,3,0,filled_square,3.6um_lp,ERF_OSA207_Spectra_20240903_1146.csv,1.40942e+09,4.04373,0.000169856,0.890684,0.00277721,34.1716,3.85114,5.33483e-05,0.0116651,2,0.122634,0.000902971,3.8,0,6.35e-06,0.000289,8.31e-05,7.51e-06,0,6.93e-06,0.000532745,6.18e-05,2.89e-05,5.77e-06,2.54e-05,9.24e-06,6.36492e-05,4.04e-05,0.497896,0.00038914,0.966126,0.515673,0.000218578,2.99982e-05,0.000421959,0.000227042,48.9085,0.0213017,-0.000871169,7.94873e-05,0.000120816,7.94965e-05,0.00539363,0.000542177,0.00979066,0.000542175,1.09159e-05,2.32827e-06,0.00963101,0.0105481,0.0107993,0.011716,0.0722569,1.04473,228,10,0.994458,0.992784,0.992784,0.993527,0.000125684,6.1749e-08,0.000153306,0.000129199
ERF_Log_File_20240903_1220.csv,ig_zn_diff,12,emfpe,3,0,filled_square,3.6um_lp,ERF_OSA207_Spectra_20240903_1220.csv,1.40942e+09,2.24115,0.000113151,0.899441,0.00356036,34.1718,3.89074,5.38079e-05,0.0133033,2,0.128145,0.000866738,3.854,0,6.35e-06,0.000289,8.31e-05,7.51e-06,0,6.93e-06,0.000538304,6.18e-05,2.89e-05,5.77e-06,2.54e-05,9.24e-06,5.94896e-05,4.04e-05,0.49504,0.000257196,0.96475,0.509714,0.000189335,2.18486e-05,0.000367999,0.00019636,67.3767,0.0256298,-0.000918408,6.90293e-05,-3.34726e-05,6.90365e-05,0.0034641,0.000454558,0.0106806,0.000454557,4.1129e-05,1.95199e-06,0.00990183,0.0105975,0.0124497,0.0149107,0.0872762,1.04203,228,10,0.994451,0.992723,0.992723,0.993499,0.000127057,4.15435e-08,0.000155831,0.000129148
ERF_Log_File_20240903_1254.csv,ig_zn_diff,12,emfpe,3,0,filled_square,3.6um_lp,ERF_OSA207_Spectra_20240903_1253.csv,1.40943e+09,2.55983,0.000108484,0.899214,0.00231828,34.1714,3.93559,6.02252e-05,0.0130555,2,0.138406,0.000916599,3.91,0,6.35e-06,0.000289,8.31e-05,7.51e-06,0,6.93e-06,0.000544479,6.18e-05,2.89e-05,5.77e-06,2.54e-05,9.24e-06,5.47785e-05,4.04e-05,0.489041,0.000318094,0.965356,0.49709,0.000145828,1.91287e-05,0.000287095,0.000149074,77.3905,0.0229316,-0.000920396,5.44818e-05,8.15794e-05,5.44889e-05,0.00430909,0.000391011,0.0112058,0.000391011,-6.10672e-06,1.67914e-06,0.00903398,0.0106385,0.0134942,0.012752,0.0776224,1.04558,228,10,0.994443,0.992654,0.992654,0.993467,0.000127862,5.24127e-08,0.000159063,0.000127551
ERF_Log_File_20240903_1327.csv,ig_zn_diff,12,emfpe,3,0,filled_square,3.6um_lp,ERF_OSA207_Spectra_20240903_1327.csv,1.40943e+09,2.53895,0.000116026,0.902808,0.00317112,34.1717,3.9857,5.2375e-05,0.0124814,2,0.148277,0.000780811,3.966,0,6.35e-06,0.000289,8.31e-05,7.51e-06,0,6.93e-06,0.000550796,6.18e-05,2.89e-05,5.77e-06,2.54e-05,9.24e-06,4.95151e-05,4.04e-05,0.475462,0.000393374,0.965514,0.470815,0.000146495,1.60818e-05,0.000294354,0.000145762,76.4969,0.022946,-0.000932582,5.785e-05,0.000192992,5.78809e-05,0.00291581,0.000791847,0.0103681,0.000791844,-1.21504e-05,3.39978e-06,0.017639,0.00884482,0.0289218,0.0202051,0.0774949,1.04457,228,10,0.994434,0.992576,0.992576,0.993432,0.00012686,6.62569e-08,0.000162624,0.000122513
ERF_Log_File_20240903_1401.csv,ig_zn_diff,12,emfpe,3,0,filled_square,3.6um_lp,ERF_OSA207_Spectra_20240903_1401.csv,1.40943e+09,5.43927,0.000267967,0.913001,0.00891102,34.171,4.12557,6.37964e-05,0.0149665,2,0.117115,0.000974485,4.025,0,6.35e-06,0.000289,8.31e-05,7.51e-06,0,6.93e-06,0.000570154,6.18e-05,2.89e-05,5.77e-06,2.54e-05,9.24e-06,6.09742e-05,4.04e-05,0.391706,0.000723017,0.965799,0.321884,0.000108889,2.67168e-05,0.000266393,9.26293e-05,66.202,0.0179279,-0.00102081,5.23747e-05,1.57399e-05,5.24082e-05,0.00297662,0.000783488,0.0108575,0.000783486,5.11019e-05,3.36287e-06,0.0123347,0.0127489,0.0229188,0.0144182,0.0601405,1.03933,228,10,0.994408,0.992357,0.992357,0.993332,0.000110374,1.29304e-07,0.000172722,8.70492e-05
ERF_Log_File_20240903_1435.csv,ig_zn_diff,12,emfpe,3,0,filled_square,3.6um_lp,ERF_OSA207_Spectra_20240903_1434.csv,1.40943e+09,3.86821,0.000209973,0.891164,0.00303073,34.1713,4.15572,0.000156633,0.0196602,2,0.119499,0.00158682,4.085,0,6.35e-06,0.000289,8.31e-05,7.51e-06,0,6.93e-06,0.000574132,6.18e-05,2.89e-05,5.77e-06,2.54e-05,9.24e-06,6.40859e-05,4.04e-05,0.367833,0.00109131,0.967323,0.28697,0.000215743,3.42236e-05,0.000568461,0.000173071,48.2494,0.0281103,-0.000963861,0.00011,7.78578e-05,0.000110025,0.00133463,0.00101424,0.0117571,0.00101424,0.000101539,4.36916e-06,0.0088233,0.0119038,0.0237396,0.0158851,0.0957949,1.03885,228,10,0.994402,0.992309,0.992309,0.99331,0.000104833,1.97655e-07,0.000175198,7.82454e-05
ERF_Log_File_20240903_1508.csv,ig_zn_diff,12,emfpe,3,0,filled_square,3.6um_lp,ERF_OSA207_Spectra_20240903_1508.csv,1.40943e+09,5.08801,0.000411265,0.878008,0.00910016,34.172,4.20906,0.000596077,0.0153547,2,0.188958,0.00260169,4.146,0,6.35e-06,0.000289,8.31e-05,7.51e-06,0,6.93e-06,0.000582582,6.18e-05,2.89e-05,5.77e-06,2.54e-05,9.24e-06,6.95916e-05,4.04e-05,0.306371,0.00177463,0.968514,0.208287,0.000174098,3.79689e-05,0.000537966,0.000137406,33.4443,0.0183614,-0.000847573,0.00010603,4.98234e-05,0.000106092,0.00358229,0.00151399,0.0152771,0.00151399,-0.000138543,6.49367e-06,0.0118251,0.00920683,0.0176459,0.0177398,0.0629222,1.02579,228,10,0.994392,0.992224,0.992224,0.993272,8.90641e-05,3.28619e-07,0.000179345,5.76153e-05
ERF_Log_File_20240903_1543.csv,ig_zn_diff,12,emfpe,3,0,filled_square,3.6um_lp,ERF_OSA207_Spectra_20240903_1542.csv,1.40944e+09,4.98489,0.000225969,0.89812,0.00372411,34.1716,4.38728,0.000200254,0.018224,2,0.136636,0.0025279,4.275,0,6.35e-06,0.000289,8.31e-05,7.51e-06,0,6.93e-06,0.000607007,6.18e-05,2.89e-05,5.77e-06,2.54e-05,9.24e-06,8.79877e-05,4.04e-05,0.194662,0.00277421,0.968486,0.0822044,5.5071e-05,2.51982e-05,0.000247285,3.85235e-05,60.431,0.0152725,-0.000959484,4.88873e-05,6.99969e-05,4.89191e-05,0.00357242,0.000736322,0.0106771,0.00073632,7.86228e-05,3.16114e-06,0.0112555,0.0110004,0.0140603,0.0142774,0.0525322,1.03395,228,10,0.994356,0.991939,0.991939,0.993143,6.02929e-05,5.5213e-07,0.00019275,2.38377e-05
ERF_Log_File_20240903_1616.csv,ig_zn_diff,12,emfpe,3,0,filled_square,3.6um_lp,ERF_OSA207_Spectra_20240903_1616.csv,1.40944e+09,2.43608,0.000102114,0.894579,0.00311463,34.1721,4.43461,0.000113127,0.0176184,2,0.13597,0.00163306,4.342,0,6.35e-06,0.000289,8.31e-05,7.51e-06,0,6.93e-06,0.000613662,6.18e-05,2.89e-05,5.77e-06,2.54e-05,9.24e-06,9.2873e-05,4.04e-05,0.188531,0.00391519,0.96834,0.0761171,6.00973e-05,2.49257e-05,0.000304203,3.24297e-05,71.9492,0.0224495,-0.000938958,5.9664e-05,0.000135658,5.96849e-05,0.00431641,0.000669031,0.0120007,0.00066903,0.000102202,2.87506e-06,0.00638823,0.012877,0.0179617,0.0114105,0.0762759,1.045,228,10,0.994346,0.991862,0.991862,0.993109,5.93445e-05,7.93882e-07,0.00019635,2.23457e-05
ERF_Log_File_20240903_1650.csv,ig_zn_diff,12,emfpe,3,0,filled_square,3.6um_lp,ERF_OSA207_Spectra_20240903_1650.csv,1.40944e+09,2.6029,0.000118865,0.894802,0.00199328,34.1715,4.49156,6.5463e-05,0.0186719,2,0.150926,0.0012083,4.411,0,6.35e-06,0.000289,8.31e-05,7.51e-06,0,6.93e-06,0.00062178,6.18e-05,2.89e-05,5.77e-06,2.54e-05,9.24e-06,9.87513e-05,4.04e-05,0.198579,0.00689407,0.967463,0.084631,5.32091e-05,2.07121e-05,0.000246872,3.25904e-05,76.3479,0.0192155,-0.000938287,4.87955e-05,0.00019428,4.88335e-05,0.00407437,0.000801298,0.0110873,0.000801296,7.76258e-05,3.43967e-06,0.0114644,0.011623,0.0158162,0.0141995,0.0668206,0.99027,228,10,0.994334,0.99177,0.99177,0.993068,6.37101e-05,1.42923e-06,0.000200568,2.52122e-05
ERF_Log_File_20240903_1724.csv,ig_zn_diff,12,emfpe,3,0,filled_square,3.6um_lp,ERF_OSA207_Spectra_20240903_1723.csv,1.40944e+09,2.69431,0.000103082,0.897203,0.00151233,34.1712,4.56289,6.86923e-05,0.0191997,2,0.162665,0.0013154,4.483,0,6.35e-06,0.000289,8.31e-05,7.51e-06,0,6.93e-06,0.000630628,6.18e-05,2.89e-05,5.77e-06,2.54e-05,9.24e-06,9.02751e-05,4.04e-05,0.200738,0.0156578,0.968267,0.0876056,4.00235e-05,2.14707e-05,0.000181315,2.95603e-05,78.3818,0.0145562,-0.00100647,3.5791e-05,0.000167361,3.58093e-05,0.00229226,0.000480324,0.0117382,0.000480323,8.04431e-05,2.06203e-06,0.00827765,0.0119918,0.0128062,0.0139626,0.0493699,1.04299,228,10,0.994319,0.991654,0.991654,0.993016,6.59226e-05,3.33613e-06,0.000206304,2.65772e-05
ERF_Log_File_20240903_1757.csv,ig_zn_diff,12,emfpe,3,0,filled_square,3.6um_lp,ERF_OSA207_Spectra_20240903_1757.csv,1.40944e+09,2.76704,8.16226e-05,0.897733,0.00124062,34.1708,4.64478,8.12124e-05,0.0200669,2,0.168613,0.00147431,4.556,0,6.35e-06,0.000289,8.31e-05,7.51e-06,0,6.93e-06,0.000642639,6.18e-05,2.89e-05,5.77e-06,2.54e-05,9.24e-06,7.81047e-05,4.04e-05,0.157377,0.0432462,0.968106,0.0603409,4.62176e-05,2.31481e-05,0.000275764,2.54706e-05,79.8311,0.0226287,-0.00089603,5.39367e-05,0.000166771,5.39525e-05,0.00475745,0.000555176,0.0115115,0.000555175,6.97549e-05,2.38393e-06,0.0070143,0.0112572,0.0151715,0.010884,0.0777866,1.04242,228,10,0.994302,0.991521,0.991521,0.992957,5.30479e-05,9.50326e-06,0.000212739,1.86867e-05
ERF_Log_File_20240903_1831.csv,ig_zn_diff,12,emfpe,3,0,filled_square,3.6um_lp,ERF_OSA207_Spectra_20240903_1831.csv,1.40945e+09,2.81968,9.07802e-05,0.90154,0.00102649,34.1711,4.73586,8.95693e-05,0.0195961,2,0.173487,0.00166152,4.632,0,6.35e-06,0.000289,8.31e-05,7.51e-06,0,6.93e-06,0.000654766,6.18e-05,2.89e-05,5.77e-06,2.54e-05,9.24e-06,6.45679e-05,4.04e-05,0.0738531,0.136477,0.968389,0.0209438,2.59069e-05,4.88403e-05,0.000267254,2.56849e-05,80.4177,0.0220916,-0.00103101,5.23404e-05,0.000147664,5.23563e-05,0.00469388,0.000550272,0.0120676,0.00055027,1.30659e-05,2.36278e-06,0.00932493,0.0181237,0.0148468,0.0144853,0.0697946,1.04318,228,10,0.994282,0.991371,0.991371,0.992891,2.56041e-05,3.10182e-05,0.000220093,6.63408e-06
ERF_Log_File_20240903_1905.csv,ig_zn_diff,12,emfpe,3,0,filled_square,3.6um_lp,ERF_OSA207_Spectra_20240903_1904.csv,1.40945e+09,2.80151,0.00013696,0.901301,0.000820939,34.1716,4.82749,9.48498e-05,0.0200554,2,0.178841,0.00177622,4.71,0,6.35e-06,0.000289,8.31e-05,7.51e-06,0,6.93e-06,0.000667679,6.18e-05,2.89e-05,5.77e-06,2.54e-05,9.24e-06,5.09485e-05,4.04e-05,0.018026,0.35865,0.968499,0.00419303,1.57418e-05,8.11834e-05,0.000212894,2.23008e-05,78.7162,0.0165348,-0.00103553,4.10249e-05,0.000142533,4.11093e-05,0.00428236,0.00108538,0.0109611,0.00108538,4.71961e-05,4.65523e-06,0.00866094,0.0166533,0.0362092,0.012608,0.0557507,1.04476,228,10,0.994262,0.99122,0.99122,0.992825,6.42317e-06,8.4265e-05,0.000227549,1.35821e-06
ERF_Log_File_20240903_1939.csv,ig_zn_diff,12,emfpe,3,0,filled_square,3.6um_lp,ERF_OSA207_Spectra_20240903_1938.csv,1.40945e+09,2.73937,8.25548e-05,0.89899,0.000694653,34.1723,4.92316,0.0001148,0.0210107,2,0.184179,0.0019075,4.791,0,6.35e-06,0.000289,8.31e-05,7.51e-06,0,6.93e-06,0.000680513,6.18e-05,2.89e-05,5.77e-06,2.54e-05,9.24e-06,3.67304e-05,4.04e-05,0.00368151,0.62881,0.969865,0.0010513,1.44014e-05,0.000100153,0.00014732,2.22762e-05,75.4637,0.0111971,-0.000992803,2.88952e-05,0.000128187,2.89315e-05,0.00420451,0.000599658,0.0126381,0.000599656,3.18355e-05,2.57302e-06,0.00781743,0.0206368,0.016139,0.012097,0.038078,1.04256,228,10,0.994241,0.991062,0.991062,0.992756,1.34873e-06,0.000152846,0.000235747,3.48453e-07
ERF_Log_File_20240903_2012.csv,ig_zn_diff,12,emfpe,3,0,filled_square,3.6um_lp,ERF_OSA207_Spectra_20240903_2012.csv,1.40945e+09,2.63255,8.36985e-05,0.901119,0.00130869,34.1707,5.02769,0.000110352,0.0213264,2,0.190012,0.00198613,4.875,0,6.35e-06,0.000289,8.31e-05,7.51e-06,0,6.93e-06,0.00069549,6.18e-05,2.89e-05,5.77e-06,2.54e-05,9.24e-06,2.66437e-05,4.04e-05,0.00083965,0.7557,0.969619,0.000262365,1.47669e-05,0.000228897,0.000291467,2.60158e-05,70.8929,0.0212074,-0.00107203,5.65559e-05,0.000144458,5.65691e-05,0.00405417,0.000530401,0.0116289,0.0005304,2.1934e-06,2.27782e-06,0.00752212,0.0183989,0.0144271,0.0132538,0.071692,1.04564,228,10,0.994218,0.990889,0.990889,0.9927,3.16763e-07,0.000190483,0.000244404,8.8556e-08
ERF_Log_File_20240903_2046.csv,ig_zn_diff,12,emfpe,3,0,filled_square,3.6um_lp,ERF_OSA207_Spectra_20240903_2046.csv,1.40945e+09,2.52608,0.000108444,0.901063,0.00279715,34.1717,5.15437,9.41215e-05,0.0215502,2,0.196975,0.00175259,4.961,0,6.35e-06,0.000289,8.31e-05,7.51e-06,0,6.93e-06,0.00071281,6.18e-05,2.89e-05,5.77e-06,2.54e-05,9.24e-06,3.27493e-05,4.04e-05,0.000127481,0.77631,0.969979,7.27718e-05,1.432e-05,0.00024992,0.000310551,2.78424e-05,66.3315,0.0210788,-0.0010847,6.06575e-05,5.04514e-05,6.0677e-05,0.00342036,0.000658179,0.0119781,0.000658178,1.40492e-05,2.82642e-06,0.00682921,0.0195465,0.0174737,0.0132769,0.071366,1.04475,228,10,0.99419,0.990678,0.990678,0.9927,4.9768e-08,0.000204268,0.000255227,2.45627e-08
ERF_Log_File_20240903_2120.csv,ig_zn_diff,12,emfpe,3,0,filled_square,3.6um_lp,ERF_OSA207_Spectra_20240903_2119.csv,1.40946e+09,2.45746,8.92395e-05,0.903748,0.00503244,34.1709,5.26702,0.000111069,0.0205673,2,0.205158,0.00176682,5.05,0,6.35e-06,0.000289,8.31e-05,7.51e-06,0,6.93e-06,0.000728191,6.18e-05,2.89e-05,5.77e-06,2.54e-05,9.24e-06,3.81786e-05,4.04e-05,7.31501e-05,0.779256,0.970729,0.000111074,1.60311e-05,0.000208164,0.000257648,3.06155e-05,63.2205,0.0166623,-0.00101088,5.0271e-05,6.75422e-05,5.02868e-05,0.00236076,0.000538527,0.00929596,0.000538526,5.87702e-06,2.31248e-06,0.00728373,0.0155049,0.0137142,0.0139097,0.05589,1.04554,228,10,0.994164,0.99049,0.99049,0.9927,2.9407e-08,0.000212827,0.000265121,3.74908e-08
ERF_Log_File_20240903_2153.csv,ig_zn_diff,12,emfpe,3,0,filled_square,3.6um_lp,ERF_OSA207_Spectra_20240903_2153.csv,1.40946e+09,2.37219,8.50379e-05,0.901775,0.00626994,34.1719,5.35791,0.000131967,0.0199067,2,0.208696,0.00233624,5.142,0,6.35e-06,0.000289,8.31e-05,7.51e-06,0,6.93e-06,0.000740718,6.18e-05,2.89e-05,5.77e-06,2.54e-05,9.24e-06,4.25594e-05,4.04e-05,2.09381e-05,0.7734,0.970666,3.00711e-05,1.58836e-05,0.000247416,0.00030804,3.67673e-05,60.2676,0.0190682,-0.000987569,5.88324e-05,8.89417e-05,5.88417e-05,0.0038266,0.000461995,0.0129312,0.000461994,4.87788e-05,1.98414e-06,0.00688026,0.0159147,0.0102502,0.0159218,0.0647422,1.04562,228,10,0.994144,0.990338,0.990338,0.9927,8.61247e-09,0.000217537,0.000273023,1.01499e-08
ERF_Log_File_20240904_0920.csv,ig_zn_diff,12,emfpe,3,0,filled_square,3.6um_lp,ERF_OSA207_Spectra_20240904_0920.csv,1.4095e+09,4.24712,0.000172107,0.76722,0.0245794,34.1722,5.54299,0.000614329,0.0147743,2,0.214943,0.00486503,5.336,0,6.35e-06,0.000289,8.31e-05,7.51e-06,0,6.93e-06,0.00076612,6.18e-05,2.89e-05,5.77e-06,2.54e-05,9.24e-06,5.14791e-05,4.04e-05,0.000340611,0.723836,0.959893,9.87087e-05,1.92585e-05,0.000502431,0.000589787,2.995e-05,42.6311,0.0253784,-0.00146247,0.000116221,0.000359407,0.000116442,0.00405413,0.00295877,0.010611,0.00295877,-0.00041174,1.26938e-05,0.00590507,0.08318,0.0418076,0.00920636,0.086791,1.04125,228,10,0.994102,0.990027,0.990027,0.9927,1.46518e-07,0.000215816,0.000286198,3.33172e-08
ERF_Log_File_20240904_0954.csv,ig_zn_diff,12,emfpe,3,0,filled_square,3.6um_lp,ERF_OSA207_Spectra_20240904_0954.csv,1.4095e+09,4.99432,0.000142641,0.809583,0.0142043,34.1723,5.44983,0.000137044,0.0154752,2,0.217319,0.00177907,5.238,0,6.35e-06,0.000289,8.31e-05,7.51e-06,0,6.93e-06,0.00075386,6.18e-05,2.89e-05,5.77e-06,2.54e-05,9.24e-06,4.69896e-05,4.04e-05,0.000115699,0.754762,0.965295,1.0043e-05,1.53656e-05,0.000433765,0.000601916,3.20988e-05,50.3119,0.0286277,-0.00117542,0.000110013,-0.000128115,0.000110081,0.00413452,0.00162782,0.010275,0.00162782,8.82086e-05,6.98932e-06,0.00555708,0.0217393,0.0898003,0.0116027,0.0970346,1.04561,228,10,0.994123,0.990184,0.990184,0.9927,4.86754e-08,0.000218589,0.000279562,3.38981e-09
ERF_Log_File_20240904_1031.csv,ig_zn_diff,12,emfpe,3,0,filled_square,3.6um_lp,ERF_OSA207_Spectra_20240904_1031.csv,1.4095e+09,3.58137,0.000159307,0.792113,0.0340092,34.1714,5.64338,0.000207662,0.0151451,2,0.231641,0.0028408,5.439,0,6.35e-06,0.000289,8.31e-05,7.51e-06,0,6.93e-06,0.000780876,6.18e-05,2.89e-05,5.77e-06,2.54e-05,9.24e-06,5.63175e-05,4.04e-05,0.000576406,0.672392,0.954945,0.000145998,2.00861e-05,0.000424763,0.00094248,4.39285e-05,36.39,0.0207195,-0.00135703,0.000111603,-0.000469883,0.000112393,0.00451111,0.00548009,0.0130696,0.00548008,0.000311206,2.34256e-05,0.00525655,0.0476586,0.2024,0.0114762,0.0701179,1.04577,228,10,0.994079,0.989858,0.989858,0.9927,2.5379e-07,0.000206736,0.00029361,4.92787e-08
ERF_Log_File_20240904_1105.csv,ig_zn_diff,12,emfpe,3,0,filled_square,3.6um_lp,ERF_OSA207_Spectra_20240904_1104.csv,1.40951e+09,2.87899,0.000192548,0.768913,0.0523795,34.1719,5.75509,0.000426771,0.0145091,2,0.241614,0.0042814,5.545,0,6.35e-06,0.000289,8.31e-05,7.51e-06,0,6.93e-06,0.000796082,6.18e-05,2.89e-05,5.77e-06,2.54e-05,9.24e-06,6.17015e-05,4.04e-05,0.000649046,0.614228,0.954179,0.000292662,4.1195e-05,0.000483946,0.000807336,6.84151e-05,29.2819,0.018121,-0.00150709,0.000121428,-0.000368462,0.000122921,0.00872726,0.00788606,0.0171859,0.00788604,0.00186885,3.35993e-05,0.00871807,0.0635903,0.114378,0.0143177,0.0612271,1.04575,228,10,0.994054,0.989669,0.989669,0.9927,2.93046e-07,0.000195286,0.000303369,9.87821e-08
ERF_Log_File_20240904_1138.csv,ig_zn_diff,12,emfpe,3,0,filled_square,3.6um_lp,ERF_OSA207_Spectra_20240904_1138.csv,1.40951e+09,4.84859,0.000295407,0.72667,0.0663965,34.1721,5.892,0.000253085,0.0115887,2,0.26743,0.00366587,5.655,0,6.35e-06,0.000289,8.31e-05,7.51e-06,0,6.93e-06,0.000815179,6.18e-05,2.89e-05,5.77e-06,2.54e-05,9.24e-06,6.83003e-05,4.04e-05,0.000605661,0.600118,0.969508,0.000508291,3.81671e-05,0.000944428,0.00151655,7.26956e-05,24.0633,0.0367638,-0.00217661,0.000296833,-0.000605194,0.000297108,0.011873,0.00531209,0.0162241,0.00531208,0.0030647,2.28017e-05,0.00666369,0.039474,0.0555867,0.0124634,0.125036,1.04538,228,10,0.994023,0.989437,0.989437,0.9927,2.81715e-07,0.000198604,0.00032085,1.71564e-07
ERF_Log_File_20240904_1212.csv,ig_zn_diff,12,emfpe,3,0,filled_square,3.6um_lp,ERF_OSA207_Spectra_20240904_1212.csv,1.40951e+09,4.93386,0.000385966,0.621686,0.0416821,34.1718,6.06,0.000349291,0.0114627,2,0.276765,0.00230223,5.77,0,6.35e-06,0.000289,8.31e-05,7.51e-06,0,6.93e-06,0.000837723,6.18e-05,2.89e-05,5.77e-06,2.54e-05,9.24e-06,7.40012e-05,4.04e-05,0.000733959,0.612979,0.988056,0.000632993,4.93995e-05,0.000963715,0.00151605,8.9029e-05,22.5405,0.0336909,-0.00127697,0.000291061,-0.00112936,0.00029143,0.00545416,0.00598031,0.0144749,0.0059803,0.00162012,2.56554e-05,0.0080405,0.0494048,0.0540761,0.0143542,0.114386,1.0454,228,10,0.993998,0.989153,0.989153,0.9927,3.49224e-07,0.00021279,0.000342995,2.13654e-07
ERF_Log_File_20240904_1246.csv,ig_zn_diff,12,emfpe,3,0,filled_square,3.6um_lp,ERF_OSA207_Spectra_20240904_1245.csv,1.40951e+09,5.4752,0.000938732,0.558575,0.0227814,34.1714,6.22514,0.000230953,0.0106465,2,0.22282,0.00313819,5.889,0,6.35e-06,0.000289,8.31e-05,7.51e-06,0,6.93e-06,0.000860521,6.18e-05,2.89e-05,5.77e-06,2.54e-05,9.24e-06,7.53663e-05,4.04e-05,0.00144702,0.604207,0.982015,0.00105219,4.51863e-05,0.000528315,0.000715525,6.02706e-05,23.9517,0.0169465,-0.000501952,0.000138119,0.000113197,0.000138378,0.000876759,0.00348483,0.0130023,0.00348482,0.000156096,1.49489e-05,0.00777859,0.0535494,0.029231,0.0103674,0.0573775,1.04585,228,10,0.993998,0.988872,0.988872,0.9927,6.88503e-07,0.000219522,0.000356788,3.55147e-07
ERF_Log_File_20240904_1322.csv,ig_zn_diff,12,emfpe,3,0,filled_square,3.6um_lp,ERF_OSA207_Spectra_20240904_1322.csv,1.40951e+09,3.8842,0.000274596,0.512267,0.0302237,34.1716,6.34595,0.000426233,0.00922949,2,0.250561,0.00520037,6.013,6.41135,6.35e-06,0.000289,8.31e-05,7.51e-06,0,6.93e-06,0.000877119,6.18e-05,2.89e-05,5.77e-06,2.54e-05,9.24e-06,7.63648e-05,4.04e-05,0.00268763,0.624626,0.992365,0.0024465,6.16703e-05,0.00124159,0.0017086,0.000110757,16.5818,0.0271063,-0.00106128,0.000319768,0.000805381,0.000320746,0.00576298,0.0103104,0.0155566,0.0103104,0.000618966,4.41668e-05,0.00734407,0.0830685,0.0644502,0.013165,0.0918911,1.04562,228,10,0.993998,0.988667,0.988667,0.9927,1.2788e-06,0.000234431,0.000372448,8.25768e-07
ERF_Log_File_20240904_1358.csv,ig_zn_diff,12,emfpe,3,0,filled_square,3.6um_lp,ERF_OSA207_Spectra_20240904_1358.csv,1.40952e+09,3.07271,0.000280928,0.501665,0.0404667,34.1716,6.5145,0.00101493,0.0114459,2,0.339768,0.00540148,6.141,6.57532,6.35e-06,0.000289,8.31e-05,7.51e-06,0,6.93e-06,0.000901404,6.18e-05,2.89e-05,5.77e-06,2.54e-05,9.24e-06,7.7758e-05,4.04e-05,0.00347777,0.667887,1.00801,0.00393151,8.97372e-05,0.00174017,0.00158701,0.000144118,13.2201,0.0143086,-0.000801957,0.000212727,0.000333435,0.000219007,0.00686165,0.0217552,0.0232784,0.0217552,-0.000156105,9.15195e-05,0.00853964,0.155348,0.105472,0.0137037,0.0471459,1.04424,228,10,0.993998,0.988379,0.988379,0.9927,1.65475e-06,0.000261985,0.000395402,1.327e-06
ERF_Log_File_20240904_1434.csv,ig_zn_diff,12,emfpe,3,0,filled_square,3.6um_lp,ERF_OSA207_Spectra_20240904_1434.csv,1.40952e+09,3.91542,0.000331722,0.54962,0.0387985,34.172,6.70391,0.000474356,0.0117675,2,0.291845,0.00652049,6.275,6.75502,6.35e-06,0.000289,8.31e-05,7.51e-06,0,6.93e-06,0.000926673,6.18e-05,2.89e-05,5.77e-06,2.54e-05,9.24e-06,7.93236e-05,4.04e-05,0.00265279,0.673431,1.00717,0.00290758,6.20882e-05,0.00156793,0.00272068,0.000107711,16.6573,0.036931,0.000657895,0.000433614,0.00117147,0.00043489,0.00600347,0.013652,0.00350127,0.013652,0.000193793,5.85264e-05,0.00741079,0.053304,0.196245,0.0128917,0.127093,1.04113,228,10,0.993998,0.988056,0.988056,0.9927,1.26222e-06,0.000277178,0.000414542,9.81396e-07
ERF_Log_File_20240904_1511.csv,ig_zn_diff,12,emfpe,3,0,filled_square,3.6um_lp,ERF_OSA207_Spectra_20240904_1510.csv,1.40952e+09,5.37355,0.000546705,0.629221,0.024515,34.1716,6.8518,0.00144724,0.0110102,2,0.282705,0.0120771,6.415,6.88898,6.35e-06,0.000289,8.31e-05,7.51e-06,0,6.93e-06,0.00094745,6.18e-05,2.89e-05,5.77e-06,2.54e-05,9.24e-06,8.0546e-05,4.04e-05,0.00127833,0.626506,0.987481,0.0010998,4.9042e-05,0.000955431,0.00165652,6.74582e-05,23.2281,0.0349618,-0.000433216,0.000291987,0.000519283,0.000292232,0.00169929,0.00492506,0.0133522,0.00492504,-0.000348604,2.11376e-05,0.00817293,0.0251596,0.123847,0.0112706,0.118689,1.04531,228,10,0.993998,0.987804,0.987804,0.9927,6.08239e-07,0.000267451,0.000421548,3.71216e-07
ERF_Log_File_20240904_1547.csv,ig_zn_diff,12,emfpe,3,0,filled_square,3.6um_lp,ERF_OSA207_Spectra_20240904_1547.csv,1.40952e+09,3.29783,0.000160858,0.682614,0.0205081,34.1715,7.02458,0.000365101,0.0121339,2,0.304919,0.00249493,6.561,7.06233,6.35e-06,0.000289,8.31e-05,7.51e-06,0,6.93e-06,0.000971265,6.18e-05,2.89e-05,5.77e-06,2.54e-05,9.24e-06,8.12369e-05,4.04e-05,0.000488989,0.595845,0.980629,0.000393693,4.86328e-05,0.000568479,0.000969504,7.62625e-05,28.4886,0.0265072,-0.00108562,0.000181204,0.000370564,0.000181434,-0.00124457,0.00377599,0.00930731,0.00377598,-0.000581411,1.61915e-05,0.00993837,0.0253325,0.0678447,0.01564,0.0899401,1.0457,228,10,0.993998,0.987508,0.987508,0.9927,2.32666e-07,0.000265145,0.00043637,1.32883e-07
ERF_Log_File_20240904_1623.csv,ig_zn_diff,12,emfpe,3,0,filled_square,3.6um_lp,ERF_OSA207_Spectra_20240904_1623.csv,1.40952e+09,3.94286,0.000174327,0.742984,0.0133919,34.1714,7.23287,9.58962e-05,0.0116374,2,0.33263,0.00164426,6.713,7.28663,6.35e-06,0.000289,8.31e-05,7.51e-06,0,6.93e-06,0.000999676,6.18e-05,2.89e-05,5.77e-06,2.54e-05,9.24e-06,7.67117e-05,4.04e-05,0.000198407,0.574826,0.973292,-4.11061e-05,3.90644e-05,0.000299451,0.000508305,5.66363e-05,33.9244,0.0170894,-0.00128376,9.80908e-05,0.000319682,9.82122e-05,0.000108321,0.00202362,0.0126664,0.00202361,-0.000451479,8.67921e-06,0.00951475,0.0190954,0.0316496,0.0138322,0.057631,1.04476,228,10,0.993998,0.987152,0.987152,0.9927,9.44039e-08,0.000268509,0.000454637,-1.38745e-08
ERF_Log_File_20240904_1700.csv,ig_zn_diff,12,emfpe,3,0,filled_square,3.6um_lp,ERF_OSA207_Spectra_20240904_1659.csv,1.40953e+09,4.61597,0.00016018,0.809114,0.00665775,34.1719,7.46921,0.00012282,0.0109706,2,0.347755,0.00124931,6.873,7.5436,6.35e-06,0.000289,8.31e-05,7.51e-06,0,6.93e-06,0.00103286,6.18e-05,2.89e-05,5.77e-06,2.54e-05,9.24e-06,7.15768e-05,4.04e-05,7.17126e-05,0.551782,0.971937,-0.000142881,2.50261e-05,0.000595568,0.0010456,4.04782e-05,39.3085,0.0421945,-0.00115496,0.000194677,6.759e-05,0.000194696,0.00427493,0.00127755,0.0147609,0.00127754,-0.000171519,5.48389e-06,0.00706566,0.0176035,0.0194457,0.0114401,0.145715,1.04567,228,10,0.993998,0.986747,0.986747,0.9927,3.41215e-08,0.000271814,0.000478788,-4.82267e-08
ERF_Log_File_20240904_1736.csv,ig_zn_diff,12,emfpe,3,0,filled_square,3.6um_lp,ERF_OSA207_Spectra_20240904_1736.csv,1.40953e+09,4.90878,0.000155041,0.849102,0.0037936,34.1719,7.69363,0.000108829,0.0108967,2,0.356298,0.00159468,7.039,7.80266,6.35e-06,0.000289,8.31e-05,7.51e-06,0,6.93e-06,0.00106398,6.18e-05,2.89e-05,5.77e-06,2.54e-05,9.24e-06,6.6701e-05,4.04e-05,0.000128353,0.54549,0.972238,-6.22593e-05,2.18589e-05,0.000346641,0.000615026,3.59284e-05,41.2139,0.0259992,-0.00141171,0.000116248,0.000256852,0.000116263,0.00293052,0.000848029,0.0177759,0.000848027,-0.000103657,3.63846e-06,0.00647139,0.0123747,0.0134781,0.0106434,0.0881287,1.04584,228,10,0.993998,0.986363,0.986363,0.9927,6.10713e-08,0.000282127,0.000502841,-2.10144e-08
ERF_Log_File_20240904_1813.csv,ig_zn_diff,12,emfpe,3,0,filled_square,3.6um_lp,ERF_OSA207_Spectra_20240904_1812.csv,1.40953e+09,4.87421,0.000153713,0.852466,0.00182411,34.1711,7.85582,0.000143991,0.0105198,2,0.373644,0.00175685,7.214,7.8987,6.35e-06,0.000289,8.31e-05,7.51e-06,0,6.93e-06,0.00108664,6.18e-05,2.89e-05,5.77e-06,2.54e-05,9.24e-06,6.31774e-05,4.04e-05,0.00010362,0.550303,0.972066,-6.13423e-05,2.983e-05,0.000202088,0.000349358,4.5917e-05,40.0518,0.0142734,-0.00203037,6.8543e-05,0.000230426,6.85715e-05,0.00077394,0.000871292,0.0126647,0.00087129,-5.0651e-05,3.73756e-06,0.00858448,0.0140299,0.0129851,0.013218,0.0479666,1.04565,228,10,0.993998,0.986085,0.986085,0.9927,4.93031e-08,0.000294515,0.000520237,-2.07049e-08
ERF_Log_File_20240904_1849.csv,ig_zn_diff,12,emfpe,3,0,filled_square,3.6um_lp,ERF_OSA207_Spectra_20240904_1849.csv,1.40953e+09,4.72825,0.000157754,0.850767,0.00188424,34.172,8.0614,0.000363735,0.00831269,2,0.446378,0.00220815,7.396,8.00973,6.35e-06,0.000289,8.31e-05,7.51e-06,0,6.93e-06,0.00111479,6.18e-05,2.89e-05,5.77e-06,2.54e-05,9.24e-06,6.01223e-05,4.04e-05,4.79067e-05,0.559814,0.97152,-0.000168179,2.84442e-05,0.00037119,0.000636896,5.61305e-05,38.0139,0.0248532,-0.00214122,0.0001213,0.000170977,0.000121313,0.00584979,0.000933893,0.0143301,0.000933891,-7.86675e-05,4.00745e-06,0.0077961,0.0171321,0.0130104,0.0153917,0.0655198,1.03826,228,10,0.993998,0.985733,0.985733,0.9927,2.27944e-08,0.000312511,0.000542344,-5.67656e-08
ERF_Log_File_20240904_1926.csv,ig_zn_diff,12,emfpe,3,0,filled_square,3.6um_lp,ERF_OSA207_Spectra_20240904_1925.csv,1.40954e+09,4.49855,0.000141077,0.850516,0.00200643,34.172,8.31366,0.000143849,0.00850436,2,0.455816,0.00225132,7.588,8.2453,6.35e-06,0.000289,8.31e-05,7.51e-06,0,6.93e-06,0.0011497,6.18e-05,2.89e-05,5.77e-06,2.54e-05,9.24e-06,6.04404e-05,4.04e-05,0.00017594,0.571279,0.972928,-5.58399e-05,3.63935e-05,0.00031013,0.000521816,5.44176e-05,36.1011,0.0192804,-0.00226548,0.00010084,0.000107674,0.000100858,0.000925409,0.000929633,0.0160942,0.000929631,-6.66777e-05,3.99131e-06,0.00943874,0.0144185,0.0123859,0.014119,0.0653169,1.04587,228,10,0.993998,0.9853,0.9853,0.9927,8.37139e-08,0.000335289,0.000571021,-1.88476e-08
ERF_Log_File_20240904_2002.csv,ig_zn_diff,12,emfpe,3,0,filled_square,3.6um_lp,ERF_OSA207_Spectra_20240904_2001.csv,1.40954e+09,4.18695,0.00015178,0.854156,0.00231262,34.1714,8.54975,0.000143553,0.00953674,2,0.455316,0.0019438,7.79,8.51641,6.35e-06,0.000289,8.31e-05,7.51e-06,0,6.93e-06,0.00118231,6.18e-05,2.89e-05,5.77e-06,2.54e-05,9.24e-06,6.07381e-05,4.04e-05,9.37477e-05,0.578112,0.974701,1.27756e-05,3.9695e-05,0.000359953,0.000601751,6.03608e-05,33.994,0.0209177,-0.00190868,0.000114894,5.09354e-05,0.00011491,0.00269279,0.000937051,0.0176984,0.000937049,-7.46444e-05,4.02198e-06,0.00969861,0.0135834,0.0117032,0.0147545,0.0711454,1.04485,228,10,0.993998,0.984895,0.984895,0.9927,4.4606e-08,0.00035502,0.000598566,4.31214e-09
ERF_Log_File_20240904_2038.csv,ig_zn_diff,12,emfpe,3,0,filled_square,3.6um_lp,ERF_OSA207_Spectra_20240904_2038.csv,1.40954e+09,3.81661,0.000187961,0.852359,0.00290366,34.1706,8.80431,0.000169673,0.00966252,2,0.489344,0.00210829,8.002,8.80822,6.35e-06,0.000289,8.31e-05,7.51e-06,0,6.93e-06,0.00121753,6.18e-05,2.89e-05,5.77e-06,2.54e-05,9.24e-06,6.10591e-05,4.04e-05,9.94606e-05,0.57622,0.979405,-7.06234e-05,4.72561e-05,0.000512237,0.000867923,6.74654e-05,30.8548,0.0273004,-0.0014036,0.000156475,-0.000207266,0.000156485,0.00540524,0.000904193,0.0160425,0.00090419,-7.8453e-05,3.88264e-06,0.0104766,0.0110235,0.0105678,0.014964,0.0936559,1.04547,228,10,0.993998,0.984459,0.984459,0.9927,4.73243e-08,0.000370974,0.000630547,-2.38375e-08
ERF_Log_File_20240904_2114.csv,ig_zn_diff,12,emfpe,3,0,filled_square,3.6um_lp,ERF_OSA207_Spectra_20240904_2114.csv,1.40954e+09,3.68216,0.000160847,0.849889,0.00296866,34.1709,9.01146,0.000235461,0.00979531,2,0.521024,0.0026671,8.226,9.03375,6.35e-06,0.000289,8.31e-05,7.51e-06,0,6.93e-06,0.00124702,6.18e-05,2.89e-05,5.77e-06,2.54e-05,9.24e-06,6.08093e-05,4.04e-05,8.57113e-05,0.572513,0.979357,-0.00016663,3.31605e-05,0.000237425,0.000394209,6.43919e-05,29.4742,0.0117584,-0.00175891,7.68671e-05,0.000219843,7.69038e-05,-0.000456656,0.00102416,0.0185094,0.00102415,-4.83509e-05,4.39436e-06,0.00705811,0.0144272,0.0103485,0.0137096,0.0398848,1.03518,228,10,0.993998,0.984104,0.984104,0.9927,4.07822e-08,0.000382585,0.00065446,-5.62426e-08
ERF_Log_File_20240905_1033.csv,ig_zn_diff,12,emfpe,3,0,filled_square,7.3um_lp,ERF_OSA207_Spectra_20240905_1033.csv,1.40959e+09,4.20353,0.000382832,0.848136,0.00209826,34.173,9.02148,0.000198133,0.0101262,2,0.507012,0.00272478,8.226,9.03446,6.35e-06,0.000289,8.31e-05,7.51e-06,0,6.93e-06,0.00124826,6.18e-05,2.89e-05,5.77e-06,2.54e-05,9.24e-06,6.03747e-05,4.04e-05,3.80236e-05,0.570082,0.976345,-7.81634e-05,1.74593e-05,0.000504833,0.000862052,5.23918e-05,33.9929,0.0299713,-0.00150999,0.000154596,0.000156876,0.000154604,0.0028673,0.000862086,0.0184701,0.000862084,0.000110122,3.70292e-06,0.00426791,0.0116869,0.0109283,0.0127987,0.101316,1.04491,228,10,0.993998,0.984087,0.984087,0.9927,1.8092e-08,0.000381639,0.000653609,-2.63825e-08
ERF_Log_File_20240905_1109.csv,ig_zn_diff,12,emfpe,3,0,filled_square,7.3um_lp,ERF_OSA207_Spectra_20240905_1109.csv,1.40959e+09,4.14987,0.000325876,0.857687,0.00104629,34.1723,9.25446,0.000196839,0.0090928,2,0.558809,0.00246178,8.462,9.26801,6.35e-06,0.000289,8.31e-05,7.51e-06,0,6.93e-06,0.00127967,6.18e-05,2.89e-05,5.77e-06,2.54e-05,9.24e-06,5.02772e-05,4.04e-05,-2.6285e-05,0.575132,0.976524,-3.31052e-05,3.40921e-05,0.000486605,0.000823598,5.19807e-05,33.1929,0.0279548,-0.00126953,0.000147998,6.32323e-05,0.000148007,0.00162871,0.000832716,0.0193125,0.000832714,9.73925e-05,3.57619e-06,0.008135,0.0111716,0.0103686,0.0123963,0.0952016,1.04552,228,10,0.993998,0.983687,0.983687,0.9927,-1.25066e-08,0.000401009,0.000680878,-1.1174e-08
ERF_Log_File_20240905_1145.csv,ig_zn_diff,12,emfpe,3,0,filled_square,7.3um_lp,ERF_OSA207_Spectra_20240905_1145.csv,1.40959e+09,4.10143,0.000336025,0.860707,0.000797775,34.1723,9.5429,0.000223837,0.0086766,2,0.592163,0.00288199,8.711,9.5412,6.35e-06,0.000289,8.31e-05,7.51e-06,0,6.93e-06,0.00131962,6.18e-05,2.89e-05,5.77e-06,2.54e-05,9.24e-06,3.77757e-05,4.04e-05,8.36154e-05,0.586651,0.976507,6.13062e-05,3.72557e-05,0.000329825,0.000543768,6.40783e-05,32.8519,0.0182388,-0.00154681,0.000103346,-4.86941e-05,0.000103361,0.00177232,0.000819263,0.021006,0.000819261,1.86573e-05,3.51915e-06,0.00879916,0.0124323,0.00974702,0.0151325,0.0618206,1.04488,228,10,0.993998,0.983193,0.983193,0.9927,3.9785e-08,0.000429476,0.000714881,2.06927e-08
ERF_Log_File_20240905_1221.csv,ig_zn_diff,12,emfpe,3,0,filled_square,7.3um_lp,ERF_OSA207_Spectra_20240905_1221.csv,1.4096e+09,4.00918,0.000361734,0.861823,0.00174884,34.1718,9.84591,0.000436106,0.00910539,2,0.602698,0.00435487,8.974,9.82503,6.35e-06,0.000289,8.31e-05,7.51e-06,0,6.93e-06,0.00136219,6.18e-05,2.89e-05,5.77e-06,2.54e-05,9.24e-06,2.46427e-05,4.04e-05,-3.2439e-06,0.600314,0.974291,-6.9342e-05,2.09494e-05,0.000485258,0.000783732,5.10177e-05,32.8087,0.0263077,-0.00133903,0.000148823,0.000152167,0.000148844,0.00303575,0.00114964,0.0200709,0.00114963,-3.19918e-05,4.93823e-06,0.00494257,0.0148433,0.0142825,0.0120389,0.0882888,1.04407,228,10,0.993998,0.982674,0.982674,0.9927,-1.54348e-09,0.000461727,0.000749369,-2.3405e-08
ERF_Log_File_20240905_1258.csv,ig_zn_diff,12,emfpe,3,0,filled_square,7.3um_lp,ERF_OSA207_Spectra_20240905_1257.csv,1.4096e+09,3.98675,0.000339698,0.861234,0.00195199,34.1716,10.0897,0.000399669,0.010164,2,0.632105,0.00449897,9.254,10.0733,6.35e-06,0.000289,8.31e-05,7.51e-06,0,6.93e-06,0.0013915,6.18e-05,2.89e-05,5.77e-06,2.54e-05,9.24e-06,2.76034e-05,4.04e-05,5.57694e-05,0.617138,0.973886,9.45938e-06,2.52625e-05,0.000580822,0.00091399,5.01716e-05,33.2957,0.0312063,-0.00135183,0.000163432,5.88327e-05,0.000163441,0.00109019,0.000892155,0.0225712,0.000892153,-8.18968e-05,3.83271e-06,0.00604511,0.0128109,0.011061,0.0120116,0.106688,1.04496,228,10,0.993998,0.982256,0.982256,0.9927,2.65356e-08,0.000493276,0.000778423,3.19283e-09
ERF_Log_File_20240905_1334.csv,ig_zn_diff,12,emfpe,3,0,filled_square,7.3um_lp,ERF_OSA207_Spectra_20240905_1333.csv,1.4096e+09,3.86378,0.000450993,0.862608,0.00218899,34.1725,10.3587,0.000706943,0.00949247,2,0.692015,0.00571575,9.55,10.3374,6.35e-06,0.000289,8.31e-05,7.51e-06,0,6.93e-06,0.00142753,6.18e-05,2.89e-05,5.77e-06,2.54e-05,9.24e-06,5.65309e-05,4.04e-05,0.000100785,0.635994,0.974193,-0.000125257,3.49563e-05,0.000564267,0.000862341,5.49199e-05,33.0751,0.0292308,-0.00143723,0.000155911,-4.8999e-05,0.00015592,0.00136301,0.000891544,0.0201695,0.000891542,-9.6062e-05,3.82959e-06,0.00830608,0.0118532,0.0114658,0.0130572,0.100102,1.04569,228,10,0.993998,0.981796,0.981796,0.9927,4.79543e-08,0.000529731,0.000811424,-4.22779e-08
ERF_Log_File_20240905_1410.csv,ig_zn_diff,12,emfpe,3,0,filled_square,7.3um_lp,ERF_OSA207_Spectra_20240905_1409.csv,1.4096e+09,3.5286,0.000372554,0.863183,0.00243108,34.172,10.745,0.00064331,0.00868247,2,0.795649,0.00569444,9.865,10.7,6.35e-06,0.000289,8.31e-05,7.51e-06,0,6.93e-06,0.00148674,6.18e-05,2.89e-05,5.77e-06,2.54e-05,9.24e-06,9.80634e-05,4.04e-05,-7.60224e-06,0.646335,0.979395,-0.000180082,2.89107e-05,0.000574854,0.000868602,4.88266e-05,31.587,0.0279447,-0.00137111,0.000161216,-9.34314e-05,0.000161233,0.00263598,0.00108915,0.0193178,0.00108915,-0.000107948,4.67857e-06,0.00656654,0.0137293,0.0133942,0.0110971,0.0955274,1.0437,228,10,0.993998,0.981135,0.981135,0.9927,-3.61721e-09,0.00056993,0.000863617,-6.07831e-08
ERF_Log_File_20240905_1446.csv,ig_zn_diff,12,emfpe,3,0,filled_square,7.3um_lp,ERF_OSA207_Spectra_20240905_1446.csv,1.40961e+09,3.02761,0.000355109,0.862587,0.0033679,34.1717,11.1777,0.000683766,0.00948124,2,0.859354,0.00778614,10.201,11.0717,6.35e-06,0.000289,8.31e-05,7.51e-06,0,6.93e-06,0.00154226,6.18e-05,2.89e-05,5.77e-06,2.54e-05,9.24e-06,0.000120144,4.04e-05,4.65667e-05,0.636085,0.979787,-5.22433e-05,2.46055e-05,0.000524268,0.00080272,6.45926e-05,29.3845,0.0240063,-0.00152882,0.00015108,0.000225157,0.000151099,0.00331228,0.00113261,0.0196721,0.0011326,-0.000226208,4.86476e-06,0.00519564,0.0148802,0.0124206,0.0136578,0.0815367,1.04431,228,10,0.993998,0.980395,0.980395,0.9927,2.21569e-08,0.0005962,0.000918352,-1.76337e-08
ERF_Log_File_20240905_1522.csv,ig_zn_diff,12,emfpe,3,0,filled_square,7.3um_lp,ERF_OSA207_Spectra_20240905_1522.csv,1.40961e+09,4.75194,0.000521706,0.863804,0.00400686,34.1719,11.604,0.0011471,0.0105775,2,0.92618,0.0100135,10.559,11.3179,6.35e-06,0.000289,8.31e-05,7.51e-06,0,6.93e-06,0.00161092,6.18e-05,2.89e-05,5.77e-06,2.54e-05,9.24e-06,0.00010736,4.04e-05,-7.24003e-06,0.636717,0.983052,-4.41575e-05,3.37842e-05,0.000738985,0.00114029,4.78475e-05,26.1939,0.0302933,-0.00165499,0.000210159,-0.000181194,0.000210177,0.00210989,0.00139534,0.0187421,0.00139533,-0.00018049,5.99387e-06,0.00636387,0.0121597,0.0157153,0.0090227,0.10324,1.04306,228,10,0.993998,0.979667,0.979667,0.9927,-3.44487e-09,0.000632124,0.00097596,-1.49045e-08
ERF_Log_File_20240905_1558.csv,ig_zn_diff,12,emfpe,3,0,filled_square,7.3um_lp,ERF_OSA207_Spectra_20240905_1558.csv,1.40961e+09,3.28432,0.000418507,0.862627,0.00563554,34.1711,12.0812,0.00138558,0.0107759,2,0.99562,0.0145432,10.943,12.5492,6.35e-06,0.000289,8.31e-05,7.51e-06,0,6.93e-06,0.00166459,6.18e-05,2.89e-05,5.77e-06,2.54e-05,9.24e-06,0.000118673,4.04e-05,2.64328e-05,0.648386,0.985787,0.000175245,3.79847e-05,0.00100144,0.00151371,6.43267e-05,22.2369,0.0340817,-0.00187115,0.000276948,6.54794e-05,0.000276969,0.000539046,0.00177936,0.0190495,0.00177935,-0.000424565,7.64443e-06,0.00620708,0.0228585,0.0109632,0.0105382,0.117797,0.99743,228,10,0.993998,0.978853,0.978853,0.9927,1.25769e-08,0.000684551,0.00104077,5.91503e-08
ERF_Log_File_20240905_1634.csv,ig_zn_diff,12,emfpe,3,0,filled_square,7.3um_lp,ERF_OSA207_Spectra_20240905_1634.csv,1.40961e+09,2.23487,0.000470648,0.871705,0.00408713,34.1712,12.5085,0.00187507,0.0099865,2,0.999156,0.00972327,11.354,12.6777,6.35e-06,0.000289,8.31e-05,7.51e-06,0,6.93e-06,0.00172639,6.18e-05,2.89e-05,5.77e-06,2.54e-05,9.24e-06,0.000240623,4.04e-05,-2.5357e-05,0.653205,0.982407,9.24464e-05,4.91269e-05,0.00146993,0.00220858,0.000101322,18.6723,0.0419227,-0.00133006,0.000383272,-3.7424e-05,0.00038329,0.005012,0.00194538,0.0219682,0.00194537,-0.000247118,8.35715e-06,0.0065881,0.0133817,0.0149728,0.0136077,0.146754,1.04536,228,10,0.993998,0.978124,0.978124,0.9927,-1.20651e-08,0.00072696,0.00109333,3.12034e-08
ERF_Log_File_20240905_1719.csv,ig_zn_diff,12,emfpe,3,0,filled_square,7.3um_lp,ERF_OSA207_Spectra_20240905_1719.csv,1.40961e+09,2.61508,0.000715402,0.864582,0.00529491,34.1723,12.9774,0.0026756,0.00695108,2,0.992212,0.0106395,11.796,12.9543,6.35e-06,0.000289,8.31e-05,7.51e-06,0,6.93e-06,0.00179613,6.18e-05,2.89e-05,5.77e-06,2.54e-05,9.24e-06,0.000374477,4.04e-05,-6.31589e-05,0.663425,0.987511,0.000367708,6.45466e-05,0.00163521,0.00242696,0.000136299,14.4686,0.0355056,-0.00166026,0.000432375,0.000253323,0.000432399,0.00365974,0.00245938,0.0200991,0.00245937,-0.000224721,1.05629e-05,0.00673337,0.0166851,0.0128164,0.0142372,0.124742,1.03739,228,10,0.993998,0.977325,0.977325,0.9927,-3.00516e-08,0.000780447,0.0011617,1.24113e-07
ERF_Log_File_20240905_1756.csv,ig_zn_diff,12,emfpe,3,0,filled_square,7.3um_lp,ERF_OSA207_Spectra_20240905_1755.csv,1.40962e+09,3.60154,0.00160529,0.873812,0.00386567,34.1715,13.3936,0.200139,0.409254,3,1.27547,0.0189551,12.272,13.3936,6.35e-06,0.000289,8.31e-05,7.51e-06,0,6.93e-06,0.0018481,6.18e-05,2.89e-05,5.77e-06,2.54e-05,9.24e-06,0.000235784,4.04e-05,8.2816e-05,0.68174,0.990735,0.000201467,8.18807e-05,0.00109345,0.00157997,0.000202974,10.6816,0.0169375,-0.0020475,0.000300707,5.40466e-05,0.000300775,0.00749632,0.0029405,0.0240792,0.00294049,-0.000302469,1.26317e-05,0.00627897,0.012613,0.0128726,0.0155933,0.0575349,1.04586,228,10,0.993998,0.976618,0.976618,0.9927,3.94046e-08,0.000840826,0.00122193,6.80012e-08
ERF_Log_File_20240905_1832.csv,ig_zn_diff,12,emfpe,3,0,filled_square,7.3um_lp,ERF_OSA207_Spectra_20240905_1831.csv,1.40962e+09,3.48573,0.00332964,0.871625,0.00406865,34.1714,13.9682,0.200385,0.213909,3,1.5201,0.0318646,12.787,13.9682,6.35e-06,0.000289,8.31e-05,7.51e-06,0,6.93e-06,0.00193635,6.18e-05,2.89e-05,5.77e-06,2.54e-05,9.24e-06,2.39061e-05,4.04e-05,-0.000332295,0.699038,0.987432,0.000810566,0.000113135,0.00175074,0.00245987,0.000271521,7.26275,0.0180083,-0.00184597,0.000467246,-0.000355457,0.000467334,0.00377467,0.00420566,0.0341131,0.00420566,-0.000202503,1.80646e-05,0.00590042,0.0128542,0.0123553,0.0141781,0.0609953,1.04587,228,10,0.993998,0.975641,0.975641,0.9927,-1.58109e-07,0.000917807,0.00129646,2.7359e-07
ERF_Log_File_20240905_1908.csv,ig_zn_diff,12,emfpe,3,0,filled_square,7.3um_lp,ERF_OSA207_Spectra_20240905_1908.csv,1.40962e+09,2.98719,0.00756342,0.874461,0.00625137,34.1712,14.7334,0.201039,0.114158,3,1.79459,0.0529288,13.344,14.7334,6.35e-06,0.000289,8.31e-05,7.51e-06,0,6.93e-06,0.00204197,6.18e-05,2.89e-05,5.77e-06,2.54e-05,9.24e-06,2.87801e-05,4.04e-05,7.73235e-05,0.712166,0.995705,0.000633485,0.00014732,0.00381947,0.00532915,0.000426918,4.58111,0.0244021,-0.00195008,0.000998505,-0.00153509,0.000998684,-0.00833014,0.00847335,0.0332916,0.00847334,-0.000285653,3.63952e-05,0.00484528,0.0146178,0.0170463,0.0140648,0.0827134,1.04587,228,10,0.993998,0.975587,0.975587,0.9927,3.67912e-08,0.000938201,0.00131173,2.1382e-07
ERF_Log_File_20240905_1957.csv,ig_zn_diff,12,emfpe,3,0,filled_square,7.3um_lp,ERF_OSA207_Spectra_20240905_1957.csv,1.40962e+09,2.96039,0.0181669,0.863533,0.0138893,34.1714,15.5272,0.20126,0.0767688,3,1.64453,0.057494,13.951,15.5272,6.35e-06,0.000289,8.31e-05,7.51e-06,0,6.93e-06,0.00214151,6.18e-05,2.89e-05,5.77e-06,2.54e-05,9.24e-06,4.35478e-05,4.04e-05,0.000335753,0.694002,1.00296,0.000703536,0.000396734,0.0126378,0.018231,0.00060208,2.80998,0.0509654,-0.00104625,0.00326393,0.000619697,0.00326422,-0.00387538,0.020506,0.0139026,0.0205059,0.000354777,8.80686e-05,0.0080183,0.0228386,0.024279,0.0121414,0.172862,1.04584,228,10,0.993998,0.975587,0.975587,0.9927,1.59755e-07,0.000914271,0.00132129,2.37465e-07
ERF_Log_File_20240905_2033.csv,ig_zn_diff,12,emfpe,3,0,filled_square,7.3um_lp,ERF_OSA207_Spectra_20240905_2033.csv,1.40963e+09,3.01812,0.0170607,0.883231,0.013998,34.1712,15.5465,0.201937,0.0753375,3,1.81541,0.0722878,13.951,15.5465,6.35e-06,0.000289,8.31e-05,7.51e-06,0,6.93e-06,0.00214436,6.18e-05,2.89e-05,5.77e-06,2.54e-05,9.24e-06,4.38672e-05,4.04e-05,0.000846697,0.67958,0.983664,0.000902244,0.000411998,0.00813294,0.0117337,0.000565656,2.92685,0.0347574,-0.000289116,0.00222685,-0.00254452,0.00222749,-0.0278765,0.0189707,0.0808448,0.0189708,0.000232381,8.14704e-05,0.00866828,0.0211689,0.0232064,0.011886,0.117792,1.04587,228,10,0.993998,0.975587,0.975587,0.9927,4.02866e-07,0.000895272,0.00129587,3.04534e-07
ERF_Log_File_20240905_2110.csv,ig_zn_diff,12,emfpe,3,0,filled_square,7.3um_lp,ERF_OSA207_Spectra_20240905_2109.csv,1.40963e+09,3.00846,0.0175573,0.881349,0.0138545,34.1713,15.5587,0.201328,0.0812704,3,1.68441,0.0592177,13.951,15.5587,6.35e-06,0.000289,8.31e-05,7.51e-06,0,6.93e-06,0.00214616,6.18e-05,2.89e-05,5.77e-06,2.54e-05,9.24e-06,4.40685e-05,4.04e-05,-0.000479984,0.690517,0.997946,-0.0010515,0.000451671,0.00427995,0.00609431,0.000564794,2.88765,0.0173384,-0.00303911,0.00116421,0.000699109,0.00116499,0.0132525,0.0190973,0.0670219,0.0190973,0.00025551,8.19831e-05,0.0093789,0.0220126,0.0230038,0.0117094,0.0587308,1.04587,228,10,0.993998,0.975587,0.975587,0.9927,-2.28381e-07,0.00090968,0.00131468,-3.54913e-07
ERF_Log_File_20240905_2146.csv,ig_zn_diff,12,emfpe,3,0,filled_square,7.3um_lp,ERF_OSA207_Spectra_20240905_2145.csv,1.40963e+09,2.86174,0.00740031,0.87806,0.00568636,34.1716,14.7536,0.201014,0.111785,3,1.91674,0.0528455,13.344,14.7536,6.35e-06,0.000289,8.31e-05,7.51e-06,0,6.93e-06,0.00204479,6.18e-05,2.89e-05,5.77e-06,2.54e-05,9.24e-06,2.92379e-05,4.04e-05,0.000523972,0.707895,0.994881,-0.000238318,0.000223512,0.00595226,0.00835938,0.000498797,4.46436,0.0374273,0.000538437,0.00149558,-0.000262307,0.00149572,0.00943783,0.00899309,0.0356307,0.00899308,0.000247855,3.86584e-05,0.00717407,0.0146546,0.0179242,0.015989,0.127526,1.04585,228,10,0.993998,0.975587,0.975587,0.9927,2.4931e-07,0.000932574,0.00131065,-8.04395e-08
ERF_Log_File_20240906_0818.csv,ig_zn_diff,12,emfpe,3,0,filled_square,7.3um_lp,ERF_OSA207_Spectra_20240906_0817.csv,1.40967e+09,2.85809,0.00695548,0.878222,0.00574296,34.1737,14.7549,0.201204,0.114833,3,1.87906,0.0574057,13.344,14.7549,6.35e-06,0.000289,8.31e-05,7.51e-06,0,6.93e-06,0.00204498,6.18e-05,2.89e-05,5.77e-06,2.54e-05,9.24e-06,2.9268e-05,4.04e-05,5.68131e-05,0.703726,0.98688,0.000713175,0.000220279,0.00455168,0.00639951,0.00041614,4.49606,0.0289784,-0.00418754,0.00119494,-0.00131134,0.00119492,0.0152277,0.0091272,0.0310662,0.00912718,0.000354482,3.92081e-05,0.00712421,0.0122499,0.0227419,0.0134293,0.0981971,1.04583,228,10,0.993998,0.975587,0.975587,0.9927,2.70322e-08,0.000927081,0.00130011,2.40718e-07
ERF_Log_File_20240906_0854.csv,ig_zn_diff,12,emfpe,3,0,filled_square,7.3um_lp,ERF_OSA207_Spectra_20240906_0854.csv,1.40967e+09,3.2001,0.00372262,0.877248,0.00332475,34.1723,13.994,0.200516,0.200187,3,1.56613,0.0370361,12.787,13.994,6.35e-06,0.000289,8.31e-05,7.51e-06,0,6.93e-06,0.00193984,6.18e-05,2.89e-05,5.77e-06,2.54e-05,9.24e-06,1.43818e-05,4.04e-05,9.4296e-06,0.698975,0.987064,-0.000247481,0.000120555,0.00244848,0.00344233,0.000303058,6.82308,0.023705,-0.00190325,0.000648979,-0.00165474,0.000649095,0.00861948,0.00531425,0.0238536,0.00531424,0.000178353,2.28261e-05,0.00591367,0.0153302,0.0146231,0.0148502,0.0804897,1.04587,228,10,0.993998,0.975597,0.975597,0.9927,4.48669e-09,0.00092024,0.00129953,-8.35324e-08
ERF_Log_File_20240906_0930.csv,ig_zn_diff,12,emfpe,3,0,filled_square,7.3um_lp,ERF_OSA207_Spectra_20240906_0930.csv,1.40967e+09,3.20402,0.00354408,0.880372,0.00356177,34.1727,13.9838,0.200375,0.206333,3,1.5256,0.0314725,12.787,13.9838,6.35e-06,0.000289,8.31e-05,7.51e-06,0,6.93e-06,0.00193846,6.18e-05,2.89e-05,5.77e-06,2.54e-05,9.24e-06,1.81406e-05,4.04e-05,-0.00023368,0.691116,0.975907,-0.000374338,0.000143402,0.00435317,0.0061472,0.000223989,6.9108,0.0434735,-0.0017514,0.00103912,-0.00136998,0.00103916,0.00290739,0.00481656,0.0237917,0.00481655,0.000133721,2.06921e-05,0.0071236,0.0109742,0.0156098,0.0111179,0.147954,1.04584,228,10,0.993998,0.975614,0.975614,0.9927,-1.11187e-07,0.000908912,0.00128345,-1.2635e-07
ERF_Log_File_20240906_1006.csv,ig_zn_diff,12,emfpe,3,0,filled_square,7.3um_lp,ERF_OSA207_Spectra_20240906_1006.csv,1.40967e+09,3.19474,0.00343658,0.877197,0.00578703,34.1724,13.9884,0.200459,0.205273,3,1.55407,0.0348719,12.787,13.9884,6.35e-06,0.000289,8.31e-05,7.51e-06,0,6.93e-06,0.00193907,6.18e-05,2.89e-05,5.77e-06,2.54e-05,9.24e-06,1.64623e-05,4.04e-05,-0.00013232,0.702088,0.990196,4.33426e-05,0.000113189,0.0018094,0.00254123,0.0002831,6.75006,0.0172222,-0.00134786,0.000483356,-0.000438694,0.000483474,0.0194834,0.00466128,0.0245535,0.00466127,-0.000527019,2.00256e-05,0.00548137,0.012354,0.0132622,0.013753,0.058339,1.04587,228,10,0.993998,0.975606,0.975606,0.9927,-6.2959e-08,0.000923787,0.00130287,1.46294e-08
ERF_Log_File_20240906_1042.csv,ig_zn_diff,12,emfpe,3,0,filled_square,7.3um_lp,ERF_OSA207_Spectra_20240906_1042.csv,1.40968e+09,3.34267,0.00176367,0.878772,0.0020529,34.1716,13.4071,0.200171,0.381667,3,1.29703,0.0210165,12.272,13.4071,6.35e-06,0.000289,8.31e-05,7.51e-06,0,6.93e-06,0.00184981,6.18e-05,2.89e-05,5.77e-06,2.54e-05,9.24e-06,0.00023081,4.04e-05,6.81562e-05,0.676337,0.980056,-0.000296722,7.65697e-05,0.00239062,0.00346032,0.000169582,10.1288,0.0357163,-0.000914075,0.000601603,-7.4053e-05,0.000601635,-0.000979117,0.00304796,0.0289383,0.00304795,5.29696e-05,1.30931e-05,0.00557401,0.0120566,0.0126183,0.0123409,0.12118,1.04573,228,10,0.993998,0.976595,0.976595,0.9927,3.24293e-08,0.000835417,0.00121057,-1.00153e-07
ERF_Log_File_20240906_1118.csv,ig_zn_diff,12,emfpe,3,0,filled_square,7.3um_lp,ERF_OSA207_Spectra_20240906_1118.csv,1.40968e+09,3.31752,0.0018768,0.875766,0.0036373,34.1714,13.4066,0.200178,0.382083,3,1.29459,0.021448,12.272,13.4066,6.35e-06,0.000289,8.31e-05,7.51e-06,0,6.93e-06,0.00184974,6.18e-05,2.89e-05,5.77e-06,2.54e-05,9.24e-06,0.000231001,4.04e-05,-0.00010895,0.681694,0.989752,0.000387116,0.000111065,0.00248632,0.00360418,0.000158999,10.023,0.0364609,-0.000911331,0.000611635,-0.000167947,0.000611664,-0.000625833,0.00296902,0.0249723,0.00296901,-9.36208e-05,1.27544e-05,0.00799884,0.013089,0.0116176,0.011457,0.123858,1.04531,228,10,0.993998,0.976595,0.976595,0.9927,-5.18396e-08,0.000841985,0.00122248,1.30663e-07
ERF_Log_File_20240906_1155.csv,ig_zn_diff,12,emfpe,3,0,filled_square,7.3um_lp,ERF_OSA207_Spectra_20240906_1154.csv,1.40968e+09,2.44693,0.000737084,0.872219,0.0028455,34.1719,12.9874,0.00191723,0.00673034,2,1.00403,0.00733755,11.796,12.9676,6.35e-06,0.000289,8.31e-05,7.51e-06,0,6.93e-06,0.00179736,6.18e-05,2.89e-05,5.77e-06,2.54e-05,9.24e-06,0.000377308,4.04e-05,-5.37091e-05,0.663734,0.987506,-3.77226e-05,7.68611e-05,0.00148641,0.0022089,0.000138701,13.7168,0.0306421,-0.00105333,0.000382546,-0.000123164,0.000382566,0.00623611,0.00196099,0.0231428,0.00196098,0.000119103,8.42369e-06,0.00757913,0.0103132,0.0110444,0.0136673,0.106162,1.04564,228,10,0.993998,0.977308,0.977308,0.9927,-2.55553e-08,0.000781706,0.00116303,-1.27325e-08
ERF_Log_File_20240906_1231.csv,ig_zn_diff,12,emfpe,3,0,filled_square,7.3um_lp,ERF_OSA207_Spectra_20240906_1230.csv,1.40968e+09,2.46292,0.000813212,0.87837,0.00304815,34.1715,12.9895,0.00229438,0.00679099,2,1.00156,0.00868454,11.796,12.9687,6.35e-06,0.000289,8.31e-05,7.51e-06,0,6.93e-06,0.00179763,6.18e-05,2.89e-05,5.77e-06,2.54e-05,9.24e-06,0.000377922,4.04e-05,-0.000101832,0.659359,0.981819,0.000544765,7.8009e-05,0.00174664,0.00259898,0.000129286,13.8385,0.0365845,-0.00152247,0.00044803,-5.52987e-05,0.000448046,0.00802295,0.00222428,0.0290351,0.00222428,0.000212902,9.55441e-06,0.00776796,0.011078,0.0127911,0.0128569,0.132127,1.04423,228,10,0.993998,0.977305,0.977305,0.9927,-4.84526e-08,0.000776747,0.00115662,1.83874e-07
ERF_Log_File_20240906_1307.csv,ig_zn_diff,12,emfpe,3,0,filled_square,7.3um_lp,ERF_OSA207_Spectra_20240906_1307.csv,1.40969e+09,4.24213,0.000721294,0.876156,0.0017845,34.1714,12.5166,0.00114465,0.00969452,2,1.00636,0.00664185,11.345,12.6875,6.35e-06,0.000289,8.31e-05,7.51e-06,0,6.93e-06,0.00172737,6.18e-05,2.89e-05,5.77e-06,2.54e-05,9.24e-06,0.000242944,4.04e-05,0.000116909,0.650511,0.979548,0.000365217,5.22364e-05,0.00120243,0.00181077,8.22752e-05,17.8763,0.0329773,-0.00132875,0.000321947,0.000409015,0.000321965,0.00339412,0.00176298,0.0230383,0.00176298,6.74876e-05,7.5732e-06,0.00671237,0.00984408,0.0147322,0.0105678,0.11215,1.04548,228,10,0.993998,0.97811,0.97811,0.9927,5.56263e-08,0.000724675,0.00109122,1.23272e-07
ERF_Log_File_20240906_1526.csv,ig_zn_diff,12,emfpe,3,0,filled_square,7.3um_lp,ERF_OSA207_Spectra_20240906_1526.csv,1.40969e+09,3.10176,0.000455807,0.876366,0.0031129,34.1714,12.0994,0.000963114,0.0106569,2,0.998681,0.00870597,10.943,12.5557,6.35e-06,0.000289,8.31e-05,7.51e-06,0,6.93e-06,0.00166667,6.18e-05,2.89e-05,5.77e-06,2.54e-05,9.24e-06,0.000123864,4.04e-05,3.46815e-05,0.645907,0.9815,-1.1495e-05,4.15304e-05,0.00115158,0.0017479,7.62389e-05,21.6211,0.0384768,-0.000506003,0.000282289,-6.00365e-05,0.0002823,0.00346234,0.00119974,0.0199704,0.00119974,9.4806e-05,5.15379e-06,0.00645942,0.0108583,0.00990424,0.0118511,0.140732,1.0441,228,10,0.993998,0.978822,0.978822,0.9927,1.65018e-08,0.000683496,0.00103862,-3.87992e-09
ERF_Log_File_20240906_1602.csv,ig_zn_diff,12,emfpe,3,0,filled_square,7.3um_lp,ERF_OSA207_Spectra_20240906_1602.csv,1.4097e+09,3.05233,0.0004494,0.869878,0.00186248,34.1715,12.0941,0.000936926,0.0104198,2,1.00754,0.00899953,10.943,12.553,6.35e-06,0.000289,8.31e-05,7.51e-06,0,6.93e-06,0.00166606,6.18e-05,2.89e-05,5.77e-06,2.54e-05,9.24e-06,0.000122328,4.04e-05,9.24611e-05,0.646464,0.983394,-5.48313e-05,4.12607e-05,0.000742047,0.0011263,6.01733e-05,21.2618,0.024297,-0.0019233,0.00020638,-0.000194705,0.000206394,0.00412181,0.00132174,0.0211005,0.00132173,5.86733e-05,5.67656e-06,0.00630697,0.0106778,0.0115662,0.00919466,0.0780212,1.04515,228,10,0.993998,0.978831,0.978831,0.9927,4.39938e-08,0.000683623,0.00103992,-1.85072e-08
ERF_Log_File_20240909_0833.csv,ig_zn_diff,12,emfpe,3,0,filled_square,3.6um_lp,ERF_OSA207_Spectra_20240909_0832.csv,1.40993e+09,3.96861,0.000383456,0.56439,0.00277629,34.1612,6.3548,0.000254024,0.00964221,2,0.263192,0.0022953,6.013,0,6.35e-06,0.000289,8.31e-05,7.51e-06,0,6.93e-06,0.000878467,6.18e-05,2.89e-05,5.77e-06,2.54e-05,9.24e-06,7.6438e-05,4.04e-05,0.0017138,0.612259,0.967929,0.00198093,3.42048e-05,0.00131038,0.0020779,9.63326e-05,17.4595,0.037283,-0.00108435,0.000387435,0.000333107,0.000387475,0.00499343,0.00254845,0.0125832,0.00254844,9.68694e-05,1.09623e-05,0.00427036,0.0112768,0.0260417,0.0120761,0.126353,1.04486,228,10,0.993998,0.988651,0.988651,0.9927,8.15442e-07,0.00023033,0.000364132,6.68623e-07
ERF_Log_File_20240909_0906.csv,ig_zn_diff,12,emfpe,3,0,filled_square,3.6um_lp,ERF_OSA207_Spectra_20240909_0906.csv,1.40993e+09,5.16362,0.000302287,0.586772,0.000971101,34.1719,6.22762,0.000164565,0.0108877,2,0.229599,0.00214095,5.889,0,6.35e-06,0.000289,8.31e-05,7.51e-06,0,6.93e-06,0.000860889,6.18e-05,2.89e-05,5.77e-06,2.54e-05,9.24e-06,7.53868e-05,4.04e-05,0.00108117,0.595777,0.967124,0.000948591,3.97293e-05,0.000501113,0.000807274,7.46766e-05,22.9056,0.0189989,-0.00120559,0.000157949,0.000254598,0.000157995,0.00215826,0.00164579,0.0123236,0.00164579,7.54344e-05,7.05437e-06,0.0065896,0.0148882,0.0131225,0.0123807,0.0648579,1.03021,228,10,0.993998,0.988868,0.988868,0.9927,5.14432e-07,0.000216605,0.000351615,3.20178e-07
ERF_Log_File_20240909_0940.csv,ig_zn_diff,12,emfpe,3,0,filled_square,3.6um_lp,ERF_OSA207_Spectra_20240909_0940.csv,1.40993e+09,3.27684,0.000370319,0.610789,0.00605625,34.1703,6.52023,0.000513501,0.0121042,2,0.337463,0.00291469,6.141,0,6.35e-06,0.000289,8.31e-05,7.51e-06,0,6.93e-06,0.000902119,6.18e-05,2.89e-05,5.77e-06,2.54e-05,9.24e-06,7.78053e-05,4.04e-05,0.00219112,0.638998,0.960473,0.00235285,3.69177e-05,0.000787545,0.00118089,9.94601e-05,15.238,0.018556,-0.00128263,0.000233142,0.000371999,0.000233227,0.00471528,0.00267774,0.0152822,0.00267774,-3.65106e-05,1.15264e-05,0.0040315,0.0131467,0.0179511,0.0108879,0.062798,1.04563,228,10,0.993998,0.98837,0.98837,0.9927,1.04256e-06,0.000251024,0.000377312,7.94156e-07
ERF_Log_File_20240909_1014.csv,ig_zn_diff,12,emfpe,3,0,filled_square,3.6um_lp,ERF_OSA207_Spectra_20240909_1013.csv,1.40993e+09,3.87133,0.000416464,0.544552,0.0100478,34.1726,6.35551,0.000304661,0.00965179,2,0.261891,0.0027142,6.013,0,6.35e-06,0.000289,8.31e-05,7.51e-06,0,6.93e-06,0.000878576,6.18e-05,2.89e-05,5.77e-06,2.54e-05,9.24e-06,7.64439e-05,4.04e-05,0.00183145,0.610322,0.965117,0.00186821,4.32411e-05,0.000608318,0.000950399,0.000115314,16.972,0.01661,-0.00143077,0.000186671,0.000455273,0.000186729,0.00207162,0.00200046,0.0121898,0.00200045,-0.000583772,8.57646e-06,0.00526538,0.0143891,0.0124468,0.0141,0.0564659,1.0438,228,10,0.993998,0.98865,0.98865,0.9927,8.71421e-07,0.000229645,0.000363143,6.30576e-07
ERF_Log_File_20240909_1047.csv,ig_zn_diff,12,emfpe,3,0,filled_square,3.6um_lp,ERF_OSA207_Spectra_20240909_1047.csv,1.40994e+09,3.95674,0.000321895,0.614052,0.00702838,34.1728,6.69824,0.000238271,0.0119899,2,0.301308,0.00284854,6.275,0,6.35e-06,0.000289,8.31e-05,7.51e-06,0,6.93e-06,0.00092582,6.18e-05,2.89e-05,5.77e-06,2.54e-05,9.24e-06,7.92767e-05,4.04e-05,0.00183949,0.65089,0.968806,0.00203308,4.07948e-05,0.000594949,0.000878743,9.16199e-05,17.6743,0.0159443,-0.00118069,0.000171122,0.000230261,0.000171167,0.00276604,0.00168034,0.012461,0.00168034,-0.000426983,7.23458e-06,0.0051711,0.0122723,0.0114496,0.0116508,0.0540001,1.04541,228,10,0.993998,0.988066,0.988066,0.9927,8.75248e-07,0.000267521,0.000398188,6.86225e-07
ERF_Log_File_20240909_1121.csv,ig_zn_diff,12,emfpe,3,0,filled_square,3.6um_lp,ERF_OSA207_Spectra_20240909_1121.csv,1.40994e+09,5.15454,0.000460285,0.67367,0.00311212,34.172,6.84767,0.000186576,0.0115007,2,0.298321,0.00207952,6.415,0,6.35e-06,0.000289,8.31e-05,7.51e-06,0,6.93e-06,0.000946771,6.18e-05,2.89e-05,5.77e-06,2.54e-05,9.24e-06,8.05119e-05,4.04e-05,0.000801465,0.620346,0.971563,0.00101056,4.61296e-05,0.000495037,0.000766365,8.09341e-05,22.7952,0.0179293,-0.00122335,0.000146314,0.000259358,0.000146336,0.00182225,0.00115298,0.0134158,0.00115297,3.04614e-05,4.93844e-06,0.00755648,0.0137564,0.00940247,0.0132558,0.0607573,1.0457,228,10,0.993998,0.987811,0.987811,0.9927,3.81344e-07,0.000264554,0.000414335,3.41095e-07
ERF_Log_File_20240909_1155.csv,ig_zn_diff,12,emfpe,3,0,filled_square,3.6um_lp,ERF_OSA207_Spectra_20240909_1154.csv,1.40994e+09,3.03367,0.000238173,0.716197,0.00235819,34.1721,7.02153,0.000149601,0.0114503,2,0.320003,0.00206563,6.561,0,6.35e-06,0.000289,8.31e-05,7.51e-06,0,6.93e-06,0.000970857,6.18e-05,2.89e-05,5.77e-06,2.54e-05,9.24e-06,8.13033e-05,4.04e-05,0.000350678,0.590924,0.972039,0.000146793,3.62745e-05,0.000681041,0.00111936,6.12143e-05,26.6174,0.0305564,-0.00109818,0.00020962,-4.91511e-05,0.000209643,0.00193405,0.00143461,0.0133845,0.00143461,1.3915e-05,6.16817e-06,0.0069379,0.0115655,0.0167328,0.0117076,0.103447,1.04582,228,10,0.993998,0.987514,0.987514,0.9927,1.66856e-07,0.000262765,0.000432234,4.95471e-08
ERF_Log_File_20240909_1228.csv,ig_zn_diff,12,emfpe,3,0,filled_square,3.6um_lp,ERF_OSA207_Spectra_20240909_1228.csv,1.40994e+09,3.52886,0.000374804,0.762823,0.00289077,34.172,7.22814,0.000204848,0.0113545,2,0.345703,0.00254948,6.713,0,6.35e-06,0.000289,8.31e-05,7.51e-06,0,6.93e-06,0.000999021,6.18e-05,2.89e-05,5.77e-06,2.54e-05,9.24e-06,7.68144e-05,4.04e-05,9.5181e-05,0.573441,0.971456,7.15039e-05,3.54651e-05,0.000267802,0.000447267,6.67156e-05,30.7188,0.0140583,-0.0015697,8.73023e-05,0.000181405,8.73283e-05,0.00356581,0.000936917,0.0139409,0.000936915,9.51103e-05,4.02095e-06,0.00783347,0.0119587,0.0105764,0.0147276,0.0476437,1.04507,228,10,0.993998,0.98716,0.98716,0.9927,4.5288e-08,0.000267571,0.000453287,2.41347e-08
ERF_Log_File_20240909_1657.csv,ig_zn_diff,12,emfpe,3,0,filled_square,3.6um_lp,ERF_OSA207_Spectra_20240909_1656.csv,1.40996e+09,3.39073,0.00018994,0.701866,0.00242449,34.1719,6.8922,0.000187242,0.0125736,2,0.286365,0.00265355,6.516,0,6.35e-06,0.000289,8.31e-05,7.51e-06,0,6.93e-06,0.000953695,6.18e-05,2.89e-05,5.77e-06,2.54e-05,9.24e-06,8.088e-05,4.04e-05,0.00083221,0.608978,0.972113,0.000736968,2.24925e-05,0.000579222,0.000919055,6.01405e-05,30.1829,0.0284862,-0.00142401,0.000169737,0.000257722,0.000169751,0.00240727,0.00106295,0.0153141,0.00106295,-7.24385e-06,4.57282e-06,0.00487824,0.0158303,0.0114299,0.0130513,0.0976481,1.04449,228,10,0.993998,0.987735,0.987735,0.9927,3.95973e-07,0.000262532,0.00041908,2.48749e-07
ERF_Log_File_20240909_1730.csv,ig_zn_diff,12,emfpe,3,0,filled_square,3.6um_lp,ERF_OSA207_Spectra_20240909_1730.csv,1.40996e+09,3.02246,0.000214453,0.581234,0.00236386,34.1715,6.15383,0.000205248,0.010823,2,0.254087,0.00243227,5.889,0,6.35e-06,0.000289,8.31e-05,7.51e-06,0,6.93e-06,0.000851453,6.18e-05,2.89e-05,5.77e-06,2.54e-05,9.24e-06,7.47768e-05,4.04e-05,0.000916384,0.60066,0.969995,0.000680881,3.16114e-05,0.000413604,0.000661287,5.98504e-05,27.1807,0.0185071,-0.00125387,0.000119984,0.000148307,0.000119992,0.00317574,0.000682865,0.0135405,0.000682864,-1.29589e-05,2.93677e-06,0.00617311,0.0120767,0.00639895,0.0116905,0.0626868,1.04567,228,10,0.993998,0.988993,0.988993,0.9927,4.36024e-07,0.000214017,0.000345612,2.29818e-07
ERF_Log_File_20240909_1804.csv,ig_zn_diff,12,emfpe,3,0,filled_square,3.6um_lp,ERF_OSA207_Spectra_20240909_1804.csv,1.40996e+09,5.32563,0.000319742,0.617401,0.00236409,34.1715,5.97763,0.00038515,0.0117864,2,0.265042,0.00474302,5.77,0,6.35e-06,0.000289,8.31e-05,7.51e-06,0,6.93e-06,0.000827305,6.18e-05,2.89e-05,5.77e-06,2.54e-05,9.24e-06,7.2427e-05,4.04e-05,0.000683458,0.605828,0.969819,0.000280996,3.63125e-05,0.000376245,0.000599116,4.95855e-05,25.0167,0.0153966,-0.00156501,0.000115058,-0.000123572,0.000115076,0.00323971,0.000949872,0.00928261,0.00094987,4.05475e-05,4.08065e-06,0.00652792,0.00905375,0.00926431,0.0089124,0.0519966,1.04584,228,10,0.994003,0.989292,0.989292,0.9927,3.23688e-07,0.000205476,0.000328929,9.48446e-08
ERF_Log_File_20240909_1838.csv,ig_zn_diff,12,emfpe,3,0,filled_square,3.6um_lp,ERF_OSA207_Spectra_20240909_1837.csv,1.40996e+09,2.88861,0.000211477,0.65677,0.00397634,34.1717,5.81541,0.000700864,0.0129482,2,0.264305,0.00656344,5.655,0,6.35e-06,0.000289,8.31e-05,7.51e-06,0,6.93e-06,0.000804454,6.18e-05,2.89e-05,5.77e-06,2.54e-05,9.24e-06,6.4609e-05,4.04e-05,0.00076494,0.608693,0.96736,0.000139759,2.8771e-05,0.000353858,0.000554817,6.00444e-05,28.1096,0.0160379,-0.00137481,0.000108437,0.000168542,0.000108465,0.00209023,0.00109534,0.0127825,0.00109534,0.000190277,4.70875e-06,0.00581389,0.0136993,0.0113847,0.012121,0.0543259,1.04587,228,10,0.99404,0.989567,0.989567,0.9927,3.49978e-07,0.000196999,0.000313079,4.71728e-08
ERF_Log_File_20240909_1911.csv,ig_zn_diff,12,emfpe,3,0,filled_square,3.6um_lp,ERF_OSA207_Spectra_20240909_1911.csv,1.40997e+09,3.48242,0.000220675,0.689236,0.00241874,34.172,5.69286,0.000297473,0.0124102,2,0.24708,0.003803,5.545,0,6.35e-06,0.000289,8.31e-05,7.51e-06,0,6.93e-06,0.000787569,6.18e-05,2.89e-05,5.77e-06,2.54e-05,9.24e-06,5.87026e-05,4.04e-05,0.00062154,0.652191,0.966871,0.000180674,2.70508e-05,0.000399933,0.000591623,4.40494e-05,34.3812,0.0209273,-0.00110922,0.000114538,0.000116779,0.000114561,0.003642,0.00101405,0.0109376,0.00101405,0.000109701,4.34472e-06,0.00668963,0.0122708,0.0145065,0.0108874,0.0709156,1.04418,228,10,0.994068,0.989774,0.989774,0.9927,2.76754e-07,0.000203541,0.000301749,6.09828e-08
ERF_Log_File_20240909_1945.csv,ig_zn_diff,12,emfpe,3,0,filled_square,3.6um_lp,ERF_OSA207_Spectra_20240909_1945.csv,1.40997e+09,4.23107,0.000229721,0.72059,0.00225846,34.1711,5.58841,0.000138078,0.0143785,2,0.234139,0.00247931,5.439,0,6.35e-06,0.000289,8.31e-05,7.51e-06,0,6.93e-06,0.000773428,6.18e-05,2.89e-05,5.77e-06,2.54e-05,9.24e-06,5.36683e-05,4.04e-05,0.000456175,0.705776,0.966426,2.8767e-05,2.41942e-05,0.00037403,0.000510558,3.8059e-05,42.0714,0.0221087,-0.00110689,9.90998e-05,-0.000191505,9.91212e-05,0.00326808,0.000900193,0.0134349,0.00090019,6.37387e-05,3.87071e-06,0.00738481,0.0162819,0.013341,0.0116126,0.0758575,1.02625,228,10,0.994092,0.98995,0.98995,0.9927,1.98325e-07,0.000213394,0.000292203,9.70972e-09
ERF_Log_File_20240910_1240.csv,ig_zn_diff,12,emfpe,3,0,filled_square,3.6um_lp,ERF_OSA207_Spectra_20240910_1239.csv,1.41003e+09,4.3848,0.000295244,0.889533,0.00342131,29.1288,3.85353,6.24064e-05,0.0125743,2,0.119928,0.00107155,3.8,0,6.35e-06,0.000289,8.31e-05,7.51e-06,0,6.93e-06,0.00053304,6.18e-05,2.89e-05,5.77e-06,2.54e-05,9.24e-06,6.33982e-05,4.04e-05,0.498522,0.000287775,0.963891,0.515453,0.000140153,3.56209e-05,0.000265104,0.00014648,53.5164,0.0146305,-0.00100783,5.20744e-05,0.000239232,5.209e-05,0.00436234,0.000545123,0.0114886,0.000545121,9.57262e-05,2.34097e-06,0.013286,0.0137639,0.010774,0.0146726,0.0499298,1.03604,228,10,0.994458,0.992781,0.992781,0.993525,0.000125969,4.57137e-08,0.000153116,0.000129232
ERF_Log_File_20240910_1313.csv,ig_zn_diff,12,emfpe,3,0,filled_square,3.6um_lp,ERF_OSA207_Spectra_20240910_1313.csv,1.41003e+09,2.64536,0.000201055,0.88162,0.000418733,29.1317,3.93363,7.39099e-05,0.0137019,2,0.135079,0.00100881,3.91,0,6.35e-06,0.000289,8.31e-05,7.51e-06,0,6.93e-06,0.000544233,6.18e-05,2.89e-05,5.77e-06,2.54e-05,9.24e-06,5.49846e-05,4.04e-05,0.490974,0.000288669,0.966255,0.49994,0.000151746,1.68758e-05,0.000297859,0.000155314,81.2256,0.0249763,-0.000923182,5.53771e-05,0.000262957,5.53823e-05,0.0046482,0.000349345,0.0115149,0.000349344,2.17634e-05,1.50043e-06,0.00890389,0.00985086,0.0122096,0.0128519,0.0831129,1.0456,228,10,0.994444,0.992657,0.992657,0.993468,0.000128264,4.75231e-08,0.000159073,0.000128211
ERF_Log_File_20240910_1347.csv,ig_zn_diff,12,emfpe,3,0,filled_square,3.6um_lp,ERF_OSA207_Spectra_20240910_1347.csv,1.41003e+09,2.70533,0.000178649,0.877914,0.000613378,29.131,4.1037,0.000117143,0.015812,2,0.13458,0.00155213,4.025,0,6.35e-06,0.000289,8.31e-05,7.51e-06,0,6.93e-06,0.000567288,6.18e-05,2.89e-05,5.77e-06,2.54e-05,9.24e-06,5.87163e-05,4.04e-05,0.404068,0.00063859,0.966084,0.341552,0.000110079,1.99706e-05,0.000262429,9.68634e-05,84.4997,0.0228783,-0.00100017,4.9938e-05,2.43484e-05,4.99447e-05,0.00427233,0.000366825,0.0113907,0.000366824,-3.57904e-06,1.5754e-06,0.00752336,0.0121428,0.0123461,0.0176352,0.0774469,1.04282,228,10,0.994412,0.992391,0.992391,0.993347,0.000112912,1.13153e-07,0.000171183,9.18186e-05
ERF_Log_File_20240910_1524.csv,ig_zn_diff,12,emfpe,3,0,filled_square,3.6um_lp,ERF_OSA207_Spectra_20240910_1524.csv,1.41004e+09,2.22389,0.000174579,0.866529,0.00300314,29.1326,4.13529,0.000492585,0.0163142,2,0.131735,0.00390134,4.085,0,6.35e-06,0.000289,8.31e-05,7.51e-06,0,6.93e-06,0.000571433,6.18e-05,2.89e-05,5.77e-06,2.54e-05,9.24e-06,6.19771e-05,4.04e-05,0.382618,0.000960025,0.966393,0.306824,0.000146329,2.37453e-05,0.00036711,0.000118453,68.7788,0.0260488,-0.000985882,6.98771e-05,0.000172549,6.98866e-05,0.00375879,0.000514547,0.0102238,0.000514546,5.16524e-06,2.21033e-06,0.0101549,0.0117379,0.0138027,0.0112732,0.0879677,1.04514,228,10,0.994406,0.992341,0.992341,0.993325,0.000108211,1.72393e-07,0.000173536,8.31963e-05
ERF_Log_File_20240910_1638.csv,ig_zn_diff,12,emfpe,3,0,filled_square,3.6um_lp,ERF_OSA207_Spectra_20240910_1638.csv,1.41004e+09,3.3053,0.000323569,0.849705,0.00773607,29.1311,4.16606,0.000785477,0.0147904,2,0.156846,0.00689373,4.146,0,6.35e-06,0.000289,8.31e-05,7.51e-06,0,6.93e-06,0.000575908,6.18e-05,2.89e-05,5.77e-06,2.54e-05,9.24e-06,6.51532e-05,4.04e-05,0.347751,0.00172467,0.968612,0.259361,0.000206842,3.50855e-05,0.000574754,0.000157143,42.6817,0.0249806,-0.0010065,0.000112384,-2.06756e-05,0.000112432,0.00283287,0.00137539,0.00872313,0.00137539,-0.000187024,5.90716e-06,0.0127462,0.0108474,0.0250449,0.011914,0.0851385,1.02766,228,10,0.9944,0.992292,0.992292,0.993303,9.94949e-05,3.13717e-07,0.000176191,7.09159e-05
ERF_Log_File_20240910_1712.csv,ig_zn_diff,12,emfpe,3,0,filled_square,3.6um_lp,ERF_OSA207_Spectra_20240910_1712.csv,1.41005e+09,4.64319,0.000564493,0.871362,0.00107152,29.1306,4.35948,0.000392277,0.0148548,2,0.178239,0.00558691,4.275,0,6.35e-06,0.000289,8.31e-05,7.51e-06,0,6.93e-06,0.000603136,6.18e-05,2.89e-05,5.77e-06,2.54e-05,9.24e-06,8.51177e-05,4.04e-05,0.205822,0.002901,0.967101,0.0929159,7.97298e-05,2.65747e-05,0.000358133,4.6145e-05,57.9571,0.0213997,-0.000980727,6.91261e-05,0.000264702,6.91389e-05,0.00478671,0.000579076,0.0114073,0.000579074,-2.4423e-06,2.48738e-06,0.0102111,0.0110819,0.0110387,0.0129181,0.0725287,1.04134,228,10,0.994362,0.991983,0.991983,0.993163,6.31398e-05,5.71019e-07,0.00019036,2.67487e-05
ERF_Log_File_20240910_1746.csv,ig_zn_diff,12,emfpe,3,0,filled_square,3.6um_lp,ERF_OSA207_Spectra_20240910_1745.csv,1.41005e+09,2.68188,0.000128466,0.866431,0.000379076,29.1311,4.46703,0.000202793,0.0185393,2,0.155107,0.00368326,4.411,0,6.35e-06,0.000289,8.31e-05,7.51e-06,0,6.93e-06,0.000618268,6.18e-05,2.89e-05,5.77e-06,2.54e-05,9.24e-06,9.62191e-05,4.04e-05,0.195229,0.00601135,0.96773,0.0815539,7.41719e-05,1.73287e-05,0.000360261,3.68141e-05,81.0078,0.0300899,-0.000885746,6.84438e-05,0.00013679,6.8453e-05,0.00371158,0.000499081,0.0112981,0.00049908,2.14449e-05,2.14411e-06,0.00907102,0.0100037,0.0138858,0.0121703,0.102196,1.04571,228,10,0.994339,0.99181,0.99181,0.993085,6.21261e-05,1.23444e-06,0.000198725,2.41429e-05
ERF_Log_File_20240910_1819.csv,ig_zn_diff,12,emfpe,3,0,filled_square,3.6um_lp,ERF_OSA207_Spectra_20240910_1819.csv,1.41005e+09,2.80423,0.000142785,0.862285,0.000482032,29.1309,4.6095,0.000173457,0.0203786,2,0.17861,0.00278176,4.556,0,6.35e-06,0.000289,8.31e-05,7.51e-06,0,6.93e-06,0.000637429,6.18e-05,2.89e-05,5.77e-06,2.54e-05,9.24e-06,8.33473e-05,4.04e-05,0.180326,0.0323738,0.968252,0.0741698,5.68916e-05,1.95029e-05,0.000296002,3.05408e-05,83.5233,0.0254491,-0.00104069,5.72683e-05,0.000161989,5.72798e-05,0.00402115,0.000500355,0.0115519,0.000500354,1.41816e-05,2.14891e-06,0.00885808,0.0100983,0.0142914,0.0123256,0.0875721,1.04552,228,10,0.994309,0.991578,0.991578,0.992982,6.01103e-05,7.02059e-06,0.000209975,2.27673e-05
ERF_Log_File_20240910_1853.csv,ig_zn_diff,12,emfpe,3,0,filled_square,3.6um_lp,ERF_OSA207_Spectra_20240910_1853.csv,1.41005e+09,2.84076,0.000142437,0.861747,0.000459083,29.1302,4.69999,0.000167197,0.0198705,2,0.184924,0.00278023,4.632,0,6.35e-06,0.000289,8.31e-05,7.51e-06,0,6.93e-06,0.000649757,6.18e-05,2.89e-05,5.77e-06,2.54e-05,9.24e-06,6.98994e-05,4.04e-05,0.100895,0.100054,0.967765,0.03193,3.11705e-05,3.55832e-05,0.000270825,2.57316e-05,83.7224,0.023371,-0.0010831,5.19469e-05,0.000129772,5.19551e-05,0.00533171,0.000410722,0.0109517,0.000410721,1.19635e-06,1.76397e-06,0.0080292,0.0132635,0.0114543,0.0145217,0.0787595,1.04581,228,10,0.99429,0.99143,0.99143,0.992917,3.45975e-05,2.24421e-05,0.00021707,1.00249e-05
ERF_Log_File_20240910_1927.csv,ig_zn_diff,12,emfpe,3,0,filled_square,3.6um_lp,ERF_OSA207_Spectra_20240910_1927.csv,1.41005e+09,2.8314,0.000125731,0.859059,0.000318957,29.1307,4.79266,0.000193101,0.0202109,2,0.189636,0.0030639,4.71,0,6.35e-06,0.000289,8.31e-05,7.51e-06,0,6.93e-06,0.000663385,6.18e-05,2.89e-05,5.77e-06,2.54e-05,9.24e-06,5.61253e-05,4.04e-05,0.029212,0.287156,0.968039,0.00713085,1.32992e-05,7.68787e-05,0.000251191,2.66861e-05,82.3524,0.0213153,-0.00103727,4.80956e-05,0.000108991,4.8103e-05,0.00422977,0.000375382,0.0113669,0.000375381,1.74647e-05,1.61257e-06,0.0064735,0.0116357,0.0104869,0.015753,0.0725394,1.04582,228,10,0.99427,0.991278,0.991278,0.99285,1.03022e-05,6.66268e-05,0.000224607,2.29037e-06
ERF_Log_File_20240910_2001.csv,ig_zn_diff,12,emfpe,3,0,filled_square,3.6um_lp,ERF_OSA207_Spectra_20240910_2000.csv,1.41006e+09,2.76983,0.000132268,0.855713,0.000228955,29.1304,4.89136,0.00020629,0.0206063,2,0.193256,0.0028902,4.791,0,6.35e-06,0.000289,8.31e-05,7.51e-06,0,6.93e-06,0.000676273,6.18e-05,2.89e-05,5.77e-06,2.54e-05,9.24e-06,4.14568e-05,4.04e-05,0.00561828,0.577557,0.968451,0.00159832,1.42421e-05,0.000106759,0.000170315,2.44356e-05,78.9544,0.013685,-0.00112687,3.363e-05,0.000129604,3.36579e-05,0.00439611,0.000570809,0.0110552,0.000570808,6.58715e-06,2.45084e-06,0.00810743,0.0225706,0.0147903,0.0139348,0.0464902,1.03479,228,10,0.994248,0.991115,0.991115,0.992779,2.03958e-06,0.000138822,0.000232778,5.2575e-07
ERF_Log_File_20240910_2034.csv,ig_zn_diff,12,emfpe,3,0,filled_square,3.6um_lp,ERF_OSA207_Spectra_20240910_2034.csv,1.41006e+09,2.6681,0.000138525,0.852541,0.000364252,29.131,4.99215,0.000165379,0.02133,2,0.197691,0.00300927,4.875,0,6.35e-06,0.000289,8.31e-05,7.51e-06,0,6.93e-06,0.000690524,6.18e-05,2.89e-05,5.77e-06,2.54e-05,9.24e-06,2.64764e-05,4.04e-05,0.00137039,0.740612,0.96786,0.000420403,1.47082e-05,0.000228862,0.000298276,2.53339e-05,74.3,0.0228043,-0.00108104,5.72855e-05,0.000160952,5.72952e-05,0.00412994,0.00046561,0.0120208,0.000465609,7.59058e-06,2.00029e-06,0.00784998,0.0142617,0.0142697,0.0135258,0.0769601,1.04573,228,10,0.994226,0.990948,0.990948,0.992706,5.11915e-07,0.000184406,0.000240989,1.41637e-07
ERF_Log_File_20240910_2108.csv,ig_zn_diff,12,emfpe,3,0,filled_square,3.6um_lp,ERF_OSA207_Spectra_20240910_2108.csv,1.41006e+09,2.56733,0.000128604,0.850434,0.000210499,29.1302,5.11594,0.000149194,0.0223304,2,0.2014,0.00270695,4.961,0,6.35e-06,0.000289,8.31e-05,7.51e-06,0,6.93e-06,0.00070792,6.18e-05,2.89e-05,5.77e-06,2.54e-05,9.24e-06,3.08971e-05,4.04e-05,0.00017489,0.77294,0.968412,0.000142414,1.55867e-05,0.000316894,0.000396587,2.83835e-05,69.5061,0.0284058,-0.00104981,7.27534e-05,0.000151728,7.27592e-05,0.00305807,0.000433133,0.0116275,0.000433132,6.85602e-06,1.86051e-06,0.00778472,0.0125987,0.0126678,0.0141755,0.0958329,1.04586,228,10,0.994198,0.990742,0.990742,0.9927,6.75807e-08,0.000200773,0.000251547,4.80689e-08
ERF_Log_File_20240910_2142.csv,ig_zn_diff,12,emfpe,3,0,filled_square,3.6um_lp,ERF_OSA207_Spectra_20240910_2141.csv,1.41006e+09,2.46752,0.000127549,0.834957,0.000141691,29.1305,5.22288,0.000143387,0.0213608,2,0.208208,0.0026332,5.05,0,6.35e-06,0.000289,8.31e-05,7.51e-06,0,6.93e-06,0.000722353,6.18e-05,2.89e-05,5.77e-06,2.54e-05,9.24e-06,3.60515e-05,4.04e-05,7.3097e-05,0.778929,0.969394,2.92107e-05,2.3791e-05,0.000309618,0.000384616,2.94557e-05,65.4772,0.0259346,-0.000917224,6.99604e-05,5.86799e-05,6.99656e-05,0.00433311,0.000402154,0.0106124,0.000402153,-1.2726e-05,1.72748e-06,0.0111944,0.0123071,0.0104726,0.0138608,0.0865138,1.04561,228,10,0.994174,0.990564,0.990564,0.9927,2.90537e-08,0.000209677,0.000260947,9.8595e-09
ERF_Log_File_20240911_0853.csv,ig_zn_diff,12,emfpe,3,0,filled_square,3.6um_lp,ERF_OSA207_Spectra_20240911_0853.csv,1.4101e+09,4.4672,0.000434364,0.600029,0.00277253,34.1726,6.41822,0.000653439,0.0117013,2,0.289677,0.00529158,6.141,0,6.35e-06,0.000289,8.31e-05,7.51e-06,0,6.93e-06,0.000888176,6.18e-05,2.89e-05,5.77e-06,2.54e-05,9.24e-06,7.69622e-05,4.04e-05,0.00239683,0.626193,0.967975,0.002385,3.55542e-05,0.000660274,0.00100891,6.94021e-05,20.2239,0.0209983,-0.00121237,0.00019537,8.27137e-05,0.000195409,0.00663276,0.00172893,0.0117859,0.00172892,-3.12133e-05,7.42553e-06,0.00515634,0.0169366,0.0126524,0.0100842,0.0699541,1.04501,228,10,0.993998,0.988543,0.988543,0.9927,1.14043e-06,0.000239551,0.0003703,8.05008e-07
ERF_Log_File_20240911_0927.csv,ig_zn_diff,12,emfpe,3,0,filled_square,3.6um_lp,ERF_OSA207_Spectra_20240911_0927.csv,1.4101e+09,4.45765,0.000356011,0.626492,0.00622228,34.1727,6.60809,0.000253962,0.0121555,2,0.313508,0.00300594,6.275,0,6.35e-06,0.000289,8.31e-05,7.51e-06,0,6.93e-06,0.000914384,6.18e-05,2.89e-05,5.77e-06,2.54e-05,9.24e-06,7.85315e-05,4.04e-05,0.00261864,0.658838,0.973386,0.00298182,4.63685e-05,0.000559001,0.000826123,0.000104038,20.2343,0.0169799,-0.00116186,0.000160829,0.000233534,0.000160891,0.000322789,0.00188736,0.0128358,0.00188735,-0.000136832,8.10466e-06,0.00673137,0.0119797,0.0179182,0.0151283,0.0575016,1.04587,228,10,0.993998,0.98822,0.98822,0.9927,1.24597e-06,0.000264703,0.00039108,1.00645e-06
ERF_Log_File_20240911_1001.csv,ig_zn_diff,12,emfpe,3,0,filled_square,3.6um_lp,ERF_OSA207_Spectra_20240911_1000.csv,1.41011e+09,4.37599,0.000323761,0.589398,0.00685951,34.1719,6.41761,0.000681923,0.0113186,2,0.289441,0.00557575,6.141,0,6.35e-06,0.000289,8.31e-05,7.51e-06,0,6.93e-06,0.000888081,6.18e-05,2.89e-05,5.77e-06,2.54e-05,9.24e-06,7.69571e-05,4.04e-05,0.00252755,0.63075,0.976371,0.00246065,4.80477e-05,0.00077022,0.00117866,9.12075e-05,19.6671,0.0236407,-0.000624374,0.000226934,0.000245709,0.000226987,0.0036399,0.00209025,0.0077351,0.00209025,7.44421e-05,8.97541e-06,0.00677974,0.0188113,0.0155569,0.0128825,0.0801003,1.04535,228,10,0.993998,0.988544,0.988544,0.9927,1.20263e-06,0.000241255,0.000373451,8.30543e-07
ERF_Log_File_20240911_1126.csv,ig_zn_diff,12,emfpe,3,0,filled_square,3.6um_lp,ERF_OSA207_Spectra_20240911_1126.csv,1.41011e+09,3.17967,0.000226582,0.579552,0.00212749,34.173,6.15334,0.000235474,0.0108472,2,0.255853,0.00288227,5.889,0,6.35e-06,0.000289,8.31e-05,7.51e-06,0,6.93e-06,0.00085138,6.18e-05,2.89e-05,5.77e-06,2.54e-05,9.24e-06,7.47727e-05,4.04e-05,0.000955883,0.599882,0.968761,0.000616507,2.91194e-05,0.000433371,0.000698228,6.51524e-05,26.7096,0.0191557,-0.00105046,0.000134712,0.000226115,0.000134739,0.00478987,0.00116881,0.0104767,0.00116881,-8.19264e-05,5.01966e-06,0.00558574,0.00999445,0.0132548,0.012507,0.064827,1.04587,228,10,0.993998,0.988994,0.988994,0.9927,4.54818e-07,0.000213711,0.000345125,2.0809e-07
ERF_Log_File_20240911_1200.csv,ig_zn_diff,12,emfpe,3,0,filled_square,3.6um_lp,ERF_OSA207_Spectra_20240911_1159.csv,1.41011e+09,2.92889,0.000186634,0.551581,0.00196584,34.1721,6.29323,0.000144434,0.0111329,2,0.227459,0.00353462,6.013,0,6.35e-06,0.000289,8.31e-05,7.51e-06,0,6.93e-06,0.000870577,6.18e-05,2.89e-05,5.77e-06,2.54e-05,9.24e-06,7.59291e-05,4.04e-05,0.00167695,0.601853,0.971239,0.00134216,3.33684e-05,0.000572625,0.000917454,7.7626e-05,24.3243,0.0229428,-0.000882413,0.000168212,-9.62756e-05,0.000168226,0.00398888,0.00101,0.0129142,0.00101,-5.06561e-05,4.33768e-06,0.00582477,0.0131328,0.0087428,0.0135679,0.0776385,1.04587,228,10,0.993998,0.988756,0.988756,0.9927,7.97907e-07,0.000222724,0.000359421,4.53019e-07
ERF_Log_File_20240911_1233.csv,ig_zn_diff,12,emfpe,3,0,filled_square,3.6um_lp,ERF_OSA207_Spectra_20240911_1233.csv,1.41012e+09,4.661,0.000287394,0.585981,0.00391009,34.1718,6.41562,0.0007024,0.0120741,2,0.290161,0.00576674,6.141,0,6.35e-06,0.000289,8.31e-05,7.51e-06,0,6.93e-06,0.000887776,6.18e-05,2.89e-05,5.77e-06,2.54e-05,9.24e-06,7.69407e-05,4.04e-05,0.00250086,0.629443,0.973761,0.0023001,3.99146e-05,0.000621076,0.000956614,8.29361e-05,19.7955,0.0193546,-0.000722202,0.000184096,0.000661502,0.000184137,0.000738858,0.00164201,0.0128255,0.00164201,-4.65832e-05,7.05048e-06,0.00567485,0.0123204,0.0126275,0.0118106,0.0659897,1.04295,228,10,0.993998,0.988548,0.988548,0.9927,1.18993e-06,0.000240629,0.000372258,7.76354e-07
ERF_Log_File_20240911_1307.csv,ig_zn_diff,12,emfpe,3,0,filled_square,3.6um_lp,ERF_OSA207_Spectra_20240911_1307.csv,1.41012e+09,4.74795,0.000332608,0.629031,0.00548463,34.171,6.60591,0.000279061,0.012372,2,0.316084,0.00339402,6.275,0,6.35e-06,0.000289,8.31e-05,7.51e-06,0,6.93e-06,0.00091411,6.18e-05,2.89e-05,5.77e-06,2.54e-05,9.24e-06,7.85136e-05,4.04e-05,0.00265128,0.656175,0.971897,0.00262909,3.48064e-05,0.000591739,0.000866582,9.51318e-05,20.4629,0.0181809,-0.000854203,0.000166676,-0.000204248,0.000166708,0.00715442,0.00142626,0.0118352,0.00142626,9.23706e-05,6.12507e-06,0.0051079,0.0149917,0.0105986,0.0139807,0.0615879,1.04574,228,10,0.993998,0.988223,0.988223,0.9927,1.2615e-06,0.000263488,0.000390267,8.87396e-07
ERF_Log_File_20240911_1341.csv,ig_zn_diff,12,emfpe,3,0,filled_square,3.6um_lp,ERF_OSA207_Spectra_20240911_1341.csv,1.41012e+09,3.09466,0.000252878,0.679409,0.00497868,34.1723,6.77292,0.000268514,0.0146621,2,0.283085,0.00314401,6.415,0,6.35e-06,0.000289,8.31e-05,7.51e-06,0,6.93e-06,0.000936759,6.18e-05,2.89e-05,5.77e-06,2.54e-05,9.24e-06,7.9894e-05,4.04e-05,0.00168035,0.637665,0.971242,0.00152103,3.05488e-05,0.000468286,0.000708069,5.78871e-05,26.1718,0.0190265,-0.00143305,0.000134655,0.00031869,0.000134673,0.00149695,0.0010226,0.0146117,0.00102259,0.000160518,4.39105e-06,0.00574438,0.012558,0.00984607,0.0108811,0.0646211,1.04544,228,10,0.993998,0.987938,0.987938,0.9927,7.99526e-07,0.000266995,0.000406666,5.13394e-07
ERF_Log_File_20240911_1423.csv,ig_zn_diff,12,emfpe,3,0,filled_square,3.6um_lp,ERF_OSA207_Spectra_20240911_1422.csv,1.41012e+09,3.51138,0.000276004,0.721406,0.00132829,34.1706,6.94239,0.000115139,0.0129891,2,0.293445,0.00216614,6.561,0,6.35e-06,0.000289,8.31e-05,7.51e-06,0,6.93e-06,0.000960331,6.18e-05,2.89e-05,5.77e-06,2.54e-05,9.24e-06,8.12948e-05,4.04e-05,0.000600754,0.596872,0.969406,0.000434651,2.90575e-05,0.000488405,0.000789852,5.42333e-05,31.2057,0.0253821,-0.00133872,0.000145623,0.00018789,0.000145634,0.00321395,0.000890988,0.0148746,0.000890986,9.57015e-05,3.82574e-06,0.00651758,0.012028,0.0102766,0.0121591,0.0859698,1.0455,228,10,0.993998,0.987649,0.987649,0.9927,2.85844e-07,0.000260444,0.000422999,1.46708e-07
ERF_Log_File_20240911_1457.csv,ig_zn_diff,12,emfpe,3,0,filled_square,3.6um_lp,ERF_OSA207_Spectra_20240911_1456.csv,1.41012e+09,4.3717,0.00034008,0.596848,0.00551688,34.1708,6.41276,0.00072501,0.0106644,2,0.289908,0.00619264,6.141,0,6.35e-06,0.000289,8.31e-05,7.51e-06,0,6.93e-06,0.000887336,6.18e-05,2.89e-05,5.77e-06,2.54e-05,9.24e-06,7.6917e-05,4.04e-05,0.00255282,0.627674,0.968498,0.00251185,4.89323e-05,0.00110202,0.00168565,8.34756e-05,19.764,0.0343435,-0.00128896,0.000312094,0.000551102,0.000312122,-0.000597686,0.00194085,0.0114589,0.00194084,-0.000250187,8.33573e-06,0.00693951,0.0231251,0.0128907,0.0118909,0.118129,1.03826,228,10,0.993998,0.988553,0.988553,0.9927,1.21466e-06,0.000239772,0.000369967,8.47826e-07
ERF_Log_File_20240911_1530.csv,ig_zn_diff,12,emfpe,3,0,filled_square,3.6um_lp,ERF_OSA207_Spectra_20240911_1530.csv,1.41013e+09,2.65111,0.000130351,0.851768,0.000767851,34.1715,4.93066,0.000209712,0.0169393,2,0.194914,0.00379591,4.83,0,6.35e-06,0.000289,8.31e-05,7.51e-06,0,6.93e-06,0.000681688,6.18e-05,2.89e-05,5.77e-06,2.54e-05,9.24e-06,3.56158e-05,4.04e-05,0.00279439,0.671201,0.968335,0.000851465,1.54738e-05,0.000219264,0.00032228,1.88596e-05,74.462,0.0238516,-0.0010038,6.2212e-05,0.0001238,6.2269e-05,0.00377968,0.0011068,0.0113693,0.0011068,-1.91741e-06,4.75053e-06,0.00828813,0.0209222,0.0503333,0.0101133,0.0808824,1.04103,228,10,0.99424,0.99105,0.99105,0.99275,1.02592e-06,0.00016358,0.000235995,2.82721e-07
ERF_Log_File_20240911_1604.csv,ig_zn_diff,12,emfpe,3,0,filled_square,3.6um_lp,ERF_OSA207_Spectra_20240911_1604.csv,1.41013e+09,2.73344,0.00013944,0.857295,0.000288421,34.1711,4.83885,0.000224812,0.0164929,2,0.191848,0.00293131,4.75,0,6.35e-06,0.000289,8.31e-05,7.51e-06,0,6.93e-06,0.00066899,6.18e-05,2.89e-05,5.77e-06,2.54e-05,9.24e-06,4.92602e-05,4.04e-05,0.0119145,0.426944,0.968834,0.00288241,1.16082e-05,9.56561e-05,0.000210604,2.10629e-05,78.3087,0.0169629,-0.00103861,4.08107e-05,0.000122216,4.08195e-05,0.00406121,0.000366527,0.0114648,0.000366526,-1.78857e-05,1.57399e-06,0.00642752,0.0145634,0.00904397,0.0119456,0.057994,1.02872,228,10,0.99426,0.991202,0.991202,0.992816,4.2597e-06,0.000100721,0.000228559,9.36238e-07
ERF_Log_File_20240911_1638.csv,ig_zn_diff,12,emfpe,3,0,filled_square,3.6um_lp,ERF_OSA207_Spectra_20240911_1638.csv,1.41013e+09,4.13273,0.000357657,0.596363,0.0121912,34.1723,6.4427,0.0011072,0.0118076,2,0.306198,0.0063044,6.165,0,6.35e-06,0.000289,8.31e-05,7.51e-06,0,6.93e-06,0.000891254,6.18e-05,2.89e-05,5.77e-06,2.54e-05,9.24e-06,7.71645e-05,4.04e-05,0.00282912,0.638678,0.978762,0.00281916,4.14116e-05,0.000506538,0.0007185,0.000105028,18.6856,0.0134925,-0.000962342,0.000140346,-0.000184505,0.000140485,0.00459785,0.0025931,0.00904495,0.00259309,0.000264473,1.11282e-05,0.00556376,0.0289182,0.0167606,0.0141001,0.0458522,1.044,228,10,0.993998,0.988502,0.988502,0.9927,1.34612e-06,0.000245898,0.000376834,9.5155e-07
ERF_Log_File_20240911_1712.csv,ig_zn_diff,12,emfpe,3,0,filled_square,3.6um_lp,ERF_OSA207_Spectra_20240911_1711.csv,1.41013e+09,2.73489,0.000115723,0.857199,0.000777439,34.1716,4.74398,0.000267306,0.015318,2,0.185165,0.00413905,4.67,0,6.35e-06,0.000289,8.31e-05,7.51e-06,0,6.93e-06,0.000655991,6.18e-05,2.89e-05,5.77e-06,2.54e-05,9.24e-06,6.33609e-05,4.04e-05,0.0568784,0.171044,0.968326,0.0149499,1.62924e-05,4.37812e-05,0.000203748,2.81744e-05,79.59,0.0166356,-0.0011324,4.01677e-05,0.000167463,4.01851e-05,0.00325343,0.000500834,0.0107238,0.000500833,5.40326e-05,2.14825e-06,0.00636017,0.0145153,0.0133063,0.0160123,0.0562982,1.04522,228,10,0.994281,0.991358,0.991358,0.992885,1.97679e-05,3.89899e-05,0.000220733,4.74493e-06
ERF_Log_File_20240911_1746.csv,ig_zn_diff,12,emfpe,3,0,filled_square,3.6um_lp,ERF_OSA207_Spectra_20240911_1745.csv,1.41013e+09,3.85468,0.000397113,0.607957,0.0282624,34.1712,6.44057,0.00121797,0.0118129,2,0.308031,0.0069599,6.165,0,6.35e-06,0.000289,8.31e-05,7.51e-06,0,6.93e-06,0.000890991,6.18e-05,2.89e-05,5.77e-06,2.54e-05,9.24e-06,7.71469e-05,4.04e-05,0.00298985,0.642546,0.986328,0.00306854,5.30193e-05,0.000980196,0.00150341,0.000109815,17.5826,0.0260815,-0.000888507,0.000288292,-0.000607778,0.00028858,0.00270352,0.00528788,0.00834169,0.00528787,0.00132721,2.26879e-05,0.00670911,0.0273728,0.0456167,0.0138216,0.0884404,1.04363,228,10,0.993998,0.988505,0.988505,0.9927,1.4226e-06,0.00024725,0.000379536,1.03572e-06
ERF_Log_File_20240911_1819.csv,ig_zn_diff,12,emfpe,3,0,filled_square,3.6um_lp,ERF_OSA207_Spectra_20240911_1819.csv,1.41014e+09,2.35972,0.000183564,0.877022,0.000796051,34.1715,4.01132,6.01836e-05,0.00830494,2,0.149269,0.000900659,3.99,0,6.35e-06,0.000289,8.31e-05,7.51e-06,0,6.93e-06,0.000555339,6.18e-05,2.89e-05,5.77e-06,2.54e-05,9.24e-06,4.91814e-05,4.04e-05,0.46725,0.000349631,0.966193,0.454818,0.000141262,2.21709e-05,0.000289887,0.000139494,71.1264,0.0212602,-0.0010146,5.57705e-05,0.000109529,5.578e-05,0.00280243,0.000451833,0.0109114,0.000451832,9.112e-06,1.93679e-06,0.0106847,0.0113322,0.0127464,0.0160182,0.0719171,1.04568,228,10,0.994429,0.992536,0.992536,0.993413,0.000125949,5.9548e-08,0.000164559,0.000119196
ERF_Log_File_20240911_1853.csv,ig_zn_diff,12,emfpe,3,0,filled_square,3.6um_lp,ERF_OSA207_Spectra_20240911_1853.csv,1.41014e+09,3.59032,0.000492581,0.58436,0.0183646,34.1715,6.43749,0.00117121,0.0115339,2,0.308556,0.00695857,6.165,0,6.35e-06,0.000289,8.31e-05,7.51e-06,0,6.93e-06,0.00089061,6.18e-05,2.89e-05,5.77e-06,2.54e-05,9.24e-06,7.71214e-05,4.04e-05,0.00313274,0.643475,0.988559,0.00296195,7.96054e-05,0.0012823,0.00188678,9.45187e-05,16.2849,0.0307996,-0.00105746,0.000364836,-0.000105954,0.000365031,0.00622257,0.00502138,0.008909,0.00502137,0.000623133,2.15338e-05,0.00932397,0.049046,0.0282738,0.011039,0.10479,1.04241,228,10,0.993998,0.988511,0.988511,0.9927,1.49059e-06,0.000247408,0.000380089,9.99746e-07
ERF_Log_File_20240911_1928.csv,ig_zn_diff,12,emfpe,3,0,filled_square,3.6um_lp,ERF_OSA207_Spectra_20240911_1927.csv,1.41014e+09,5.21602,0.000448226,0.862005,0.00341895,34.1712,4.19905,0.00103046,0.00815886,2,0.194201,0.00601581,4.18,0,6.35e-06,0.000289,8.31e-05,7.51e-06,0,6.93e-06,0.000581242,6.18e-05,2.89e-05,5.77e-06,2.54e-05,9.24e-06,6.85585e-05,4.04e-05,0.299177,0.00203119,0.966805,0.198583,0.000175327,5.13561e-05,0.000562302,0.000129248,34.844,0.0200791,-0.000734826,0.000110482,0.000217648,0.000110526,0.00353104,0.00130667,0.0114591,0.00130666,-7.78725e-05,5.6048e-06,0.00844865,0.0129449,0.0166942,0.0154884,0.0683171,1.03117,228,10,0.994394,0.99224,0.99224,0.993279,8.66528e-05,3.74577e-07,0.000178291,5.47833e-05
ERF_Log_File_20240911_2002.csv,ig_zn_diff,12,emfpe,3,0,filled_square,3.6um_lp,ERF_OSA207_Spectra_20240911_2001.csv,1.41014e+09,3.72328,0.000412331,0.602315,0.013751,34.1716,6.55121,0.000348402,0.0125742,2,0.332498,0.00350328,6.237,0,6.35e-06,0.000289,8.31e-05,7.51e-06,0,6.93e-06,0.000905991,6.18e-05,2.89e-05,5.77e-06,2.54e-05,9.24e-06,7.80615e-05,4.04e-05,0.00317118,0.656626,0.982222,0.00312695,6.37176e-05,0.00152968,0.00223107,0.000127298,17.018,0.0385137,-0.00167839,0.000426788,-0.000805693,0.000426876,0.00352311,0.00387667,0.0121977,0.00387666,0.000122426,1.66155e-05,0.00774484,0.044325,0.0232803,0.0155366,0.130438,1.04587,228,10,0.993998,0.988317,0.988317,0.9927,1.50888e-06,0.000260012,0.000388943,1.05544e-06
ERF_Log_File_20240911_2042.csv,ig_zn_diff,12,emfpe,3,0,filled_square,3.6um_lp,ERF_OSA207_Spectra_20240911_2042.csv,1.41015e+09,2.73131,0.000141952,0.853882,0.00163457,34.1711,4.77157,0.000222581,0.0148191,2,0.186805,0.00394512,4.695,0,6.35e-06,0.000289,8.31e-05,7.51e-06,0,6.93e-06,0.000660169,6.18e-05,2.89e-05,5.77e-06,2.54e-05,9.24e-06,5.92599e-05,4.04e-05,0.0364205,0.23844,0.967898,0.00878292,2.2471e-05,9.82919e-05,0.000377064,2.88148e-05,79.2946,0.03078,-0.00103604,7.32921e-05,8.04931e-05,7.33087e-05,0.0042967,0.000676011,0.0109337,0.000676009,0.000124667,2.90116e-06,0.00991427,0.0199344,0.0168082,0.0164375,0.106552,1.02463,228,10,0.994275,0.991313,0.991313,0.992865,1.27636e-05,5.49025e-05,0.000222866,2.80652e-06
ERF_Log_File_20240911_2116.csv,ig_zn_diff,12,emfpe,3,0,filled_square,3.6um_lp,ERF_OSA207_Spectra_20240911_2115.csv,1.41015e+09,2.29541,0.000170057,0.875971,0.00138066,34.1714,4.02117,7.92872e-05,0.00861768,2,0.150309,0.000966858,3.999,0,6.35e-06,0.000289,8.31e-05,7.51e-06,0,6.93e-06,0.000556605,6.18e-05,2.89e-05,5.77e-06,2.54e-05,9.24e-06,5.01981e-05,4.04e-05,0.462759,0.000373488,0.966277,0.446841,0.000210838,2.25006e-05,0.000439713,0.000204824,69.0183,0.0313263,-0.000825832,8.1189e-05,5.63315e-05,8.11962e-05,0.0040143,0.000494633,0.00978581,0.000494631,-7.03711e-06,2.12166e-06,0.00918249,0.0111696,0.015058,0.0142962,0.106034,1.04378,228,10,0.994428,0.992521,0.992521,0.993406,0.000125226,6.38835e-08,0.000165277,0.000117426
ERF_Log_File_20240911_2150.csv,ig_zn_diff,12,emfpe,3,0,filled_square,3.6um_lp,ERF_OSA207_Spectra_20240911_2149.csv,1.41015e+09,2.73645,0.000134377,0.855335,0.000337522,34.1721,4.86502,0.000174062,0.0184164,2,0.190214,0.00316708,4.773,0,6.35e-06,0.000289,8.31e-05,7.51e-06,0,6.93e-06,0.000673005,6.18e-05,2.89e-05,5.77e-06,2.54e-05,9.24e-06,4.53709e-05,4.04e-05,0.00732227,0.511997,0.969027,0.00195536,1.25753e-05,0.000140111,0.000260503,2.2888e-05,78.1458,0.0208238,-0.00108338,5.12536e-05,0.000201375,5.12768e-05,0.00249558,0.000652579,0.0116959,0.000652577,3.83566e-05,2.8002e-06,0.00698132,0.0184057,0.018675,0.0128547,0.0703767,1.04472,228,10,0.994254,0.991159,0.991159,0.992798,2.63796e-06,0.000121918,0.000230748,6.39142e-07
ERF_Log_File_20240912_1257.csv,ig_zn_diff,12,emfpe,3,0,filled_square,3.6um_lp,ERF_OSA207_Spectra_20240912_1257.csv,1.4102e+09,5.0364,0.000281247,0.847612,0.000819959,34.171,7.60027,0.000265083,0.00696244,2,0.3637,0.00257667,7.039,0,6.35e-06,0.000289,8.31e-05,7.51e-06,0,6.93e-06,0.00105125,6.18e-05,2.89e-05,5.77e-06,2.54e-05,9.24e-06,6.87296e-05,4.04e-05,8.91593e-05,0.545658,0.972977,4.68592e-05,3.52664e-05,0.000295584,0.000523973,4.54398e-05,43.0901,0.0231452,-0.00156446,9.88926e-05,0.000108482,9.89039e-05,0.00141887,0.000716535,0.014411,0.000716533,9.42669e-06,3.07808e-06,0.0109212,0.0118561,0.0116577,0.0140708,0.0766563,1.04558,228,10,0.993998,0.986523,0.986523,0.9927,4.24228e-08,0.000276609,0.000493229,1.58164e-08
ERF_Log_File_20240912_1331.csv,ig_zn_diff,12,emfpe,3,0,filled_square,3.6um_lp,ERF_OSA207_Spectra_20240912_1330.csv,1.41021e+09,4.99363,0.000268646,0.851488,0.000489882,34.1714,7.94525,0.000256378,0.00714595,2,0.411091,0.00249104,7.396,0,6.35e-06,0.000289,8.31e-05,7.51e-06,0,6.93e-06,0.00109896,6.18e-05,2.89e-05,5.77e-06,2.54e-05,9.24e-06,6.12343e-05,4.04e-05,0.000137199,0.555208,0.972918,-0.000126364,3.37813e-05,0.00055046,0.000962355,5.27484e-05,40.9425,0.0404739,-0.00174527,0.000156057,-7.2843e-05,0.000156059,0.00172428,0.000657266,0.0147464,0.000657265,1.29798e-05,2.82344e-06,0.00993989,0.0123966,0.00964781,0.0155197,0.139484,1.04559,228,10,0.993998,0.985932,0.985932,0.9927,6.52804e-08,0.000302689,0.000530416,-4.26517e-08
ERF_Log_File_20240912_1404.csv,ig_zn_diff,12,emfpe,3,0,filled_square,3.6um_lp,ERF_OSA207_Spectra_20240912_1404.csv,1.41021e+09,4.44147,0.0002739,0.85177,0.00115606,34.1712,8.4371,0.000281452,0.00720151,2,0.44322,0.00240725,7.79,0,6.35e-06,0.000289,8.31e-05,7.51e-06,0,6.93e-06,0.00116714,6.18e-05,2.89e-05,5.77e-06,2.54e-05,9.24e-06,6.0596e-05,4.04e-05,2.46606e-05,0.576735,0.975246,-0.000115088,3.56272e-05,0.000444884,0.000749318,3.63969e-05,36.3198,0.0278681,-0.00185023,0.000134691,9.89545e-05,0.000134697,0.00336755,0.000754479,0.0152425,0.000754477,-1.55654e-05,3.24084e-06,0.00934182,0.0124932,0.00965626,0.00954448,0.0888293,1.03595,228,10,0.993998,0.985088,0.985088,0.9927,1.17337e-08,0.000346667,0.000586205,-3.88455e-08
ERF_Log_File_20240912_1438.csv,ig_zn_diff,12,emfpe,3,0,filled_square,3.6um_lp,ERF_OSA207_Spectra_20240912_1438.csv,1.41021e+09,3.84999,0.000260988,0.855572,0.000728987,34.1719,8.88251,0.00159012,0.00800258,2,0.483203,0.0246646,8.226,0,6.35e-06,0.000289,8.31e-05,7.51e-06,0,6.93e-06,0.0012286,6.18e-05,2.89e-05,5.77e-06,2.54e-05,9.24e-06,6.11577e-05,4.04e-05,-9.56664e-05,0.57312,0.978857,-0.000168168,4.35936e-05,0.00165101,0.00281916,7.37415e-05,31.4827,0.0906602,-0.00133881,0.000289413,0.000446214,0.000289414,0.00202707,0.00084252,0.0169054,0.000842518,1.35239e-05,3.61834e-06,0.00986479,0.0102058,0.0100903,0.0166856,0.308846,1.04526,228,10,0.993998,0.984325,0.984325,0.9927,-4.5519e-08,0.000374251,0.0006392,-5.67618e-08
ERF_Log_File_20240912_1512.csv,ig_zn_diff,12,emfpe,3,0,filled_square,3.6um_lp,ERF_OSA207_Spectra_20240912_1511.csv,1.41021e+09,3.56324,0.000269674,0.858823,0.00063033,34.1718,9.39199,0.000289376,0.00670716,2,0.581501,0.00367536,8.711,0,6.35e-06,0.000289,8.31e-05,7.51e-06,0,6.93e-06,0.00129845,6.18e-05,2.89e-05,5.77e-06,2.54e-05,9.24e-06,4.43163e-05,4.04e-05,6.92309e-05,0.58228,0.978567,-6.40076e-05,4.26857e-05,0.000614987,0.00103122,7.36072e-05,28.5992,0.0301085,-0.000931264,0.000177253,0.00017493,0.000177262,0.00589995,0.000863709,0.0194597,0.000863707,2.68528e-05,3.70983e-06,0.00878228,0.0103085,0.00904933,0.0151417,0.106338,1.04357,228,10,0.993998,0.983451,0.983451,0.9927,3.29407e-08,0.000415632,0.000698501,-2.16045e-08
ERF_Log_File_20240912_1545.csv,ig_zn_diff,12,emfpe,3,0,filled_square,3.6um_lp,ERF_OSA207_Spectra_20240912_1545.csv,1.41021e+09,3.55506,0.00032053,0.862659,0.000866036,34.1711,9.95227,0.000467059,0.00828863,2,0.605082,0.00515822,9.254,0,6.35e-06,0.000289,8.31e-05,7.51e-06,0,6.93e-06,0.00137647,6.18e-05,2.89e-05,5.77e-06,2.54e-05,9.24e-06,2.00328e-05,4.04e-05,8.39693e-05,0.609701,0.977071,-5.04343e-05,4.04981e-05,0.00042531,0.000675016,7.10573e-05,29.5625,0.0203799,-0.00126878,0.000126196,0.000116531,0.00012621,0.000814225,0.000878048,0.0226659,0.000878047,3.92345e-05,3.77084e-06,0.00860917,0.0139609,0.00921131,0.0151019,0.0685801,1.04454,228,10,0.993998,0.982492,0.982492,0.9927,3.99533e-08,0.000476947,0.000764327,-1.70231e-08
ERF_Log_File_20240912_1619.csv,ig_zn_diff,12,emfpe,3,0,filled_square,3.6um_lp,ERF_OSA207_Spectra_20240912_1619.csv,1.41022e+09,3.19103,0.00030713,0.866698,0.000579728,34.1719,10.588,0.000728356,0.00775698,2,0.75395,0.00635577,9.865,0,6.35e-06,0.000289,8.31e-05,7.51e-06,0,6.93e-06,0.00146062,6.18e-05,2.89e-05,5.77e-06,2.54e-05,9.24e-06,8.11834e-05,4.04e-05,1.79625e-05,0.643893,0.975213,-5.15879e-05,3.69201e-05,0.000682127,0.00103159,5.17164e-05,28.3867,0.0299618,-0.00154829,0.00018946,-0.000197474,0.000189474,0.00361284,0.00117455,0.0181964,0.00117454,1.93836e-05,5.04571e-06,0.00753186,0.0119489,0.0139148,0.0105492,0.0994727,1.04567,228,10,0.993998,0.981403,0.981403,0.9927,8.54673e-09,0.000554937,0.000840483,-1.74125e-08
ERF_Log_File_20240912_1653.csv,ig_zn_diff,12,emfpe,3,0,filled_square,3.6um_lp,ERF_OSA207_Spectra_20240912_1652.csv,1.41022e+09,4.06839,0.000493653,0.870371,0.000659476,34.1712,11.4353,0.00163202,0.00765908,2,0.90382,0.0100307,10.559,0,6.35e-06,0.000289,8.31e-05,7.51e-06,0,6.93e-06,0.00158109,6.18e-05,2.89e-05,5.77e-06,2.54e-05,9.24e-06,0.000112419,4.04e-05,3.64276e-05,0.632504,0.978719,-5.22343e-06,3.82512e-05,0.000787144,0.00121638,8.29728e-05,21.8788,0.0271318,-0.00151612,0.000222304,1.04761e-05,0.00022232,0.00453071,0.00136892,0.0216493,0.00136892,-1.04921e-05,5.88092e-06,0.00601474,0.0104535,0.0126494,0.0130477,0.0879716,1.04537,228,10,0.993998,0.979955,0.979955,0.9927,1.73326e-08,0.000613995,0.000950079,-1.76307e-09
ERF_Log_File_20240912_1737.csv,ig_zn_diff,12,emfpe,3,0,filled_square,3.6um_lp,ERF_OSA207_Spectra_20240912_1736.csv,1.41022e+09,3.39641,0.000667129,0.870216,0.00242073,34.1709,12.3374,0.00296995,0.00511159,2,0.994994,0.0161849,11.354,0,6.35e-06,0.000289,8.31e-05,7.51e-06,0,6.93e-06,0.00170601,6.18e-05,2.89e-05,5.77e-06,2.54e-05,9.24e-06,0.000191796,4.04e-05,0.000127686,0.65386,0.985775,-0.000178295,8.41463e-05,0.00129288,0.00193734,0.00012743,13.459,0.0263985,-0.00182339,0.000355971,0.000467676,0.000356,0.00667724,0.0023453,0.0275055,0.0023453,-7.57662e-05,1.00751e-05,0.00813837,0.0159843,0.011608,0.0123303,0.0896696,1.04525,228,10,0.993998,0.978416,0.978416,0.9927,6.07541e-08,0.000712677,0.00107445,-6.01801e-08
ERF_Log_File_20240912_1811.csv,ig_zn_diff,12,emfpe,3,0,filled_square,3.6um_lp,ERF_OSA207_Spectra_20240912_1810.csv,1.41022e+09,2.66713,0.000428693,0.870549,0.00129397,34.172,11.9162,0.00186605,0.00620446,2,0.965511,0.0221069,10.934,0,6.35e-06,0.000289,8.31e-05,7.51e-06,0,6.93e-06,0.00164585,6.18e-05,2.89e-05,5.77e-06,2.54e-05,9.24e-06,9.79952e-05,4.04e-05,4.05488e-06,0.642608,0.981182,-0.00011861,5.76623e-05,0.00124749,0.00190078,0.00012168,17.0086,0.0329183,-0.000829263,0.000324474,-0.000132079,0.00032449,0.0101502,0.00156268,0.0195049,0.00156268,3.34817e-05,6.71298e-06,0.00704846,0.0118628,0.010075,0.0148708,0.113983,1.04572,228,10,0.993998,0.979134,0.979134,0.9927,1.92935e-09,0.000664385,0.00101443,-4.00345e-08
ERF_Log_File_20240912_1844.csv,ig_zn_diff,12,emfpe,3,0,filled_square,3.6um_lp,ERF_OSA207_Spectra_20240912_1844.csv,1.41022e+09,5.13136,0.000471282,0.866949,0.00136589,34.1717,11.0271,0.000831926,0.00698769,2,0.833577,0.00672956,10.201,0,6.35e-06,0.000289,8.31e-05,7.51e-06,0,6.93e-06,0.00152629,6.18e-05,2.89e-05,5.77e-06,2.54e-05,9.24e-06,0.000124659,4.04e-05,0.000110043,0.638602,0.978047,-0.000179049,3.2544e-05,0.000632948,0.000965468,5.5953e-05,24.6412,0.0242404,-0.0011429,0.000182904,-0.000106741,0.000182932,0.00720489,0.0014349,0.0194011,0.0014349,-1.40944e-05,6.164e-06,0.00576276,0.0137362,0.014152,0.00990876,0.0795437,1.04558,228,10,0.993998,0.980652,0.980652,0.9927,5.23597e-08,0.00058617,0.000897746,-6.04344e-08
ERF_Log_File_20240912_1918.csv,ig_zn_diff,12,emfpe,3,0,filled_square,3.6um_lp,ERF_OSA207_Spectra_20240912_1918.csv,1.41023e+09,3.31619,0.000335463,0.861139,0.00147279,34.1705,10.2263,0.000361382,0.00768526,2,0.669311,0.0050961,9.55,0,6.35e-06,0.000289,8.31e-05,7.51e-06,0,6.93e-06,0.00141446,6.18e-05,2.89e-05,5.77e-06,2.54e-05,9.24e-06,4.22925e-05,4.04e-05,9.00106e-05,0.628782,0.974885,-5.16914e-05,3.57195e-05,0.000847262,0.00131273,7.3662e-05,28.3668,0.0381468,-0.000993194,0.000228185,-0.000604387,0.000228197,0.00282995,0.00113712,0.0158751,0.00113712,3.28588e-06,4.88498e-06,0.00728134,0.0109297,0.0136308,0.0150157,0.131232,1.04569,228,10,0.993998,0.982023,0.982023,0.9927,4.28279e-08,0.000513286,0.000795815,-1.74474e-08
ERF_Log_File_20240912_1952.csv,ig_zn_diff,12,emfpe,3,0,filled_square,3.6um_lp,ERF_OSA207_Spectra_20240912_1951.csv,1.41023e+09,3.43128,0.000333866,0.858946,0.00128408,34.1717,9.70553,0.00303256,0.00711945,2,0.577688,0.0329444,8.974,0,6.35e-06,0.000289,8.31e-05,7.51e-06,0,6.93e-06,0.00134215,6.18e-05,2.89e-05,5.77e-06,2.54e-05,9.24e-06,3.0727e-05,4.04e-05,0.000120474,0.595609,0.97746,0.000107297,4.32169e-05,0.00108854,0.00178515,7.23297e-05,27.9881,0.0510849,-0.00113256,0.000277672,-0.000268569,0.000277678,0.00298271,0.00109966,0.0182572,0.00109966,3.73289e-05,4.72378e-06,0.00869228,0.0111506,0.0122512,0.0145446,0.173478,1.04584,228,10,0.993998,0.982914,0.982914,0.9927,5.73224e-08,0.000447846,0.000734964,3.62158e-08
ERF_Log_File_20240912_2025.csv,ig_zn_diff,12,emfpe,3,0,filled_square,3.6um_lp,ERF_OSA207_Spectra_20240912_2025.csv,1.41023e+09,3.55776,0.000288799,0.856773,0.00113299,34.1716,9.12021,0.000296459,0.0079276,2,0.531889,0.00352165,8.462,0,6.35e-06,0.000289,8.31e-05,7.51e-06,0,6.93e-06,0.00126127,6.18e-05,2.89e-05,5.77e-06,2.54e-05,9.24e-06,5.60959e-05,4.04e-05,0.000164678,0.571732,0.976689,-2.63714e-05,3.38105e-05,0.000730316,0.00124496,7.27163e-05,28.7955,0.0366767,-0.00119631,0.000208137,-3.15296e-07,0.000208144,0.00233059,0.000940692,0.0180942,0.00094069,2.27347e-05,4.04115e-06,0.0069967,0.011507,0.0100284,0.0150461,0.124379,1.04569,228,10,0.993998,0.983917,0.983917,0.9927,7.83555e-08,0.000389456,0.000665307,-8.90115e-09
ERF_Log_File_20240912_2059.csv,ig_zn_diff,12,emfpe,3,0,filled_square,3.6um_lp,ERF_OSA207_Spectra_20240912_2059.csv,1.41023e+09,3.9907,0.000294992,0.856103,0.000932766,34.1719,8.68378,0.000173617,0.00740653,2,0.466872,0.00247836,8.002,0,6.35e-06,0.000289,8.31e-05,7.51e-06,0,6.93e-06,0.00120068,6.18e-05,2.89e-05,5.77e-06,2.54e-05,9.24e-06,6.09071e-05,4.04e-05,2.6237e-05,0.576576,0.975113,-0.00012757,3.30455e-05,0.00050318,0.000849813,4.78133e-05,32.9257,0.0286599,-0.00158998,0.000148453,0.000195476,0.000148458,0.00515254,0.000751253,0.0171394,0.000751251,5.14261e-06,3.2272e-06,0.00781856,0.00858466,0.00986841,0.0113122,0.097068,1.0458,228,10,0.993998,0.984665,0.984665,0.9927,1.24838e-08,0.000363065,0.000614021,-4.30585e-08
ERF_Log_File_20240913_0846.csv,ig_zn_diff,12,emfpe,3,0,filled_square,3.6um_lp,ERF_OSA207_Spectra_20240913_0846.csv,1.41027e+09,4.3822,0.000244023,0.791799,0.00144895,34.1718,7.28363,0.000172386,0.0113196,2,0.333981,0.00154358,6.813,0,6.35e-06,0.000289,8.31e-05,7.51e-06,0,6.93e-06,0.00100674,6.18e-05,2.89e-05,5.77e-06,2.54e-05,9.24e-06,7.56089e-05,4.04e-05,0.000122149,0.567349,0.971498,0.000104973,2.57611e-05,0.000241167,0.000409494,4.56234e-05,38.0063,0.0159273,-0.00120159,7.96685e-05,0.000276247,7.96905e-05,0.00239354,0.000808282,0.0137293,0.00080828,-3.46837e-05,3.47167e-06,0.00703863,0.0112017,0.0117759,0.0124681,0.0535806,1.04464,228,10,0.993998,0.987065,0.987065,0.9927,5.81197e-08,0.000268103,0.000459084,3.54314e-08
ERF_Log_File_20240913_0920.csv,ig_zn_diff,12,emfpe,3,0,filled_square,3.6um_lp,ERF_OSA207_Spectra_20240913_0920.csv,1.41028e+09,3.80101,0.000260367,0.743639,0.0004697,34.1737,7.04403,0.000105947,0.0116392,2,0.30791,0.00185332,6.644,0,6.35e-06,0.000289,8.31e-05,7.51e-06,0,6.93e-06,0.000973874,6.18e-05,2.89e-05,5.77e-06,2.54e-05,9.24e-06,8.08144e-05,4.04e-05,0.000281778,0.589455,0.973091,0.000251499,2.42981e-05,0.000390372,0.000640687,5.98838e-05,33.3473,0.0218891,-0.00113719,0.000121784,0.000183169,0.000121802,0.00241005,0.000937958,0.0139376,0.000937956,-1.63772e-05,4.02961e-06,0.00582501,0.0125906,0.011732,0.0143578,0.0742843,1.04472,228,10,0.993998,0.987475,0.987475,0.9927,1.34072e-07,0.00026351,0.000435011,8.48884e-08
ERF_Log_File_20240913_1020.csv,ig_zn_diff,12,emfpe,3,0,filled_square,2.4um_lp,ERF_OSA207_Spectra_20240913_1020.csv,1.41028e+09,4.52558,0.000607532,0.699038,0.00294811,34.1705,2.5098,1.2303e-05,0.0268215,2,0.0405814,0.000347689,2.5,0,6.35e-06,0.000289,8.31e-05,7.51e-06,0,6.93e-06,0.000346892,6.18e-05,2.89e-05,5.77e-06,2.54e-05,9.24e-06,3.42635e-05,4.04e-05,0.633805,0.000520601,0.958886,0.834697,0.00023648,2.33162e-05,0.000351465,0.000310066,63.8308,0.0232238,-0.000811746,6.934e-05,0.000139501,6.93615e-05,0.00392632,0.00073242,0.0115705,0.000732419,-1.05658e-07,3.14626e-06,0.0239472,0.0106939,0.019474,0.0283877,0.0786749,1.04586,228,10,0.994524,0.994534,0.994534,0.994297,7.65946e-05,4.04582e-08,7.45193e-05,0.00013921
ERF_Log_File_20240913_1342.csv,ig_zn_diff,12,emfpe,3,0,filled_square,2.4um_lp,ERF_OSA207_Spectra_20240913_1342.csv,1.41029e+09,4.94077,0.000501907,0.696691,0.0011874,34.1727,2.53041,1.38965e-05,0.0268491,2,0.0437115,0.00029727,2.525,0,6.35e-06,0.000289,8.31e-05,7.51e-06,0,6.93e-06,0.00034942,6.18e-05,2.89e-05,5.77e-06,2.54e-05,9.24e-06,3.58285e-05,4.04e-05,0.634274,0.000465404,0.959407,0.834846,0.000348448,1.94958e-05,0.000497939,0.00044489,74.9694,0.0358441,-0.000850895,9.34757e-05,0.000298438,9.37251e-05,0.00622702,0.00280941,0.0112743,0.00280941,-0.000300123,1.20506e-05,0.0945275,0.0105145,0.10096,0.10428,0.121022,1.04274,228,10,0.994527,0.994516,0.994516,0.994291,7.76513e-05,3.66222e-08,7.54949e-05,0.000140093
ERF_Log_File_20240913_1416.csv,ig_zn_diff,12,emfpe,3,0,filled_square,2.4um_lp,ERF_OSA207_Spectra_20240913_1415.csv,1.41029e+09,5.19922,0.000538568,0.702854,0.000884076,34.1711,2.55317,1.60538e-05,0.0296117,2,0.0469582,0.000360619,2.55,0,6.35e-06,0.000289,8.31e-05,7.51e-06,0,6.93e-06,0.000353353,6.18e-05,2.89e-05,5.77e-06,2.54e-05,9.24e-06,3.7557e-05,4.04e-05,0.634676,0.000563179,0.958047,0.834773,0.000356473,1.86846e-05,0.00053286,0.000487028,83.2264,0.0410535,-0.000843241,9.65321e-05,0.000229644,9.68766e-05,0.00085686,0.00335729,0.00174987,0.00335728,-5.95382e-05,1.43866e-05,0.101842,0.0111737,0.146248,0.152936,0.138917,1.0456,228,10,0.994531,0.994495,0.994495,0.994283,7.88281e-05,4.49293e-08,7.6431e-05,0.000141041
ERF_Log_File_20240913_1449.csv,ig_zn_diff,12,emfpe,3,0,filled_square,2.4um_lp,ERF_OSA207_Spectra_20240913_1449.csv,1.4103e+09,5.28019,0.000631204,0.706516,0.00121466,34.1711,2.57925,1.48448e-05,0.0316345,2,0.0513754,0.000336318,2.576,0,6.35e-06,0.000289,8.31e-05,7.51e-06,0,6.93e-06,0.00035655,6.18e-05,2.89e-05,5.77e-06,2.54e-05,9.24e-06,3.95377e-05,4.04e-05,0.636329,0.000533173,0.961783,0.83704,0.000583423,1.68273e-05,0.000816846,0.000710708,86.5096,0.0657414,-0.000684643,0.000148685,0.000162294,0.000149181,0.00342315,0.00499703,0.00330864,0.00499701,-6.39403e-05,2.14212e-05,0.201407,0.0104565,0.226291,0.194094,0.222679,1.04587,228,10,0.994535,0.99447,0.99447,0.994274,8.03558e-05,4.32098e-08,7.79455e-05,0.000142542
ERF_Log_File_20240913_1523.csv,ig_zn_diff,12,emfpe,3,0,filled_square,2.4um_lp,ERF_OSA207_Spectra_20240913_1523.csv,1.4103e+09,5.34205,0.000467234,0.71287,0.000736616,34.1717,2.60942,2.4263e-05,0.0312069,2,0.0525672,0.00045137,2.602,0,6.35e-06,0.000289,8.31e-05,7.51e-06,0,6.93e-06,0.000361467,6.18e-05,2.89e-05,5.77e-06,2.54e-05,9.24e-06,4.18295e-05,4.04e-05,0.634172,0.000448579,0.960464,0.838849,0.000433858,1.81902e-05,0.000667865,0.000605427,87.5358,0.0552344,-0.000469381,0.000123337,0.000233954,0.000123647,0.00197472,0.00359637,0.00266087,0.00359636,6.14672e-05,1.54243e-05,0.103885,0.0114408,0.176035,0.183375,0.187063,1.04586,228,10,0.994539,0.99444,0.99444,0.994264,8.16403e-05,3.70191e-08,7.92625e-05,0.000144166
ERF_Log_File_20240913_1557.csv,ig_zn_diff,12,emfpe,3,0,filled_square,2.4um_lp,ERF_OSA207_Spectra_20240913_1557.csv,1.4103e+09,2.25835,0.000684599,0.717319,0.00105825,34.1709,2.6336,1.61407e-05,0.0334789,2,0.0480636,0.000404213,2.628,0,6.35e-06,0.000289,8.31e-05,7.51e-06,0,6.93e-06,0.000364573,6.18e-05,2.89e-05,5.77e-06,2.54e-05,9.24e-06,4.3666e-05,4.04e-05,0.633561,0.00041629,0.959944,0.839608,0.000378467,1.62419e-05,0.000565108,0.000501453,93.7967,0.0486078,-0.000667339,0.000101416,4.71047e-05,0.000101779,0.00373292,0.00353172,0.0155983,0.00353171,6.81276e-05,1.51356e-05,0.125388,0.0109465,0.18039,0.166023,0.164647,1.04587,228,10,0.994542,0.994416,0.994416,0.994254,8.28327e-05,3.48555e-08,8.03751e-05,0.000145366
ERF_Log_File_20240913_1631.csv,ig_zn_diff,12,emfpe,3,0,filled_square,2.4um_lp,ERF_OSA207_Spectra_20240913_1630.csv,1.4103e+09,2.20619,0.000599496,0.722327,0.000983331,34.1711,2.6568,2.82449e-05,0.0324649,2,0.0527026,0.000619935,2.656,0,6.35e-06,0.000289,8.31e-05,7.51e-06,0,6.93e-06,0.00036751,6.18e-05,2.89e-05,5.77e-06,2.54e-05,9.24e-06,4.54277e-05,4.04e-05,0.633515,0.000345976,0.958822,0.83653,0.000350038,1.59911e-05,0.00051483,0.000457672,89.8071,0.0380737,-0.000878815,8.31019e-05,1.96865e-05,8.37148e-05,-0.00825279,0.00416374,0.00123818,0.00416373,5.28655e-05,1.7796e-05,0.143268,0.0103194,0.203527,0.184381,0.128947,1.04587,228,10,0.994544,0.994392,0.994392,0.994245,8.40644e-05,2.9372e-08,8.14003e-05,0.000145868
ERF_Log_File_20240913_1704.csv,ig_zn_diff,12,emfpe,3,0,filled_square,2.4um_lp,ERF_OSA207_Spectra_20240913_1704.csv,1.4103e+09,5.37996,0.000565969,0.730493,0.000883179,34.1716,2.6872,3.46322e-05,0.0337452,2,0.0575662,0.000711358,2.683,0,6.35e-06,0.000289,8.31e-05,7.51e-06,0,6.93e-06,0.000371393,6.18e-05,2.89e-05,5.77e-06,2.54e-05,9.24e-06,4.77367e-05,4.04e-05,0.634084,0.000326544,0.958596,0.836104,0.000364031,1.91484e-05,0.00064307,0.000496984,85.1207,0.0439349,-0.000831155,0.000101031,-1.91827e-05,0.000101421,-0.00271456,0.00365681,0.0171013,0.0036568,-3.45545e-05,1.56677e-05,0.0953989,0.0117115,0.250567,0.149715,0.148786,1.04574,228,10,0.994547,0.99436,0.99436,0.994233,8.57914e-05,2.82284e-08,8.28667e-05,0.000147165
ERF_Log_File_20240913_1738.csv,ig_zn_diff,12,emfpe,3,0,filled_square,2.4um_lp,ERF_OSA207_Spectra_20240913_1738.csv,1.41031e+09,2.22411,0.00060339,0.737947,0.00103518,34.171,2.71585,3.22703e-05,0.033609,2,0.0534723,0.000694918,2.711,0,6.35e-06,0.000289,8.31e-05,7.51e-06,0,6.93e-06,0.00037509,6.18e-05,2.89e-05,5.77e-06,2.54e-05,9.24e-06,4.99128e-05,4.04e-05,0.633267,0.000365613,0.957683,0.8358,0.000373562,1.82612e-05,0.00053466,0.000480186,86.6647,0.0425231,-0.000875115,9.60566e-05,0.000266557,9.64501e-05,0.0012867,0.00357911,0.00498936,0.0035791,-0.000135917,1.53342e-05,0.127742,0.0113698,0.158692,0.153696,0.144023,1.04586,228,10,0.994549,0.99433,0.99433,0.994221,8.72598e-05,3.21462e-08,8.42034e-05,0.000148419
ERF_Log_File_20240913_1812.csv,ig_zn_diff,12,emfpe,3,0,filled_square,2.4um_lp,ERF_OSA207_Spectra_20240913_1811.csv,1.41031e+09,2.22288,0.000630176,0.744726,0.00117608,34.1708,2.74294,3.04934e-05,0.034274,2,0.0569299,0.000584092,2.74,0,6.35e-06,0.000289,8.31e-05,7.51e-06,0,6.93e-06,0.000379931,6.18e-05,2.89e-05,5.77e-06,2.54e-05,9.24e-06,5.19702e-05,4.04e-05,0.633382,0.000343777,0.959671,0.836827,0.000392093,1.64764e-05,0.000626736,0.000514925,84.2744,0.0467101,-0.000738423,0.000108421,0.000152342,0.000108758,-0.00140074,0.00351923,0.00959008,0.00351922,-0.000104371,1.50869e-05,0.104348,0.00997569,0.200567,0.133389,0.158236,1.04587,228,10,0.994551,0.9943,0.9943,0.994209,8.87919e-05,3.07122e-08,8.57346e-05,0.000149855
ERF_Log_File_20240916_0822.csv,ig_zn_diff,12,emfpe,3,0,filled_square,2.4um_lp,ERF_OSA207_Spectra_20240916_0822.csv,1.41053e+09,5.43222,0.000855674,0.749393,0.00119977,34.1742,2.7741,2.0441e-05,0.0344355,2,0.0612384,0.000360999,2.769,0,6.35e-06,0.000289,8.31e-05,7.51e-06,0,6.93e-06,0.000384045,6.18e-05,2.89e-05,5.77e-06,2.54e-05,9.24e-06,5.43368e-05,4.04e-05,0.632318,0.000351281,0.958248,0.831014,0.000261654,1.82453e-05,0.000380825,0.000332057,80.2295,0.0258638,-0.00065565,6.31728e-05,0.000158896,6.35748e-05,0.0046376,0.00293715,0.0113278,0.00293714,-2.56867e-05,1.2564e-05,0.0935786,0.0105178,0.128155,0.111665,0.0875893,1.04587,228,10,0.994552,0.994265,0.994265,0.994195,9.04074e-05,3.19611e-08,8.71855e-05,0.000150261
ERF_Log_File_20240916_0856.csv,ig_zn_diff,12,emfpe,3,0,filled_square,2.4um_lp,ERF_OSA207_Spectra_20240916_0855.csv,1.41053e+09,2.24613,0.000846094,0.756446,0.00146757,34.1722,2.80659,2.9034e-05,0.0321882,2,0.0597173,0.000336045,2.799,0,6.35e-06,0.000289,8.31e-05,7.51e-06,0,6.93e-06,0.000388385,6.18e-05,2.89e-05,5.77e-06,2.54e-05,9.24e-06,5.68041e-05,4.04e-05,0.630842,0.000424068,0.958684,0.825958,0.000343726,1.94435e-05,0.000537612,0.000470719,80.6824,0.0405512,-0.000835582,9.82496e-05,0.000213491,9.85015e-05,0.00808655,0.00289646,0.0124292,0.00289645,-0.000107911,1.24228e-05,0.0757265,0.0112711,0.137497,0.127974,0.137303,1.04576,228,10,0.994554,0.994228,0.994228,0.994179,9.20586e-05,3.93203e-08,8.88908e-05,0.000150866
ERF_Log_File_20240916_0929.csv,ig_zn_diff,12,emfpe,3,0,filled_square,2.4um_lp,ERF_OSA207_Spectra_20240916_0929.csv,1.41054e+09,2.3122,0.000763297,0.764356,0.00127982,34.1726,2.83342,3.37094e-05,0.0316216,2,0.061452,0.00042451,2.83,0,6.35e-06,0.000289,8.31e-05,7.51e-06,0,6.93e-06,0.000392003,6.18e-05,2.89e-05,5.77e-06,2.54e-05,9.24e-06,5.88422e-05,4.04e-05,0.62958,0.00054563,0.960192,0.822885,0.000328844,1.76476e-05,0.000494887,0.000440734,81.7024,0.0401095,-0.000868874,9.57206e-05,0.0001254,9.58656e-05,0.00140031,0.00217481,0.0091441,0.0021748,-8.78183e-05,9.33167e-06,0.0651396,0.0103583,0.0883297,0.102518,0.135833,1.04587,228,10,0.994555,0.994197,0.994197,0.994166,9.34279e-05,5.13836e-08,9.04243e-05,0.000151568
ERF_Log_File_20240916_1003.csv,ig_zn_diff,12,emfpe,3,0,filled_square,2.4um_lp,ERF_OSA207_Spectra_20240916_1003.csv,1.41054e+09,2.3809,0.000556847,0.769443,0.00101537,34.1718,2.8617,1.98132e-05,0.0277453,2,0.0671389,0.000415312,2.861,0,6.35e-06,0.000289,8.31e-05,7.51e-06,0,6.93e-06,0.000395856,6.18e-05,2.89e-05,5.77e-06,2.54e-05,9.24e-06,6.09902e-05,4.04e-05,0.628385,0.000543726,0.96032,0.818403,0.000200999,1.83814e-05,0.000309961,0.000268674,83.9035,0.025794,-0.000814561,5.98361e-05,0.000218828,5.99066e-05,0.00178187,0.00119981,0.0119652,0.00119981,-4.50458e-05,5.1498e-06,0.0330723,0.0110826,0.0567014,0.0563829,0.0864732,1.04557,228,10,0.994555,0.994164,0.994164,0.994152,9.4902e-05,5.20452e-08,9.19214e-05,0.000152078
ERF_Log_File_20240916_1037.csv,ig_zn_diff,12,emfpe,3,0,filled_square,2.4um_lp,ERF_OSA207_Spectra_20240916_1037.csv,1.41054e+09,2.49662,0.000310635,0.777959,0.000530616,34.1715,2.89484,2.80061e-05,0.022347,2,0.0757681,0.000476363,2.893,0,6.35e-06,0.000289,8.31e-05,7.51e-06,0,6.93e-06,0.000400416,6.18e-05,2.89e-05,5.77e-06,2.54e-05,9.24e-06,6.35069e-05,4.04e-05,0.626885,0.000580502,0.960898,0.814503,0.000120063,2.02489e-05,0.000176663,0.000163733,88.6008,0.0151322,-0.000768766,3.33923e-05,6.84723e-05,3.3482e-05,0.00590588,0.00100756,0.00946691,0.00100755,-1.49616e-05,4.3203e-06,0.0346082,0.0128921,0.0412577,0.0543004,0.0511882,1.04566,228,10,0.994556,0.994125,0.994125,0.994135,9.66269e-05,5.66289e-08,9.37371e-05,0.000152928
ERF_Log_File_20240916_1111.csv,ig_zn_diff,12,emfpe,3,0,filled_square,2.4um_lp,ERF_OSA207_Spectra_20240916_1110.csv,1.41054e+09,2.62269,0.000231642,0.783866,0.000541464,34.1714,2.93138,3.08008e-05,0.0245907,2,0.0771499,0.000546418,2.925,0,6.35e-06,0.000289,8.31e-05,7.51e-06,0,6.93e-06,0.000405508,6.18e-05,2.89e-05,5.77e-06,2.54e-05,9.24e-06,6.62819e-05,4.04e-05,0.625477,0.00048117,0.960986,0.811455,0.000121841,1.69159e-05,0.000178681,0.000156154,94.4223,0.017238,-0.000828112,3.54035e-05,4.84254e-05,3.54318e-05,0.00461783,0.00058774,0.0108173,0.000587738,2.67987e-05,2.52329e-06,0.0286968,0.0114901,0.0230517,0.0333388,0.0553644,1.0435,228,10,0.994555,0.99408,0.99408,0.994116,9.85813e-05,4.79224e-08,9.57099e-05,0.000154105
ERF_Log_File_20240916_1145.csv,ig_zn_diff,12,emfpe,3,0,filled_square,2.4um_lp,ERF_OSA207_Spectra_20240916_1144.csv,1.41054e+09,2.80081,0.000227145,0.79105,0.00046348,34.1719,2.96722,4.3988e-05,0.0262494,2,0.0753837,0.000669122,2.958,0,6.35e-06,0.000289,8.31e-05,7.51e-06,0,6.93e-06,0.000410562,6.18e-05,2.89e-05,5.77e-06,2.54e-05,9.24e-06,6.90038e-05,4.04e-05,0.624344,0.000376157,0.961349,0.809271,9.09565e-05,1.59081e-05,0.000135781,0.000115236,102.443,0.0140531,-0.000819723,2.66412e-05,2.46524e-05,2.66656e-05,0.00395437,0.000472648,0.0106838,0.000472647,2.42942e-05,2.02865e-06,0.0223997,0.0117109,0.0237498,0.0224354,0.0473994,1.04575,228,10,0.994555,0.994036,0.994036,0.994097,0.000100552,3.82275e-08,9.76986e-05,0.00015542
ERF_Log_File_20240916_1218.csv,ig_zn_diff,12,emfpe,3,0,filled_square,2.4um_lp,ERF_OSA207_Spectra_20240916_1218.csv,1.41055e+09,3.06079,0.000293309,0.797302,0.00103233,34.1726,3.00449,4.62543e-05,0.0264215,2,0.078877,0.000748908,2.992,0,6.35e-06,0.000289,8.31e-05,7.51e-06,0,6.93e-06,0.000415888,6.18e-05,2.89e-05,5.77e-06,2.54e-05,9.24e-06,7.17542e-05,4.04e-05,0.623915,0.000262723,0.961645,0.808143,0.000152146,1.89109e-05,0.000234357,0.000198071,113.427,0.0275076,-0.000759082,4.47629e-05,0.000111809,4.47693e-05,0.0041204,0.000330676,0.0106554,0.000330675,5.9207e-05,1.42035e-06,0.0127907,0.015414,0.0188335,0.023209,0.0932965,1.04584,228,10,0.994554,0.993989,0.993989,0.994076,0.000102739,2.72609e-08,9.9783e-05,0.00015702
ERF_Log_File_20240916_1252.csv,ig_zn_diff,12,emfpe,3,0,filled_square,2.4um_lp,ERF_OSA207_Spectra_20240916_1252.csv,1.41055e+09,3.50273,0.000191896,0.803436,0.00073007,34.1724,3.03703,9.59349e-05,0.0262577,2,0.0825772,0.0010794,3.026,0,6.35e-06,0.000289,8.31e-05,7.51e-06,0,6.93e-06,0.000420592,6.18e-05,2.89e-05,5.77e-06,2.54e-05,9.24e-06,7.36444e-05,4.04e-05,0.623647,0.000198067,0.961209,0.807919,9.07371e-05,1.29303e-05,0.000138787,0.000117395,129.555,0.0185336,-0.000837501,2.72333e-05,2.21271e-06,2.72414e-05,0.00472134,0.000282397,0.0108208,0.000282396,3.87272e-05,1.21265e-06,0.0153433,0.0120381,0.0174307,0.018903,0.0627558,1.04578,228,10,0.994553,0.993948,0.993948,0.994058,0.000104682,2.09258e-08,0.000101552,0.000158577
ERF_Log_File_20240916_1326.csv,ig_zn_diff,12,emfpe,3,0,filled_square,2.4um_lp,ERF_OSA207_Spectra_20240916_1325.csv,1.41055e+09,4.00562,0.000192628,0.808865,0.000722646,34.1721,3.07478,4.72476e-05,0.0268024,2,0.0871523,0.000775366,3.061,0,6.35e-06,0.000289,8.31e-05,7.51e-06,0,6.93e-06,0.000424647,6.18e-05,2.89e-05,5.77e-06,2.54e-05,9.24e-06,7.58372e-05,4.04e-05,0.623544,0.00016252,0.961576,0.808985,6.67198e-05,9.41917e-06,0.000102999,8.86567e-05,146.937,0.0155117,-0.00082064,2.02541e-05,0.0001003,2.02624e-05,0.00367314,0.000243256,0.0107759,0.000243255,6.92828e-05,1.04472e-06,0.0110029,0.00995328,0.0185,0.0255202,0.0520842,1.04424,228,10,0.994551,0.993899,0.993899,0.994036,0.000106989,1.753e-08,0.000103719,0.000160664
ERF_Log_File_20240916_1400.csv,ig_zn_diff,12,emfpe,3,0,filled_square,2.4um_lp,ERF_OSA207_Spectra_20240916_1359.csv,1.41055e+09,2.20274,0.000122883,0.812902,0.00132204,34.1716,3.113,6.04547e-05,0.0266521,2,0.0893752,0.000967686,3.097,0,6.35e-06,0.000289,8.31e-05,7.51e-06,0,6.93e-06,0.000430297,6.18e-05,2.89e-05,5.77e-06,2.54e-05,9.24e-06,7.80569e-05,4.04e-05,0.624015,0.000115309,0.961708,0.809904,8.13009e-05,9.36676e-06,0.000125011,0.000105978,160.177,0.0206612,-0.000782149,2.43435e-05,0.000110642,2.4349e-05,0.00408583,0.000223237,0.0108242,0.000223237,2.2687e-05,9.58728e-07,0.0130819,0.0107813,0.0176885,0.0203093,0.069979,1.0458,228,10,0.994549,0.993849,0.993849,0.994014,0.000109443,1.26992e-08,0.000105914,0.000162767
ERF_Log_File_20240916_1433.csv,ig_zn_diff,12,emfpe,3,0,filled_square,2.4um_lp,ERF_OSA207_Spectra_20240916_1433.csv,1.41055e+09,2.31785,0.000126755,0.820219,0.000716889,34.1718,3.14792,0.000121682,0.0259341,2,0.0915978,0.00154843,3.134,0,6.35e-06,0.000289,8.31e-05,7.51e-06,0,6.93e-06,0.00043552,6.18e-05,2.89e-05,5.77e-06,2.54e-05,9.24e-06,8.00847e-05,4.04e-05,0.623815,0.000173954,0.961529,0.810624,9.07812e-05,7.76558e-06,0.000137997,0.000116589,167.603,0.0239171,-0.000820319,2.67503e-05,5.31899e-05,2.67554e-05,0.0044197,0.000227116,0.0111983,0.000227116,4.49437e-05,9.7515e-07,0.023699,0.00946168,0.0168607,0.0156974,0.0823086,1.02187,228,10,0.994547,0.993803,0.993803,0.993993,0.000111591,1.95219e-08,0.000107907,0.000164684
ERF_Log_File_20240916_1507.csv,ig_zn_diff,12,emfpe,3,0,filled_square,2.4um_lp,ERF_OSA207_Spectra_20240916_1507.csv,1.41056e+09,2.39358,0.00013048,0.825963,0.000587079,34.1715,3.19028,0.00011268,0.0252606,2,0.0961111,0.00133689,3.172,0,6.35e-06,0.000289,8.31e-05,7.51e-06,0,6.93e-06,0.000440918,6.18e-05,2.89e-05,5.77e-06,2.54e-05,9.24e-06,8.25454e-05,4.04e-05,0.624512,0.000185987,0.961601,0.812401,0.000116225,7.86074e-06,0.000178432,0.00015168,172.049,0.0317745,-0.00082684,3.42843e-05,0.000108724,3.42896e-05,0.00407908,0.000265355,0.0109324,0.000265354,3.67497e-05,1.13966e-06,0.0182519,0.00972653,0.0208998,0.0267034,0.107828,1.04406,228,10,0.994544,0.993746,0.993746,0.993967,0.000114386,2.13506e-08,0.000110388,0.000167221
ERF_Log_File_20240916_1541.csv,ig_zn_diff,12,emfpe,3,0,filled_square,2.4um_lp,ERF_OSA207_Spectra_20240916_1540.csv,1.41056e+09,2.43801,0.000109114,0.832381,0.000431073,34.1711,3.23196,4.88638e-05,0.0251035,2,0.0967546,0.000788301,3.21,0,6.35e-06,0.000289,8.31e-05,7.51e-06,0,6.93e-06,0.000446814,6.18e-05,2.89e-05,5.77e-06,2.54e-05,9.24e-06,8.49661e-05,4.04e-05,0.625421,0.000233865,0.961558,0.814448,7.06961e-05,8.50124e-06,0.000105595,9.32309e-05,174.191,0.0189579,-0.000858124,2.0918e-05,0.000159931,2.09273e-05,0.00377565,0.000261702,0.0110103,0.000261701,2.9672e-05,1.1237e-06,0.0255367,0.0106889,0.0169614,0.0341933,0.0647815,1.03648,228,10,0.994541,0.993689,0.993689,0.993942,0.000117202,2.74451e-08,0.000112843,0.000169808
ERF_Log_File_20240916_1615.csv,ig_zn_diff,12,emfpe,3,0,filled_square,2.4um_lp,ERF_OSA207_Spectra_20240916_1614.csv,1.41056e+09,2.47406,0.000129751,0.836972,0.000897515,34.1706,3.27211,4.83809e-05,0.025235,2,0.0989065,0.000767945,3.249,0,6.35e-06,0.000289,8.31e-05,7.51e-06,0,6.93e-06,0.000453062,6.18e-05,2.89e-05,5.77e-06,2.54e-05,9.24e-06,8.72978e-05,4.04e-05,0.626722,0.000254905,0.962166,0.816073,7.76899e-05,8.60886e-06,0.000116715,0.00010417,175.296,0.0210291,-0.000832873,2.31192e-05,0.000110309,2.31311e-05,0.00375428,0.000310016,0.0111797,0.000310015,2.44845e-05,1.33125e-06,0.0255235,0.0108572,0.021324,0.043406,0.0712665,1.04332,228,10,0.994537,0.993634,0.993634,0.993916,0.000120019,3.05495e-08,0.000115312,0.000172256
ERF_Log_File_20240916_1648.csv,ig_zn_diff,12,emfpe,3,0,filled_square,2.4um_lp,ERF_OSA207_Spectra_20240916_1648.csv,1.41056e+09,2.49424,0.000131814,0.845172,0.000710967,34.1715,3.31515,0.000103535,0.0245326,2,0.100749,0.000932629,3.289,0,6.35e-06,0.000289,8.31e-05,7.51e-06,0,6.93e-06,0.000458263,6.18e-05,2.89e-05,5.77e-06,2.54e-05,9.24e-06,8.97976e-05,4.04e-05,0.627248,0.000163884,0.962369,0.815906,8.45814e-05,1.19775e-05,0.000127191,0.000109492,174.728,0.0229374,-0.000858049,2.49946e-05,0.000193966,2.50021e-05,0.00425099,0.000259842,0.0109525,0.000259841,1.50049e-06,1.11608e-06,0.0248414,0.0150505,0.0183107,0.0276491,0.0776611,1.04411,228,10,0.994533,0.993574,0.993574,0.993889,0.000122897,2.00839e-08,0.000117938,0.000174502
ERF_Log_File_20240916_1722.csv,ig_zn_diff,12,emfpe,3,0,filled_square,2.4um_lp,ERF_OSA207_Spectra_20240916_1722.csv,1.41057e+09,2.47634,0.000135064,0.855284,0.000704385,34.1717,3.35786,5.19523e-05,0.0236206,2,0.105414,0.00064066,3.331,0,6.35e-06,0.000289,8.31e-05,7.51e-06,0,6.93e-06,0.000464664,6.18e-05,2.89e-05,5.77e-06,2.54e-05,9.24e-06,9.22785e-05,4.04e-05,0.62672,0.000133127,0.963097,0.813061,8.05143e-05,1.32062e-05,0.000123404,0.000105078,171.36,0.0217112,-0.000874827,2.41791e-05,0.000168753,2.4187e-05,0.00436283,0.000261408,0.0105303,0.000261408,-2.35322e-05,1.1227e-06,0.0162377,0.0162609,0.0225377,0.0253181,0.0735361,1.04582,228,10,0.994529,0.993514,0.993514,0.993862,0.000125561,1.66756e-08,0.000120638,0.000176169
ERF_Log_File_20240916_1756.csv,ig_zn_diff,12,emfpe,3,0,filled_square,2.4um_lp,ERF_OSA207_Spectra_20240916_1755.csv,1.41057e+09,2.4278,0.000135728,0.860667,0.00083238,34.1714,3.40057,2.96407e-05,0.0232234,2,0.110018,0.000436309,3.373,0,6.35e-06,0.000289,8.31e-05,7.51e-06,0,6.93e-06,0.000470368,6.18e-05,2.89e-05,5.77e-06,2.54e-05,9.24e-06,9.47592e-05,4.04e-05,0.62366,0.00013415,0.962979,0.804832,9.94936e-05,1.1617e-05,0.000153098,0.000129478,166.139,0.0262647,-0.000885554,2.96708e-05,0.000171345,2.96766e-05,0.00380253,0.000255198,0.0111008,0.000255198,-6.48792e-06,1.09597e-06,0.0156929,0.0138688,0.0193618,0.0285569,0.0885768,1.04578,228,10,0.994524,0.993454,0.993454,0.993834,0.000127715,1.71719e-08,0.000123266,0.000176658
ERF_Log_File_20240916_1830.csv,ig_zn_diff,12,emfpe,3,0,filled_square,2.4um_lp,ERF_OSA207_Spectra_20240916_1829.csv,1.41057e+09,2.38144,0.000133879,0.864157,0.00117921,34.1723,3.44569,3.93946e-05,0.0226889,2,0.114477,0.0005187,3.416,0,6.35e-06,0.000289,8.31e-05,7.51e-06,0,6.93e-06,0.000476355,6.18e-05,2.89e-05,5.77e-06,2.54e-05,9.24e-06,9.73795e-05,4.04e-05,0.617446,0.000103586,0.963633,0.788509,0.000113099,1.07091e-05,0.000176196,0.000146723,161.273,0.029358,-0.000862481,3.37939e-05,9.61143e-05,3.37991e-05,0.00366644,0.000261575,0.0107251,0.000261574,3.45303e-05,1.12364e-06,0.0141209,0.0124135,0.0192236,0.0354622,0.0991169,1.04535,228,10,0.994518,0.993389,0.993389,0.993804,0.00012935,1.35629e-08,0.000126171,0.000175445
ERF_Log_File_20240916_1903.csv,ig_zn_diff,12,emfpe,3,0,filled_square,2.4um_lp,ERF_OSA207_Spectra_20240916_1903.csv,1.41057e+09,2.3481,0.000140411,0.870292,0.00126239,34.171,3.4926,3.36414e-05,0.0221702,2,0.119745,0.000430864,3.46,0,6.35e-06,0.000289,8.31e-05,7.51e-06,0,6.93e-06,0.000482643,6.18e-05,2.89e-05,5.77e-06,2.54e-05,9.24e-06,0.000100104,4.04e-05,0.606112,9.54035e-05,0.963355,0.760205,0.000120419,9.18895e-06,0.000190119,0.000150795,157.256,0.0309049,-0.000908168,3.64669e-05,0.000121597,3.64725e-05,0.00436667,0.000281196,0.0105624,0.000281195,4.2923e-05,1.20764e-06,0.0215137,0.0104409,0.0183617,0.0220442,0.105708,1.03443,228,10,0.994512,0.993321,0.993321,0.993773,0.000129954,1.27853e-08,0.000129102,0.000171543
ERF_Log_File_20240916_1937.csv,ig_zn_diff,12,emfpe,3,0,filled_square,2.4um_lp,ERF_OSA207_Spectra_20240916_1937.csv,1.41057e+09,2.30407,0.000130692,0.880646,0.000494887,34.1716,3.54045,3.30696e-05,0.0216967,2,0.124875,0.000443206,3.505,0,6.35e-06,0.000289,8.31e-05,7.51e-06,0,6.93e-06,0.000490251,6.18e-05,2.89e-05,5.77e-06,2.54e-05,9.24e-06,9.62846e-05,4.04e-05,0.591964,0.00012959,0.963926,0.725051,8.32579e-05,1.06259e-05,0.000134606,0.000102747,152.28,0.0211739,-0.000866163,2.60077e-05,0.000142977,2.60125e-05,0.00403665,0.000215875,0.0107352,0.000215874,1.4953e-05,9.27236e-07,0.0135481,0.0116282,0.0135633,0.0216901,0.0714831,1.04569,228,10,0.994506,0.993251,0.993251,0.993741,0.0001299,1.77788e-08,0.000132243,0.000165961
ERF_Log_File_20240916_2011.csv,ig_zn_diff,12,emfpe,3,0,filled_square,2.4um_lp,ERF_OSA207_Spectra_20240916_2010.csv,1.41058e+09,2.22694,0.000122896,0.880296,0.000467175,34.1721,3.57871,3.36966e-05,0.0212746,2,0.129328,0.000433911,3.551,0,6.35e-06,0.000289,8.31e-05,7.51e-06,0,6.93e-06,0.000495094,6.18e-05,2.89e-05,5.77e-06,2.54e-05,9.24e-06,9.22658e-05,4.04e-05,0.579051,0.000110955,0.964393,0.693497,8.30693e-05,1.061e-05,0.000137781,9.97529e-05,146.151,0.0207446,-0.000906921,2.67112e-05,0.000128991,2.67168e-05,0.00379658,0.000236714,0.0107916,0.000236714,-9.90788e-06,1.0167e-06,0.0125477,0.0111424,0.0164262,0.0168119,0.0699653,1.04582,228,10,0.994501,0.993195,0.993195,0.993715,0.000129403,1.55068e-08,0.000134782,0.000160549
ERF_Log_File_20240916_2044.csv,ig_zn_diff,12,emfpe,3,0,filled_square,2.4um_lp,ERF_OSA207_Spectra_20240916_2044.csv,1.41058e+09,4.30536,0.000185871,0.880101,0.000732075,34.1713,3.61868,3.4805e-05,0.0211753,2,0.133361,0.000443403,3.598,0,6.35e-06,0.000289,8.31e-05,7.51e-06,0,6.93e-06,0.000500318,6.18e-05,2.89e-05,5.77e-06,2.54e-05,9.24e-06,8.80674e-05,4.04e-05,0.563277,0.000131445,0.964459,0.656587,7.46078e-05,1.3093e-05,0.00012601,8.67216e-05,140.831,0.0182744,-0.000882605,2.46418e-05,0.000150217,2.46485e-05,0.00416314,0.000245934,0.0111351,0.000245934,2.33481e-05,1.05611e-06,0.0155131,0.0132641,0.0146409,0.0158898,0.0620886,1.04361,228,10,0.994495,0.993136,0.993136,0.993688,0.000128258,1.87263e-08,0.000137401,0.000153806
ERF_Log_File_20240916_2118.csv,ig_zn_diff,12,emfpe,3,0,filled_square,2.4um_lp,ERF_OSA207_Spectra_20240916_2118.csv,1.41058e+09,4.14202,0.000212743,0.879367,0.000547016,34.1717,3.66058,4.39093e-05,0.02088,2,0.13754,0.000490774,3.647,0,6.35e-06,0.000289,8.31e-05,7.51e-06,0,6.93e-06,0.000506347,6.18e-05,2.89e-05,5.77e-06,2.54e-05,9.24e-06,8.36667e-05,4.04e-05,0.544372,0.000141243,0.964434,0.614241,9.38906e-05,1.07023e-05,0.000164363,0.000106246,134.955,0.0228646,-0.000863109,3.20811e-05,0.00018857,3.20891e-05,0.00376377,0.000307253,0.0109566,0.000307252,5.94464e-06,1.31977e-06,0.0173278,0.0103834,0.0170236,0.0203043,0.07752,1.04484,228,10,0.994489,0.993073,0.993073,0.993659,0.00012637,2.05265e-08,0.000140159,0.000145664
ERF_Log_File_20240916_2152.csv,ig_zn_diff,12,emfpe,3,0,filled_square,2.4um_lp,ERF_OSA207_Spectra_20240916_2152.csv,1.41058e+09,3.91876,0.000188677,0.87923,0.000472193,34.1722,3.70808,4.3129e-05,0.0209062,2,0.142147,0.000483223,3.697,0,6.35e-06,0.000289,8.31e-05,7.51e-06,0,6.93e-06,0.0005131,6.18e-05,2.89e-05,5.77e-06,2.54e-05,9.24e-06,7.86766e-05,4.04e-05,0.524003,0.00017907,0.964954,0.569404,0.000119577,1.12522e-05,0.00021942,0.000131225,127.088,0.0287445,-0.000889855,4.24053e-05,0.000139636,4.24135e-05,0.0036695,0.000360636,0.0108769,0.000360635,9.77324e-06,1.54905e-06,0.0141265,0.0102773,0.0207107,0.0230786,0.0973106,1.0455,228,10,0.994481,0.993002,0.993002,0.993627,0.000124286,2.6611e-08,0.000143398,0.000136914
ERF_Log_File_20240917_0827.csv,ig_zn_diff,12,emfpe,3,0,filled_square,2.4um_lp,ERF_OSA207_Spectra_20240917_0827.csv,1.41062e+09,3.69853,0.000197708,0.875385,0.00158627,34.181,3.75677,4.08724e-05,0.020463,2,0.14708,0.000500894,3.748,0,6.35e-06,0.000289,8.31e-05,7.51e-06,0,6.93e-06,0.000519294,6.18e-05,2.89e-05,5.77e-06,2.54e-05,9.24e-06,7.35629e-05,4.04e-05,0.508826,0.000168432,0.96478,0.537314,6.32426e-05,1.26116e-05,0.00011301,6.81305e-05,119.844,0.0138402,-0.000883814,2.2379e-05,0.000186036,2.23958e-05,0.00463629,0.000360247,0.0100585,0.000360246,0.000182181,1.5466e-06,0.0214925,0.010913,0.0156071,0.0230201,0.0473621,1.03617,228,10,0.994474,0.992929,0.992929,0.993593,0.000123322,2.56017e-08,0.000146647,0.000131032
ERF_Log_File_20240917_0901.csv,ig_zn_diff,12,emfpe,3,0,filled_square,2.4um_lp,ERF_OSA207_Spectra_20240917_0901.csv,1.41062e+09,3.4779,0.000236383,0.882649,0.00184402,34.1717,3.80357,4.9454e-05,0.0210242,2,0.151559,0.000606136,3.8,0,6.35e-06,0.000289,8.31e-05,7.51e-06,0,6.93e-06,0.000525948,6.18e-05,2.89e-05,5.77e-06,2.54e-05,9.24e-06,6.86467e-05,4.04e-05,0.501434,0.00018232,0.964543,0.521673,0.000107036,1.14284e-05,0.000171793,9.57678e-05,112.2,0.0196188,-0.000968619,3.395e-05,0.000145949,3.39803e-05,0.00431354,0.000595454,0.00976044,0.000595453,-0.000117387,2.55685e-06,0.0473416,0.00926176,0.0243703,0.0256344,0.0662729,1.03478,228,10,0.994466,0.992857,0.992857,0.99356,0.000124031,2.83139e-08,0.000149792,0.00012894
ERF_Log_File_20240917_1055.csv,ig_zn_diff,12,emfpe,3,0,filled_square,2.4um_lp,ERF_OSA207_Spectra_20240917_1055.csv,1.41063e+09,2.72377,0.000168239,0.966268,0.00254818,34.1714,5.13889,7.49753e-05,0.0317488,2,0.188973,0.00097705,4.961,0,6.35e-06,0.000289,8.31e-05,7.51e-06,0,6.93e-06,0.000710731,6.18e-05,2.89e-05,5.77e-06,2.54e-05,9.24e-06,3.20031e-05,4.04e-05,0.000189887,0.773611,0.968331,0.000175832,1.18027e-05,0.000203157,0.000254032,2.44323e-05,72.6552,0.0188744,-0.00107448,4.96913e-05,0.000259044,4.97088e-05,0.00307389,0.000560716,0.0109129,0.000560714,-2.63052e-05,2.40813e-06,0.00616589,0.0152013,0.0188828,0.0127658,0.0617984,1.0443,228,10,0.994193,0.990704,0.990704,0.9927,7.38271e-08,0.000202505,0.000253476,5.93486e-08
ERF_Log_File_20240917_1128.csv,ig_zn_diff,12,emfpe,3,0,filled_square,2.4um_lp,ERF_OSA207_Spectra_20240917_1128.csv,1.41063e+09,3.18522,0.000126851,0.50025,0.000131786,34.1721,5.13941,0.000118051,0.017317,2,0.195391,0.00144041,4.961,0,6.35e-06,0.000289,8.31e-05,7.51e-06,0,6.93e-06,0.000710795,6.18e-05,2.89e-05,5.77e-06,2.54e-05,9.24e-06,3.20284e-05,4.04e-05,0.00014891,0.772574,0.967561,-1.11047e-05,2.39799e-05,0.000323362,0.000402489,4.09004e-05,41.277,0.0171045,-0.00123758,7.76422e-05,0.000144768,7.76562e-05,0.00557456,0.00065591,0.0132411,0.000655908,-0.00013646,2.81801e-06,0.00711007,0.0135495,0.010373,0.012137,0.0580489,1.04568,228,10,0.994193,0.990703,0.990703,0.9927,5.79036e-08,0.000202269,0.000253318,-3.74817e-09
ERF_Log_File_20240917_1241.csv,ig_zn_diff,12,emfpe,3,0,filled_square,2.4um_lp,ERF_OSA207_Spectra_20240917_1241.csv,1.41063e+09,2.20349,0.000263169,0.981924,0.00451106,34.1716,3.03697,0.000105563,0.0324272,2,0.08226,0.00120284,3.026,0,6.35e-06,0.000289,8.31e-05,7.51e-06,0,6.93e-06,0.000420584,6.18e-05,2.89e-05,5.77e-06,2.54e-05,9.24e-06,7.36411e-05,4.04e-05,0.624121,0.000154633,0.962273,0.808652,0.000103493,9.79128e-06,0.00016285,0.000155429,153.129,0.024249,-0.000903772,3.09014e-05,6.70345e-05,3.09552e-05,0.00405824,0.000751972,0.01096,0.000751971,-4.85543e-05,3.22639e-06,0.0381313,0.0108379,0.0558699,0.0903504,0.082953,1.03333,228,10,0.994553,0.993948,0.993948,0.994058,0.000104758,1.63365e-08,0.000101661,0.000158718
ERF_Log_File_20240917_1314.csv,ig_zn_diff,12,emfpe,3,0,filled_square,2.4um_lp,ERF_OSA207_Spectra_20240917_1313.csv,1.41064e+09,2.24986,7.45952e-05,0.598938,0.000411969,34.171,3.03817,0.000108426,0.0201805,2,0.0827622,0.00109144,3.026,0,6.35e-06,0.000289,8.31e-05,7.51e-06,0,6.93e-06,0.000420757,6.18e-05,2.89e-05,5.77e-06,2.54e-05,9.24e-06,7.37105e-05,4.04e-05,0.623558,0.000184375,0.961388,0.808272,9.54151e-05,1.34647e-05,0.000146156,0.00012546,103.175,0.015128,-0.000810496,2.85102e-05,8.04274e-05,2.85399e-05,0.00454011,0.000538784,0.0118489,0.000538782,0.00016354,2.31272e-06,0.0203006,0.00998551,0.0284201,0.0299137,0.0511456,1.04554,228,10,0.994553,0.993946,0.993946,0.994057,0.000104737,1.94915e-08,0.000101635,0.000158702
ERF_Log_File_20240917_1349.csv,ig_zn_diff,12,emfpe,3,0,filled_square,2.4um_lp,ERF_OSA207_Spectra_20240917_1349.csv,1.41064e+09,5.09287,0.00025375,0.250218,0.000309885,34.1715,3.03839,0.000153417,0.00848543,2,0.0846989,0.00149062,3.026,0,6.35e-06,0.000289,8.31e-05,7.51e-06,0,6.93e-06,0.000420789,6.18e-05,2.89e-05,5.77e-06,2.54e-05,9.24e-06,7.37236e-05,4.04e-05,0.624052,0.000266474,0.962143,0.809663,0.000278538,2.94259e-05,0.000428878,0.000362182,47.6949,0.0212025,-0.000766397,7.9284e-05,-4.16798e-05,7.92909e-05,0.00528216,0.000476146,0.0112128,0.000476144,8.99976e-05,2.04516e-06,0.00848919,0.0100857,0.0107613,0.0136705,0.0718804,1.04581,228,10,0.994553,0.993946,0.993946,0.994057,0.000104834,2.81742e-08,0.000101727,0.000158986
ERF_Log_File_20240918_1013.csv,ig_zn_diff,12,emfpe,3,0,filled_square,prism,ERF_OSA207_Spectra_20240918_1013.csv,1.41071e+09,5.18147,0.000607822,0.906671,0.00493797,34.1727,2.46559,3.34648e-05,0.0138997,2,0.052903,0.000612252,2.5,0,6.35e-06,0.000289,8.31e-05,7.51e-06,0,6.93e-06,0.000341109,6.18e-05,2.89e-05,5.77e-06,2.54e-05,9.24e-06,6.43436e-05,4.04e-05,0.632415,0.000532173,0.956987,0.834789,0.000448572,7.96324e-05,0.000656844,0.000577971,16.2889,0.0107555,-0.00108946,0.000128525,0.000185327,0.000128676,0.000832448,0.00258349,0.0144279,0.00258348,0.000222754,1.10861e-05,0.0195838,0.00933505,0.0209382,0.0194364,0.0365486,1.0431,228,10,0.994515,0.994573,0.994573,0.994309,7.43536e-05,4.02647e-08,7.24065e-05,0.000137419
ERF_Log_File_20240918_1046.csv,ig_zn_diff,12,emfpe,3,0,filled_square,prism,ERF_OSA207_Spectra_20240918_1046.csv,1.41071e+09,2.192,0.000575015,0.892283,0.00735622,34.1718,2.41749,5.07572e-05,0.0146854,2,0.0504851,0.000670053,2.44,0,6.35e-06,0.000289,8.31e-05,7.51e-06,0,6.93e-06,0.000334547,6.18e-05,2.89e-05,5.77e-06,2.54e-05,9.24e-06,0.000107431,4.04e-05,0.632551,0.000494426,0.957472,0.837094,0.00047751,9.90028e-05,0.000700571,0.000603734,17.7762,0.0122231,-0.000923745,0.000134076,7.68796e-05,0.000134279,0.00298764,0.00305055,0.0137969,0.00305054,0.000253675,1.30847e-05,0.0252375,0.0126528,0.0300364,0.0229911,0.0415141,1.04523,228,10,0.994505,0.994612,0.994612,0.994321,7.22285e-05,3.63337e-08,7.03614e-05,0.000135887
ERF_Log_File_20240918_1504.csv,ig_zn_diff,12,emfpe,3,0,filled_square,prism,ERF_OSA207_Spectra_20240918_1504.csv,1.41073e+09,3.10428,0.000860474,0.890355,0.00557303,34.1708,1.99092,1.43919e-05,0.0190531,2,0.0327861,0.000283761,2,0,6.35e-06,0.000289,8.31e-05,7.51e-06,0,6.93e-06,0.000275265,6.18e-05,2.89e-05,5.77e-06,2.54e-05,9.24e-06,0.00023336,4.04e-05,0.629082,0.00058553,0.95574,0.834447,0.000642873,4.59284e-05,0.000890051,0.000876489,41.6275,0.0345429,-6.26488e-06,0.000162498,0.000128025,0.000163245,0.00656606,0.00641358,0.00819808,0.00641356,0.000125217,2.74639e-05,0.112197,0.0137407,0.119852,0.158756,0.117218,1.0456,228,10,0.994324,0.994813,0.994813,0.994305,6.11466e-05,3.37915e-08,5.51567e-05,0.000120464
ERF_Log_File_20240926_1721.csv,sp,12,emfpe,4,0,filled_square,prism,ERF_OSA207_Spectra_20240926_1721.csv,1.41143e+09,2.57772,0.00027608,0.75528,0.0020032,34.1715,1.96281,7.9282e-06,0.0162837,2,0.0307249,0.000163414,2,0,6.35e-06,0.000289,8.31e-05,7.51e-06,0,6.93e-06,0.000270999,6.18e-05,2.89e-05,5.77e-06,2.54e-05,9.24e-06,0.000211911,4.04e-05,0.628516,0.000135056,0.953345,0.827632,0.000284545,6.49693e-06,0.000430679,0.000377582,229.941,0.102607,0.000120564,8.5329e-05,0.000142202,8.536e-05,0.000406175,0.000957154,-0.000771102,0.000957151,1.825e-05,4.1218e-06,0.0783773,0.0107343,0.110851,0.128406,0.347472,1.04585,228,10,0.994305,0.994813,0.994813,0.994293,6.11048e-05,7.69288e-09,5.43031e-05,0.000118676
ERF_Log_File_20240926_1753.csv,sp,12,emfpe,4,0,filled_square,prism,ERF_OSA207_Spectra_20240926_1753.csv,1.41143e+09,4.27626,0.000246712,0.748852,0.000825585,34.1709,2.00942,1.04366e-05,0.0165623,2,0.0325736,0.000180449,2.05,0,6.35e-06,0.000289,8.31e-05,7.51e-06,0,6.93e-06,0.000277931,6.18e-05,2.89e-05,5.77e-06,2.54e-05,9.24e-06,0.000243206,4.04e-05,0.628064,0.000874763,0.952702,0.831581,0.000428404,8.77544e-06,0.000659844,0.000566127,166.87,0.112714,0.000185791,0.000127893,-1.98786e-05,0.000127926,-0.00182794,0.00122405,0.000460736,0.00122405,2.21059e-05,5.27032e-06,0.0707101,0.010499,0.174096,0.0833347,0.381748,1.04582,228,10,0.994336,0.994811,0.994811,0.994311,6.10954e-05,5.09373e-08,5.54757e-05,0.000120611
ERF_Log_File_20240926_1825.csv,sp,12,emfpe,4,0,filled_square,prism,ERF_OSA207_Spectra_20240926_1825.csv,1.41143e+09,3.23615,0.000220162,0.749527,0.000883635,34.1716,2.05648,1.07719e-05,0.0165084,2,0.0344028,0.00020197,2.1,0,6.35e-06,0.000289,8.31e-05,7.51e-06,0,6.93e-06,0.000284542,6.18e-05,2.89e-05,5.77e-06,2.54e-05,9.24e-06,0.00025779,4.04e-05,0.62883,0.000666408,0.953084,0.833803,0.000855966,1.14078e-05,0.00130222,0.00113469,114.882,0.156111,0.000524405,0.000225397,-0.000103664,0.000225408,-0.00148973,0.00105569,0.00145831,0.00105569,5.17344e-05,4.54644e-06,0.0406418,0.00938966,0.111674,0.0494871,0.54937,1.04545,228,10,0.994365,0.994804,0.994804,0.994325,6.14918e-05,3.97384e-08,5.68331e-05,0.000122467
ERF_Log_File_20240926_1857.csv,sp,12,emfpe,4,0,filled_square,prism,ERF_OSA207_Spectra_20240926_1857.csv,1.41143e+09,2.49366,0.000200174,0.750198,0.00134796,34.1711,2.10771,2.89627e-05,0.0162906,2,0.0367362,0.000572765,2.15,0,6.35e-06,0.000289,8.31e-05,7.51e-06,0,6.93e-06,0.000291368,6.18e-05,2.89e-05,5.77e-06,2.54e-05,9.24e-06,0.00027366,4.04e-05,0.629216,0.000784852,0.952818,0.831199,0.00142862,1.51638e-05,0.00216284,0.00188729,83.9672,0.190492,-0.000129637,0.000304749,-0.000482,0.000304755,-0.000314396,0.00104553,0.00087191,0.00104553,3.58046e-05,4.50265e-06,0.0341961,0.00908611,0.0439591,0.0462721,0.645796,1.04587,228,10,0.994393,0.99479,0.99479,0.994336,6.21969e-05,4.80964e-08,5.83895e-05,0.0001239
ERF_Log_File_20240926_1929.csv,sp,12,emfpe,4,0,filled_square,prism,ERF_OSA207_Spectra_20240926_1929.csv,1.41144e+09,2.42157,0.000314838,0.758771,0.00428312,34.1705,1.91865,9.26554e-06,0.0177923,2,0.0298214,0.000180505,1.95,0,6.35e-06,0.000289,8.31e-05,7.51e-06,0,6.93e-06,0.000264776,6.18e-05,2.89e-05,5.77e-06,2.54e-05,9.24e-06,0.000178212,4.04e-05,0.62517,0.000106206,0.951007,0.823157,0.000379779,5.44529e-06,0.000562085,0.000484764,231.243,0.1344,0.000153258,0.000111666,0.000177847,0.000111716,0.00130363,0.0013847,0.000935833,0.0013847,5.53736e-05,5.96213e-06,0.191402,0.00907516,0.163924,0.124595,0.458008,1.03957,228,10,0.994272,0.99481,0.99481,0.994272,6.10078e-05,5.93423e-09,5.31371e-05,0.000116895
ERF_Log_File_20240929_1219.csv,sp,12,emfpe,4,0,filled_square,prism,ERF_OSA207_Spectra_20240929_1219.csv,1.41167e+09,2.23827,0.000225198,0.74696,0.00290641,34.1732,1.91899,1.04334e-05,0.0177423,2,0.0299113,0.000188437,1.95,0,6.35e-06,0.000289,8.31e-05,7.51e-06,0,6.93e-06,0.000264807,6.18e-05,2.89e-05,5.77e-06,2.54e-05,9.24e-06,0.000178469,4.04e-05,0.625155,0.000141122,0.951829,0.823091,0.000358224,6.64816e-06,0.0003764,0.00034678,216.676,0.0834677,4.33834e-05,7.50738e-05,8.40458e-05,7.51805e-05,0.0020697,0.00164359,-0.00372321,0.00164359,3.28759e-06,7.07129e-06,0.41285,0.0103505,0.131756,0.217005,0.282633,1.04586,228,10,0.994272,0.99481,0.99481,0.994272,6.10038e-05,7.88621e-09,5.31905e-05,0.000116893
ERF_Log_File_20240929_1251.csv,sp,12,emfpe,4,0,filled_square,prism,ERF_OSA207_Spectra_20240929_1251.csv,1.41167e+09,2.39269,0.000193398,0.748548,0.00216177,34.1719,1.9632,2.19895e-05,0.0163265,2,0.0307597,0.000469599,2,0,6.35e-06,0.000289,8.31e-05,7.51e-06,0,6.93e-06,0.000271072,6.18e-05,2.89e-05,5.77e-06,2.54e-05,9.24e-06,0.000212204,4.04e-05,0.629205,0.000179937,0.952954,0.826802,0.000633676,6.34229e-06,0.0009729,0.000843722,216.166,0.216107,-0.000416905,0.000190193,0.000119984,0.00019025,-0.00139811,0.00195208,0.000922022,0.00195207,-6.52847e-05,8.40489e-06,0.121423,0.00985911,0.297718,0.256046,0.731689,1.04335,228,10,0.994305,0.994813,0.994813,0.994294,6.1171e-05,1.02511e-08,5.42903e-05,0.000118567
ERF_Log_File_20240929_1323.csv,sp,12,emfpe,4,0,filled_square,prism,ERF_OSA207_Spectra_20240929_1323.csv,1.41167e+09,4.03164,0.00027899,0.74868,0.00123334,34.172,2.00955,9.72997e-06,0.0164518,2,0.0326473,0.000187169,2.05,0,6.35e-06,0.000289,8.31e-05,7.51e-06,0,6.93e-06,0.000277956,6.18e-05,2.89e-05,5.77e-06,2.54e-05,9.24e-06,0.000243247,4.04e-05,0.628877,0.000870271,0.952857,0.832701,0.000325936,7.76334e-06,0.000490053,0.000431562,159.199,0.0796196,0.000121076,9.69428e-05,0.000274622,9.70185e-05,-0.00106836,0.00157873,-0.00367308,0.00157872,9.11932e-05,6.79439e-06,0.097078,0.00886783,0.130221,0.127737,0.269542,1.04582,228,10,0.994336,0.994811,0.994811,0.994311,6.11751e-05,5.06789e-08,5.54882e-05,0.000120778
ERF_Log_File_20240929_1355.csv,sp,12,emfpe,4,0,filled_square,prism,ERF_OSA207_Spectra_20240929_1355.csv,1.41168e+09,3.06872,0.0002353,0.747593,0.00512298,34.1715,2.05646,1.09239e-05,0.0163914,2,0.0346122,0.000239175,2.1,0,6.35e-06,0.000289,8.31e-05,7.51e-06,0,6.93e-06,0.000284539,6.18e-05,2.89e-05,5.77e-06,2.54e-05,9.24e-06,0.000257782,4.04e-05,0.634374,0.000666621,0.961827,0.840888,0.00119067,1.30742e-05,0.00179445,0.00157068,109.397,0.203841,-0.000166653,0.000313268,-0.00103944,0.000313288,0.000802789,0.00152038,0.00213471,0.00152038,-6.60229e-05,6.54676e-06,0.115888,0.0102541,0.0674015,0.0857178,0.694007,1.04087,228,10,0.994365,0.994804,0.994804,0.994325,6.20338e-05,3.97505e-08,5.73537e-05,0.000123507
ERF_Log_File_20240929_1427.csv,sp,12,emfpe,4,0,filled_square,prism,ERF_OSA207_Spectra_20240929_1427.csv,1.41168e+09,2.35831,0.000254323,0.750048,0.00120338,34.1715,2.1076,1.27777e-05,0.0160409,2,0.0369089,0.000260678,2.15,0,6.35e-06,0.000289,8.31e-05,7.51e-06,0,6.93e-06,0.000291347,6.18e-05,2.89e-05,5.77e-06,2.54e-05,9.24e-06,0.000273627,4.04e-05,0.630593,0.000792665,0.955943,0.83323,0.000666603,1.94838e-05,0.000999557,0.000878974,80.2325,0.0835565,0.000189142,0.000194304,3.78803e-05,0.000194339,-0.00186185,0.00157381,-0.00198827,0.0015738,3.32837e-05,6.77777e-06,0.0655519,0.011223,0.0513497,0.0801643,0.283013,1.04587,228,10,0.994393,0.99479,0.99479,0.994336,6.23313e-05,4.85723e-08,5.85776e-05,0.000124198
ERF_Log_File_20240929_1459.csv,sp,12,emfpe,4,0,filled_square,prism,ERF_OSA207_Spectra_20240929_1459.csv,1.41168e+09,2.34847,0.000296523,0.760277,0.00613774,34.1722,1.86959,3.72784e-05,0.0176833,2,0.0284682,0.000468547,1.9,0,6.35e-06,0.000289,8.31e-05,7.51e-06,0,6.93e-06,0.000258517,6.18e-05,2.89e-05,5.77e-06,2.54e-05,9.24e-06,0.000140768,4.04e-05,0.623606,0.000367846,0.95026,0.822648,0.000205323,7.96935e-06,0.000310437,0.000289873,220.131,0.0658889,0.000152918,5.85238e-05,7.1894e-05,5.86841e-05,0.00291087,0.00177651,0.00134598,0.0017765,7.76396e-05,7.63744e-06,0.134881,0.0126104,0.198627,0.234312,0.224072,1.04501,228,10,0.994232,0.994801,0.994801,0.994243,6.13982e-05,2.01625e-08,5.20859e-05,0.000115736
ERF_Log_File_20240929_1531.csv,sp,12,emfpe,4,0,filled_square,prism,ERF_OSA207_Spectra_20240929_1531.csv,1.41168e+09,2.65263,0.000351431,0.749454,0.0026737,34.1716,1.82228,7.94123e-06,0.0173005,2,0.0264466,0.000170619,1.85,0,6.35e-06,0.000289,8.31e-05,7.51e-06,0,6.93e-06,0.000252507,6.18e-05,2.89e-05,5.77e-06,2.54e-05,9.24e-06,0.000104667,4.04e-05,0.622952,8.02707e-05,0.948769,0.825806,0.000241355,4.59116e-06,0.000358351,0.000321249,267.69,0.0912329,-0.000128514,6.66654e-05,-3.41981e-05,6.68722e-05,0.00408431,0.00215313,0.00491422,0.00215312,-5.57353e-05,9.25392e-06,0.21694,0.00883673,0.2907,0.301472,0.310992,1.04445,228,10,0.994189,0.994785,0.994785,0.99421,6.21273e-05,4.32989e-09,5.11776e-05,0.000115325
ERF_Log_File_20240929_1603.csv,sp,12,emfpe,4,0,filled_square,prism,ERF_OSA207_Spectra_20240929_1603.csv,1.41168e+09,3.11687,0.000266706,0.748117,0.0013689,34.171,1.77543,7.9393e-06,0.0162214,2,0.0247843,0.000148079,1.8,0,6.35e-06,0.000289,8.31e-05,7.51e-06,0,6.93e-06,0.000245125,6.18e-05,2.89e-05,5.77e-06,2.54e-05,9.24e-06,6.89136e-05,4.04e-05,0.621685,2.68435e-05,0.950651,0.821623,0.000182494,4.32961e-06,0.000275426,0.000212819,347.366,0.0789861,5.59697e-05,4.45407e-05,-8.3799e-05,4.47744e-05,0.00165367,0.00187312,0.000914034,0.00187311,0.00010474,8.03728e-06,0.267179,0.0108508,0.451597,0.24913,0.263238,1.03758,228,10,0.994142,0.994762,0.994762,0.99417,6.30248e-05,1.42902e-09,5.0608e-05,0.000114102
ERF_Log_File_20240930_0855.csv,sp,12,emfpe,4,0,filled_square,prism,ERF_OSA207_Spectra_20240930_0855.csv,1.41174e+09,2.9693,0.000338929,0.761678,0.00578103,34.1738,1.7245,5.6075e-06,0.0169974,2,0.0235051,0.000142525,1.75,0,6.35e-06,0.000289,8.31e-05,7.51e-06,0,6.93e-06,0.000238337,6.18e-05,2.89e-05,5.77e-06,2.54e-05,9.24e-06,3.00431e-05,4.04e-05,0.620131,2.56194e-05,0.947024,0.813228,0.000233495,4.19689e-06,0.000369553,0.000479049,350.224,0.122942,7.04459e-05,6.86565e-05,0.000112157,6.88612e-05,-0.00431208,0.00217387,-0.00493834,0.00217386,2.79597e-05,9.34478e-06,0.20815,0.0105619,0.405533,0.966248,0.416436,1.04587,228,10,0.994086,0.994728,0.994728,0.994119,6.42199e-05,1.34902e-09,4.98668e-05,0.000112488
ERF_Log_File_20240930_0927.csv,sp,12,emfpe,4,0,filled_square,prism,ERF_OSA207_Spectra_20240930_0927.csv,1.41175e+09,2.85095,0.000324009,0.75322,0.00199384,34.164,1.68683,4.79446e-06,0.0170637,2,0.0225316,0.000125486,1.71,0,6.35e-06,0.000289,8.31e-05,7.51e-06,0,6.93e-06,0.000233399,6.18e-05,2.89e-05,5.77e-06,2.54e-05,9.24e-06,1.05876e-05,4.04e-05,0.619342,1.84204e-05,0.947305,0.815694,0.000366709,5.22243e-06,0.000551556,0.000482452,368.807,0.206481,-7.42032e-05,0.000108964,-2.03606e-05,0.000109093,-0.00555371,0.00217748,-0.00294899,0.00217748,8.47079e-05,9.37084e-06,0.342329,0.0139302,0.387581,0.377475,0.694709,1.0325,228,10,0.99404,0.994696,0.994696,0.994076,6.5284e-05,9.64371e-10,4.95946e-05,0.000112663
ERF_Log_File_20240930_0959.csv,sp,12,emfpe,4,0,filled_square,prism,ERF_OSA207_Spectra_20240930_0959.csv,1.41175e+09,2.77821,0.000328367,0.750791,0.00206227,34.1723,1.64658,4.51596e-06,0.0170053,2,0.021551,0.000115918,1.67,0,6.35e-06,0.000289,8.31e-05,7.51e-06,0,6.93e-06,0.000227252,6.18e-05,2.89e-05,5.77e-06,2.54e-05,9.24e-06,8.25801e-06,4.04e-05,0.618479,8.19128e-05,0.947766,0.821494,0.000476987,3.47773e-06,0.000740046,0.000623158,403.116,0.302676,0.000225355,0.000144177,-0.000244545,0.000144239,0.00375976,0.00176459,0.00286221,0.00176459,8.13671e-05,7.59842e-06,0.312471,0.0100733,0.58544,0.252424,1.02492,1.04578,228,10,0.993988,0.994656,0.994656,0.994024,6.65416e-05,4.27165e-09,4.94248e-05,0.000113447
ERF_Log_File_20240930_1031.csv,sp,12,emfpe,4,0,filled_square,prism,ERF_OSA207_Spectra_20240930_1031.csv,1.41175e+09,2.67769,0.00027544,0.751963,0.00165259,34.1727,1.60613,4.56743e-06,0.0165322,2,0.0206028,0.00011633,1.63,0,6.35e-06,0.000289,8.31e-05,7.51e-06,0,6.93e-06,0.00022223,6.18e-05,2.89e-05,5.77e-06,2.54e-05,9.24e-06,5.91667e-06,4.04e-05,0.617596,0.000878071,0.944429,0.817221,0.000155228,3.7179e-06,0.000207267,0.000165732,437.847,0.0740303,2.96583e-05,3.3142e-05,6.06491e-05,3.33877e-05,0.00163597,0.00165916,-0.00149473,0.00165916,3.14962e-05,7.11042e-06,0.359841,0.011689,0.415151,0.281757,0.250741,1.04584,228,10,0.99393,0.994608,0.994608,0.993965,6.79225e-05,4.57157e-08,4.91705e-05,0.000113005
ERF_Log_File_20240930_1103.csv,sp,12,emfpe,4,0,filled_square,prism,ERF_OSA207_Spectra_20240930_1103.csv,1.41175e+09,2.56383,0.000321695,0.750302,0.00181842,34.1722,1.56928,4.84809e-06,0.0161591,2,0.019384,0.000116769,1.59,0,6.35e-06,0.000289,8.31e-05,7.51e-06,0,6.93e-06,0.000216679,6.18e-05,2.89e-05,5.77e-06,2.54e-05,9.24e-06,5.70419e-06,4.04e-05,0.616667,0.000791388,0.942638,0.81316,0.000459933,3.944e-06,0.000446828,0.000360808,456.044,0.191384,-6.36024e-05,8.20467e-05,3.89866e-05,8.2267e-05,0.00786523,0.00246504,-0.000882771,0.00246504,-6.4514e-05,1.05998e-05,1.24519,0.0128775,0.679436,0.374067,0.648039,1.04586,228,10,0.993873,0.994557,0.994557,0.993906,6.92684e-05,4.12206e-08,4.90987e-05,0.000112717
ERF_Log_File_20240930_1135.csv,sp,12,emfpe,4,0,filled_square,prism,ERF_OSA207_Spectra_20240930_1135.csv,1.41175e+09,2.46516,0.000327596,0.752314,0.00168137,34.1718,1.52989,4.30567e-06,0.0156489,2,0.0185312,0.000111131,1.55,0,6.35e-06,0.000289,8.31e-05,7.51e-06,0,6.93e-06,0.000211576,6.18e-05,2.89e-05,5.77e-06,2.54e-05,9.24e-06,5.88676e-06,4.04e-05,0.616234,0.00053667,0.942038,0.813681,0.000447857,2.58379e-06,0.000680428,0.000592593,479.571,0.342053,0.000198458,0.000136659,0.00024504,0.000136713,0.0011164,0.00159482,0.00102246,0.00159481,4.5969e-05,6.8679e-06,0.299956,0.00881168,0.368409,0.399476,1.15856,1.04455,228,10,0.993807,0.994495,0.994495,0.993835,7.08819e-05,2.80193e-08,4.91834e-05,0.000113205
ERF_Log_File_20240930_1207.csv,sp,12,emfpe,4,0,filled_square,prism,ERF_OSA207_Spectra_20240930_1207.csv,1.41176e+09,2.25214,0.000292198,0.750429,0.00164504,34.1719,1.49151,4.94591e-06,0.0154099,2,0.0176272,0.000123894,1.51,0,6.35e-06,0.000289,8.31e-05,7.51e-06,0,6.93e-06,0.000206747,6.18e-05,2.89e-05,5.77e-06,2.54e-05,9.24e-06,6.06464e-06,4.04e-05,0.615874,4.04997e-05,0.941388,0.815994,0.000423713,3.81305e-06,0.000653405,0.000559041,482.923,0.321564,-0.000275564,0.000129096,-0.000346302,0.000129199,0.000849004,0.00212112,0.00147822,0.00212111,-9.75822e-06,9.13176e-06,0.365299,0.013231,0.638717,0.449852,1.08925,1.04587,228,10,0.993737,0.994425,0.994425,0.993758,7.25821e-05,2.12291e-09,4.93457e-05,0.000114026
ERF_Log_File_20240930_1239.csv,sp,12,emfpe,4,0,filled_square,prism,ERF_OSA207_Spectra_20240930_1239.csv,1.41176e+09,3.9905,0.00028414,0.750004,0.0021384,34.1715,1.45096,4.59576e-06,0.0149827,2,0.0166787,0.000120721,1.47,0,6.35e-06,0.000289,8.31e-05,7.51e-06,0,6.93e-06,0.000201035,6.18e-05,2.89e-05,5.77e-06,2.54e-05,9.24e-06,6.25257e-06,4.04e-05,0.611414,7.06565e-05,0.93817,0.808784,0.000513705,2.99412e-06,0.000423936,0.000363936,470.167,0.197192,0.000114282,8.19879e-05,8.5183e-05,8.22012e-05,-0.0019525,0.00242501,0.00207371,0.00242501,-6.90717e-05,1.04273e-05,1.50014,0.0101149,0.535584,0.434388,0.667697,1.04576,228,10,0.993656,0.994342,0.994342,0.993667,7.40324e-05,3.72507e-09,4.94611e-05,0.000113668
ERF_Log_File_20240930_1311.csv,sp,12,emfpe,4,0,filled_square,prism,ERF_OSA207_Spectra_20240930_1311.csv,1.41176e+09,3.60967,0.00028405,0.749599,0.00121359,34.1719,1.41451,4.6462e-06,0.0159786,2,0.0158774,9.80402e-05,1.43,0,6.35e-06,0.000289,8.31e-05,7.51e-06,0,6.93e-06,0.000196045,6.18e-05,2.89e-05,5.77e-06,2.54e-05,9.24e-06,6.42147e-06,4.04e-05,0.610453,2.39577e-05,0.93727,0.806108,0.000240994,2.30197e-06,0.000374473,0.000294243,460.592,0.155009,-3.5575e-05,6.58347e-05,1.87289e-05,6.60427e-05,0.00284849,0.00214649,-0.00248504,0.00214648,0.000112198,9.22546e-06,0.415687,0.00762424,0.677447,0.36154,0.523552,1.04458,228,10,0.993578,0.994257,0.994257,0.993577,7.5844e-05,1.27111e-09,4.97282e-05,0.000113969
ERF_Log_File_20240930_1343.csv,sp,12,emfpe,4,0,filled_square,prism,ERF_OSA207_Spectra_20240930_1343.csv,1.41176e+09,3.325,0.000337452,0.745207,0.00264414,34.1717,1.37543,3.2769e-06,0.0174181,2,0.0150137,8.59888e-05,1.39,0,6.35e-06,0.000289,8.31e-05,7.51e-06,0,6.93e-06,0.000190828,6.18e-05,2.89e-05,5.77e-06,2.54e-05,9.24e-06,6.84586e-06,4.04e-05,0.609615,2.08588e-05,0.934816,0.807538,0.000239027,2.91846e-06,0.000388934,0.000414864,446.867,0.164968,6.84975e-05,7.21768e-05,-7.33376e-05,7.2372e-05,0.00287696,0.00217658,0.000669119,0.00217658,-3.4082e-05,9.35753e-06,0.264304,0.00938022,0.559367,0.904894,0.559446,1.04373,228,10,0.993486,0.994155,0.994155,0.993471,7.80006e-05,1.11531e-09,4.99844e-05,0.000114978
ERF_Log_File_20240930_1415.csv,sp,12,emfpe,4,0,filled_square,prism,ERF_OSA207_Spectra_20240930_1415.csv,1.41176e+09,3.66707,0.000276351,0.749555,0.00103766,34.1714,1.33439,3.83631e-06,0.0158312,2,0.0142707,9.46611e-05,1.35,0,6.35e-06,0.000289,8.31e-05,7.51e-06,0,6.93e-06,0.000184152,6.18e-05,2.89e-05,5.77e-06,2.54e-05,9.24e-06,7.44249e-06,4.04e-05,0.606722,1.13132e-05,0.931383,0.80215,0.000149372,2.42449e-06,0.000281924,0.000194465,515.304,0.112006,-9.13956e-05,4.25455e-05,1.00238e-05,4.27114e-05,0.00299226,0.00154099,-0.00136087,0.00154099,-4.7526e-07,6.62054e-06,0.255646,0.00897727,0.72656,0.31344,0.37934,1.04586,228,10,0.993382,0.994035,0.994035,0.993348,8.0265e-05,6.10357e-10,5.0249e-05,0.000115119
ERF_Log_File_20240930_1447.csv,sp,12,emfpe,4,0,filled_square,prism,ERF_OSA207_Spectra_20240930_1447.csv,1.41177e+09,3.10031,0.000319292,0.750098,0.00112744,34.171,1.29467,3.71756e-06,0.0149712,2,0.0136183,8.12258e-05,1.31,0,6.35e-06,0.000289,8.31e-05,7.51e-06,0,6.93e-06,0.000179193,6.18e-05,2.89e-05,5.77e-06,2.54e-05,9.24e-06,8.01991e-06,4.04e-05,0.604002,6.10374e-06,0.930331,0.801218,0.000338131,2.78644e-06,0.000506582,0.000428851,476.759,0.244486,-6.64376e-05,9.99384e-05,0.000136555,0.00010008,8.61825e-05,0.00218644,-0.00224667,0.00218644,1.51646e-05,9.40807e-06,0.461946,0.00954599,0.584508,0.411377,0.82811,1.04583,228,10,0.993271,0.993905,0.993905,0.993215,8.27716e-05,3.32353e-10,5.06572e-05,0.000115903
ERF_Log_File_20240930_1519.csv,sp,12,emfpe,4,0,filled_square,prism,ERF_OSA207_Spectra_20240930_1519.csv,1.41177e+09,2.79249,0.000311582,0.750393,0.000940568,34.1711,1.25524,3.31684e-06,0.0145455,2,0.0128699,8.11418e-05,1.27,0,6.35e-06,0.000289,8.31e-05,7.51e-06,0,6.93e-06,0.000173177,6.18e-05,2.89e-05,5.77e-06,2.54e-05,9.24e-06,8.593e-06,4.04e-05,0.600577,4.29336e-06,0.926859,0.799573,0.000248745,1.82346e-06,0.000335873,0.000297188,477.55,0.167169,4.58021e-05,6.82235e-05,0.000110136,6.83209e-05,-0.00241267,0.00149695,-0.00504745,0.00149694,0.000103954,6.44183e-06,0.458324,0.00625961,0.297863,0.334652,0.567073,1.04525,228,10,0.99315,0.993761,0.993761,0.99307,8.55321e-05,2.36008e-10,5.09498e-05,0.00011659
ERF_Log_File_20240930_1551.csv,sp,12,emfpe,4,0,filled_square,prism,ERF_OSA207_Spectra_20240930_1551.csv,1.41177e+09,2.60483,0.000282965,0.748712,0.000903405,34.1705,1.22523,2.95397e-06,0.0144179,2,0.0122864,7.02137e-05,1.24,0,6.35e-06,0.000289,8.31e-05,7.51e-06,0,6.93e-06,0.000169627,6.18e-05,2.89e-05,5.77e-06,2.54e-05,9.24e-06,9.02921e-06,4.04e-05,0.598905,1.00055e-05,0.924024,0.792575,0.000224809,2.04289e-06,0.000338225,0.000309955,482.876,0.167439,-9.77632e-05,6.76915e-05,9.83938e-06,6.782e-05,0.00380014,0.00171129,-0.000509477,0.00171129,1.36536e-05,7.36268e-06,0.295289,0.00708834,0.37503,0.493434,0.56715,1.04587,228,10,0.993051,0.99364,0.99364,0.99295,8.80732e-05,5.54071e-10,5.11694e-05,0.000116263
ERF_Log_File_20240930_1623.csv,sp,12,emfpe,4,0,filled_square,prism,ERF_OSA207_Spectra_20240930_1623.csv,1.41177e+09,2.24623,0.000247475,0.749041,0.00107832,34.172,1.19682,2.93546e-06,0.0141701,2,0.0118141,7.39983e-05,1.21,0,6.35e-06,0.000289,8.31e-05,7.51e-06,0,6.93e-06,0.000165183,6.18e-05,2.89e-05,5.77e-06,2.54e-05,9.24e-06,9.41606e-06,4.04e-05,0.595408,1.74714e-05,0.921357,0.792984,0.000213578,3.54929e-06,0.000383114,0.000256722,447.948,0.135353,-0.000102859,5.91143e-05,1.70343e-05,5.9307e-05,-0.00432653,0.00195818,-0.000335612,0.00195817,-8.29675e-06,8.41713e-06,0.369177,0.0114244,0.846178,0.287958,0.458955,1.04583,228,10,0.992951,0.993516,0.993516,0.992827,9.0486e-05,9.74336e-10,5.13817e-05,0.000116968
ERF_Log_File_20240930_1655.csv,sp,12,emfpe,4,0,filled_square,prism,ERF_OSA207_Spectra_20240930_1655.csv,1.41177e+09,2.17033,0.000279693,0.749476,0.000932304,34.1708,1.1684,2.25154e-06,0.0143769,2,0.0111814,5.68046e-05,1.18,0,6.35e-06,0.000289,8.31e-05,7.51e-06,0,6.93e-06,0.000161947,6.18e-05,2.89e-05,5.77e-06,2.54e-05,9.24e-06,9.59522e-06,4.04e-05,0.592378,2.08874e-05,0.918625,0.791499,0.000187829,3.29155e-06,0.000276757,0.000234081,465.697,0.12285,-1.38108e-06,5.16256e-05,-7.58137e-05,5.18133e-05,-0.000924458,0.00180571,0.00110029,0.0018057,2.25677e-06,7.75869e-06,0.345866,0.0110144,0.446546,0.348416,0.416108,1.04587,228,10,0.992843,0.993382,0.993382,0.992695,9.32904e-05,1.17309e-09,5.15922e-05,0.000117373
ERF_Log_File_20240930_1727.csv,sp,12,emfpe,4,0,filled_square,prism,ERF_OSA207_Spectra_20240930_1727.csv,1.41177e+09,2.14911,0.000272379,0.747756,0.00237825,34.1715,1.13602,2.24213e-06,0.0143226,2,0.0105582,5.64816e-05,1.15,0,6.35e-06,0.000289,8.31e-05,7.51e-06,0,6.93e-06,0.00015728,6.18e-05,2.89e-05,5.77e-06,2.54e-05,9.24e-06,9.79942e-06,4.04e-05,0.586744,1.1187e-05,0.916376,0.783553,0.000499402,2.64704e-06,0.000376242,0.00033134,504.619,0.18579,-0.000263682,7.2097e-05,-1.09718e-05,7.24279e-05,0.00251988,0.00283393,0.00309618,0.00283392,-3.00098e-06,1.21692e-05,1.63055,0.00959799,0.60237,0.581275,0.629234,1.04587,228,10,0.992711,0.993217,0.993217,0.992534,9.65893e-05,6.33383e-10,5.18834e-05,0.000116866
ERF_Log_File_20240930_1833.csv,sp,12,emfpe,4,0,filled_square,prism,ERF_OSA207_Spectra_20240930_1833.csv,1.41178e+09,3.0279,0.000299215,0.749603,0.00110328,34.1718,1.0786,4.15257e-06,0.010751,2,0.0098334,9.17324e-05,1.09,0,6.35e-06,0.000289,8.31e-05,7.51e-06,0,6.93e-06,0.000149092,6.18e-05,2.89e-05,5.77e-06,2.54e-05,9.24e-06,1.03288e-05,4.04e-05,0.581271,-1.28762e-08,0.90935,0.780095,0.000346489,5.94649e-06,0.000394135,0.00033106,329.624,0.134427,-0.000164524,7.95528e-05,0.000161777,7.96842e-05,-0.00109172,0.00187628,-0.000457934,0.00187627,3.11e-05,8.07295e-06,0.597597,0.0140848,0.315724,0.211951,0.455377,1.04587,228,10,0.992451,0.992887,0.992887,0.992212,0.000104634,-7.39663e-13,5.22367e-05,0.000117426
ERF_Log_File_20240930_1913.csv,sp,12,emfpe,4,0,filled_square,prism,ERF_OSA207_Spectra_20240930_1913.csv,1.41178e+09,3.61225,0.000314752,0.749684,0.00105446,34.1713,1.05222,5.84954e-06,0.0132567,2,0.00854402,7.13491e-05,1.06,0,6.35e-06,0.000289,8.31e-05,7.51e-06,0,6.93e-06,0.000145386,6.18e-05,2.89e-05,5.77e-06,2.54e-05,9.24e-06,1.07014e-05,4.04e-05,0.578412,3.10029e-06,0.905388,0.772964,0.000157512,3.92633e-06,0.000241571,0.000233018,416.381,0.0974227,-4.90603e-05,4.58142e-05,-4.56521e-05,4.60196e-05,-0.00396792,0.00177996,0.00336486,0.00177996,-8.33372e-05,7.64527e-06,0.238237,0.0117463,0.346421,0.436167,0.32987,1.04586,228,10,0.992318,0.992717,0.992717,0.992048,0.000109034,1.79312e-10,5.23652e-05,0.000116791
ERF_Log_File_20240930_2001.csv,sp,12,emfpe,4,0,filled_square,prism,ERF_OSA207_Spectra_20240930_2001.csv,1.41178e+09,4.87875,0.000384858,0.799214,0.00698161,34.1715,1.04238,3.393e-06,0.00789355,2,0.0123851,5.01241e-05,1.03,0,6.35e-06,0.000289,8.31e-05,7.51e-06,0,6.93e-06,0.000144401,6.18e-05,2.89e-05,5.77e-06,2.54e-05,9.24e-06,1.08404e-05,4.04e-05,0.575317,2.19694e-05,0.900025,0.77168,0.00014935,5.95891e-06,0.000290387,0.000371168,281.058,0.0457669,-0.000165242,3.20038e-05,5.12465e-05,3.29285e-05,-0.00127989,0.00322431,-0.00197178,0.0032243,0.00051093,1.36189e-05,0.222155,0.0120472,0.510897,0.716991,0.156003,1.04472,228,10,0.992266,0.992651,0.992651,0.991985,0.00011043,1.27395e-09,5.21901e-05,0.000116752
ERF_Log_File_20240930_2105.csv,sp,12,emfpe,4,0,filled_square,prism,ERF_OSA207_Spectra_20240930_2105.csv,1.41179e+09,4.43493,0.000306788,0.750341,0.000931646,34.171,1.10803,1.58877e-06,0.013047,2,0.0100552,3.35526e-05,1.12,0,6.35e-06,0.000289,8.31e-05,7.51e-06,0,6.93e-06,0.000153206,6.18e-05,2.89e-05,5.77e-06,2.54e-05,9.24e-06,9.97586e-06,4.04e-05,0.58558,2.03866e-05,0.912369,0.783911,0.000173997,4.20238e-06,0.000293242,0.00023303,445.497,0.123517,-7.97957e-05,5.41507e-05,0.000142325,5.42641e-05,-0.00313993,0.00143717,0.000855874,0.00143717,6.24311e-05,6.18177e-06,0.197386,0.0134532,0.47419,0.264942,0.41843,1.04587,228,10,0.992589,0.993062,0.993062,0.992383,0.000100505,1.16238e-09,5.20204e-05,0.000117465
ERF_Log_File_20241001_0928.csv,sp,12,emfpe,4,0,filled_square,prism,ERF_OSA207_Spectra_20241001_0928.csv,1.41183e+09,1.92734,0.000447166,0.760368,0.0063721,34.174,2.15163,1.46694e-05,0.0151619,2,0.0391512,0.000310752,2.2,0,6.35e-06,0.000289,8.31e-05,7.51e-06,0,6.93e-06,0.000298134,6.18e-05,2.89e-05,5.77e-06,2.54e-05,9.24e-06,0.000287268,4.04e-05,0.631077,0.000652327,0.956963,0.831069,0.000704838,1.92252e-05,0.00107075,0.000942325,65.722,0.0729546,0.00014203,0.000208488,-3.88312e-05,0.000208531,-0.00770291,0.00180741,-0.00163876,0.00180741,1.70735e-05,7.78537e-06,0.036128,0.00907276,0.0633916,0.0902696,0.247146,1.04587,228,10,0.994414,0.994775,0.994775,0.994341,6.32044e-05,4.09601e-08,6.00885e-05,0.000125551
ERF_Log_File_20241001_1000.csv,sp,12,emfpe,4,0,filled_square,prism,ERF_OSA207_Spectra_20241001_1000.csv,1.41183e+09,2.05955,0.000310915,0.751231,0.0011603,34.1726,2.19382,1.91324e-05,0.0144065,2,0.0413048,0.00032396,2.25,0,6.35e-06,0.000289,8.31e-05,7.51e-06,0,6.93e-06,0.000303557,6.18e-05,2.89e-05,5.77e-06,2.54e-05,9.24e-06,0.000300341,4.04e-05,0.630643,0.000737951,0.955268,0.83191,0.00057535,1.98005e-05,0.000883052,0.000767552,75.4132,0.0682956,0.000234157,0.00017217,0.00014084,0.000172221,0.00351003,0.00174787,-0.00268044,0.00174786,6.86663e-05,7.52807e-06,0.0367868,0.0107266,0.0968813,0.078272,0.232522,1.04534,228,10,0.994433,0.994756,0.994756,0.994344,6.41503e-05,4.74638e-08,6.14412e-05,0.000127182
ERF_Log_File_20241001_1032.csv,sp,12,emfpe,4,0,filled_square,prism,ERF_OSA207_Spectra_20241001_1032.csv,1.41184e+09,1.92742,0.000268919,0.751514,0.00106855,34.1725,2.23992,2.13834e-05,0.0133935,2,0.0437077,0.000401626,2.3,0,6.35e-06,0.000289,8.31e-05,7.51e-06,0,6.93e-06,0.000309503,6.18e-05,2.89e-05,5.77e-06,2.54e-05,9.24e-06,0.000266492,4.04e-05,0.631908,0.000861383,0.955966,0.834209,0.0006073,2.27033e-05,0.000919428,0.000813576,71.7253,0.0679931,0.000372025,0.000181696,-2.37418e-06,0.000181768,-0.00332276,0.0021364,0.00885937,0.00213639,-2.54992e-05,9.19778e-06,0.0507544,0.0116931,0.0797236,0.0979082,0.230344,1.04585,228,10,0.994451,0.994733,0.994733,0.994344,6.55678e-05,5.69093e-08,6.31581e-05,0.00012901
ERF_Log_File_20241001_1104.csv,sp,12,emfpe,4,0,filled_square,prism,ERF_OSA207_Spectra_20241001_1104.csv,1.41184e+09,3.97391,0.000407714,0.75399,0.0032731,34.1715,2.28819,2.06501e-05,0.0127518,2,0.0458141,0.000391654,2.35,0,6.35e-06,0.000289,8.31e-05,7.51e-06,0,6.93e-06,0.000316694,6.18e-05,2.89e-05,5.77e-06,2.54e-05,9.24e-06,0.000223258,4.04e-05,0.631446,0.00121622,0.956037,0.837156,0.00084799,2.22246e-05,0.00128379,0.00112641,58.0573,0.077466,0.000382847,0.000247701,-8.30844e-05,0.000247742,-0.00366973,0.00191748,-0.00182091,0.00191748,4.60489e-05,8.25588e-06,0.0392761,0.00924778,0.0603051,0.0601099,0.262328,1.04574,228,10,0.994468,0.994704,0.994704,0.994341,6.70735e-05,8.26812e-08,6.49935e-05,0.000131106
ERF_Log_File_20241001_1136.csv,sp,12,emfpe,4,0,filled_square,prism,ERF_OSA207_Spectra_20241001_1136.csv,1.41184e+09,3.02858,0.00062431,0.75779,0.00639763,34.1719,2.33598,2.0923e-05,0.0119144,2,0.048164,0.000378765,2.4,0,6.35e-06,0.000289,8.31e-05,7.51e-06,0,6.93e-06,0.000323284,6.18e-05,2.89e-05,5.77e-06,2.54e-05,9.24e-06,0.000180443,4.04e-05,0.631897,0.000775094,0.957365,0.839375,0.000831352,3.97172e-05,0.00125017,0.00109736,43.2211,0.0561205,0.000368334,0.000242041,-6.79926e-05,0.000242084,0.00353773,0.00194401,-0.00120001,0.001944,1.18824e-05,8.37289e-06,0.0412023,0.0123312,0.0412629,0.0391646,0.190083,1.04585,228,10,0.994483,0.994673,0.994673,0.994336,6.8846e-05,5.42215e-08,6.69722e-05,0.000133166
ERF_Log_File_20241001_1208.csv,sp,12,emfpe,4,0,filled_square,prism,ERF_OSA207_Spectra_20241001_1208.csv,1.41184e+09,4.60903,0.000556388,0.75301,0.00378162,34.1708,2.37418,2.41983e-05,0.0108947,2,0.0503465,0.000446816,2.45,0,6.35e-06,0.000289,8.31e-05,7.51e-06,0,6.93e-06,0.000328716,6.18e-05,2.89e-05,5.77e-06,2.54e-05,9.24e-06,0.00014623,4.04e-05,0.63219,0.000362553,0.958306,0.839088,0.000954995,4.44677e-05,0.00143418,0.00125374,32.7652,0.048638,9.0866e-05,0.000278897,-6.58084e-05,0.000278956,-0.000680037,0.0024264,-0.00242158,0.0024264,9.79037e-05,1.04478e-05,0.0419661,0.0104736,0.0428284,0.0325701,0.165007,1.04506,228,10,0.994494,0.994646,0.994646,0.99433,7.0375e-05,2.59531e-08,6.85996e-05,0.000134543
ERF_Log_File_20241001_1240.csv,sp,12,emfpe,4,0,filled_square,prism,ERF_OSA207_Spectra_20241001_1240.csv,1.41184e+09,3.55882,0.000793194,0.757423,0.0057549,34.1707,2.41296,2.45328e-05,0.00961244,2,0.0523907,0.000423058,2.5,0,6.35e-06,0.000289,8.31e-05,7.51e-06,0,6.93e-06,0.000333497,6.18e-05,2.89e-05,5.77e-06,2.54e-05,9.24e-06,0.000111491,4.04e-05,0.632908,0.000311691,0.957896,0.837742,0.000924504,5.42838e-05,0.00141256,0.00122939,25.8952,0.0375286,0.000401334,0.000274624,5.24102e-05,0.000274697,0.00297295,0.00265732,0.00125677,0.00265731,7.5268e-05,1.14427e-05,0.0211435,0.010101,0.0485439,0.0355313,0.127136,1.04587,228,10,0.994504,0.994616,0.994616,0.994322,7.20745e-05,2.2842e-08,7.01987e-05,0.000135816
ERF_Log_File_20241001_1352.csv,sp,12,emfpe,4,0,filled_square,prism,ERF_OSA207_Spectra_20241001_1352.csv,1.41185e+09,4.37368,0.000521848,0.938367,0.00335374,34.1711,1.33405,3.0885e-06,0.0190099,2,0.0144821,7.76419e-05,1.35,0,6.35e-06,0.000289,8.31e-05,7.51e-06,0,6.93e-06,0.00018411,6.18e-05,2.89e-05,5.77e-06,2.54e-05,9.24e-06,7.4474e-06,4.04e-05,0.60667,1.05124e-05,0.932455,0.8015,0.000127321,1.94545e-06,0.00015779,0.000124075,617.882,0.0744402,-3.87782e-05,2.36316e-05,0.000122784,2.38916e-05,-0.00317144,0.00144574,-0.0028238,0.00144574,-1.47603e-05,6.18038e-06,0.460264,0.00863727,0.49124,0.339247,0.252114,1.04587,228,10,0.993381,0.994034,0.994034,0.993347,8.02811e-05,5.67198e-10,5.03107e-05,0.000115033
ERF_Log_File_20241001_1427.csv,sp,12,emfpe,4,0,filled_square,prism,ERF_OSA207_Spectra_20241001_1427.csv,1.41185e+09,2.92753,0.000464964,0.625115,0.00195946,34.1713,1.33406,3.6991e-06,0.0132202,2,0.0144482,9.43422e-05,1.35,0,6.35e-06,0.000289,8.31e-05,7.51e-06,0,6.93e-06,0.000184111,6.18e-05,2.89e-05,5.77e-06,2.54e-05,9.24e-06,7.44724e-06,4.04e-05,0.606801,5.86477e-06,0.932689,0.802675,0.000191817,3.13896e-06,0.000311044,0.000239811,412.952,0.108379,-0.00022983,5.13961e-05,-3.95824e-05,5.16379e-05,0.00345174,0.00204632,-0.00218864,0.00204631,5.31937e-05,8.78611e-06,0.312515,0.00931497,0.570267,0.334445,0.367256,1.0458,228,10,0.993381,0.994034,0.994034,0.993347,8.02977e-05,3.16433e-10,5.03232e-05,0.000115202
ERF_Log_File_20241001_1507.csv,sp,12,emfpe,4,0,filled_square,prism,ERF_OSA207_Spectra_20241001_1506.csv,1.41185e+09,1.99602,0.000309797,0.424353,0.00345595,34.1717,1.33401,3.36612e-06,0.00913825,2,0.014327,8.7116e-05,1.35,0,6.35e-06,0.000289,8.31e-05,7.51e-06,0,6.93e-06,0.000184105,6.18e-05,2.89e-05,5.77e-06,2.54e-05,9.24e-06,7.448e-06,4.04e-05,0.60925,2.87251e-05,0.93458,0.805473,0.000456817,4.73569e-06,0.000705481,0.000614094,279.876,0.206389,0.000668193,0.000142156,6.52833e-05,0.000142231,-0.000626352,0.00192177,-0.0054457,0.00192177,-0.000116871,8.27485e-06,0.163296,0.0095226,0.302985,0.311012,0.699055,1.04586,228,10,0.993381,0.994034,0.994034,0.993347,8.06253e-05,1.54988e-09,5.04258e-05,0.000115604
ERF_Log_File_20241001_1549.csv,sp,12,emfpe,4,0,filled_square,prism,ERF_OSA207_Spectra_20241001_1549.csv,1.41186e+09,5.36328,0.000573604,0.229788,0.000670358,34.1703,1.33397,4.73124e-06,0.00485226,2,0.0142113,0.000115089,1.35,0,6.35e-06,0.000289,8.31e-05,7.51e-06,0,6.93e-06,0.0001841,6.18e-05,2.89e-05,5.77e-06,2.54e-05,9.24e-06,7.44859e-06,4.04e-05,0.606229,6.68464e-05,0.932282,0.804289,0.000459884,9.53406e-06,0.000704802,0.000611659,151.28,0.112058,0.000234373,0.000142878,-0.000317739,0.000142957,0.00264866,0.00196426,0.00178911,0.00196425,3.2563e-05,8.45791e-06,0.107016,0.0103643,0.152956,0.148199,0.379872,1.0458,228,10,0.99338,0.994034,0.994034,0.993346,8.02283e-05,3.60677e-09,5.03023e-05,0.000115435
ERF_Log_File_20241001_1625.csv,sp,12,emfpe,4,0,filled_square,prism,ERF_OSA207_Spectra_20241001_1625.csv,1.41186e+09,3.0115,0.000393277,0.129417,0.000371524,34.1712,1.33387,8.7398e-05,0.00262531,2,0.0144586,0.0012378,1.35,0,6.35e-06,0.000289,8.31e-05,7.51e-06,0,6.93e-06,0.000184087,6.18e-05,2.89e-05,5.77e-06,2.54e-05,9.24e-06,7.45009e-06,4.04e-05,0.606104,3.74437e-05,0.93253,0.804198,0.000735796,1.65397e-05,0.00113488,0.000981314,84.8968,0.102064,0.000277681,0.000228219,0.000167989,0.000228283,0.00465577,0.0022661,-0.00231848,0.0022661,-1.73138e-05,9.75975e-06,0.0632027,0.0100939,0.106254,0.0995857,0.345237,1.04495,228,10,0.99338,0.994034,0.994034,0.993346,8.02188e-05,2.02036e-09,5.03168e-05,0.000115425
ERF_Log_File_20241001_1715.csv,sp,12,emfpe,4,0,filled_square,prism,ERF_OSA207_Spectra_20241001_1715.csv,1.41186e+09,2.22317,0.000677346,0.949276,0.00742917,34.1707,1.33415,3.19429e-06,0.0191687,2,0.0145447,8.19033e-05,1.35,0,6.35e-06,0.000289,8.31e-05,7.51e-06,0,6.93e-06,0.000184122,6.18e-05,2.89e-05,5.77e-06,2.54e-05,9.24e-06,7.44594e-06,4.04e-05,0.606705,5.07716e-07,0.932803,0.802406,0.000224837,3.33781e-06,0.000374374,0.000300731,627.098,0.213718,-0.000130692,6.66278e-05,3.44355e-05,6.68051e-05,-0.000897908,0.00199319,-0.00273904,0.00199319,-3.4071e-05,8.57203e-06,0.391759,0.0150397,0.890638,0.555708,0.72394,1.04587,228,10,0.993381,0.994035,0.994035,0.993347,8.02789e-05,2.73932e-11,5.03283e-05,0.000115161
ERF_Log_File_20241001_1750.csv,sp,12,emfpe,4,0,filled_square,prism,ERF_OSA207_Spectra_20241001_1750.csv,1.41186e+09,4.32874,0.000716726,0.936356,0.00201182,34.1715,1.33415,3.70884e-06,0.0187685,2,0.0144518,9.86718e-05,1.35,0,6.35e-06,0.000289,8.31e-05,7.51e-06,0,6.93e-06,0.000184122,6.18e-05,2.89e-05,5.77e-06,2.54e-05,9.24e-06,7.44596e-06,4.04e-05,0.605598,5.89011e-06,0.931221,0.801106,0.000204721,2.7041e-06,0.000286019,0.000275985,612.497,0.169737,-7.5608e-05,5.42539e-05,-8.03e-05,5.44806e-05,-0.00261948,0.00203425,0.00244036,0.00203425,5.26621e-05,8.73837e-06,0.540645,0.0119335,0.524724,0.690911,0.581679,1.0403,228,10,0.993381,0.994035,0.994035,0.993347,8.01324e-05,3.17794e-10,5.0243e-05,0.000114974
ERF_Log_File_20241001_1829.csv,sp,12,emfpe,4,0,filled_square,prism,ERF_OSA207_Spectra_20241001_1829.csv,1.41187e+09,2.90191,0.000449139,0.624648,0.00204674,34.1711,1.33411,3.42696e-06,0.0131137,2,0.0144626,8.72209e-05,1.35,0,6.35e-06,0.000289,8.31e-05,7.51e-06,0,6.93e-06,0.000184117,6.18e-05,2.89e-05,5.77e-06,2.54e-05,9.24e-06,7.4465e-06,4.04e-05,0.605549,1.74815e-05,0.931889,0.802174,0.000211171,4.01823e-06,0.00033262,0.000280278,410.214,0.13275,3.27931e-05,6.31961e-05,-0.000127812,6.33251e-05,0.000229914,0.00165524,-0.00249224,0.00165523,4.11945e-05,7.12332e-06,0.228887,0.0118446,0.413334,0.307063,0.449703,1.04587,228,10,0.993381,0.994035,0.994035,0.993347,8.01286e-05,9.43204e-10,5.02795e-05,0.000115128
ERF_Log_File_20241002_1130.csv,sp,12,emfpe,4,0,filled_square,prism,CCS200_Spectrum_1411925435.csv,1.41193e+09,2.85977,0.000572562,0.627543,0.00167089,34.1723,0.908631,0.000126033,1.13657,1,0.00939716,3.04188e-05,0.9,0,6.35e-06,0.000289,8.31e-05,7.51e-06,0,6.93e-06,0.000125635,6.18e-05,2.89e-05,5.77e-06,2.54e-05,9.24e-06,1.60718e-05,4.04e-05,0.5528,4.36453e-05,0.885747,0.75859,0.000205821,5.4015e-06,0.000320753,0.00026565,201.905,0.0623765,-0.000274109,6.04788e-05,-3.9906e-05,6.07252e-05,0.00266373,0.00223991,-0.00153155,0.0022399,-1.15854e-05,9.62119e-06,0.162664,0.00783734,0.245252,0.178902,0.211992,1.04559,228,10,0.99141,0.991561,0.991561,0.990932,0.000142545,2.63805e-09,5.35372e-05,0.000116666
ERF_Log_File_20241002_1201.csv,sp,12,emfpe,4,0,filled_square,prism,CCS200_Spectrum_1411927321.csv,1.41193e+09,3.58629,0.000756441,0.630808,0.00157514,34.1718,0.93222,0.000125796,1.15054,1,0.00961934,2.26845e-05,0.925,0,6.35e-06,0.000289,8.31e-05,7.51e-06,0,6.93e-06,0.000128956,6.18e-05,2.89e-05,5.77e-06,2.54e-05,9.24e-06,1.44184e-05,4.04e-05,0.559135,2.43757e-05,0.888076,0.757974,0.000136966,4.72049e-06,0.000208495,0.000239647,248.201,0.0458805,-0.000183131,3.62518e-05,0.000263737,3.66064e-05,0.000839741,0.00208936,-0.00267847,0.00208935,7.10289e-06,8.9397e-06,0.158238,0.00841883,0.228307,0.345141,0.155461,1.04586,228,10,0.991584,0.991782,0.991782,0.991146,0.000135929,1.46066e-09,5.3216e-05,0.000116204
ERF_Log_File_20241002_1233.csv,sp,12,emfpe,4,0,filled_square,prism,CCS200_Spectrum_1411929211.csv,1.41193e+09,4.85208,0.000802051,0.631234,0.00158427,34.1717,0.95968,0.000126849,1.03035,1,0.0103571,4.89756e-05,0.95,0,6.35e-06,0.000289,8.31e-05,7.51e-06,0,6.93e-06,0.000132769,6.18e-05,2.89e-05,5.77e-06,2.54e-05,9.24e-06,1.28367e-05,4.04e-05,0.563231,3.61071e-05,0.891478,0.7628,0.000115794,4.83004e-06,0.000249219,0.000164508,324.769,0.056884,-0.000319756,3.43236e-05,5.2327e-05,3.45448e-05,-0.00698062,0.00160132,0.00191009,0.00160132,1.81557e-05,6.8681e-06,0.138948,0.0112717,0.453098,0.220852,0.192666,1.04587,228,10,0.991773,0.992023,0.992023,0.991378,0.000128329,2.14398e-09,5.29343e-05,0.000116564
ERF_Log_File_20241002_1304.csv,sp,12,emfpe,4,0,filled_square,prism,CCS200_Spectrum_1411931101.csv,1.41193e+09,4.90061,0.000656488,0.63095,0.00178628,34.1712,0.983921,0.000126377,1.16049,1,0.0112808,4.00158e-05,0.975,0,6.35e-06,0.000289,8.31e-05,7.51e-06,0,6.93e-06,0.000136135,6.18e-05,2.89e-05,5.77e-06,2.54e-05,9.24e-06,1.19964e-05,4.04e-05,0.567422,3.23485e-05,0.893304,0.765331,0.000189512,4.21425e-06,0.000429417,0.000251795,315.155,0.0920306,-0.0001097,5.71791e-05,6.62098e-05,5.74351e-05,-0.00360471,0.00221994,0.00483748,0.00221994,-8.0413e-05,9.53319e-06,0.204336,0.00954333,0.775606,0.257666,0.311361,1.04573,228,10,0.991929,0.992221,0.992221,0.991569,0.000122493,1.90659e-09,5.26505e-05,0.000116626
ERF_Log_File_20241002_1407.csv,sp,12,emfpe,4,0,filled_square,prism,CCS200_Spectrum_1411934868.csv,1.41194e+09,4.6869,0.00056618,0.636361,0.00171389,34.1711,0.994199,0.000126123,1.06771,1,0.0118198,3.39802e-05,0.985,0,6.35e-06,0.000289,8.31e-05,7.51e-06,0,6.93e-06,0.000137519,6.18e-05,2.89e-05,5.77e-06,2.54e-05,9.24e-06,1.16401e-05,4.04e-05,0.548479,3.96577e-05,0.89583,0.765242,0.012878,4.56125e-06,0.000258865,0.000212806,296.418,0.0765503,-0.000193652,5.05263e-05,5.68002e-05,5.06934e-05,0.00540159,0.00168603,-0.00147921,0.00168603,5.59844e-05,7.24502e-06,27.432,0.0097156,0.246864,0.164191,0.259282,1.04587,228,10,0.991992,0.992302,0.992302,0.991647,0.000115837,2.33038e-09,5.26409e-05,0.000116473
ERF_Log_File_20241002_1439.csv,sp,12,emfpe,4,0,filled_square,prism,CCS200_Spectrum_1411936758.csv,1.41194e+09,4.82552,0.000421641,0.630199,0.0010246,34.1712,0.971511,0.00012645,1.15301,1,0.0108,4.13419e-05,0.962,0,6.35e-06,0.000289,8.31e-05,7.51e-06,0,6.93e-06,0.000134324,6.18e-05,2.89e-05,5.77e-06,2.54e-05,9.24e-06,1.24266e-05,4.04e-05,0.565816,2.59128e-05,0.892958,0.766707,0.000158662,4.08258e-06,0.000248228,0.000229539,316.814,0.083226,-0.000208205,5.12733e-05,0.00017338,5.13672e-05,-0.0019066,0.00127356,-0.00412932,0.00127355,5.60966e-05,5.47843e-06,0.125242,0.00929532,0.182905,0.249578,0.282595,1.04565,228,10,0.99185,0.992121,0.992121,0.991473,0.000125519,1.53299e-09,5.28271e-05,0.000117002
ERF_Log_File_20241002_1510.csv,sp,12,emfpe,4,0,filled_square,prism,CCS200_Spectrum_1411938649.csv,1.41194e+09,4.24692,0.000466597,0.629854,0.00123612,34.1712,0.944374,0.000126895,0.997108,1,0.0106182,5.01559e-05,0.935,0,6.35e-06,0.000289,8.31e-05,7.51e-06,0,6.93e-06,0.000130597,6.18e-05,2.89e-05,5.77e-06,2.54e-05,9.24e-06,1.35666e-05,4.04e-05,0.560381,2.68797e-05,0.888375,0.757767,0.000164961,4.65847e-06,0.000307208,0.000235658,290.546,0.0788391,-0.000316163,5.30851e-05,5.97621e-05,5.32577e-05,-0.000493108,0.00175619,-0.000933641,0.00175619,-0.000129183,7.54797e-06,0.130851,0.00972438,0.397412,0.237789,0.26706,1.04586,228,10,0.991669,0.991891,0.991891,0.991251,0.000132313,1.60404e-09,5.30135e-05,0.000116001
ERF_Log_File_20241002_1542.csv,sp,12,emfpe,4,0,filled_square,prism,CCS200_Spectrum_1411940540.csv,1.41194e+09,4.6291,0.00060551,0.633491,0.0011589,34.1714,0.950583,0.000126101,1.123,1,0.0103552,3.26511e-05,0.94,0,6.35e-06,0.000289,8.31e-05,7.51e-06,0,6.93e-06,0.000131444,6.18e-05,2.89e-05,5.77e-06,2.54e-05,9.24e-06,1.3152e-05,4.04e-05,0.561606,2.60837e-05,0.890939,0.759306,0.000120936,3.82208e-06,0.00016763,0.000191275,314.371,0.0477097,-0.000211158,2.97634e-05,1.57271e-05,3.00599e-05,-0.00239381,0.00173179,0.00176633,0.00173179,2.08226e-05,7.40712e-06,0.191513,0.00863401,0.223624,0.342648,0.161643,1.04586,228,10,0.991712,0.991945,0.991945,0.991303,0.000130679,1.55335e-09,5.30576e-05,0.000116152
ERF_Log_File_20241002_1613.csv,sp,12,emfpe,4,0,filled_square,prism,CCS200_Spectrum_1411942430.csv,1.41194e+09,4.88378,0.000563197,0.629931,0.0010223,34.1713,0.97606,0.000126346,1.08245,1,0.0109933,3.91249e-05,0.967,0,6.35e-06,0.000289,8.31e-05,7.51e-06,0,6.93e-06,0.000134996,6.18e-05,2.89e-05,5.77e-06,2.54e-05,9.24e-06,1.22689e-05,4.04e-05,0.566117,2.43121e-05,0.894778,0.767324,0.000197448,4.65316e-06,0.000242935,0.00022533,318.572,0.070117,-0.000169102,4.31564e-05,0.00012553,4.35373e-05,0.00582149,0.00236078,0.00277395,0.00236077,9.56216e-05,1.01061e-05,0.343823,0.0106546,0.327455,0.339196,0.236208,1.04547,228,10,0.991879,0.992158,0.992158,0.991509,0.000124327,1.4363e-09,5.28615e-05,0.000117036
ERF_Log_File_20241002_1654.csv,sp,12,emfpe,4,0,filled_square,prism,CCS200_Spectrum_1411944904.csv,1.41195e+09,4.84305,0.000455335,0.62829,0.00206713,34.1714,0.965492,0.000126134,1.24213,1,0.0106651,3.36859e-05,0.956,0,6.35e-06,0.000289,8.31e-05,7.51e-06,0,6.93e-06,0.000133543,6.18e-05,2.89e-05,5.77e-06,2.54e-05,9.24e-06,1.26352e-05,4.04e-05,0.563309,2.89474e-05,0.893585,0.766545,0.00034667,3.58039e-06,0.000371381,0.000306542,320.912,0.116709,-0.000298498,7.11889e-05,7.71249e-06,7.14709e-05,0.00283218,0.00259899,-0.00484573,0.00259898,-0.000130411,1.11668e-05,0.691468,0.00833018,0.389402,0.275927,0.413342,1.02701,228,10,0.991811,0.992071,0.992071,0.991425,0.00012666,1.71571e-09,5.29626e-05,0.000117058
ERF_Log_File_20241009_1945.csv,ig_zn_diff,12,emfpe,5,0,filled_square,3.6um_lp,ERF_OSA207_Spectra_20241009_1944.csv,1.41256e+09,2.35774,0.000829463,0.847776,0.000928667,34.1718,7.16664,0.000288265,0.00527455,2,0.318382,0.00332976,7,0,6.35e-06,0.000289,8.31e-05,7.51e-06,0,6.93e-06,0.000990535,6.18e-05,2.89e-05,5.77e-06,2.54e-05,9.24e-06,7.81506e-05,4.04e-05,0.000673556,0.578543,0.966716,0.000867063,2.97632e-05,0.000518496,0.000861489,5.95095e-05,24.1745,0.0214262,-0.001121,0.000167839,0.000147969,0.00016788,0.00301397,0.0016089,0.0143016,0.00160889,1.73932e-05,6.95419e-06,0.00516928,0.0133381,0.015518,0.0103358,0.072513,1.04587,228,10,0.993998,0.987265,0.987265,0.9927,3.20484e-07,0.000266153,0.000444728,2.9266e-07
ERF_Log_File_20241009_2019.csv,ig_zn_diff,12,emfpe,5,0,filled_square,3.6um_lp,ERF_OSA207_Spectra_20241009_2018.csv,1.41256e+09,2.34439,0.000793395,0.8516,0.000936777,34.1713,7.19627,0.000142983,0.00498779,2,0.320686,0.00286412,7.039,0,6.35e-06,0.000289,8.31e-05,7.51e-06,0,6.93e-06,0.000994617,6.18e-05,2.89e-05,5.77e-06,2.54e-05,9.24e-06,7.75069e-05,4.04e-05,0.000537127,0.576749,0.9666,0.000728116,4.11227e-05,0.000681304,0.00113763,8.10874e-05,23.6224,0.0277392,-0.00112414,0.000213581,6.78165e-05,0.000213603,0.00288254,0.00142594,0.0117553,0.00142594,1.76713e-05,6.16226e-06,0.00697975,0.0125651,0.0129567,0.0137624,0.0935331,1.04585,228,10,0.993998,0.987215,0.987215,0.9927,2.5557e-07,0.000267152,0.000447732,2.45761e-07
ERF_Log_File_20241009_2053.csv,ig_zn_diff,12,emfpe,5,0,filled_square,3.6um_lp,ERF_OSA207_Spectra_20241009_2052.csv,1.41256e+09,2.33284,0.000850775,0.848413,0.00169387,34.1711,7.1965,0.000127277,0.00499915,2,0.321885,0.00264461,7.039,0,6.35e-06,0.000289,8.31e-05,7.51e-06,0,6.93e-06,0.000994649,6.18e-05,2.89e-05,5.77e-06,2.54e-05,9.24e-06,7.75017e-05,4.04e-05,0.000613658,0.576004,0.965544,0.000743132,3.98267e-05,0.000642253,0.00107046,8.2728e-05,23.5347,0.0259998,-0.00128543,0.000206198,0.000181266,0.000206231,0.00460104,0.00167603,0.0169553,0.00167603,1.47623e-05,7.23731e-06,0.00673498,0.0147637,0.0150579,0.0139899,0.0882996,1.0457,228,10,0.993998,0.987214,0.987214,0.9927,2.91984e-07,0.000266821,0.000447267,2.50829e-07
ERF_Log_File_20241009_2126.csv,ig_zn_diff,12,emfpe,5,0,filled_square,3.6um_lp,ERF_OSA207_Spectra_20241009_2126.csv,1.41257e+09,4.4279,0.00150535,0.705438,0.00234314,34.171,5.71702,0.000147682,0.00721491,2,0.231981,0.00156067,5.77,0,6.35e-06,0.000289,8.31e-05,7.51e-06,0,6.93e-06,0.000790857,6.18e-05,2.89e-05,5.77e-06,2.54e-05,9.24e-06,5.98668e-05,4.04e-05,0.000753736,0.65325,0.96514,0.000358467,3.44223e-05,0.000436427,0.00064311,6.48933e-05,26.4476,0.0174761,-0.00133356,0.000126139,0.000310734,0.000126179,0.00249757,0.00137027,0.0112924,0.00137027,-2.45402e-05,5.9219e-06,0.00656156,0.012404,0.0158956,0.012373,0.0492087,1.03915,228,10,0.994062,0.989733,0.989733,0.9927,3.37442e-07,0.00020535,0.000303394,1.20993e-07
ERF_Log_File_20241009_2200.csv,ig_zn_diff,12,emfpe,5,0,filled_square,3.6um_lp,ERF_OSA207_Spectra_20241009_2200.csv,1.41257e+09,4.3653,0.00168967,0.697026,0.00242867,34.1724,5.71865,0.000137266,0.00731187,2,0.232807,0.00146342,5.77,0,6.35e-06,0.000289,8.31e-05,7.51e-06,0,6.93e-06,0.00079108,6.18e-05,2.89e-05,5.77e-06,2.54e-05,9.24e-06,5.99452e-05,4.04e-05,0.000696555,0.65354,0.966103,0.000349004,3.06965e-05,0.000490065,0.000722192,6.27012e-05,26.0609,0.0193066,-0.00110213,0.000141723,0.000377614,0.000141774,0.00308551,0.00160278,0.01311,0.00160278,1.04625e-05,6.92899e-06,0.00574763,0.0141821,0.0180292,0.011741,0.0653547,1.04587,228,10,0.994062,0.989731,0.989731,0.9927,3.11956e-07,0.000205541,0.000303844,1.17799e-07
ERF_Log_File_20241009_2234.csv,ig_zn_diff,12,emfpe,5,0,filled_square,3.6um_lp,ERF_OSA207_Spectra_20241009_2233.csv,1.41257e+09,4.04521,0.000693033,0.847413,0.00158387,34.1713,4.96963,7.83027e-05,0.0131911,2,0.184232,0.00101016,4.961,0,6.35e-06,0.000289,8.31e-05,7.51e-06,0,6.93e-06,0.000687825,6.18e-05,2.89e-05,5.77e-06,2.54e-05,9.24e-06,2.98235e-05,4.04e-05,0.00327932,0.677285,0.966669,0.000951669,2.12052e-05,0.00018352,0.00026017,3.20126e-05,62.537,0.0166067,-0.00107357,5.12577e-05,0.000101917,5.12866e-05,0.00195194,0.000719612,0.0127925,0.000719611,-2.62875e-05,3.11031e-06,0.00952005,0.0163849,0.0189742,0.0143859,0.0562328,1.04587,228,10,0.994231,0.990985,0.990985,0.992722,1.2173e-06,0.000167326,0.00023882,3.18925e-07
ERF_Log_File_20241009_2308.csv,ig_zn_diff,12,emfpe,5,0,filled_square,3.6um_lp,ERF_OSA207_Spectra_20241009_2307.csv,1.41257e+09,4.06546,0.000672658,0.850558,0.000636406,34.1715,4.96976,8.47315e-05,0.0134175,2,0.184005,0.0010917,4.961,0,6.35e-06,0.000289,8.31e-05,7.51e-06,0,6.93e-06,0.000687845,6.18e-05,2.89e-05,5.77e-06,2.54e-05,9.24e-06,2.98044e-05,4.04e-05,0.00327113,0.67731,0.9669,0.000958836,1.26596e-05,0.000151176,0.000216818,2.17013e-05,62.8443,0.0137198,-0.00104225,4.23701e-05,0.000162103,4.24062e-05,0.0025615,0.000728248,0.0139263,0.000728246,-8.8566e-06,3.13653e-06,0.00570806,0.0141966,0.0223161,0.00980044,0.0460796,1.04565,228,10,0.994231,0.990985,0.990985,0.992722,1.21431e-06,0.00016734,0.000238887,3.21337e-07
ERF_Log_File_20241010_0814.csv,ig_zn_diff,12,emfpe,5,0,filled_square,3.6um_lp,ERF_OSA207_Spectra_20241010_0814.csv,1.41261e+09,3.31776,0.000744196,0.824151,0.000727165,34.1744,5.24057,6.51995e-05,0.0115079,2,0.201758,0.000940443,5.25,0,6.35e-06,0.000289,8.31e-05,7.51e-06,0,6.93e-06,0.000724571,6.18e-05,2.89e-05,5.77e-06,2.54e-05,9.24e-06,3.6904e-05,4.04e-05,3.59134e-06,0.775306,0.966669,8.07416e-05,1.66018e-05,0.000223996,0.000278975,3.60403e-05,49.6158,0.0140501,-0.0010115,5.48132e-05,7.84375e-05,5.48508e-05,0.00380433,0.000845028,0.0118947,0.000845026,1.82548e-05,3.65441e-06,0.00591913,0.0158039,0.0191372,0.0128482,0.0475911,1.04587,228,10,0.99417,0.990534,0.990534,0.9927,1.43398e-09,0.00020992,0.000261734,2.72527e-08
ERF_Log_File_20241010_0848.csv,ig_zn_diff,12,emfpe,5,0,filled_square,3.6um_lp,ERF_OSA207_Spectra_20241010_0847.csv,1.41261e+09,3.51301,0.00167195,0.756798,0.00380959,34.1737,6.04048,0.000205136,0.00630012,2,0.273573,0.00188429,6,0,6.35e-06,0.000289,8.31e-05,7.51e-06,0,6.93e-06,0.000834888,6.18e-05,2.89e-05,5.77e-06,2.54e-05,9.24e-06,7.38399e-05,4.04e-05,0.000924296,0.601653,0.966201,0.000402583,4.63792e-05,0.000456864,0.000731399,9.23369e-05,20.582,0.0153195,-0.00089008,0.000143948,-0.000121533,0.000144041,0.00105822,0.00215129,0.00897656,0.00215128,8.59067e-05,9.30297e-06,0.00686012,0.0133573,0.0196533,0.0136523,0.0518872,1.04587,228,10,0.993998,0.989186,0.989186,0.9927,4.39788e-07,0.000207718,0.000333576,1.35884e-07
ERF_Log_File_20241010_0921.csv,ig_zn_diff,12,emfpe,5,0,filled_square,3.6um_lp,ERF_OSA207_Spectra_20241010_0921.csv,1.41261e+09,3.39975,0.00068143,0.825246,0.00100082,34.1723,5.24373,6.23042e-05,0.0115713,2,0.200742,0.000831171,5.25,0,6.35e-06,0.000289,8.31e-05,7.51e-06,0,6.93e-06,0.000724967,6.18e-05,2.89e-05,5.77e-06,2.54e-05,9.24e-06,3.70561e-05,4.04e-05,-6.42362e-05,0.776349,0.967868,4.09708e-05,1.55011e-05,0.000235556,0.000289596,3.22909e-05,50.8996,0.0150267,-0.00114948,5.70815e-05,6.15387e-05,5.71173e-05,0.00487486,0.000845922,0.0143367,0.00084592,3.45607e-05,3.65597e-06,0.00567083,0.0199903,0.0170848,0.0118106,0.0506023,1.04555,228,10,0.99417,0.990529,0.990529,0.9927,-2.56697e-08,0.000210421,0.000262331,1.38289e-08
ERF_Log_File_20241010_0955.csv,ig_zn_diff,12,emfpe,5,0,filled_square,3.6um_lp,ERF_OSA207_Spectra_20241010_0954.csv,1.41261e+09,3.48054,0.00193549,0.754636,0.00420748,34.1723,6.04189,0.000210986,0.00631588,2,0.274218,0.00181743,6,0,6.35e-06,0.000289,8.31e-05,7.51e-06,0,6.93e-06,0.000835093,6.18e-05,2.89e-05,5.77e-06,2.54e-05,9.24e-06,7.38516e-05,4.04e-05,0.000968344,0.601252,0.965983,0.000483724,4.66064e-05,0.000509338,0.000801958,7.57139e-05,20.4214,0.016727,-0.00157384,0.000158521,0.000115236,0.000158626,0.00486584,0.00242738,0.0142328,0.00242738,-2.91735e-06,1.04993e-05,0.00683805,0.0190807,0.0191023,0.0111103,0.0565374,1.04583,228,10,0.993998,0.989183,0.989183,0.9927,4.60747e-07,0.000207662,0.000333633,1.63271e-07
ERF_Log_File_20241010_1036.csv,ig_zn_diff,12,emfpe,5,0,filled_square,2.4um_lp,ERF_OSA207_Spectra_20241010_1035.csv,1.41261e+09,2.69945,0.07737,0.974152,0.0420217,34.1716,3.07981,0.000186084,0.0128673,2,0.102217,0.00157499,3,0,6.35e-06,0.000289,8.31e-05,7.51e-06,0,6.93e-06,0.000425387,6.18e-05,2.89e-05,5.77e-06,2.54e-05,9.24e-06,7.61291e-05,4.04e-05,0.622567,0.000228112,0.961335,0.813108,0.000145928,1.63332e-05,0.000281221,0.000366143,101.495,0.0215111,-0.000854626,4.15228e-05,5.66493e-05,4.17583e-05,0.00542211,0.00181611,0.0114887,0.0018161,0.00011018,7.83257e-06,0.0319849,0.0122825,0.148678,0.267892,0.0740702,0.984048,228,10,0.994551,0.993893,0.993893,0.994033,0.000107131,2.46729e-08,0.000103979,0.000161735
ERF_Log_File_20241010_1116.csv,ig_zn_diff,12,emfpe,5,0,filled_square,2.4um_lp,ERF_OSA207_Spectra_20241010_1116.csv,1.41262e+09,2.61327,0.000902664,0.833031,0.0124099,34.1724,3.07929,0.000178524,0.0125312,2,0.101491,0.00160596,3,0,6.35e-06,0.000289,8.31e-05,7.51e-06,0,6.93e-06,0.000425311,6.18e-05,2.89e-05,5.77e-06,2.54e-05,9.24e-06,7.60989e-05,4.04e-05,0.623534,0.000219168,0.961632,0.810898,0.00012296,1.62038e-05,0.000182618,0.000157756,97.9302,0.0178524,-0.000816381,3.55237e-05,0.000115858,3.55731e-05,0.00355405,0.000771533,0.0110692,0.000771532,-7.28631e-05,3.33665e-06,0.0335761,0.0114123,0.0354526,0.0378201,0.0602064,1.04388,228,10,0.994551,0.993893,0.993893,0.994033,0.000107266,2.36988e-08,0.000103982,0.00016127
ERF_Log_File_20241010_1150.csv,ig_zn_diff,12,emfpe,5,0,filled_square,2.4um_lp,ERF_OSA207_Spectra_20241010_1150.csv,1.41262e+09,2.60663,0.000904813,0.822674,0.0103948,34.171,3.07929,0.000181861,0.0125381,2,0.101564,0.00163388,3,0,6.35e-06,0.000289,8.31e-05,7.51e-06,0,6.93e-06,0.00042531,6.18e-05,2.89e-05,5.77e-06,2.54e-05,9.24e-06,7.60988e-05,4.04e-05,0.623691,0.000224223,0.961954,0.811085,0.000168509,1.12946e-05,0.000257426,0.000216282,97.6622,0.0253988,-0.000858869,5.03471e-05,3.47463e-05,5.03823e-05,0.00452171,0.000780375,0.0111403,0.000780374,-5.11897e-05,3.37636e-06,0.0327002,0.00793313,0.0421284,0.0322922,0.0860104,1.04385,228,10,0.994551,0.993893,0.993893,0.994033,0.000107293,2.42454e-08,0.000104016,0.000161307
ERF_Log_File_20250110_1044.csv,ig_zn_diff,12,emfpe,6,1,filled_square,none,ERF_OSA207_Spectra_20250110_1044.csv,1.42057e+09,2.51507,0.000175349,0.687674,0.000790363,34.1716,2.51,2.18188e-05,0.00662829,2,0.0414412,0.000572083,2.5,0,6.35e-06,0.000289,8.31e-05,7.51e-06,0,6.93e-06,0.000346915,6.18e-05,2.89e-05,5.77e-06,2.54e-05,9.24e-06,3.42785e-05,4.04e-05,0.632753,0.000557988,0.95729,0.832234,8.93158e-05,7.10404e-06,0.00012975,0.000132705,208.615,0.0267908,-0.000789343,2.50901e-05,0.000110533,2.51464e-05,0.00348669,0.000689708,0.0119279,0.000689706,0.00019502,2.98154e-06,0.058363,0.0106669,0.0599012,0.113358,0.0913984,1.04267,228,10,0.994524,0.994534,0.994534,0.994297,7.6477e-05,4.33689e-08,7.44041e-05,0.000138807
ERF_Log_File_20250110_1118.csv,ig_zn_diff,12,emfpe,6,1,filled_square,none,ERF_OSA207_Spectra_20250110_1117.csv,1.42057e+09,3.62656,0.000279413,0.747497,0.00096336,34.1718,6.25934,8.76455e-05,0.0122175,2,0.210295,0.00173559,6,0,6.35e-06,0.000289,8.31e-05,7.51e-06,0,6.93e-06,0.000865608,6.18e-05,2.89e-05,5.77e-06,2.54e-05,9.24e-06,7.56489e-05,4.04e-05,0.000887804,0.591773,0.967878,0.000731361,3.12826e-05,0.000284415,0.000457699,4.83451e-05,32.2041,0.01516,-0.00107569,8.91988e-05,0.000253507,8.92213e-05,0.00296802,0.000862294,0.0129242,0.000862292,1.41656e-05,3.73081e-06,0.00723989,0.0133284,0.0100075,0.0111886,0.0505575,1.04548,228,10,0.993998,0.988814,0.988814,0.9927,4.22425e-07,0.000217005,0.000354924,2.46856e-07
ERF_Log_File_20250110_1151.csv,ig_zn_diff,12,emfpe,6,1,filled_square,none,ERF_OSA207_Spectra_20250110_1151.csv,1.42057e+09,5.24074,0.000669358,0.861563,0.00203193,34.171,10.7501,0.000480488,0.00911409,2,0.816563,0.00382616,10,0,6.35e-06,0.000289,8.31e-05,7.51e-06,0,6.93e-06,0.00148725,6.18e-05,2.89e-05,5.77e-06,2.54e-05,9.24e-06,9.86023e-05,4.04e-05,1.19506e-05,0.635562,0.966978,-6.42133e-05,6.19633e-05,0.000435126,0.000656458,8.36066e-05,21.8559,0.0147555,-0.000969503,0.000128194,-0.000650419,0.00012823,0.000241953,0.00127746,0.0146034,0.00127746,2.67669e-05,5.53082e-06,0.00973241,0.0113379,0.0108083,0.0131298,0.0494369,1.04575,228,10,0.993998,0.981126,0.981126,0.9927,5.68618e-09,0.000560836,0.000853287,-2.16739e-08
ERF_Log_File_20250110_1229.csv,ig_zn_diff,12,emfpe,6,1,filled_square,none,ERF_OSA207_Spectra_20250110_1229.csv,1.42057e+09,3.14081,0.000347929,0.744527,0.000415575,34.1708,2.76064,3.8542e-05,0.0171905,2,0.0569339,0.000382249,2.75,0,6.35e-06,0.000289,8.31e-05,7.51e-06,0,6.93e-06,0.000382261,6.18e-05,2.89e-05,5.77e-06,2.54e-05,9.24e-06,5.33145e-05,4.04e-05,0.632648,0.000439293,0.960846,0.83695,0.000172013,1.39622e-05,0.000261464,0.000228574,126.055,0.0335507,-0.000757389,5.13245e-05,2.51955e-05,5.1352e-05,0.0045403,0.000699962,0.0120509,0.000699961,7.88123e-05,3.02997e-06,0.0315315,0.0126473,0.0491552,0.0457664,0.11359,1.04583,228,10,0.994552,0.99428,0.99428,0.994201,8.9689e-05,3.96553e-08,8.67361e-05,0.000150703
ERF_Log_File_20250110_1303.csv,ig_zn_diff,12,emfpe,6,1,filled_square,none,ERF_OSA207_Spectra_20250110_1303.csv,1.42058e+09,2.59517,0.000159442,0.800314,0.000673367,34.1709,3.01608,1.76341e-05,0.0214856,2,0.0695402,0.000355515,3,0,6.35e-06,0.000289,8.31e-05,7.51e-06,0,6.93e-06,0.000417558,6.18e-05,2.89e-05,5.77e-06,2.54e-05,9.24e-06,7.24275e-05,4.04e-05,0.622429,0.000248963,0.960394,0.807378,8.50994e-05,8.00412e-06,0.000126529,0.000109871,184.469,0.0240074,-0.000842524,2.51214e-05,7.38611e-05,2.51357e-05,0.00290328,0.000352927,0.0130715,0.000352926,5.64213e-05,1.52763e-06,0.0402261,0.010815,0.0232539,0.0374248,0.0827125,1.00658,228,10,0.994554,0.993975,0.993975,0.99407,0.000103199,2.59999e-08,0.000100297,0.00015744
ERF_Log_File_20250110_1336.csv,ig_zn_diff,12,emfpe,6,1,filled_square,none,ERF_OSA207_Spectra_20250110_1336.csv,1.42058e+09,2.91642,0.000204757,0.841303,0.00110214,34.1721,3.27464,2.24131e-05,0.0238813,2,0.0863429,0.000440177,3.25,0,6.35e-06,0.000289,8.31e-05,7.51e-06,0,6.93e-06,0.000453458,6.18e-05,2.89e-05,5.77e-06,2.54e-05,9.24e-06,8.74448e-05,4.04e-05,0.626196,0.000273838,0.961852,0.817067,7.52156e-05,6.51554e-06,0.000110837,9.89255e-05,203.471,0.0231401,-0.000884307,2.19932e-05,0.000110196,2.20074e-05,0.00296053,0.000328057,0.0120732,0.000328056,8.98614e-06,1.42004e-06,0.0357077,0.00952842,0.0258271,0.0489648,0.0784357,1.04532,228,10,0.994537,0.993631,0.993631,0.993915,0.000120081,3.28616e-08,0.000115426,0.0001726
ERF_Log_File_20250110_1411.csv,ig_zn_diff,12,emfpe,6,1,filled_square,none,ERF_OSA207_Spectra_20250110_1410.csv,1.42058e+09,2.70487,0.000225516,0.880811,0.00122152,34.1716,3.53231,3.62602e-05,0.0208399,2,0.116861,0.000551626,3.5,0,6.35e-06,0.000289,8.31e-05,7.51e-06,0,6.93e-06,0.000488899,6.18e-05,2.89e-05,5.77e-06,2.54e-05,9.24e-06,9.71405e-05,4.04e-05,0.594327,0.00018484,0.963752,0.732041,5.57042e-05,9.8213e-06,9.12861e-05,7.03866e-05,176.163,0.016101,-0.000839148,1.77258e-05,0.000131046,1.77402e-05,0.00369528,0.000295227,0.0125871,0.000295227,-1.29403e-05,1.27771e-06,0.0153177,0.012432,0.0303371,0.0274602,0.0545474,1.04584,228,10,0.994507,0.993263,0.993263,0.993747,0.000129908,2.52581e-08,0.000131695,0.000167155
ERF_Log_File_20250110_1444.csv,ig_zn_diff,12,emfpe,6,1,filled_square,none,ERF_OSA207_Spectra_20250110_1444.csv,1.42058e+09,4.248,0.000265239,0.880586,0.00133349,34.1714,3.77057,4.72586e-05,0.0180159,2,0.143959,0.000585854,3.75,0,6.35e-06,0.000289,8.31e-05,7.51e-06,0,6.93e-06,0.000521744,6.18e-05,2.89e-05,5.77e-06,2.54e-05,9.24e-06,7.21127e-05,4.04e-05,0.505949,0.000245882,0.964786,0.533201,6.79388e-05,1.00307e-05,0.000127785,7.20352e-05,134.561,0.0176511,-0.000791948,2.5137e-05,8.78468e-05,2.51468e-05,0.00262172,0.000294193,0.0131156,0.000294193,-2.90208e-05,1.27298e-06,0.0139583,0.00969843,0.0170076,0.0165426,0.0597874,1.04583,228,10,0.994471,0.992908,0.992908,0.993583,0.000123369,3.76127e-08,0.000147584,0.000130546
ERF_Log_File_20250110_1518.csv,ig_zn_diff,12,emfpe,6,1,filled_square,none,ERF_OSA207_Spectra_20250110_1517.csv,1.42058e+09,5.11263,0.000485526,0.898698,0.00595988,34.1715,4.09134,6.19744e-05,0.0127075,2,0.117593,0.000916295,4,0,6.35e-06,0.000289,8.31e-05,7.51e-06,0,6.93e-06,0.000565679,6.18e-05,2.89e-05,5.77e-06,2.54e-05,9.24e-06,5.74414e-05,4.04e-05,0.423248,0.000482674,0.964661,0.375712,0.000119662,2.61016e-05,0.000271498,0.000119642,60.4357,0.0167985,-0.000809849,5.34926e-05,0.000198215,5.35183e-05,0.00215902,0.00069101,0.0124242,0.000691008,2.89497e-05,2.99139e-06,0.00929352,0.0113357,0.0185165,0.0253962,0.0569407,1.04576,228,10,0.994415,0.992411,0.992411,0.993356,0.000117712,8.50796e-08,0.000170038,0.000100661
ERF_Log_File_20250110_1551.csv,ig_zn_diff,12,emfpe,6,1,filled_square,none,ERF_OSA207_Spectra_20250110_1551.csv,1.42059e+09,2.82049,0.000443438,0.853346,0.00988059,34.1714,4.36383,6.91999e-05,0.014133,2,0.132219,0.00114278,4.25,0,6.35e-06,0.000289,8.31e-05,7.51e-06,0,6.93e-06,0.000603742,6.18e-05,2.89e-05,5.77e-06,2.54e-05,9.24e-06,8.55675e-05,4.04e-05,0.220122,0.00202049,0.969962,0.10665,0.000123229,6.06931e-05,0.000527758,8.08081e-05,34.5895,0.0185824,-0.000615016,0.000103949,0.000168388,0.00010402,0.00221347,0.00158131,0.0110842,0.0015813,-0.000317988,6.84436e-06,0.00950966,0.0152475,0.0174975,0.0142959,0.0635513,1.02201,228,10,0.994361,0.991976,0.991976,0.99316,6.76287e-05,3.98396e-07,0.000191255,3.07375e-05
ERF_Log_File_20250110_1625.csv,ig_zn_diff,12,emfpe,6,1,filled_square,none,ERF_OSA207_Spectra_20250110_1624.csv,1.42059e+09,2.33474,0.000235639,0.854637,0.00325351,34.1711,4.58143,4.69867e-05,0.0132303,2,0.150589,0.000901202,4.5,0,6.35e-06,0.000289,8.31e-05,7.51e-06,0,6.93e-06,0.000633322,6.18e-05,2.89e-05,5.77e-06,2.54e-05,9.24e-06,8.75194e-05,4.04e-05,0.203296,0.0126089,0.96734,0.0893001,0.000106166,2.45115e-05,0.000501886,5.10643e-05,65.4041,0.0338104,-0.000827372,9.65696e-05,4.40874e-05,9.6587e-05,0.00300471,0.000791598,0.0121713,0.000791597,4.53381e-05,3.42758e-06,0.00701432,0.0111052,0.0200185,0.0102486,0.114419,1.04587,228,10,0.994315,0.991624,0.991624,0.993003,6.71624e-05,2.70552e-06,0.000207565,2.72186e-05
ERF_Log_File_20250110_1658.csv,ig_zn_diff,12,emfpe,6,1,filled_square,none,ERF_OSA207_Spectra_20250110_1658.csv,1.42059e+09,2.4641,0.000190458,0.862291,0.0018387,34.1717,4.84718,4.8049e-05,0.012595,2,0.164186,0.000841239,4.75,0,6.35e-06,0.000289,8.31e-05,7.51e-06,0,6.93e-06,0.000670237,6.18e-05,2.89e-05,5.77e-06,2.54e-05,9.24e-06,4.80226e-05,4.04e-05,0.0188649,0.332141,0.968206,0.00396831,1.67983e-05,9.87896e-05,0.000270308,2.5065e-05,66.6931,0.0184642,-0.00108417,5.33715e-05,7.72015e-05,5.33993e-05,0.000750228,0.000721764,0.0136433,0.000721763,-1.4349e-05,3.12444e-06,0.00771832,0.0182597,0.015363,0.0120688,0.0630571,1.03367,228,10,0.994258,0.991188,0.991188,0.99281,6.76109e-06,7.85895e-05,0.000229092,1.29154e-06
ERF_Log_File_20250110_1732.csv,ig_zn_diff,12,emfpe,6,1,filled_square,none,ERF_OSA207_Spectra_20250110_1731.csv,1.42059e+09,2.30413,0.000189035,0.852624,0.00156908,34.1712,5.15828,4.19461e-05,0.0122787,2,0.181487,0.000909139,5,0,6.35e-06,0.000289,8.31e-05,7.51e-06,0,6.93e-06,0.000713454,6.18e-05,2.89e-05,5.77e-06,2.54e-05,9.24e-06,3.29381e-05,4.04e-05,6.33702e-05,0.774841,0.965872,0.000128946,1.86642e-05,0.000462247,0.000575253,3.27358e-05,58.8814,0.0350405,-0.000905365,9.71168e-05,0.000184131,9.71206e-05,0.0029314,0.000437611,0.012644,0.00043761,3.71418e-05,1.89487e-06,0.00789815,0.0137469,0.00964763,0.0138498,0.119138,1.04571,228,10,0.994189,0.990672,0.990672,0.9927,2.47651e-08,0.000204149,0.00025448,4.35233e-08
ERF_Log_File_20250113_1001.csv,ig_zn_diff,12,emfpe,6,1,filled_square,7.3um_lp,ERF_OSA207_Spectra_20250113_1000.csv,1.42082e+09,3.57051,0.000327988,0.862372,0.0033545,34.1726,8.74316,0.000186075,0.0042665,2,0.471793,0.00307029,8,0,6.35e-06,0.000289,8.31e-05,7.51e-06,0,6.93e-06,0.00120895,6.18e-05,2.89e-05,5.77e-06,2.54e-05,9.24e-06,6.0982e-05,4.04e-05,4.86623e-05,0.57142,0.971682,-8.17007e-05,3.3358e-05,0.000663614,0.00112541,5.84361e-05,27.5812,0.0319138,-0.00164023,0.000195323,-4.80752e-05,0.000195329,-4.27394e-05,0.000958683,0.0157309,0.000958681,0.000167487,4.15054e-06,0.00661559,0.0112747,0.0096903,0.0115775,0.110717,1.04548,228,10,0.993998,0.984564,0.984564,0.9927,2.3154e-08,0.000363786,0.000618607,-2.75764e-08
ERF_Log_File_20250113_1034.csv,ig_zn_diff,12,emfpe,6,1,filled_square,7.3um_lp,ERF_OSA207_Spectra_20250113_1034.csv,1.42083e+09,2.96026,0.00037316,0.860234,0.00127508,34.1722,9.80624,0.000490316,0.00586197,2,0.605201,0.00584112,9,0,6.35e-06,0.000289,8.31e-05,7.51e-06,0,6.93e-06,0.00135689,6.18e-05,2.89e-05,5.77e-06,2.54e-05,9.24e-06,2.63621e-05,4.04e-05,-4.22119e-05,0.585802,0.971698,0.000187728,4.62853e-05,0.00065496,0.00108146,7.72627e-05,22.5385,0.0250448,-0.00168465,0.000197901,0.000220936,0.000197913,0.0010137,0.00118042,0.0170837,0.00118042,0.000104186,5.11024e-06,0.00749853,0.0117455,0.00977678,0.0125093,0.0852668,1.0458,228,10,0.993998,0.982742,0.982742,0.9927,-2.00848e-08,0.000447706,0.000742632,6.33639e-08
ERF_Log_File_20250113_1108.csv,ig_zn_diff,12,emfpe,6,1,filled_square,7.3um_lp,ERF_OSA207_Spectra_20250113_1108.csv,1.42083e+09,5.07402,0.000558505,0.86776,0.00104127,34.1725,10.8782,0.000578529,0.00686308,2,0.815674,0.00661852,10,0,6.35e-06,0.000289,8.31e-05,7.51e-06,0,6.93e-06,0.00150038,6.18e-05,2.89e-05,5.77e-06,2.54e-05,9.24e-06,0.000112383,4.04e-05,-1.05205e-05,0.634868,0.966404,1.23413e-06,4.15601e-05,0.000669921,0.00101424,8.27044e-05,21.4312,0.0224652,-0.00172491,0.00018277,-5.44813e-05,0.000182779,-0.00127119,0.000997283,0.0144395,0.000997281,4.67248e-05,4.31856e-06,0.00640101,0.0118378,0.00757895,0.0127344,0.0764605,1.04584,228,10,0.993998,0.980907,0.980907,0.9927,-5.00575e-09,0.000570615,0.000868597,4.16556e-10
ERF_Log_File_20250113_1648.csv,ig_zn_diff,12,emfpe,6,1,filled_square,7.3um_lp,ERF_OSA207_Spectra_20250113_1648.csv,1.42085e+09,5.11905,0.000533165,0.872594,0.00199603,34.1719,10.896,0.00071133,0.00696797,2,0.819828,0.00801056,10,0,6.35e-06,0.000289,8.31e-05,7.51e-06,0,6.93e-06,0.0015022,6.18e-05,2.89e-05,5.77e-06,2.54e-05,9.24e-06,0.000114293,4.04e-05,5.67934e-05,0.63511,0.96711,2.55541e-06,4.24851e-05,0.000541524,0.000817792,7.79863e-05,21.5872,0.0181814,-0.00118211,0.000158349,-6.75443e-05,0.000158381,-0.00219144,0.00138829,0.0123454,0.00138828,0.000117652,5.99976e-06,0.00660308,0.0134686,0.0108875,0.0121122,0.0618695,1.04249,228,10,0.993998,0.980877,0.980877,0.9927,2.70228e-08,0.000572274,0.000871428,8.62528e-10
ERF_Log_File_20250113_1728.csv,ig_zn_diff,12,emfpe,6,1,filled_square,7.3um_lp,ERF_OSA207_Spectra_20250113_1727.csv,1.42085e+09,2.56215,0.000859748,0.879782,0.00178214,34.1715,12.8707,0.00146489,0.0081381,2,1.03225,0.00619707,12,12.8276,6.35e-06,0.000289,8.31e-05,7.51e-06,0,6.93e-06,0.00178295,6.18e-05,2.89e-05,5.77e-06,2.54e-05,9.24e-06,0.000344019,4.04e-05,0.00022589,0.648364,0.974393,3.45302e-06,0.00010144,0.00245723,0.00368913,0.000176956,11.5205,0.0435871,-0.00167155,0.000597665,0.000334772,0.000597675,-0.00767009,0.00252031,0.016425,0.0025203,-8.18914e-05,1.09142e-05,0.00840257,0.0121446,0.0110459,0.0146655,0.148335,1.04396,228,10,0.993998,0.977507,0.977507,0.9927,1.0748e-07,0.000753322,0.00113213,1.1655e-09
ERF_Log_File_20250113_1807.csv,ig_zn_diff,12,emfpe,6,1,filled_square,7.3um_lp,ERF_OSA207_Spectra_20250113_1807.csv,1.42085e+09,4.65919,0.00340735,0.877076,0.00326433,34.1715,13.5087,0.200084,0.655024,3,1.27645,0.014522,13,13.5087,6.35e-06,0.000289,8.31e-05,7.51e-06,0,6.93e-06,0.00186278,6.18e-05,2.89e-05,5.77e-06,2.54e-05,9.24e-06,0.000193323,4.04e-05,-5.42103e-06,0.677284,0.980479,0.000420767,0.000141279,0.00238426,0.00344868,0.000279001,7.03006,0.0246255,-0.00085782,0.000649643,0.000686026,0.000649747,0.00388439,0.00498701,0.0259967,0.004987,3.95553e-05,2.15897e-05,0.00713757,0.0119319,0.0157673,0.0140919,0.0834022,1.04585,228,10,0.993998,0.976422,0.976422,0.9927,-2.57937e-09,0.000846075,0.00122483,1.42022e-07
ERF_Log_File_20250114_1441.csv,ig_zn_diff,12,emfpe,6,1,filled_square,7.3um_lp,ERF_OSA207_Spectra_20250114_1441.csv,1.42093e+09,5.08851,0.00047592,0.870121,0.00169062,34.171,10.877,0.00047175,0.00685011,2,0.815205,0.00627403,10,0,6.35e-06,0.000289,8.31e-05,7.51e-06,0,6.93e-06,0.00150025,6.18e-05,2.89e-05,5.77e-06,2.54e-05,9.24e-06,0.000112251,4.04e-05,-7.35977e-06,0.633563,0.963785,0.000190646,5.44735e-05,0.000929962,0.00141147,6.77678e-05,21.5107,0.0314686,-0.00157864,0.000248897,-2.06501e-05,0.000248906,-0.000786367,0.00125023,0.0141622,0.00125022,-3.11529e-05,5.42395e-06,0.00842004,0.0118325,0.00998112,0.0104768,0.107055,1.0456,228,10,0.993998,0.980909,0.980909,0.9927,-3.50184e-09,0.000569342,0.000866091,6.43487e-08
ERF_Log_File_20250116_1114.csv,ig_zn_diff,12,emfpe,6,1,filled_square,3.6um_lp,ERF_OSA207_Spectra_20250116_1113.csv,1.42109e+09,4.50378,0.000233606,0.844777,0.00215216,34.1718,7.5523,0.000141885,0.00754301,2,0.351088,0.00222515,7.039,0,6.35e-06,0.000289,8.31e-05,7.51e-06,0,6.93e-06,0.00104477,6.18e-05,2.89e-05,5.77e-06,2.54e-05,9.24e-06,6.97716e-05,4.04e-05,5.18901e-05,0.542309,0.966246,2.36718e-05,2.29515e-05,0.000517655,0.000920559,4.95128e-05,36.9703,0.0351921,-0.00145415,0.000157208,0.000307167,0.000157213,0.000220727,0.000728394,0.0155641,0.000728393,-2.57632e-05,3.15817e-06,0.00609913,0.0103464,0.00992649,0.0131596,0.119108,1.045,228,10,0.993998,0.986605,0.986605,0.9927,2.46898e-08,0.000272063,0.000484742,7.98994e-09
ERF_Log_File_20250116_1147.csv,ig_zn_diff,12,emfpe,6,1,filled_square,3.6um_lp,ERF_OSA207_Spectra_20250116_1147.csv,1.42109e+09,3.59649,0.00023735,0.752114,0.00147962,34.1716,6.25902,0.000102884,0.0118575,2,0.211383,0.00173182,6,0,6.35e-06,0.000289,8.31e-05,7.51e-06,0,6.93e-06,0.000865561,6.18e-05,2.89e-05,5.77e-06,2.54e-05,9.24e-06,7.56463e-05,4.04e-05,0.00071791,0.592346,0.967909,0.000725476,2.69567e-05,0.000855975,0.00139762,5.35524e-05,31.9188,0.0460644,-0.00125976,0.000217288,0.000348133,0.000217292,0.00276209,0.000847502,0.0138697,0.0008475,5.46625e-05,3.67452e-06,0.0061794,0.0100511,0.010504,0.0122788,0.156538,1.04575,228,10,0.993998,0.988814,0.988814,0.9927,3.41588e-07,0.000217197,0.000354905,2.4487e-07
ERF_Log_File_20250116_1221.csv,ig_zn_diff,12,emfpe,6,1,filled_square,3.6um_lp,ERF_OSA207_Spectra_20250116_1220.csv,1.42109e+09,2.81884,0.000220533,0.772088,0.00147083,34.1715,5.95592,0.00019056,0.0124334,2,0.243156,0.00199792,5.77,0,6.35e-06,0.000289,8.31e-05,7.51e-06,0,6.93e-06,0.000824214,6.18e-05,2.89e-05,5.77e-06,2.54e-05,9.24e-06,7.13809e-05,4.04e-05,0.000265195,0.594846,0.966126,0.000149897,4.09659e-05,0.000577466,0.000932029,6.82103e-05,26.8382,0.0258589,-0.000923632,0.00016891,0.000558362,0.000168922,0.00113669,0.000941289,0.0136759,0.000941287,5.3877e-05,4.07968e-06,0.00790279,0.0136969,0.00884777,0.0131546,0.0875139,1.04546,228,10,0.994008,0.989329,0.989329,0.9927,1.25029e-07,0.000200506,0.000325653,5.05946e-08
ERF_Log_File_20250116_1254.csv,ig_zn_diff,12,emfpe,6,1,filled_square,3.6um_lp,ERF_OSA207_Spectra_20250116_1254.csv,1.42109e+09,5.2708,0.000236567,0.849606,0.00183334,34.1713,5.10031,3.96955e-05,0.0115224,2,0.179155,0.000840721,4.961,0,6.35e-06,0.000289,8.31e-05,7.51e-06,0,6.93e-06,0.000705619,6.18e-05,2.89e-05,5.77e-06,2.54e-05,9.24e-06,3.01439e-05,4.04e-05,0.000230225,0.771453,0.967207,0.000119339,1.62942e-05,0.000283819,0.000353996,3.61065e-05,53.9975,0.0197172,-0.00104108,6.67601e-05,0.000175417,6.67679e-05,0.00381412,0.000460699,0.0129818,0.000460698,5.23784e-05,1.99756e-06,0.00632332,0.0134685,0.00929859,0.0140077,0.0663737,1.04578,228,10,0.994202,0.990768,0.990768,0.9927,8.85902e-08,0.000199331,0.000249911,4.02804e-08
ERF_Log_File_20250116_1328.csv,ig_zn_diff,12,emfpe,6,1,filled_square,3.6um_lp,ERF_OSA207_Spectra_20250116_1327.csv,1.4211e+09,4.94946,0.000203295,0.825388,0.00103562,34.1716,5.39584,5.9144e-05,0.012581,2,0.195702,0.00120108,5.25,0,6.35e-06,0.000289,8.31e-05,7.51e-06,0,6.93e-06,0.00074669,6.18e-05,2.89e-05,5.77e-06,2.54e-05,9.24e-06,4.43873e-05,4.04e-05,1.30317e-05,0.770092,0.967772,8.92682e-05,2.01206e-05,0.000520988,0.000653597,3.59886e-05,48.4178,0.0326788,-0.00114432,0.000106791,8.63878e-05,0.000106794,0.00542067,0.000451704,0.0142552,0.000451703,4.29816e-05,1.95854e-06,0.00700236,0.0124218,0.0080089,0.0125215,0.114108,1.04546,228,10,0.994135,0.990274,0.990274,0.9927,5.41085e-09,0.000219249,0.00027553,3.01307e-08
ERF_Log_File_20250116_1415.csv,ig_zn_diff,12,emfpe,6,1,filled_square,3.6um_lp,ERF_OSA207_Spectra_20250116_1414.csv,1.4211e+09,3.48897,0.000297744,0.802906,0.00100271,34.1717,3.01691,3.8914e-05,0.0183144,2,0.0763895,0.00061482,3,0,6.35e-06,0.000289,8.31e-05,7.51e-06,0,6.93e-06,0.000417678,6.18e-05,2.89e-05,5.77e-06,2.54e-05,9.24e-06,7.24757e-05,4.04e-05,0.622461,0.000233006,0.960242,0.808066,9.70804e-05,1.06324e-05,0.000147527,0.000127385,126.529,0.0192872,-0.000879043,2.91342e-05,3.55439e-05,2.91443e-05,0.00469803,0.000323766,0.0129704,0.000323766,5.09663e-05,1.39912e-06,0.0188348,0.00966995,0.0166017,0.0290247,0.065308,1.04526,228,10,0.994554,0.993974,0.993974,0.994069,0.000103255,2.43446e-08,0.000100327,0.000157614
ERF_Log_File_20250116_1502.csv,ig_zn_diff,12,emfpe,6,1,filled_square,3.6um_lp,ERF_OSA207_Spectra_20250116_1502.csv,1.4211e+09,3.48853,0.000271995,0.803246,0.00174585,34.1706,3.01686,3.03994e-05,0.0188448,2,0.0765826,0.000547379,3,0,6.35e-06,0.000289,8.31e-05,7.51e-06,0,6.93e-06,0.000417671,6.18e-05,2.89e-05,5.77e-06,2.54e-05,9.24e-06,7.24728e-05,4.04e-05,0.622391,0.000260566,0.960372,0.808175,0.000157285,1.26e-05,0.00024335,0.000204583,126.597,0.0319023,-0.000912253,4.50057e-05,0.000100497,4.50095e-05,0.00497423,0.000272078,0.0126076,0.000272078,3.61856e-05,1.17978e-06,0.0103964,0.0114644,0.0232924,0.017593,0.108062,1.04544,228,10,0.994554,0.993974,0.993974,0.994069,0.00010324,2.72234e-08,0.000100338,0.000157633
ERF_Log_File_20250116_1536.csv,ig_zn_diff,12,emfpe,6,1,filled_square,3.6um_lp,ERF_OSA207_Spectra_20250116_1535.csv,1.4211e+09,2.36137,0.000140224,0.87877,0.00121106,34.1718,3.53229,6.97874e-05,0.0203022,2,0.114218,0.00112018,3.5,0,6.35e-06,0.000289,8.31e-05,7.51e-06,0,6.93e-06,0.000488897,6.18e-05,2.89e-05,5.77e-06,2.54e-05,9.24e-06,9.7142e-05,4.04e-05,0.593166,0.0001975,0.962607,0.731815,0.000130626,8.71156e-06,0.000211228,0.00016155,154.355,0.0337909,-0.000899048,3.93356e-05,0.000118561,3.93393e-05,0.0045557,0.000245174,0.0122687,0.000245173,6.24931e-05,1.06302e-06,0.0159705,0.00966738,0.0158721,0.0225059,0.114513,1.04485,228,10,0.994507,0.993263,0.993263,0.993747,0.000129654,2.69878e-08,0.000131538,0.000167103
ERF_Log_File_20250116_1609.csv,ig_zn_diff,12,emfpe,6,1,filled_square,3.6um_lp,ERF_OSA207_Spectra_20250116_1609.csv,1.42111e+09,5.26292,0.000418635,0.694795,0.00149286,34.172,2.5104,1.43872e-05,0.00689729,2,0.0407164,0.000372004,2.5,0,6.35e-06,0.000289,8.31e-05,7.51e-06,0,6.93e-06,0.000346964,6.18e-05,2.89e-05,5.77e-06,2.54e-05,9.24e-06,3.4309e-05,4.04e-05,0.633686,0.000551668,0.96105,0.839115,0.000224049,1.66377e-05,0.000382319,0.000605714,84.8818,0.0229593,-0.000821597,5.30769e-05,-4.01844e-05,5.38053e-05,0.00565608,0.00362958,0.0137515,0.00362958,-0.000331386,1.55873e-05,0.0957278,0.0101879,0.156331,0.328134,0.0773197,1.03712,228,10,0.994524,0.994534,0.994534,0.994297,7.66091e-05,4.2888e-08,7.47144e-05,0.000139971
ERF_Log_File_20250116_1643.csv,ig_zn_diff,12,emfpe,6,1,filled_square,3.6um_lp,ERF_OSA207_Spectra_20250116_1642.csv,1.42111e+09,5.19725,0.000300998,0.690618,0.000634358,34.1715,2.51011,1.56624e-05,0.00671385,2,0.0409931,0.000444111,2.5,0,6.35e-06,0.000289,8.31e-05,7.51e-06,0,6.93e-06,0.000346929,6.18e-05,2.89e-05,5.77e-06,2.54e-05,9.24e-06,3.4287e-05,4.04e-05,0.632909,0.000540198,0.957725,0.834286,0.000221643,2.24346e-05,0.000332002,0.000292617,84.1148,0.0261468,-0.000753794,6.07974e-05,0.000231244,6.098e-05,0.00815327,0.00193022,0.011533,0.00193021,-6.76897e-06,8.35182e-06,0.0609642,0.0135592,0.0886959,0.0809345,0.0885596,1.04587,228,10,0.994524,0.994534,0.994534,0.994297,7.65012e-05,4.1989e-08,7.44429e-05,0.000139154
ERF_Log_File_20250116_1716.csv,ig_zn_diff,12,emfpe,6,1,filled_square,3.6um_lp,ERF_OSA207_Spectra_20250116_1716.csv,1.42111e+09,2.33362,0.000497386,0.711076,0.000923527,34.1717,2.61609,2.35461e-05,0.0126735,2,0.0481853,0.000398931,2.6,0,6.35e-06,0.000289,8.31e-05,7.51e-06,0,6.93e-06,0.000362375,6.18e-05,2.89e-05,5.77e-06,2.54e-05,9.24e-06,4.23359e-05,4.04e-05,0.632387,0.00049786,0.957777,0.838564,0.000240173,1.71924e-05,0.000385797,0.000323692,100.238,0.0316058,-0.000817059,6.17779e-05,0.000314967,6.21414e-05,-0.000360702,0.00274791,0.00769258,0.0027479,8.67386e-05,1.18685e-05,0.0950615,0.0123837,0.172475,0.132981,0.107058,1.04585,228,10,0.994539,0.994433,0.994433,0.994261,8.17585e-05,4.12503e-08,7.93567e-05,0.00014441
ERF_Log_File_20250116_1750.csv,ig_zn_diff,12,emfpe,6,1,filled_square,3.6um_lp,ERF_OSA207_Spectra_20250116_1749.csv,1.42111e+09,2.341,0.000477304,0.712277,0.000909214,34.1714,2.61613,1.71737e-05,0.0126899,2,0.0481802,0.000364925,2.6,0,6.35e-06,0.000289,8.31e-05,7.51e-06,0,6.93e-06,0.000362379,6.18e-05,2.89e-05,5.77e-06,2.54e-05,9.24e-06,4.23389e-05,4.04e-05,0.632873,0.000475097,0.958792,0.839521,0.000264179,1.80825e-05,0.000398462,0.000363431,100.43,0.0341126,-0.00083582,6.65566e-05,0.000113173,6.69659e-05,0.00802359,0.0030271,0.00102909,0.00302709,1.01767e-05,1.30724e-05,0.109393,0.0130487,0.165436,0.160842,0.115549,1.04587,228,10,0.99454,0.994433,0.994433,0.994261,8.18234e-05,3.93652e-08,7.94427e-05,0.000144577
ERF_Log_File_20250116_1823.csv,ig_zn_diff,12,emfpe,6,1,filled_square,3.6um_lp,ERF_OSA207_Spectra_20250116_1823.csv,1.42111e+09,2.339,0.000839054,0.704417,0.0016443,34.1717,2.55828,1.50199e-05,0.00959199,2,0.0451036,0.000365287,2.55,0,6.35e-06,0.000289,8.31e-05,7.51e-06,0,6.93e-06,0.000353977,6.18e-05,2.89e-05,5.77e-06,2.54e-05,9.24e-06,3.79453e-05,4.04e-05,0.633577,0.000617659,0.95911,0.836441,0.000357234,1.85296e-05,0.000492841,0.000430534,99.2517,0.0433919,-0.000807358,8.56327e-05,0.000192415,8.60705e-05,0.00499022,0.00354896,0.0179087,0.00354895,-1.50528e-05,1.53355e-05,0.159925,0.0132132,0.184132,0.159581,0.146999,1.04586,228,10,0.994532,0.99449,0.99449,0.994282,7.89479e-05,4.94284e-08,7.6753e-05,0.000141541
ERF_Log_File_20250116_1857.csv,ig_zn_diff,12,emfpe,6,1,filled_square,3.6um_lp,ERF_OSA207_Spectra_20250116_1856.csv,1.42112e+09,2.55309,0.000129171,0.832263,0.00100829,34.1712,3.22452,2.82321e-05,0.0236197,2,0.0863429,0.000477083,3.2,0,6.35e-06,0.000289,8.31e-05,7.51e-06,0,6.93e-06,0.000445666,6.18e-05,2.89e-05,5.77e-06,2.54e-05,9.24e-06,8.45342e-05,4.04e-05,0.624349,0.000329616,0.961036,0.81538,0.000139999,8.58688e-06,0.000214813,0.000183623,179.674,0.0400642,-0.000882355,4.01578e-05,4.4856e-05,4.01617e-05,0.00482733,0.000253347,0.012789,0.000253347,4.77987e-05,1.09835e-06,0.0187522,0.0111002,0.0187895,0.0338733,0.135692,1.04323,228,10,0.994541,0.9937,0.9937,0.993946,0.000116528,3.85304e-08,0.00011234,0.000169614
ERF_Log_File_20250116_1930.csv,ig_zn_diff,12,emfpe,6,1,filled_square,3.6um_lp,ERF_OSA207_Spectra_20250116_1930.csv,1.42112e+09,2.48693,0.000156854,0.815056,0.000820146,34.1707,3.13271,2.60081e-05,0.0234182,2,0.0811794,0.000505943,3.1,0,6.35e-06,0.000289,8.31e-05,7.51e-06,0,6.93e-06,0.000433237,6.18e-05,2.89e-05,5.77e-06,2.54e-05,9.24e-06,7.92019e-05,4.04e-05,0.622732,0.000208892,0.961301,0.81094,9.06957e-05,7.51784e-06,0.000139155,0.00011811,177.081,0.025484,-0.000860401,2.70318e-05,5.34978e-05,2.70373e-05,0.00565771,0.000234557,0.0124023,0.000234556,5.41468e-05,1.01698e-06,0.0180067,0.00957317,0.018623,0.0228383,0.0863582,1.04436,228,10,0.994548,0.993823,0.993823,0.994002,0.000110446,2.3252e-08,0.000107004,0.000163975
ERF_Log_File_20250121_1712.csv,sp,12,emfpe,7,1,filled_square,prism,ERF_OSA207_Spectra_20250121_1712.csv,1.42154e+09,3.81158,0.000691167,0.631799,0.00197749,34.1711,2.48293,3.45245e-05,0.0014611,2,0.0533091,0.000549092,2.5,0,6.35e-06,0.000289,8.31e-05,7.51e-06,0,6.93e-06,0.000343684,6.18e-05,2.89e-05,5.77e-06,2.54e-05,9.24e-06,4.88113e-05,4.04e-05,0.632553,0.000269536,0.957081,0.835538,0.00107531,4.31227e-05,0.00162717,0.00142128,28.6954,0.0487578,-7.08863e-05,0.000220695,-0.000247556,0.000220699,-0.00104611,0.000736294,-0.00156354,0.000736292,1.15651e-06,3.19287e-06,0.00673858,0.00889107,0.0114455,0.013691,0.165547,1.04587,228,10,0.994519,0.994558,0.994558,0.994305,7.51709e-05,2.06089e-08,7.31789e-05,0.000138245
ERF_Log_File_20250121_1743.csv,sp,12,emfpe,7,1,filled_square,prism,ERF_OSA207_Spectra_20250121_1743.csv,1.42154e+09,2.97991,0.000443765,0.633094,0.00118286,34.1708,2.39269,2.19675e-05,0.00208236,2,0.0489782,0.000374184,2.4,0,6.35e-06,0.000289,8.31e-05,7.51e-06,0,6.93e-06,0.000330835,6.18e-05,2.89e-05,5.77e-06,2.54e-05,9.24e-06,0.000129648,4.04e-05,0.633169,0.000339235,0.957487,0.839313,0.000552241,3.98383e-05,0.000834181,0.000731758,40.8507,0.0355526,0.000279326,0.000137815,-0.000253052,0.000137821,-0.00309702,0.000583838,-0.00152109,0.000583837,-7.60924e-06,2.53183e-06,0.0106075,0.011695,0.0110842,0.0126678,0.121977,1.04559,228,10,0.994499,0.994632,0.994632,0.994326,7.12461e-05,2.45573e-08,6.93126e-05,0.000135285
ERF_Log_File_20250121_1815.csv,sp,12,emfpe,7,1,filled_square,prism,ERF_OSA207_Spectra_20250121_1815.csv,1.42154e+09,2.55202,0.000266107,0.632334,0.00147572,34.1714,1.98869,0.000103603,0.00319609,2,0.0307681,0.00184202,2,0,6.35e-06,0.000289,8.31e-05,7.51e-06,0,6.93e-06,0.000275052,6.18e-05,2.89e-05,5.77e-06,2.54e-05,9.24e-06,0.000231655,4.04e-05,0.628022,0.000396612,0.952737,0.829977,0.000239746,5.95722e-06,0.000363367,0.000316758,204.885,0.0780229,3.26621e-06,6.28688e-05,-9.78387e-05,6.28719e-05,-0.00188364,0.000291056,-0.000600929,0.000291056,3.44085e-06,1.2621e-06,0.0246258,0.00876839,0.029379,0.0302771,0.264147,1.04564,228,10,0.994323,0.994813,0.994813,0.994304,6.10401e-05,2.28643e-08,5.49243e-05,0.000119753
ERF_Log_File_20250122_1032.csv,sp,12,emfpe,7,1,filled_square,prism,ERF_OSA207_Spectra_20250122_1032.csv,1.4216e+09,2.94768,0.000527872,0.630927,0.00181747,34.1719,2.39521,2.96819e-05,0.00182808,2,0.0499154,0.000460794,2.4,0,6.35e-06,0.000289,8.31e-05,7.51e-06,0,6.93e-06,0.000331123,6.18e-05,2.89e-05,5.77e-06,2.54e-05,9.24e-06,0.000127389,4.04e-05,0.633541,0.000271934,0.957989,0.83967,0.000693484,3.52839e-05,0.00104837,0.000918809,40.6004,0.0443904,0.000171899,0.000157176,-0.000240736,0.00015718,-0.00343603,0.000577565,-0.00125651,0.000577564,-1.22863e-05,2.50142e-06,0.00969014,0.0102937,0.0130053,0.0106925,0.150283,1.04574,228,10,0.9945,0.99463,0.99463,0.994326,7.13931e-05,1.97156e-08,6.94555e-05,0.00013544
ERF_Log_File_20250122_1104.csv,sp,12,emfpe,7,1,filled_square,prism,ERF_OSA207_Spectra_20250122_1104.csv,1.42161e+09,3.06024,0.000198522,0.629985,0.00062668,34.1713,2.08952,1.32509e-05,0.00313849,2,0.0345516,0.000262257,2.1,0,6.35e-06,0.000289,8.31e-05,7.51e-06,0,6.93e-06,0.000288793,6.18e-05,2.89e-05,5.77e-06,2.54e-05,9.24e-06,0.000268026,4.04e-05,0.629435,0.000713794,0.95422,0.834266,0.000529344,1.52506e-05,0.000802486,0.000701845,101.96,0.0857215,0.000175765,9.13291e-05,-0.000181793,9.13301e-05,-0.00205288,0.000274216,-0.000544317,0.000274216,5.24362e-06,1.18716e-06,0.00942671,0.0111679,0.0141451,0.0181436,0.289389,1.04523,228,10,0.994383,0.994796,0.994796,0.994332,6.19447e-05,4.33135e-08,5.79027e-05,0.000123693
ERF_Log_File_20250122_1136.csv,sp,12,emfpe,7,1,filled_square,prism,ERF_OSA207_Spectra_20250122_1136.csv,1.42161e+09,2.80887,0.000138272,0.629881,0.000373989,34.1718,1.89259,1.55858e-05,0.00308817,2,0.0272521,0.000270521,1.9,0,6.35e-06,0.000289,8.31e-05,7.51e-06,0,6.93e-06,0.000261761,6.18e-05,2.89e-05,5.77e-06,2.54e-05,9.24e-06,0.000158323,4.04e-05,0.624858,0.000221274,0.951889,0.823194,0.000161885,5.80789e-06,0.000246382,0.000213051,249.843,0.0643644,5.4825e-05,4.68358e-05,-3.77744e-05,4.68414e-05,-0.000989916,0.00031189,0.000631533,0.000311889,-1.44555e-06,1.35103e-06,0.0305071,0.0104267,0.0429264,0.0359254,0.218065,1.04575,228,10,0.994251,0.994806,0.994806,0.994258,6.12292e-05,1.22342e-08,5.26295e-05,0.000116298
ERF_Log_File_20250122_1209.csv,sp,12,emfpe,7,1,filled_square,prism,ERF_OSA207_Spectra_20250122_1209.csv,1.42161e+09,2.72264,0.000139968,0.630201,0.000417031,34.1721,1.94339,1.22066e-05,0.00308129,2,0.0291721,0.000262472,1.95,0,6.35e-06,0.000289,8.31e-05,7.51e-06,0,6.93e-06,0.000268877,6.18e-05,2.89e-05,5.77e-06,2.54e-05,9.24e-06,0.000197092,4.04e-05,0.627395,9.73286e-05,0.952426,0.82572,0.000178421,6.99063e-06,0.000270794,0.000234917,246.671,0.0700232,3.88016e-05,4.63145e-05,-4.82511e-05,4.63166e-05,-0.00127504,0.000208584,0.000213037,0.000208583,-2.42993e-06,9.03363e-07,0.0198865,0.0124236,0.0259869,0.0263691,0.237093,1.04029,228,10,0.994291,0.994813,0.994813,0.994285,6.10655e-05,5.49594e-09,5.37815e-05,0.000117881
ERF_Log_File_20250122_1241.csv,sp,12,emfpe,7,1,filled_square,prism,ERF_OSA207_Spectra_20250122_1241.csv,1.42161e+09,3.40313,0.00017901,0.299194,0.000564532,34.172,1.7949,1.54659e-05,0.00147254,2,0.0239186,0.00036884,1.8,0,6.35e-06,0.000289,8.31e-05,7.51e-06,0,6.93e-06,0.000248049,6.18e-05,2.89e-05,5.77e-06,2.54e-05,9.24e-06,8.37734e-05,4.04e-05,0.622225,6.29342e-05,0.949595,0.824432,0.00015506,9.33815e-06,0.000236162,0.000205718,170.734,0.0423971,4.05887e-05,4.25608e-05,-2.07787e-05,4.25636e-05,-0.00095543,0.000218799,-1.64099e-05,0.000218799,-7.7089e-06,9.47951e-07,0.0162042,0.0114636,0.0155924,0.0244281,0.143557,1.04451,228,10,0.994162,0.994772,0.994772,0.994187,6.26256e-05,3.36762e-09,5.08131e-05,0.000114734
ERF_Log_File_20250122_1313.csv,sp,12,emfpe,7,1,filled_square,prism,ERF_OSA207_Spectra_20250122_1313.csv,1.42161e+09,2.77625,0.000109886,0.298958,0.000559395,34.1708,1.84346,2.47538e-05,0.00150873,2,0.0260354,0.00036371,1.85,0,6.35e-06,0.000289,8.31e-05,7.51e-06,0,6.93e-06,0.000254792,6.18e-05,2.89e-05,5.77e-06,2.54e-05,9.24e-06,0.000120826,4.04e-05,0.623949,0.000217293,0.950879,0.828016,0.000196363,1.2306e-05,0.000299031,0.00026054,126.851,0.0398091,-4.61678e-08,5.34048e-05,-2.50675e-05,5.34068e-05,-0.00170256,0.000268444,0.000354364,0.000268444,-2.28587e-05,1.16309e-06,0.0133894,0.0112183,0.0174706,0.0169321,0.13483,1.04552,228,10,0.994209,0.994793,0.994793,0.994225,6.18386e-05,1.18016e-08,5.16441e-05,0.000115994
ERF_Log_File_20250122_1345.csv,sp,12,emfpe,7,1,filled_square,prism,ERF_OSA207_Spectra_20250122_1345.csv,1.42161e+09,2.85115,0.000109938,0.300453,0.000226372,34.1711,1.59581,1.91039e-05,0.00162011,2,0.0187636,0.000348946,1.6,0,6.35e-06,0.000289,8.31e-05,7.51e-06,0,6.93e-06,0.000220683,6.18e-05,2.89e-05,5.77e-06,2.54e-05,9.24e-06,5.58125e-06,4.04e-05,0.617552,0.000791503,0.94379,0.817532,0.000121023,9.29307e-06,0.000185016,0.000160349,223.27,0.0436332,4.47987e-05,3.41575e-05,-4.94861e-05,3.41601e-05,-0.000905117,0.000188149,0.000195226,0.000188149,-2.86602e-06,8.14803e-07,0.0145771,0.014914,0.023129,0.0213228,0.147903,1.04489,228,10,0.993914,0.994594,0.994594,0.993949,6.83136e-05,4.12059e-08,4.91341e-05,0.000113113
ERF_Log_File_20250122_1447.csv,sp,12,emfpe,7,1,filled_square,prism,ERF_OSA207_Spectra_20250122_1447.csv,1.42162e+09,3.36128,0.000135115,0.199888,0.000173826,34.172,1.1974,1.49611e-05,0.000777561,2,0.0107526,0.000376418,1.2,0,6.35e-06,0.000289,8.31e-05,7.51e-06,0,6.93e-06,0.000165249,6.18e-05,2.89e-05,5.77e-06,2.54e-05,9.24e-06,9.41241e-06,4.04e-05,0.595234,1.80565e-05,0.921148,0.794406,0.000122643,1.22293e-05,0.000189753,0.000163598,123.31,0.0253123,-0.00010832,3.62492e-05,5.95558e-05,3.62522e-05,-0.00156108,0.000208178,7.01576e-05,0.000208178,-8.20256e-06,9.01619e-07,0.009365,0.0108384,0.0138705,0.0114797,0.0858372,1.04533,228,10,0.992953,0.993518,0.993518,0.99283,9.0397e-05,1.00682e-09,5.13627e-05,0.000117165
ERF_Log_File_20250122_1551.csv,sp,12,emfpe,7,1,filled_square,prism,ERF_OSA207_Spectra_20250122_1551.csv,1.42162e+09,2.86623,9.8901e-05,0.199808,0.000183849,34.171,1.3956,1.63049e-05,0.000978379,2,0.0143153,0.000412826,1.4,0,6.35e-06,0.000289,8.31e-05,7.51e-06,0,6.93e-06,0.000193483,6.18e-05,2.89e-05,5.77e-06,2.54e-05,9.24e-06,6.55264e-06,4.04e-05,0.609651,6.09559e-05,0.935765,0.810761,0.00016852,1.24157e-05,0.000258634,0.000224373,138.592,0.0382223,4.81703e-05,4.70364e-05,2.44155e-05,4.70394e-05,-0.00135661,0.000238068,4.11666e-05,0.000238068,-1.32196e-05,1.03185e-06,0.011222,0.0123645,0.0168406,0.0182857,0.129957,1.04579,228,10,0.993535,0.994209,0.994209,0.993527,7.68105e-05,3.24591e-09,4.98296e-05,0.00011501
ERF_Log_File_20250123_1406.csv,sp,12,emfpe,7,1,filled_square,prism,CCS200_Spectrum_1421701631.csv,1.4217e+09,3.91314,0.000342993,0.520263,0.00100444,34.1717,1.00215,0.000126247,1.18155,1,0.0121112,3.81326e-05,1,0,6.35e-06,0.000289,8.31e-05,7.51e-06,0,6.93e-06,0.000138501,6.18e-05,2.89e-05,5.77e-06,2.54e-05,9.24e-06,1.14087e-05,4.04e-05,0.571129,3.69611e-05,0.897436,0.767177,7.95783e-05,6.1522e-06,0.000122948,0.000105504,222.899,0.0301324,-0.00020864,2.59489e-05,8.49467e-05,2.596e-05,-0.0014094,0.000315072,-0.00059169,0.000315071,-1.85966e-06,1.36581e-06,0.0306918,0.00985365,0.0318916,0.0305776,0.102013,1.04587,228,10,0.992039,0.992362,0.992362,0.991706,0.000118636,2.16698e-09,5.26155e-05,0.000116659
ERF_Log_File_20250123_1438.csv,sp,12,emfpe,7,1,filled_square,prism,CCS200_Spectrum_1421703506.csv,1.4217e+09,2.23993,0.000145392,0.59823,0.000413528,34.172,0.951007,0.000125866,1.13079,1,0.0105884,2.55868e-05,0.95,0,6.35e-06,0.000289,8.31e-05,7.51e-06,0,6.93e-06,0.000131499,6.18e-05,2.89e-05,5.77e-06,2.54e-05,9.24e-06,1.31373e-05,4.04e-05,0.56143,2.57496e-05,0.890175,0.75975,6.14851e-05,4.87575e-06,9.70516e-05,8.53704e-05,326.819,0.0352522,-0.000247507,2.06587e-05,7.35285e-05,2.06667e-05,-0.0010769,0.00023911,0.000122165,0.000239109,-1.52476e-06,1.03643e-06,0.0247175,0.0114516,0.0330665,0.055895,0.118226,1.04557,228,10,0.991715,0.991948,0.991948,0.991306,0.000130509,1.53324e-09,5.30047e-05,0.000116215
ERF_Log_File_20250123_1509.csv,sp,12,emfpe,7,1,filled_square,prism,CCS200_Spectrum_1421705385.csv,1.42171e+09,3.26021,0.00026784,0.89494,0.00093996,34.1718,0.850766,0.00012572,1.14838,1,0.00812248,1.92471e-05,0.85,0,6.35e-06,0.000289,8.31e-05,7.51e-06,0,6.93e-06,0.000117665,6.18e-05,2.89e-05,5.77e-06,2.54e-05,9.24e-06,1.59633e-05,4.04e-05,0.532527,5.67582e-05,0.882161,0.750737,7.07249e-05,6.15137e-06,0.000118566,0.000101369,234.852,0.0299515,-0.000380646,2.48216e-05,6.11593e-05,2.4851e-05,-0.00127384,0.000496329,-0.000642416,0.000496328,5.84197e-05,2.14993e-06,0.0397738,0.0105618,0.0543317,0.0482377,0.101521,1.01045,228,10,0.990929,0.990958,0.990958,0.990341,0.000160648,3.51989e-09,5.47077e-05,0.000116842
ERF_Log_File_20250123_1540.csv,sp,12,emfpe,7,1,filled_square,prism,CCS200_Spectrum_1421707263.csv,1.42171e+09,3.88978,0.00025448,0.875652,0.000856842,34.1712,0.801679,0.000125678,1.47398,1,0.00701839,1.70817e-05,0.8,0,6.35e-06,0.000289,8.31e-05,7.51e-06,0,6.93e-06,0.000110813,6.18e-05,2.89e-05,5.77e-06,2.54e-05,9.24e-06,1.9259e-05,4.04e-05,0.487952,3.37997e-05,0.885347,0.751969,5.53517e-05,7.13563e-06,8.39188e-05,7.13451e-05,249.308,0.023122,-0.000257931,1.79692e-05,6.74766e-05,1.79828e-05,-0.00122869,0.000287456,-0.000722164,0.000287455,-3.3961e-05,1.24604e-06,0.056692,0.0127848,0.0315399,0.0261204,0.0783293,1.04548,228,10,0.990453,0.99037,0.99037,0.98975,0.000170445,2.15778e-09,5.65206e-05,0.00011956
ERF_Log_File_20250123_1612.csv,sp,12,emfpe,7,1,filled_square,prism,CCS200_Spectrum_1421709142.csv,1.42171e+09,3.24636,0.000190025,0.568667,0.000765258,34.1717,0.750779,0.000125582,1.26007,1,0.00604669,1.14625e-05,0.75,0,6.35e-06,0.000289,8.31e-05,7.51e-06,0,6.93e-06,0.00010384,6.18e-05,2.89e-05,5.77e-06,2.54e-05,9.24e-06,2.08314e-05,4.04e-05,0.317194,4.72684e-05,0.891032,0.759096,7.29673e-05,7.72021e-06,0.000127138,0.000123287,235.686,0.0328192,-0.00015684,2.71465e-05,5.66799e-06,2.71872e-05,0.000107219,0.000608824,-0.00156739,0.000608823,4.58094e-05,2.63708e-06,0.0993479,0.0130853,0.0472889,0.104561,0.111169,1.04423,228,10,0.989877,0.989674,0.989674,0.989015,0.000130649,3.14174e-09,5.92233e-05,0.000126342
ERF_Log_File_20250123_1643.csv,sp,12,emfpe,7,1,filled_square,prism,CCS200_Spectrum_1421711020.csv,1.42171e+09,2.53332,9.12954e-05,0.420952,8.37341e-05,34.1716,0.700567,0.000125555,1.5557,1,0.00538949,9.36228e-06,0.7,0,6.35e-06,0.000289,8.31e-05,7.51e-06,0,6.93e-06,9.68725e-05,6.18e-05,2.89e-05,5.77e-06,2.54e-05,9.24e-06,2.41769e-05,4.04e-05,0.0237116,4.4416e-05,0.899893,0.759528,5.37726e-06,7.01391e-06,0.000101977,8.66814e-05,222.057,0.0248059,-8.3248e-05,2.15781e-05,-8.328e-05,2.15912e-05,-0.00076082,0.00030988,-0.000502547,0.000309879,7.60295e-07,1.34308e-06,0.00746525,0.0111914,0.0272752,0.027883,0.0840068,1.04587,228,10,0.989207,0.988889,0.988889,0.988111,1.16357e-05,3.11511e-09,6.31139e-05,0.000137562
ERF_Log_File_20250123_1714.csv,sp,12,emfpe,7,1,filled_square,prism,CCS200_Spectrum_1421712899.csv,1.42171e+09,2.46005,0.000163394,0.621493,0.000887382,34.1711,0.651239,0.000125547,1.66963,1,0.00547503,8.65794e-06,0.65,0,6.35e-06,0.000289,8.31e-05,7.51e-06,0,6.93e-06,9.01091e-05,6.18e-05,2.89e-05,5.77e-06,2.54e-05,9.24e-06,2.73338e-05,4.04e-05,2.1208e-05,1.79188e-05,0.907337,0.762236,4.59865e-06,7.40348e-06,9.96556e-05,8.36189e-05,236.779,0.0255675,-3.1241e-05,2.08421e-05,-1.44237e-05,2.08542e-05,-0.000830746,0.000292404,-0.000679835,0.000292403,2.9011e-05,1.26729e-06,0.00782473,0.0125965,0.0309475,0.0246175,0.0866132,1.04587,228,10,0.988429,0.988008,0.988008,0.986947,1.25154e-08,1.34818e-09,6.82664e-05,0.000157877
ERF_Log_File_20250123_1746.csv,sp,12,emfpe,7,1,filled_square,prism,CCS200_Spectrum_1421714777.csv,1.42172e+09,2.29719,0.000234178,0.912018,0.00648421,34.171,0.599815,0.000125511,1.34839,1,0.00366597,4.03468e-06,0.6,0,6.35e-06,0.000289,8.31e-05,7.51e-06,0,6.93e-06,8.30047e-05,6.18e-05,2.89e-05,5.77e-06,2.54e-05,9.24e-06,3.07638e-05,4.04e-05,2.53317e-06,-1.65911e-05,0.912337,0.762465,7.71324e-06,1.28954e-05,0.000149155,0.000125125,118.183,0.0191857,7.76575e-05,3.08847e-05,-3.95624e-05,3.08941e-05,-0.000551026,0.000317079,0.000110469,0.000317079,-5.88136e-06,1.37474e-06,0.00654999,0.0109508,0.0149321,0.0153262,0.0649836,1.04587,228,10,0.988407,0.986958,0.986958,0.98523,1.50205e-09,-1.37355e-09,7.55311e-05,0.000192118
ERF_Log_File_20250123_1817.csv,sp,12,emfpe,7,1,filled_square,prism,CCS200_Spectrum_1421716656.csv,1.42172e+09,2.61712,0.000213565,0.896564,0.000639694,34.1719,0.549677,0.000125504,2.02194,1,0.00293066,2.44305e-06,0.55,0,6.35e-06,0.000289,8.31e-05,7.51e-06,0,6.93e-06,7.60006e-05,6.18e-05,2.89e-05,5.77e-06,2.54e-05,9.24e-06,3.79258e-05,4.04e-05,7.64321e-06,7.43569e-05,0.912948,0.759483,7.18147e-06,1.16584e-05,9.36307e-05,7.87868e-05,152.877,0.0155159,0.000235953,1.95434e-05,-0.000105079,1.95533e-05,-0.000193277,0.000256335,0.000484867,0.000256335,3.10822e-06,1.11112e-06,0.00790879,0.0128391,0.0149139,0.0177809,0.047182,1.04062,228,10,0.988407,0.985786,0.985786,0.98266,4.53205e-09,6.92933e-09,8.50778e-05,0.000241246
ERF_Log_File_20250123_1848.csv,sp,12,emfpe,7,1,filled_square,prism,CCS200_Spectrum_1421718534.csv,1.42172e+09,3.85881,0.000515922,0.774989,0.0316462,34.1718,0.520582,0.000125577,1.28029,1,0.00304483,1.0751e-05,0.525,0,6.35e-06,0.000289,8.31e-05,7.51e-06,0,6.93e-06,7.20242e-05,6.18e-05,2.89e-05,5.77e-06,2.54e-05,9.24e-06,4.1799e-05,4.04e-05,2.87862e-05,3.48043e-05,0.911645,0.755307,2.3833e-05,2.95307e-05,0.000584527,0.000485139,48.0801,0.0307926,0.00034575,0.000109023,-0.000144916,0.000109029,-0.00206319,0.000548616,0.00155655,0.000548615,6.85936e-06,2.37868e-06,0.00823399,0.0102024,0.0096341,0.0126229,0.104438,1.04587,228,10,0.988407,0.985032,0.985032,0.980483,1.70688e-08,3.51631e-09,9.21043e-05,0.000276719
ERF_Log_File_20250123_1919.csv,sp,12,emfpe,7,1,filled_square,prism,CCS200_Spectrum_1421720413.csv,1.42172e+09,3.71732,0.000305343,0.654477,0.00120965,34.1711,0.474521,0.000125545,1.03056,1,0.00342062,8.29031e-06,0.475,0,6.35e-06,0.000289,8.31e-05,7.51e-06,0,6.93e-06,6.56192e-05,6.18e-05,2.89e-05,5.77e-06,2.54e-05,9.24e-06,4.92359e-05,4.04e-05,2.92991e-05,2.26849e-05,0.907562,0.742471,8.55049e-06,1.65537e-05,0.000155127,0.000127794,105.72,0.0179503,0.00041815,3.23512e-05,-0.000102087,3.23614e-05,0.000337148,0.000340358,0.000951762,0.000340357,-1.99935e-06,1.47547e-06,0.00649988,0.0125837,0.0136171,0.015726,0.0584523,1.04441,228,10,0.988407,0.983717,0.983717,0.975296,1.73729e-08,2.65401e-09,0.00010618,0.000345449
ERF_Log_File_20250123_1951.csv,sp,12,emfpe,7,1,filled_square,prism,CCS200_Spectrum_1421722291.csv,1.42172e+09,2.74962,0.000147323,0.385834,0.000528936,34.1713,0.424882,0.000125529,1.24565,1,0.0027815,6.6078e-06,0.425,0,6.35e-06,0.000289,8.31e-05,7.51e-06,0,6.93e-06,5.87945e-05,6.18e-05,2.89e-05,5.77e-06,2.54e-05,9.24e-06,5.93967e-05,4.04e-05,4.76127e-06,4.79768e-05,0.896281,0.718962,9.15086e-06,1.83102e-05,0.000304791,0.000244541,95.3138,0.032335,-0.00040857,6.02946e-05,4.23142e-05,6.02999e-05,-0.00119246,0.000356285,-0.00183964,0.000356285,6.91927e-06,1.5448e-06,0.00626953,0.0125447,0.0144266,0.0119142,0.105327,1.04515,228,10,0.988407,0.982121,0.982121,0.965626,2.8232e-09,6.74947e-09,0.00012609,0.000481736
ERF_Log_File_20250123_2022.csv,sp,12,emfpe,7,1,filled_square,prism,CCS200_Spectrum_1421724170.csv,1.42173e+09,4.8588,0.000229369,0.310758,0.000307388,34.1704,0.40048,0.000125525,1.17409,1,0.00248714,6.13622e-06,0.4,0,6.35e-06,0.000289,8.31e-05,7.51e-06,0,6.93e-06,5.54182e-05,6.18e-05,2.89e-05,5.77e-06,2.54e-05,9.24e-06,6.51927e-05,4.04e-05,2.19154e-05,4.82575e-05,0.869611,0.686947,1.01643e-05,1.51726e-05,0.000315086,0.000249424,98.9641,0.0358133,-0.000496166,6.22865e-05,0.000168969,6.22906e-05,-0.000749509,0.000324675,-0.00086925,0.000324674,-1.07615e-05,1.40794e-06,0.00722829,0.0107901,0.0111122,0.0143384,0.119603,1.0457,228,10,0.988407,0.981267,0.981267,0.958346,1.29947e-08,7.51245e-09,0.000135376,0.000615023
ERF_Log_File_20250124_0939.csv,sp,12,emfpe,7,1,filled_square,prism,CCS200_Spectrum_1421771968.csv,1.42177e+09,2.55107,0.00020197,0.272438,0.00101334,34.1741,0.350076,0.000125523,1.05365,1,0.00211842,5.88966e-06,0.35,0,6.35e-06,0.000289,8.31e-05,7.51e-06,0,6.93e-06,4.8361e-05,6.18e-05,2.89e-05,5.77e-06,2.54e-05,9.24e-06,8.3063e-05,4.04e-05,-2.35681e-05,-2.64291e-06,0.354119,0.247808,1.20873e-05,2.38377e-05,0.00010168,7.35943e-05,66.0635,0.0185262,-6.18739e-05,5.45869e-05,-4.69198e-05,5.46529e-05,0.00280916,0.00110088,0.00239707,0.00110088,4.35269e-05,4.7695e-06,0.00573862,0.0113163,0.0103329,0.0113806,0.0627702,1.04587,228,10,0.988407,0.979365,0.979365,0.934589,-1.39747e-08,-5.20248e-10,6.97071e-05,0.000493359
ERF_Log_File_20250124_1012.csv,sp,12,emfpe,7,1,filled_square,prism,CCS200_Spectrum_1421773967.csv,1.42177e+09,2.5091,0.000130502,0.271815,0.000486572,34.173,0.350079,0.000125524,1.03909,1,0.00212012,5.94971e-06,0.35,0,6.35e-06,0.000289,8.31e-05,7.51e-06,0,6.93e-06,4.83614e-05,6.18e-05,2.89e-05,5.77e-06,2.54e-05,9.24e-06,8.3064e-05,4.04e-05,3.42764e-05,-6.56628e-06,0.354522,0.248098,1.16309e-05,1.85458e-05,0.000316814,0.000222781,64.9529,0.0579416,2.921e-05,0.000160233,-0.000374928,0.000160249,0.00198743,0.000997037,0.00125019,0.000997035,4.5378e-05,4.32247e-06,0.00542914,0.00865619,0.00874822,0.0118165,0.19698,1.04585,228,10,0.988407,0.979365,0.979365,0.93459,2.03243e-08,-1.29253e-09,6.97854e-05,0.000493914
ERF_Log_File_20250124_1043.csv,sp,12,emfpe,7,1,filled_square,prism,CCS200_Spectrum_1421775846.csv,1.42178e+09,4.29976,0.00169577,0.292379,0.00176327,34.1724,0.374969,0.00012552,1.20007,1,0.00228804,5.39953e-06,0.375,0,6.35e-06,0.000289,8.31e-05,7.51e-06,0,6.93e-06,5.18025e-05,6.18e-05,2.89e-05,5.77e-06,2.54e-05,9.24e-06,9.26593e-05,4.04e-05,-1.30371e-05,4.19942e-05,0.704023,0.539216,7.06261e-06,1.51367e-05,0.000150177,0.000115815,110.112,0.0223632,-0.000406327,3.96473e-05,0.000120417,3.97228e-05,-0.00176742,0.001002,-0.000346752,0.001002,3.24907e-05,4.33907e-06,0.00558857,0.0119768,0.036252,0.0292938,0.0757465,1.04587,228,10,0.988407,0.980326,0.980326,0.948091,-7.73039e-09,7.32768e-09,0.000122847,0.000706284
ERF_Log_File_20250124_1115.csv,sp,12,emfpe,7,1,filled_square,prism,CCS200_Spectrum_1421777749.csv,1.42178e+09,5.39523,0.00265956,0.380322,0.00511902,34.1728,0.320487,0.000125784,1.01938,1,0.00211952,2.06046e-05,0.32,0,6.35e-06,0.000289,8.31e-05,7.51e-06,0,6.93e-06,4.4265e-05,6.18e-05,2.89e-05,5.77e-06,2.54e-05,9.24e-06,9.37865e-05,4.04e-05,-2.49436e-05,-6.23966e-06,0.0104058,0.00803642,3.33265e-05,5.7788e-05,5.01411e-05,6.13257e-05,27.3872,0.0197493,0.000339864,0.000146214,8.16721e-05,0.000197739,-0.171027,0.0854184,0.031889,0.0854154,0.000244616,0.000234978,0.00656368,0.0113758,0.00969437,0.0120143,0.066857,1.04578,228,10,0.988407,0.978175,0.978175,0.912426,-1.47903e-08,-1.43713e-09,2.39669e-06,2.6874e-05
ERF_Log_File_20250124_1147.csv,sp,12,emfpe,7,1,filled_square,prism,CCS200_Spectrum_1421779668.csv,1.42178e+09,2.27457,0.000161667,0.644686,0.00158193,34.1725,0.299623,0.000128179,0.446161,1,0.00185848,6.3328e-05,0.3,0,6.35e-06,0.000289,8.31e-05,7.51e-06,0,6.93e-06,4.14714e-05,6.18e-05,2.89e-05,5.77e-06,2.54e-05,9.24e-06,0.000123406,4.04e-05,-1.63698e-05,-6.50695e-05,0.00906075,0.00652314,3.21912e-05,4.67823e-05,4.20928e-05,5.55319e-05,28.8282,0.0269532,0.00094186,0.000188223,-1.2507e-05,0.000242174,0.0718689,0.0848182,0.183079,0.0848206,-4.67527e-05,0.000268962,0.0066678,0.00969101,0.00852989,0.0113998,0.0904895,1.0458,228,10,0.988407,0.977316,0.977316,0.891608,-9.70648e-09,-1.69188e-08,2.3559e-06,3.1384e-05
ERF_Log_File_20250124_1218.csv,sp,12,emfpe,7,1,filled_square,prism,CCS200_Spectrum_1421781546.csv,1.42178e+09,4.00154,0.000240453,0.770095,0.000908932,34.1712,0.479368,0.000125522,1.30577,1,0.0034778,5.8273e-06,0.48,0,6.35e-06,0.000289,8.31e-05,7.51e-06,0,6.93e-06,6.63577e-05,6.18e-05,2.89e-05,5.77e-06,2.54e-05,9.24e-06,4.83593e-05,4.04e-05,-1.19061e-06,3.64429e-05,0.90781,0.740409,8.49066e-06,1.37818e-05,0.000228176,0.000186958,111.611,0.0279418,0.000538785,4.68436e-05,-0.000193873,4.68526e-05,-0.000350695,0.00039026,0.00155043,0.00039026,3.17759e-05,1.69193e-06,0.00681008,0.0110533,0.0162508,0.0193194,0.0943212,1.04585,228,10,0.988407,0.983862,0.983862,0.975975,-7.05975e-10,4.19372e-09,0.000104468,0.000335274
ERF_Log_File_20250127_0956.csv,sp,12,emfpe,7,1,filled_square,prism,ERF_OSA207_Spectra_20250127_0956.csv,1.42203e+09,3.63817,0.000138635,0.31033,0.000161163,34.173,1.24926,9.31273e-06,0.00138598,2,0.0114628,0.000233791,1.25,0,6.35e-06,0.000289,8.31e-05,7.51e-06,0,6.93e-06,0.000172459,6.18e-05,2.89e-05,5.77e-06,2.54e-05,9.24e-06,8.67999e-06,4.04e-05,0.599744,1.67248e-05,0.92595,0.799854,6.44313e-05,6.72896e-06,9.91869e-05,8.67835e-05,232.959,0.0246661,-6.68369e-05,2.02468e-05,4.33858e-05,2.02541e-05,-0.000888183,0.000227121,-8.39766e-05,0.00022712,3.46354e-05,9.84606e-07,0.0183195,0.0112672,0.0250563,0.0310004,0.0835073,1.04531,228,10,0.993131,0.993737,0.993737,0.993047,8.59439e-05,9.20717e-10,5.09744e-05,0.000116771
ERF_Log_File_20250127_1028.csv,sp,12,emfpe,7,1,filled_square,prism,ERF_OSA207_Spectra_20250127_1028.csv,1.42204e+09,4.21766,0.000189264,0.314558,0.000258065,34.1721,1.29707,8.2481e-06,0.00146085,2,0.0125649,0.00021376,1.3,0,6.35e-06,0.000289,8.31e-05,7.51e-06,0,6.93e-06,0.000179485,6.18e-05,2.89e-05,5.77e-06,2.54e-05,9.24e-06,7.98498e-06,4.04e-05,0.603625,1.53738e-05,0.930054,0.80115,0.000106061,6.41646e-06,0.000163099,0.000140586,237.99,0.0416327,-6.0463e-05,3.05894e-05,2.54269e-06,3.05917e-05,-0.00136945,0.000168786,0.00022284,0.000168786,6.55107e-07,7.3183e-07,0.0169572,0.010974,0.0193435,0.0186806,0.141094,1.04562,228,10,0.993278,0.993913,0.993913,0.993224,8.25354e-05,8.36639e-10,5.06133e-05,0.000115837
ERF_Log_File_20250127_1100.csv,sp,12,emfpe,7,1,filled_square,prism,ERF_OSA207_Spectra_20250127_1100.csv,1.42204e+09,4.74204,0.000164751,0.319856,0.000300356,34.1723,1.39732,1.28527e-05,0.00164699,2,0.0143693,0.000261298,1.4,0,6.35e-06,0.000289,8.31e-05,7.51e-06,0,6.93e-06,0.000193705,6.18e-05,2.89e-05,5.77e-06,2.54e-05,9.24e-06,6.52772e-06,4.04e-05,0.609753,2.92717e-05,0.936034,0.809652,0.000113898,5.45072e-06,0.000174563,0.000150601,229.482,0.0425702,-1.52601e-05,3.33318e-05,1.39215e-05,3.33353e-05,-0.00139452,0.000207761,0.000408587,0.000207761,-6.94831e-06,9.00846e-07,0.0220218,0.00898917,0.0294837,0.0177586,0.144623,1.04557,228,10,0.993539,0.994214,0.994214,0.993532,7.67243e-05,1.5582e-09,4.98272e-05,0.000114817
ERF_Log_File_20250127_1132.csv,sp,12,emfpe,7,1,filled_square,prism,ERF_OSA207_Spectra_20250127_1132.csv,1.42204e+09,5.21565,0.000154632,0.319381,0.000209041,34.1719,1.42151,1.12961e-05,0.0015263,2,0.0148233,0.000313123,1.425,0,6.35e-06,0.000289,8.31e-05,7.51e-06,0,6.93e-06,0.000196987,6.18e-05,2.89e-05,5.77e-06,2.54e-05,9.24e-06,6.38905e-06,4.04e-05,0.610844,6.76199e-05,0.937134,0.807599,0.000147102,7.45888e-06,0.000225383,0.000194432,242.143,0.0581349,8.12287e-06,4.06654e-05,-2.30347e-05,4.06678e-05,-0.00114448,0.000201589,0.000136125,0.000201588,2.80071e-06,8.74096e-07,0.0207074,0.0130046,0.0229213,0.0237523,0.197399,1.04157,228,10,0.993593,0.994274,0.994274,0.993595,7.55092e-05,3.58307e-09,4.96572e-05,0.000114044
ERF_Log_File_20250127_1204.csv,sp,12,emfpe,7,1,filled_square,prism,ERF_OSA207_Spectra_20250127_1204.csv,1.42204e+09,2.23008,9.99743e-05,0.320013,0.00017127,34.1714,1.4454,1.09542e-05,0.0014938,2,0.0153912,0.000247305,1.45,0,6.35e-06,0.000289,8.31e-05,7.51e-06,0,6.93e-06,0.000200267,6.18e-05,2.89e-05,5.77e-06,2.54e-05,9.24e-06,6.27832e-06,4.04e-05,0.612168,9.42099e-05,0.938593,0.810101,9.11038e-05,5.76093e-06,0.000139372,0.000120291,245.03,0.036179,6.09387e-05,2.72493e-05,-2.336e-05,2.72534e-05,-0.00128269,0.000201083,2.6231e-05,0.000201083,-1.2635e-06,8.71769e-07,0.0201287,0.0101455,0.0259561,0.0218878,0.122648,1.04536,228,10,0.993645,0.994329,0.994329,0.993654,7.44083e-05,4.97138e-09,4.95288e-05,0.000113952
ERF_Log_File_20250127_1236.csv,sp,12,emfpe,7,1,filled_square,prism,ERF_OSA207_Spectra_20250127_1236.csv,1.42204e+09,2.35436,9.82027e-05,0.320542,0.000266209,34.1713,1.46754,1.30158e-05,0.00145332,2,0.0159563,0.000247756,1.475,0,6.35e-06,0.000289,8.31e-05,7.51e-06,0,6.93e-06,0.000203379,6.18e-05,2.89e-05,5.77e-06,2.54e-05,9.24e-06,6.17571e-06,4.04e-05,0.613137,5.63924e-05,0.939368,0.813987,9.36597e-05,5.84698e-06,0.000143249,0.000124288,248.144,0.0377271,2.31163e-05,2.71118e-05,-5.42025e-06,2.71144e-05,-0.0013397,0.000162724,0.000627981,0.000162724,9.61401e-06,7.05628e-07,0.016138,0.0104266,0.0196626,0.0201579,0.128105,1.04565,228,10,0.99369,0.994377,0.994377,0.993705,7.34101e-05,2.96556e-09,4.93994e-05,0.000114118
ERF_Log_File_20250127_1308.csv,sp,12,emfpe,7,1,filled_square,prism,ERF_OSA207_Spectra_20250127_1307.csv,1.42204e+09,2.55383,0.000103727,0.319567,0.000138031,34.1717,1.49281,1.2712e-05,0.00149639,2,0.0163048,0.000289746,1.5,0,6.35e-06,0.000289,8.31e-05,7.51e-06,0,6.93e-06,0.000206939,6.18e-05,2.89e-05,5.77e-06,2.54e-05,9.24e-06,6.05862e-06,4.04e-05,0.614503,7.04984e-05,0.940793,0.817273,0.000126142,5.24456e-06,0.000193545,0.000167799,253.388,0.0519112,-2.47255e-05,3.48647e-05,-1.40191e-05,3.48668e-05,-0.0013451,0.000175289,0.000180692,0.000175289,2.45891e-06,7.59932e-07,0.0143241,0.0095496,0.0320625,0.0197426,0.175911,1.04572,228,10,0.993739,0.994428,0.994428,0.99376,7.23595e-05,3.6948e-09,4.93067e-05,0.000114186
ERF_Log_File_20250127_1340.csv,sp,12,emfpe,7,1,filled_square,prism,ERF_OSA207_Spectra_20250127_1339.csv,1.42205e+09,4.72766,0.000190621,0.387631,0.000640504,34.1715,1.09968,8.46295e-06,0.00118077,2,0.00921065,0.000207614,1.1,0,6.35e-06,0.000289,8.31e-05,7.51e-06,0,6.93e-06,0.000152325,6.18e-05,2.89e-05,5.77e-06,2.54e-05,9.24e-06,1.00311e-05,4.04e-05,0.584393,3.19823e-05,0.910809,0.785566,5.91399e-05,6.37402e-06,9.20973e-05,7.96254e-05,225.508,0.0225501,-0.000148989,1.89943e-05,7.45356e-05,1.89998e-05,-0.00159934,0.000190306,-0.000202298,0.000190306,3.27705e-06,8.24929e-07,0.0148981,0.0103359,0.0219636,0.0204634,0.076111,1.04435,228,10,0.992551,0.993014,0.993014,0.992336,0.000101627,1.82738e-09,5.20411e-05,0.00011787
ERF_Log_File_20250127_1412.csv,sp,12,emfpe,7,1,filled_square,prism,ERF_OSA207_Spectra_20250127_1411.csv,1.42205e+09,3.02924,0.000163534,0.356193,0.000431338,34.1719,1.13225,7.54831e-06,0.00139344,2,0.00958037,0.000182406,1.133,0,6.35e-06,0.000289,8.31e-05,7.51e-06,0,6.93e-06,0.000156863,6.18e-05,2.89e-05,5.77e-06,2.54e-05,9.24e-06,9.82319e-06,4.04e-05,0.587901,3.95126e-05,0.914721,0.783494,6.67128e-05,6.17225e-06,0.00010378,8.91192e-05,266.081,0.029883,-0.000148872,2.12617e-05,-7.80373e-07,2.12672e-05,-0.00126985,0.000203107,-0.000195377,0.000203107,4.81028e-06,8.80382e-07,0.0179946,0.0118011,0.0281572,0.0267115,0.100982,1.04584,228,10,0.992695,0.993197,0.993197,0.992514,9.73064e-05,2.23923e-09,5.18385e-05,0.000116932
ERF_Log_File_20250127_1443.csv,sp,12,emfpe,7,1,filled_square,prism,ERF_OSA207_Spectra_20250127_1443.csv,1.42205e+09,2.91969,0.000125113,0.330755,0.000217426,34.1704,1.16568,8.07334e-06,0.00136674,2,0.0101293,0.000212589,1.166,0,6.35e-06,0.000289,8.31e-05,7.51e-06,0,6.93e-06,0.000161645,6.18e-05,2.89e-05,5.77e-06,2.54e-05,9.24e-06,9.61239e-06,4.04e-05,0.591455,3.27872e-05,0.918357,0.79282,7.91705e-05,6.95726e-06,0.000123089,0.000106639,232.543,0.0308885,-8.78024e-05,2.49976e-05,2.64968e-05,2.50032e-05,-0.00117413,0.000221645,0.000135002,0.000221644,5.50194e-06,9.6097e-07,0.0161837,0.0116256,0.0273828,0.0277264,0.104632,1.04581,228,10,0.992832,0.993369,0.993369,0.992682,9.34774e-05,1.84266e-09,5.16122e-05,0.000117627
ERF_Log_File_20250127_1515.csv,sp,12,emfpe,7,1,filled_square,prism,ERF_OSA207_Spectra_20250127_1515.csv,1.42205e+09,2.95758,0.000128768,0.307138,0.000384458,34.1713,1.19936,1.02734e-05,0.00129052,2,0.0107138,0.000221501,1.2,0,6.35e-06,0.000289,8.31e-05,7.51e-06,0,6.93e-06,0.000165472,6.18e-05,2.89e-05,5.77e-06,2.54e-05,9.24e-06,9.40004e-06,4.04e-05,0.595827,4.14228e-05,0.921894,0.793593,7.62196e-05,6.57029e-06,0.000118087,0.000102073,215.753,0.0274047,-0.000104672,2.38465e-05,1.15458e-05,2.38515e-05,-0.000976586,0.000205787,-7.37845e-05,0.000205786,2.64475e-06,8.9216e-07,0.0138307,0.010186,0.023607,0.0246432,0.0927643,1.04586,228,10,0.99296,0.993527,0.993527,0.992838,9.02751e-05,2.30859e-09,5.13792e-05,0.000117001
ERF_Log_File_20250127_1547.csv,sp,12,emfpe,7,1,filled_square,prism,ERF_OSA207_Spectra_20250127_1547.csv,1.42205e+09,2.25439,0.000219052,0.482096,0.000551231,34.1713,1.02936,2.63929e-05,0.000735439,2,0.0109228,0.000265455,1.025,0,6.35e-06,0.000289,8.31e-05,7.51e-06,0,6.93e-06,0.000142105,6.18e-05,2.89e-05,5.77e-06,2.54e-05,9.24e-06,1.10243e-05,4.04e-05,0.575114,2.93547e-05,0.901961,0.777473,7.06171e-05,1.25939e-05,0.000110925,9.70709e-05,129.985,0.0156004,-0.000178878,2.32069e-05,3.79063e-05,2.3222e-05,-0.000715703,0.000344956,0.000387521,0.000344956,4.43351e-06,1.49506e-06,0.0137381,0.011763,0.0225744,0.0247812,0.0527133,1.04584,228,10,0.992195,0.992561,0.992561,0.991897,0.000113146,1.70814e-09,5.24849e-05,0.000117829
ERF_Log_File_20250127_1619.csv,sp,12,emfpe,7,1,filled_square,prism,ERF_OSA207_Spectra_20250127_1619.csv,1.42206e+09,3.75066,0.000253559,0.40934,0.00111723,34.1719,1.07199,8.75971e-06,0.00110084,2,0.00887719,0.000220413,1.075,0,6.35e-06,0.000289,8.31e-05,7.51e-06,0,6.93e-06,0.000148409,6.18e-05,2.89e-05,5.77e-06,2.54e-05,9.24e-06,1.04221e-05,4.04e-05,0.580506,2.50139e-05,0.907269,0.777401,0.000128495,8.33762e-06,0.00020173,0.000172329,191.127,0.0422164,-0.000229845,3.87992e-05,6.99682e-05,3.88023e-05,-0.000501076,0.000217962,0.000152372,0.000217962,-1.42023e-06,9.44887e-07,0.0114416,0.0114558,0.0315742,0.0196849,0.13816,1.04488,228,10,0.992418,0.992845,0.992845,0.992172,0.000105677,1.43934e-09,5.22057e-05,0.000117134
ERF_Log_File_20250128_1025.csv,sp,12,emfpe,7,1,filled_square,prism,ERF_OSA207_Spectra_20250128_1025.csv,1.42212e+09,2.86743,0.000148384,0.320051,0.00035045,34.1735,1.17983,7.71427e-06,0.001304,2,0.0104966,0.000202994,1.18,0,6.35e-06,0.000289,8.31e-05,7.51e-06,0,6.93e-06,0.000163245,6.18e-05,2.89e-05,5.77e-06,2.54e-05,9.24e-06,9.52315e-06,4.04e-05,0.593051,3.90935e-05,0.91974,0.794607,3.98774e-05,6.32936e-06,6.15088e-05,5.35041e-05,219.882,0.0142941,-8.26104e-05,1.25984e-05,2.80523e-05,1.26081e-05,-0.000890578,0.000203529,0.000247467,0.000203529,1.15767e-05,8.81854e-07,0.0159317,0.0100003,0.0227601,0.0217611,0.0484139,1.04587,228,10,0.992887,0.993437,0.993437,0.992749,9.20347e-05,2.18935e-09,5.15082e-05,0.000117584
ERF_Log_File_20250128_1129.csv,sp,12,emfpe,7,1,filled_square,prism,ERF_OSA207_Spectra_20250128_1129.csv,1.42213e+09,3.68685,0.000130428,0.310458,0.000192715,34.1725,1.24828,8.93486e-06,0.001409,2,0.0115164,0.000189837,1.25,0,6.35e-06,0.000289,8.31e-05,7.51e-06,0,6.93e-06,0.000172342,6.18e-05,2.89e-05,5.77e-06,2.54e-05,9.24e-06,8.69424e-06,4.04e-05,0.599922,3.1835e-05,0.926295,0.800038,8.40733e-05,6.1572e-06,0.000129751,0.000112426,236.5,0.0329909,-8.918e-05,2.53994e-05,2.28176e-06,2.54025e-05,-0.00108601,0.000170731,1.39554e-05,0.00017073,6.70798e-07,7.40211e-07,0.0140264,0.0104758,0.0195505,0.0224052,0.112345,1.0434,228,10,0.993128,0.993733,0.993733,0.993043,8.60576e-05,1.75297e-09,5.10056e-05,0.000116821
ERF_Log_File_20250128_1201.csv,sp,12,emfpe,7,1,filled_square,prism,ERF_OSA207_Spectra_20250128_1201.csv,1.42213e+09,5.00627,0.000460735,0.317569,0.000482921,34.173,1.34596,8.82801e-06,0.00167545,2,0.0132594,0.000236875,1.35,0,6.35e-06,0.000289,8.31e-05,7.51e-06,0,6.93e-06,0.000185646,6.18e-05,2.89e-05,5.77e-06,2.54e-05,9.24e-06,7.27425e-06,4.04e-05,0.60677,2.96572e-05,0.932806,0.806404,9.17792e-05,5.47753e-06,0.00014055,0.000121505,255.197,0.0382237,4.78162e-07,2.7784e-05,-2.71087e-06,2.77886e-05,-0.000844405,0.000213679,0.000835793,0.000213678,6.25964e-06,9.26418e-07,0.0232837,0.0100444,0.0279642,0.023867,0.129917,1.04586,228,10,0.993412,0.994071,0.994071,0.993384,7.94966e-05,1.59589e-09,5.01953e-05,0.000115467
ERF_Log_File_20250128_1233.csv,sp,12,emfpe,7,1,filled_square,prism,ERF_OSA207_Spectra_20250128_1233.csv,1.42213e+09,4.65491,0.00024132,0.317672,0.000231372,34.1715,1.37226,1.02056e-05,0.00165284,2,0.0137282,0.000242876,1.375,0,6.35e-06,0.000289,8.31e-05,7.51e-06,0,6.93e-06,0.000190388,6.18e-05,2.89e-05,5.77e-06,2.54e-05,9.24e-06,6.89195e-06,4.04e-05,0.608371,1.93737e-05,0.934652,0.809729,9.75391e-05,6.25935e-06,0.000150201,0.000129748,231.867,0.0368704,1.54967e-05,2.9823e-05,-1.23969e-05,2.98291e-05,-0.0015356,0.000254543,0.000276704,0.000254542,-5.98068e-07,1.10353e-06,0.0206909,0.0104299,0.0360088,0.0260774,0.124891,1.04561,228,10,0.993479,0.994147,0.994147,0.993462,7.80348e-05,1.03659e-09,5.00087e-05,0.000115359
ERF_Log_File_20250128_1305.csv,sp,12,emfpe,7,1,filled_square,prism,ERF_OSA207_Spectra_20250128_1305.csv,1.42213e+09,3.6327,0.000196634,0.356108,0.000221075,34.1716,1.69511,1.05127e-05,0.00204981,2,0.0215745,0.000260069,1.7,0,6.35e-06,0.000289,8.31e-05,7.51e-06,0,6.93e-06,0.000234744,6.18e-05,2.89e-05,5.77e-06,2.54e-05,9.24e-06,1.10673e-05,4.04e-05,0.619162,3.70091e-05,0.947346,0.817087,0.000180297,7.0346e-06,0.000275596,0.000237896,215.23,0.0625404,5.44438e-05,4.66357e-05,-8.86628e-05,4.66376e-05,-0.00134861,0.000202803,-0.000191913,0.000202802,5.34702e-06,8.79353e-07,0.0183712,0.0108843,0.0203396,0.0226656,0.213458,1.04492,228,10,0.994051,0.994704,0.994704,0.994086,6.50036e-05,1.93967e-09,4.96509e-05,0.00011288
ERF_Log_File_20250128_1336.csv,sp,12,emfpe,7,1,filled_square,prism,ERF_OSA207_Spectra_20250128_1336.csv,1.42213e+09,4.09483,0.000129925,0.377472,0.000155002,34.1714,1.74142,1.17065e-05,0.0019823,2,0.0228541,0.000290167,1.75,0,6.35e-06,0.000289,8.31e-05,7.51e-06,0,6.93e-06,0.00024074,6.18e-05,2.89e-05,5.77e-06,2.54e-05,9.24e-06,4.29568e-05,4.04e-05,0.620515,6.49812e-05,0.948449,0.817843,0.000143612,6.62905e-06,0.000219251,0.000189287,223.199,0.0515306,3.32803e-05,3.78749e-05,-2.86905e-05,3.78767e-05,-0.0012307,0.00017273,0.000271695,0.000172729,-8.01963e-08,7.4888e-07,0.0160527,0.0106324,0.0177408,0.0210432,0.174797,1.04573,228,10,0.994105,0.99474,0.99474,0.994137,6.37841e-05,3.43279e-09,5.01041e-05,0.000113248
ERF_Log_File_20250128_1437.csv,sp,12,emfpe,7,1,filled_square,prism,ERF_OSA207_Spectra_20250128_1437.csv,1.42214e+09,2.40084,0.000188296,0.60206,0.00104834,34.1713,1.19992,5.06836e-06,0.00259874,2,0.0110022,0.00012676,1.2,0,6.35e-06,0.000289,8.31e-05,7.51e-06,0,6.93e-06,0.000165535,6.18e-05,2.89e-05,5.77e-06,2.54e-05,9.24e-06,9.39652e-06,4.04e-05,0.595804,1.2461e-05,0.921879,0.791939,5.09157e-05,3.77518e-06,7.80778e-05,6.77269e-05,443.11,0.036961,-8.63231e-05,1.6052e-05,2.72932e-05,1.60598e-05,-0.00112816,0.000207186,-0.000265115,0.000207185,-5.01695e-06,8.98026e-07,0.0354896,0.0120253,0.042637,0.0466221,0.12545,1.04496,228,10,0.992962,0.99353,0.99353,0.992841,9.02114e-05,6.94385e-10,5.13713e-05,0.000116745
ERF_Log_File_20250128_1511.csv,sp,12,emfpe,7,1,filled_square,prism,ERF_OSA207_Spectra_20250128_1510.csv,1.42214e+09,2.87242,0.000130919,0.148342,0.000723248,34.1704,1.19968,1.814e-05,0.000611139,2,0.0104831,0.000412861,1.2,0,6.35e-06,0.000289,8.31e-05,7.51e-06,0,6.93e-06,0.000165507,6.18e-05,2.89e-05,5.77e-06,2.54e-05,9.24e-06,9.39804e-06,4.04e-05,0.595956,3.7244e-05,0.922296,0.795153,0.000141628,1.44565e-05,0.000218972,0.000188814,103.951,0.0246019,1.2009e-05,4.18189e-05,-6.51342e-06,4.18224e-05,-0.000980649,0.000240801,-0.000103552,0.000240801,-3.65764e-06,1.04403e-06,0.00949459,0.0107981,0.0129792,0.0113345,0.0833621,1.04587,228,10,0.992961,0.993529,0.993529,0.99284,9.02604e-05,2.07553e-09,5.13976e-05,0.000117224
ERF_Log_File_20250128_1614.csv,sp,12,emfpe,7,1,filled_square,prism,ERF_OSA207_Spectra_20250128_1614.csv,1.42214e+09,2.91879,0.000144407,0.149913,0.000197091,34.1703,1.19966,1.61843e-05,0.000617543,2,0.0104143,0.000367038,1.2,0,6.35e-06,0.000289,8.31e-05,7.51e-06,0,6.93e-06,0.000165506,6.18e-05,2.89e-05,5.77e-06,2.54e-05,9.24e-06,9.39814e-06,4.04e-05,0.59598,3.46391e-05,0.922341,0.795188,9.1112e-05,1.56367e-05,0.000141352,0.00012329,105.659,0.0160295,-7.29162e-05,2.8712e-05,0.000159166,2.87195e-05,-0.00091535,0.00027311,-0.000507241,0.00027311,2.35764e-07,1.18392e-06,0.00843683,0.0118891,0.0152734,0.0192973,0.0490975,1.0428,228,10,0.992961,0.993529,0.993529,0.99284,9.02658e-05,1.93037e-09,5.14003e-05,0.000117229
ERF_Log_File_20250128_1646.csv,sp,12,emfpe,7,1,filled_square,prism,ERF_OSA207_Spectra_20250128_1646.csv,1.42214e+09,2.42277,0.000143016,0.60447,0.00207366,34.1713,1.19989,5.3209e-06,0.0026362,2,0.0110389,0.00012177,1.2,0,6.35e-06,0.000289,8.31e-05,7.51e-06,0,6.93e-06,0.000165532,6.18e-05,2.89e-05,5.77e-06,2.54e-05,9.24e-06,9.39669e-06,4.04e-05,0.595564,5.52307e-06,0.92156,0.791689,6.20424e-05,3.31428e-06,9.51561e-05,8.22427e-05,447.631,0.0459591,-7.72534e-05,1.93036e-05,-5.27137e-07,1.93078e-05,-0.00156007,0.00016929,0.000165288,0.000169289,2.38101e-06,7.34007e-07,0.0342058,0.0106676,0.032092,0.0394105,0.155835,1.04443,228,10,0.992962,0.99353,0.99353,0.992841,9.01779e-05,3.07772e-10,5.13539e-05,0.000116708
ERF_Log_File_20250128_1720.csv,sp,12,emfpe,7,1,filled_square,prism,ERF_OSA207_Spectra_20250128_1720.csv,1.42215e+09,3.21707,0.000173316,0.802829,0.00156704,34.1713,1.2,5.2875e-06,0.00342304,2,0.0111043,0.000116926,1.2,0,6.35e-06,0.000289,8.31e-05,7.51e-06,0,6.93e-06,0.000165544,6.18e-05,2.89e-05,5.77e-06,2.54e-05,9.24e-06,9.39597e-06,4.04e-05,0.595244,1.20723e-05,0.920833,0.790649,5.20141e-05,2.41824e-06,8.19482e-05,6.88179e-05,601.834,0.0516809,-0.000108909,1.64941e-05,2.36568e-05,1.65014e-05,-0.00102722,0.000203275,0.000236206,0.000203275,4.41568e-06,8.81318e-07,0.0414023,0.0104588,0.0930237,0.0473352,0.174972,1.04564,228,10,0.992962,0.99353,0.99353,0.992841,9.01175e-05,6.72709e-10,5.13119e-05,0.000116552
ERF_Log_File_20250128_1847.csv,sp,12,emfpe,7,1,filled_square,prism,ERF_OSA207_Spectra_20250128_1847.csv,1.42215e+09,2.83997,0.00014348,0.707869,0.00376611,34.1715,1.19993,4.00708e-06,0.00306311,2,0.0110656,0.000102384,1.2,0,6.35e-06,0.000289,8.31e-05,7.51e-06,0,6.93e-06,0.000165537,6.18e-05,2.89e-05,5.77e-06,2.54e-05,9.24e-06,9.39642e-06,4.04e-05,0.59555,3.30502e-06,0.921496,0.791346,4.45377e-05,2.7335e-06,6.78373e-05,5.86946e-05,527.918,0.0382167,-7.49246e-05,1.39592e-05,1.09847e-05,1.39668e-05,-0.00118373,0.000190287,0.000304636,0.000190287,-3.78302e-06,8.24872e-07,0.0425795,0.0103705,0.0462368,0.0476999,0.129461,1.0456,228,10,0.992962,0.99353,0.99353,0.992841,9.01712e-05,1.8417e-10,5.13497e-05,0.000116657
ERF_Log_File_20250128_1920.csv,sp,12,emfpe,7,1,filled_square,prism,ERF_OSA207_Spectra_20250128_1920.csv,1.42215e+09,3.90613,0.00019458,0.397126,0.00107452,34.1712,1.19983,6.65993e-06,0.00171568,2,0.0108686,0.000176797,1.2,0,6.35e-06,0.000289,8.31e-05,7.51e-06,0,6.93e-06,0.000165525,6.18e-05,2.89e-05,5.77e-06,2.54e-05,9.24e-06,9.39705e-06,4.04e-05,0.595813,2.09191e-05,0.921952,0.792993,6.47614e-05,6.00479e-06,9.94275e-05,8.57228e-05,285.842,0.0305444,-5.58971e-05,2.02819e-05,-4.06553e-06,2.02876e-05,-0.00113532,0.000200913,0.000378991,0.000200912,1.19312e-05,8.70959e-07,0.0257881,0.0123913,0.0266782,0.0250224,0.104069,1.03615,228,10,0.992962,0.993529,0.993529,0.992841,9.02218e-05,1.16573e-09,5.13764e-05,0.000116902
ERF_Log_File_20250128_1958.csv,sp,12,emfpe,7,1,filled_square,prism,ERF_OSA207_Spectra_20250128_1958.csv,1.42216e+09,3.89131,0.000169399,0.199268,0.000285129,34.1712,1.19974,1.26941e-05,0.000830448,2,0.0105889,0.000331974,1.2,0,6.35e-06,0.000289,8.31e-05,7.51e-06,0,6.93e-06,0.000165514,6.18e-05,2.89e-05,5.77e-06,2.54e-05,9.24e-06,9.39765e-06,4.04e-05,0.59624,4.23463e-05,0.92247,0.794883,0.000135844,1.24956e-05,0.000210155,0.000181384,141.125,0.0320624,-7.28281e-05,3.97681e-05,4.61253e-05,3.97712e-05,-0.000898472,0.000220319,0.000492744,0.000220319,4.48179e-06,9.55245e-07,0.0102279,0.0126716,0.0157409,0.017018,0.108632,1.04583,228,10,0.992961,0.993529,0.993529,0.99284,9.02968e-05,2.35983e-09,5.14065e-05,0.000117183
ERF_Log_File_20250130_1658.csv,sp,12,emfpe,7,1,filled_square,prism,ERF_OSA207_Spectra_20250130_1658.csv,1.42232e+09,2.98344,0.000154031,0.305548,0.000864123,34.1715,1.19985,1.04345e-05,0.00130283,2,0.0106891,0.000268413,1.2,0,6.35e-06,0.000289,8.31e-05,7.51e-06,0,6.93e-06,0.000165527,6.18e-05,2.89e-05,5.77e-06,2.54e-05,9.24e-06,9.39697e-06,4.04e-05,0.595885,4.20865e-05,0.922182,0.793671,7.28143e-05,6.74685e-06,0.000112776,9.7542e-05,217.441,0.026413,-6.65846e-05,2.26289e-05,1.09631e-05,2.26329e-05,-0.000786498,0.00018069,4.01911e-06,0.000180692,6.60795e-06,7.83352e-07,0.0120897,0.0105421,0.0203861,0.0230744,0.089489,1.04577,228,10,0.992962,0.993529,0.993529,0.992841,9.02313e-05,2.34529e-09,5.13891e-05,0.000117001
ERF_Log_File_20250131_0944.csv,sp,12,emfpe,7,1,filled_square,prism,CCS200_Spectrum_1422377082.csv,1.42238e+09,3.22411,0.000166118,0.898162,0.000705688,34.1737,0.56968,0.000125509,1.35289,1,0.00312545,3.75321e-06,0.57,0,6.35e-06,0.000289,8.31e-05,7.51e-06,0,6.93e-06,7.8814e-05,6.18e-05,2.89e-05,5.77e-06,2.54e-05,9.24e-06,3.50704e-05,4.04e-05,-6.75387e-06,7.8827e-06,0.911583,0.762744,6.2364e-06,8.38773e-06,0.00114375,9.74171e-05,178.839,0.0223985,0.000228887,2.43937e-05,-4.6082e-05,2.44257e-05,-0.000967003,0.000511701,0.000432191,0.0005117,2.98899e-06,2.21665e-06,0.00801419,0.0107787,1.46242,0.0236515,0.0758104,1.04586,228,10,0.988407,0.986273,0.986273,0.98383,-4.00472e-09,6.9851e-10,8.07781e-05,0.000220209
ERF_Log_File_20250212_1505.csv,ig_zn_diff,12,emfpe,8,1,filled_square,2.4um_lp,ERF_OSA207_Spectra_20250212_1505.csv,1.42343e+09,5.21746,0.000374208,0.690353,0.00054158,34.171,2.51414,1.30406e-05,0.0106482,2,0.0394451,0.000288779,2.5,0,6.35e-06,0.000289,8.31e-05,7.51e-06,0,6.93e-06,0.000347414,6.18e-05,2.89e-05,5.77e-06,2.54e-05,9.24e-06,3.45929e-05,4.04e-05,0.63228,0.000642181,0.957959,0.834756,0.000158444,1.54143e-05,0.000241132,0.00020516,86.5274,0.0167574,-0.000890701,3.7962e-05,7.8304e-06,3.82422e-05,0.00143854,0.00190396,0.0102771,0.00190396,-1.91082e-05,8.16339e-06,0.0617943,0.00958354,0.0956698,0.07747,0.0566717,1.04581,228,10,0.994525,0.99453,0.99453,0.994296,7.66185e-05,5.00381e-08,7.46431e-05,0.0001394
ERF_Log_File_20250212_1539.csv,ig_zn_diff,12,emfpe,8,1,filled_square,2.4um_lp,ERF_OSA207_Spectra_20250212_1539.csv,1.42344e+09,2.30438,0.000670234,0.742784,0.0010511,34.171,2.76844,1.31086e-05,0.017301,2,0.057412,0.000283761,2.75,0,6.35e-06,0.000289,8.31e-05,7.51e-06,0,6.93e-06,0.000383295,6.18e-05,2.89e-05,5.77e-06,2.54e-05,9.24e-06,5.39072e-05,4.04e-05,0.631936,0.000511506,0.960082,0.835238,0.000310745,1.76383e-05,0.000439307,0.000404432,89.1093,0.034958,-0.00081581,7.68482e-05,-2.92059e-06,7.72543e-05,0.00745487,0.00325788,0.0200912,0.00325787,4.36146e-05,1.39896e-05,0.119774,0.0112946,0.143721,0.149769,0.117933,1.04568,228,10,0.994552,0.994272,0.994272,0.994197,9.0031e-05,4.6385e-08,8.70632e-05,0.00015076
ERF_Log_File_20250212_1613.csv,ig_zn_diff,12,emfpe,8,1,filled_square,2.4um_lp,ERF_OSA207_Spectra_20250212_1613.csv,1.42344e+09,3.67726,0.000235104,0.801342,0.000627882,34.1709,3.02511,2.73652e-05,0.0157366,2,0.0769402,0.000521058,3,0,6.35e-06,0.000289,8.31e-05,7.51e-06,0,6.93e-06,0.000418864,6.18e-05,2.89e-05,5.77e-06,2.54e-05,9.24e-06,7.29521e-05,4.04e-05,0.622598,0.000299244,0.961048,0.808709,0.000166258,9.5056e-06,0.000255897,0.000215832,134.716,0.0358065,-0.000844945,4.62031e-05,0.000103229,4.62061e-05,0.00198163,0.000249324,0.0130478,0.000249324,1.84864e-05,1.0751e-06,0.0155939,0.00920288,0.0147033,0.0185813,0.121678,1.04551,228,10,0.994553,0.993963,0.993963,0.994064,0.000103778,3.14074e-08,0.000100867,0.000158144
ERF_Log_File_20250212_1647.csv,ig_zn_diff,12,emfpe,8,1,filled_square,2.4um_lp,ERF_OSA207_Spectra_20250212_1646.csv,1.42344e+09,2.65541,0.000109564,0.839551,0.000537497,34.1713,3.28638,0.000239631,0.0169756,2,0.0819498,0.00368306,3.25,0,6.35e-06,0.000289,8.31e-05,7.51e-06,0,6.93e-06,0.000454967,6.18e-05,2.89e-05,5.77e-06,2.54e-05,9.24e-06,8.81267e-05,4.04e-05,0.626441,0.000266487,0.962355,0.817575,0.000145047,6.64116e-06,0.000222349,0.000189778,186.533,0.0430319,-0.000836354,3.97949e-05,6.26672e-05,3.97973e-05,0.0021403,0.000208992,0.0125455,0.000208991,4.32097e-05,9.014e-07,0.016734,0.00890335,0.0162332,0.0278287,0.146822,1.04542,228,10,0.994536,0.993615,0.993615,0.993907,0.000120883,3.21755e-08,0.000116194,0.000173328
ERF_Log_File_20250212_1721.csv,ig_zn_diff,12,emfpe,8,1,filled_square,2.4um_lp,ERF_OSA207_Spectra_20250212_1720.csv,1.42344e+09,2.51139,0.000128506,0.884165,0.00125553,34.1718,3.54736,0.000697671,0.0130378,2,0.102717,0.00579566,3.5,0,6.35e-06,0.000289,8.31e-05,7.51e-06,0,6.93e-06,0.000491034,6.18e-05,2.89e-05,5.77e-06,2.54e-05,9.24e-06,9.55596e-05,4.04e-05,0.589674,0.000239139,0.963561,0.721996,0.000137126,9.36622e-06,0.000223635,0.000168719,164.932,0.0381367,-0.000935044,4.23881e-05,2.59017e-05,4.23933e-05,0.00274672,0.000297847,0.0130576,0.000297847,-3.20054e-05,1.2847e-06,0.017004,0.0110998,0.0227812,0.0288553,0.129138,1.04581,228,10,0.994505,0.993241,0.993241,0.993736,0.000129826,3.29183e-08,0.000132638,0.0001656
ERF_Log_File_20250212_1819.csv,ig_zn_diff,12,emfpe,8,1,filled_square,3.6um_lp,ERF_OSA207_Spectra_20250212_1818.csv,1.42345e+09,4.80903,0.000277424,0.883374,0.00201752,34.1721,3.85601,0.000818499,0.0137419,2,0.125943,0.00936531,3.8,0,6.35e-06,0.000289,8.31e-05,7.51e-06,0,6.93e-06,0.000533345,6.18e-05,2.89e-05,5.77e-06,2.54e-05,9.24e-06,6.31381e-05,4.04e-05,0.497312,0.00035158,0.965937,0.515632,0.000357626,2.47143e-05,0.000694057,0.00037161,58.4152,0.0419531,-0.00102617,0.000103587,0.000258086,0.000103589,0.00247001,0.000382115,0.0139458,0.000382114,5.67218e-05,1.64795e-06,0.00752216,0.0103742,0.00898633,0.0129859,0.141999,1.04577,228,10,0.994457,0.992777,0.992777,0.993523,0.000125795,5.59117e-08,0.000153613,0.000129368
ERF_Log_File_20250212_1904.csv,ig_zn_diff,12,emfpe,8,1,filled_square,3.6um_lp,ERF_OSA207_Spectra_20250212_1904.csv,1.42345e+09,4.88666,0.000323082,0.883728,0.00194451,34.1712,4.06529,5.82474e-05,0.0114521,2,0.119193,0.000917884,4,0,6.35e-06,0.000289,8.31e-05,7.51e-06,0,6.93e-06,0.000562297,6.18e-05,2.89e-05,5.77e-06,2.54e-05,9.24e-06,5.47523e-05,4.04e-05,0.439283,0.000571939,0.965784,0.404247,0.000221479,2.68173e-05,0.000486422,0.000219806,58.1511,0.0292366,-0.000801158,8.81022e-05,9.41725e-05,8.81084e-05,0.00229634,0.000490167,0.0127712,0.000490167,7.78025e-05,2.11449e-06,0.00690555,0.0112188,0.0117146,0.0352829,0.100463,1.04343,228,10,0.994419,0.992452,0.992452,0.993375,0.000120947,9.97006e-08,0.000168356,0.000107535
ERF_Log_File_20250212_1938.csv,ig_zn_diff,12,emfpe,8,1,filled_square,3.6um_lp,ERF_OSA207_Spectra_20250212_1937.csv,1.42345e+09,4.13825,0.000437139,0.871913,0.00216927,34.171,4.3202,0.000129626,0.011284,2,0.173527,0.000860317,4.25,0,6.35e-06,0.000289,8.31e-05,7.51e-06,0,6.93e-06,0.000597699,6.18e-05,2.89e-05,5.77e-06,2.54e-05,9.24e-06,8.10642e-05,4.04e-05,0.254743,0.00168836,0.967168,0.146905,0.00040595,6.66205e-05,0.00153737,0.000243089,26.8209,0.0426022,-0.000800627,0.000258261,0.000280448,0.000258271,0.000513129,0.00115424,0.0127478,0.00115424,-3.222e-05,4.98388e-06,0.0062592,0.0128285,0.0113064,0.0131279,0.144297,1.04587,228,10,0.99437,0.992047,0.992047,0.993192,7.70797e-05,3.2714e-07,0.0001874,4.18568e-05
ERF_Log_File_20250212_2011.csv,ig_zn_diff,12,emfpe,8,1,filled_square,3.6um_lp,ERF_OSA207_Spectra_20250212_2011.csv,1.42345e+09,2.20341,0.000132735,0.857289,0.00230088,34.1716,4.54252,3.98645e-05,0.0128846,2,0.145913,0.000718875,4.5,0,6.35e-06,0.000289,8.31e-05,7.51e-06,0,6.93e-06,0.000627947,6.18e-05,2.89e-05,5.77e-06,2.54e-05,9.24e-06,9.33037e-05,4.04e-05,0.204256,0.00872788,0.967521,0.0893059,0.000117249,1.93603e-05,0.000552695,5.84637e-05,62.0176,0.0354017,-0.000965184,9.39798e-05,7.49917e-05,9.39835e-05,0.00157058,0.000432193,0.0125082,0.000432193,4.84302e-06,1.86359e-06,0.00548935,0.008337,0.0093501,0.0127516,0.120035,1.04586,228,10,0.994324,0.991687,0.991687,0.993031,6.66364e-05,1.84523e-06,0.000204551,2.69532e-05
ERF_Log_File_20250212_2045.csv,ig_zn_diff,12,emfpe,8,1,filled_square,3.6um_lp,ERF_OSA207_Spectra_20250212_2045.csv,1.42345e+09,5.32117,0.000232508,0.856451,0.00187783,34.1709,5.11688,5.30605e-05,0.0115471,2,0.175564,0.000983542,5,0,6.35e-06,0.000289,8.31e-05,7.51e-06,0,6.93e-06,0.000708036,6.18e-05,2.89e-05,5.77e-06,2.54e-05,9.24e-06,3.09427e-05,4.04e-05,0.000167663,0.774542,0.967501,0.000196421,1.46738e-05,0.000375644,0.000468675,2.90373e-05,54.6873,0.0264508,-0.0010374,8.40869e-05,0.000152343,8.40921e-05,0.000708943,0.000453925,0.0134174,0.000453924,2.62176e-05,1.95813e-06,0.00576762,0.0109774,0.0100413,0.0114116,0.0897534,1.04548,228,10,0.994198,0.990741,0.990741,0.9927,6.48043e-08,0.000201253,0.00025139,6.62979e-08
ERF_Log_File_20250212_2119.csv,ig_zn_diff,12,emfpe,8,1,filled_square,3.6um_lp,ERF_OSA207_Spectra_20250212_2118.csv,1.42346e+09,4.15645,0.000199058,0.799058,0.0010577,34.1714,5.59487,7.49717e-05,0.0145052,2,0.198708,0.00139178,5.5,0,6.35e-06,0.000289,8.31e-05,7.51e-06,0,6.93e-06,0.000774363,6.18e-05,2.89e-05,5.77e-06,2.54e-05,9.24e-06,5.39797e-05,4.04e-05,0.000214842,0.718567,0.967475,0.000161882,2.28656e-05,0.000555018,0.000746551,3.79294e-05,40.5172,0.0312298,-0.000822467,0.00012938,1.99995e-06,0.000129386,0.00216197,0.000625148,0.01275,0.000625147,1.20596e-05,2.69962e-06,0.00665715,0.0104579,0.0102655,0.0110423,0.105785,1.04585,228,10,0.99409,0.989939,0.989939,0.9927,9.35437e-08,0.000217693,0.0002931,5.464e-08
ERF_Log_File_20250212_2152.csv,ig_zn_diff,12,emfpe,8,1,filled_square,3.6um_lp,ERF_OSA207_Spectra_20250212_2152.csv,1.42346e+09,3.55477,0.000222689,0.752047,0.00128704,34.1713,6.22449,9.49468e-05,0.0124422,2,0.21283,0.00196227,6,0,6.35e-06,0.000289,8.31e-05,7.51e-06,0,6.93e-06,0.000860424,6.18e-05,2.89e-05,5.77e-06,2.54e-05,9.24e-06,7.53609e-05,4.04e-05,0.000592492,0.592129,0.968213,0.000533985,2.73079e-05,0.000625509,0.00102093,4.47284e-05,31.7694,0.0334783,-0.00127228,0.00016657,-0.000275138,0.000166574,0.00108216,0.000703245,0.0141313,0.000703244,2.62709e-05,3.03377e-06,0.00623278,0.00997425,0.00818382,0.0102092,0.114249,1.04583,228,10,0.993998,0.988873,0.988873,0.9927,2.81913e-07,0.000215096,0.000351711,1.80236e-07
ERF_Log_File_20250213_0901.csv,ig_zn_diff,12,emfpe,8,1,filled_square,3.6um_lp,ERF_OSA207_Spectra_20250213_0901.csv,1.4235e+09,3.52257,0.000190519,0.746565,0.00175451,34.173,6.22412,0.000102725,0.0123208,2,0.210924,0.00206127,6,0,6.35e-06,0.000289,8.31e-05,7.51e-06,0,6.93e-06,0.000860368,6.18e-05,2.89e-05,5.77e-06,2.54e-05,9.24e-06,7.53578e-05,4.04e-05,0.000576117,0.59247,0.968831,0.000549145,2.79435e-05,0.000438804,0.000714384,4.8241e-05,31.2975,0.0230409,-0.00110754,0.000131153,2.63746e-05,0.000131163,0.00181186,0.000783494,0.0125256,0.000783492,7.4296e-06,3.38012e-06,0.00628362,0.0107951,0.00903725,0.0108483,0.0780033,1.04586,228,10,0.993998,0.988874,0.988874,0.9927,2.74122e-07,0.000215198,0.0003519,1.85353e-07
ERF_Log_File_20250213_0935.csv,ig_zn_diff,12,emfpe,8,1,filled_square,3.6um_lp,ERF_OSA207_Spectra_20250213_0934.csv,1.4235e+09,2.92003,0.000267513,0.802617,0.00293908,34.1719,6.77262,0.000150084,0.0136137,2,0.269709,0.00201696,6.5,0,6.35e-06,0.000289,8.31e-05,7.51e-06,0,6.93e-06,0.000936721,6.18e-05,2.89e-05,5.77e-06,2.54e-05,9.24e-06,7.98916e-05,4.04e-05,0.000993564,0.640308,0.966064,0.00103028,2.85322e-05,0.000397864,0.000596848,6.56311e-05,26.0533,0.0160243,-0.00122809,0.000115781,-3.02948e-05,0.000115804,0.000820892,0.00102952,0.0158552,0.00102952,1.73282e-05,4.44121e-06,0.00534051,0.0105821,0.0105016,0.0122854,0.0542843,1.04586,228,10,0.993998,0.987939,0.987939,0.9927,4.72747e-07,0.000268082,0.000404468,3.47752e-07
ERF_Log_File_20250213_1008.csv,ig_zn_diff,12,emfpe,8,1,filled_square,3.6um_lp,ERF_OSA207_Spectra_20250213_1008.csv,1.4235e+09,4.35475,0.000193615,0.849539,0.00138306,34.1728,7.44086,0.000138374,0.00891276,2,0.335161,0.00214477,7,0,6.35e-06,0.000289,8.31e-05,7.51e-06,0,6.93e-06,0.00102884,6.18e-05,2.89e-05,5.77e-06,2.54e-05,9.24e-06,7.21927e-05,4.04e-05,7.03006e-05,0.548211,0.967412,-8.7003e-06,2.50317e-05,0.0003251,0.000570241,4.53558e-05,36.0602,0.0212094,-0.00139446,0.000107326,-2.95978e-05,0.000107337,0.000317581,0.000731281,0.0155489,0.00073128,4.20788e-05,3.15497e-06,0.00650313,0.010863,0.00998118,0.0117803,0.0555936,1.04063,228,10,0.993998,0.986796,0.986796,0.9927,3.34496e-08,0.000268368,0.000473581,-2.93661e-09
ERF_Log_File_20250213_1042.csv,ig_zn_diff,12,emfpe,8,1,filled_square,3.6um_lp,ERF_OSA207_Spectra_20250213_1041.csv,1.4235e+09,4.43327,0.000239845,0.850441,0.00188727,34.1708,7.92403,0.000224785,0.00765499,2,0.391485,0.002289,7.5,0,6.35e-06,0.000289,8.31e-05,7.51e-06,0,6.93e-06,0.0010963,6.18e-05,2.89e-05,5.77e-06,2.54e-05,9.24e-06,6.16954e-05,4.04e-05,7.28822e-05,0.545491,0.967341,-6.78266e-05,2.9183e-05,0.000377584,0.000667711,4.20413e-05,34.7238,0.0239399,-0.00191023,0.000118893,0.00017147,0.000118897,0.00220324,0.000623673,0.0131671,0.000623671,-5.02176e-05,2.69059e-06,0.00728366,0.00845156,0.0080892,0.0104961,0.0771924,1.04491,228,10,0.993998,0.985968,0.985968,0.9927,3.4678e-08,0.000296095,0.000525078,-2.28935e-08
ERF_Log_File_20250213_1228.csv,ig_zn_diff,12,emfpe,8,1,filled_square,7.3um_lp,ERF_OSA207_Spectra_20250213_1227.csv,1.42351e+09,3.63696,0.000257684,0.856814,0.000881139,34.1713,8.62954,0.000192717,0.00617538,2,0.457423,0.00252274,8,0,6.35e-06,0.000289,8.31e-05,7.51e-06,0,6.93e-06,0.00119319,6.18e-05,2.89e-05,5.77e-06,2.54e-05,9.24e-06,6.08387e-05,4.04e-05,7.57144e-05,0.569501,0.967423,0.000182517,2.66954e-05,0.000564916,0.000954969,5.0189e-05,27.8631,0.0274879,-0.00161007,0.000158088,0.000130214,0.000158091,-0.00024855,0.000685249,0.0153519,0.000685247,5.16416e-05,2.95902e-06,0.00534875,0.0119029,0.00650493,0.0100529,0.0939332,1.04461,228,10,0.993998,0.984758,0.984758,0.9927,3.60256e-08,0.000355009,0.000603061,6.16048e-08
ERF_Log_File_20250213_1301.csv,ig_zn_diff,12,emfpe,8,1,filled_square,7.3um_lp,ERF_OSA207_Spectra_20250213_1301.csv,1.42351e+09,3.37164,0.000288027,0.865019,0.00385716,34.1716,9.10583,0.00196687,0.00722783,2,0.501848,0.020213,8.5,0,6.35e-06,0.000289,8.31e-05,7.51e-06,0,6.93e-06,0.00125919,6.18e-05,2.89e-05,5.77e-06,2.54e-05,9.24e-06,5.67188e-05,4.04e-05,0.000103843,0.561919,0.969498,9.88869e-05,3.58605e-05,0.000945276,0.00162789,6.87784e-05,25.4802,0.0427676,-0.0020179,0.000243998,0.000353821,0.000243997,0.000390674,0.000908487,0.0169915,0.000908485,0.000139725,3.91878e-06,0.00659323,0.0120148,0.00782782,0.012635,0.144762,1.03798,228,10,0.993998,0.983942,0.983942,0.9927,4.94092e-08,0.00038181,0.00065875,3.33773e-08
ERF_Log_File_20250213_1335.csv,ig_zn_diff,12,emfpe,8,1,filled_square,7.3um_lp,ERF_OSA207_Spectra_20250213_1335.csv,1.42352e+09,3.06765,0.000348111,0.856417,0.00336251,34.1714,9.68043,0.000430927,0.00766164,2,0.598477,0.00458169,9,0,6.35e-06,0.000289,8.31e-05,7.51e-06,0,6.93e-06,0.00133881,6.18e-05,2.89e-05,5.77e-06,2.54e-05,9.24e-06,3.18147e-05,4.04e-05,3.98681e-05,0.582714,0.97384,0.00019207,4.54582e-05,0.00113612,0.00189606,7.99018e-05,22.804,0.0443875,-0.001312,0.000259215,-0.000285972,0.000259218,0.000624682,0.000882625,0.0148628,0.000882623,-0.000155784,3.80781e-06,0.00744793,0.0107884,0.00708506,0.0131033,0.150984,1.04512,228,10,0.993998,0.982957,0.982957,0.9927,1.89696e-08,0.000436361,0.000729252,6.48294e-08
ERF_Log_File_20250213_1409.csv,ig_zn_diff,12,emfpe,8,1,filled_square,7.3um_lp,ERF_OSA207_Spectra_20250213_1408.csv,1.42352e+09,5.47206,0.000387511,0.865235,0.00226866,34.1715,10.724,0.000712562,0.00871011,2,0.789237,0.00601593,10,0,6.35e-06,0.000289,8.31e-05,7.51e-06,0,6.93e-06,0.00148459,6.18e-05,2.89e-05,5.77e-06,2.54e-05,9.24e-06,9.57985e-05,4.04e-05,9.25509e-05,0.636008,0.968104,9.49768e-05,3.99431e-05,0.00109199,0.00165985,7.76741e-05,22.2831,0.03818,-0.00160537,0.000271408,6.34849e-05,0.000271412,-0.000194983,0.00115036,0.0144241,0.00115036,5.62011e-05,4.96163e-06,0.00639676,0.0112597,0.00961553,0.0124351,0.129842,1.0458,228,10,0.993998,0.981171,0.981171,0.9927,4.40365e-08,0.000559117,0.000851063,3.20575e-08
ERF_Log_File_20250213_1652.csv,ig_zn_diff,12,emfpe,8,1,filled_square,7.3um_lp,ERF_OSA207_Spectra_20250213_1652.csv,1.42353e+09,3.50081,0.000380407,0.873294,0.00362807,34.1708,11.6407,0.000693669,0.00882486,2,0.949193,0.00685939,11,11.9314,6.35e-06,0.000289,8.31e-05,7.51e-06,0,6.93e-06,0.00161502,6.18e-05,2.89e-05,5.77e-06,2.54e-05,9.24e-06,0.000106257,4.04e-05,-5.04748e-05,0.630472,0.974962,0.000121812,5.55685e-05,0.00160699,0.00248313,0.000102525,18.0407,0.0459144,-0.002108,0.000401543,0.000472479,0.000401542,0.000287943,0.00168925,0.0207436,0.00168925,0.000539014,7.28739e-06,0.00721778,0.0115995,0.0120282,0.0132742,0.155831,1.0451,228,10,0.993998,0.979604,0.979604,0.9927,-2.40164e-08,0.000628962,0.000972628,4.11152e-08
ERF_Log_File_20250213_1735.csv,ig_zn_diff,12,emfpe,8,1,filled_square,7.3um_lp,ERF_OSA207_Spectra_20250213_1735.csv,1.42353e+09,3.29461,0.000561681,0.876863,0.00237451,34.1712,12.5384,0.000519171,0.0104659,2,1.09481,0.0039667,12,12.8487,6.35e-06,0.000289,8.31e-05,7.51e-06,0,6.93e-06,0.00173,6.18e-05,2.89e-05,5.77e-06,2.54e-05,9.24e-06,0.000249173,4.04e-05,-5.01849e-05,0.646127,0.976146,0.000148336,6.54844e-05,0.00134078,0.00201646,0.000125626,13.1183,0.0270672,-0.00239536,0.000358218,0.00121149,0.000358227,-0.00108063,0.00192358,0.0168001,0.00192357,0.00011123,8.29934e-06,0.00617473,0.0134505,0.00914823,0.0118378,0.0915502,1.04586,228,10,0.993998,0.978073,0.978073,0.9927,-2.38784e-08,0.000721689,0.0010903,5.00677e-08
ERF_Log_File_20250213_1814.csv,ig_zn_diff,12,emfpe,8,1,filled_square,7.3um_lp,ERF_OSA207_Spectra_20250213_1814.csv,1.42353e+09,3.30067,0.000602023,0.877982,0.00219034,34.1715,12.5405,0.000568619,0.0105255,2,1.09405,0.00431494,12,12.8491,6.35e-06,0.000289,8.31e-05,7.51e-06,0,6.93e-06,0.00173025,6.18e-05,2.89e-05,5.77e-06,2.54e-05,9.24e-06,0.00024975,4.04e-05,0.000270674,0.646597,0.976689,7.20462e-05,7.10622e-05,0.00209181,0.00315662,0.000159645,13.1833,0.0425898,-0.00207818,0.000469584,0.00169833,0.000469591,-0.00345747,0.00174818,0.015821,0.00174818,4.6196e-05,7.54251e-06,0.00673218,0.010475,0.0086841,0.0151211,0.145502,1.04583,228,10,0.993998,0.97807,0.97807,0.9927,1.28789e-07,0.00072239,0.00109118,2.43177e-08
ERF_Log_File_20250213_1854.csv,ig_zn_diff,12,emfpe,8,1,filled_square,7.3um_lp,ERF_OSA207_Spectra_20250213_1853.csv,1.42353e+09,3.24475,0.00162129,0.881463,0.00259543,34.1715,13.4949,0.200108,0.292294,3,1.23559,0.0163954,13,13.4949,6.35e-06,0.000289,8.31e-05,7.51e-06,0,6.93e-06,0.00186101,6.18e-05,2.89e-05,5.77e-06,2.54e-05,9.24e-06,0.000198411,4.04e-05,6.25464e-05,0.671727,0.98303,-0.000555219,8.21629e-05,0.00247992,0.00362535,0.000236,8.48649,0.0312546,-0.00305375,0.000632497,0.00172198,0.000632495,-0.00547921,0.00327127,0.0124024,0.00327127,0.000139292,1.41139e-05,0.0050126,0.0105892,0.0114917,0.0143855,0.105738,1.04577,228,10,0.993998,0.976445,0.976445,0.9927,2.97602e-08,0.000837854,0.00122615,-1.87403e-07
ERF_Log_File_20250213_1927.csv,ig_zn_diff,12,emfpe,8,1,filled_square,7.3um_lp,ERF_OSA207_Spectra_20250213_1927.csv,1.42354e+09,2.87639,0.000316874,0.86949,0.00187449,34.1712,10.6111,0.000512718,0.00794162,2,0.776348,0.00710649,10,0,6.35e-06,0.000289,8.31e-05,7.51e-06,0,6.93e-06,0.0014731,6.18e-05,2.89e-05,5.77e-06,2.54e-05,9.24e-06,8.36608e-05,4.04e-05,-2.61768e-05,0.636561,0.967952,0.000231865,3.56544e-05,0.000783426,0.00118854,7.11811e-05,23.3888,0.0286564,-0.00170646,0.000220965,-6.72228e-05,0.000220981,0.00115345,0.00140442,0.0137989,0.00140441,-5.04866e-06,6.059e-06,0.00600037,0.0128634,0.0126387,0.0119794,0.0952234,1.04296,228,10,0.993998,0.981364,0.981364,0.9927,-1.24551e-08,0.000550477,0.000837052,7.82615e-08
ERF_Log_File_20250213_2001.csv,ig_zn_diff,12,emfpe,8,1,filled_square,7.3um_lp,ERF_OSA207_Spectra_20250213_2000.csv,1.42354e+09,3.2141,0.000354284,0.862839,0.00161793,34.1718,9.59371,0.000413194,0.00781546,2,0.598305,0.00509085,9,0,6.35e-06,0.000289,8.31e-05,7.51e-06,0,6.93e-06,0.00132733,6.18e-05,2.89e-05,5.77e-06,2.54e-05,9.24e-06,3.55732e-05,4.04e-05,4.23617e-05,0.582702,0.972232,7.55914e-05,2.98487e-05,0.00104164,0.00173531,6.34434e-05,23.9272,0.0426788,-0.00131935,0.000282891,0.000420597,0.000282898,0.00151032,0.00120185,0.0160256,0.00120185,-6.05347e-05,5.18872e-06,0.00513155,0.0118732,0.0107385,0.0109111,0.144603,1.04561,228,10,0.993998,0.983106,0.983106,0.9927,2.01561e-08,0.000430186,0.00071776,2.55144e-08
ERF_Log_File_20250213_2034.csv,ig_zn_diff,12,emfpe,8,1,filled_square,7.3um_lp,ERF_OSA207_Spectra_20250213_2034.csv,1.42354e+09,3.77019,0.000251689,0.855579,0.000742952,34.1704,8.58215,0.000160255,0.00781159,2,0.460445,0.00209118,8,0,6.35e-06,0.000289,8.31e-05,7.51e-06,0,6.93e-06,0.0011867,6.18e-05,2.89e-05,5.77e-06,2.54e-05,9.24e-06,6.07789e-05,4.04e-05,-5.42668e-05,0.571638,0.970877,8.61445e-05,3.23557e-05,0.00067613,0.00114353,5.86124e-05,28.7611,0.0338471,-0.0017507,0.000197035,7.11249e-05,0.00019704,0.000566573,0.000945378,0.016301,0.000945376,2.60256e-05,4.07877e-06,0.00668851,0.014075,0.00962927,0.0121144,0.112715,1.04547,228,10,0.993998,0.98484,0.98484,0.9927,-2.58206e-08,0.000353194,0.000599869,2.90763e-08
ERF_Log_File_20250213_2108.csv,ig_zn_diff,12,emfpe,8,1,filled_square,7.3um_lp,ERF_OSA207_Spectra_20250213_2108.csv,1.42354e+09,2.79886,0.000322262,0.866662,0.00190642,34.1715,10.5985,0.000498037,0.00778165,2,0.771679,0.0062058,10,0,6.35e-06,0.000289,8.31e-05,7.51e-06,0,6.93e-06,0.00146167,6.18e-05,2.89e-05,5.77e-06,2.54e-05,9.24e-06,8.23075e-05,4.04e-05,-5.59476e-05,0.636803,0.969455,-4.2172e-05,3.52155e-05,0.000778964,0.00118256,9.73134e-05,22.7255,0.0276825,-0.00146485,0.000213062,-0.000109138,0.000213073,0.00112834,0.00117673,0.0148228,0.00117673,1.14397e-05,5.07366e-06,0.0057511,0.0116601,0.0100978,0.0158913,0.0927194,1.04572,228,10,0.993998,0.981385,0.981385,0.9927,-2.66204e-08,0.00054967,0.000836806,-1.42343e-08
ERF_Log_File_20250217_1236.csv,sp,10,emfpe,9,1,filled_square,prism,CCS200_Spectrum_1423856180.csv,1.42386e+09,5.30096,0.000420674,0.899173,0.00113934,34.1725,0.599801,0.000125515,0.848806,1,0.00368054,4.72815e-06,0.6,0,6.35e-06,0.000289,8.31e-05,7.51e-06,0,6.93e-06,0.000115822,6.18e-05,2.89e-05,5.77e-06,2.54e-05,9.24e-06,3.07659e-05,4.04e-05,5.05277e-06,5.5808e-05,0.908448,0.759115,9.11547e-06,1.29254e-05,0.000242165,0.000202803,105.162,0.0279559,0.000138044,4.85749e-05,-4.51195e-05,4.8581e-05,0.000683767,0.000333984,-0.000291757,0.000333984,8.95988e-07,1.44092e-06,0.00688822,0.00976726,0.0135811,0.0149673,0.0943048,1.04582,228,10,0.98608,0.983948,0.983948,0.982279,3.33647e-09,6.17746e-09,0.000100557,0.000229736
ERF_Log_File_20250217_1307.csv,sp,10,emfpe,9,1,filled_square,prism,CCS200_Spectrum_1423858081.csv,1.42386e+09,2.69525,0.00013991,0.416891,0.00154778,34.1712,0.700683,0.000125536,0.959541,1,0.00543971,7.59303e-06,0.7,0,6.35e-06,0.000289,8.31e-05,7.51e-06,0,6.93e-06,0.000135206,6.18e-05,2.89e-05,5.77e-06,2.54e-05,9.24e-06,2.41691e-05,4.04e-05,0.0238222,6.14977e-05,0.897109,0.757157,7.31804e-06,8.64124e-06,0.000121176,0.000102905,214.589,0.0288762,-7.51926e-05,2.5186e-05,4.43611e-05,2.51909e-05,-0.00020028,0.00021045,-0.00135348,0.000210449,2.03195e-05,9.07861e-07,0.0101433,0.0133245,0.0161339,0.0220413,0.0978993,1.04587,228,10,0.987078,0.986531,0.986531,0.985803,1.30748e-05,5.95163e-09,8.68205e-05,0.000174251
ERF_Log_File_20250217_1339.csv,sp,10,emfpe,9,1,filled_square,prism,CCS200_Spectrum_1423859965.csv,1.42386e+09,3.89031,0.00248078,0.889104,0.00527514,34.1721,0.801516,0.000125635,0.685958,1,0.00697828,1.48712e-05,0.8,0,6.35e-06,0.000289,8.31e-05,7.51e-06,0,6.93e-06,0.000154593,6.18e-05,2.89e-05,5.77e-06,2.54e-05,9.24e-06,1.92702e-05,4.04e-05,0.485043,8.60804e-05,0.882624,0.750208,7.79689e-05,7.58454e-06,0.000120367,9.40925e-05,229.099,0.0248913,-0.000283711,2.12887e-05,0.000119469,2.14172e-05,-0.000620804,0.000963247,0.0002455,0.000963245,1.47586e-05,4.13924e-06,0.0940126,0.0124858,0.1196,0.0758681,0.0843331,1.04587,228,10,0.988617,0.988444,0.988444,0.987865,0.000193087,7.6381e-09,7.83171e-05,0.000153968
ERF_Log_File_20250217_1410.csv,sp,10,emfpe,9,1,filled_square,prism,CCS200_Spectrum_1423861850.csv,1.42386e+09,2.60823,0.000245081,0.700011,0.000764982,34.1709,0.90056,0.000125853,1.04193,1,0.00946716,2.47893e-05,0.9,0,6.35e-06,0.000289,8.31e-05,7.51e-06,0,6.93e-06,0.00017388,6.18e-05,2.89e-05,5.77e-06,2.54e-05,9.24e-06,1.66374e-05,4.04e-05,0.547641,5.34493e-05,0.88243,0.753214,3.84395e-05,6.30322e-06,4.92976e-05,4.05953e-05,224.466,0.0114755,-0.00029322,9.98772e-06,9.38116e-05,1.00099e-05,-0.000674766,0.000273772,-0.00113143,0.000273771,-5.89327e-07,1.17935e-06,0.0425029,0.0101666,0.0319406,0.0202458,0.0389069,1.04584,228,10,0.989723,0.98985,0.98985,0.989259,0.00016882,4.45305e-09,7.35184e-05,0.000147775
ERF_Log_File_20250217_1442.csv,sp,10,emfpe,9,1,filled_square,prism,CCS200_Spectrum_1423863737.csv,1.42386e+09,3.74599,0.000217469,0.517338,0.0025106,34.1725,1.00217,0.00012638,1.085,1,0.0122192,4.15005e-05,1,0,6.35e-06,0.000289,8.31e-05,7.51e-06,0,6.93e-06,0.000193273,6.18e-05,2.89e-05,5.77e-06,2.54e-05,9.24e-06,1.14084e-05,4.04e-05,0.568599,6.02784e-05,0.895014,0.76536,9.87525e-05,7.09118e-06,0.000154853,0.00013306,202.656,0.034915,-0.000241459,3.18396e-05,6.68801e-05,3.18444e-05,-0.000645095,0.000237495,-0.000207995,0.000237495,1.74823e-05,1.02466e-06,0.0184917,0.0103381,0.0205876,0.0250407,0.118138,1.04348,228,10,0.990573,0.990934,0.990934,0.990312,0.000142765,4.75111e-09,7.05445e-05,0.000145052
ERF_Log_File_20250217_1513.csv,sp,10,emfpe,9,1,filled_square,prism,CCS200_Spectrum_1423865624.csv,1.42387e+09,2.21189,0.00142899,0.276972,0.00528895,34.1717,0.350198,0.000125513,1.10767,1,0.00205213,4.39814e-06,0.35,0,6.35e-06,0.000289,8.31e-05,7.51e-06,0,6.93e-06,6.75062e-05,6.18e-05,2.89e-05,5.77e-06,2.54e-05,9.24e-06,8.31098e-05,4.04e-05,3.44887e-05,0.000123562,0.354558,0.24825,1.81093e-05,2.49961e-05,0.000232893,0.000167122,53.9018,0.0351487,-7.38348e-05,0.00012513,0.000145486,0.000125182,0.00213266,0.00150851,-0.00207263,0.00150851,6.77821e-07,6.50743e-06,0.00701396,0.00968125,0.0108014,0.0159762,0.119062,1.04587,228,10,0.98608,0.972836,0.972836,0.928041,2.27737e-08,2.92786e-08,8.40141e-05,0.000514551
ERF_Log_File_20250217_1544.csv,sp,10,emfpe,9,1,filled_square,prism,CCS200_Spectrum_1423867510.csv,1.42387e+09,4.23449,0.00135701,0.292917,0.000993446,34.1716,0.375011,0.000125523,1.10638,1,0.00229074,5.87452e-06,0.375,0,6.35e-06,0.000289,8.31e-05,7.51e-06,0,6.93e-06,7.22947e-05,6.18e-05,2.89e-05,5.77e-06,2.54e-05,9.24e-06,9.26592e-05,4.04e-05,1.89357e-05,1.5565e-05,0.699524,0.535675,9.82681e-06,1.90133e-05,0.000226978,0.000174369,102.695,0.0330002,-0.000430107,6.15562e-05,0.000259421,6.15801e-05,-0.000961063,0.000715193,-0.000985041,0.000715192,9.22622e-06,3.08454e-06,0.00725157,0.0140304,0.0231608,0.0201975,0.111756,1.04587,228,10,0.98608,0.974343,0.974343,0.942102,1.25037e-08,3.29705e-09,0.000148176,0.000740974
ERF_Log_File_20250217_1616.csv,sp,10,emfpe,9,1,filled_square,prism,CCS200_Spectrum_1423869396.csv,1.42387e+09,4.77853,0.000149305,0.31141,0.000279868,34.1717,0.400426,0.000125526,1.04954,1,0.00251847,6.22685e-06,0.4,0,6.35e-06,0.000289,8.31e-05,7.51e-06,0,6.93e-06,7.73141e-05,6.18e-05,2.89e-05,5.77e-06,2.54e-05,9.24e-06,6.52054e-05,4.04e-05,1.05838e-05,3.21535e-05,0.864061,0.682499,9.41641e-06,1.65773e-05,0.000263243,0.000208909,92.5596,0.0281628,-0.000624799,5.32899e-05,0.000254962,5.32939e-05,0.000187365,0.000295882,-0.00183467,0.000295881,1.16078e-05,1.27663e-06,0.00626306,0.0110257,0.00882092,0.0150791,0.0953623,1.04584,228,10,0.98608,0.975782,0.975782,0.95286,6.98877e-09,6.12953e-09,0.000164719,0.000656679
ERF_Log_File_20250217_1647.csv,sp,10,emfpe,9,1,filled_square,prism,CCS200_Spectrum_1423871280.csv,1.42387e+09,5.29787,0.000524527,0.497355,0.00118238,34.1714,0.449616,0.000125528,1.43417,1,0.0031038,6.58005e-06,0.45,0,6.35e-06,0.000289,8.31e-05,7.51e-06,0,6.93e-06,8.68538e-05,6.18e-05,2.89e-05,5.77e-06,2.54e-05,9.24e-06,5.2802e-05,4.04e-05,-3.68716e-06,-1.49004e-05,0.89999,0.730444,1.0236e-05,2.05632e-05,0.000185852,0.00015224,78.2829,0.0160286,8.93871e-05,3.92621e-05,6.00968e-05,3.92781e-05,-9.54337e-06,0.000466031,2.85065e-05,0.000466029,1.59928e-05,2.01004e-06,0.00575947,0.0115699,0.013393,0.0159654,0.0544254,1.04536,228,10,0.98608,0.978279,0.978279,0.966534,-2.43472e-09,-2.37569e-09,0.000143492,0.0004385
ERF_Log_File_20250217_1719.csv,sp,10,emfpe,9,1,filled_square,prism,CCS200_Spectrum_1423873165.csv,1.42387e+09,3.22127,0.000677635,0.922431,0.0109754,34.1715,0.500517,0.000125549,1.06073,1,0.00395256,8.75016e-06,0.5,0,6.35e-06,0.000289,8.31e-05,7.51e-06,0,6.93e-06,9.65715e-05,6.18e-05,2.89e-05,5.77e-06,2.54e-05,9.24e-06,4.44703e-05,4.04e-05,-1.2563e-05,0.000149522,0.905036,0.745562,2.09988e-05,3.35887e-05,0.000541238,0.000447183,41.0908,0.0245091,0.000478087,0.000109052,-0.000153398,0.000109066,-0.00129663,0.000752714,0.00134096,0.000752712,8.69738e-06,3.24743e-06,0.00620147,0.00991939,0.0113833,0.0139012,0.0828423,1.04545,228,10,0.98608,0.9805,0.9805,0.974628,-8.29565e-09,2.04794e-08,0.000123959,0.000341803
ERF_Log_File_20250217_1750.csv,sp,10,emfpe,9,1,filled_square,prism,CCS200_Spectrum_1423875050.csv,1.42388e+09,2.60641,0.000218655,0.898342,0.000848387,34.1716,0.54951,0.000125517,0.642012,1,0.00290722,5.07794e-06,0.55,0,6.35e-06,0.000289,8.31e-05,7.51e-06,0,6.93e-06,0.00010602,6.18e-05,2.89e-05,5.77e-06,2.54e-05,9.24e-06,3.7948e-05,4.04e-05,-6.60596e-06,3.00989e-05,0.909309,0.756322,6.53677e-06,8.24821e-06,0.000191125,0.000159216,146.078,0.0306178,0.000256494,3.81958e-05,-0.000100311,3.82005e-05,-0.000646646,0.000258108,-0.000129147,0.000258107,4.31617e-06,1.11365e-06,0.00686138,0.00865774,0.014964,0.0153185,0.103693,1.04587,228,10,0.98608,0.982333,0.982333,0.979263,-4.36207e-09,3.66562e-09,0.000110741,0.000279424
ERF_Log_File_20250217_1822.csv,sp,10,emfpe,9,1,filled_square,prism,CCS200_Spectrum_1423876935.csv,1.42388e+09,2.55636,0.000271916,0.607036,0.00465998,34.1705,0.651204,0.000125534,1.04132,1,0.00551376,7.41846e-06,0.65,0,6.35e-06,0.000289,8.31e-05,7.51e-06,0,6.93e-06,0.00012573,6.18e-05,2.89e-05,5.77e-06,2.54e-05,9.24e-06,2.7336e-05,4.04e-05,1.1728e-05,5.91702e-05,0.904069,0.759532,4.20657e-06,7.42864e-06,0.000191201,0.000160751,228.567,0.0482189,1.12477e-05,3.7892e-05,-4.13467e-05,3.78958e-05,0.00018992,0.000235734,-0.000573327,0.000235734,-5.60876e-06,1.01714e-06,0.00690864,0.0122005,0.0220979,0.020838,0.163349,1.04587,228,10,0.986106,0.985362,0.985362,0.984354,7.70907e-09,6.06797e-09,9.27132e-05,0.000195265
ERF_Log_File_20250217_1853.csv,sp,10,emfpe,9,1,filled_square,prism,CCS200_Spectrum_1423878819.csv,1.42388e+09,3.39295,0.000309647,0.568107,0.000817259,34.1719,0.750587,0.000125562,0.743503,1,0.00613974,9.9774e-06,0.75,0,6.35e-06,0.000289,8.31e-05,7.51e-06,0,6.93e-06,0.000144864,6.18e-05,2.89e-05,5.77e-06,2.54e-05,9.24e-06,2.08371e-05,4.04e-05,0.316703,5.61393e-05,0.889168,0.757804,6.78734e-05,7.85204e-06,0.000161738,0.000137848,221.14,0.0399437,-0.0002551,3.41191e-05,5.85342e-05,3.41274e-05,-0.000353348,0.000316484,-0.00130032,0.000316483,-4.70923e-06,1.36533e-06,0.0580782,0.0124786,0.0304202,0.025368,0.133391,1.04558,228,10,0.987903,0.987548,0.987548,0.986934,0.000147131,5.1833e-09,8.20961e-05,0.000162415
ERF_Log_File_20250217_1924.csv,sp,10,emfpe,9,1,filled_square,prism,CCS200_Spectrum_1423880705.csv,1.42388e+09,3.39635,0.000588705,0.902624,0.00264241,34.1709,0.850543,0.000125696,1.39268,1,0.00823248,1.81685e-05,0.85,0,6.35e-06,0.000289,8.31e-05,7.51e-06,0,6.93e-06,0.000164148,6.18e-05,2.89e-05,5.77e-06,2.54e-05,9.24e-06,1.59601e-05,4.04e-05,0.529013,6.4426e-05,0.8803,0.749208,0.000105827,7.53069e-06,0.000149899,0.000128001,217.838,0.0366298,-0.000327906,3.23522e-05,0.000114047,3.23676e-05,-0.000195349,0.00041526,-0.00100373,0.000415259,-9.37365e-06,1.79149e-06,0.0899548,0.01179,0.0370273,0.0347344,0.122409,1.04543,228,10,0.989205,0.98919,0.98919,0.988611,0.000184218,5.53155e-09,7.55817e-05,0.000149842
ERF_Log_File_20250217_1956.csv,sp,10,emfpe,9,1,filled_square,prism,CCS200_Spectrum_1423882590.csv,1.42388e+09,2.25477,0.000572642,0.590307,0.00269897,34.1714,0.950705,0.00012581,1.03069,1,0.0107353,2.36286e-05,0.95,0,6.35e-06,0.000289,8.31e-05,7.51e-06,0,6.93e-06,0.000183461,6.18e-05,2.89e-05,5.77e-06,2.54e-05,9.24e-06,1.31477e-05,4.04e-05,0.558794,3.12827e-05,0.888079,0.758085,5.64813e-05,6.56435e-06,0.000102439,7.79837e-05,301.614,0.0295552,-0.000271992,1.90756e-05,6.87559e-05,1.90987e-05,-0.000941207,0.0003866,-0.000395988,0.000386599,6.37912e-06,1.66689e-06,0.029409,0.0142268,0.117078,0.0508004,0.100099,1.04586,228,10,0.990172,0.990424,0.990424,0.989817,0.000154619,2.5343e-09,7.19458e-05,0.000146216
ERF_Log_File_20250217_2027.csv,sp,10,emfpe,9,1,filled_square,prism,CCS200_Spectrum_1423884475.csv,1.42389e+09,3.07474,0.000573716,0.914871,0.00796198,34.1717,0.500434,0.000125551,1.00798,1,0.00393907,8.91369e-06,0.5,0,6.35e-06,0.000289,8.31e-05,7.51e-06,0,6.93e-06,9.65575e-05,6.18e-05,2.89e-05,5.77e-06,2.54e-05,9.24e-06,4.44814e-05,4.04e-05,3.2775e-05,7.04012e-05,0.906563,0.746885,1.67645e-05,3.30824e-05,0.00078079,0.000644434,39.1706,0.033689,0.000598557,0.000149307,6.83348e-05,0.000149317,0.00107268,0.000801832,-0.000768682,0.00080183,1.99186e-05,3.45966e-06,0.00471909,0.0093121,0.011588,0.0143881,0.112458,1.04575,228,10,0.98608,0.980497,0.980497,0.974618,2.16421e-08,9.64466e-09,0.000124195,0.000342541
ERF_Log_File_20250217_2059.csv,sp,10,emfpe,9,1,filled_square,prism,CCS200_Spectrum_1423886358.csv,1.42389e+09,2.93033,0.000198395,0.896618,0.000768839,34.1713,0.52789,0.000125523,0.487934,1,0.00274026,5.90542e-06,0.53,0,6.35e-06,0.000289,8.31e-05,7.51e-06,0,6.93e-06,0.000101893,6.18e-05,2.89e-05,5.77e-06,2.54e-05,9.24e-06,4.08263e-05,4.04e-05,6.04244e-06,4.42957e-05,0.908376,0.748486,3.73707e-06,1.05386e-05,0.000175347,0.000144744,174.241,0.0335084,0.000440337,3.56325e-05,-9.25763e-05,3.5638e-05,0.000222789,0.000271418,0.000411031,0.000271417,1.81202e-07,1.17082e-06,0.00467886,0.0131945,0.018936,0.0187442,0.113404,1.04586,228,10,0.98608,0.981558,0.981558,0.977487,3.98997e-09,5.66332e-09,0.000116138,0.000303548
ERF_Log_File_20250217_2130.csv,sp,10,emfpe,9,1,filled_square,prism,CCS200_Spectrum_1423888244.csv,1.42389e+09,3.42501,0.000305903,0.651846,0.00209524,34.1704,0.474552,0.000125546,0.828638,1,0.00344646,8.42321e-06,0.475,0,6.35e-06,0.000289,8.31e-05,7.51e-06,0,6.93e-06,9.15712e-05,6.18e-05,2.89e-05,5.77e-06,2.54e-05,9.24e-06,4.92314e-05,4.04e-05,8.42834e-06,3.26013e-05,0.903057,0.738803,7.48332e-06,2.09769e-05,0.000333167,0.00027245,93.4986,0.0342941,0.000556592,6.86914e-05,-0.000194149,6.87046e-05,-0.000173385,0.000577476,0.000778365,0.000577475,3.99641e-06,2.49149e-06,0.0050324,0.0141065,0.0240707,0.0187614,0.109632,1.04389,228,10,0.98608,0.97941,0.97941,0.971054,5.56543e-09,4.80577e-09,0.00013312,0.000384272
ERF_Log_File_20250218_0914.csv,sp,10,emfpe,9,1,filled_square,prism,ERF_OSA207_Spectra_20250218_0914.csv,1.42393e+09,2.75933,8.8016e-05,0.308089,0.000172969,34.1727,1.2,1.00691e-05,0.00122752,2,0.0108907,0.000261643,1.2,0,6.35e-06,0.000289,8.31e-05,7.51e-06,0,6.93e-06,0.000230984,6.18e-05,2.89e-05,5.77e-06,2.54e-05,9.24e-06,9.39593e-06,4.04e-05,0.594155,3.13714e-05,0.919535,0.791619,4.90801e-05,7.5776e-06,7.6244e-05,6.67296e-05,199.499,0.0162455,-9.5847e-05,1.56542e-05,5.76667e-05,1.56614e-05,-0.000466855,0.000196818,-0.000288904,0.000196817,9.35221e-06,8.48939e-07,0.0116191,0.0108626,0.0205724,0.0245393,0.0550304,1.04587,228,10,0.991701,0.992325,0.992325,0.991678,0.000113862,2.23799e-09,6.55983e-05,0.00013927
ERF_Log_File_20250218_0946.csv,sp,10,emfpe,9,1,filled_square,prism,ERF_OSA207_Spectra_20250218_0946.csv,1.42393e+09,2.3422,0.00017266,0.320901,0.000364891,34.172,1.49309,1.02531e-05,0.00157944,2,0.0164109,0.000259726,1.5,0,6.35e-06,0.000289,8.31e-05,7.51e-06,0,6.93e-06,0.000288826,6.18e-05,2.89e-05,5.77e-06,2.54e-05,9.24e-06,6.0573e-06,4.04e-05,0.61262,0.000116304,0.938051,0.815115,0.000110531,6.81703e-06,0.000168903,0.000146659,228.419,0.0409155,-5.44095e-06,3.27588e-05,-7.16122e-05,3.2763e-05,-0.000405153,0.000226523,6.9548e-05,0.000226523,2.28279e-06,9.77278e-07,0.0215397,0.0111888,0.0281356,0.022305,0.138583,1.04587,228,10,0.992645,0.99333,0.99333,0.992733,9.20745e-05,7.50948e-09,6.05679e-05,0.000131051
ERF_Log_File_20250218_1018.csv,sp,10,emfpe,9,1,filled_square,prism,ERF_OSA207_Spectra_20250218_1018.csv,1.42394e+09,2.67379,0.000381071,0.728683,0.00334888,34.1722,1.9887,1.12233e-05,0.00354872,2,0.0306575,0.00024578,2,0,6.35e-06,0.000289,8.31e-05,7.51e-06,0,6.93e-06,0.000383831,6.18e-05,2.89e-05,5.77e-06,2.54e-05,9.24e-06,0.000231669,4.04e-05,0.626091,0.000405668,0.950161,0.828012,0.000225641,6.59953e-06,0.00033772,0.000293847,204.256,0.0723297,5.44059e-05,6.30057e-05,-4.90916e-05,6.30115e-05,-0.000915686,0.000374198,-0.000347379,0.000374197,5.43907e-06,1.6145e-06,0.0618442,0.00968486,0.0422303,0.0277944,0.245014,1.04563,228,10,0.993347,0.993645,0.993645,0.993293,7.42994e-05,3.09163e-08,7.24126e-05,0.000142039
ERF_Log_File_20250218_1050.csv,sp,10,emfpe,9,1,filled_square,prism,ERF_OSA207_Spectra_20250218_1050.csv,1.42394e+09,5.02247,0.000770049,0.91977,0.00761992,34.172,2.4729,3.01083e-05,0.00221056,2,0.0554777,0.000505463,2.5,0,6.35e-06,0.000289,8.31e-05,7.51e-06,0,6.93e-06,0.000477914,6.18e-05,2.89e-05,5.77e-06,2.54e-05,9.24e-06,5.77915e-05,4.04e-05,0.631336,0.000199753,0.954119,0.833491,0.000608991,3.76073e-05,0.000920552,0.000805204,35.6056,0.0343171,0.000111178,0.000144718,-0.000203337,0.000144722,-0.000948215,0.000562285,-0.00184148,0.000562284,4.15309e-06,2.42621e-06,0.00622493,0.00962155,0.0107387,0.013964,0.116234,1.04587,228,10,0.99358,0.993222,0.993222,0.993233,9.25666e-05,2.12745e-08,0.000101618,0.000171252
ERF_Log_File_20250218_1122.csv,sp,10,emfpe,9,1,filled_square,prism,ERF_OSA207_Spectra_20250218_1122.csv,1.42394e+09,2.51712,0.000602796,0.717106,0.000925802,34.1719,1.98943,1.54514e-05,0.00334252,2,0.0307095,0.000284298,2,0,6.35e-06,0.000289,8.31e-05,7.51e-06,0,6.93e-06,0.000383925,6.18e-05,2.89e-05,5.77e-06,2.54e-05,9.24e-06,0.000232219,4.04e-05,0.626267,0.000440996,0.950128,0.828179,0.000205378,7.94717e-06,0.000312765,0.000271884,191.754,0.0626145,2.4256e-05,5.9786e-05,-3.91144e-05,5.97938e-05,-0.00128981,0.0004166,-0.000216433,0.0004166,-2.24727e-07,1.79747e-06,0.0257762,0.0109482,0.0544682,0.0381575,0.212101,1.04587,228,10,0.993348,0.993645,0.993645,0.993294,7.43188e-05,3.36244e-08,7.24441e-05,0.000142104
ERF_Log_File_20250218_1154.csv,sp,10,emfpe,9,1,filled_square,prism,ERF_OSA207_Spectra_20250218_1154.csv,1.42394e+09,3.74915,0.000211071,0.373843,0.00161007,34.172,1.74132,1.23751e-05,0.00231705,2,0.0226179,0.000240254,1.75,0,6.35e-06,0.000289,8.31e-05,7.51e-06,0,6.93e-06,0.000335905,6.18e-05,2.89e-05,5.77e-06,2.54e-05,9.24e-06,4.28831e-05,4.04e-05,0.618917,7.85194e-05,0.945909,0.815944,0.000129363,8.87168e-06,0.00019811,0.000170747,199.427,0.0416002,1.39997e-05,3.60229e-05,1.28291e-06,3.60253e-05,-0.000367172,0.000189901,2.41242e-05,0.000189901,2.91557e-06,8.19386e-07,0.0115132,0.012713,0.0253755,0.0192545,0.140911,1.04587,228,10,0.993086,0.99363,0.99363,0.993136,7.94384e-05,5.2431e-09,6.31626e-05,0.000131099
ERF_Log_File_20250218_1226.csv,sp,10,emfpe,9,1,filled_square,prism,ERF_OSA207_Spectra_20250218_1226.csv,1.42394e+09,3.2826,0.000400732,0.930436,0.0124476,34.1712,2.23022,1.71622e-05,0.00326521,2,0.0418644,0.000319454,2.25,0,6.35e-06,0.000289,8.31e-05,7.51e-06,0,6.93e-06,0.000430431,6.18e-05,2.89e-05,5.77e-06,2.54e-05,9.24e-06,0.000275185,4.04e-05,0.629594,0.000905086,0.952816,0.831226,0.000391518,1.08285e-05,0.000592375,0.000516828,111.851,0.0695045,5.35225e-05,7.88398e-05,-3.52612e-05,7.8841e-05,-0.00134132,0.000258444,-0.000541603,0.000258444,1.51561e-06,1.11505e-06,0.0119436,0.00869148,0.0148816,0.0139314,0.235424,1.04579,228,10,0.993497,0.993489,0.993489,0.993306,7.93915e-05,8.13936e-08,8.56859e-05,0.000156079
ERF_Log_File_20250218_1718.csv,sp,13,emfpe,9,1,filled_square,prism,CCS200_Spectrum_1423959503.csv,1.42396e+09,3.70267,0.000192031,0.303079,0.00438789,34.1718,0.40049,0.00012552,1.32752,1,0.00253288,5.46989e-06,0.4,0,6.35e-06,0.000289,8.31e-05,7.51e-06,0,6.93e-06,4.58373e-05,6.18e-05,2.89e-05,5.77e-06,2.54e-05,9.24e-06,6.51904e-05,4.04e-05,4.48629e-07,4.21015e-05,0.872372,0.68936,1.12333e-05,1.82235e-05,0.000290918,0.000230415,70.6347,0.0235002,-0.000782913,6.02389e-05,0.000266107,6.02453e-05,-0.000710323,0.000391525,-0.00252658,0.000391524,-2.11362e-05,1.69028e-06,0.00570143,0.00924965,0.0100559,0.0111052,0.0788516,1.04574,228,10,0.989942,0.984722,0.984722,0.961811,2.45663e-10,5.71817e-09,0.000118484,0.000591299
ERF_Log_File_20250218_1749.csv,sp,13,emfpe,9,1,filled_square,prism,CCS200_Spectrum_1423961382.csv,1.42396e+09,3.24643,0.000587928,0.661118,0.00209197,34.1728,0.474379,0.00012554,1.6212,1,0.00338741,7.81446e-06,0.475,0,6.35e-06,0.000289,8.31e-05,7.51e-06,0,6.93e-06,5.42535e-05,6.18e-05,2.89e-05,5.77e-06,2.54e-05,9.24e-06,4.92559e-05,4.04e-05,-4.08264e-06,3.86258e-05,0.909812,0.744597,1.09587e-05,1.73086e-05,0.000175458,0.000144703,86.8932,0.0165427,0.000368055,3.6731e-05,-0.000193906,3.67515e-05,0.00188334,0.000508764,0.00129075,0.000508763,6.28297e-06,2.19558e-06,0.00684247,0.0108071,0.0174311,0.0178757,0.0560036,1.04587,228,10,0.989942,0.986502,0.986502,0.978052,-2.23559e-09,3.88734e-09,9.15646e-05,0.000325099
ERF_Log_File_20250218_1820.csv,sp,13,emfpe,9,1,filled_square,prism,CCS200_Spectrum_1423963266.csv,1.42396e+09,2.87034,0.000191249,0.908378,0.00513438,34.1711,0.527933,0.000125505,1.57955,1,0.00262617,2.64483e-06,0.53,0,6.35e-06,0.000289,8.31e-05,7.51e-06,0,6.93e-06,6.03995e-05,6.18e-05,2.89e-05,5.77e-06,2.54e-05,9.24e-06,4.08205e-05,4.04e-05,-8.43705e-06,3.80692e-05,0.914149,0.75369,4.01075e-06,9.55273e-06,0.000170438,0.000140656,167.185,0.03108,0.000410055,3.38139e-05,-6.95279e-05,3.38179e-05,-0.00010096,0.000225841,0.00128466,0.000225841,-6.53017e-06,9.74945e-07,0.00482071,0.011482,0.0156782,0.0146274,0.100298,1.04472,228,10,0.989942,0.98764,0.98764,0.983495,-4.62e-09,3.20042e-09,7.6851e-05,0.000246595
ERF_Log_File_20250218_1852.csv,sp,13,emfpe,9,1,filled_square,prism,CCS200_Spectrum_1423965150.csv,1.42397e+09,4.5167,0.000402957,0.906759,0.0021782,34.1712,0.599615,0.000125508,1.10388,1,0.00378599,3.39543e-06,0.6,0,6.35e-06,0.000289,8.31e-05,7.51e-06,0,6.93e-06,6.86302e-05,6.18e-05,2.89e-05,5.77e-06,2.54e-05,9.24e-06,3.07924e-05,4.04e-05,-1.30803e-05,8.15068e-05,0.913506,0.763781,7.46806e-06,1.89698e-05,0.000246542,0.00020682,87.6752,0.023613,0.000103126,4.86529e-05,-3.15524e-05,4.86582e-05,-0.00025643,0.000312178,-0.000345645,0.000312178,-8.79814e-06,1.34786e-06,0.00470469,0.0119507,0.00998165,0.0133753,0.0799972,1.04587,228,10,0.989942,0.988967,0.988967,0.987227,-7.1626e-09,5.63278e-09,6.31307e-05,0.000174199
ERF_Log_File_20250218_1923.csv,sp,13,emfpe,9,1,filled_square,prism,CCS200_Spectrum_1423967033.csv,1.42397e+09,2.3608,0.000116281,0.411037,0.00516279,34.1709,0.700702,0.000125546,1.38121,1,0.00551803,8.5904e-06,0.7,0,6.35e-06,0.000289,8.31e-05,7.51e-06,0,6.93e-06,8.01391e-05,6.18e-05,2.89e-05,5.77e-06,2.54e-05,9.24e-06,2.41678e-05,4.04e-05,0.0240245,5.86883e-05,0.90126,0.761072,9.14035e-06,7.9555e-06,0.000137435,0.00011655,183.472,0.027942,-4.71805e-05,2.66479e-05,-4.02867e-06,2.665e-05,-0.000347171,0.000147411,-0.000806641,0.000147411,-9.49103e-06,6.36366e-07,0.0110432,0.0104883,0.00915671,0.0159978,0.0953524,1.04581,228,10,0.990619,0.990494,0.990494,0.989716,1.08676e-05,3.34763e-09,5.14087e-05,0.000120054
ERF_Log_File_20250218_1955.csv,sp,13,emfpe,9,1,filled_square,prism,CCS200_Spectrum_1423968917.csv,1.42397e+09,3.40929,0.00114784,0.890539,0.00835169,34.1712,0.801455,0.000125643,1.13425,1,0.00723602,1.53786e-05,0.8,0,6.35e-06,0.000289,8.31e-05,7.51e-06,0,6.93e-06,9.16224e-05,6.18e-05,2.89e-05,5.77e-06,2.54e-05,9.24e-06,1.92743e-05,4.04e-05,0.48589,5.20126e-05,0.886101,0.753185,7.59752e-05,7.88426e-06,6.25459e-05,5.46382e-05,196.388,0.0115111,-0.000262854,1.14908e-05,5.44834e-05,1.15819e-05,3.03434e-06,0.000596811,-0.00129943,0.000596811,-1.2862e-05,2.56233e-06,0.0995825,0.0111264,0.0490936,0.0444921,0.0389894,1.04574,228,10,0.99167,0.991687,0.991687,0.991069,0.000156004,2.66441e-09,4.53917e-05,0.000102533
ERF_Log_File_20250218_2026.csv,sp,13,emfpe,9,1,filled_square,prism,CCS200_Spectrum_1423970801.csv,1.42397e+09,2.34286,0.000235369,0.700053,0.000275934,34.1706,0.900408,0.000125835,1.18214,1,0.00956972,2.42103e-05,0.9,0,6.35e-06,0.000289,8.31e-05,7.51e-06,0,6.93e-06,0.000103047,6.18e-05,2.89e-05,5.77e-06,2.54e-05,9.24e-06,1.66481e-05,4.04e-05,0.549218,3.9037e-05,0.885789,0.756294,8.30924e-05,6.48423e-06,0.000115028,9.89335e-05,196.801,0.0253169,-0.00027726,2.46752e-05,0.000100597,2.46854e-05,-0.000189866,0.000294809,-0.000597542,0.000294808,-4.85536e-06,1.27233e-06,0.0621028,0.00917041,0.022249,0.0248012,0.0857726,1.04564,228,10,0.992431,0.992605,0.992605,0.991982,0.000131774,1.89953e-09,4.31023e-05,9.98567e-05
ERF_Log_File_20250218_2057.csv,sp,13,emfpe,9,1,filled_square,prism,CCS200_Spectrum_1423972687.csv,1.42397e+09,3.17039,0.00029201,0.515892,0.00216948,34.1712,1.00216,0.000126301,1.11893,1,0.0123266,3.97003e-05,1,0,6.35e-06,0.000289,8.31e-05,7.51e-06,0,6.93e-06,0.000114558,6.18e-05,2.89e-05,5.77e-06,2.54e-05,9.24e-06,1.14085e-05,4.04e-05,0.570806,4.00498e-05,0.898686,0.76893,0.000111781,9.38962e-06,0.000170435,0.00014568,167.657,0.0315487,-0.000203594,3.54988e-05,9.98067e-05,3.55071e-05,7.21686e-05,0.000323957,-0.000139244,0.000323956,6.50642e-06,1.39839e-06,0.0366007,0.0113168,0.0252886,0.0204715,0.10678,1.04494,228,10,0.993022,0.993344,0.993344,0.992692,0.000106596,1.90359e-09,4.27151e-05,0.00010122
ERF_Log_File_20250219_0828.csv,sp,13,emfpe,9,1,filled_square,prism,ERF_OSA207_Spectra_20250219_0828.csv,1.42402e+09,5.1469,0.000546465,0.304769,0.000949754,34.1748,1.20022,1.0894e-05,0.00122631,2,0.0108873,0.000221787,1.2,0,6.35e-06,0.000289,8.31e-05,7.51e-06,0,6.93e-06,0.000136941,6.18e-05,2.89e-05,5.77e-06,2.54e-05,9.24e-06,9.39274e-06,4.04e-05,0.59602,5.55156e-05,0.922603,0.794286,0.000113004,8.44859e-06,0.000164049,0.00014132,179.999,0.0315306,-0.000102603,3.37212e-05,5.72764e-05,3.37378e-05,0.000379091,0.000438984,0.000470272,0.000438984,-2.19053e-06,1.89464e-06,0.055757,0.0109272,0.0363534,0.0314615,0.10673,1.04587,228,10,0.993811,0.994346,0.994346,0.993658,7.9033e-05,2.58796e-09,4.30088e-05,0.000103827
ERF_Log_File_20250219_0900.csv,sp,13,emfpe,9,1,filled_square,prism,ERF_OSA207_Spectra_20250219_0900.csv,1.42402e+09,5.33303,0.000335924,0.320829,0.000598833,34.1741,1.49336,1.0652e-05,0.00146946,2,0.0165508,0.000228757,1.5,0,6.35e-06,0.000289,8.31e-05,7.51e-06,0,6.93e-06,0.000171225,6.18e-05,2.89e-05,5.77e-06,2.54e-05,9.24e-06,6.05604e-06,4.04e-05,0.614828,8.46517e-05,0.941317,0.818052,0.00012023,6.84678e-06,0.000184018,0.000160146,201.293,0.0391544,1.29068e-05,3.56267e-05,-7.23195e-06,3.56314e-05,-0.000311842,0.000248858,0.000295632,0.000248857,-1.89017e-06,1.07404e-06,0.0176558,0.00990312,0.0265003,0.0258749,0.132669,1.04587,228,10,0.994479,0.995148,0.995148,0.994467,6.28624e-05,3.85411e-09,4.28573e-05,0.000104185
ERF_Log_File_20250219_0933.csv,sp,13,emfpe,9,1,filled_square,prism,ERF_OSA207_Spectra_20250219_0932.csv,1.42402e+09,2.36307,0.000353389,0.732701,0.00599543,34.1729,1.98888,1.34566e-05,0.00321105,2,0.0311312,0.000295337,2,0,6.35e-06,0.000289,8.31e-05,7.51e-06,0,6.93e-06,0.000227524,6.18e-05,2.89e-05,5.77e-06,2.54e-05,9.24e-06,0.000231806,4.04e-05,0.628342,0.000459361,0.953234,0.831026,0.000246749,9.29022e-06,0.000375679,0.000326471,176.47,0.0691131,7.80448e-05,6.91832e-05,-8.2878e-05,6.91891e-05,-8.8345e-05,0.000397898,-0.00122151,0.000397897,2.44277e-05,1.71736e-06,0.0225917,0.0117785,0.0531016,0.0320594,0.234915,1.04585,228,10,0.994981,0.995545,0.995545,0.994976,5.41874e-05,2.23524e-08,4.63841e-05,0.000108125
ERF_Log_File_20250219_1005.csv,sp,13,emfpe,9,1,filled_square,prism,ERF_OSA207_Spectra_20250219_1005.csv,1.42402e+09,4.21109,0.00109715,0.925724,0.0131565,34.1716,2.47279,3.08902e-05,0.00198098,2,0.0562718,0.000525055,2.5,0,6.35e-06,0.000289,8.31e-05,7.51e-06,0,6.93e-06,0.000283265,6.18e-05,2.89e-05,5.77e-06,2.54e-05,9.24e-06,5.78906e-05,4.04e-05,0.634518,0.000337926,0.959712,0.838342,0.000912728,5.75556e-05,0.00138005,0.0012061,29.3723,0.0422097,-6.28478e-05,0.000202554,-0.000213,0.000202559,-0.00413341,0.00072816,-0.00165381,0.000728158,-3.92463e-06,3.14408e-06,0.00841663,0.0121469,0.010437,0.0119614,0.142964,1.04587,228,10,0.995149,0.995391,0.995391,0.995011,6.45152e-05,2.05512e-08,5.83655e-05,0.000120334
ERF_Log_File_20250508_0834.csv,sp,13,fmfpe,11,2,filled_square,prism,CCS200_Spectrum_1430750068.csv,1.43075e+09,3.46816,0.00019259,0.89784,0.00113001,33.2898,0.840652,0.000125626,1.16562,1,0.00796801,1.45223e-05,0.84,0,6.35e-06,0.000289,8.31e-05,7.51e-06,0,6.93e-06,9.61951e-05,6.18e-05,2.89e-05,5.77e-06,2.54e-05,9.24e-06,1.65919e-05,4.04e-05,0.528495,6.70335e-06,0.88334,0.747539,0.000107577,2.35232e-06,0.000172423,0.000146003,208.813,0.040678,-0.000333775,3.42262e-05,8.93039e-05,3.42289e-05,-0.0006448,0.00019244,-0.000349108,0.000192439,-1.46056e-05,8.3384e-07,0.0468179,0.00352951,0.0162414,0.0155326,0.137361,1.04583,228,10,0.991998,0.992077,0.992077,0.991464,0.000150376,3.34842e-10,4.41241e-05,9.98341e-05
ERF_Log_File_20250508_0905.csv,sp,13,fmfpe,11,2,filled_square,prism,CCS200_Spectrum_1430751940.csv,1.43075e+09,3.44779,0.00020414,0.896257,0.000474092,33.2888,0.840669,0.000125638,1.13158,1,0.00799778,1.51831e-05,0.84,0,6.35e-06,0.000289,8.31e-05,7.51e-06,0,6.93e-06,9.6197e-05,6.18e-05,2.89e-05,5.77e-06,2.54e-05,9.24e-06,1.65908e-05,4.04e-05,0.528123,7.38984e-06,0.88355,0.747762,8.50134e-05,2.44602e-06,0.000139401,0.000117966,207.469,0.0326049,-0.000338565,2.87345e-05,0.000106334,2.87382e-05,-0.000395477,0.000198403,-0.000839697,0.000198402,-2.78952e-06,8.59686e-07,0.0274156,0.00365034,0.0185541,0.0150875,0.103518,1.04364,228,10,0.991998,0.992077,0.992077,0.991465,0.000150263,3.69129e-10,4.41341e-05,9.98634e-05
ERF_Log_File_20250508_1032.csv,sp,13,fmfpe,11,2,filled_square,prism,CCS200_Spectrum_1430757181.csv,1.43076e+09,2.47389,0.00211901,0.657412,0.0786567,33.2883,0.259905,0.00012802,0.439416,1,0.00153097,6.11388e-05,0.26,0,6.35e-06,0.000289,8.31e-05,7.51e-06,0,6.93e-06,2.96931e-05,6.18e-05,2.89e-05,5.77e-06,2.54e-05,9.24e-06,0.000123406,4.04e-05,0.000108667,-0.000217209,0.0551031,0.0422951,5.21422e-05,8.32318e-05,0.000385861,0.000305551,5.4839,0.037532,-0.000345219,0.00133178,-0.000454349,0.00133333,0.0271311,0.0263352,0.00172953,0.0263352,-0.000630122,0.000114148,0.00205096,0.0032776,0.00317934,0.00384948,0.12717,1.04561,228,10,0.989942,0.981033,0.981033,0.85773,5.95042e-08,-6.59931e-08,1.67416e-05,0.000333999
ERF_Log_File_20250508_1105.csv,sp,13,fmfpe,11,2,filled_square,prism,CCS200_Spectrum_1430759133.csv,1.43076e+09,4.56771,0.000509932,0.642463,0.00154248,33.2886,0.298973,0.000129853,0.344973,1,0.00187193,8.10179e-05,0.3,0,6.35e-06,0.000289,8.31e-05,7.51e-06,0,6.93e-06,3.42226e-05,6.18e-05,2.89e-05,5.77e-06,2.54e-05,9.24e-06,0.000123406,4.04e-05,2.97715e-05,-5.98025e-06,0.00887389,0.00641105,1.88801e-05,2.58821e-05,2.33111e-05,3.34994e-05,20.5938,0.0310111,0.00101706,0.000296601,-0.000386753,0.000312579,0.179832,0.0417992,-0.141633,0.0417989,-0.000272491,0.00017423,0.00279171,0.00382916,0.0028166,0.00472555,0.105035,1.04587,228,10,0.989942,0.98202,0.98202,0.896533,1.63024e-08,-1.39874e-09,2.07555e-06,3.01222e-05
ERF_Log_File_20250508_1137.csv,sp,13,fmfpe,11,2,filled_square,prism,CCS200_Spectrum_1430761049.csv,1.43076e+09,3.08844,0.000864194,0.39816,0.00212639,33.2884,0.315826,0.000126442,0.707458,1,0.00197526,3.74665e-05,0.316,0,6.35e-06,0.000289,8.31e-05,7.51e-06,0,6.93e-06,3.61513e-05,6.18e-05,2.89e-05,5.77e-06,2.54e-05,9.24e-06,0.000100524,4.04e-05,1.99778e-05,-8.54688e-05,0.0113877,0.00807924,2.12816e-05,3.43173e-05,4.16796e-05,4.00913e-05,13.8219,0.0375642,0.000916752,0.000533687,0.000464989,0.000544489,0.1013,0.0445799,-0.119608,0.0445803,-0.000323742,0.000190572,0.00211167,0.00340723,0.00276158,0.00330507,0.127342,1.04586,228,10,0.989942,0.98247,0.98247,0.912957,1.09395e-08,-1.80255e-08,2.40169e-06,2.86733e-05
ERF_Log_File_20250508_1208.csv,sp,13,fmfpe,11,2,filled_square,prism,CCS200_Spectrum_1430762934.csv,1.43076e+09,3.59224,0.000758498,0.325685,0.00363193,33.2888,0.330146,0.000125555,1.1444,1,0.00206189,9.05777e-06,0.33,0,6.35e-06,0.000289,8.31e-05,7.51e-06,0,6.93e-06,3.77616e-05,6.18e-05,2.89e-05,5.77e-06,2.54e-05,9.24e-06,8.63909e-05,4.04e-05,4.92414e-06,2.89305e-05,0.00718651,0.00414551,7.80592e-06,9.56625e-06,1.14629e-05,1.46672e-05,40.8604,0.0241579,0.000146398,0.000117289,-0.000268248,0.000133284,0.0718837,0.0288411,-0.0148492,0.028841,-0.000359009,0.000111769,0.00228943,0.00280772,0.00311439,0.00423369,0.0818408,1.04586,228,10,0.989942,0.982857,0.982857,0.924932,2.69639e-09,5.61324e-09,1.39436e-06,1.14418e-05
ERF_Log_File_20250508_1240.csv,sp,13,fmfpe,11,2,filled_square,prism,CCS200_Spectrum_1430764816.csv,1.43077e+09,3.48177,0.000545136,0.308532,0.00155088,33.289,0.335231,0.000125536,1.03126,1,0.00207297,7.27632e-06,0.335,0,6.35e-06,0.000289,8.31e-05,7.51e-06,0,6.93e-06,3.83829e-05,6.18e-05,2.89e-05,5.77e-06,2.54e-05,9.24e-06,8.55311e-05,4.04e-05,6.95285e-06,3.64111e-05,0.0512117,0.0305707,7.74762e-06,1.13586e-05,5.26931e-05,3.28016e-05,39.6734,0.0399807,-6.14362e-05,0.000196051,0.000513978,0.000196273,-0.00345865,0.00382014,0.00169299,0.00382014,-1.1024e-05,1.65415e-05,0.00220857,0.00323797,0.0030221,0.00318176,0.13541,1.04587,228,10,0.989942,0.982994,0.982994,0.928749,3.80727e-09,6.86502e-09,9.65554e-06,7.70933e-05
ERF_Log_File_20250508_1334.csv,sp,13,fmfpe,11,2,filled_square,prism,ERF_OSA207_Spectra_20250508_1334.csv,1.43077e+09,4.68947,0.000541362,0.486504,0.00134962,33.2887,1.01912,6.55408e-06,0.000775,2,0.0101971,0.000127946,1.02,0,6.35e-06,0.000289,8.31e-05,7.51e-06,0,6.93e-06,0.000116708,6.18e-05,2.89e-05,5.77e-06,2.54e-05,9.24e-06,1.11689e-05,4.04e-05,0.574238,1.64892e-05,0.900819,0.769914,8.34596e-05,2.18991e-06,0.000132652,0.000112602,252.19,0.0350435,-0.000198081,2.70528e-05,0.000103172,2.70861e-05,-0.000114324,0.000551155,-0.000491636,0.000551154,-2.51023e-06,2.3863e-06,0.0437616,0.00396839,0.0794363,0.0628325,0.118454,1.04584,228,10,0.993106,0.99345,0.99345,0.992793,0.000103367,7.81859e-10,4.27137e-05,0.000101336
ERF_Log_File_20250508_1406.csv,sp,13,fmfpe,11,2,filled_square,prism,ERF_OSA207_Spectra_20250508_1406.csv,1.43077e+09,2.81897,0.000353027,0.35232,0.000712978,33.2888,1.13616,8.7021e-06,0.00116175,2,0.00957812,0.000162334,1.136,0,6.35e-06,0.000289,8.31e-05,7.51e-06,0,6.93e-06,0.000130117,6.18e-05,2.89e-05,5.77e-06,2.54e-05,9.24e-06,9.79849e-06,4.04e-05,0.58906,1.42705e-05,0.915915,0.780543,6.32094e-05,1.76798e-06,8.83271e-05,7.60224e-05,231.97,0.0212812,-0.000123681,1.78999e-05,0.000101354,1.79308e-05,-0.000305106,0.000430739,-2.89407e-05,0.00043074,9.10674e-07,1.86412e-06,0.0543783,0.00294692,0.0452804,0.0419341,0.0720697,1.04587,228,10,0.993596,0.994074,0.994074,0.993394,8.55484e-05,6.68733e-10,4.29207e-05,0.000102421
ERF_Log_File_20250508_1438.csv,sp,13,fmfpe,11,2,filled_square,prism,ERF_OSA207_Spectra_20250508_1438.csv,1.43077e+09,3.48406,0.000343426,0.311563,0.0010045,33.2887,1.27698,1.0705e-05,0.00114944,2,0.0122436,0.000233426,1.281,0,6.35e-06,0.000289,8.31e-05,7.51e-06,0,6.93e-06,0.000146408,6.18e-05,2.89e-05,5.77e-06,2.54e-05,9.24e-06,8.277e-06,4.04e-05,0.602705,-2.16315e-06,0.929105,0.798846,5.21907e-05,2.31612e-06,8.05825e-05,7.38589e-05,196.755,0.0165085,-7.30343e-05,1.63061e-05,9.35265e-05,1.63225e-05,0.000316757,0.000299919,0.000950149,0.000299918,4.50219e-06,1.29865e-06,0.0179575,0.00327451,0.028795,0.0436377,0.055914,1.04587,228,10,0.99403,0.994619,0.994619,0.993927,7.31419e-05,-1.00192e-10,4.30341e-05,0.000103772
ERF_Log_File_20250508_1520.csv,sp,13,fmfpe,11,2,filled_square,prism,ERF_OSA207_Spectra_20250508_1520.csv,1.43078e+09,5.07382,0.000862217,0.317737,0.000939619,33.2888,1.46016,1.33461e-05,0.00137387,2,0.015531,0.000310731,1.467,0,6.35e-06,0.000289,8.31e-05,7.51e-06,0,6.93e-06,0.000167344,6.18e-05,2.89e-05,5.77e-06,2.54e-05,9.24e-06,6.20992e-06,4.04e-05,0.613374,5.03684e-05,0.939412,0.808642,0.000119468,2.38611e-06,0.000183158,0.000158352,205.714,0.0395938,3.88828e-05,3.66895e-05,-3.96936e-05,3.67014e-05,0.000448727,0.000389072,-0.00016486,0.000389071,-3.73548e-06,1.68565e-06,0.0266813,0.003527,0.0431652,0.0427196,0.133993,1.04587,228,10,0.994423,0.995086,0.995086,0.994401,6.40584e-05,2.29792e-09,4.28581e-05,0.000103255
ERF_Log_File_20250508_1552.csv,sp,13,fmfpe,11,2,filled_square,prism,ERF_OSA207_Spectra_20250508_1552.csv,1.43078e+09,3.44749,0.000424766,0.362613,0.000471263,33.2891,1.70523,1.03314e-05,0.00213784,2,0.0219962,0.000233329,1.714,0,6.35e-06,0.000289,8.31e-05,7.51e-06,0,6.93e-06,0.000195518,6.18e-05,2.89e-05,5.77e-06,2.54e-05,9.24e-06,1.53441e-05,4.04e-05,0.619675,1.32293e-05,0.947939,0.812165,0.000146872,2.29798e-06,0.000223945,0.000191992,187.968,0.0443186,-5.26776e-06,4.06913e-05,8.20818e-05,4.06941e-05,-0.000660569,0.000214057,0.000498579,0.000214057,-3.41324e-06,9.275e-07,0.0201125,0.00310374,0.0189453,0.0184845,0.149942,1.04587,228,10,0.994757,0.995421,0.995421,0.994775,5.68173e-05,6.03639e-10,4.32533e-05,0.000102633
ERF_Log_File_20250508_1624.csv,sp,13,fmfpe,11,2,filled_square,prism,ERF_OSA207_Spectra_20250508_1624.csv,1.43078e+09,2.20996,0.00051566,0.854678,0.00226187,33.2885,2.04092,1.14964e-05,0.00401209,2,0.0334834,0.000255815,2.056,0,6.35e-06,0.000289,8.31e-05,7.51e-06,0,6.93e-06,0.000233362,6.18e-05,2.89e-05,5.77e-06,2.54e-05,9.24e-06,0.000252966,4.04e-05,0.629332,0.000647295,0.954146,0.829147,0.000352207,3.59455e-06,0.000534547,0.000464067,145.862,0.0815319,9.47745e-05,8.79506e-05,-0.000130299,8.79539e-05,-0.000803739,0.000368244,0.00136498,0.000368243,5.71947e-06,1.59564e-06,0.0179876,0.0037483,0.037653,0.0244002,0.276131,1.04587,228,10,0.99501,0.995546,0.995546,0.994995,5.44532e-05,3.21038e-08,4.73226e-05,0.000108975
ERF_Log_File_20250508_1656.csv,sp,13,fmfpe,11,2,filled_square,prism,ERF_OSA207_Spectra_20250508_1656.csv,1.43078e+09,5.24275,0.00138857,0.903765,0.00239761,33.2887,2.43347,3.32775e-05,0.00172302,2,0.0526633,0.000486964,2.45,0,6.35e-06,0.000289,8.31e-05,7.51e-06,0,6.93e-06,0.000278478,6.18e-05,2.89e-05,5.77e-06,2.54e-05,9.24e-06,9.31115e-05,4.04e-05,0.633994,0.000144591,0.957951,0.830773,0.000845513,1.73695e-05,0.00127695,0.0011077,34.8027,0.0463789,-4.74025e-05,0.000155557,-0.000502324,0.000155559,-0.00184475,0.000483911,0.00102055,0.00048391,-6.57726e-06,2.09668e-06,0.00816289,0.00434413,0.00756248,0.00888922,0.161448,1.04551,228,10,0.995142,0.995415,0.995415,0.995017,6.31406e-05,8.61537e-09,5.70788e-05,0.00011823
ERF_Log_File_20250508_1739.csv,sp,13,fmfpe,11,2,filled_square,prism,CCS200_Spectrum_1430782780.csv,1.43078e+09,3.17909,0.00109048,0.291813,0.00188355,33.2896,0.340455,0.000125537,1.06665,1,0.0020904,7.44659e-06,0.34,0,6.35e-06,0.000289,8.31e-05,7.51e-06,0,6.93e-06,3.89573e-05,6.18e-05,2.89e-05,5.77e-06,2.54e-05,9.24e-06,8.46478e-05,4.04e-05,-1.13445e-07,-1.17931e-05,0.139851,0.0902333,9.02257e-06,1.38862e-05,6.20471e-05,4.40014e-05,36.3733,0.0157954,-8.51451e-05,8.45826e-05,0.000331241,8.46937e-05,0.00187032,0.0017769,0.000292477,0.0017769,3.10029e-05,7.69212e-06,0.00235837,0.00362943,0.00331176,0.00519976,0.0534819,1.04587,228,10,0.989942,0.983136,0.983136,0.93244,-6.21206e-11,-2.16006e-09,2.56154e-05,0.000207433
ERF_Log_File_20250508_1810.csv,sp,13,fmfpe,11,2,filled_square,prism,CCS200_Spectrum_1430784660.csv,1.43079e+09,3.40445,0.00018112,0.276387,0.000650103,33.2889,0.345162,0.00012554,1.17486,1,0.00210427,7.67481e-06,0.345,0,6.35e-06,0.000289,8.31e-05,7.51e-06,0,6.93e-06,3.94609e-05,6.18e-05,2.89e-05,5.77e-06,2.54e-05,9.24e-06,8.38517e-05,4.04e-05,4.36743e-07,3.32804e-05,0.241005,0.161607,9.60132e-06,1.11768e-05,0.000257809,0.000172886,39.1812,0.0418437,1.57567e-06,0.000182161,0.000163697,0.000182172,0.00127441,0.000922293,-0.00148847,0.000922292,3.08862e-05,3.996e-06,0.00270349,0.00314691,0.00416734,0.00279052,0.143946,1.04578,228,10,0.989942,0.983263,0.983263,0.935581,2.39154e-10,5.94114e-09,4.30238e-05,0.000341807
ERF_Log_File_20250508_1842.csv,sp,13,fmfpe,11,2,filled_square,prism,CCS200_Spectrum_1430786539.csv,1.43079e+09,3.80834,0.000443581,0.270723,0.00156447,33.2879,0.349983,0.000125522,1.09831,1,0.00210876,5.68081e-06,0.35,0,6.35e-06,0.000289,8.31e-05,7.51e-06,0,6.93e-06,3.99848e-05,6.18e-05,2.89e-05,5.77e-06,2.54e-05,9.24e-06,8.30364e-05,4.04e-05,1.11944e-05,3.37879e-05,0.354315,0.2455,6.69316e-06,1.20051e-05,0.00020343,0.00014143,44.1342,0.0252553,-0.000233943,0.000106017,0.000310795,0.000106034,-0.000206043,0.000806914,-0.000333119,0.000806912,3.87054e-05,3.49615e-06,0.00212313,0.00380783,0.00529828,0.00505766,0.0854866,1.04557,228,10,0.989942,0.983392,0.983392,0.938624,6.1299e-09,5.87806e-09,6.16399e-05,0.000476888
ERF_Log_File_20250508_1913.csv,sp,13,fmfpe,11,2,filled_square,prism,CCS200_Spectrum_1430788416.csv,1.43079e+09,4.23644,0.000440529,0.271971,0.000756421,33.2896,0.355035,0.000125524,0.997266,1,0.00216163,5.95881e-06,0.355,0,6.35e-06,0.000289,8.31e-05,7.51e-06,0,6.93e-06,4.06404e-05,6.18e-05,2.89e-05,5.77e-06,2.54e-05,9.24e-06,8.49745e-05,4.04e-05,1.48287e-05,1.81241e-05,0.46679,0.331784,8.5194e-06,8.1152e-06,0.000368136,0.000261785,49.6959,0.0391681,-0.00016584,0.000119507,-0.000106535,0.00011951,-0.000102713,0.000470963,-0.000469395,0.000470963,2.53829e-05,2.04055e-06,0.00304249,0.00289799,0.00467179,0.00430884,0.133324,1.04583,228,10,0.989942,0.983528,0.983528,0.941624,8.12e-09,3.07019e-09,7.90731e-05,0.000590016
ERF_Log_File_20250508_1944.csv,sp,13,fmfpe,11,2,filled_square,prism,CCS200_Spectrum_1430790293.csv,1.43079e+09,2.47319,0.000355846,0.279428,0.000377008,33.2899,0.361075,0.000125524,1.15449,1,0.0021929,5.93601e-06,0.361,0,6.35e-06,0.000289,8.31e-05,7.51e-06,0,6.93e-06,4.13078e-05,6.18e-05,2.89e-05,5.77e-06,2.54e-05,9.24e-06,8.73033e-05,4.04e-05,4.86358e-06,2.33776e-05,0.572349,0.417541,5.6878e-06,7.67281e-06,0.000258698,0.00018876,59.1556,0.0266945,-0.000197403,7.70936e-05,0.000201992,7.70984e-05,-0.00164176,0.00039227,-0.000755919,0.00039227,2.06451e-05,1.6997e-06,0.00241793,0.00326164,0.0062797,0.00470515,0.0903946,1.04578,228,10,0.989942,0.98369,0.98369,0.944987,2.66322e-09,3.83819e-09,9.39695e-05,0.00066863
ERF_Log_File_20250508_2015.csv,sp,13,fmfpe,11,2,filled_square,prism,CCS200_Spectrum_1430792170.csv,1.43079e+09,3.09544,0.000100864,0.286291,0.00018076,33.2885,0.367119,0.00012553,1.15433,1,0.00223458,6.68583e-06,0.367,0,6.35e-06,0.000289,8.31e-05,7.51e-06,0,6.93e-06,4.19879e-05,6.18e-05,2.89e-05,5.77e-06,2.54e-05,9.24e-06,8.9633e-05,4.04e-05,2.66327e-06,-3.92477e-06,0.640965,0.477061,4.88497e-06,7.09404e-06,0.000267646,0.000199429,74.4153,0.0310519,-0.00031851,6.59926e-05,0.000199883,6.59951e-05,-0.00118405,0.000278901,-0.0004386,0.000278901,2.05157e-05,1.2084e-06,0.00261235,0.00379355,0.00527634,0.00638274,0.105597,1.04576,228,10,0.989942,0.983851,0.983851,0.948118,1.45837e-09,-6.24915e-10,0.000102057,0.000688868
ERF_Log_File_20250508_2047.csv,sp,13,fmfpe,11,2,filled_square,prism,CCS200_Spectrum_1430794046.csv,1.43079e+09,3.5724,0.000102379,0.291903,0.000162763,33.2892,0.372134,0.000125528,1.04007,1,0.00227063,6.40735e-06,0.372,0,6.35e-06,0.000289,8.31e-05,7.51e-06,0,6.93e-06,4.25673e-05,6.18e-05,2.89e-05,5.77e-06,2.54e-05,9.24e-06,9.15663e-05,4.04e-05,-1.00025e-06,5.14687e-06,0.681546,0.516712,3.82488e-06,4.42317e-06,0.000414921,0.000314579,83.9853,0.0510917,-0.000444785,9.09866e-05,0.000213882,9.09892e-05,-0.000641117,0.000351582,-0.00113868,0.000351581,1.27539e-05,1.52331e-06,0.00230832,0.00266931,0.00963509,0.00731274,0.173043,1.04587,228,10,0.989942,0.983984,0.983984,0.950543,-5.47721e-10,7.99274e-10,0.00010584,0.000685936
ERF_Log_File_20250508_2118.csv,sp,13,fmfpe,11,2,filled_square,prism,CCS200_Spectrum_1430795922.csv,1.4308e+09,3.82156,0.000205489,0.294741,0.000366496,33.289,0.377811,0.000125526,1.1142,1,0.00231114,6.28195e-06,0.378,0,6.35e-06,0.000289,8.31e-05,7.51e-06,0,6.93e-06,4.32283e-05,6.18e-05,2.89e-05,5.77e-06,2.54e-05,9.24e-06,8.95942e-05,4.04e-05,6.70451e-06,4.64773e-06,0.736687,0.564744,4.05662e-06,5.10432e-06,0.000446405,0.000342227,85.4869,0.0517823,-0.000479116,7.71171e-05,0.00011971,7.71183e-05,-0.00132323,0.000253428,-0.00113342,0.000253427,1.26505e-05,1.09812e-06,0.00249196,0.00313549,0.00752834,0.00594614,0.176524,1.04585,228,10,0.989942,0.984134,0.984134,0.95312,3.67129e-09,7.01955e-10,0.000111263,0.000682832
ERF_Log_File_20250508_2149.csv,sp,13,fmfpe,11,2,filled_square,prism,CCS200_Spectrum_1430797799.csv,1.4308e+09,4.01851,0.000161012,0.301203,0.000231053,33.2897,0.383944,0.000125567,1.14183,1,0.00232992,9.9705e-06,0.384,0,6.35e-06,0.000289,8.31e-05,7.51e-06,0,6.93e-06,4.39441e-05,6.18e-05,2.89e-05,5.77e-06,2.54e-05,9.24e-06,8.28812e-05,4.04e-05,1.71199e-05,9.17826e-06,0.797541,0.615453,3.79003e-06,3.75347e-06,0.000488063,0.000376577,84.7202,0.0518223,-0.00046678,7.52221e-05,0.000175281,7.52231e-05,-0.000413581,0.000241386,-0.00180177,0.000241386,8.42616e-06,1.04607e-06,0.00230803,0.00228573,0.00896582,0.00537869,0.175488,1.04518,228,10,0.989942,0.984295,0.984295,0.95571,9.3746e-09,1.34596e-09,0.000116956,0.00067469
ERF_Log_File_20250508_2221.csv,sp,13,fmfpe,11,2,filled_square,prism,CCS200_Spectrum_1430799675.csv,1.4308e+09,4.44776,0.000221563,0.304279,0.000421162,33.2888,0.391448,0.000125533,1.16049,1,0.00243494,7.00625e-06,0.391,0,6.35e-06,0.000289,8.31e-05,7.51e-06,0,6.93e-06,4.48154e-05,6.18e-05,2.89e-05,5.77e-06,2.54e-05,9.24e-06,7.46676e-05,4.04e-05,1.7898e-05,5.85717e-06,0.844092,0.657196,3.73838e-06,5.84999e-06,0.000188583,0.000146909,87.7842,0.0195637,-0.000608232,3.99251e-05,0.000298485,3.99289e-05,-0.000595915,0.000245085,-0.00182047,0.000245085,1.65025e-05,1.062e-06,0.00235837,0.00369037,0.00835743,0.00709532,0.0654364,1.04571,228,10,0.989942,0.98449,0.98449,0.95863,9.80066e-09,8.29165e-10,0.000119493,0.000642093
ERF_Log_File_20250508_2252.csv,sp,13,fmfpe,11,2,filled_square,prism,CCS200_Spectrum_1430801551.csv,1.4308e+09,4.47214,0.000136356,0.309087,0.000185621,33.2884,0.397297,0.000125534,1.23427,1,0.00249348,7.17717e-06,0.397,0,6.35e-06,0.000289,8.31e-05,7.51e-06,0,6.93e-06,4.54236e-05,6.18e-05,2.89e-05,5.77e-06,2.54e-05,9.24e-06,6.82654e-05,4.04e-05,1.50755e-05,2.4051e-05,0.865134,0.679538,3.37649e-06,6.82069e-06,0.000460456,0.000361669,84.2634,0.0448318,-0.000687008,6.55457e-05,0.000244044,6.55465e-05,-0.000936973,0.00021058,-0.0020857,0.00021058,1.76546e-05,9.12493e-07,0.00204452,0.0041299,0.00752395,0.00564703,0.152155,1.04584,228,10,0.989942,0.984641,0.984641,0.960729,8.2551e-09,3.31427e-09,0.000119217,0.000609542
ERF_Log_File_20250509_0757.csv,sp,13,fmfpe,11,2,filled_square,prism,CCS200_Spectrum_1430834293.csv,1.43084e+09,4.31863,0.000299819,0.318551,0.001182,33.29,0.404034,0.000125535,1.0324,1,0.00257818,7.21764e-06,0.404,0,6.35e-06,0.000289,8.31e-05,7.51e-06,0,6.93e-06,4.62413e-05,6.18e-05,2.89e-05,5.77e-06,2.54e-05,9.24e-06,6.43485e-05,4.04e-05,2.45694e-06,-9.54923e-06,0.879522,0.691882,4.73439e-06,5.88326e-06,0.000509846,0.000401134,77.6277,0.0449784,-0.000722803,8.01831e-05,0.000314437,8.01846e-05,-0.00126368,0.000282855,-0.00242467,0.000282855,1.4544e-05,1.22573e-06,0.00264094,0.00328171,0.00873778,0.00776303,0.152365,1.04587,228,10,0.989942,0.984813,0.984813,0.962968,1.34538e-09,-1.27647e-09,0.000117568,0.000565236
ERF_Log_File_20250509_0829.csv,sp,13,fmfpe,11,2,filled_square,prism,CCS200_Spectrum_1430836169.csv,1.43084e+09,4.55294,0.000173905,0.33898,0.000855218,33.2891,0.409608,0.000125517,1.14902,1,0.00261905,4.98288e-06,0.41,0,6.35e-06,0.000289,8.31e-05,7.51e-06,0,6.93e-06,4.68387e-05,6.18e-05,2.89e-05,5.77e-06,2.54e-05,9.24e-06,6.30247e-05,4.04e-05,1.22788e-05,-7.99714e-06,0.887428,0.700383,4.37676e-06,6.05467e-06,0.000808109,0.000637824,78.8356,0.0717844,-0.000838127,6.74551e-05,0.000283895,6.74553e-05,-0.00120424,0.000182126,-0.00217177,0.000182126,-7.1927e-06,7.89355e-07,0.00247932,0.00342987,0.00531947,0.00581202,0.244537,1.04582,228,10,0.989942,0.984954,0.984954,0.964684,6.72369e-09,-1.04289e-09,0.000115728,0.000531939
ERF_Log_File_20250509_0900.csv,sp,13,fmfpe,11,2,filled_square,prism,CCS200_Spectrum_1430838044.csv,1.43084e+09,5.04092,0.000383941,0.360146,0.000712007,33.2895,0.416604,0.000125541,1.03692,1,0.00270587,7.88691e-06,0.417,0,6.35e-06,0.000289,8.31e-05,7.51e-06,0,6.93e-06,4.76323e-05,6.18e-05,2.89e-05,5.77e-06,2.54e-05,9.24e-06,6.13629e-05,4.04e-05,3.08363e-06,-7.74587e-06,0.893676,0.710436,3.41498e-06,5.90596e-06,0.000282052,0.00022433,83.7071,0.0263799,-0.000429249,5.37416e-05,9.50011e-05,5.37448e-05,-0.000209662,0.000271896,-0.00198601,0.000271895,5.21161e-06,1.17836e-06,0.00205408,0.00355234,0.00917421,0.00829967,0.0891967,1.04586,228,10,0.989942,0.98513,0.98513,0.966683,1.68855e-09,-9.79863e-10,0.000113051,0.000495365
ERF_Log_File_20250509_0931.csv,sp,13,fmfpe,11,2,filled_square,prism,CCS200_Spectrum_1430839920.csv,1.43084e+09,4.82691,0.000255813,0.379117,0.00109055,33.2891,0.423786,0.000125543,1.02447,1,0.00281371,8.06076e-06,0.424,0,6.35e-06,0.000289,8.31e-05,7.51e-06,0,6.93e-06,4.85062e-05,6.18e-05,2.89e-05,5.77e-06,2.54e-05,9.24e-06,5.9657e-05,4.04e-05,1.78504e-05,-5.93146e-06,0.898025,0.71379,3.63741e-06,7.02921e-06,0.000209707,0.00016687,77.052,0.0179555,-0.000409358,4.14957e-05,0.000120434,4.14995e-05,-0.000568175,0.000247377,-0.00188412,0.000247377,1.17039e-05,1.07189e-06,0.00201408,0.00389208,0.00752505,0.00726197,0.0601985,1.04573,228,10,0.989942,0.985308,0.985308,0.968564,9.77461e-09,-7.27742e-10,0.00011018,0.000459398
ERF_Log_File_20250509_1540.csv,sp,13,fmfpe,11,2,filled_square,prism,CCS200_Spectrum_1430862037.csv,1.43086e+09,4.43238,0.000342085,0.472141,0.000720708,33.2891,0.445314,0.000125531,1.18234,1,0.00308189,6.82359e-06,0.446,0,6.35e-06,0.000289,8.31e-05,7.51e-06,0,6.93e-06,5.0972e-05,6.18e-05,2.89e-05,5.77e-06,2.54e-05,9.24e-06,5.39496e-05,4.04e-05,2.84592e-06,1.39069e-06,0.906467,0.726014,5.52131e-06,6.04399e-06,0.00061081,0.000489227,63.9749,0.0430931,-6.37158e-05,8.42681e-05,-0.000154644,8.42694e-05,0.000996739,0.000273525,0.000306945,0.000273524,1.60238e-05,1.18545e-06,0.00253929,0.00277959,0.00749462,0.00609961,0.152864,1.04499,228,10,0.989942,0.98583,0.98583,0.973313,1.55838e-09,1.56273e-10,0.000101861,0.000383881
ERF_Log_File_20250509_1611.csv,sp,13,fmfpe,11,2,filled_square,prism,CCS200_Spectrum_1430863916.csv,1.43086e+09,2.8151,0.000130485,0.626701,0.00254405,33.2885,0.471148,0.000125532,0.9858,1,0.0034459,7.05791e-06,0.471,0,6.35e-06,0.000289,8.31e-05,7.51e-06,0,6.93e-06,5.38538e-05,6.18e-05,2.89e-05,5.77e-06,2.54e-05,9.24e-06,4.97123e-05,4.04e-05,-8.30952e-06,-8.69322e-06,0.9096,0.7356,4.57097e-06,5.07235e-06,0.000162801,0.000131887,74.8742,0.0133596,0.00045524,3.27327e-05,-0.000133363,3.27371e-05,0.000701953,0.000231175,0.000661173,0.000231174,-2.85623e-06,1.00158e-06,0.00247211,0.00274328,0.00702142,0.00694048,0.0344757,1.03498,228,10,0.989942,0.986429,0.986429,0.977602,-4.55017e-09,-8.85283e-10,9.263e-05,0.000327302
ERF_Log_File_20250509_1642.csv,sp,13,fmfpe,11,2,filled_square,prism,CCS200_Spectrum_1430865792.csv,1.43087e+09,3.65365,0.000690468,0.911703,0.00677926,33.2892,0.497496,0.000125552,1.15092,1,0.00408768,9.02293e-06,0.497,0,6.35e-06,0.000289,8.31e-05,7.51e-06,0,6.93e-06,5.69469e-05,6.18e-05,2.89e-05,5.77e-06,2.54e-05,9.24e-06,4.50027e-05,4.04e-05,-8.44607e-06,-1.45234e-05,0.91202,0.741682,6.05813e-06,9.99635e-06,0.000366747,0.000298356,45.3778,0.0182028,0.000482284,7.16172e-05,-0.000192242,7.16239e-05,0.00125642,0.000432279,0.000728038,0.000432278,-6.74705e-06,1.8732e-06,0.00198036,0.00326779,0.00851489,0.0072347,0.0509696,1.04052,228,10,0.989942,0.987009,0.987009,0.980815,-4.62494e-09,-1.34758e-09,8.46233e-05,0.000284663
ERF_Log_File_20250509_1714.csv,sp,13,fmfpe,11,2,filled_square,prism,CCS200_Spectrum_1430867668.csv,1.43087e+09,4.2177,0.000458182,0.907884,0.0161689,33.2889,0.522947,0.000125656,0.988161,1,0.00261771,1.52383e-05,0.526,0,6.35e-06,0.000289,8.31e-05,7.51e-06,0,6.93e-06,5.98152e-05,6.18e-05,2.89e-05,5.77e-06,2.54e-05,9.24e-06,4.14843e-05,4.04e-05,-1.64384e-05,1.00392e-06,0.912269,0.747163,6.34023e-06,1.04667e-05,0.00103741,0.000849747,48.8207,0.0555064,0.000573037,0.000124036,-0.000273762,0.000124037,0.00172023,0.000373127,0.000789158,0.000373127,3.1483e-05,1.61679e-06,0.00222437,0.00367186,0.00723523,0.00733466,0.188313,1.04587,228,10,0.989942,0.98754,0.98754,0.983117,-9.00145e-09,8.57195e-11,7.78935e-05,0.000250874
ERF_Log_File_20250509_1745.csv,sp,13,fmfpe,11,2,filled_square,prism,CCS200_Spectrum_1430869543.csv,1.43087e+09,2.59246,0.000326982,0.898784,0.000623021,33.2886,0.558405,0.000125505,1.92652,1,0.00306225,2.67782e-06,0.558,0,6.35e-06,0.000289,8.31e-05,7.51e-06,0,6.93e-06,6.39049e-05,6.18e-05,2.89e-05,5.77e-06,2.54e-05,9.24e-06,3.66817e-05,4.04e-05,2.9089e-06,-2.26214e-05,0.914748,0.754533,2.57946e-06,3.08586e-06,5.62908e-05,4.69561e-05,137.417,0.00798979,0.000233617,1.13597e-05,-0.000153472,1.13855e-05,0.000507898,0.000313624,0.000287771,0.000313623,-3.73581e-06,1.35702e-06,0.00254706,0.00304712,0.0182238,0.0161986,0.0270283,1.04579,228,10,0.989942,0.988231,0.988231,0.985417,1.59287e-09,-1.73889e-09,7.03161e-05,0.000210918
ERF_Log_File_20250509_1816.csv,sp,13,fmfpe,11,2,filled_square,prism,CCS200_Spectrum_1430871418.csv,1.43087e+09,4.67859,0.000278199,0.896515,0.000821904,33.2882,0.591661,0.00012551,1.09919,1,0.00364283,3.93677e-06,0.593,0,6.35e-06,0.000289,8.31e-05,7.51e-06,0,6.93e-06,6.77067e-05,6.18e-05,2.89e-05,5.77e-06,2.54e-05,9.24e-06,3.19292e-05,4.04e-05,7.50272e-06,-3.67172e-05,0.9139,0.761872,3.53217e-06,5.36283e-06,0.000321453,0.000268069,91.7436,0.032246,0.000309369,5.40947e-05,-0.000114083,5.40965e-05,-3.63408e-05,0.000218139,-0.000164538,0.000218139,-2.12488e-06,9.45344e-07,0.00233173,0.00354024,0.00817971,0.00813363,0.0952313,1.04295,228,10,0.989942,0.98883,0.98883,0.98693,4.10838e-09,-2.58671e-09,6.43838e-05,0.000180459
ERF_Log_File_20250509_1847.csv,sp,13,fmfpe,11,2,filled_square,prism,CCS200_Spectrum_1430873294.csv,1.43087e+09,3.53091,0.000223516,0.789762,0.00294475,33.2893,0.634905,0.000125702,1.04381,1,0.00604243,1.81923e-05,0.633,0,6.35e-06,0.000289,8.31e-05,7.51e-06,0,6.93e-06,7.25855e-05,6.18e-05,2.89e-05,5.77e-06,2.54e-05,9.24e-06,2.84167e-05,4.04e-05,4.17525e-06,-3.85482e-06,0.909887,0.762466,2.23449e-06,3.43683e-06,0.000284618,0.000238638,157.999,0.0493422,0.000155546,5.39436e-05,-0.000118596,5.39474e-05,0.000502448,0.000284619,-0.000376034,0.000284618,2.32525e-05,1.23334e-06,0.002537,0.00390195,0.0184287,0.0176239,0.167272,1.04586,228,10,0.989942,0.989543,0.989543,0.988319,2.28631e-09,-2.46437e-10,5.81688e-05,0.000149035
ERF_Log_File_20250509_1919.csv,sp,13,fmfpe,11,2,filled_square,prism,CCS200_Spectrum_1430875169.csv,1.43088e+09,2.39999,0.000105156,0.485881,0.000302902,33.2888,0.680608,0.000125547,1.57495,1,0.00532183,8.67041e-06,0.679,0,6.35e-06,0.000289,8.31e-05,7.51e-06,0,6.93e-06,7.78359e-05,6.18e-05,2.89e-05,5.77e-06,2.54e-05,9.24e-06,2.54553e-05,4.04e-05,0.000584516,9.12561e-06,0.904245,0.758762,1.35079e-06,2.42374e-06,4.7454e-05,3.96315e-05,196.125,0.00987267,-5.1706e-06,9.80923e-06,-5.20272e-05,9.82299e-06,0.000285311,0.000212944,-0.00115746,0.000212944,1.48094e-05,9.21893e-07,0.00190324,0.00341572,0.0188742,0.0145969,0.033442,1.04587,228,10,0.990364,0.99022,0.99022,0.989352,2.84758e-07,5.36754e-10,5.31863e-05,0.000126387
ERF_Log_File_20250509_1950.csv,sp,13,fmfpe,11,2,filled_square,prism,CCS200_Spectrum_1430877045.csv,1.43088e+09,2.87967,9.69096e-05,0.496474,0.00089446,33.2883,0.730945,0.000125568,1.22068,1,0.00585402,1.04233e-05,0.73,0,6.35e-06,0.000289,8.31e-05,7.51e-06,0,6.93e-06,8.35626e-05,6.18e-05,2.89e-05,5.77e-06,2.54e-05,9.24e-06,2.21352e-05,4.04e-05,0.193917,7.9865e-06,0.896295,0.753798,5.05283e-05,2.07443e-06,0.000191787,0.000161213,197.402,0.042184,-5.367e-05,3.36485e-05,-5.18527e-05,3.36498e-05,4.45991e-05,0.000141071,-0.000816087,0.000141071,2.1801e-06,6.11355e-07,0.041009,0.00294248,0.0139646,0.00893999,0.142986,1.04585,228,10,0.990971,0.990884,0.990884,0.990191,7.87504e-05,4.37724e-10,4.91241e-05,0.000111499
ERF_Log_File_20250509_2021.csv,sp,13,fmfpe,11,2,filled_square,prism,CCS200_Spectrum_1430878920.csv,1.43088e+09,3.235,0.000101492,0.570419,0.000244273,33.2884,0.750544,0.000125574,0.6474,1,0.00618134,1.09378e-05,0.75,0,6.35e-06,0.000289,8.31e-05,7.51e-06,0,6.93e-06,8.58568e-05,6.18e-05,2.89e-05,5.77e-06,2.54e-05,9.24e-06,2.08384e-05,4.04e-05,0.318178,1.66232e-05,0.893092,0.756525,5.53731e-05,1.76184e-06,9.68372e-05,8.22217e-05,205.139,0.0221372,-0.000133282,2.02297e-05,2.83144e-05,2.02338e-05,-0.000484589,0.000171829,-0.000836169,0.000171828,-5.30257e-06,7.4457e-07,0.0640294,0.00259699,0.0138633,0.0141925,0.0749649,1.04587,228,10,0.991181,0.991121,0.991121,0.990462,0.000120768,8.91175e-10,4.78791e-05,0.000108442
ERF_Log_File_20250509_2053.csv,sp,13,fmfpe,11,2,filled_square,prism,CCS200_Spectrum_1430880795.csv,1.43088e+09,3.40144,0.000198672,0.669556,0.000650063,33.2892,0.771823,0.000125565,0.981764,1,0.00662065,1.02872e-05,0.771,0,6.35e-06,0.000289,8.31e-05,7.51e-06,0,6.93e-06,8.82988e-05,6.18e-05,2.89e-05,5.77e-06,2.54e-05,9.24e-06,2.02083e-05,4.04e-05,0.414181,7.64902e-06,0.889735,0.750228,7.03461e-05,2.0655e-06,9.78901e-05,8.26287e-05,201.855,0.0220421,-0.000190074,2.07282e-05,7.66409e-05,2.0734e-05,-0.000137235,0.000205639,-0.000941112,0.000205638,-2.67667e-06,8.90964e-07,0.0781191,0.00299592,0.0172651,0.0153983,0.0745592,1.04583,228,10,0.991395,0.991366,0.991366,0.990731,0.000146377,4.0155e-10,4.67083e-05,0.000104757
ERF_Log_File_20250509_2124.csv,sp,13,fmfpe,11,2,filled_square,prism,CCS200_Spectrum_1430882671.csv,1.43088e+09,3.70039,0.000804076,0.812946,0.00163765,33.2886,0.794517,0.000125585,0.894275,1,0.00708378,1.18231e-05,0.793,0,6.35e-06,0.000289,8.31e-05,7.51e-06,0,6.93e-06,9.08967e-05,6.18e-05,2.89e-05,5.77e-06,2.54e-05,9.24e-06,1.95363e-05,4.04e-05,0.47401,2.93544e-05,0.886957,0.751288,6.71727e-05,2.19249e-06,9.06078e-05,7.74298e-05,211.985,0.0209064,-0.00026341,1.92139e-05,9.09324e-05,1.924e-05,-0.000516343,0.000410858,-0.000774349,0.000410857,-8.84555e-06,1.7788e-06,0.0735391,0.00333975,0.0359825,0.0335527,0.0707819,1.04578,228,10,0.991608,0.991614,0.991614,0.990993,0.000155593,1.51168e-09,4.5676e-05,0.000102784
ERF_Log_File_20250509_2155.csv,sp,13,fmfpe,11,2,filled_square,prism,CCS200_Spectrum_1430884546.csv,1.43089e+09,3.40327,0.000698119,0.890984,0.00153105,33.2884,0.816418,0.000125637,1.32752,1,0.00738716,1.50313e-05,0.816,0,6.35e-06,0.000289,8.31e-05,7.51e-06,0,6.93e-06,9.34032e-05,6.18e-05,2.89e-05,5.77e-06,2.54e-05,9.24e-06,1.82503e-05,4.04e-05,0.506716,3.70646e-05,0.884767,0.750172,8.44492e-05,1.75748e-06,0.00012825,0.000108043,195.5,0.0277471,-0.000256913,2.73972e-05,0.000111466,2.74131e-05,6.51035e-05,0.000385408,-0.000543042,0.000385407,-3.20718e-06,1.66984e-06,0.0621122,0.00246883,0.036537,0.0252492,0.0939666,1.04587,228,10,0.991799,0.99184,0.99184,0.991226,0.000155232,1.87882e-09,4.48493e-05,0.000101218
ERF_Log_File_20250509_2226.csv,sp,13,fmfpe,11,2,filled_square,prism,CCS200_Spectrum_1430886422.csv,1.43089e+09,3.34863,0.000407847,0.893561,0.00113154,33.2887,0.841715,0.000125645,1.13082,1,0.00802648,1.56184e-05,0.841,0,6.35e-06,0.000289,8.31e-05,7.51e-06,0,6.93e-06,9.63135e-05,6.18e-05,2.89e-05,5.77e-06,2.54e-05,9.24e-06,1.65192e-05,4.04e-05,0.526983,4.46691e-05,0.883569,0.747267,4.6898e-05,1.90151e-06,6.68236e-05,5.70631e-05,201.963,0.0148668,-0.000321273,1.43114e-05,0.000102807,1.43263e-05,-0.000693077,0.000268629,-0.000592332,0.000268628,-3.84975e-06,1.16323e-06,0.0384211,0.00276031,0.0220609,0.0217124,0.0499517,1.04524,228,10,0.992006,0.992087,0.992087,0.991474,0.000149468,2.22999e-09,4.41099e-05,9.97641e-05
ERF_Log_File_20250509_2258.csv,sp,13,fmfpe,11,2,filled_square,prism,CCS200_Spectrum_1430888297.csv,1.43089e+09,2.70583,0.000289746,0.832312,0.00117494,33.2882,0.868383,0.000125648,1.06993,1,0.00875655,1.59143e-05,0.867,0,6.35e-06,0.000289,8.31e-05,7.51e-06,0,6.93e-06,9.93154e-05,6.18e-05,2.89e-05,5.77e-06,2.54e-05,9.24e-06,1.62186e-05,4.04e-05,0.539277,6.18782e-05,0.883641,0.752581,9.44837e-05,2.87584e-06,0.000154066,0.000130713,183.007,0.0316468,-0.0002485,3.21098e-05,0.000112148,3.21151e-05,-0.000192872,0.000249073,3.49102e-05,0.000249072,1.07597e-05,1.0793e-06,0.0189393,0.00379284,0.0273539,0.0154498,0.106812,1.03975,228,10,0.992208,0.992332,0.992332,0.991716,0.000141474,3.04877e-09,4.35374e-05,9.97968e-05
ERF_Log_File_20250509_2329.csv,sp,13,fmfpe,11,2,filled_square,prism,CCS200_Spectrum_1430890173.csv,1.43089e+09,2.49121,0.000142952,0.71401,0.00132116,33.2883,0.894354,0.000125902,1.04046,1,0.00930272,2.64005e-05,0.895,0,6.35e-06,0.000289,8.31e-05,7.51e-06,0,6.93e-06,0.000102342,6.18e-05,2.89e-05,5.77e-06,2.54e-05,9.24e-06,1.65949e-05,4.04e-05,0.548104,6.41531e-05,0.88508,0.749413,5.197e-05,2.09018e-06,8.28388e-05,7.03373e-05,198.778,0.0184671,-0.000260047,1.75719e-05,8.95817e-05,1.75764e-05,-0.000452534,0.000165806,-0.000220033,0.000165805,1.11928e-05,7.18438e-07,0.0144638,0.00298896,0.014702,0.014111,0.0597945,1.04343,228,10,0.99239,0.992555,0.992555,0.991933,0.000133697,3.12824e-09,4.31584e-05,9.90063e-05
ERF_Log_File_20250510_0000.csv,sp,13,fmfpe,11,2,filled_square,prism,CCS200_Spectrum_1430892048.csv,1.43089e+09,4.23356,0.00033718,0.641004,0.00126226,33.2892,0.926052,0.000125869,1.13728,1,0.0100825,2.55153e-05,0.925,0,6.35e-06,0.000289,8.31e-05,7.51e-06,0,6.93e-06,0.000105907,6.18e-05,2.89e-05,5.77e-06,2.54e-05,9.24e-06,1.48507e-05,4.04e-05,0.556453,5.49655e-05,0.888262,0.75635,8.8289e-05,1.94111e-06,0.000140854,0.000120162,217.364,0.0343652,-0.000244439,2.80532e-05,8.04094e-05,2.80557e-05,-0.000418173,0.00016454,3.04567e-05,0.000164539,1.71595e-05,7.13004e-07,0.0114357,0.00303182,0.0169507,0.0183333,0.11634,1.04584,228,10,0.992595,0.992809,0.992809,0.992178,0.000124739,2.65369e-09,4.28845e-05,9.96979e-05
ERF_Log_File_20250512_1434.csv,sp,13,fmfpe,11,2,filled_square,prism,CCS200_Spectrum_1431117284.csv,1.43112e+09,3.3958,0.000480731,0.891406,0.00277399,32.5006,0.840943,0.000125657,0.877564,1,0.00799219,1.61957e-05,0.84,0,6.35e-06,0.000289,8.31e-05,7.51e-06,0,6.93e-06,9.6228e-05,6.18e-05,2.89e-05,5.77e-06,2.54e-05,9.24e-06,1.6572e-05,4.04e-05,0.528776,5.71384e-05,0.883654,0.747916,7.93199e-05,2.17485e-06,0.000130346,0.000110517,204.594,0.0297664,-0.000289459,2.79143e-05,0.000134463,2.7926e-05,-0.000122413,0.000335468,-0.00071347,0.000335468,-3.48097e-05,1.4533e-06,0.0281888,0.00319714,0.0315369,0.0280164,0.10072,1.04587,228,10,0.992,0.99208,0.99208,0.991467,0.000150325,2.85369e-09,4.41327e-05,9.98752e-05
ERF_Log_File_20250512_1757.csv,ig_zn_diff,13,fmfpe,12,2,filled_square,2.4um_lp,ERF_OSA207_Spectra_20250512_1757.csv,1.43113e+09,5.33502,0.000533046,0.691205,0.000971867,32.5039,2.51492,4.03669e-05,0.00396466,2,0.0412313,0.000618112,2.5,0,6.35e-06,0.000289,8.31e-05,7.51e-06,0,6.93e-06,0.000287421,6.18e-05,2.89e-05,5.77e-06,2.54e-05,9.24e-06,3.46522e-05,4.04e-05,0.6314,0.00054112,0.955411,0.826343,0.000439491,1.02978e-05,0.000653885,0.000564484,89.9773,0.0603424,-0.000715211,0.00012933,-0.00025732,0.0001294,0.00370687,0.00176687,0.0122193,0.00176686,-5.42045e-05,7.65187e-06,0.0753456,0.00665417,0.0849682,0.0678385,0.204717,1.04564,228,10,0.995156,0.995364,0.995364,0.995002,6.56793e-05,3.36436e-08,5.94017e-05,0.000119739
ERF_Log_File_20250512_1831.csv,ig_zn_diff,13,fmfpe,12,2,filled_square,2.4um_lp,ERF_OSA207_Spectra_20250512_1831.csv,1.43113e+09,2.41359,0.000671588,0.731548,0.00140438,32.5024,2.71032,4.7292e-05,0.00662999,2,0.0472093,0.000823634,2.696,0,6.35e-06,0.000289,8.31e-05,7.51e-06,0,6.93e-06,0.000309642,6.18e-05,2.89e-05,5.77e-06,2.54e-05,9.24e-06,4.94924e-05,4.04e-05,0.633014,0.000464634,0.958489,0.832085,0.00022727,7.84693e-06,0.000339399,0.000300333,100.892,0.0306664,-0.000775551,5.95156e-05,1.53899e-05,5.97784e-05,0.0050257,0.00229446,0.0138345,0.00229446,0.000111281,9.90982e-06,0.0868395,0.00568852,0.125684,0.116096,0.103856,1.04583,228,10,0.995177,0.995218,0.995218,0.994949,7.35213e-05,3.20386e-08,6.60921e-05,0.000126335
ERF_Log_File_20250512_2145.csv,ig_zn_diff,13,fmfpe,12,2,filled_square,2.4um_lp,ERF_OSA207_Spectra_20250512_2144.csv,1.43114e+09,4.1656,0.000179992,0.80748,0.00140304,32.5005,3.03998,2.99604e-05,0.00907847,2,0.0793143,0.000557826,3.017,0,6.35e-06,0.000289,8.31e-05,7.51e-06,0,6.93e-06,0.000348226,6.18e-05,2.89e-05,5.77e-06,2.54e-05,9.24e-06,7.38156e-05,4.04e-05,0.621872,0.000288183,0.959023,0.802054,0.000230044,5.32356e-06,0.000352521,0.000295539,149.947,0.0550785,-0.000717441,5.88526e-05,0.000163331,5.88548e-05,0.00415245,0.000255047,0.0113892,0.000255047,-3.3703e-05,1.10511e-06,0.0323888,0.00582883,0.0136325,0.0227182,0.192202,1.01238,228,10,0.99518,0.994913,0.994913,0.994818,8.70246e-05,2.36199e-08,7.86031e-05,0.000132642
ERF_Log_File_20250512_2218.csv,ig_zn_diff,13,fmfpe,12,2,filled_square,2.4um_lp,ERF_OSA207_Spectra_20250512_2218.csv,1.43115e+09,2.56865,8.24216e-05,0.863364,0.000255432,32.4999,3.43804,3.14652e-05,0.0125549,2,0.105272,0.000527801,3.394,0,6.35e-06,0.000289,8.31e-05,7.51e-06,0,6.93e-06,0.000393297,6.18e-05,2.89e-05,5.77e-06,2.54e-05,9.24e-06,9.69352e-05,4.04e-05,0.618209,0.000221352,0.96186,0.788773,0.00022202,4.31675e-06,0.000345235,0.00028317,172.305,0.0617859,-0.000941592,5.39937e-05,0.000101392,5.3995e-05,0.00393555,0.000210624,0.011075,0.000210624,9.89271e-06,9.12491e-07,0.015446,0.00534614,0.0183331,0.0163907,0.20979,1.04492,228,10,0.995151,0.994479,0.994479,0.994616,0.000106344,2.21167e-08,9.61056e-05,0.000145224
ERF_Log_File_20250512_2252.csv,ig_zn_diff,13,fmfpe,12,2,filled_square,2.4um_lp,ERF_OSA207_Spectra_20250512_2251.csv,1.43115e+09,2.5074,0.00012456,0.88437,0.00166461,32.4998,3.52842,3.1697e-05,0.0128968,2,0.112771,0.000485384,3.483,0,6.35e-06,0.000289,8.31e-05,7.51e-06,0,6.93e-06,0.000403823,6.18e-05,2.89e-05,5.77e-06,2.54e-05,9.24e-06,9.75489e-05,4.04e-05,0.596153,0.000220311,0.961581,0.733933,0.000261349,3.3227e-06,0.000419376,0.000325567,164.288,0.0713474,-0.000816452,8.10715e-05,-0.000148467,8.10859e-05,0.00426857,0.000660141,0.0117182,0.00066014,-5.13747e-05,2.85988e-06,0.0543022,0.00405433,0.0317019,0.0664743,0.253557,0.978306,228,10,0.995141,0.994374,0.994374,0.994566,0.000107082,2.29792e-08,0.000100296,0.000138467
ERF_Log_File_20250513_0731.csv,ig_zn_diff,13,fmfpe,12,2,filled_square,2.4um_lp,ERF_OSA207_Spectra_20250513_0731.csv,1.43118e+09,2.35944,0.000129384,0.890749,0.00571353,32.501,3.61191,3.40647e-05,0.0121031,2,0.122113,0.000512266,3.575,0,6.35e-06,0.000289,8.31e-05,7.51e-06,0,6.93e-06,0.00041317,6.18e-05,2.89e-05,5.77e-06,2.54e-05,9.24e-06,8.87791e-05,4.04e-05,0.567029,0.000221354,0.961293,0.663739,0.00042353,7.28847e-06,0.000718698,0.000495895,151.56,0.113176,-0.000879614,8.63737e-05,7.65711e-05,8.63745e-05,0.00435322,0.000267367,0.0118197,0.000267367,-0.000109989,1.15827e-06,0.00969214,0.00795345,0.039989,0.0168575,0.384133,1.04092,228,10,0.995131,0.994275,0.994275,0.994519,0.000105872,2.40062e-08,0.000104254,0.000128071
ERF_Log_File_20250513_0805.csv,ig_zn_diff,13,fmfpe,12,2,filled_square,2.4um_lp,ERF_OSA207_Spectra_20250513_0805.csv,1.43118e+09,4.03373,0.000187276,0.880877,0.00180392,32.502,3.69664,3.90877e-05,0.011679,2,0.12998,0.000548937,3.669,0,6.35e-06,0.000289,8.31e-05,7.51e-06,0,6.93e-06,0.000423265,6.18e-05,2.89e-05,5.77e-06,2.54e-05,9.24e-06,7.98782e-05,4.04e-05,0.53087,0.000257868,0.961636,0.582917,0.000320546,6.47703e-06,0.000579839,0.000351753,129.562,0.0780863,-0.000930784,8.47382e-05,0.000142875,8.47397e-05,0.00389373,0.000303813,0.0115902,0.000303812,-3.58852e-05,1.31643e-06,0.0179584,0.00602829,0.016344,0.0162122,0.264437,1.04577,228,10,0.995119,0.994173,0.994173,0.994471,0.000102976,2.90763e-08,0.000108431,0.00011506
ERF_Log_File_20250513_0838.csv,ig_zn_diff,13,fmfpe,12,2,filled_square,2.4um_lp,ERF_OSA207_Spectra_20250513_0838.csv,1.43118e+09,3.62636,0.00022222,0.880715,0.00188237,32.502,3.79262,4.13733e-05,0.0115514,2,0.137698,0.00058429,3.767,0,6.35e-06,0.000289,8.31e-05,7.51e-06,0,6.93e-06,0.000433732,6.18e-05,2.89e-05,5.77e-06,2.54e-05,9.24e-06,6.97969e-05,4.04e-05,0.502646,0.000291388,0.961073,0.523179,0.000375039,7.23179e-06,0.000716928,0.000390419,115.584,0.0861755,-0.000955427,9.95402e-05,-6.04538e-05,9.95416e-05,0.0038204,0.000339676,0.0117527,0.000339675,-4.81179e-05,1.47165e-06,0.011925,0.00600402,0.0193612,0.0138118,0.294493,1.0456,228,10,0.995106,0.994055,0.994055,0.994415,0.000101665,3.43084e-08,0.000113158,0.000105944
ERF_Log_File_20250513_0951.csv,ig_zn_diff,13,fmfpe,12,2,filled_square,7.3um_lp,ERF_OSA207_Spectra_20250513_0951.csv,1.43119e+09,3.96183,0.000243383,0.860906,0.00232224,32.5004,8.53111,0.00158719,0.00622215,2,0.429473,0.018065,7.906,0,6.35e-06,0.000289,8.31e-05,7.51e-06,0,6.93e-06,0.000975788,6.18e-05,2.89e-05,5.77e-06,2.54e-05,9.24e-06,6.07146e-05,4.04e-05,5.04857e-05,0.560252,0.967246,-4.78814e-05,2.38198e-05,0.00202708,0.00349956,2.72133e-05,30.1891,0.109221,-0.00182926,0.00023007,-5.50244e-05,0.00023007,0.00326439,0.000608012,0.0145221,0.000608011,5.37766e-05,2.63421e-06,0.00517005,0.00561618,0.00759349,0.00590475,0.375054,1.04495,228,10,0.994694,0.98753,0.98753,0.99368,1.98795e-08,0.000263171,0.00045435,-1.30952e-08
ERF_Log_File_20250513_1027.csv,ig_zn_diff,13,fmfpe,12,2,filled_square,7.3um_lp,ERF_OSA207_Spectra_20250513_1027.csv,1.43119e+09,3.43107,0.000245774,0.913849,0.0232523,32.5006,9.31805,0.000470155,0.00636877,2,0.549903,0.00550417,8.679,0,6.35e-06,0.000289,8.31e-05,7.51e-06,0,6.93e-06,0.001066,6.18e-05,2.89e-05,5.77e-06,2.54e-05,9.24e-06,4.7521e-05,4.04e-05,8.80814e-05,0.556817,0.968581,-6.72132e-05,2.50907e-05,0.000899643,0.00156744,3.68858e-05,25.8085,0.0415602,-0.00184118,0.000296562,0.000342007,0.000296591,0.0028103,0.00215261,0.0172686,0.00215261,0.000833135,9.32771e-06,0.0046647,0.0135898,0.0286551,0.00682364,0.140843,1.04587,228,10,0.994694,0.986418,0.986418,0.99368,3.46834e-08,0.000301966,0.000525269,-1.83823e-08
ERF_Log_File_20250513_1101.csv,ig_zn_diff,13,fmfpe,12,2,filled_square,7.3um_lp,ERF_OSA207_Spectra_20250513_1100.csv,1.43119e+09,3.21268,0.000254759,0.848338,0.00751764,32.5002,9.8698,0.000601885,0.00684717,2,0.602752,0.0064331,9.178,0,6.35e-06,0.000289,8.31e-05,7.51e-06,0,6.93e-06,0.0011292,6.18e-05,2.89e-05,5.77e-06,2.54e-05,9.24e-06,2.36071e-05,4.04e-05,5.15477e-05,0.581822,0.970726,2.96618e-05,2.07754e-05,0.0025448,0.00424581,3.31646e-05,24.029,0.105093,-0.00162365,0.000278296,0.000179127,0.000278296,0.00284652,0.000735514,0.0183265,0.000735513,-0.000281129,3.18643e-06,0.00358485,0.00487542,0.00826911,0.00573253,0.36179,1.04532,228,10,0.994694,0.985639,0.985639,0.99368,2.02977e-08,0.000346099,0.00057744,8.1123e-09
ERF_Log_File_20250513_1134.csv,ig_zn_diff,13,fmfpe,12,2,filled_square,7.3um_lp,ERF_OSA207_Spectra_20250513_1134.csv,1.43119e+09,3.17116,0.000254607,0.861502,0.00240436,32.5007,10.4876,0.00064253,0.00714527,2,0.712118,0.0054962,9.785,0,6.35e-06,0.000289,8.31e-05,7.51e-06,0,6.93e-06,0.00119949,6.18e-05,2.89e-05,5.77e-06,2.54e-05,9.24e-06,7.03806e-05,4.04e-05,8.90822e-05,0.623965,0.971162,-6.98268e-05,2.07316e-05,0.00234987,0.0036573,3.74614e-05,24.7827,0.0933252,-0.000940226,0.000243445,0.000653934,0.000243446,0.000800125,0.000644631,0.0153665,0.00064463,-5.5688e-05,2.79246e-06,0.00369311,0.00558782,0.00651363,0.00667627,0.324656,1.04452,228,10,0.994694,0.984768,0.984768,0.99368,3.50775e-08,0.0004088,0.000636271,-1.90972e-08
ERF_Log_File_20250513_1230.csv,ig_zn_diff,13,fmfpe,12,2,filled_square,7.3um_lp,ERF_OSA207_Spectra_20250513_1230.csv,1.4312e+09,3.48731,0.000208953,0.867875,0.00280283,32.4996,9.32768,0.000433169,0.00609777,2,0.553251,0.00556349,8.679,0,6.35e-06,0.000289,8.31e-05,7.51e-06,0,6.93e-06,0.00106718,6.18e-05,2.89e-05,5.77e-06,2.54e-05,9.24e-06,4.71036e-05,4.04e-05,4.22719e-05,0.556322,0.967499,-9.4341e-05,2.33524e-05,0.000932957,0.00162207,3.35152e-05,25.8192,0.043282,-0.00173648,0.000168018,0.000300495,0.000168018,0.00359897,0.000488645,0.0173408,0.000488644,0.000118036,2.11676e-06,0.0043346,0.00487813,0.00471109,0.00621657,0.14644,1.04555,228,10,0.994694,0.986404,0.986404,0.99368,1.66452e-08,0.000302202,0.000525558,-2.58016e-08
ERF_Log_File_20250513_1314.csv,ig_zn_diff,13,fmfpe,12,2,filled_square,7.3um_lp,ERF_OSA207_Spectra_20250513_1314.csv,1.4312e+09,3.7757,0.000268823,0.872235,0.00151882,32.5009,11.777,0.00054729,0.00786655,2,0.903044,0.00844727,10.95,0,6.35e-06,0.000289,8.31e-05,7.51e-06,0,6.93e-06,0.00134837,6.18e-05,2.89e-05,5.77e-06,2.54e-05,9.24e-06,0.000102171,4.04e-05,7.0614e-05,0.619483,0.965892,-3.11715e-05,1.77494e-05,0.00214376,0.00334223,2.56216e-05,19.5568,0.0676689,-0.00118945,0.000221399,0.000303121,0.000221399,0.00286189,0.000585526,0.0202333,0.000585525,-7.24506e-05,2.53662e-06,0.00249527,0.00497459,0.00422387,0.00360382,0.234028,1.04438,228,10,0.994694,0.982954,0.982954,0.99368,2.78053e-08,0.000486627,0.000758743,-8.52518e-09
ERF_Log_File_20250513_1351.csv,ig_zn_diff,13,fmfpe,12,2,filled_square,3.6um_lp,ERF_OSA207_Spectra_20250513_1351.csv,1.4312e+09,2.43835,0.000191662,0.875136,0.000950914,32.4997,3.98812,5.6631e-05,0.0100755,2,0.14212,0.000862696,3.971,0,6.35e-06,0.000289,8.31e-05,7.51e-06,0,6.93e-06,0.00045582,6.18e-05,2.89e-05,5.77e-06,2.54e-05,9.24e-06,4.92612e-05,4.04e-05,0.478488,0.000387732,0.967754,0.472148,0.000565137,5.79163e-06,0.00114323,0.000560753,72.6431,0.0857717,-0.000708861,0.000147009,1.02611e-05,0.00014701,0.00302373,0.000475624,0.0122998,0.000475623,1.83775e-05,2.06064e-06,0.00721511,0.00301617,0.0184423,0.0319124,0.298958,1.04423,228,10,0.995076,0.993811,0.993811,0.994299,0.000104927,4.97262e-08,0.000124113,0.000100663
ERF_Log_File_20250513_1425.csv,ig_zn_diff,13,fmfpe,12,2,filled_square,3.6um_lp,ERF_OSA207_Spectra_20250513_1425.csv,1.4312e+09,5.03321,0.000219838,0.854665,0.00542357,32.4998,5.17848,5.41003e-05,0.0132972,2,0.180674,0.00113135,5.063,0,6.35e-06,0.000289,8.31e-05,7.51e-06,0,6.93e-06,0.00059284,6.18e-05,2.89e-05,5.77e-06,2.54e-05,9.24e-06,3.39112e-05,4.04e-05,9.16652e-05,0.774208,0.969554,4.95972e-05,9.33844e-06,0.00130558,0.00163487,8.9956e-06,50.6182,0.0853466,-0.00100015,0.000130129,-6.57931e-06,0.000130129,0.00333346,0.000353864,0.011359,0.000353864,0.000124021,1.53268e-06,0.00341346,0.00848355,0.00672844,0.003286,0.319921,1.03601,228,10,0.994857,0.99223,0.99223,0.99368,2.96767e-08,0.000155912,0.000195252,1.35645e-08
ERF_Log_File_20250513_1611.csv,ig_zn_diff,13,fmfpe,12,2,filled_square,3.6um_lp,ERF_OSA207_Spectra_20250513_1610.csv,1.43121e+09,3.36716,0.0001512,0.867348,0.000639311,32.5011,10.3914,0.000642601,0.00846886,2,0.692858,0.0057555,9.785,0,6.35e-06,0.000289,8.31e-05,7.51e-06,0,6.93e-06,0.00118341,6.18e-05,2.89e-05,5.77e-06,2.54e-05,9.24e-06,6.00384e-05,4.04e-05,8.5615e-05,0.62212,0.967672,-7.97862e-05,1.55708e-05,0.00318218,0.00494967,2.97213e-05,26.7012,0.136576,-0.00165772,0.000144992,0.000529428,0.000144992,-0.000105105,0.000366325,0.0187344,0.000366324,2.3728e-05,1.58715e-06,0.00298813,0.00345053,0.0039525,0.0057046,0.464227,1.04471,228,10,0.994694,0.984904,0.984904,0.99368,3.37122e-08,0.000401685,0.000624798,-2.1821e-08
ERF_Log_File_20250513_1644.csv,ig_zn_diff,13,fmfpe,12,2,filled_square,3.6um_lp,ERF_OSA207_Spectra_20250513_1644.csv,1.43121e+09,4.96216,0.000230981,0.839007,0.00235072,32.4999,5.18191,7.49853e-05,0.0134135,2,0.180453,0.00140566,5.063,0,6.35e-06,0.000289,8.31e-05,7.51e-06,0,6.93e-06,0.000593244,6.18e-05,2.89e-05,5.77e-06,2.54e-05,9.24e-06,3.40769e-05,4.04e-05,0.000100339,0.775947,0.970839,2.41013e-05,9.32448e-06,0.000414272,0.000518249,1.1439e-05,49.6612,0.0264914,-0.00110883,8.02146e-05,0.000445183,8.02164e-05,0.00348511,0.000312304,0.0118146,0.000312303,1.77692e-05,1.35319e-06,0.00332749,0.0060588,0.00689193,0.00408172,0.0897667,1.04586,228,10,0.994857,0.992225,0.992225,0.99368,3.25147e-08,0.000156442,0.000195735,6.59153e-09
ERF_Log_File_20250513_1718.csv,ig_zn_diff,13,fmfpe,12,2,filled_square,3.6um_lp,ERF_OSA207_Spectra_20250513_1717.csv,1.43121e+09,2.19588,0.000116462,0.854585,0.00166149,32.5003,4.85668,5.13475e-05,0.0122868,2,0.159695,0.00112626,4.792,0,6.35e-06,0.000289,8.31e-05,7.51e-06,0,6.93e-06,0.000555563,6.18e-05,2.89e-05,5.77e-06,2.54e-05,9.24e-06,4.66099e-05,4.04e-05,0.0157304,0.363326,0.964638,0.00318333,2.49689e-05,0.000551323,0.00146277,1.1955e-05,58.223,0.0882853,-0.000491534,0.00010552,0.000223755,0.000105521,0.00376133,0.000282155,0.0128672,0.000282155,2.8009e-05,1.22234e-06,0.0030909,0.00902427,0.00534827,0.00458641,0.29963,1.04107,228,10,0.99492,0.992668,0.992668,0.993768,4.65131e-06,6.54622e-05,0.000173803,8.42115e-07
ERF_Log_File_20250513_1751.csv,ig_zn_diff,13,fmfpe,12,2,filled_square,3.6um_lp,ERF_OSA207_Spectra_20250513_1751.csv,1.43122e+09,4.91579,0.0002213,0.831241,0.000960847,32.5,5.31671,6.68843e-05,0.0138087,2,0.186099,0.00125185,5.206,0,6.35e-06,0.000289,8.31e-05,7.51e-06,0,6.93e-06,0.000608293,6.18e-05,2.89e-05,5.77e-06,2.54e-05,9.24e-06,4.05737e-05,4.04e-05,4.37922e-05,0.771822,0.967316,7.42195e-07,6.69223e-06,0.000702949,0.000880892,1.49016e-05,48.3727,0.0440441,-0.0012256,9.2195e-05,0.000167135,9.21953e-05,0.00403393,0.000269115,0.0122411,0.000269114,-1.56306e-05,1.16619e-06,0.00232618,0.0057308,0.00528218,0.00518027,0.149587,1.04567,228,10,0.99483,0.99204,0.99204,0.99368,1.47015e-08,0.000162692,0.0002039,2.02985e-10
ERF_Log_File_20250513_1825.csv,ig_zn_diff,13,fmfpe,12,2,filled_square,3.6um_lp,ERF_OSA207_Spectra_20250513_1824.csv,1.43122e+09,4.74202,0.000149333,0.854772,0.000773058,32.4997,7.66396,0.000184631,0.00773574,2,0.347673,0.00226267,7.225,0,6.35e-06,0.000289,8.31e-05,7.51e-06,0,6.93e-06,0.000876382,6.18e-05,2.89e-05,5.77e-06,2.54e-05,9.24e-06,6.73458e-05,4.04e-05,5.26934e-05,0.531098,0.963999,-3.85733e-06,8.63407e-06,0.00191703,0.00347956,2.05876e-05,38.2021,0.137889,-0.00154021,0.000142804,0.000281332,0.000142804,0.00245202,0.000364502,0.0154127,0.000364501,-1.96477e-05,1.57936e-06,0.00236991,0.00413182,0.00571989,0.00565299,0.472418,1.04538,228,10,0.994694,0.988754,0.988754,0.99368,2.07488e-08,0.000208928,0.000379227,-1.05495e-09
ERF_Log_File_20250513_1858.csv,ig_zn_diff,13,fmfpe,12,2,filled_square,3.6um_lp,ERF_OSA207_Spectra_20250513_1858.csv,1.43122e+09,3.90933,0.000162979,0.822035,0.000814199,32.4998,7.05727,0.000148096,0.00989947,2,0.303841,0.00246813,6.728,0,6.35e-06,0.000289,8.31e-05,7.51e-06,0,6.93e-06,0.000806995,6.18e-05,2.89e-05,5.77e-06,2.54e-05,9.24e-06,8.05268e-05,4.04e-05,0.000178593,0.577255,0.966735,0.000130132,9.29723e-06,0.00165487,0.00277137,2.30708e-05,33.1101,0.094916,-0.000833371,0.000124774,-0.000134102,0.000124774,0.00282906,0.00031991,0.0144978,0.000319909,-6.26218e-05,1.38627e-06,0.00221003,0.00361384,0.00416633,0.00549378,0.324925,1.04412,228,10,0.994694,0.98961,0.98961,0.99368,7.03237e-08,0.000197725,0.000331133,3.55903e-08
ERF_Log_File_20250513_1932.csv,ig_zn_diff,13,fmfpe,12,2,filled_square,3.6um_lp,ERF_OSA207_Spectra_20250513_1931.csv,1.43122e+09,5.0688,0.000220222,0.777204,0.00263811,32.4985,6.45238,0.000260706,0.0146487,2,0.291229,0.00164921,6.257,0,6.35e-06,0.000289,8.31e-05,7.51e-06,0,6.93e-06,0.000738144,6.18e-05,2.89e-05,5.77e-06,2.54e-05,9.24e-06,7.72446e-05,4.04e-05,0.00122245,0.621098,0.966574,0.0010722,1.40689e-05,0.00103965,0.00161776,2.33861e-05,23.101,0.0386587,-0.00158818,0.000165986,0.00031281,0.000165986,0.00248026,0.000480985,0.0132955,0.000480985,6.83103e-05,2.08354e-06,0.00231098,0.00391947,0.00453223,0.0038697,0.130964,1.04587,228,10,0.994694,0.99046,0.99046,0.99368,4.81359e-07,0.000182715,0.000284347,2.9324e-07
ERF_Log_File_20250513_2016.csv,ig_zn_diff,13,fmfpe,12,2,filled_square,3.6um_lp,ERF_OSA207_Spectra_20250513_2015.csv,1.43123e+09,5.41302,0.000241612,0.869067,0.00269811,32.4999,4.72174,5.53943e-05,0.0123277,2,0.15234,0.00116767,4.663,0,6.35e-06,0.000289,8.31e-05,7.51e-06,0,6.93e-06,0.000539796,6.18e-05,2.89e-05,5.77e-06,2.54e-05,9.24e-06,6.66664e-05,4.04e-05,0.110858,0.0782463,0.965722,0.0357801,0.000200991,0.00014572,0.00173324,7.51459e-05,58.7153,0.105377,-0.00078182,0.00011216,0.000261402,0.00011216,0.00344472,0.000295815,0.0135148,0.000295815,2.82483e-05,1.2816e-06,0.0120665,0.0164107,0.0056435,0.0164865,0.364374,1.04422,228,10,0.994946,0.99285,0.99285,0.993851,3.14668e-05,1.34257e-05,0.0001657,9.16753e-06
ERF_Log_File_20250513_2100.csv,ig_zn_diff,13,fmfpe,12,2,filled_square,3.6um_lp,ERF_OSA207_Spectra_20250513_2100.csv,1.43123e+09,5.09763,0.000237542,0.875067,0.00465293,32.4995,4.58424,6.21448e-05,0.0120239,2,0.145773,0.00124841,4.538,0,6.35e-06,0.000289,8.31e-05,7.51e-06,0,6.93e-06,0.000524164,6.18e-05,2.89e-05,5.77e-06,2.54e-05,9.24e-06,8.7103e-05,4.04e-05,0.202867,0.0132282,0.96676,0.0879967,0.000184016,1.92712e-05,0.000876755,8.12194e-05,56.4734,0.0512024,-0.000813163,0.000109469,5.91107e-05,0.00010947,0.00318108,0.000347252,0.013073,0.000347251,0.000150193,1.50474e-06,0.00226077,0.00614687,0.00779463,0.0062048,0.185042,1.03841,228,10,0.994972,0.993034,0.993034,0.993936,5.5129e-05,2.15642e-06,0.000157598,2.18106e-05
ERF_Log_File_20250513_2134.csv,ig_zn_diff,13,fmfpe,12,2,filled_square,3.6um_lp,ERF_OSA207_Spectra_20250513_2133.csv,1.43123e+09,4.64673,0.000181939,0.814222,0.00157073,32.4995,5.50543,6.53809e-05,0.0156876,2,0.190578,0.00143906,5.406,0,6.35e-06,0.000289,8.31e-05,7.51e-06,0,6.93e-06,0.000629557,6.18e-05,2.89e-05,5.77e-06,2.54e-05,9.24e-06,4.9669e-05,4.04e-05,0.000106945,0.745549,0.967573,1.42143e-05,9.54372e-06,0.000941796,0.00122224,1.50975e-05,44.7135,0.0564759,-0.000764003,0.000106405,0.000266103,0.000106405,0.00427085,0.000294563,0.0131872,0.000294562,3.76819e-05,1.27629e-06,0.00307546,0.00466601,0.00595795,0.00486457,0.213098,1.03967,228,10,0.994792,0.99178,0.99178,0.99368,3.76369e-08,0.000166938,0.000216652,3.88751e-09
ERF_Log_File_20250513_2207.csv,ig_zn_diff,13,fmfpe,12,2,filled_square,3.6um_lp,ERF_OSA207_Spectra_20250513_2207.csv,1.43123e+09,2.97493,0.000130667,0.768422,0.00167643,32.5007,6.00576,7.07691e-05,0.0162108,2,0.238224,0.00148471,5.841,0,6.35e-06,0.000289,8.31e-05,7.51e-06,0,6.93e-06,0.000687237,6.18e-05,2.89e-05,5.77e-06,2.54e-05,9.24e-06,7.35529e-05,4.04e-05,0.000295246,0.586648,0.964689,0.000113897,1.37703e-05,0.000771824,0.00126907,2.44332e-05,27.6737,0.0363982,-0.00144071,0.000142421,-0.000155678,0.000142422,0.0035152,0.000427011,0.0125418,0.00042701,5.61186e-05,1.85018e-06,0.00273842,0.00377646,0.00489778,0.00485914,0.123224,1.04522,228,10,0.994694,0.991085,0.991085,0.99368,1.16257e-07,0.000152622,0.000250973,3.11501e-08
ERF_Log_File_20250513_2241.csv,ig_zn_diff,13,fmfpe,12,2,filled_square,3.6um_lp,ERF_OSA207_Spectra_20250513_2240.csv,1.43123e+09,4.12176,0.00017834,0.800331,0.000879181,32.4998,5.60639,0.000101378,0.0163528,2,0.199487,0.00153963,5.51,0,6.35e-06,0.000289,8.31e-05,7.51e-06,0,6.93e-06,0.000641735,6.18e-05,2.89e-05,5.77e-06,2.54e-05,9.24e-06,5.4535e-05,4.04e-05,0.00021113,0.705176,0.965798,9.71912e-05,8.42223e-06,0.000878793,0.00120348,1.59033e-05,39.6268,0.0493742,-0.00112325,0.000106394,0.000379092,0.000106394,0.00386505,0.000295448,0.0126622,0.000295447,4.14358e-06,1.28015e-06,0.00240242,0.00497981,0.00445495,0.00453826,0.167947,1.04119,228,10,0.994772,0.99164,0.99164,0.99368,7.6123e-08,0.000162937,0.000223156,2.65811e-08
ERF_Log_File_20250513_2314.csv,ig_zn_diff,13,fmfpe,12,2,filled_square,3.6um_lp,ERF_OSA207_Spectra_20250513_2314.csv,1.43124e+09,4.5081,0.000253272,0.874288,0.00233481,32.4997,4.46236,6.05362e-05,0.0116387,2,0.135528,0.00133002,4.418,0,6.35e-06,0.000289,8.31e-05,7.51e-06,0,6.93e-06,0.000510823,6.18e-05,2.89e-05,5.77e-06,2.54e-05,9.24e-06,9.5737e-05,4.04e-05,0.189921,0.00362993,0.964138,0.0764003,0.000106527,8.70236e-06,0.000540187,4.44639e-05,51.3059,0.0286584,-0.0010129,0.000101712,0.000191763,0.000101723,0.00363599,0.000683881,0.0126086,0.00068388,-1.94608e-05,2.96309e-06,0.00368288,0.00312464,0.0144819,0.00464788,0.0971996,1.04352,228,10,0.994994,0.993196,0.993196,0.994011,4.95713e-05,5.64779e-07,0.00015001,1.83782e-05
ERF_Log_File_20250513_2348.csv,ig_zn_diff,13,fmfpe,12,2,filled_square,3.6um_lp,ERF_OSA207_Spectra_20250513_2347.csv,1.43124e+09,3.88481,0.000314848,0.888094,0.00346822,32.5001,4.12466,6.34684e-05,0.012745,2,0.107255,0.00135768,4.077,0,6.35e-06,0.000289,8.31e-05,7.51e-06,0,6.93e-06,0.000471478,6.18e-05,2.89e-05,5.77e-06,2.54e-05,9.24e-06,6.08806e-05,4.04e-05,0.403136,0.000692646,0.963313,0.337368,0.000188481,8.20497e-06,0.000447314,0.000161428,45.9047,0.0212395,-0.000692735,8.62136e-05,0.000345597,8.62286e-05,0.002528,0.000689836,0.0118603,0.000689835,2.66692e-05,2.98869e-06,0.00882669,0.00270483,0.0123832,0.0136476,0.0716238,1.04554,228,10,0.995054,0.993636,0.993636,0.994217,9.32309e-05,9.41023e-08,0.000130875,7.45204e-05
ERF_Log_File_20250514_0021.csv,ig_zn_diff,13,fmfpe,12,2,filled_square,3.6um_lp,ERF_OSA207_Spectra_20250514_0021.csv,1.43124e+09,4.51805,0.000134146,0.850553,0.000893057,32.4998,7.39607,0.000143957,0.0083457,2,0.332563,0.00183133,6.966,0,6.35e-06,0.000289,8.31e-05,7.51e-06,0,6.93e-06,0.000845691,6.18e-05,2.89e-05,5.77e-06,2.54e-05,9.24e-06,7.31659e-05,4.04e-05,8.63373e-05,0.545387,0.965993,1.4414e-05,8.36075e-06,0.000632376,0.00111971,1.50237e-05,37.1642,0.0430705,-0.00124612,0.000130245,0.000286316,0.000130246,0.00316062,0.000397283,0.0142525,0.000397282,4.31706e-07,1.7215e-06,0.00223637,0.0055143,0.00537155,0.00401885,0.147513,1.0423,228,10,0.994694,0.989132,0.989132,0.99368,3.39966e-08,0.00020215,0.000358049,3.94213e-09
ERF_Log_File_20250514_0623.csv,ig_zn_diff,13,fmfpe,12,2,filled_square,3.6um_lp,ERF_OSA207_Spectra_20250514_0623.csv,1.43126e+09,5.3571,0.000211332,0.861204,0.00224033,32.5002,5.01784,7.65007e-05,0.0123853,2,0.170411,0.00115429,4.928,0,6.35e-06,0.000289,8.31e-05,7.51e-06,0,6.93e-06,0.000573933,6.18e-05,2.89e-05,5.77e-06,2.54e-05,9.24e-06,2.61691e-05,4.04e-05,0.000662362,0.730438,0.966735,0.000135601,6.26553e-06,0.000427778,0.000567623,1.16359e-05,55.3111,0.032361,-0.00114528,9.87758e-05,7.38819e-05,9.87802e-05,0.00395072,0.000485016,0.0117311,0.000485016,1.66269e-05,2.10071e-06,0.00249729,0.00661526,0.0207367,0.00464658,0.110718,1.03583,228,10,0.994889,0.992449,0.992449,0.99368,2.05185e-07,0.000139274,0.00018433,3.70858e-08
ERF_Log_File_20250514_0657.csv,ig_zn_diff,13,fmfpe,12,2,filled_square,3.6um_lp,ERF_OSA207_Spectra_20250514_0657.csv,1.43126e+09,3.22639,0.000182275,0.796849,0.009329,32.4997,5.78562,6.3619e-05,0.0183297,2,0.215156,0.00149709,5.676,0,6.35e-06,0.000289,8.31e-05,7.51e-06,0,6.93e-06,0.000661925,6.18e-05,2.89e-05,5.77e-06,2.54e-05,9.24e-06,6.31729e-05,4.04e-05,0.00034365,0.607967,0.964093,0.000127155,9.76379e-06,0.000722884,0.00114658,2.26426e-05,31.1488,0.0370145,-0.00106339,0.000174701,0.000277531,0.000174705,0.00364418,0.000659738,0.01253,0.000659737,0.000382117,2.85771e-06,0.00218593,0.00556034,0.0103453,0.00506203,0.125398,1.04587,228,10,0.994736,0.991392,0.991392,0.99368,1.29128e-07,0.000148319,0.000235198,3.4776e-08
ERF_Log_File_20250514_0731.csv,ig_zn_diff,13,fmfpe,12,2,filled_square,3.6um_lp,ERF_OSA207_Spectra_20250514_0730.csv,1.43127e+09,4.61656,0.000159504,0.856839,0.00135346,32.4999,8.0107,0.000223777,0.00710435,2,0.421142,0.00221807,7.566,0,6.35e-06,0.000289,8.31e-05,7.51e-06,0,6.93e-06,0.000915842,6.18e-05,2.89e-05,5.77e-06,2.54e-05,9.24e-06,6.00584e-05,4.04e-05,4.79655e-05,0.544886,0.970783,1.87146e-05,1.01461e-05,0.00125549,0.00223673,1.79128e-05,35.3169,0.0813684,-0.00186332,0.000140002,0.000211069,0.000140002,0.00423912,0.000368114,0.0151698,0.000368113,3.5349e-05,1.59435e-06,0.00257543,0.00410513,0.00523838,0.00454618,0.278691,1.04543,228,10,0.994694,0.988265,0.988265,0.99368,1.88871e-08,0.00023072,0.000411057,5.11832e-09
ERF_Log_File_20250514_0918.csv,ig_zn_diff,13,fmfpe,12,2,filled_square,3.6um_lp,ERF_OSA207_Spectra_20250514_0918.csv,1.43127e+09,3.37769,0.000163664,0.865173,0.00239877,33.8002,10.3977,0.000613467,0.00862999,2,0.691992,0.00562686,9.785,0,6.35e-06,0.000289,8.31e-05,7.51e-06,0,6.93e-06,0.00118393,6.18e-05,2.89e-05,5.77e-06,2.54e-05,9.24e-06,6.07242e-05,4.04e-05,-7.51393e-05,0.624469,0.971671,8.95475e-05,1.35885e-05,0.00214713,0.00334082,2.22405e-05,26.6266,0.0915449,-0.00130693,0.000198126,-4.04052e-05,0.000198126,0.000596609,0.000518181,0.018319,0.00051818,-9.54561e-05,2.2446e-06,0.00260107,0.00498784,0.00545709,0.00425998,0.314042,1.04392,228,10,0.994694,0.984895,0.984895,0.99368,-2.95872e-08,0.000403595,0.000627991,2.44906e-08
ERF_Log_File_20250514_0952.csv,ig_zn_diff,13,fmfpe,12,2,filled_square,3.6um_lp,ERF_OSA207_Spectra_20250514_0951.csv,1.43127e+09,2.21115,0.000129478,0.854258,0.00130566,33.8003,4.85661,4.50797e-05,0.012166,2,0.159934,0.00105482,4.792,0,6.35e-06,0.000289,8.31e-05,7.51e-06,0,6.93e-06,0.000555554,6.18e-05,2.89e-05,5.77e-06,2.54e-05,9.24e-06,4.66204e-05,4.04e-05,0.0156405,0.363134,0.968888,0.00321411,1.99845e-05,0.000417051,0.00110553,1.41738e-05,58.3116,0.0665271,-0.000931416,0.00012452,4.9977e-05,0.000124521,0.00331396,0.000374653,0.0123293,0.000374653,2.22745e-05,1.62277e-06,0.0038966,0.022535,0.00515908,0.00599841,0.257195,0.955384,228,10,0.99492,0.992668,0.992668,0.993768,4.62463e-06,6.54259e-05,0.000174565,8.50244e-07
ERF_Log_File_20250514_1028.csv,ig_zn_diff,13,fmfpe,12,2,filled_square,3.6um_lp,ERF_OSA207_Spectra_20250514_1027.csv,1.43128e+09,4.14624,0.000157308,0.862663,0.00150204,33.8003,8.45568,0.000233642,0.00733627,2,0.441887,0.00298094,7.906,0,6.35e-06,0.000289,8.31e-05,7.51e-06,0,6.93e-06,0.000967392,6.18e-05,2.89e-05,5.77e-06,2.54e-05,9.24e-06,6.06195e-05,4.04e-05,-5.05846e-05,0.561775,0.96932,5.74812e-05,1.01732e-05,0.00180481,0.00311402,1.87369e-05,31.7079,0.10186,-0.00171297,0.000190424,-5.01519e-05,0.000190424,0.00384706,0.000499409,0.0152557,0.000499408,8.56606e-07,2.16274e-06,0.00231776,0.00511663,0.00640485,0.00426914,0.344796,1.04568,228,10,0.994694,0.987636,0.987636,0.99368,-1.99184e-08,0.000260067,0.000448735,1.57207e-08
ERF_Log_File_20250514_1111.csv,ig_zn_diff,13,fmfpe,12,2,filled_square,3.6um_lp,ERF_OSA207_Spectra_20250514_1110.csv,1.43128e+09,4.09147,0.000187814,0.300076,0.000263215,33.8001,5.17886,7.14183e-05,0.0051644,2,0.173293,0.00163215,5.063,0,6.35e-06,0.000289,8.31e-05,7.51e-06,0,6.93e-06,0.000592892,6.18e-05,2.89e-05,5.77e-06,2.54e-05,9.24e-06,3.39296e-05,4.04e-05,-1.77547e-05,0.777798,0.974775,7.96625e-05,1.54303e-05,0.00352225,0.00441422,3.15094e-05,20.6647,0.0935776,-0.00116406,0.000176152,0.000631443,0.000176153,0.00393747,0.000449305,0.0131433,0.000449305,-2.42884e-06,1.94588e-06,0.00229116,0.00386914,0.00395503,0.00467849,0.317361,1.04586,228,10,0.994857,0.992229,0.992229,0.99368,-5.74869e-09,0.000156655,0.000196328,2.17871e-08
ERF_Log_File_20250514_1510.csv,ig_zn_diff,13,fmfpe,12,2,filled_square,7.3um_lp,ERF_OSA207_Spectra_20250514_1510.csv,1.43129e+09,3.42109,0.00278384,0.885673,0.00356041,32.4992,13.8522,0.200239,0.508528,3,1.33902,0.0243991,13.5,13.8522,6.35e-06,0.000289,8.31e-05,7.51e-06,0,6.93e-06,0.00158893,6.18e-05,2.89e-05,5.77e-06,2.54e-05,9.24e-06,6.668e-05,4.04e-05,5.06838e-07,0.686313,0.98558,-0.000102809,5.36184e-05,0.00794011,0.0114014,0.000127207,6.07339,0.0702524,-0.00394694,0.000955811,0.00237346,0.000955793,-0.00229921,0.00263448,0.0258362,0.00263448,0.000273845,1.14088e-05,0.00234254,0.00641749,0.0065129,0.00554822,0.243227,1.04526,228,10,0.994694,0.980046,0.980046,0.99368,1.99575e-10,0.000690561,0.00099168,-2.81174e-08
ERF_Log_File_20250514_1549.csv,ig_zn_diff,13,fmfpe,12,2,filled_square,7.3um_lp,ERF_OSA207_Spectra_20250514_1548.csv,1.4313e+09,3.29225,0.000579874,0.885297,0.00250495,32.5001,12.8076,0.00118092,0.0076636,2,1.04921,0.00535636,12,12.8552,6.35e-06,0.000289,8.31e-05,7.51e-06,0,6.93e-06,0.00146817,6.18e-05,2.89e-05,5.77e-06,2.54e-05,9.24e-06,0.000325997,4.04e-05,7.09827e-05,0.641958,0.976672,-0.000304844,2.71835e-05,0.0025368,0.00385948,5.23219e-05,13.7438,0.0543053,-0.00193891,0.000320617,0.000219768,0.000320616,0.00353002,0.000880395,0.0250396,0.000880393,7.36791e-05,3.81411e-06,0.0026866,0.00382696,0.00547081,0.0051677,0.186925,1.04463,228,10,0.994694,0.981508,0.981508,0.99368,2.79505e-08,0.000573657,0.00087276,-8.33726e-08
ERF_Log_File_20250514_1634.csv,ig_zn_diff,13,fmfpe,12,2,filled_square,3.6um_lp,ERF_OSA207_Spectra_20250514_1634.csv,1.4313e+09,2.92538,0.000276321,0.873089,0.00125224,32.5,10.9225,0.000760171,0.00758946,2,0.809967,0.00831267,10.26,0,6.35e-06,0.000289,8.31e-05,7.51e-06,0,6.93e-06,0.0012535,6.18e-05,2.89e-05,5.77e-06,2.54e-05,9.24e-06,0.000117143,4.04e-05,3.79159e-05,0.627541,0.968181,-0.000110302,1.40356e-05,0.00126851,0.00195671,2.48454e-05,24.6412,0.0497842,-0.00150596,0.000258879,-0.000475255,0.00025888,0.000327371,0.000854767,0.0173382,0.000854765,-7.72874e-05,3.70323e-06,0.00248458,0.00716044,0.00886663,0.00440006,0.168657,1.04582,228,10,0.994694,0.984156,0.984156,0.99368,1.49299e-08,0.000438335,0.000676271,-3.0167e-08
ERF_Log_File_20250514_1708.csv,ig_zn_diff,13,fmfpe,12,2,filled_square,3.6um_lp,ERF_OSA207_Spectra_20250514_1707.csv,1.4313e+09,4.51508,0.000237417,0.856133,0.000912277,32.4997,8.07386,0.000210775,0.00593447,2,0.441958,0.00199155,7.614,0,6.35e-06,0.000289,8.31e-05,7.51e-06,0,6.93e-06,0.000923564,6.18e-05,2.89e-05,5.77e-06,2.54e-05,9.24e-06,6.0138e-05,4.04e-05,5.22856e-05,0.546065,0.968288,-1.37872e-05,1.03485e-05,0.00119815,0.00212448,2.5551e-05,34.2057,0.0750455,-0.00161605,0.000143782,0.000513078,0.000143783,0.00427335,0.00038137,0.0152465,0.00038137,1.18194e-05,1.65221e-06,0.00255426,0.00433758,0.00479223,0.00630657,0.259591,1.03702,228,10,0.994694,0.988176,0.988176,0.99368,2.05882e-08,0.000234247,0.000415369,-3.77071e-09
ERF_Log_File_20250514_1741.csv,ig_zn_diff,13,fmfpe,12,2,filled_square,3.6um_lp,ERF_OSA207_Spectra_20250514_1741.csv,1.4313e+09,5.31771,0.000383829,0.788088,0.0215854,32.5003,6.73648,0.000107024,0.0136367,2,0.270905,0.00183494,6.463,0,6.35e-06,0.000289,8.31e-05,7.51e-06,0,6.93e-06,0.000770819,6.18e-05,2.89e-05,5.77e-06,2.54e-05,9.24e-06,7.95928e-05,4.04e-05,0.0010274,0.643467,0.967938,0.000888094,1.59583e-05,0.0018212,0.00273772,3.04956e-05,23.45,0.0662363,-0.00164619,0.000480387,1.38738e-05,0.000480407,0.000948913,0.00241046,0.0132615,0.00241045,-0.000868385,1.04453e-05,0.00263821,0.0198368,0.0234545,0.00513586,0.22448,1.04539,228,10,0.994694,0.990061,0.990061,0.99368,4.04555e-07,0.000203708,0.000306429,2.42887e-07
ERF_Log_File_20250514_1815.csv,ig_zn_diff,13,fmfpe,12,2,filled_square,3.6um_lp,ERF_OSA207_Spectra_20250514_1814.csv,1.4313e+09,3.31902,0.000273849,0.765533,0.0166807,32.4998,6.3012,8.01594e-05,0.0136547,2,0.210983,0.00200691,6.107,0,6.35e-06,0.000289,8.31e-05,7.51e-06,0,6.93e-06,0.000720854,6.18e-05,2.89e-05,5.77e-06,2.54e-05,9.24e-06,7.59949e-05,4.04e-05,0.000883983,0.586432,0.963264,0.00068296,1.04912e-05,0.00079876,0.00130552,2.24948e-05,29.3731,0.0396424,-0.00130507,0.000253277,0.000717572,0.000253328,0.00249069,0.00217606,0.0130225,0.00217605,-0.000474904,9.42788e-06,0.00219828,0.0234781,0.024233,0.00475343,0.134473,1.04468,228,10,0.994694,0.990672,0.990672,0.99368,3.48081e-07,0.000165665,0.00027212,1.86785e-07
ERF_Log_File_20250514_1848.csv,ig_zn_diff,13,fmfpe,12,2,filled_square,3.6um_lp,ERF_OSA207_Spectra_20250514_1848.csv,1.43131e+09,2.95815,0.000290961,0.79522,0.0245474,32.4997,5.78669,7.1906e-05,0.0180552,2,0.219764,0.00129242,5.679,0,6.35e-06,0.000289,8.31e-05,7.51e-06,0,6.93e-06,0.000662048,6.18e-05,2.89e-05,5.77e-06,2.54e-05,9.24e-06,6.32246e-05,4.04e-05,0.000290844,0.601607,0.955165,4.81408e-05,1.34504e-05,0.000501255,0.000740701,2.64204e-05,28.6655,0.0213703,-0.000707812,0.000145621,0.000534564,0.000145936,0.00212326,0.00391741,0.0118842,0.00391741,-0.0005705,1.69523e-05,0.00276625,0.0470136,0.0409656,0.00545265,0.0722061,1.04537,228,10,0.994736,0.99139,0.99139,0.99368,1.09312e-07,0.000146814,0.000233095,1.31662e-08
ERF_Log_File_20250514_1922.csv,ig_zn_diff,13,fmfpe,12,2,filled_square,3.6um_lp,ERF_OSA207_Spectra_20250514_1921.csv,1.43131e+09,4.59175,0.000295021,0.82565,0.00759204,32.5001,5.4693,6.93331e-05,0.0147583,2,0.192867,0.00124979,5.365,0,6.35e-06,0.000289,8.31e-05,7.51e-06,0,6.93e-06,0.000625636,6.18e-05,2.89e-05,5.77e-06,2.54e-05,9.24e-06,4.79277e-05,4.04e-05,0.000108256,0.750882,0.964148,2.46831e-05,8.90961e-06,0.000599096,0.000757794,1.55219e-05,44.3854,0.034736,-0.00107106,0.000147997,0.000437029,0.000148033,0.00389046,0.00139305,0.0126466,0.00139305,-1.97138e-06,6.03459e-06,0.00284498,0.0387661,0.0212182,0.00495665,0.117734,1.04326,228,10,0.9948,0.99183,0.99183,0.99368,3.77636e-08,0.000166228,0.00021344,6.75066e-09
ERF_Log_File_20250514_1955.csv,ig_zn_diff,13,fmfpe,12,2,filled_square,3.6um_lp,ERF_OSA207_Spectra_20250514_1955.csv,1.43131e+09,5.1623,0.000334776,0.856955,0.00218,32.4994,5.02705,5.15805e-05,0.0123462,2,0.172687,0.00109433,4.936,0,6.35e-06,0.000289,8.31e-05,7.51e-06,0,6.93e-06,0.000575155,6.18e-05,2.89e-05,5.77e-06,2.54e-05,9.24e-06,2.66131e-05,4.04e-05,0.000553901,0.73837,0.966582,0.00014697,6.21644e-06,0.000459836,0.000602933,1.24964e-05,52.825,0.0328803,-0.00102749,9.58188e-05,0.000311806,9.58213e-05,0.00440105,0.000386525,0.0125466,0.000386525,4.98145e-05,1.67481e-06,0.00236733,0.00519032,0.0160769,0.00476408,0.112107,1.03644,228,10,0.994887,0.992437,0.992437,0.99368,1.72031e-07,0.000141235,0.000184887,4.01953e-08
ERF_Log_File_20250514_2029.csv,ig_zn_diff,13,fmfpe,12,2,filled_square,3.6um_lp,ERF_OSA207_Spectra_20250514_2028.csv,1.43131e+09,5.4522,0.000309746,0.853726,0.00234141,32.5002,4.80302,5.59388e-05,0.0122601,2,0.158756,0.00113886,4.74,0,6.35e-06,0.000289,8.31e-05,7.51e-06,0,6.93e-06,0.000549906,6.18e-05,2.89e-05,5.77e-06,2.54e-05,9.24e-06,5.45859e-05,4.04e-05,0.0407528,0.218754,0.967688,0.00964787,4.96011e-05,0.00026225,0.00115939,1.54019e-05,57.833,0.0692815,-0.000872904,0.000124828,0.000445074,0.000124829,0.00353259,0.000368342,0.012957,0.000368341,3.59091e-05,1.59569e-06,0.00364364,0.00416225,0.0075679,0.00423017,0.236584,1.04578,228,10,0.99493,0.99274,0.99274,0.993801,1.18584e-05,3.86619e-05,0.000171026,2.52019e-06
ERF_Log_File_20250514_2102.csv,ig_zn_diff,13,fmfpe,12,2,filled_square,3.6um_lp,ERF_OSA207_Spectra_20250514_2102.csv,1.43131e+09,4.85211,0.000432442,0.858436,0.00355565,32.5002,4.54177,5.6467e-05,0.0116835,2,0.145195,0.00112713,4.498,0,6.35e-06,0.000289,8.31e-05,7.51e-06,0,6.93e-06,0.000519299,6.18e-05,2.89e-05,5.77e-06,2.54e-05,9.24e-06,9.34151e-05,4.04e-05,0.205545,0.00828706,0.969741,0.0890136,0.000224881,1.28115e-05,0.00105503,9.76518e-05,53.4768,0.0581314,-0.00123989,0.000180641,0.000192794,0.000180648,0.0048822,0.000849974,0.0121581,0.000849972,2.55797e-05,3.68236e-06,0.00957949,0.00350162,0.0165409,0.00510798,0.19724,1.04507,228,10,0.99498,0.99309,0.99309,0.993962,5.50877e-05,1.32934e-06,0.000155557,2.1835e-05
ERF_Log_File_20250514_2136.csv,ig_zn_diff,13,fmfpe,12,2,filled_square,3.6um_lp,ERF_OSA207_Spectra_20250514_2136.csv,1.43132e+09,5.16835,0.000428648,0.858884,0.00301256,32.4996,4.66466,0.000200689,0.0118957,2,0.151367,0.00337991,4.614,0,6.35e-06,0.000289,8.31e-05,7.51e-06,0,6.93e-06,0.000533965,6.18e-05,2.89e-05,5.77e-06,2.54e-05,9.24e-06,7.51493e-05,4.04e-05,0.162481,0.0378436,0.97141,0.0622132,0.000279964,6.5953e-05,0.00167191,0.00010871,55.7803,0.0959843,-0.00137439,0.00021279,0.000109202,0.000212791,0.00372944,0.000685312,0.0131023,0.000685311,4.89769e-05,2.96928e-06,0.00573318,0.00418522,0.0137634,0.00758591,0.328121,1.04571,228,10,0.994957,0.992926,0.992926,0.993886,4.53043e-05,6.35784e-06,0.0001632,1.57233e-05
ERF_Log_File_20250514_2209.csv,ig_zn_diff,13,fmfpe,12,2,filled_square,3.6um_lp,ERF_OSA207_Spectra_20250514_2209.csv,1.43132e+09,5.39831,0.000324501,0.859216,0.0018616,32.5002,4.76426,5.75171e-05,0.0122131,2,0.156521,0.00102356,4.706,0,6.35e-06,0.000289,8.31e-05,7.51e-06,0,6.93e-06,0.000545115,6.18e-05,2.89e-05,5.77e-06,2.54e-05,9.24e-06,6.03468e-05,4.04e-05,0.0703899,0.139357,0.968941,0.0194071,7.15661e-05,0.000147685,0.00097785,2.43784e-05,57.5432,0.0580595,-0.00115759,0.000131585,0.000255461,0.000131586,0.00419552,0.000440397,0.0124343,0.000440396,6.66325e-06,1.90796e-06,0.00368841,0.0185877,0.00834869,0.00602435,0.197123,1.04307,228,10,0.994938,0.992793,0.992793,0.993825,2.02429e-05,2.42859e-05,0.000168858,5.02309e-06
ERF_Log_File_20250514_2243.csv,ig_zn_diff,13,fmfpe,12,2,filled_square,3.6um_lp,ERF_OSA207_Spectra_20250514_2243.csv,1.43132e+09,5.3772,0.000321663,0.857761,0.00170993,32.4998,4.9104,4.36436e-05,0.0123437,2,0.164577,0.00093836,4.844,0,6.35e-06,0.000289,8.31e-05,7.51e-06,0,6.93e-06,0.000561196,6.18e-05,2.89e-05,5.77e-06,2.54e-05,9.24e-06,3.86263e-05,4.04e-05,0.00491398,0.529776,0.968378,0.000963825,9.23197e-06,0.000611061,0.00111222,1.22506e-05,55.9976,0.064307,-0.00103901,0.000128216,0.000159928,0.000128217,0.00409797,0.000389855,0.012739,0.000389854,4.26942e-05,1.6884e-06,0.00298299,0.0246922,0.00635362,0.00498844,0.226385,1.01273,228,10,0.99491,0.992595,0.992595,0.993735,1.47612e-06,9.72906e-05,0.000177838,2.58192e-07
ERF_Log_File_20250514_2316.csv,ig_zn_diff,13,fmfpe,12,2,filled_square,3.6um_lp,ERF_OSA207_Spectra_20250514_2316.csv,1.43132e+09,4.89381,0.000400443,0.827871,0.0225135,32.4998,6.65368,0.000184385,0.0127102,2,0.289931,0.00158544,6.399,0,6.35e-06,0.000289,8.31e-05,7.51e-06,0,6.93e-06,0.00076105,6.18e-05,2.89e-05,5.77e-06,2.54e-05,9.24e-06,7.89084e-05,4.04e-05,0.00128893,0.644765,0.963766,0.00119939,1.53136e-05,0.00265691,0.00397465,2.94533e-05,22.349,0.0920214,-0.00134246,0.000658548,-0.000181149,0.000658565,0.00572243,0.00284368,0.017569,0.00284368,0.000788401,1.23241e-05,0.00231232,0.0167571,0.0365046,0.00465283,0.312014,1.04564,228,10,0.994694,0.990178,0.990178,0.99368,5.07536e-07,0.000199872,0.00029876,3.28026e-07
ERF_Log_File_20250514_2350.csv,ig_zn_diff,13,fmfpe,12,2,filled_square,3.6um_lp,ERF_OSA207_Spectra_20250514_2350.csv,1.43132e+09,5.28977,0.000358937,0.85195,0.0017243,32.4998,4.94424,5.97432e-05,0.0123458,2,0.167079,0.00115088,4.873,0,6.35e-06,0.000289,8.31e-05,7.51e-06,0,6.93e-06,0.00056559,6.18e-05,2.89e-05,5.77e-06,2.54e-05,9.24e-06,3.3597e-05,4.04e-05,0.00236215,0.618119,0.969738,0.000512197,7.31337e-06,0.000931024,0.00145488,1.08525e-05,54.6475,0.0819769,-0.001133,0.0001617,0.000225395,0.000161701,0.00422504,0.000483859,0.0124069,0.000483858,2.32597e-05,2.09593e-06,0.00253737,0.0348715,0.00801056,0.00429488,0.283734,1.02434,228,10,0.994903,0.992549,0.992549,0.993714,7.16562e-07,0.000114875,0.000180222,1.38291e-07
ERF_Log_File_20250515_0024.csv,ig_zn_diff,13,fmfpe,12,2,filled_square,3.6um_lp,ERF_OSA207_Spectra_20250515_0023.csv,1.43133e+09,3.46772,0.000225695,0.8267,0.0114079,32.5002,6.90055,9.50908e-05,0.01063,2,0.288867,0.00195198,6.609,0,6.35e-06,0.000289,8.31e-05,7.51e-06,0,6.93e-06,0.000789676,6.18e-05,2.89e-05,5.77e-06,2.54e-05,9.24e-06,8.09489e-05,4.04e-05,0.000422145,0.59738,0.967409,0.000335068,1.27668e-05,0.0018806,0.00304531,2.09815e-05,29.893,0.0940803,-0.000920204,0.000343727,0.000718198,0.00034373,0.00409666,0.00103451,0.0154326,0.0010345,0.000358969,4.48189e-06,0.00273058,0.00934453,0.0136081,0.00449667,0.32295,1.04568,228,10,0.994694,0.989831,0.989831,0.99368,1.66226e-07,0.000196995,0.000319018,9.16388e-08
ERF_Log_File_20250515_0057.csv,ig_zn_diff,13,fmfpe,12,2,filled_square,3.6um_lp,ERF_OSA207_Spectra_20250515_0057.csv,1.43133e+09,3.17974,0.000227516,0.80643,0.00744848,32.4997,6.8305,0.000109797,0.0110859,2,0.278191,0.00197507,6.549,0,6.35e-06,0.000289,8.31e-05,7.51e-06,0,6.93e-06,0.000781,6.18e-05,2.89e-05,5.77e-06,2.54e-05,9.24e-06,8.037e-05,4.04e-05,0.000637368,0.617085,0.969648,0.000548131,1.26666e-05,0.00242704,0.0038139,2.34562e-05,27.5009,0.108144,-0.000540531,0.000403032,0.000309323,0.000403035,0.00338497,0.00118173,0.0163474,0.00118173,0.000222035,5.1195e-06,0.00245754,0.00873974,0.0166169,0.0046165,0.37312,1.04403,228,10,0.994694,0.989929,0.989929,0.99368,2.50973e-07,0.000200005,0.000314275,1.4991e-07
ERF_Log_File_20250515_0611.csv,ig_zn_diff,13,fmfpe,12,2,filled_square,3.6um_lp,ERF_OSA207_Spectra_20250515_0611.csv,1.43135e+09,2.90486,0.000216492,0.78427,0.00413358,32.4996,5.89886,5.83159e-05,0.015148,2,0.235133,0.00128714,5.764,0,6.35e-06,0.000289,8.31e-05,7.51e-06,0,6.93e-06,0.000675024,6.18e-05,2.89e-05,5.77e-06,2.54e-05,9.24e-06,6.86307e-05,4.04e-05,0.000301056,0.587638,0.971067,8.93925e-05,1.18102e-05,0.0017803,0.0029418,2.61711e-05,27.3146,0.0827355,-0.00121768,0.000294914,0.000124593,0.000294915,0.00227949,0.000849293,0.0110234,0.000849292,0.000190132,3.68196e-06,0.00231286,0.00699951,0.0101079,0.00513443,0.282801,1.04546,228,10,0.994714,0.991234,0.991234,0.99368,1.15994e-07,0.000148228,0.000244945,2.44482e-08
ERF_Log_File_20250515_0645.csv,ig_zn_diff,13,fmfpe,12,2,filled_square,3.6um_lp,ERF_OSA207_Spectra_20250515_0644.csv,1.43135e+09,3.62526,0.000201347,0.753913,0.00366234,32.4995,6.19297,7.18659e-05,0.0122069,2,0.223907,0.00165749,5.972,0,6.35e-06,0.000289,8.31e-05,7.51e-06,0,6.93e-06,0.000708203,6.18e-05,2.89e-05,5.77e-06,2.54e-05,9.24e-06,7.51003e-05,4.04e-05,0.000487169,0.589385,0.972994,0.000310102,1.24325e-05,0.00241367,0.00398476,2.20534e-05,31.7067,0.129844,-0.0009875,0.000169338,0.000473074,0.000169339,0.00341864,0.000433079,0.0116794,0.000433078,9.87547e-05,1.87665e-06,0.00279747,0.00314173,0.00904223,0.00501614,0.441128,1.04522,228,10,0.994694,0.990824,0.990824,0.99368,1.9183e-07,0.000161631,0.000266831,8.48106e-08
ERF_Log_File_20250515_0718.csv,ig_zn_diff,13,fmfpe,12,2,filled_square,3.6um_lp,ERF_OSA207_Spectra_20250515_0718.csv,1.43135e+09,3.59865,0.000208002,0.787418,0.0032979,32.5007,5.68567,7.0799e-05,0.0153536,2,0.211053,0.00103108,5.589,0,6.35e-06,0.000289,8.31e-05,7.51e-06,0,6.93e-06,0.000650605,6.18e-05,2.89e-05,5.77e-06,2.54e-05,9.24e-06,5.83561e-05,4.04e-05,0.000268789,0.662554,0.969719,8.83815e-05,9.99602e-06,0.000828285,0.00121105,1.87114e-05,34.2463,0.0427629,-0.00116606,0.00014055,1.61165e-05,0.000140551,0.00481056,0.000429044,0.0122098,0.000429043,4.00087e-05,1.85893e-06,0.00248178,0.0106403,0.00449771,0.00464702,0.150795,1.02653,228,10,0.994757,0.991531,0.991531,0.99368,9.8724e-08,0.000156848,0.000229563,2.41717e-08
ERF_Log_File_20250515_0752.csv,ig_zn_diff,13,fmfpe,12,2,filled_square,3.6um_lp,ERF_OSA207_Spectra_20250515_0751.csv,1.43135e+09,2.7796,0.000223751,0.766485,0.00332738,32.4998,6.38805,0.000112272,0.0124812,2,0.264885,0.00179216,6.206,0,6.35e-06,0.000289,8.31e-05,7.51e-06,0,6.93e-06,0.000730781,6.18e-05,2.89e-05,5.77e-06,2.54e-05,9.24e-06,7.67128e-05,4.04e-05,0.00112425,0.607932,0.970534,0.000920408,1.52318e-05,0.00229335,0.00365898,2.47792e-05,24.742,0.0932684,-0.0010026,0.000386232,0.000173728,0.000386235,0.00322871,0.00113234,0.0137812,0.00113233,1.30726e-05,4.90606e-06,0.0026069,0.0163193,0.00934131,0.0043717,0.317661,1.04111,228,10,0.994694,0.990551,0.990551,0.99368,4.42689e-07,0.000175808,0.000280669,2.51725e-07
ERF_Log_File_20250515_0825.csv,ig_zn_diff,13,fmfpe,12,2,filled_square,3.6um_lp,ERF_OSA207_Spectra_20250515_0825.csv,1.43136e+09,4.66466,0.0003462,0.769405,0.00823273,32.4992,6.54801,0.000113348,0.0149378,2,0.312739,0.00136915,6.326,0,6.35e-06,0.000289,8.31e-05,7.51e-06,0,6.93e-06,0.000748997,6.18e-05,2.89e-05,5.77e-06,2.54e-05,9.24e-06,7.8035e-05,4.04e-05,0.00139267,0.641466,0.970313,0.0011271,2.18122e-05,0.00318633,0.00481988,3.93861e-05,21.0952,0.104784,-0.000970457,0.00022116,0.000500735,0.000221161,0.00314115,0.000567721,0.0152286,0.00056772,-0.000376361,2.4598e-06,0.00313311,0.00325755,0.0064943,0.00591822,0.358536,1.0452,228,10,0.994694,0.990326,0.990326,0.99368,5.48385e-07,0.000193503,0.000292702,3.08255e-07
ERF_Log_File_20250515_0859.csv,ig_zn_diff,13,fmfpe,12,2,filled_square,3.6um_lp,ERF_OSA207_Spectra_20250515_0858.csv,1.43136e+09,4.16804,0.000263624,0.832954,0.000791599,32.5002,7.19692,0.000119498,0.00874744,2,0.321687,0.00176571,6.83,0,6.35e-06,0.000289,8.31e-05,7.51e-06,0,6.93e-06,0.000822728,6.18e-05,2.89e-05,5.77e-06,2.54e-05,9.24e-06,7.74928e-05,4.04e-05,9.49963e-05,0.56575,0.967572,2.04272e-05,1.05127e-05,0.00149806,0.00256202,1.90287e-05,34.5989,0.0916106,-0.00121739,0.00013966,0.000618698,0.000139661,0.00296102,0.000362504,0.0137844,0.000362503,-2.24509e-05,1.57059e-06,0.00261267,0.00368549,0.00542532,0.00473106,0.310554,1.04586,228,10,0.994694,0.989413,0.989413,0.99368,3.74062e-08,0.000200296,0.000342555,5.58669e-09
ERF_Log_File_20250515_0933.csv,ig_zn_diff,13,fmfpe,12,2,filled_square,3.6um_lp,ERF_OSA207_Spectra_20250515_0933.csv,1.43136e+09,5.1979,0.000661787,0.877415,0.00766517,32.5003,4.1683,0.000131983,0.0164299,2,0.109597,0.00167039,4.153,0,6.35e-06,0.000289,8.31e-05,7.51e-06,0,6.93e-06,0.0004767,6.18e-05,2.89e-05,5.77e-06,2.54e-05,9.24e-06,6.53844e-05,4.04e-05,0.373904,0.000739611,0.973174,0.290041,0.000917307,1.48742e-05,0.00238165,0.000710608,31.263,0.0764853,-0.000816632,0.000330227,0.00032132,0.000330232,0.00454315,0.0011378,0.0121145,0.0011378,0.000272867,4.9289e-06,0.0150116,0.00332023,0.0134653,0.00869449,0.264886,1.04405,228,10,0.995046,0.99358,0.99358,0.99419,8.79053e-05,1.02314e-07,0.000134624,6.47885e-05
ERF_Log_File_20250515_1007.csv,ig_zn_diff,13,fmfpe,12,2,filled_square,3.6um_lp,ERF_OSA207_Spectra_20250515_1007.csv,1.43136e+09,3.96762,0.000535477,0.887593,0.00452948,32.4994,4.0888,7.73118e-05,0.0108294,2,0.117649,0.00109092,4.027,0,6.35e-06,0.000289,8.31e-05,7.51e-06,0,6.93e-06,0.000467601,6.18e-05,2.89e-05,5.77e-06,2.54e-05,9.24e-06,5.71791e-05,4.04e-05,0.425631,0.00055606,0.963699,0.376552,0.000543825,8.82778e-06,0.00123063,0.000483077,46.2379,0.059011,-0.000611118,0.000188783,-0.000255084,0.000188788,0.00554101,0.000718636,0.0122194,0.000718635,-1.48651e-05,3.11361e-06,0.00778469,0.00293343,0.0142286,0.0170139,0.201134,1.03863,228,10,0.99506,0.993682,0.993682,0.994238,9.70926e-05,7.44226e-08,0.000128981,8.24099e-05
ERF_Log_File_20250515_1047.csv,ig_zn_diff,13,fmfpe,12,2,filled_square,3.6um_lp,ERF_OSA207_Spectra_20250515_1047.csv,1.43136e+09,3.56405,0.000532418,0.91984,0.0169519,32.5005,4.3063,0.000236801,0.00959455,2,0.182899,0.000979869,4.238,0,6.35e-06,0.000289,8.31e-05,7.51e-06,0,6.93e-06,0.000492772,6.18e-05,2.89e-05,5.77e-06,2.54e-05,9.24e-06,7.96291e-05,4.04e-05,0.270639,0.00126225,0.965233,0.162024,0.0010617,1.59995e-05,0.00378459,0.0006641,22.9127,0.0898184,-0.000916298,0.000479755,-0.000325423,0.000479761,0.00381616,0.00153476,0.0117181,0.00153476,0.00033821,6.65012e-06,0.00688334,0.0025075,0.0128171,0.0317783,0.304505,1.04447,228,10,0.995022,0.993401,0.993401,0.994106,6.69162e-05,1.84683e-07,0.000141226,3.74849e-05
ERF_Log_File_20250515_1121.csv,ig_zn_diff,13,fmfpe,12,2,filled_square,3.6um_lp,ERF_OSA207_Spectra_20250515_1120.csv,1.43137e+09,3.61248,0.000245042,0.86908,0.00257343,32.5003,8.90995,0.000302036,0.00773509,2,0.493168,0.00349171,8.365,0,6.35e-06,0.000289,8.31e-05,7.51e-06,0,6.93e-06,0.00101941,6.18e-05,2.89e-05,5.77e-06,2.54e-05,9.24e-06,6.11923e-05,4.04e-05,-3.44603e-06,0.55962,0.976728,-0.00010593,1.44966e-05,0.00105807,0.0018463,2.40442e-05,27.1956,0.0514006,-0.00147404,0.000193978,4.54814e-05,0.000193979,0.00303985,0.000569052,0.0151027,0.000569051,-2.49172e-06,2.46569e-06,0.002834,0.00555887,0.00595652,0.00470039,0.176914,1.045,228,10,0.994694,0.986994,0.986994,0.99368,-1.35693e-09,0.000282219,0.000492569,-2.89712e-08
