filename,int_sphere,ap_dia_mm,driver,alignment_session,measurement_campaign,beam_dither,filter,spectrum_filename,gps_time_s,monitor_mn,monitor_sd,sigma_delta_output_mean,sigma_delta_output_sd,em_telescope_temp_c,wavelength_um,wavelength_center_um_sd,wavelength_gauss_amp,wavelength_source,wavelength_um_fwhm,wavelength_fwhm_um_sd,wavelength_um_opa,wavelength_um_grating,u_pbrr_ap_align,u_pbrr_stray,u_pbrr_ap_d,u_pbrr_det_ap,u_pbrr_det_ap_diff,u_pbrr_ent_ap,u_pbrr_ent_ap_diff,u_pbrr_nonequiv,u_pbrr_nonlinear,u_pbrr_rhtr,u_pbrr_rtop,u_pbrr_rtrace,u_pbrr_vacnt,u_pbrr_vref,gf_resp,gf_resp_sd,gf_l0,gf_l0_sd,gf_gx,gf_gx_sd,gf_gy,gf_gy_sd,gf_gp,gf_gp_sd,gf_gw,gf_gw_sd,gf_gt,gf_gt_sd,gf_sigma_lst,gf_sigma_pbrr,gf_rel_sigma_lst,gf_redchi,gf_ndata,gf_nvarys,c_scirad_out_of_field,u_scirad_out_of_field
ERF_Log_File_20250520_0951.csv,ig_zn_diff,13,p02,1,0,filled_square,2.4um_lp,ERF_OSA207_Spectra_20250520_0950.csv,1.43179e+09,5.28672,0.000391676,0.689656,0.00060424,29.057,2.51554,3.28597e-05,0.00352025,2,0.0421013,0.000554224,2.5,0,6.35e-06,0.000289,8.31e-05,7.51e-06,0,6.93e-06,0.000287483,6.18e-05,2.89e-05,5.77e-06,2.54e-05,9.24e-06,3.46994e-05,4.04e-05,0.956689,0.000374425,88.0854,0.0323624,-0.000808105,7.1971e-05,0.00022423,7.25958e-05,-0.000817055,0.00286135,0.016184,0.00286134,-3.02427e-05,1.68085e-05,0.0789735,0.105993,0.000937144,1.11864,66,7,0.995364,5.95007e-05
ERF_Log_File_20250520_1012.csv,ig_zn_diff,13,p02,1,0,filled_square,2.4um_lp,ERF_OSA207_Spectra_20250520_1012.csv,1.43179e+09,2.38535,0.000777571,0.732179,0.000961436,29.057,2.70984,0.000141899,0.00699445,2,0.0495592,0.00271507,2.696,0,6.35e-06,0.000289,8.31e-05,7.51e-06,0,6.93e-06,0.000309591,6.18e-05,2.89e-05,5.77e-06,2.54e-05,9.24e-06,4.94558e-05,4.04e-05,0.957862,0.000413342,98.0402,0.0360002,-0.000633626,7.21095e-05,0.000370979,7.38244e-05,0.00175363,0.00480845,0.0126648,0.00480844,7.17927e-05,2.79461e-05,0.147894,0.117903,0.00157487,1.11864,66,7,0.995218,6.60319e-05
ERF_Log_File_20250520_1034.csv,ig_zn_diff,13,p02,1,0,filled_square,2.4um_lp,ERF_OSA207_Spectra_20250520_1034.csv,1.43179e+09,4.02787,0.000293502,0.805199,0.00129174,29.0595,3.04089,2.87096e-05,0.00966365,2,0.0807701,0.000506793,3.017,0,6.35e-06,0.000289,8.31e-05,7.51e-06,0,6.93e-06,0.0003483,6.18e-05,2.89e-05,5.77e-06,2.54e-05,9.24e-06,7.38689e-05,4.04e-05,0.959275,0.000193374,143.626,0.0286512,-0.000806521,3.86481e-05,0.000239713,3.87015e-05,0.00410541,0.000615442,0.0105724,0.00061544,-1.35472e-05,3.6332e-06,0.027791,0.0935398,0.000201711,1.1185,66,7,0.994912,7.86608e-05
ERF_Log_File_20250520_1056.csv,ig_zn_diff,13,p02,1,0,filled_square,2.4um_lp,ERF_OSA207_Spectra_20250520_1055.csv,1.4318e+09,2.45484,0.000175951,0.862139,0.000339248,29.0616,3.43709,3.22099e-05,0.0131412,2,0.106393,0.000466517,3.394,0,6.35e-06,0.000289,8.31e-05,7.51e-06,0,6.93e-06,0.000393211,6.18e-05,2.89e-05,5.77e-06,2.54e-05,9.24e-06,9.68799e-05,4.04e-05,0.961522,0.000164346,163.014,0.0275989,-0.000835498,3.276e-05,0.000255843,3.28012e-05,0.00359735,0.000497831,0.0102207,0.00049783,4.01958e-05,2.93915e-06,0.0255634,0.0902825,0.000163093,1.11861,66,7,0.99448,9.60281e-05
ERF_Log_File_20250520_1117.csv,ig_zn_diff,13,p02,1,0,filled_square,2.4um_lp,ERF_OSA207_Spectra_20250520_1117.csv,1.4318e+09,2.39196,0.000184065,0.88556,0.00287403,29.066,3.52623,2.99271e-05,0.0128469,2,0.11497,0.000436923,3.483,0,6.35e-06,0.000289,8.31e-05,7.51e-06,0,6.93e-06,0.000403517,6.18e-05,2.89e-05,5.77e-06,2.54e-05,9.24e-06,9.77788e-05,4.04e-05,0.963355,0.00017795,154.773,0.0282813,-0.0008084,3.54165e-05,0.000202509,3.54672e-05,0.00400851,0.000573852,0.00980577,0.00057385,-0.00017195,3.38754e-06,0.028023,0.0926289,0.000187945,1.11864,66,7,0.994377,0.000100377
ERF_Log_File_20250520_1139.csv,ig_zn_diff,13,p02,1,0,filled_square,2.4um_lp,ERF_OSA207_Spectra_20250520_1139.csv,1.4318e+09,4.35169,0.000208957,0.873069,0.00161092,29.0725,3.61107,3.71735e-05,0.0121622,2,0.124328,0.000499058,3.575,0,6.35e-06,0.000289,8.31e-05,7.51e-06,0,6.93e-06,0.00041309,6.18e-05,2.89e-05,5.77e-06,2.54e-05,9.24e-06,8.88667e-05,4.04e-05,0.962744,0.00023216,139.854,0.033324,-0.000881315,4.62369e-05,0.000376391,4.631e-05,0.00506074,0.000786585,0.0110378,0.000786582,0.000122014,4.64302e-06,0.0346874,0.10914,0.000257624,1.11864,66,7,0.994276,0.000104371
ERF_Log_File_20250520_1201.csv,ig_zn_diff,13,p02,1,0,filled_square,2.4um_lp,ERF_OSA207_Spectra_20250520_1200.csv,1.4318e+09,3.86051,0.000186055,0.877987,0.000968836,29.0775,3.69507,3.46364e-05,0.0126596,2,0.131378,0.000496934,3.669,0,6.35e-06,0.000289,8.31e-05,7.51e-06,0,6.93e-06,0.000423112,6.18e-05,2.89e-05,5.77e-06,2.54e-05,9.24e-06,8.00432e-05,4.04e-05,0.963887,0.000339431,122.855,0.0431873,-0.000847189,6.42563e-05,0.000292148,6.42712e-05,0.00441131,0.000442773,0.0101146,0.000442772,5.66516e-05,2.61621e-06,0.0171723,0.141462,0.000145013,1.11864,66,7,0.994175,0.000108607
ERF_Log_File_20250520_1222.csv,ig_zn_diff,13,p02,1,0,filled_square,2.4um_lp,ERF_OSA207_Spectra_20250520_1222.csv,1.4318e+09,3.4851,0.000202094,0.877795,0.000811139,29.0802,3.78969,4.62379e-05,0.0127609,2,0.136447,0.000686358,3.767,0,6.35e-06,0.000289,8.31e-05,7.51e-06,0,6.93e-06,0.00043344,6.18e-05,2.89e-05,5.77e-06,2.54e-05,9.24e-06,7.01039e-05,4.04e-05,0.963272,0.000290785,109.865,0.0330872,-0.000843387,5.59933e-05,0.000343446,5.60107e-05,0.00404501,0.00043916,0.0113034,0.000439158,9.76648e-06,2.59452e-06,0.0152235,0.108316,0.000143848,1.11864,66,7,0.994059,0.000113269
ERF_Log_File_20250520_1244.csv,ig_zn_diff,13,p02,1,0,filled_square,2.4um_lp,ERF_OSA207_Spectra_20250520_1244.csv,1.4318e+09,2.99742,0.000173861,0.884436,0.00267544,29.0868,3.88082,5.40348e-05,0.0117643,2,0.143976,0.00063228,3.867,0,6.35e-06,0.000289,8.31e-05,7.51e-06,0,6.93e-06,0.000443704,6.18e-05,2.89e-05,5.77e-06,2.54e-05,9.24e-06,6.05314e-05,4.04e-05,0.964774,0.000310591,92.1866,0.0295811,-0.00076961,6.05188e-05,0.000413404,6.0545e-05,0.00463013,0.000550476,0.0108984,0.000550474,-0.000187898,3.25207e-06,0.016034,0.0969093,0.00018028,1.11864,66,7,0.993946,0.000118111
ERF_Log_File_20250520_1306.csv,ig_zn_diff,13,p02,1,0,filled_square,2.4um_lp,ERF_OSA207_Spectra_20250520_1305.csv,1.4318e+09,2.39649,0.000167301,0.878237,0.00108746,29.0925,3.98006,5.17025e-05,0.0112957,2,0.151705,0.000747473,3.971,0,6.35e-06,0.000289,8.31e-05,7.51e-06,0,6.93e-06,0.000454977,6.18e-05,2.89e-05,5.77e-06,2.54e-05,9.24e-06,5.01075e-05,4.04e-05,0.965338,0.000379944,71.0066,0.0278503,-0.000780052,7.41475e-05,0.000257084,7.41815e-05,0.00515291,0.0006946,0.0102554,0.000694597,6.95128e-05,4.1029e-06,0.0155928,0.0912389,0.000227482,1.11864,66,7,0.993821,0.000123376
ERF_Log_File_20250520_1327.csv,ig_zn_diff,13,p02,1,0,filled_square,2.4um_lp,ERF_OSA207_Spectra_20250520_1327.csv,1.43181e+09,3.7798,0.000526069,0.892347,0.00453486,29.0958,4.12286,6.06925e-05,0.0127647,2,0.108347,0.00138606,4.077,0,6.35e-06,0.000289,8.31e-05,7.51e-06,0,6.93e-06,0.000471282,6.18e-05,2.89e-05,5.77e-06,2.54e-05,9.24e-06,6.06943e-05,4.04e-05,0.965933,0.000622559,44.2855,0.0283204,-0.000914762,0.000123376,0.000582432,0.000123503,0.0020175,0.00170324,0.00999332,0.00170324,0.000199293,1.0058e-05,0.023861,0.0927876,0.000557803,1.11864,66,7,0.993639,0.000131132
ERF_Log_File_20250520_1349.csv,ig_zn_diff,13,p02,1,0,filled_square,2.4um_lp,ERF_OSA207_Spectra_20250520_1349.csv,1.43181e+09,3.82735,0.000512457,0.883401,0.00339652,29.0973,4.20131,8.57186e-05,0.0148711,2,0.156427,0.000874355,4.187,0,6.35e-06,0.000289,8.31e-05,7.51e-06,0,6.93e-06,0.000480993,6.18e-05,2.89e-05,5.77e-06,2.54e-05,9.24e-06,6.87922e-05,4.04e-05,0.966575,0.00115141,24.0829,0.0286676,-0.000771001,0.000199336,0.0007731,0.000199357,0.00389399,0.00095695,0.0140153,0.000956947,6.83372e-05,5.65483e-06,0.00729499,0.0939356,0.000313387,1.11864,66,7,0.993537,0.000135538
ERF_Log_File_20250520_1411.csv,ig_zn_diff,13,p02,1,0,filled_square,2.4um_lp,ERF_OSA207_Spectra_20250520_1410.csv,1.43181e+09,2.76928,0.000352559,0.879067,0.00308116,29.099,4.37683,9.76281e-05,0.0142414,2,0.115392,0.00141119,4.301,0,6.35e-06,0.000289,8.31e-05,7.51e-06,0,6.93e-06,0.000500846,6.18e-05,2.89e-05,5.77e-06,2.54e-05,9.24e-06,8.69086e-05,4.04e-05,0.968103,0.000806071,33.186,0.0275875,-0.00118242,0.000150944,0.000317624,0.000150975,0.00162888,0.000997364,0.0137639,0.000997361,0.000131936,5.89295e-06,0.0104729,0.0911925,0.00032598,1.11844,66,7,0.993308,0.000145673
ERF_Log_File_20250520_1432.csv,ig_zn_diff,13,p02,1,0,filled_square,2.4um_lp,ERF_OSA207_Spectra_20250520_1432.csv,1.43181e+09,4.57964,0.000272068,0.86544,0.00173238,29.1023,4.45963,7.42592e-05,0.0120279,2,0.134498,0.00145422,4.418,0,6.35e-06,0.000289,8.31e-05,7.51e-06,0,6.93e-06,0.000510501,6.18e-05,2.89e-05,5.77e-06,2.54e-05,9.24e-06,9.54553e-05,4.04e-05,0.96895,0.000565962,51.5488,0.030067,-0.000883465,0.000104941,0.000292105,0.00010496,0.004112,0.000658541,0.0121318,0.000658538,5.0817e-05,3.89049e-06,0.0107724,0.0985021,0.000215672,1.11864,66,7,0.993199,0.000150599
ERF_Log_File_20250520_1454.csv,ig_zn_diff,13,p02,1,0,filled_square,2.4um_lp,ERF_OSA207_Spectra_20250520_1453.csv,1.43181e+09,5.0776,0.000407016,0.860726,0.00238848,29.1035,4.5787,7.37851e-05,0.0119659,2,0.146757,0.00131882,4.538,0,6.35e-06,0.000289,8.31e-05,7.51e-06,0,6.93e-06,0.000523494,6.18e-05,2.89e-05,5.77e-06,2.54e-05,9.24e-06,8.79258e-05,4.04e-05,0.970629,0.000503593,55.6517,0.0288276,-0.000941583,9.40795e-05,0.00048007,9.40995e-05,0.00407591,0.000622625,0.0123398,0.000622623,-6.91404e-05,3.6789e-06,0.0110085,0.0946744,0.000203797,1.11862,66,7,0.993041,0.000157898
ERF_Log_File_20250520_1523.csv,ig_zn_diff,13,p02,1,0,filled_square,3.6um_lp,ERF_OSA207_Spectra_20250520_1522.csv,1.43181e+09,5.35299,0.000281361,0.870005,0.00335587,29.1073,4.71762,4.83137e-05,0.0123871,2,0.154185,0.000976918,4.663,0,6.35e-06,0.000289,8.31e-05,7.51e-06,0,6.93e-06,0.000539281,6.18e-05,2.89e-05,5.77e-06,2.54e-05,9.24e-06,6.72792e-05,4.04e-05,0.968961,0.000219722,57.6008,0.0129686,-0.000928015,4.3368e-05,0.000451992,4.34088e-05,0.00275689,0.000572828,0.0125975,0.000572826,5.27993e-05,3.38238e-06,0.0104732,0.0424378,0.000187648,1.11863,66,7,0.992855,0.000166004
ERF_Log_File_20250520_1544.csv,ig_zn_diff,13,p02,1,0,filled_square,3.6um_lp,ERF_OSA207_Spectra_20250520_1544.csv,1.43181e+09,2.19134,0.000178388,0.862049,0.00201629,29.1102,4.8543,5.11699e-05,0.012401,2,0.16124,0.00117443,4.792,0,6.35e-06,0.000289,8.31e-05,7.51e-06,0,6.93e-06,0.000555258,6.18e-05,2.89e-05,5.77e-06,2.54e-05,9.24e-06,4.69636e-05,4.04e-05,0.968716,0.000422681,57.5969,0.0250887,-0.00104991,7.94371e-05,0.000589988,7.94547e-05,0.00181542,0.00053918,0.011209,0.000539178,3.40403e-05,3.1854e-06,0.00985559,0.0820707,0.000176639,1.11863,66,7,0.992671,0.00017439
ERF_Log_File_20250520_1606.csv,ig_zn_diff,13,p02,1,0,filled_square,3.6um_lp,ERF_OSA207_Spectra_20250520_1606.csv,1.43181e+09,5.18891,0.000292685,0.856707,0.0018189,29.1152,5.00748,5.6863e-05,0.0126709,2,0.171803,0.00112191,4.925,0,6.35e-06,0.000289,8.31e-05,7.51e-06,0,6.93e-06,0.000572645,6.18e-05,2.89e-05,5.77e-06,2.54e-05,9.24e-06,2.56697e-05,4.04e-05,0.968182,0.000310314,53.3231,0.0170023,-0.0010083,6.10032e-05,0.000464928,6.10446e-05,0.00189398,0.000690524,0.01027,0.000690521,7.31996e-05,4.07852e-06,0.0116767,0.055667,0.000226177,1.11864,66,7,0.992463,0.000183945
ERF_Log_File_20250521_0828.csv,ig_zn_diff,13,p02,1,0,filled_square,3.6um_lp,ERF_OSA207_Spectra_20250521_0828.csv,1.43187e+09,5.15507,0.00024032,0.865133,0.00962073,29.0963,5.17885,5.61444e-05,0.0135473,2,0.18195,0.00117128,5.063,0,6.35e-06,0.000289,8.31e-05,7.51e-06,0,6.93e-06,0.000592891,6.18e-05,2.89e-05,5.77e-06,2.54e-05,9.24e-06,3.39292e-05,4.04e-05,0.969276,0.000683578,51.6173,0.0363603,-0.00135188,0.000124712,0.000145593,0.000124729,0.00478846,0.000724013,0.0114823,0.000724011,0.000306013,4.27751e-06,0.0117875,0.122478,0.000235604,1.1174,66,7,0.992229,0.00019522
ERF_Log_File_20250521_0850.csv,ig_zn_diff,13,p02,1,0,filled_square,3.6um_lp,ERF_OSA207_Spectra_20250521_0849.csv,1.43187e+09,4.91281,0.000281334,0.834343,0.00169526,29.0983,5.31506,5.38986e-05,0.0139954,2,0.188833,0.00114486,5.206,0,6.35e-06,0.000289,8.31e-05,7.51e-06,0,6.93e-06,0.00060812,6.18e-05,2.89e-05,5.77e-06,2.54e-05,9.24e-06,4.04941e-05,4.04e-05,0.969396,0.000382465,48.0857,0.0188697,-0.00124831,7.51494e-05,0.000736875,7.52022e-05,0.00333814,0.000866845,0.012449,0.000866841,0.00010988,5.11884e-06,0.0132628,0.0611954,0.000284524,1.11828,66,7,0.992042,0.000204229
ERF_Log_File_20250521_0912.csv,ig_zn_diff,13,p02,1,0,filled_square,3.6um_lp,ERF_OSA207_Spectra_20250521_0911.csv,1.43188e+09,4.67613,0.000244491,0.820268,0.00196973,29.0967,5.45742,7.09325e-05,0.0140883,2,0.194511,0.00131649,5.355,0,6.35e-06,0.000289,8.31e-05,7.51e-06,0,6.93e-06,0.00062435,6.18e-05,2.89e-05,5.77e-06,2.54e-05,9.24e-06,4.7355e-05,4.04e-05,0.968989,0.000967658,45.0724,0.0449813,-0.00122115,0.000164827,0.000319887,0.00016484,0.00331791,0.00076379,0.0107114,0.000763788,0.000148017,4.51207e-06,0.010878,0.150172,0.000249069,1.1179,66,7,0.991846,0.000213705
ERF_Log_File_20250521_0933.csv,ig_zn_diff,13,p02,1,0,filled_square,3.6um_lp,ERF_OSA207_Spectra_20250521_0933.csv,1.43188e+09,4.50679,0.00018077,0.810046,0.00421307,29.0977,5.5041,7.32712e-05,0.0154712,2,0.195224,0.00147061,5.406,0,6.35e-06,0.000289,8.31e-05,7.51e-06,0,6.93e-06,0.000629413,6.18e-05,2.89e-05,5.77e-06,2.54e-05,9.24e-06,4.96052e-05,4.04e-05,0.971097,0.000462155,43.2103,0.0204774,-0.000909872,9.0168e-05,0.000511657,9.02182e-05,0.00251798,0.00092656,0.00965619,0.000926557,6.47445e-05,5.47194e-06,0.0127341,0.0670608,0.000303473,1.11864,66,7,0.991782,0.00021735
ERF_Log_File_20250521_0955.csv,ig_zn_diff,13,p02,1,0,filled_square,3.6um_lp,ERF_OSA207_Spectra_20250521_0955.csv,1.43188e+09,3.95946,0.000212655,0.797331,0.00457114,29.0996,5.60038,7.53608e-05,0.0160594,2,0.203407,0.00143388,5.51,0,6.35e-06,0.000289,8.31e-05,7.51e-06,0,6.93e-06,0.000641067,6.18e-05,2.89e-05,5.77e-06,2.54e-05,9.24e-06,5.42454e-05,4.04e-05,0.966708,0.000760797,38.0338,0.0298339,-0.00125142,0.000148011,0.000517801,0.000148074,0.00401251,0.00135405,0.0127658,0.00135404,-0.000130069,7.99695e-06,0.0163064,0.0976882,0.000443499,1.11864,66,7,0.991649,0.000222953
ERF_Log_File_20250521_1017.csv,ig_zn_diff,13,p02,1,0,filled_square,3.6um_lp,ERF_OSA207_Spectra_20250521_1017.csv,1.43188e+09,3.10741,0.000275901,0.805151,0.00820691,29.0972,5.77481,6.20867e-05,0.0170928,2,0.221083,0.00130874,5.672,0,6.35e-06,0.000289,8.31e-05,7.51e-06,0,6.93e-06,0.000660696,6.18e-05,2.89e-05,5.77e-06,2.54e-05,9.24e-06,6.26523e-05,4.04e-05,0.967082,0.000916652,29.9278,0.0282878,-0.00116313,0.000177183,0.000753057,0.000177246,0.00462494,0.00150301,0.0131883,0.00150301,0.000570402,8.87753e-06,0.0142474,0.0926536,0.000492268,1.11864,66,7,0.991407,0.000235168
ERF_Log_File_20250521_1039.csv,ig_zn_diff,13,p02,1,0,filled_square,3.6um_lp,ERF_OSA207_Spectra_20250521_1039.csv,1.43188e+09,5.45261,0.000327366,0.751025,0.00925547,29.099,6.00491,7.31692e-05,0.0166932,2,0.245949,0.00150458,5.841,0,6.35e-06,0.000289,8.31e-05,7.51e-06,0,6.93e-06,0.000687156,6.18e-05,2.89e-05,5.77e-06,2.54e-05,9.24e-06,7.35459e-05,4.04e-05,0.973956,0.00129765,25.2534,0.0335679,-0.000748731,0.000247008,0.000438108,0.000247085,-0.000257826,0.00192853,0.0152704,0.00192852,-0.000135812,1.13926e-05,0.0155332,0.110009,0.00063154,1.11864,66,7,0.991086,0.000253322
ERF_Log_File_20250521_1101.csv,ig_zn_diff,13,p02,1,0,filled_square,3.6um_lp,ERF_OSA207_Spectra_20250521_1100.csv,1.43188e+09,4.64128,0.000392436,0.776421,0.00629301,29.0987,6.4451,0.000243707,0.0140925,2,0.299222,0.00154072,6.257,0,6.35e-06,0.000289,8.31e-05,7.51e-06,0,6.93e-06,0.000737401,6.18e-05,2.89e-05,5.77e-06,2.54e-05,9.24e-06,7.71844e-05,4.04e-05,0.966048,0.00152623,21.2614,0.0335078,-0.00137958,0.000293605,0.000316183,0.000293697,0.00443201,0.002345,0.0130573,0.002345,-0.000331723,1.38517e-05,0.0157746,0.109757,0.000768007,1.11864,66,7,0.990471,0.000283646
ERF_Log_File_20250521_1122.csv,ig_zn_diff,13,p02,1,0,filled_square,3.6um_lp,ERF_OSA207_Spectra_20250521_1122.csv,1.43188e+09,3.80105,0.000254224,0.835143,0.00516843,29.0969,7.05128,0.000105579,0.00956463,2,0.307701,0.00193056,6.728,0,6.35e-06,0.000289,8.31e-05,7.51e-06,0,6.93e-06,0.000806324,6.18e-05,2.89e-05,5.77e-06,2.54e-05,9.24e-06,8.06568e-05,4.04e-05,0.970443,0.000720079,32.1835,0.0238225,-0.0014791,0.000137845,0.00068546,0.000137887,0.0033658,0.0010965,0.0169344,0.00109649,0.000256291,6.47693e-06,0.0111992,0.0785546,0.000358581,1.11852,66,7,0.989618,0.000331926
ERF_Log_File_20250521_1209.csv,ig_zn_diff,13,p02,1,0,filled_square,7.3um_lp,ERF_OSA207_Spectra_20250521_1209.csv,1.43189e+09,3.24159,0.000217604,0.85426,0.00167604,29.0993,7.76691,0.000235785,0.00515184,2,0.298886,0.00256911,7.225,0,6.35e-06,0.000289,8.31e-05,7.51e-06,0,6.93e-06,0.000888403,6.18e-05,2.89e-05,5.77e-06,2.54e-05,9.24e-06,6.5109e-05,4.04e-05,0.962169,0.0100294,25.7821,0.268747,-0.00189059,0.000304624,-0.000353245,0.000304625,0.00223942,0.000770157,0.0143107,0.000770155,9.13636e-05,4.54964e-06,0.00625182,0.883696,0.000252021,1.11821,66,7,0.988609,0.000387018
ERF_Log_File_20250521_1231.csv,ig_zn_diff,13,p02,1,0,filled_square,7.3um_lp,ERF_OSA207_Spectra_20250521_1231.csv,1.43189e+09,3.95286,0.000214464,0.858324,0.000925693,29.0976,8.53879,0.000242863,0.0054043,2,0.439688,0.00346653,7.906,0,6.35e-06,0.000289,8.31e-05,7.51e-06,0,6.93e-06,0.000976651,6.18e-05,2.89e-05,5.77e-06,2.54e-05,9.24e-06,6.07243e-05,4.04e-05,0.972114,0.00119502,29.7233,0.0365127,-0.00166038,0.000205651,0.000535078,0.000205667,0.00273127,0.000986453,0.0136198,0.000986449,5.88735e-05,5.8256e-06,0.00933454,0.11963,0.000323057,1.11864,66,7,0.987519,0.000457311
ERF_Log_File_20250521_1253.csv,ig_zn_diff,13,p02,1,0,filled_square,7.3um_lp,ERF_OSA207_Spectra_20250521_1253.csv,1.43189e+09,3.39428,0.000188135,0.86414,0.00139797,29.0983,9.33246,0.00047497,0.00552387,2,0.560554,0.00591654,8.679,0,6.35e-06,0.000289,8.31e-05,7.51e-06,0,6.93e-06,0.00106773,6.18e-05,2.89e-05,5.77e-06,2.54e-05,9.24e-06,4.68965e-05,4.04e-05,0.974103,0.00128552,24.9289,0.0328768,-0.00149644,0.000218268,0.000709697,0.000218285,0.00211032,0.00101655,0.0171672,0.00101655,-1.15633e-05,6.00512e-06,0.00808469,0.107688,0.000332932,1.11864,66,7,0.986398,0.000529583
ERF_Log_File_20250521_1315.csv,ig_zn_diff,13,p02,1,0,filled_square,7.3um_lp,ERF_OSA207_Spectra_20250521_1315.csv,1.43189e+09,3.23538,0.00023214,0.863902,0.0014738,29.1009,9.88454,0.000785794,0.00652892,2,0.608823,0.00788433,9.178,0,6.35e-06,0.000289,8.31e-05,7.51e-06,0,6.93e-06,0.00113086,6.18e-05,2.89e-05,5.77e-06,2.54e-05,9.24e-06,2.29686e-05,4.04e-05,0.971358,0.00150155,24.0792,0.0372019,-0.00104012,0.000248485,0.000389963,0.000248503,0.00301869,0.00108516,0.0151899,0.00108516,9.73827e-05,6.40979e-06,0.00829914,0.122749,0.000354823,1.11846,66,7,0.985619,0.000579195
ERF_Log_File_20250521_1337.csv,ig_zn_diff,13,p02,1,0,filled_square,7.3um_lp,ERF_OSA207_Spectra_20250521_1336.csv,1.43189e+09,3.10296,0.000262796,0.861786,0.00133599,29.1001,10.5066,0.000754134,0.00669636,2,0.722624,0.00614757,9.785,0,6.35e-06,0.000289,8.31e-05,7.51e-06,0,6.93e-06,0.00120106,6.18e-05,2.89e-05,5.77e-06,2.54e-05,9.24e-06,7.2429e-05,4.04e-05,0.971192,0.00139366,24.1846,0.0346846,-0.000698778,0.000233157,0.000401132,0.000233175,-1.67246e-05,0.00104177,0.0173285,0.00104177,-5.62073e-05,6.15378e-06,0.00798505,0.115434,0.000339964,1.11812,66,7,0.984741,0.000638122
ERF_Log_File_20250521_1359.csv,ig_zn_diff,13,p02,1,0,filled_square,7.3um_lp,ERF_OSA207_Spectra_20250521_1358.csv,1.43189e+09,3.66312,0.000373601,0.871049,0.00210236,29.1009,11.7834,0.00112258,0.00754597,2,0.91545,0.00938411,10.95,0,6.35e-06,0.000289,8.31e-05,7.51e-06,0,6.93e-06,0.00134897,6.18e-05,2.89e-05,5.77e-06,2.54e-05,9.24e-06,0.000101979,4.04e-05,0.979621,0.00154175,18.7727,0.029517,-0.00115939,0.0002723,0.000874386,0.000272335,0.00137625,0.00144971,0.0189452,0.0014497,-0.000177491,8.56357e-06,0.00872064,0.0972254,0.0004742,1.11854,66,7,0.982945,0.000770178
ERF_Log_File_20250521_1436.csv,ig_zn_diff,13,p02,1,0,filled_square,7.3um_lp,ERF_OSA207_Spectra_20250521_1436.csv,1.4319e+09,3.24967,0.00053177,0.877389,0.00139065,29.1012,12.7893,0.00105916,0.0076009,2,1.03528,0.00520509,12,12.8549,6.35e-06,0.000289,8.31e-05,7.51e-06,0,6.93e-06,0.00146631,6.18e-05,2.89e-05,5.77e-06,2.54e-05,9.24e-06,0.000320788,4.04e-05,0.981788,0.00249073,13.4178,0.0340194,-0.0018188,0.00041456,0.00109259,0.000414589,0.00954641,0.00187604,0.0249733,0.00187603,-0.000199143,1.1085e-05,0.00798466,0.117972,0.000606116,1.11541,66,7,0.981534,0.000875427
ERF_Log_File_20250521_1503.csv,ig_zn_diff,13,p02,1,0,filled_square,7.3um_lp,ERF_OSA207_Spectra_20250521_1502.csv,1.4319e+09,3.35735,0.00245861,0.877804,0.00305206,29.1014,13.8166,0.200226,0.524134,3,1.33088,0.0237159,13.5,13.8166,6.35e-06,0.000289,8.31e-05,7.51e-06,0,6.93e-06,0.00158498,6.18e-05,2.89e-05,5.77e-06,2.54e-05,9.24e-06,7.97913e-05,4.04e-05,0.99456,0.00404972,5.87911,0.0238355,-0.00276422,0.000771983,0.00159246,0.000772388,-0.0102899,0.00802135,0.0214795,0.00802133,-0.000284134,4.7375e-05,0.0153618,0.0780518,0.00262723,1.11864,66,7,0.980096,0.000996859
ERF_Log_File_20250522_0951.csv,ig_zn_diff,13,p02,1,0,filled_square,7.3um_lp,ERF_OSA207_Spectra_20250522_0950.csv,1.43196e+09,4.15866,0.000198025,0.85612,0.001148,29.0569,8.11766,0.000291691,0.00363156,2,0.441751,0.00279063,7.57,0,6.35e-06,0.000289,8.31e-05,7.51e-06,0,6.93e-06,0.000928236,6.18e-05,2.89e-05,5.77e-06,2.54e-05,9.24e-06,6.01933e-05,4.04e-05,0.971784,0.000912871,31.2678,0.0293121,-0.0021565,0.000172977,0.000585931,0.000173016,0.0026949,0.00127379,0.0118123,0.00127379,7.45497e-05,7.52562e-06,0.0128874,0.0884615,0.000424131,1.11093,66,7,0.988114,0.000420617
ERF_Log_File_20250522_1012.csv,ig_zn_diff,13,p02,1,0,filled_square,7.3um_lp,ERF_OSA207_Spectra_20250522_1012.csv,1.43197e+09,3.69082,0.000300194,0.859684,0.001059,29.056,8.93049,0.000344806,0.00609277,2,0.482088,0.00412616,8.29,0,6.35e-06,0.000289,8.31e-05,7.51e-06,0,6.93e-06,0.00102183,6.18e-05,2.89e-05,5.77e-06,2.54e-05,9.24e-06,6.12182e-05,4.04e-05,0.975362,0.00150051,27.6283,0.0424846,-0.00221209,0.000239251,0.00068771,0.000239258,0.00409089,0.000982081,0.0161288,0.000982078,3.95169e-05,5.80277e-06,0.0086562,0.139977,0.000321223,1.11855,66,7,0.986965,0.00049373
ERF_Log_File_20250522_1034.csv,ig_zn_diff,13,p02,1,0,filled_square,7.3um_lp,ERF_OSA207_Spectra_20250522_1034.csv,1.43197e+09,5.23548,0.000362997,0.870495,0.00175285,29.0605,11.1649,0.000906744,0.00662943,2,0.826724,0.00830717,10.36,0,6.35e-06,0.000289,8.31e-05,7.51e-06,0,6.93e-06,0.0012746,6.18e-05,2.89e-05,5.77e-06,2.54e-05,9.24e-06,0.000120527,4.04e-05,0.972986,0.000863147,22.315,0.0197426,-0.0012276,0.000165564,0.000244653,0.000165621,-0.00276349,0.00138074,0.0193844,0.00138074,-7.61009e-05,8.15633e-06,0.00981848,0.0646654,0.00045221,1.11864,66,7,0.983815,0.000703405
ERF_Log_File_20250522_1256.csv,ig_zn_diff,13,p02,1,0,filled_square,7.3um_lp,ERF_OSA207_Spectra_20250522_1255.csv,1.43198e+09,3.29544,0.000206322,0.854919,0.00112467,29.0665,7.77269,0.000306273,0.00521295,2,0.301731,0.00316981,7.225,0,6.35e-06,0.000289,8.31e-05,7.51e-06,0,6.93e-06,0.000888996,6.18e-05,2.89e-05,5.77e-06,2.54e-05,9.24e-06,6.49834e-05,4.04e-05,0.970691,0.00091604,25.9412,0.0244422,-0.00104152,0.000170909,0.000451878,0.000170944,0.00488875,0.00112253,0.0128482,0.00112252,2.1258e-05,6.63197e-06,0.0092603,0.0799518,0.000367751,1.11864,66,7,0.988601,0.00039093
ERF_Log_File_20250522_1401.csv,ig_zn_diff,13,p02,1,0,filled_square,2.4um_lp,ERF_OSA207_Spectra_20250522_1401.csv,1.43198e+09,2.65308,0.000319622,0.770308,0.000498591,29.0712,2.88391,2.16659e-05,0.00850449,2,0.0639751,0.000387183,2.86,0,6.35e-06,0.000289,8.31e-05,7.51e-06,0,6.93e-06,0.000329934,6.18e-05,2.89e-05,5.77e-06,2.54e-05,9.24e-06,6.26769e-05,4.04e-05,0.958984,0.000190563,95.5913,0.0173385,-0.000698226,3.55655e-05,0.00011732,3.60205e-05,0.00528949,0.00172176,0.00587848,0.00172175,-9.55522e-05,1.00841e-05,0.0517017,0.0567473,0.000563994,1.11861,66,7,0.995065,7.24761e-05
ERF_Log_File_20250522_1423.csv,ig_zn_diff,13,p02,1,0,filled_square,2.4um_lp,ERF_OSA207_Spectra_20250522_1422.csv,1.43198e+09,2.56152,0.000100467,0.832856,0.000210484,29.0734,3.24851,3.90816e-05,0.0134141,2,0.0904882,0.000699265,3.21,0,6.35e-06,0.000289,8.31e-05,7.51e-06,0,6.93e-06,0.000371682,6.18e-05,2.89e-05,5.77e-06,2.54e-05,9.24e-06,8.59273e-05,4.04e-05,0.960282,0.000155161,178.045,0.0285987,-0.000798347,3.08239e-05,0.000220666,3.08479e-05,0.00550472,0.000371515,0.0103535,0.000371514,9.31794e-05,2.19413e-06,0.0208048,0.0936446,0.000121685,1.11864,66,7,0.994693,8.7464e-05
ERF_Log_File_20250530_1146.csv,sp,13,p02,2,0,filled_square,prism,CCS200_Spectrum_1432662388.csv,1.43266e+09,3.9775,0.000233698,0.313537,0.000991943,28.9916,0.401209,0.000125522,1.19555,1,0.00253708,5.70056e-06,0.401,0,6.35e-06,0.000289,8.31e-05,7.51e-06,0,6.93e-06,4.594e-05,6.18e-05,2.89e-05,5.77e-06,2.54e-05,9.24e-06,6.50196e-05,4.04e-05,0.866104,0.000280297,78.5226,0.025181,-0.000542241,6.20165e-05,0.000269822,6.20917e-05,-2.26358e-05,0.000924012,-0.00366851,0.000924008,4.17228e-05,5.45547e-06,0.0205815,0.0824739,0.00030263,1.11864,66,7,0.984741,0.000117252
ERF_Log_File_20250530_1205.csv,sp,13,p02,2,0,filled_square,prism,CCS200_Spectrum_1432663568.csv,1.43266e+09,3.99042,0.000172563,0.332612,0.000375647,28.9943,0.407637,0.000125612,1.02489,1,0.00243718,1.29719e-05,0.408,0,6.35e-06,0.000289,8.31e-05,7.51e-06,0,6.93e-06,4.6627e-05,6.18e-05,2.89e-05,5.77e-06,2.54e-05,9.24e-06,6.34929e-05,4.04e-05,0.879469,0.000307763,75.1403,0.0262424,-0.000553806,6.43367e-05,6.80463e-05,6.43538e-05,-0.00133289,0.000468192,-0.00138954,0.000468191,3.34697e-05,2.76597e-06,0.0101341,0.0859216,0.000153353,1.11864,66,7,0.984904,0.000115692
ERF_Log_File_20250530_1225.csv,sp,13,p02,2,0,filled_square,prism,CCS200_Spectrum_1432664736.csv,1.43267e+09,4.43598,0.00054536,0.352181,0.00037327,28.9957,0.41448,0.000125525,1.20068,1,0.00268469,6.16992e-06,0.415,0,6.35e-06,0.000289,8.31e-05,7.51e-06,0,6.93e-06,4.73668e-05,6.18e-05,2.89e-05,5.77e-06,2.54e-05,9.24e-06,6.18676e-05,4.04e-05,0.887332,0.000331502,80.0156,0.0296981,-0.000469124,7.13754e-05,0.000292904,7.14375e-05,-0.0040168,0.000904329,-0.00265601,0.000904325,1.03137e-05,5.34022e-06,0.0210296,0.0972586,0.00029619,1.11864,66,7,0.985077,0.000113283
ERF_Log_File_20250530_1244.csv,sp,13,p02,2,0,filled_square,prism,CCS200_Spectrum_1432665904.csv,1.43267e+09,4.57789,0.00067005,0.374341,0.00138569,28.9997,0.421556,0.000125529,1.01008,1,0.00275416,6.6292e-06,0.422,0,6.35e-06,0.000289,8.31e-05,7.51e-06,0,6.93e-06,4.82571e-05,6.18e-05,2.89e-05,5.77e-06,2.54e-05,9.24e-06,6.01869e-05,4.04e-05,0.895006,0.000380309,78.9263,0.0329756,-0.000538516,8.13364e-05,0.000269553,8.15192e-05,0.000424456,0.00164334,-0.00266817,0.00164333,8.52766e-06,9.69644e-06,0.0380638,0.107438,0.000538845,1.11833,66,7,0.985253,0.000110849
ERF_Log_File_20250530_1304.csv,sp,13,p02,2,0,filled_square,prism,CCS200_Spectrum_1432667072.csv,1.43267e+09,4.11069,0.000178747,0.401325,0.000634755,29.0001,0.428758,0.000125528,1.24612,1,0.00285703,6.54333e-06,0.429,0,6.35e-06,0.000289,8.31e-05,7.51e-06,0,6.93e-06,4.90653e-05,6.18e-05,2.89e-05,5.77e-06,2.54e-05,9.24e-06,5.83663e-05,4.04e-05,0.899197,0.00036454,67.9811,0.0275165,-0.000406197,7.34287e-05,0.000186193,7.34443e-05,-0.000671683,0.000482626,0.000471076,0.000482624,3.92681e-07,2.85126e-06,0.00967517,0.0895881,0.000158276,1.11843,66,7,0.98543,0.000108052
ERF_Log_File_20250530_1323.csv,sp,13,p02,2,0,filled_square,prism,CCS200_Spectrum_1432668239.csv,1.43267e+09,3.95247,0.000291523,0.453479,0.00121449,29.0038,0.440827,0.000125534,1.05663,1,0.00303414,7.16139e-06,0.441,0,6.35e-06,0.000289,8.31e-05,7.51e-06,0,6.93e-06,5.04476e-05,6.18e-05,2.89e-05,5.77e-06,2.54e-05,9.24e-06,5.51466e-05,4.04e-05,0.905647,0.000426822,61.5093,0.0289152,-0.0001271,8.77176e-05,0.00015458,8.77475e-05,-0.00151241,0.000711133,0.00092462,0.00071113,9.20712e-06,4.20136e-06,0.0129743,0.0947046,0.000232908,1.11864,66,7,0.985722,0.000103602
ERF_Log_File_20250530_1343.csv,sp,13,p02,2,0,filled_square,prism,CCS200_Spectrum_1432669407.csv,1.43267e+09,3.9534,0.000198766,0.515331,0.000413244,29.0052,0.452881,0.00012553,1.11773,1,0.00318834,6.74371e-06,0.454,0,6.35e-06,0.000289,8.31e-05,7.51e-06,0,6.93e-06,5.1815e-05,6.18e-05,2.89e-05,5.77e-06,2.54e-05,9.24e-06,5.22926e-05,4.04e-05,0.908238,0.000409587,58.5842,0.0263845,0.000228667,8.06336e-05,0.000156601,8.06482e-05,-0.000614696,0.000493464,0.00023445,0.000493462,6.86416e-06,2.91541e-06,0.00859961,0.086408,0.000161621,1.11864,66,7,0.986008,9.90823e-05
ERF_Log_File_20250530_1402.csv,sp,13,p02,2,0,filled_square,prism,CCS200_Spectrum_1432670575.csv,1.43267e+09,4.20515,0.00020504,0.597535,0.000427379,29.0083,0.466875,0.000125529,1.27677,1,0.00340345,6.65598e-06,0.467,0,6.35e-06,0.000289,8.31e-05,7.51e-06,0,6.93e-06,5.34479e-05,6.18e-05,2.89e-05,5.77e-06,2.54e-05,9.24e-06,5.03159e-05,4.04e-05,0.912634,0.000467827,59.2929,0.0303359,0.000369529,9.4043e-05,0.000147422,9.40673e-05,-0.00118859,0.000673424,0.000372779,0.000673421,6.53656e-06,3.97856e-06,0.0119363,0.099308,0.000220583,1.11864,66,7,0.986332,9.44169e-05
ERF_Log_File_20250530_1422.csv,sp,13,p02,2,0,filled_square,prism,CCS200_Spectrum_1432671743.csv,1.43267e+09,3.2044,0.000328513,0.801968,0.00263392,29.0111,0.479249,0.000125539,1.24345,1,0.00351083,7.74166e-06,0.481,0,6.35e-06,0.000289,8.31e-05,7.51e-06,0,6.93e-06,5.48659e-05,6.18e-05,2.89e-05,5.77e-06,2.54e-05,9.24e-06,4.83815e-05,4.04e-05,0.914233,0.000260512,87.5029,0.024769,0.000500099,5.44495e-05,-3.49485e-05,5.44975e-05,-0.000967723,0.000694327,0.0018809,0.000694325,1.36686e-05,4.10025e-06,0.018192,0.0811233,0.000227405,1.11864,66,7,0.98661,9.04059e-05
ERF_Log_File_20250530_1441.csv,sp,13,p02,2,0,filled_square,prism,CCS200_Spectrum_1432672910.csv,1.43267e+09,3.6223,0.000405082,0.906553,0.00214992,29.0129,0.495993,0.000125548,1.17096,1,0.00404563,8.70322e-06,0.496,0,6.35e-06,0.000289,8.31e-05,7.51e-06,0,6.93e-06,5.67632e-05,6.18e-05,2.89e-05,5.77e-06,2.54e-05,9.24e-06,4.52811e-05,4.04e-05,0.915739,0.000388967,47.1536,0.0199388,0.000554894,8.05994e-05,-0.00014094,8.06475e-05,0.00143514,0.000853229,0.000382796,0.000853226,-8.47543e-06,5.03989e-06,0.0120845,0.064869,0.00027986,1.11828,66,7,0.986977,8.54022e-05
ERF_Log_File_20250530_1501.csv,sp,13,p02,2,0,filled_square,prism,CCS200_Spectrum_1432674078.csv,1.43267e+09,3.09994,0.000264101,0.905183,0.00075809,29.0163,0.512958,0.000125707,1.12385,1,0.00395749,1.79452e-05,0.512,0,6.35e-06,0.000289,8.31e-05,7.51e-06,0,6.93e-06,5.86908e-05,6.18e-05,2.89e-05,5.77e-06,2.54e-05,9.24e-06,4.28141e-05,4.04e-05,0.917252,0.000336825,38.7601,0.0139815,0.000441058,7.02529e-05,4.75513e-05,7.04197e-05,-0.00310308,0.00145825,0.000920834,0.00145825,1.79741e-05,8.60338e-06,0.0169803,0.0457901,0.000477609,1.11864,66,7,0.987335,8.0852e-05
ERF_Log_File_20250530_1520.csv,sp,13,p02,2,0,filled_square,prism,CCS200_Spectrum_1432675246.csv,1.43268e+09,4.29897,0.000210699,0.907392,0.00445993,29.0169,0.526762,0.000125648,1.32496,1,0.00253188,1.48014e-05,0.528,0,6.35e-06,0.000289,8.31e-05,7.51e-06,0,6.93e-06,6.02374e-05,6.18e-05,2.89e-05,5.77e-06,2.54e-05,9.24e-06,4.09764e-05,4.04e-05,0.918001,0.00349503,51.724,0.196918,-0.000136274,0.00024998,0.000189386,0.000249982,0.000181729,0.000663215,0.00110562,0.000663213,4.96214e-06,3.91897e-06,0.010312,0.645497,0.000217174,1.11864,66,7,0.987617,7.74554e-05
ERF_Log_File_20250530_1539.csv,sp,13,p02,2,0,filled_square,prism,CCS200_Spectrum_1432676414.csv,1.43268e+09,4.41187,0.000233035,0.897749,0.00159838,29.0211,0.543822,0.000125507,1.29712,1,0.00295847,3.12929e-06,0.545,0,6.35e-06,0.000289,8.31e-05,7.51e-06,0,6.93e-06,6.22292e-05,6.18e-05,2.89e-05,5.77e-06,2.54e-05,9.24e-06,3.87052e-05,4.04e-05,0.91991,0.000215878,102.455,0.0239598,0.000234866,4.4214e-05,-7.79262e-05,4.42345e-05,0.000548509,0.00041481,0.00155347,0.000414808,2.41746e-05,2.45009e-06,0.0128043,0.0784794,0.000135856,1.11864,66,7,0.987953,7.37234e-05
ERF_Log_File_20250530_1559.csv,sp,13,p02,2,0,filled_square,prism,CCS200_Spectrum_1432677581.csv,1.43268e+09,5.20144,0.00029446,0.902818,0.00194909,29.0215,0.564754,0.000125507,1.48596,1,0.0031349,3.29271e-06,0.564,0,6.35e-06,0.000289,8.31e-05,7.51e-06,0,6.93e-06,6.46311e-05,6.18e-05,2.89e-05,5.77e-06,2.54e-05,9.24e-06,3.57743e-05,4.04e-05,0.920438,0.000149149,114.878,0.01846,0.000230751,3.10346e-05,-1.59471e-05,3.1069e-05,4.01687e-05,0.000442697,0.0011497,0.000442695,1.29505e-05,2.6138e-06,0.0153597,0.0599498,0.000145262,1.11823,66,7,0.988349,6.95239e-05
ERF_Log_File_20250530_1618.csv,sp,13,p02,2,0,filled_square,prism,CCS200_Spectrum_1432678748.csv,1.43268e+09,4.5696,0.000210338,0.898107,0.00222262,29.0257,0.581499,0.000125507,1.27877,1,0.00342068,3.32612e-06,0.583,0,6.35e-06,0.000289,8.31e-05,7.51e-06,0,6.93e-06,6.65335e-05,6.18e-05,2.89e-05,5.77e-06,2.54e-05,9.24e-06,3.33813e-05,4.04e-05,0.919809,0.000350564,96.6845,0.0367807,0.000137319,6.97757e-05,-0.00010666,6.97933e-05,9.41885e-05,0.000492129,0.00136132,0.000492127,1.28563e-05,2.9077e-06,0.0143311,0.120575,0.000161149,1.11864,66,7,0.988652,6.64735e-05
ERF_Log_File_20250602_0932.csv,sp,13,p02,2,0,filled_square,prism,CCS200_Spectrum_1432913582.csv,1.43291e+09,4.32567,0.000230804,0.902158,0.00287631,28.9743,0.604315,0.000125508,1.52067,1,0.00382427,3.59433e-06,0.604,0,6.35e-06,0.000289,8.31e-05,7.51e-06,0,6.93e-06,6.90885e-05,6.18e-05,2.89e-05,5.77e-06,2.54e-05,9.24e-06,3.04505e-05,4.04e-05,0.918887,0.00048135,86.7519,0.0454071,6.05381e-05,8.91216e-05,-4.40635e-05,8.91317e-05,-0.00103568,0.000448778,-0.000220017,0.000448776,2.12537e-05,2.65163e-06,0.0117125,0.148963,0.000146929,1.11863,66,7,0.989046,6.28032e-05
ERF_Log_File_20250602_0952.csv,sp,13,p02,2,0,filled_square,prism,CCS200_Spectrum_1432914750.csv,1.43292e+09,5.33753,0.000679012,0.87912,0.00864822,28.9763,0.629501,0.000125717,1.0247,1,0.00659613,1.90872e-05,0.626,0,6.35e-06,0.000289,8.31e-05,7.51e-06,0,6.93e-06,7.20247e-05,6.18e-05,2.89e-05,5.77e-06,2.54e-05,9.24e-06,2.87759e-05,4.04e-05,0.917633,0.000282336,101.611,0.0309042,9.59243e-05,5.89941e-05,2.76717e-05,5.90847e-05,-0.000284219,0.000986821,-0.000688861,0.000986817,-3.58113e-06,5.82519e-06,0.030136,0.101218,0.000323202,1.11864,66,7,0.989457,5.93214e-05
ERF_Log_File_20250602_1011.csv,sp,13,p02,2,0,filled_square,prism,CCS200_Spectrum_1432915917.csv,1.43292e+09,3.12055,0.000204048,0.619245,0.000499685,28.9762,0.650992,0.000125544,1.03553,1,0.0056195,8.44859e-06,0.65,0,6.35e-06,0.000289,8.31e-05,7.51e-06,0,6.93e-06,7.45043e-05,6.18e-05,2.89e-05,5.77e-06,2.54e-05,9.24e-06,2.73495e-05,4.04e-05,0.91535,0.0001737,144.673,0.0270091,3.75633e-05,3.6334e-05,2.90141e-05,3.6413e-05,0.00270209,0.00072137,-0.0011073,0.000721367,1.72122e-05,4.25665e-06,0.0312871,0.0884617,0.000236261,1.11864,66,7,0.989789,5.67013e-05
ERF_Log_File_20250602_1031.csv,sp,13,p02,2,0,filled_square,prism,CCS200_Spectrum_1432917085.csv,1.43292e+09,3.56004,0.000290949,0.498396,0.000351904,28.9793,0.676053,0.000125551,1.1905,1,0.00541215,8.99108e-06,0.675,0,6.35e-06,0.000289,8.31e-05,7.51e-06,0,6.93e-06,7.73476e-05,6.18e-05,2.89e-05,5.77e-06,2.54e-05,9.24e-06,2.57466e-05,4.04e-05,0.911964,0.000218475,159.224,0.0367839,-5.2011e-05,4.51715e-05,3.59389e-05,4.53929e-05,-0.00433989,0.00134523,0.00148675,0.00134523,1.51069e-05,7.92267e-06,0.0639761,0.120477,0.000440587,1.11864,66,7,0.990155,5.40421e-05
ERF_Log_File_20250602_1050.csv,sp,13,p02,2,0,filled_square,prism,CCS200_Spectrum_1432918252.csv,1.43292e+09,3.84801,0.000133604,0.425566,0.000148268,28.9797,0.702135,0.000125553,1.10991,1,0.00555418,9.17291e-06,0.702,0,6.35e-06,0.000289,8.31e-05,7.51e-06,0,6.93e-06,8.02962e-05,6.18e-05,2.89e-05,5.77e-06,2.54e-05,9.24e-06,2.40715e-05,4.04e-05,0.908561,0.000188411,161.293,0.0330707,-9.03822e-05,3.97615e-05,6.34745e-05,3.98215e-05,-0.000718021,0.000658658,-0.000426853,0.000658655,2.07651e-05,3.88813e-06,0.0316129,0.108315,0.000215722,1.11864,66,7,0.990514,5.17172e-05
ERF_Log_File_20250602_1110.csv,sp,13,p02,2,0,filled_square,prism,CCS200_Spectrum_1432919420.csv,1.43292e+09,4.20183,0.000136933,0.466784,0.000727837,28.9833,0.720583,0.000125581,1.01193,1,0.0058204,1.13804e-05,0.72,0,6.35e-06,0.000289,8.31e-05,7.51e-06,0,6.93e-06,8.23772e-05,6.18e-05,2.89e-05,5.77e-06,2.54e-05,9.24e-06,2.28316e-05,4.04e-05,0.90522,0.000144049,165.963,0.0256109,-0.000129603,3.01519e-05,4.82856e-05,3.02763e-05,0.000269657,0.00082404,-0.0003746,0.000824037,-4.52655e-06,4.85608e-06,0.0405466,0.0838776,0.000269891,1.11864,66,7,0.990754,5.02565e-05
ERF_Log_File_20250602_1129.csv,sp,13,p02,2,0,filled_square,prism,CCS200_Spectrum_1432920588.csv,1.43292e+09,2.59433,0.000107382,0.535498,0.000347774,28.9843,0.741073,0.000125581,1.09591,1,0.00603113,1.14219e-05,0.74,0,6.35e-06,0.000289,8.31e-05,7.51e-06,0,6.93e-06,8.47412e-05,6.18e-05,2.89e-05,5.77e-06,2.54e-05,9.24e-06,2.14545e-05,4.04e-05,0.901802,0.000198746,189.766,0.0405363,-0.000171332,4.17408e-05,5.97063e-05,4.1916e-05,-0.000959546,0.00115032,-0.00216572,0.00115032,3.48281e-05,6.77726e-06,0.0644737,0.132767,0.00037675,1.11864,66,7,0.991008,4.88487e-05
ERF_Log_File_20250602_1149.csv,sp,13,p02,2,0,filled_square,prism,CCS200_Spectrum_1432921755.csv,1.43292e+09,2.7745,0.000366045,0.610463,0.000753413,28.9863,0.759642,0.00012571,0.991911,1,0.00630907,1.84153e-05,0.76,0,6.35e-06,0.000289,8.31e-05,7.51e-06,0,6.93e-06,8.69101e-05,6.18e-05,2.89e-05,5.77e-06,2.54e-05,9.24e-06,2.0569e-05,4.04e-05,0.89938,0.000113682,188.812,0.021084,-0.000261468,2.1913e-05,9.91797e-05,2.23026e-05,-0.00172383,0.00125638,0.00261334,0.00125638,7.34745e-05,7.33292e-06,0.069876,0.0690547,0.000411487,1.11864,66,7,0.991227,4.77676e-05
ERF_Log_File_20250602_1208.csv,sp,13,p02,2,0,filled_square,prism,CCS200_Spectrum_1432922923.csv,1.43292e+09,3.19541,0.00032622,0.72898,0.000784888,28.9888,0.782275,0.000125605,1.31889,1,0.00678114,1.30875e-05,0.781,0,6.35e-06,0.000289,8.31e-05,7.51e-06,0,6.93e-06,8.94632e-05,6.18e-05,2.89e-05,5.77e-06,2.54e-05,9.24e-06,1.98988e-05,4.04e-05,0.896422,0.000113683,204.357,0.0236957,-0.000229466,2.27352e-05,8.81016e-05,2.30203e-05,0.0021042,0.00108958,-0.00108937,0.00108958,5.56498e-05,6.38351e-06,0.0653774,0.0775845,0.000356883,1.11864,66,7,0.991482,4.66269e-05
ERF_Log_File_20250602_1227.csv,sp,13,p02,2,0,filled_square,prism,CCS200_Spectrum_1432924091.csv,1.43292e+09,3.27012,0.000408009,0.875889,0.000692567,28.9898,0.804914,0.000125607,1.14076,1,0.00726378,1.32921e-05,0.804,0,6.35e-06,0.000289,8.31e-05,7.51e-06,0,6.93e-06,9.20506e-05,6.18e-05,2.89e-05,5.77e-06,2.54e-05,9.24e-06,1.90376e-05,4.04e-05,0.893031,0.000108894,204.805,0.0242472,-0.000252262,2.31281e-05,0.000131087,2.32197e-05,-0.000303193,0.000619276,-0.00218715,0.000619274,-3.8393e-05,3.64962e-06,0.0370985,0.0793893,0.000202838,1.11864,66,7,0.991723,4.56298e-05
ERF_Log_File_20250602_1247.csv,sp,13,p02,2,0,filled_square,prism,CCS200_Spectrum_1432925259.csv,1.43293e+09,3.0421,0.000444868,0.901921,0.00163445,28.9937,0.827946,0.000125661,1.19606,1,0.00773086,1.63682e-05,0.828,0,6.35e-06,0.000289,8.31e-05,7.51e-06,0,6.93e-06,9.46813e-05,6.18e-05,2.89e-05,5.77e-06,2.54e-05,9.24e-06,1.74614e-05,4.04e-05,0.889163,0.000977209,197.669,0.217031,7.81975e-05,0.000190758,0.000146546,0.000190784,0.00125417,0.00102737,5.22262e-05,0.00102736,0.000107857,6.07012e-06,0.0591371,0.710988,0.000336466,1.11864,66,7,0.991955,4.47432e-05
ERF_Log_File_20250602_1306.csv,sp,13,p02,2,0,filled_square,prism,CCS200_Spectrum_1432926426.csv,1.43293e+09,2.78193,0.000602935,0.897483,0.000614536,28.9945,0.853657,0.000125698,1.23898,1,0.00832015,1.82864e-05,0.853,0,6.35e-06,0.000289,8.31e-05,7.51e-06,0,6.93e-06,9.7651e-05,6.18e-05,2.89e-05,5.77e-06,2.54e-05,9.24e-06,1.60052e-05,4.04e-05,0.888418,0.000111835,198.985,0.0191788,-0.000303548,1.89614e-05,0.000172017,1.97646e-05,-0.00115401,0.00171767,-0.00276037,0.00171766,3.94859e-05,9.84633e-06,0.0994892,0.062707,0.00056278,1.11861,66,7,0.992199,4.40761e-05
ERF_Log_File_20250602_1500.csv,sp,13,p02,2,0,filled_square,prism,CCS200_Spectrum_1432933273.csv,1.43293e+09,2.25313,0.000258751,0.775186,0.000810673,28.9907,0.881374,0.000126042,1.07628,1,0.00888155,3.04711e-05,0.88,0,6.35e-06,0.000289,8.31e-05,7.51e-06,0,6.93e-06,0.000100815,6.18e-05,2.89e-05,5.77e-06,2.54e-05,9.24e-06,1.64068e-05,4.04e-05,0.888294,0.000233836,189.006,0.0491035,-0.000260528,5.04631e-05,0.000154564,5.05515e-05,0.00157072,0.000900143,0.00248003,0.00090014,-6.99223e-05,5.31322e-06,0.0494969,0.160825,0.000294812,1.11864,66,7,0.992445,4.35284e-05
ERF_Log_File_20250602_1520.csv,sp,13,p02,2,0,filled_square,prism,CCS200_Spectrum_1432934441.csv,1.43293e+09,3.88847,0.000288265,0.641412,0.000990033,28.9914,0.926921,0.000125829,1.1117,1,0.0100397,2.41003e-05,0.926,0,6.35e-06,0.000289,8.31e-05,7.51e-06,0,6.93e-06,0.000105998,6.18e-05,2.89e-05,5.77e-06,2.54e-05,9.24e-06,1.47898e-05,4.04e-05,0.890043,6.84775e-05,218.536,0.0158924,-0.000225339,1.4241e-05,8.33991e-05,1.43507e-05,0.0003294,0.000532796,0.00127967,0.000532794,2.77168e-06,3.13173e-06,0.0339637,0.0518975,0.000174615,1.11825,66,7,0.992815,4.29603e-05
ERF_Log_File_20250602_1539.csv,sp,13,p02,2,0,filled_square,prism,CCS200_Spectrum_1432935609.csv,1.43294e+09,4.1571,0.000125392,0.306956,0.000130992,28.9951,0.393405,0.000125525,1.15481,1,0.00245158,6.11393e-06,0.393,0,6.35e-06,0.000289,8.31e-05,7.51e-06,0,6.93e-06,4.50173e-05,6.18e-05,2.89e-05,5.77e-06,2.54e-05,9.24e-06,7.25254e-05,4.04e-05,0.840113,0.000275595,87.5345,0.0285157,-0.000371601,6.27215e-05,0.000380689,6.27797e-05,-0.000578515,0.000819063,0.00133876,0.00081906,2.45035e-05,4.83619e-06,0.0197276,0.0933908,0.000268261,1.11864,66,7,0.98454,0.000117855
ERF_Log_File_20250602_1559.csv,sp,13,p02,2,0,filled_square,prism,CCS200_Spectrum_1432936778.csv,1.43294e+09,3.76481,9.25579e-05,0.302643,0.000610899,28.995,0.387195,0.000125525,1.14998,1,0.00245865,6.08227e-06,0.387,0,6.35e-06,0.000289,8.31e-05,7.51e-06,0,6.93e-06,4.42744e-05,6.18e-05,2.89e-05,5.77e-06,2.54e-05,9.24e-06,7.93231e-05,4.04e-05,0.806507,0.000305889,83.5215,0.0315415,-0.00051746,7.18928e-05,0.000165887,7.19339e-05,-0.000952627,0.000745423,-0.000882848,0.00074542,-2.0763e-05,4.40325e-06,0.0164586,0.10293,0.000244336,1.11852,66,7,0.984379,0.000116466
ERF_Log_File_20250603_1147.csv,sp,13,p02,2,0,filled_square,prism,CCS200_Spectrum_1433008053.csv,1.43301e+09,4.03748,0.000188957,0.31421,0.000543042,29.2508,0.401223,0.000125524,1.21686,1,0.00252918,5.98623e-06,0.401,0,6.35e-06,0.000289,8.31e-05,7.51e-06,0,6.93e-06,4.59415e-05,6.18e-05,2.89e-05,5.77e-06,2.54e-05,9.24e-06,6.50161e-05,4.04e-05,0.867276,0.000493263,79.7639,0.0452422,-0.000538632,0.00010619,0.000165018,0.000106228,-0.000393499,0.000889547,-0.0016247,0.000889543,-1.88079e-05,5.25996e-06,0.0201671,0.147754,0.000291528,1.11858,66,7,0.984741,0.000117402
ERF_Log_File_20250603_1206.csv,sp,13,p02,2,0,filled_square,prism,CCS200_Spectrum_1433009218.csv,1.43301e+09,5.20253,0.000272614,0.929827,0.0145283,29.2319,0.581654,0.000125508,1.39913,1,0.00340842,3.42376e-06,0.583,0,6.35e-06,0.000289,8.31e-05,7.51e-06,0,6.93e-06,6.65512e-05,6.18e-05,2.89e-05,5.77e-06,2.54e-05,9.24e-06,3.33592e-05,4.04e-05,0.920078,0.000195444,110.23,0.0232681,0.000264792,4.05615e-05,-9.37273e-05,4.05956e-05,0.000735566,0.00050423,-0.000342289,0.000504228,5.04478e-05,2.98006e-06,0.0167487,0.0762122,0.000165143,1.11864,66,7,0.988655,6.64665e-05
ERF_Log_File_20250603_1226.csv,sp,13,p02,2,0,filled_square,prism,CCS200_Spectrum_1433010384.csv,1.43301e+09,2.80124,0.000770112,0.891918,0.00153038,29.2178,0.853769,0.000125703,1.24356,1,0.00827166,1.84801e-05,0.853,0,6.35e-06,0.000289,8.31e-05,7.51e-06,0,6.93e-06,9.76633e-05,6.18e-05,2.89e-05,5.77e-06,2.54e-05,9.24e-06,1.60068e-05,4.04e-05,0.887835,0.000103776,199.373,0.0178215,-0.000336217,1.7586e-05,0.000109771,1.83359e-05,-0.00192999,0.0015977,-0.00215731,0.00159769,0.000212901,9.16636e-06,0.0926315,0.0583504,0.000523314,1.11864,66,7,0.9922,4.40448e-05
ERF_Log_File_20250603_1403.csv,sp,13,p02,2,0,filled_square,prism,CCS200_Spectrum_1433016251.csv,1.43302e+09,2.33758,0.00032531,0.416308,0.0108277,29.1468,0.266672,0.00012832,0.370828,1,0.00150689,6.4642e-05,0.267,0,6.35e-06,0.000289,8.31e-05,7.51e-06,0,6.93e-06,3.05015e-05,6.18e-05,2.89e-05,5.77e-06,2.54e-05,9.24e-06,0.000123406,4.04e-05,0.0494501,0.000374742,6.23802,0.0193631,-0.000883919,0.000619332,0.00120339,0.000742544,-0.2588,0.146669,-0.301933,0.146672,0.000556655,0.00072314,0.0148216,0.0633203,0.0480511,1.11864,66,7,0.981195,1.43286e-05
ERF_Log_File_20250603_1424.csv,sp,13,p02,2,0,filled_square,prism,CCS200_Spectrum_1433017458.csv,1.43302e+09,2.9999,0.000322131,0.410172,0.00537745,29.139,0.274511,0.000130534,0.307439,1,0.00169523,8.70754e-05,0.275,0,6.35e-06,0.000289,8.31e-05,7.51e-06,0,6.93e-06,3.14487e-05,6.18e-05,2.89e-05,5.77e-06,2.54e-05,9.24e-06,0.000123406,4.04e-05,0.0287859,0.000211698,8.48246,0.0306564,-0.000355741,0.000717596,0.000426538,0.000822864,0.193805,0.135884,-0.27696,0.135889,0.000981892,0.000710805,0.0108606,0.100645,0.0444814,1.11862,66,7,0.981388,7.90395e-06
ERF_Log_File_20250603_1444.csv,sp,13,p02,2,0,filled_square,prism,CCS200_Spectrum_1433018665.csv,1.43302e+09,3.79661,0.000284791,0.400431,0.000305287,29.128,0.282627,0.000132298,0.27442,1,0.00186602,0.000101818,0.283,0,6.35e-06,0.000289,8.31e-05,7.51e-06,0,6.93e-06,3.23422e-05,6.18e-05,2.89e-05,5.77e-06,2.54e-05,9.24e-06,0.000123406,4.04e-05,0.0148283,0.000251143,10.5432,0.0221288,0.000901632,0.000431145,-0.000544373,0.000632082,0.636993,0.356685,0.728688,0.356735,-0.000998393,0.000815843,0.0182566,0.0724272,0.116761,1.11864,66,7,0.981594,3.85544e-06
ERF_Log_File_20250603_1504.csv,sp,13,p02,2,0,filled_square,prism,CCS200_Spectrum_1433019872.csv,1.43302e+09,3.89357,0.000323869,0.400916,0.00048354,29.1219,0.289753,0.000142237,0.167772,1,0.00183722,0.000162616,0.29,0,6.35e-06,0.000289,8.31e-05,7.51e-06,0,6.93e-06,3.3148e-05,6.18e-05,2.89e-05,5.77e-06,2.54e-05,9.24e-06,0.000123406,4.04e-05,0.0096935,0.000158226,10.2698,0.0105829,0.0021956,0.000212874,-0.0014145,0.000321318,-0.145149,0.345592,0.0165023,0.345585,-0.000989212,0.000424983,0.011268,0.0346427,0.113193,1.11864,66,7,0.981778,2.40516e-06
ERF_Log_File_20250603_1524.csv,sp,13,p02,2,0,filled_square,prism,CCS200_Spectrum_1433021079.csv,1.43302e+09,3.27029,0.000181041,0.542775,0.000328017,29.115,0.303254,0.000131114,0.292357,1,0.00183352,9.21549e-05,0.304,0,6.35e-06,0.000289,8.31e-05,7.51e-06,0,6.93e-06,3.47334e-05,6.18e-05,2.89e-05,5.77e-06,2.54e-05,9.24e-06,0.000118702,4.04e-05,0.00922972,0.000132522,15.6397,0.0137927,0.00104896,0.000182189,-0.000430239,0.000275177,0.0895541,0.304017,-0.793307,0.304226,-0.000633574,0.000364064,0.0143745,0.0451352,0.0995873,1.11864,66,7,0.982134,2.10161e-06
ERF_Log_File_20250603_1544.csv,sp,13,p02,2,0,filled_square,prism,CCS200_Spectrum_1433022286.csv,1.43302e+09,2.86003,0.000195702,0.431737,0.00113343,29.1089,0.311878,0.000127522,0.483414,1,0.00192805,5.49819e-05,0.312,0,6.35e-06,0.000289,8.31e-05,7.51e-06,0,6.93e-06,3.56602e-05,6.18e-05,2.89e-05,5.77e-06,2.54e-05,9.24e-06,0.000106233,4.04e-05,0.00953776,0.000136748,13.6113,0.0194321,0.000974021,0.000293989,-0.000420405,0.000436826,0.0298578,0.30264,0.0674569,0.302642,-0.000811947,0.00057028,0.0128683,0.0636113,0.0991288,1.11864,66,7,0.982364,2.0599e-06
ERF_Log_File_20250603_1611.csv,sp,13,p02,2,0,filled_square,prism,CCS200_Spectrum_1433023899.csv,1.43302e+09,3.25788,0.000125256,0.415272,0.000271221,29.1033,0.314876,0.000126431,0.726426,1,0.00196378,3.72528e-05,0.315,0,6.35e-06,0.000289,8.31e-05,7.51e-06,0,6.93e-06,3.60321e-05,6.18e-05,2.89e-05,5.77e-06,2.54e-05,9.24e-06,0.000101898,4.04e-05,0.00997506,9.49176e-05,15.6444,0.0174223,0.000421425,0.000228919,-0.00058937,0.000336938,0.102183,0.200476,0.296097,0.200493,-0.00101526,0.000436374,0.0102465,0.057037,0.0656574,1.11864,66,7,0.982445,2.11582e-06
ERF_Log_File_20250603_1631.csv,sp,13,p02,2,0,filled_square,prism,CCS200_Spectrum_1433025086.csv,1.43303e+09,4.98537,0.000532394,0.343435,0.00062452,29.0965,0.327142,0.000125672,1.17518,1,0.00208601,1.60142e-05,0.327,0,6.35e-06,0.000289,8.31e-05,7.51e-06,0,6.93e-06,3.74634e-05,6.18e-05,2.89e-05,5.77e-06,2.54e-05,9.24e-06,8.6899e-05,4.04e-05,0.00358736,6.91148e-05,24.0765,0.0174392,0.000213358,0.000149808,-0.000404416,0.000227769,0.896127,0.408777,0.221878,0.408435,-0.000321849,0.000302831,0.0115535,0.0570871,0.133779,1.11864,66,7,0.982776,7.08091e-07
ERF_Log_File_20250603_1650.csv,sp,13,p02,2,0,filled_square,prism,CCS200_Spectrum_1433026263.csv,1.43303e+09,2.36387,0.000208717,0.308381,0.000628098,29.095,0.335075,0.00012556,1.05903,1,0.00208786,9.43288e-06,0.335,0,6.35e-06,0.000289,8.31e-05,7.51e-06,0,6.93e-06,3.83691e-05,6.18e-05,2.89e-05,5.77e-06,2.54e-05,9.24e-06,8.55574e-05,4.04e-05,0.0155728,6.33253e-05,28.4949,0.0156623,-1.8307e-07,0.000112767,-0.000312648,0.000164182,-0.0876154,0.0854708,-0.136427,0.0854718,-0.000182307,0.000210648,0.0124219,0.0512763,0.0279934,1.11864,66,7,0.98299,2.93866e-06
ERF_Log_File_20250604_0831.csv,sp,13,p02,2,0,filled_square,prism,CCS200_Spectrum_1433082717.csv,1.43308e+09,2.33695,0.000188197,0.310502,0.00142529,28.9909,0.33513,0.000125554,1.04516,1,0.00209279,8.92466e-06,0.335,0,6.35e-06,0.000289,8.31e-05,7.51e-06,0,6.93e-06,3.8374e-05,6.18e-05,2.89e-05,5.77e-06,2.54e-05,9.24e-06,8.55481e-05,4.04e-05,0.0158244,5.18774e-05,28.1725,0.0189458,5.00843e-05,0.000136829,0.000173778,0.000189657,-0.0980754,0.0680656,-0.0859783,0.0680653,0.000234082,0.000231769,0.00993842,0.0620314,0.0222928,1.11864,66,7,0.982992,2.98525e-06
ERF_Log_File_20250604_0851.csv,sp,13,p02,2,0,filled_square,prism,CCS200_Spectrum_1433083891.csv,1.43308e+09,2.23941,0.000329047,0.292812,0.000528585,28.9907,0.340319,0.000125549,1.13041,1,0.00211343,8.50483e-06,0.34,0,6.35e-06,0.000289,8.31e-05,7.51e-06,0,6.93e-06,3.8939e-05,6.18e-05,2.89e-05,5.77e-06,2.54e-05,9.24e-06,8.46707e-05,4.04e-05,0.0594554,6.17304e-05,27.0588,0.0140355,-0.00015131,0.000102945,0.00031644,0.000117578,-0.0223808,0.0190796,-0.00717139,0.0190795,0.000141841,0.000100278,0.0100532,0.0459653,0.00624893,1.11864,66,7,0.983132,1.08981e-05
ERF_Log_File_20250604_0910.csv,sp,13,p02,2,0,filled_square,prism,CCS200_Spectrum_1433085062.csv,1.43309e+09,2.61812,0.000146007,0.276395,0.00067148,28.9934,0.345985,0.000125529,1.1814,1,0.00212174,6.60804e-06,0.346,0,6.35e-06,0.000289,8.31e-05,7.51e-06,0,6.93e-06,3.95733e-05,6.18e-05,2.89e-05,5.77e-06,2.54e-05,9.24e-06,8.37126e-05,4.04e-05,0.149294,0.000110617,31.7815,0.0214388,-0.00022784,0.000132281,-6.72351e-05,0.000134028,0.00157764,0.006502,-0.00495682,0.00650198,0.000116208,3.81058e-05,0.0101041,0.0702175,0.00212952,1.11864,66,7,0.983285,2.65345e-05
ERF_Log_File_20250604_0930.csv,sp,13,p02,2,0,filled_square,prism,CCS200_Spectrum_1433086233.csv,1.43309e+09,2.9423,0.000223722,0.272103,0.000499077,28.9937,0.350863,0.000125518,1.11101,1,0.00213749,5.18477e-06,0.351,0,6.35e-06,0.000289,8.31e-05,7.51e-06,0,6.93e-06,4.01054e-05,6.18e-05,2.89e-05,5.77e-06,2.54e-05,9.24e-06,8.33663e-05,4.04e-05,0.254548,0.000141559,36.0835,0.0192653,-8.33418e-05,0.000104443,0.000129332,0.00010502,-0.00260831,0.00330071,0.00798614,0.0033007,6.54786e-05,1.94453e-05,0.00992935,0.0630987,0.00108104,1.11864,66,7,0.983416,4.40756e-05
ERF_Log_File_20250604_0949.csv,sp,13,p02,2,0,filled_square,prism,CCS200_Spectrum_1433087402.csv,1.43309e+09,3.32066,0.000186741,0.273768,0.000968803,28.9976,0.356913,0.000125519,1.05818,1,0.0021791,5.3061e-06,0.357,0,6.35e-06,0.000289,8.31e-05,7.51e-06,0,6.93e-06,4.08194e-05,6.18e-05,2.89e-05,5.77e-06,2.54e-05,9.24e-06,8.56985e-05,4.04e-05,0.395565,0.000257979,41.4111,0.0268603,-3.49221e-05,0.000124249,0.000208356,0.00012434,-0.00260636,0.00144213,0.00170476,0.00144212,9.47858e-05,8.52409e-06,0.00773643,0.0880044,0.000472288,1.11864,66,7,0.983579,6.63533e-05
ERF_Log_File_20250604_1009.csv,sp,13,p02,2,0,filled_square,prism,CCS200_Spectrum_1433088569.csv,1.43309e+09,3.9928,0.000178916,0.284258,0.00105361,28.997,0.362925,0.00012552,1.03206,1,0.00220943,5.44902e-06,0.363,0,6.35e-06,0.000289,8.31e-05,7.51e-06,0,6.93e-06,4.1528e-05,6.18e-05,2.89e-05,5.77e-06,2.54e-05,9.24e-06,8.80161e-05,4.04e-05,0.513731,0.000219515,50.7167,0.0214855,-0.000175782,8.18527e-05,0.000130885,8.19464e-05,-0.000627825,0.00118375,0.0020274,0.00118375,5.2413e-05,6.99406e-06,0.0101014,0.070371,0.000387699,1.11864,66,7,0.983739,8.35511e-05
ERF_Log_File_20250604_1028.csv,sp,13,p02,2,0,filled_square,prism,CCS200_Spectrum_1433089738.csv,1.43309e+09,2.54128,0.000120581,0.287522,0.00040412,29.0012,0.36803,0.000125516,1.0149,1,0.00224443,4.82931e-06,0.368,0,6.35e-06,0.000289,8.31e-05,7.51e-06,0,6.93e-06,4.21204e-05,6.18e-05,2.89e-05,5.77e-06,2.54e-05,9.24e-06,8.99844e-05,4.04e-05,0.585222,0.000226816,64.4739,0.0248316,-0.000474149,7.40049e-05,0.00012824,7.40667e-05,-0.00110049,0.0009193,-0.00253637,0.000919296,4.37456e-05,5.43327e-06,0.0113623,0.0812705,0.000301136,1.11864,66,7,0.983875,9.2753e-05
ERF_Log_File_20250604_1048.csv,sp,13,p02,2,0,filled_square,prism,CCS200_Spectrum_1433090906.csv,1.43309e+09,2.99355,0.000158472,0.292654,0.00036985,29.0011,0.373869,0.000125514,1.20756,1,0.00228424,4.64585e-06,0.374,0,6.35e-06,0.000289,8.31e-05,7.51e-06,0,6.93e-06,4.27385e-05,6.18e-05,2.89e-05,5.77e-06,2.54e-05,9.24e-06,9.22352e-05,4.04e-05,0.656469,0.000221601,73.4717,0.0246286,-0.000279093,6.4544e-05,0.00037404,6.46042e-05,-0.00223818,0.000844081,-0.00229115,0.000844078,4.2126e-05,4.98793e-06,0.0133383,0.0805407,0.000276546,1.11863,66,7,0.98403,0.000101075
ERF_Log_File_20250604_1107.csv,sp,13,p02,2,0,filled_square,prism,CCS200_Spectrum_1433092074.csv,1.43309e+09,3.28107,7.31956e-05,0.298568,0.00034088,29.0059,0.380663,0.000125516,1.08897,1,0.00234918,4.88377e-06,0.381,0,6.35e-06,0.000289,8.31e-05,7.51e-06,0,6.93e-06,4.35466e-05,6.18e-05,2.89e-05,5.77e-06,2.54e-05,9.24e-06,8.64725e-05,4.04e-05,0.743416,8.67967e-05,75.6134,0.00853465,-0.000326288,2.20635e-05,0.000223368,2.21641e-05,-0.00046395,0.000633332,-0.00110552,0.00063333,3.08686e-05,3.73327e-06,0.0116691,0.0278536,0.000207591,1.11829,66,7,0.984209,0.000110743
ERF_Log_File_20250604_1127.csv,sp,13,p02,2,0,filled_square,prism,CCS200_Spectrum_1433093243.csv,1.43309e+09,3.98887,0.000212279,0.312379,0.000524244,29.0057,0.401129,0.000125524,1.1994,1,0.00253126,5.98073e-06,0.401,0,6.35e-06,0.000289,8.31e-05,7.51e-06,0,6.93e-06,4.59315e-05,6.18e-05,2.89e-05,5.77e-06,2.54e-05,9.24e-06,6.50385e-05,4.04e-05,0.864463,0.000352785,77.2063,0.0313097,-0.00062049,7.79266e-05,0.000156939,7.79916e-05,-0.00263134,0.000969032,-0.00246253,0.000969029,3.67715e-05,5.72605e-06,0.0211875,0.102432,0.000317454,1.11863,66,7,0.984739,0.000117072
ERF_Log_File_20250604_1212.csv,sp,13,p02,2,0,filled_square,prism,ERF_OSA207_Spectra_20250604_1212.csv,1.4331e+09,3.88089,0.000515132,0.502373,0.000498199,29.0099,1.01185,1.28915e-05,0.00100486,2,0.0104625,7.92175e-05,1.01,0,6.35e-06,0.000289,8.31e-05,7.51e-06,0,6.93e-06,0.00011612,6.18e-05,2.89e-05,5.77e-06,2.54e-05,9.24e-06,1.12716e-05,4.04e-05,0.898925,0.000130286,222.782,0.0194416,-0.000172559,1.72454e-05,4.58775e-05,1.88659e-05,0.00104967,0.00245473,0.00126468,0.00245473,-5.84979e-05,1.35033e-05,0.161075,0.0635496,0.000804311,1.11862,66,7,0.993405,4.26664e-05
ERF_Log_File_20250604_1253.csv,sp,13,p02,2,0,filled_square,prism,ERF_OSA207_Spectra_20250604_1253.csv,1.4331e+09,4.34126,0.000112903,0.43635,0.000230296,29.0123,1.05571,1.02927e-05,0.000852867,2,0.00856743,0.000246217,1.056,0,6.35e-06,0.000289,8.31e-05,7.51e-06,0,6.93e-06,0.000120538,6.18e-05,2.89e-05,5.77e-06,2.54e-05,9.24e-06,1.0652e-05,4.04e-05,0.905766,0.00011428,225.018,0.0279652,-0.00013229,2.41713e-05,9.99727e-05,2.42199e-05,-0.000922501,0.000461503,0.000122163,0.000461501,-1.07052e-05,2.72525e-06,0.030833,0.0912373,0.00015128,1.1185,66,7,0.993665,4.27611e-05
ERF_Log_File_20250604_1313.csv,sp,13,p02,2,0,filled_square,prism,ERF_OSA207_Spectra_20250604_1313.csv,1.4331e+09,3.58865,0.000135318,0.406579,0.000244912,29.0126,1.07685,1.43735e-05,0.000796701,2,0.0092619,0.00027274,1.081,0,6.35e-06,0.000289,8.31e-05,7.51e-06,0,6.93e-06,0.000123155,6.18e-05,2.89e-05,5.77e-06,2.54e-05,9.24e-06,1.03535e-05,4.04e-05,0.9087,0.000158829,176.774,0.0302809,-9.68861e-05,3.33906e-05,3.60222e-05,3.34806e-05,0.000129353,0.00073723,0.00170068,0.000737227,-3.06183e-05,4.35115e-06,0.0387855,0.0991839,0.000241452,1.11864,66,7,0.99378,4.28071e-05
ERF_Log_File_20250604_1333.csv,sp,13,p02,2,0,filled_square,prism,ERF_OSA207_Spectra_20250604_1333.csv,1.4331e+09,4.46051,0.000208876,0.379162,0.000262971,29.0154,1.10871,9.3152e-06,0.000920021,2,0.00951285,0.000218506,1.107,0,6.35e-06,0.000289,8.31e-05,7.51e-06,0,6.93e-06,0.000126779,6.18e-05,2.89e-05,5.77e-06,2.54e-05,9.24e-06,9.97161e-06,4.04e-05,0.912485,8.89727e-05,203.215,0.0195097,-0.000122595,1.86766e-05,6.65391e-05,1.87153e-05,-0.000549925,0.000361498,0.000327548,0.000361496,2.10817e-05,2.13463e-06,0.0219544,0.0638992,0.000118397,1.11864,66,7,0.993943,4.286e-05
ERF_Log_File_20250604_1354.csv,sp,13,p02,2,0,filled_square,prism,ERF_OSA207_Spectra_20250604_1354.csv,1.4331e+09,2.76699,0.000136495,0.355381,0.000297016,29.0148,1.13529,7.98212e-06,0.00115278,2,0.00975357,0.000213665,1.134,0,6.35e-06,0.000289,8.31e-05,7.51e-06,0,6.93e-06,0.000130038,6.18e-05,2.89e-05,5.77e-06,2.54e-05,9.24e-06,9.80399e-06,4.04e-05,0.915235,0.000104845,236.007,0.0267216,-7.70023e-05,2.19646e-05,0.000100593,2.19988e-05,-0.0010579,0.000369368,0.00105716,0.000369367,1.10049e-06,2.18164e-06,0.0261321,0.0874997,0.000120981,1.11864,66,7,0.99407,4.2892e-05
ERF_Log_File_20250604_1414.csv,sp,13,p02,2,0,filled_square,prism,ERF_OSA207_Spectra_20250604_1414.csv,1.4331e+09,5.19065,0.000146202,0.332731,0.000239162,29.018,1.16053,9.64458e-06,0.00119585,2,0.0101669,0.000194,1.163,0,6.35e-06,0.000289,8.31e-05,7.51e-06,0,6.93e-06,0.000133232,6.18e-05,2.89e-05,5.77e-06,2.54e-05,9.24e-06,9.64488e-06,4.04e-05,0.917387,0.000169581,205.6,0.0378626,-0.000139478,3.49121e-05,5.13982e-06,3.49297e-05,-3.32362e-05,0.000339849,-0.000447711,0.000339848,1.96757e-05,2.00875e-06,0.0209926,0.124045,0.000111299,1.11864,66,7,0.994183,4.29038e-05
ERF_Log_File_20250604_1434.csv,sp,13,p02,2,0,filled_square,prism,ERF_OSA207_Spectra_20250604_1434.csv,1.43311e+09,5.14002,0.000208675,0.311617,0.000207628,29.0183,1.19214,8.89856e-06,0.00117977,2,0.0110299,0.000240556,1.193,0,6.35e-06,0.000289,8.31e-05,7.51e-06,0,6.93e-06,0.000136176,6.18e-05,2.89e-05,5.77e-06,2.54e-05,9.24e-06,9.44558e-06,4.04e-05,0.9214,0.00017078,187.075,0.0339898,-5.9207e-05,3.54138e-05,7.49288e-05,3.55081e-05,-0.000767633,0.000777171,0.00106628,0.000777168,-2.65578e-05,4.58654e-06,0.0438747,0.111325,0.000254537,1.11864,66,7,0.994314,4.29811e-05
ERF_Log_File_20250604_1454.csv,sp,13,p02,2,0,filled_square,prism,ERF_OSA207_Spectra_20250604_1454.csv,1.43311e+09,3.03507,8.06337e-05,0.308704,0.000197276,29.0201,1.22718,8.92343e-06,0.00124597,2,0.0116188,0.000208002,1.225,0,6.35e-06,0.000289,8.31e-05,7.51e-06,0,6.93e-06,0.000140497,6.18e-05,2.89e-05,5.77e-06,2.54e-05,9.24e-06,9.00097e-06,4.04e-05,0.923759,0.000118765,201.762,0.0254611,-6.44267e-05,2.45851e-05,0.000128511,2.46463e-05,-0.000445293,0.0005217,0.00110864,0.000521698,2.451e-05,3.07922e-06,0.0318459,0.083391,0.000170866,1.11864,66,7,0.994448,4.29672e-05
ERF_Log_File_20250604_1514.csv,sp,13,p02,2,0,filled_square,prism,ERF_OSA207_Spectra_20250604_1514.csv,1.43311e+09,3.32746,7.16029e-05,0.310713,0.000130722,29.0219,1.25604,8.83166e-06,0.00136439,2,0.0121476,0.000227457,1.259,0,6.35e-06,0.000289,8.31e-05,7.51e-06,0,6.93e-06,0.000143311,6.18e-05,2.89e-05,5.77e-06,2.54e-05,9.24e-06,8.58135e-06,4.04e-05,0.926514,0.000112989,204.885,0.0244711,-6.05792e-05,2.32868e-05,3.40237e-05,2.33516e-05,-0.000450019,0.00052242,0.000505098,0.000522418,1.79879e-06,3.08293e-06,0.0324801,0.0801488,0.000171102,1.11864,66,7,0.99455,4.2991e-05
ERF_Log_File_20250604_1535.csv,sp,13,p02,2,0,filled_square,prism,ERF_OSA207_Spectra_20250604_1535.csv,1.43311e+09,3.70354,0.000180608,0.312122,0.000284339,29.0215,1.2916,7.65163e-06,0.00148363,2,0.0128806,0.000187204,1.295,0,6.35e-06,0.000289,8.31e-05,7.51e-06,0,6.93e-06,0.000147911,6.18e-05,2.89e-05,5.77e-06,2.54e-05,9.24e-06,8.06448e-06,4.04e-05,0.92908,0.000173313,207.769,0.0382184,-1.84613e-05,3.57516e-05,2.58514e-05,3.58184e-05,-0.00065629,0.000657852,0.00139864,0.00065785,1.8711e-05,3.88515e-06,0.0415908,0.125175,0.000215458,1.11864,66,7,0.994666,4.29786e-05
ERF_Log_File_20250604_1555.csv,sp,13,p02,2,0,filled_square,prism,ERF_OSA207_Spectra_20250604_1555.csv,1.43311e+09,4.39142,0.000309142,0.316363,0.000249887,29.0244,1.3299,8.75334e-06,0.00165852,2,0.0134879,0.000219077,1.332,0,6.35e-06,0.000289,8.31e-05,7.51e-06,0,6.93e-06,0.000151849,6.18e-05,2.89e-05,5.77e-06,2.54e-05,9.24e-06,7.50775e-06,4.04e-05,0.93146,0.000112715,225.571,0.0235825,3.61e-06,2.05245e-05,-1.55271e-06,2.09629e-05,-0.00270945,0.00129265,-0.00183325,0.00129265,5.27369e-06,7.52976e-06,0.0889534,0.0772376,0.000423366,1.11864,66,7,0.994779,4.2945e-05
ERF_Log_File_20250605_0912.csv,sp,13,p02,2,0,filled_square,prism,ERF_OSA207_Spectra_20250605_0912.csv,1.43317e+09,3.87067,0.000321382,0.320041,0.000877609,28.9691,1.37172,2.06053e-05,0.00156008,2,0.0134813,0.000287907,1.372,0,6.35e-06,0.000289,8.31e-05,7.51e-06,0,6.93e-06,0.000157422,6.18e-05,2.89e-05,5.77e-06,2.54e-05,9.24e-06,6.8998e-06,4.04e-05,0.933582,0.000110715,192.683,0.0218267,-1.3236e-05,2.21686e-05,-1.96397e-05,2.23068e-05,0.000140018,0.000744635,0.00157464,0.000744631,0.00013468,4.38533e-06,0.0438705,0.0714895,0.00024388,1.11864,66,7,0.99489,4.28872e-05
ERF_Log_File_20250605_0932.csv,sp,13,p02,2,0,filled_square,prism,ERF_OSA207_Spectra_20250605_0932.csv,1.43317e+09,4.20042,0.000254929,0.319501,0.00100849,28.9693,1.41258,4.16816e-06,0.00449329,2,0.0151416,0.000110482,1.415,0,6.35e-06,0.000289,8.31e-05,7.51e-06,0,6.93e-06,0.000161927,6.18e-05,2.89e-05,5.77e-06,2.54e-05,9.24e-06,6.43041e-06,4.04e-05,0.936465,0.000221932,196.55,0.0463411,8.06227e-05,4.50989e-05,-3.25488e-05,4.51304e-05,-0.000161665,0.000508705,-0.000344373,0.000508703,-7.25323e-05,3.03617e-06,0.030666,0.15179,0.000166607,1.11864,66,7,0.994986,4.28744e-05
ERF_Log_File_20250605_0952.csv,sp,13,p02,2,0,filled_square,prism,ERF_OSA207_Spectra_20250605_0952.csv,1.43317e+09,4.93613,0.000319434,0.317758,0.00080335,28.9748,1.45603,4.47202e-06,0.00475348,2,0.0161052,0.000111829,1.461,0,6.35e-06,0.000289,8.31e-05,7.51e-06,0,6.93e-06,0.000166865,6.18e-05,2.89e-05,5.77e-06,2.54e-05,9.24e-06,6.22905e-06,4.04e-05,0.938094,8.20553e-05,209.803,0.0127555,3.4692e-05,1.19809e-05,8.90224e-06,1.27193e-05,-0.000689959,0.00133402,0.00456435,0.00133402,-3.74218e-05,7.53937e-06,0.0859917,0.0417751,0.000436917,1.11864,66,7,0.995078,4.28101e-05
ERF_Log_File_20250605_1012.csv,sp,13,p02,2,0,filled_square,prism,ERF_OSA207_Spectra_20250605_1012.csv,1.43318e+09,2.27442,0.000202404,0.319838,0.000271667,28.9726,1.50253,4.9515e-06,0.00521271,2,0.0172031,0.000123036,1.509,0,6.35e-06,0.000289,8.31e-05,7.51e-06,0,6.93e-06,0.000172331,6.18e-05,2.89e-05,5.77e-06,2.54e-05,9.24e-06,6.01356e-06,4.04e-05,0.940712,0.00011476,216.067,0.0260884,8.23927e-05,2.33878e-05,1.09196e-05,2.34199e-05,0.000243669,0.000369607,-4.9731e-05,0.000369606,-1.7656e-05,2.18384e-06,0.0246048,0.0854459,0.000121053,1.11864,66,7,0.995164,4.28089e-05
ERF_Log_File_20250605_1032.csv,sp,13,p02,2,0,filled_square,prism,ERF_OSA207_Spectra_20250605_1032.csv,1.43318e+09,2.49802,7.4163e-05,0.320819,0.000288737,28.9774,1.55342,4.86105e-06,0.00507944,2,0.018657,0.000125667,1.561,0,6.35e-06,0.000289,8.31e-05,7.51e-06,0,6.93e-06,0.000177264,6.18e-05,2.89e-05,5.77e-06,2.54e-05,9.24e-06,5.77769e-06,4.04e-05,0.942752,0.000133183,209.826,0.0294801,6.54936e-05,2.69161e-05,-5.09193e-05,2.69358e-05,-0.000140382,0.000313083,0.000663848,0.000313082,8.57243e-06,1.85064e-06,0.0202839,0.0965537,0.00010254,1.11864,66,7,0.995246,4.28175e-05
ERF_Log_File_20250605_1052.csv,sp,13,p02,2,0,filled_square,prism,ERF_OSA207_Spectra_20250605_1052.csv,1.43318e+09,2.62138,5.35867e-05,0.326084,9.81965e-05,28.9789,1.61416,4.95752e-06,0.00562407,2,0.0202666,0.000124372,1.617,0,6.35e-06,0.000289,8.31e-05,7.51e-06,0,6.93e-06,0.000184843,6.18e-05,2.89e-05,5.77e-06,2.54e-05,9.24e-06,6.3817e-06,4.04e-05,0.944324,0.000114855,191.872,0.0230993,3.96569e-05,2.33172e-05,-9.83717e-06,2.33489e-05,0.000147942,0.000367226,0.000781788,0.000367225,-1.59303e-05,2.17024e-06,0.0217921,0.0756575,0.000120272,1.11864,66,7,0.995327,4.28763e-05
ERF_Log_File_20250605_1112.csv,sp,13,p02,2,0,filled_square,prism,ERF_OSA207_Spectra_20250605_1112.csv,1.43318e+09,2.87413,7.10439e-05,0.347043,0.000122858,28.9837,1.67375,4.37225e-06,0.00623369,2,0.0218593,0.000107972,1.678,0,6.35e-06,0.000289,8.31e-05,7.51e-06,0,6.93e-06,0.000191274,6.18e-05,2.89e-05,5.77e-06,2.54e-05,9.24e-06,9.83092e-06,4.04e-05,0.946216,0.000187686,177.469,0.0351348,0.000113539,3.63676e-05,4.3264e-05,3.6377e-05,-0.00080006,0.000259254,0.00107882,0.000259253,1.01667e-05,1.53299e-06,0.0142583,0.115082,8.49091e-05,1.11864,66,7,0.995392,4.30668e-05
ERF_Log_File_20250605_1132.csv,sp,13,p02,2,0,filled_square,prism,ERF_OSA207_Spectra_20250605_1132.csv,1.43318e+09,3.18029,9.20948e-05,0.373157,0.000263533,28.984,1.73334,6.22294e-06,0.00669816,2,0.0235987,0.000133745,1.743,0,6.35e-06,0.000289,8.31e-05,7.51e-06,0,6.93e-06,0.000197974,6.18e-05,2.89e-05,5.77e-06,2.54e-05,9.24e-06,3.67955e-05,4.04e-05,0.948079,0.000105464,171.811,0.0188791,0.000105317,2.13279e-05,-5.37705e-06,2.13628e-05,-1.86074e-05,0.000367372,-6.59427e-05,0.000367369,5.7028e-06,2.17018e-06,0.0195996,0.0618256,0.000120324,1.11864,66,7,0.995444,4.33908e-05
ERF_Log_File_20250605_1152.csv,sp,13,p02,2,0,filled_square,prism,ERF_OSA207_Spectra_20250605_1152.csv,1.43318e+09,3.32001,0.000321894,0.410136,0.00398529,28.988,1.80722,5.99398e-06,0.00711607,2,0.0255286,0.00015158,1.814,0,6.35e-06,0.000289,8.31e-05,7.51e-06,0,6.93e-06,0.000206972,6.18e-05,2.89e-05,5.77e-06,2.54e-05,9.24e-06,9.31764e-05,4.04e-05,0.950365,0.000190535,160.239,0.0290437,9.94863e-05,3.55492e-05,4.93135e-05,3.60561e-05,-0.00202329,0.00181774,0.00317763,0.00181773,-9.19933e-07,1.06464e-05,0.0906632,0.0951193,0.000595348,1.11864,66,7,0.995491,4.40014e-05
ERF_Log_File_20250605_1212.csv,sp,13,p02,2,0,filled_square,prism,ERF_OSA207_Spectra_20250605_1212.csv,1.43318e+09,3.08408,0.000321331,0.50246,0.00231462,28.9886,1.88073,7.75854e-06,0.00923614,2,0.0278653,0.00016285,1.89,0,6.35e-06,0.000289,8.31e-05,7.51e-06,0,6.93e-06,0.00021471,6.18e-05,2.89e-05,5.77e-06,2.54e-05,9.24e-06,0.000149269,4.04e-05,0.952,0.000285706,135.501,0.0401854,0.00013645,5.75432e-05,4.86849e-06,5.76342e-05,0.0022559,0.000975178,0.00295776,0.000975174,0.000138809,5.76129e-06,0.0411998,0.131619,0.000319388,1.11864,66,7,0.995523,4.4817e-05
ERF_Log_File_20250605_1232.csv,sp,13,p02,2,0,filled_square,prism,ERF_OSA207_Spectra_20250605_1232.csv,1.43318e+09,3.74417,0.000156446,0.654265,0.000377929,28.9904,1.96922,7.43789e-06,0.0113055,2,0.0310017,0.000165429,1.975,0,6.35e-06,0.000289,8.31e-05,7.51e-06,0,6.93e-06,0.000225141,6.18e-05,2.89e-05,5.77e-06,2.54e-05,9.24e-06,0.000216801,4.04e-05,0.953379,0.000385187,157.37,0.0635234,9.81384e-05,6.96191e-05,3.50802e-05,6.96279e-05,-0.000986419,0.000365414,0.00113689,0.000365413,-4.79295e-05,2.16067e-06,0.0179494,0.208394,0.000119636,1.11863,66,7,0.995543,4.60814e-05
ERF_Log_File_20250605_1252.csv,sp,13,p02,2,0,filled_square,prism,ERF_OSA207_Spectra_20250605_1252.csv,1.43319e+09,3.10877,0.000190201,0.885689,0.00180441,28.9926,2.05388,9.03855e-06,0.0153579,2,0.0347632,0.00017558,2.067,0,6.35e-06,0.000289,8.31e-05,7.51e-06,0,6.93e-06,0.000235092,6.18e-05,2.89e-05,5.77e-06,2.54e-05,9.24e-06,0.000256982,4.04e-05,0.954495,0.000634824,106.867,0.0710529,0.000163303,9.70125e-05,-9.26766e-05,9.70174e-05,-0.0014148,0.000362903,0.00149167,0.000362901,-2.63189e-05,2.14608e-06,0.0121056,0.234293,0.000118677,1.11848,66,7,0.995546,4.75776e-05
ERF_Log_File_20250605_1312.csv,sp,13,p02,2,0,filled_square,prism,ERF_OSA207_Spectra_20250605_1312.csv,1.43319e+09,4.94133,0.000415703,0.902105,0.00167727,28.994,2.15229,1.18947e-05,0.0148193,2,0.0391932,0.000226688,2.169,0,6.35e-06,0.000289,8.31e-05,7.51e-06,0,6.93e-06,0.000246628,6.18e-05,2.89e-05,5.77e-06,2.54e-05,9.24e-06,0.000287474,4.04e-05,0.954998,0.000775242,64.8024,0.0525814,4.34545e-05,0.000125987,3.60516e-05,0.000125995,-0.00298337,0.000515445,0.00178279,0.000515443,6.67235e-06,3.04817e-06,0.0103839,0.176858,0.000167789,1.1178,66,7,0.995533,4.96061e-05
ERF_Log_File_20250605_1332.csv,sp,13,p02,2,0,filled_square,prism,ERF_OSA207_Spectra_20250605_1332.csv,1.43319e+09,4.38283,0.000597703,0.9035,0.00172567,28.9971,2.26245,1.55398e-05,0.0123529,2,0.044165,0.000278504,2.282,0,6.35e-06,0.000289,8.31e-05,7.51e-06,0,6.93e-06,0.000258876,6.18e-05,2.89e-05,5.77e-06,2.54e-05,9.24e-06,0.000246311,4.04e-05,0.956904,0.000804448,61.688,0.051821,0.000160465,0.000141429,-0.000257775,0.000141444,-0.000421647,0.000689045,0.000609308,0.000689043,1.28105e-06,4.07491e-06,0.0133488,0.16815,0.000226138,1.11852,66,7,0.995499,5.23158e-05
ERF_Log_File_20250605_1352.csv,sp,13,p02,2,0,filled_square,prism,ERF_OSA207_Spectra_20250605_1352.csv,1.43319e+09,3.7231,0.000677899,0.903677,0.00260507,28.9964,2.39821,2.25425e-05,0.00913384,2,0.0517381,0.000378632,2.408,0,6.35e-06,0.000289,8.31e-05,7.51e-06,0,6.93e-06,0.000274153,6.18e-05,2.89e-05,5.77e-06,2.54e-05,9.24e-06,0.0001247,4.04e-05,0.957351,0.000808035,25.9195,0.0217997,0.000476159,0.000159098,-0.000134072,0.000159173,-0.000247081,0.00150308,0.00265582,0.00150307,3.32617e-05,8.88655e-06,0.0122356,0.0708711,0.00049309,1.11853,66,7,0.995435,5.60159e-05
ERF_Log_File_20250605_1412.csv,sp,13,p02,2,0,filled_square,prism,ERF_OSA207_Spectra_20250605_1412.csv,1.43319e+09,4.0822,0.00119721,0.902688,0.00218093,29,2.47847,2.5483e-05,0.0067732,2,0.054263,0.000410691,2.5,0,6.35e-06,0.000289,8.31e-05,7.51e-06,0,6.93e-06,0.000283823,6.18e-05,2.89e-05,5.77e-06,2.54e-05,9.24e-06,5.2801e-05,4.04e-05,0.9578,0.00132444,15.6271,0.0215709,0.000540471,0.000252381,-0.000383216,0.000252441,-0.00536741,0.00174225,-0.00407856,0.00174224,-3.96896e-05,1.03017e-05,0.00854032,0.0706684,0.000570584,1.11864,66,7,0.995388,5.84231e-05
ERF_Log_File_20250605_1532.csv,sp,13,p02,2,0,filled_square,prism,CCS200_Spectrum_1433194384.csv,1.43319e+09,5.45103,0.000215307,0.54042,0.00124428,28.9977,0.98503,0.000126259,1.01042,1,0.0115917,3.73896e-05,0.985,0,6.35e-06,0.000289,8.31e-05,7.51e-06,0,6.93e-06,0.000112712,6.18e-05,2.89e-05,5.77e-06,2.54e-05,9.24e-06,1.19579e-05,4.04e-05,0.896201,0.000119705,231.443,0.0305405,-0.000213605,2.56098e-05,6.00565e-05,2.56512e-05,-0.000492663,0.00043901,0.000578295,0.000439008,4.04769e-05,2.59376e-06,0.029824,0.100021,0.000143786,1.11864,66,7,0.993232,4.2714e-05
ERF_Log_File_20250605_1552.csv,sp,13,p02,2,0,filled_square,prism,CCS200_Spectrum_1433195551.csv,1.4332e+09,5.2917,0.000342299,0.91557,0.00825746,28.9992,0.581501,0.000125508,1.43973,1,0.00341541,3.39007e-06,0.583,0,6.35e-06,0.000289,8.31e-05,7.51e-06,0,6.93e-06,6.65337e-05,6.18e-05,2.89e-05,5.77e-06,2.54e-05,9.24e-06,3.3381e-05,4.04e-05,0.919643,0.000145999,112.108,0.0176893,0.000257855,3.03012e-05,-7.3914e-06,3.03259e-05,0.00128505,0.000371315,-0.000853887,0.000371314,3.72637e-05,2.19506e-06,0.0125381,0.0579372,0.000121612,1.11864,66,7,0.988652,6.64611e-05
ERF_Log_File_20250605_1611.csv,sp,13,p02,2,0,filled_square,prism,CCS200_Spectrum_1433196718.csv,1.4332e+09,3.97929,0.000177406,0.447002,0.00249731,28.9999,0.440981,0.000125527,1.06597,1,0.0030179,6.35442e-06,0.441,0,6.35e-06,0.000289,8.31e-05,7.51e-06,0,6.93e-06,5.04655e-05,6.18e-05,2.89e-05,5.77e-06,2.54e-05,9.24e-06,5.51055e-05,4.04e-05,0.903338,0.00026327,61.1784,0.0177508,-6.78297e-05,5.52839e-05,0.000116325,5.53167e-05,-0.000351453,0.000581434,6.46699e-05,0.000581432,1.49603e-05,3.43709e-06,0.0105231,0.0581627,0.000190412,1.11864,66,7,0.985726,0.000103274
ERF_Log_File_20250605_1631.csv,sp,13,p02,2,0,filled_square,prism,CCS200_Spectrum_1433197885.csv,1.4332e+09,3.60293,0.000467356,0.422092,0.00149727,29.0032,0.70233,0.000125572,1.05151,1,0.00557424,1.06682e-05,0.702,0,6.35e-06,0.000289,8.31e-05,7.51e-06,0,6.93e-06,8.03176e-05,6.18e-05,2.89e-05,5.77e-06,2.54e-05,9.24e-06,2.40584e-05,4.04e-05,0.908405,0.000219267,150.216,0.0342874,-6.07198e-05,4.46972e-05,6.78468e-05,4.50395e-05,0.00262396,0.00166528,0.00168481,0.00166528,-2.79214e-05,9.79771e-06,0.0744255,0.112296,0.000545412,1.11864,66,7,0.990516,5.16942e-05
ERF_Log_File_20250605_1650.csv,sp,13,p02,2,0,filled_square,prism,CCS200_Spectrum_1433199052.csv,1.4332e+09,3.95145,0.000123838,0.315044,0.000281952,29.0028,0.401151,0.000125524,1.18808,1,0.00253892,6.04855e-06,0.401,0,6.35e-06,0.000289,8.31e-05,7.51e-06,0,6.93e-06,4.59338e-05,6.18e-05,2.89e-05,5.77e-06,2.54e-05,9.24e-06,6.50333e-05,4.04e-05,0.866524,0.000438584,76.5632,0.038702,-0.000472994,9.02444e-05,0.000191044,9.02603e-05,-0.00213518,0.000544583,-0.00154458,0.000544581,2.84828e-05,3.22015e-06,0.01184,0.126428,0.000178464,1.11863,66,7,0.984739,0.000117339
ERF_Log_File_20251010_1148.csv,ig_zn_diff,13,p02,3,1,filled_square,3.6um_lp,ERF_OSA207_Spectra_20251010_1148.csv,1.44415e+09,5.15998,0.000302885,0.855689,0.00154639,29.4361,5.35766,5.76032e-05,0.0117992,2,0.190156,0.000928055,5,0,6.35e-06,0.000289,8.31e-05,7.51e-06,0,6.93e-06,0.000612607,6.18e-05,2.89e-05,5.77e-06,2.54e-05,9.24e-06,4.25472e-05,4.04e-05,0.969087,0.000805325,52.4661,0.0435511,-0.00118949,0.000146358,0.000292257,0.000146378,0.00246532,0.000834922,0.0119729,0.000834918,9.65345e-05,4.91365e-06,0.0138996,0.142821,0.000273376,1.11863,66,7,0.991984,0.000207007
ERF_Log_File_20251010_1210.csv,ig_zn_diff,13,p02,3,1,filled_square,3.6um_lp,ERF_OSA207_Spectra_20251010_1210.csv,1.44416e+09,5.14335,0.000279713,0.848699,0.00192103,29.4143,5.35865,5.85302e-05,0.0117821,2,0.190845,0.000971536,5,0,6.35e-06,0.000289,8.31e-05,7.51e-06,0,6.93e-06,0.000612712,6.18e-05,2.89e-05,5.77e-06,2.54e-05,9.24e-06,4.25949e-05,4.04e-05,0.969989,0.000392658,52.2325,0.0211198,-0.00112035,7.14458e-05,0.000440567,7.14562e-05,0.00315652,0.000411324,0.0120145,0.000411322,1.91017e-05,2.42086e-06,0.00682537,0.069173,0.000134716,1.11864,66,7,0.991983,0.000207266
ERF_Log_File_20251010_1237.csv,ig_zn_diff,13,p02,3,1,filled_square,3.6um_lp,ERF_OSA207_Spectra_20251010_1236.csv,1.44416e+09,5.15638,0.00029968,0.85264,0.00258723,29.3927,5.35895,5.49986e-05,0.0118242,2,0.190755,0.000915083,5,0,6.35e-06,0.000289,8.31e-05,7.51e-06,0,6.93e-06,0.000612743,6.18e-05,2.89e-05,5.77e-06,2.54e-05,9.24e-06,4.26094e-05,4.04e-05,0.968472,0.000610019,52.4542,0.0330073,-0.000958751,0.000109443,0.000182263,0.000109457,0.00235319,0.000591699,0.0104041,0.000591696,7.64857e-05,3.48255e-06,0.00984018,0.10833,0.000193703,1.11862,66,7,0.991982,0.000206962
ERF_Log_File_20251010_1258.csv,ig_zn_diff,13,p02,3,1,filled_square,3.6um_lp,ERF_OSA207_Spectra_20251010_1258.csv,1.44416e+09,2.3436,0.000154768,0.859728,0.00042148,29.3747,4.92082,4.4679e-05,0.0125329,2,0.166484,0.000874708,4.663,0,6.35e-06,0.000289,8.31e-05,7.51e-06,0,6.93e-06,0.000562548,6.18e-05,2.89e-05,5.77e-06,2.54e-05,9.24e-06,3.70777e-05,4.04e-05,0.966461,0.000358605,64.2473,0.0238024,-0.00104482,6.70707e-05,0.000190961,6.70839e-05,0.00296369,0.000435537,0.0110442,0.000435535,3.69781e-05,2.56344e-06,0.0088574,0.0779527,0.000142648,1.11864,66,7,0.992581,0.000178141
ERF_Log_File_20251010_1320.csv,ig_zn_diff,13,p02,3,1,filled_square,3.6um_lp,ERF_OSA207_Spectra_20251010_1320.csv,1.44416e+09,2.19135,0.00018995,0.856945,0.000422291,29.3581,5.0691,5.19501e-05,0.0123854,2,0.175629,0.000949766,4.792,0,6.35e-06,0.000289,8.31e-05,7.51e-06,0,6.93e-06,0.000579791,6.18e-05,2.89e-05,5.77e-06,2.54e-05,9.24e-06,2.86398e-05,4.04e-05,0.969092,0.00087181,58.139,0.052289,-0.000974949,0.000124271,0.000173397,0.000124275,0.00394635,0.000437709,0.0117849,0.000437707,-6.94302e-06,2.57617e-06,0.00805694,0.173165,0.000143001,1.1183,66,7,0.992379,0.000188065
ERF_Log_File_20251010_1342.csv,ig_zn_diff,13,p02,3,1,filled_square,3.6um_lp,ERF_OSA207_Spectra_20251010_1341.csv,1.44416e+09,5.17652,0.000337773,0.852809,0.00243181,29.3459,5.24836,4.99466e-05,0.0115134,2,0.185614,0.00093951,4.925,0,6.35e-06,0.000289,8.31e-05,7.51e-06,0,6.93e-06,0.000600108,6.18e-05,2.89e-05,5.77e-06,2.54e-05,9.24e-06,3.72792e-05,4.04e-05,0.971238,0.000784232,53.3394,0.043046,-0.00114596,0.00012941,0.000460258,0.000129419,0.00146522,0.000561735,0.0102993,0.000561733,4.21104e-05,3.30618e-06,0.00952769,0.141209,0.000183914,1.11863,66,7,0.992134,0.000200189
ERF_Log_File_20251010_1403.csv,ig_zn_diff,13,p02,3,1,filled_square,3.6um_lp,ERF_OSA207_Spectra_20251010_1403.csv,1.44416e+09,4.96386,0.000304884,0.842492,0.00306945,29.3334,5.41121,8.22875e-05,0.0118645,2,0.195267,0.000995015,5.063,0,6.35e-06,0.000289,8.31e-05,7.51e-06,0,6.93e-06,0.000619373,6.18e-05,2.89e-05,5.77e-06,2.54e-05,9.24e-06,4.5128e-05,4.04e-05,0.971056,0.000438482,50.0818,0.0225509,-0.00110818,8.4425e-05,0.000214064,8.44558e-05,0.00276652,0.000718128,0.010927,0.000718125,-7.98957e-05,4.22501e-06,0.0114387,0.0738465,0.000235208,1.11864,66,7,0.99191,0.000211031
ERF_Log_File_20251010_1425.csv,ig_zn_diff,13,p02,3,1,filled_square,3.6um_lp,ERF_OSA207_Spectra_20251010_1425.csv,1.44416e+09,4.6172,0.000256519,0.847202,0.00942881,29.3181,5.5335,0.000136053,0.0122864,2,0.198617,0.00116245,5.206,0,6.35e-06,0.000289,8.31e-05,7.51e-06,0,6.93e-06,0.000632614,6.18e-05,2.89e-05,5.77e-06,2.54e-05,9.24e-06,5.10217e-05,4.04e-05,0.969261,0.000526543,46.3976,0.0250932,-0.00134435,0.000103059,0.00021251,0.000103118,0.003733,0.00108507,0.012537,0.00108506,0.000365287,6.38343e-06,0.0159817,0.0821918,0.000355376,1.11864,66,7,0.991741,0.000218945
ERF_Log_File_20251010_1447.csv,ig_zn_diff,13,p02,3,1,filled_square,3.6um_lp,ERF_OSA207_Spectra_20251010_1446.csv,1.44416e+09,3.73137,0.0003154,0.801105,0.0113137,29.3056,5.66648,5.74608e-05,0.0134506,2,0.211122,0.00114077,5.355,0,6.35e-06,0.000289,8.31e-05,7.51e-06,0,6.93e-06,0.000648443,6.18e-05,2.89e-05,5.77e-06,2.54e-05,9.24e-06,5.74309e-05,4.04e-05,0.974943,0.000322344,37.3477,0.0118546,-0.00101916,6.2093e-05,1.04908e-05,6.2435e-05,0.0034727,0.00196313,0.0103354,0.00196312,5.17275e-05,1.15097e-05,0.0234114,0.0388268,0.000642961,1.11864,66,7,0.991557,0.000229455
ERF_Log_File_20251010_1508.csv,ig_zn_diff,13,p02,3,1,filled_square,3.6um_lp,ERF_OSA207_Spectra_20251010_1508.csv,1.44417e+09,3.3742,0.000304314,0.795312,0.0166242,29.2936,5.71594,0.00013844,0.0118136,2,0.214383,0.00144045,5.406,0,6.35e-06,0.000289,8.31e-05,7.51e-06,0,6.93e-06,0.000654019,6.18e-05,2.89e-05,5.77e-06,2.54e-05,9.24e-06,5.98148e-05,4.04e-05,0.966973,0.00115771,33.9416,0.0405517,-0.00127355,0.000220722,0.000542957,0.000220783,0.00231736,0.00164212,0.00995151,0.00164211,-0.000629617,9.66344e-06,0.0176516,0.132815,0.000537814,1.11864,66,7,0.991489,0.000231019
ERF_Log_File_20251010_1530.csv,ig_zn_diff,13,p02,3,1,filled_square,3.6um_lp,ERF_OSA207_Spectra_20251010_1530.csv,1.44417e+09,3.00093,0.000614646,0.86255,0.0266693,29.2784,5.82619,0.000180728,0.0132655,2,0.227062,0.00162847,5.51,0,6.35e-06,0.000289,8.31e-05,7.51e-06,0,6.93e-06,0.000666581,6.18e-05,2.89e-05,5.77e-06,2.54e-05,9.24e-06,6.51282e-05,4.04e-05,0.961121,0.00109029,30.759,0.0347211,-0.00120816,0.000215724,9.5669e-05,0.000215862,0.0057047,0.00238493,0.0113412,0.00238492,0.00166862,1.40311e-05,0.0230914,0.113746,0.000781108,1.11864,66,7,0.991335,0.000237315
ERF_Log_File_20251010_1618.csv,ig_zn_diff,13,p02,3,1,filled_square,3.6um_lp,ERF_OSA207_Spectra_20251010_1618.csv,1.44417e+09,5.18052,0.000505226,0.774215,0.0190576,29.2616,6.03301,0.000112796,0.01294,2,0.243755,0.00132278,5.672,0,6.35e-06,0.000289,8.31e-05,7.51e-06,0,6.93e-06,0.000689821,6.18e-05,2.89e-05,5.77e-06,2.54e-05,9.24e-06,7.37782e-05,4.04e-05,0.961617,0.0014945,25.3379,0.0391838,-0.00190001,0.000295536,-0.000143856,0.000295721,-0.00121024,0.00327726,0.0115492,0.00327724,-0.000908311,1.92838e-05,0.0261527,0.12833,0.00107334,1.11864,66,7,0.991047,0.000252129
ERF_Log_File_20251010_1640.csv,ig_zn_diff,13,p02,3,1,filled_square,3.6um_lp,ERF_OSA207_Spectra_20251010_1639.csv,1.44417e+09,3.44267,0.000263448,0.796196,0.0200017,29.2511,6.23341,8.28543e-05,0.0115175,2,0.207326,0.00161616,5.841,0,6.35e-06,0.000289,8.31e-05,7.51e-06,0,6.93e-06,0.000712752,6.18e-05,2.89e-05,5.77e-06,2.54e-05,9.24e-06,7.54346e-05,4.04e-05,0.968075,0.00090878,31.9399,0.02975,-0.00142551,0.000179713,-0.000191327,0.000179895,0.0035765,0.00248108,0.0125976,0.00248107,0.000910894,1.4594e-05,0.0251254,0.0974504,0.000812598,1.11864,66,7,0.990767,0.000268461
ERF_Log_File_20251010_1702.csv,ig_zn_diff,13,p02,3,1,filled_square,3.6um_lp,ERF_OSA207_Spectra_20251010_1701.csv,1.44417e+09,5.17625,0.000489261,0.738206,0.0229384,29.2487,6.76196,0.000163902,0.0111121,2,0.267075,0.00223946,6.257,0,6.35e-06,0.000289,8.31e-05,7.51e-06,0,6.93e-06,0.00077364,6.18e-05,2.89e-05,5.77e-06,2.54e-05,9.24e-06,7.98035e-05,4.04e-05,0.973152,0.000779882,23.7694,0.0183025,-0.00111103,0.000150603,0.000874631,0.000151422,0.000337894,0.00471126,0.0105512,0.00471124,-0.00144079,2.76309e-05,0.0356918,0.0599398,0.00154298,1.11864,66,7,0.990026,0.000310061
ERF_Log_File_20251010_1723.csv,ig_zn_diff,13,p02,3,1,filled_square,3.6um_lp,ERF_OSA207_Spectra_20251010_1723.csv,1.44417e+09,4.10582,0.000301592,0.834785,0.00414291,29.242,7.3903,0.000157663,0.00747342,2,0.33216,0.00229178,6.728,0,6.35e-06,0.000289,8.31e-05,7.51e-06,0,6.93e-06,0.000845012,6.18e-05,2.89e-05,5.77e-06,2.54e-05,9.24e-06,7.32913e-05,4.04e-05,0.968514,0.000830051,35.5216,0.0304091,-0.00126223,0.000150979,0.000420721,0.000151,0.00340197,0.000862154,0.0155535,0.00086215,0.000228123,5.07418e-06,0.00968571,0.100914,0.000281536,1.11826,66,7,0.98914,0.000358514
ERF_Log_File_20251013_0917.csv,ig_zn_diff,13,p02,3,1,filled_square,7.3um_lp,ERF_OSA207_Spectra_20251013_0917.csv,1.4444e+09,3.19035,0.000485724,0.847133,0.00316539,29.1354,7.83536,0.000407812,0.00360889,2,0.341168,0.00249908,6.966,0,6.35e-06,0.000289,8.31e-05,7.51e-06,0,6.93e-06,0.000896195,6.18e-05,2.89e-05,5.77e-06,2.54e-05,9.24e-06,6.36219e-05,4.04e-05,0.969781,0.000940434,26.4473,0.0255956,-0.00126958,0.000178359,0.00046506,0.000178404,0.00234509,0.00130189,0.0123339,0.00130188,2.50607e-05,7.65967e-06,0.0109375,0.083782,0.000426447,1.11864,66,7,0.988512,0.000395818
ERF_Log_File_20251013_0939.csv,ig_zn_diff,13,p02,3,1,filled_square,7.3um_lp,ERF_OSA207_Spectra_20251013_0939.csv,1.44441e+09,3.55576,0.000274009,0.856315,0.00228111,29.1342,8.11405,0.000357784,0.00261466,2,0.449485,0.00258326,7.225,0,6.35e-06,0.000289,8.31e-05,7.51e-06,0,6.93e-06,0.000927852,6.18e-05,2.89e-05,5.77e-06,2.54e-05,9.24e-06,6.01887e-05,4.04e-05,0.967722,0.000838291,28.6583,0.024804,-0.00191317,0.00014831,0.000898786,0.000148323,0.0028141,0.000761698,0.0126075,0.000761694,0.000127609,4.48279e-06,0.00687241,0.0836371,0.000247805,1.11763,66,7,0.988119,0.000418551
ERF_Log_File_20251013_1001.csv,ig_zn_diff,13,p02,3,1,filled_square,7.3um_lp,ERF_OSA207_Spectra_20251013_1000.csv,1.44441e+09,3.50803,0.000441116,0.852049,0.00174967,29.1353,8.3174,0.000207962,0.00362892,2,0.436088,0.00321382,7.4,0,6.35e-06,0.000289,8.31e-05,7.51e-06,0,6.93e-06,0.000951384,6.18e-05,2.89e-05,5.77e-06,2.54e-05,9.24e-06,6.04451e-05,4.04e-05,0.969791,0.000750451,27.9942,0.0216398,-0.0020252,0.000135446,0.000415848,0.00013546,0.0055221,0.000753131,0.0153985,0.000753128,-6.30066e-05,4.43239e-06,0.00669682,0.070863,0.000246674,1.11864,66,7,0.987832,0.000436938
ERF_Log_File_20251013_1022.csv,ig_zn_diff,13,p02,3,1,filled_square,7.3um_lp,ERF_OSA207_Spectra_20251013_1022.csv,1.44441e+09,3.51958,0.000360336,0.858196,0.00139263,29.1391,8.31734,0.000203071,0.00363745,2,0.434669,0.00301057,7.4,0,6.35e-06,0.000289,8.31e-05,7.51e-06,0,6.93e-06,0.000951377,6.18e-05,2.89e-05,5.77e-06,2.54e-05,9.24e-06,6.0445e-05,4.04e-05,0.971027,0.0011585,28.0824,0.0334763,-0.0017759,0.000203582,0.000727907,0.0002036,0.0032734,0.00103449,0.0142436,0.00103449,6.93167e-05,6.08793e-06,0.00923722,0.109741,0.000338748,1.11864,66,7,0.987832,0.00043749
ERF_Log_File_20251013_1044.csv,ig_zn_diff,13,p02,3,1,filled_square,7.3um_lp,ERF_OSA207_Spectra_20251013_1044.csv,1.44441e+09,3.52055,0.000428771,0.853825,0.00161847,29.1372,8.31722,0.000199177,0.00359603,2,0.434887,0.00292768,7.4,0,6.35e-06,0.000289,8.31e-05,7.51e-06,0,6.93e-06,0.000951362,6.18e-05,2.89e-05,5.77e-06,2.54e-05,9.24e-06,6.04449e-05,4.04e-05,0.972594,0.0011051,28.0511,0.0318356,-0.00179291,0.000200766,0.000407739,0.000200791,0.00284018,0.00116145,0.0134293,0.00116144,5.0801e-06,6.83436e-06,0.010412,0.10272,0.00038164,1.1183,66,7,0.987832,0.000438186
ERF_Log_File_20251013_1106.csv,ig_zn_diff,13,p02,3,1,filled_square,7.3um_lp,ERF_OSA207_Spectra_20251013_1106.csv,1.44441e+09,3.115,0.000407027,0.857266,0.000961148,29.1408,8.87893,0.000281645,0.00484707,2,0.480225,0.00341563,7.906,0,6.35e-06,0.000289,8.31e-05,7.51e-06,0,6.93e-06,0.00101577,6.18e-05,2.89e-05,5.77e-06,2.54e-05,9.24e-06,6.11531e-05,4.04e-05,0.973381,0.00123372,25.2061,0.0319253,-0.00167833,0.000211335,0.000226746,0.00021135,0.00296745,0.00100484,0.0129411,0.00100484,-1.66181e-05,5.91452e-06,0.00807485,0.104548,0.000329113,1.11864,66,7,0.987038,0.000488103
ERF_Log_File_20251013_1128.csv,ig_zn_diff,13,p02,3,1,filled_square,7.3um_lp,ERF_OSA207_Spectra_20251013_1127.csv,1.44441e+09,2.7622,0.000308579,0.867083,0.00315774,29.1414,9.63675,0.000501103,0.00490693,2,0.595398,0.00598128,8.679,0,6.35e-06,0.000289,8.31e-05,7.51e-06,0,6.93e-06,0.00110249,6.18e-05,2.89e-05,5.77e-06,2.54e-05,9.24e-06,3.3708e-05,4.04e-05,0.971686,0.00195312,21.8791,0.0439654,-0.00105637,0.00028295,-1.53956e-05,0.00028296,0.00213211,0.00101604,0.0189852,0.00101604,0.00016797,5.98018e-06,0.00691364,0.157904,0.000325201,1.1088,66,7,0.985968,0.000556291
ERF_Log_File_20251013_1149.csv,ig_zn_diff,13,p02,3,1,filled_square,7.3um_lp,ERF_OSA207_Spectra_20251013_1149.csv,1.44441e+09,5.30476,0.000623446,0.86159,0.0012967,29.1404,10.1121,0.000737927,0.00580589,2,0.62819,0.00678637,9.178,0,6.35e-06,0.000289,8.31e-05,7.51e-06,0,6.93e-06,0.00116085,6.18e-05,2.89e-05,5.77e-06,2.54e-05,9.24e-06,3.00176e-05,4.04e-05,0.972383,0.00194641,21.6604,0.043343,-0.00104954,0.000293065,0.000533835,0.000293078,0.000199147,0.00110139,0.0219284,0.00110139,-2.09998e-05,6.4822e-06,0.00753365,0.147223,0.000357685,1.11659,66,7,0.985297,0.000601256
ERF_Log_File_20251013_1211.csv,ig_zn_diff,13,p02,3,1,filled_square,7.3um_lp,ERF_OSA207_Spectra_20251013_1211.csv,1.44441e+09,4.81467,0.000610176,0.866441,0.0023865,29.144,10.728,0.000772494,0.0056165,2,0.762845,0.00719855,9.785,0,6.35e-06,0.000289,8.31e-05,7.51e-06,0,6.93e-06,0.00122818,6.18e-05,2.89e-05,5.77e-06,2.54e-05,9.24e-06,9.62334e-05,4.04e-05,0.971954,0.0010967,20.7914,0.0234291,-0.00146723,0.000201542,0.000383047,0.000201574,0.000335828,0.00122686,0.0162195,0.00122686,-5.31837e-05,7.21934e-06,0.00811998,0.0767405,0.000401814,1.11864,66,7,0.984429,0.00065999
ERF_Log_File_20251013_1233.csv,ig_zn_diff,13,p02,3,1,filled_square,7.3um_lp,ERF_OSA207_Spectra_20251013_1233.csv,1.44442e+09,4.4004,0.000626952,0.874434,0.00334163,29.1435,11.0375,0.00108806,0.00614516,2,0.792228,0.00895461,10,0,6.35e-06,0.000289,8.31e-05,7.51e-06,0,6.93e-06,0.00126347,6.18e-05,2.89e-05,5.77e-06,2.54e-05,9.24e-06,0.000124348,4.04e-05,0.971457,0.000548477,19.9662,0.011217,-0.00150295,0.000107364,0.000209517,0.000107432,-0.00325328,0.00118919,0.0174935,0.00118918,0.000185364,6.9962e-06,0.00755445,0.0367394,0.00038948,1.11864,66,7,0.983994,0.000689802
ERF_Log_File_20251013_1255.csv,ig_zn_diff,13,p02,3,1,filled_square,7.3um_lp,ERF_OSA207_Spectra_20251013_1254.csv,1.44442e+09,4.38765,0.000556738,0.866024,0.00205087,29.1428,11.0367,0.00146139,0.00616984,2,0.789728,0.0129322,10,0,6.35e-06,0.000289,8.31e-05,7.51e-06,0,6.93e-06,0.0012634,6.18e-05,2.89e-05,5.77e-06,2.54e-05,9.24e-06,0.000124373,4.04e-05,0.972339,0.000910129,19.8798,0.0185793,-0.00119399,0.000169208,0.000366989,0.000169241,0.000212452,0.00109934,0.0184866,0.00109934,-7.26821e-05,6.46933e-06,0.00695952,0.0608624,0.000360039,1.11864,66,7,0.983995,0.000690346
ERF_Log_File_20251013_1316.csv,ig_zn_diff,13,p02,3,1,filled_square,7.3um_lp,ERF_OSA207_Spectra_20251013_1316.csv,1.44442e+09,4.38876,0.000531563,0.869814,0.0015273,29.1459,11.0385,0.00136438,0.00617996,2,0.789521,0.0116297,10,0,6.35e-06,0.000289,8.31e-05,7.51e-06,0,6.93e-06,0.00126356,6.18e-05,2.89e-05,5.77e-06,2.54e-05,9.24e-06,0.000124319,4.04e-05,0.97207,0.00131508,19.885,0.0268577,-0.00124449,0.000245717,0.000123274,0.000245767,-0.00465611,0.00164268,0.0163753,0.00164268,-3.38953e-05,9.66663e-06,0.0103994,0.087969,0.000538002,1.11864,66,7,0.983992,0.000690332
ERF_Log_File_20251013_1338.csv,ig_zn_diff,13,p02,3,1,filled_square,7.3um_lp,ERF_OSA207_Spectra_20251013_1338.csv,1.44442e+09,4.27442,0.000743436,0.874877,0.00203653,29.143,12.2012,0.000797529,0.00603054,2,0.964348,0.00840326,10.95,0,6.35e-06,0.000289,8.31e-05,7.51e-06,0,6.93e-06,0.00139789,6.18e-05,2.89e-05,5.77e-06,2.54e-05,9.24e-06,0.000152919,4.04e-05,0.97747,0.00165356,13.9582,0.0235869,-0.00143086,0.00029712,0.000360274,0.000297159,-0.00056555,0.00167553,0.0143024,0.00167553,3.89501e-05,9.86012e-06,0.00748722,0.0772534,0.000548767,1.11864,66,7,0.982358,0.000810947
ERF_Log_File_20251013_1435.csv,ig_zn_diff,13,p02,3,1,filled_square,2.4um_lp,ERF_OSA207_Spectra_20251013_1434.csv,1.44442e+09,5.14034,0.000405382,0.691584,0.000676404,29.1465,2.49801,1.85993e-05,0.00680581,2,0.039955,0.000398429,2.5,0,6.35e-06,0.000289,8.31e-05,7.51e-06,0,6.93e-06,0.000285746,6.18e-05,2.89e-05,5.77e-06,2.54e-05,9.24e-06,3.53041e-05,4.04e-05,0.958173,0.000313594,83.8555,0.0251511,-0.000618936,5.88038e-05,0.000121088,5.95217e-05,0.00696131,0.00277832,0.0103085,0.00277831,-0.000351573,1.62119e-05,0.0731127,0.0823725,0.000909945,1.11864,66,7,0.995375,5.90469e-05
ERF_Log_File_20251013_1456.csv,ig_zn_diff,13,p02,3,1,filled_square,2.4um_lp,ERF_OSA207_Spectra_20251013_1456.csv,1.44442e+09,5.11381,0.000343062,0.689628,0.000289658,29.1516,2.49816,1.49413e-05,0.00664621,2,0.0398182,0.000354545,2.5,0,6.35e-06,0.000289,8.31e-05,7.51e-06,0,6.93e-06,0.000285761,6.18e-05,2.89e-05,5.77e-06,2.54e-05,9.24e-06,3.51639e-05,4.04e-05,0.956701,0.000199588,83.5727,0.0144478,-0.000780649,3.39647e-05,0.00022367,3.49242e-05,0.00997784,0.00247721,0.0121516,0.0024772,2.45273e-05,1.4293e-05,0.0649751,0.0469696,0.000812656,1.11758,66,7,0.995375,5.8961e-05
ERF_Log_File_20251013_1518.csv,ig_zn_diff,13,p02,3,1,filled_square,2.4um_lp,ERF_OSA207_Spectra_20251013_1518.csv,1.44443e+09,5.12737,0.000362047,0.690965,0.000282972,29.1571,2.49825,1.55699e-05,0.00662281,2,0.0398273,0.00036275,2.5,0,6.35e-06,0.000289,8.31e-05,7.51e-06,0,6.93e-06,0.00028577,6.18e-05,2.89e-05,5.77e-06,2.54e-05,9.24e-06,3.50869e-05,4.04e-05,0.957648,0.00030558,83.6203,0.0245823,-0.000609956,5.76281e-05,0.000240551,5.82865e-05,0.00902847,0.00263248,0.0176313,0.00263247,3.96426e-05,1.53735e-05,0.0690428,0.0805123,0.000862186,1.11864,66,7,0.995375,5.90221e-05
ERF_Log_File_20251013_1540.csv,ig_zn_diff,13,p02,3,1,filled_square,2.4um_lp,ERF_OSA207_Spectra_20251013_1539.csv,1.44443e+09,2.29272,0.00105577,0.73104,0.000989755,29.1599,2.67692,4.19314e-05,0.0114025,2,0.0587989,0.000349732,2.696,0,6.35e-06,0.000289,8.31e-05,7.51e-06,0,6.93e-06,0.000306088,6.18e-05,2.89e-05,5.77e-06,2.54e-05,9.24e-06,4.69559e-05,4.04e-05,0.957914,0.000488719,97.1585,0.0382751,-0.0007078,7.74917e-05,0.000299316,8.06553e-05,-0.0292291,0.00687737,0.0185693,0.00687734,0.000251267,3.93121e-05,0.209646,0.125331,0.00225258,1.11864,66,7,0.995245,6.48909e-05
ERF_Log_File_20251013_1601.csv,ig_zn_diff,13,p02,3,1,filled_square,2.4um_lp,ERF_OSA207_Spectra_20251013_1601.csv,1.44443e+09,3.64873,0.000372699,0.80779,0.00132358,29.1644,3.00684,2.99354e-05,0.0130503,2,0.0800906,0.000543434,3.017,0,6.35e-06,0.000289,8.31e-05,7.51e-06,0,6.93e-06,0.000344259,6.18e-05,2.89e-05,5.77e-06,2.54e-05,9.24e-06,7.18908e-05,4.04e-05,0.958169,0.000219435,135.417,0.0308267,-0.000716411,4.37001e-05,0.000158115,4.37348e-05,0.00424662,0.000531217,0.00950752,0.000531214,-8.87428e-05,3.12495e-06,0.0225759,0.100941,0.000173991,1.11864,66,7,0.994946,7.72027e-05
ERF_Log_File_20251013_1623.csv,ig_zn_diff,13,p02,3,1,filled_square,2.4um_lp,ERF_OSA207_Spectra_20251013_1623.csv,1.44443e+09,2.73048,0.000148805,0.862633,0.000481519,29.1713,3.387,3.51556e-05,0.0167474,2,0.104143,0.000564858,3.394,0,6.35e-06,0.000289,8.31e-05,7.51e-06,0,6.93e-06,0.000387223,6.18e-05,2.89e-05,5.77e-06,2.54e-05,9.24e-06,9.3971e-05,4.04e-05,0.95994,0.000836266,190.262,0.165677,-0.000647711,0.000134613,0.00022272,0.000134621,0.00303733,0.000546723,0.00988145,0.00054672,5.23323e-05,3.21753e-06,0.0326971,0.543128,0.000179025,1.11864,66,7,0.994538,9.35824e-05
ERF_Log_File_20251013_1645.csv,ig_zn_diff,13,p02,3,1,filled_square,2.4um_lp,ERF_OSA207_Spectra_20251013_1645.csv,1.44443e+09,2.68877,0.000140878,0.876441,0.000494148,29.1761,3.47455,2.57229e-05,0.0165852,2,0.11199,0.000396236,3.483,0,6.35e-06,0.000289,8.31e-05,7.51e-06,0,6.93e-06,0.000397537,6.18e-05,2.89e-05,5.77e-06,2.54e-05,9.24e-06,9.9056e-05,4.04e-05,0.960624,0.000788492,183.073,0.150249,-0.000905946,9.19963e-05,0.000246163,9.19979e-05,0.00340021,0.000280263,0.0099636,0.000280261,4.07588e-05,1.64959e-06,0.0160288,0.507436,9.11433e-05,1.1161,66,7,0.994437,9.76724e-05
ERF_Log_File_20251013_1707.csv,ig_zn_diff,13,p02,3,1,filled_square,2.4um_lp,ERF_OSA207_Spectra_20251013_1706.csv,1.44443e+09,2.6162,0.000146838,0.879801,0.000237984,29.1788,3.55603,2.28966e-05,0.0157569,2,0.120909,0.00035221,3.575,0,6.35e-06,0.000289,8.31e-05,7.51e-06,0,6.93e-06,0.000406946,6.18e-05,2.89e-05,5.77e-06,2.54e-05,9.24e-06,9.46487e-05,4.04e-05,0.962687,0.000113678,174.719,0.0204138,-0.000815774,2.264e-05,0.000197369,2.26718e-05,0.00342772,0.00036296,0.00939459,0.000362958,-9.54172e-06,2.13408e-06,0.0199951,0.0668551,0.000118878,1.11864,66,7,0.994341,0.000101723
ERF_Log_File_20251013_1728.csv,ig_zn_diff,13,p02,3,1,filled_square,2.4um_lp,ERF_OSA207_Spectra_20251013_1728.csv,1.44443e+09,2.47406,0.000140008,0.880333,0.000479126,29.1848,3.63843,3.10707e-05,0.0152657,2,0.129948,0.000407853,3.669,0,6.35e-06,0.000289,8.31e-05,7.51e-06,0,6.93e-06,0.000416588,6.18e-05,2.89e-05,5.77e-06,2.54e-05,9.24e-06,8.59926e-05,4.04e-05,0.962512,0.000127262,163.036,0.0213686,-0.000827716,2.53306e-05,0.000297607,2.53599e-05,0.00340447,0.000369411,0.00936897,0.000369409,9.38062e-06,2.1721e-06,0.0189955,0.0698293,0.000121049,1.11854,66,7,0.994243,0.000105673
ERF_Log_File_20251013_1750.csv,ig_zn_diff,13,p02,3,1,filled_square,2.4um_lp,ERF_OSA207_Spectra_20251013_1750.csv,1.44444e+09,2.23423,0.000150263,0.878389,0.000659425,29.1905,3.73374,3.28423e-05,0.0152214,2,0.13874,0.00046947,3.767,0,6.35e-06,0.000289,8.31e-05,7.51e-06,0,6.93e-06,0.000426901,6.18e-05,2.89e-05,5.77e-06,2.54e-05,9.24e-06,7.59812e-05,4.04e-05,0.962041,0.000464469,145.984,0.0703803,-0.000901568,8.67769e-05,-3.19885e-05,8.6793e-05,0.00336205,0.000545798,0.0100367,0.000545795,2.86575e-05,3.2118e-06,0.025162,0.228155,0.000179162,1.11854,66,7,0.994127,0.000110317
ERF_Log_File_20251013_1812.csv,ig_zn_diff,13,p02,3,1,filled_square,2.4um_lp,ERF_OSA207_Spectra_20251013_1811.csv,1.44444e+09,2.23148,0.000153313,0.877176,0.000890124,29.1924,3.73389,2.82979e-05,0.0152455,2,0.138654,0.000403619,3.767,0,6.35e-06,0.000289,8.31e-05,7.51e-06,0,6.93e-06,0.000426916,6.18e-05,2.89e-05,5.77e-06,2.54e-05,9.24e-06,7.59655e-05,4.04e-05,0.962583,0.000235888,145.742,0.0356178,-0.00078482,4.57561e-05,0.000356453,4.57726e-05,0.00421612,0.000383457,0.00949875,0.000383455,3.19136e-05,2.25633e-06,0.0176186,0.116658,0.000125589,1.11864,66,7,0.994127,0.000110387
ERF_Log_File_20251013_1834.csv,ig_zn_diff,13,p02,3,1,filled_square,2.4um_lp,ERF_OSA207_Spectra_20251013_1833.csv,1.44444e+09,2.23526,0.000159535,0.880152,0.000373583,29.1962,3.73377,2.7068e-05,0.015266,2,0.138859,0.000384644,3.767,0,6.35e-06,0.000289,8.31e-05,7.51e-06,0,6.93e-06,0.000426904,6.18e-05,2.89e-05,5.77e-06,2.54e-05,9.24e-06,7.59784e-05,4.04e-05,0.962176,0.000465099,145.982,0.0705302,-0.000920502,7.64289e-05,0.000207292,7.64339e-05,0.00306378,0.000323152,0.0104963,0.000323151,-8.09316e-06,1.90192e-06,0.0148477,0.23228,0.000105708,1.11854,66,7,0.994127,0.000110334
ERF_Log_File_20251014_0824.csv,ig_zn_diff,13,p02,3,1,filled_square,2.4um_lp,ERF_OSA207_Spectra_20251014_0823.csv,1.44449e+09,3.82824,0.000267251,0.876066,0.00092254,29.1392,3.82758,4.89305e-05,0.0135695,2,0.147988,0.000549641,3.867,0,6.35e-06,0.000289,8.31e-05,7.51e-06,0,6.93e-06,0.000438249,6.18e-05,2.89e-05,5.77e-06,2.54e-05,9.24e-06,6.61248e-05,4.04e-05,0.963472,0.000259831,124.361,0.0332714,-0.000978589,5.16329e-05,0.000156306,5.1687e-05,0.00329157,0.000719907,0.00992724,0.000719904,0.000253756,4.23405e-06,0.028251,0.108974,0.000235783,1.11864,66,7,0.994012,0.000115218
ERF_Log_File_20251014_0846.csv,ig_zn_diff,13,p02,3,1,filled_square,2.4um_lp,ERF_OSA207_Spectra_20251014_0845.csv,1.44449e+09,3.19682,0.000201645,0.877562,0.000851377,29.1365,3.92409,9.69447e-05,0.0133886,2,0.152965,0.00134606,3.971,0,6.35e-06,0.000289,8.31e-05,7.51e-06,0,6.93e-06,0.000449141,6.18e-05,2.89e-05,5.77e-06,2.54e-05,9.24e-06,5.59864e-05,4.04e-05,0.964958,0.000234452,102.409,0.0246888,-0.00089719,4.6508e-05,0.000246297,4.65558e-05,0.00347773,0.000641187,0.0104529,0.000641184,6.80065e-05,3.77128e-06,0.020753,0.0808503,0.000210007,1.11864,66,7,0.993891,0.000120385
ERF_Log_File_20251014_0907.csv,ig_zn_diff,13,p02,3,1,filled_square,2.4um_lp,ERF_OSA207_Spectra_20251014_0907.csv,1.44449e+09,3.95964,0.000588245,0.893083,0.00739771,29.1373,4.30324,0.000704065,0.0090023,2,0.183855,0.00220788,4.077,0,6.35e-06,0.000289,8.31e-05,7.51e-06,0,6.93e-06,0.000492424,6.18e-05,2.89e-05,5.77e-06,2.54e-05,9.24e-06,7.93132e-05,4.04e-05,0.963123,0.00115058,26.6514,0.0318195,-0.00117688,0.00019489,0.000304545,0.000194905,0.00478544,0.000878636,0.0101009,0.000878632,0.000206155,5.17069e-06,0.00738266,0.104468,0.000287616,1.11861,66,7,0.993405,0.000140745
ERF_Log_File_20251014_0929.csv,ig_zn_diff,13,p02,3,1,filled_square,2.4um_lp,ERF_OSA207_Spectra_20251014_0929.csv,1.44449e+09,4.30374,0.000342089,0.878099,0.00269442,29.1387,4.40935,0.000114056,0.0133346,2,0.120359,0.0011277,4.187,0,6.35e-06,0.000289,8.31e-05,7.51e-06,0,6.93e-06,0.000504615,6.18e-05,2.89e-05,5.77e-06,2.54e-05,9.24e-06,9.02662e-05,4.04e-05,0.967175,0.000364566,52.051,0.0195311,-0.000772492,7.15422e-05,0.000301915,7.1585e-05,0.00354439,0.000760672,0.012397,0.000760669,0.000147052,4.47475e-06,0.012542,0.0639699,0.000249134,1.11864,66,7,0.993265,0.000147406
ERF_Log_File_20251014_0951.csv,ig_zn_diff,13,p02,3,1,filled_square,2.4um_lp,ERF_OSA207_Spectra_20251014_0950.csv,1.44449e+09,2.20878,0.000247556,0.865985,0.00259988,29.1361,4.50587,4.68385e-05,0.0125248,2,0.14413,0.000792699,4.301,0,6.35e-06,0.000289,8.31e-05,7.51e-06,0,6.93e-06,0.000515965,6.18e-05,2.89e-05,5.77e-06,2.54e-05,9.24e-06,9.87498e-05,4.04e-05,0.967827,0.000490017,64.1347,0.0324247,-0.000855417,9.11463e-05,0.000246966,9.11636e-05,0.00244166,0.000578271,0.00915373,0.000578268,-3.24342e-05,3.40273e-06,0.0117602,0.106024,0.000189463,1.11864,66,7,0.993138,0.000153133
ERF_Log_File_20251014_1013.csv,ig_zn_diff,13,p02,3,1,filled_square,2.4um_lp,ERF_OSA207_Spectra_20251014_1012.csv,1.44449e+09,2.30967,0.000208078,0.866831,0.000349795,29.1387,4.64108,6.77911e-05,0.0126004,2,0.154648,0.00094375,4.418,0,6.35e-06,0.000289,8.31e-05,7.51e-06,0,6.93e-06,0.000531074,6.18e-05,2.89e-05,5.77e-06,2.54e-05,9.24e-06,7.86549e-05,4.04e-05,0.967009,0.000334984,66.0726,0.0228331,-0.0010697,6.43298e-05,0.00044011,6.43499e-05,0.00302891,0.000510054,0.0111903,0.000510052,4.52607e-05,3.00105e-06,0.0106838,0.0744565,0.000167214,1.11857,66,7,0.992958,0.000161039
ERF_Log_File_20251014_1314.csv,ig_zn_diff,13,p02,3,1,filled_square,2.4um_lp,ERF_OSA207_Spectra_20251014_1314.csv,1.44451e+09,2.3722,0.000548303,0.874587,0.00202633,29.1302,4.64388,4.32597e-05,0.0125638,2,0.15489,0.000743742,4.418,0,6.35e-06,0.000289,8.31e-05,7.51e-06,0,6.93e-06,0.000531418,6.18e-05,2.89e-05,5.77e-06,2.54e-05,9.24e-06,7.82379e-05,4.04e-05,0.967435,0.000218659,67.8865,0.0152259,-0.000976498,4.32596e-05,0.000151004,4.33034e-05,0.00446488,0.000592963,0.0107392,0.00059296,8.85481e-05,3.48722e-06,0.0127547,0.0498671,0.000194207,1.11864,66,7,0.992954,0.000161279
ERF_Log_File_20251014_1336.csv,ig_zn_diff,13,p02,3,1,filled_square,2.4um_lp,ERF_OSA207_Spectra_20251014_1336.csv,1.44451e+09,2.35081,0.000215886,0.8712,0.00166907,29.1352,4.64245,4.30896e-05,0.0126274,2,0.154644,0.000831246,4.418,0,6.35e-06,0.000289,8.31e-05,7.51e-06,0,6.93e-06,0.000531242,6.18e-05,2.89e-05,5.77e-06,2.54e-05,9.24e-06,7.84514e-05,4.04e-05,0.9673,0.000257903,67.2972,0.0178713,-0.00101672,5.04411e-05,0.0003753,5.04674e-05,0.00359079,0.00050489,0.0119401,0.000504887,6.95239e-05,2.97025e-06,0.0107644,0.0585322,0.000165361,1.11864,66,7,0.992956,0.00016117
ERF_Log_File_20251014_1358.csv,ig_zn_diff,13,p02,3,1,filled_square,2.4um_lp,ERF_OSA207_Spectra_20251014_1357.csv,1.44451e+09,2.36803,0.000198837,0.868729,0.00252237,29.1396,4.78443,5.26713e-05,0.0127636,2,0.160162,0.000834364,4.538,0,6.35e-06,0.000289,8.31e-05,7.51e-06,0,6.93e-06,0.000547655,6.18e-05,2.89e-05,5.77e-06,2.54e-05,9.24e-06,5.73491e-05,4.04e-05,0.96766,0.000283621,66.4627,0.0193753,-0.000984951,5.58284e-05,0.000358146,5.5868e-05,0.00466964,0.000644426,0.0116035,0.000644423,-7.85627e-07,3.79045e-06,0.0135759,0.0634197,0.00021109,1.11863,66,7,0.992765,0.000169873
ERF_Log_File_20251016_1045.csv,sp,13,p02,4,1,filled_square,prism,ERF_OSA207_Spectra_20251016_1045.csv,1.44467e+09,4.18933,0.000990361,0.499857,0.00247286,29.3006,1.01027,3.338e-05,0.000546014,2,0.0103748,0.000139233,1.01,0,6.35e-06,0.000289,8.31e-05,7.51e-06,0,6.93e-06,0.000115992,6.18e-05,2.89e-05,5.77e-06,2.54e-05,9.24e-06,1.12939e-05,4.04e-05,0.900515,0.000699137,246.63,0.188252,0.000435648,0.0001486,0.000387711,0.000148937,-0.000686999,0.00300998,-0.00420392,0.00300997,-0.000190381,1.76891e-05,0.218944,0.616564,0.000985817,1.11864,66,7,0.993395,4.27513e-05
ERF_Log_File_20251016_1126.csv,sp,13,p02,4,1,filled_square,prism,ERF_OSA207_Spectra_20251016_1126.csv,1.44467e+09,4.91624,0.000676694,0.436754,0.000758718,29.2819,1.05685,2.57973e-05,0.000324411,2,0.00853428,0.000561701,1.056,0,6.35e-06,0.000289,8.31e-05,7.51e-06,0,6.93e-06,0.000120632,6.18e-05,2.89e-05,5.77e-06,2.54e-05,9.24e-06,1.0636e-05,4.04e-05,0.9031,0.000207627,267.498,0.0565255,-0.000190622,4.14264e-05,0.000172027,4.19142e-05,-0.0042645,0.00192138,-0.00459399,0.00192137,7.73524e-05,1.12184e-05,0.152024,0.185123,0.000629296,1.11864,66,7,0.993671,4.263e-05
ERF_Log_File_20251016_1146.csv,sp,13,p02,4,1,filled_square,prism,ERF_OSA207_Spectra_20251016_1146.csv,1.44467e+09,3.98836,0.000795378,0.406845,0.000694035,29.2771,1.08261,2.85233e-05,0.000310772,2,0.00935806,0.000550773,1.081,0,6.35e-06,0.000289,8.31e-05,7.51e-06,0,6.93e-06,0.000123646,6.18e-05,2.89e-05,5.77e-06,2.54e-05,9.24e-06,1.02721e-05,4.04e-05,0.907466,0.000217727,204.937,0.0433995,-0.000348384,4.15576e-05,6.98063e-05,4.23035e-05,-0.00272377,0.00239244,-0.00142529,0.00239243,6.47808e-05,1.3908e-05,0.145728,0.142116,0.000783599,1.11864,66,7,0.993811,4.27254e-05
ERF_Log_File_20251016_1206.csv,sp,13,p02,4,1,filled_square,prism,ERF_OSA207_Spectra_20251016_1206.csv,1.44467e+09,4.96208,0.000706658,0.378913,0.000814343,29.2669,1.112,2.97522e-05,0.000345209,2,0.00936948,0.000551134,1.107,0,6.35e-06,0.000289,8.31e-05,7.51e-06,0,6.93e-06,0.000127069,6.18e-05,2.89e-05,5.77e-06,2.54e-05,9.24e-06,9.95086e-06,4.04e-05,0.910106,0.000359031,237.516,0.0917524,-2.87016e-05,7.53207e-05,-2.95072e-05,7.55319e-05,-0.000418969,0.00169679,0.000450189,0.00169678,7.76491e-06,9.96896e-06,0.120129,0.300511,0.000555729,1.11864,66,7,0.993959,4.27358e-05
ERF_Log_File_20251016_1226.csv,sp,13,p02,4,1,filled_square,prism,ERF_OSA207_Spectra_20251016_1226.csv,1.44467e+09,3.01228,0.000823654,0.357144,0.000977103,29.2618,1.13931,2.67529e-05,0.000386153,2,0.010133,0.000650614,1.134,0,6.35e-06,0.000289,8.31e-05,7.51e-06,0,6.93e-06,0.000130401,6.18e-05,2.89e-05,5.77e-06,2.54e-05,9.24e-06,9.77865e-06,4.04e-05,0.912448,0.000187035,268.384,0.0470901,-0.000282563,3.44521e-05,0.000123041,3.52394e-05,-0.000612115,0.00224823,-0.00208708,0.00224822,5.65687e-05,1.30241e-05,0.180325,0.154205,0.000736363,1.11864,66,7,0.994088,4.27471e-05
ERF_Log_File_20251016_1246.csv,sp,13,p02,4,1,filled_square,prism,ERF_OSA207_Spectra_20251016_1246.csv,1.44468e+09,5.48594,0.000859254,0.332244,0.000860422,29.2549,1.16632,2.72503e-05,0.000389127,2,0.0102588,0.000622065,1.163,0,6.35e-06,0.000289,8.31e-05,7.51e-06,0,6.93e-06,0.00013377,6.18e-05,2.89e-05,5.77e-06,2.54e-05,9.24e-06,9.60838e-06,4.04e-05,0.916458,0.000284917,226.028,0.0653083,5.31973e-05,5.66241e-05,3.0607e-05,5.71983e-05,-0.00137851,0.00243412,0.00186114,0.00243411,8.73286e-05,1.42271e-05,0.165139,0.213902,0.000797216,1.11864,66,7,0.994208,4.28403e-05
ERF_Log_File_20251016_1306.csv,sp,13,p02,4,1,filled_square,prism,ERF_OSA207_Spectra_20251016_1306.csv,1.44468e+09,5.32067,0.000651365,0.3114,0.000754548,29.2474,1.19711,2.35622e-05,0.000402962,2,0.010963,0.000561741,1.193,0,6.35e-06,0.000289,8.31e-05,7.51e-06,0,6.93e-06,0.000136646,6.18e-05,2.89e-05,5.77e-06,2.54e-05,9.24e-06,9.41422e-06,4.04e-05,0.919318,0.000291304,202.644,0.0598659,-0.000143027,5.78878e-05,8.6895e-06,5.84486e-05,-0.00088575,0.00243083,-0.000351922,0.00243082,-1.21576e-05,1.42122e-05,0.148319,0.196061,0.000796151,1.11864,66,7,0.994334,4.28666e-05
ERF_Log_File_20251016_1327.csv,sp,13,p02,4,1,filled_square,prism,ERF_OSA207_Spectra_20251016_1327.csv,1.44468e+09,3.08196,0.000326272,0.308928,0.000407751,29.2439,1.23068,2.18572e-05,0.000456082,2,0.0117169,0.000505262,1.225,0,6.35e-06,0.000289,8.31e-05,7.51e-06,0,6.93e-06,0.000140837,6.18e-05,2.89e-05,5.77e-06,2.54e-05,9.24e-06,8.95007e-06,4.04e-05,0.922368,0.000164841,214.992,0.0335128,-3.37439e-05,3.05967e-05,6.82315e-05,3.12033e-05,-0.00233955,0.0018543,-0.00121718,0.00185429,1.68075e-05,1.0766e-05,0.120433,0.109756,0.000607323,1.11864,66,7,0.994461,4.289e-05
ERF_Log_File_20251016_1347.csv,sp,13,p02,4,1,filled_square,prism,ERF_OSA207_Spectra_20251016_1347.csv,1.44468e+09,3.31888,0.00041705,0.309347,0.00107851,29.2354,1.26221,2.62466e-05,0.000503156,2,0.0121619,0.00050327,1.259,0,6.35e-06,0.000289,8.31e-05,7.51e-06,0,6.93e-06,0.000143925,6.18e-05,2.89e-05,5.77e-06,2.54e-05,9.24e-06,8.49171e-06,4.04e-05,0.922713,0.000595522,212.348,0.102412,5.25792e-05,9.49155e-05,-0.000435242,9.93807e-05,0.0176092,0.00909787,-0.00042462,0.00909783,-0.000709497,5.17641e-05,0.583357,0.336634,0.00297724,1.11852,66,7,0.994571,4.27922e-05
ERF_Log_File_20251016_1407.csv,sp,13,p02,4,1,filled_square,prism,ERF_OSA207_Spectra_20251016_1407.csv,1.44468e+09,3.70662,0.000532008,0.314733,0.000593225,29.233,1.29779,0.000255302,0.000563133,2,0.0150322,0.00364964,1.295,0,6.35e-06,0.000289,8.31e-05,7.51e-06,0,6.93e-06,0.000148548,6.18e-05,2.89e-05,5.77e-06,2.54e-05,9.24e-06,7.97453e-06,4.04e-05,0.92697,0.000273358,215.741,0.0611354,-0.000172571,5.54296e-05,1.21921e-05,5.57283e-05,-3.53157e-05,0.00173144,0.00150153,0.00173143,0.000268617,1.01541e-05,0.113404,0.200263,0.000567062,1.11864,66,7,0.994685,4.28579e-05
ERF_Log_File_20251016_1427.csv,sp,13,p02,4,1,filled_square,prism,ERF_OSA207_Spectra_20251016_1427.csv,1.44468e+09,4.33546,0.00049851,0.316423,0.000433911,29.2278,1.33608,2.28012e-05,0.000675187,2,0.0135589,0.000469453,1.332,0,6.35e-06,0.000289,8.31e-05,7.51e-06,0,6.93e-06,0.000152488,6.18e-05,2.89e-05,5.77e-06,2.54e-05,9.24e-06,7.41793e-06,4.04e-05,0.929418,0.000222929,232.002,0.0511829,-2.02715e-05,4.32494e-05,0.00012337,4.37541e-05,-0.0017384,0.00199693,-0.00248728,0.00199692,0.000147383,1.166e-05,0.14102,0.167671,0.000654001,1.11864,66,7,0.994796,4.28278e-05
ERF_Log_File_20251016_1447.csv,sp,13,p02,4,1,filled_square,prism,ERF_OSA207_Spectra_20251016_1447.csv,1.44468e+09,4.31934,0.000396371,0.315199,0.00127787,29.2233,1.33598,2.4765e-05,0.000678859,2,0.0136354,0.000474526,1.332,0,6.35e-06,0.000289,8.31e-05,7.51e-06,0,6.93e-06,0.000152478,6.18e-05,2.89e-05,5.77e-06,2.54e-05,9.24e-06,7.41931e-06,4.04e-05,0.932201,0.000849041,230.608,0.20941,0.000555991,0.000170666,-7.83576e-05,0.000170733,-0.000456114,0.00148988,0.00196628,0.00148987,2.02379e-05,8.76609e-06,0.104898,0.685868,0.000487961,1.11864,66,7,0.994795,4.29563e-05
ERF_Log_File_20251016_1507.csv,sp,13,p02,4,1,filled_square,prism,ERF_OSA207_Spectra_20251016_1507.csv,1.44468e+09,4.32222,0.00042152,0.316185,0.000513151,29.2214,1.33604,2.42449e-05,0.000675108,2,0.013684,0.000527516,1.332,0,6.35e-06,0.000289,8.31e-05,7.51e-06,0,6.93e-06,0.000152484,6.18e-05,2.89e-05,5.77e-06,2.54e-05,9.24e-06,7.41844e-06,4.04e-05,0.930346,0.000211849,231.507,0.0502546,-7.39295e-05,4.24877e-05,-1.08912e-05,4.27642e-05,-0.000280328,0.00145895,-0.000358078,0.00145894,4.97318e-05,8.54898e-06,0.102916,0.164597,0.000477832,1.11864,66,7,0.994796,4.28706e-05
ERF_Log_File_20251016_1527.csv,sp,13,p02,4,1,filled_square,prism,ERF_OSA207_Spectra_20251016_1527.csv,1.44469e+09,1.72894,0.000356027,0.315067,0.000539133,29.2158,1.33611,2.35289e-05,0.000680267,2,0.0135636,0.00057276,1.332,0,6.35e-06,0.000289,8.31e-05,7.51e-06,0,6.93e-06,0.000152491,6.18e-05,2.89e-05,5.77e-06,2.54e-05,9.24e-06,7.41748e-06,4.04e-05,0.930484,0.000264189,230.896,0.0622182,-0.000190447,5.27562e-05,0.000131608,5.31328e-05,-0.000448523,0.00189779,-0.00111199,0.00189778,-6.70576e-05,1.11156e-05,0.133539,0.203778,0.000621557,1.11864,66,7,0.994796,4.28767e-05
ERF_Log_File_20251016_1547.csv,sp,13,p02,4,1,filled_square,prism,ERF_OSA207_Spectra_20251016_1547.csv,1.44469e+09,4.04939,0.000434921,0.317474,0.000787338,29.2156,1.37659,2.1664e-05,0.000756402,2,0.0147947,0.000571062,1.372,0,6.35e-06,0.000289,8.31e-05,7.51e-06,0,6.93e-06,0.000157943,6.18e-05,2.89e-05,5.77e-06,2.54e-05,9.24e-06,6.82903e-06,4.04e-05,0.933029,0.000179632,207.075,0.0365701,6.93901e-06,3.46239e-05,0.000110138,3.5042e-05,-2.53853e-05,0.00162632,-0.0028345,0.00162632,3.25089e-05,9.49351e-06,0.102911,0.119775,0.000532649,1.11864,66,7,0.994902,4.28441e-05
ERF_Log_File_20251016_1607.csv,sp,13,p02,4,1,filled_square,prism,ERF_OSA207_Spectra_20251016_1607.csv,1.44469e+09,4.24196,0.000520377,0.319855,0.000815972,29.2134,1.41874,1.99671e-05,0.000787834,2,0.0151005,0.000370475,1.415,0,6.35e-06,0.000289,8.31e-05,7.51e-06,0,6.93e-06,0.000162622,6.18e-05,2.89e-05,5.77e-06,2.54e-05,9.24e-06,6.40189e-06,4.04e-05,0.934318,0.000315422,204.981,0.0512316,-7.89149e-05,4.91974e-05,-2.08205e-05,5.16004e-05,0.00172344,0.00481423,0.00259113,0.00481421,-0.000133159,2.73508e-05,0.301948,0.167856,0.00157661,1.11864,66,7,0.995,4.27553e-05
ERF_Log_File_20251016_1627.csv,sp,13,p02,4,1,filled_square,prism,ERF_OSA207_Spectra_20251016_1627.csv,1.44469e+09,1.94385,0.000436299,0.318088,0.00103373,29.2111,1.46295,1.90634e-05,0.000834058,2,0.0163496,0.00044087,1.461,0,6.35e-06,0.000289,8.31e-05,7.51e-06,0,6.93e-06,0.000167664,6.18e-05,2.89e-05,5.77e-06,2.54e-05,9.24e-06,6.19701e-06,4.04e-05,0.936519,0.00043972,213.074,0.0486835,-0.00014676,4.53774e-05,0.000181157,5.21509e-05,-0.00510778,0.00870156,0.000293397,0.00870153,0.000460296,4.51746e-05,0.569726,0.158134,0.0028551,1.11845,66,7,0.995092,4.2718e-05
ERF_Log_File_20251016_1648.csv,sp,13,p02,4,1,filled_square,prism,ERF_OSA207_Spectra_20251016_1648.csv,1.44469e+09,2.21646,0.000433487,0.318243,0.00096889,29.2122,1.50983,1.62566e-05,0.000922702,2,0.0172708,0.000368838,1.509,0,6.35e-06,0.000289,8.31e-05,7.51e-06,0,6.93e-06,0.000173203,6.18e-05,2.89e-05,5.77e-06,2.54e-05,9.24e-06,5.97971e-06,4.04e-05,0.939714,0.00027004,217.81,0.0603737,2.42215e-05,5.41969e-05,4.1013e-05,5.44607e-05,-0.0014621,0.00160808,-0.00179146,0.00160807,3.11081e-05,9.43306e-06,0.107799,0.197739,0.000526672,1.11864,66,7,0.995177,4.27477e-05
ERF_Log_File_20251016_1708.csv,sp,13,p02,4,1,filled_square,prism,ERF_OSA207_Spectra_20251016_1708.csv,1.44469e+09,2.4694,0.000311084,0.320229,0.000492585,29.2078,1.56158,2.86291e-05,0.00070013,2,0.0202778,0.000609944,1.561,0,6.35e-06,0.000289,8.31e-05,7.51e-06,0,6.93e-06,0.000178238,6.18e-05,2.89e-05,5.77e-06,2.54e-05,9.24e-06,5.7399e-06,4.04e-05,0.941184,0.000734217,215.117,0.166517,0.000244078,0.000149313,-2.90992e-05,0.000149467,-0.00192726,0.00205196,-0.00159459,0.00205195,-2.06206e-05,1.20686e-05,0.136069,0.545343,0.000672064,1.11864,66,7,0.995258,4.27383e-05
ERF_Log_File_20251017_0850.csv,sp,13,p02,4,1,filled_square,prism,ERF_OSA207_Spectra_20251017_0850.csv,1.44475e+09,2.62151,0.000283318,0.324111,0.000709033,29.1142,1.6213,2.1844e-05,0.000728138,2,0.0224936,0.000515069,1.617,0,6.35e-06,0.000289,8.31e-05,7.51e-06,0,6.93e-06,0.00018577,6.18e-05,2.89e-05,5.77e-06,2.54e-05,9.24e-06,6.79446e-06,4.04e-05,0.945826,0.000149634,198.071,0.0240647,4.52067e-05,2.39009e-05,2.64693e-05,2.49006e-05,-0.00387719,0.00214954,-0.000129359,0.00214953,8.85494e-05,1.22794e-05,0.13189,0.0788166,0.000704014,1.11864,66,7,0.995336,4.29506e-05
ERF_Log_File_20251017_0910.csv,sp,13,p02,4,1,filled_square,prism,ERF_OSA207_Spectra_20251017_0910.csv,1.44475e+09,2.91553,0.000532064,0.346375,0.000884896,29.1158,1.68185,1.61348e-05,0.000949239,2,0.0236123,0.000380046,1.678,0,6.35e-06,0.000289,8.31e-05,7.51e-06,0,6.93e-06,0.000192371,6.18e-05,2.89e-05,5.77e-06,2.54e-05,9.24e-06,1.02997e-05,4.04e-05,0.948687,0.000461987,184.745,0.0885498,0.000306597,9.32613e-05,-0.000206302,9.34585e-05,-0.000157638,0.00182577,-0.000760709,0.00182576,-5.93449e-05,1.07307e-05,0.104807,0.28998,0.000597989,1.11864,66,7,0.9954,4.32036e-05
ERF_Log_File_20251017_0930.csv,sp,13,p02,4,1,filled_square,prism,ERF_OSA207_Spectra_20251017_0930.csv,1.44475e+09,3.31788,0.000325568,0.373213,0.000338791,29.1181,1.74398,2.2566e-05,0.00104898,2,0.0253487,0.000461881,1.743,0,6.35e-06,0.000289,8.31e-05,7.51e-06,0,6.93e-06,0.000199396,6.18e-05,2.89e-05,5.77e-06,2.54e-05,9.24e-06,4.49151e-05,4.04e-05,0.949155,0.00113522,185.083,0.220998,-9.81575e-05,0.000217403,0.000209719,0.000217452,0.000721539,0.00146081,-0.00265991,0.0014608,0.00012554,8.59718e-06,0.083897,0.729688,0.000477577,1.11847,66,7,0.995451,4.34988e-05
ERF_Log_File_20251017_0951.csv,sp,13,p02,4,1,filled_square,prism,ERF_OSA207_Spectra_20251017_0951.csv,1.44475e+09,3.59851,0.000541583,0.409131,0.00113367,29.1173,1.81518,0.000273157,0.00115128,2,0.0269653,0.00399835,1.814,0,6.35e-06,0.000289,8.31e-05,7.51e-06,0,6.93e-06,0.000208067,6.18e-05,2.89e-05,5.77e-06,2.54e-05,9.24e-06,9.92455e-05,4.04e-05,0.950407,0.00031367,177.729,0.0558693,-7.55461e-05,6.15308e-05,6.4526e-05,6.19389e-05,7.82732e-06,0.00213276,-0.00390871,0.00213276,8.48983e-06,1.24948e-05,0.11799,0.182985,0.000698518,1.11864,66,7,0.995495,4.4072e-05
ERF_Log_File_20251017_1011.csv,sp,13,p02,4,1,filled_square,prism,ERF_OSA207_Spectra_20251017_1011.csv,1.44475e+09,3.59026,0.000414755,0.5001,0.000587243,29.1181,1.88697,1.63151e-05,0.00160022,2,0.0283479,0.000409742,1.89,0,6.35e-06,0.000289,8.31e-05,7.51e-06,0,6.93e-06,0.000215626,6.18e-05,2.89e-05,5.77e-06,2.54e-05,9.24e-06,0.000154035,4.04e-05,0.950795,0.000301683,160.71,0.0487832,0.000292049,5.93974e-05,3.99825e-05,5.97545e-05,-0.00200515,0.00195979,-0.00115004,0.00195978,7.20503e-05,1.1488e-05,0.098079,0.159773,0.000641869,1.11864,66,7,0.995525,4.48344e-05
ERF_Log_File_20251017_1031.csv,sp,13,p02,4,1,filled_square,prism,ERF_OSA207_Spectra_20251017_1031.csv,1.44475e+09,4.28006,0.000556863,0.653181,0.00251507,29.1174,1.97283,1.17277e-05,0.00235681,2,0.0310689,0.000274173,1.975,0,6.35e-06,0.000289,8.31e-05,7.51e-06,0,6.93e-06,0.0002257,6.18e-05,2.89e-05,5.77e-06,2.54e-05,9.24e-06,0.000219555,4.04e-05,0.955393,0.000535085,184.756,0.102285,0.000719386,0.000107387,-0.000261148,0.000107552,-0.00155999,0.00179728,-0.0026738,0.00179728,-0.000132221,1.05666e-05,0.103904,0.335,0.000588642,1.11864,66,7,0.995543,4.62344e-05
ERF_Log_File_20251017_1051.csv,sp,13,p02,4,1,filled_square,prism,ERF_OSA207_Spectra_20251017_1051.csv,1.44476e+09,3.60388,0.000591741,0.885024,0.00227716,29.1195,2.0605,1.12894e-05,0.00314791,2,0.0344196,0.000252527,2.067,0,6.35e-06,0.000289,8.31e-05,7.51e-06,0,6.93e-06,0.000235633,6.18e-05,2.89e-05,5.77e-06,2.54e-05,9.24e-06,0.000259035,4.04e-05,0.954197,0.000775511,126.729,0.102625,0.00025008,0.000153314,6.85094e-05,0.000153388,-0.00342468,0.00146493,0.00242834,0.00146492,2.54965e-05,8.61843e-06,0.0580184,0.336124,0.000479789,1.11864,66,7,0.995546,4.7688e-05
ERF_Log_File_20251017_1111.csv,sp,13,p02,4,1,filled_square,prism,ERF_OSA207_Spectra_20251017_1111.csv,1.44476e+09,3.57204,0.000855296,0.883466,0.00238465,29.1186,2.0603,1.03246e-05,0.00311215,2,0.0344903,0.000236998,2.067,0,6.35e-06,0.000289,8.31e-05,7.51e-06,0,6.93e-06,0.000235617,6.18e-05,2.89e-05,5.77e-06,2.54e-05,9.24e-06,0.000258972,4.04e-05,0.952856,0.000814943,125.899,0.103815,0.000216621,0.000161235,1.54684e-05,0.00016203,0.0151132,0.00481558,-0.0067196,0.00481556,-8.69346e-05,2.82474e-05,0.189205,0.340022,0.00157718,1.11864,66,7,0.995546,4.76171e-05
ERF_Log_File_20251017_1131.csv,sp,13,p02,4,1,filled_square,prism,ERF_OSA207_Spectra_20251017_1131.csv,1.44476e+09,3.55582,0.000688813,0.886304,0.0029135,29.1144,2.06003,9.39934e-06,0.00309162,2,0.0345342,0.000213676,2.067,0,6.35e-06,0.000289,8.31e-05,7.51e-06,0,6.93e-06,0.000235595,6.18e-05,2.89e-05,5.77e-06,2.54e-05,9.24e-06,0.000258889,4.04e-05,0.953937,0.000653011,125.45,0.0853193,0.000188169,0.00013077,0.000130324,0.000130883,-0.00093109,0.00165108,0.00232441,0.00165108,4.91429e-05,9.71335e-06,0.0647134,0.279443,0.000540758,1.11864,66,7,0.995546,4.76661e-05
ERF_Log_File_20251017_1151.csv,sp,13,p02,4,1,filled_square,prism,ERF_OSA207_Spectra_20251017_1151.csv,1.44476e+09,3.52759,0.000869675,0.871872,0.00451444,29.1164,2.05991,1.12603e-05,0.00304732,2,0.0346289,0.000244675,2.067,0,6.35e-06,0.000289,8.31e-05,7.51e-06,0,6.93e-06,0.000235585,6.18e-05,2.89e-05,5.77e-06,2.54e-05,9.24e-06,0.00025885,4.04e-05,0.953328,0.000728608,124.54,0.0946208,0.000227236,0.000145803,0.000208062,0.000145918,-0.0065131,0.00175957,-0.00244154,0.00175956,7.40673e-06,1.03508e-05,0.0684214,0.309907,0.00057629,1.11864,66,7,0.995546,4.76333e-05
ERF_Log_File_20251017_1211.csv,sp,13,p02,4,1,filled_square,prism,ERF_OSA207_Spectra_20251017_1211.csv,1.44476e+09,2.41361,0.000733174,0.903191,0.00253429,29.1203,2.16424,1.32002e-05,0.00314189,2,0.0382941,0.000249194,2.169,0,6.35e-06,0.000289,8.31e-05,7.51e-06,0,6.93e-06,0.000247664,6.18e-05,2.89e-05,5.77e-06,2.54e-05,9.24e-06,0.000291177,4.04e-05,0.955489,0.000706887,81.1723,0.0595128,-3.97495e-05,0.000141761,0.000150666,0.000141931,-0.000850664,0.00209959,0.00257702,0.00209958,7.56513e-05,1.23478e-05,0.0533311,0.194964,0.000687619,1.11864,66,7,0.99553,4.98974e-05
ERF_Log_File_20251017_1231.csv,sp,13,p02,4,1,filled_square,prism,ERF_OSA207_Spectra_20251017_1231.csv,1.44476e+09,2.187,0.000422458,0.897755,0.00252142,29.121,2.27923,1.67512e-05,0.00269476,2,0.0429784,0.000330137,2.282,0,6.35e-06,0.000289,8.31e-05,7.51e-06,0,6.93e-06,0.000260398,6.18e-05,2.89e-05,5.77e-06,2.54e-05,9.24e-06,0.000231284,4.04e-05,0.955307,0.00146489,78.0762,0.119603,0.000372586,0.000267202,-0.000210325,0.000267239,0.000142737,0.00146039,0.000883982,0.00146038,-1.34473e-05,8.59403e-06,0.035713,0.389839,0.000478812,1.11861,66,7,0.995492,5.26559e-05
ERF_Log_File_20251017_1252.csv,sp,13,p02,4,1,filled_square,prism,ERF_OSA207_Spectra_20251017_1252.csv,1.44476e+09,5.04005,0.00112395,0.901806,0.00156879,29.1266,2.41814,2.24676e-05,0.00251546,2,0.0506436,0.000318195,2.408,0,6.35e-06,0.000289,8.31e-05,7.51e-06,0,6.93e-06,0.000276824,6.18e-05,2.89e-05,5.77e-06,2.54e-05,9.24e-06,0.000106851,4.04e-05,0.956333,0.00183142,35.7345,0.0683293,-0.000459422,0.000345977,-0.000307741,0.000346048,0.00392363,0.00223976,0.00425754,0.00223975,8.84139e-05,1.3181e-05,0.0249563,0.228259,0.000730269,1.11806,66,7,0.995424,5.65329e-05
ERF_Log_File_20251017_1332.csv,sp,13,p02,4,1,filled_square,prism,ERF_OSA207_Spectra_20251017_1332.csv,1.44477e+09,4.81532,0.000516126,0.433886,0.00187387,29.1324,1.05709,3.6885e-05,0.000317496,2,0.00851731,0.00064248,1.056,0,6.35e-06,0.000289,8.31e-05,7.51e-06,0,6.93e-06,0.000120652,6.18e-05,2.89e-05,5.77e-06,2.54e-05,9.24e-06,1.06326e-05,4.04e-05,0.904498,0.000254353,262.322,0.0709754,-0.000225032,5.29169e-05,7.44283e-06,5.31928e-05,-2.03701e-05,0.00162567,0.00052942,0.00162566,7.24695e-05,9.53539e-06,0.126333,0.232444,0.000532445,1.11864,66,7,0.993672,4.26949e-05
ERF_Log_File_20251017_1352.csv,sp,13,p02,4,1,filled_square,prism,ERF_OSA207_Spectra_20251017_1352.csv,1.44477e+09,4.89432,0.000621998,0.436272,0.000684693,29.1395,1.05709,3.71412e-05,0.000317177,2,0.0086564,0.000602163,1.056,0,6.35e-06,0.000289,8.31e-05,7.51e-06,0,6.93e-06,0.000120653,6.18e-05,2.89e-05,5.77e-06,2.54e-05,9.24e-06,1.06326e-05,4.04e-05,0.904521,0.000205948,266.876,0.0531954,-0.000120121,3.91221e-05,8.11139e-05,3.98749e-05,-0.00190318,0.00233448,-0.00401096,0.00233447,4.142e-05,1.35579e-05,0.184566,0.174227,0.000764584,1.11864,66,7,0.993672,4.2696e-05
ERF_Log_File_20251017_1412.csv,sp,13,p02,4,1,filled_square,prism,ERF_OSA207_Spectra_20251017_1412.csv,1.44477e+09,2.62654,0.000253295,0.32517,0.000452253,29.1426,1.62037,2.17176e-05,0.000796847,2,0.0221359,0.000510807,1.617,0,6.35e-06,0.000289,8.31e-05,7.51e-06,0,6.93e-06,0.000185647,6.18e-05,2.89e-05,5.77e-06,2.54e-05,9.24e-06,6.74105e-06,4.04e-05,0.944522,0.000545633,199.839,0.113857,-0.000196258,0.000110721,0.000238333,0.000110925,-0.00402979,0.00202449,-0.00207898,0.00202448,-6.83542e-05,1.19012e-05,0.125153,0.372908,0.000663053,1.11864,66,7,0.995334,4.28905e-05
ERF_Log_File_20251017_1432.csv,sp,13,p02,4,1,filled_square,prism,ERF_OSA207_Spectra_20251017_1432.csv,1.44477e+09,2.63366,0.000292653,0.325717,0.000389096,29.1455,1.62037,2.06141e-05,0.000816595,2,0.0220636,0.000486704,1.617,0,6.35e-06,0.000289,8.31e-05,7.51e-06,0,6.93e-06,0.000185646,6.18e-05,2.89e-05,5.77e-06,2.54e-05,9.24e-06,6.74062e-06,4.04e-05,0.944984,0.000493615,200.329,0.103685,-0.000124316,0.000100099,0.000123358,0.000100221,7.20141e-05,0.00149506,-0.000621662,0.00149505,-7.21045e-05,8.79275e-06,0.0926844,0.339778,0.000489597,1.11864,66,7,0.995334,4.29115e-05
ERF_Log_File_20251017_1537.csv,sp,13,p02,4,1,filled_square,prism,CCS200_Spectrum_1444772236.csv,1.44477e+09,1.81817,0.000578956,0.916275,0.00772575,29.1489,0.605897,0.000125509,1.32052,1,0.00384368,3.71345e-06,0.604,0,6.35e-06,0.000289,8.31e-05,7.51e-06,0,6.93e-06,6.92772e-05,6.18e-05,2.89e-05,5.77e-06,2.54e-05,9.24e-06,3.03453e-05,4.04e-05,0.915975,0.00153878,97.7135,0.163648,0.00054875,0.00031517,-3.17873e-05,0.0003153,0.00480054,0.00279158,-0.000811011,0.00279157,0.00042207,1.64267e-05,0.0818227,0.536275,0.000914195,1.11864,66,7,0.989073,6.23738e-05
ERF_Log_File_20251017_1556.csv,sp,13,p02,4,1,filled_square,prism,CCS200_Spectrum_1444773409.csv,1.44477e+09,2.52919,0.000582406,0.895822,0.00150375,29.154,0.631411,0.000125655,1.43186,1,0.00641103,1.60943e-05,0.626,0,6.35e-06,0.000289,8.31e-05,7.51e-06,0,6.93e-06,7.22143e-05,6.18e-05,2.89e-05,5.77e-06,2.54e-05,9.24e-06,2.86489e-05,4.04e-05,0.918441,0.000343405,129.999,0.0454206,3.94677e-05,6.84575e-05,-0.000188131,6.9098e-05,-0.00199764,0.0028243,-0.00546114,0.00282428,0.000124866,1.65169e-05,0.110442,0.148767,0.000925004,1.11864,66,7,0.989488,5.9137e-05
ERF_Log_File_20251017_1616.csv,sp,13,p02,4,1,filled_square,prism,CCS200_Spectrum_1444774581.csv,1.44478e+09,3.43939,0.00087021,0.60818,0.00338781,29.1551,0.650526,0.000125537,1.48189,1,0.0054607,7.71701e-06,0.65,0,6.35e-06,0.000289,8.31e-05,7.51e-06,0,6.93e-06,7.44444e-05,6.18e-05,2.89e-05,5.77e-06,2.54e-05,9.24e-06,2.73794e-05,4.04e-05,0.916054,0.000210144,170.859,0.0344682,4.11757e-05,3.95912e-05,3.28423e-05,4.03248e-05,-5.9722e-06,0.00231682,-0.0033978,0.00231682,3.66817e-05,1.34626e-05,0.118764,0.112891,0.000758801,1.11864,66,7,0.989782,5.6795e-05
ERF_Log_File_20251017_1635.csv,sp,13,p02,4,1,filled_square,prism,CCS200_Spectrum_1444775753.csv,1.44478e+09,3.84237,0.00048902,0.498801,0.00161644,29.1599,0.675483,0.000125549,1.48312,1,0.00540127,8.85184e-06,0.675,0,6.35e-06,0.000289,8.31e-05,7.51e-06,0,6.93e-06,7.7287e-05,6.18e-05,2.89e-05,5.77e-06,2.54e-05,9.24e-06,2.57831e-05,4.04e-05,0.911787,0.000483178,182.563,0.0943095,6.03937e-05,0.000100842,-5.86149e-06,0.000101187,-0.00541883,0.00250622,-0.00475443,0.00250621,0.000192651,1.47163e-05,0.136633,0.3089,0.000820828,1.11864,66,7,0.990147,5.40822e-05
ERF_Log_File_20251017_1655.csv,sp,13,p02,4,1,filled_square,prism,CCS200_Spectrum_1444776926.csv,1.44478e+09,4.12631,0.000441254,0.423343,0.00215033,29.1634,0.70238,0.000125559,1.3797,1,0.00548665,9.63793e-06,0.702,0,6.35e-06,0.000289,8.31e-05,7.51e-06,0,6.93e-06,8.03231e-05,6.18e-05,2.89e-05,5.77e-06,2.54e-05,9.24e-06,2.40551e-05,4.04e-05,0.90781,0.000304804,182.019,0.0565462,-0.000107865,6.08907e-05,-0.000138718,6.15478e-05,-0.00122466,0.00270188,0.000567173,0.00270187,0.000115729,1.57846e-05,0.146222,0.185203,0.000884915,1.11864,66,7,0.990517,5.16567e-05
ERF_Log_File_20251017_1714.csv,sp,13,p02,4,1,filled_square,prism,CCS200_Spectrum_1444778099.csv,1.44478e+09,2.2267,0.000387807,0.468344,0.000762942,29.1644,0.72022,0.000125563,1.36319,1,0.00570735,9.97994e-06,0.72,0,6.35e-06,0.000289,8.31e-05,7.51e-06,0,6.93e-06,8.23347e-05,6.18e-05,2.89e-05,5.77e-06,2.54e-05,9.24e-06,2.2856e-05,4.04e-05,0.903705,0.000261874,183.205,0.0402086,2.3137e-06,4.31848e-05,0.000123177,4.51042e-05,-0.00849071,0.00401389,-0.00384884,0.00401387,-0.000159032,2.28842e-05,0.217653,0.131689,0.00131462,1.11864,66,7,0.990749,5.01955e-05
ERF_Log_File_20251017_1734.csv,sp,13,p02,4,1,filled_square,prism,CCS200_Spectrum_1444779271.csv,1.44478e+09,2.64246,0.000650607,0.534089,0.00141592,29.17,0.739633,0.000125579,1.27602,1,0.00597278,1.12687e-05,0.74,0,6.35e-06,0.000289,8.31e-05,7.51e-06,0,6.93e-06,8.45725e-05,6.18e-05,2.89e-05,5.77e-06,2.54e-05,9.24e-06,2.15513e-05,4.04e-05,0.900792,0.000264487,200.614,0.0516163,-9.4111e-05,5.04978e-05,-3.55953e-05,5.14612e-05,-0.00518273,0.00300083,-0.0047222,0.00300081,-4.76171e-05,1.74304e-05,0.177607,0.169054,0.000982822,1.11864,66,7,0.99099,4.88738e-05
ERF_Log_File_20251020_1006.csv,sp,13,p02,4,1,filled_square,prism,CCS200_Spectrum_1445011620.csv,1.44501e+09,2.62383,0.000755238,0.529457,0.000707409,29.158,0.739706,0.000125559,1.31107,1,0.00592607,9.69632e-06,0.74,0,6.35e-06,0.000289,8.31e-05,7.51e-06,0,6.93e-06,8.4581e-05,6.18e-05,2.89e-05,5.77e-06,2.54e-05,9.24e-06,2.15464e-05,4.04e-05,0.900952,0.000329238,200.601,0.0646655,-0.000140988,6.32601e-05,4.04296e-05,6.4401e-05,-0.000687109,0.00365131,-0.0126384,0.0036513,7.67396e-05,2.12255e-05,0.216131,0.211795,0.00119587,1.11864,66,7,0.990991,4.88784e-05
ERF_Log_File_20251020_1026.csv,sp,13,p02,4,1,filled_square,prism,CCS200_Spectrum_1445012805.csv,1.44501e+09,2.63175,0.000674648,0.528895,0.00212494,29.1603,0.739678,0.000125583,1.13465,1,0.00600642,1.15294e-05,0.74,0,6.35e-06,0.000289,8.31e-05,7.51e-06,0,6.93e-06,8.45778e-05,6.18e-05,2.89e-05,5.77e-06,2.54e-05,9.24e-06,2.15482e-05,4.04e-05,0.903208,0.000444045,200.931,0.09217,-0.000224511,8.98805e-05,0.00036111,9.0741e-05,0.0132037,0.00375185,-0.00499947,0.00375183,-0.000221059,2.19374e-05,0.223005,0.301874,0.00122879,1.11864,66,7,0.990991,4.90024e-05
ERF_Log_File_20251020_1046.csv,sp,13,p02,4,1,filled_square,prism,CCS200_Spectrum_1445013978.csv,1.44501e+09,2.81613,0.000936972,0.614677,0.0034549,29.1627,0.759103,0.000125754,1.27556,1,0.00612361,2.01694e-05,0.76,0,6.35e-06,0.000289,8.31e-05,7.51e-06,0,6.93e-06,8.6855e-05,6.18e-05,2.89e-05,5.77e-06,2.54e-05,9.24e-06,2.05849e-05,4.04e-05,0.898601,0.000569493,199.928,0.122052,-0.000503532,0.00011938,0.000279525,0.000119984,-0.00213926,0.00360987,0.00637621,0.00360985,-0.000249529,2.11729e-05,0.212406,0.399744,0.00118229,1.11864,66,7,0.991221,4.77521e-05
ERF_Log_File_20251020_1105.csv,sp,13,p02,4,1,filled_square,prism,CCS200_Spectrum_1445015150.csv,1.44502e+09,3.17825,0.000854131,0.72804,0.00180599,29.1684,0.780673,0.000125625,1.31499,1,0.00670543,1.42571e-05,0.781,0,6.35e-06,0.000289,8.31e-05,7.51e-06,0,6.93e-06,8.92633e-05,6.18e-05,2.89e-05,5.77e-06,2.54e-05,9.24e-06,1.99462e-05,4.04e-05,0.892933,0.000402362,213.87,0.075178,-0.000359603,6.91298e-05,-0.000101089,7.18216e-05,0.00818034,0.00598065,-0.00922203,0.00598062,-0.000247987,3.424e-05,0.374069,0.246216,0.00195876,1.11864,66,7,0.991464,4.65085e-05
ERF_Log_File_20251020_1125.csv,sp,13,p02,4,1,filled_square,prism,CCS200_Spectrum_1445016323.csv,1.44502e+09,3.2267,0.000882328,0.884766,0.00263198,29.1689,0.803259,0.000125625,0.835441,1,0.00718549,1.43295e-05,0.804,0,6.35e-06,0.000289,8.31e-05,7.51e-06,0,6.93e-06,9.18396e-05,6.18e-05,2.89e-05,5.77e-06,2.54e-05,9.24e-06,1.91509e-05,4.04e-05,0.891415,0.000276751,213.75,0.055738,-0.000396888,5.12208e-05,0.000324578,5.25512e-05,0.00655609,0.00357439,-0.00259317,0.00357437,0.000396572,2.06608e-05,0.223058,0.182565,0.00117067,1.11864,66,7,0.991706,4.5603e-05
ERF_Log_File_20251020_1204.csv,sp,13,p02,4,1,filled_square,prism,CCS200_Spectrum_1445018668.csv,1.44502e+09,2.85456,0.000954549,0.904225,0.00282641,29.1752,0.85156,0.000125684,1.75146,1,0.00824918,1.75981e-05,0.853,0,6.35e-06,0.000289,8.31e-05,7.51e-06,0,6.93e-06,9.74151e-05,6.18e-05,2.89e-05,5.77e-06,2.54e-05,9.24e-06,1.59748e-05,4.04e-05,0.885786,0.000621965,205.98,0.13201,-0.000498008,0.000125673,0.000380124,0.000127283,0.00671204,0.00608581,-0.00636276,0.00608578,0.000629293,3.55078e-05,0.363668,0.432381,0.00199323,1.11864,66,7,0.992179,4.39913e-05
ERF_Log_File_20251020_1243.csv,sp,13,p02,4,1,filled_square,prism,CCS200_Spectrum_1445021013.csv,1.44502e+09,3.94722,0.000562083,0.642418,0.00156807,29.1819,0.924202,0.00012591,1.244,1,0.0100609,2.68929e-05,0.926,0,6.35e-06,0.000289,8.31e-05,7.51e-06,0,6.93e-06,0.000105715,6.18e-05,2.89e-05,5.77e-06,2.54e-05,9.24e-06,1.49804e-05,4.04e-05,0.889406,0.000469306,230.695,0.106724,-0.000417291,9.07972e-05,-0.000155619,9.25227e-05,-0.0112027,0.00538388,0.000138405,0.00538386,0.000205056,3.12722e-05,0.361799,0.349548,0.00176332,1.11864,66,7,0.992794,4.29613e-05
ERF_Log_File_20251020_1302.csv,sp,13,p02,4,1,filled_square,prism,CCS200_Spectrum_1445022186.csv,1.44502e+09,3.93873,0.000554551,0.642649,0.000789493,29.182,0.924313,0.000125921,1.07628,1,0.0100689,2.72649e-05,0.926,0,6.35e-06,0.000289,8.31e-05,7.51e-06,0,6.93e-06,0.000105726,6.18e-05,2.89e-05,5.77e-06,2.54e-05,9.24e-06,1.49726e-05,4.04e-05,0.889336,0.000468058,231.102,0.114614,-6.47677e-05,9.71358e-05,0.000111999,9.79276e-05,-0.00911885,0.00373691,-0.00424974,0.00373689,0.000177247,2.1875e-05,0.251542,0.375415,0.00122389,1.11864,66,7,0.992795,4.29567e-05
ERF_Log_File_20251020_1322.csv,sp,13,p02,4,1,filled_square,prism,CCS200_Spectrum_1445023359.csv,1.44502e+09,3.93542,0.000737752,0.643064,0.00110542,29.1873,0.924281,0.00012592,1.02547,1,0.0100892,2.72555e-05,0.926,0,6.35e-06,0.000289,8.31e-05,7.51e-06,0,6.93e-06,0.000105723,6.18e-05,2.89e-05,5.77e-06,2.54e-05,9.24e-06,1.49748e-05,4.04e-05,0.888524,0.000785915,231.61,0.19937,1.68839e-05,0.000168089,0.00028974,0.000168703,0.00096396,0.00431609,-0.00815656,0.00431607,-7.5362e-05,2.53412e-05,0.290905,0.652982,0.00141359,1.11864,66,7,0.992795,4.29178e-05
ERF_Log_File_20251020_1341.csv,sp,13,p02,4,1,filled_square,prism,CCS200_Spectrum_1445024532.csv,1.44503e+09,3.43729,0.000701919,0.309952,0.00298342,29.1861,0.400491,0.000125523,1.16321,1,0.00248671,5.8557e-06,0.401,0,6.35e-06,0.000289,8.31e-05,7.51e-06,0,6.93e-06,4.58375e-05,6.18e-05,2.89e-05,5.77e-06,2.54e-05,9.24e-06,6.519e-05,4.04e-05,0.856843,0.00171209,75.7357,0.0799103,-0.0011175,0.000209116,-6.58385e-06,0.000235706,-0.000107585,0.0359947,-0.00482325,0.0359946,-0.000631542,0.000191118,0.767268,0.258218,0.0118235,1.11832,66,7,0.984723,0.000116374
ERF_Log_File_20251020_1401.csv,sp,13,p02,4,1,filled_square,prism,CCS200_Spectrum_1445025704.csv,1.44503e+09,3.58109,0.00041131,0.335088,0.00109946,29.19,0.40694,0.000125573,0.977794,1,0.00242712,1.04336e-05,0.408,0,6.35e-06,0.000289,8.31e-05,7.51e-06,0,6.93e-06,4.65522e-05,6.18e-05,2.89e-05,5.77e-06,2.54e-05,9.24e-06,6.36583e-05,4.04e-05,0.872949,0.00119097,75.036,0.100044,-0.000510148,0.000260127,0.00100584,0.000260927,-0.00338703,0.00613709,-0.00502618,0.00613706,0.000728893,3.60479e-05,0.13166,0.327687,0.00201002,1.11864,66,7,0.984887,0.000115189
ERF_Log_File_20251020_1421.csv,sp,13,p02,4,1,filled_square,prism,CCS200_Spectrum_1445026878.csv,1.44503e+09,3.53363,0.000475282,0.331041,0.000851943,29.191,0.40694,0.000125561,1.01461,1,0.0024301,9.55882e-06,0.408,0,6.35e-06,0.000289,8.31e-05,7.51e-06,0,6.93e-06,4.65522e-05,6.18e-05,2.89e-05,5.77e-06,2.54e-05,9.24e-06,6.36583e-05,4.04e-05,0.875465,0.000677814,74.4197,0.0560793,-0.000362062,0.000147148,0.000333569,0.000147682,0.00437945,0.0037705,0.00711128,0.00377048,0.000204723,2.21396e-05,0.0804552,0.183686,0.00123489,1.11864,66,7,0.984887,0.000115521
ERF_Log_File_20251020_1440.csv,sp,13,p02,4,1,filled_square,prism,CCS200_Spectrum_1445028050.csv,1.44503e+09,3.52484,0.000468002,0.331771,0.000650213,29.1907,0.406984,0.000125543,1.26434,1,0.0024794,8.00752e-06,0.408,0,6.35e-06,0.000289,8.31e-05,7.51e-06,0,6.93e-06,4.65569e-05,6.18e-05,2.89e-05,5.77e-06,2.54e-05,9.24e-06,6.36478e-05,4.04e-05,0.879128,0.00122819,74.1904,0.10275,-0.00133851,0.000267649,0.000607204,0.000267953,0.00506542,0.00389368,-0.00434699,0.00389367,0.000199636,2.28996e-05,0.0831776,0.336494,0.00127529,1.11864,66,7,0.984888,0.000115982
ERF_Log_File_20251020_1500.csv,sp,13,p02,4,1,filled_square,prism,CCS200_Spectrum_1445029223.csv,1.44503e+09,3.94699,0.000532597,0.351948,0.000718155,29.1949,0.413644,0.000125524,1.223,1,0.00262778,5.9713e-06,0.415,0,6.35e-06,0.000289,8.31e-05,7.51e-06,0,6.93e-06,4.72755e-05,6.18e-05,2.89e-05,5.77e-06,2.54e-05,9.24e-06,6.2066e-05,4.04e-05,0.885693,0.00122052,79.6164,0.108345,-0.000318391,0.000264192,-0.00014924,0.000264634,-0.00831383,0.0046039,-0.00252411,0.00460388,-0.000503725,2.707e-05,0.106327,0.35486,0.00150783,1.11864,66,7,0.985056,0.000113485
ERF_Log_File_20251020_1519.csv,sp,13,p02,4,1,filled_square,prism,CCS200_Spectrum_1445030396.csv,1.44503e+09,4.21075,0.00111809,0.376407,0.00205128,29.1933,0.420689,0.00012553,0.772904,1,0.00272151,6.76849e-06,0.422,0,6.35e-06,0.000289,8.31e-05,7.51e-06,0,6.93e-06,4.81604e-05,6.18e-05,2.89e-05,5.77e-06,2.54e-05,9.24e-06,6.03928e-05,4.04e-05,0.892692,0.000461741,81.4523,0.0361912,-0.000629857,8.72416e-05,0.000297377,8.91846e-05,0.00306986,0.00561746,-0.0027087,0.00561744,0.0003171,3.25559e-05,0.133802,0.118434,0.00184018,1.11864,66,7,0.985231,0.000110971
ERF_Log_File_20251020_1558.csv,sp,13,p02,4,1,filled_square,prism,CCS200_Spectrum_1445032741.csv,1.44503e+09,3.75904,0.000507884,0.454405,0.000726459,29.1968,0.439684,0.000125533,0.891006,1,0.00297847,7.03753e-06,0.441,0,6.35e-06,0.000289,8.31e-05,7.51e-06,0,6.93e-06,5.03146e-05,6.18e-05,2.89e-05,5.77e-06,2.54e-05,9.24e-06,5.54515e-05,4.04e-05,0.900612,0.000817853,65.8817,0.0573392,-0.000125882,0.000170282,0.000349579,0.000171263,-0.0011697,0.00549826,-0.00503876,0.00549824,0.000279153,3.22364e-05,0.106845,0.187817,0.00180075,1.11864,66,7,0.985695,0.000103496
ERF_Log_File_20251020_1618.csv,sp,13,p02,4,1,filled_square,prism,CCS200_Spectrum_1445033914.csv,1.44503e+09,3.86641,0.00112781,0.512107,0.00675249,29.1968,0.452118,0.000125529,0.944426,1,0.00314569,6.62904e-06,0.454,0,6.35e-06,0.000289,8.31e-05,7.51e-06,0,6.93e-06,5.17462e-05,6.18e-05,2.89e-05,5.77e-06,2.54e-05,9.24e-06,5.24003e-05,4.04e-05,0.905449,0.00121668,63.782,0.0830566,0.000704371,0.000254442,0.00118573,0.000255527,0.0113066,0.0070318,0.00508586,0.00703176,-0.00127197,4.12681e-05,0.133002,0.272023,0.00230296,1.11864,66,7,0.98599,9.90707e-05
ERF_Log_File_20251020_1637.csv,sp,13,p02,4,1,filled_square,prism,CCS200_Spectrum_1445035087.csv,1.44504e+09,4.30962,0.00126838,0.594914,0.00481534,29.2006,0.465416,0.000125581,1.18763,1,0.00328825,1.10983e-05,0.467,0,6.35e-06,0.000289,8.31e-05,7.51e-06,0,6.93e-06,5.32691e-05,6.18e-05,2.89e-05,5.77e-06,2.54e-05,9.24e-06,5.05219e-05,4.04e-05,0.910641,0.00133336,67.0854,0.0957332,0.000591641,0.000278581,0.000429152,0.000279541,0.00117191,0.00695381,0.00268584,0.00695378,4.54782e-05,4.08319e-05,0.139134,0.313547,0.0022775,1.11864,66,7,0.986298,9.47204e-05
ERF_Log_File_20251020_1657.csv,sp,13,p02,4,1,filled_square,prism,CCS200_Spectrum_1445036259.csv,1.44504e+09,3.36081,0.000596941,0.796929,0.00326102,29.1993,0.478439,0.000125528,1.51309,1,0.00344305,6.56606e-06,0.481,0,6.35e-06,0.000289,8.31e-05,7.51e-06,0,6.93e-06,5.47641e-05,6.18e-05,2.89e-05,5.77e-06,2.54e-05,9.24e-06,4.85315e-05,4.04e-05,0.912356,0.00048034,100.686,0.0320741,0.000415374,6.29462e-05,-0.000277236,6.87854e-05,0.00292205,0.00889214,0.00588028,0.00889211,0.000124541,4.87366e-05,0.267533,0.105046,0.00291234,1.11864,66,7,0.986592,9.04834e-05
ERF_Log_File_20251020_1716.csv,sp,13,p02,4,1,filled_square,prism,CCS200_Spectrum_1445037432.csv,1.44504e+09,4.30905,0.000734649,0.898209,0.00503364,29.2023,0.494437,0.000125552,1.22476,1,0.00391125,9.02761e-06,0.496,0,6.35e-06,0.000289,8.31e-05,7.51e-06,0,6.93e-06,5.65549e-05,6.18e-05,2.89e-05,5.77e-06,2.54e-05,9.24e-06,4.55691e-05,4.04e-05,0.918105,0.00227901,61.6715,0.152628,-0.000300989,0.000465246,-0.00110157,0.000465438,-0.00345534,0.00407405,-0.000654977,0.00407404,-0.000215552,2.39725e-05,0.0755502,0.499899,0.00133431,1.11864,66,7,0.986943,8.60822e-05
ERF_Log_File_20251021_0909.csv,sp,13,p02,4,1,filled_square,prism,CCS200_Spectrum_1445094603.csv,1.4451e+09,3.83405,0.00112985,0.89505,0.00435405,29.1253,0.527058,0.000125509,1.55912,1,0.00252536,3.5921e-06,0.528,0,6.35e-06,0.000289,8.31e-05,7.51e-06,0,6.93e-06,6.02784e-05,6.18e-05,2.89e-05,5.77e-06,2.54e-05,9.24e-06,4.0937e-05,4.04e-05,0.920267,0.00064088,101.865,0.0633726,0.00073296,0.000122051,-0.000858212,0.000124013,-0.000183267,0.0066389,-0.00831759,0.00663887,-0.000212488,3.86407e-05,0.203834,0.207544,0.00217438,1.11864,66,7,0.987623,7.75756e-05
ERF_Log_File_20251021_0929.csv,sp,13,p02,4,1,filled_square,prism,CCS200_Spectrum_1445095776.csv,1.4451e+09,2.22524,0.00114565,0.90478,0.0032374,29.1309,0.545927,0.000125509,1.00594,1,0.00291294,3.68821e-06,0.545,0,6.35e-06,0.000289,8.31e-05,7.51e-06,0,6.93e-06,6.24549e-05,6.18e-05,2.89e-05,5.77e-06,2.54e-05,9.24e-06,3.8425e-05,4.04e-05,0.918636,0.00038497,141.307,0.050119,0.000263527,6.96592e-05,-0.000273205,7.13801e-05,0.00724789,0.00473495,0.00524668,0.00473492,0.000351049,2.7392e-05,0.201306,0.164154,0.00155078,1.11864,66,7,0.987994,7.31691e-05
ERF_Log_File_20251021_0948.csv,sp,13,p02,4,1,filled_square,prism,CCS200_Spectrum_1445096948.csv,1.4451e+09,2.58102,0.00124183,0.900002,0.00186883,29.1319,0.566156,0.000125507,2.08799,1,0.00318826,3.29035e-06,0.564,0,6.35e-06,0.000289,8.31e-05,7.51e-06,0,6.93e-06,6.47857e-05,6.18e-05,2.89e-05,5.77e-06,2.54e-05,9.24e-06,3.55739e-05,4.04e-05,0.919597,0.000376418,156.342,0.0562396,0.000272951,7.05976e-05,-2.22808e-05,7.19125e-05,-0.00461372,0.00414345,-0.00552025,0.00414343,4.06254e-05,2.40719e-05,0.195105,0.184197,0.00135705,1.11864,66,7,0.988375,6.91988e-05
ERF_Log_File_20251021_1107.csv,sp,13,p02,4,1,filled_square,prism,CCS200_Spectrum_1445101681.csv,1.4451e+09,3.08002,0.000205675,0.911905,0.00784631,29.1377,0.56649,0.000125511,0.978369,1,0.003106,4.15149e-06,0.564,0,6.35e-06,0.000289,8.31e-05,7.51e-06,0,6.93e-06,6.48225e-05,6.18e-05,2.89e-05,5.77e-06,2.54e-05,9.24e-06,3.55262e-05,4.04e-05,0.919598,0.00016159,162.761,0.0285028,0.000204345,3.30822e-05,-0.00013411,3.30973e-05,4.74036e-05,0.000307135,0.000299485,0.000307134,6.19385e-06,1.80715e-06,0.0151114,0.0917946,0.000100962,1.11769,66,7,0.988381,6.91365e-05
ERF_Log_File_20251021_1127.csv,sp,13,p02,4,1,filled_square,prism,CCS200_Spectrum_1445102866.csv,1.4451e+09,2.90368,0.00023733,0.525748,0.00201899,29.1349,0.739733,0.000125588,1.74785,1,0.00597698,1.18491e-05,0.74,0,6.35e-06,0.000289,8.31e-05,7.51e-06,0,6.93e-06,8.45843e-05,6.18e-05,2.89e-05,5.77e-06,2.54e-05,9.24e-06,2.15445e-05,4.04e-05,0.902106,0.000456963,194.007,0.0982054,-0.000166975,8.45919e-05,6.62976e-05,8.46003e-05,-0.000325156,0.000403896,-0.000847405,0.000403894,7.94795e-06,2.37713e-06,0.0231917,0.319121,0.000132513,1.11854,66,7,0.990991,4.89395e-05
ERF_Log_File_20251021_1155.csv,sp,13,p02,4,1,filled_square,prism,CCS200_Spectrum_1445104570.csv,1.44511e+09,2.26902,0.000196387,0.910603,0.00640715,29.1372,0.584185,0.000125512,0.964356,1,0.00347137,4.1998e-06,0.583,0,6.35e-06,0.000289,8.31e-05,7.51e-06,0,6.93e-06,6.68411e-05,6.18e-05,2.89e-05,5.77e-06,2.54e-05,9.24e-06,3.29975e-05,4.04e-05,0.919339,0.000233991,114.481,0.0290199,0.000157414,4.81697e-05,-9.55308e-05,4.81958e-05,0.000176904,0.000485451,0.000274435,0.000485448,-9.34089e-06,2.85624e-06,0.0167337,0.0950448,0.000158994,1.11864,66,7,0.988699,6.59863e-05
ERF_Log_File_20251021_1215.csv,sp,13,p02,4,1,filled_square,prism,CCS200_Spectrum_1445105743.csv,1.44511e+09,2.37705,9.64689e-05,0.591688,0.00269823,29.1379,0.947837,0.000125744,1.01932,1,0.0109733,2.10338e-05,0.95,0,6.35e-06,0.000289,8.31e-05,7.51e-06,0,6.93e-06,0.000108434,6.18e-05,2.89e-05,5.77e-06,2.54e-05,9.24e-06,1.33238e-05,4.04e-05,0.891443,7.28713e-05,303.56,0.0246067,-0.000278578,1.56567e-05,0.000125587,1.56742e-05,-0.000629912,0.00022402,-0.00036651,0.000224019,-2.68908e-05,1.31753e-06,0.0198631,0.0804358,7.34022e-05,1.11859,66,7,0.992972,4.28025e-05
ERF_Log_File_20251021_1235.csv,sp,13,p02,4,1,filled_square,prism,CCS200_Spectrum_1445106916.csv,1.44511e+09,2.63254,0.000134006,0.777376,0.000832497,29.1372,0.879167,0.000125927,1.13572,1,0.00886327,2.70143e-05,0.88,0,6.35e-06,0.000289,8.31e-05,7.51e-06,0,6.93e-06,0.000100559,6.18e-05,2.89e-05,5.77e-06,2.54e-05,9.24e-06,1.63748e-05,4.04e-05,0.886854,0.000720171,192.047,0.155925,-8.25056e-05,9.99775e-05,0.000103544,9.99803e-05,-0.00107933,0.000321105,-0.000587631,0.000321103,2.54556e-06,1.88975e-06,0.0179118,0.510693,0.000105167,1.11864,66,7,0.992426,4.34961e-05
ERF_Log_File_20251021_1311.csv,sp,13,p02,4,1,filled_square,prism,CCS200_Spectrum_1445109094.csv,1.44511e+09,3.35145,0.00015764,0.895862,0.000600027,29.1382,0.826394,0.00012568,1.68449,1,0.00769572,1.73134e-05,0.828,0,6.35e-06,0.000289,8.31e-05,7.51e-06,0,6.93e-06,9.45085e-05,6.18e-05,2.89e-05,5.77e-06,2.54e-05,9.24e-06,1.75677e-05,4.04e-05,0.889719,0.00012109,197.576,0.0267821,-0.000397356,2.57512e-05,0.000149672,2.57649e-05,-0.000980527,0.000258368,-0.000226265,0.000258366,8.40268e-06,1.52011e-06,0.0149576,0.0854945,8.50892e-05,1.11506,66,7,0.99194,4.48133e-05
ERF_Log_File_20251021_1403.csv,sp,13,p02,4,1,filled_square,prism,CCS200_Spectrum_1445112215.csv,1.44511e+09,3.35614,0.000160158,0.8966,0.000556375,29.1429,0.826436,0.000125647,1.22296,1,0.00772716,1.5632e-05,0.828,0,6.35e-06,0.000289,8.31e-05,7.51e-06,0,6.93e-06,9.45132e-05,6.18e-05,2.89e-05,5.77e-06,2.54e-05,9.24e-06,1.75648e-05,4.04e-05,0.890001,0.000131903,197.767,0.0291679,-0.000274131,2.817e-05,0.000136275,2.81871e-05,-0.000470505,0.000309186,-0.000569007,0.000309184,-1.30555e-05,1.76418e-06,0.0178584,0.0946886,0.000101461,1.11804,66,7,0.99194,4.48264e-05
ERF_Log_File_20251021_1424.csv,sp,13,p02,4,1,filled_square,prism,CCS200_Spectrum_1445113514.csv,1.44511e+09,3.35289,0.000191179,0.895732,0.00112265,29.1443,0.826386,0.000125671,1.2093,1,0.00770112,1.68559e-05,0.828,0,6.35e-06,0.000289,8.31e-05,7.51e-06,0,6.93e-06,9.45077e-05,6.18e-05,2.89e-05,5.77e-06,2.54e-05,9.24e-06,1.75682e-05,4.04e-05,0.889602,0.000176013,197.663,0.0389821,-0.000295428,3.71859e-05,9.62514e-05,3.72001e-05,-9.17169e-05,0.000337298,-0.00115667,0.000337296,-4.58632e-06,1.8684e-06,0.0194366,0.127342,0.000110535,1.11856,66,7,0.991939,4.48076e-05
ERF_Log_File_20251021_1445.csv,sp,13,p02,4,1,filled_square,prism,CCS200_Spectrum_1445114747.csv,1.44512e+09,4.76124,0.000287305,0.902864,0.000650561,29.1463,0.606274,0.000125511,1.54352,1,0.00388355,4.16377e-06,0.604,0,6.35e-06,0.000289,8.31e-05,7.51e-06,0,6.93e-06,6.93222e-05,6.18e-05,2.89e-05,5.77e-06,2.54e-05,9.24e-06,3.03202e-05,4.04e-05,0.919017,0.000329042,91.4507,0.0326968,7.12472e-05,6.42869e-05,-0.000195711,6.42979e-05,0.000303356,0.000402161,-0.000503524,0.000402159,-1.89393e-06,2.22787e-06,0.0110725,0.106977,0.000131746,1.11864,66,7,0.989079,6.25258e-05
ERF_Log_File_20251021_1506.csv,sp,13,p02,4,1,filled_square,prism,CCS200_Spectrum_1445115980.csv,1.44512e+09,4.0925,0.000262435,0.396137,0.00274486,29.1518,0.42794,0.000125528,1.16211,1,0.00284063,6.51376e-06,0.429,0,6.35e-06,0.000289,8.31e-05,7.51e-06,0,6.93e-06,4.89724e-05,6.18e-05,2.89e-05,5.77e-06,2.54e-05,9.24e-06,5.85845e-05,4.04e-05,0.898986,0.000291299,66.2199,0.0211839,-0.000374639,6.21164e-05,0.000272005,6.22102e-05,-0.00103813,0.00109284,-0.00242962,0.00109284,-1.42357e-05,6.0489e-06,0.0213083,0.0693675,0.000357938,1.11864,66,7,0.98541,0.000108397
ERF_Log_File_20251021_1526.csv,sp,13,p02,4,1,filled_square,prism,CCS200_Spectrum_1445117212.csv,1.44512e+09,4.78702,0.000390805,0.908868,0.0056664,29.1536,0.494455,0.000125529,0.95179,1,0.00388718,6.69751e-06,0.496,0,6.35e-06,0.000289,8.31e-05,7.51e-06,0,6.93e-06,5.65572e-05,6.18e-05,2.89e-05,5.77e-06,2.54e-05,9.24e-06,4.55658e-05,4.04e-05,0.913882,0.000426754,61.2464,0.0285625,0.00043674,8.34016e-05,-2.64713e-05,8.34147e-05,0.00212489,0.000507549,0.000899648,0.000507547,2.25369e-05,2.81156e-06,0.00930431,0.0935501,0.000166232,1.11864,66,7,0.986944,8.5681e-05
ERF_Log_File_20251021_1547.csv,sp,13,p02,4,1,filled_square,prism,CCS200_Spectrum_1445118445.csv,1.44512e+09,4.28638,0.000289325,0.906914,0.0008878,29.1557,0.513232,0.000125576,0.911948,1,0.00391871,1.08972e-05,0.512,0,6.35e-06,0.000289,8.31e-05,7.51e-06,0,6.93e-06,5.87187e-05,6.18e-05,2.89e-05,5.77e-06,2.54e-05,9.24e-06,4.27776e-05,4.04e-05,0.917485,0.000709581,52.1824,0.0403409,0.000405687,0.00011837,-0.000198688,0.000118376,0.000380767,0.000473456,0.0010468,0.000473455,6.76988e-06,2.62301e-06,0.00742418,0.132114,0.000155069,1.11864,66,7,0.98734,8.08016e-05
ERF_Log_File_20251021_1607.csv,sp,13,p02,4,1,filled_square,prism,CCS200_Spectrum_1445119678.csv,1.44512e+09,3.90827,0.000161214,0.301279,0.00193714,29.1602,0.392702,0.000125527,1.32268,1,0.00241697,6.31195e-06,0.393,0,6.35e-06,0.000289,8.31e-05,7.51e-06,0,6.93e-06,4.49445e-05,6.18e-05,2.89e-05,5.77e-06,2.54e-05,9.24e-06,7.32952e-05,4.04e-05,0.836824,0.000307965,79.3987,0.0290701,-0.000489986,7.00292e-05,0.000310259,7.00716e-05,0.00112122,0.000789179,-0.00176721,0.000789176,1.44869e-05,4.37112e-06,0.0171735,0.0952111,0.000258471,1.11864,66,7,0.984522,0.000117773
ERF_Log_File_20251021_1628.csv,sp,13,p02,4,1,filled_square,prism,CCS200_Spectrum_1445120911.csv,1.44512e+09,3.64019,9.47497e-05,0.301364,0.00035446,29.1611,0.38667,0.000125529,1.02996,1,0.00244076,6.54223e-06,0.387,0,6.35e-06,0.000289,8.31e-05,7.51e-06,0,6.93e-06,4.42211e-05,6.18e-05,2.89e-05,5.77e-06,2.54e-05,9.24e-06,7.98976e-05,4.04e-05,0.800216,0.000361096,77.6161,0.0349224,-0.000413953,8.44696e-05,0.000158301,8.44985e-05,2.39279e-05,0.000728688,-0.00039345,0.000728684,8.00963e-06,4.03626e-06,0.014823,0.114377,0.000238659,1.11864,66,7,0.984366,0.000115841
ERF_Log_File_20251021_1648.csv,sp,13,p02,4,1,filled_square,prism,CCS200_Spectrum_1445122145.csv,1.44512e+09,3.27048,0.000109766,0.298167,0.000154612,29.163,0.380492,0.000125519,1.29363,1,0.00230081,5.36397e-06,0.381,0,6.35e-06,0.000289,8.31e-05,7.51e-06,0,6.93e-06,4.3521e-05,6.18e-05,2.89e-05,5.77e-06,2.54e-05,9.24e-06,8.66602e-05,4.04e-05,0.741361,0.000312099,73.6776,0.0309037,-0.000568495,7.94295e-05,0.000293008,7.94637e-05,-0.000863287,0.000761616,-0.00137507,0.000761613,-1.59981e-05,4.21911e-06,0.0136651,0.0998654,0.000250176,1.11772,66,7,0.984204,0.000110527
ERF_Log_File_20251021_1709.csv,sp,13,p02,4,1,filled_square,prism,CCS200_Spectrum_1445123378.csv,1.44512e+09,2.91531,9.22094e-05,0.291651,0.000137402,29.167,0.373519,0.000125517,1.13387,1,0.0022498,5.02252e-06,0.374,0,6.35e-06,0.000289,8.31e-05,7.51e-06,0,6.93e-06,4.2704e-05,6.18e-05,2.89e-05,5.77e-06,2.54e-05,9.24e-06,9.21003e-05,4.04e-05,0.649788,0.000330568,69.7479,0.0353765,-0.000408319,9.53443e-05,0.000112167,9.5378e-05,-6.22304e-05,0.000834432,-0.000305571,0.000834428,-5.55453e-06,4.62247e-06,0.0124939,0.111209,0.000275673,1.11569,66,7,0.984021,0.00010022
ERF_Log_File_20251021_1729.csv,sp,13,p02,4,1,filled_square,prism,CCS200_Spectrum_1445124611.csv,1.44513e+09,2.63208,0.000108324,0.286414,0.000156554,29.167,0.36766,0.000125518,1.00976,1,0.00220713,5.19209e-06,0.368,0,6.35e-06,0.000289,8.31e-05,7.51e-06,0,6.93e-06,4.20666e-05,6.18e-05,2.89e-05,5.77e-06,2.54e-05,9.24e-06,8.98417e-05,4.04e-05,0.579784,0.000190767,64.467,0.0211232,-0.000347613,6.23169e-05,0.000357056,6.23477e-05,0.000506913,0.000636591,-0.00011918,0.000636589,-1.2208e-05,3.52563e-06,0.00790379,0.0645673,0.000211461,1.1091,66,7,0.983865,9.20632e-05
ERF_Log_File_20251021_1750.csv,sp,13,p02,4,1,filled_square,prism,CCS200_Spectrum_1445125845.csv,1.44513e+09,4.34912,0.000815112,0.279933,0.000614775,29.1686,0.362777,0.000125523,1.09082,1,0.00217219,5.87978e-06,0.363,0,6.35e-06,0.000289,8.31e-05,7.51e-06,0,6.93e-06,4.15069e-05,6.18e-05,2.89e-05,5.77e-06,2.54e-05,9.24e-06,8.79592e-05,4.04e-05,0.50848,0.000348898,53.1456,0.0344356,-0.000210412,0.000126856,3.15153e-05,0.00012774,0.00799743,0.00478582,-0.00799026,0.0047858,-5.35521e-05,2.63915e-05,0.0423578,0.112761,0.00156743,1.11864,66,7,0.983735,8.2759e-05
ERF_Log_File_20251021_1811.csv,sp,13,p02,4,1,filled_square,prism,CCS200_Spectrum_1445127080.csv,1.44513e+09,3.74572,0.000204923,0.274308,0.000387124,29.1723,0.356982,0.000125518,1.17491,1,0.00213838,5.20905e-06,0.357,0,6.35e-06,0.000289,8.31e-05,7.51e-06,0,6.93e-06,4.0826e-05,6.18e-05,2.89e-05,5.77e-06,2.54e-05,9.24e-06,8.57253e-05,4.04e-05,0.394263,0.000192939,44.6976,0.0214311,-0.000350832,9.3462e-05,0.00020163,9.36878e-05,0.00206998,0.00207568,0.000756845,0.00207567,1.59302e-05,1.14805e-05,0.0119834,0.0701049,0.000680004,1.11863,66,7,0.98358,6.61113e-05
ERF_Log_File_20251021_1831.csv,sp,13,p02,4,1,filled_square,prism,CCS200_Spectrum_1445128316.csv,1.44513e+09,3.31009,0.000260503,0.267987,0.000332808,29.1718,0.351066,0.000125519,1.01116,1,0.00209632,5.36672e-06,0.351,0,6.35e-06,0.000289,8.31e-05,7.51e-06,0,6.93e-06,4.01335e-05,6.18e-05,2.89e-05,5.77e-06,2.54e-05,9.24e-06,8.34447e-05,4.04e-05,0.257166,0.00024503,38.5756,0.0366159,-0.000128138,0.000179977,-0.000181318,0.000180057,0.00569044,0.00175622,-0.00204268,0.00175622,2.34571e-05,9.72741e-06,0.00570486,0.120046,0.000575068,1.11864,66,7,0.983422,4.44814e-05
ERF_Log_File_20251021_1852.csv,sp,13,p02,4,1,filled_square,prism,CCS200_Spectrum_1445129553.csv,1.44513e+09,2.92838,0.000201163,0.274865,0.000162507,29.1735,0.346059,0.000125531,1.05871,1,0.00209283,6.79656e-06,0.346,0,6.35e-06,0.000289,8.31e-05,7.51e-06,0,6.93e-06,3.95835e-05,6.18e-05,2.89e-05,5.77e-06,2.54e-05,9.24e-06,8.37e-05,4.04e-05,0.148512,8.6172e-05,33.745,0.0179121,8.12705e-06,0.000104032,0.00016477,0.000105185,-0.000302227,0.00496739,0.0106531,0.00496737,-1.68062e-05,2.73157e-05,0.00815333,0.0586485,0.00162691,1.11864,66,7,0.983287,2.63849e-05
ERF_Log_File_20251021_1912.csv,sp,13,p02,4,1,filled_square,prism,CCS200_Spectrum_1445130792.csv,1.44513e+09,2.63341,0.000170154,0.288396,0.000208052,29.1764,0.34016,0.000125541,1.04822,1,0.00209231,7.78213e-06,0.34,0,6.35e-06,0.000289,8.31e-05,7.51e-06,0,6.93e-06,3.89176e-05,6.18e-05,2.89e-05,5.77e-06,2.54e-05,9.24e-06,8.46976e-05,4.04e-05,0.0561111,8.20067e-05,30.0973,0.0388059,0.000151837,0.000252863,-9.32444e-05,0.000256916,-0.015271,0.0145869,0.00107981,0.0145868,-8.04427e-05,7.99358e-05,0.00806821,0.127036,0.00477745,1.11864,66,7,0.983128,1.0294e-05
ERF_Log_File_20251021_1933.csv,sp,13,p02,4,1,filled_square,prism,CCS200_Spectrum_1445132033.csv,1.44513e+09,2.77737,0.000220829,0.306506,0.000417566,29.1757,0.334893,0.000125542,0.986697,1,0.00204174,7.93255e-06,0.335,0,6.35e-06,0.000289,8.31e-05,7.51e-06,0,6.93e-06,3.83482e-05,6.18e-05,2.89e-05,5.77e-06,2.54e-05,9.24e-06,8.55883e-05,4.04e-05,0.0137727,3.09966e-05,31.63,0.0263698,-0.000108164,0.000165512,0.000435584,0.000201065,0.10068,0.0443243,0.0792939,0.044324,4.59804e-05,0.000200568,0.00632962,0.0854513,0.0145299,1.11861,66,7,0.982985,2.60162e-06
ERF_Log_File_20251021_1954.csv,sp,13,p02,4,1,filled_square,prism,CCS200_Spectrum_1445133281.csv,1.44513e+09,2.48182,0.000258592,0.344459,0.000374124,29.1785,0.326949,0.000125627,1.14688,1,0.00205942,1.373e-05,0.327,0,6.35e-06,0.000289,8.31e-05,7.51e-06,0,6.93e-06,3.74384e-05,6.18e-05,2.89e-05,5.77e-06,2.54e-05,9.24e-06,8.69316e-05,4.04e-05,0.0031154,3.08198e-05,28.0439,0.0261077,0.000138339,0.000188424,-0.000493134,0.000280089,-0.330346,0.20895,0.0432367,0.208925,-0.000924821,0.000364126,0.00597922,0.0839416,0.0684392,1.11864,66,7,0.98277,6.15614e-07
ERF_Log_File_20251021_2015.csv,sp,13,p02,4,1,filled_square,prism,CCS200_Spectrum_1445134554.csv,1.44514e+09,3.00258,0.000287748,0.430791,0.000306968,29.1811,0.311166,0.000127548,0.464093,1,0.00182729,5.52401e-05,0.312,0,6.35e-06,0.000289,8.31e-05,7.51e-06,0,6.93e-06,3.55731e-05,6.18e-05,2.89e-05,5.77e-06,2.54e-05,9.24e-06,0.000107262,4.04e-05,0.00998197,7.76271e-05,13.2067,0.0248259,0.000565476,0.000376174,4.93392e-05,0.00050261,-0.130898,0.160011,-0.0551825,0.160008,-0.00078935,0.000585486,0.00690889,0.0803745,0.0524052,1.11864,66,7,0.982345,2.16509e-06
ERF_Log_File_20251021_2036.csv,sp,13,p02,4,1,filled_square,prism,CCS200_Spectrum_1445135827.csv,1.44514e+09,3.16736,0.000715497,0.538918,0.00103108,29.1806,0.302761,0.000133397,0.24555,1,0.00192619,0.000109972,0.304,0,6.35e-06,0.000289,8.31e-05,7.51e-06,0,6.93e-06,3.46743e-05,6.18e-05,2.89e-05,5.77e-06,2.54e-05,9.24e-06,0.000119414,4.04e-05,0.0101253,7.06262e-05,13.7134,0.0290631,0.000660124,0.000422297,-0.000305014,0.000537443,0.0556143,0.140891,0.0569034,0.140891,-0.000759464,0.000584291,0.00640762,0.0943154,0.0461448,1.11864,66,7,0.982121,2.31266e-06
ERF_Log_File_20251021_2058.csv,sp,13,p02,4,1,filled_square,prism,CCS200_Spectrum_1445137101.csv,1.44514e+09,4.04148,0.000716014,0.39852,0.000820128,29.1839,0.289103,0.000138866,0.181085,1,0.00173292,0.00014411,0.29,0,6.35e-06,0.000289,8.31e-05,7.51e-06,0,6.93e-06,3.30743e-05,6.18e-05,2.89e-05,5.77e-06,2.54e-05,9.24e-06,0.000123406,4.04e-05,0.0112982,0.00013257,9.2188,0.0779214,0.00172403,0.00166127,-0.000266657,0.00174213,-0.116947,0.172477,0.39429,0.172504,-0.000696335,0.000922717,0.00588361,0.254784,0.0564837,1.11864,66,7,0.981761,2.81509e-06
ERF_Log_File_20251021_2119.csv,sp,13,p02,4,1,filled_square,prism,CCS200_Spectrum_1445138374.csv,1.44514e+09,4.29577,0.000723774,0.401416,0.00126853,29.1851,0.28215,0.000130581,0.301744,1,0.00178437,8.7603e-05,0.283,0,6.35e-06,0.000289,8.31e-05,7.51e-06,0,6.93e-06,3.22888e-05,6.18e-05,2.89e-05,5.77e-06,2.54e-05,9.24e-06,0.000123406,4.04e-05,0.0166943,0.000101183,9.89324,0.0326487,0.00076961,0.000650727,0.000396127,0.000721666,0.0358751,0.107726,0.186036,0.10773,-0.00120149,0.000547839,0.00582777,0.106501,0.03528,1.11864,66,7,0.981582,4.35428e-06
ERF_Log_File_20251021_2140.csv,sp,13,p02,4,1,filled_square,prism,CCS200_Spectrum_1445139647.csv,1.44514e+09,3.33347,0.000814086,0.41086,0.00629048,29.1842,0.274139,0.00012988,0.323431,1,0.00168857,8.10996e-05,0.275,0,6.35e-06,0.000289,8.31e-05,7.51e-06,0,6.93e-06,3.14084e-05,6.18e-05,2.89e-05,5.77e-06,2.54e-05,9.24e-06,0.000123406,4.04e-05,0.0313161,0.000172904,7.46079,0.0305631,0.000756489,0.000804639,-1.21721e-06,0.000839615,-0.039394,0.0784284,-0.11709,0.0784291,-0.00123621,0.000421291,0.00600151,0.0999256,0.0256832,1.11864,66,7,0.981379,8.6205e-06
ERF_Log_File_20251022_0839.csv,sp,13,p02,4,1,filled_square,prism,CCS200_Spectrum_1445179189.csv,1.44518e+09,3.14483,0.00117533,0.405759,0.00348067,29.1044,0.274133,0.000130147,0.307022,1,0.00168059,8.35677e-05,0.275,0,6.35e-06,0.000289,8.31e-05,7.51e-06,0,6.93e-06,3.14077e-05,6.18e-05,2.89e-05,5.77e-06,2.54e-05,9.24e-06,0.000123406,4.04e-05,0.0310159,0.000224385,7.0195,0.029324,0.000522593,0.000823266,-0.000620658,0.000901236,0.0773178,0.12519,-0.16967,0.125193,-0.000510061,0.000644709,0.00892679,0.0957591,0.0409994,1.11864,66,7,0.981379,8.5382e-06
ERF_Log_File_20251022_1058.csv,sp,13,p02,4,1,filled_square,prism,CCS200_Spectrum_1445187512.csv,1.44519e+09,2.40101,0.000217343,0.690201,0.000825349,29.1045,0.900282,0.000125855,1.29055,1,0.00946824,2.48458e-05,0.903,0,6.35e-06,0.000289,8.31e-05,7.51e-06,0,6.93e-06,0.000103032,6.18e-05,2.89e-05,5.77e-06,2.54e-05,9.24e-06,1.66569e-05,4.04e-05,0.888698,8.10674e-05,202.242,0.0182159,-0.000286706,1.74876e-05,0.000103888,1.75137e-05,-0.000136518,0.000306178,-0.000494723,0.000306176,2.10382e-05,1.69448e-06,0.0180337,0.0595045,0.000100337,1.1185,66,7,0.992604,4.32457e-05
ERF_Log_File_20251022_1118.csv,sp,13,p02,4,1,filled_square,prism,CCS200_Spectrum_1445188745.csv,1.44519e+09,4.65537,0.000315555,0.366454,0.00213749,29.1037,0.418823,0.000125526,1.19424,1,0.00269149,6.19902e-06,0.42,0,6.35e-06,0.000289,8.31e-05,7.51e-06,0,6.93e-06,4.79533e-05,6.18e-05,2.89e-05,5.77e-06,2.54e-05,9.24e-06,6.08359e-05,4.04e-05,0.892779,0.000383869,76.3954,0.0318198,-0.000476535,8.13928e-05,0.000196358,8.17012e-05,-0.0018217,0.00226256,-0.00245431,0.00226255,0.000232454,1.25017e-05,0.0505413,0.104219,0.000741047,1.11864,66,7,0.985185,0.000111864
ERF_Log_File_20251022_1139.csv,sp,13,p02,4,1,filled_square,prism,CCS200_Spectrum_1445189978.csv,1.44519e+09,4.32899,0.000307968,0.516662,0.000854139,29.1037,0.45211,0.000125531,1.20452,1,0.00315299,6.92118e-06,0.454,0,6.35e-06,0.000289,8.31e-05,7.51e-06,0,6.93e-06,5.17455e-05,6.18e-05,2.89e-05,5.77e-06,2.54e-05,9.24e-06,5.24014e-05,4.04e-05,0.90649,0.000524878,61.3,0.0354319,0.00016097,0.00010562,-0.000200005,0.000105642,0.000611007,0.000726246,-0.000170253,0.000726242,4.06904e-05,4.02245e-06,0.0132012,0.116685,0.00023757,1.11855,66,7,0.98599,9.91875e-05
ERF_Log_File_20251022_1159.csv,sp,13,p02,4,1,filled_square,prism,CCS200_Spectrum_1445191210.csv,1.44519e+09,3.12265,0.000318162,0.904356,0.00332304,29.1087,0.509281,0.000125548,1.41688,1,0.00374497,8.60093e-06,0.51,0,6.35e-06,0.000289,8.31e-05,7.51e-06,0,6.93e-06,5.82612e-05,6.18e-05,2.89e-05,5.77e-06,2.54e-05,9.24e-06,4.33035e-05,4.04e-05,0.917661,0.000261146,75.8083,0.0214884,0.000319661,5.38142e-05,-0.000396559,5.38393e-05,0.000268426,0.00053483,0.000179437,0.000534828,3.06336e-05,2.96197e-06,0.0121963,0.0701047,0.000175319,1.11852,66,7,0.987258,8.18638e-05
ERF_Log_File_20251022_1220.csv,sp,13,p02,4,1,filled_square,prism,CCS200_Spectrum_1445192443.csv,1.44519e+09,2.95335,0.00015232,0.89802,0.00118234,29.1133,0.529487,0.000125511,1.63511,1,0.0026628,3.9576e-06,0.53,0,6.35e-06,0.000289,8.31e-05,7.51e-06,0,6.93e-06,6.05982e-05,6.18e-05,2.89e-05,5.77e-06,2.54e-05,9.24e-06,4.06135e-05,4.04e-05,0.918765,0.000162613,170.037,0.0299675,0.000319525,3.35349e-05,-0.000236125,3.35517e-05,0.0001213,0.000345041,0.000623634,0.00034504,2.31186e-05,1.91082e-06,0.0176672,0.0978291,0.00011309,1.11854,66,7,0.987671,7.68673e-05
ERF_Log_File_20251022_1241.csv,sp,13,p02,4,1,filled_square,prism,CCS200_Spectrum_1445193675.csv,1.44519e+09,2.56563,0.000137223,0.897723,0.000343714,29.1154,0.551764,0.000125516,0.897239,1,0.00298936,4.95061e-06,0.55,0,6.35e-06,0.000289,8.31e-05,7.51e-06,0,6.93e-06,6.3087e-05,6.18e-05,2.89e-05,5.77e-06,2.54e-05,9.24e-06,3.76307e-05,4.04e-05,0.920155,0.000133744,139.371,0.0201825,0.000254413,2.74365e-05,-7.22668e-05,2.74485e-05,9.30634e-05,0.000264864,-0.000233419,0.000264863,1.39105e-05,1.46686e-06,0.0111248,0.0661014,8.67483e-05,1.11864,66,7,0.988106,7.20673e-05
ERF_Log_File_20251022_1301.csv,sp,13,p02,4,1,filled_square,prism,CCS200_Spectrum_1445194908.csv,1.4452e+09,3.46067,0.00018507,0.864744,0.00296731,29.1217,0.803385,0.000125634,1.14499,1,0.00719847,1.48224e-05,0.804,0,6.35e-06,0.000289,8.31e-05,7.51e-06,0,6.93e-06,9.18557e-05,6.18e-05,2.89e-05,5.77e-06,2.54e-05,9.24e-06,1.91423e-05,4.04e-05,0.892281,0.0001817,200.106,0.0406712,-0.0003046,3.73317e-05,5.85977e-05,3.73401e-05,-0.000119518,0.000265936,-0.000347918,0.000265935,-2.69927e-06,1.47301e-06,0.0155516,0.133205,8.7099e-05,1.11864,66,7,0.991707,4.56431e-05
ERF_Log_File_20251022_1322.csv,sp,13,p02,4,1,filled_square,prism,CCS200_Spectrum_1445196141.csv,1.4452e+09,3.08973,0.000263853,0.896793,0.000540687,29.1257,0.851589,0.000125669,1.28123,1,0.0082776,1.68764e-05,0.853,0,6.35e-06,0.000289,8.31e-05,7.51e-06,0,6.93e-06,9.74183e-05,6.18e-05,2.89e-05,5.77e-06,2.54e-05,9.24e-06,1.59752e-05,4.04e-05,0.888236,0.000177607,195.057,0.0386799,-0.000351642,3.82914e-05,0.000136766,3.83288e-05,0.00030785,0.000544038,-0.000704609,0.000544036,-6.00446e-06,3.01173e-06,0.0308723,0.126662,0.000178189,1.11864,66,7,0.99218,4.41123e-05
ERF_Log_File_20260205_1018.csv,sp,13,p02,5,2,filled_square,prism,CCS200_Spectrum_1454347098.csv,1.45435e+09,2.6451,6.32716e-05,0.644128,0.00100819,29.0386,0.926215,0.000125788,1.04606,1,0.0103809,2.26756e-05,0.926,0,6.35e-06,0.000289,8.31e-05,7.51e-06,0,6.93e-06,0.000105924,6.18e-05,2.89e-05,5.77e-06,2.54e-05,9.24e-06,1.48393e-05,4.04e-05,0.890135,9.74104e-05,270.787,0.029482,-0.000248543,2.08214e-05,0.000129519,2.0834e-05,-2.85025e-05,0.000233912,-0.00044684,0.000233912,4.6339e-05,1.2953e-06,0.0184624,0.0966463,7.65961e-05,1.11864,66,7,0.99281,4.2973e-05
ERF_Log_File_20260205_1148.csv,sp,13,p02,5,2,filled_square,prism,CCS200_Spectrum_1454352501.csv,1.45435e+09,3.19269,0.000113796,0.777742,0.00161589,29.034,0.88099,0.000126,0.978401,1,0.00908828,2.93647e-05,0.88,0,6.35e-06,0.000289,8.31e-05,7.51e-06,0,6.93e-06,0.00010077,6.18e-05,2.89e-05,5.77e-06,2.54e-05,9.24e-06,1.64012e-05,4.04e-05,0.888006,9.1011e-05,232.935,0.0237278,-0.000254579,1.95603e-05,-1.3306e-06,1.95743e-05,-0.00028245,0.000239478,-0.000754059,0.000239477,-1.06425e-05,1.32598e-06,0.0162262,0.0776613,7.84449e-05,1.11863,66,7,0.992442,4.35208e-05
ERF_Log_File_20260205_1238.csv,sp,13,p02,5,2,filled_square,prism,CCS200_Spectrum_1454355522.csv,1.45436e+09,3.80131,0.000178189,0.894584,0.00100654,29.0404,0.853145,0.000125698,1.43013,1,0.00844532,1.83247e-05,0.853,0,6.35e-06,0.000289,8.31e-05,7.51e-06,0,6.93e-06,9.75945e-05,6.18e-05,2.89e-05,5.77e-06,2.54e-05,9.24e-06,1.59978e-05,4.04e-05,0.888878,9.3225e-05,239.138,0.0247436,-0.000294372,2.01018e-05,0.000119501,2.01339e-05,-0.000425436,0.000363212,-0.000842176,0.00036321,-1.70766e-05,2.00988e-06,0.0253344,0.0803406,0.000119184,1.11774,66,7,0.992194,4.411e-05
ERF_Log_File_20260205_1259.csv,sp,13,p02,5,2,filled_square,prism,CCS200_Spectrum_1454356756.csv,1.45436e+09,4.00494,0.000343775,0.896874,0.000669038,29.0441,0.827795,0.000125698,1.36378,1,0.00788524,1.81945e-05,0.828,0,6.35e-06,0.000289,8.31e-05,7.51e-06,0,6.93e-06,9.46644e-05,6.18e-05,2.89e-05,5.77e-06,2.54e-05,9.24e-06,1.74718e-05,4.04e-05,0.88995,8.21456e-05,234.037,0.021301,-0.000234474,1.76888e-05,0.000146469,1.77181e-05,-0.000946786,0.000325765,-0.000640017,0.000325764,-2.22887e-06,1.80261e-06,0.022237,0.0695556,0.000106764,1.11834,66,7,0.991953,4.47869e-05
ERF_Log_File_20260205_1319.csv,sp,13,p02,5,2,filled_square,prism,CCS200_Spectrum_1454357990.csv,1.45436e+09,4.3325,0.000986992,0.878914,0.00154635,29.0504,0.804417,0.000125614,1.36592,1,0.00735081,1.37043e-05,0.804,0,6.35e-06,0.000289,8.31e-05,7.51e-06,0,6.93e-06,9.19872e-05,6.18e-05,2.89e-05,5.77e-06,2.54e-05,9.24e-06,1.90716e-05,4.04e-05,0.892488,0.000113907,247.8,0.031214,-0.000244662,2.44649e-05,7.53837e-05,2.45027e-05,-0.000442326,0.000435546,-0.00117387,0.000435544,1.86443e-06,2.41008e-06,0.0315555,0.102121,0.000142683,1.1186,66,7,0.991718,4.56188e-05
ERF_Log_File_20260205_1340.csv,sp,13,p02,5,2,filled_square,prism,CCS200_Spectrum_1454359224.csv,1.45436e+09,4.21602,0.000917963,0.726922,0.00142074,29.0558,0.781375,0.000125595,1.63251,1,0.00683997,1.24324e-05,0.781,0,6.35e-06,0.000289,8.31e-05,7.51e-06,0,6.93e-06,8.93509e-05,6.18e-05,2.89e-05,5.77e-06,2.54e-05,9.24e-06,1.99254e-05,4.04e-05,0.89574,0.000117947,245.403,0.031438,-0.000179754,2.50141e-05,6.86765e-05,2.50958e-05,-0.0005345,0.000645321,-0.00095027,0.000645319,1.38377e-06,3.56729e-06,0.0464846,0.102706,0.000211469,1.11852,66,7,0.991472,4.66269e-05
ERF_Log_File_20260205_1400.csv,sp,13,p02,5,2,filled_square,prism,CCS200_Spectrum_1454360457.csv,1.45436e+09,3.8035,0.000147109,0.609705,0.00181823,29.0594,0.760564,0.000125643,1.10413,1,0.00643126,1.52339e-05,0.76,0,6.35e-06,0.000289,8.31e-05,7.51e-06,0,6.93e-06,8.70042e-05,6.18e-05,2.89e-05,5.77e-06,2.54e-05,9.24e-06,2.05417e-05,4.04e-05,0.898776,0.000120229,232.79,0.0304,-0.00014318,2.54807e-05,7.76424e-05,2.55535e-05,-0.00055443,0.000614529,-0.00122788,0.000614526,-5.62949e-06,3.39806e-06,0.0421162,0.0995007,0.000201296,1.11863,66,7,0.991238,4.76911e-05
ERF_Log_File_20260205_1421.csv,sp,13,p02,5,2,filled_square,prism,CCS200_Spectrum_1454361691.csv,1.45436e+09,3.6209,0.000103727,0.530232,0.00113755,29.0639,0.740167,0.00012558,1.0692,1,0.00603124,1.1341e-05,0.74,0,6.35e-06,0.000289,8.31e-05,7.51e-06,0,6.93e-06,8.46351e-05,6.18e-05,2.89e-05,5.77e-06,2.54e-05,9.24e-06,2.15154e-05,4.04e-05,0.902415,6.58131e-05,238.546,0.0171252,-8.08855e-05,1.39666e-05,-1.21427e-05,1.39926e-05,-0.00030031,0.000272274,-0.00107,0.000272272,9.37247e-06,1.50628e-06,0.0191997,0.0560434,8.91899e-05,1.11864,66,7,0.990997,4.89322e-05
ERF_Log_File_20260205_1441.csv,sp,13,p02,5,2,filled_square,prism,CCS200_Spectrum_1454362925.csv,1.45436e+09,3.18289,0.000109006,0.468961,0.00149158,29.0694,0.719746,0.000125585,1.07272,1,0.00573078,1.16491e-05,0.72,0,6.35e-06,0.000289,8.31e-05,7.51e-06,0,6.93e-06,8.22795e-05,6.18e-05,2.89e-05,5.77e-06,2.54e-05,9.24e-06,2.28879e-05,4.04e-05,0.905197,0.00013212,228.398,0.0332319,-9.8043e-05,2.73992e-05,-2.44902e-05,2.74094e-05,-0.000907361,0.000244708,-0.00108601,0.000244707,-4.56409e-06,1.35533e-06,0.0165736,0.10873,8.01645e-05,1.11864,66,7,0.990743,5.03085e-05
ERF_Log_File_20260205_1502.csv,sp,13,p02,5,2,filled_square,prism,CCS200_Spectrum_1454364159.csv,1.45436e+09,2.99863,0.000141672,0.424903,0.00251987,29.0736,0.70201,0.000125562,1.24292,1,0.00547189,9.94813e-06,0.702,0,6.35e-06,0.000289,8.31e-05,7.51e-06,0,6.93e-06,8.02825e-05,6.18e-05,2.89e-05,5.77e-06,2.54e-05,9.24e-06,2.40799e-05,4.04e-05,0.907974,0.000158486,230.38,0.0400129,-5.1154e-05,3.31924e-05,5.68434e-06,3.32119e-05,0.000159965,0.000368263,-0.00040616,0.000368261,2.05727e-06,2.03912e-06,0.0252297,0.13105,0.000120613,1.11864,66,7,0.990512,5.16929e-05
ERF_Log_File_20260205_1526.csv,sp,13,p02,5,2,filled_square,prism,CCS200_Spectrum_1454365577.csv,1.45437e+09,3.04063,0.000123806,0.501161,0.00139117,29.0767,0.675327,0.000125577,1.42439,1,0.00532409,1.10256e-05,0.675,0,6.35e-06,0.000289,8.31e-05,7.51e-06,0,6.93e-06,7.72704e-05,6.18e-05,2.89e-05,5.77e-06,2.54e-05,9.24e-06,2.57931e-05,4.04e-05,0.911976,0.000129486,251.608,0.0353052,-1.0273e-05,2.7222e-05,-3.09432e-05,2.72598e-05,0.000935157,0.000459635,7.71761e-05,0.000459633,4.66175e-06,2.544e-06,0.0345426,0.115629,0.000150539,1.11864,66,7,0.990145,5.41073e-05
ERF_Log_File_20260206_0755.csv,sp,13,p02,5,2,filled_square,prism,CCS200_Spectrum_1454424957.csv,1.45443e+09,3.03653,0.000515656,0.502202,0.00128091,29.0595,0.675227,0.000125574,1.319,1,0.00533348,1.08115e-05,0.675,0,6.35e-06,0.000289,8.31e-05,7.51e-06,0,6.93e-06,7.72598e-05,6.18e-05,2.89e-05,5.77e-06,2.54e-05,9.24e-06,2.57995e-05,4.04e-05,0.912365,0.000127026,251.278,0.0234893,-2.07547e-05,1.83914e-05,2.52324e-05,1.95356e-05,0.00314265,0.00218726,-0.0024179,0.00218725,1.9458e-05,1.15755e-05,0.164233,0.0767995,0.00071637,1.11864,66,7,0.990144,5.41393e-05
ERF_Log_File_20260206_0816.csv,sp,13,p02,5,2,filled_square,prism,CCS200_Spectrum_1454426190.csv,1.45443e+09,2.82904,0.000412169,0.622738,0.00295984,29.0641,0.650332,0.000125567,1.31217,1,0.0055688,1.03967e-05,0.65,0,6.35e-06,0.000289,8.31e-05,7.51e-06,0,6.93e-06,7.44196e-05,6.18e-05,2.89e-05,5.77e-06,2.54e-05,9.24e-06,2.73917e-05,4.04e-05,0.914834,7.73731e-05,245.677,0.0195992,2.96692e-05,1.562e-05,5.40568e-06,1.5731e-05,-0.000423276,0.000595364,-0.00109101,0.000595361,5.17658e-06,3.28215e-06,0.0438255,0.0641791,0.000194993,1.11864,66,7,0.989779,5.67402e-05
ERF_Log_File_20260206_0836.csv,sp,13,p02,5,2,filled_square,prism,CCS200_Spectrum_1454427424.csv,1.45443e+09,2.33948,0.000441805,0.933161,0.00898921,29.0659,0.630603,0.000125724,1.06327,1,0.00658995,1.93869e-05,0.626,0,6.35e-06,0.000289,8.31e-05,7.51e-06,0,6.93e-06,7.21341e-05,6.18e-05,2.89e-05,5.77e-06,2.54e-05,9.24e-06,2.87027e-05,4.04e-05,0.916746,0.000137822,211.417,0.0313175,3.93102e-05,2.88032e-05,-1.63717e-05,2.88534e-05,0.000418876,0.000544016,-0.00104504,0.000544014,2.73709e-05,3.01016e-06,0.0345329,0.102572,0.000178175,1.11864,66,7,0.989475,5.91279e-05
ERF_Log_File_20260206_0857.csv,sp,13,p02,5,2,filled_square,prism,CCS200_Spectrum_1454428658.csv,1.45443e+09,2.51808,0.000233943,0.909816,0.00383602,29.0685,0.603856,0.000125518,1.04177,1,0.00381387,5.28431e-06,0.604,0,6.35e-06,0.000289,8.31e-05,7.51e-06,0,6.93e-06,6.90371e-05,6.18e-05,2.89e-05,5.77e-06,2.54e-05,9.24e-06,3.0481e-05,4.04e-05,0.918118,0.000175991,120.888,0.0230181,0.00017154,3.66296e-05,-0.000142902,3.66584e-05,-0.000122023,0.00046848,0.000170906,0.000468478,5.64332e-06,2.59382e-06,0.0170797,0.0743852,0.000153886,1.11787,66,7,0.989038,6.28176e-05
ERF_Log_File_20260206_0917.csv,sp,13,p02,5,2,filled_square,prism,CCS200_Spectrum_1454429892.csv,1.45443e+09,2.56187,0.000155563,0.901983,0.0025514,29.073,0.58307,0.000125518,1.21583,1,0.00344525,5.24115e-06,0.583,0,6.35e-06,0.000289,8.31e-05,7.51e-06,0,6.93e-06,6.67131e-05,6.18e-05,2.89e-05,5.77e-06,2.54e-05,9.24e-06,3.31568e-05,4.04e-05,0.919287,0.000212155,128.96,0.0296475,0.000181906,4.36083e-05,-7.29643e-05,4.3628e-05,0.000103732,0.000428066,-0.000389323,0.000428065,5.48176e-06,2.37057e-06,0.0166214,0.0970875,0.000140204,1.11864,66,7,0.98868,6.61677e-05
ERF_Log_File_20260206_0938.csv,sp,13,p02,5,2,filled_square,prism,CCS200_Spectrum_1454431126.csv,1.45443e+09,3.3395,0.000169763,0.898419,0.00111214,29.074,0.564086,0.000125512,1.66908,1,0.00308509,4.2011e-06,0.564,0,6.35e-06,0.000289,8.31e-05,7.51e-06,0,6.93e-06,6.45574e-05,6.18e-05,2.89e-05,5.77e-06,2.54e-05,9.24e-06,3.58698e-05,4.04e-05,0.919271,9.19502e-05,176.528,0.0174781,0.000230455,1.91746e-05,-0.000119097,1.91976e-05,0.000548201,0.000301205,0.000677008,0.000301204,1.27524e-05,1.66715e-06,0.0160264,0.0569568,9.87599e-05,1.11828,66,7,0.988336,6.95636e-05
ERF_Log_File_20260206_0959.csv,sp,13,p02,5,2,filled_square,prism,CCS200_Spectrum_1454432360.csv,1.45443e+09,2.73222,0.000255555,0.901772,0.0011375,29.0758,0.54543,0.000125507,1.46793,1,0.00287309,3.24212e-06,0.545,0,6.35e-06,0.000289,8.31e-05,7.51e-06,0,6.93e-06,6.24017e-05,6.18e-05,2.89e-05,5.77e-06,2.54e-05,9.24e-06,3.84911e-05,4.04e-05,0.918559,0.00023314,151.224,0.038241,0.000370496,4.79022e-05,-0.000109524,4.79231e-05,0.000137823,0.000461292,-0.000247386,0.00046129,1.11532e-05,2.55448e-06,0.0211005,0.122137,0.000151903,1.11659,66,7,0.987984,7.32696e-05
ERF_Log_File_20260206_1019.csv,sp,13,p02,5,2,filled_square,prism,CCS200_Spectrum_1454433594.csv,1.45443e+09,2.53738,0.00023732,0.901907,0.00743454,29.0805,0.526721,0.00012551,0.988582,1,0.002519,3.84041e-06,0.528,0,6.35e-06,0.000289,8.31e-05,7.51e-06,0,6.93e-06,6.02318e-05,6.18e-05,2.89e-05,5.77e-06,2.54e-05,9.24e-06,4.09819e-05,4.04e-05,0.916598,0.000218749,147.64,0.0350357,0.000372901,4.5493e-05,-0.000167741,4.55232e-05,0.000836731,0.000536918,0.000672141,0.000536916,1.48119e-05,2.97301e-06,0.0244186,0.100161,0.000180443,1.09779,66,7,0.987616,7.73467e-05
ERF_Log_File_20260206_1040.csv,sp,13,p02,5,2,filled_square,prism,CCS200_Spectrum_1454434828.csv,1.45444e+09,4.62268,0.000373394,0.892336,0.00731426,29.0794,0.513336,0.000125688,1.10804,1,0.00401518,1.71344e-05,0.512,0,6.35e-06,0.000289,8.31e-05,7.51e-06,0,6.93e-06,5.87294e-05,6.18e-05,2.89e-05,5.77e-06,2.54e-05,9.24e-06,4.27637e-05,4.04e-05,0.916597,0.000683651,55.5335,0.041398,0.000624696,0.000119366,-7.76073e-05,0.000119373,0.00141551,0.000516651,0.000384471,0.000516649,8.45808e-06,2.86203e-06,0.00863414,0.134099,0.000169623,1.11844,66,7,0.987343,8.06963e-05
ERF_Log_File_20260206_1100.csv,sp,13,p02,5,2,filled_square,prism,CCS200_Spectrum_1454436062.csv,1.45444e+09,2.78849,0.000264715,0.904045,0.00141093,29.0807,0.494908,0.000125569,1.21135,1,0.00394329,1.03776e-05,0.496,0,6.35e-06,0.000289,8.31e-05,7.51e-06,0,6.93e-06,5.66179e-05,6.18e-05,2.89e-05,5.77e-06,2.54e-05,9.24e-06,4.5482e-05,4.04e-05,0.91346,0.000317877,70.1613,0.0243167,0.000471428,6.58553e-05,-6.13052e-05,6.58867e-05,0.000953334,0.000663122,0.000115915,0.00066312,3.2094e-06,3.67215e-06,0.0139842,0.0779476,0.000218198,1.11671,66,7,0.986953,8.55084e-05
ERF_Log_File_20260206_1121.csv,sp,13,p02,5,2,filled_square,prism,CCS200_Spectrum_1454437296.csv,1.45444e+09,4.43432,0.000168531,0.794219,0.000479068,29.0836,0.480302,0.000125535,1.13007,1,0.00345973,7.33688e-06,0.481,0,6.35e-06,0.000289,8.31e-05,7.51e-06,0,6.93e-06,5.49891e-05,6.18e-05,2.89e-05,5.77e-06,2.54e-05,9.24e-06,4.81865e-05,4.04e-05,0.910863,0.000175766,116.184,0.0222851,0.000446871,3.68198e-05,-0.000194266,3.68458e-05,0.000142001,0.00044744,0.000775039,0.000447438,8.76356e-06,2.47733e-06,0.0155255,0.072628,0.000146705,1.11819,66,7,0.986634,8.97313e-05
ERF_Log_File_20260206_1141.csv,sp,13,p02,5,2,filled_square,prism,CCS200_Spectrum_1454438530.csv,1.45444e+09,3.21417,0.000299273,0.588204,0.00250168,29.0847,0.466083,0.000125528,1.27183,1,0.0032857,6.48839e-06,0.467,0,6.35e-06,0.000289,8.31e-05,7.51e-06,0,6.93e-06,5.33509e-05,6.18e-05,2.89e-05,5.77e-06,2.54e-05,9.24e-06,5.04277e-05,4.04e-05,0.909948,0.00072322,87.5448,0.0695379,0.000525571,0.000129734,-0.000137484,0.000129744,0.000358601,0.000585686,0.00114469,0.000585683,6.91351e-06,3.24407e-06,0.0152862,0.227393,0.00019189,1.11863,66,7,0.986314,9.44154e-05
ERF_Log_File_20260206_1202.csv,sp,13,p02,5,2,filled_square,prism,CCS200_Spectrum_1454439764.csv,1.45444e+09,3.11773,0.000158285,0.50907,0.00101746,29.0862,0.452561,0.00012553,0.892693,1,0.00308375,6.70587e-06,0.453,0,6.35e-06,0.000289,8.31e-05,7.51e-06,0,6.93e-06,5.17862e-05,6.18e-05,2.89e-05,5.77e-06,2.54e-05,9.24e-06,5.23377e-05,4.04e-05,0.907145,0.000179708,88.8747,0.0174704,0.000168512,3.79154e-05,4.68678e-05,3.79499e-05,-0.000613181,0.00052071,-0.00081608,0.000520708,8.3349e-06,2.88263e-06,0.0137511,0.0571876,0.000170563,1.11864,66,7,0.986001,9.90859e-05
ERF_Log_File_20260206_1223.csv,sp,13,p02,5,2,filled_square,prism,CCS200_Spectrum_1454440996.csv,1.45444e+09,3.04788,0.000147216,0.450568,0.000552916,29.0903,0.440642,0.000125545,1.05291,1,0.00291595,8.24663e-06,0.441,0,6.35e-06,0.000289,8.31e-05,7.51e-06,0,6.93e-06,5.04261e-05,6.18e-05,2.89e-05,5.77e-06,2.54e-05,9.24e-06,5.51958e-05,4.04e-05,0.903284,0.000222064,91.1905,0.0223212,-0.000117882,4.66063e-05,0.000136188,4.66303e-05,2.40483e-05,0.000484705,-9.75304e-05,0.000484703,2.67034e-05,2.68427e-06,0.013076,0.0731169,0.000158745,1.11864,66,7,0.985718,0.000103408
ERF_Log_File_20260206_1243.csv,sp,13,p02,5,2,filled_square,prism,CCS200_Spectrum_1454442230.csv,1.45444e+09,3.09406,0.000100198,0.401562,0.000372184,29.0949,0.428327,0.000125547,1.18033,1,0.00274971,8.37407e-06,0.429,0,6.35e-06,0.000289,8.31e-05,7.51e-06,0,6.93e-06,4.90163e-05,6.18e-05,2.89e-05,5.77e-06,2.54e-05,9.24e-06,5.84812e-05,4.04e-05,0.897972,0.000452365,98.1463,0.0493841,-0.000421384,8.91226e-05,8.62365e-05,8.91351e-05,-0.000733049,0.000518547,-0.00249977,0.000518545,1.74178e-05,2.87204e-06,0.0149679,0.161743,0.000169835,1.11864,66,7,0.98542,0.000108099
ERF_Log_File_20260206_1304.csv,sp,13,p02,5,2,filled_square,prism,CCS200_Spectrum_1454443464.csv,1.45444e+09,3.25492,0.000133522,0.374496,0.00127158,29.0963,0.421514,0.000125536,1.18968,1,0.00265075,7.40051e-06,0.422,0,6.35e-06,0.000289,8.31e-05,7.51e-06,0,6.93e-06,4.82524e-05,6.18e-05,2.89e-05,5.77e-06,2.54e-05,9.24e-06,6.01968e-05,4.04e-05,0.893573,0.000195668,107.205,0.0232264,-0.000478928,4.19799e-05,0.000194606,4.20325e-05,2.53138e-05,0.000673619,-0.00141879,0.000673616,-2.43819e-05,3.72838e-06,0.0212191,0.0746835,0.000221505,1.11648,66,7,0.985252,0.000110691
ERF_Log_File_20260206_1324.csv,sp,13,p02,5,2,filled_square,prism,CCS200_Spectrum_1454444697.csv,1.45445e+09,3.0669,0.000108615,0.352803,0.000346255,29.0993,0.414316,0.000125543,1.05155,1,0.0025623,8.03632e-06,0.415,0,6.35e-06,0.000289,8.31e-05,7.51e-06,0,6.93e-06,4.73489e-05,6.18e-05,2.89e-05,5.77e-06,2.54e-05,9.24e-06,6.19064e-05,4.04e-05,0.886555,0.000249519,105.283,0.0295297,-0.00054411,5.30041e-05,0.000179241,5.30256e-05,-0.000146957,0.000494402,-0.00190445,0.0004944,-6.9418e-06,2.73796e-06,0.0151163,0.0966492,0.00016195,1.11863,66,7,0.985073,0.000113265
ERF_Log_File_20260206_1345.csv,sp,13,p02,5,2,filled_square,prism,CCS200_Spectrum_1454445931.csv,1.45445e+09,5.41467,0.000558694,0.331659,0.00110974,29.1036,0.407358,0.000125584,1.08722,1,0.00231338,1.11611e-05,0.408,0,6.35e-06,0.000289,8.31e-05,7.51e-06,0,6.93e-06,4.6597e-05,6.18e-05,2.89e-05,5.77e-06,2.54e-05,9.24e-06,6.35591e-05,4.04e-05,0.878084,0.000513559,97.0646,0.0567139,-0.000337909,0.000101575,8.98913e-05,0.000101588,-0.000414375,0.000548272,-0.00282909,0.00054827,1.14937e-05,3.03685e-06,0.0153579,0.182827,0.000180192,1.11829,66,7,0.984897,0.000115653
ERF_Log_File_20260206_1405.csv,sp,13,p02,5,2,filled_square,prism,CCS200_Spectrum_1454447165.csv,1.45445e+09,2.74722,0.000168682,0.313442,0.00105484,29.1061,0.400768,0.000125541,1.3014,1,0.00239893,7.81653e-06,0.401,0,6.35e-06,0.000289,8.31e-05,7.51e-06,0,6.93e-06,4.58811e-05,6.18e-05,2.89e-05,5.77e-06,2.54e-05,9.24e-06,6.51243e-05,4.04e-05,0.864072,0.000170755,102.882,0.019952,-0.00057309,3.7781e-05,0.000286199,3.7865e-05,-0.000326043,0.000805196,-0.00231012,0.000805193,-8.33022e-06,4.45418e-06,0.0239657,0.0583477,0.000269589,1.08954,66,7,0.98473,0.00011721
ERF_Log_File_20260206_1426.csv,sp,13,p02,5,2,filled_square,prism,CCS200_Spectrum_1454448399.csv,1.45445e+09,2.89095,0.000111481,0.306055,0.000766167,29.1076,0.392782,0.000125542,1.23766,1,0.00231405,7.9141e-06,0.393,0,6.35e-06,0.000289,8.31e-05,7.51e-06,0,6.93e-06,4.49527e-05,6.18e-05,2.89e-05,5.77e-06,2.54e-05,9.24e-06,7.32076e-05,4.04e-05,0.83657,0.00019641,114.745,0.0267456,-0.000484905,4.49038e-05,0.000184929,4.49419e-05,-0.00116752,0.000596363,-0.00164346,0.000596361,-4.19115e-05,3.30183e-06,0.0187495,0.0875874,0.000195323,1.11864,66,7,0.984524,0.000117693
ERF_Log_File_20260206_1446.csv,sp,13,p02,5,2,filled_square,prism,CCS200_Spectrum_1454449633.csv,1.45445e+09,5.36454,0.000224781,0.301274,0.000452678,29.1115,0.386807,0.000125544,1.01059,1,0.00232676,8.14789e-06,0.387,0,6.35e-06,0.000289,8.31e-05,7.51e-06,0,6.93e-06,4.42351e-05,6.18e-05,2.89e-05,5.77e-06,2.54e-05,9.24e-06,7.97473e-05,4.04e-05,0.801417,0.000374551,111.696,0.0518383,-0.000370655,8.93578e-05,0.000243606,8.94314e-05,0.00310326,0.00116833,-0.00178036,0.00116833,1.89118e-05,6.46822e-06,0.0342568,0.169698,0.000382692,1.11864,66,7,0.984369,0.00011594
ERF_Log_File_20260206_1507.csv,sp,13,p02,5,2,filled_square,prism,CCS200_Spectrum_1454450867.csv,1.45445e+09,4.88344,0.000580426,0.298398,0.001081,29.115,0.38094,0.00012553,1.25111,1,0.00219449,6.69253e-06,0.381,0,6.35e-06,0.000289,8.31e-05,7.51e-06,0,6.93e-06,4.35878e-05,6.18e-05,2.89e-05,5.77e-06,2.54e-05,9.24e-06,8.61697e-05,4.04e-05,0.747078,0.000160467,106.841,0.0227517,-0.000366291,4.11439e-05,0.000174934,4.11856e-05,-0.00037913,0.000595321,-0.00166853,0.000595318,7.94413e-06,3.29559e-06,0.0155648,0.0744747,0.000195002,1.11863,66,7,0.984216,0.000111142
ERF_Log_File_20260206_1528.csv,sp,13,p02,5,2,filled_square,prism,CCS200_Spectrum_1454452101.csv,1.45445e+09,4.60162,0.000170779,0.291697,0.00107995,29.1162,0.373681,0.000125538,1.12859,1,0.0021368,7.47258e-06,0.374,0,6.35e-06,0.000289,8.31e-05,7.51e-06,0,6.93e-06,4.272e-05,6.18e-05,2.89e-05,5.77e-06,2.54e-05,9.24e-06,9.21628e-05,4.04e-05,0.653353,0.000220224,106.877,0.0357669,-0.000275319,6.44614e-05,0.000118997,6.45159e-05,0.00223843,0.000853046,-0.000683145,0.000853043,-5.7673e-05,4.7232e-06,0.0195088,0.117149,0.000279381,1.11864,66,7,0.984025,0.000100689
ERF_Log_File_20260206_1548.csv,sp,13,p02,5,2,filled_square,prism,CCS200_Spectrum_1454453336.csv,1.45445e+09,3.96884,7.63178e-05,0.286923,0.000421868,29.1177,0.367527,0.000125549,1.16297,1,0.00208662,8.53125e-06,0.368,0,6.35e-06,0.000289,8.31e-05,7.51e-06,0,6.93e-06,4.20472e-05,6.18e-05,2.89e-05,5.77e-06,2.54e-05,9.24e-06,8.97902e-05,4.04e-05,0.578037,0.000366887,93.6467,0.0593846,-9.90369e-05,0.000109363,1.9733e-05,0.000109375,-0.00112346,0.00057392,0.00059433,0.000573918,-3.12399e-05,3.17904e-06,0.0101668,0.1952,0.000187817,1.11859,66,7,0.983862,9.18479e-05
ERF_Log_File_20260206_1609.csv,sp,13,p02,5,2,filled_square,prism,CCS200_Spectrum_1454454572.csv,1.45446e+09,3.52934,0.000127162,0.280084,0.000769816,29.1211,0.362442,0.000125549,1.0902,1,0.00204877,8.52937e-06,0.363,0,6.35e-06,0.000289,8.31e-05,7.51e-06,0,6.93e-06,4.14591e-05,6.18e-05,2.89e-05,5.77e-06,2.54e-05,9.24e-06,8.78301e-05,4.04e-05,0.504839,0.000202399,82.1531,0.0327523,-0.000206508,7.64143e-05,0.000247173,7.64648e-05,0.00107531,0.000898006,0.000318058,0.000898002,6.00094e-05,4.97173e-06,0.0121975,0.107297,0.0002941,1.11864,66,7,0.983726,8.23054e-05
ERF_Log_File_20260206_1629.csv,sp,13,p02,5,2,filled_square,prism,CCS200_Spectrum_1454455808.csv,1.45446e+09,3.16715,0.000113796,0.275181,0.00135708,29.1235,0.356583,0.000125546,1.00619,1,0.00200673,8.25631e-06,0.357,0,6.35e-06,0.000289,8.31e-05,7.51e-06,0,6.93e-06,4.0788e-05,6.18e-05,2.89e-05,5.77e-06,2.54e-05,9.24e-06,8.55715e-05,4.04e-05,0.387799,0.000288236,71.4256,0.0529691,-3.53554e-05,0.000137506,8.21708e-05,0.000137542,0.0041579,0.00105354,-0.00381498,0.00105353,2.21076e-05,5.83546e-06,0.00955307,0.173852,0.000344892,1.11862,66,7,0.98357,6.5161e-05
ERF_Log_File_20260209_0930.csv,sp,13,p02,5,2,filled_square,prism,ERF_OSA207_Spectra_20260209_0930.csv,1.45469e+09,4.93942,0.000292418,0.502583,0.000293385,29.0729,1.01021,6.1459e-06,0.00317863,2,0.0103495,2.54627e-05,1.01,0,6.35e-06,0.000289,8.31e-05,7.51e-06,0,6.93e-06,0.000115987,6.18e-05,2.89e-05,5.77e-06,2.54e-05,9.24e-06,1.12947e-05,4.04e-05,0.899196,9.94316e-05,269.051,0.0240233,-0.000180214,1.75313e-05,6.97983e-05,1.80438e-05,-0.00134794,0.00138274,0.00302708,0.00138274,3.61227e-06,7.50419e-06,0.109573,0.0785888,0.000452913,1.11864,66,7,0.993395,4.2689e-05
ERF_Log_File_20260209_0958.csv,sp,13,p02,5,2,filled_square,prism,ERF_OSA207_Spectra_20260209_0958.csv,1.45469e+09,2.88545,5.722e-05,0.4365,0.000189584,29.0746,1.05468,2.43147e-06,0.00511746,2,0.00862644,5.91343e-05,1.056,0,6.35e-06,0.000289,8.31e-05,7.51e-06,0,6.93e-06,0.000120452,6.18e-05,2.89e-05,5.77e-06,2.54e-05,9.24e-06,1.06667e-05,4.04e-05,0.905457,0.000168345,289.103,0.0535866,-0.000187879,3.48703e-05,2.44201e-05,3.4883e-05,-0.000354651,0.000307934,-0.000297227,0.000307932,-8.26615e-06,1.70548e-06,0.0264318,0.17457,0.000100973,1.11852,66,7,0.993659,4.27513e-05
ERF_Log_File_20260209_1019.csv,sp,13,p02,5,2,filled_square,prism,ERF_OSA207_Spectra_20260209_1019.csv,1.45469e+09,4.76346,0.000336449,0.406797,0.000457693,29.0747,1.08131,3.37707e-06,0.0039792,2,0.00949166,8.05573e-05,1.081,0,6.35e-06,0.000289,8.31e-05,7.51e-06,0,6.93e-06,0.000123535,6.18e-05,2.89e-05,5.77e-06,2.54e-05,9.24e-06,1.02905e-05,4.04e-05,0.90857,0.000208112,225.206,0.0454606,-0.000113293,3.95909e-05,5.33823e-07,4.02316e-05,0.00249956,0.0022946,0.00121218,0.00229459,1.6276e-05,1.25707e-05,0.153775,0.148825,0.00075153,1.11864,66,7,0.993804,4.27827e-05
ERF_Log_File_20260209_1040.csv,sp,13,p02,5,2,filled_square,prism,ERF_OSA207_Spectra_20260209_1040.csv,1.45469e+09,3.04484,0.000144646,0.379666,0.000245348,29.0789,1.10695,2.33748e-06,0.00465354,2,0.00959574,5.68443e-05,1.107,0,6.35e-06,0.000289,8.31e-05,7.51e-06,0,6.93e-06,0.000126625,6.18e-05,2.89e-05,5.77e-06,2.54e-05,9.24e-06,9.98271e-06,4.04e-05,0.911832,9.5994e-05,270.162,0.0282782,-0.00016175,2.00734e-05,-5.54383e-07,2.0087e-05,-0.000611523,0.000238802,-0.000165997,0.000238801,-7.07137e-06,1.32234e-06,0.0193843,0.0900334,7.86883e-05,1.11646,66,7,0.993935,4.28359e-05
ERF_Log_File_20260209_1102.csv,sp,13,p02,5,2,filled_square,prism,ERF_OSA207_Spectra_20260209_1101.csv,1.4547e+09,3.49402,8.75133e-05,0.355516,0.000155803,29.079,1.13365,2.97577e-06,0.00503218,2,0.00997548,7.27257e-05,1.134,0,6.35e-06,0.000289,8.31e-05,7.51e-06,0,6.93e-06,0.000129889,6.18e-05,2.89e-05,5.77e-06,2.54e-05,9.24e-06,9.81434e-06,4.04e-05,0.914861,0.00011268,289.63,0.0354722,-0.000130935,2.34761e-05,0.00010736,2.34917e-05,-0.000561044,0.000276357,2.29196e-05,0.000276357,6.90864e-07,1.53023e-06,0.0240923,0.113766,9.09243e-05,1.11685,66,7,0.994062,4.28803e-05
ERF_Log_File_20260209_1123.csv,sp,13,p02,5,2,filled_square,prism,ERF_OSA207_Spectra_20260209_1123.csv,1.4547e+09,3.33533,7.50855e-05,0.332513,0.0002571,29.0799,1.16304,6.50169e-06,0.00483014,2,0.0103713,0.000100247,1.163,0,6.35e-06,0.000289,8.31e-05,7.51e-06,0,6.93e-06,0.000133466,6.18e-05,2.89e-05,5.77e-06,2.54e-05,9.24e-06,9.629e-06,4.04e-05,0.918296,0.000195698,254.215,0.0540334,-5.07687e-05,3.97282e-05,-3.38599e-05,3.97407e-05,0.000174842,0.000327471,0.000121289,0.00032747,-6.81864e-07,1.8139e-06,0.0250381,0.176954,0.000107255,1.11864,66,7,0.994193,4.29375e-05
ERF_Log_File_20260209_1144.csv,sp,13,p02,5,2,filled_square,prism,ERF_OSA207_Spectra_20260209_1144.csv,1.4547e+09,3.33267,8.55365e-05,0.311868,0.000147319,29.0835,1.19232,3.29612e-06,0.00454451,2,0.011176,7.977e-05,1.193,0,6.35e-06,0.000289,8.31e-05,7.51e-06,0,6.93e-06,0.000136193,6.18e-05,2.89e-05,5.77e-06,2.54e-05,9.24e-06,9.44441e-06,4.04e-05,0.920884,0.000119582,235.457,0.0300094,-0.000103856,2.48284e-05,8.94701e-06,2.48832e-05,-0.000915315,0.000527257,0.000375217,0.000527255,-3.62051e-06,2.91629e-06,0.0374435,0.0982794,0.000172687,1.11864,66,7,0.994315,4.29563e-05
ERF_Log_File_20260209_1205.csv,sp,13,p02,5,2,filled_square,prism,ERF_OSA207_Spectra_20260209_1205.csv,1.4547e+09,3.86103,6.67342e-05,0.308976,9.86791e-05,29.0876,1.22363,2.91197e-06,0.00478126,2,0.0117018,7.62396e-05,1.225,0,6.35e-06,0.000289,8.31e-05,7.51e-06,0,6.93e-06,0.000140153,6.18e-05,2.89e-05,5.77e-06,2.54e-05,9.24e-06,9.05249e-06,4.04e-05,0.923208,0.000132843,251.606,0.0359595,-0.000127373,2.75012e-05,-6.26779e-06,2.75232e-05,-0.000545893,0.000354112,-0.000186494,0.00035411,-3.83876e-06,1.96049e-06,0.0269401,0.11777,0.000115979,1.11864,66,7,0.994435,4.29542e-05
ERF_Log_File_20260209_1226.csv,sp,13,p02,5,2,filled_square,prism,ERF_OSA207_Spectra_20260209_1226.csv,1.4547e+09,4.20879,7.00138e-05,0.310758,0.000120936,29.0898,1.25713,3.35629e-06,0.0049094,2,0.0122991,8.65296e-05,1.259,0,6.35e-06,0.000289,8.31e-05,7.51e-06,0,6.93e-06,0.00014342,6.18e-05,2.89e-05,5.77e-06,2.54e-05,9.24e-06,8.56549e-06,4.04e-05,0.926289,8.66951e-05,250.801,0.0232478,-4.30415e-05,1.79385e-05,1.74173e-05,1.79589e-05,-0.000136852,0.000274445,0.000691262,0.000274444,3.40991e-06,1.51923e-06,0.0208817,0.0761399,8.98858e-05,1.11864,66,7,0.994554,4.29765e-05
ERF_Log_File_20260209_1247.csv,sp,13,p02,5,2,filled_square,prism,ERF_OSA207_Spectra_20260209_1247.csv,1.4547e+09,4.66269,0.000115877,0.312365,0.000356693,29.0915,1.29425,3.20927e-06,0.00512583,2,0.0130469,8.06779e-05,1.295,0,6.35e-06,0.000289,8.31e-05,7.51e-06,0,6.93e-06,0.000148184,6.18e-05,2.89e-05,5.77e-06,2.54e-05,9.24e-06,8.02598e-06,4.04e-05,0.928787,0.000101657,251.95,0.0271894,2.56578e-05,2.09744e-05,4.64569e-05,2.10093e-05,0.000264734,0.000387246,0.000654951,0.000387244,3.7828e-07,2.14261e-06,0.0296834,0.0889921,0.000126848,1.11864,66,7,0.994674,4.29551e-05
ERF_Log_File_20260209_1308.csv,sp,13,p02,5,2,filled_square,prism,ERF_OSA207_Spectra_20260209_1308.csv,1.4547e+09,5.38255,0.000179076,0.316186,0.000362837,29.0944,1.33168,7.20419e-06,0.00561828,2,0.0136505,0.000184044,1.332,0,6.35e-06,0.000289,8.31e-05,7.51e-06,0,6.93e-06,0.000152032,6.18e-05,2.89e-05,5.77e-06,2.54e-05,9.24e-06,7.48193e-06,4.04e-05,0.931055,8.47626e-05,266.831,0.0239996,4.34184e-05,1.74541e-05,5.22659e-06,1.7479e-05,-0.000934069,0.000298562,0.000237551,0.000298561,6.98383e-07,1.65222e-06,0.0242933,0.0785978,9.77856e-05,1.11864,66,7,0.994783,4.29197e-05
ERF_Log_File_20260209_1329.csv,sp,13,p02,5,2,filled_square,prism,ERF_OSA207_Spectra_20260209_1329.csv,1.4547e+09,5.04015,9.59775e-05,0.318276,0.00092463,29.0979,1.3715,1.11079e-05,0.00608972,2,0.0141164,0.000177797,1.372,0,6.35e-06,0.000289,8.31e-05,7.51e-06,0,6.93e-06,0.000157398,6.18e-05,2.89e-05,5.77e-06,2.54e-05,9.24e-06,6.90299e-06,4.04e-05,0.933911,9.81104e-05,238.128,0.0247146,-4.10891e-05,2.01407e-05,-4.83651e-05,2.01695e-05,0.000310988,0.000344721,-0.000257253,0.000344719,-1.42447e-05,1.90783e-06,0.0251083,0.0809429,0.000112902,1.11864,66,7,0.994889,4.29031e-05
ERF_Log_File_20260209_1350.csv,sp,13,p02,5,2,filled_square,prism,ERF_OSA207_Spectra_20260209_1350.csv,1.45471e+09,2.20579,6.21708e-05,0.319561,0.000135122,29.1,1.41492,4.12004e-06,0.00561088,2,0.0152295,9.21924e-05,1.415,0,6.35e-06,0.000289,8.31e-05,7.51e-06,0,6.93e-06,0.000162191,6.18e-05,2.89e-05,5.77e-06,2.54e-05,9.24e-06,6.41958e-06,4.04e-05,0.936066,0.000131122,245.758,0.0341475,3.78608e-05,2.68199e-05,-2.43172e-05,2.68455e-05,-0.000972957,0.000376373,0.000213578,0.000376372,4.96185e-06,2.08368e-06,0.0283574,0.11184,0.000123269,1.11864,66,7,0.994992,4.28481e-05
ERF_Log_File_20260209_1412.csv,sp,13,p02,5,2,filled_square,prism,ERF_OSA207_Spectra_20260209_1412.csv,1.45471e+09,2.53031,6.52814e-05,0.319735,0.000142695,29.1013,1.45887,4.14299e-06,0.0057301,2,0.0161127,9.96321e-05,1.461,0,6.35e-06,0.000289,8.31e-05,7.51e-06,0,6.93e-06,0.000167195,6.18e-05,2.89e-05,5.77e-06,2.54e-05,9.24e-06,6.21588e-06,4.04e-05,0.938442,0.000200757,257.19,0.0548722,2.84043e-05,3.99107e-05,-5.18183e-05,3.99233e-05,-0.000126486,0.000331628,0.00046274,0.000331627,4.40113e-06,1.83665e-06,0.0262195,0.179577,0.000108633,1.11864,66,7,0.995084,4.28176e-05
ERF_Log_File_20260209_1433.csv,sp,13,p02,5,2,filled_square,prism,ERF_OSA207_Spectra_20260209_1433.csv,1.45471e+09,2.87511,5.78877e-05,0.319642,0.000223127,29.1045,1.50678,3.3041e-06,0.00601042,2,0.0172617,8.54257e-05,1.509,0,6.35e-06,0.000289,8.31e-05,7.51e-06,0,6.93e-06,0.000172839,6.18e-05,2.89e-05,5.77e-06,2.54e-05,9.24e-06,5.99386e-06,4.04e-05,0.940267,0.000112613,260.957,0.0310919,5.31424e-05,2.27944e-05,4.07947e-06,2.28084e-05,-0.000703333,0.000258138,0.000178353,0.000258137,-1.12192e-05,1.42939e-06,0.0207447,0.101832,8.45448e-05,1.11864,66,7,0.995171,4.27794e-05
ERF_Log_File_20260209_1454.csv,sp,13,p02,5,2,filled_square,prism,ERF_OSA207_Spectra_20260209_1454.csv,1.45471e+09,3.13512,7.3786e-05,0.320385,0.000228259,29.1079,1.55813,4.12815e-06,0.0067112,2,0.018598,0.000105862,1.561,0,6.35e-06,0.000289,8.31e-05,7.51e-06,0,6.93e-06,0.000177826,6.18e-05,2.89e-05,5.77e-06,2.54e-05,9.24e-06,5.75588e-06,4.04e-05,0.941972,9.59642e-05,251.608,0.0254588,1.18368e-05,1.94717e-05,6.28023e-06,1.94873e-05,-0.000365499,0.000251179,0.000554469,0.000251178,-3.0298e-06,1.39065e-06,0.0194974,0.0833856,8.22648e-05,1.11864,66,7,0.995253,4.27772e-05
ERF_Log_File_20260209_1515.csv,sp,13,p02,5,2,filled_square,prism,ERF_OSA207_Spectra_20260209_1515.csv,1.45471e+09,3.43048,4.9107e-05,0.325888,8.53622e-05,29.1097,1.61311,4.57665e-06,0.00730912,2,0.0200407,0.000102538,1.617,0,6.35e-06,0.000289,8.31e-05,7.51e-06,0,6.93e-06,0.000184706,6.18e-05,2.89e-05,5.77e-06,2.54e-05,9.24e-06,6.32076e-06,4.04e-05,0.944214,0.000277438,242.564,0.0712032,0.000103798,5.09969e-05,-3.70283e-05,5.10029e-05,-3.7495e-05,0.000274602,0.000185447,0.000274601,6.75705e-06,1.52107e-06,0.0205972,0.233274,8.99315e-05,1.11864,66,7,0.995326,4.28704e-05
ERF_Log_File_20260209_1536.csv,sp,13,p02,5,2,filled_square,prism,ERF_OSA207_Spectra_20260209_1536.csv,1.45471e+09,3.87893,8.04771e-05,0.34705,0.000136404,29.1105,1.67513,4.09837e-06,0.00826375,2,0.0217404,0.000104964,1.678,0,6.35e-06,0.000289,8.31e-05,7.51e-06,0,6.93e-06,0.00019146,6.18e-05,2.89e-05,5.77e-06,2.54e-05,9.24e-06,9.91041e-06,4.04e-05,0.945942,0.00019267,229.223,0.0466206,6.83593e-05,3.66645e-05,-3.91202e-05,3.66709e-05,4.7983e-05,0.000232552,4.7888e-05,0.000232551,1.67873e-06,1.28812e-06,0.0165667,0.150524,7.64033e-05,1.11831,66,7,0.995393,4.3058e-05
ERF_Log_File_20260210_0840.csv,sp,13,p02,5,2,filled_square,prism,ERF_OSA207_Spectra_20260210_0840.csv,1.45477e+09,2.25773,0.000127853,0.372662,0.000608458,29.0638,1.74055,4.9426e-06,0.0086541,2,0.023351,0.000126289,1.743,0,6.35e-06,0.000289,8.31e-05,7.51e-06,0,6.93e-06,0.000198924,6.18e-05,2.89e-05,5.77e-06,2.54e-05,9.24e-06,4.22932e-05,4.04e-05,0.948632,0.00027224,231.578,0.0663912,9.13317e-05,5.00337e-05,-6.84611e-05,5.00399e-05,-0.000893252,0.000274024,0.000147778,0.000274023,-6.73642e-06,1.51789e-06,0.0196817,0.219138,8.95919e-05,1.11854,66,7,0.995449,4.34559e-05
ERF_Log_File_20260210_0901.csv,sp,13,p02,5,2,filled_square,prism,ERF_OSA207_Spectra_20260210_0901.csv,1.45478e+09,2.5089,4.92903e-05,0.417697,0.00117314,29.0682,1.81427,7.45388e-06,0.00931334,2,0.0254289,0.000131635,1.814,0,6.35e-06,0.000289,8.31e-05,7.51e-06,0,6.93e-06,0.000207946,6.18e-05,2.89e-05,5.77e-06,2.54e-05,9.24e-06,9.8555e-05,4.04e-05,0.950103,0.000304209,226.341,0.0724309,0.000128273,5.153e-05,-3.30713e-05,5.15336e-05,-0.000458806,0.000225605,0.000499104,0.000225604,9.42253e-06,1.24974e-06,0.0158137,0.242272,7.35363e-05,1.11799,66,7,0.995495,4.405e-05
ERF_Log_File_20260210_0923.csv,sp,13,p02,5,2,filled_square,prism,ERF_OSA207_Spectra_20260210_0922.csv,1.45478e+09,2.58918,7.36215e-05,0.500487,0.000252763,29.0697,1.887,6.13528e-06,0.01118,2,0.027181,0.000158494,1.89,0,6.35e-06,0.000289,8.31e-05,7.51e-06,0,6.93e-06,0.000215631,6.18e-05,2.89e-05,5.77e-06,2.54e-05,9.24e-06,0.000154059,4.04e-05,0.950887,0.000304255,213.424,0.0682104,5.40155e-05,5.64775e-05,6.14469e-05,5.64854e-05,-0.000641484,0.000325344,0.000886018,0.000325343,-4.18555e-05,1.80219e-06,0.0215983,0.224624,0.000106426,1.11854,66,7,0.995525,4.48391e-05
ERF_Log_File_20260210_0944.csv,sp,13,p02,5,2,filled_square,prism,ERF_OSA207_Spectra_20260210_0944.csv,1.45478e+09,3.23188,0.000131944,0.658457,0.00113916,29.0734,1.97298,7.15731e-06,0.0139052,2,0.0304702,0.000161224,1.975,0,6.35e-06,0.000289,8.31e-05,7.51e-06,0,6.93e-06,0.000225723,6.18e-05,2.89e-05,5.77e-06,2.54e-05,9.24e-06,0.000219667,4.04e-05,0.953546,0.000331817,253.126,0.0880356,5.45564e-06,5.57959e-05,-0.000134397,5.57997e-05,-0.000646449,0.000242426,0.000199731,0.000242425,2.34665e-05,1.34294e-06,0.0188397,0.309363,7.80543e-05,1.11316,66,7,0.995543,4.61473e-05
ERF_Log_File_20260210_1005.csv,sp,13,p02,5,2,filled_square,prism,ERF_OSA207_Spectra_20260210_1005.csv,1.45478e+09,2.88169,0.000102809,0.885495,0.0022045,29.0776,2.05909,1.0038e-05,0.0185349,2,0.0338411,0.000173796,2.067,0,6.35e-06,0.000289,8.31e-05,7.51e-06,0,6.93e-06,0.000235518,6.18e-05,2.89e-05,5.77e-06,2.54e-05,9.24e-06,0.000258598,4.04e-05,0.954272,0.000749132,185.108,0.145277,0.000209278,0.000108436,-0.000181143,0.00010844,-0.00121814,0.000381915,0.00113959,0.000381914,1.59724e-05,2.11549e-06,0.0220835,0.476956,0.000125018,1.11862,66,7,0.995546,4.76651e-05
ERF_Log_File_20260210_1026.csv,sp,13,p02,5,2,filled_square,prism,ERF_OSA207_Spectra_20260210_1026.csv,1.45478e+09,2.23682,0.000127716,0.903843,0.00103436,29.0785,2.16198,1.4335e-05,0.0179305,2,0.0380812,0.00017591,2.169,0,6.35e-06,0.000289,8.31e-05,7.51e-06,0,6.93e-06,0.000247468,6.18e-05,2.89e-05,5.77e-06,2.54e-05,9.24e-06,0.000290476,4.04e-05,0.956031,0.000932743,139.263,0.135846,0.000147802,0.000121711,-0.000473468,0.000121715,-0.0015963,0.00039435,7.21787e-06,0.000394349,1.28241e-06,2.18438e-06,0.0171722,0.447677,0.000128979,1.11854,66,7,0.99553,4.98752e-05
ERF_Log_File_20260210_1047.csv,sp,13,p02,5,2,filled_square,prism,ERF_OSA207_Spectra_20260210_1047.csv,1.45478e+09,2.23526,0.000125415,0.903971,0.00113145,29.0813,2.27066,1.49017e-05,0.0164576,2,0.0436538,0.000236922,2.282,0,6.35e-06,0.000289,8.31e-05,7.51e-06,0,6.93e-06,0.000259621,6.18e-05,2.89e-05,5.77e-06,2.54e-05,9.24e-06,0.000238957,4.04e-05,0.95681,0.000848132,146.441,0.129778,1.8749e-05,0.000117988,-0.000211355,0.000117991,-0.00067634,0.000401666,0.000263483,0.000401665,1.44847e-06,2.22497e-06,0.0183921,0.429231,0.000131264,1.11851,66,7,0.995496,5.25202e-05
ERF_Log_File_20260210_1108.csv,sp,13,p02,5,2,filled_square,prism,ERF_OSA207_Spectra_20260210_1108.csv,1.45478e+09,3.137,0.000105727,0.904657,0.00156064,29.0859,2.342,1.31265e-05,0.0150522,2,0.0475025,0.000247502,2.35,0,6.35e-06,0.000289,8.31e-05,7.51e-06,0,6.93e-06,0.000267942,6.18e-05,2.89e-05,5.77e-06,2.54e-05,9.24e-06,0.000175055,4.04e-05,0.957862,0.00106351,99.9954,0.111012,-3.70581e-05,0.000120807,-0.000308019,0.000120809,-0.00144121,0.000363003,0.00130874,0.000363001,-3.46408e-06,2.01085e-06,0.0113153,0.373792,0.000118136,1.11753,66,7,0.995464,5.44671e-05
ERF_Log_File_20260210_1129.csv,sp,13,p02,5,2,filled_square,prism,ERF_OSA207_Spectra_20260210_1129.csv,1.45478e+09,2.53055,0.000182023,0.903695,0.00121635,29.0864,2.40218,1.37635e-05,0.0141381,2,0.0514854,0.000251055,2.408,0,6.35e-06,0.000289,8.31e-05,7.51e-06,0,6.93e-06,0.000274531,6.18e-05,2.89e-05,5.77e-06,2.54e-05,9.24e-06,0.000121142,4.04e-05,0.958225,0.000830221,82.2794,0.0712486,0.000329703,0.000139532,5.91444e-06,0.000139541,-0.00144587,0.000611737,0.000612973,0.000611734,-1.74124e-06,3.38876e-06,0.0158118,0.23233,0.00020055,1.11859,66,7,0.995433,5.61816e-05
ERF_Log_File_20260210_1150.csv,sp,13,p02,5,2,filled_square,prism,ERF_OSA207_Spectra_20260210_1150.csv,1.45479e+09,4.42468,0.000284702,0.905113,0.00129824,29.0881,2.48226,2.14839e-05,0.0122016,2,0.0565273,0.000294712,2.5,0,6.35e-06,0.000289,8.31e-05,7.51e-06,0,6.93e-06,0.000284195,6.18e-05,2.89e-05,5.77e-06,2.54e-05,9.24e-06,4.9412e-05,4.04e-05,0.95817,0.0010302,63.2921,0.0680309,-2.1026e-05,0.000150904,-9.63435e-05,0.000150909,-0.00441558,0.0005402,0.000736485,0.000540197,2.06488e-05,2.99245e-06,0.0106241,0.23242,0.000175186,1.11612,66,7,0.995385,5.85616e-05
ERF_Log_File_20260210_1239.csv,sp,13,p02,5,2,filled_square,prism,CCS200_Spectrum_1454787592.csv,1.45479e+09,2.72888,9.52479e-05,0.271014,0.000261584,29.0909,0.350684,0.000125551,1.02274,1,0.00197067,8.71646e-06,0.351,0,6.35e-06,0.000289,8.31e-05,7.51e-06,0,6.93e-06,4.00807e-05,6.18e-05,2.89e-05,5.77e-06,2.54e-05,9.24e-06,8.32973e-05,4.04e-05,0.250533,0.000127616,60.3574,0.0301898,-8.87596e-05,9.74245e-05,-3.79438e-05,9.76341e-05,-0.00638619,0.00204209,-0.000217416,0.00204208,7.86757e-05,1.12949e-05,0.0101135,0.0988804,0.00066882,1.11864,66,7,0.983411,4.34218e-05
ERF_Log_File_20260210_1300.csv,sp,13,p02,5,2,filled_square,prism,CCS200_Spectrum_1454788830.csv,1.45479e+09,2.46635,0.000113303,0.275285,0.000664309,29.0894,0.345686,0.000125591,1.08173,1,0.00196383,1.15798e-05,0.346,0,6.35e-06,0.000289,8.31e-05,7.51e-06,0,6.93e-06,3.95325e-05,6.18e-05,2.89e-05,5.77e-06,2.54e-05,9.24e-06,8.37631e-05,4.04e-05,0.142997,9.33246e-05,53.6674,0.0342544,-1.71723e-05,0.000124482,0.000184441,0.000124811,0.0012931,0.00288618,0.000671202,0.00288617,-1.46604e-05,1.59584e-05,0.00725431,0.112181,0.000945278,1.11864,66,7,0.983277,2.54559e-05
ERF_Log_File_20260210_1320.csv,sp,13,p02,5,2,filled_square,prism,CCS200_Spectrum_1454790069.csv,1.45479e+09,2.51954,0.000225576,0.288626,0.00017098,29.0914,0.339866,0.000125565,1.02908,1,0.00194559,9.80762e-06,0.34,0,6.35e-06,0.000289,8.31e-05,7.51e-06,0,6.93e-06,3.88781e-05,6.18e-05,2.89e-05,5.77e-06,2.54e-05,9.24e-06,8.47473e-05,4.04e-05,0.0539387,4.72576e-05,54.3407,0.0420218,2.56396e-05,0.000151661,0.000294333,0.000154083,-0.023315,0.00872996,0.0121934,0.00872992,-2.13818e-05,4.78332e-05,0.00838057,0.13757,0.00285921,1.11864,66,7,0.98312,9.9113e-06
ERF_Log_File_20260210_1341.csv,sp,13,p02,5,2,filled_square,prism,CCS200_Spectrum_1454791310.csv,1.45479e+09,2.72915,8.29618e-05,0.308345,0.000657369,29.0951,0.334789,0.000125555,0.988115,1,0.0019161,9.00916e-06,0.335,0,6.35e-06,0.000289,8.31e-05,7.51e-06,0,6.93e-06,3.83345e-05,6.18e-05,2.89e-05,5.77e-06,2.54e-05,9.24e-06,8.56058e-05,4.04e-05,0.0138435,3.26566e-05,58.5799,0.031812,-0.000149981,0.000108763,-0.000129955,0.000146651,-0.123838,0.0486812,0.0593054,0.0486804,-0.000378061,0.000172798,0.0129297,0.102967,0.0159432,1.11864,66,7,0.982982,2.6165e-06
ERF_Log_File_20260210_1402.csv,sp,13,p02,5,2,filled_square,prism,CCS200_Spectrum_1454792557.csv,1.45479e+09,2.31051,0.000134019,0.343829,0.000166289,29.0949,0.326769,0.000125612,1.08547,1,0.00191783,1.29069e-05,0.327,0,6.35e-06,0.000289,8.31e-05,7.51e-06,0,6.93e-06,3.74153e-05,6.18e-05,2.89e-05,5.77e-06,2.54e-05,9.24e-06,8.6962e-05,4.04e-05,0.00360842,2.39453e-05,49.114,0.0146985,0.000260536,6.07183e-05,5.45276e-05,9.21076e-05,0.0301842,0.140625,-0.0756984,0.140626,-7.56433e-05,0.000121664,0.00816312,0.047208,0.046061,1.11864,66,7,0.982766,7.13768e-07
ERF_Log_File_20260210_1423.csv,sp,13,p02,5,2,filled_square,prism,CCS200_Spectrum_1454793831.csv,1.45479e+09,4.03281,0.000216773,0.433816,0.00104057,29.0964,0.311357,0.000127836,0.40065,1,0.00167544,5.88665e-05,0.312,0,6.35e-06,0.000289,8.31e-05,7.51e-06,0,6.93e-06,3.55964e-05,6.18e-05,2.89e-05,5.77e-06,2.54e-05,9.24e-06,0.000106986,4.04e-05,0.0104312,8.16614e-05,15.7578,0.0347698,0.00072643,0.000440222,-0.0013537,0.00056964,0.103721,0.159236,-0.222754,0.159242,-0.00150557,0.000635384,0.00859121,0.111632,0.0522523,1.1184,66,7,0.98235,2.25993e-06
ERF_Log_File_20260210_1444.csv,sp,13,p02,5,2,filled_square,prism,CCS200_Spectrum_1454795106.csv,1.4548e+09,4.9166,0.000361902,0.54255,0.00113868,29.1,0.303566,0.000129773,0.282779,1,0.00151451,7.97438e-05,0.304,0,6.35e-06,0.000289,8.31e-05,7.51e-06,0,6.93e-06,3.47709e-05,6.18e-05,2.89e-05,5.77e-06,2.54e-05,9.24e-06,0.000118251,4.04e-05,0.0106923,7.04149e-05,18.6729,0.0176588,0.00037671,0.000190749,-0.000254941,0.000274956,-0.192155,0.138237,0.181875,0.138237,-0.000290555,0.000347927,0.00903981,0.0569164,0.0452761,1.11864,66,7,0.982142,2.42992e-06
ERF_Log_File_20260210_1506.csv,sp,13,p02,5,2,filled_square,prism,CCS200_Spectrum_1454796380.csv,1.4548e+09,2.82388,0.000205289,0.398781,0.000600024,29.099,0.289346,0.000141258,0.15259,1,0.00153212,0.000156551,0.29,0,6.35e-06,0.000289,8.31e-05,7.51e-06,0,6.93e-06,3.31019e-05,6.18e-05,2.89e-05,5.77e-06,2.54e-05,9.24e-06,0.000123406,4.04e-05,0.0116283,0.000122518,11.2062,0.0152428,0.00040833,0.000274653,-0.000866657,0.000399742,-0.221886,0.221629,0.459434,0.221668,-0.00106815,0.000510383,0.00945847,0.0491067,0.0725795,1.11864,66,7,0.981767,2.8928e-06
ERF_Log_File_20260210_1527.csv,sp,13,p02,5,2,filled_square,prism,CCS200_Spectrum_1454797654.csv,1.4548e+09,2.78586,0.00014551,0.401613,0.00135384,29.1001,0.282341,0.000132119,0.244145,1,0.001621,9.99462e-05,0.283,0,6.35e-06,0.000289,8.31e-05,7.51e-06,0,6.93e-06,3.23101e-05,6.18e-05,2.89e-05,5.77e-06,2.54e-05,9.24e-06,0.000123406,4.04e-05,0.0172062,0.000100779,11.1951,0.0261843,0.0012137,0.000463429,-0.00107642,0.000552747,-0.252612,0.113792,0.013718,0.113784,-0.00224505,0.00052938,0.00717883,0.085174,0.0372613,1.11864,66,7,0.981587,4.48216e-06
ERF_Log_File_20260210_1548.csv,sp,13,p02,5,2,filled_square,prism,CCS200_Spectrum_1454798928.csv,1.4548e+09,3.69878,0.00022094,0.403908,0.00285777,29.1032,0.274184,0.000132715,0.228705,1,0.00150807,0.000104297,0.275,0,6.35e-06,0.000289,8.31e-05,7.51e-06,0,6.93e-06,3.14133e-05,6.18e-05,2.89e-05,5.77e-06,2.54e-05,9.24e-06,0.000123406,4.04e-05,0.0313981,0.000215827,7.34606,0.0360607,0.00022866,0.00096507,8.57377e-05,0.00101369,0.0120359,0.101998,-0.462008,0.102022,-9.50518e-05,0.000544857,0.0077048,0.117967,0.0334039,1.11864,66,7,0.98138,8.64043e-06
ERF_Log_File_20260211_0953.csv,sp,13,p02,5,2,filled_square,prism,CCS200_Spectrum_1454864051.csv,1.45486e+09,2.60377,9.91485e-05,0.596907,0.000675988,29.0721,0.950674,0.000125767,1.07718,1,0.0110533,2.20346e-05,0.95,0,6.35e-06,0.000289,8.31e-05,7.51e-06,0,6.93e-06,0.000108737,6.18e-05,2.89e-05,5.77e-06,2.54e-05,9.24e-06,1.31489e-05,4.04e-05,0.892299,0.000103046,337.684,0.0386514,-0.000204217,2.21258e-05,3.53617e-05,2.2149e-05,-0.000603353,0.000325141,-0.000152096,0.00032514,5.3577e-05,1.79968e-06,0.0320869,0.126594,0.00010649,1.11864,66,7,0.992993,4.28162e-05
ERF_Log_File_20260211_1014.csv,sp,13,p02,5,2,filled_square,prism,CCS200_Spectrum_1454865287.csv,1.45487e+09,2.48998,0.00021271,0.530698,0.00102089,29.0763,0.991716,0.0001258,1.18197,1,0.0123749,2.38551e-05,0.992,0,6.35e-06,0.000289,8.31e-05,7.51e-06,0,6.93e-06,0.00011345,6.18e-05,2.89e-05,5.77e-06,2.54e-05,9.24e-06,1.17261e-05,4.04e-05,0.897157,0.000107538,272.978,0.0324473,-0.000153362,2.29562e-05,3.56787e-05,2.29788e-05,-0.00024279,0.000327733,-0.000741473,0.000327731,1.2974e-05,1.81427e-06,0.0262921,0.106189,0.000107357,1.11864,66,7,0.993276,4.27122e-05
ERF_Log_File_20260212_0945.csv,sp,10,p02,5,2,filled_square,prism,CCS200_Spectrum_1454949936.csv,1.45495e+09,2.28229,0.000142545,0.534763,0.00080425,29.206,0.900766,0.000125823,1.08166,1,0.00968551,2.37913e-05,0.9,0,6.35e-06,0.000289,8.31e-05,7.51e-06,0,6.93e-06,0.000173922,6.18e-05,2.89e-05,5.77e-06,2.54e-05,9.24e-06,1.6623e-05,4.04e-05,0.885766,0.00011999,196.744,0.0264828,-0.000227993,2.58686e-05,6.7812e-05,2.5888e-05,-0.00125902,0.000322978,-0.00109813,0.000322977,-3.01645e-05,1.78835e-06,0.018435,0.086722,0.000105784,1.11864,66,7,0.989853,7.37875e-05
ERF_Log_File_20260212_1006.csv,sp,10,p02,5,2,filled_square,prism,CCS200_Spectrum_1454951190.csv,1.45495e+09,2.6266,0.000101836,0.598965,0.000658418,29.1962,0.950784,0.000125741,1.09247,1,0.0110533,2.09333e-05,0.95,0,6.35e-06,0.000289,8.31e-05,7.51e-06,0,6.93e-06,0.000183474,6.18e-05,2.89e-05,5.77e-06,2.54e-05,9.24e-06,1.3145e-05,4.04e-05,0.888583,5.80062e-05,352.03,0.0225352,-0.000248037,1.24745e-05,3.45527e-05,1.25034e-05,-0.00132911,0.000271018,-0.000446668,0.000271016,-2.58343e-06,1.49902e-06,0.0281593,0.0689003,9.00212e-05,1.10122,66,7,0.990424,7.19836e-05
ERF_Log_File_20260212_1026.csv,sp,10,p02,5,2,filled_square,prism,CCS200_Spectrum_1454952425.csv,1.45495e+09,2.62722,8.52901e-05,0.643096,0.000232039,29.1922,0.926514,0.000125832,1.04022,1,0.0104037,2.43692e-05,0.926,0,6.35e-06,0.000289,8.31e-05,7.51e-06,0,6.93e-06,0.000178774,6.18e-05,2.89e-05,5.77e-06,2.54e-05,9.24e-06,1.48183e-05,4.04e-05,0.8868,0.000136666,278.832,0.0426813,-0.000262376,2.94537e-05,1.10058e-05,2.94771e-05,-0.00131712,0.000378782,-0.000452722,0.00037878,2.09989e-05,2.09727e-06,0.0306773,0.139754,0.000124065,1.11864,66,7,0.990157,7.28047e-05
ERF_Log_File_20260212_1047.csv,sp,10,p02,5,2,filled_square,prism,CCS200_Spectrum_1454953659.csv,1.45495e+09,3.12476,0.000121442,0.776801,0.000557508,29.1855,0.880962,0.000126016,1.23502,1,0.00907992,2.98362e-05,0.88,0,6.35e-06,0.000289,8.31e-05,7.51e-06,0,6.93e-06,0.000169997,6.18e-05,2.89e-05,5.77e-06,2.54e-05,9.24e-06,1.64008e-05,4.04e-05,0.885123,0.000108875,235.63,0.0287197,-0.000201809,2.35693e-05,4.41391e-05,2.35947e-05,-0.000953078,0.000351125,-0.000787693,0.000351123,-4.9116e-05,1.94349e-06,0.0239841,0.0940657,0.000114997,1.11864,66,7,0.989603,7.45936e-05
ERF_Log_File_20260212_1107.csv,sp,10,p02,5,2,filled_square,prism,CCS200_Spectrum_1454954893.csv,1.45496e+09,3.71797,0.000221277,0.899054,0.00084624,29.1791,0.853113,0.000125678,1.06895,1,0.00849336,1.73745e-05,0.853,0,6.35e-06,0.000289,8.31e-05,7.51e-06,0,6.93e-06,0.000164629,6.18e-05,2.89e-05,5.77e-06,2.54e-05,9.24e-06,1.59973e-05,4.04e-05,0.885188,8.69326e-05,242.029,0.0235033,-0.00029495,1.88292e-05,0.000115645,1.88542e-05,-0.00108615,0.000310502,-0.00131972,0.000310501,1.83247e-05,1.7186e-06,0.0218087,0.0766351,0.000101796,1.11837,66,7,0.989226,7.58785e-05
ERF_Log_File_20260212_1128.csv,sp,10,p02,5,2,filled_square,prism,CCS200_Spectrum_1454956127.csv,1.45496e+09,3.89394,0.000238484,0.897144,0.000570895,29.1763,0.827987,0.000125687,1.31596,1,0.0079275,1.77176e-05,0.828,0,6.35e-06,0.000289,8.31e-05,7.51e-06,0,6.93e-06,0.000159731,6.18e-05,2.89e-05,5.77e-06,2.54e-05,9.24e-06,1.74586e-05,4.04e-05,0.886715,0.00013044,235.478,0.0344401,-0.000265723,2.80512e-05,0.000107723,2.80703e-05,-0.000750629,0.000334362,-0.0011152,0.00033436,1.5954e-05,1.85142e-06,0.0228669,0.112775,0.000109515,1.11864,66,7,0.98886,7.72543e-05
ERF_Log_File_20260212_1149.csv,sp,10,p02,5,2,filled_square,prism,CCS200_Spectrum_1454957360.csv,1.45496e+09,4.17428,0.000238004,0.87715,0.00111926,29.1711,0.804431,0.000125613,0.978081,1,0.00738729,1.36868e-05,0.804,0,6.35e-06,0.000289,8.31e-05,7.51e-06,0,6.93e-06,0.000155205,6.18e-05,2.89e-05,5.77e-06,2.54e-05,9.24e-06,1.90707e-05,4.04e-05,0.889568,0.000158581,246.949,0.0438628,-0.000224074,3.36321e-05,5.12494e-05,3.36466e-05,-0.000827351,0.000322047,-0.00064386,0.000322046,-1.29569e-05,1.78368e-06,0.0231944,0.142999,0.000105584,1.11856,66,7,0.988491,7.87686e-05
ERF_Log_File_20260212_1209.csv,sp,10,p02,5,2,filled_square,prism,CCS200_Spectrum_1454958595.csv,1.45496e+09,4.06808,0.000239683,0.726591,0.000853887,29.1649,0.781365,0.000125608,1.51138,1,0.00689072,1.33121e-05,0.781,0,6.35e-06,0.000289,8.31e-05,7.51e-06,0,6.93e-06,0.000150733,6.18e-05,2.89e-05,5.77e-06,2.54e-05,9.24e-06,1.99257e-05,4.04e-05,0.892684,0.000235045,244.859,0.0643346,-0.000181857,4.85817e-05,3.8623e-05,4.8594e-05,-0.000860917,0.000363895,-0.00158896,0.000363893,-9.46057e-06,2.01539e-06,0.0260518,0.210682,0.000119186,1.11864,66,7,0.988106,8.03997e-05
ERF_Log_File_20260212_1230.csv,sp,10,p02,5,2,filled_square,prism,CCS200_Spectrum_1454959829.csv,1.45496e+09,3.68534,0.000164138,0.611553,0.00103773,29.163,0.760555,0.000125617,1.29063,1,0.00645457,1.37918e-05,0.76,0,6.35e-06,0.000289,8.31e-05,7.51e-06,0,6.93e-06,0.000146784,6.18e-05,2.89e-05,5.77e-06,2.54e-05,9.24e-06,2.05419e-05,4.04e-05,0.89557,0.000146062,233.163,0.0366582,-0.000147799,3.0738e-05,4.41052e-05,3.08729e-05,-0.00223017,0.000919326,-0.00143946,0.000919322,1.83653e-05,5.07795e-06,0.0628746,0.120038,0.000301104,1.11864,66,7,0.987735,8.19997e-05
ERF_Log_File_20260212_1250.csv,sp,10,p02,5,2,filled_square,prism,CCS200_Spectrum_1454961062.csv,1.45496e+09,3.51604,0.00016973,0.530554,0.000748786,29.1588,0.740246,0.000125595,1.0061,1,0.00607203,1.23486e-05,0.74,0,6.35e-06,0.000289,8.31e-05,7.51e-06,0,6.93e-06,0.000142799,6.18e-05,2.89e-05,5.77e-06,2.54e-05,9.24e-06,2.15101e-05,4.04e-05,0.899292,0.000145781,239.366,0.0384762,-0.000115256,3.10473e-05,-3.68199e-05,3.10782e-05,-0.00100765,0.000444872,-0.000833235,0.00044487,-6.49669e-06,2.46304e-06,0.0313646,0.126008,0.000145705,1.11864,66,7,0.98735,8.3781e-05
ERF_Log_File_20260212_1311.csv,sp,10,p02,5,2,filled_square,prism,CCS200_Spectrum_1454962296.csv,1.45496e+09,3.09939,0.000118016,0.469144,0.000357819,29.1534,0.719831,0.000125589,1.03808,1,0.00575232,1.1882e-05,0.72,0,6.35e-06,0.000289,8.31e-05,7.51e-06,0,6.93e-06,0.000138808,6.18e-05,2.89e-05,5.77e-06,2.54e-05,9.24e-06,2.28821e-05,4.04e-05,0.902224,0.000123703,229.694,0.0312947,-0.000105571,2.61807e-05,3.92365e-05,2.62002e-05,-0.00143494,0.000325835,-0.00207484,0.000325833,7.37826e-06,1.80402e-06,0.0221153,0.102499,0.000106716,1.11864,66,7,0.986939,8.56536e-05
ERF_Log_File_20260212_1331.csv,sp,10,p02,5,2,filled_square,prism,CCS200_Spectrum_1454963530.csv,1.45496e+09,2.93166,0.000150634,0.427274,0.000190591,29.1519,0.702038,0.000125574,1.0938,1,0.00550836,1.0853e-05,0.702,0,6.35e-06,0.000289,8.31e-05,7.51e-06,0,6.93e-06,0.000135459,6.18e-05,2.89e-05,5.77e-06,2.54e-05,9.24e-06,2.4078e-05,4.04e-05,0.904842,8.37516e-05,232.635,0.0211704,-4.02636e-05,1.77151e-05,-1.72928e-05,1.77505e-05,-0.000713726,0.000358319,-0.00070273,0.000358317,3.89809e-06,1.98214e-06,0.0247034,0.0693322,0.000117357,1.11864,66,7,0.986561,8.7444e-05
ERF_Log_File_20260212_1352.csv,sp,10,p02,5,2,filled_square,prism,CCS200_Spectrum_1454964764.csv,1.45497e+09,2.95369,9.57301e-05,0.501263,0.000726376,29.1494,0.67535,0.000125559,0.873767,1,0.00535107,9.64098e-06,0.675,0,6.35e-06,0.000289,8.31e-05,7.51e-06,0,6.93e-06,0.000130371,6.18e-05,2.89e-05,5.77e-06,2.54e-05,9.24e-06,2.57916e-05,4.04e-05,0.908476,0.000107154,252.341,0.0291707,-1.61153e-05,2.25311e-05,-2.97137e-05,2.25847e-05,-0.00134166,0.000496514,-0.00141687,0.000496512,-7.18866e-06,2.74625e-06,0.0372791,0.0955379,0.000162616,1.11864,66,7,0.985954,9.04191e-05
ERF_Log_File_20260212_1413.csv,sp,10,p02,5,2,filled_square,prism,CCS200_Spectrum_1454965998.csv,1.45497e+09,2.76161,0.000203554,0.62266,0.000668576,29.1463,0.650366,0.000125546,0.980868,1,0.00548812,8.55414e-06,0.65,0,6.35e-06,0.000289,8.31e-05,7.51e-06,0,6.93e-06,0.000125557,6.18e-05,2.89e-05,5.77e-06,2.54e-05,9.24e-06,2.73896e-05,4.04e-05,0.911009,0.000145087,247.533,0.03852,3.38896e-05,3.03571e-05,-6.53914e-06,3.04403e-05,-0.000824531,0.000718081,-0.00100293,0.000718077,2.70752e-06,3.9703e-06,0.0530352,0.126154,0.000235184,1.11864,66,7,0.98534,9.35279e-05
ERF_Log_File_20260212_1433.csv,sp,10,p02,5,2,filled_square,prism,CCS200_Spectrum_1454967232.csv,1.45497e+09,2.29428,0.000237052,0.922374,0.0081378,29.1475,0.63069,0.000125749,1.41387,1,0.0066315,2.04505e-05,0.626,0,6.35e-06,0.000289,8.31e-05,7.51e-06,0,6.93e-06,0.000121713,6.18e-05,2.89e-05,5.77e-06,2.54e-05,9.24e-06,2.86969e-05,4.04e-05,0.912683,0.000142498,214.012,0.0331607,9.10328e-05,2.98776e-05,-8.58087e-05,2.99043e-05,0.000320615,0.000406801,-0.000314605,0.000406799,9.02222e-06,2.25206e-06,0.0260241,0.108607,0.000133235,1.11864,66,7,0.984824,9.62771e-05
ERF_Log_File_20260212_1454.csv,sp,10,p02,5,2,filled_square,prism,CCS200_Spectrum_1454968465.csv,1.45497e+09,2.48492,0.000224032,0.908914,0.00410135,29.148,0.603795,0.000125515,1.55547,1,0.0038094,4.83318e-06,0.604,0,6.35e-06,0.000289,8.31e-05,7.51e-06,0,6.93e-06,0.000116451,6.18e-05,2.89e-05,5.77e-06,2.54e-05,9.24e-06,3.04851e-05,4.04e-05,0.914326,0.000174715,122.722,0.0232929,0.000144744,3.65184e-05,-0.000135114,3.65473e-05,-0.000291,0.000468815,-0.000926443,0.000468813,7.16004e-06,2.59566e-06,0.0172468,0.075935,0.000153703,1.11847,66,7,0.984066,0.000100538
ERF_Log_File_20260212_1514.csv,sp,10,p02,5,2,filled_square,prism,CCS200_Spectrum_1454969701.csv,1.45497e+09,2.46543,0.000184917,0.526624,0.00270986,29.1464,0.991706,0.000125804,1.18379,1,0.0123636,2.40191e-05,0.992,0,6.35e-06,0.000289,8.31e-05,7.51e-06,0,6.93e-06,0.000191429,6.18e-05,2.89e-05,5.77e-06,2.54e-05,9.24e-06,1.17265e-05,4.04e-05,0.892799,9.14052e-05,279.136,0.0278106,-0.000220302,1.94529e-05,9.73551e-05,1.95158e-05,-0.00107052,0.000499588,-0.000281185,0.000499586,4.08403e-06,2.76133e-06,0.0407777,0.0910732,0.000163626,1.11864,66,7,0.990836,7.07585e-05
ERF_Log_File_20260212_1535.csv,sp,10,p02,5,2,filled_square,prism,CCS200_Spectrum_1454970935.csv,1.45497e+09,2.7501,0.000150775,0.919624,0.00894182,29.15,0.582907,0.000125518,0.873125,1,0.00343532,5.22146e-06,0.583,0,6.35e-06,0.000289,8.31e-05,7.51e-06,0,6.93e-06,0.000112523,6.18e-05,2.89e-05,5.77e-06,2.54e-05,9.24e-06,3.31801e-05,4.04e-05,0.914913,0.000238788,142.469,0.037119,0.00029456,4.7589e-05,-0.000142803,4.75989e-05,-0.000860572,0.000326378,-0.000750472,0.000326376,-2.14663e-06,1.80792e-06,0.0139339,0.121552,0.000106899,1.11864,66,7,0.983433,0.000104307
ERF_Log_File_20260213_0923.csv,sp,10,p02,5,2,filled_square,prism,CCS200_Spectrum_1455035002.csv,1.45504e+09,3.52902,0.00029138,0.921594,0.0110209,29.0748,0.564138,0.000125512,1.00714,1,0.00308491,4.32428e-06,0.564,0,6.35e-06,0.000289,8.31e-05,7.51e-06,0,6.93e-06,0.000108923,6.18e-05,2.89e-05,5.77e-06,2.54e-05,9.24e-06,3.58623e-05,4.04e-05,0.915598,0.000128372,191.429,0.0266689,0.000278975,2.67748e-05,-0.00015515,2.67948e-05,3.20812e-05,0.000334417,-0.000190304,0.000334416,1.88356e-05,1.85167e-06,0.0192103,0.0870754,0.000109603,1.11854,66,7,0.982828,0.000108188
ERF_Log_File_20260213_0943.csv,sp,10,p02,5,2,filled_square,prism,CCS200_Spectrum_1455036235.csv,1.45504e+09,2.7821,0.000220139,0.911131,0.00528831,29.0793,0.545427,0.000125509,0.932608,1,0.00287953,3.68039e-06,0.545,0,6.35e-06,0.000289,8.31e-05,7.51e-06,0,6.93e-06,0.000105278,6.18e-05,2.89e-05,5.77e-06,2.54e-05,9.24e-06,3.84916e-05,4.04e-05,0.91508,0.000162658,157.625,0.0279036,0.000306999,3.36495e-05,2.07188e-05,3.36658e-05,0.000637205,0.000340817,0.000445259,0.000340815,-1.47213e-05,1.88754e-06,0.0161715,0.089554,0.000112115,1.11709,66,7,0.98219,0.000112429
ERF_Log_File_20260213_1004.csv,sp,10,p02,5,2,filled_square,prism,CCS200_Spectrum_1455037469.csv,1.45504e+09,2.60657,0.000205862,0.896928,0.00168661,29.0808,0.52681,0.000125514,0.858258,1,0.00253707,4.47386e-06,0.528,0,6.35e-06,0.000289,8.31e-05,7.51e-06,0,6.93e-06,0.000101638,6.18e-05,2.89e-05,5.77e-06,2.54e-05,9.24e-06,4.097e-05,4.04e-05,0.91328,0.000201122,154.78,0.0339767,0.000467297,4.13668e-05,-0.000134635,4.13824e-05,-0.000607166,0.000372519,0.000481683,0.000372518,2.0858e-05,2.0631e-06,0.0173424,0.108454,0.000122685,1.11645,66,7,0.981518,0.000117064
ERF_Log_File_20260213_1024.csv,sp,10,p02,5,2,filled_square,prism,CCS200_Spectrum_1455038703.csv,1.45504e+09,4.5876,0.0004151,0.922304,0.00363389,29.0834,0.513376,0.000125866,1.08358,1,0.00404193,2.38965e-05,0.512,0,6.35e-06,0.000289,8.31e-05,7.51e-06,0,6.93e-06,9.90895e-05,6.18e-05,2.89e-05,5.77e-06,2.54e-05,9.24e-06,4.27584e-05,4.04e-05,0.911093,0.000414461,56.1337,0.0254907,0.000417822,8.29816e-05,-0.000144119,8.29989e-05,0.000314098,0.000570742,0.000967084,0.00057074,5.03396e-06,3.16145e-06,0.0096031,0.0817767,0.000187769,1.11739,66,7,0.981008,0.00012069
ERF_Log_File_20260213_1128.csv,sp,10,p02,5,2,filled_square,prism,CCS200_Spectrum_1455042526.csv,1.45504e+09,4.9586,0.000565173,0.400737,0.000621154,29.0906,0.282302,0.00013399,0.217369,1,0.00168448,0.000113751,0.283,0,6.35e-06,0.000289,8.31e-05,7.51e-06,0,6.93e-06,5.4504e-05,6.18e-05,2.89e-05,5.77e-06,2.54e-05,9.24e-06,0.000123406,4.04e-05,0.0181839,0.000138786,9.52448,0.0205047,0.00168761,0.000429655,-0.000746142,0.000555802,-0.346743,0.155271,-0.156301,0.155254,-0.000757136,0.000619955,0.00881774,0.0661207,0.0509066,1.11852,66,7,0.968213,6.18619e-06
ERF_Log_File_20260213_1149.csv,sp,10,p02,5,2,filled_square,prism,CCS200_Spectrum_1455043800.csv,1.45504e+09,5.19334,0.000571425,0.39961,0.000737855,29.0944,0.289252,0.000143792,0.140921,1,0.00155143,0.00016954,0.29,0,6.35e-06,0.000289,8.31e-05,7.51e-06,0,6.93e-06,5.5827e-05,6.18e-05,2.89e-05,5.77e-06,2.54e-05,9.24e-06,0.000123406,4.04e-05,0.0128303,0.000151189,9.5907,0.0240874,0.00097164,0.000503804,-0.00157627,0.000688127,0.340055,0.244175,-0.036108,0.244144,-0.000637073,0.000824477,0.00983952,0.0779054,0.079956,1.11864,66,7,0.968716,4.18793e-06
ERF_Log_File_20260213_1210.csv,sp,10,p02,5,2,filled_square,prism,CCS200_Spectrum_1455045074.csv,1.45505e+09,4.64865,0.000408691,0.541857,0.000935781,29.0961,0.303498,0.000130527,0.264846,1,0.00153358,8.66444e-05,0.304,0,6.35e-06,0.000289,8.31e-05,7.51e-06,0,6.93e-06,5.86481e-05,6.18e-05,2.89e-05,5.77e-06,2.54e-05,9.24e-06,0.000118349,4.04e-05,0.0123345,9.44294e-05,15.9716,0.024583,0.000357056,0.000309053,0.000105631,0.000426513,0.131666,0.159067,0.341689,0.159085,0.0010374,0.00051669,0.010264,0.0794617,0.0521105,1.11864,66,7,0.969729,3.71137e-06
ERF_Log_File_20260213_1232.csv,sp,10,p02,5,2,filled_square,prism,CCS200_Spectrum_1455046349.csv,1.45505e+09,3.85767,0.000279484,0.430591,0.000563161,29.0955,0.311339,0.000128185,0.380462,1,0.00169007,6.31719e-05,0.312,0,6.35e-06,0.000289,8.31e-05,7.51e-06,0,6.93e-06,6.00512e-05,6.18e-05,2.89e-05,5.77e-06,2.54e-05,9.24e-06,0.000107013,4.04e-05,0.01208,7.13523e-05,13.6299,0.0129635,0.000623363,0.000191595,-9.68052e-05,0.000272705,0.136034,0.123645,-0.124944,0.123645,0.000322462,0.000340985,0.00667054,0.0417477,0.040516,1.11862,66,7,0.970274,3.48202e-06
ERF_Log_File_20260213_1253.csv,sp,10,p02,5,2,filled_square,prism,CCS200_Spectrum_1455047596.csv,1.45505e+09,2.26485,8.25803e-05,0.343607,0.000147576,29.0987,0.326772,0.000125609,1.0691,1,0.00191734,1.2733e-05,0.327,0,6.35e-06,0.000289,8.31e-05,7.51e-06,0,6.93e-06,6.31269e-05,6.18e-05,2.89e-05,5.77e-06,2.54e-05,9.24e-06,8.69615e-05,4.04e-05,0.00535693,2.54457e-05,43.7159,0.0660776,-0.000432934,0.000300801,-0.00127119,0.000378811,0.0849899,0.0954556,-0.0316376,0.0954547,-0.00147965,0.000404597,0.00680926,0.272024,0.0290776,1.0851,66,7,0.97132,1.42392e-06
ERF_Log_File_20260213_1313.csv,sp,10,p02,5,2,filled_square,prism,CCS200_Spectrum_1455048838.csv,1.45505e+09,2.65961,9.74852e-05,0.307245,0.000763836,29.1008,0.334741,0.000125557,1.15943,1,0.00191021,9.22081e-06,0.335,0,6.35e-06,0.000289,8.31e-05,7.51e-06,0,6.93e-06,6.4664e-05,6.18e-05,2.89e-05,5.77e-06,2.54e-05,9.24e-06,8.56139e-05,4.04e-05,0.0150854,2.18138e-05,52.3213,0.0286298,2.14922e-05,0.000108577,-0.000446684,0.000131201,-0.00925399,0.0283763,-0.0116409,0.0283762,-0.000352805,0.000129431,0.00732992,0.0934732,0.00928646,1.11863,66,7,0.971845,3.85206e-06
ERF_Log_File_20260213_1334.csv,sp,10,p02,5,2,filled_square,prism,CCS200_Spectrum_1455050076.csv,1.45505e+09,2.44054,5.1668e-05,0.291845,0.000119725,29.1017,0.339823,0.000125568,0.99518,1,0.00193635,1.00539e-05,0.34,0,6.35e-06,0.000289,8.31e-05,7.51e-06,0,6.93e-06,6.55848e-05,6.18e-05,2.89e-05,5.77e-06,2.54e-05,9.24e-06,8.47546e-05,4.04e-05,0.0543179,3.61558e-05,48.5854,0.0254909,-9.59129e-05,0.000103042,-5.35206e-05,0.000106456,0.00939438,0.0086834,-0.00742971,0.00868336,3.17261e-05,4.69882e-05,0.00750541,0.0834135,0.00284398,1.11864,66,7,0.972175,1.35272e-05
ERF_Log_File_20260213_1354.csv,sp,10,p02,5,2,filled_square,prism,CCS200_Spectrum_1455051315.csv,1.45505e+09,2.39,9.28658e-05,0.274922,0.000125244,29.1059,0.34563,0.000125586,1.04818,1,0.00196245,1.12951e-05,0.346,0,6.35e-06,0.000289,8.31e-05,7.51e-06,0,6.93e-06,6.66807e-05,6.18e-05,2.89e-05,5.77e-06,2.54e-05,9.24e-06,8.37726e-05,4.04e-05,0.14162,0.000123102,48.3795,0.0415754,3.31974e-07,0.000166676,3.34196e-05,0.0001669,0.000155388,0.00277026,0.00655811,0.00277024,0.000249427,1.53306e-05,0.00621615,0.136211,0.000907289,1.11864,66,7,0.972547,3.42932e-05
ERF_Log_File_20260213_1415.csv,sp,10,p02,5,2,filled_square,prism,CCS200_Spectrum_1455052551.csv,1.45505e+09,2.67902,5.67699e-05,0.271566,9.86388e-05,29.1105,0.350617,0.000125554,1.00836,1,0.00196251,8.93136e-06,0.351,0,6.35e-06,0.000289,8.31e-05,7.51e-06,0,6.93e-06,6.76036e-05,6.18e-05,2.89e-05,5.77e-06,2.54e-05,9.24e-06,8.32716e-05,4.04e-05,0.24764,0.000125222,55.3441,0.0275714,-6.79432e-05,9.68799e-05,0.000134281,9.70503e-05,0.000131369,0.00183713,-0.000795087,0.00183712,0.000141017,1.0164e-05,0.0082464,0.0903074,0.000601698,1.11864,66,7,0.972862,5.85625e-05
ERF_Log_File_20260213_1436.csv,sp,10,p02,5,2,filled_square,prism,CCS200_Spectrum_1455053788.csv,1.45505e+09,3.07954,0.000109644,0.274932,0.000168669,29.1117,0.35654,0.000125539,1.18803,1,0.00199472,7.5709e-06,0.357,0,6.35e-06,0.000289,8.31e-05,7.51e-06,0,6.93e-06,6.88045e-05,6.18e-05,2.89e-05,5.77e-06,2.54e-05,9.24e-06,8.55547e-05,4.04e-05,0.383764,9.98781e-05,65.8252,0.0166355,-0.000185036,4.93647e-05,7.87851e-06,4.95373e-05,-0.00236851,0.00131807,-0.00338447,0.00131806,9.89361e-05,7.28477e-06,0.0109051,0.054483,0.000431695,1.11864,66,7,0.973231,8.82838e-05
ERF_Log_File_20260213_1456.csv,sp,10,p02,5,2,filled_square,prism,CCS200_Spectrum_1455055023.csv,1.45506e+09,3.49045,9.76202e-05,0.281746,0.000530688,29.1166,0.362405,0.00012555,1.08126,1,0.00204806,8.57731e-06,0.363,0,6.35e-06,0.000289,8.31e-05,7.51e-06,0,6.93e-06,6.99345e-05,6.18e-05,2.89e-05,5.77e-06,2.54e-05,9.24e-06,8.78158e-05,4.04e-05,0.499936,0.000216445,77.1012,0.033256,-0.000246912,8.17525e-05,2.81961e-05,8.17886e-05,-0.000469347,0.000792304,-0.000563598,0.000792301,0.000233358,4.3879e-06,0.00999117,0.109478,0.00025921,1.11851,66,7,0.97359,0.000111971
ERF_Log_File_20260213_1517.csv,sp,10,p02,5,2,filled_square,prism,CCS200_Spectrum_1455056259.csv,1.45506e+09,3.95479,0.000103653,0.28712,0.000234506,29.1209,0.367485,0.000125548,1.14668,1,0.00209326,8.42212e-06,0.368,0,6.35e-06,0.000289,8.31e-05,7.51e-06,0,6.93e-06,7.09265e-05,6.18e-05,2.89e-05,5.77e-06,2.54e-05,9.24e-06,8.97741e-05,4.04e-05,0.574434,0.000190619,88.3026,0.0290406,-0.000178318,6.3583e-05,0.000121979,6.36501e-05,-0.0035567,0.000937813,0.00180565,0.000937808,0.000137608,5.19109e-06,0.0155789,0.0951461,0.000307135,1.11864,66,7,0.973896,0.000125763
ERF_Log_File_20260213_1537.csv,sp,10,p02,5,2,filled_square,prism,CCS200_Spectrum_1455057493.csv,1.45506e+09,4.49922,9.25026e-05,0.291932,0.000158885,29.1221,0.373646,0.000125537,1.1058,1,0.00213882,7.39826e-06,0.374,0,6.35e-06,0.000289,8.31e-05,7.51e-06,0,6.93e-06,7.20683e-05,6.18e-05,2.89e-05,5.77e-06,2.54e-05,9.24e-06,9.21494e-05,4.04e-05,0.646928,0.000163166,99.0347,0.0247599,-0.000396013,4.83205e-05,0.000212066,4.83704e-05,0.000112982,0.000705375,-0.00122126,0.000705372,0.000117901,3.90481e-06,0.0148011,0.0811006,0.000231024,1.11864,66,7,0.974262,0.000137849
ERF_Log_File_20260213_1558.csv,sp,10,p02,5,2,filled_square,prism,CCS200_Spectrum_1455058728.csv,1.45506e+09,4.6734,0.000156949,0.298153,0.000395718,29.1279,0.380889,0.000125528,1.19483,1,0.00219731,6.39803e-06,0.381,0,6.35e-06,0.000289,8.31e-05,7.51e-06,0,6.93e-06,7.35274e-05,6.18e-05,2.89e-05,5.77e-06,2.54e-05,9.24e-06,8.62253e-05,4.04e-05,0.739826,0.000297294,96.9255,0.0388762,-0.000330695,7.35918e-05,4.80211e-05,7.36081e-05,3.42542e-05,0.000520013,-0.000577972,0.000520011,0.000146916,2.88004e-06,0.0122128,0.127339,0.000170316,1.11864,66,7,0.974685,0.000152811
ERF_Log_File_20260213_1619.csv,sp,10,p02,5,2,filled_square,prism,CCS200_Spectrum_1455059962.csv,1.45506e+09,5.13092,0.000219306,0.301928,0.000303836,29.1303,0.386747,0.000125537,1.20406,1,0.00232346,7.43497e-06,0.387,0,6.35e-06,0.000289,8.31e-05,7.51e-06,0,6.93e-06,7.46208e-05,6.18e-05,2.89e-05,5.77e-06,2.54e-05,9.24e-06,7.98137e-05,4.04e-05,0.794517,0.000204701,101.563,0.0250568,-0.000538118,4.82648e-05,0.00015674,4.85163e-05,-0.00512211,0.00157389,-0.000786659,0.00157388,9.00479e-05,8.68816e-06,0.0416014,0.0820066,0.000515554,1.11863,66,7,0.97502,0.000160115
ERF_Log_File_20260213_1639.csv,sp,10,p02,5,2,filled_square,prism,CCS200_Spectrum_1455061196.csv,1.45506e+09,2.7658,0.000121816,0.306359,0.000190035,29.1322,0.392711,0.000125546,0.95914,1,0.00232446,8.27479e-06,0.393,0,6.35e-06,0.000289,8.31e-05,7.51e-06,0,6.93e-06,7.58276e-05,6.18e-05,2.89e-05,5.77e-06,2.54e-05,9.24e-06,7.32854e-05,4.04e-05,0.828435,0.00027723,104.659,0.0348018,-0.000511418,6.39055e-05,0.000243013,6.39531e-05,-0.000254302,0.000796814,-0.00184409,0.000796811,9.50346e-05,4.41205e-06,0.0226269,0.113992,0.000260971,1.11864,66,7,0.975356,0.000162898
ERF_Log_File_20260213_1700.csv,sp,10,p02,5,2,filled_square,prism,CCS200_Spectrum_1455062430.csv,1.45506e+09,5.27802,0.000206654,0.313037,0.000934768,29.1377,0.40068,0.00012554,1.26497,1,0.00240815,7.77826e-06,0.401,0,6.35e-06,0.000289,8.31e-05,7.51e-06,0,6.93e-06,7.73821e-05,6.18e-05,2.89e-05,5.77e-06,2.54e-05,9.24e-06,6.51453e-05,4.04e-05,0.85669,0.000211488,94.633,0.023081,-0.000507497,4.73312e-05,0.000196234,4.73986e-05,0.000821919,0.000808934,-0.00240645,0.000808931,6.91708e-05,4.47659e-06,0.021479,0.0755954,0.000264943,1.11864,66,7,0.975796,0.00016315
ERF_Log_File_20260213_1720.csv,sp,10,p02,5,2,filled_square,prism,CCS200_Spectrum_1455063664.csv,1.45506e+09,5.21168,0.00012874,0.331674,0.000290181,29.1382,0.407289,0.000125577,1.04751,1,0.00231601,1.07248e-05,0.408,0,6.35e-06,0.000289,8.31e-05,7.51e-06,0,6.93e-06,7.85948e-05,6.18e-05,2.89e-05,5.77e-06,2.54e-05,9.24e-06,6.35754e-05,4.04e-05,0.869047,0.000288212,89.642,0.0295861,-0.000634558,6.30247e-05,0.000380987,6.30604e-05,-0.00156753,0.000688593,-0.000731436,0.00068859,5.60942e-05,3.81327e-06,0.0175704,0.0968743,0.000225543,1.11864,66,7,0.976153,0.000161272
ERF_Log_File_20260213_1741.csv,sp,10,p02,5,2,filled_square,prism,CCS200_Spectrum_1455064898.csv,1.45507e+09,2.96424,9.02843e-05,0.352154,0.000231843,29.1396,0.414247,0.000125536,1.3093,1,0.00254867,7.33674e-06,0.415,0,6.35e-06,0.000289,8.31e-05,7.51e-06,0,6.93e-06,7.98729e-05,6.18e-05,2.89e-05,5.77e-06,2.54e-05,9.24e-06,6.19228e-05,4.04e-05,0.879227,0.000416931,97.8873,0.0463271,-0.000503611,8.7108e-05,0.000111522,8.71282e-05,-0.000391009,0.000629761,-0.00188775,0.000629758,5.09026e-05,3.48782e-06,0.017739,0.15222,0.000206112,1.11861,66,7,0.976521,0.000158876
ERF_Log_File_20260213_1801.csv,sp,10,p02,5,2,filled_square,prism,CCS200_Spectrum_1455066132.csv,1.45507e+09,3.17661,0.000105916,0.377658,0.0003739,29.1435,0.421347,0.000125544,1.13683,1,0.00264222,8.16833e-06,0.422,0,6.35e-06,0.000289,8.31e-05,7.51e-06,0,6.93e-06,8.13747e-05,6.18e-05,2.89e-05,5.77e-06,2.54e-05,9.24e-06,6.02365e-05,4.04e-05,0.886542,0.00034123,101.106,0.0388401,-0.00043545,7.067e-05,0.000103766,7.06864e-05,-0.00070734,0.000509069,-0.000158965,0.000509067,5.0836e-05,2.81973e-06,0.0149427,0.127293,0.000166707,1.11864,66,7,0.976889,0.000156012
ERF_Log_File_20260213_1822.csv,sp,10,p02,5,2,filled_square,prism,CCS200_Spectrum_1455067366.csv,1.45507e+09,3.01872,0.00013448,0.401876,0.00048247,29.1431,0.428184,0.000125544,1.17698,1,0.00274746,8.17181e-06,0.429,0,6.35e-06,0.000289,8.31e-05,7.51e-06,0,6.93e-06,8.2666e-05,6.18e-05,2.89e-05,5.77e-06,2.54e-05,9.24e-06,5.85193e-05,4.04e-05,0.890221,0.00030973,92.9494,0.0322385,-0.000395167,6.53034e-05,0.000106043,6.53275e-05,-0.00128935,0.000581978,-0.00180624,0.000581975,4.504e-05,3.22332e-06,0.0157708,0.105627,0.000190595,1.11864,66,7,0.977236,0.000152815
ERF_Log_File_20260213_1843.csv,sp,10,p02,5,2,filled_square,prism,CCS200_Spectrum_1455068600.csv,1.45507e+09,2.96827,0.000131372,0.450441,0.000391181,29.1441,0.440582,0.000125535,1.01931,1,0.00291718,7.29086e-06,0.441,0,6.35e-06,0.000289,8.31e-05,7.51e-06,0,6.93e-06,8.50697e-05,6.18e-05,2.89e-05,5.77e-06,2.54e-05,9.24e-06,5.52119e-05,4.04e-05,0.896919,0.00038771,86.5587,0.037352,-3.62327e-05,7.87749e-05,3.3779e-05,7.87912e-05,0.000213345,0.000538201,0.000119781,0.000538199,4.32185e-05,2.98103e-06,0.0136847,0.122349,0.000176268,1.11864,66,7,0.977848,0.000147416
ERF_Log_File_20260216_0839.csv,sp,10,p02,5,2,filled_square,prism,CCS200_Spectrum_1455291599.csv,1.45529e+09,3.17431,0.000142501,0.517669,0.00376022,29.0779,0.452395,0.000125542,1.19804,1,0.00307039,7.9726e-06,0.453,0,6.35e-06,0.000289,8.31e-05,7.51e-06,0,6.93e-06,8.73417e-05,6.18e-05,2.89e-05,5.77e-06,2.54e-05,9.24e-06,5.23612e-05,4.04e-05,0.901874,0.000464901,89.0395,0.045765,1.87678e-06,9.64974e-05,-2.52932e-05,9.65309e-05,-0.000412074,0.000832601,-0.000745317,0.000832598,6.1203e-05,4.61133e-06,0.02189,0.150136,0.000272596,1.11863,66,7,0.97841,0.000142487
ERF_Log_File_20260216_0900.csv,sp,10,p02,5,2,filled_square,prism,CCS200_Spectrum_1455292833.csv,1.45529e+09,3.24417,0.000127036,0.598887,0.00524931,29.0825,0.46596,0.000125521,1.33685,1,0.00327821,5.63226e-06,0.467,0,6.35e-06,0.000289,8.31e-05,7.51e-06,0,6.93e-06,8.99771e-05,6.18e-05,2.89e-05,5.77e-06,2.54e-05,9.24e-06,5.04451e-05,4.04e-05,0.904768,0.00036361,87.5746,0.0351158,0.000440873,7.4353e-05,-6.65489e-05,7.43727e-05,0.00010309,0.000569958,0.00142733,0.000569956,-1.257e-06,3.15697e-06,0.0147917,0.114982,0.000186682,1.11864,66,7,0.979031,0.000136902
ERF_Log_File_20260216_0920.csv,sp,10,p02,5,2,filled_square,prism,CCS200_Spectrum_1455294067.csv,1.45529e+09,4.51464,0.000300852,0.801929,0.00246509,29.0834,0.480181,0.000125547,1.56657,1,0.00347129,8.49023e-06,0.481,0,6.35e-06,0.000289,8.31e-05,7.51e-06,0,6.93e-06,9.27595e-05,6.18e-05,2.89e-05,5.77e-06,2.54e-05,9.24e-06,4.82089e-05,4.04e-05,0.907084,0.000166681,117.712,0.0213541,0.000457625,3.52257e-05,-0.000178778,3.52789e-05,-7.61642e-05,0.000620289,0.000833374,0.000620286,-3.0337e-06,3.43303e-06,0.0216971,0.0698611,0.000203204,1.11857,66,7,0.979654,0.000131507
ERF_Log_File_20260216_0941.csv,sp,10,p02,5,2,filled_square,prism,CCS200_Spectrum_1455295301.csv,1.4553e+09,2.76965,0.000420737,0.908539,0.00303441,29.0866,0.494832,0.000125571,1.22511,1,0.00394576,1.04986e-05,0.496,0,6.35e-06,0.000289,8.31e-05,7.51e-06,0,6.93e-06,9.55212e-05,6.18e-05,2.89e-05,5.77e-06,2.54e-05,9.24e-06,4.54961e-05,4.04e-05,0.907879,0.000327723,69.6636,0.0250414,0.000507407,6.83769e-05,-0.000322476,6.84107e-05,0.00011106,0.000700137,-0.000194727,0.000700134,1.91512e-05,3.87741e-06,0.0145068,0.0819151,0.000229371,1.11861,66,7,0.980269,0.000126281
ERF_Log_File_20260216_1001.csv,sp,10,p02,5,2,filled_square,prism,CCS200_Spectrum_1455296535.csv,1.4553e+09,2.51995,0.000215597,0.905676,0.00286777,29.0913,0.603588,0.000125516,1.51545,1,0.00382155,4.92596e-06,0.604,0,6.35e-06,0.000289,8.31e-05,7.51e-06,0,6.93e-06,0.000116419,6.18e-05,2.89e-05,5.77e-06,2.54e-05,9.24e-06,3.04988e-05,4.04e-05,0.915022,0.00020231,123.692,0.0272311,8.82035e-05,4.1903e-05,-2.65943e-05,4.19242e-05,-0.000413233,0.000433333,-0.000186323,0.000433331,1.28524e-05,2.39964e-06,0.0160636,0.089179,0.000141928,1.11864,66,7,0.98406,0.000100648
ERF_Log_File_20260216_1059.csv,sp,10,p02,5,2,filled_square,prism,ERF_OSA207_Spectra_20260216_1059.csv,1.4553e+09,4.79862,0.000299895,0.497329,0.0016122,29.091,1.01013,5.54331e-06,0.0032079,2,0.0103554,2.24832e-05,1.01,0,6.35e-06,0.000289,8.31e-05,7.51e-06,0,6.93e-06,0.000195681,6.18e-05,2.89e-05,5.77e-06,2.54e-05,9.24e-06,1.1296e-05,4.04e-05,0.896579,9.30944e-05,269.507,0.0221556,-0.000197691,1.61443e-05,5.83053e-05,1.66673e-05,0.00452192,0.00134454,0.00344753,0.00134454,1.72614e-06,7.27942e-06,0.106408,0.0724964,0.000440367,1.11864,66,7,0.991006,7.03738e-05
ERF_Log_File_20260216_1120.csv,sp,10,p02,5,2,filled_square,prism,ERF_OSA207_Spectra_20260216_1120.csv,1.4553e+09,2.88714,6.3364e-05,0.436507,0.000332991,29.09,1.05459,2.8116e-06,0.00522733,2,0.00863067,5.37831e-05,1.056,0,6.35e-06,0.000289,8.31e-05,7.51e-06,0,6.93e-06,0.0002032,6.18e-05,2.89e-05,5.77e-06,2.54e-05,9.24e-06,1.06679e-05,4.04e-05,0.902239,7.78611e-05,298.49,0.0251885,-0.000159701,1.64586e-05,7.29949e-05,1.65023e-05,-0.00129753,0.000382876,-0.000487775,0.000382875,-8.07021e-07,2.11717e-06,0.0337934,0.0822477,0.000125481,1.11842,66,7,0.991382,6.92059e-05
ERF_Log_File_20260216_1141.csv,sp,10,p02,5,2,filled_square,prism,ERF_OSA207_Spectra_20260216_1141.csv,1.4553e+09,4.7412,0.000417969,0.406892,0.000524782,29.0933,1.08124,3.76922e-06,0.00399277,2,0.00951105,8.50086e-05,1.081,0,6.35e-06,0.000289,8.31e-05,7.51e-06,0,6.93e-06,0.000208399,6.18e-05,2.89e-05,5.77e-06,2.54e-05,9.24e-06,1.02914e-05,4.04e-05,0.905522,0.000147999,231.301,0.0221807,-0.000155192,1.88975e-05,7.78562e-05,2.06202e-05,0.00116485,0.00280574,0.00217471,0.00280573,-4.83289e-06,1.44941e-05,0.192469,0.0724565,0.000918934,1.11864,66,7,0.991585,6.85174e-05
ERF_Log_File_20260216_1202.csv,sp,10,p02,5,2,filled_square,prism,ERF_OSA207_Spectra_20260216_1202.csv,1.4553e+09,3.02797,0.000100214,0.379128,0.000237204,29.0965,1.1069,2.67663e-06,0.00469049,2,0.00959464,5.87192e-05,1.107,0,6.35e-06,0.000289,8.31e-05,7.51e-06,0,6.93e-06,0.000213608,6.18e-05,2.89e-05,5.77e-06,2.54e-05,9.24e-06,9.98299e-06,4.04e-05,0.908325,6.98884e-05,277.319,0.0211027,-0.000122571,1.47517e-05,-6.25036e-07,1.47709e-05,-0.00125942,0.000241308,-0.000683663,0.000241307,3.69547e-06,1.33546e-06,0.0199088,0.0691018,7.90358e-05,1.11864,66,7,0.991767,6.78417e-05
ERF_Log_File_20260216_1223.csv,sp,10,p02,5,2,filled_square,prism,ERF_OSA207_Spectra_20260216_1223.csv,1.45531e+09,3.48637,6.42814e-05,0.355307,0.000228352,29.0977,1.13363,2.48589e-06,0.00515357,2,0.00998395,6.45201e-05,1.134,0,6.35e-06,0.000289,8.31e-05,7.51e-06,0,6.93e-06,0.000219101,6.18e-05,2.89e-05,5.77e-06,2.54e-05,9.24e-06,9.81447e-06,4.04e-05,0.911004,0.000107016,298.375,0.0349098,-9.59858e-05,2.22238e-05,1.4656e-05,2.22343e-05,-0.00081304,0.00022263,-0.000710451,0.000222629,-1.03577e-06,1.23296e-06,0.0198223,0.114275,7.2924e-05,1.11864,66,7,0.991943,6.71353e-05
ERF_Log_File_20260216_1244.csv,sp,10,p02,5,2,filled_square,prism,ERF_OSA207_Spectra_20260216_1244.csv,1.45531e+09,3.33094,7.49761e-05,0.332728,0.00022435,29.1019,1.16301,7.41013e-06,0.00496757,2,0.0103756,0.000144905,1.163,0,6.35e-06,0.000289,8.31e-05,7.51e-06,0,6.93e-06,0.000225165,6.18e-05,2.89e-05,5.77e-06,2.54e-05,9.24e-06,9.62921e-06,4.04e-05,0.913995,0.000111521,262.241,0.0317509,-0.000141298,2.33522e-05,-2.18398e-05,2.33735e-05,-0.00117634,0.000320396,0.000159303,0.000320394,-7.61797e-07,1.77369e-06,0.0251527,0.103971,0.000104939,1.11864,66,7,0.992121,6.63828e-05
ERF_Log_File_20260216_1305.csv,sp,10,p02,5,2,filled_square,prism,ERF_OSA207_Spectra_20260216_1305.csv,1.45531e+09,3.32251,7.70772e-05,0.311917,0.000111139,29.107,1.19226,3.295e-06,0.00469715,2,0.0111783,8.18386e-05,1.193,0,6.35e-06,0.000289,8.31e-05,7.51e-06,0,6.93e-06,0.000229768,6.18e-05,2.89e-05,5.77e-06,2.54e-05,9.24e-06,9.44482e-06,4.04e-05,0.91742,0.000126491,242.264,0.0330311,-0.00010223,2.64344e-05,5.26712e-05,2.64693e-05,-0.00147937,0.000434616,-0.000295533,0.000434614,-2.1696e-06,2.40572e-06,0.0316375,0.108177,0.000142346,1.11864,66,7,0.992284,6.56909e-05
ERF_Log_File_20260216_1326.csv,sp,10,p02,5,2,filled_square,prism,ERF_OSA207_Spectra_20260216_1326.csv,1.45531e+09,3.84718,7.44099e-05,0.308712,0.000115963,29.109,1.22351,3.42443e-06,0.00491613,2,0.0117017,8.08798e-05,1.225,0,6.35e-06,0.000289,8.31e-05,7.51e-06,0,6.93e-06,0.000236417,6.18e-05,2.89e-05,5.77e-06,2.54e-05,9.24e-06,9.05421e-06,4.04e-05,0.920483,9.19652e-05,258.574,0.0254756,-9.47709e-05,1.91469e-05,-1.10749e-05,1.91785e-05,-0.00166007,0.000351564,-0.000416027,0.000351563,2.91041e-06,1.94535e-06,0.0274083,0.0833996,0.000115155,1.11864,66,7,0.992444,6.49409e-05
ERF_Log_File_20260216_1348.csv,sp,10,p02,5,2,filled_square,prism,ERF_OSA207_Spectra_20260216_1347.csv,1.45531e+09,4.19701,7.58204e-05,0.310902,0.000125171,29.1125,1.25704,3.01324e-06,0.00504543,2,0.0122796,7.69971e-05,1.259,0,6.35e-06,0.000289,8.31e-05,7.51e-06,0,6.93e-06,0.000241956,6.18e-05,2.89e-05,5.77e-06,2.54e-05,9.24e-06,8.56687e-06,4.04e-05,0.923149,9.12357e-05,258.069,0.0251809,-3.34638e-05,1.8946e-05,-8.39044e-06,1.89746e-05,-0.00149601,0.000333049,-0.000171334,0.000333048,2.45234e-06,1.84322e-06,0.0259867,0.0824706,0.00010908,1.11864,66,7,0.992599,6.41394e-05
ERF_Log_File_20260216_1413.csv,sp,10,p02,5,2,filled_square,prism,ERF_OSA207_Spectra_20260216_1413.csv,1.45531e+09,4.64187,0.000175565,0.312996,0.000604544,29.1174,1.29416,3.0642e-06,0.0052544,2,0.0130702,8.24565e-05,1.295,0,6.35e-06,0.000289,8.31e-05,7.51e-06,0,6.93e-06,0.000249952,6.18e-05,2.89e-05,5.77e-06,2.54e-05,9.24e-06,8.02723e-06,4.04e-05,0.925809,0.000174765,258.798,0.0486908,-2.46109e-05,3.55102e-05,1.74471e-06,3.55242e-05,-0.000629507,0.00032604,-0.000261843,0.000326038,-8.70533e-06,1.8054e-06,0.0255823,0.159551,0.000106772,1.11864,66,7,0.992754,6.33007e-05
ERF_Log_File_20260216_1435.csv,sp,10,p02,5,2,filled_square,prism,ERF_OSA207_Spectra_20260216_1434.csv,1.45531e+09,5.36268,0.000225829,0.31637,0.00032637,29.1207,1.33164,7.30271e-06,0.00565588,2,0.0135657,0.000185095,1.332,0,6.35e-06,0.000289,8.31e-05,7.51e-06,0,6.93e-06,0.000256506,6.18e-05,2.89e-05,5.77e-06,2.54e-05,9.24e-06,7.48245e-06,4.04e-05,0.928085,0.000105625,274.202,0.0296048,-2.50651e-05,2.11335e-05,5.62578e-05,2.12684e-05,-0.001256,0.000762971,-0.00047571,0.000762968,-1.22633e-05,4.20835e-06,0.0635918,0.0969457,0.000249887,1.11864,66,7,0.992893,6.25159e-05
ERF_Log_File_20260216_1456.csv,sp,10,p02,5,2,filled_square,prism,ERF_OSA207_Spectra_20260216_1456.csv,1.45531e+09,5.02426,0.000111898,0.318523,0.00084379,29.1218,1.37146,1.18987e-05,0.00621638,2,0.0142052,0.000189509,1.372,0,6.35e-06,0.000289,8.31e-05,7.51e-06,0,6.93e-06,0.000265488,6.18e-05,2.89e-05,5.77e-06,2.54e-05,9.24e-06,6.90362e-06,4.04e-05,0.931116,9.29519e-05,244.779,0.0238986,2.66554e-05,1.90418e-05,-4.02866e-05,1.9092e-05,-0.0014211,0.000441337,-0.000734553,0.000441335,3.70492e-05,2.44057e-06,0.0329443,0.0782723,0.000144545,1.11864,66,7,0.993024,6.18385e-05
ERF_Log_File_20260216_1517.csv,sp,10,p02,5,2,filled_square,prism,ERF_OSA207_Spectra_20260216_1517.csv,1.45532e+09,2.19224,6.592e-05,0.319826,0.00018404,29.1258,1.41491,3.46362e-06,0.00574658,2,0.0152661,8.94282e-05,1.415,0,6.35e-06,0.000289,8.31e-05,7.51e-06,0,6.93e-06,0.000273624,6.18e-05,2.89e-05,5.77e-06,2.54e-05,9.24e-06,6.41965e-06,4.04e-05,0.933371,0.000123112,251.902,0.0329228,5.18921e-05,2.52744e-05,-3.71323e-05,2.53017e-05,-0.000869879,0.000376871,-0.000649387,0.000376869,-1.1825e-05,2.0862e-06,0.0290208,0.107831,0.000123431,1.11864,66,7,0.993148,6.11917e-05
ERF_Log_File_20260216_1538.csv,sp,10,p02,5,2,filled_square,prism,ERF_OSA207_Spectra_20260216_1538.csv,1.45532e+09,2.51742,6.56089e-05,0.319951,0.00027399,29.1303,1.45885,4.06328e-06,0.00584785,2,0.0161696,0.000105599,1.461,0,6.35e-06,0.000289,8.31e-05,7.51e-06,0,6.93e-06,0.000282062,6.18e-05,2.89e-05,5.77e-06,2.54e-05,9.24e-06,6.21597e-06,4.04e-05,0.935091,0.000118426,263.99,0.0331453,5.73682e-05,2.42598e-05,-2.08417e-05,2.42845e-05,-0.00139324,0.00035171,-0.000765186,0.000351709,-1.02894e-06,1.9469e-06,0.0284356,0.108556,0.000115191,1.11864,66,7,0.993256,6.06974e-05
ERF_Log_File_20260217_0944.csv,sp,10,p02,5,2,filled_square,prism,ERF_OSA207_Spectra_20260217_0944.csv,1.45538e+09,2.82111,5.95013e-05,0.317428,0.0010781,29.0768,1.50752,3.98329e-06,0.00630049,2,0.0171279,0.00010592,1.509,0,6.35e-06,0.000289,8.31e-05,7.51e-06,0,6.93e-06,0.000291736,6.18e-05,2.89e-05,5.77e-06,2.54e-05,9.24e-06,5.99044e-06,4.04e-05,0.938414,0.000182117,263.2,0.0507682,-2.02687e-05,3.70377e-05,2.14294e-05,3.70643e-05,-0.00271438,0.000453077,0.000224274,0.000453075,3.30175e-06,2.50873e-06,0.0366499,0.166301,0.000148386,1.11864,66,7,0.993358,6.04975e-05
ERF_Log_File_20260217_1005.csv,sp,10,p02,5,2,filled_square,prism,ERF_OSA207_Spectra_20260217_1005.csv,1.45538e+09,3.13445,6.41622e-05,0.320303,0.000399603,29.0802,1.55808,4.37834e-06,0.00683594,2,0.0186001,0.000115053,1.561,0,6.35e-06,0.000289,8.31e-05,7.51e-06,0,6.93e-06,0.00029999,6.18e-05,2.89e-05,5.77e-06,2.54e-05,9.24e-06,5.7561e-06,4.04e-05,0.940327,0.000144134,258.878,0.0394942,6.88893e-05,2.91155e-05,-1.79963e-05,2.91317e-05,-0.00122809,0.000314999,-0.00023628,0.000314998,1.61238e-05,1.74424e-06,0.0251051,0.129561,0.000103131,1.11863,66,7,0.993445,6.04986e-05
ERF_Log_File_20260217_1026.csv,sp,10,p02,5,2,filled_square,prism,ERF_OSA207_Spectra_20260217_1026.csv,1.45538e+09,3.42195,4.64981e-05,0.32598,8.32535e-05,29.0817,1.61299,4.3766e-06,0.0074792,2,0.0201111,9.90877e-05,1.617,0,6.35e-06,0.000289,8.31e-05,7.51e-06,0,6.93e-06,0.000311588,6.18e-05,2.89e-05,5.77e-06,2.54e-05,9.24e-06,6.31394e-06,4.04e-05,0.942062,0.000141021,249.061,0.0370875,8.8386e-05,2.84966e-05,-8.80723e-05,2.85142e-05,-0.00112528,0.000324462,8.38716e-06,0.000324461,2.325e-06,1.7966e-06,0.0249366,0.1214,0.00010628,1.11864,66,7,0.99352,6.08506e-05
ERF_Log_File_20260217_1047.csv,sp,10,p02,5,2,filled_square,prism,ERF_OSA207_Spectra_20260217_1047.csv,1.45539e+09,3.86426,8.73904e-05,0.348158,0.000523144,29.0862,1.67507,4.42707e-06,0.00837453,2,0.0217327,0.0001139,1.678,0,6.35e-06,0.000289,8.31e-05,7.51e-06,0,6.93e-06,0.000323071,6.18e-05,2.89e-05,5.77e-06,2.54e-05,9.24e-06,9.9073e-06,4.04e-05,0.943347,0.000185431,234.479,0.0459712,7.26027e-05,3.66214e-05,1.76797e-06,3.66327e-05,-0.00168937,0.000299932,-7.25995e-05,0.000299931,-1.3706e-05,1.66107e-06,0.0217263,0.150638,9.82224e-05,1.11864,66,7,0.993584,6.1675e-05
ERF_Log_File_20260217_1108.csv,sp,10,p02,5,2,filled_square,prism,ERF_OSA207_Spectra_20260217_1108.csv,1.45539e+09,2.24322,5.37333e-05,0.373284,0.000222242,29.0908,1.73958,5.01154e-06,0.00863788,2,0.0235196,0.000112877,1.743,0,6.35e-06,0.000289,8.31e-05,7.51e-06,0,6.93e-06,0.000335508,6.18e-05,2.89e-05,5.77e-06,2.54e-05,9.24e-06,4.15541e-05,4.04e-05,0.945232,0.000242428,236.365,0.0605412,3.65704e-05,4.58376e-05,-7.21919e-05,4.5845e-05,-0.00138355,0.000279911,-0.000239799,0.00027991,-4.22183e-07,1.55032e-06,0.0204772,0.198505,9.16534e-05,1.11864,66,7,0.993629,6.30763e-05
ERF_Log_File_20260217_1129.csv,sp,10,p02,5,2,filled_square,prism,ERF_OSA207_Spectra_20260217_1129.csv,1.45539e+09,2.48415,0.00010803,0.416283,0.000549526,29.0909,1.81406,6.24514e-06,0.00942337,2,0.0254066,0.000124764,1.814,0,6.35e-06,0.000289,8.31e-05,7.51e-06,0,6.93e-06,0.000350725,6.18e-05,2.89e-05,5.77e-06,2.54e-05,9.24e-06,9.8393e-05,4.04e-05,0.947043,0.000249975,229.978,0.0606031,4.6601e-05,4.79643e-05,-3.56626e-05,4.79738e-05,-0.00104871,0.000321694,3.98475e-05,0.000321693,1.42749e-05,1.78173e-06,0.0229227,0.199454,0.000105247,1.11857,66,7,0.993658,6.52644e-05
ERF_Log_File_20260217_1150.csv,sp,10,p02,5,2,filled_square,prism,ERF_OSA207_Spectra_20260217_1150.csv,1.45539e+09,2.57449,6.02542e-05,0.500857,0.000307964,29.0943,1.88679,5.11469e-06,0.0113572,2,0.0271403,0.000128728,1.89,0,6.35e-06,0.000289,8.31e-05,7.51e-06,0,6.93e-06,0.000363782,6.18e-05,2.89e-05,5.77e-06,2.54e-05,9.24e-06,0.000153896,4.04e-05,0.947944,0.000262298,217.042,0.0599792,7.1372e-05,4.92954e-05,-1.78567e-05,4.9303e-05,-0.00144381,0.000296318,-0.000894825,0.000296317,-2.38691e-07,1.64124e-06,0.0199383,0.197727,9.69084e-05,1.11855,66,7,0.993665,6.78899e-05
ERF_Log_File_20260217_1211.csv,sp,10,p02,5,2,filled_square,prism,ERF_OSA207_Spectra_20260217_1211.csv,1.45539e+09,3.21049,6.55256e-05,0.658126,0.00138424,29.099,1.97273,6.5352e-06,0.0141328,2,0.0304989,0.000143335,1.975,0,6.35e-06,0.000289,8.31e-05,7.51e-06,0,6.93e-06,0.000380747,6.18e-05,2.89e-05,5.77e-06,2.54e-05,9.24e-06,0.000219482,4.04e-05,0.949202,0.000304246,256.889,0.0822321,0.000106288,5.72325e-05,-2.7828e-05,5.72416e-05,-0.00229001,0.000347863,-0.000120363,0.000347862,1.78136e-05,1.92671e-06,0.0277763,0.269538,0.000113912,1.11864,66,7,0.99365,7.16035e-05
ERF_Log_File_20260217_1233.csv,sp,10,p02,5,2,filled_square,prism,ERF_OSA207_Spectra_20260217_1233.csv,1.45539e+09,2.86033,8.81511e-05,0.885748,0.00195983,29.0996,2.05885,1.1266e-05,0.0187559,2,0.0338127,0.000177395,2.067,0,6.35e-06,0.000289,8.31e-05,7.51e-06,0,6.93e-06,0.00039735,6.18e-05,2.89e-05,5.77e-06,2.54e-05,9.24e-06,0.000258523,4.04e-05,0.950283,0.00073822,186.355,0.144746,-1.13666e-05,9.24888e-05,-0.000137681,9.2491e-05,-0.00227127,0.000290974,2.89423e-05,0.000290973,1.49073e-05,1.61196e-06,0.0167394,0.491052,9.45247e-05,1.11629,66,7,0.993614,7.58653e-05
ERF_Log_File_20260217_1254.csv,sp,10,p02,5,2,filled_square,prism,ERF_OSA207_Spectra_20260217_1254.csv,1.45539e+09,2.21308,0.000101686,0.904216,0.00120198,29.1017,2.16182,1.02434e-05,0.0181816,2,0.0381526,0.000194813,2.169,0,6.35e-06,0.000289,8.31e-05,7.51e-06,0,6.93e-06,0.00041748,6.18e-05,2.89e-05,5.77e-06,2.54e-05,9.24e-06,0.000290427,4.04e-05,0.952283,0.00102798,139.427,0.150493,6.74869e-05,0.000116481,-0.000335241,0.000116484,-0.00303989,0.000348728,0.000604805,0.000348727,-7.14395e-06,1.93182e-06,0.0149918,0.517435,0.000112912,1.11482,66,7,0.993546,8.1622e-05
ERF_Log_File_20260217_1315.csv,sp,10,p02,5,2,filled_square,prism,ERF_OSA207_Spectra_20260217_1315.csv,1.4554e+09,2.21517,9.44376e-05,0.904293,0.00163332,29.1059,2.27068,1.08853e-05,0.0164764,2,0.0436602,0.000211928,2.282,0,6.35e-06,0.000289,8.31e-05,7.51e-06,0,6.93e-06,0.000438003,6.18e-05,2.89e-05,5.77e-06,2.54e-05,9.24e-06,0.000238942,4.04e-05,0.953743,0.000621346,147.132,0.09582,0.000108377,9.64298e-05,-0.000316405,9.64343e-05,-0.00302233,0.000367566,-0.000786631,0.000367564,3.00578e-06,2.03599e-06,0.0165001,0.344776,0.000117584,1.11069,66,7,0.993451,8.82484e-05
ERF_Log_File_20260217_1336.csv,sp,10,p02,5,2,filled_square,prism,ERF_OSA207_Spectra_20260217_1336.csv,1.4554e+09,3.1082,0.000158721,0.903511,0.000886614,29.1062,2.34199,1.32121e-05,0.015044,2,0.0475712,0.000264151,2.35,0,6.35e-06,0.000289,8.31e-05,7.51e-06,0,6.93e-06,0.000452052,6.18e-05,2.89e-05,5.77e-06,2.54e-05,9.24e-06,0.000175062,4.04e-05,0.95425,0.000924274,100.213,0.0970479,0.000207306,0.000120218,-0.000454401,0.000120221,-0.00268325,0.000388178,-0.000266514,0.000388177,-5.75983e-06,2.15008e-06,0.0120718,0.327773,0.000126237,1.11714,66,7,0.993377,9.28289e-05
ERF_Log_File_20260217_1357.csv,sp,10,p02,5,2,filled_square,prism,ERF_OSA207_Spectra_20260217_1357.csv,1.4554e+09,2.50586,0.000140547,0.904727,0.00139581,29.1083,2.40232,1.37826e-05,0.0141998,2,0.051523,0.000261087,2.408,0,6.35e-06,0.000289,8.31e-05,7.51e-06,0,6.93e-06,0.00046318,6.18e-05,2.89e-05,5.77e-06,2.54e-05,9.24e-06,0.000121023,4.04e-05,0.954803,0.00104977,82.2886,0.0904616,0.000150295,0.000124205,-0.000301215,0.000124207,-0.002926,0.000379856,0.000172142,0.000379854,8.89026e-06,2.10434e-06,0.00974363,0.300499,0.000124013,1.11812,66,7,0.993309,9.68691e-05
ERF_Log_File_20260217_1418.csv,sp,10,p02,5,2,filled_square,prism,ERF_OSA207_Spectra_20260217_1418.csv,1.4554e+09,4.38638,0.00022754,0.904226,0.00147364,29.1118,2.48273,2.02448e-05,0.012413,2,0.0565216,0.000321391,2.5,0,6.35e-06,0.000289,8.31e-05,7.51e-06,0,6.93e-06,0.000479543,6.18e-05,2.89e-05,5.77e-06,2.54e-05,9.24e-06,4.89858e-05,4.04e-05,0.955403,0.00110417,63.2988,0.0731345,0.00013624,0.000161979,-0.000268604,0.000161985,-0.00392774,0.000579005,-0.00016946,0.000579002,-1.5809e-05,3.20775e-06,0.011428,0.243281,0.000188968,1.11814,66,7,0.99321,0.00010244
