wavelength_um,lst,u_random_lst
0.26,0.070087,0.000774657
0.260207,0.0693942,0.000759053
0.260415,0.0687042,0.000743479
0.260623,0.0680171,0.000727937
0.260831,0.0673329,0.000712428
0.261039,0.0666516,0.000696955
0.261247,0.0659733,0.000681521
0.261455,0.0652979,0.000666129
0.261664,0.0646254,0.00065078
0.261873,0.063956,0.000635479
0.262081,0.0632896,0.00062023
0.262291,0.0626262,0.000605036
0.2625,0.0619659,0.000589901
0.262709,0.0613087,0.00057483
0.262919,0.0606546,0.000559829
0.263128,0.0600036,0.000544903
0.263338,0.0593557,0.000530059
0.263548,0.0587111,0.000515304
0.263759,0.0580696,0.000500646
0.263969,0.0574313,0.000486093
0.26418,0.0567963,0.000471656
0.26439,0.0561645,0.000466945
0.264601,0.055536,0.000463089
0.264812,0.0549108,0.000459292
0.265024,0.0542889,0.000455554
0.265235,0.0536704,0.000451875
0.265447,0.0530552,0.000448255
0.265658,0.0524434,0.000444696
0.26587,0.051835,0.000441197
0.266082,0.05123,0.000437758
0.266295,0.0506285,0.00043438
0.266507,0.0500304,0.000431063
0.26672,0.0494359,0.000427808
0.266932,0.0488448,0.000424613
0.267145,0.0482573,0.000421481
0.267358,0.0476733,0.000418409
0.267572,0.047093,0.0004154
0.267785,0.0465162,0.000412452
0.267999,0.045943,0.000409567
0.268213,0.0453735,0.000406743
0.268426,0.0448076,0.000403981
0.268641,0.0442454,0.000401281
0.268855,0.0436869,0.000398643
0.269069,0.0431322,0.000396067
0.269284,0.0425812,0.000393552
0.269499,0.0420339,0.000391099
0.269714,0.0414905,0.000388707
0.269929,0.0409508,0.000386376
0.270144,0.040415,0.000384107
0.27036,0.0398831,0.000381897
0.270575,0.039355,0.000379749
0.270791,0.0388308,0.00037766
0.271007,0.0383105,0.00037563
0.271223,0.0377942,0.00037366
0.27144,0.0372819,0.000371749
0.271656,0.0367735,0.000369896
0.271873,0.0362691,0.0003681
0.27209,0.0357688,0.000366362
0.272307,0.0352724,0.000364681
0.272524,0.0347802,0.000363055
0.272742,0.0342921,0.000361485
0.272959,0.033808,0.000360219
0.273177,0.0333281,0.000359082
0.273395,0.0328524,0.000358002
0.273613,0.0323808,0.000356977
0.273831,0.0319134,0.000356007
0.27405,0.0314503,0.000355089
0.274268,0.0309913,0.000354225
0.274487,0.0305367,0.000353412
0.274706,0.0300863,0.000352649
0.274925,0.0296402,0.000351936
0.275144,0.0291985,0.000351271
0.275364,0.0287611,0.000350653
0.275584,0.028328,0.000350082
0.275803,0.0278994,0.000349555
0.276023,0.0274752,0.000349073
0.276244,0.0270554,0.000348633
0.276464,0.02664,0.000348235
0.276684,0.0262291,0.000347878
0.276905,0.0258227,0.00034756
0.277126,0.0254209,0.00034728
0.277347,0.0250236,0.000346796
0.277568,0.0246308,0.00034624
0.27779,0.0242426,0.000345718
0.278011,0.023859,0.000345227
0.278233,0.0234801,0.000344768
0.278455,0.0231058,0.000344339
0.278677,0.0227361,0.000343939
0.2789,0.0223712,0.000343567
0.279122,0.0220109,0.000343221
0.279345,0.0216554,0.000342901
0.279567,0.0213046,0.000342606
0.279791,0.0209587,0.000342334
0.280014,0.0206175,0.000342084
0.280237,0.0202811,0.000341856
0.280461,0.0199496,0.000341649
0.280684,0.0196229,0.00034146
0.280908,0.0193011,0.00034129
0.281132,0.0189842,0.000341137
0.281357,0.0186722,0.000341
0.281581,0.0183652,0.000340878
0.281806,0.0180631,0.000338679
0.28203,0.0177661,0.000335199
0.282255,0.017474,0.000331729
0.282481,0.017187,0.000328268
0.282706,0.016905,0.000324816
0.282931,0.0166281,0.000321372
0.283157,0.0163563,0.000317936
0.283383,0.0160896,0.000314506
0.283609,0.0158281,0.000311083
0.283835,0.0155717,0.000307665
0.284062,0.0153205,0.000304253
0.284288,0.0150744,0.000300845
0.284515,0.0148337,0.000297441
0.284742,0.0145981,0.00029404
0.284969,0.0143678,0.000290643
0.285196,0.0141429,0.000287247
0.285424,0.0139232,0.000283853
0.285652,0.0137088,0.00028046
0.28588,0.0134998,0.000277067
0.286108,0.0132962,0.000273674
0.286336,0.013098,0.000270679
0.286564,0.0129052,0.000268019
0.286793,0.0127178,0.000265356
0.287022,0.0125359,0.00026269
0.287251,0.0123594,0.00026002
0.28748,0.0121885,0.000257346
0.287709,0.0120231,0.000254666
0.287939,0.0118632,0.000251981
0.288168,0.0117089,0.000249289
0.288398,0.0115602,0.000246591
0.288628,0.0114171,0.000243885
0.288858,0.0112796,0.000241172
0.289089,0.0111478,0.00023845
0.289319,0.0110216,0.000235719
0.28955,0.0109012,0.000232979
0.289781,0.0107864,0.00023023
0.290012,0.0106774,0.000227471
0.290244,0.0105742,0.000224701
0.290475,0.0104765,0.000221921
0.290707,0.0103844,0.000219131
0.290939,0.0102977,0.000217571
0.291171,0.0102163,0.000217424
0.291403,0.01014,0.000217271
0.291636,0.0100689,0.00021711
0.291868,0.0100026,0.000216943
0.292101,0.00994123,0.000216771
0.292334,0.00988455,0.000216593
0.292567,0.00983248,0.000216411
0.292801,0.00978489,0.000216225
0.293034,0.00974168,0.000216035
0.293268,0.00970273,0.000215842
0.293502,0.00966792,0.000215647
0.293736,0.00963714,0.000215451
0.29397,0.00961028,0.000215253
0.294205,0.00958722,0.000215054
0.29444,0.00956784,0.000214856
0.294674,0.00955203,0.000214658
0.29491,0.00953968,0.000214461
0.295145,0.00953067,0.000214266
0.29538,0.00952489,0.000214073
0.295616,0.00952222,0.000213007
0.295852,0.00952255,0.00021057
0.296088,0.00952576,0.000208132
0.296324,0.00953173,0.000205694
0.29656,0.00954036,0.000203256
0.296797,0.00955153,0.000200819
0.297034,0.00956512,0.000198383
0.29727,0.00958102,0.000195948
0.297508,0.00959911,0.000193515
0.297745,0.00961928,0.000191085
0.297982,0.00964142,0.000188657
0.29822,0.0096654,0.000186232
0.298458,0.00969112,0.000183811
0.298696,0.00971846,0.000181393
0.298934,0.00974731,0.000178979
0.299173,0.00977754,0.000176569
0.299412,0.00980905,0.000174164
0.29965,0.00984173,0.000171763
0.299889,0.00987545,0.000169368
0.300129,0.0099101,0.000166977
0.300368,0.00994556,0.000165305
0.300608,0.00998173,0.000165204
0.300847,0.0100185,0.000165111
0.301087,0.0100557,0.000165024
0.301328,0.0100933,0.000164945
0.301568,0.0101311,0.000164873
0.301809,0.0101691,0.000164807
0.302049,0.0102071,0.000164747
0.30229,0.0102449,0.000164693
0.302531,0.0102826,0.000164644
0.302773,0.0103199,0.0001646
0.303014,0.0103568,0.000164561
0.303256,0.0103931,0.000164527
0.303498,0.0104288,0.000164496
0.30374,0.0104636,0.000164469
0.303982,0.0104976,0.000164444
0.304225,0.0105305,0.000164423
0.304467,0.0105623,0.000164403
0.30471,0.0105928,0.000164386
0.304953,0.010622,0.00016437
0.305197,0.0106497,0.000164353
0.30544,0.0106758,0.000164331
0.305684,0.0107002,0.00016431
0.305928,0.0107228,0.000164288
0.306172,0.0107435,0.000164267
0.306416,0.010762,0.000164247
0.30666,0.0107785,0.000164226
0.306905,0.0107926,0.000164205
0.30715,0.0108044,0.000164183
0.307395,0.0108136,0.000164162
0.30764,0.0108202,0.000164142
0.307885,0.0108241,0.000164121
0.308131,0.0108251,0.000164102
0.308377,0.0108231,0.000164084
0.308623,0.0108181,0.000164068
0.308869,0.0108099,0.000164054
0.309115,0.0107983,0.000164044
0.309362,0.0107833,0.000164038
0.309609,0.0107648,0.000164037
0.309856,0.0107426,0.000164042
0.310103,0.0107166,0.000164104
0.31035,0.0106868,0.000164425
0.310598,0.010653,0.000164758
0.310846,0.010615,0.000165103
0.311093,0.0105728,0.000165463
0.311342,0.0105262,0.00016584
0.31159,0.0104752,0.000166235
0.311839,0.0104196,0.000166652
0.312087,0.0103594,0.000167093
0.312336,0.0102944,0.00016756
0.312585,0.0102248,0.000168056
0.312835,0.0101509,0.000168582
0.313084,0.0100726,0.00016914
0.313334,0.00999022,0.000169731
0.313584,0.00990384,0.000170356
0.313834,0.00981361,0.000171014
0.314084,0.00971967,0.000171706
0.314335,0.00962218,0.00017243
0.314586,0.00952127,0.000173186
0.314837,0.00941709,0.000173971
0.315088,0.00930979,0.000174761
0.315339,0.0091995,0.000175322
0.315591,0.00908638,0.000175907
0.315843,0.00897057,0.000176512
0.316094,0.00885221,0.000177134
0.316347,0.00873145,0.000177767
0.316599,0.00860843,0.000178409
0.316852,0.0084833,0.000179053
0.317104,0.0083562,0.000179696
0.317357,0.00822728,0.000180332
0.31761,0.00809668,0.000180954
0.317864,0.00796454,0.000181559
0.318117,0.00783101,0.00018214
0.318371,0.00769623,0.000182691
0.318625,0.00756036,0.000183206
0.318879,0.00742352,0.00018368
0.319134,0.00728588,0.000184107
0.319388,0.00714757,0.000184481
0.319643,0.00700873,0.000184797
0.319898,0.00686952,0.00018505
0.320153,0.00673007,0.00018523
0.320408,0.00659053,0.00018469
0.320664,0.00645105,0.000184073
0.32092,0.00631176,0.000183375
0.321176,0.00617282,0.000182591
0.321432,0.00603437,0.000181718
0.321688,0.00589655,0.000180752
0.321945,0.00575951,0.000179692
0.322202,0.0056234,0.000178536
0.322459,0.00548835,0.000177284
0.322716,0.00535451,0.000175936
0.322974,0.00522202,0.000174495
0.323231,0.00509104,0.000172965
0.323489,0.0049617,0.00017135
0.323747,0.00483416,0.000169658
0.324005,0.00470854,0.000167899
0.324264,0.00458501,0.000166084
0.324522,0.0044637,0.000164229
0.324781,0.00434475,0.000162352
0.32504,0.00422832,0.000160476
0.3253,0.00411455,0.000158624
0.325559,0.00400357,0.000157502
0.325819,0.00389555,0.000156531
0.326079,0.00379061,0.000155698
0.326339,0.00368891,0.000155049
0.326599,0.00359059,0.000154629
0.32686,0.00349579,0.000154491
0.327121,0.0034047,0.000154688
0.327381,0.00331867,0.000155276
0.327643,0.00324029,0.000156299
0.327904,0.00317226,0.000157793
0.328166,0.00311724,0.000159778
0.328427,0.00307792,0.000162261
0.328689,0.00305697,0.000165237
0.328952,0.00305708,0.000168686
0.329214,0.00308092,0.000172577
0.329477,0.00313116,0.000176872
0.329739,0.00321049,0.000181523
0.330002,0.00332158,0.000186478
0.330266,0.00346711,0.000191685
0.330529,0.00364977,0.000197086
0.330793,0.00387222,0.000202624
0.331057,0.00413715,0.000208249
0.331321,0.00444723,0.000213911
0.331585,0.00480514,0.000219565
0.33185,0.00521356,0.000225167
0.332114,0.00567517,0.000230684
0.332379,0.00619264,0.000236084
0.332644,0.00676866,0.000241344
0.33291,0.0074059,0.00024645
0.333175,0.00810703,0.000251395
0.333441,0.00887475,0.00025618
0.333707,0.00971172,0.00026082
0.333973,0.0106206,0.000265338
0.33424,0.0116041,0.000269773
0.334506,0.0126649,0.000274176
0.334773,0.0138057,0.000278612
0.33504,0.0150291,0.000283166
0.335307,0.0163378,0.000287937
0.335575,0.0177346,0.000293042
0.335843,0.019222,0.000298616
0.33611,0.0208028,0.00030562
0.336379,0.0224796,0.00031361
0.336647,0.0242551,0.000322526
0.336915,0.026132,0.000332549
0.337184,0.028113,0.000343865
0.337453,0.0302007,0.000356658
0.337722,0.0323979,0.00037111
0.337992,0.0347071,0.000387392
0.338261,0.0371311,0.000405665
0.338531,0.0396726,0.000426075
0.338801,0.0423342,0.000448752
0.339072,0.0451187,0.000473811
0.339342,0.0480286,0.00050135
0.339613,0.0510667,0.000531454
0.339884,0.0542357,0.000564194
0.340155,0.0575379,0.000599616
0.340426,0.0609725,0.000637449
0.340698,0.0645355,0.000677124
0.340969,0.068223,0.000718013
0.341241,0.0720309,0.00075946
0.341514,0.0759552,0.000801148
0.341786,0.0799921,0.000842175
0.342059,0.0841375,0.000881738
0.342332,0.0883874,0.000919207
0.342605,0.0927378,0.000953984
0.342878,0.0971849,0.000985511
0.343151,0.101724,0.00101328
0.343425,0.106353,0.00103685
0.343699,0.111065,0.00105585
0.343973,0.115859,0.00107005
0.344248,0.120729,0.00107932
0.344522,0.125672,0.00108373
0.344797,0.130683,0.00108359
0.345072,0.135759,0.00107954
0.345347,0.140898,0.0010729
0.345623,0.1461,0.00106578
0.345899,0.151367,0.0010603
0.346175,0.156699,0.00105836
0.346451,0.162099,0.00106153
0.346727,0.167568,0.00107089
0.347004,0.173106,0.00108575
0.34728,0.178715,0.00110652
0.347557,0.184397,0.00113323
0.347835,0.190152,0.00116475
0.348112,0.195983,0.00119956
0.34839,0.201889,0.00123596
0.348668,0.207873,0.00127216
0.348946,0.213936,0.0013064
0.349224,0.220079,0.001337
0.349503,0.226304,0.00136245
0.349782,0.232611,0.00138149
0.350061,0.239002,0.00139311
0.35034,0.245475,0.00139727
0.350619,0.252023,0.00139537
0.350899,0.258637,0.00138911
0.351179,0.265308,0.00138027
0.351459,0.272028,0.00137055
0.351739,0.278789,0.00136153
0.35202,0.285581,0.00135454
0.352301,0.292397,0.00135055
0.352582,0.299227,0.00135043
0.352863,0.306063,0.00135422
0.353145,0.312898,0.00136138
0.353426,0.319721,0.00137114
0.353708,0.326525,0.0013824
0.35399,0.3333,0.00139381
0.354273,0.340039,0.00140386
0.354555,0.346734,0.00141106
0.354838,0.353374,0.00141397
0.355121,0.359952,0.00141142
0.355405,0.366465,0.00140333
0.355688,0.372915,0.00139086
0.355972,0.379304,0.00137548
0.356256,0.385636,0.00135877
0.35654,0.391913,0.00134227
0.356824,0.398138,0.00132742
0.357109,0.404314,0.00131538
0.357394,0.410443,0.00130697
0.357679,0.416528,0.00130255
0.357964,0.422573,0.00130201
0.35825,0.428579,0.00130565
0.358536,0.43455,0.0013126
0.358822,0.440488,0.00132047
0.359108,0.446397,0.00132761
0.359394,0.452278,0.00133228
0.359681,0.458135,0.00133273
0.359968,0.463971,0.00132733
0.360255,0.469786,0.00131496
0.360542,0.475575,0.00129618
0.36083,0.48133,0.00127242
0.361118,0.48704,0.00124531
0.361406,0.492699,0.00121669
0.361694,0.498296,0.00118838
0.361983,0.503824,0.00116213
0.362272,0.509273,0.00113943
0.362561,0.514635,0.00112141
0.36285,0.519901,0.00110868
0.363139,0.525062,0.00110126
0.363429,0.53011,0.00109854
0.363719,0.535036,0.00109938
0.364009,0.539832,0.00109906
0.364299,0.544488,0.00109403
0.36459,0.548995,0.00108697
0.364881,0.553346,0.00107583
0.365172,0.557533,0.00105879
0.365463,0.56156,0.00103541
0.365755,0.565446,0.00100661
0.366046,0.569207,0.00097378
0.366338,0.57286,0.00093868
0.366631,0.576423,0.000903312
0.366923,0.579912,0.00086982
0.367216,0.583345,0.000840329
0.367509,0.586739,0.000816733
0.367802,0.590111,0.000800447
0.368095,0.593479,0.000792164
0.368389,0.596858,0.000791698
0.368683,0.600267,0.000797984
0.368977,0.603723,0.000809223
0.369271,0.607239,0.00082322
0.369566,0.610818,0.000838168
0.369861,0.614454,0.000855041
0.370156,0.618146,0.000875325
0.370451,0.62189,0.000893483
0.370746,0.625682,0.000909123
0.371042,0.629519,0.000922037
0.371338,0.633397,0.000932155
0.371634,0.637313,0.000939516
0.371931,0.641263,0.000944242
0.372227,0.645245,0.00094652
0.372524,0.649255,0.00094659
0.372822,0.653288,0.000944732
0.373119,0.657343,0.000941261
0.373417,0.661415,0.000936513
0.373714,0.665502,0.000930844
0.374013,0.669599,0.000924619
0.374311,0.673703,0.000918205
0.37461,0.677811,0.000911963
0.374908,0.681919,0.000906239
0.375207,0.686025,0.000901356
0.375507,0.690124,0.000897599
0.375806,0.694213,0.000892503
0.376106,0.698289,0.000880412
0.376406,0.702348,0.000869713
0.376706,0.706387,0.000860531
0.377007,0.710403,0.000852929
0.377308,0.714392,0.000846907
0.377609,0.71835,0.000842393
0.37791,0.722275,0.000839255
0.378211,0.726162,0.000837293
0.378513,0.730009,0.000836258
0.378815,0.733812,0.000835851
0.379117,0.737568,0.000835737
0.379419,0.741273,0.000835555
0.379722,0.744923,0.000834928
0.380025,0.748516,0.000833474
0.380328,0.752048,0.00083086
0.380632,0.755521,0.000826929
0.380935,0.758933,0.000821602
0.381239,0.762287,0.000814845
0.381543,0.765581,0.00080666
0.381848,0.768817,0.000797208
0.382152,0.771996,0.000787057
0.382457,0.775117,0.000775666
0.382762,0.778182,0.000763142
0.383067,0.78119,0.000749612
0.383373,0.784142,0.000735213
0.383679,0.787039,0.000720099
0.383985,0.789882,0.000704433
0.384291,0.79267,0.000688386
0.384598,0.795404,0.000672137
0.384905,0.798085,0.000655867
0.385212,0.800713,0.00063976
0.385519,0.803289,0.000623999
0.385826,0.805813,0.000608759
0.386134,0.808285,0.000594208
0.386442,0.810707,0.000580497
0.38675,0.813079,0.000567759
0.387059,0.8154,0.000556102
0.387368,0.817673,0.000545604
0.387677,0.819896,0.000536307
0.387986,0.822071,0.000528591
0.388295,0.824199,0.000525764
0.388605,0.826278,0.000524081
0.388915,0.828312,0.000523406
0.389225,0.830298,0.000523573
0.389536,0.832239,0.000524393
0.389847,0.834135,0.000525662
0.390158,0.835985,0.000527165
0.390469,0.837792,0.00052872
0.39078,0.839555,0.000530191
0.391092,0.841276,0.000531476
0.391404,0.842955,0.000532495
0.391716,0.844593,0.000533193
0.392029,0.846191,0.000533534
0.392342,0.847751,0.000533498
0.392654,0.849272,0.000533081
0.392968,0.850756,0.000532291
0.393281,0.852203,0.000531145
0.393595,0.853615,0.00052967
0.393909,0.854991,0.000527901
0.394223,0.856334,0.000525825
0.394538,0.857644,0.000520274
0.394852,0.858922,0.000514506
0.395167,0.860168,0.000508567
0.395482,0.861384,0.000502506
0.395798,0.86257,0.000496372
0.396114,0.863728,0.000490215
0.39643,0.864857,0.000484086
0.396746,0.86596,0.000478032
0.397062,0.867036,0.0004721
0.397379,0.868086,0.000466331
0.397696,0.869113,0.000460765
0.398013,0.870115,0.000455434
0.398331,0.871095,0.000450369
0.398649,0.872053,0.000445589
0.398967,0.87299,0.00044111
0.399285,0.873906,0.000436939
0.399603,0.874804,0.000433078
0.399922,0.875682,0.000429519
0.400241,0.876543,0.000426247
0.40056,0.877387,0.000423238
0.40088,0.878214,0.000418153
0.4012,0.879024,0.000413123
0.40152,0.879817,0.000408275
0.40184,0.880594,0.000403586
0.402161,0.881355,0.000399035
0.402481,0.8821,0.000394604
0.402802,0.88283,0.000390275
0.403124,0.883544,0.00038603
0.403445,0.884244,0.000381853
0.403767,0.884928,0.000377729
0.404089,0.885598,0.000373644
0.404412,0.886254,0.000369587
0.404734,0.886895,0.000365544
0.405057,0.887523,0.000361506
0.40538,0.888137,0.000357463
0.405704,0.888738,0.000353406
0.406027,0.889325,0.000349328
0.406351,0.8899,0.000345222
0.406675,0.890462,0.000341081
0.407,0.891012,0.000336901
0.407324,0.891549,0.000335836
0.407649,0.892075,0.000335213
0.407974,0.892589,0.00033453
0.4083,0.893092,0.000333788
0.408626,0.893584,0.000332985
0.408952,0.894064,0.000332123
0.409278,0.894534,0.000331203
0.409604,0.894994,0.000330228
0.409931,0.895444,0.000329198
0.410258,0.895883,0.000328117
0.410585,0.896313,0.000326989
0.410913,0.896733,0.000325816
0.411241,0.897145,0.000324603
0.411569,0.897547,0.000323353
0.411897,0.897941,0.000322071
0.412226,0.898326,0.000320761
0.412554,0.898703,0.000319427
0.412883,0.899072,0.000318075
0.413213,0.899433,0.000316708
0.413542,0.899787,0.000315331
0.413872,0.900134,0.000314032
0.414202,0.900473,0.000312757
0.414533,0.900806,0.000311485
0.414864,0.901133,0.000310222
0.415194,0.901453,0.000308972
0.415526,0.901767,0.000307739
0.415857,0.902076,0.000306526
0.416189,0.902378,0.000305338
0.416521,0.902676,0.000304176
0.416853,0.902969,0.000303044
0.417186,0.903257,0.000301945
0.417518,0.90354,0.000300881
0.417851,0.903819,0.000299854
0.418185,0.904094,0.000298865
0.418518,0.904365,0.000297916
0.418852,0.904633,0.000297007
0.419186,0.904897,0.000296138
0.419521,0.905159,0.000295311
0.419855,0.905417,0.000294524
0.42019,0.905673,0.000293777
0.420526,0.905927,0.000292844
0.420861,0.906178,0.000291856
0.421197,0.906426,0.000290902
0.421533,0.906673,0.000289979
0.421869,0.906917,0.000289087
0.422205,0.907158,0.000288223
0.422542,0.907397,0.000287386
0.422879,0.907634,0.000286574
0.423217,0.907868,0.000285785
0.423554,0.9081,0.000285017
0.423892,0.90833,0.00028427
0.42423,0.908557,0.000283541
0.424569,0.908782,0.000282829
0.424907,0.909005,0.000282133
0.425246,0.909226,0.000281451
0.425586,0.909444,0.000280782
0.425925,0.909661,0.000280124
0.426265,0.909874,0.000279477
0.426605,0.910086,0.000278839
0.426945,0.910296,0.000278209
0.427286,0.910503,0.000277925
0.427627,0.910708,0.000277842
0.427968,0.910911,0.000277763
0.428309,0.911112,0.000277687
0.428651,0.911311,0.000277613
0.428993,0.911508,0.00027754
0.429335,0.911703,0.000277468
0.429677,0.911895,0.000277395
0.43002,0.912086,0.000277321
0.430363,0.912274,0.000277245
0.430706,0.912461,0.000277166
0.43105,0.912645,0.000277084
0.431394,0.912828,0.000276998
0.431738,0.913008,0.000276907
0.432082,0.913186,0.000276812
0.432427,0.913363,0.000276711
0.432772,0.913538,0.000276604
0.433117,0.91371,0.000276491
0.433463,0.913881,0.00027637
0.433809,0.91405,0.000276243
0.434155,0.914217,0.000277993
0.434501,0.914382,0.000281233
0.434847,0.914545,0.000284472
0.435194,0.914706,0.000287711
0.435542,0.914866,0.000290949
0.435889,0.915023,0.000294186
0.436237,0.915179,0.000297423
0.436585,0.915333,0.00030066
0.436933,0.915486,0.000303896
0.437281,0.915636,0.000307131
0.43763,0.915785,0.000310366
0.437979,0.915932,0.000313601
0.438329,0.916077,0.000316836
0.438678,0.916221,0.00032007
0.439028,0.916363,0.000323305
0.439379,0.916503,0.00032654
0.439729,0.916642,0.000329775
0.44008,0.916779,0.000333011
0.440431,0.916914,0.000336248
0.440782,0.917048,0.000339485
0.441134,0.91718,0.000340997
0.441486,0.91731,0.000340647
0.441838,0.917439,0.000340291
0.44219,0.917566,0.000339928
0.442543,0.917692,0.000339559
0.442896,0.917816,0.000339183
0.443249,0.917939,0.000338802
0.443603,0.91806,0.000338415
0.443957,0.91818,0.000338022
0.444311,0.918298,0.000337624
0.444665,0.918415,0.00033722
0.44502,0.91853,0.000336812
0.445375,0.918644,0.000336399
0.44573,0.918757,0.000335981
0.446086,0.918868,0.000335559
0.446442,0.918977,0.000335133
0.446798,0.919086,0.000334703
0.447154,0.919192,0.000334269
0.447511,0.919298,0.000333832
0.447868,0.919402,0.000333392
0.448225,0.919505,0.000332294
0.448583,0.919607,0.000330233
0.448941,0.919707,0.000328168
0.449299,0.919806,0.0003261
0.449657,0.919904,0.000324029
0.450016,0.92,0.000321955
0.450375,0.920095,0.000319879
0.450734,0.920189,0.0003178
0.451094,0.920282,0.000315719
0.451454,0.920373,0.000313636
0.451814,0.920464,0.000311552
0.452174,0.920553,0.000309466
0.452535,0.920641,0.000307379
0.452896,0.920728,0.000305291
0.453257,0.920814,0.000303203
0.453619,0.920898,0.000301115
0.45398,0.920982,0.000299027
0.454343,0.921064,0.000296939
0.454705,0.921146,0.000294852
0.455068,0.921226,0.000292765
0.455431,0.921305,0.000291397
0.455794,0.921384,0.000291492
0.456158,0.921461,0.00029159
0.456522,0.921537,0.000291692
0.456886,0.921612,0.000291798
0.45725,0.921687,0.000291909
0.457615,0.92176,0.000292024
0.45798,0.921832,0.000292144
0.458345,0.921904,0.000292269
0.458711,0.921974,0.000292398
0.459077,0.922044,0.000292533
0.459443,0.922112,0.000292674
0.45981,0.92218,0.000292819
0.460176,0.922247,0.000292971
0.460543,0.922313,0.000293128
0.460911,0.922379,0.000293291
0.461278,0.922443,0.00029346
0.461646,0.922507,0.000293634
0.462015,0.92257,0.000293815
0.462383,0.922632,0.000294002
0.462752,0.922693,0.000294233
0.463121,0.922754,0.000294584
0.463491,0.922814,0.00029494
0.46386,0.922873,0.000295304
0.46423,0.922931,0.000295673
0.464601,0.922989,0.000296049
0.464971,0.923046,0.000296432
0.465342,0.923102,0.000296821
0.465713,0.923158,0.000297216
0.466085,0.923213,0.000297617
0.466457,0.923268,0.000298025
0.466829,0.923321,0.000298438
0.467201,0.923375,0.000298858
0.467574,0.923427,0.000299284
0.467947,0.923479,0.000299715
0.46832,0.923531,0.000300152
0.468694,0.923582,0.000300595
0.469068,0.923633,0.000301043
0.469442,0.923683,0.000301496
0.469816,0.923732,0.000301955
0.470191,0.923781,0.000303274
0.470566,0.92383,0.000308593
0.470942,0.923878,0.000313929
0.471317,0.923925,0.00031928
0.471693,0.923973,0.000324648
0.472069,0.924019,0.000330029
0.472446,0.924066,0.000335425
0.472823,0.924112,0.000340835
0.4732,0.924157,0.000346257
0.473578,0.924203,0.000351691
0.473955,0.924248,0.000357137
0.474333,0.924292,0.000362594
0.474712,0.924337,0.000368062
0.47509,0.924381,0.00037354
0.475469,0.924424,0.000379028
0.475849,0.924468,0.000384525
0.476228,0.924511,0.000390032
0.476608,0.924554,0.000395546
0.476988,0.924597,0.000401069
0.477369,0.924639,0.0004066
0.47775,0.924682,0.000411271
0.478131,0.924724,0.000408179
0.478512,0.924766,0.000405087
0.478894,0.924808,0.000401995
0.479276,0.924849,0.000398903
0.479658,0.924891,0.000395811
0.480041,0.924932,0.000392718
0.480424,0.924974,0.000389625
0.480807,0.925015,0.000386531
0.481191,0.925056,0.000383436
0.481574,0.925097,0.00038034
0.481959,0.925138,0.000377242
0.482343,0.925179,0.000374143
0.482728,0.92522,0.000371042
0.483113,0.925261,0.000367939
0.483498,0.925302,0.000364833
0.483884,0.925343,0.000361725
0.48427,0.925384,0.000358615
0.484656,0.925425,0.000355502
0.485043,0.925466,0.000352387
0.48543,0.925507,0.000349278
0.485817,0.925548,0.00034655
0.486205,0.925589,0.000343818
0.486592,0.92563,0.000341082
0.486981,0.925671,0.000338343
0.487369,0.925712,0.000335601
0.487758,0.925752,0.000332855
0.488147,0.925793,0.000330105
0.488536,0.925834,0.000327351
0.488926,0.925875,0.000324593
0.489316,0.925916,0.000321832
0.489706,0.925956,0.000319067
0.490097,0.925997,0.000316297
0.490488,0.926038,0.000313524
0.490879,0.926078,0.000310746
0.491271,0.926119,0.000307965
0.491663,0.926159,0.000305179
0.492055,0.9262,0.00030239
0.492447,0.92624,0.000299596
0.49284,0.92628,0.000296798
0.493233,0.92632,0.000293996
0.493627,0.926361,0.000291961
0.494021,0.926401,0.000289964
0.494415,0.926441,0.000287961
0.494809,0.926481,0.000285953
0.495204,0.926521,0.000283939
0.495599,0.926561,0.00028192
0.495994,0.926601,0.000279896
0.49639,0.92664,0.000277866
0.496786,0.92668,0.000275832
0.497182,0.92672,0.000273792
0.497579,0.926759,0.000271746
0.497976,0.926798,0.000269696
0.498373,0.926838,0.00026764
0.49877,0.926877,0.00026558
0.499168,0.926916,0.000263514
0.499566,0.926955,0.000261443
0.499965,0.926994,0.000259367
0.500364,0.927033,0.000257286
0.500763,0.927072,0.000255201
0.501162,0.92711,0.00025311
0.501562,0.927149,0.000257909
0.501962,0.927187,0.000263759
0.502363,0.927226,0.000269644
0.502763,0.927264,0.000275562
0.503164,0.927302,0.000281511
0.503566,0.92734,0.000287491
0.503967,0.927378,0.000293499
0.504369,0.927416,0.000299535
0.504772,0.927453,0.000305597
0.505174,0.927491,0.000311684
0.505577,0.927528,0.000317796
0.505981,0.927566,0.000323931
0.506384,0.927603,0.000330088
0.506788,0.92764,0.000336267
0.507193,0.927677,0.000342467
0.507597,0.927713,0.000348687
0.508002,0.92775,0.000354927
0.508407,0.927786,0.000361186
0.508813,0.927823,0.000367463
0.509219,0.927859,0.000373758
0.509625,0.927895,0.000370823
0.510032,0.927931,0.000365505
0.510438,0.927966,0.000360184
0.510846,0.928002,0.00035486
0.511253,0.928037,0.000349533
0.511661,0.928072,0.000344203
0.512069,0.928107,0.000338871
0.512478,0.928142,0.000333536
0.512886,0.928177,0.000328199
0.513295,0.928212,0.00032286
0.513705,0.928246,0.000317519
0.514115,0.92828,0.000312177
0.514525,0.928314,0.000306833
0.514935,0.928348,0.000301488
0.515346,0.928382,0.000296143
0.515757,0.928415,0.000290797
0.516169,0.928448,0.000285451
0.51658,0.928481,0.000280105
0.516992,0.928514,0.00027476
0.517405,0.928547,0.000269416
0.517817,0.92858,0.000267245
0.518231,0.928612,0.000266315
0.518644,0.928644,0.000265386
0.519058,0.928676,0.000264457
0.519472,0.928708,0.000263529
0.519886,0.928739,0.000262602
0.520301,0.92877,0.000261675
0.520716,0.928802,0.00026075
0.521131,0.928832,0.000259825
0.521547,0.928863,0.000258902
0.521963,0.928894,0.00025798
0.522379,0.928924,0.000257059
0.522796,0.928954,0.000256139
0.523213,0.928983,0.000255221
0.52363,0.929013,0.000254305
0.524048,0.929042,0.00025339
0.524466,0.929071,0.000252477
0.524885,0.9291,0.000251565
0.525303,0.929129,0.000250656
0.525722,0.929157,0.000249748
0.526142,0.929185,0.000246437
0.526561,0.929213,0.00024179
0.526981,0.929241,0.000237146
0.527402,0.929268,0.000232506
0.527823,0.929295,0.00022787
0.528244,0.929322,0.000223238
0.528665,0.929349,0.000218611
0.529087,0.929375,0.00021399
0.529509,0.929401,0.000209376
0.529931,0.929427,0.000204768
0.530354,0.929453,0.000200168
0.530777,0.929478,0.000195577
0.5312,0.929503,0.000190995
0.531624,0.929528,0.000186424
0.532048,0.929553,0.000181864
0.532473,0.929577,0.000177317
0.532897,0.929601,0.000172784
0.533322,0.929625,0.000168267
0.533748,0.929648,0.000163766
0.534174,0.929671,0.000159284
0.5346,0.929694,0.000157283
0.535026,0.929716,0.000157174
0.535453,0.929739,0.000157071
0.53588,0.929761,0.000156972
0.536308,0.929782,0.000156879
0.536735,0.929804,0.000156791
0.537164,0.929825,0.000156708
0.537592,0.929846,0.000156629
0.538021,0.929866,0.000156556
0.53845,0.929886,0.000156487
0.53888,0.929906,0.000156422
0.539309,0.929926,0.000156362
0.53974,0.929945,0.000156307
0.54017,0.929964,0.000156255
0.540601,0.929982,0.000156208
0.541032,0.930001,0.000156165
0.541464,0.930018,0.000156126
0.541896,0.930036,0.000156091
0.542328,0.930053,0.000156059
0.542761,0.93007,0.000156031
0.543194,0.930087,0.000155962
0.543627,0.930103,0.000155852
0.544061,0.930119,0.000155744
0.544495,0.930135,0.00015564
0.544929,0.93015,0.000155538
0.545364,0.930165,0.000155438
0.545799,0.93018,0.000155341
0.546234,0.930194,0.000155246
0.54667,0.930208,0.000155153
0.547106,0.930221,0.000155062
0.547542,0.930234,0.000154973
0.547979,0.930247,0.000154886
0.548416,0.93026,0.000154799
0.548854,0.930272,0.000154714
0.549292,0.930284,0.00015463
0.54973,0.930295,0.000154547
0.550168,0.930306,0.000154465
0.550607,0.930317,0.000154383
0.551046,0.930327,0.000154301
0.551486,0.930337,0.00015422
0.551926,0.930346,0.000154176
0.552366,0.930355,0.000154184
0.552807,0.930364,0.000154192
0.553248,0.930372,0.0001542
0.553689,0.93038,0.000154207
0.554131,0.930388,0.000154213
0.554573,0.930395,0.000154218
0.555015,0.930402,0.000154222
0.555458,0.930408,0.000154225
0.555901,0.930414,0.000154226
0.556344,0.93042,0.000154225
0.556788,0.930425,0.000154224
0.557232,0.93043,0.00015422
0.557677,0.930435,0.000154215
0.558122,0.930439,0.000154208
0.558567,0.930442,0.000154199
0.559013,0.930445,0.000154189
0.559458,0.930448,0.000154177
0.559905,0.930451,0.000154162
0.560351,0.930453,0.000154147
0.560798,0.930454,0.000154557
0.561246,0.930456,0.000155808
0.561693,0.930457,0.000157061
0.562141,0.930457,0.000158315
0.56259,0.930457,0.000159571
0.563039,0.930457,0.000160828
0.563488,0.930456,0.000162087
0.563937,0.930455,0.000163348
0.564387,0.930454,0.00016461
0.564837,0.930452,0.000165873
0.565288,0.93045,0.000167138
0.565739,0.930447,0.000168405
0.56619,0.930444,0.000169674
0.566642,0.930441,0.000170944
0.567094,0.930437,0.000172216
0.567546,0.930433,0.000173489
0.567999,0.930428,0.000174764
0.568452,0.930423,0.000176042
0.568906,0.930418,0.00017732
0.569359,0.930412,0.000178601
0.569814,0.930406,0.000179253
0.570268,0.9304,0.00017812
0.570723,0.930393,0.000176986
0.571178,0.930386,0.00017585
0.571634,0.930378,0.000174712
0.57209,0.93037,0.000173573
0.572546,0.930362,0.000172433
0.573003,0.930353,0.000171291
0.57346,0.930344,0.000170148
0.573917,0.930334,0.000169004
0.574375,0.930324,0.000167859
0.574833,0.930314,0.000166713
0.575292,0.930303,0.000165565
0.575751,0.930292,0.000164417
0.57621,0.930281,0.000163267
0.57667,0.930269,0.000162117
0.57713,0.930257,0.000160966
0.57759,0.930244,0.000159815
0.578051,0.930231,0.000158663
0.578512,0.930218,0.00015751
0.578974,0.930204,0.000156353
0.579435,0.93019,0.000155182
0.579898,0.930175,0.00015401
0.58036,0.930161,0.000152838
0.580823,0.930145,0.000151666
0.581287,0.93013,0.000150494
0.58175,0.930114,0.000149322
0.582214,0.930097,0.00014815
0.582679,0.930081,0.000146978
0.583144,0.930064,0.000145807
0.583609,0.930046,0.000144636
0.584074,0.930028,0.000143467
0.58454,0.93001,0.000142297
0.585006,0.929992,0.000141129
0.585473,0.929973,0.000139961
0.58594,0.929953,0.000138795
0.586408,0.929934,0.00013763
0.586875,0.929913,0.000136466
0.587343,0.929893,0.000135303
0.587812,0.929872,0.000134143
0.588281,0.929851,0.00013314
0.58875,0.929829,0.000133424
0.58922,0.929807,0.00013371
0.58969,0.929785,0.000133999
0.59016,0.929763,0.000134291
0.590631,0.929739,0.000134585
0.591102,0.929716,0.000134881
0.591574,0.929692,0.000135181
0.592046,0.929668,0.000135482
0.592518,0.929644,0.000135787
0.592991,0.929619,0.000136094
0.593464,0.929594,0.000136404
0.593937,0.929568,0.000136717
0.594411,0.929542,0.000137033
0.594885,0.929516,0.000137351
0.595359,0.929489,0.000137672
0.595834,0.929462,0.000137996
0.59631,0.929434,0.000138323
0.596785,0.929407,0.000138652
0.597261,0.929378,0.000138984
0.597738,0.92935,0.000139319
0.598215,0.929321,0.000139646
0.598692,0.929292,0.000139975
0.599169,0.929262,0.000140307
0.599647,0.929232,0.000140642
0.600126,0.929202,0.00014098
0.600604,0.929171,0.00014132
0.601084,0.92914,0.000141663
0.601563,0.929109,0.000142009
0.602043,0.929077,0.000142357
0.602523,0.929045,0.000142708
0.603004,0.929012,0.000143061
0.603485,0.92898,0.000143417
0.603966,0.928946,0.000143776
0.604448,0.928913,0.000144137
0.60493,0.928879,0.0001445
0.605413,0.928845,0.000144866
0.605896,0.92881,0.000145234
0.606379,0.928775,0.000145604
0.606863,0.92874,0.000145977
0.607347,0.928704,0.000146351
0.607831,0.928668,0.000145695
0.608316,0.928631,0.000144992
0.608801,0.928595,0.000144293
0.609287,0.928558,0.000143595
0.609773,0.92852,0.000142899
0.61026,0.928482,0.000142206
0.610746,0.928444,0.000141515
0.611234,0.928406,0.000140826
0.611721,0.928367,0.000140139
0.612209,0.928327,0.000139454
0.612697,0.928288,0.000138771
0.613186,0.928248,0.000138091
0.613675,0.928208,0.000137412
0.614165,0.928167,0.000136736
0.614655,0.928126,0.000136061
0.615145,0.928085,0.000135388
0.615636,0.928043,0.000134717
0.616127,0.928001,0.000134048
0.616618,0.927959,0.000133381
0.61711,0.927916,0.000132716
0.617603,0.927873,0.000133386
0.618095,0.927829,0.00013424
0.618588,0.927786,0.000135096
0.619082,0.927741,0.000135953
0.619576,0.927697,0.000136811
0.62007,0.927652,0.000137669
0.620564,0.927607,0.000138529
0.621059,0.927561,0.00013939
0.621555,0.927516,0.000140251
0.622051,0.927469,0.000141113
0.622547,0.927423,0.000141976
0.623043,0.927376,0.000142839
0.62354,0.927329,0.000143702
0.624038,0.927281,0.000144565
0.624536,0.927233,0.000145429
0.625034,0.927185,0.000146292
0.625532,0.927136,0.000147156
0.626031,0.927088,0.000148019
0.626531,0.927038,0.000148883
0.627031,0.926989,0.000149746
0.627531,0.926939,0.00015073
0.628031,0.926888,0.000151744
0.628532,0.926838,0.000152757
0.629034,0.926787,0.000153771
0.629536,0.926735,0.000154784
0.630038,0.926684,0.000155796
0.63054,0.926632,0.000156809
0.631043,0.926579,0.00015782
0.631547,0.926527,0.000158832
0.63205,0.926474,0.000159842
0.632555,0.92642,0.000160852
0.633059,0.926367,0.000161861
0.633564,0.926313,0.00016287
0.63407,0.926258,0.000163877
0.634575,0.926204,0.000164884
0.635082,0.926149,0.000165889
0.635588,0.926093,0.000166894
0.636095,0.926038,0.000167898
0.636603,0.925982,0.0001689
0.637111,0.925925,0.000169902
0.637619,0.925868,0.000170134
0.638127,0.925811,0.000170075
0.638636,0.925754,0.000170013
0.639146,0.925696,0.000169949
0.639656,0.925638,0.000169881
0.640166,0.92558,0.000169811
0.640677,0.925521,0.000169738
0.641188,0.925462,0.000169662
0.641699,0.925403,0.000169583
0.642211,0.925343,0.000169501
0.642723,0.925283,0.000169417
0.643236,0.925223,0.00016933
0.643749,0.925162,0.000169241
0.644263,0.925101,0.000169149
0.644777,0.92504,0.000169054
0.645291,0.924978,0.000168957
0.645806,0.924917,0.000168857
0.646321,0.924854,0.000168755
0.646836,0.924792,0.00016865
0.647352,0.924729,0.000168544
0.647869,0.924666,0.00016915
0.648386,0.924602,0.000170141
0.648903,0.924538,0.000171132
0.64942,0.924474,0.000172123
0.649939,0.92441,0.000173114
0.650457,0.924345,0.000174106
0.650976,0.92428,0.000175099
0.651495,0.924214,0.000176092
0.652015,0.924148,0.000177086
0.652535,0.924082,0.00017808
0.653055,0.924016,0.000179076
0.653576,0.923949,0.000180072
0.654098,0.923882,0.000181069
0.65462,0.923815,0.000182067
0.655142,0.923747,0.000183067
0.655664,0.92368,0.000184067
0.656187,0.923611,0.000185068
0.656711,0.923543,0.000186071
0.657235,0.923474,0.000187075
0.657759,0.923405,0.000188081
0.658284,0.923335,0.00018847
0.658809,0.923266,0.000188401
0.659334,0.923196,0.000188332
0.65986,0.923125,0.000188262
0.660387,0.923055,0.000188191
0.660913,0.922984,0.00018812
0.661441,0.922912,0.000188048
0.661968,0.922841,0.000187976
0.662496,0.922769,0.000187904
0.663025,0.922697,0.000187831
0.663554,0.922624,0.000187758
0.664083,0.922552,0.000187685
0.664613,0.922479,0.000187612
0.665143,0.922405,0.000187539
0.665674,0.922332,0.000187466
0.666205,0.922258,0.000187393
0.666736,0.922184,0.000187321
0.667268,0.922109,0.000187248
0.6678,0.922034,0.000187176
0.668333,0.921959,0.000187104
0.668866,0.921884,0.000186647
0.669399,0.921808,0.000185802
0.669933,0.921732,0.000184956
0.670468,0.921656,0.00018411
0.671003,0.92158,0.000183263
0.671538,0.921503,0.000182417
0.672074,0.921426,0.00018157
0.67261,0.921348,0.000180722
0.673146,0.921271,0.000179875
0.673683,0.921193,0.000179028
0.674221,0.921115,0.00017818
0.674759,0.921036,0.000177333
0.675297,0.920957,0.000176486
0.675835,0.920878,0.000175639
0.676375,0.920799,0.000174792
0.676914,0.920719,0.000173945
0.677454,0.920639,0.000173099
0.677995,0.920559,0.000172253
0.678535,0.920479,0.000171408
0.679077,0.920398,0.000170562
0.679618,0.920317,0.000170036
0.68016,0.920236,0.000169948
0.680703,0.920154,0.000169861
0.681246,0.920073,0.000169776
0.681789,0.919991,0.000169692
0.682333,0.919908,0.000169609
0.682878,0.919826,0.000169528
0.683422,0.919743,0.000169449
0.683968,0.91966,0.000169371
0.684513,0.919576,0.000169295
0.685059,0.919493,0.00016922
0.685606,0.919409,0.000169147
0.686153,0.919324,0.000169076
0.6867,0.91924,0.000169006
0.687248,0.919155,0.000168938
0.687796,0.91907,0.000168872
0.688345,0.918985,0.000168808
0.688894,0.918899,0.000168745
0.689443,0.918814,0.000168684
0.689993,0.918728,0.000168624
0.690544,0.918641,0.000168254
0.691094,0.918555,0.000167293
0.691646,0.918468,0.000166333
0.692197,0.918381,0.000165374
0.69275,0.918293,0.000164416
0.693302,0.918206,0.000163459
0.693855,0.918118,0.000162504
0.694409,0.91803,0.00016155
0.694963,0.917942,0.000160597
0.695517,0.917853,0.000159645
0.696072,0.917764,0.000158695
0.696627,0.917675,0.000157746
0.697183,0.917586,0.000156799
0.697739,0.917496,0.000155853
0.698296,0.917406,0.000154908
0.698853,0.917316,0.000153965
0.69941,0.917226,0.000153023
0.699968,0.917135,0.000152083
0.700526,0.917045,0.000151144
0.701085,0.916953,0.000150206
0.701644,0.916862,0.000149568
0.702204,0.916771,0.000149742
0.702764,0.916679,0.000149918
0.703325,0.916587,0.000150095
0.703886,0.916494,0.000150273
0.704447,0.916402,0.000150453
0.705009,0.916309,0.000150635
0.705572,0.916216,0.000150818
0.706135,0.916123,0.000151002
0.706698,0.916029,0.000151187
0.707262,0.915936,0.000151374
0.707826,0.915842,0.000151562
0.70839,0.915748,0.000151751
0.708956,0.915653,0.000151941
0.709521,0.915559,0.000152132
0.710087,0.915464,0.000152324
0.710653,0.915369,0.000152517
0.71122,0.915273,0.00015271
0.711788,0.915178,0.000152904
0.712356,0.915082,0.000153099
0.712924,0.914986,0.000153252
0.713492,0.91489,0.000153224
0.714062,0.914793,0.000153196
0.714631,0.914696,0.000153168
0.715201,0.914599,0.000153141
0.715772,0.914502,0.000153114
0.716343,0.914405,0.000153087
0.716914,0.914307,0.00015306
0.717486,0.914209,0.000153033
0.718058,0.914111,0.000153006
0.718631,0.914013,0.000152978
0.719205,0.913915,0.000152951
0.719778,0.913816,0.000152923
0.720352,0.913717,0.000152895
0.720927,0.913618,0.000152866
0.721502,0.913518,0.000152837
0.722078,0.913419,0.000152807
0.722654,0.913319,0.000152777
0.72323,0.913219,0.000152746
0.723807,0.913119,0.000152714
0.724384,0.913018,0.000152698
0.724962,0.912918,0.000152807
0.725541,0.912817,0.000152914
0.726119,0.912716,0.000153021
0.726699,0.912615,0.000153126
0.727278,0.912513,0.000153231
0.727858,0.912411,0.000153334
0.728439,0.912309,0.000153436
0.72902,0.912207,0.000153537
0.729602,0.912105,0.000153636
0.730184,0.912002,0.000153734
0.730766,0.9119,0.000153831
0.731349,0.911797,0.000153926
0.731932,0.911694,0.000154019
0.732516,0.91159,0.000154111
0.733101,0.911487,0.000154201
0.733685,0.911383,0.00015429
0.734271,0.911279,0.000154377
0.734856,0.911175,0.000154461
0.735443,0.91107,0.000154545
0.736029,0.910966,0.000154623
0.736616,0.910861,0.000154617
0.737204,0.910756,0.00015461
0.737792,0.910651,0.000154601
0.738381,0.910546,0.00015459
0.73897,0.910441,0.000154577
0.739559,0.910335,0.000154563
0.740149,0.91023,0.000154547
0.74074,0.910124,0.000154529
0.74133,0.910018,0.00015451
0.741922,0.909912,0.000154489
0.742514,0.909806,0.000154466
0.743106,0.9097,0.000154442
0.743699,0.909593,0.000154417
0.744292,0.909487,0.00015439
0.744886,0.90938,0.000154361
0.74548,0.909274,0.000154331
0.746075,0.909167,0.0001543
0.74667,0.90906,0.000154267
0.747265,0.908953,0.000154233
0.747861,0.908847,0.000154198
0.748458,0.90874,0.000153213
0.749055,0.908633,0.000152189
0.749653,0.908526,0.000151164
0.750251,0.908419,0.000150138
0.750849,0.908312,0.000149109
0.751448,0.908205,0.000148079
0.752047,0.908098,0.000147047
0.752647,0.90799,0.000146013
0.753248,0.907883,0.000144978
0.753849,0.907776,0.000143942
0.75445,0.907669,0.000142903
0.755052,0.907562,0.000141864
0.755654,0.907455,0.000140822
0.756257,0.907348,0.00013978
0.75686,0.907241,0.000138736
0.757464,0.907134,0.00013769
0.758068,0.907027,0.000136644
0.758673,0.906921,0.000135596
0.759278,0.906814,0.000134547
0.759884,0.906707,0.000133497
0.76049,0.906601,0.000133327
0.761096,0.906494,0.000133268
0.761704,0.906388,0.00013321
0.762311,0.906281,0.000133151
0.762919,0.906175,0.000133093
0.763528,0.906069,0.000133034
0.764137,0.905963,0.000132975
0.764747,0.905857,0.000132917
0.765357,0.905751,0.000132858
0.765967,0.905646,0.0001328
0.766578,0.90554,0.000132742
0.76719,0.905435,0.000132685
0.767802,0.90533,0.000132627
0.768414,0.905225,0.00013257
0.769027,0.90512,0.000132514
0.769641,0.905015,0.000132458
0.770254,0.904911,0.000132403
0.770869,0.904806,0.000132348
0.771484,0.904702,0.000132294
0.772099,0.904598,0.000132241
0.772715,0.904494,0.000132458
0.773332,0.904391,0.000132739
0.773948,0.904287,0.000133021
0.774566,0.904184,0.000133305
0.775184,0.904081,0.00013359
0.775802,0.903979,0.000133876
0.776421,0.903876,0.000134165
0.77704,0.903774,0.000134454
0.77766,0.903672,0.000134746
0.77828,0.903571,0.000135039
0.778901,0.903469,0.000135334
0.779523,0.903368,0.00013563
0.780144,0.903267,0.000135928
0.780767,0.903167,0.000136228
0.78139,0.903067,0.00013653
0.782013,0.902967,0.000136833
0.782637,0.902867,0.000137138
0.783261,0.902768,0.000137445
0.783886,0.902669,0.000137754
0.784511,0.90257,0.000138064
0.785137,0.902471,0.000138126
0.785763,0.902373,0.000138099
0.78639,0.902276,0.000138074
0.787017,0.902178,0.000138049
0.787645,0.902081,0.000138027
0.788273,0.901985,0.000138005
0.788902,0.901888,0.000137985
0.789532,0.901793,0.000137967
0.790161,0.901697,0.000137949
0.790792,0.901602,0.000137934
0.791423,0.901507,0.000137919
0.792054,0.901413,0.000137906
0.792686,0.901319,0.000137895
0.793318,0.901225,0.000137885
0.793951,0.901132,0.000137876
0.794584,0.901039,0.000137869
0.795218,0.900947,0.000137863
0.795852,0.900855,0.000137858
0.796487,0.900764,0.000137855
0.797123,0.900673,0.000137854
0.797758,0.900583,0.000137345
0.798395,0.900493,0.000136573
0.799032,0.900403,0.000135802
0.799669,0.900314,0.000135033
0.800307,0.900225,0.000134264
0.800945,0.900137,0.000133497
0.801584,0.90005,0.000132731
0.802224,0.899962,0.000131965
0.802864,0.899876,0.000131201
0.803504,0.89979,0.000130438
0.804145,0.899704,0.000129676
0.804787,0.899619,0.000128916
0.805429,0.899535,0.000128156
0.806071,0.899451,0.000127398
0.806714,0.899367,0.00012664
0.807358,0.899284,0.000125884
0.808002,0.899202,0.000125129
0.808646,0.89912,0.000124375
0.809291,0.899039,0.000123622
0.809937,0.898958,0.00012287
0.810583,0.898878,0.000123642
0.811229,0.898799,0.00012551
0.811877,0.89872,0.000127381
0.812524,0.898641,0.000129256
0.813172,0.898564,0.000131135
0.813821,0.898487,0.000133018
0.81447,0.89841,0.000134903
0.81512,0.898334,0.000136792
0.81577,0.898259,0.000138685
0.816421,0.898185,0.00014058
0.817072,0.898111,0.000142478
0.817724,0.898038,0.000144379
0.818376,0.897965,0.000146283
0.819029,0.897893,0.00014819
0.819682,0.897822,0.000150099
0.820336,0.897751,0.000152011
0.820991,0.897681,0.000153925
0.821646,0.897612,0.000155841
0.822301,0.897544,0.00015776
0.822957,0.897476,0.000159681
0.823613,0.897409,0.000160985
0.82427,0.897342,0.000161685
0.824928,0.897277,0.000162385
0.825586,0.897212,0.000163085
0.826245,0.897147,0.000163786
0.826904,0.897084,0.000164487
0.827563,0.897021,0.000165188
0.828223,0.896959,0.000165889
0.828884,0.896898,0.000166591
0.829545,0.896838,0.000167292
0.830207,0.896778,0.000167994
0.830869,0.896719,0.000168695
0.831532,0.896661,0.000169396
0.832195,0.896603,0.000170098
0.832859,0.896547,0.000170799
0.833524,0.896491,0.0001715
0.834189,0.896436,0.000172201
0.834854,0.896382,0.000172902
0.83552,0.896329,0.000173602
0.836186,0.896276,0.000174302
0.836854,0.896225,0.000173576
0.837521,0.896174,0.000170958
0.838189,0.896124,0.00016834
0.838858,0.896075,0.000165721
0.839527,0.896027,0.000163102
0.840197,0.895979,0.000160482
0.840867,0.895933,0.000157863
0.841538,0.895887,0.000155244
0.842209,0.895842,0.000152624
0.842881,0.895799,0.000150005
0.843553,0.895756,0.000147386
0.844226,0.895714,0.000144768
0.844899,0.895672,0.000142149
0.845573,0.895632,0.000139532
0.846248,0.895593,0.000136915
0.846923,0.895554,0.0001343
0.847599,0.895517,0.000131686
0.848275,0.89548,0.000129073
0.848951,0.895444,0.000126462
0.849629,0.89541,0.000123853
0.850306,0.895376,0.000122192
0.850985,0.895342,0.000122259
0.851664,0.89531,0.000122326
0.852343,0.895279,0.000122391
0.853023,0.895248,0.000122455
0.853703,0.895219,0.000122517
0.854384,0.89519,0.000122579
0.855066,0.895162,0.00012264
0.855748,0.895135,0.000122699
0.856431,0.895109,0.000122758
0.857114,0.895084,0.000122815
0.857797,0.895059,0.000122872
0.858482,0.895036,0.000122928
0.859167,0.895013,0.000122983
0.859852,0.894991,0.000123037
0.860538,0.89497,0.000123091
0.861224,0.89495,0.000123144
0.861911,0.89493,0.000123196
0.862599,0.894912,0.000123248
0.863287,0.894894,0.000123299
0.863976,0.894878,0.00012332
0.864665,0.894862,0.000123262
0.865354,0.894846,0.000123203
0.866045,0.894832,0.000123143
0.866736,0.894819,0.000123084
0.867427,0.894806,0.000123024
0.868119,0.894794,0.000122963
0.868811,0.894783,0.000122903
0.869505,0.894773,0.000122842
0.870198,0.894764,0.000122781
0.870892,0.894755,0.000122721
0.871587,0.894747,0.00012266
0.872282,0.89474,0.000122599
0.872978,0.894734,0.000122538
0.873674,0.894729,0.000122478
0.874371,0.894724,0.000122417
0.875069,0.894721,0.000122357
0.875767,0.894718,0.000122297
0.876466,0.894715,0.000122238
0.877165,0.894714,0.000122179
0.877864,0.894714,0.000122126
0.878565,0.894714,0.000122095
0.879266,0.894715,0.000122066
0.879967,0.894717,0.000122037
0.880669,0.894719,0.000122009
0.881371,0.894723,0.000121981
0.882074,0.894727,0.000121954
0.882778,0.894732,0.000121928
0.883482,0.894737,0.000121903
0.884187,0.894744,0.000121878
0.884892,0.894751,0.000121855
0.885598,0.894759,0.000121832
0.886305,0.894768,0.00012181
0.887012,0.894777,0.00012179
0.887719,0.894788,0.00012177
0.888427,0.894799,0.000121752
0.889136,0.89481,0.000121734
0.889845,0.894823,0.000121718
0.890555,0.894836,0.000121703
0.891266,0.89485,0.000121689
0.891977,0.894865,0.000121673
0.892688,0.894881,0.000121633
0.8934,0.894897,0.000121594
0.894113,0.894914,0.000121557
0.894826,0.894932,0.000121521
0.89554,0.89495,0.000121486
0.896254,0.894969,0.000121453
0.896969,0.894989,0.000121421
0.897685,0.89501,0.00012139
0.898401,0.895031,0.000121361
0.899118,0.895053,0.000121333
0.899835,0.895076,0.000121306
0.900553,0.8951,0.000121281
0.901271,0.895124,0.000121258
0.90199,0.895149,0.000121235
0.902709,0.895174,0.000121215
0.903429,0.895201,0.000121195
0.90415,0.895228,0.000121177
0.904871,0.895256,0.000121161
0.905593,0.895284,0.000121146
0.906316,0.895313,0.000121228
0.907039,0.895343,0.00012322
0.907762,0.895374,0.000125218
0.908486,0.895405,0.00012722
0.909211,0.895437,0.000129227
0.909936,0.89547,0.000131239
0.910662,0.895503,0.000133256
0.911389,0.895537,0.000135277
0.912116,0.895572,0.000137302
0.912843,0.895607,0.000139331
0.913571,0.895643,0.000141365
0.9143,0.89568,0.000143402
0.915029,0.895717,0.000145443
0.915759,0.895755,0.000147488
0.91649,0.895794,0.000149537
0.917221,0.895833,0.000151589
0.917953,0.895873,0.000153645
0.918685,0.895914,0.000155704
0.919418,0.895955,0.000157766
0.920151,0.895997,0.000159831
0.920885,0.89604,0.0001619
0.92162,0.896083,0.000161989
0.922355,0.896127,0.000162021
0.923091,0.896171,0.000162054
0.923827,0.896217,0.000162088
0.924564,0.896263,0.000162122
0.925301,0.896309,0.000162157
0.92604,0.896356,0.000162193
0.926778,0.896404,0.00016223
0.927518,0.896452,0.000162266
0.928257,0.896501,0.000162304
0.928998,0.896551,0.000162342
0.929739,0.896601,0.00016238
0.930481,0.896652,0.000162419
0.931223,0.896704,0.000162458
0.931966,0.896756,0.000162497
0.932709,0.896809,0.000162537
0.933453,0.896862,0.000162577
0.934198,0.896916,0.000162617
0.934943,0.89697,0.000162657
0.935689,0.897026,0.000162698
0.936435,0.897081,0.000160961
0.937182,0.897138,0.000159019
0.93793,0.897195,0.000157077
0.938678,0.897252,0.000155137
0.939427,0.89731,0.000153198
0.940176,0.897369,0.000151261
0.940926,0.897429,0.000149325
0.941677,0.897488,0.00014739
0.942428,0.897549,0.000145457
0.94318,0.89761,0.000143526
0.943932,0.897672,0.000141597
0.944685,0.897734,0.000139669
0.945439,0.897797,0.000137744
0.946193,0.89786,0.00013582
0.946948,0.897924,0.000133899
0.947703,0.897989,0.00013198
0.948459,0.898054,0.000130064
0.949216,0.898119,0.00012815
0.949973,0.898186,0.000126238
0.950731,0.898252,0.00012433
0.951489,0.89832,0.000123981
0.952248,0.898388,0.000123975
0.953008,0.898456,0.000123968
0.953768,0.898525,0.00012396
0.954529,0.898595,0.00012395
0.95529,0.898665,0.000123939
0.956052,0.898735,0.000123927
0.956815,0.898806,0.000123914
0.957578,0.898878,0.000123899
0.958342,0.89895,0.000123882
0.959106,0.899023,0.000123864
0.959871,0.899096,0.000123845
0.960637,0.89917,0.000123823
0.961403,0.899245,0.0001238
0.96217,0.899319,0.000123776
0.962938,0.899395,0.000123749
0.963706,0.899471,0.000123721
0.964475,0.899547,0.000123691
0.965244,0.899624,0.000123659
0.966014,0.899702,0.000123624
0.966785,0.899779,0.000125898
0.967556,0.899858,0.00012898
0.968328,0.899937,0.000132072
0.9691,0.900016,0.000135174
0.969873,0.900096,0.000138284
0.970647,0.900177,0.000141403
0.971421,0.900258,0.000144531
0.972196,0.900339,0.000147667
0.972972,0.900421,0.00015081
0.973748,0.900504,0.00015396
0.974525,0.900586,0.000157118
0.975302,0.90067,0.000160283
0.97608,0.900754,0.000163454
0.976859,0.900838,0.000166632
0.977638,0.900923,0.000169816
0.978418,0.901008,0.000173007
0.979198,0.901094,0.000176203
0.979979,0.90118,0.000179406
0.980761,0.901266,0.000182614
0.981543,0.901353,0.000185828
0.982326,0.901441,0.000186276
0.98311,0.901528,0.000185339
0.983894,0.901617,0.000184401
0.984679,0.901705,0.000183461
0.985464,0.901794,0.000182519
0.986251,0.901884,0.000181576
0.987037,0.901974,0.000180632
0.987825,0.902064,0.000179686
0.988613,0.902155,0.000178738
0.989401,0.902246,0.000177789
0.990191,0.902337,0.000176839
0.99098,0.902429,0.000175887
0.991771,0.902522,0.000174934
0.992562,0.902614,0.00017398
0.993354,0.902707,0.000173025
0.994146,0.902801,0.000172068
0.994939,0.902894,0.00017111
0.995733,0.902989,0.000170151
0.996527,0.903083,0.00016919
0.997322,0.903178,0.000168229
0.998118,0.903273,0.000166924
0.998914,0.903368,0.000165379
0.999711,0.903464,0.000163834
1.00051,0.90356,0.000162287
1.00131,0.903657,0.000160739
1.00211,0.903754,0.000159191
1.0029,0.903851,0.000157641
1.0037,0.903948,0.000156091
1.00451,0.904046,0.00015454
1.00531,0.904144,0.000152989
1.00611,0.904243,0.000151436
1.00691,0.904341,0.000149883
1.00771,0.90444,0.00014833
1.00852,0.90454,0.000146776
1.00932,0.904639,0.000145222
1.01013,0.904739,0.000143667
1.01093,0.904839,0.000142112
1.01174,0.904939,0.000140557
1.01255,0.90504,0.000139002
1.01335,0.905141,0.000137447
1.01416,0.905242,0.000138669
1.01497,0.905344,0.000142527
1.01578,0.905445,0.0001464
1.01659,0.905547,0.000150286
1.0174,0.905649,0.000154186
1.01821,0.905752,0.000158098
1.01903,0.905854,0.000162021
1.01984,0.905957,0.000165956
1.02065,0.90606,0.000169901
1.02147,0.906164,0.000173857
1.02228,0.906267,0.000177822
1.0231,0.906371,0.000181796
1.02391,0.906475,0.00018578
1.02473,0.906579,0.000189772
1.02555,0.906683,0.000193772
1.02637,0.906788,0.00019778
1.02718,0.906893,0.000201797
1.028,0.906998,0.000205821
1.02882,0.907103,0.000209852
1.02964,0.907208,0.00021389
1.03047,0.907314,0.000215131
1.03129,0.907419,0.000212774
1.03211,0.907525,0.000210416
1.03293,0.907631,0.000208057
1.03376,0.907737,0.000205698
1.03458,0.907843,0.000203339
1.03541,0.90795,0.000200979
1.03623,0.908056,0.00019862
1.03706,0.908163,0.00019626
1.03789,0.90827,0.0001939
1.03872,0.908377,0.00019154
1.03954,0.908484,0.00018918
1.04037,0.908591,0.000186821
1.0412,0.908698,0.000184461
1.04203,0.908806,0.000182102
1.04287,0.908913,0.000179743
1.0437,0.909021,0.000177385
1.04453,0.909129,0.000175027
1.04536,0.909237,0.000172671
1.0462,0.909344,0.000170314
1.04703,0.909453,0.000168553
1.04787,0.909561,0.000167843
1.0487,0.909669,0.000167134
1.04954,0.909777,0.000166425
1.05038,0.909885,0.000165717
1.05121,0.909994,0.000165009
1.05205,0.910102,0.000164302
1.05289,0.910211,0.000163596
1.05373,0.910319,0.00016289
1.05457,0.910428,0.000162185
1.05541,0.910537,0.000161481
1.05626,0.910645,0.000160777
1.0571,0.910754,0.000160074
1.05794,0.910863,0.000159371
1.05879,0.910971,0.00015867
1.05963,0.91108,0.000157968
1.06048,0.911189,0.000157268
1.06132,0.911298,0.000156568
1.06217,0.911407,0.000155869
1.06302,0.911516,0.00015517
1.06386,0.911624,0.000154678
1.06471,0.911733,0.000154703
1.06556,0.911842,0.000154729
1.06641,0.911951,0.000154755
1.06726,0.91206,0.000154782
1.06811,0.912169,0.000154809
1.06897,0.912277,0.000154837
1.06982,0.912386,0.000154866
1.07067,0.912495,0.000154895
1.07153,0.912603,0.000154924
1.07238,0.912712,0.000154953
1.07324,0.91282,0.000154983
1.07409,0.912929,0.000155014
1.07495,0.913037,0.000155044
1.07581,0.913146,0.000155075
1.07666,0.913254,0.000155106
1.07752,0.913362,0.000155137
1.07838,0.913471,0.000155168
1.07924,0.913579,0.000155199
1.0801,0.913687,0.00015523
1.08097,0.913795,0.000155328
1.08183,0.913903,0.000155678
1.08269,0.91401,0.000156028
1.08355,0.914118,0.000156377
1.08442,0.914226,0.000156727
1.08528,0.914333,0.000157077
1.08615,0.91444,0.000157427
1.08702,0.914548,0.000157776
1.08788,0.914655,0.000158126
1.08875,0.914762,0.000158475
1.08962,0.914868,0.000158824
1.09049,0.914975,0.000159172
1.09136,0.915082,0.00015952
1.09223,0.915188,0.000159868
1.0931,0.915294,0.000160216
1.09397,0.915401,0.000160562
1.09484,0.915506,0.000160909
1.09572,0.915612,0.000161255
1.09659,0.915718,0.0001616
1.09747,0.915823,0.000161945
1.09834,0.915929,0.000162273
1.09922,0.916034,0.000162495
1.1001,0.916139,0.000162716
1.10097,0.916244,0.000162936
1.10185,0.916348,0.000163156
1.10273,0.916453,0.000163374
1.10361,0.916557,0.000163592
1.10449,0.916661,0.000163809
1.10537,0.916764,0.000164025
1.10625,0.916868,0.000164239
1.10714,0.916971,0.000164453
1.10802,0.917074,0.000164666
1.1089,0.917177,0.000164877
1.10979,0.91728,0.000165088
1.11067,0.917382,0.000165297
1.11156,0.917485,0.000165506
1.11245,0.917587,0.000165713
1.11333,0.917688,0.000165919
1.11422,0.91779,0.000166123
1.11511,0.917891,0.000166327
1.116,0.917992,0.000166567
1.11689,0.918093,0.000167439
1.11778,0.918193,0.000168311
1.11867,0.918293,0.000169183
1.11956,0.918393,0.000170055
1.12046,0.918493,0.000170926
1.12135,0.918592,0.000171797
1.12225,0.918691,0.000172669
1.12314,0.91879,0.00017354
1.12404,0.918889,0.000174412
1.12493,0.918987,0.000175283
1.12583,0.919085,0.000176155
1.12673,0.919183,0.000177026
1.12763,0.919281,0.000177899
1.12853,0.919378,0.000178771
1.12943,0.919475,0.000179643
1.13033,0.919572,0.000180516
1.13123,0.919669,0.00018139
1.13213,0.919765,0.000182264
1.13304,0.919862,0.000183138
1.13394,0.919958,0.000184013
1.13484,0.920053,0.000182852
1.13575,0.920149,0.000181648
1.13666,0.920244,0.000180443
1.13756,0.920339,0.000179237
1.13847,0.920434,0.000178029
1.13938,0.920528,0.00017682
1.14029,0.920622,0.00017561
1.1412,0.920716,0.000174399
1.14211,0.92081,0.000173186
1.14302,0.920904,0.000171972
1.14393,0.920997,0.000170758
1.14484,0.92109,0.000169542
1.14575,0.921183,0.000168325
1.14667,0.921276,0.000167107
1.14758,0.921368,0.000165889
1.1485,0.92146,0.000164669
1.14942,0.921552,0.000163449
1.15033,0.921644,0.000162228
1.15125,0.921736,0.000161006
1.15217,0.921827,0.000159783
1.15309,0.921918,0.000159637
1.15401,0.922009,0.000159607
1.15493,0.9221,0.000159576
1.15585,0.92219,0.000159546
1.15677,0.92228,0.000159516
1.15769,0.92237,0.000159487
1.15862,0.92246,0.000159458
1.15954,0.922549,0.000159429
1.16047,0.922639,0.000159401
1.16139,0.922728,0.000159374
1.16232,0.922817,0.000159346
1.16325,0.922906,0.00015932
1.16417,0.922994,0.000159294
1.1651,0.923082,0.000159269
1.16603,0.92317,0.000159244
1.16696,0.923258,0.000159221
1.16789,0.923346,0.000159198
1.16882,0.923433,0.000159175
1.16976,0.923521,0.000159154
1.17069,0.923608,0.000159133
1.17162,0.923694,0.000158872
1.17256,0.923781,0.000158561
1.17349,0.923867,0.00015825
1.17443,0.923954,0.00015794
1.17537,0.92404,0.000157631
1.1763,0.924126,0.000157322
1.17724,0.924211,0.000157014
1.17818,0.924297,0.000156707
1.17912,0.924382,0.000156401
1.18006,0.924467,0.000156096
1.181,0.924552,0.000155791
1.18195,0.924636,0.000155487
1.18289,0.924721,0.000155184
1.18383,0.924805,0.000154882
1.18478,0.924889,0.000154581
1.18572,0.924973,0.000154281
1.18667,0.925057,0.000153982
1.18761,0.92514,0.000153684
1.18856,0.925224,0.000153386
1.18951,0.925307,0.00015309
1.19046,0.92539,0.00015335
1.19141,0.925472,0.000153795
1.19236,0.925555,0.000154242
1.19331,0.925637,0.00015469
1.19426,0.92572,0.00015514
1.19521,0.925802,0.000155592
1.19617,0.925883,0.000156045
1.19712,0.925965,0.0001565
1.19808,0.926047,0.000156956
1.19903,0.926128,0.000157413
1.19999,0.926209,0.000157872
1.20095,0.92629,0.000158333
1.2019,0.926371,0.000158795
1.20286,0.926451,0.000159258
1.20382,0.926532,0.000159723
1.20478,0.926612,0.000160189
1.20574,0.926692,0.000160656
1.20671,0.926772,0.000161125
1.20767,0.926852,0.000161595
1.20863,0.926932,0.000162066
1.2096,0.927011,0.000162071
1.21056,0.92709,0.000161853
1.21153,0.927169,0.000161635
1.21249,0.927248,0.000161417
1.21346,0.927327,0.000161201
1.21443,0.927406,0.000160985
1.2154,0.927484,0.000160769
1.21637,0.927562,0.000160555
1.21734,0.92764,0.000160341
1.21831,0.927718,0.000160127
1.21928,0.927796,0.000159914
1.22025,0.927874,0.000159702
1.22123,0.927951,0.00015949
1.2222,0.928029,0.000159278
1.22317,0.928106,0.000159067
1.22415,0.928183,0.000158857
1.22513,0.92826,0.000158647
1.2261,0.928337,0.000158437
1.22708,0.928413,0.000158227
1.22806,0.92849,0.000158018
1.22904,0.928566,0.000158318
1.23002,0.928642,0.000158961
1.231,0.928718,0.000159605
1.23198,0.928794,0.000160249
1.23297,0.92887,0.000160894
1.23395,0.928945,0.000161539
1.23493,0.92902,0.000162185
1.23592,0.929096,0.000162831
1.23691,0.929171,0.000163477
1.23789,0.929246,0.000164124
1.23888,0.929321,0.000164771
1.23987,0.929395,0.000165418
1.24086,0.92947,0.000166065
1.24185,0.929544,0.000166713
1.24284,0.929619,0.00016736
1.24383,0.929693,0.000168008
1.24482,0.929767,0.000168655
1.24581,0.929841,0.000169303
1.24681,0.929915,0.00016995
1.2478,0.929988,0.000170598
1.2488,0.930062,0.000169823
1.24979,0.930135,0.000167748
1.25079,0.930208,0.000165672
1.25179,0.930281,0.000163597
1.25279,0.930354,0.000161522
1.25379,0.930427,0.000159448
1.25479,0.9305,0.000157374
1.25579,0.930573,0.000155301
1.25679,0.930645,0.000153228
1.25779,0.930717,0.000151156
1.2588,0.93079,0.000149084
1.2598,0.930862,0.000147013
1.2608,0.930934,0.000144943
1.26181,0.931006,0.000142874
1.26282,0.931077,0.000140806
1.26382,0.931149,0.000138739
1.26483,0.931221,0.000136672
1.26584,0.931292,0.000134607
1.26685,0.931363,0.000132544
1.26786,0.931435,0.000130481
1.26887,0.931506,0.000129426
1.26989,0.931577,0.00012962
1.2709,0.931648,0.000129813
1.27191,0.931718,0.000130004
1.27293,0.931789,0.000130194
1.27394,0.931859,0.000130381
1.27496,0.93193,0.000130568
1.27598,0.932,0.000130752
1.27699,0.93207,0.000130935
1.27801,0.932141,0.000131116
1.27903,0.932211,0.000131295
1.28005,0.932281,0.000131472
1.28107,0.93235,0.000131648
1.28209,0.93242,0.000131822
1.28312,0.93249,0.000131995
1.28414,0.932559,0.000132165
1.28517,0.932629,0.000132334
1.28619,0.932698,0.000132502
1.28722,0.932767,0.000132668
1.28824,0.932836,0.000132833
1.28927,0.932905,0.000133151
1.2903,0.932974,0.000133734
1.29133,0.933043,0.000134317
1.29236,0.933112,0.0001349
1.29339,0.93318,0.000135482
1.29442,0.933249,0.000136064
1.29545,0.933317,0.000136646
1.29649,0.933386,0.000137228
1.29752,0.933454,0.00013781
1.29856,0.933522,0.000138392
1.29959,0.93359,0.000138974
1.30063,0.933658,0.000139557
1.30167,0.933726,0.00014014
1.3027,0.933794,0.000140723
1.30374,0.933861,0.000141307
1.30478,0.933929,0.000141892
1.30582,0.933996,0.000142477
1.30687,0.934064,0.000143063
1.30791,0.934131,0.00014365
1.30895,0.934198,0.000144238
1.31,0.934265,0.000144254
1.31104,0.934332,0.000142889
1.31209,0.934399,0.000141523
1.31313,0.934466,0.000140158
1.31418,0.934532,0.000138791
1.31523,0.934599,0.000137425
1.31628,0.934665,0.000136058
1.31733,0.934732,0.000134691
1.31838,0.934798,0.000133324
1.31943,0.934864,0.000131957
1.32048,0.93493,0.000130591
1.32154,0.934996,0.000129224
1.32259,0.935062,0.000127858
1.32365,0.935128,0.000126493
1.3247,0.935194,0.000125128
1.32576,0.935259,0.000123764
1.32682,0.935325,0.000122401
1.32788,0.93539,0.000121038
1.32893,0.935455,0.000119677
1.32999,0.93552,0.000118318
1.33106,0.935586,0.000117247
1.33212,0.935651,0.000117216
1.33318,0.935715,0.000117187
1.33424,0.93578,0.000117159
1.33531,0.935845,0.000117133
1.33637,0.93591,0.000117108
1.33744,0.935974,0.000117085
1.33851,0.936039,0.000117064
1.33957,0.936103,0.000117044
1.34064,0.936167,0.000117027
1.34171,0.936231,0.000117011
1.34278,0.936295,0.000116997
1.34385,0.936359,0.000116986
1.34492,0.936423,0.000116976
1.346,0.936487,0.000116968
1.34707,0.93655,0.000116963
1.34815,0.936614,0.000116959
1.34922,0.936677,0.000116958
1.3503,0.936741,0.000116959
1.35137,0.936804,0.000116962
1.35245,0.936867,0.000117204
1.35353,0.93693,0.000118899
1.35461,0.936993,0.000120599
1.35569,0.937056,0.000122306
1.35677,0.937119,0.000124019
1.35786,0.937182,0.000125738
1.35894,0.937244,0.000127462
1.36002,0.937307,0.000129192
1.36111,0.937369,0.000130926
1.36219,0.937431,0.000132666
1.36328,0.937493,0.000134411
1.36437,0.937556,0.000136161
1.36546,0.937618,0.000137916
1.36655,0.937679,0.000139675
1.36764,0.937741,0.000141438
1.36873,0.937803,0.000143206
1.36982,0.937865,0.000144979
1.37091,0.937926,0.000146755
1.372,0.937988,0.000148535
1.3731,0.938049,0.000150319
1.37419,0.93811,0.0001519
1.37529,0.938171,0.00015047
1.37639,0.938232,0.000149043
1.37749,0.938293,0.000147617
1.37858,0.938354,0.000146195
1.37968,0.938415,0.000144775
1.38078,0.938476,0.000143358
1.38189,0.938536,0.000141944
1.38299,0.938597,0.000140533
1.38409,0.938657,0.000139125
1.3852,0.938717,0.00013772
1.3863,0.938777,0.000136319
1.38741,0.938838,0.000134921
1.38851,0.938897,0.000133526
1.38962,0.938957,0.000132135
1.39073,0.939017,0.000130747
1.39184,0.939077,0.000129364
1.39295,0.939137,0.000127984
1.39406,0.939196,0.000126608
1.39517,0.939255,0.000125237
1.39629,0.939315,0.000123869
1.3974,0.939374,0.000123912
1.39851,0.939433,0.000123973
1.39963,0.939492,0.000124035
1.40075,0.939551,0.000124098
1.40186,0.93961,0.000124162
1.40298,0.939669,0.000124226
1.4041,0.939727,0.000124291
1.40522,0.939786,0.000124357
1.40634,0.939844,0.000124423
1.40746,0.939903,0.000124489
1.40859,0.939961,0.000124556
1.40971,0.940019,0.000124623
1.41083,0.940077,0.00012469
1.41196,0.940135,0.000124758
1.41309,0.940193,0.000124825
1.41421,0.940251,0.000124892
1.41534,0.940309,0.000124959
1.41647,0.940366,0.000125026
1.4176,0.940424,0.000125093
1.41873,0.940481,0.000125159
1.41986,0.940539,0.000126883
1.421,0.940596,0.00012877
1.42213,0.940653,0.00013066
1.42326,0.94071,0.000132553
1.4244,0.940767,0.000134448
1.42554,0.940824,0.000136346
1.42667,0.940881,0.000138247
1.42781,0.940937,0.000140149
1.42895,0.940994,0.000142054
1.43009,0.94105,0.000143961
1.43123,0.941107,0.00014587
1.43237,0.941163,0.00014778
1.43351,0.941219,0.000149693
1.43466,0.941275,0.000151607
1.4358,0.941331,0.000153523
1.43695,0.941387,0.000155441
1.43809,0.941443,0.00015736
1.43924,0.941499,0.00015928
1.44039,0.941555,0.000161203
1.44154,0.94161,0.000163126
1.44269,0.941666,0.000162542
1.44384,0.941721,0.000161462
1.44499,0.941776,0.000160381
1.44614,0.941831,0.000159299
1.4473,0.941886,0.000158216
1.44845,0.941941,0.000157131
1.44961,0.941996,0.000156045
1.45076,0.942051,0.000154959
1.45192,0.942106,0.00015387
1.45308,0.94216,0.000152781
1.45424,0.942215,0.000151689
1.4554,0.942269,0.000150597
1.45656,0.942324,0.000149502
1.45772,0.942378,0.000148406
1.45888,0.942432,0.000147309
1.46005,0.942486,0.00014621
1.46121,0.94254,0.000145108
1.46238,0.942594,0.000144006
1.46354,0.942648,0.000142901
1.46471,0.942701,0.000141794
1.46588,0.942755,0.000143588
1.46705,0.942808,0.000146311
1.46822,0.942862,0.000149041
1.46939,0.942915,0.000151779
1.47056,0.942968,0.000154523
1.47174,0.943022,0.000157275
1.47291,0.943075,0.000160034
1.47409,0.943127,0.000162799
1.47526,0.94318,0.00016557
1.47644,0.943233,0.000168348
1.47762,0.943286,0.000171132
1.47879,0.943338,0.000173922
1.47997,0.943391,0.000176718
1.48115,0.943443,0.00017952
1.48234,0.943495,0.000182327
1.48352,0.943548,0.000185141
1.4847,0.9436,0.00018796
1.48589,0.943652,0.000190785
1.48707,0.943704,0.000193615
1.48826,0.943756,0.000196451
1.48945,0.943807,0.000197332
1.49063,0.943859,0.000197303
1.49182,0.94391,0.000197272
1.49301,0.943962,0.000197241
1.4942,0.944013,0.000197209
1.4954,0.944065,0.000197177
1.49659,0.944116,0.000197144
1.49778,0.944167,0.000197111
1.49898,0.944218,0.000197077
1.50017,0.944269,0.000197043
1.50137,0.94432,0.000197009
1.50257,0.94437,0.000196974
1.50377,0.944421,0.00019694
1.50496,0.944472,0.000196906
1.50617,0.944522,0.000196872
1.50737,0.944572,0.000196838
1.50857,0.944623,0.000196805
1.50977,0.944673,0.000196772
1.51098,0.944723,0.00019674
1.51218,0.944773,0.000196708
1.51339,0.944823,0.00019686
1.5146,0.944873,0.000197132
1.5158,0.944923,0.000197405
1.51701,0.944972,0.00019768
1.51822,0.945022,0.000197955
1.51943,0.945071,0.000198233
1.52065,0.945121,0.000198511
1.52186,0.94517,0.000198791
1.52307,0.945219,0.000199073
1.52429,0.945268,0.000199357
1.5255,0.945317,0.000199642
1.52672,0.945366,0.000199929
1.52794,0.945415,0.000200217
1.52916,0.945464,0.000200508
1.53038,0.945513,0.0002008
1.5316,0.945561,0.000201095
1.53282,0.94561,0.000201391
1.53404,0.945658,0.00020169
1.53527,0.945707,0.000201991
1.53649,0.945755,0.000202293
1.53772,0.945803,0.000202435
1.53894,0.945851,0.000202434
1.54017,0.945899,0.000202434
1.5414,0.945947,0.000202437
1.54263,0.945995,0.000202442
1.54386,0.946043,0.000202448
1.54509,0.94609,0.000202457
1.54632,0.946138,0.000202468
1.54756,0.946185,0.000202481
1.54879,0.946233,0.000202497
1.55003,0.94628,0.000202514
1.55126,0.946327,0.000202534
1.5525,0.946374,0.000202556
1.55374,0.946421,0.00020258
1.55498,0.946468,0.000202607
1.55622,0.946515,0.000202635
1.55746,0.946562,0.000202666
1.5587,0.946609,0.0002027
1.55995,0.946655,0.000202735
1.56119,0.946702,0.000202773
1.56244,0.946748,0.000203181
1.56368,0.946795,0.000204034
1.56493,0.946841,0.000204891
1.56618,0.946887,0.000205749
1.56743,0.946933,0.000206611
1.56868,0.946979,0.000207475
1.56993,0.947025,0.000208342
1.57118,0.947071,0.000209212
1.57244,0.947117,0.000210084
1.57369,0.947163,0.000210958
1.57495,0.947208,0.000211835
1.5762,0.947254,0.000212715
1.57746,0.947299,0.000213596
1.57872,0.947344,0.00021448
1.57998,0.94739,0.000215366
1.58124,0.947435,0.000216254
1.5825,0.94748,0.000217145
1.58376,0.947525,0.000218037
1.58502,0.94757,0.000218932
1.58629,0.947615,0.000219828
1.58755,0.94766,0.000220416
1.58882,0.947704,0.000220492
1.59009,0.947749,0.00022057
1.59136,0.947793,0.000220649
1.59263,0.947838,0.00022073
1.5939,0.947882,0.000220812
1.59517,0.947926,0.000220895
1.59644,0.947971,0.000220979
1.59771,0.948015,0.000221065
1.59899,0.948059,0.000221151
1.60026,0.948103,0.000221239
1.60154,0.948147,0.000221327
1.60282,0.94819,0.000221417
1.6041,0.948234,0.000221507
1.60538,0.948278,0.000221598
1.60666,0.948321,0.000221689
1.60794,0.948365,0.000221781
1.60922,0.948408,0.000221874
1.6105,0.948451,0.000221967
1.61179,0.948494,0.000222061
1.61307,0.948538,0.000222356
1.61436,0.948581,0.000223118
1.61565,0.948624,0.00022388
1.61694,0.948666,0.000224642
1.61823,0.948709,0.000225405
1.61952,0.948752,0.000226168
1.62081,0.948795,0.00022693
1.6221,0.948837,0.000227693
1.6234,0.94888,0.000228456
1.62469,0.948922,0.000229218
1.62599,0.948964,0.00022998
1.62729,0.949007,0.000230742
1.62858,0.949049,0.000231503
1.62988,0.949091,0.000232264
1.63118,0.949133,0.000233025
1.63248,0.949175,0.000233784
1.63379,0.949217,0.000234544
1.63509,0.949258,0.000235302
1.63639,0.9493,0.00023606
1.6377,0.949342,0.000236817
1.63901,0.949383,0.000237367
1.64031,0.949425,0.000237207
1.64162,0.949466,0.000237046
1.64293,0.949507,0.000236883
1.64424,0.949549,0.000236719
1.64555,0.94959,0.000236554
1.64687,0.949631,0.000236386
1.64818,0.949672,0.000236218
1.64949,0.949713,0.000236047
1.65081,0.949754,0.000235875
1.65213,0.949794,0.000235701
1.65345,0.949835,0.000235525
1.65476,0.949876,0.000235347
1.65608,0.949916,0.000235167
1.65741,0.949957,0.000234985
1.65873,0.949997,0.000234801
1.66005,0.950037,0.000234615
1.66137,0.950077,0.000234427
1.6627,0.950118,0.000234236
1.66403,0.950158,0.000234043
1.66535,0.950198,0.000234109
1.66668,0.950237,0.000235667
1.66801,0.950277,0.000237226
1.66934,0.950317,0.000238783
1.67067,0.950357,0.00024034
1.67201,0.950396,0.000241897
1.67334,0.950436,0.000243453
1.67468,0.950475,0.000245008
1.67601,0.950515,0.000246563
1.67735,0.950554,0.000248117
1.67869,0.950593,0.000249671
1.68003,0.950632,0.000251225
1.68137,0.950671,0.000252778
1.68271,0.95071,0.000254331
1.68405,0.950749,0.000255884
1.68539,0.950788,0.000257436
1.68674,0.950827,0.000258988
1.68808,0.950866,0.00026054
1.68943,0.950904,0.000262092
1.69078,0.950943,0.000263644
1.69213,0.950981,0.000265071
1.69348,0.95102,0.000264885
1.69483,0.951058,0.000264698
1.69618,0.951096,0.000264508
1.69753,0.951134,0.000264317
1.69889,0.951172,0.000264124
1.70024,0.95121,0.000263929
1.7016,0.951248,0.000263733
1.70295,0.951286,0.000263536
1.70431,0.951324,0.000263337
1.70567,0.951362,0.000263138
1.70703,0.951399,0.000262937
1.70839,0.951437,0.000262736
1.70976,0.951475,0.000262534
1.71112,0.951512,0.000262332
1.71249,0.951549,0.000262129
1.71385,0.951587,0.000261926
1.71522,0.951624,0.000261724
1.71659,0.951661,0.000261521
1.71796,0.951698,0.000261319
1.71933,0.951735,0.000261117
1.7207,0.951772,0.000263629
1.72207,0.951809,0.000266157
1.72344,0.951846,0.000268691
1.72482,0.951882,0.000271231
1.7262,0.951919,0.000273775
1.72757,0.951956,0.000276325
1.72895,0.951992,0.000278881
1.73033,0.952028,0.000281442
1.73171,0.952065,0.000284009
1.73309,0.952101,0.000286581
1.73447,0.952137,0.000289159
1.73586,0.952173,0.000291743
1.73724,0.952209,0.000294332
1.73863,0.952245,0.000296927
1.74002,0.952281,0.000299528
1.7414,0.952317,0.000302134
1.74279,0.952353,0.000304746
1.74418,0.952389,0.000307364
1.74557,0.952424,0.000309987
1.74697,0.95246,0.000312616
1.74836,0.952495,0.000312846
1.74975,0.952531,0.000312869
1.75115,0.952566,0.000312895
1.75255,0.952602,0.000312923
1.75395,0.952637,0.000312955
1.75534,0.952672,0.00031299
1.75674,0.952707,0.000313027
1.75815,0.952742,0.000313068
1.75955,0.952777,0.000313112
1.76095,0.952812,0.000313159
1.76236,0.952847,0.00031321
1.76376,0.952881,0.000313264
1.76517,0.952916,0.000313322
1.76658,0.952951,0.000313383
1.76799,0.952985,0.000313447
1.7694,0.95302,0.000313515
1.77081,0.953054,0.000313586
1.77222,0.953088,0.000313662
1.77363,0.953123,0.00031374
1.77505,0.953157,0.000313823
1.77647,0.953191,0.000314972
1.77788,0.953225,0.000316323
1.7793,0.953259,0.000317678
1.78072,0.953293,0.000319038
1.78214,0.953327,0.000320401
1.78356,0.953361,0.000321769
1.78499,0.953394,0.000323141
1.78641,0.953428,0.000324517
1.78783,0.953461,0.000325896
1.78926,0.953495,0.00032728
1.79069,0.953528,0.000328668
1.79212,0.953562,0.000330059
1.79355,0.953595,0.000331454
1.79498,0.953628,0.000332853
1.79641,0.953662,0.000334256
1.79784,0.953695,0.000335662
1.79928,0.953728,0.000337071
1.80071,0.953761,0.000338484
1.80215,0.953794,0.0003399
1.80358,0.953826,0.00034132
1.80502,0.953859,0.000341762
1.80646,0.953892,0.000341908
1.8079,0.953925,0.000342058
1.80935,0.953957,0.000342211
1.81079,0.95399,0.000342366
1.81223,0.954022,0.000342523
1.81368,0.954055,0.000342683
1.81513,0.954087,0.000342846
1.81657,0.954119,0.000343011
1.81802,0.954151,0.000343178
1.81947,0.954183,0.000343347
1.82093,0.954216,0.000343519
1.82238,0.954248,0.000343693
1.82383,0.954279,0.000343868
1.82529,0.954311,0.000344045
1.82674,0.954343,0.000344224
1.8282,0.954375,0.000344405
1.82966,0.954407,0.000344587
1.83112,0.954438,0.000344771
1.83258,0.95447,0.000344956
1.83404,0.954501,0.000346685
1.8355,0.954533,0.000349106
1.83697,0.954564,0.000351529
1.83843,0.954595,0.000353954
1.8399,0.954627,0.00035638
1.84137,0.954658,0.000358807
1.84284,0.954689,0.000361236
1.84431,0.95472,0.000363666
1.84578,0.954751,0.000366097
1.84725,0.954782,0.000368529
1.84872,0.954813,0.000370963
1.8502,0.954843,0.000373397
1.85167,0.954874,0.000375831
1.85315,0.954905,0.000378267
1.85463,0.954935,0.000380703
1.85611,0.954966,0.000383139
1.85759,0.954996,0.000385576
1.85907,0.955027,0.000388014
1.86055,0.955057,0.000390451
1.86204,0.955088,0.000392889
1.86352,0.955118,0.000391561
1.86501,0.955148,0.000387871
1.8665,0.955178,0.000384184
1.86799,0.955208,0.0003805
1.86948,0.955238,0.000376818
1.87097,0.955268,0.000373139
1.87246,0.955298,0.000369464
1.87395,0.955328,0.000365791
1.87545,0.955358,0.000362122
1.87694,0.955387,0.000358456
1.87844,0.955417,0.000354793
1.87994,0.955446,0.000351134
1.88144,0.955476,0.000347479
1.88294,0.955505,0.000343827
1.88444,0.955535,0.000340179
1.88595,0.955564,0.000336535
1.88745,0.955593,0.000332895
1.88896,0.955623,0.00032926
1.89046,0.955652,0.000325629
1.89197,0.955681,0.000322002
1.89348,0.95571,0.000320415
1.89499,0.955739,0.000320571
1.8965,0.955768,0.000320724
1.89802,0.955797,0.000320873
1.89953,0.955825,0.000321019
1.90104,0.955854,0.000321161
1.90256,0.955883,0.0003213
1.90408,0.955911,0.000321435
1.9056,0.95594,0.000321566
1.90712,0.955968,0.000321693
1.90864,0.955997,0.000321816
1.91016,0.956025,0.000321936
1.91169,0.956054,0.000322052
1.91321,0.956082,0.000322163
1.91474,0.95611,0.000322271
1.91626,0.956138,0.000322375
1.91779,0.956166,0.000322476
1.91932,0.956194,0.000322572
1.92085,0.956222,0.000322664
1.92239,0.95625,0.000322753
1.92392,0.956278,0.000322871
1.92545,0.956306,0.000323022
1.92699,0.956334,0.000323171
1.92853,0.956361,0.000323316
1.93007,0.956389,0.000323457
1.93161,0.956417,0.000323595
1.93315,0.956444,0.000323729
1.93469,0.956472,0.000323861
1.93623,0.956499,0.000323989
1.93778,0.956526,0.000324115
1.93932,0.956554,0.000324238
1.94087,0.956581,0.000324358
1.94242,0.956608,0.000324475
1.94397,0.956635,0.000324591
1.94552,0.956662,0.000324704
1.94707,0.956689,0.000324815
1.94862,0.956716,0.000324925
1.95018,0.956743,0.000325033
1.95173,0.95677,0.00032514
1.95329,0.956797,0.000325246
1.95485,0.956824,0.000324922
1.95641,0.95685,0.000323914
1.95797,0.956877,0.000322906
1.95953,0.956904,0.000321899
1.96109,0.95693,0.000320893
1.96266,0.956957,0.000319888
1.96422,0.956983,0.000318886
1.96579,0.957009,0.000317886
1.96736,0.957036,0.000316889
1.96893,0.957062,0.000315896
1.9705,0.957088,0.000314906
1.97207,0.957114,0.00031392
1.97364,0.95714,0.000312939
1.97522,0.957166,0.000311964
1.97679,0.957192,0.000310993
1.97837,0.957218,0.000310029
1.97995,0.957244,0.000309071
1.98153,0.957269,0.00030812
1.98311,0.957295,0.000307177
1.98469,0.957321,0.000306241
1.98627,0.957346,0.000306326
1.98786,0.957372,0.000308681
1.98944,0.957397,0.000311049
1.99103,0.957423,0.000313429
1.99262,0.957448,0.000315821
1.99421,0.957473,0.000318225
1.9958,0.957498,0.000320642
1.99739,0.957524,0.000323071
1.99898,0.957549,0.000325513
2.00058,0.957574,0.000327968
2.00217,0.957598,0.000330435
2.00377,0.957623,0.000332914
2.00537,0.957648,0.000335407
2.00697,0.957673,0.000337912
2.00857,0.957698,0.00034043
2.01017,0.957722,0.000342961
2.01178,0.957747,0.000345505
2.01338,0.957771,0.000348061
2.01499,0.957796,0.000350631
2.01659,0.95782,0.000353212
2.0182,0.957844,0.000355269
2.01981,0.957868,0.000355568
2.02142,0.957893,0.000355879
2.02304,0.957917,0.000356202
2.02465,0.957941,0.000356536
2.02627,0.957965,0.000356883
2.02788,0.957988,0.000357242
2.0295,0.958012,0.000357613
2.03112,0.958036,0.000357997
2.03274,0.95806,0.000358393
2.03436,0.958083,0.000358802
2.03598,0.958107,0.000359223
2.03761,0.95813,0.000359656
2.03923,0.958154,0.000360102
2.04086,0.958177,0.000360561
2.04249,0.9582,0.000361032
2.04412,0.958223,0.000361516
2.04575,0.958246,0.000362012
2.04738,0.958269,0.000362521
2.04901,0.958292,0.000363042
2.05065,0.958315,0.000363454
2.05228,0.958338,0.000363224
2.05392,0.958361,0.000363008
2.05556,0.958383,0.000362807
2.0572,0.958406,0.00036262
2.05884,0.958428,0.000362447
2.06048,0.958451,0.000362289
2.06212,0.958473,0.000362144
2.06377,0.958495,0.000362013
2.06542,0.958518,0.000361897
2.06706,0.95854,0.000361794
2.06871,0.958562,0.000361704
2.07036,0.958584,0.000361629
2.07201,0.958606,0.000361566
2.07367,0.958628,0.000361517
2.07532,0.958649,0.000361481
2.07698,0.958671,0.000361457
2.07863,0.958693,0.000361446
2.08029,0.958714,0.000361448
2.08195,0.958736,0.000361462
2.08361,0.958757,0.000362075
2.08527,0.958778,0.000369436
2.08694,0.958799,0.000376827
2.0886,0.958821,0.000384245
2.09027,0.958842,0.00039169
2.09194,0.958863,0.000399159
2.0936,0.958883,0.000406652
2.09527,0.958904,0.000414167
2.09695,0.958925,0.000421703
2.09862,0.958946,0.000429259
2.10029,0.958966,0.000436835
2.10197,0.958987,0.000444428
2.10365,0.959007,0.000452039
2.10532,0.959027,0.000459667
2.107,0.959048,0.00046731
2.10868,0.959068,0.000474968
2.11037,0.959088,0.00048264
2.11205,0.959108,0.000490325
2.11373,0.959128,0.000498024
2.11542,0.959148,0.000505735
2.11711,0.959167,0.000513434
2.1188,0.959187,0.000515177
2.12049,0.959207,0.000516919
2.12218,0.959226,0.000518661
2.12387,0.959246,0.000520402
2.12556,0.959265,0.000522142
2.12726,0.959284,0.00052388
2.12896,0.959303,0.000525616
2.13066,0.959322,0.00052735
2.13236,0.959341,0.000529081
2.13406,0.95936,0.000530809
2.13576,0.959379,0.000532534
2.13746,0.959398,0.000534256
2.13917,0.959416,0.000535974
2.14087,0.959435,0.000537687
2.14258,0.959453,0.000539396
2.14429,0.959472,0.000541101
2.146,0.95949,0.0005428
2.14771,0.959508,0.000544494
2.14943,0.959526,0.000546182
2.15114,0.959544,0.000547864
2.15286,0.959562,0.000548689
2.15457,0.95958,0.000549442
2.15629,0.959598,0.000550189
2.15801,0.959616,0.000550929
2.15973,0.959633,0.000551661
2.16146,0.959651,0.000552387
2.16318,0.959668,0.000553104
2.16491,0.959685,0.000553814
2.16663,0.959703,0.000554515
2.16836,0.95972,0.000555207
2.17009,0.959737,0.00055589
2.17182,0.959754,0.000556563
2.17356,0.95977,0.000557227
2.17529,0.959787,0.000557881
2.17702,0.959804,0.000558524
2.17876,0.95982,0.000559156
2.1805,0.959837,0.000559777
2.18224,0.959853,0.000560387
2.18398,0.959869,0.000560985
2.18572,0.959886,0.00056157
2.18747,0.959902,0.000557461
2.18921,0.959918,0.000552538
2.19096,0.959934,0.000547622
2.1927,0.959949,0.000542712
2.19445,0.959965,0.000537807
2.1962,0.959981,0.000532909
2.19796,0.959996,0.000528016
2.19971,0.960012,0.00052313
2.20146,0.960027,0.000518249
2.20322,0.960042,0.000513374
2.20498,0.960057,0.000508505
2.20674,0.960072,0.000503642
2.2085,0.960087,0.000498785
2.21026,0.960102,0.000493933
2.21202,0.960117,0.000489087
2.21379,0.960132,0.000484248
2.21555,0.960146,0.000479414
2.21732,0.960161,0.000474586
2.21909,0.960175,0.000469764
2.22086,0.960189,0.000464948
2.22263,0.960203,0.000462285
2.2244,0.960217,0.000460229
2.22618,0.960231,0.000458155
2.22795,0.960245,0.000456063
2.22973,0.960259,0.000453952
2.23151,0.960272,0.000451821
2.23329,0.960286,0.00044967
2.23507,0.960299,0.000447498
2.23685,0.960313,0.000445306
2.23864,0.960326,0.000443092
2.24042,0.960339,0.000440856
2.24221,0.960352,0.000438598
2.244,0.960365,0.000436318
2.24579,0.960378,0.000434016
2.24758,0.960391,0.000431692
2.24937,0.960403,0.000429346
2.25117,0.960416,0.000426978
2.25296,0.960428,0.000424589
2.25476,0.96044,0.000422178
2.25656,0.960453,0.000419746
2.25836,0.960465,0.00042097
2.26016,0.960477,0.000423779
2.26196,0.960489,0.000426594
2.26377,0.9605,0.000429414
2.26557,0.960512,0.00043224
2.26738,0.960524,0.000435073
2.26919,0.960535,0.000437914
2.271,0.960547,0.000440762
2.27281,0.960558,0.000443618
2.27463,0.960569,0.000446483
2.27644,0.960581,0.000449357
2.27826,0.960592,0.000452241
2.28007,0.960603,0.000455135
2.28189,0.960614,0.000458039
2.28371,0.960624,0.000460954
2.28553,0.960635,0.000463881
2.28736,0.960646,0.00046682
2.28918,0.960656,0.00046977
2.29101,0.960667,0.000472734
2.29284,0.960677,0.00047571
2.29466,0.960687,0.000476429
2.29649,0.960698,0.000475764
2.29833,0.960708,0.000475089
2.30016,0.960718,0.000474405
2.302,0.960728,0.000473712
2.30383,0.960737,0.00047301
2.30567,0.960747,0.0004723
2.30751,0.960757,0.000471582
2.30935,0.960766,0.000470858
2.31119,0.960776,0.000470127
2.31303,0.960785,0.00046939
2.31488,0.960795,0.000468647
2.31673,0.960804,0.000467899
2.31857,0.960813,0.000467147
2.32042,0.960822,0.000466391
2.32228,0.960831,0.000465631
2.32413,0.96084,0.000464869
2.32598,0.960849,0.000464103
2.32784,0.960858,0.000463336
2.32969,0.960867,0.000462567
2.33155,0.960875,0.000461797
2.33341,0.960884,0.000461026
2.33527,0.960892,0.000460255
2.33714,0.960901,0.000459485
2.339,0.960909,0.000458715
2.34087,0.960918,0.000457947
2.34273,0.960926,0.000457181
2.3446,0.960934,0.000456416
2.34647,0.960942,0.000455655
2.34834,0.96095,0.000454897
2.35022,0.960958,0.000454142
2.35209,0.960966,0.000453391
2.35397,0.960973,0.000452645
2.35585,0.960981,0.000451904
2.35773,0.960989,0.000451168
2.35961,0.960996,0.000450438
2.36149,0.961004,0.000449714
2.36337,0.961011,0.000448997
2.36526,0.961019,0.000448286
2.36715,0.961026,0.000447584
2.36903,0.961033,0.000447381
2.37092,0.961041,0.000447745
2.37281,0.961048,0.000448123
2.37471,0.961055,0.000448514
2.3766,0.961062,0.000448918
2.3785,0.961069,0.000449337
2.38039,0.961075,0.00044977
2.38229,0.961082,0.000450217
2.38419,0.961089,0.000450679
2.3861,0.961096,0.000451156
2.388,0.961102,0.000451649
2.3899,0.961109,0.000452156
2.39181,0.961115,0.000452679
2.39372,0.961122,0.000453218
2.39563,0.961128,0.000453772
2.39754,0.961135,0.000454343
2.39945,0.961141,0.000454929
2.40137,0.961147,0.000455532
2.40328,0.961153,0.000456151
2.4052,0.961159,0.000456787
2.40712,0.961166,0.000456754
2.40904,0.961172,0.000455677
2.41096,0.961178,0.000454612
2.41288,0.961183,0.000453559
2.41481,0.961189,0.000452518
2.41673,0.961195,0.00045149
2.41866,0.961201,0.000450473
2.42059,0.961207,0.00044947
2.42252,0.961212,0.000448478
2.42445,0.961218,0.0004475
2.42639,0.961223,0.000446534
2.42832,0.961229,0.000445582
2.43026,0.961234,0.000444642
2.4322,0.96124,0.000443716
2.43414,0.961245,0.000442802
2.43608,0.96125,0.000441902
2.43802,0.961256,0.000441015
2.43997,0.961261,0.000440141
2.44192,0.961266,0.000439281
2.44386,0.961271,0.000438434
2.44581,0.961276,0.00043692
2.44776,0.961282,0.000433957
2.44972,0.961287,0.000431006
2.45167,0.961292,0.000428067
2.45363,0.961296,0.000425141
2.45558,0.961301,0.000422228
2.45754,0.961306,0.000419328
2.4595,0.961311,0.000416441
2.46146,0.961316,0.000413567
2.46343,0.961321,0.000410707
2.46539,0.961325,0.00040786
2.46736,0.96133,0.000405027
2.46933,0.961335,0.000402207
2.4713,0.961339,0.000399401
2.47327,0.961344,0.000396609
2.47524,0.961348,0.000393831
2.47722,0.961353,0.000391067
2.47919,0.961357,0.000388318
2.48117,0.961362,0.000385582
2.48315,0.961366,0.00038286
2.48513,0.96137,0.000381207
2.48711,0.961375,0.000382888
2.4891,0.961379,0.000384582
2.49108,0.961383,0.000386288
2.49307,0.961388,0.000388006
2.49506,0.961392,0.000389735
2.49705,0.961396,0.000391474
2.49904,0.9614,0.000393224
2.50103,0.961404,0.000394983
2.50303,0.961408,0.000396751
2.50503,0.961413,0.000398528
2.50702,0.961417,0.000400313
2.50902,0.961421,0.000402105
2.51103,0.961425,0.000403905
2.51303,0.961429,0.000405711
2.51503,0.961433,0.000407524
2.51704,0.961437,0.000409342
2.51905,0.96144,0.000411165
2.52106,0.961444,0.000412993
2.52307,0.961448,0.000414825
2.52508,0.961452,0.000416345
2.52709,0.961456,0.000416262
2.52911,0.96146,0.000416182
2.53113,0.961464,0.000416104
2.53315,0.961467,0.000416027
2.53517,0.961471,0.000415951
2.53719,0.961475,0.000415876
2.53921,0.961479,0.000415801
2.54124,0.961482,0.000415726
2.54327,0.961486,0.00041565
2.5453,0.96149,0.000415573
2.54733,0.961493,0.000415495
2.54936,0.961497,0.000415414
2.55139,0.961501,0.000415332
2.55343,0.961504,0.000415246
2.55546,0.961508,0.000415157
2.5575,0.961511,0.000415065
2.55954,0.961515,0.000414969
2.56158,0.961519,0.000414868
2.56363,0.961522,0.000414762
2.56567,0.961526,0.00041478
2.56772,0.961529,0.000416128
2.56977,0.961533,0.00041747
2.57182,0.961536,0.000418806
2.57387,0.96154,0.000420137
2.57592,0.961543,0.00042146
2.57798,0.961547,0.000422778
2.58003,0.96155,0.000424088
2.58209,0.961554,0.000425391
2.58415,0.961557,0.000426688
2.58621,0.961561,0.000427978
2.58828,0.961564,0.000429262
2.59034,0.961568,0.000430538
2.59241,0.961571,0.000431808
2.59447,0.961575,0.000433072
2.59654,0.961578,0.000434329
2.59862,0.961582,0.00043558
2.60069,0.961585,0.000436824
2.60276,0.961589,0.000438062
2.60484,0.961592,0.000439294
2.60692,0.961596,0.000440479
2.609,0.961599,0.000438318
2.61108,0.961603,0.000436149
2.61316,0.961606,0.000433974
2.61525,0.96161,0.000431793
2.61733,0.961613,0.000429605
2.61942,0.961617,0.00042741
2.62151,0.96162,0.000425209
2.6236,0.961624,0.000423002
2.62569,0.961627,0.000420788
2.62779,0.961631,0.000418568
2.62988,0.961634,0.000416341
2.63198,0.961638,0.000414108
2.63408,0.961642,0.00041187
2.63618,0.961645,0.000409625
2.63829,0.961649,0.000407374
2.64039,0.961652,0.000405118
2.6425,0.961656,0.000402856
2.6446,0.96166,0.000400588
2.64671,0.961663,0.000398315
2.64882,0.961667,0.000396036
2.65094,0.961671,0.000395401
2.65305,0.961674,0.000394874
2.65517,0.961678,0.000394341
2.65729,0.961682,0.000393803
2.65941,0.961685,0.00039326
2.66153,0.961689,0.000392713
2.66365,0.961693,0.000392161
2.66578,0.961697,0.000391604
2.6679,0.961701,0.000391044
2.67003,0.961705,0.00039048
2.67216,0.961708,0.000389912
2.67429,0.961712,0.00038934
2.67643,0.961716,0.000388765
2.67856,0.96172,0.000388187
2.6807,0.961724,0.000387607
2.68284,0.961728,0.000387023
2.68498,0.961732,0.000386437
2.68712,0.961736,0.000385849
2.68926,0.96174,0.000385258
2.69141,0.961744,0.000384666
2.69355,0.961748,0.000381559
2.6957,0.961753,0.000378042
2.69785,0.961757,0.000374525
2.7,0.961761,0.00037101
2.70216,0.961765,0.000367495
2.70431,0.96177,0.000363983
2.70647,0.961774,0.000360473
2.70863,0.961778,0.000356965
2.71079,0.961783,0.000353459
2.71295,0.961787,0.000349957
2.71512,0.961791,0.000346459
2.71728,0.961796,0.000342965
2.71945,0.9618,0.000339475
2.72162,0.961805,0.00033599
2.72379,0.961809,0.000332511
2.72596,0.961814,0.000329037
2.72814,0.961819,0.000325569
2.73031,0.961823,0.000322109
2.73249,0.961828,0.000318656
2.73467,0.961833,0.00031521
2.73685,0.961838,0.000318075
2.73904,0.961843,0.000322718
2.74122,0.961848,0.000327396
2.74341,0.961852,0.000332108
2.7456,0.961857,0.000336853
2.74779,0.961862,0.00034163
2.74998,0.961868,0.000346438
2.75217,0.961873,0.000351275
2.75437,0.961878,0.000356142
2.75656,0.961883,0.000361037
2.75876,0.961888,0.00036596
2.76096,0.961894,0.000370909
2.76317,0.961899,0.000375884
2.76537,0.961904,0.000380884
2.76758,0.96191,0.000385908
2.76978,0.961915,0.000390956
2.77199,0.961921,0.000396027
2.77421,0.961926,0.000401121
2.77642,0.961932,0.000406237
2.77863,0.961938,0.000411373
2.78085,0.961943,0.000407132
2.78307,0.961949,0.000399014
2.78529,0.961955,0.000390921
2.78751,0.961961,0.000382852
2.78973,0.961967,0.000374812
2.79196,0.961973,0.000366802
2.79419,0.961979,0.000358824
2.79642,0.961985,0.000350882
2.79865,0.961991,0.000342979
2.80088,0.961998,0.000335117
2.80311,0.962004,0.0003273
2.80535,0.96201,0.000319532
2.80759,0.962017,0.000311818
2.80983,0.962023,0.000304162
2.81207,0.96203,0.000296568
2.81431,0.962036,0.000289043
2.81656,0.962043,0.000281593
2.8188,0.96205,0.000274223
2.82105,0.962057,0.000266942
2.8233,0.962064,0.000259758
2.82555,0.96207,0.000257153
2.82781,0.962077,0.000257194
2.83006,0.962085,0.000257242
2.83232,0.962092,0.000257295
2.83458,0.962099,0.000257353
2.83684,0.962106,0.000257417
2.8391,0.962114,0.000257486
2.84137,0.962121,0.00025756
2.84364,0.962128,0.000257639
2.8459,0.962136,0.000257722
2.84817,0.962144,0.00025781
2.85045,0.962151,0.000257901
2.85272,0.962159,0.000257997
2.855,0.962167,0.000258097
2.85727,0.962175,0.0002582
2.85955,0.962183,0.000258306
2.86183,0.962191,0.000258415
2.86412,0.962199,0.000258527
2.8664,0.962207,0.000258642
2.86869,0.962215,0.000258758
2.87098,0.962224,0.000258877
2.87327,0.962232,0.000258997
2.87556,0.962241,0.000259119
2.87785,0.962249,0.000259242
2.88015,0.962258,0.000259366
2.88245,0.962267,0.000259491
2.88474,0.962276,0.000259616
2.88705,0.962285,0.00025974
2.88935,0.962294,0.000259865
2.89165,0.962303,0.000259989
2.89396,0.962312,0.000260112
2.89627,0.962321,0.000260234
2.89858,0.962331,0.000260354
2.90089,0.96234,0.000260473
2.90321,0.962349,0.00026059
2.90552,0.962359,0.000260704
2.90784,0.962369,0.000260815
2.91016,0.962379,0.000260924
2.91248,0.962388,0.000261029
2.9148,0.962398,0.000261131
2.91713,0.962408,0.000260457
2.91946,0.962419,0.000258939
2.92178,0.962429,0.000257423
2.92411,0.962439,0.000255908
2.92645,0.96245,0.000254394
2.92878,0.96246,0.00025288
2.93112,0.962471,0.000251367
2.93346,0.962481,0.000249854
2.9358,0.962492,0.000248341
2.93814,0.962503,0.000246827
2.94048,0.962514,0.000245313
2.94283,0.962525,0.000243797
2.94518,0.962536,0.000242281
2.94752,0.962548,0.000240763
2.94988,0.962559,0.000239243
2.95223,0.96257,0.000237721
2.95458,0.962582,0.000236196
2.95694,0.962594,0.000234669
2.9593,0.962605,0.00023314
2.96166,0.962617,0.000231606
2.96402,0.962629,0.000231059
2.96639,0.962641,0.00023198
2.96875,0.962654,0.000232895
2.97112,0.962666,0.000233806
2.97349,0.962678,0.000234711
2.97586,0.962691,0.000235612
2.97824,0.962703,0.000236509
2.98061,0.962716,0.000237401
2.98299,0.962729,0.000238289
2.98537,0.962742,0.000239174
2.98775,0.962755,0.000240055
2.99014,0.962768,0.000240932
2.99252,0.962781,0.000241807
2.99491,0.962794,0.000242678
2.9973,0.962808,0.000243547
2.99969,0.962821,0.000244414
3.00208,0.962835,0.000245278
3.00448,0.962848,0.000246141
3.00687,0.962862,0.000247002
3.00927,0.962876,0.000247862
3.01167,0.96289,0.000247974
3.01407,0.962904,0.000246532
3.01648,0.962918,0.000245084
3.01888,0.962932,0.000243632
3.02129,0.962946,0.000242174
3.0237,0.962961,0.000240711
3.02611,0.962975,0.000239244
3.02853,0.96299,0.000237772
3.03094,0.963004,0.000236297
3.03336,0.963019,0.000234817
3.03578,0.963034,0.000233334
3.0382,0.963049,0.000231847
3.04063,0.963064,0.000230356
3.04305,0.963079,0.000228863
3.04548,0.963094,0.000227367
3.04791,0.963109,0.000225869
3.05034,0.963125,0.000224368
3.05277,0.96314,0.000222866
3.05521,0.963155,0.000221361
3.05765,0.963171,0.000219856
3.06009,0.963187,0.000218875
3.06253,0.963202,0.000219484
3.06497,0.963218,0.000220098
3.06741,0.963234,0.000220717
3.06986,0.96325,0.000221343
3.07231,0.963266,0.000221975
3.07476,0.963282,0.000222613
3.07721,0.963299,0.000223258
3.07967,0.963315,0.000223909
3.08213,0.963331,0.000224568
3.08458,0.963348,0.000225235
3.08704,0.963364,0.000225909
3.08951,0.963381,0.000226591
3.09197,0.963398,0.00022728
3.09444,0.963415,0.000227978
3.09691,0.963431,0.000228685
3.09938,0.963448,0.000229399
3.10185,0.963465,0.000230123
3.10432,0.963482,0.000230856
3.1068,0.963499,0.000231597
3.10928,0.963517,0.000232592
3.11176,0.963534,0.000234777
3.11424,0.963551,0.000236987
3.11672,0.963569,0.000239221
3.11921,0.963586,0.000241479
3.1217,0.963604,0.000243761
3.12419,0.963622,0.000246066
3.12668,0.963639,0.000248394
3.12918,0.963657,0.000250744
3.13167,0.963675,0.000253116
3.13417,0.963693,0.00025551
3.13667,0.963711,0.000257925
3.13917,0.963729,0.00026036
3.14168,0.963747,0.000262817
3.14418,0.963765,0.000265293
3.14669,0.963783,0.000267789
3.1492,0.963802,0.000270305
3.15171,0.96382,0.00027284
3.15423,0.963839,0.000275393
3.15674,0.963857,0.000277964
3.15926,0.963876,0.000280242
3.16178,0.963894,0.000279603
3.1643,0.963913,0.000278968
3.16683,0.963932,0.000278339
3.16935,0.963951,0.000277715
3.17188,0.963969,0.000277097
3.17441,0.963988,0.000276483
3.17694,0.964007,0.000275875
3.17948,0.964026,0.000275272
3.18202,0.964046,0.000274674
3.18455,0.964065,0.000274082
3.18709,0.964084,0.000273496
3.18964,0.964103,0.000272915
3.19218,0.964123,0.000272339
3.19473,0.964142,0.000271769
3.19728,0.964162,0.000271205
3.19983,0.964181,0.000270646
3.20238,0.964201,0.000270092
3.20493,0.96422,0.000269544
3.20749,0.96424,0.000269002
3.21005,0.96426,0.000268585
3.21261,0.964279,0.000274059
3.21517,0.964299,0.000279573
3.21774,0.964319,0.000285126
3.2203,0.964339,0.000290716
3.22287,0.964359,0.000296339
3.22544,0.964379,0.000301996
3.22802,0.964399,0.000307684
3.23059,0.964419,0.000313402
3.23317,0.96444,0.000319149
3.23575,0.96446,0.000324922
3.23833,0.96448,0.000330721
3.24091,0.964501,0.000336545
3.2435,0.964521,0.000342392
3.24608,0.964541,0.000348262
3.24867,0.964562,0.000354153
3.25127,0.964582,0.000360065
3.25386,0.964603,0.000365997
3.25645,0.964624,0.000371948
3.25905,0.964644,0.000377917
3.26165,0.964665,0.000383903
3.26425,0.964686,0.000379379
3.26686,0.964706,0.000374236
3.26946,0.964727,0.000369102
3.27207,0.964748,0.000363977
3.27468,0.964769,0.000358861
3.27729,0.96479,0.000353755
3.27991,0.964811,0.00034866
3.28252,0.964832,0.000343575
3.28514,0.964853,0.000338502
3.28776,0.964874,0.000333441
3.29039,0.964895,0.000328393
3.29301,0.964917,0.000323357
3.29564,0.964938,0.000318336
3.29827,0.964959,0.000313329
3.3009,0.96498,0.000308337
3.30353,0.965002,0.000303362
3.30617,0.965023,0.000298403
3.3088,0.965045,0.000293462
3.31144,0.965066,0.00028854
3.31408,0.965087,0.000283638
3.31673,0.965109,0.000284511
3.31937,0.965131,0.000286267
3.32202,0.965152,0.000288023
3.32467,0.965174,0.000289781
3.32732,0.965195,0.000291539
3.32998,0.965217,0.000293297
3.33263,0.965239,0.000295056
3.33529,0.96526,0.000296815
3.33795,0.965282,0.000298574
3.34062,0.965304,0.000300332
3.34328,0.965326,0.00030209
3.34595,0.965348,0.000303847
3.34862,0.96537,0.000305604
3.35129,0.965391,0.000307359
3.35396,0.965413,0.000309114
3.35664,0.965435,0.000310866
3.35931,0.965457,0.000312618
3.36199,0.965479,0.000314368
3.36468,0.965501,0.000316116
3.36736,0.965523,0.000317862
3.37005,0.965545,0.000315918
3.37273,0.965568,0.000312998
3.37543,0.96559,0.000310076
3.37812,0.965612,0.000307151
3.38081,0.965634,0.000304223
3.38351,0.965656,0.000301292
3.38621,0.965678,0.000298358
3.38891,0.965701,0.000295421
3.39161,0.965723,0.000292481
3.39432,0.965745,0.000289537
3.39703,0.965767,0.000286589
3.39974,0.96579,0.000283637
3.40245,0.965812,0.000280681
3.40516,0.965834,0.000277721
3.40788,0.965857,0.000274757
3.4106,0.965879,0.000271788
3.41332,0.965902,0.000268815
3.41604,0.965924,0.000265838
3.41877,0.965946,0.000262857
3.42149,0.965969,0.000259872
3.42422,0.965991,0.000260504
3.42695,0.966014,0.000262584
3.42969,0.966036,0.000264666
3.43242,0.966059,0.000266752
3.43516,0.966081,0.000268842
3.4379,0.966104,0.000270935
3.44064,0.966126,0.000273033
3.44339,0.966149,0.000275135
3.44614,0.966172,0.000277241
3.44888,0.966194,0.000279352
3.45164,0.966217,0.000281467
3.45439,0.966239,0.000283588
3.45714,0.966262,0.000285714
3.4599,0.966285,0.000287845
3.46266,0.966307,0.000289981
3.46542,0.96633,0.000292124
3.46819,0.966353,0.000294271
3.47096,0.966375,0.000296425
3.47372,0.966398,0.000298586
3.47649,0.966421,0.000300752
3.47927,0.966443,0.000300799
3.48204,0.966466,0.00029964
3.48482,0.966489,0.000298476
3.4876,0.966511,0.000297309
3.49038,0.966534,0.000296137
3.49317,0.966557,0.000294962
3.49595,0.96658,0.000293784
3.49874,0.966602,0.000292603
3.50153,0.966625,0.000291418
3.50433,0.966648,0.000290231
3.50712,0.966671,0.000289041
3.50992,0.966694,0.000287849
3.51272,0.966716,0.000286654
3.51552,0.966739,0.000285458
3.51833,0.966762,0.000284261
3.52113,0.966785,0.000283062
3.52394,0.966808,0.000281862
3.52675,0.966831,0.000280661
3.52957,0.966853,0.00027946
3.53238,0.966876,0.000278258
3.5352,0.966899,0.000276215
3.53802,0.966922,0.000273517
3.54084,0.966945,0.000270818
3.54367,0.966968,0.00026812
3.54649,0.966991,0.000265421
3.54932,0.967013,0.000262723
3.55215,0.967036,0.000260025
3.55499,0.967059,0.000257329
3.55782,0.967082,0.000254634
3.56066,0.967105,0.000251941
3.5635,0.967128,0.00024925
3.56634,0.967151,0.000246562
3.56919,0.967174,0.000243877
3.57204,0.967196,0.000241195
3.57489,0.967219,0.000238517
3.57774,0.967242,0.000235844
3.58059,0.967265,0.000233175
3.58345,0.967288,0.000230511
3.58631,0.967311,0.000227853
3.58917,0.967334,0.0002252
3.59203,0.967357,0.000223202
3.59489,0.967379,0.000221895
3.59776,0.967402,0.000220594
3.60063,0.967425,0.0002193
3.6035,0.967448,0.000218013
3.60638,0.967471,0.000216734
3.60926,0.967494,0.000215463
3.61214,0.967517,0.0002142
3.61502,0.96754,0.000212946
3.6179,0.967562,0.0002117
3.62079,0.967585,0.000210463
3.62367,0.967608,0.000209236
3.62657,0.967631,0.000208019
3.62946,0.967654,0.000206812
3.63235,0.967677,0.000205615
3.63525,0.967699,0.000204429
3.63815,0.967722,0.000203254
3.64105,0.967745,0.00020209
3.64396,0.967768,0.000200938
3.64686,0.967791,0.000199798
3.64977,0.967814,0.000199121
3.65268,0.967836,0.000199105
3.6556,0.967859,0.000199101
3.65851,0.967882,0.000199109
3.66143,0.967905,0.000199129
3.66435,0.967927,0.000199162
3.66728,0.96795,0.000199207
3.6702,0.967973,0.000199264
3.67313,0.967996,0.000199333
3.67606,0.968018,0.000199415
3.67899,0.968041,0.000199508
3.68193,0.968064,0.000199614
3.68486,0.968087,0.000199731
3.6878,0.968109,0.000199861
3.69075,0.968132,0.000200002
3.69369,0.968155,0.000200155
3.69664,0.968177,0.000200319
3.69958,0.9682,0.000200495
3.70254,0.968223,0.000200682
3.70549,0.968245,0.000200881
3.70845,0.968268,0.000201155
3.7114,0.96829,0.000201571
3.71436,0.968313,0.000201996
3.71733,0.968336,0.000202432
3.72029,0.968358,0.000202878
3.72326,0.968381,0.000203334
3.72623,0.968403,0.000203799
3.7292,0.968426,0.000204273
3.73218,0.968448,0.000204756
3.73515,0.968471,0.000205248
3.73813,0.968493,0.000205748
3.74112,0.968516,0.000206257
3.7441,0.968538,0.000206773
3.74709,0.968561,0.000207297
3.75008,0.968583,0.000207828
3.75307,0.968605,0.000208366
3.75606,0.968628,0.000208911
3.75906,0.96865,0.000209462
3.76206,0.968672,0.000210019
3.76506,0.968695,0.000210582
3.76806,0.968717,0.000211691
3.77107,0.968739,0.000214372
3.77407,0.968762,0.000217061
3.77709,0.968784,0.000219755
3.7801,0.968806,0.000222455
3.78311,0.968828,0.000225161
3.78613,0.968851,0.000227872
3.78915,0.968873,0.000230588
3.79217,0.968895,0.000233308
3.7952,0.968917,0.000236032
3.79823,0.968939,0.000238759
3.80126,0.968961,0.00024149
3.80429,0.968983,0.000244224
3.80732,0.969006,0.00024696
3.81036,0.969028,0.000249698
3.8134,0.96905,0.000252438
3.81644,0.969072,0.00025518
3.81949,0.969094,0.000257923
3.82253,0.969116,0.000260668
3.82558,0.969137,0.000263413
3.82863,0.969159,0.000265813
3.83169,0.969181,0.000266642
3.83475,0.969203,0.00026747
3.8378,0.969225,0.000268295
3.84087,0.969247,0.000269118
3.84393,0.969269,0.000269939
3.847,0.96929,0.000270756
3.85006,0.969312,0.00027157
3.85314,0.969334,0.000272381
3.85621,0.969355,0.000273188
3.85929,0.969377,0.00027399
3.86236,0.969399,0.000274789
3.86545,0.96942,0.000275583
3.86853,0.969442,0.000276372
3.87161,0.969464,0.000277156
3.8747,0.969485,0.000277934
3.87779,0.969507,0.000278707
3.88089,0.969528,0.000279475
3.88398,0.96955,0.000280236
3.88708,0.969571,0.000280991
3.89018,0.969592,0.000282368
3.89329,0.969614,0.000289142
3.89639,0.969635,0.000295945
3.8995,0.969656,0.000302774
3.90261,0.969678,0.000309629
3.90572,0.969699,0.000316507
3.90884,0.96972,0.000323408
3.91196,0.969741,0.00033033
3.91508,0.969762,0.000337271
3.9182,0.969784,0.000344232
3.92133,0.969805,0.000351211
3.92445,0.969826,0.000358208
3.92758,0.969847,0.000365221
3.93072,0.969868,0.000372251
3.93385,0.969889,0.000379296
3.93699,0.96991,0.000386357
3.94013,0.969931,0.000393433
3.94327,0.969952,0.000400523
3.94642,0.969972,0.000407627
3.94957,0.969993,0.000414745
3.95272,0.970014,0.000421601
3.95587,0.970035,0.000418968
3.95903,0.970056,0.00041633
3.96219,0.970076,0.000413688
3.96535,0.970097,0.000411042
3.96851,0.970118,0.000408391
3.97168,0.970138,0.000405736
3.97484,0.970159,0.000403076
3.97801,0.970179,0.000400413
3.98119,0.9702,0.000397745
3.98436,0.97022,0.000395072
3.98754,0.970241,0.000392396
3.99072,0.970261,0.000389716
3.99391,0.970282,0.000387031
3.99709,0.970302,0.000384342
4.00028,0.970323,0.00038165
4.00347,0.970343,0.000378953
4.00666,0.970363,0.000376253
4.00986,0.970384,0.000373548
4.01306,0.970404,0.00037084
4.01626,0.970424,0.000368129
4.01946,0.970445,0.000367868
4.02267,0.970465,0.000367728
4.02588,0.970485,0.000367583
4.02909,0.970505,0.000367434
4.03231,0.970525,0.00036728
4.03552,0.970546,0.000367123
4.03874,0.970566,0.000366961
4.04196,0.970586,0.000366796
4.04519,0.970606,0.000366627
4.04841,0.970626,0.000366455
4.05164,0.970646,0.000366279
4.05488,0.970666,0.0003661
4.05811,0.970686,0.000365917
4.06135,0.970706,0.000365731
4.06459,0.970726,0.000365543
4.06783,0.970746,0.000365351
4.07107,0.970765,0.000365157
4.07432,0.970785,0.00036496
4.07757,0.970805,0.00036476
4.08082,0.970825,0.000364558
4.08408,0.970845,0.000364615
4.08734,0.970865,0.000364708
4.0906,0.970884,0.000364799
4.09386,0.970904,0.000364889
4.09713,0.970924,0.000364977
4.1004,0.970944,0.000365064
4.10367,0.970963,0.00036515
4.10694,0.970983,0.000365235
4.11022,0.971003,0.000365319
4.11349,0.971022,0.000365402
4.11678,0.971042,0.000365484
4.12006,0.971061,0.000365566
4.12335,0.971081,0.000365648
4.12664,0.971101,0.000365729
4.12993,0.97112,0.00036581
4.13322,0.97114,0.000365891
4.13652,0.971159,0.000365972
4.13982,0.971179,0.000366052
4.14312,0.971198,0.000366134
4.14643,0.971218,0.000366215
4.14973,0.971237,0.000382604
4.15304,0.971256,0.000403253
4.15636,0.971276,0.000424061
4.15967,0.971295,0.000445008
4.16299,0.971315,0.000466078
4.16631,0.971334,0.000487257
4.16963,0.971353,0.000508535
4.17296,0.971373,0.000529901
4.17629,0.971392,0.000551349
4.17962,0.971411,0.000572869
4.18296,0.971431,0.000594458
4.18629,0.97145,0.000616109
4.18963,0.971469,0.000637818
4.19297,0.971488,0.000659581
4.19632,0.971508,0.000681396
4.19967,0.971527,0.000703258
4.20302,0.971546,0.000725165
4.20637,0.971565,0.000747115
4.20972,0.971584,0.000769106
4.21308,0.971604,0.000791136
4.21644,0.971623,0.000789123
4.21981,0.971642,0.000777881
4.22317,0.971661,0.000766634
4.22654,0.97168,0.000755382
4.22991,0.971699,0.000744125
4.23329,0.971718,0.000732865
4.23666,0.971738,0.000721601
4.24004,0.971757,0.000710333
4.24343,0.971776,0.000699062
4.24681,0.971795,0.000687787
4.2502,0.971814,0.00067651
4.25359,0.971833,0.000665231
4.25698,0.971852,0.000653949
4.26038,0.971871,0.000642666
4.26378,0.97189,0.000631382
4.26718,0.971909,0.000620097
4.27058,0.971928,0.000608811
4.27399,0.971947,0.000597526
4.2774,0.971966,0.000586242
4.28081,0.971985,0.000574959
4.28422,0.972004,0.000570205
4.28764,0.972023,0.00056902
4.29106,0.972042,0.000567836
4.29449,0.972061,0.000566652
4.29791,0.972079,0.00056547
4.30134,0.972098,0.000564287
4.30477,0.972117,0.000563106
4.3082,0.972136,0.000561925
4.31164,0.972155,0.000560745
4.31508,0.972174,0.000559565
4.31852,0.972193,0.000558386
4.32197,0.972212,0.000557208
4.32542,0.972231,0.000556031
4.32887,0.97225,0.000554854
4.33232,0.972268,0.000553677
4.33578,0.972287,0.000552502
4.33923,0.972306,0.000551327
4.3427,0.972325,0.000550152
4.34616,0.972344,0.000548978
4.34963,0.972363,0.000547805
4.3531,0.972381,0.000545539
4.35657,0.9724,0.000542448
4.36004,0.972419,0.000539357
4.36352,0.972438,0.000536266
4.367,0.972457,0.000533175
4.37049,0.972476,0.000530084
4.37397,0.972494,0.000526992
4.37746,0.972513,0.0005239
4.38095,0.972532,0.000520808
4.38445,0.972551,0.000517715
4.38795,0.97257,0.000514622
4.39145,0.972588,0.00051153
4.39495,0.972607,0.000508436
4.39845,0.972626,0.000505343
4.40196,0.972645,0.000502249
4.40548,0.972664,0.000499155
4.40899,0.972682,0.00049606
4.41251,0.972701,0.000492965
4.41603,0.97272,0.00048987
4.41955,0.972739,0.000486775
4.42307,0.972758,0.000482666
4.4266,0.972776,0.00047752
4.43013,0.972795,0.000472375
4.43367,0.972814,0.00046723
4.4372,0.972833,0.000462087
4.44074,0.972852,0.000456944
4.44429,0.97287,0.000451802
4.44783,0.972889,0.000446662
4.45138,0.972908,0.000441523
4.45493,0.972927,0.000436385
4.45848,0.972946,0.000431248
4.46204,0.972964,0.000426114
4.4656,0.972983,0.000420981
4.46916,0.973002,0.00041585
4.47273,0.973021,0.000410721
4.4763,0.97304,0.000405594
4.47987,0.973059,0.00040047
4.48344,0.973077,0.000395348
4.48702,0.973096,0.000390229
4.4906,0.973115,0.000385113
4.49418,0.973134,0.000382572
4.49776,0.973153,0.000383619
4.50135,0.973171,0.000384665
4.50494,0.97319,0.00038571
4.50854,0.973209,0.000386756
4.51213,0.973228,0.000387801
4.51573,0.973247,0.000388845
4.51933,0.973266,0.000389889
4.52294,0.973285,0.000390933
4.52655,0.973303,0.000391976
4.53016,0.973322,0.000393019
4.53377,0.973341,0.000394061
4.53739,0.97336,0.000395102
4.54101,0.973379,0.000396144
4.54463,0.973398,0.000397184
4.54825,0.973417,0.000398225
4.55188,0.973436,0.000399264
4.55551,0.973454,0.000400304
4.55915,0.973473,0.000401343
4.56278,0.973492,0.000402381
4.56642,0.973511,0.000403159
4.57007,0.97353,0.000403433
4.57371,0.973549,0.000403706
4.57736,0.973568,0.000403978
4.58101,0.973587,0.000404248
4.58467,0.973605,0.000404517
4.58832,0.973624,0.000404785
4.59198,0.973643,0.000405051
4.59565,0.973662,0.000405317
4.59931,0.973681,0.000405581
4.60298,0.9737,0.000405843
4.60665,0.973719,0.000406105
4.61033,0.973738,0.000406365
4.61401,0.973756,0.000406624
4.61769,0.973775,0.000406882
4.62137,0.973794,0.000407139
4.62506,0.973813,0.000407394
4.62875,0.973832,0.000407649
4.63244,0.973851,0.000407903
4.63613,0.973869,0.000408155
4.63983,0.973888,0.000408386
4.64353,0.973907,0.000408559
4.64724,0.973926,0.000408731
4.65094,0.973945,0.000408902
4.65465,0.973963,0.000409072
4.65837,0.973982,0.000409241
4.66208,0.974001,0.000409409
4.6658,0.97402,0.000409577
4.66952,0.974038,0.000409743
4.67325,0.974057,0.000409909
4.67698,0.974076,0.000410074
4.68071,0.974095,0.000410239
4.68444,0.974113,0.000410402
4.68818,0.974132,0.000410566
4.69192,0.974151,0.000410728
4.69566,0.97417,0.00041089
4.69941,0.974188,0.000411052
4.70316,0.974207,0.000411213
4.70691,0.974226,0.000411373
4.71066,0.974244,0.000411534
4.71442,0.974263,0.000411025
4.71818,0.974282,0.000407643
4.72194,0.9743,0.00040426
4.72571,0.974319,0.000400874
4.72948,0.974337,0.000397488
4.73325,0.974356,0.000394099
4.73703,0.974375,0.00039071
4.74081,0.974393,0.000387319
4.74459,0.974412,0.000383927
4.74837,0.97443,0.000380534
4.75216,0.974449,0.00037714
4.75595,0.974467,0.000373746
4.75975,0.974486,0.00037035
4.76354,0.974504,0.000366954
4.76734,0.974523,0.000363557
4.77115,0.974541,0.00036016
4.77495,0.97456,0.000356762
4.77876,0.974578,0.000353364
4.78257,0.974596,0.000349966
4.78639,0.974615,0.000346569
4.79021,0.974633,0.000343727
4.79403,0.974652,0.000345278
4.79785,0.97467,0.000346832
4.80168,0.974688,0.000348389
4.80551,0.974707,0.00034995
4.80934,0.974725,0.000351514
4.81318,0.974743,0.000353082
4.81702,0.974761,0.000354654
4.82086,0.97478,0.000356229
4.82471,0.974798,0.000357807
4.82856,0.974816,0.00035939
4.83241,0.974834,0.000360976
4.83626,0.974852,0.000362565
4.84012,0.974871,0.000364159
4.84398,0.974889,0.000365756
4.84785,0.974907,0.000367357
4.85171,0.974925,0.000368961
4.85558,0.974943,0.00037057
4.85946,0.974961,0.000372182
4.86333,0.974979,0.000373798
4.86721,0.974997,0.000375341
4.87109,0.975015,0.000374839
4.87498,0.975033,0.000374339
4.87887,0.975051,0.000373839
4.88276,0.975069,0.000373341
4.88666,0.975087,0.000372843
4.89055,0.975104,0.000372347
4.89446,0.975122,0.000371852
4.89836,0.97514,0.000371358
4.90227,0.975158,0.000370866
4.90618,0.975176,0.000370375
4.91009,0.975193,0.000369886
4.91401,0.975211,0.000369398
4.91793,0.975229,0.000368911
4.92185,0.975246,0.000368426
4.92578,0.975264,0.000367943
4.92971,0.975282,0.000367461
4.93364,0.975299,0.000366981
4.93757,0.975317,0.000366503
4.94151,0.975334,0.000366026
4.94546,0.975352,0.000365552
4.9494,0.975369,0.00036817
4.95335,0.975387,0.000370924
4.9573,0.975404,0.000373684
4.96125,0.975422,0.000376451
4.96521,0.975439,0.000379224
4.96917,0.975456,0.000382004
4.97314,0.975474,0.00038479
4.9771,0.975491,0.000387582
4.98107,0.975508,0.000390381
4.98505,0.975525,0.000393185
4.98902,0.975543,0.000395996
4.993,0.97556,0.000398812
4.99699,0.975577,0.000401635
5.00097,0.975594,0.000404463
5.00496,0.975611,0.000407297
5.00895,0.975628,0.000410137
5.01295,0.975645,0.000412983
5.01695,0.975662,0.000415835
5.02095,0.975679,0.000418692
5.02496,0.975696,0.000421555
5.02896,0.975713,0.000428924
5.03298,0.97573,0.000436903
5.03699,0.975747,0.000444899
5.04101,0.975763,0.000452912
5.04503,0.97578,0.00046094
5.04905,0.975797,0.000468984
5.05308,0.975814,0.000477043
5.05711,0.97583,0.000485117
5.06115,0.975847,0.000493205
5.06518,0.975863,0.000501307
5.06923,0.97588,0.000509423
5.07327,0.975896,0.000517552
5.07732,0.975913,0.000525694
5.08137,0.975929,0.000533849
5.08542,0.975946,0.000542016
5.08948,0.975962,0.000550195
5.09354,0.975978,0.000558387
5.0976,0.975995,0.00056659
5.10167,0.976011,0.000574804
5.10574,0.976027,0.00058303
5.10981,0.976043,0.00058629
5.11388,0.97606,0.000588365
5.11796,0.976076,0.000590443
5.12205,0.976092,0.000592524
5.12613,0.976108,0.000594608
5.13022,0.976124,0.000596696
5.13431,0.97614,0.000598787
5.13841,0.976156,0.00060088
5.14251,0.976171,0.000602977
5.14661,0.976187,0.000605077
5.15072,0.976203,0.00060718
5.15482,0.976219,0.000609286
5.15894,0.976235,0.000611395
5.16305,0.97625,0.000613507
5.16717,0.976266,0.000615623
5.17129,0.976281,0.000617741
5.17542,0.976297,0.000619861
5.17955,0.976312,0.000621985
5.18368,0.976328,0.000624112
5.18781,0.976343,0.000626241
5.19195,0.976359,0.000626986
5.19609,0.976374,0.000627221
5.20024,0.976389,0.000627458
5.20439,0.976405,0.000627697
5.20854,0.97642,0.000627937
5.21269,0.976435,0.000628178
5.21685,0.97645,0.000628421
5.22101,0.976465,0.000628666
5.22518,0.97648,0.000628912
5.22934,0.976495,0.000629159
5.23352,0.97651,0.000629408
5.23769,0.976525,0.000629658
5.24187,0.97654,0.00062991
5.24605,0.976554,0.000630163
5.25024,0.976569,0.000630417
5.25442,0.976584,0.000630672
5.25862,0.976598,0.000630929
5.26281,0.976613,0.000631187
5.26701,0.976628,0.000631447
5.27121,0.976642,0.000631707
5.27541,0.976657,0.00063784
5.27962,0.976671,0.00064708
5.28383,0.976685,0.000656331
5.28805,0.9767,0.000665592
5.29227,0.976714,0.000674864
5.29649,0.976728,0.000684146
5.30071,0.976742,0.000693438
5.30494,0.976756,0.000702741
5.30917,0.97677,0.000712053
5.31341,0.976784,0.000721375
5.31765,0.976798,0.000730707
5.32189,0.976812,0.000740049
5.32614,0.976826,0.0007494
5.33038,0.97684,0.00075876
5.33464,0.976854,0.000768131
5.33889,0.976867,0.00077751
5.34315,0.976881,0.000786898
5.34741,0.976895,0.000796296
5.35168,0.976908,0.000805703
5.35595,0.976922,0.000815119
5.36022,0.976935,0.000820953
5.3645,0.976948,0.000824173
5.36877,0.976962,0.000827395
5.37306,0.976975,0.00083062
5.37734,0.976988,0.000833848
5.38163,0.977001,0.000837078
5.38593,0.977014,0.00084031
5.39022,0.977028,0.000843545
5.39452,0.977041,0.000846783
5.39883,0.977053,0.000850022
5.40313,0.977066,0.000853265
5.40744,0.977079,0.000856509
5.41176,0.977092,0.000859756
5.41607,0.977105,0.000863006
5.42039,0.977117,0.000866257
5.42472,0.97713,0.000869512
5.42904,0.977142,0.000872768
5.43338,0.977155,0.000876027
5.43771,0.977167,0.000879288
5.44205,0.97718,0.000882551
5.44639,0.977192,0.000882908
5.45073,0.977204,0.000880381
5.45508,0.977216,0.000877852
5.45943,0.977228,0.000875322
5.46379,0.977241,0.00087279
5.46815,0.977253,0.000870258
5.47251,0.977264,0.000867724
5.47687,0.977276,0.000865189
5.48124,0.977288,0.000862652
5.48561,0.9773,0.000860115
5.48999,0.977312,0.000857576
5.49437,0.977323,0.000855036
5.49875,0.977335,0.000852494
5.50314,0.977346,0.000849951
5.50753,0.977358,0.000847407
5.51192,0.977369,0.000844861
5.51632,0.97738,0.000842314
5.52072,0.977392,0.000839766
5.52512,0.977403,0.000837216
5.52953,0.977414,0.000834665
5.53394,0.977425,0.000838021
5.53836,0.977436,0.000849356
5.54277,0.977447,0.000860703
5.5472,0.977458,0.000872061
5.55162,0.977469,0.000883431
5.55605,0.977479,0.000894812
5.56048,0.97749,0.000906205
5.56492,0.977501,0.000917609
5.56936,0.977511,0.000929025
5.5738,0.977522,0.000940452
5.57825,0.977532,0.00095189
5.5827,0.977542,0.000963339
5.58715,0.977553,0.000974798
5.59161,0.977563,0.000986269
5.59607,0.977573,0.000997751
5.60053,0.977583,0.00100924
5.605,0.977593,0.00102075
5.60947,0.977603,0.00103226
5.61394,0.977613,0.00104379
5.61842,0.977623,0.00105532
5.6229,0.977632,0.00106205
5.62739,0.977642,0.00105983
5.63188,0.977652,0.0010576
5.63637,0.977661,0.00105537
5.64087,0.977671,0.00105314
5.64537,0.97768,0.0010509
5.64987,0.977689,0.00104867
5.65438,0.977698,0.00104643
5.65889,0.977708,0.00104419
5.6634,0.977717,0.00104195
5.66792,0.977726,0.00103971
5.67244,0.977735,0.00103747
5.67696,0.977744,0.00103522
5.68149,0.977752,0.00103297
5.68603,0.977761,0.00103072
5.69056,0.97777,0.00102847
5.6951,0.977778,0.00102622
5.69964,0.977787,0.00102396
5.70419,0.977795,0.00102171
5.70874,0.977804,0.00101945
5.71329,0.977812,0.00101889
5.71785,0.97782,0.00102285
5.72241,0.977828,0.00102682
5.72698,0.977836,0.00103079
5.73155,0.977844,0.00103476
5.73612,0.977852,0.00103874
5.74069,0.97786,0.00104272
5.74527,0.977868,0.0010467
5.74986,0.977875,0.00105068
5.75444,0.977883,0.00105467
5.75903,0.97789,0.00105866
5.76363,0.977898,0.00106265
5.76823,0.977905,0.00106665
5.77283,0.977912,0.00107065
5.77743,0.97792,0.00107465
5.78204,0.977927,0.00107865
5.78665,0.977934,0.00108266
5.79127,0.977941,0.00108667
5.79589,0.977948,0.00109069
5.80051,0.977954,0.0010947
5.80514,0.977961,0.00109728
5.80977,0.977968,0.00109396
5.8144,0.977974,0.00109064
5.81904,0.977981,0.00108732
5.82368,0.977987,0.001084
5.82833,0.977994,0.00108067
5.83298,0.978,0.00107735
5.83763,0.978006,0.00107402
5.84229,0.978013,0.00107069
5.84695,0.978019,0.00106736
5.85161,0.978025,0.00106402
5.85628,0.978031,0.00106069
5.86095,0.978037,0.00105736
5.86563,0.978043,0.00105402
5.87031,0.978048,0.00105068
5.87499,0.978054,0.00104734
5.87968,0.97806,0.00104401
5.88437,0.978065,0.00104067
5.88906,0.978071,0.00103732
5.89376,0.978076,0.00103398
5.89846,0.978082,0.00103543
5.90316,0.978087,0.00107185
5.90787,0.978092,0.00110835
5.91259,0.978098,0.00114491
5.9173,0.978103,0.00118153
5.92202,0.978108,0.00121821
5.92675,0.978113,0.00125495
5.93148,0.978118,0.00129174
5.93621,0.978123,0.00132858
5.94094,0.978128,0.00136547
5.94568,0.978133,0.00140242
5.95042,0.978137,0.00143941
5.95517,0.978142,0.00147644
5.95992,0.978147,0.00151353
5.96468,0.978152,0.00155065
5.96943,0.978156,0.00158782
5.9742,0.978161,0.00162503
5.97896,0.978165,0.00166229
5.98373,0.97817,0.00169958
5.9885,0.978174,0.00173691
5.99328,0.978178,0.00177326
5.99806,0.978182,0.00178733
6.00285,0.978187,0.00180142
6.00763,0.978191,0.00181551
6.01243,0.978195,0.00182962
6.01722,0.978199,0.00184375
6.02202,0.978203,0.00185789
6.02683,0.978207,0.00187204
6.03163,0.978211,0.0018862
6.03645,0.978215,0.00190037
6.04126,0.978219,0.00191456
6.04608,0.978223,0.00192876
6.0509,0.978227,0.00194297
6.05573,0.97823,0.0019572
6.06056,0.978234,0.00197144
6.0654,0.978238,0.00198569
6.07023,0.978241,0.00199995
6.07508,0.978245,0.00201423
6.07992,0.978248,0.00202852
6.08477,0.978252,0.00204282
6.08963,0.978255,0.00205713
6.09448,0.978259,0.00210857
6.09935,0.978262,0.00216129
6.10421,0.978266,0.00221406
6.10908,0.978269,0.00226688
6.11395,0.978272,0.00231976
6.11883,0.978276,0.00237268
6.12371,0.978279,0.00242566
6.1286,0.978282,0.00247869
6.13349,0.978285,0.00253176
6.13838,0.978288,0.00258489
6.14327,0.978292,0.00263807
6.14818,0.978295,0.00269129
6.15308,0.978298,0.00274456
6.15799,0.978301,0.00279788
6.1629,0.978304,0.00285125
6.16782,0.978307,0.00290467
6.17274,0.97831,0.00295813
6.17766,0.978313,0.00301164
6.18259,0.978316,0.0030652
6.18752,0.978318,0.0031188
6.19246,0.978321,0.00316165
6.1974,0.978324,0.00320321
6.20234,0.978327,0.00324482
6.20729,0.97833,0.00328646
6.21224,0.978333,0.00332813
6.21719,0.978335,0.00336984
6.22215,0.978338,0.00341158
6.22712,0.978341,0.00345336
6.23208,0.978343,0.00349517
6.23706,0.978346,0.00353702
6.24203,0.978349,0.00357891
6.24701,0.978351,0.00362082
6.25199,0.978354,0.00366278
6.25698,0.978357,0.00370477
6.26197,0.978359,0.00374679
6.26697,0.978362,0.00378885
6.27197,0.978364,0.00383094
6.27697,0.978367,0.00387307
6.28198,0.97837,0.00391523
6.28699,0.978372,0.00395742
6.292,0.978375,0.00397051
6.29702,0.978377,0.00397699
6.30205,0.97838,0.00398349
6.30707,0.978382,0.00398998
6.3121,0.978385,0.00399649
6.31714,0.978387,0.004003
6.32218,0.978389,0.00400951
6.32722,0.978392,0.00401603
6.33227,0.978394,0.00402256
6.33732,0.978397,0.00402909
6.34238,0.978399,0.00403562
6.34743,0.978402,0.00404217
6.3525,0.978404,0.00404872
6.35757,0.978407,0.00405527
6.36264,0.978409,0.00406183
6.36771,0.978411,0.00406839
6.37279,0.978414,0.00407496
6.37788,0.978416,0.00408154
6.38296,0.978419,0.00408812
6.38805,0.978421,0.00409471
6.39315,0.978424,0.00401925
6.39825,0.978426,0.00391475
6.40335,0.978428,0.00381018
6.40846,0.978431,0.00370555
6.41357,0.978433,0.00360086
6.41869,0.978436,0.00349611
6.42381,0.978438,0.0033913
6.42894,0.978441,0.00328644
6.43406,0.978443,0.00318153
6.4392,0.978446,0.00307657
6.44433,0.978448,0.00297157
6.44947,0.97845,0.00286652
6.45462,0.978453,0.00276144
6.45977,0.978455,0.00265634
6.46492,0.978458,0.00255121
6.47008,0.97846,0.00244606
6.47524,0.978463,0.00234091
6.4804,0.978466,0.00223577
6.48557,0.978468,0.00213065
6.49075,0.978471,0.00202557
6.49592,0.978473,0.00199025
6.50111,0.978476,0.00199042
6.50629,0.978478,0.0019906
6.51148,0.978481,0.00199078
6.51668,0.978484,0.00199095
6.52187,0.978486,0.00199113
6.52708,0.978489,0.00199131
6.53228,0.978492,0.00199149
6.53749,0.978494,0.00199167
6.54271,0.978497,0.00199185
6.54793,0.9785,0.00199203
6.55315,0.978503,0.00199222
6.55838,0.978505,0.0019924
6.56361,0.978508,0.00199258
6.56885,0.978511,0.00199276
6.57409,0.978514,0.00199295
6.57933,0.978517,0.00199313
6.58458,0.97852,0.00199331
6.58983,0.978522,0.0019935
6.59509,0.978525,0.00199368
6.60035,0.978528,0.0019984
6.60561,0.978531,0.00200633
6.61088,0.978534,0.00201427
6.61616,0.978537,0.00202221
6.62144,0.978541,0.00203016
6.62672,0.978544,0.00203812
6.632,0.978547,0.00204608
6.63729,0.97855,0.00205404
6.64259,0.978553,0.00206201
6.64789,0.978556,0.00206999
6.65319,0.97856,0.00207797
6.6585,0.978563,0.00208595
6.66381,0.978566,0.00209395
6.66912,0.97857,0.00210194
6.67444,0.978573,0.00210995
6.67977,0.978576,0.00211795
6.6851,0.97858,0.00212597
6.69043,0.978583,0.00213399
6.69577,0.978587,0.00214201
6.70111,0.97859,0.00215004
6.70645,0.978594,0.00213559
6.7118,0.978598,0.00209953
6.71716,0.978601,0.00206346
6.72252,0.978605,0.00202739
6.72788,0.978609,0.00199132
6.73325,0.978613,0.00195524
6.73862,0.978617,0.00191917
6.74399,0.97862,0.00188309
6.74937,0.978624,0.00184701
6.75476,0.978628,0.00181094
6.76014,0.978632,0.00177488
6.76554,0.978636,0.00173883
6.77093,0.97864,0.00170278
6.77633,0.978645,0.00166675
6.78174,0.978649,0.00163074
6.78715,0.978653,0.00159475
6.79256,0.978657,0.00155877
6.79798,0.978662,0.00152283
6.80341,0.978666,0.00148692
6.80883,0.978671,0.00145104
6.81426,0.978675,0.00143083
6.8197,0.97868,0.00143105
6.82514,0.978684,0.00143127
6.83058,0.978689,0.00143149
6.83603,0.978694,0.0014317
6.84149,0.978698,0.00143191
6.84694,0.978703,0.00143212
6.85241,0.978708,0.00143233
6.85787,0.978713,0.00143253
6.86334,0.978718,0.00143273
6.86882,0.978723,0.00143293
6.8743,0.978728,0.00143313
6.87978,0.978733,0.00143332
6.88527,0.978738,0.00143351
6.89076,0.978743,0.0014337
6.89626,0.978749,0.00143389
6.90176,0.978754,0.00143407
6.90726,0.97876,0.00143425
6.91277,0.978765,0.00143443
6.91829,0.978771,0.0014346
6.92381,0.978776,0.00144721
6.92933,0.978782,0.00148222
6.93486,0.978788,0.0015173
6.94039,0.978794,0.00155246
6.94593,0.978799,0.00158769
6.95147,0.978805,0.00162298
6.95701,0.978811,0.00165833
6.96256,0.978817,0.00169375
6.96812,0.978824,0.00172923
6.97367,0.97883,0.00176476
6.97924,0.978836,0.00180036
6.9848,0.978842,0.001836
6.99038,0.978849,0.0018717
6.99595,0.978855,0.00190746
7.00153,0.978862,0.00194326
7.00712,0.978868,0.00197911
7.01271,0.978875,0.00201501
7.0183,0.978882,0.00205096
7.0239,0.978889,0.00208696
7.0295,0.978896,0.002123
7.03511,0.978903,0.00213918
7.04072,0.97891,0.00210449
7.04634,0.978917,0.00206979
7.05196,0.978924,0.00203508
7.05759,0.978931,0.00200036
7.06322,0.978939,0.00196565
7.06885,0.978946,0.00193092
7.07449,0.978954,0.0018962
7.08013,0.978961,0.00186147
7.08578,0.978969,0.00182675
7.09143,0.978977,0.00179203
7.09709,0.978985,0.00175731
7.10275,0.978993,0.0017226
7.10842,0.979001,0.0016879
7.11409,0.979009,0.00165321
7.11976,0.979017,0.00161853
7.12544,0.979025,0.00158387
7.13113,0.979034,0.00154923
7.13681,0.979042,0.00151461
7.14251,0.979051,0.00148002
7.1482,0.979059,0.00145455
7.15391,0.979068,0.00146439
7.15961,0.979077,0.00147425
7.16532,0.979085,0.00148411
7.17104,0.979094,0.00149398
7.17676,0.979104,0.00150385
7.18249,0.979113,0.00151374
7.18822,0.979122,0.00152363
7.19395,0.979131,0.00153354
7.19969,0.979141,0.00154345
7.20543,0.97915,0.00155337
7.21118,0.97916,0.00156329
7.21693,0.979169,0.00157323
7.22269,0.979179,0.00158317
7.22845,0.979189,0.00159312
7.23422,0.979199,0.00160308
7.23999,0.979209,0.00161305
7.24576,0.979219,0.00162303
7.25154,0.97923,0.00163301
7.25733,0.97924,0.00164301
7.26312,0.979251,0.00164836
7.26891,0.979261,0.00162218
7.27471,0.979272,0.001596
7.28051,0.979283,0.00156982
7.28632,0.979293,0.00154364
7.29213,0.979304,0.00151746
7.29795,0.979315,0.00149129
7.30377,0.979327,0.00146512
7.3096,0.979338,0.00143895
7.31543,0.979349,0.00141279
7.32126,0.979361,0.00138664
7.3271,0.979372,0.0013605
7.33295,0.979384,0.00133437
7.3388,0.979396,0.00130826
7.34465,0.979408,0.00128216
7.35051,0.97942,0.00125608
7.35637,0.979432,0.00123002
7.36224,0.979444,0.00120399
7.36811,0.979457,0.00117799
7.37399,0.979469,0.00115202
7.37987,0.979482,0.00112745
7.38576,0.979494,0.00112779
7.39165,0.979507,0.00112812
7.39755,0.97952,0.00112845
7.40345,0.979533,0.00112877
7.40936,0.979546,0.00112909
7.41527,0.97956,0.0011294
7.42118,0.979573,0.00112971
7.4271,0.979586,0.00113002
7.43303,0.9796,0.00113032
7.43896,0.979614,0.00113062
7.44489,0.979627,0.00113092
7.45083,0.979641,0.00113121
7.45677,0.979655,0.0011315
7.46272,0.979669,0.00113179
7.46867,0.979684,0.00113207
7.47463,0.979698,0.00113235
7.48059,0.979712,0.00113263
7.48656,0.979727,0.00113291
7.49253,0.979741,0.00113318
7.49851,0.979756,0.00113346
7.50449,0.979771,0.00113077
7.51048,0.979786,0.00112801
7.51647,0.9798,0.00112524
7.52247,0.979816,0.00112247
7.52847,0.979831,0.00111969
7.53447,0.979846,0.00111691
7.54048,0.979861,0.00111413
7.5465,0.979877,0.00111134
7.55252,0.979892,0.00110854
7.55854,0.979908,0.00110574
7.56457,0.979923,0.00110294
7.5706,0.979939,0.00110014
7.57664,0.979955,0.00109733
7.58269,0.979971,0.00109451
7.58874,0.979987,0.0010917
7.59479,0.980003,0.00108888
7.60085,0.980019,0.00108606
7.60691,0.980036,0.00108323
7.61298,0.980052,0.00108041
7.61905,0.980068,0.00107758
7.62513,0.980085,0.00107698
7.63121,0.980101,0.00107664
7.6373,0.980118,0.0010763
7.64339,0.980135,0.00107596
7.64949,0.980152,0.00107563
7.65559,0.980169,0.00107529
7.6617,0.980186,0.00107495
7.66781,0.980203,0.00107462
7.67393,0.98022,0.00107429
7.68005,0.980237,0.00107396
7.68618,0.980254,0.00107363
7.69231,0.980272,0.00107331
7.69844,0.980289,0.00107299
7.70458,0.980306,0.00107267
7.71073,0.980324,0.00107235
7.71688,0.980342,0.00107204
7.72304,0.980359,0.00107173
7.7292,0.980377,0.00107142
7.73536,0.980395,0.00107111
7.74153,0.980413,0.00107081
7.74771,0.980431,0.00107636
7.75389,0.980449,0.00108317
7.76007,0.980467,0.00109
7.76626,0.980485,0.00109684
7.77246,0.980503,0.00110371
7.77866,0.980521,0.00111059
7.78487,0.98054,0.00111749
7.79108,0.980558,0.00112441
7.79729,0.980576,0.00113134
7.80351,0.980595,0.00113829
7.80973,0.980613,0.00114526
7.81596,0.980632,0.00115225
7.8222,0.980651,0.00115925
7.82844,0.980669,0.00116627
7.83468,0.980688,0.00117331
7.84093,0.980707,0.00118036
7.84719,0.980726,0.00118743
7.85345,0.980745,0.00119452
7.85971,0.980764,0.00120162
7.86598,0.980783,0.00120874
7.87226,0.980802,0.00121042
7.87854,0.980821,0.00121025
7.88482,0.98084,0.00121009
7.89111,0.980859,0.00120994
7.89741,0.980878,0.00120979
7.90371,0.980898,0.00120965
7.91001,0.980917,0.00120951
7.91632,0.980936,0.00120938
7.92264,0.980956,0.00120925
7.92896,0.980975,0.00120913
7.93528,0.980995,0.00120902
7.94161,0.981014,0.00120891
7.94795,0.981034,0.00120881
7.95429,0.981053,0.00120872
7.96063,0.981073,0.00120863
7.96698,0.981092,0.00120855
7.97334,0.981112,0.00120848
7.9797,0.981132,0.00120842
7.98606,0.981152,0.00120836
7.99243,0.981171,0.0012083
7.99881,0.981191,0.00119972
8.00519,0.981211,0.00118694
8.01157,0.981231,0.00117417
8.01797,0.981251,0.0011614
8.02436,0.981271,0.00114864
8.03076,0.981291,0.00113589
8.03717,0.981311,0.00112315
8.04358,0.981331,0.00111041
8.05,0.981351,0.00109769
8.05642,0.981371,0.00108497
8.06284,0.981391,0.00107227
8.06928,0.981411,0.00105957
8.07571,0.981431,0.00104689
8.08216,0.981452,0.00103422
8.0886,0.981472,0.00102157
8.09505,0.981492,0.00100893
8.10151,0.981512,0.000996303
8.10797,0.981532,0.000983697
8.11444,0.981553,0.000971109
8.12092,0.981573,0.00095854
8.12739,0.981593,0.00095102
8.13388,0.981614,0.000946943
8.14037,0.981634,0.000942875
8.14686,0.981654,0.000938818
8.15336,0.981675,0.00093477
8.15986,0.981695,0.000930733
8.16637,0.981715,0.000926706
8.17289,0.981736,0.000922689
8.1794,0.981756,0.000918683
8.18593,0.981776,0.000914688
8.19246,0.981797,0.000910704
8.19899,0.981817,0.000906731
8.20554,0.981838,0.000902769
8.21208,0.981858,0.000898819
8.21863,0.981878,0.000894881
8.22519,0.981899,0.000890955
8.23175,0.981919,0.000887041
8.23832,0.98194,0.000883139
8.24489,0.98196,0.000879249
8.25146,0.981981,0.000875372
8.25805,0.982001,0.000873689
8.26463,0.982021,0.000874046
8.27123,0.982042,0.000874412
8.27782,0.982062,0.000874788
8.28443,0.982083,0.000875174
8.29104,0.982103,0.000875569
8.29765,0.982124,0.000875974
8.30427,0.982144,0.000876388
8.31089,0.982164,0.000876811
8.31752,0.982185,0.000877244
8.32416,0.982205,0.000877686
8.3308,0.982226,0.000878136
8.33744,0.982246,0.000878596
8.34409,0.982266,0.000879065
8.35075,0.982287,0.000879542
8.35741,0.982307,0.000880028
8.36408,0.982327,0.000880522
8.37075,0.982347,0.000881025
8.37743,0.982368,0.000881536
8.38411,0.982388,0.000882055
8.3908,0.982408,0.000879329
8.39749,0.982428,0.000872511
8.40419,0.982449,0.000865715
8.41089,0.982469,0.000858941
8.4176,0.982489,0.000852191
8.42432,0.982509,0.000845465
8.43104,0.982529,0.000838764
8.43776,0.982549,0.000832087
8.4445,0.98257,0.000825437
8.45123,0.98259,0.000818813
8.45797,0.98261,0.000812217
8.46472,0.98263,0.000805648
8.47147,0.98265,0.000799108
8.47823,0.98267,0.000792597
8.48499,0.98269,0.000786117
8.49176,0.982709,0.000779668
8.49854,0.982729,0.00077325
8.50532,0.982749,0.000766865
8.5121,0.982769,0.000760513
8.51889,0.982789,0.000754196
8.52569,0.982808,0.000752765
8.53249,0.982828,0.000759777
8.53929,0.982848,0.000766802
8.5461,0.982867,0.00077384
8.55292,0.982887,0.00078089
8.55974,0.982907,0.000787953
8.56657,0.982926,0.000795027
8.57341,0.982946,0.000802113
8.58025,0.982965,0.00080921
8.58709,0.982985,0.000816317
8.59394,0.983004,0.000823436
8.6008,0.983023,0.000830564
8.60766,0.983043,0.000837702
8.61452,0.983062,0.00084485
8.62139,0.983081,0.000852007
8.62827,0.9831,0.000859173
8.63515,0.983119,0.000866347
8.64204,0.983138,0.00087353
8.64894,0.983157,0.000880722
8.65584,0.983176,0.000887921
8.66274,0.983195,0.000893247
8.66965,0.983214,0.00089395
8.67657,0.983233,0.000894654
8.68349,0.983252,0.000895359
8.69042,0.98327,0.000896064
8.69735,0.983289,0.000896771
8.70429,0.983308,0.000897477
8.71123,0.983326,0.000898183
8.71818,0.983345,0.00089889
8.72513,0.983363,0.000899596
8.73209,0.983382,0.000900301
8.73906,0.9834,0.000901006
8.74603,0.983418,0.00090171
8.75301,0.983436,0.000902413
8.75999,0.983454,0.000903114
8.76698,0.983473,0.000903814
8.77397,0.983491,0.000904512
8.78097,0.983509,0.000905208
8.78797,0.983526,0.000905902
8.79498,0.983544,0.000906594
8.802,0.983562,0.00090729
8.80902,0.98358,0.00090801
8.81605,0.983597,0.000908726
8.82308,0.983615,0.00090944
8.83012,0.983632,0.00091015
8.83716,0.98365,0.000910856
8.84421,0.983667,0.000911559
8.85127,0.983685,0.000912258
8.85833,0.983702,0.000912952
8.86539,0.983719,0.000913642
8.87247,0.983736,0.000914328
8.87954,0.983753,0.000915008
8.88663,0.98377,0.000915684
8.89372,0.983787,0.000916354
8.90081,0.983804,0.000917019
8.90791,0.98382,0.000917678
8.91502,0.983837,0.000918332
8.92213,0.983853,0.00091898
8.92924,0.98387,0.000919621
8.93637,0.983886,0.000920256
8.9435,0.983903,0.000922258
8.95063,0.983919,0.000932952
8.95777,0.983935,0.00094367
8.96492,0.983951,0.000954411
8.97207,0.983967,0.000965174
8.97922,0.983983,0.000975958
8.98639,0.983999,0.000986763
8.99356,0.984014,0.000997588
9.00073,0.98403,0.00100843
9.00791,0.984046,0.0010193
9.0151,0.984061,0.00103018
9.02229,0.984076,0.00104108
9.02948,0.984092,0.00105201
9.03669,0.984107,0.00106294
9.0439,0.984122,0.0010739
9.05111,0.984137,0.00108487
9.05833,0.984152,0.00109586
9.06556,0.984167,0.00110686
9.07279,0.984181,0.00111789
9.08002,0.984196,0.00112892
9.08727,0.98421,0.0011392
9.09452,0.984225,0.00113745
9.10177,0.984239,0.00113569
9.10903,0.984253,0.00113393
9.1163,0.984267,0.00113215
9.12357,0.984281,0.00113037
9.13085,0.984295,0.00112858
9.13813,0.984309,0.00112678
9.14542,0.984323,0.00112497
9.15272,0.984336,0.00112315
9.16002,0.98435,0.00112132
9.16733,0.984363,0.00111949
9.17464,0.984377,0.00111764
9.18196,0.98439,0.00111578
9.18928,0.984403,0.00111392
9.19661,0.984416,0.00111204
9.20395,0.984429,0.00111015
9.21129,0.984441,0.00110826
9.21864,0.984454,0.00110635
9.22599,0.984467,0.00110443
9.23335,0.984479,0.0011025
9.24072,0.984491,0.00113967
9.24809,0.984503,0.00117776
9.25546,0.984515,0.00121613
9.26285,0.984527,0.00125476
9.27024,0.984539,0.00129361
9.27763,0.984551,0.00133269
9.28503,0.984563,0.00137196
9.29244,0.984574,0.00141142
9.29985,0.984585,0.00145105
9.30727,0.984597,0.00149085
9.31469,0.984608,0.0015308
9.32213,0.984619,0.0015709
9.32956,0.98463,0.00161113
9.337,0.98464,0.0016515
9.34445,0.984651,0.00169198
9.35191,0.984661,0.00173258
9.35937,0.984672,0.00177329
9.36683,0.984682,0.00181411
9.3743,0.984692,0.00185502
9.38178,0.984702,0.00189604
9.38927,0.984712,0.00190898
9.39676,0.984722,0.00191907
9.40425,0.984731,0.00192916
9.41175,0.984741,0.00193926
9.41926,0.98475,0.00194936
9.42677,0.984759,0.00195947
9.43429,0.984768,0.00196959
9.44182,0.984777,0.00197971
9.44935,0.984786,0.00198984
9.45689,0.984794,0.00199997
9.46443,0.984803,0.00201011
9.47198,0.984811,0.00202025
9.47954,0.984819,0.0020304
9.4871,0.984828,0.00204056
9.49467,0.984835,0.00205072
9.50224,0.984843,0.0020609
9.50982,0.984851,0.00207107
9.51741,0.984859,0.00208126
9.525,0.984866,0.00209145
9.5326,0.984874,0.00210165
9.5402,0.984881,0.00209171
9.54781,0.984888,0.00207768
9.55543,0.984895,0.00206363
9.56305,0.984902,0.00204957
9.57068,0.984909,0.00203549
9.57832,0.984916,0.00202141
9.58596,0.984922,0.00200731
9.5936,0.984929,0.0019932
9.60126,0.984935,0.00197908
9.60891,0.984942,0.00196495
9.61658,0.984948,0.00195081
9.62425,0.984954,0.00193665
9.63193,0.984961,0.00192248
9.63961,0.984967,0.00190831
9.6473,0.984973,0.00189412
9.655,0.984979,0.00187992
9.6627,0.984984,0.00186571
9.67041,0.98499,0.00185148
9.67812,0.984996,0.00183725
9.68584,0.985002,0.00182301
9.69357,0.985007,0.00180747
9.7013,0.985013,0.00179149
9.70904,0.985018,0.0017755
9.71678,0.985024,0.00175951
9.72454,0.985029,0.00174351
9.73229,0.985034,0.00172749
9.74006,0.98504,0.00171147
9.74783,0.985045,0.00169545
9.7556,0.98505,0.00167941
9.76338,0.985055,0.00166337
9.77117,0.985061,0.00164731
9.77897,0.985066,0.00163126
9.78677,0.985071,0.00161519
9.79457,0.985076,0.00159912
9.80239,0.985081,0.00158305
9.81021,0.985086,0.00156697
9.81803,0.985091,0.00155088
9.82586,0.985096,0.00153479
9.8337,0.985101,0.00151869
9.84155,0.985106,0.00150259
9.8494,0.985111,0.00148208
9.85725,0.985116,0.00145949
9.86512,0.985121,0.00143691
9.87299,0.985126,0.00141433
9.88086,0.985131,0.00139177
9.88874,0.985136,0.00136922
9.89663,0.985141,0.00134668
9.90453,0.985146,0.00132415
9.91243,0.985151,0.00130165
9.92034,0.985156,0.00127916
9.92825,0.985161,0.0012567
9.93617,0.985166,0.00123426
9.94409,0.985171,0.00121185
9.95203,0.985176,0.00118947
9.95997,0.985181,0.00116712
9.96791,0.985186,0.00114481
9.97586,0.985191,0.00112254
9.98382,0.985197,0.00110031
9.99178,0.985202,0.00107813
9.99975,0.985207,0.001056
10.0077,0.985213,0.00103709
10.0157,0.985218,0.00102029
10.0237,0.985223,0.00100353
10.0317,0.985229,0.000986797
10.0397,0.985234,0.000970106
10.0477,0.98524,0.000953456
10.0557,0.985246,0.000936849
10.0637,0.985251,0.00092029
10.0718,0.985257,0.000903782
10.0798,0.985263,0.000887329
10.0879,0.985269,0.000870934
10.0959,0.985275,0.000854603
10.104,0.985281,0.000838341
10.112,0.985287,0.000822152
10.1201,0.985293,0.000806041
10.1282,0.9853,0.000790016
10.1362,0.985306,0.000774082
10.1443,0.985312,0.000758246
10.1524,0.985319,0.000742515
10.1605,0.985326,0.000726899
10.1686,0.985332,0.000719278
10.1767,0.985339,0.000718786
10.1848,0.985346,0.000718304
10.193,0.985353,0.000717829
10.2011,0.98536,0.000717364
10.2092,0.985368,0.000716909
10.2174,0.985375,0.000716462
10.2255,0.985382,0.000716025
10.2337,0.98539,0.000715597
10.2418,0.985398,0.000715179
10.25,0.985405,0.00071477
10.2582,0.985413,0.000714371
10.2664,0.985421,0.000713982
10.2746,0.98543,0.000713603
10.2828,0.985438,0.000713234
10.291,0.985446,0.000712875
10.2992,0.985455,0.000712527
10.3074,0.985464,0.000712188
10.3156,0.985473,0.000711859
10.3238,0.985482,0.000711541
10.3321,0.985491,0.000714605
10.3403,0.9855,0.000721837
10.3486,0.98551,0.000729125
10.3568,0.985519,0.000736468
10.3651,0.985529,0.000743864
10.3734,0.985539,0.000751312
10.3816,0.985549,0.000758812
10.3899,0.985559,0.00076636
10.3982,0.98557,0.000773958
10.4065,0.98558,0.000781602
10.4148,0.985591,0.000789293
10.4231,0.985602,0.000797028
10.4314,0.985613,0.000804808
10.4397,0.985624,0.00081263
10.4481,0.985636,0.000820495
10.4564,0.985647,0.0008284
10.4647,0.985659,0.000836346
10.4731,0.985671,0.00084433
10.4814,0.985683,0.000852353
10.4898,0.985696,0.000860413
10.4982,0.985708,0.000865452
10.5065,0.985721,0.000865379
10.5149,0.985734,0.000865315
10.5233,0.985747,0.000865259
10.5317,0.985761,0.000865211
10.5401,0.985774,0.000865172
10.5485,0.985788,0.000865141
10.5569,0.985802,0.000865117
10.5654,0.985816,0.000865102
10.5738,0.985831,0.000865095
10.5822,0.985846,0.000865096
10.5907,0.985861,0.000865104
10.5991,0.985876,0.000865121
10.6076,0.985891,0.000865145
10.616,0.985907,0.000865177
10.6245,0.985922,0.000865217
10.633,0.985939,0.000865265
10.6414,0.985955,0.00086532
10.6499,0.985971,0.000865382
10.6584,0.985988,0.000865452
10.6669,0.986005,0.000864481
10.6754,0.986023,0.00086104
10.684,0.98604,0.000857609
10.6925,0.986058,0.000854186
10.701,0.986076,0.000850772
10.7095,0.986094,0.000847367
10.7181,0.986113,0.000843972
10.7266,0.986132,0.000840586
10.7352,0.986151,0.00083721
10.7438,0.98617,0.000833843
10.7523,0.98619,0.000830487
10.7609,0.98621,0.00082714
10.7695,0.98623,0.000823802
10.7781,0.986251,0.000820476
10.7867,0.986271,0.000817159
10.7953,0.986292,0.000813852
10.8039,0.986314,0.000810557
10.8125,0.986335,0.000807271
10.8211,0.986357,0.000803997
10.8298,0.98638,0.000800733
10.8384,0.986402,0.000798811
10.8471,0.986425,0.000801591
10.8557,0.986448,0.000804381
10.8644,0.986472,0.00080718
10.873,0.986495,0.00080999
10.8817,0.986519,0.000812809
10.8904,0.986544,0.000815638
10.8991,0.986568,0.000818477
10.9078,0.986593,0.000821325
10.9165,0.986619,0.000824183
10.9252,0.986644,0.00082705
10.9339,0.98667,0.000829927
10.9426,0.986697,0.000832813
10.9513,0.986723,0.000835708
10.9601,0.98675,0.000838613
10.9688,0.986778,0.000841527
10.9776,0.986805,0.000844451
10.9863,0.986833,0.000847383
10.9951,0.986862,0.000850325
11.0039,0.98689,0.000853276
11.0126,0.986919,0.000855929
11.0214,0.986949,0.000856769
11.0302,0.986979,0.000857617
11.039,0.987009,0.000858471
11.0478,0.987039,0.000859334
11.0566,0.98707,0.000860203
11.0655,0.987101,0.000861081
11.0743,0.987133,0.000861966
11.0831,0.987165,0.000862859
11.092,0.987197,0.00086376
11.1008,0.987229,0.000864669
11.1097,0.987263,0.000865587
11.1185,0.987296,0.000866513
11.1274,0.98733,0.000867448
11.1363,0.987364,0.000868391
11.1452,0.987399,0.000869344
11.154,0.987433,0.000870306
11.1629,0.987469,0.000871278
11.1718,0.987505,0.000872259
11.1808,0.987541,0.00087325
11.1897,0.987577,0.00087438
11.1986,0.987614,0.000877279
11.2075,0.987652,0.00088019
11.2165,0.987689,0.000883112
11.2254,0.987728,0.000886047
11.2344,0.987766,0.000888995
11.2433,0.987805,0.000891955
11.2523,0.987845,0.000894929
11.2613,0.987884,0.000897916
11.2703,0.987925,0.000900916
11.2793,0.987965,0.00090393
11.2883,0.988007,0.000906959
11.2973,0.988048,0.000910001
11.3063,0.98809,0.000913059
11.3153,0.988133,0.000916132
11.3243,0.988175,0.00091922
11.3334,0.988219,0.000922325
11.3424,0.988262,0.000925445
11.3514,0.988307,0.000928582
11.3605,0.988351,0.000931736
11.3696,0.988396,0.000934908
11.3786,0.988442,0.0009357
11.3877,0.988488,0.000936491
11.3968,0.988534,0.000937301
11.4059,0.988581,0.000938131
11.415,0.988629,0.000938981
11.4241,0.988677,0.000939851
11.4332,0.988725,0.000940743
11.4423,0.988774,0.000941657
11.4514,0.988823,0.000942593
11.4606,0.988873,0.000943553
11.4697,0.988923,0.000944537
11.4789,0.988974,0.000945545
11.488,0.989025,0.000946578
11.4972,0.989077,0.000947638
11.5064,0.989129,0.000948724
11.5155,0.989181,0.000949838
11.5247,0.989235,0.000950979
11.5339,0.989288,0.00095215
11.5431,0.989342,0.000953351
11.5523,0.989397,0.000954583
11.5615,0.989452,0.000959655
11.5708,0.989508,0.000965109
11.58,0.989564,0.000970595
11.5892,0.989621,0.000976113
11.5985,0.989678,0.000981663
11.6077,0.989736,0.000987246
11.617,0.989794,0.000992863
11.6263,0.989853,0.000998514
11.6355,0.989912,0.0010042
11.6448,0.989972,0.00100992
11.6541,0.990032,0.00101568
11.6634,0.990093,0.00102147
11.6727,0.990154,0.0010273
11.682,0.990216,0.00103317
11.6913,0.990279,0.00103908
11.7007,0.990342,0.00104502
11.71,0.990406,0.00105101
11.7193,0.99047,0.00105704
11.7287,0.990534,0.0010631
11.738,0.9906,0.00106921
11.7474,0.990665,0.00107627
11.7568,0.990732,0.00108355
11.7662,0.990799,0.00109088
11.7755,0.990866,0.00109824
11.7849,0.990934,0.00110566
11.7943,0.991003,0.00111311
11.8037,0.991072,0.00112062
11.8132,0.991142,0.00112817
11.8226,0.991212,0.00113577
11.832,0.991283,0.00114342
11.8415,0.991355,0.00115111
11.8509,0.991427,0.00115885
11.8604,0.991499,0.00116665
11.8698,0.991573,0.00117449
11.8793,0.991646,0.00118239
11.8888,0.991721,0.00119034
11.8982,0.991796,0.00119834
11.9077,0.991871,0.00120639
11.9172,0.991948,0.00121449
11.9267,0.992025,0.00122265
11.9363,0.992102,0.00122678
11.9458,0.99218,0.00122971
11.9553,0.992259,0.0012327
11.9648,0.992338,0.00123577
11.9744,0.992418,0.0012389
11.9839,0.992499,0.00124211
11.9935,0.99258,0.00124539
12.0031,0.992661,0.00124875
12.0126,0.992744,0.00125218
12.0222,0.992827,0.0012557
12.0318,0.992911,0.00125929
12.0414,0.992995,0.00126296
12.051,0.99308,0.00126671
12.0606,0.993165,0.00127055
12.0702,0.993252,0.00127447
12.0799,0.993338,0.00127847
12.0895,0.993426,0.00128256
12.0992,0.993514,0.00128674
12.1088,0.993603,0.00129101
12.1185,0.993692,0.00129537
12.1281,0.993782,0.00135439
12.1378,0.993873,0.00143996
12.1475,0.993965,0.00152719
12.1572,0.994057,0.00161584
12.1669,0.994149,0.00170569
12.1766,0.994243,0.00179659
12.1863,0.994337,0.00188839
12.196,0.994431,0.00198098
12.2057,0.994527,0.00207427
12.2155,0.994623,0.00216819
12.2252,0.994719,0.00226265
12.235,0.994816,0.00235762
12.2447,0.994914,0.00245304
12.2545,0.995012,0.00254887
12.2643,0.995111,0.00264507
12.2741,0.995211,0.00274162
12.2839,0.995311,0.0028385
12.2937,0.995412,0.00293567
12.3035,0.995514,0.00303312
12.3133,0.995616,0.00313083
12.3231,0.995718,0.00320191
12.3329,0.995822,0.00325596
12.3428,0.995926,0.00331009
12.3526,0.99603,0.0033643
12.3625,0.996135,0.0034186
12.3723,0.996241,0.00347297
12.3822,0.996347,0.00352743
12.3921,0.996454,0.00358197
12.402,0.996561,0.00363659
12.4119,0.99667,0.00369129
12.4218,0.996778,0.00374606
12.4317,0.996887,0.00380091
12.4416,0.996997,0.00385584
12.4515,0.997108,0.00391085
12.4614,0.997219,0.00396592
12.4714,0.99733,0.00402108
12.4813,0.997442,0.00407631
12.4913,0.997555,0.00413161
12.5012,0.997668,0.00418698
12.5112,0.997782,0.00424243
12.5212,0.997897,0.00426263
12.5312,0.998012,0.00425211
12.5412,0.998127,0.00424166
12.5512,0.998243,0.00423128
12.5612,0.99836,0.00422098
12.5712,0.998477,0.00421076
12.5813,0.998595,0.00420061
12.5913,0.998713,0.00419055
12.6013,0.998832,0.00418056
12.6114,0.998952,0.00417066
12.6214,0.999072,0.00416084
12.6315,0.999192,0.00415111
12.6416,0.999313,0.00414147
12.6517,0.999435,0.00413191
12.6618,0.999557,0.00412245
12.6719,0.99968,0.00411307
12.682,0.999803,0.00410379
12.6921,0.999927,0.0040946
12.7022,1.00005,0.00408551
12.7123,1.00018,0.00407652
12.7225,1.0003,0.00407387
12.7326,1.00043,0.0040787
12.7428,1.00055,0.0040836
12.753,1.00068,0.00408858
12.7631,1.00081,0.00409363
12.7733,1.00094,0.00409876
12.7835,1.00106,0.00410396
12.7937,1.00119,0.00410924
12.8039,1.00132,0.00411459
12.8141,1.00145,0.00412002
12.8243,1.00158,0.00412553
12.8346,1.00171,0.00413112
12.8448,1.00184,0.00413678
12.8551,1.00198,0.00414253
12.8653,1.00211,0.00414835
12.8756,1.00224,0.00415425
12.8858,1.00238,0.00416023
12.8961,1.00251,0.0041663
12.9064,1.00264,0.00417244
12.9167,1.00278,0.00417866
12.927,1.00291,0.00416383
12.9373,1.00305,0.00411502
12.9476,1.00319,0.00406657
12.958,1.00332,0.00401852
12.9683,1.00346,0.00397087
12.9786,1.0036,0.00392365
12.989,1.00374,0.00387687
12.9994,1.00387,0.00383056
13.0097,1.00401,0.00378473
13.0201,1.00415,0.0037394
13.0305,1.00429,0.0036946
13.0409,1.00443,0.00365035
13.0513,1.00457,0.00360667
13.0617,1.00472,0.00356358
13.0721,1.00486,0.00352112
13.0826,1.005,0.00347931
13.093,1.00514,0.00343817
13.1034,1.00529,0.00339773
13.1139,1.00543,0.00335803
13.1243,1.00557,0.00331908
13.1348,1.00572,0.00329571
13.1453,1.00586,0.00330634
13.1558,1.00601,0.00331706
13.1663,1.00616,0.00332788
13.1768,1.0063,0.0033388
13.1873,1.00645,0.00334983
13.1978,1.0066,0.00336095
13.2083,1.00674,0.00337217
13.2189,1.00689,0.0033835
13.2294,1.00704,0.00339492
13.24,1.00719,0.00340645
13.2505,1.00734,0.00341807
13.2611,1.00749,0.00342979
13.2717,1.00764,0.00344161
13.2823,1.00779,0.00345354
13.2929,1.00794,0.00346556
13.3035,1.00809,0.00347767
13.3141,1.00824,0.00348989
13.3247,1.00839,0.00350221
13.3353,1.00855,0.00351462
13.346,1.0087,0.00352713
13.3566,1.00885,0.00353974
13.3673,1.00901,0.00355244
13.3779,1.00916,0.00356525
13.3886,1.00931,0.00357814
13.3993,1.00947,0.00359114
13.41,1.00962,0.00360423
13.4207,1.00978,0.00361742
13.4314,1.00994,0.0036307
13.4421,1.01009,0.00364408
13.4528,1.01025,0.00365755
13.4635,1.01041,0.00367111
13.4743,1.01056,0.00368477
13.485,1.01072,0.00369853
13.4958,1.01088,0.00371237
13.5066,1.01104,0.00372631
13.5173,1.0112,0.00374035
13.5281,1.01136,0.00375447
13.5389,1.01152,0.00376869
13.5497,1.01168,0.003783
13.5605,1.01184,0.0037974
13.5713,1.012,0.00381189
13.5822,1.01216,0.00382647
13.593,1.01232,0.00384114
13.6038,1.01248,0.0038559
13.6147,1.01264,0.00387075
13.6255,1.01281,0.00388569
13.6364,1.01297,0.00390071
13.6473,1.01313,0.00391583
13.6582,1.0133,0.00393103
13.6691,1.01346,0.00394632
13.68,1.01362,0.00396169
13.6909,1.01379,0.00397715
13.7018,1.01395,0.0039927
13.7127,1.01412,0.00400833
13.7237,1.01428,0.00402405
13.7346,1.01445,0.00403985
13.7456,1.01462,0.00405574
13.7565,1.01478,0.0040717
13.7675,1.01495,0.00408776
13.7785,1.01512,0.00410389
13.7895,1.01528,0.00412011
13.8005,1.01545,0.0041364
13.8115,1.01562,0.00415278
13.8225,1.01579,0.00416924
13.8335,1.01596,0.00418578
13.8446,1.01613,0.0042024
13.8556,1.0163,0.0042191
13.8667,1.01646,0.00423588
13.8777,1.01663,0.00425273
13.8888,1.0168,0.00426966
13.8999,1.01698,0.00428668
13.911,1.01715,0.00430376
13.9221,1.01732,0.00432093
13.9332,1.01749,0.00433816
13.9443,1.01766,0.00435548
13.9554,1.01783,0.00437287
13.9665,1.018,0.00439033
13.9777,1.01818,0.00440787
13.9888,1.01835,0.00442548
14,1.01852,0.00444316
