wavelength_um,sw,u_random_sw,u_param_sw,u_scatter_sw,to,u_random_to,u_param_to,u_scatter_to,lw,u_random_lw,u_param_lw,u_scatter_lw,ss,u_random_ss,u_param_ss,u_scatter_ss
0.26,0.0492962,0.000338664,0.000308415,0.000139905,0.0560829,0.000356939,0.000336671,0.000118567,-2.38542e-05,0.000257506,3.22931e-05,0.000255473,6.45037e-05,8.6879e-05,4.20745e-05,7.60112e-05
0.260207,0.0487697,0.000331186,0.000301047,0.000138039,0.0554531,0.000348161,0.000328206,0.000116175,-2.36921e-05,0.000255447,3.21649e-05,0.000253414,6.4251e-05,8.62105e-05,4.17836e-05,7.54081e-05
0.260415,0.0482427,0.000324032,0.000294031,0.000136171,0.0548224,0.000339681,0.000320057,0.000113782,-2.35302e-05,0.000253387,3.20367e-05,0.000251353,6.39984e-05,8.55419e-05,4.14933e-05,7.48045e-05
0.260623,0.0477153,0.000317238,0.000287408,0.000134302,0.0541909,0.000331536,0.000312264,0.000111387,-2.33683e-05,0.000251325,3.19087e-05,0.000249291,6.3746e-05,8.48732e-05,4.12037e-05,7.42004e-05
0.260831,0.0471875,0.000310838,0.000281216,0.000132431,0.0535589,0.000323763,0.000304867,0.000108991,-2.32066e-05,0.000249261,3.17807e-05,0.000247227,6.34938e-05,8.42044e-05,4.09148e-05,7.35959e-05
0.261039,0.0466596,0.000304865,0.000275494,0.000130558,0.0529265,0.000316399,0.000297904,0.000106592,-2.3045e-05,0.000247196,3.16528e-05,0.000245161,6.32416e-05,8.35355e-05,4.06266e-05,7.29908e-05
0.261247,0.0461315,0.000299349,0.000270278,0.000128685,0.052294,0.000309478,0.000291412,0.000104191,-2.28835e-05,0.00024513,3.1525e-05,0.000243094,6.29897e-05,8.28666e-05,4.0339e-05,7.23853e-05
0.261455,0.0456035,0.000294318,0.000265598,0.000126809,0.0516613,0.000303035,0.000285429,0.000101788,-2.27222e-05,0.000243061,3.13973e-05,0.000241025,6.27378e-05,8.21976e-05,4.00521e-05,7.17793e-05
0.261664,0.0450756,0.000289797,0.000261484,0.000124932,0.0510288,0.000297101,0.000279986,9.93839e-05,-2.2561e-05,0.000240992,3.12697e-05,0.000238954,6.24862e-05,8.15286e-05,3.9766e-05,7.11728e-05
0.261873,0.0445479,0.000285806,0.000257959,0.000123054,0.0503966,0.000291705,0.000275113,9.69775e-05,-2.23999e-05,0.000238921,3.11422e-05,0.000236882,6.22347e-05,8.08595e-05,3.94805e-05,7.05659e-05
0.262081,0.0440206,0.000282361,0.000255038,0.000121174,0.0497649,0.00028687,0.000270835,9.45691e-05,-2.22389e-05,0.000236848,3.10148e-05,0.000234808,6.19833e-05,8.01904e-05,3.91958e-05,6.99584e-05
0.262291,0.0434937,0.000279472,0.000252733,0.000119293,0.0491338,0.000282618,0.00026717,9.21588e-05,-2.20781e-05,0.000234774,3.08875e-05,0.000232733,6.17321e-05,7.95212e-05,3.89119e-05,6.93505e-05
0.2625,0.0429673,0.000277144,0.000251046,0.00011741,0.0485036,0.000278962,0.000264131,8.97466e-05,-2.19174e-05,0.000232698,3.07603e-05,0.000230656,6.14811e-05,7.8852e-05,3.86286e-05,6.87421e-05
0.262709,0.0424416,0.000275375,0.000249971,0.000115526,0.0478743,0.00027591,0.000261724,8.73325e-05,-2.17568e-05,0.00023062,3.06332e-05,0.000228577,6.12303e-05,7.81828e-05,3.83462e-05,6.81332e-05
0.262919,0.0419167,0.000274157,0.000249496,0.00011364,0.0472462,0.000273465,0.000259946,8.49164e-05,-2.15964e-05,0.000228542,3.05062e-05,0.000226496,6.09796e-05,7.75136e-05,3.80645e-05,6.75238e-05
0.263128,0.0413926,0.000273476,0.0002496,0.000111752,0.0466194,0.000271619,0.000258788,8.24984e-05,-2.14362e-05,0.000226461,3.03793e-05,0.000224414,6.07291e-05,7.68444e-05,3.77835e-05,6.69139e-05
0.263338,0.0408695,0.000273309,0.000250256,0.000109864,0.0459941,0.000270362,0.00025823,8.00785e-05,-2.1276e-05,0.000224379,3.02525e-05,0.00022233,6.04787e-05,7.61752e-05,3.75034e-05,6.63035e-05
0.263548,0.0403475,0.000273633,0.000251429,0.000107973,0.0453705,0.000269672,0.000258249,7.76567e-05,-2.11161e-05,0.000222296,3.01259e-05,0.000220245,6.02286e-05,7.5506e-05,3.72241e-05,6.56927e-05
0.263759,0.0398267,0.000274414,0.00025308,0.000106081,0.0447488,0.000269525,0.000258812,7.52329e-05,-2.09562e-05,0.000220211,2.99993e-05,0.000218158,5.99786e-05,7.48368e-05,3.69456e-05,6.50813e-05
0.263969,0.0393071,0.000275617,0.000255166,0.000104188,0.044129,0.000269887,0.000259881,7.28072e-05,-2.07966e-05,0.000218124,2.98728e-05,0.000216069,5.97288e-05,7.41677e-05,3.66679e-05,6.44695e-05
0.26418,0.038789,0.000277203,0.000257639,0.000102293,0.0435115,0.000270721,0.000261412,7.03795e-05,-2.0637e-05,0.000216036,2.97465e-05,0.000213979,5.94791e-05,7.34986e-05,3.6391e-05,6.38572e-05
0.26439,0.0382724,0.000279764,0.000260449,0.000102148,0.0428963,0.000272554,0.00026336,7.01942e-05,-2.04777e-05,0.000215861,2.96202e-05,0.000213819,5.92297e-05,7.33216e-05,3.6115e-05,6.38104e-05
0.264601,0.0377573,0.00028265,0.000263546,0.000102148,0.0422836,0.000274789,0.000265673,7.01942e-05,-2.03185e-05,0.000215844,2.94941e-05,0.000213819,5.89804e-05,7.31865e-05,3.58398e-05,6.38104e-05
0.264812,0.0372441,0.00028576,0.000266879,0.000102148,0.0416737,0.00027733,0.000268299,7.01942e-05,-2.01594e-05,0.000215826,2.93681e-05,0.000213819,5.87314e-05,7.30526e-05,3.55655e-05,6.38104e-05
0.265024,0.0367326,0.000289047,0.000270396,0.000102148,0.0410666,0.000280124,0.000271187,7.01942e-05,-2.00005e-05,0.000215809,2.92422e-05,0.000213819,5.84825e-05,7.29198e-05,3.52921e-05,6.38104e-05
0.265235,0.0362231,0.000292465,0.000274046,0.000102148,0.0404626,0.000283122,0.000274282,7.01942e-05,-1.98418e-05,0.000215792,2.91164e-05,0.000213819,5.82338e-05,7.27883e-05,3.50195e-05,6.38104e-05
0.265447,0.0357156,0.000295968,0.000277782,0.000102148,0.0398618,0.000286271,0.000277532,7.01942e-05,-1.96832e-05,0.000215775,2.89908e-05,0.000213819,5.79854e-05,7.2658e-05,3.47478e-05,6.38104e-05
0.265658,0.0352103,0.000299512,0.000281555,0.000102148,0.0392643,0.000289523,0.000280885,7.01942e-05,-1.95248e-05,0.000215759,2.88653e-05,0.000213819,5.77371e-05,7.25289e-05,3.44771e-05,6.38104e-05
0.26587,0.0347072,0.000303053,0.000285319,0.000102148,0.0386705,0.000292829,0.000284292,7.01942e-05,-1.93665e-05,0.000215742,2.87398e-05,0.000213819,5.7489e-05,7.2401e-05,3.42072e-05,6.38104e-05
0.266082,0.0342065,0.00030655,0.000289031,0.000102148,0.0380803,0.000296141,0.000287702,7.01942e-05,-1.92085e-05,0.000215725,2.86146e-05,0.000213819,5.72411e-05,7.22743e-05,3.39383e-05,6.38104e-05
0.266295,0.0337082,0.000309963,0.000292648,0.000102148,0.0374941,0.000299414,0.00029107,7.01942e-05,-1.90506e-05,0.000215709,2.84894e-05,0.000213819,5.69934e-05,7.21489e-05,3.36703e-05,6.38104e-05
0.266507,0.0332125,0.000313253,0.00029613,0.000102148,0.036912,0.000302604,0.00029435,7.01942e-05,-1.88928e-05,0.000215692,2.83644e-05,0.000213819,5.6746e-05,7.20247e-05,3.34033e-05,6.38104e-05
0.26672,0.0327196,0.000316384,0.00029944,0.000102148,0.0363341,0.000305669,0.0002975,7.01942e-05,-1.87353e-05,0.000215676,2.82395e-05,0.000213819,5.64987e-05,7.19017e-05,3.31372e-05,6.38104e-05
0.266932,0.0322294,0.000319321,0.000302542,0.000102148,0.0357606,0.00030857,0.00030048,7.01942e-05,-1.85779e-05,0.000215659,2.81147e-05,0.000213819,5.62517e-05,7.17799e-05,3.28721e-05,6.38104e-05
0.267145,0.0317421,0.000322031,0.000305401,0.000102148,0.0351917,0.000311268,0.000303249,7.01942e-05,-1.84207e-05,0.000215643,2.799e-05,0.000213819,5.60049e-05,7.16593e-05,3.2608e-05,6.38104e-05
0.267358,0.0312578,0.000324482,0.000307984,0.000102148,0.0346275,0.000313726,0.000305773,7.01942e-05,-1.82637e-05,0.000215627,2.78655e-05,0.000213819,5.57583e-05,7.15399e-05,3.23449e-05,6.38104e-05
0.267572,0.0307766,0.000326645,0.000310262,0.000102148,0.0340683,0.000315911,0.000308014,7.01942e-05,-1.81069e-05,0.000215611,2.77411e-05,0.000213819,5.55119e-05,7.14218e-05,3.20827e-05,6.38104e-05
0.267785,0.0302986,0.000328491,0.000312205,0.000102148,0.0335142,0.00031779,0.000309941,7.01942e-05,-1.79502e-05,0.000215595,2.76169e-05,0.000213819,5.52657e-05,7.13049e-05,3.18216e-05,6.38104e-05
0.267999,0.0298239,0.000329994,0.000313786,0.000102148,0.0329654,0.000319333,0.000311522,7.01942e-05,-1.77938e-05,0.000215579,2.74928e-05,0.000213819,5.50198e-05,7.11892e-05,3.15615e-05,6.38104e-05
0.268213,0.0293527,0.000331128,0.000314979,0.000102148,0.0324221,0.000320508,0.000312727,7.01942e-05,-1.76375e-05,0.000215563,2.73688e-05,0.000213819,5.47741e-05,7.10747e-05,3.13025e-05,6.38104e-05
0.268426,0.028885,0.000331871,0.00031576,0.000102148,0.0318843,0.00032129,0.000313528,7.01942e-05,-1.74814e-05,0.000215548,2.7245e-05,0.000213819,5.45286e-05,7.09615e-05,3.10445e-05,6.38104e-05
0.268641,0.028421,0.000331761,0.000316106,0.000100712,0.0313523,0.0003217,0.000313899,7.04184e-05,-1.73255e-05,0.000211096,2.71213e-05,0.000209346,5.42833e-05,6.99323e-05,3.07875e-05,6.27906e-05
0.268855,0.0279607,0.000331146,0.000315996,9.90159e-05,0.0308263,0.000321675,0.000313813,7.06831e-05,-1.71698e-05,0.000205842,2.69977e-05,0.000204064,5.40383e-05,6.8739e-05,3.05316e-05,6.15863e-05
0.269069,0.0275043,0.000330083,0.000315411,9.73184e-05,0.0303065,0.000321183,0.000313249,7.0948e-05,-1.70143e-05,0.000200586,2.68743e-05,0.000198777,5.37935e-05,6.75466e-05,3.02768e-05,6.0381e-05
0.269284,0.0270518,0.000328567,0.000314345,9.56195e-05,0.0297928,0.000320215,0.000312196,7.12132e-05,-1.6859e-05,0.000195327,2.6751e-05,0.000193487,5.3549e-05,6.63553e-05,3.00231e-05,5.91747e-05
0.269499,0.0266033,0.000326612,0.000312817,9.39193e-05,0.0292855,0.000318786,0.000310669,7.14785e-05,-1.67039e-05,0.000190066,2.66279e-05,0.000188192,5.33047e-05,6.51652e-05,2.97705e-05,5.79674e-05
0.269714,0.0261589,0.000324237,0.000310847,9.22177e-05,0.0287844,0.000316912,0.000308685,7.17441e-05,-1.6549e-05,0.000184803,2.65049e-05,0.000182893,5.30606e-05,6.39764e-05,2.9519e-05,5.67592e-05
0.269929,0.0257186,0.000321462,0.000308456,9.05147e-05,0.0282895,0.000314613,0.000306261,7.20099e-05,-1.63944e-05,0.000179538,2.63821e-05,0.000177589,5.28168e-05,6.2789e-05,2.92686e-05,5.55501e-05
0.270144,0.0252825,0.000318306,0.000305666,8.88104e-05,0.0278009,0.000311907,0.000303417,7.22759e-05,-1.62399e-05,0.000174272,2.62594e-05,0.000172282,5.25733e-05,6.16032e-05,2.90193e-05,5.43399e-05
0.27036,0.0248506,0.000314793,0.000302502,8.71047e-05,0.0273186,0.000308816,0.000300174,7.25421e-05,-1.60856e-05,0.000169003,2.61369e-05,0.00016697,5.23299e-05,6.0419e-05,2.87712e-05,5.31289e-05
0.270575,0.024423,0.000310946,0.000298989,8.53977e-05,0.0268425,0.000305361,0.000296554,7.28085e-05,-1.59315e-05,0.000163734,2.60145e-05,0.000161654,5.20869e-05,5.92367e-05,2.85243e-05,5.19168e-05
0.270791,0.0239998,0.000306787,0.000295152,8.36893e-05,0.0263728,0.000301567,0.00029258,7.30751e-05,-1.57777e-05,0.000158463,2.58923e-05,0.000156334,5.18441e-05,5.80564e-05,2.82785e-05,5.07038e-05
0.271007,0.023581,0.000302343,0.000291017,8.19795e-05,0.0259093,0.000297457,0.000288274,7.3342e-05,-1.5624e-05,0.000153192,2.57703e-05,0.000151009,5.16015e-05,5.68783e-05,2.8034e-05,4.94898e-05
0.271223,0.0231667,0.00029764,0.000286612,8.02684e-05,0.025452,0.000293056,0.000283661,7.3609e-05,-1.54706e-05,0.000147921,2.56484e-05,0.00014568,5.13592e-05,5.57025e-05,2.77906e-05,4.82748e-05
0.27144,0.022757,0.000292703,0.000281964,7.85559e-05,0.0250011,0.000288389,0.000278767,7.38763e-05,-1.53174e-05,0.00014265,2.55266e-05,0.000140347,5.11172e-05,5.45294e-05,2.75484e-05,4.70589e-05
0.271656,0.0223518,0.00028756,0.000277103,7.6842e-05,0.0245565,0.000283484,0.000273617,7.41438e-05,-1.51644e-05,0.00013738,2.5405e-05,0.00013501,5.08755e-05,5.3359e-05,2.73074e-05,4.5842e-05
0.271873,0.0219513,0.000282239,0.000272057,7.51268e-05,0.0241181,0.000278368,0.000268238,7.44115e-05,-1.50117e-05,0.000132111,2.52836e-05,0.000129669,5.0634e-05,5.21916e-05,2.70677e-05,4.46241e-05
0.27209,0.0215555,0.000276769,0.000266856,7.34102e-05,0.023686,0.000273068,0.000262658,7.46794e-05,-1.48591e-05,0.000126844,2.51623e-05,0.000124323,5.03927e-05,5.10276e-05,2.68292e-05,4.34052e-05
0.272307,0.0211644,0.000271179,0.000261531,7.16922e-05,0.0232603,0.000267613,0.000256904,7.49475e-05,-1.47068e-05,0.00012158,2.50412e-05,0.000118973,5.01518e-05,4.98672e-05,2.65919e-05,4.21854e-05
0.272524,0.0207782,0.000265498,0.000256112,6.99729e-05,0.0228408,0.000262034,0.000251006,7.52158e-05,-1.45547e-05,0.000116319,2.49203e-05,0.000113618,4.99111e-05,4.87107e-05,2.63559e-05,4.09646e-05
0.272742,0.0203969,0.000259758,0.000250631,6.82522e-05,0.0224276,0.000256359,0.000244994,7.54844e-05,-1.44029e-05,0.000111064,2.47995e-05,0.00010826,4.96707e-05,4.75585e-05,2.61212e-05,3.97429e-05
0.272959,0.0200205,0.000254186,0.000245119,6.72867e-05,0.0220208,0.000250446,0.000238897,7.51759e-05,-1.42512e-05,0.000109404,2.46789e-05,0.000106584,4.94306e-05,4.70547e-05,2.58878e-05,3.92934e-05
0.273177,0.0196492,0.000248677,0.000239608,6.65452e-05,0.0216203,0.00024444,0.000232747,7.46956e-05,-1.40999e-05,0.000108809,2.45585e-05,0.000106002,4.91907e-05,4.67432e-05,2.56557e-05,3.90731e-05
0.273395,0.0192829,0.000243201,0.000234129,6.5803e-05,0.021226,0.00023842,0.000226575,7.4215e-05,-1.39487e-05,0.000108215,2.44382e-05,0.000105419,4.89512e-05,4.64323e-05,2.54248e-05,3.88528e-05
0.273613,0.0189217,0.000237789,0.000228715,6.50603e-05,0.0208381,0.000232419,0.000220413,7.3734e-05,-1.37978e-05,0.00010762,2.43181e-05,0.000104836,4.87119e-05,4.61221e-05,2.51954e-05,3.86322e-05
0.273831,0.0185658,0.000232471,0.000223397,6.4317e-05,0.0204565,0.000226469,0.000214295,7.32527e-05,-1.36471e-05,0.000107024,2.41982e-05,0.000104252,4.84729e-05,4.58127e-05,2.49672e-05,3.84114e-05
0.27405,0.018215,0.000227276,0.000218204,6.3573e-05,0.0200813,0.000220599,0.000208251,7.27709e-05,-1.34967e-05,0.000106428,2.40785e-05,0.000103668,4.82342e-05,4.55039e-05,2.47404e-05,3.81905e-05
0.274268,0.0178696,0.000222232,0.000213166,6.28285e-05,0.0197123,0.000214843,0.000202316,7.22888e-05,-1.33465e-05,0.000105832,2.39589e-05,0.000103084,4.79958e-05,4.51958e-05,2.45149e-05,3.79694e-05
0.274487,0.0175295,0.000217366,0.000208312,6.20834e-05,0.0193497,0.00020923,0.000196522,7.18062e-05,-1.31965e-05,0.000105235,2.38395e-05,0.000102499,4.77577e-05,4.48884e-05,2.42908e-05,3.77482e-05
0.274706,0.0171949,0.000212703,0.000203667,6.13377e-05,0.0189934,0.00020379,0.000190902,7.13233e-05,-1.30468e-05,0.000104637,2.37203e-05,0.000101913,4.75198e-05,4.45817e-05,2.40681e-05,3.75267e-05
0.274925,0.0168657,0.000208264,0.000199255,6.05914e-05,0.0186435,0.000198553,0.000185486,7.084e-05,-1.28974e-05,0.00010404,2.36013e-05,0.000101328,4.72823e-05,4.42757e-05,2.38468e-05,3.73051e-05
0.275144,0.0165421,0.000204069,0.000195097,5.98445e-05,0.0182999,0.000193546,0.000180305,7.03563e-05,-1.27482e-05,0.000103442,2.34824e-05,0.000100741,4.70451e-05,4.39704e-05,2.36269e-05,3.70833e-05
0.275364,0.016224,0.000200135,0.000191211,5.9097e-05,0.0179627,0.000188792,0.000175387,6.98723e-05,-1.25992e-05,0.000102843,2.33638e-05,0.000100154,4.68082e-05,4.36659e-05,2.34084e-05,3.68613e-05
0.275584,0.0159117,0.000196473,0.000187609,5.83489e-05,0.0176318,0.000184316,0.000170756,6.93878e-05,-1.24505e-05,0.000102244,2.32453e-05,9.9567e-05,4.65716e-05,4.3362e-05,2.31914e-05,3.66391e-05
0.275803,0.015605,0.000193093,0.000184301,5.76002e-05,0.0173072,0.000180135,0.000166436,6.8903e-05,-1.23021e-05,0.000101645,2.3127e-05,9.89792e-05,4.63353e-05,4.30589e-05,2.29757e-05,3.64168e-05
0.276023,0.0153041,0.000189997,0.000181292,5.6851e-05,0.016989,0.000176264,0.000162444,6.84177e-05,-1.21539e-05,0.000101045,2.30089e-05,9.83909e-05,4.60993e-05,4.27565e-05,2.27616e-05,3.61943e-05
0.276244,0.015009,0.000187185,0.00017858,5.61011e-05,0.0166772,0.000172713,0.000158792,6.79321e-05,-1.2006e-05,0.000100445,2.2891e-05,9.78022e-05,4.58636e-05,4.24548e-05,2.25489e-05,3.59716e-05
0.276464,0.0147199,0.00018465,0.000176159,5.53506e-05,0.0163717,0.000169488,0.00015549,6.74461e-05,-1.18583e-05,9.98448e-05,2.27733e-05,9.7213e-05,4.56283e-05,4.21538e-05,2.23376e-05,3.57487e-05
0.276684,0.0144367,0.000182383,0.000174018,5.45995e-05,0.0160726,0.000166587,0.000152537,6.69597e-05,-1.17109e-05,9.92439e-05,2.26557e-05,9.66233e-05,4.53932e-05,4.18535e-05,2.21279e-05,3.55257e-05
0.276905,0.0141594,0.000180366,0.000172141,5.38479e-05,0.0157798,0.000164004,0.000149929,6.64729e-05,-1.15638e-05,9.86425e-05,2.25384e-05,9.60332e-05,4.51585e-05,4.1554e-05,2.19197e-05,3.53025e-05
0.277126,0.0138883,0.000178581,0.000170505,5.30956e-05,0.0154935,0.000161728,0.000147654,6.59858e-05,-1.14169e-05,9.80408e-05,2.24212e-05,9.54426e-05,4.49241e-05,4.12552e-05,2.17129e-05,3.50791e-05
0.277347,0.0136233,0.000177081,0.000169086,5.26089e-05,0.0152135,0.000159665,0.000145694,6.53178e-05,-1.12704e-05,9.76369e-05,2.23043e-05,9.50552e-05,4.46901e-05,4.10317e-05,2.15077e-05,3.49431e-05
0.277568,0.0133645,0.000175794,0.000167853,5.22387e-05,0.0149398,0.000157834,0.000144022,6.45701e-05,-1.1124e-05,9.732e-05,2.21875e-05,9.4757e-05,4.44563e-05,4.0842e-05,2.1304e-05,3.48455e-05
0.27779,0.0131119,0.000174654,0.000166774,5.18683e-05,0.0146726,0.000156238,0.000142608,6.38217e-05,-1.0978e-05,9.70028e-05,2.2071e-05,9.44586e-05,4.42229e-05,4.06535e-05,2.11019e-05,3.47478e-05
0.278011,0.0128656,0.000173628,0.000165815,5.14976e-05,0.0144117,0.000154845,0.000141417,6.30727e-05,-1.08322e-05,9.66855e-05,2.19546e-05,9.41599e-05,4.39898e-05,4.0466e-05,2.09014e-05,3.46501e-05
0.278233,0.0126257,0.000172682,0.000164939,5.11265e-05,0.0141573,0.000153618,0.000140408,6.23232e-05,-1.06867e-05,9.63681e-05,2.18385e-05,9.3861e-05,4.37571e-05,4.02796e-05,2.07024e-05,3.45523e-05
0.278455,0.0123922,0.000171779,0.00016411,5.07552e-05,0.0139092,0.000152519,0.000139538,6.1573e-05,-1.05415e-05,9.60504e-05,2.17225e-05,9.35619e-05,4.35247e-05,4.00944e-05,2.05049e-05,3.44544e-05
0.278677,0.0121652,0.000170886,0.000163289,5.03836e-05,0.0136675,0.000151506,0.000138761,6.08223e-05,-1.03966e-05,9.57327e-05,2.16068e-05,9.32625e-05,4.32926e-05,3.99102e-05,2.03091e-05,3.43564e-05
0.2789,0.0119447,0.000169967,0.000162443,5.00117e-05,0.0134322,0.000150536,0.000138031,6.00709e-05,-1.0252e-05,9.54147e-05,2.14912e-05,9.29629e-05,4.30609e-05,3.97271e-05,2.01149e-05,3.42584e-05
0.279122,0.0117308,0.000168991,0.000161536,4.96395e-05,0.0132033,0.000149569,0.000137303,5.9319e-05,-1.01076e-05,9.50966e-05,2.13759e-05,9.2663e-05,4.28295e-05,3.95452e-05,1.99223e-05,3.41603e-05
0.279345,0.0115235,0.000167939,0.00016055,4.9267e-05,0.0129808,0.00014857,0.00013654,5.85664e-05,-9.96356e-06,9.47783e-05,2.12607e-05,9.23629e-05,4.25984e-05,3.93643e-05,1.97313e-05,3.40621e-05
0.279567,0.0113226,0.000166806,0.000159479,4.88942e-05,0.0127645,0.000147519,0.000135719,5.78133e-05,-9.81978e-06,9.44599e-05,2.11458e-05,9.20626e-05,4.23678e-05,3.91845e-05,1.9542e-05,3.39638e-05
0.279791,0.011128,0.000165593,0.000158324,4.85211e-05,0.0125544,0.000146399,0.000134822,5.70595e-05,-9.6763e-06,9.41412e-05,2.10311e-05,9.1762e-05,4.21374e-05,3.90058e-05,1.93543e-05,3.38654e-05
0.280014,0.0109396,0.000164303,0.00015709,4.81477e-05,0.0123503,0.000145198,0.000133836,5.63052e-05,-9.53311e-06,9.38225e-05,2.09166e-05,9.14612e-05,4.19074e-05,3.88282e-05,1.91682e-05,3.3767e-05
0.280237,0.0107573,0.000162944,0.000155783,4.7774e-05,0.0121522,0.000143906,0.000132752,5.55502e-05,-9.39021e-06,9.35035e-05,2.08024e-05,9.11601e-05,4.16778e-05,3.86517e-05,1.89838e-05,3.36684e-05
0.280461,0.0105808,0.000161528,0.000154417,4.74e-05,0.01196,0.000142518,0.000131564,5.47947e-05,-9.24761e-06,9.31844e-05,2.06883e-05,9.08588e-05,4.14485e-05,3.84762e-05,1.88011e-05,3.35698e-05
0.280684,0.0104102,0.000160067,0.000153003,4.70257e-05,0.0117736,0.000141032,0.000130268,5.40385e-05,-9.10531e-06,9.28651e-05,2.05745e-05,9.05573e-05,4.12196e-05,3.83018e-05,1.86201e-05,3.34712e-05
0.280908,0.0102453,0.000158578,0.00015156,4.66511e-05,0.0115929,0.000139447,0.000128867,5.32818e-05,-8.96332e-06,9.25457e-05,2.04608e-05,9.02555e-05,4.0991e-05,3.81285e-05,1.84408e-05,3.33724e-05
0.281132,0.0100859,0.000157077,0.000150106,4.62762e-05,0.0114177,0.000137767,0.000127362,5.25244e-05,-8.82162e-06,9.22261e-05,2.03474e-05,8.99535e-05,4.07629e-05,3.79562e-05,1.82632e-05,3.32736e-05
0.281357,0.00993196,0.000155585,0.00014866,4.5901e-05,0.011248,0.000135996,0.000125758,5.17664e-05,-8.68024e-06,9.19063e-05,2.02342e-05,8.96512e-05,4.0535e-05,3.77851e-05,1.80873e-05,3.31747e-05
0.281581,0.00978332,0.000154122,0.000147245,4.55256e-05,0.0110838,0.000134139,0.000124062,5.10078e-05,-8.53916e-06,9.15864e-05,2.01213e-05,8.93487e-05,4.03076e-05,3.76149e-05,1.79132e-05,3.30757e-05
0.281806,0.00963986,0.000152716,0.000145881,4.51774e-05,0.0109248,0.000132275,0.000122284,5.04292e-05,-8.39838e-06,9.13199e-05,2.00085e-05,8.9101e-05,4.00805e-05,3.74511e-05,1.77408e-05,3.29826e-05
0.28203,0.00950145,0.000151387,0.000144592,4.48461e-05,0.010771,0.000130385,0.000120433,4.99615e-05,-8.25792e-06,9.10864e-05,1.9896e-05,8.88869e-05,3.98538e-05,3.72916e-05,1.75701e-05,3.28931e-05
0.282255,0.00936797,0.000150149,0.000143398,4.45145e-05,0.0106224,0.000128441,0.000118522,4.94934e-05,-8.11778e-06,9.08528e-05,1.97837e-05,8.86727e-05,3.96275e-05,3.71332e-05,1.74012e-05,3.28036e-05
0.282481,0.0092393,0.000149023,0.000142323,4.41826e-05,0.0104788,0.000126452,0.000116561,4.9025e-05,-7.97794e-06,9.06192e-05,1.96717e-05,8.84583e-05,3.94015e-05,3.69759e-05,1.7234e-05,3.2714e-05
0.282706,0.00911531,0.000148029,0.000141385,4.38505e-05,0.0103401,0.000124431,0.000114566,4.85562e-05,-7.83843e-06,9.03855e-05,1.95599e-05,8.82437e-05,3.9176e-05,3.68196e-05,1.70686e-05,3.26243e-05
0.282931,0.00899588,0.000147184,0.000140603,4.35181e-05,0.0102062,0.000122393,0.000112551,4.8087e-05,-7.69923e-06,9.01517e-05,1.94483e-05,8.80289e-05,3.89508e-05,3.66644e-05,1.6905e-05,3.25346e-05
0.283157,0.00888087,0.000146502,0.000139992,4.31855e-05,0.0100771,0.000120351,0.00011053,4.76174e-05,-7.56036e-06,8.99178e-05,1.93369e-05,8.7814e-05,3.8726e-05,3.65102e-05,1.67432e-05,3.24447e-05
0.283383,0.00877017,0.000145997,0.000139566,4.28526e-05,0.00995258,0.000118318,0.000108519,4.71475e-05,-7.4218e-06,8.96839e-05,1.92258e-05,8.75989e-05,3.85016e-05,3.63571e-05,1.65831e-05,3.23548e-05
0.283609,0.00866365,0.000145677,0.000139334,4.25194e-05,0.00983262,0.000116309,0.000106532,4.66772e-05,-7.28357e-06,8.94499e-05,1.91149e-05,8.73836e-05,3.82775e-05,3.6205e-05,1.64249e-05,3.22649e-05
0.283835,0.00856119,0.000145549,0.000139301,4.21859e-05,0.00971711,0.000114339,0.000104586,4.62065e-05,-7.14567e-06,8.92158e-05,1.90042e-05,8.71682e-05,3.80539e-05,3.60539e-05,1.62685e-05,3.21748e-05
0.284062,0.00846265,0.000145615,0.000139471,4.18522e-05,0.00960596,0.000112419,0.000102695,4.57354e-05,-7.0081e-06,8.89816e-05,1.88938e-05,8.69526e-05,3.78307e-05,3.59038e-05,1.61138e-05,3.20847e-05
0.284288,0.00836792,0.000145874,0.000139841,4.15182e-05,0.00949906,0.000110563,0.000100873,4.5264e-05,-6.87086e-06,8.87474e-05,1.87837e-05,8.67368e-05,3.76078e-05,3.57548e-05,1.5961e-05,3.19946e-05
0.284515,0.00827687,0.00014632,0.000140405,4.1184e-05,0.00939633,0.000108783,9.91335e-05,4.47921e-05,-6.73395e-06,8.85131e-05,1.86737e-05,8.65209e-05,3.73854e-05,3.56068e-05,1.581e-05,3.19043e-05
0.284742,0.00818938,0.000146945,0.000141152,4.08495e-05,0.00929766,0.000107089,9.74878e-05,4.432e-05,-6.59737e-06,8.82787e-05,1.8564e-05,8.63047e-05,3.71634e-05,3.54597e-05,1.56609e-05,3.1814e-05
0.284969,0.00810531,0.000147735,0.000142071,4.05147e-05,0.00920297,0.000105491,9.59462e-05,4.38474e-05,-6.46113e-06,8.80443e-05,1.84546e-05,8.60884e-05,3.69417e-05,3.53137e-05,1.55136e-05,3.17236e-05
0.285196,0.00802455,0.000148675,0.000143143,4.01796e-05,0.00911215,0.000103994,9.45169e-05,4.33744e-05,-6.32523e-06,8.78097e-05,1.83454e-05,8.5872e-05,3.67205e-05,3.51686e-05,1.53681e-05,3.16331e-05
0.285424,0.00794697,0.000149746,0.000144348,3.98443e-05,0.00902511,0.000102605,9.32059e-05,4.29011e-05,-6.18967e-06,8.75751e-05,1.82365e-05,8.56553e-05,3.64997e-05,3.50245e-05,1.52244e-05,3.15426e-05
0.285652,0.00787244,0.000150926,0.000145663,3.95088e-05,0.00894176,0.000101327,9.20167e-05,4.24274e-05,-6.05445e-06,8.73405e-05,1.81278e-05,8.54385e-05,3.62793e-05,3.48814e-05,1.50826e-05,3.1452e-05
0.28588,0.00780085,0.000152192,0.000147064,3.91729e-05,0.00886201,0.00010016,9.09499e-05,4.19533e-05,-5.91958e-06,8.71057e-05,1.80193e-05,8.52215e-05,3.60593e-05,3.47392e-05,1.49426e-05,3.13613e-05
0.286108,0.00773206,0.000153518,0.000148524,3.88368e-05,0.00878575,9.91016e-05,9.00036e-05,4.14789e-05,-5.78505e-06,8.68709e-05,1.79111e-05,8.50044e-05,3.58397e-05,3.4598e-05,1.48045e-05,3.12705e-05
0.286336,0.00766594,0.000155079,0.000150015,3.93056e-05,0.00871289,9.81997e-05,8.91728e-05,4.11265e-05,-5.65087e-06,8.62934e-05,1.78032e-05,8.44369e-05,3.56206e-05,3.42675e-05,1.46682e-05,3.09694e-05
0.286564,0.00760239,0.000156816,0.000151508,4.04549e-05,0.00864334,9.74389e-05,8.845e-05,4.08772e-05,-5.51704e-06,8.54261e-05,1.76955e-05,8.35733e-05,3.54018e-05,3.37772e-05,1.45338e-05,3.04905e-05
0.286793,0.00754126,0.000158529,0.000152972,4.16051e-05,0.00857699,9.67667e-05,8.78247e-05,4.06278e-05,-5.38356e-06,8.45583e-05,1.7588e-05,8.27089e-05,3.51835e-05,3.32876e-05,1.44012e-05,3.00111e-05
0.287022,0.00748243,0.000160191,0.000154379,4.27563e-05,0.00851377,9.61712e-05,8.72841e-05,4.03782e-05,-5.25044e-06,8.36899e-05,1.74809e-05,8.18439e-05,3.49656e-05,3.27986e-05,1.42704e-05,2.95314e-05
0.287251,0.00742579,0.000161772,0.000155699,4.39084e-05,0.00845356,9.56391e-05,8.68133e-05,4.01283e-05,-5.11767e-06,8.28209e-05,1.7374e-05,8.09781e-05,3.47482e-05,3.23104e-05,1.41415e-05,2.90513e-05
0.28748,0.0073712,0.000163243,0.0001569,4.50614e-05,0.00839629,9.51549e-05,8.63955e-05,3.98783e-05,-4.98526e-06,8.19515e-05,1.72673e-05,8.01117e-05,3.45311e-05,3.18229e-05,1.40144e-05,2.85708e-05
0.287709,0.00731853,0.000164577,0.000157955,4.62153e-05,0.00834184,9.47023e-05,8.60124e-05,3.96281e-05,-4.85321e-06,8.10814e-05,1.71609e-05,7.92446e-05,3.43145e-05,3.13362e-05,1.38892e-05,2.809e-05
0.287939,0.00726768,0.000165747,0.000158834,4.73701e-05,0.00829013,9.42636e-05,8.56448e-05,3.93776e-05,-4.72152e-06,8.02109e-05,1.70548e-05,7.83768e-05,3.40984e-05,3.08502e-05,1.37658e-05,2.76087e-05
0.288168,0.0072185,0.000166726,0.000159508,4.85259e-05,0.00824105,9.38209e-05,8.52727e-05,3.9127e-05,-4.59019e-06,7.93397e-05,1.69489e-05,7.75083e-05,3.38827e-05,3.03651e-05,1.36442e-05,2.71271e-05
0.288398,0.00717087,0.000167488,0.00015995,4.96825e-05,0.00819453,9.33558e-05,8.48761e-05,3.88761e-05,-4.45923e-06,7.84681e-05,1.68433e-05,7.66391e-05,3.36674e-05,2.98809e-05,1.35245e-05,2.6645e-05
0.288628,0.00712468,0.00016801,0.000160133,5.08401e-05,0.00815045,9.28503e-05,8.44351e-05,3.86251e-05,-4.32864e-06,7.75959e-05,1.6738e-05,7.57692e-05,3.34525e-05,2.93976e-05,1.34065e-05,2.61626e-05
0.288858,0.00707978,0.000168268,0.000160032,5.19987e-05,0.00810873,9.22868e-05,8.39304e-05,3.83739e-05,-4.19841e-06,7.67232e-05,1.66329e-05,7.48986e-05,3.32381e-05,2.89152e-05,1.32904e-05,2.56798e-05
0.289089,0.00703607,0.000168241,0.000159622,5.31581e-05,0.00806927,9.1649e-05,8.3344e-05,3.81224e-05,-4.06856e-06,7.585e-05,1.65282e-05,7.40273e-05,3.30242e-05,2.84338e-05,1.31761e-05,2.51967e-05
0.289319,0.0069935,0.000167921,0.000158892,5.43185e-05,0.00803204,9.0928e-05,8.26662e-05,3.78708e-05,-3.93908e-06,7.49763e-05,1.64236e-05,7.31553e-05,3.28107e-05,2.79534e-05,1.30636e-05,2.47131e-05
0.28955,0.00695213,0.000167318,0.000157852,5.54798e-05,0.00799708,9.01253e-05,8.18987e-05,3.7619e-05,-3.80998e-06,7.4102e-05,1.63194e-05,7.22827e-05,3.25976e-05,2.74741e-05,1.29528e-05,2.42291e-05
0.289781,0.00691204,0.000166447,0.000156512,5.6642e-05,0.00796444,8.92457e-05,8.10463e-05,3.73669e-05,-3.68125e-06,7.32272e-05,1.62154e-05,7.14093e-05,3.2385e-05,2.69959e-05,1.28438e-05,2.37448e-05
0.290012,0.0068733,0.000165322,0.000154887,5.78052e-05,0.00793418,8.82955e-05,8.01161e-05,3.71147e-05,-3.5529e-06,7.2352e-05,1.61118e-05,7.05352e-05,3.21729e-05,2.65189e-05,1.27366e-05,2.32601e-05
0.290244,0.00683598,0.000163961,0.00015299,5.89693e-05,0.00790635,8.72829e-05,7.91169e-05,3.68623e-05,-3.42494e-06,7.14762e-05,1.60084e-05,6.96605e-05,3.19612e-05,2.60432e-05,1.26312e-05,2.2775e-05
0.290475,0.00680017,0.000162382,0.000150836,6.01343e-05,0.007881,8.62176e-05,7.80591e-05,3.66096e-05,-3.29735e-06,7.06e-05,1.59052e-05,6.8785e-05,3.175e-05,2.55687e-05,1.25275e-05,2.22895e-05
0.290707,0.00676592,0.000160603,0.000148444,6.13002e-05,0.00785819,8.51101e-05,7.6954e-05,3.63568e-05,-3.17016e-06,6.97232e-05,1.58024e-05,6.79089e-05,3.15392e-05,2.50956e-05,1.24255e-05,2.18036e-05
0.290939,0.00673333,0.000158451,0.00014583,6.19705e-05,0.00783795,8.40189e-05,7.58142e-05,3.62131e-05,-3.04334e-06,6.91064e-05,1.56998e-05,6.72994e-05,3.13289e-05,2.4879e-05,1.23252e-05,2.16114e-05
0.291171,0.00670245,0.000155901,0.000143011,6.20719e-05,0.00782035,8.29642e-05,7.46525e-05,3.61948e-05,-2.91692e-06,6.87878e-05,1.55976e-05,6.69961e-05,3.11191e-05,2.49566e-05,1.22266e-05,2.17565e-05
0.291403,0.00667337,0.000153192,0.000140008,6.21733e-05,0.00780544,8.19047e-05,7.34823e-05,3.61765e-05,-2.79089e-06,6.8469e-05,1.54956e-05,6.66925e-05,3.09097e-05,2.50362e-05,1.21296e-05,2.19016e-05
0.291636,0.00664616,0.000150342,0.000136838,6.22748e-05,0.00779327,8.08526e-05,7.23168e-05,3.61582e-05,-2.66525e-06,6.81501e-05,1.53939e-05,6.63887e-05,3.07008e-05,2.51176e-05,1.20344e-05,2.20469e-05
0.291868,0.00662089,0.000147372,0.00013352,6.23763e-05,0.00778388,7.98194e-05,7.11691e-05,3.61399e-05,-2.54e-06,6.7831e-05,1.52925e-05,6.60847e-05,3.04924e-05,2.52008e-05,1.19408e-05,2.21923e-05
0.292101,0.00659764,0.000144302,0.000130075,6.2478e-05,0.00777734,7.88162e-05,7.00515e-05,3.61216e-05,-2.41516e-06,6.75118e-05,1.51913e-05,6.57804e-05,3.02845e-05,2.52858e-05,1.18488e-05,2.23378e-05
0.292334,0.00657647,0.000141153,0.000126523,6.25797e-05,0.0077737,7.78529e-05,6.89756e-05,3.61032e-05,-2.29071e-06,6.71924e-05,1.50905e-05,6.54759e-05,3.0077e-05,2.53725e-05,1.17584e-05,2.24834e-05
0.292567,0.00655747,0.000137945,0.000122882,6.26815e-05,0.00777299,7.69383e-05,6.79514e-05,3.60848e-05,-2.16666e-06,6.68728e-05,1.499e-05,6.51711e-05,2.987e-05,2.54609e-05,1.16695e-05,2.26292e-05
0.292801,0.0065407,0.000134699,0.000119173,6.27834e-05,0.00777529,7.60797e-05,6.69875e-05,3.60664e-05,-2.04301e-06,6.65531e-05,1.48898e-05,6.48661e-05,2.96635e-05,2.55509e-05,1.15823e-05,2.2775e-05
0.293034,0.00652625,0.000131434,0.000115414,6.28854e-05,0.00778064,7.52823e-05,6.60906e-05,3.6048e-05,-1.91977e-06,6.62333e-05,1.47898e-05,6.45609e-05,2.94575e-05,2.56426e-05,1.14965e-05,2.2921e-05
0.293268,0.00651418,0.000128171,0.000111626,6.29875e-05,0.00778908,7.45496e-05,6.5265e-05,3.60296e-05,-1.79693e-06,6.59132e-05,1.46902e-05,6.42554e-05,2.9252e-05,2.57358e-05,1.14123e-05,2.30671e-05
0.293502,0.00650457,0.000124928,0.000107827,6.30896e-05,0.00780068,7.3883e-05,6.45127e-05,3.60112e-05,-1.6745e-06,6.55931e-05,1.45908e-05,6.39497e-05,2.9047e-05,2.58305e-05,1.13296e-05,2.32133e-05
0.293736,0.00649749,0.000121723,0.000104035,6.31918e-05,0.00781549,7.32814e-05,6.38333e-05,3.59928e-05,-1.55248e-06,6.52727e-05,1.44918e-05,6.36437e-05,2.88425e-05,2.59267e-05,1.12483e-05,2.33596e-05
0.29397,0.00649302,0.000118574,0.000100268,6.32941e-05,0.00783355,7.27416e-05,6.32234e-05,3.59743e-05,-1.43088e-06,6.49522e-05,1.43931e-05,6.33375e-05,2.86384e-05,2.60244e-05,1.11684e-05,2.3506e-05
0.294205,0.00649123,0.000115497,9.65422e-05,6.33965e-05,0.00785491,7.22582e-05,6.26772e-05,3.59558e-05,-1.30968e-06,6.46316e-05,1.42946e-05,6.3031e-05,2.84349e-05,2.61234e-05,1.109e-05,2.36526e-05
0.29444,0.00649219,0.000112505,9.28725e-05,6.3499e-05,0.00787964,7.18235e-05,6.21862e-05,3.59373e-05,-1.18891e-06,6.43108e-05,1.41965e-05,6.27243e-05,2.82318e-05,2.62238e-05,1.10129e-05,2.37993e-05
0.294674,0.00649598,0.000109612,8.92729e-05,6.36015e-05,0.00790778,7.1428e-05,6.17397e-05,3.59188e-05,-1.06855e-06,6.39898e-05,1.40987e-05,6.24173e-05,2.80293e-05,2.63255e-05,1.09372e-05,2.3946e-05
0.29491,0.00650267,0.000106828,8.57557e-05,6.37042e-05,0.00793938,7.10603e-05,6.13248e-05,3.59003e-05,-9.48612e-07,6.36687e-05,1.40012e-05,6.21101e-05,2.78273e-05,2.64286e-05,1.08628e-05,2.40929e-05
0.295145,0.00651233,0.000104162,8.2331e-05,6.38069e-05,0.00797449,7.07076e-05,6.09267e-05,3.58818e-05,-8.29095e-07,6.33474e-05,1.3904e-05,6.18027e-05,2.76257e-05,2.65328e-05,1.07896e-05,2.424e-05
0.29538,0.00652504,0.00010162,7.9007e-05,6.39097e-05,0.00801318,7.0356e-05,6.05293e-05,3.58632e-05,-7.10003e-07,6.30259e-05,1.38071e-05,6.1495e-05,2.74247e-05,2.66383e-05,1.07178e-05,2.43871e-05
0.295616,0.00654088,9.95376e-05,7.57891e-05,6.45271e-05,0.00805548,6.99738e-05,6.01154e-05,3.58116e-05,-5.91336e-07,6.2526e-05,1.37106e-05,6.10043e-05,2.72242e-05,2.66857e-05,1.06471e-05,2.44697e-05
0.295852,0.00655991,9.81431e-05,7.26805e-05,6.59515e-05,0.00810145,6.95358e-05,5.96672e-05,3.5708e-05,-4.73096e-07,6.17463e-05,1.36143e-05,6.02267e-05,2.70242e-05,2.66409e-05,1.05776e-05,2.4451e-05
0.296088,0.00658222,9.69289e-05,6.96817e-05,6.73771e-05,0.00815114,6.90533e-05,5.91667e-05,3.56043e-05,-3.55286e-07,6.09661e-05,1.35184e-05,5.94485e-05,2.68247e-05,2.65966e-05,1.05093e-05,2.44322e-05
0.296324,0.00660786,9.58903e-05,6.67906e-05,6.88038e-05,0.00820461,6.85112e-05,5.85961e-05,3.55005e-05,-2.37908e-07,6.01855e-05,1.34228e-05,5.86696e-05,2.66258e-05,2.65529e-05,1.04421e-05,2.44134e-05
0.29656,0.00663693,9.502e-05,6.40024e-05,7.02317e-05,0.0082619,6.78952e-05,5.79383e-05,3.53966e-05,-1.20963e-07,5.94045e-05,1.33275e-05,5.78902e-05,2.64274e-05,2.65097e-05,1.03761e-05,2.43947e-05
0.296797,0.00666948,9.43095e-05,6.13108e-05,7.16607e-05,0.00832307,6.71924e-05,5.71774e-05,3.52927e-05,-4.45328e-09,5.86231e-05,1.32325e-05,5.71101e-05,2.62295e-05,2.6467e-05,1.0311e-05,2.43759e-05
0.297034,0.0067056,9.3749e-05,5.87077e-05,7.30909e-05,0.00838816,6.63916e-05,5.62992e-05,3.51886e-05,1.11619e-07,5.78412e-05,1.31379e-05,5.63294e-05,2.60321e-05,2.64248e-05,1.0247e-05,2.43571e-05
0.29727,0.00674536,9.33289e-05,5.61848e-05,7.45221e-05,0.00845724,6.54839e-05,5.52921e-05,3.50845e-05,2.27252e-07,5.7059e-05,1.30436e-05,5.55481e-05,2.58353e-05,2.6383e-05,1.0184e-05,2.43383e-05
0.297508,0.00678883,9.30403e-05,5.37346e-05,7.59546e-05,0.00853035,6.44639e-05,5.41477e-05,3.49803e-05,3.42444e-07,5.62763e-05,1.29496e-05,5.47661e-05,2.5639e-05,2.63418e-05,1.0122e-05,2.43194e-05
0.297745,0.00683609,9.28761e-05,5.13523e-05,7.73881e-05,0.00860754,6.33301e-05,5.28617e-05,3.4876e-05,4.57192e-07,5.54933e-05,1.28559e-05,5.39836e-05,2.54433e-05,2.63009e-05,1.00609e-05,2.43006e-05
0.297982,0.00688721,9.28319e-05,4.9038e-05,7.88228e-05,0.00868887,6.20865e-05,5.1436e-05,3.47717e-05,5.71496e-07,5.47098e-05,1.27626e-05,5.32004e-05,2.52481e-05,2.62605e-05,1.00008e-05,2.42817e-05
0.29822,0.00694227,9.2907e-05,4.68001e-05,8.02587e-05,0.00877439,6.07439e-05,4.988e-05,3.46672e-05,6.85352e-07,5.3926e-05,1.26696e-05,5.24166e-05,2.50535e-05,2.62205e-05,9.94146e-06,2.42628e-05
0.298458,0.00700133,9.31054e-05,4.4659e-05,8.16957e-05,0.00886414,5.93221e-05,4.82134e-05,3.45627e-05,7.9876e-07,5.31418e-05,1.2577e-05,5.16321e-05,2.48594e-05,2.61809e-05,9.88302e-06,2.42439e-05
0.298696,0.00706447,9.34369e-05,4.26522e-05,8.31339e-05,0.00895819,5.7852e-05,4.64703e-05,3.44581e-05,9.11716e-07,5.23573e-05,1.24846e-05,5.08471e-05,2.46659e-05,2.61417e-05,9.8254e-06,2.4225e-05
0.298934,0.00713177,9.39176e-05,4.08399e-05,8.45731e-05,0.00905658,5.63785e-05,4.47032e-05,3.43534e-05,1.02422e-06,5.15724e-05,1.23926e-05,5.00614e-05,2.4473e-05,2.61029e-05,9.76857e-06,2.42061e-05
0.299173,0.00720327,9.45717e-05,3.93126e-05,8.60136e-05,0.00915932,5.49657e-05,4.29915e-05,3.42486e-05,1.13627e-06,5.07872e-05,1.2301e-05,4.9275e-05,2.42807e-05,2.60644e-05,9.71251e-06,2.41872e-05
0.299412,0.00727869,9.5435e-05,3.82025e-05,8.74552e-05,0.00926605,5.37092e-05,4.14594e-05,3.41437e-05,1.24786e-06,5.00017e-05,1.22097e-05,4.84881e-05,2.40889e-05,2.60262e-05,9.65719e-06,2.41682e-05
0.29965,0.00735762,9.65441e-05,3.76554e-05,8.88979e-05,0.00937621,5.27162e-05,4.02537e-05,3.40388e-05,1.35899e-06,4.92159e-05,1.21187e-05,4.77005e-05,2.38977e-05,2.59884e-05,9.60258e-06,2.41492e-05
0.299889,0.0074396,9.79288e-05,3.77943e-05,9.03418e-05,0.0094892,5.20877e-05,3.95175e-05,3.39338e-05,1.46967e-06,4.84297e-05,1.20281e-05,4.69123e-05,2.37071e-05,2.59508e-05,9.54865e-06,2.41302e-05
0.300129,0.00752421,9.96094e-05,3.86938e-05,9.17869e-05,0.00960447,5.1908e-05,3.93708e-05,3.38286e-05,1.57988e-06,4.76433e-05,1.19378e-05,4.61235e-05,2.35171e-05,2.59136e-05,9.49538e-06,2.41112e-05
0.300368,0.007611,0.000101622,4.03632e-05,9.32623e-05,0.00972143,5.23054e-05,3.98893e-05,3.38334e-05,1.68962e-06,4.69757e-05,1.18479e-05,4.5457e-05,2.33277e-05,2.57504e-05,9.44274e-06,2.39566e-05
0.300608,0.00769955,0.000103996,4.27485e-05,9.48032e-05,0.00983951,5.33836e-05,4.10901e-05,3.40795e-05,1.7989e-06,4.65688e-05,1.17583e-05,4.50599e-05,2.31388e-05,2.53109e-05,9.3907e-06,2.35043e-05
0.300847,0.0077894,0.000106656,4.57503e-05,9.63452e-05,0.00995815,5.49667e-05,4.2931e-05,3.43258e-05,1.90771e-06,4.61617e-05,1.16691e-05,4.46624e-05,2.29506e-05,2.48717e-05,9.33924e-06,2.30517e-05
0.301087,0.00788014,0.000109578,4.9246e-05,9.78885e-05,0.0100768,5.7004e-05,4.53234e-05,3.45723e-05,2.01605e-06,4.57544e-05,1.15802e-05,4.42647e-05,2.2763e-05,2.44331e-05,9.28833e-06,2.25988e-05
0.301328,0.00797131,0.000112727,5.31081e-05,9.9433e-05,0.0101948,5.94219e-05,4.81519e-05,3.4819e-05,2.12392e-06,4.53468e-05,1.14917e-05,4.38666e-05,2.2576e-05,2.3995e-05,9.23795e-06,2.21454e-05
0.301568,0.00806249,0.000116062,5.72152e-05,0.000100979,0.0103116,6.21324e-05,5.12915e-05,3.50659e-05,2.23132e-06,4.49391e-05,1.14035e-05,4.34682e-05,2.23896e-05,2.35574e-05,9.18808e-06,2.16917e-05
0.301809,0.00815324,0.000119534,6.14565e-05,0.000102526,0.0104267,6.50414e-05,5.46203e-05,3.53129e-05,2.33823e-06,4.45311e-05,1.13157e-05,4.30694e-05,2.22039e-05,2.31204e-05,9.13868e-06,2.12377e-05
0.302049,0.00824311,0.000123094,6.57324e-05,0.000104074,0.0105394,6.8055e-05,5.80255e-05,3.55602e-05,2.44467e-06,4.4123e-05,1.12282e-05,4.26704e-05,2.20187e-05,2.26841e-05,9.08975e-06,2.07833e-05
0.30229,0.00833168,0.000126688,6.99538e-05,0.000105623,0.0106493,7.10832e-05,6.14054e-05,3.58077e-05,2.55063e-06,4.37146e-05,1.11412e-05,4.2271e-05,2.18342e-05,2.22484e-05,9.04125e-06,2.03285e-05
0.302531,0.00841851,0.000130262,7.40407e-05,0.000107174,0.0107557,7.40417e-05,6.46699e-05,3.60553e-05,2.65611e-06,4.3306e-05,1.10544e-05,4.18713e-05,2.16503e-05,2.18135e-05,8.99316e-06,1.98734e-05
0.302773,0.00850316,0.000133765,7.79205e-05,0.000108726,0.010858,7.6854e-05,6.77393e-05,3.63032e-05,2.7611e-06,4.28972e-05,1.09681e-05,4.14713e-05,2.14671e-05,2.13793e-05,8.94546e-06,1.94179e-05
0.303014,0.00858519,0.000137143,8.15272e-05,0.000110279,0.0109558,7.9451e-05,7.05441e-05,3.65513e-05,2.86561e-06,4.24882e-05,1.08821e-05,4.1071e-05,2.12845e-05,2.0946e-05,8.89813e-06,1.8962e-05
0.303256,0.00866417,0.000140349,8.48003e-05,0.000111834,0.0110483,8.17722e-05,7.30239e-05,3.67995e-05,2.96963e-06,4.2079e-05,1.07964e-05,4.06704e-05,2.11025e-05,2.05136e-05,8.85115e-06,1.85058e-05
0.303498,0.00873966,0.000143338,8.76847e-05,0.000113389,0.0111351,8.37658e-05,7.51276e-05,3.7048e-05,3.07316e-06,4.16696e-05,1.07112e-05,4.02694e-05,2.09212e-05,2.00821e-05,8.8045e-06,1.80492e-05
0.30374,0.00881122,0.000146069,9.01304e-05,0.000114946,0.0112155,8.53898e-05,7.6814e-05,3.72966e-05,3.1762e-06,4.126e-05,1.06263e-05,3.98681e-05,2.07406e-05,1.96517e-05,8.75816e-06,1.75922e-05
0.303982,0.00887843,0.000148507,9.2093e-05,0.000116504,0.011289,8.66138e-05,7.80531e-05,3.75455e-05,3.27875e-06,4.08502e-05,1.05418e-05,3.94665e-05,2.05606e-05,1.92225e-05,8.7121e-06,1.71349e-05
0.304225,0.00894083,0.000150625,9.35347e-05,0.000118064,0.0113551,8.74206e-05,7.88285e-05,3.77945e-05,3.3808e-06,4.04402e-05,1.04576e-05,3.90646e-05,2.03812e-05,1.87945e-05,8.66632e-06,1.66772e-05
0.304467,0.008998,0.000152401,9.44251e-05,0.000119624,0.011413,8.781e-05,7.91408e-05,3.80438e-05,3.48235e-06,4.00299e-05,1.03738e-05,3.86624e-05,2.02026e-05,1.83679e-05,8.62079e-06,1.62191e-05
0.30471,0.00904949,0.000153826,9.47438e-05,0.000121186,0.0114623,8.78031e-05,7.90127e-05,3.82932e-05,3.5834e-06,3.96195e-05,1.02904e-05,3.82598e-05,2.00246e-05,1.79427e-05,8.57549e-06,1.57607e-05
0.304953,0.00909488,0.000154901,9.44831e-05,0.000122749,0.0115025,8.74487e-05,7.84966e-05,3.85429e-05,3.68395e-06,3.92089e-05,1.02074e-05,3.78569e-05,1.98473e-05,1.75191e-05,8.53041e-06,1.53019e-05
0.305197,0.00913378,0.000155466,9.36615e-05,0.000124086,0.0115329,8.68172e-05,7.76918e-05,3.87454e-05,3.784e-06,3.87693e-05,1.01248e-05,3.74239e-05,1.96706e-05,1.71638e-05,8.48553e-06,1.49196e-05
0.30544,0.00916629,0.000155184,9.23801e-05,0.000124691,0.0115543,8.60314e-05,7.67875e-05,3.87955e-05,3.88354e-06,3.82368e-05,1.00426e-05,3.68945e-05,1.94947e-05,1.70241e-05,8.44083e-06,1.47842e-05
0.305684,0.00919269,0.000154725,9.07777e-05,0.000125297,0.0115677,8.53483e-05,7.59957e-05,3.88457e-05,3.98258e-06,3.77041e-05,9.96069e-06,3.63646e-05,1.93194e-05,1.68843e-05,8.3963e-06,1.46487e-05
0.305928,0.00921325,0.000154183,8.89983e-05,0.000125903,0.0115741,8.49343e-05,7.55046e-05,3.88959e-05,4.0811e-06,3.71712e-05,9.87921e-06,3.58344e-05,1.91448e-05,1.67446e-05,8.35192e-06,1.4513e-05
0.306172,0.00922828,0.000153644,8.71875e-05,0.00012651,0.0115745,8.49173e-05,7.54596e-05,3.89461e-05,4.17912e-06,3.66381e-05,9.79812e-06,3.53037e-05,1.89709e-05,1.6605e-05,8.30768e-06,1.43773e-05
0.306416,0.00923805,0.000153189,8.54882e-05,0.000127117,0.01157,8.53739e-05,7.59473e-05,3.89964e-05,4.27662e-06,3.61048e-05,9.71742e-06,3.47725e-05,1.87977e-05,1.64653e-05,8.26356e-06,1.42415e-05
0.30666,0.00924286,0.000152889,8.40332e-05,0.000127725,0.0115616,8.63209e-05,7.69847e-05,3.90467e-05,4.37361e-06,3.55713e-05,9.63712e-06,3.4241e-05,1.86253e-05,1.63257e-05,8.21955e-06,1.41056e-05
0.306905,0.00924297,0.0001528,8.29374e-05,0.000128333,0.0115502,8.77146e-05,7.85193e-05,3.90971e-05,4.47008e-06,3.50377e-05,9.5572e-06,3.3709e-05,1.84535e-05,1.61861e-05,8.17563e-06,1.39695e-05
0.30715,0.00923869,0.000152961,8.2288e-05,0.000128941,0.0115371,8.94588e-05,8.04385e-05,3.91475e-05,4.56603e-06,3.45038e-05,9.47769e-06,3.31766e-05,1.82824e-05,1.60464e-05,8.1318e-06,1.38334e-05
0.307395,0.0092303,0.000153394,8.21365e-05,0.00012955,0.0115231,9.14168e-05,8.25866e-05,3.9198e-05,4.66146e-06,3.39699e-05,9.39856e-06,3.26438e-05,1.81121e-05,1.59068e-05,8.08804e-06,1.36971e-05
0.30764,0.00921808,0.0001541,8.24932e-05,0.00013016,0.0115094,9.34269e-05,8.4783e-05,3.92484e-05,4.75637e-06,3.34357e-05,9.31984e-06,3.21106e-05,1.79425e-05,1.57672e-05,8.04434e-06,1.35607e-05
0.307885,0.00920233,0.000155061,8.33256e-05,0.00013077,0.0114969,9.53175e-05,8.6839e-05,3.9299e-05,4.85075e-06,3.29015e-05,9.24152e-06,3.15769e-05,1.77736e-05,1.56276e-05,8.00068e-06,1.34242e-05
0.308131,0.00918331,0.000156243,8.45631e-05,0.000131381,0.0114867,9.69202e-05,8.85728e-05,3.93495e-05,4.94461e-06,3.23671e-05,9.1636e-06,3.10428e-05,1.76054e-05,1.5488e-05,7.95706e-06,1.32877e-05
0.308377,0.00916133,0.000157593,8.61035e-05,0.000131992,0.0114798,9.80818e-05,8.98202e-05,3.94001e-05,5.03793e-06,3.18326e-05,9.08608e-06,3.05083e-05,1.7438e-05,1.53483e-05,7.91346e-06,1.3151e-05
0.308623,0.00913666,0.000159048,8.78227e-05,0.000132603,0.0114773,9.86757e-05,9.04463e-05,3.94508e-05,5.13073e-06,3.1298e-05,9.00897e-06,2.99733e-05,1.72713e-05,1.52087e-05,7.86987e-06,1.30142e-05
0.308869,0.0091096,0.000160535,8.95843e-05,0.000133215,0.0114801,9.86153e-05,9.03583e-05,3.95015e-05,5.223e-06,3.07633e-05,8.93227e-06,2.9438e-05,1.71054e-05,1.5069e-05,7.8263e-06,1.28772e-05
0.309115,0.00908042,0.000161975,9.12466e-05,0.000133828,0.0114893,9.78712e-05,8.95232e-05,3.95522e-05,5.31473e-06,3.02285e-05,8.85598e-06,2.89021e-05,1.69402e-05,1.49293e-05,7.78271e-06,1.27402e-05
0.309362,0.00904942,0.000163285,9.26697e-05,0.000134441,0.011506,9.64969e-05,8.79957e-05,3.9603e-05,5.40592e-06,2.96937e-05,8.7801e-06,2.83659e-05,1.67757e-05,1.47896e-05,7.73912e-06,1.26031e-05
0.309609,0.00901688,0.000164386,9.3719e-05,0.000135054,0.0115312,9.46659e-05,8.59606e-05,3.96538e-05,5.49658e-06,2.91588e-05,8.70463e-06,2.78293e-05,1.6612e-05,1.46498e-05,7.6955e-06,1.24658e-05
0.309856,0.00898308,0.000165204,9.42689e-05,0.000135668,0.0115658,9.27243e-05,8.37934e-05,3.97046e-05,5.58669e-06,2.8624e-05,8.62958e-06,2.72922e-05,1.64491e-05,1.45101e-05,7.65185e-06,1.23285e-05
0.310103,0.00894831,0.000165628,9.42073e-05,0.000136227,0.011611,9.12556e-05,8.21373e-05,3.97625e-05,5.67626e-06,2.81667e-05,8.55494e-06,2.68361e-05,1.62869e-05,1.43713e-05,7.60816e-06,1.21922e-05
0.31035,0.00891296,0.000165445,9.34939e-05,0.000136495,0.0116678,9.11351e-05,8.19574e-05,3.98571e-05,5.76529e-06,2.81149e-05,8.48072e-06,2.68053e-05,1.61255e-05,1.42376e-05,7.56443e-06,1.20618e-05
0.310598,0.00887749,0.000164927,9.21774e-05,0.000136764,0.011737,9.3455e-05,8.44848e-05,3.99518e-05,5.85378e-06,2.80633e-05,8.40692e-06,2.67745e-05,1.59649e-05,1.41039e-05,7.52065e-06,1.19314e-05
0.310846,0.00884239,0.000164124,9.03259e-05,0.000137033,0.0118171,9.92082e-05,9.07664e-05,4.00465e-05,5.94171e-06,2.8012e-05,8.33354e-06,2.67437e-05,1.5805e-05,1.39701e-05,7.47681e-06,1.18009e-05
0.311093,0.00880815,0.000163092,8.80179e-05,0.000137302,0.0119043,0.000108566,0.000100872,4.01414e-05,6.0291e-06,2.79609e-05,8.26059e-06,2.67128e-05,1.5646e-05,1.38363e-05,7.43291e-06,1.16702e-05
0.311342,0.00877525,0.000161891,8.53396e-05,0.000137571,0.0119946,0.000120819,0.000113922,4.02362e-05,6.11593e-06,2.791e-05,8.18806e-06,2.66819e-05,1.54877e-05,1.37024e-05,7.38894e-06,1.15395e-05
0.31159,0.00874419,0.000160583,8.23826e-05,0.00013784,0.012084,0.000134776,0.0001286,4.03312e-05,6.20221e-06,2.78594e-05,8.11596e-06,2.6651e-05,1.53302e-05,1.35685e-05,7.34489e-06,1.14086e-05
0.311839,0.00871544,0.000159228,7.9241e-05,0.00013811,0.0121686,0.000149129,0.000143545,4.04263e-05,6.28793e-06,2.7809e-05,8.04429e-06,2.66201e-05,1.51735e-05,1.34345e-05,7.30076e-06,1.12777e-05
0.312087,0.0086895,0.000157881,7.60097e-05,0.00013838,0.0122444,0.00016263,0.000157501,4.05214e-05,6.3731e-06,2.77588e-05,7.97305e-06,2.65891e-05,1.50176e-05,1.33005e-05,7.25655e-06,1.11466e-05
0.312336,0.00866685,0.000156591,7.27808e-05,0.00013865,0.0123074,0.000174147,0.000169345,4.06166e-05,6.45771e-06,2.77088e-05,7.90224e-06,2.65581e-05,1.48624e-05,1.31665e-05,7.21225e-06,1.10154e-05
0.312585,0.00864797,0.000155398,6.96401e-05,0.00013892,0.0123538,0.000182667,0.000178072,4.07118e-05,6.54175e-06,2.76591e-05,7.83187e-06,2.65271e-05,1.47081e-05,1.30324e-05,7.16786e-06,1.08841e-05
0.312835,0.00863335,0.000154331,6.66632e-05,0.000139191,0.0123796,0.000187292,0.000182792,4.08072e-05,6.62523e-06,2.76096e-05,7.76193e-06,2.64961e-05,1.45547e-05,1.28982e-05,7.12338e-06,1.07528e-05
0.313084,0.00862349,0.000153408,6.39097e-05,0.000139461,0.0123824,0.000187574,0.00018306,4.09026e-05,6.70815e-06,2.75603e-05,7.69243e-06,2.6465e-05,1.4402e-05,1.27641e-05,7.0788e-06,1.06213e-05
0.313334,0.00861885,0.000152635,6.14192e-05,0.000139732,0.0123644,0.000183974,0.000179348,4.09981e-05,6.7905e-06,2.75113e-05,7.62337e-06,2.64339e-05,1.42501e-05,1.26298e-05,7.03412e-06,1.04897e-05
0.313584,0.00861994,0.000152008,5.92068e-05,0.000140004,0.0123283,0.000177093,0.000172259,4.10937e-05,6.87227e-06,2.74624e-05,7.55476e-06,2.64028e-05,1.40991e-05,1.24956e-05,6.98933e-06,1.0358e-05
0.313834,0.00862723,0.000151512,5.72612e-05,0.000140275,0.0122768,0.000167491,0.000162347,4.11893e-05,6.95348e-06,2.74138e-05,7.48658e-06,2.63717e-05,1.39489e-05,1.23613e-05,6.94445e-06,1.02262e-05
0.314084,0.00864122,0.000151125,5.55465e-05,0.000140547,0.0122127,0.00015566,0.000150085,4.12851e-05,7.03412e-06,2.73654e-05,7.41885e-06,2.63405e-05,1.37995e-05,1.22269e-05,6.89945e-06,1.00943e-05
0.314335,0.00866239,0.00015082,5.40068e-05,0.000140818,0.0121387,0.000142007,0.000135844,4.13809e-05,7.11418e-06,2.73172e-05,7.35157e-06,2.63094e-05,1.3651e-05,1.20925e-05,6.85435e-06,9.9623e-06
0.314586,0.00869122,0.000150568,5.25753e-05,0.00014109,0.0120577,0.000126863,0.000119891,4.14768e-05,7.19366e-06,2.72692e-05,7.28473e-06,2.62782e-05,1.35033e-05,1.19581e-05,6.80914e-06,9.83019e-06
0.314837,0.0087282,0.000150345,5.11867e-05,0.000141363,0.0119722,0.000110555,0.000102441,4.15727e-05,7.27256e-06,2.72214e-05,7.21835e-06,2.62469e-05,1.33564e-05,1.18237e-05,6.76382e-06,9.69797e-06
0.315088,0.00877381,0.000150128,4.97936e-05,0.00014163,0.0118852,9.36192e-05,8.38383e-05,4.16616e-05,7.35088e-06,2.71572e-05,7.15241e-06,2.61984e-05,1.32104e-05,1.16979e-05,6.71839e-06,9.5762e-06
0.315339,0.00882755,0.000149877,4.84166e-05,0.000141841,0.0117992,7.74121e-05,6.52383e-05,4.16725e-05,7.42862e-06,2.69128e-05,7.08694e-06,2.59629e-05,1.30652e-05,1.16658e-05,6.67286e-06,9.56893e-06
0.315591,0.00888755,0.00014968,4.71704e-05,0.000142053,0.0117161,6.58071e-05,5.09221e-05,4.16834e-05,7.50578e-06,2.66682e-05,7.02191e-06,2.57271e-05,1.29209e-05,1.16338e-05,6.62721e-06,9.56165e-06
0.315843,0.00895182,0.000149582,4.62122e-05,0.000142265,0.0116373,6.45909e-05,4.93311e-05,4.16944e-05,7.58234e-06,2.64236e-05,6.95734e-06,2.54912e-05,1.27775e-05,1.16018e-05,6.58146e-06,9.55437e-06
0.316094,0.00901835,0.000149632,4.57183e-05,0.000142477,0.0115642,7.57241e-05,6.32045e-05,4.17053e-05,7.65832e-06,2.61789e-05,6.89324e-06,2.52551e-05,1.26349e-05,1.15698e-05,6.5356e-06,9.54708e-06
0.316347,0.00908515,0.000149876,4.58559e-05,0.000142689,0.0114981,9.4869e-05,8.52049e-05,4.17163e-05,7.73371e-06,2.59342e-05,6.82959e-06,2.50188e-05,1.24932e-05,1.15379e-05,6.48963e-06,9.53979e-06
0.316599,0.00915023,0.000150354,4.67515e-05,0.000142901,0.0114404,0.000117034,0.000109342,4.17272e-05,7.80851e-06,2.56894e-05,6.7664e-06,2.47823e-05,1.23524e-05,1.1506e-05,6.44356e-06,9.53249e-06
0.316852,0.00921158,0.000151097,4.8463e-05,0.000143114,0.0113925,0.000138956,0.000132539,4.17382e-05,7.88271e-06,2.54446e-05,6.70368e-06,2.45456e-05,1.22125e-05,1.14741e-05,6.39739e-06,9.52519e-06
0.317104,0.00926721,0.00015212,5.097e-05,0.000143326,0.0113557,0.000158512,0.000152915,4.17492e-05,7.95631e-06,2.51996e-05,6.64142e-06,2.43087e-05,1.20734e-05,1.14423e-05,6.35112e-06,9.51787e-06
0.317357,0.00931512,0.000153425,5.41833e-05,0.000143539,0.0113315,0.000174154,0.000169073,4.17602e-05,8.02932e-06,2.49547e-05,6.57963e-06,2.40717e-05,1.19352e-05,1.14105e-05,6.30475e-06,9.51056e-06
0.31761,0.00935332,0.000155,5.79677e-05,0.000143752,0.0113211,0.000184689,0.000179903,4.17712e-05,8.10172e-06,2.47096e-05,6.51831e-06,2.38344e-05,1.17979e-05,1.13788e-05,6.25828e-06,9.50324e-06
0.317864,0.00937981,0.000156814,6.21652e-05,0.000143965,0.0113237,0.000189751,0.000185093,4.17822e-05,8.17353e-06,2.44646e-05,6.45745e-06,2.3597e-05,1.16615e-05,1.13471e-05,6.21172e-06,9.49591e-06
0.318117,0.0093926,0.000158823,6.66133e-05,0.000144179,0.0113331,0.00019038,0.000185736,4.17932e-05,8.24472e-06,2.42194e-05,6.39707e-06,2.33593e-05,1.1526e-05,1.13155e-05,6.16507e-06,9.48857e-06
0.318371,0.00938968,0.000160972,7.11547e-05,0.000144392,0.0113421,0.000187789,0.000183077,4.18042e-05,8.31532e-06,2.39742e-05,6.33716e-06,2.31215e-05,1.13914e-05,1.1284e-05,6.11834e-06,9.48123e-06
0.318625,0.00936906,0.000163195,7.56423e-05,0.000144606,0.0113436,0.000183073,0.000178234,4.18152e-05,8.3853e-06,2.3729e-05,6.27773e-06,2.28835e-05,1.12577e-05,1.12525e-05,6.07152e-06,9.47389e-06
0.318879,0.00932875,0.000165418,7.99399e-05,0.000144819,0.0113307,0.000177109,0.0001721,4.18263e-05,8.45468e-06,2.34837e-05,6.21877e-06,2.26453e-05,1.1125e-05,1.1221e-05,6.02463e-06,9.46654e-06
0.319134,0.00926674,0.000167564,8.39221e-05,0.000145033,0.0112961,0.000170473,0.000165259,4.18373e-05,8.52344e-06,2.32383e-05,6.16029e-06,2.24069e-05,1.09931e-05,1.11897e-05,5.97766e-06,9.45918e-06
0.319388,0.00918105,0.000169554,8.74739e-05,0.000145248,0.0112329,0.000163393,0.000157943,4.18484e-05,8.59159e-06,2.29929e-05,6.10229e-06,2.21683e-05,1.08622e-05,1.11584e-05,5.93062e-06,9.45181e-06
0.319643,0.00906967,0.000171311,9.04896e-05,0.000145462,0.011134,0.00015579,0.000150061,4.18594e-05,8.65912e-06,2.27474e-05,6.04476e-06,2.19295e-05,1.07322e-05,1.11271e-05,5.88352e-06,9.44445e-06
0.319898,0.00893061,0.000172763,9.2873e-05,0.000145676,0.0109922,0.000147449,0.00014138,4.18705e-05,8.72603e-06,2.25019e-05,5.98772e-06,2.16906e-05,1.06031e-05,1.1096e-05,5.83636e-06,9.43707e-06
0.320153,0.00876205,0.000173853,9.45428e-05,0.000145898,0.010801,0.000138413,0.000131923,4.18851e-05,8.79233e-06,2.22572e-05,5.93116e-06,2.14523e-05,1.04749e-05,1.1065e-05,5.78914e-06,9.42972e-06
0.320408,0.0085647,0.000175319,9.54983e-05,0.000147027,0.0105605,0.00013015,0.000123072,4.23346e-05,8.858e-06,2.21193e-05,5.87509e-06,2.13247e-05,1.03477e-05,1.10369e-05,5.74188e-06,9.42569e-06
0.320664,0.00834129,0.000176432,9.58017e-05,0.000148157,0.0102766,0.000125019,0.00011747,4.27844e-05,8.92305e-06,2.19814e-05,5.8195e-06,2.11971e-05,1.02214e-05,1.10089e-05,5.69457e-06,9.42166e-06
0.32092,0.00809455,0.000177232,9.55231e-05,0.000149287,0.0099552,0.000125343,0.00011765,4.32346e-05,8.98747e-06,2.18436e-05,5.7644e-06,2.10693e-05,1.00961e-05,1.0981e-05,5.64722e-06,9.41763e-06
0.321176,0.00782724,0.000177767,9.4738e-05,0.000150419,0.00960224,0.000132032,0.000124596,4.36851e-05,9.05127e-06,2.17058e-05,5.70978e-06,2.09414e-05,9.97172e-06,1.09533e-05,5.59984e-06,9.4136e-06
0.321432,0.00754211,0.000178086,9.35252e-05,0.000151551,0.00922368,0.000144023,0.000137093,4.4136e-05,9.11443e-06,2.15681e-05,5.65566e-06,2.08134e-05,9.8483e-06,1.09256e-05,5.55244e-06,9.40956e-06
0.321688,0.00724192,0.000178242,9.19664e-05,0.000152684,0.00882547,0.000158945,0.000152563,4.45873e-05,9.17697e-06,2.14305e-05,5.60202e-06,2.06853e-05,9.72583e-06,1.08981e-05,5.50502e-06,9.40552e-06
0.321945,0.00692942,0.000178287,9.0145e-05,0.000153818,0.00841355,0.000174132,0.000168206,4.50389e-05,9.23887e-06,2.12929e-05,5.54887e-06,2.05571e-05,9.60433e-06,1.08707e-05,5.45759e-06,9.40147e-06
0.322202,0.00660735,0.000178269,8.8145e-05,0.000154953,0.00799388,0.00018716,0.000181547,4.54909e-05,9.30013e-06,2.11553e-05,5.49622e-06,2.04288e-05,9.48379e-06,1.08435e-05,5.41015e-06,9.39742e-06
0.322459,0.00627847,0.000178236,8.60493e-05,0.000156089,0.00757241,0.000195988,0.000190527,4.59432e-05,9.36076e-06,2.10178e-05,5.44406e-06,2.03005e-05,9.36422e-06,1.08164e-05,5.36272e-06,9.39337e-06
0.322716,0.00594553,0.000178229,8.39387e-05,0.000157226,0.00715462,0.000199262,0.000193785,4.63959e-05,9.42075e-06,2.08803e-05,5.39239e-06,2.0172e-05,9.24564e-06,1.07894e-05,5.31529e-06,9.38932e-06
0.322974,0.00561129,0.000178283,8.18888e-05,0.000158363,0.00674359,0.000197483,0.000191846,4.6849e-05,9.4801e-06,2.07428e-05,5.34122e-06,2.00434e-05,9.12802e-06,1.07626e-05,5.26789e-06,9.38526e-06
0.323231,0.0052785,0.000178426,7.9968e-05,0.000159502,0.00634164,0.000191882,0.00018596,4.73024e-05,9.53881e-06,2.06054e-05,5.29054e-06,1.99147e-05,9.0114e-06,1.07359e-05,5.22051e-06,9.3812e-06
0.323489,0.0049499,0.000178679,7.82342e-05,0.000160642,0.00595108,0.000183782,0.000177469,4.77562e-05,9.59687e-06,2.04681e-05,5.24036e-06,1.97859e-05,8.89576e-06,1.07094e-05,5.17316e-06,9.37714e-06
0.323747,0.00462825,0.000179057,7.67322e-05,0.000161782,0.0055742,0.000174465,0.000167672,4.82103e-05,9.65428e-06,2.03307e-05,5.19067e-06,1.96569e-05,8.78111e-06,1.06831e-05,5.12586e-06,9.37307e-06
0.324005,0.00431631,0.000179563,7.54911e-05,0.000162923,0.00521332,0.000165025,0.000157686,4.86648e-05,9.71104e-06,2.01934e-05,5.14149e-06,1.95279e-05,8.66746e-06,1.06569e-05,5.07861e-06,9.369e-06
0.324264,0.00401682,0.000180198,7.45228e-05,0.000164066,0.00487073,0.000156201,0.000148277,4.91197e-05,9.76716e-06,2.00562e-05,5.0928e-06,1.93988e-05,8.55481e-06,1.06309e-05,5.03142e-06,9.36492e-06
0.324522,0.00373253,0.000180952,7.38222e-05,0.000165209,0.00454875,0.000148229,0.000139694,4.95749e-05,9.82262e-06,1.9919e-05,5.0446e-06,1.92696e-05,8.44317e-06,1.06051e-05,4.9843e-06,9.36085e-06
0.324781,0.00346621,0.000181814,7.33685e-05,0.000166353,0.00424969,0.00014079,0.0001316,5.00305e-05,9.87742e-06,1.97818e-05,4.99691e-06,1.91403e-05,8.33253e-06,1.05795e-05,4.93725e-06,9.35677e-06
0.32504,0.0032206,0.000182766,7.31285e-05,0.000167498,0.00397584,0.000133122,0.000123177,5.04865e-05,9.93157e-06,1.96447e-05,4.94971e-06,1.90109e-05,8.22291e-06,1.0554e-05,4.8903e-06,9.35268e-06
0.3253,0.00299844,0.00018379,7.30617e-05,0.000168644,0.00372951,0.000124599,0.000113709,5.09428e-05,9.98506e-06,1.95076e-05,4.90302e-06,1.88813e-05,8.11431e-06,1.05288e-05,4.84344e-06,9.3486e-06
0.325559,0.00280251,0.000185053,7.31256e-05,0.000169992,0.00351304,0.000115551,0.00010351,5.13584e-05,1.00379e-05,1.94297e-05,4.85682e-06,1.88129e-05,8.00672e-06,1.04534e-05,4.79669e-06,9.28795e-06
0.325819,0.00263554,0.000186368,7.32823e-05,0.000171355,0.00332872,0.000106893,9.35191e-05,5.17714e-05,1.00901e-05,1.93564e-05,4.81112e-06,1.87489e-05,7.90017e-06,1.03744e-05,4.75005e-06,9.22312e-06
0.326079,0.00250028,0.000187711,7.35057e-05,0.00017272,0.0031789,9.97301e-05,8.49874e-05,5.21847e-05,1.01416e-05,1.92831e-05,4.76593e-06,1.86849e-05,7.79464e-06,1.02955e-05,4.70355e-06,9.15823e-06
0.326339,0.0023995,0.000189078,7.37883e-05,0.000174086,0.00306587,9.50049e-05,7.9116e-05,5.25983e-05,1.01924e-05,1.921e-05,4.72123e-06,1.86208e-05,7.69015e-06,1.02165e-05,4.65718e-06,9.09329e-06
0.326599,0.00233595,0.000190478,7.41489e-05,0.000175453,0.00299197,9.30872e-05,7.65175e-05,5.30123e-05,1.02426e-05,1.91369e-05,4.67703e-06,1.85566e-05,7.5867e-06,1.01376e-05,4.61096e-06,9.0283e-06
0.32686,0.00231236,0.000191929,7.46403e-05,0.000176821,0.00295951,9.35636e-05,7.68098e-05,5.34265e-05,1.02921e-05,1.9064e-05,4.63332e-06,1.84924e-05,7.48429e-06,1.00587e-05,4.5649e-06,8.96325e-06
0.327121,0.00233151,0.00019347,7.53571e-05,0.00017819,0.00297082,9.54582e-05,7.88252e-05,5.38411e-05,1.03409e-05,1.89912e-05,4.59012e-06,1.84282e-05,7.38292e-06,9.97991e-06,4.51901e-06,8.89816e-06
0.327381,0.00239613,0.000195154,7.64409e-05,0.000179561,0.00302821,9.77848e-05,8.1352e-05,5.42561e-05,1.0389e-05,1.89185e-05,4.54741e-06,1.83639e-05,7.28261e-06,9.90114e-06,4.4733e-06,8.83301e-06
0.327643,0.00250898,0.000197062,7.80832e-05,0.000180932,0.00313405,0.000100182,8.39489e-05,5.46713e-05,1.04365e-05,1.88459e-05,4.5052e-06,1.82995e-05,7.18335e-06,9.82241e-06,4.42778e-06,8.76781e-06
0.327904,0.00267282,0.000199295,8.05207e-05,0.000182304,0.00329341,0.000103717,8.78786e-05,5.50869e-05,1.04833e-05,1.87734e-05,4.46349e-06,1.82351e-05,7.08516e-06,9.74375e-06,4.38247e-06,8.70256e-06
0.328166,0.00289041,0.000201983,8.40215e-05,0.000183678,0.00351535,0.000110516,9.55679e-05,5.55029e-05,1.05294e-05,1.8701e-05,4.42227e-06,1.81706e-05,6.98803e-06,9.66515e-06,4.33738e-06,8.63726e-06
0.328427,0.00316473,0.00020527,8.88337e-05,0.000185053,0.00380927,0.000122112,0.000108556,5.59191e-05,1.05749e-05,1.86287e-05,4.38154e-06,1.81061e-05,6.89196e-06,9.58661e-06,4.29251e-06,8.5719e-06
0.328689,0.00349892,0.000209277,9.5086e-05,0.000186428,0.00418459,0.000138712,0.000126757,5.63357e-05,1.06196e-05,1.85565e-05,4.34131e-06,1.80416e-05,6.79697e-06,9.50815e-06,4.24788e-06,8.5065e-06
0.328952,0.00389612,0.000214082,0.000102764,0.000187805,0.00465069,0.000159369,0.000148921,5.67527e-05,1.06637e-05,1.84844e-05,4.30156e-06,1.7977e-05,6.70306e-06,9.42977e-06,4.20351e-06,8.44104e-06
0.329214,0.00435945,0.000219715,0.000111734,0.000189183,0.00521698,0.000182592,0.000173411,5.71699e-05,1.07072e-05,1.84124e-05,4.26229e-06,1.79123e-05,6.61023e-06,9.35147e-06,4.1594e-06,8.37552e-06
0.329477,0.00489207,0.000226156,0.000121789,0.000190562,0.00589285,0.00020683,0.000198652,5.75875e-05,1.07499e-05,1.83405e-05,4.22351e-06,1.78476e-05,6.51848e-06,9.27326e-06,4.11556e-06,8.30996e-06
0.329739,0.0054971,0.000233338,0.000132683,0.000191942,0.00668772,0.000230697,0.000223286,5.80055e-05,1.0792e-05,1.82687e-05,4.18521e-06,1.77828e-05,6.42782e-06,9.19514e-06,4.07202e-06,8.24434e-06
0.330002,0.00617769,0.000241154,0.000144156,0.000193324,0.00761097,0.000253059,0.000246222,5.84237e-05,1.08335e-05,1.81969e-05,4.14739e-06,1.7718e-05,6.33825e-06,9.11712e-06,4.02878e-06,8.17868e-06
0.330266,0.00693696,0.000249467,0.00015596,0.000194706,0.00867186,0.000273116,0.000266702,5.88423e-05,1.08743e-05,1.81253e-05,4.11004e-06,1.76531e-05,6.24979e-06,9.0392e-06,3.98586e-06,8.11295e-06
0.330529,0.00777806,0.000258122,0.000167857,0.00019609,0.00987489,0.000290976,0.000284878,5.92612e-05,1.09144e-05,1.80537e-05,4.07317e-06,1.75882e-05,6.16242e-06,8.96139e-06,3.94326e-06,8.04718e-06
0.330793,0.00870413,0.000270781,0.000179632,0.000202619,0.0112192,0.000307734,0.000301679,6.07469e-05,1.09539e-05,1.78585e-05,4.03677e-06,1.73962e-05,6.07616e-06,8.87662e-06,3.90101e-06,7.97349e-06
0.331057,0.00971829,0.000283947,0.000191092,0.000210024,0.0127037,0.000324056,0.000317988,6.24141e-05,1.09927e-05,1.76423e-05,4.00083e-06,1.71827e-05,5.99102e-06,8.79077e-06,3.85911e-06,7.89841e-06
0.331321,0.0108237,0.000296832,0.000202068,0.000217435,0.0143271,0.000340587,0.000334504,6.40826e-05,1.10308e-05,1.74261e-05,3.96536e-06,1.69689e-05,5.90698e-06,8.70503e-06,3.81758e-06,7.82327e-06
0.331585,0.0120235,0.000309323,0.00021242,0.000224851,0.0160883,0.000357776,0.000351682,6.57525e-05,1.10683e-05,1.72098e-05,3.93036e-06,1.6755e-05,5.82407e-06,8.6194e-06,3.77643e-06,7.74807e-06
0.33185,0.0133208,0.00032133,0.00022204,0.000232274,0.0179863,0.000375817,0.000369719,6.74237e-05,1.11052e-05,1.69935e-05,3.89581e-06,1.65409e-05,5.74228e-06,8.53389e-06,3.73567e-06,7.67281e-06
0.332114,0.0147186,0.000332796,0.00023086,0.000239702,0.0200197,0.000394667,0.000388572,6.90962e-05,1.11415e-05,1.67771e-05,3.86172e-06,1.63266e-05,5.66162e-06,8.44851e-06,3.69533e-06,7.5975e-06
0.332379,0.016218,0.000343771,0.00023896,0.000247137,0.0221875,0.000414102,0.00040801,7.077e-05,1.1177e-05,1.65607e-05,3.82808e-06,1.61122e-05,5.58209e-06,8.36327e-06,3.65541e-06,7.52212e-06
0.332644,0.0178174,0.000354402,0.000246558,0.000254577,0.0244885,0.000433775,0.000427683,7.24452e-05,1.1212e-05,1.63443e-05,3.7949e-06,1.58976e-05,5.50369e-06,8.27816e-06,3.61592e-06,7.44668e-06
0.33291,0.0195149,0.000364826,0.000253854,0.000262023,0.0269215,0.000453311,0.00044721,7.41217e-05,1.12463e-05,1.61278e-05,3.76216e-06,1.56828e-05,5.42644e-06,8.19319e-06,3.57689e-06,7.37118e-06
0.333175,0.0213088,0.000375159,0.000261012,0.000269475,0.0294853,0.000472559,0.00046644,7.57996e-05,1.128e-05,1.59112e-05,3.72987e-06,1.54679e-05,5.35033e-06,8.10837e-06,3.53831e-06,7.29562e-06
0.333441,0.0231974,0.000385487,0.000268156,0.000276933,0.0321786,0.00049162,0.000485476,7.74788e-05,1.1313e-05,1.56947e-05,3.69802e-06,1.52528e-05,5.27537e-06,8.02371e-06,3.50022e-06,7.22e-06
0.333707,0.025179,0.000395865,0.000275368,0.000284398,0.0350001,0.000510608,0.000504434,7.91593e-05,1.13454e-05,1.54781e-05,3.6666e-06,1.50375e-05,5.20156e-06,7.9392e-06,3.46261e-06,7.14432e-06
0.333973,0.0272517,0.000406325,0.00028269,0.000291868,0.0379484,0.000529591,0.000523385,8.08412e-05,1.13772e-05,1.52614e-05,3.63563e-06,1.4822e-05,5.12891e-06,7.85486e-06,3.42551e-06,7.06858e-06
0.33424,0.029414,0.000416874,0.000290133,0.000299344,0.0410221,0.000548573,0.00054233,8.25244e-05,1.14084e-05,1.50447e-05,3.60508e-06,1.46064e-05,5.05742e-06,7.7707e-06,3.38892e-06,6.99278e-06
0.334506,0.0316642,0.000427503,0.000297685,0.000306825,0.04422,0.00056748,0.000561197,8.42089e-05,1.14389e-05,1.4828e-05,3.57497e-06,1.43906e-05,4.9871e-06,7.6867e-06,3.35287e-06,6.91691e-06
0.334773,0.0340011,0.000438207,0.000305341,0.000314313,0.0475406,0.000586174,0.000579847,8.58948e-05,1.14689e-05,1.46113e-05,3.54528e-06,1.41746e-05,4.91794e-06,7.60289e-06,3.31735e-06,6.84099e-06
0.33504,0.0364232,0.000448988,0.000313097,0.000321807,0.0509828,0.000604466,0.000598088,8.75821e-05,1.14982e-05,1.43945e-05,3.51602e-06,1.39585e-05,4.84996e-06,7.51927e-06,3.28239e-06,6.76501e-06
0.335307,0.0389291,0.000459844,0.000320957,0.000329307,0.0545451,0.000622138,0.0006157,8.92707e-05,1.15269e-05,1.41777e-05,3.48717e-06,1.37422e-05,4.78316e-06,7.43585e-06,3.248e-06,6.68897e-06
0.335575,0.0415176,0.000470778,0.000328921,0.000336813,0.0582262,0.000638978,0.00063247,9.09606e-05,1.15549e-05,1.39609e-05,3.45874e-06,1.35257e-05,4.71754e-06,7.35262e-06,3.21419e-06,6.61286e-06
0.335843,0.0441871,0.000481789,0.000336989,0.000344325,0.0620243,0.000654928,0.000648341,9.26519e-05,1.15824e-05,1.37441e-05,3.43072e-06,1.3309e-05,4.65311e-06,7.2696e-06,3.18098e-06,6.5367e-06
0.33611,0.0469364,0.000491166,0.000345156,0.000349444,0.0659373,0.000670143,0.000663453,9.44556e-05,1.16093e-05,1.35655e-05,3.40311e-06,1.31318e-05,4.58987e-06,7.26877e-06,3.14836e-06,6.55155e-06
0.336379,0.049764,0.000500139,0.000353416,0.000353887,0.0699628,0.000684779,0.000677975,9.62921e-05,1.16355e-05,1.33979e-05,3.37591e-06,1.29656e-05,4.52782e-06,7.29174e-06,3.11636e-06,6.59225e-06
0.336647,0.0526685,0.000509184,0.000361754,0.000358333,0.0740987,0.000698994,0.000692071,9.81302e-05,1.16611e-05,1.32302e-05,3.3491e-06,1.27993e-05,4.46698e-06,7.3153e-06,3.08499e-06,6.63298e-06
0.336915,0.0556486,0.000518289,0.000370152,0.000362783,0.0783426,0.000712922,0.000705878,9.99697e-05,1.16862e-05,1.30625e-05,3.3227e-06,1.26329e-05,4.40733e-06,7.33943e-06,3.05425e-06,6.67374e-06
0.337184,0.0587028,0.000527438,0.000378587,0.000367236,0.0826923,0.000726662,0.000719494,0.000101811,1.17106e-05,1.28949e-05,3.29668e-06,1.24663e-05,4.3489e-06,7.36414e-06,3.02416e-06,6.71453e-06
0.337453,0.0618298,0.000536608,0.00038703,0.000371693,0.0871456,0.000740271,0.000732978,0.000103653,1.17345e-05,1.27272e-05,3.27106e-06,1.22996e-05,4.29168e-06,7.3894e-06,2.99473e-06,6.75536e-06
0.337722,0.0650283,0.000545775,0.000395448,0.000376154,0.0917001,0.000753762,0.000746342,0.000105497,1.17577e-05,1.25595e-05,3.24583e-06,1.21328e-05,4.23567e-06,7.41522e-06,2.96595e-06,6.79622e-06
0.337992,0.0682967,0.000554913,0.000403805,0.000380618,0.0963536,0.000767105,0.000759558,0.000107342,1.17804e-05,1.23918e-05,3.22097e-06,1.19659e-05,4.18088e-06,7.44158e-06,2.93786e-06,6.83711e-06
0.338261,0.0716338,0.00056399,0.000412061,0.000385085,0.101104,0.000780242,0.000772564,0.000109189,1.18025e-05,1.22241e-05,3.1965e-06,1.17988e-05,4.12732e-06,7.46847e-06,2.91044e-06,6.87803e-06
0.338531,0.0750382,0.000572975,0.000420174,0.000389557,0.105949,0.00079311,0.000785298,0.000111038,1.18239e-05,1.20564e-05,3.1724e-06,1.16316e-05,4.07499e-06,7.49588e-06,2.8837e-06,6.91899e-06
0.338801,0.0785084,0.000581834,0.0004281,0.000394031,0.110885,0.000805679,0.000797731,0.000112887,1.18448e-05,1.18887e-05,3.14867e-06,1.14642e-05,4.02389e-06,7.5238e-06,2.85766e-06,6.95998e-06
0.339072,0.0820431,0.000590532,0.000435796,0.00039851,0.11591,0.000817918,0.00080983,0.000114739,1.18651e-05,1.17211e-05,3.1253e-06,1.12967e-05,3.97403e-06,7.55222e-06,2.83232e-06,7.001e-06
0.339342,0.0856409,0.000599035,0.000443217,0.000402992,0.121022,0.000829784,0.000821553,0.000116591,1.18849e-05,1.15534e-05,3.1023e-06,1.11291e-05,3.92542e-06,7.58114e-06,2.80768e-06,7.04206e-06
0.339613,0.0893004,0.000607311,0.000450321,0.000407477,0.126218,0.000841224,0.000832844,0.000118446,1.1904e-05,1.13857e-05,3.07966e-06,1.09613e-05,3.87804e-06,7.61053e-06,2.78374e-06,7.08315e-06
0.339884,0.0930203,0.000615328,0.00045707,0.000411966,0.131494,0.000852171,0.000843636,0.000120301,1.19226e-05,1.12181e-05,3.05736e-06,1.07934e-05,3.83192e-06,7.64039e-06,2.76051e-06,7.12427e-06
0.340155,0.0967991,0.00062306,0.000463428,0.000416459,0.136849,0.000862547,0.000853853,0.000122158,1.19406e-05,1.10505e-05,3.03542e-06,1.06254e-05,3.78705e-06,7.67071e-06,2.73799e-06,7.16542e-06
0.340426,0.100635,0.000630506,0.000469398,0.000420955,0.142279,0.000872274,0.000863413,0.000124017,1.1958e-05,1.08829e-05,3.01383e-06,1.04573e-05,3.74344e-06,7.70148e-06,2.71619e-06,7.20661e-06
0.340698,0.104527,0.000637688,0.00047501,0.000425455,0.147782,0.00088127,0.000872233,0.000125877,1.19749e-05,1.07153e-05,2.99257e-06,1.0289e-05,3.7011e-06,7.73269e-06,2.69509e-06,7.24783e-06
0.340969,0.108473,0.000644632,0.000480298,0.000429958,0.153355,0.000889465,0.000880245,0.000127739,1.19912e-05,1.05478e-05,2.97165e-06,1.01205e-05,3.66002e-06,7.76432e-06,2.6747e-06,7.28908e-06
0.341241,0.112472,0.000651361,0.000485295,0.000434465,0.158996,0.000896842,0.000887429,0.000129602,1.20069e-05,1.03803e-05,2.95106e-06,9.95199e-06,3.62021e-06,7.79637e-06,2.65501e-06,7.33036e-06
0.341514,0.116522,0.00065786,0.000490032,0.000438918,0.164703,0.000903511,0.000893899,0.00013144,1.20221e-05,1.02225e-05,2.93081e-06,9.79336e-06,3.58168e-06,7.76944e-06,2.63603e-06,7.30859e-06
0.341786,0.120621,0.000664175,0.000494541,0.000443349,0.170472,0.000909611,0.000899795,0.000133269,1.20367e-05,1.00688e-05,2.91087e-06,9.63887e-06,3.54443e-06,7.71764e-06,2.61775e-06,7.26012e-06
0.342059,0.124768,0.000670344,0.000498849,0.000447783,0.176301,0.000915273,0.000905247,0.0001351,1.20507e-05,9.91515e-06,2.89125e-06,9.48425e-06,3.50846e-06,7.66604e-06,2.60016e-06,7.21161e-06
0.342332,0.12896,0.000676384,0.000502982,0.000452222,0.182189,0.000920602,0.000910362,0.000136932,1.20642e-05,9.76154e-06,2.87195e-06,9.32951e-06,3.47378e-06,7.61463e-06,2.58325e-06,7.16306e-06
0.342605,0.133197,0.000682312,0.000506959,0.000456663,0.188132,0.000925681,0.000915221,0.000138765,1.20771e-05,9.60798e-06,2.85295e-06,9.17464e-06,3.44039e-06,7.56341e-06,2.56702e-06,7.11447e-06
0.342878,0.137477,0.000688141,0.0005108,0.000461109,0.194128,0.000930556,0.000919873,0.0001406,1.20895e-05,9.45448e-06,2.83426e-06,9.01965e-06,3.4083e-06,7.51239e-06,2.55146e-06,7.06584e-06
0.343151,0.141798,0.000693883,0.000514519,0.000465558,0.200175,0.000935242,0.000924332,0.000142436,1.21013e-05,9.30103e-06,2.81587e-06,8.86454e-06,3.37751e-06,7.46156e-06,2.53656e-06,7.01717e-06
0.343425,0.146159,0.000699544,0.000518124,0.00047001,0.206271,0.000939719,0.000928578,0.000144273,1.21126e-05,9.14765e-06,2.79778e-06,8.7093e-06,3.34803e-06,7.4109e-06,2.5223e-06,6.96846e-06
0.343699,0.150558,0.000705131,0.000521624,0.000474466,0.212412,0.000943937,0.00093256,0.000146113,1.21234e-05,8.99434e-06,2.77998e-06,8.55394e-06,3.31985e-06,7.36043e-06,2.50867e-06,6.91972e-06
0.343973,0.154993,0.000710645,0.00052502,0.000478926,0.218598,0.000947823,0.000936204,0.000147953,1.21336e-05,8.84111e-06,2.76246e-06,8.39846e-06,3.29299e-06,7.31014e-06,2.49567e-06,6.87094e-06
0.344248,0.159462,0.000716087,0.000528315,0.000483389,0.224824,0.000951318,0.000939451,0.000149795,1.21432e-05,8.68797e-06,2.74523e-06,8.24285e-06,3.26745e-06,7.26002e-06,2.48327e-06,6.82211e-06
0.344522,0.163965,0.000721457,0.000531504,0.000487855,0.231089,0.000954393,0.000942269,0.000151639,1.21523e-05,8.53492e-06,2.72827e-06,8.08712e-06,3.24323e-06,7.21006e-06,2.47146e-06,6.77325e-06
0.344797,0.168499,0.000726751,0.000534587,0.000492326,0.23739,0.000957029,0.000944642,0.000153484,1.21609e-05,8.38198e-06,2.71158e-06,7.93126e-06,3.22034e-06,7.16028e-06,2.46022e-06,6.72435e-06
0.345072,0.173063,0.000731968,0.000537557,0.000496799,0.243724,0.000959224,0.000946564,0.00015533,1.2169e-05,8.22915e-06,2.69517e-06,7.77528e-06,3.19877e-06,7.11065e-06,2.44953e-06,6.67541e-06
0.345347,0.177655,0.000737106,0.000540414,0.000501277,0.250089,0.000960989,0.000948048,0.000157178,1.21765e-05,8.07644e-06,2.67901e-06,7.61917e-06,3.17854e-06,7.06117e-06,2.43938e-06,6.62643e-06
0.345623,0.182274,0.000742172,0.000543166,0.000505758,0.256482,0.000962348,0.000949118,0.000159028,1.21835e-05,7.92387e-06,2.66312e-06,7.46294e-06,3.15965e-06,7.01185e-06,2.42975e-06,6.57741e-06
0.345899,0.186916,0.000747173,0.00054582,0.000510242,0.262901,0.000963338,0.00094981,0.000160879,1.219e-05,7.77145e-06,2.64747e-06,7.30659e-06,3.14211e-06,6.96267e-06,2.42061e-06,6.52836e-06
0.346175,0.191582,0.000752113,0.000548385,0.00051473,0.269343,0.000964011,0.000950177,0.000162731,1.21959e-05,7.61918e-06,2.63208e-06,7.15011e-06,3.12591e-06,6.91363e-06,2.41195e-06,6.47926e-06
0.346451,0.196268,0.000756997,0.000550865,0.000519222,0.275805,0.000964431,0.000950284,0.000164585,1.22013e-05,7.46709e-06,2.61693e-06,6.99351e-06,3.11106e-06,6.86473e-06,2.40374e-06,6.43012e-06
0.346727,0.200973,0.000761828,0.000553265,0.000523717,0.282284,0.000964677,0.00095021,0.00016644,1.22063e-05,7.31519e-06,2.60202e-06,6.83678e-06,3.09757e-06,6.81595e-06,2.39596e-06,6.38095e-06
0.347004,0.205695,0.000768335,0.000555584,0.000530721,0.288779,0.000965332,0.000950064,0.000171013,1.22106e-05,7.22632e-06,2.58735e-06,6.74725e-06,3.08544e-06,6.74257e-06,2.38859e-06,6.3053e-06
0.34728,0.210432,0.000775841,0.000557822,0.000539225,0.295286,0.000966345,0.000949958,0.00017721,1.22145e-05,7.17498e-06,2.57291e-06,6.6978e-06,3.07468e-06,6.6546e-06,2.3816e-06,6.21383e-06
0.347557,0.215182,0.000783316,0.000559973,0.000547736,0.301801,0.000967513,0.00094997,0.000183412,1.22179e-05,7.12369e-06,2.55869e-06,6.64831e-06,3.06528e-06,6.5668e-06,2.37497e-06,6.12229e-06
0.347835,0.219944,0.000790756,0.00056203,0.000556253,0.308323,0.00096887,0.000950133,0.000189618,1.22207e-05,7.07244e-06,2.54469e-06,6.59878e-06,3.05726e-06,6.47917e-06,2.36867e-06,6.03068e-06
0.348112,0.224715,0.000798155,0.000563984,0.000564777,0.314849,0.000970404,0.000950439,0.00019583,1.22231e-05,7.02123e-06,2.53091e-06,6.54921e-06,3.05061e-06,6.3917e-06,2.36268e-06,5.93899e-06
0.34839,0.229494,0.000805503,0.000565821,0.000573308,0.321374,0.000972063,0.000950833,0.000202047,1.22249e-05,6.97007e-06,2.51735e-06,6.4996e-06,3.04534e-06,6.30439e-06,2.35697e-06,5.84722e-06
0.348668,0.234279,0.000812792,0.000567526,0.000581846,0.327897,0.000973755,0.000951222,0.000208268,1.22262e-05,6.91895e-06,2.50399e-06,6.44995e-06,3.04146e-06,6.21725e-06,2.35152e-06,5.75539e-06
0.348946,0.239068,0.000820011,0.000569085,0.000590391,0.334414,0.000975358,0.000951481,0.000214495,1.22271e-05,6.86787e-06,2.49083e-06,6.40027e-06,3.03897e-06,6.13026e-06,2.3463e-06,5.66348e-06
0.349224,0.243859,0.00082715,0.000570478,0.000598942,0.340923,0.000976724,0.000951456,0.000220726,1.22274e-05,6.81683e-06,2.47787e-06,6.35054e-06,3.03788e-06,6.04344e-06,2.34129e-06,5.5715e-06
0.349503,0.24865,0.000834198,0.00057169,0.0006075,0.34742,0.000977694,0.000950986,0.000226963,1.22272e-05,6.76583e-06,2.4651e-06,6.30077e-06,3.03818e-06,5.95678e-06,2.33645e-06,5.47944e-06
0.349782,0.25344,0.000841144,0.000572702,0.000616066,0.353902,0.000978133,0.000949927,0.000233204,1.22266e-05,6.71487e-06,2.45253e-06,6.25097e-06,3.03988e-06,5.87029e-06,2.33177e-06,5.38731e-06
0.350061,0.258226,0.000847982,0.000573499,0.000624637,0.360368,0.000978049,0.000948285,0.00023945,1.22254e-05,6.66395e-06,2.44014e-06,6.20112e-06,3.043e-06,5.78395e-06,2.32721e-06,5.29511e-06
0.35034,0.263008,0.000854709,0.000574077,0.000633216,0.366815,0.000977523,0.000946141,0.000245702,1.22238e-05,6.61306e-06,2.42793e-06,6.15124e-06,3.04752e-06,5.69778e-06,2.32275e-06,5.20283e-06
0.350619,0.267783,0.00086134,0.000574453,0.000641802,0.37324,0.000976656,0.000943597,0.000251958,1.22217e-05,6.56221e-06,2.4159e-06,6.10131e-06,3.05346e-06,5.61176e-06,2.31837e-06,5.11049e-06
0.350899,0.27255,0.000867891,0.00057465,0.000650394,0.379642,0.000975564,0.000940769,0.000258219,1.22191e-05,6.51139e-06,2.40404e-06,6.05134e-06,3.06081e-06,5.52591e-06,2.31403e-06,5.01806e-06
0.351179,0.277308,0.00087438,0.000574689,0.000658994,0.386018,0.000974364,0.000937781,0.000264486,1.2216e-05,6.4606e-06,2.39235e-06,6.00134e-06,3.0696e-06,5.44022e-06,2.30971e-06,4.92556e-06
0.351459,0.282057,0.00088082,0.000574591,0.0006676,0.392365,0.000973175,0.000934751,0.000270757,1.22124e-05,6.40985e-06,2.38082e-06,5.95129e-06,3.0798e-06,5.35468e-06,2.30539e-06,4.83299e-06
0.351739,0.286793,0.000887227,0.000574376,0.000676213,0.398682,0.000972104,0.000931794,0.000277033,1.22084e-05,6.35913e-06,2.36945e-06,5.90121e-06,3.09145e-06,5.26931e-06,2.30103e-06,4.74035e-06
0.35202,0.291518,0.000893612,0.000574062,0.000684833,0.404966,0.000971247,0.000929006,0.000283315,1.22039e-05,6.30844e-06,2.35824e-06,5.85108e-06,3.10452e-06,5.18411e-06,2.29662e-06,4.64763e-06
0.352301,0.296228,0.000899987,0.000573665,0.00069346,0.411214,0.000970677,0.000926469,0.000289601,1.21989e-05,6.25779e-06,2.34718e-06,5.80092e-06,3.11904e-06,5.09906e-06,2.29214e-06,4.55484e-06
0.352582,0.300923,0.000912067,0.000573197,0.000709444,0.417425,0.000970636,0.000924239,0.000296509,1.21934e-05,6.21856e-06,2.33627e-06,5.76302e-06,3.135e-06,5.05069e-06,2.28754e-06,4.50296e-06
0.352863,0.305602,0.000928963,0.000572669,0.000731453,0.423597,0.00097112,0.000922336,0.000303926,1.21875e-05,6.18869e-06,2.3255e-06,5.73515e-06,3.1524e-06,5.03216e-06,2.28283e-06,4.48457e-06
0.353145,0.310263,0.000946052,0.000572086,0.000753479,0.429726,0.000971952,0.000920735,0.000311349,1.21811e-05,6.15885e-06,2.31487e-06,5.70726e-06,3.1712e-06,5.01356e-06,2.27798e-06,4.46616e-06
0.353426,0.314906,0.000963324,0.000571452,0.000775524,0.435811,0.000973078,0.000919381,0.000318778,1.21742e-05,6.12904e-06,2.30438e-06,5.67935e-06,3.19141e-06,4.99488e-06,2.27298e-06,4.44773e-06
0.353708,0.319528,0.000980774,0.000570767,0.000797585,0.44185,0.000974421,0.000918195,0.000326214,1.21669e-05,6.09927e-06,2.29402e-06,5.65142e-06,3.21299e-06,4.97611e-06,2.26783e-06,4.42929e-06
0.35399,0.324129,0.00099839,0.000570028,0.000819664,0.447839,0.000975885,0.000917074,0.000333655,1.21591e-05,6.06952e-06,2.28379e-06,5.62346e-06,3.23593e-06,4.95726e-06,2.26251e-06,4.41084e-06
0.354273,0.328707,0.00101616,0.00056923,0.000841761,0.453778,0.000977356,0.000915901,0.000341102,1.21508e-05,6.03979e-06,2.27368e-06,5.59548e-06,3.26022e-06,4.93832e-06,2.25701e-06,4.39237e-06
0.354555,0.333261,0.00103408,0.000568366,0.000863876,0.459663,0.000978715,0.000914545,0.000348554,1.21421e-05,6.01009e-06,2.2637e-06,5.56748e-06,3.28583e-06,4.91929e-06,2.25133e-06,4.37389e-06
0.354838,0.337791,0.00105213,0.000567427,0.000886008,0.465492,0.000979839,0.000912874,0.000356013,1.2133e-05,5.98042e-06,2.25383e-06,5.53946e-06,3.31275e-06,4.90015e-06,2.24546e-06,4.35539e-06
0.355121,0.342293,0.00107031,0.000566404,0.000908158,0.471262,0.00098061,0.000910757,0.000363478,1.21234e-05,5.95077e-06,2.24408e-06,5.51142e-06,3.34095e-06,4.88092e-06,2.23938e-06,4.33688e-06
0.355405,0.346769,0.00108861,0.000565297,0.000930325,0.476973,0.000980924,0.00090808,0.000370949,1.21133e-05,5.92114e-06,2.23444e-06,5.48335e-06,3.37043e-06,4.86157e-06,2.23311e-06,4.31835e-06
0.355688,0.351216,0.00110702,0.000564115,0.00095251,0.482621,0.000980711,0.000904758,0.000378425,1.21028e-05,5.89153e-06,2.22491e-06,5.45526e-06,3.40117e-06,4.84212e-06,2.22662e-06,4.29981e-06
0.355972,0.355634,0.00112556,0.000562868,0.000974713,0.488205,0.000980033,0.000900855,0.000385908,1.20919e-05,5.86194e-06,2.21548e-06,5.42715e-06,3.43314e-06,4.82256e-06,2.21991e-06,4.28125e-06
0.356256,0.360022,0.00114422,0.000561565,0.000996934,0.493723,0.000979035,0.000896521,0.000393397,1.20805e-05,5.83237e-06,2.20616e-06,5.39901e-06,3.46633e-06,4.80289e-06,2.21299e-06,4.26268e-06
0.35654,0.364379,0.00116299,0.000560213,0.00101917,0.499175,0.000977859,0.000891904,0.000400891,1.20687e-05,5.80281e-06,2.19693e-06,5.37086e-06,3.50072e-06,4.7831e-06,2.20585e-06,4.24409e-06
0.356824,0.368705,0.00118188,0.000558819,0.00104143,0.50456,0.00097663,0.000887143,0.000408392,1.20564e-05,5.77327e-06,2.1878e-06,5.34268e-06,3.5363e-06,4.7632e-06,2.19848e-06,4.22549e-06
0.357109,0.372998,0.00120089,0.000557387,0.0010637,0.509877,0.000975453,0.000882348,0.000415898,1.20437e-05,5.74375e-06,2.17877e-06,5.31447e-06,3.57304e-06,4.74318e-06,2.19088e-06,4.20687e-06
0.357394,0.377258,0.00122001,0.000555916,0.00108599,0.515124,0.000974402,0.000877601,0.000423411,1.20306e-05,5.71424e-06,2.16982e-06,5.28625e-06,3.61093e-06,4.72304e-06,2.18306e-06,4.18824e-06
0.357679,0.381483,0.00123923,0.000554405,0.0011083,0.520301,0.000973516,0.000872945,0.00043093,1.20171e-05,5.68475e-06,2.16096e-06,5.258e-06,3.64995e-06,4.70279e-06,2.17502e-06,4.1696e-06
0.357964,0.385674,0.00125856,0.000552849,0.00113063,0.525406,0.000972798,0.000868386,0.000438454,1.20031e-05,5.65526e-06,2.15218e-06,5.22973e-06,3.69008e-06,4.68242e-06,2.16674e-06,4.15093e-06
0.35825,0.389829,0.00128521,0.000551241,0.00116099,0.530439,0.000976303,0.000863886,0.000454828,1.19887e-05,5.64946e-06,2.14349e-06,5.22703e-06,3.73131e-06,4.67003e-06,2.15824e-06,4.1414e-06
0.358536,0.393947,0.00132011,0.000549569,0.00120028,0.535398,0.000984844,0.000859373,0.000481036,1.19739e-05,5.67e-06,2.13488e-06,5.25273e-06,3.77361e-06,4.66655e-06,2.14951e-06,4.14202e-06
0.358822,0.398028,0.00135525,0.00054782,0.0012396,0.540282,0.000993936,0.000854746,0.000507264,1.19586e-05,5.69064e-06,2.12634e-06,5.27846e-06,3.81698e-06,4.66299e-06,2.14056e-06,4.14264e-06
0.359108,0.40207,0.00139061,0.00054598,0.00127895,0.545091,0.00100349,0.000849916,0.000533514,1.1943e-05,5.71139e-06,2.11787e-06,5.3042e-06,3.86138e-06,4.65933e-06,2.13139e-06,4.14325e-06
0.359394,0.406073,0.00142617,0.000544033,0.00131833,0.549824,0.00101344,0.000844803,0.000559785,1.19269e-05,5.73223e-06,2.10948e-06,5.32997e-06,3.90681e-06,4.65559e-06,2.122e-06,4.14387e-06
0.359681,0.410036,0.00146191,0.000541962,0.00135774,0.554481,0.00102371,0.000839338,0.000586077,1.19104e-05,5.75317e-06,2.10116e-06,5.35575e-06,3.95325e-06,4.65178e-06,2.11239e-06,4.14449e-06
0.359968,0.413958,0.00149782,0.000539751,0.00139718,0.559059,0.00103425,0.000833455,0.000612389,1.18935e-05,5.7742e-06,2.09291e-06,5.38156e-06,4.00068e-06,4.64788e-06,2.10258e-06,4.14511e-06
0.360255,0.417839,0.00153388,0.000537387,0.00143666,0.56356,0.00104502,0.0008271,0.000638723,1.18762e-05,5.79533e-06,2.08472e-06,5.40739e-06,4.04907e-06,4.6439e-06,2.09255e-06,4.14573e-06
0.360542,0.421678,0.00157009,0.000534883,0.00147617,0.567982,0.00105598,0.000820226,0.000665077,1.18585e-05,5.81655e-06,2.07659e-06,5.43323e-06,4.09842e-06,4.63986e-06,2.08232e-06,4.14635e-06
0.36083,0.425476,0.00160644,0.000532256,0.00151571,0.572324,0.00106712,0.000812801,0.000691453,1.18403e-05,5.83786e-06,2.06853e-06,5.4591e-06,4.14871e-06,4.63574e-06,2.07189e-06,4.14697e-06
0.361118,0.429234,0.00164295,0.000529525,0.00155528,0.576586,0.00107844,0.000804811,0.00071785,1.18218e-05,5.85926e-06,2.06052e-06,5.48499e-06,4.19991e-06,4.63156e-06,2.06127e-06,4.14759e-06
0.361406,0.432951,0.0016796,0.000526711,0.00159488,0.580767,0.00108994,0.000796264,0.000744267,1.18029e-05,5.88074e-06,2.05258e-06,5.5109e-06,4.25201e-06,4.62732e-06,2.05046e-06,4.14821e-06
0.361694,0.436628,0.0017164,0.000523831,0.00163451,0.584867,0.00110167,0.000787201,0.000770706,1.17836e-05,5.90231e-06,2.04469e-06,5.53683e-06,4.305e-06,4.62301e-06,2.03947e-06,4.14884e-06
0.361983,0.440265,0.00175334,0.000520903,0.00167418,0.588885,0.00111371,0.000777731,0.000797166,1.17638e-05,5.92396e-06,2.03685e-06,5.56278e-06,4.35885e-06,4.61866e-06,2.0283e-06,4.14946e-06
0.362272,0.443863,0.00179043,0.00051794,0.00171387,0.592822,0.00112621,0.000768084,0.000823647,1.17437e-05,5.9457e-06,2.02906e-06,5.58876e-06,4.41355e-06,4.61425e-06,2.01696e-06,4.15008e-06
0.362561,0.447422,0.00182765,0.000514955,0.0017536,0.596682,0.00113932,0.000758486,0.000850149,1.17232e-05,5.96751e-06,2.02133e-06,5.61475e-06,4.46908e-06,4.6098e-06,2.00547e-06,4.15071e-06
0.36285,0.450943,0.001865,0.000511954,0.00179336,0.600464,0.00115314,0.00074912,0.000876672,1.17023e-05,5.98941e-06,2.01365e-06,5.64076e-06,4.52541e-06,4.60531e-06,1.99382e-06,4.15133e-06
0.363139,0.454425,0.00190249,0.000508944,0.00183315,0.604173,0.00116772,0.000740113,0.000903217,1.16811e-05,6.01138e-06,2.00601e-06,5.6668e-06,4.58255e-06,4.60077e-06,1.98202e-06,4.15195e-06
0.363429,0.45787,0.0019401,0.000505926,0.00187298,0.607809,0.00118306,0.000731531,0.000929782,1.16594e-05,6.03343e-06,1.99843e-06,5.69285e-06,4.64046e-06,4.59621e-06,1.97008e-06,4.15258e-06
0.363719,0.461277,0.00197784,0.000502899,0.00191283,0.611374,0.00119913,0.000723368,0.000956369,1.16374e-05,6.05556e-06,1.99089e-06,5.71893e-06,4.69912e-06,4.59162e-06,1.95802e-06,4.15321e-06
0.364009,0.464647,0.00198281,0.000499857,0.00191877,0.61487,0.00119874,0.000715555,0.000961749,1.16149e-05,6.06563e-06,1.98339e-06,5.73219e-06,4.75853e-06,4.56867e-06,1.94584e-06,4.13358e-06
0.364299,0.46798,0.00193802,0.000496793,0.00187327,0.618299,0.00117275,0.000707963,0.000934955,1.15921e-05,6.05736e-06,1.97594e-06,5.72602e-06,4.81866e-06,4.51791e-06,1.93354e-06,4.08325e-06
0.36459,0.471278,0.00189323,0.000493697,0.00182773,0.621663,0.00114687,0.000700419,0.00090814,1.1569e-05,6.04911e-06,1.96853e-06,5.71984e-06,4.8795e-06,4.46708e-06,1.92114e-06,4.03287e-06
0.364881,0.474539,0.00184843,0.00049056,0.00178215,0.624964,0.00112097,0.000692731,0.000881303,1.15454e-05,6.04087e-06,1.96116e-06,5.71366e-06,4.94102e-06,4.41621e-06,1.90865e-06,3.98245e-06
0.365172,0.477764,0.00180363,0.000487371,0.00173653,0.628204,0.00109498,0.000684767,0.000854446,1.15215e-05,6.03264e-06,1.95383e-06,5.70747e-06,5.00321e-06,4.36529e-06,1.89608e-06,3.932e-06
0.365463,0.480955,0.00175883,0.000484129,0.00169088,0.631384,0.00106894,0.00067658,0.000827566,1.14972e-05,6.02442e-06,1.94654e-06,5.70128e-06,5.06606e-06,4.31432e-06,1.88343e-06,3.8815e-06
0.365755,0.48411,0.00171403,0.000480841,0.0016452,0.634508,0.00104291,0.000668275,0.000800666,1.14726e-05,6.01622e-06,1.9393e-06,5.69508e-06,5.12954e-06,4.26332e-06,1.87073e-06,3.83097e-06
0.366046,0.487232,0.00166923,0.000477516,0.00159947,0.637578,0.00101697,0.000659962,0.000773744,1.14476e-05,6.00802e-06,1.93209e-06,5.68888e-06,5.19364e-06,4.21229e-06,1.85797e-06,3.78039e-06
0.366338,0.490321,0.00162446,0.000474162,0.00155371,0.640595,0.000991199,0.000651741,0.0007468,1.14222e-05,5.99984e-06,1.92492e-06,5.68268e-06,5.25833e-06,4.16123e-06,1.84517e-06,3.72977e-06
0.366631,0.493377,0.0015797,0.000470786,0.00150792,0.643563,0.000965659,0.000643688,0.000719835,1.13965e-05,5.99167e-06,1.91778e-06,5.67646e-06,5.32361e-06,4.11016e-06,1.83235e-06,3.67912e-06
0.366923,0.496401,0.00153497,0.000467393,0.00146208,0.646483,0.000940396,0.00063585,0.000692848,1.13704e-05,5.98351e-06,1.91069e-06,5.67025e-06,5.38945e-06,4.05907e-06,1.8195e-06,3.62842e-06
0.367216,0.499393,0.00149028,0.000463986,0.00141621,0.649357,0.000915437,0.000628237,0.00066584,1.1344e-05,5.97536e-06,1.90363e-06,5.66402e-06,5.45584e-06,4.00797e-06,1.80666e-06,3.57768e-06
0.367509,0.502354,0.00144564,0.000460568,0.00137031,0.652189,0.00089079,0.000620828,0.00063881,1.13172e-05,5.96723e-06,1.89661e-06,5.6578e-06,5.52275e-06,3.95687e-06,1.79381e-06,3.5269e-06
0.367802,0.505285,0.00140104,0.000457139,0.00132437,0.654979,0.000866449,0.000613584,0.000611759,1.129e-05,5.9591e-06,1.88962e-06,5.65157e-06,5.59018e-06,3.90577e-06,1.78099e-06,3.47608e-06
0.368095,0.508186,0.00135651,0.000453699,0.00127839,0.657731,0.000842407,0.000606458,0.000584686,1.12626e-05,5.95098e-06,1.88268e-06,5.64533e-06,5.6581e-06,3.8547e-06,1.7682e-06,3.42522e-06
0.368389,0.511058,0.00131204,0.000450246,0.00123237,0.660448,0.0008187,0.000599467,0.000557592,1.12347e-05,5.94288e-06,1.87577e-06,5.63909e-06,5.72649e-06,3.80364e-06,1.75545e-06,3.37432e-06
0.368683,0.513901,0.00126766,0.000446779,0.00118632,0.663133,0.000795476,0.000592771,0.000530476,1.12066e-05,5.93478e-06,1.86889e-06,5.63284e-06,5.79534e-06,3.75261e-06,1.74276e-06,3.32338e-06
0.368977,0.516716,0.00122337,0.0004433,0.00114023,0.66579,0.000772901,0.000586538,0.000503338,1.11781e-05,5.9267e-06,1.86205e-06,5.62659e-06,5.86463e-06,3.70162e-06,1.73013e-06,3.2724e-06
0.369271,0.519504,0.00117919,0.000439817,0.0010941,0.668425,0.000751122,0.000580894,0.000476179,1.11492e-05,5.91862e-06,1.85525e-06,5.62033e-06,5.93434e-06,3.65067e-06,1.71759e-06,3.22138e-06
0.369566,0.522266,0.00113516,0.000436358,0.00104794,0.671042,0.000730246,0.0005759,0.000448998,1.112e-05,5.91056e-06,1.84848e-06,5.61407e-06,6.00446e-06,3.59978e-06,1.70514e-06,3.17031e-06
0.369861,0.525003,0.00110146,0.000432957,0.0010128,0.673645,0.000715389,0.000571542,0.000430257,1.10905e-05,5.91923e-06,1.84176e-06,5.62541e-06,6.07496e-06,3.55721e-06,1.6928e-06,3.12861e-06
0.370156,0.527719,0.0010893,0.000429646,0.00100099,0.676238,0.00071182,0.00056773,0.000429384,1.10607e-05,5.96333e-06,1.83506e-06,5.67396e-06,6.14583e-06,3.53216e-06,1.68058e-06,3.10673e-06
0.370451,0.530413,0.00107719,0.000426452,0.000989177,0.678826,0.000708561,0.000564303,0.000428511,1.10305e-05,6.00755e-06,1.82841e-06,5.72255e-06,6.21705e-06,3.50715e-06,1.6685e-06,3.08483e-06
0.370746,0.533088,0.00106512,0.000423398,0.000977354,0.681413,0.000705444,0.000561051,0.000427637,1.1e-05,6.0519e-06,1.8218e-06,5.77118e-06,6.28861e-06,3.48219e-06,1.65656e-06,3.06292e-06
0.371042,0.535746,0.00105311,0.000420498,0.000965521,0.684004,0.000702286,0.000557745,0.000426762,1.09692e-05,6.09637e-06,1.81522e-06,5.81985e-06,6.36048e-06,3.4573e-06,1.64478e-06,3.04099e-06
0.371338,0.538389,0.00104117,0.000417762,0.000953679,0.686603,0.00069892,0.000554175,0.000425887,1.0938e-05,6.14096e-06,1.80868e-06,5.86856e-06,6.43265e-06,3.43247e-06,1.63318e-06,3.01904e-06
0.371634,0.541017,0.00102928,0.000415188,0.000941828,0.689214,0.000695286,0.000550262,0.00042501,1.09065e-05,6.18566e-06,1.80219e-06,5.91731e-06,6.5051e-06,3.40772e-06,1.62177e-06,2.99707e-06
0.371931,0.543632,0.00101746,0.000412768,0.000929967,0.691839,0.00069159,0.000546267,0.000424134,1.08748e-05,6.23048e-06,1.79573e-06,5.96609e-06,6.57781e-06,3.38305e-06,1.61055e-06,2.97509e-06
0.372227,0.546237,0.00100568,0.000410487,0.000918096,0.694481,0.000688116,0.000542547,0.000423256,1.08427e-05,6.27542e-06,1.78931e-06,6.01492e-06,6.65077e-06,3.35847e-06,1.59955e-06,2.95309e-06
0.372524,0.548833,0.000993959,0.00040832,0.000906216,0.69714,0.00068512,0.000539432,0.000422378,1.08102e-05,6.32047e-06,1.78294e-06,6.06378e-06,6.72395e-06,3.33397e-06,1.58878e-06,2.93107e-06
0.372822,0.551422,0.000982268,0.000406237,0.000894327,0.69982,0.000682803,0.000537176,0.000421499,1.07775e-05,6.36563e-06,1.77661e-06,6.11269e-06,6.79734e-06,3.30958e-06,1.57824e-06,2.90903e-06
0.373119,0.554005,0.000970597,0.000404203,0.000882428,0.702521,0.000681276,0.000535926,0.000420619,1.07445e-05,6.4109e-06,1.77032e-06,6.16163e-06,6.87093e-06,3.28529e-06,1.56796e-06,2.88698e-06
0.373417,0.556584,0.000958933,0.000402178,0.00087052,0.705246,0.000680552,0.000535696,0.000419739,1.07112e-05,6.45629e-06,1.76408e-06,6.21061e-06,6.94469e-06,3.26111e-06,1.55794e-06,2.86491e-06
0.373714,0.559161,0.000947257,0.000400122,0.000858602,0.707996,0.00068054,0.00053637,0.000418858,1.06775e-05,6.50178e-06,1.75788e-06,6.25963e-06,7.0186e-06,3.23706e-06,1.5482e-06,2.84282e-06
0.374013,0.561737,0.000935553,0.000397997,0.000846675,0.710773,0.000681059,0.000537715,0.000417976,1.06436e-05,6.54737e-06,1.75173e-06,6.30869e-06,7.09265e-06,3.21312e-06,1.53874e-06,2.82071e-06
0.374311,0.564314,0.000923811,0.000395778,0.000834738,0.713579,0.000681858,0.000539411,0.000417093,1.06094e-05,6.59308e-06,1.74563e-06,6.35779e-06,7.16683e-06,3.18931e-06,1.52959e-06,2.79859e-06
0.37461,0.566891,0.000912039,0.000393484,0.000822791,0.716416,0.000682655,0.000541097,0.00041621,1.05748e-05,6.63889e-06,1.73958e-06,6.40692e-06,7.2411e-06,3.16564e-06,1.52074e-06,2.77644e-06
0.374908,0.569466,0.000900251,0.00039115,0.000810835,0.719285,0.000683199,0.000542462,0.000415326,1.054e-05,6.6848e-06,1.73358e-06,6.4561e-06,7.31547e-06,3.14211e-06,1.51222e-06,2.75428e-06
0.375207,0.57204,0.000888464,0.000388813,0.00079887,0.722186,0.000683492,0.000543507,0.000414442,1.05049e-05,6.73081e-06,1.72763e-06,6.50532e-06,7.38989e-06,3.11873e-06,1.50402e-06,2.73211e-06
0.375507,0.57461,0.000876696,0.000386512,0.000786895,0.725114,0.000683686,0.000544425,0.000413556,1.04695e-05,6.77693e-06,1.72173e-06,6.55457e-06,7.46437e-06,3.0955e-06,1.49617e-06,2.70991e-06
0.375806,0.577177,0.000872376,0.000384286,0.000783176,0.728068,0.000683934,0.000545434,0.000412635,1.04338e-05,6.81342e-06,1.71589e-06,6.59382e-06,7.53889e-06,3.0802e-06,1.48866e-06,2.69658e-06
0.376106,0.579738,0.000891056,0.00038217,0.000804939,0.731045,0.000684347,0.000546731,0.000411602,1.03978e-05,6.82002e-06,1.7101e-06,6.60214e-06,7.61341e-06,3.08907e-06,1.48152e-06,2.71062e-06
0.376406,0.582294,0.000909952,0.000380194,0.000826719,0.734041,0.000685108,0.000548458,0.000410569,1.03615e-05,6.82664e-06,1.70437e-06,6.61046e-06,7.68793e-06,3.09817e-06,1.47474e-06,2.72467e-06
0.376706,0.584842,0.000929061,0.000378384,0.000848517,0.737054,0.000686264,0.000550672,0.000409534,1.0325e-05,6.8333e-06,1.6987e-06,6.61879e-06,7.76244e-06,3.10751e-06,1.46833e-06,2.73873e-06
0.377007,0.587382,0.00094838,0.000376758,0.000870332,0.740081,0.000687792,0.000553341,0.000408499,1.02882e-05,6.83998e-06,1.69309e-06,6.62713e-06,7.8369e-06,3.11708e-06,1.4623e-06,2.7528e-06
0.377308,0.589913,0.000967898,0.000375325,0.000892164,0.74312,0.000689591,0.000556336,0.000407464,1.02511e-05,6.84669e-06,1.68754e-06,6.63547e-06,7.91131e-06,3.12689e-06,1.45665e-06,2.76688e-06
0.377609,0.592434,0.000987606,0.000374089,0.000914014,0.746167,0.000691494,0.000559447,0.000406427,1.02137e-05,6.85344e-06,1.68205e-06,6.64382e-06,7.98564e-06,3.13693e-06,1.45139e-06,2.78097e-06
0.37791,0.594944,0.00100749,0.000373043,0.000935882,0.74922,0.000693281,0.000562404,0.000405389,1.01761e-05,6.86021e-06,1.67663e-06,6.65217e-06,8.05988e-06,3.14721e-06,1.44653e-06,2.79508e-06
0.378211,0.597441,0.00102753,0.000372171,0.000957766,0.752276,0.00069471,0.000564909,0.000404351,1.01382e-05,6.86701e-06,1.67127e-06,6.66054e-06,8.13401e-06,3.15771e-06,1.44206e-06,2.80919e-06
0.378513,0.599926,0.00104772,0.000371453,0.000979668,0.755333,0.000695651,0.000566806,0.000403312,1.01e-05,6.87385e-06,1.66598e-06,6.6689e-06,8.20801e-06,3.16843e-06,1.438e-06,2.82332e-06
0.378815,0.602396,0.00106804,0.000370859,0.00100159,0.758387,0.000696133,0.000568136,0.000402272,1.00615e-05,6.88071e-06,1.66077e-06,6.67728e-06,8.28187e-06,3.17938e-06,1.43433e-06,2.83746e-06
0.379117,0.604851,0.00108847,0.000370357,0.00102353,0.761436,0.000696224,0.000568983,0.000401231,1.00228e-05,6.88761e-06,1.65562e-06,6.68566e-06,8.35557e-06,3.19055e-06,1.43106e-06,2.85161e-06
0.379419,0.60729,0.00110899,0.000369909,0.00104548,0.764477,0.000696001,0.000569444,0.000400189,9.98389e-06,6.89454e-06,1.65055e-06,6.69405e-06,8.42908e-06,3.20193e-06,1.42819e-06,2.86577e-06
0.379722,0.609712,0.00112959,0.000369479,0.00106745,0.767508,0.000695534,0.000569604,0.000399147,9.94467e-06,6.9015e-06,1.64555e-06,6.70245e-06,8.5024e-06,3.21353e-06,1.42573e-06,2.87994e-06
0.380025,0.612115,0.00115025,0.00036903,0.00108944,0.770527,0.000694875,0.000569531,0.000398103,9.9052e-06,6.90849e-06,1.64063e-06,6.71085e-06,8.5755e-06,3.22533e-06,1.42366e-06,2.89413e-06
0.380328,0.6145,0.00117096,0.000368535,0.00111145,0.773531,0.000694056,0.000569261,0.000397059,9.86547e-06,6.91551e-06,1.63579e-06,6.71926e-06,8.64837e-06,3.23734e-06,1.42198e-06,2.90832e-06
0.380632,0.616865,0.00119171,0.00036799,0.00113347,0.776516,0.000693082,0.000568802,0.000396014,9.8255e-06,6.92256e-06,1.63103e-06,6.72768e-06,8.72099e-06,3.24955e-06,1.4207e-06,2.92253e-06
0.380935,0.61921,0.00121252,0.000367392,0.00115552,0.779482,0.000691936,0.000568133,0.000394968,9.78527e-06,6.92965e-06,1.62635e-06,6.7361e-06,8.79334e-06,3.26195e-06,1.4198e-06,2.93675e-06
0.381239,0.621534,0.00123336,0.000366736,0.00117758,0.782424,0.000690587,0.000567217,0.000393922,9.7448e-06,6.93677e-06,1.62176e-06,6.74453e-06,8.8654e-06,3.27454e-06,1.41928e-06,2.95098e-06
0.381543,0.623837,0.00125425,0.000366009,0.00119965,0.785341,0.000689002,0.000566015,0.000392874,9.70409e-06,6.94392e-06,1.61725e-06,6.75296e-06,8.93716e-06,3.28732e-06,1.41913e-06,2.96522e-06
0.381848,0.626119,0.00126824,0.000365191,0.00121452,0.788229,0.000686884,0.000564538,0.000391288,9.66314e-06,6.9513e-06,1.61283e-06,6.76161e-06,9.00859e-06,3.29366e-06,1.41936e-06,2.97214e-06
0.382152,0.628379,0.00124812,0.000364254,0.00119378,0.791087,0.000683156,0.000562934,0.00038705,9.62195e-06,6.95969e-06,1.6085e-06,6.77127e-06,9.07968e-06,3.26756e-06,1.41993e-06,2.94291e-06
0.382457,0.630617,0.00122796,0.00036316,0.00117303,0.793912,0.000679457,0.000561356,0.000382808,9.58052e-06,6.96812e-06,1.60427e-06,6.78093e-06,9.15042e-06,3.24165e-06,1.42086e-06,2.91367e-06
0.382762,0.632831,0.00120774,0.000361867,0.00115225,0.796703,0.000675866,0.000559897,0.000378563,9.53886e-06,6.97658e-06,1.60013e-06,6.7906e-06,9.22078e-06,3.21593e-06,1.42213e-06,2.8844e-06
0.383067,0.635023,0.00118745,0.000360324,0.00113146,0.799455,0.000672394,0.000558572,0.000374315,9.49696e-06,6.98508e-06,1.59608e-06,6.80028e-06,9.29075e-06,3.19039e-06,1.42373e-06,2.8551e-06
0.383373,0.637191,0.00116708,0.000358478,0.00111066,0.802168,0.000668983,0.000557307,0.000370063,9.45484e-06,6.99361e-06,1.59213e-06,6.80997e-06,9.36031e-06,3.16505e-06,1.42565e-06,2.82579e-06
0.383679,0.639334,0.00114659,0.000356275,0.00108983,0.804839,0.000665497,0.000555941,0.000365808,9.41248e-06,7.00217e-06,1.58828e-06,6.81966e-06,9.42944e-06,3.13989e-06,1.42787e-06,2.79645e-06
0.383985,0.641453,0.00112598,0.000353663,0.00106899,0.807465,0.000661731,0.00055423,0.000361549,9.36991e-06,7.01077e-06,1.58454e-06,6.82936e-06,9.49813e-06,3.11493e-06,1.43039e-06,2.76708e-06
0.384291,0.643546,0.00110522,0.000350611,0.00104814,0.810045,0.000657427,0.000551866,0.000357287,9.32711e-06,7.01941e-06,1.5809e-06,6.83907e-06,9.56635e-06,3.09015e-06,1.43319e-06,2.7377e-06
0.384598,0.645614,0.00108434,0.000347161,0.00102727,0.812575,0.000652291,0.000548506,0.000353022,9.28409e-06,7.02809e-06,1.57736e-06,6.84879e-06,9.63409e-06,3.06556e-06,1.43626e-06,2.70829e-06
0.384905,0.647657,0.00106334,0.00034338,0.00100638,0.815055,0.000646023,0.000543799,0.000348753,9.24085e-06,7.0368e-06,1.57393e-06,6.85852e-06,9.70132e-06,3.04116e-06,1.43959e-06,2.67885e-06
0.385212,0.649672,0.00104226,0.000339346,0.000985469,0.81748,0.000638363,0.000537439,0.000344481,9.1974e-06,7.04554e-06,1.57061e-06,6.86825e-06,9.76805e-06,3.01695e-06,1.44316e-06,2.64939e-06
0.385519,0.651662,0.00102111,0.000335139,0.000964546,0.819851,0.000629323,0.000529441,0.000340206,9.15373e-06,7.05432e-06,1.56741e-06,6.87799e-06,9.83423e-06,2.99293e-06,1.44696e-06,2.61991e-06
0.385826,0.653624,0.000999925,0.000330842,0.000943607,0.822169,0.000619211,0.000520168,0.000335927,9.10985e-06,7.06314e-06,1.56431e-06,6.88774e-06,9.89987e-06,2.96909e-06,1.45097e-06,2.59041e-06
0.386134,0.655558,0.000978727,0.000326532,0.00092265,0.824436,0.000608394,0.000510054,0.000331644,9.06576e-06,7.072e-06,1.56133e-06,6.89749e-06,9.96493e-06,2.94545e-06,1.45518e-06,2.56088e-06
0.386442,0.657465,0.000957543,0.000322284,0.000901677,0.826652,0.00059725,0.000499544,0.000327358,9.02147e-06,7.08089e-06,1.55847e-06,6.90726e-06,1.00294e-05,2.92198e-06,1.45957e-06,2.53133e-06
0.38675,0.659344,0.000936396,0.000318163,0.000880688,0.828818,0.000586132,0.000489057,0.000323069,8.97697e-06,7.08982e-06,1.55572e-06,6.91703e-06,1.00933e-05,2.8987e-06,1.46413e-06,2.50175e-06
0.387059,0.661194,0.000915307,0.000314223,0.000859681,0.830937,0.000575337,0.000478951,0.000318776,8.93227e-06,7.09879e-06,1.5531e-06,6.92681e-06,1.01565e-05,2.8756e-06,1.46885e-06,2.47216e-06
0.387368,0.663015,0.000894293,0.000310505,0.000838658,0.833009,0.000565082,0.000469488,0.00031448,8.88737e-06,7.10779e-06,1.5506e-06,6.9366e-06,1.02191e-05,2.85268e-06,1.4737e-06,2.44253e-06
0.387677,0.664806,0.000873366,0.000307033,0.000817618,0.835035,0.000555485,0.000460816,0.000310181,8.84227e-06,7.11684e-06,1.54822e-06,6.94639e-06,1.02811e-05,2.82993e-06,1.47868e-06,2.41289e-06
0.387986,0.666568,0.00085372,0.000303816,0.000797831,0.837018,0.000546655,0.000452952,0.000306049,8.79698e-06,7.1259e-06,1.54597e-06,6.95618e-06,1.03424e-05,2.80933e-06,1.48376e-06,2.38553e-06
0.388295,0.6683,0.000845821,0.000300844,0.00079051,0.838957,0.000539351,0.000445791,0.000303596,8.75149e-06,7.13488e-06,1.54384e-06,6.96585e-06,1.04029e-05,2.80816e-06,1.48893e-06,2.38094e-06
0.388605,0.670002,0.000837994,0.000298092,0.000783183,0.840855,0.00053246,0.000439123,0.00030114,8.70582e-06,7.14389e-06,1.54184e-06,6.97552e-06,1.04628e-05,2.80705e-06,1.49418e-06,2.37633e-06
0.388915,0.671672,0.000830225,0.000295516,0.00077585,0.842713,0.000525775,0.000432698,0.000298683,8.65995e-06,7.15294e-06,1.53997e-06,6.9852e-06,1.05219e-05,2.80599e-06,1.4995e-06,2.37173e-06
0.389225,0.673311,0.000822493,0.000293061,0.000768512,0.84453,0.00051922,0.000426429,0.000296224,8.6139e-06,7.16203e-06,1.53823e-06,6.99489e-06,1.05803e-05,2.80496e-06,1.50485e-06,2.36712e-06
0.389536,0.674919,0.000814775,0.000290658,0.000761168,0.846306,0.000512806,0.000420326,0.000293763,8.56767e-06,7.17115e-06,1.53663e-06,7.00458e-06,1.0638e-05,2.80397e-06,1.51024e-06,2.3625e-06
0.389847,0.676494,0.000807044,0.000288233,0.000753818,0.848042,0.000506553,0.000414416,0.000291299,8.52125e-06,7.18031e-06,1.53516e-06,7.01429e-06,1.06948e-05,2.803e-06,1.51564e-06,2.35788e-06
0.390158,0.678037,0.00079927,0.000285706,0.000746462,0.849736,0.000500467,0.000408708,0.000288834,8.47466e-06,7.18952e-06,1.53382e-06,7.024e-06,1.07508e-05,2.80204e-06,1.52105e-06,2.35326e-06
0.390469,0.679547,0.000791427,0.000282999,0.0007391,0.851389,0.00049453,0.000403179,0.000286367,8.42789e-06,7.19875e-06,1.53262e-06,7.03372e-06,1.08061e-05,2.80109e-06,1.52644e-06,2.34864e-06
0.39078,0.681025,0.000783488,0.00028004,0.000731732,0.853001,0.000488685,0.000397762,0.000283898,8.38094e-06,7.20803e-06,1.53155e-06,7.04344e-06,1.08605e-05,2.80014e-06,1.5318e-06,2.34401e-06
0.391092,0.682468,0.000775433,0.000276771,0.000724358,0.85457,0.000482842,0.000392346,0.000281427,8.33382e-06,7.21735e-06,1.53063e-06,7.05318e-06,1.0914e-05,2.79918e-06,1.53712e-06,2.33938e-06
0.391404,0.683878,0.000767261,0.000273187,0.000716979,0.856096,0.000476887,0.000386789,0.000278954,8.28654e-06,7.2267e-06,1.52984e-06,7.06292e-06,1.09666e-05,2.79821e-06,1.54238e-06,2.33474e-06
0.391716,0.685254,0.000758996,0.000269355,0.000709593,0.85758,0.000470694,0.000380936,0.000276479,8.23908e-06,7.2361e-06,1.5292e-06,7.07267e-06,1.10184e-05,2.79721e-06,1.54758e-06,2.3301e-06
0.392029,0.686596,0.000750666,0.000265351,0.000702202,0.859022,0.000464164,0.000374661,0.000274002,8.19146e-06,7.24553e-06,1.52869e-06,7.08243e-06,1.10693e-05,2.79617e-06,1.55269e-06,2.32546e-06
0.392342,0.687904,0.000742297,0.000261247,0.000694805,0.86042,0.000457254,0.000367908,0.000271523,8.14368e-06,7.255e-06,1.52833e-06,7.09219e-06,1.11192e-05,2.7951e-06,1.55771e-06,2.32081e-06
0.392654,0.689178,0.000733909,0.000257101,0.000687402,0.861774,0.000450104,0.000360847,0.000269042,8.09573e-06,7.2645e-06,1.52811e-06,7.10196e-06,1.11682e-05,2.79399e-06,1.56261e-06,2.31616e-06
0.392968,0.690419,0.000725518,0.000252953,0.000679993,0.863087,0.000443165,0.000354035,0.000266559,8.04763e-06,7.27405e-06,1.52803e-06,7.11174e-06,1.12163e-05,2.79281e-06,1.5674e-06,2.3115e-06
0.393281,0.691626,0.000717128,0.00024882,0.000672578,0.864359,0.000436908,0.000348071,0.000264075,7.99937e-06,7.28363e-06,1.5281e-06,7.12153e-06,1.12633e-05,2.79158e-06,1.57206e-06,2.30685e-06
0.393595,0.692799,0.000708738,0.000244695,0.000665157,0.865592,0.000431706,0.000343427,0.000261588,7.95096e-06,7.29326e-06,1.52831e-06,7.13133e-06,1.13094e-05,2.79028e-06,1.57658e-06,2.30218e-06
0.393909,0.693939,0.000700337,0.000240546,0.000657731,0.866788,0.000427758,0.00034036,0.000259099,7.90239e-06,7.30292e-06,1.52866e-06,7.14113e-06,1.13545e-05,2.7889e-06,1.58094e-06,2.29752e-06
0.394223,0.695044,0.000691939,0.000236319,0.000650333,0.867947,0.00042506,0.000338854,0.000256621,7.85368e-06,7.31262e-06,1.52916e-06,7.15095e-06,1.13985e-05,2.78776e-06,1.58513e-06,2.29325e-06
0.394538,0.696116,0.00068554,0.000231943,0.00064511,0.869072,0.000423826,0.000338601,0.000254907,7.80482e-06,7.32241e-06,1.5298e-06,7.16082e-06,1.14415e-05,2.80662e-06,1.58915e-06,2.31338e-06
0.394852,0.697154,0.000679068,0.00022734,0.000639883,0.870163,0.000423135,0.000339024,0.000253191,7.75582e-06,7.33224e-06,1.53059e-06,7.1707e-06,1.14834e-05,2.82541e-06,1.59299e-06,2.33352e-06
0.395167,0.698159,0.000672503,0.000222439,0.000634651,0.871223,0.000422364,0.00033934,0.000251475,7.70667e-06,7.3421e-06,1.53153e-06,7.18059e-06,1.15242e-05,2.84413e-06,1.59663e-06,2.35369e-06
0.395482,0.69913,0.000665855,0.000217255,0.000629415,0.872251,0.000420786,0.000338647,0.000249757,7.65738e-06,7.35201e-06,1.53261e-06,7.19049e-06,1.15639e-05,2.86277e-06,1.60007e-06,2.37386e-06
0.395798,0.70007,0.000659161,0.000211893,0.000624175,0.873251,0.000417643,0.000336011,0.000248038,7.60796e-06,7.36195e-06,1.53383e-06,7.2004e-06,1.16025e-05,2.88133e-06,1.60329e-06,2.39406e-06
0.396114,0.70098,0.000652465,0.000206483,0.000618931,0.874224,0.000412243,0.000330563,0.000246317,7.5584e-06,7.37193e-06,1.5352e-06,7.21031e-06,1.164e-05,2.89981e-06,1.6063e-06,2.41427e-06
0.39643,0.701861,0.00064581,0.000201159,0.000613682,0.87517,0.000404314,0.000321937,0.000244595,7.5087e-06,7.38195e-06,1.53672e-06,7.22023e-06,1.16763e-05,2.91821e-06,1.60909e-06,2.43449e-06
0.396746,0.702715,0.000639237,0.000196054,0.00060843,0.876091,0.000394378,0.000310721,0.000242871,7.45888e-06,7.39201e-06,1.53837e-06,7.23016e-06,1.17115e-05,2.93651e-06,1.61164e-06,2.45474e-06
0.397062,0.703542,0.000632778,0.000191285,0.000603173,0.876987,0.000383186,0.000297792,0.000241146,7.40893e-06,7.4021e-06,1.54017e-06,7.2401e-06,1.17454e-05,2.95473e-06,1.61395e-06,2.475e-06
0.397379,0.704345,0.000626456,0.000186945,0.000597912,0.87786,0.000371554,0.000284131,0.00023942,7.35885e-06,7.41224e-06,1.54212e-06,7.25004e-06,1.17781e-05,2.97286e-06,1.61602e-06,2.49527e-06
0.397696,0.705125,0.000620284,0.00018309,0.000592647,0.878711,0.000360266,0.000270729,0.000237693,7.30865e-06,7.42241e-06,1.54421e-06,7.26e-06,1.18097e-05,2.9909e-06,1.61784e-06,2.51556e-06
0.398013,0.705883,0.000614261,0.000179735,0.000587377,0.879541,0.00034999,0.000258484,0.000235964,7.25832e-06,7.43261e-06,1.54644e-06,7.26996e-06,1.18399e-05,3.00884e-06,1.61941e-06,2.53587e-06
0.398331,0.706621,0.000608375,0.00017685,0.000582104,0.88035,0.000341184,0.000248074,0.000234233,7.20788e-06,7.44286e-06,1.54881e-06,7.27993e-06,1.1869e-05,3.02669e-06,1.62072e-06,2.55619e-06
0.398649,0.707339,0.000602602,0.00017436,0.000576826,0.88114,0.000334032,0.000239834,0.000232502,7.15732e-06,7.45314e-06,1.55132e-06,7.2899e-06,1.18967e-05,3.04445e-06,1.62178e-06,2.57653e-06
0.398967,0.70804,0.000596909,0.000172157,0.000571544,0.881911,0.000328417,0.000233674,0.000230768,7.10664e-06,7.46346e-06,1.55396e-06,7.29989e-06,1.19231e-05,3.06212e-06,1.62257e-06,2.59689e-06
0.399285,0.708725,0.000591256,0.000170107,0.000566258,0.882664,0.000323945,0.000229094,0.000229034,7.05586e-06,7.47381e-06,1.55675e-06,7.30988e-06,1.19482e-05,3.0797e-06,1.6231e-06,2.61726e-06
0.399603,0.709395,0.000585602,0.000168066,0.000560967,0.883402,0.000320031,0.000225289,0.000227298,7.00496e-06,7.4842e-06,1.55968e-06,7.31988e-06,1.1972e-05,3.09718e-06,1.62337e-06,2.63765e-06
0.399922,0.710052,0.000579909,0.0001659,0.000555672,0.884123,0.000316027,0.00022135,0.000225561,6.95395e-06,7.49463e-06,1.56274e-06,7.32989e-06,1.19945e-05,3.11458e-06,1.62338e-06,2.65805e-06
0.400241,0.710696,0.000574152,0.000163523,0.000550373,0.88483,0.000311575,0.000216754,0.000223822,6.90284e-06,7.50509e-06,1.56593e-06,7.33991e-06,1.20156e-05,3.1319e-06,1.62313e-06,2.67848e-06
0.40056,0.711329,0.000568354,0.000161011,0.00054507,0.885522,0.000306919,0.000211846,0.000222082,6.85163e-06,7.51559e-06,1.56926e-06,7.34993e-06,1.20353e-05,3.14913e-06,1.62262e-06,2.69891e-06
0.40088,0.711951,0.00056608,0.000158541,0.000543426,0.8862,0.000303166,0.000207341,0.000221178,6.80031e-06,7.52797e-06,1.57272e-06,7.36185e-06,1.20535e-05,3.14649e-06,1.62186e-06,2.69629e-06
0.4012,0.712562,0.000564106,0.00015632,0.000542015,0.886864,0.000300324,0.000204085,0.000220326,6.7489e-06,7.5405e-06,1.57631e-06,7.3739e-06,1.20704e-05,3.14246e-06,1.62085e-06,2.69219e-06
0.40152,0.713163,0.000562262,0.000154557,0.000540603,0.887514,0.000298861,0.000202852,0.000219473,6.69739e-06,7.55308e-06,1.58003e-06,7.38596e-06,1.20858e-05,3.13829e-06,1.61959e-06,2.68809e-06
0.40184,0.713753,0.000560596,0.000153437,0.000539189,0.888151,0.000299116,0.000204146,0.00021862,6.64579e-06,7.56568e-06,1.58388e-06,7.39803e-06,1.20998e-05,3.134e-06,1.6181e-06,2.68398e-06
0.402161,0.714334,0.000559144,0.000153101,0.000537775,0.888774,0.000301177,0.000208052,0.000217767,6.59409e-06,7.57833e-06,1.58785e-06,7.41011e-06,1.21123e-05,3.12959e-06,1.61638e-06,2.67986e-06
0.402481,0.714905,0.000557926,0.000153621,0.00053636,0.889384,0.000304849,0.000214201,0.000216912,6.5423e-06,7.591e-06,1.59195e-06,7.4222e-06,1.21233e-05,3.12507e-06,1.61444e-06,2.67575e-06
0.402802,0.715466,0.000556943,0.00015499,0.000534943,0.889981,0.000309673,0.000221848,0.000216057,6.49043e-06,7.60372e-06,1.59617e-06,7.4343e-06,1.21328e-05,3.12043e-06,1.61229e-06,2.67163e-06
0.403124,0.716019,0.00055618,0.00015712,0.000533525,0.890565,0.000314987,0.000230012,0.000215201,6.43847e-06,7.61647e-06,1.60051e-06,7.44641e-06,1.21408e-05,3.11569e-06,1.60994e-06,2.66751e-06
0.403445,0.716563,0.000555597,0.000159848,0.000532106,0.891137,0.000320019,0.000237631,0.000214345,6.38643e-06,7.62925e-06,1.60496e-06,7.45852e-06,1.21472e-05,3.11085e-06,1.60741e-06,2.66338e-06
0.403767,0.717098,0.000555141,0.000162954,0.000530686,0.891697,0.000323975,0.000243686,0.000213488,6.33431e-06,7.64207e-06,1.60954e-06,7.47065e-06,1.21521e-05,3.10592e-06,1.60472e-06,2.65926e-06
0.404089,0.717626,0.00055474,0.000166177,0.000529265,0.892244,0.000326302,0.000247511,0.00021263,6.28212e-06,7.65492e-06,1.61423e-06,7.48279e-06,1.21554e-05,3.10091e-06,1.60187e-06,2.65512e-06
0.404412,0.718146,0.000554309,0.000169236,0.000527843,0.89278,0.000327033,0.000249206,0.000211771,6.22984e-06,7.66781e-06,1.61903e-06,7.49494e-06,1.21571e-05,3.09583e-06,1.59889e-06,2.65099e-06
0.404734,0.718658,0.000553757,0.000171842,0.000526419,0.893306,0.000326419,0.00024913,0.000210912,6.1775e-06,7.68073e-06,1.62394e-06,7.50709e-06,1.21571e-05,3.09069e-06,1.5958e-06,2.64685e-06
0.405057,0.719164,0.000552989,0.000173716,0.000524995,0.89382,0.00032479,0.000247722,0.000210052,6.12508e-06,7.69368e-06,1.62896e-06,7.51926e-06,1.21556e-05,3.0855e-06,1.59261e-06,2.64271e-06
0.40538,0.719662,0.000551935,0.000174664,0.000523569,0.894325,0.000322496,0.000245443,0.000209192,6.07259e-06,7.70667e-06,1.63408e-06,7.53143e-06,1.21524e-05,3.08028e-06,1.58937e-06,2.63856e-06
0.405704,0.720153,0.000550589,0.000174687,0.000522142,0.89482,0.00031987,0.000242725,0.000208331,6.02004e-06,7.71968e-06,1.63931e-06,7.54362e-06,1.21475e-05,3.07503e-06,1.58608e-06,2.63442e-06
0.406027,0.720638,0.000548969,0.000173849,0.000520714,0.895307,0.00031719,0.000239929,0.000207469,5.96742e-06,7.73273e-06,1.64464e-06,7.55581e-06,1.21409e-05,3.06977e-06,1.58279e-06,2.63026e-06
0.406351,0.721115,0.000547108,0.000172251,0.000519285,0.895785,0.000314652,0.000237318,0.000206606,5.91474e-06,7.74581e-06,1.65007e-06,7.56802e-06,1.21327e-05,3.06452e-06,1.57951e-06,2.62611e-06
0.406675,0.721586,0.000545049,0.000170013,0.000517855,0.896255,0.000312362,0.000235032,0.000205743,5.862e-06,7.75893e-06,1.65559e-06,7.58023e-06,1.21227e-05,3.0593e-06,1.57629e-06,2.62195e-06
0.407,0.722049,0.000542839,0.000167276,0.000516424,0.896717,0.000310333,0.00023309,0.000204879,5.80921e-06,7.77207e-06,1.66121e-06,7.59246e-06,1.21109e-05,3.05412e-06,1.57316e-06,2.61779e-06
0.407324,0.722505,0.000538377,0.000164187,0.000512731,0.897173,0.000308635,0.000231412,0.000204215,5.75636e-06,7.74777e-06,1.66693e-06,7.56633e-06,1.20975e-05,3.07017e-06,1.57016e-06,2.63829e-06
0.407649,0.722954,0.000533519,0.000160903,0.000508677,0.897622,0.000307053,0.000229861,0.000203583,5.70345e-06,7.71756e-06,1.67273e-06,7.53411e-06,1.20822e-05,3.08974e-06,1.56732e-06,2.6627e-06
0.407974,0.723395,0.000528651,0.000157576,0.00050462,0.898065,0.000305517,0.000228368,0.00020295,5.6505e-06,7.68737e-06,1.67862e-06,7.50186e-06,1.20651e-05,3.1095e-06,1.5647e-06,2.68714e-06
0.4083,0.723829,0.000523818,0.000154351,0.000500561,0.898502,0.000304231,0.000227211,0.000202316,5.5975e-06,7.65719e-06,1.68459e-06,7.46959e-06,1.20463e-05,3.12948e-06,1.56233e-06,2.71159e-06
0.408626,0.724256,0.000519056,0.00015136,0.000496497,0.898932,0.000303482,0.000226772,0.000201682,5.54445e-06,7.62703e-06,1.69064e-06,7.43729e-06,1.20256e-05,3.14968e-06,1.56027e-06,2.73606e-06
0.408952,0.724675,0.000514396,0.000148711,0.000492431,0.899356,0.000303508,0.00022737,0.000201048,5.49136e-06,7.59688e-06,1.69678e-06,7.40497e-06,1.20031e-05,3.17015e-06,1.55857e-06,2.76056e-06
0.409278,0.725087,0.000509856,0.000146481,0.000488361,0.899773,0.000304455,0.000229188,0.000200413,5.43822e-06,7.56675e-06,1.70299e-06,7.37262e-06,1.19787e-05,3.19088e-06,1.55728e-06,2.78507e-06
0.409604,0.725492,0.000505448,0.000144715,0.000484288,0.900183,0.000306339,0.000232234,0.000199777,5.38505e-06,7.53663e-06,1.70927e-06,7.34024e-06,1.19524e-05,3.21192e-06,1.55646e-06,2.8096e-06
0.409931,0.725889,0.00050117,0.000143416,0.000480212,0.900586,0.000309042,0.000236325,0.000199141,5.33184e-06,7.50653e-06,1.71563e-06,7.30784e-06,1.19242e-05,3.23327e-06,1.55615e-06,2.83416e-06
0.410258,0.726278,0.000497013,0.000142547,0.000476133,0.900981,0.000312317,0.000241118,0.000198505,5.2786e-06,7.47644e-06,1.72206e-06,7.27541e-06,1.18941e-05,3.25497e-06,1.55644e-06,2.85873e-06
0.410585,0.72666,0.000492955,0.000142034,0.00047205,0.901368,0.000315821,0.000246153,0.000197868,5.22533e-06,7.44637e-06,1.72855e-06,7.24296e-06,1.18621e-05,3.27703e-06,1.55738e-06,2.88332e-06
0.410913,0.727034,0.000488975,0.000141796,0.000467964,0.901747,0.000319151,0.000250914,0.00019723,5.17202e-06,7.41631e-06,1.7351e-06,7.21048e-06,1.18281e-05,3.29949e-06,1.55902e-06,2.90793e-06
0.411241,0.727401,0.000485052,0.000141758,0.000463875,0.902118,0.000321898,0.000254892,0.000196592,5.11869e-06,7.38627e-06,1.74172e-06,7.17798e-06,1.17921e-05,3.32235e-06,1.56145e-06,2.93256e-06
0.411569,0.727761,0.000481168,0.000141856,0.000459782,0.90248,0.0003237,0.000257651,0.000195954,5.06534e-06,7.35624e-06,1.7484e-06,7.14545e-06,1.17542e-05,3.34566e-06,1.56473e-06,2.95721e-06
0.411897,0.728114,0.000477308,0.00014203,0.000455687,0.902833,0.000324329,0.000258924,0.000195315,5.01196e-06,7.32623e-06,1.75513e-06,7.11289e-06,1.17143e-05,3.36944e-06,1.56893e-06,2.98188e-06
0.412226,0.72846,0.000473456,0.00014223,0.000451588,0.903178,0.000323986,0.000258976,0.000194675,4.95856e-06,7.29624e-06,1.76191e-06,7.08031e-06,1.16723e-05,3.39371e-06,1.57411e-06,3.00657e-06
0.412554,0.728799,0.0004696,0.000142412,0.000447486,0.903513,0.000323174,0.000258441,0.000194035,4.90514e-06,7.26626e-06,1.76875e-06,7.0477e-06,1.16283e-05,3.41851e-06,1.58036e-06,3.03128e-06
0.412883,0.729132,0.000465729,0.000142542,0.00044338,0.903841,0.000322395,0.000257948,0.000193395,4.85171e-06,7.2363e-06,1.77563e-06,7.01507e-06,1.15822e-05,3.44385e-06,1.58774e-06,3.05601e-06
0.413213,0.729457,0.000461834,0.000142588,0.000439271,0.90416,0.000322064,0.000258014,0.000192754,4.79826e-06,7.20635e-06,1.78256e-06,6.98241e-06,1.15341e-05,3.46976e-06,1.59631e-06,3.08075e-06
0.413542,0.729777,0.000457906,0.000142528,0.000435159,0.904472,0.000322445,0.000258966,0.000192112,4.7448e-06,7.17642e-06,1.78953e-06,6.94972e-06,1.14838e-05,3.49629e-06,1.60616e-06,3.10552e-06
0.413872,0.73009,0.000456079,0.000142343,0.000433297,0.904776,0.000323332,0.000260884,0.000191007,4.69133e-06,7.20176e-06,1.79654e-06,6.97408e-06,1.14315e-05,3.54921e-06,1.61734e-06,3.15929e-06
0.414202,0.730396,0.000454786,0.000142018,0.000432043,0.905072,0.00032479,0.00026358,0.000189775,4.63786e-06,7.24208e-06,1.80358e-06,7.0139e-06,1.1377e-05,3.60986e-06,1.62994e-06,3.22093e-06
0.414533,0.730696,0.000453446,0.000141546,0.000430787,0.905361,0.000326552,0.000266624,0.000188542,4.58438e-06,7.28244e-06,1.81066e-06,7.05375e-06,1.13204e-05,3.67129e-06,1.644e-06,3.28262e-06
0.414864,0.730991,0.000452056,0.000140918,0.000429531,0.905643,0.000328111,0.000269393,0.000187308,4.5309e-06,7.32284e-06,1.81778e-06,7.09363e-06,1.12616e-05,3.7335e-06,1.6596e-06,3.34437e-06
0.415194,0.731279,0.000450617,0.000140133,0.000428274,0.905918,0.000328847,0.00027114,0.000186073,4.47742e-06,7.36328e-06,1.82492e-06,7.13355e-06,1.12007e-05,3.79652e-06,1.67679e-06,3.40616e-06
0.415526,0.731561,0.000449129,0.000139191,0.000427016,0.906186,0.00032809,0.000271069,0.000184838,4.42394e-06,7.40376e-06,1.83209e-06,7.1735e-06,1.11375e-05,3.86033e-06,1.69562e-06,3.468e-06
0.415857,0.731838,0.000447592,0.000138094,0.000425757,0.906449,0.000325189,0.0002684,0.000183601,4.37047e-06,7.44427e-06,1.83928e-06,7.21348e-06,1.10721e-05,3.92497e-06,1.71616e-06,3.52989e-06
0.416189,0.732109,0.000446009,0.000136847,0.000424496,0.906704,0.000319789,0.000262695,0.000182363,4.317e-06,7.48482e-06,1.84649e-06,7.25349e-06,1.10045e-05,3.99042e-06,1.73845e-06,3.59183e-06
0.416521,0.732375,0.000444384,0.000135459,0.000423235,0.906954,0.000312228,0.000254323,0.000181124,4.26354e-06,7.52541e-06,1.85372e-06,7.29353e-06,1.09346e-05,4.05672e-06,1.76254e-06,3.65382e-06
0.416853,0.732635,0.000442719,0.000133937,0.000421973,0.907199,0.000303088,0.000243935,0.000179885,4.2101e-06,7.56604e-06,1.86096e-06,7.3336e-06,1.08625e-05,4.12386e-06,1.78846e-06,3.71586e-06
0.417186,0.73289,0.000441019,0.000132293,0.00042071,0.907438,0.000293058,0.000232313,0.000178644,4.15667e-06,7.6067e-06,1.86822e-06,7.37371e-06,1.0788e-05,4.19186e-06,1.81625e-06,3.77795e-06
0.417518,0.73314,0.00043929,0.00013054,0.000419445,0.907672,0.000282874,0.000220332,0.000177402,4.10325e-06,7.64739e-06,1.87549e-06,7.41385e-06,1.07113e-05,4.26073e-06,1.84595e-06,3.84009e-06
0.417851,0.733385,0.000437535,0.000128695,0.00041818,0.907902,0.00027326,0.000208899,0.00017616,4.04986e-06,7.68812e-06,1.88277e-06,7.45402e-06,1.06322e-05,4.33048e-06,1.87758e-06,3.90228e-06
0.418185,0.733626,0.000435763,0.000126774,0.000416914,0.908127,0.000264856,0.00019888,0.000174916,3.99648e-06,7.72888e-06,1.89005e-06,7.49422e-06,1.05508e-05,4.40113e-06,1.91117e-06,3.96451e-06
0.418518,0.733862,0.000433978,0.000124799,0.000415647,0.908348,0.000258137,0.000190979,0.000173671,3.94313e-06,7.76968e-06,1.89733e-06,7.53446e-06,1.04671e-05,4.47269e-06,1.94674e-06,4.0268e-06
0.418852,0.734093,0.000432189,0.000122791,0.000414378,0.908565,0.000253333,0.0001856,0.000172426,3.8898e-06,7.81051e-06,1.90462e-06,7.57472e-06,1.03809e-05,4.54516e-06,1.9843e-06,4.08914e-06
0.419186,0.73432,0.000430402,0.000120775,0.000413109,0.908778,0.000250389,0.000182737,0.000171179,3.8365e-06,7.85136e-06,1.9119e-06,7.61502e-06,1.02924e-05,4.61857e-06,2.02387e-06,4.15152e-06
0.419521,0.734543,0.000428625,0.000118778,0.000411839,0.908988,0.00024896,0.000181946,0.000169931,3.78323e-06,7.89225e-06,1.91917e-06,7.65535e-06,1.02015e-05,4.69293e-06,2.06545e-06,4.21396e-06
0.419855,0.734762,0.000426866,0.00011683,0.000410567,0.909195,0.000248461,0.000182426,0.000168683,3.73e-06,7.93317e-06,1.92644e-06,7.69572e-06,1.01081e-05,4.76824e-06,2.10907e-06,4.27645e-06
0.42019,0.734977,0.000425133,0.00011496,0.000409295,0.9094,0.000248172,0.000183181,0.000167433,3.67679e-06,7.97412e-06,1.9337e-06,7.73611e-06,1.00123e-05,4.84453e-06,2.1547e-06,4.33898e-06
0.420526,0.735188,0.000423812,0.000113201,0.000408414,0.909602,0.000247539,0.000183443,0.000166206,3.62363e-06,8.00054e-06,1.94094e-06,7.76153e-06,9.91398e-06,4.86267e-06,2.20222e-06,4.33542e-06
0.420861,0.735395,0.000422686,0.000111583,0.000407692,0.909801,0.000246282,0.00018285,0.000164987,3.5705e-06,8.02104e-06,1.94817e-06,7.78086e-06,9.81327e-06,4.8581e-06,2.25137e-06,4.30493e-06
0.421197,0.735599,0.000421609,0.000110138,0.000406969,0.909998,0.000244293,0.000181271,0.000163768,3.51742e-06,8.04156e-06,1.95538e-06,7.8002e-06,9.71013e-06,4.85482e-06,2.30188e-06,4.27442e-06
0.421533,0.735798,0.000420587,0.000108895,0.000406245,0.910192,0.000241605,0.000178749,0.000162547,3.46438e-06,8.06209e-06,1.96257e-06,7.81956e-06,9.60458e-06,4.85276e-06,2.35346e-06,4.24388e-06
0.421869,0.735995,0.000419626,0.000107882,0.000405521,0.910383,0.000238351,0.000175457,0.000161326,3.41138e-06,8.08263e-06,1.96974e-06,7.83894e-06,9.49662e-06,4.85179e-06,2.40579e-06,4.21332e-06
0.422205,0.736187,0.000418731,0.000107123,0.000404796,0.910572,0.000234743,0.000171672,0.000160104,3.35844e-06,8.10317e-06,1.97688e-06,7.85833e-06,9.38626e-06,4.85179e-06,2.45857e-06,4.18274e-06
0.422542,0.736376,0.000417906,0.000106639,0.000404071,0.910757,0.000231051,0.000167754,0.00015888,3.30554e-06,8.12373e-06,1.98399e-06,7.87774e-06,9.27353e-06,4.85261e-06,2.51149e-06,4.15213e-06
0.422879,0.736562,0.000417155,0.000106447,0.000403345,0.91094,0.000227577,0.000164121,0.000157656,3.2527e-06,8.14429e-06,1.99107e-06,7.89716e-06,9.15842e-06,4.85407e-06,2.56423e-06,4.1215e-06
0.423217,0.736744,0.000416482,0.00010656,0.000402619,0.911121,0.000224638,0.00016122,0.000156431,3.19992e-06,8.16487e-06,1.99812e-06,7.9166e-06,9.04095e-06,4.85603e-06,2.61649e-06,4.09084e-06
0.423554,0.736922,0.000415889,0.000106988,0.000401892,0.911298,0.000222539,0.000159484,0.000155204,3.14719e-06,8.18545e-06,2.00514e-06,7.93605e-06,8.92113e-06,4.85828e-06,2.66797e-06,4.06016e-06
0.423892,0.737098,0.000415378,0.000107733,0.000401164,0.911472,0.000221543,0.000159287,0.000153977,3.09452e-06,8.20603e-06,2.01212e-06,7.95552e-06,8.79897e-06,4.86066e-06,2.71837e-06,4.02945e-06
0.42423,0.73727,0.000414953,0.000108796,0.000400436,0.911644,0.000221846,0.000160883,0.000152749,3.04191e-06,8.22662e-06,2.01905e-06,7.97501e-06,8.67448e-06,4.86297e-06,2.76744e-06,3.99872e-06
0.424569,0.737439,0.000414613,0.000110172,0.000399708,0.911812,0.000223555,0.000164374,0.00015152,2.98937e-06,8.24722e-06,2.02595e-06,7.99451e-06,8.54767e-06,4.86503e-06,2.81492e-06,3.96797e-06
0.424907,0.737605,0.000414361,0.000111854,0.000398978,0.911978,0.000226675,0.000169689,0.000150289,2.93689e-06,8.26782e-06,2.0328e-06,8.01402e-06,8.41856e-06,4.86666e-06,2.86058e-06,3.93719e-06
0.425246,0.737768,0.000414196,0.000113827,0.000398248,0.91214,0.000231108,0.000176614,0.000149058,2.88449e-06,8.28842e-06,2.0396e-06,8.03355e-06,8.28715e-06,4.86769e-06,2.90424e-06,3.90638e-06
0.425586,0.737928,0.000414119,0.000116077,0.000397518,0.9123,0.000236668,0.000184822,0.000147826,2.83215e-06,8.30903e-06,2.04636e-06,8.0531e-06,8.15346e-06,4.86798e-06,2.94574e-06,3.87555e-06
0.425925,0.738086,0.000414128,0.000118583,0.000396787,0.912456,0.000243102,0.000193931,0.000146593,2.77989e-06,8.32964e-06,2.05306e-06,8.07266e-06,8.01749e-06,4.8674e-06,2.98494e-06,3.8447e-06
0.426265,0.738241,0.000414221,0.000121324,0.000396055,0.91261,0.00025011,0.000203533,0.000145359,2.72771e-06,8.35025e-06,2.0597e-06,8.09224e-06,7.87927e-06,4.86584e-06,3.02179e-06,3.81382e-06
0.426605,0.738395,0.000414396,0.000124273,0.000395323,0.91276,0.000257372,0.000213234,0.000144124,2.6756e-06,8.37087e-06,2.0663e-06,8.11183e-06,7.73879e-06,4.86324e-06,3.05625e-06,3.78292e-06
0.426945,0.738547,0.000414649,0.000127405,0.00039459,0.912907,0.000264568,0.000222665,0.000142887,2.62357e-06,8.39148e-06,2.07283e-06,8.13144e-06,7.59607e-06,4.85957e-06,3.08836e-06,3.75199e-06
0.427286,0.738697,0.000420558,0.000130691,0.000399736,0.91305,0.000271364,0.000231493,0.000141596,2.57163e-06,8.38681e-06,2.0793e-06,8.12496e-06,7.45112e-06,4.85945e-06,3.11824e-06,3.72704e-06
0.427627,0.738845,0.000429733,0.000134104,0.000408273,0.913191,0.000277495,0.000239431,0.000140272,2.51977e-06,8.36755e-06,2.08571e-06,8.10344e-06,7.30395e-06,4.86092e-06,3.14605e-06,3.70553e-06
0.427968,0.738993,0.000438947,0.000137614,0.000416817,0.913328,0.000282742,0.000246244,0.000138948,2.468e-06,8.34828e-06,2.09205e-06,8.0819e-06,7.15457e-06,4.86147e-06,3.17207e-06,3.68399e-06
0.428309,0.73914,0.00044819,0.000141195,0.000425368,0.913462,0.000286916,0.000251756,0.000137622,2.41632e-06,8.329e-06,2.09833e-06,8.06035e-06,7.003e-06,4.8613e-06,3.19667e-06,3.66245e-06
0.428651,0.739286,0.000457455,0.000144821,0.000433926,0.913593,0.000289914,0.000255879,0.000136295,2.36473e-06,8.30969e-06,2.10454e-06,8.03877e-06,6.84925e-06,4.86071e-06,3.22033e-06,3.64088e-06
0.428993,0.739432,0.000466734,0.000148469,0.000442491,0.91372,0.000291873,0.000258792,0.000134967,2.31324e-06,8.29036e-06,2.11067e-06,8.01718e-06,6.69331e-06,4.86009e-06,3.24363e-06,3.6193e-06
0.429335,0.739577,0.000476021,0.000152117,0.000451062,0.913845,0.000293078,0.000260836,0.000133638,2.26184e-06,8.27102e-06,2.11673e-06,7.99557e-06,6.53522e-06,4.85991e-06,3.26731e-06,3.5977e-06
0.429677,0.739723,0.00048531,0.000155744,0.00045964,0.913966,0.000293852,0.00026238,0.000132308,2.21054e-06,8.25165e-06,2.12271e-06,7.97395e-06,6.37497e-06,4.86078e-06,3.29223e-06,3.57609e-06
0.43002,0.739869,0.000494593,0.000159333,0.000468225,0.914085,0.000294535,0.00026381,0.000130977,2.15935e-06,8.23227e-06,2.12862e-06,7.95231e-06,6.21258e-06,4.86341e-06,3.31943e-06,3.55445e-06
0.430363,0.740014,0.000503865,0.000162865,0.000476817,0.914201,0.00029547,0.000265508,0.000129645,2.10825e-06,8.21286e-06,2.13445e-06,7.93065e-06,6.04811e-06,4.86864e-06,3.35007e-06,3.5328e-06
0.430706,0.74016,0.00051312,0.000166324,0.000485416,0.914316,0.000296983,0.000267833,0.000128312,2.05726e-06,8.19343e-06,2.14019e-06,7.90897e-06,5.8818e-06,4.8774e-06,3.38541e-06,3.51113e-06
0.43105,0.740307,0.000522353,0.000169693,0.000494022,0.914428,0.000299362,0.000271099,0.000126978,2.00639e-06,8.17397e-06,2.14585e-06,7.88728e-06,5.7139e-06,4.89058e-06,3.42659e-06,3.48945e-06
0.431394,0.740453,0.000531559,0.000172955,0.000502634,0.914538,0.000302844,0.000275552,0.000125642,1.95562e-06,8.15449e-06,2.15142e-06,7.86557e-06,5.5447e-06,4.90894e-06,3.47454e-06,3.46775e-06
0.431738,0.740599,0.00054073,0.000176092,0.000511253,0.914646,0.000307593,0.000281356,0.000124306,1.90496e-06,8.13499e-06,2.1569e-06,7.84384e-06,5.37446e-06,4.93313e-06,3.52997e-06,3.44603e-06
0.432082,0.740746,0.000549861,0.000179086,0.00051988,0.914753,0.000313691,0.000288584,0.000122968,1.85442e-06,8.11546e-06,2.1623e-06,7.82209e-06,5.20344e-06,4.96365e-06,3.59334e-06,3.42429e-06
0.432427,0.740892,0.000558945,0.000181918,0.000528513,0.914858,0.000321138,0.000297213,0.00012163,1.804e-06,8.0959e-06,2.1676e-06,7.80033e-06,5.03192e-06,5.00084e-06,3.66485e-06,3.40254e-06
0.432772,0.741038,0.000567977,0.000184567,0.000537153,0.914963,0.00032985,0.000307134,0.00012029,1.75369e-06,8.07631e-06,2.1728e-06,7.77855e-06,4.86017e-06,5.04485e-06,3.74446e-06,3.38076e-06
0.433117,0.741184,0.000576951,0.000187016,0.0005458,0.915066,0.000339673,0.000318165,0.00011895,1.70351e-06,8.0567e-06,2.17791e-06,7.75675e-06,4.68845e-06,5.09566e-06,3.83185e-06,3.35897e-06
0.433463,0.74133,0.00058586,0.000189243,0.000554453,0.915168,0.000350395,0.000330068,0.000117608,1.65345e-06,8.03706e-06,2.18292e-06,7.73493e-06,4.51703e-06,5.15307e-06,3.9265e-06,3.33717e-06
0.433809,0.741475,0.0005947,0.000191234,0.000563114,0.91527,0.000361758,0.000342566,0.000116265,1.60352e-06,8.01739e-06,2.18783e-06,7.7131e-06,4.34619e-06,5.21668e-06,4.02769e-06,3.31534e-06
0.434155,0.741619,0.00059519,0.00019297,0.000563039,0.915372,0.000373563,0.000355359,0.000115193,1.55371e-06,8.0705e-06,2.19264e-06,7.76694e-06,4.17618e-06,5.3058e-06,4.13453e-06,3.32523e-06
0.434501,0.741763,0.000589059,0.000194441,0.000556043,0.915473,0.00038548,0.000368133,0.000114336,1.50403e-06,8.18134e-06,2.19735e-06,7.88074e-06,4.00729e-06,5.41477e-06,4.246e-06,3.36025e-06
0.434847,0.741906,0.000582854,0.000195634,0.000549041,0.915574,0.000397132,0.000380574,0.000113479,1.45447e-06,8.29233e-06,2.20196e-06,7.99463e-06,3.83977e-06,5.52685e-06,4.36097e-06,3.39529e-06
0.435194,0.742049,0.000576567,0.000196543,0.000542033,0.915675,0.000408212,0.00039237,0.00011262,1.40504e-06,8.40345e-06,2.20647e-06,8.10861e-06,3.6739e-06,5.64112e-06,4.47826e-06,3.43037e-06
0.435542,0.742191,0.000570193,0.000197163,0.00053502,0.915776,0.000418419,0.000403217,0.000111761,1.35573e-06,8.51472e-06,2.21088e-06,8.22268e-06,3.50994e-06,5.75658e-06,4.59661e-06,3.46547e-06
0.435889,0.742333,0.000563728,0.000197494,0.000528001,0.915878,0.000427461,0.000412825,0.000110901,1.30655e-06,8.62612e-06,2.21519e-06,8.33684e-06,3.34817e-06,5.87222e-06,4.71474e-06,3.50059e-06
0.436237,0.742474,0.000557172,0.000197544,0.000520977,0.915981,0.00043506,0.000420913,0.000110041,1.25749e-06,8.73766e-06,2.2194e-06,8.4511e-06,3.18885e-06,5.98698e-06,4.83139e-06,3.53575e-06
0.436585,0.742616,0.00055053,0.000197338,0.000513947,0.916085,0.000440951,0.000427221,0.000109179,1.20856e-06,8.84934e-06,2.22351e-06,8.56544e-06,3.03225e-06,6.09978e-06,4.94527e-06,3.57094e-06
0.436933,0.742758,0.000543808,0.000196896,0.000506911,0.916189,0.000444892,0.000431504,0.000108317,1.15976e-06,8.96114e-06,2.22751e-06,8.67988e-06,2.87864e-06,6.20954e-06,5.05511e-06,3.60615e-06
0.437281,0.7429,0.00053701,0.000196241,0.00049987,0.916295,0.000446658,0.00043354,0.000107455,1.11108e-06,9.07308e-06,2.23142e-06,8.79441e-06,2.72829e-06,6.31522e-06,5.15968e-06,3.64139e-06
0.43763,0.743043,0.000530144,0.000195393,0.000492823,0.916402,0.000446072,0.00043315,0.000106592,1.06252e-06,9.18515e-06,2.23522e-06,8.90903e-06,2.58146e-06,6.41575e-06,5.25776e-06,3.67666e-06
0.437979,0.743187,0.000523215,0.000194373,0.000485771,0.91651,0.000443197,0.000430401,0.000105728,1.0141e-06,9.29734e-06,2.23892e-06,9.02374e-06,2.43843e-06,6.51013e-06,5.3482e-06,3.71195e-06
0.438329,0.743331,0.000516228,0.000193198,0.000478712,0.91662,0.000438263,0.000425533,0.000104863,9.65797e-07,9.40967e-06,2.24252e-06,9.13854e-06,2.29947e-06,6.59738e-06,5.42986e-06,3.74728e-06
0.438678,0.743478,0.000509187,0.000191884,0.000471649,0.91673,0.00043153,0.000418811,0.000103998,9.17622e-07,9.52211e-06,2.24603e-06,9.25343e-06,2.16484e-06,6.67658e-06,5.50167e-06,3.78263e-06
0.439028,0.743625,0.000502099,0.000190447,0.000464579,0.916842,0.000423279,0.000410523,0.000103132,8.69574e-07,9.63469e-06,2.24942e-06,9.36842e-06,2.03481e-06,6.74686e-06,5.56263e-06,3.81801e-06
0.439379,0.743775,0.000494968,0.000188901,0.000457504,0.916953,0.000413811,0.000400975,0.000102265,8.21652e-07,9.74738e-06,2.25272e-06,9.4835e-06,1.90965e-06,6.80743e-06,5.6118e-06,3.85342e-06
0.439729,0.743927,0.0004878,0.000187262,0.000450424,0.917065,0.000403442,0.000390492,0.000101398,7.73857e-07,9.8602e-06,2.25592e-06,9.59866e-06,1.78964e-06,6.85759e-06,5.6483e-06,3.88886e-06
0.44008,0.744081,0.000480599,0.000185545,0.000443337,0.917176,0.000392505,0.000379412,0.00010053,7.26189e-07,9.97314e-06,2.25902e-06,9.71393e-06,1.67503e-06,6.89672e-06,5.67137e-06,3.92433e-06
0.440431,0.744238,0.000473373,0.00018377,0.000436245,0.917288,0.00038134,0.000368087,9.96607e-05,6.78647e-07,1.00862e-05,2.26201e-06,9.82928e-06,1.56598e-06,6.92469e-06,5.68077e-06,3.95982e-06
0.440782,0.744397,0.000466129,0.000181957,0.000429148,0.917398,0.000370294,0.000356873,9.87912e-05,6.31232e-07,1.01994e-05,2.26491e-06,9.94472e-06,1.46245e-06,6.94221e-06,5.67728e-06,3.99534e-06
0.441134,0.744558,0.000462296,0.000180128,0.00042576,0.917508,0.000359653,0.000346126,9.77104e-05,5.83945e-07,1.02482e-05,2.26771e-06,9.99419e-06,1.36434e-06,6.96124e-06,5.66187e-06,4.04994e-06
0.441486,0.744722,0.000462149,0.000178308,0.000426366,0.917618,0.000349737,0.000336189,9.64021e-05,5.36784e-07,1.02278e-05,2.2704e-06,9.97264e-06,1.27156e-06,6.98398e-06,5.63559e-06,4.12507e-06
0.441838,0.744888,0.000462024,0.000176524,0.000426972,0.917725,0.000340906,0.000327375,9.50927e-05,4.8975e-07,1.02074e-05,2.273e-06,9.95107e-06,1.18402e-06,6.99982e-06,5.59958e-06,4.20025e-06
0.44219,0.745055,0.00046193,0.000174803,0.000427579,0.917832,0.000333413,0.000319952,9.37823e-05,4.42844e-07,1.01869e-05,2.2755e-06,9.92948e-06,1.10164e-06,7.0099e-06,5.55507e-06,4.2755e-06
0.442543,0.745224,0.000461877,0.000173169,0.000428186,0.917937,0.000327446,0.000314118,9.24709e-05,3.96066e-07,1.01664e-05,2.27789e-06,9.90788e-06,1.02433e-06,7.01544e-06,5.50336e-06,4.35081e-06
0.442896,0.745393,0.000461873,0.000171648,0.000428793,0.91804,0.000323113,0.000309988,9.11584e-05,3.49414e-07,1.01458e-05,2.28019e-06,9.88626e-06,9.52e-07,7.01771e-06,5.44585e-06,4.42617e-06
0.443249,0.745563,0.000461924,0.00017026,0.000429401,0.918141,0.000320429,0.000307576,8.98449e-05,3.02891e-07,1.01252e-05,2.28239e-06,9.86462e-06,8.84566e-07,7.01797e-06,5.384e-06,4.5016e-06
0.443603,0.745733,0.000462035,0.000169021,0.00043001,0.918239,0.000319311,0.000306793,8.85303e-05,2.56495e-07,1.01046e-05,2.28449e-06,9.84297e-06,8.21937e-07,7.01752e-06,5.31939e-06,4.57708e-06
0.443957,0.745902,0.000462209,0.000167942,0.000430619,0.918335,0.000319584,0.000307453,8.72147e-05,2.10227e-07,1.00839e-05,2.2865e-06,9.8213e-06,7.64027e-07,7.01766e-06,5.25362e-06,4.65263e-06
0.444311,0.74607,0.000462447,0.00016703,0.000431228,0.918428,0.000320992,0.000309285,8.5898e-05,1.64087e-07,1.00633e-05,2.2884e-06,9.79961e-06,7.10748e-07,7.01967e-06,5.18841e-06,4.72824e-06
0.444665,0.746236,0.000462749,0.000166289,0.000431838,0.918518,0.00032322,0.000311957,8.45803e-05,1.18075e-07,1.00425e-05,2.29021e-06,9.7779e-06,6.62011e-07,7.02483e-06,5.1255e-06,4.8039e-06
0.44502,0.746399,0.000463114,0.000165717,0.000432449,0.918605,0.00032591,0.000315095,8.32615e-05,7.21913e-08,1.00218e-05,2.29192e-06,9.75618e-06,6.1773e-07,7.03434e-06,5.06668e-06,4.87963e-06
0.445375,0.746559,0.00046354,0.000165313,0.00043306,0.918689,0.000328684,0.000318306,8.19416e-05,2.64358e-08,1.0001e-05,2.29354e-06,9.73443e-06,5.77816e-07,7.04937e-06,5.01373e-06,4.95542e-06
0.44573,0.746716,0.000464025,0.000165072,0.000433671,0.918768,0.000331162,0.000321199,8.06208e-05,-1.91914e-08,9.98015e-06,2.29506e-06,9.71268e-06,5.42183e-07,7.071e-06,4.96845e-06,5.03127e-06
0.446086,0.746869,0.000464569,0.000164993,0.000434283,0.918844,0.000332975,0.000323395,7.92988e-05,-6.46901e-08,9.95929e-06,2.29648e-06,9.6909e-06,5.10741e-07,7.10022e-06,4.93253e-06,5.10717e-06
0.446442,0.747018,0.000465171,0.000165075,0.000434896,0.918916,0.000333776,0.00032454,7.79758e-05,-1.1006e-07,9.93839e-06,2.29781e-06,9.66911e-06,4.83403e-07,7.13787e-06,4.90757e-06,5.18314e-06
0.446798,0.747163,0.000465831,0.00016532,0.000435509,0.918983,0.000333251,0.000324316,7.66518e-05,-1.55302e-07,9.91745e-06,2.29904e-06,9.6473e-06,4.60082e-07,7.18472e-06,4.89503e-06,5.25917e-06
0.447154,0.747303,0.00046655,0.000165729,0.000436122,0.919046,0.000331186,0.000322506,7.53267e-05,-2.00414e-07,9.89649e-06,2.30018e-06,9.62547e-06,4.4069e-07,7.24134e-06,4.89613e-06,5.33526e-06
0.447511,0.747439,0.000467329,0.000166306,0.000436736,0.919104,0.000327622,0.000319155,7.40005e-05,-2.45398e-07,9.87548e-06,2.30122e-06,9.60362e-06,4.25139e-07,7.30819e-06,4.91185e-06,5.41141e-06
0.447868,0.747571,0.000468169,0.000167054,0.00043735,0.919158,0.000322701,0.000314411,7.26733e-05,-2.90253e-07,9.85445e-06,2.30217e-06,9.58176e-06,4.13341e-07,7.38555e-06,4.9429e-06,5.48763e-06
0.448225,0.747699,0.000469729,0.000167971,0.00043867,0.919209,0.000316729,0.000308476,7.18315e-05,-3.34979e-07,9.94692e-06,2.30303e-06,9.67664e-06,4.0521e-07,7.44808e-06,4.98965e-06,5.52967e-06
0.448583,0.747824,0.000472314,0.000169055,0.000441022,0.919256,0.00031,0.000301593,7.17021e-05,-3.79575e-07,1.02062e-05,2.30379e-06,9.94274e-06,4.00656e-07,7.48413e-06,5.05217e-06,5.52158e-06
0.448941,0.747946,0.000474957,0.000170295,0.000443377,0.919299,0.000302635,0.00029405,7.15726e-05,-4.24042e-07,1.04659e-05,2.30446e-06,1.02091e-05,3.99592e-07,7.5311e-06,5.1302e-06,5.51348e-06
0.449299,0.748066,0.000477652,0.000171675,0.000445734,0.91934,0.000294949,0.000286166,7.1443e-05,-4.6838e-07,1.07262e-05,2.30504e-06,1.04756e-05,4.01931e-07,7.58888e-06,5.22321e-06,5.50538e-06
0.449657,0.748184,0.000480391,0.000173171,0.000448093,0.919378,0.000287285,0.000278294,7.13133e-05,-5.12588e-07,1.0987e-05,2.30553e-06,1.07423e-05,4.07584e-07,7.65723e-06,5.3304e-06,5.49727e-06
0.450016,0.7483,0.000483164,0.000174755,0.000450453,0.919414,0.000280005,0.000270806,7.11835e-05,-5.56667e-07,1.12482e-05,2.30593e-06,1.10093e-05,4.16464e-07,7.73573e-06,5.45076e-06,5.48915e-06
0.450375,0.748417,0.000485958,0.00017639,0.000452815,0.919447,0.000273478,0.000264087,7.10536e-05,-6.00616e-07,1.15099e-05,2.30624e-06,1.12765e-05,4.28484e-07,7.82384e-06,5.58309e-06,5.48102e-06
0.450734,0.748533,0.00048876,0.00017804,0.00045518,0.919479,0.000268062,0.00025851,7.09235e-05,-6.44435e-07,1.1772e-05,2.30646e-06,1.15438e-05,4.43556e-07,7.92091e-06,5.7261e-06,5.47289e-06
0.451094,0.74865,0.000491556,0.000179664,0.000457546,0.919509,0.000264082,0.000254416,7.07934e-05,-6.88124e-07,1.20345e-05,2.30659e-06,1.18114e-05,4.61591e-07,8.02615e-06,5.87839e-06,5.46476e-06
0.451454,0.748768,0.000494331,0.000181224,0.000459914,0.919537,0.000261799,0.000252083,7.06632e-05,-7.31683e-07,1.22975e-05,2.30663e-06,1.20792e-05,4.82502e-07,8.13868e-06,6.03851e-06,5.45661e-06
0.451814,0.748888,0.000497071,0.000182683,0.000462284,0.919565,0.00026139,0.000251694,7.05329e-05,-7.75112e-07,1.25609e-05,2.30658e-06,1.23473e-05,5.06202e-07,8.25758e-06,6.20499e-06,5.44846e-06
0.452174,0.749009,0.000499764,0.000184011,0.000464655,0.919591,0.000262924,0.000253323,7.04024e-05,-8.18411e-07,1.28246e-05,2.30645e-06,1.26155e-05,5.32602e-07,8.38182e-06,6.37636e-06,5.44031e-06
0.452535,0.749133,0.000502402,0.00018518,0.000467029,0.919618,0.000266354,0.000256917,7.02719e-05,-8.61579e-07,1.30887e-05,2.30622e-06,1.2884e-05,5.61615e-07,8.51036e-06,6.55119e-06,5.43214e-06
0.452896,0.749259,0.000504976,0.000186173,0.000469405,0.919643,0.000271527,0.000262311,7.01413e-05,-9.04617e-07,1.33532e-05,2.30592e-06,1.31526e-05,5.93153e-07,8.64212e-06,6.72806e-06,5.42397e-06
0.453257,0.749387,0.000507482,0.000186974,0.000471782,0.919669,0.000278197,0.000269244,7.00105e-05,-9.47524e-07,1.36181e-05,2.30552e-06,1.34215e-05,6.27129e-07,8.77598e-06,6.90557e-06,5.4158e-06
0.453619,0.749516,0.000509915,0.000187575,0.000474161,0.919695,0.000286053,0.000277386,6.98797e-05,-9.90301e-07,1.38833e-05,2.30505e-06,1.36906e-05,6.63455e-07,8.91083e-06,7.08241e-06,5.40761e-06
0.45398,0.749647,0.000512275,0.00018797,0.000476543,0.919722,0.000294741,0.000286369,6.97487e-05,-1.03295e-06,1.41488e-05,2.30449e-06,1.39599e-05,7.02042e-07,9.04554e-06,7.25728e-06,5.39942e-06
0.454343,0.749778,0.000514561,0.000188158,0.000478926,0.919749,0.000303891,0.000295809,6.96177e-05,-1.07546e-06,1.44147e-05,2.30384e-06,1.42294e-05,7.42804e-07,9.17901e-06,7.42893e-06,5.39123e-06
0.454705,0.74991,0.000516774,0.000188135,0.000481311,0.919778,0.00031313,0.000305323,6.94865e-05,-1.11785e-06,1.46809e-05,2.30311e-06,1.44992e-05,7.85653e-07,9.31013e-06,7.59616e-06,5.38303e-06
0.455068,0.750041,0.000518912,0.000187899,0.000483698,0.919808,0.000322098,0.000314542,6.93552e-05,-1.1601e-06,1.49475e-05,2.3023e-06,1.47691e-05,8.305e-07,9.43781e-06,7.75781e-06,5.37482e-06
0.455431,0.75017,0.000519865,0.000187457,0.000484891,0.919839,0.000330455,0.000323118,6.92476e-05,-1.20222e-06,1.51233e-05,2.30141e-06,1.49472e-05,8.77258e-07,9.56182e-06,7.91276e-06,5.36812e-06
0.455794,0.750297,0.000518477,0.000186819,0.000483649,0.919873,0.000337884,0.000330725,6.91882e-05,-1.24421e-06,1.51138e-05,2.30044e-06,1.49377e-05,9.2584e-07,9.68197e-06,8.05993e-06,5.36451e-06
0.456158,0.75042,0.000517018,0.000185988,0.000482406,0.919908,0.000344077,0.000337061,6.91288e-05,-1.28607e-06,1.51043e-05,2.29938e-06,1.49283e-05,9.76157e-07,9.79546e-06,8.19828e-06,5.3609e-06
0.456522,0.75054,0.000515489,0.000184963,0.000481163,0.919946,0.000348761,0.000341853,6.90693e-05,-1.3278e-06,1.50948e-05,2.29825e-06,1.49188e-05,1.02812e-06,9.90131e-06,8.32679e-06,5.35728e-06
0.456886,0.750654,0.00051389,0.000183743,0.000479918,0.919987,0.000351718,0.000344881,6.90097e-05,-1.36939e-06,1.50852e-05,2.29704e-06,1.49093e-05,1.08165e-06,9.99854e-06,8.44447e-06,5.35367e-06
0.45725,0.750763,0.000512219,0.000182322,0.000478672,0.92003,0.000352944,0.000346144,6.89501e-05,-1.41086e-06,1.50757e-05,2.29575e-06,1.48999e-05,1.13665e-06,1.00862e-05,8.55037e-06,5.35005e-06
0.457615,0.750865,0.000510476,0.000180695,0.000477425,0.920076,0.000352536,0.00034574,6.88905e-05,-1.45219e-06,1.50661e-05,2.29438e-06,1.48904e-05,1.19303e-06,1.01634e-05,8.64357e-06,5.34642e-06
0.45798,0.750961,0.000508661,0.00017886,0.000476177,0.920124,0.000350617,0.000343794,6.88308e-05,-1.49339e-06,1.50565e-05,2.29293e-06,1.48809e-05,1.25071e-06,1.02293e-05,8.72315e-06,5.3428e-06
0.458345,0.751049,0.000506776,0.000176818,0.000474929,0.920174,0.000347327,0.000340451,6.87711e-05,-1.53446e-06,1.50469e-05,2.29141e-06,1.48714e-05,1.3096e-06,1.0283e-05,8.78823e-06,5.33917e-06
0.458711,0.751129,0.000504824,0.000174573,0.000473679,0.920226,0.000342827,0.00033587,6.87113e-05,-1.5754e-06,1.50372e-05,2.28981e-06,1.48619e-05,1.36961e-06,1.03236e-05,8.83796e-06,5.33553e-06
0.459077,0.751202,0.000502812,0.000172139,0.000472428,0.92028,0.000337285,0.000330224,6.86515e-05,-1.6162e-06,1.50276e-05,2.28814e-06,1.48523e-05,1.43065e-06,1.03505e-05,8.8715e-06,5.3319e-06
0.459443,0.751267,0.000500748,0.000169532,0.000471176,0.920336,0.000330882,0.000323695,6.85916e-05,-1.65687e-06,1.50179e-05,2.2864e-06,1.48428e-05,1.49264e-06,1.03628e-05,8.88805e-06,5.32826e-06
0.45981,0.751325,0.000498641,0.000166777,0.000469924,0.920393,0.000323807,0.000316471,6.85317e-05,-1.69741e-06,1.50082e-05,2.28458e-06,1.48333e-05,1.55549e-06,1.03599e-05,8.88679e-06,5.32462e-06
0.460176,0.751376,0.000496503,0.000163902,0.00046867,0.920452,0.000316251,0.000308749,6.84717e-05,-1.73782e-06,1.49985e-05,2.28269e-06,1.48237e-05,1.61911e-06,1.0341e-05,8.86701e-06,5.32098e-06
0.460543,0.751421,0.000494345,0.000160936,0.000467415,0.920512,0.000308409,0.000300726,6.84117e-05,-1.77809e-06,1.49887e-05,2.28072e-06,1.48142e-05,1.68336e-06,1.03062e-05,8.8286e-06,5.31733e-06
0.460911,0.75146,0.000492179,0.000157912,0.000466159,0.920573,0.000300475,0.000292598,6.83516e-05,-1.81823e-06,1.4979e-05,2.27869e-06,1.48046e-05,1.7481e-06,1.0256e-05,8.77217e-06,5.31368e-06
0.461278,0.751495,0.000490015,0.000154856,0.000464902,0.920635,0.000292637,0.000284557,6.82915e-05,-1.85824e-06,1.49692e-05,2.27658e-06,1.47951e-05,1.81313e-06,1.01911e-05,8.69838e-06,5.31003e-06
0.461646,0.751527,0.000487859,0.00015179,0.000463645,0.920697,0.000285071,0.000276785,6.82313e-05,-1.89812e-06,1.49594e-05,2.27441e-06,1.47855e-05,1.8783e-06,1.01121e-05,8.60794e-06,5.30637e-06
0.462015,0.751557,0.000485717,0.000148729,0.000462386,0.920761,0.000277936,0.000269446,6.81711e-05,-1.93786e-06,1.49496e-05,2.27217e-06,1.47759e-05,1.94343e-06,1.00197e-05,8.50155e-06,5.30272e-06
0.462383,0.751586,0.00048359,0.000145678,0.000461126,0.920825,0.000271367,0.000262681,6.81109e-05,-1.97747e-06,1.49398e-05,2.26986e-06,1.47663e-05,2.00835e-06,9.91483e-06,8.37997e-06,5.29905e-06
0.462752,0.751615,0.000481586,0.000142633,0.00045998,0.920889,0.000265513,0.000256598,6.82264e-05,-2.01694e-06,1.49886e-05,2.26748e-06,1.48161e-05,2.07289e-06,9.81217e-06,8.24395e-06,5.32127e-06
0.463121,0.751646,0.000479917,0.000139582,0.00045917,0.920953,0.000260532,0.000251267,6.88613e-05,-2.05629e-06,1.5211e-05,2.26503e-06,1.50414e-05,2.13689e-06,9.74134e-06,8.0943e-06,5.41996e-06
0.463491,0.75168,0.000478255,0.000136507,0.00045836,0.921018,0.000256313,0.000246711,6.94968e-05,-2.0955e-06,1.54335e-05,2.26252e-06,1.52668e-05,2.20017e-06,9.66284e-06,7.93184e-06,5.51872e-06
0.46386,0.751718,0.000476595,0.000133385,0.000457549,0.921082,0.000252829,0.000242907,7.01328e-05,-2.13457e-06,1.56564e-05,2.25995e-06,1.54924e-05,2.26256e-06,9.57781e-06,7.75741e-06,5.61756e-06
0.46423,0.75176,0.000474932,0.000130194,0.000456738,0.921146,0.000250005,0.00023978,7.07692e-05,-2.17351e-06,1.58794e-05,2.25731e-06,1.57182e-05,2.32389e-06,9.48746e-06,7.5719e-06,5.71648e-06
0.464601,0.751808,0.000473262,0.000126919,0.000455926,0.92121,0.000247722,0.000237207,7.14062e-05,-2.21232e-06,1.61027e-05,2.25461e-06,1.59441e-05,2.38399e-06,9.393e-06,7.37622e-06,5.81548e-06
0.464971,0.751863,0.000471585,0.000123549,0.000455113,0.921273,0.000245821,0.000235027,7.20437e-05,-2.251e-06,1.63263e-05,2.25184e-06,1.61703e-05,2.44269e-06,9.29568e-06,7.17131e-06,5.91456e-06
0.465342,0.751923,0.000469903,0.000120086,0.0004543,0.921335,0.000244114,0.000233043,7.26817e-05,-2.28954e-06,1.65501e-05,2.24902e-06,1.63966e-05,2.49983e-06,9.19679e-06,6.95817e-06,6.01372e-06
0.465713,0.751991,0.000468223,0.000116547,0.000453486,0.921397,0.000242389,0.000231033,7.33202e-05,-2.32794e-06,1.67741e-05,2.24613e-06,1.66231e-05,2.55522e-06,9.09762e-06,6.73784e-06,6.11296e-06
0.466085,0.752065,0.000466553,0.000112961,0.000452671,0.921457,0.000240423,0.000228765,7.39592e-05,-2.36621e-06,1.69984e-05,2.24318e-06,1.68498e-05,2.60871e-06,8.9995e-06,6.51143e-06,6.21227e-06
0.466457,0.752145,0.000464905,0.000109374,0.000451856,0.921517,0.000237989,0.000225995,7.45987e-05,-2.40435e-06,1.72229e-05,2.24018e-06,1.70766e-05,2.66011e-06,8.90375e-06,6.28009e-06,6.31167e-06
0.466829,0.75223,0.000463292,0.00010584,0.00045104,0.921575,0.000234864,0.000222487,7.52387e-05,-2.44235e-06,1.74477e-05,2.23711e-06,1.73037e-05,2.70927e-06,8.81168e-06,6.04508e-06,6.41114e-06
0.467201,0.752321,0.000461728,0.000102427,0.000450224,0.921631,0.000230875,0.00021805,7.58793e-05,-2.48022e-06,1.76726e-05,2.23399e-06,1.75309e-05,2.756e-06,8.72461e-06,5.80772e-06,6.5107e-06
0.467574,0.752415,0.000460225,9.92024e-05,0.000449406,0.921686,0.000225996,0.000212647,7.65203e-05,-2.51796e-06,1.78979e-05,2.23081e-06,1.77583e-05,2.80015e-06,8.64381e-06,5.56947e-06,6.61033e-06
0.467947,0.752512,0.000458795,9.62328e-05,0.000448589,0.92174,0.000220266,0.000206308,7.71619e-05,-2.55556e-06,1.81233e-05,2.22758e-06,1.79859e-05,2.84153e-06,8.57051e-06,5.33188e-06,6.71004e-06
0.46832,0.75261,0.000457443,9.35747e-05,0.00044777,0.921792,0.000213759,0.000199096,7.78039e-05,-2.59302e-06,1.83489e-05,2.22429e-06,1.82136e-05,2.87999e-06,8.50588e-06,5.09667e-06,6.80984e-06
0.468694,0.752709,0.000456174,9.12685e-05,0.000446951,0.921842,0.00020658,0.000191106,7.84465e-05,-2.63035e-06,1.85748e-05,2.22095e-06,1.84416e-05,2.91534e-06,8.451e-06,4.86572e-06,6.90971e-06
0.469068,0.752806,0.000454987,8.93339e-05,0.000446131,0.921891,0.000198864,0.00018246,7.90896e-05,-2.66754e-06,1.88009e-05,2.21755e-06,1.86697e-05,2.94742e-06,8.40685e-06,4.6411e-06,7.00966e-06
0.469442,0.7529,0.000453877,8.77672e-05,0.000445311,0.921939,0.00019077,0.000173309,7.97332e-05,-2.7046e-06,1.90273e-05,2.2141e-06,1.8898e-05,2.97607e-06,8.3743e-06,4.42507e-06,7.10969e-06
0.469816,0.75299,0.000452836,8.65431e-05,0.000444489,0.921985,0.000182484,0.000163829,8.03774e-05,-2.74153e-06,1.92538e-05,2.2106e-06,1.91265e-05,3.0011e-06,8.35407e-06,4.2201e-06,7.2098e-06
0.470191,0.753076,0.00045409,8.56188e-05,0.000445945,0.922029,0.000174191,0.000154231,8.09654e-05,-2.77831e-06,1.94578e-05,2.20705e-06,1.93323e-05,3.02234e-06,8.32107e-06,4.02888e-06,7.28069e-06
0.470566,0.753154,0.000465826,8.49413e-05,0.000458016,0.922072,0.000166019,0.000144755,8.12905e-05,-2.81497e-06,1.95558e-05,2.20346e-06,1.94312e-05,3.03964e-06,8.17996e-06,3.85424e-06,7.21502e-06
0.470942,0.753226,0.000477623,8.44553e-05,0.000470097,0.922113,0.000158336,0.000135681,8.16157e-05,-2.85148e-06,1.96538e-05,2.19981e-06,1.95303e-05,3.05281e-06,8.0496e-06,3.69911e-06,7.14931e-06
0.471317,0.753289,0.000489468,8.41113e-05,0.000482187,0.922152,0.000151409,0.00012732,8.19413e-05,-2.88787e-06,1.97519e-05,2.19611e-06,1.96294e-05,3.0617e-06,7.93066e-06,3.56635e-06,7.08354e-06
0.471693,0.753345,0.000501353,8.38722e-05,0.000494287,0.92219,0.0001455,0.00012001,8.22671e-05,-2.92411e-06,1.98501e-05,2.19237e-06,1.97286e-05,3.06612e-06,7.82372e-06,3.45863e-06,7.01772e-06
0.472069,0.753391,0.00051327,8.37166e-05,0.000506397,0.922226,0.000140852,0.000114095,8.25932e-05,-2.96022e-06,1.99483e-05,2.18858e-06,1.98279e-05,3.0659e-06,7.72916e-06,3.37813e-06,6.95185e-06
0.472446,0.753429,0.000525219,8.36408e-05,0.000518517,0.92226,0.000137655,0.000109878,8.29195e-05,-2.9962e-06,2.00467e-05,2.18475e-06,1.99273e-05,3.06089e-06,7.64726e-06,3.32635e-06,6.88593e-06
0.472823,0.753459,0.000537199,8.36568e-05,0.000530646,0.922293,0.000136022,0.000107574,8.32461e-05,-3.03203e-06,2.01451e-05,2.18087e-06,2.00267e-05,3.0509e-06,7.57809e-06,3.30389e-06,6.81995e-06
0.4732,0.753482,0.000549213,8.37884e-05,0.000542784,0.922324,0.000135967,0.00010725,8.35729e-05,-3.06774e-06,2.02437e-05,2.17695e-06,2.01263e-05,3.03577e-06,7.52155e-06,3.31033e-06,6.75392e-06
0.473578,0.753498,0.000561264,8.40651e-05,0.000554933,0.922353,0.000137396,0.000108805,8.39e-05,-3.1033e-06,2.03423e-05,2.17298e-06,2.02259e-05,3.01533e-06,7.47737e-06,3.34424e-06,6.68784e-06
0.473955,0.753509,0.000573354,8.45151e-05,0.000567091,0.92238,0.000140125,0.000111985,8.42274e-05,-3.13873e-06,2.0441e-05,2.16898e-06,2.03256e-05,2.9894e-06,7.4451e-06,3.40333e-06,6.6217e-06
0.474333,0.753516,0.000585485,8.51575e-05,0.000579259,0.922406,0.000143901,0.000116439,8.4555e-05,-3.17402e-06,2.05398e-05,2.16493e-06,2.04253e-05,2.95782e-06,7.42412e-06,3.48465e-06,6.55551e-06
0.474712,0.753521,0.000597656,8.59969e-05,0.000591436,0.92243,0.000148439,0.000121774,8.48829e-05,-3.20918e-06,2.06386e-05,2.16085e-06,2.05252e-05,2.92041e-06,7.41364e-06,3.58489e-06,6.48927e-06
0.47509,0.753525,0.000609864,8.70189e-05,0.000603623,0.922452,0.000153445,0.00012761,8.5211e-05,-3.2442e-06,2.07376e-05,2.15672e-06,2.06251e-05,2.87702e-06,7.41274e-06,3.70056e-06,6.42298e-06
0.475469,0.75353,0.000622103,8.81899e-05,0.00061582,0.922472,0.00015864,0.000133602,8.55394e-05,-3.27908e-06,2.08366e-05,2.15256e-06,2.07251e-05,2.82745e-06,7.42038e-06,3.82823e-06,6.35663e-06
0.475849,0.753538,0.000634367,8.946e-05,0.000628027,0.922491,0.00016377,0.000139454,8.58681e-05,-3.31382e-06,2.09357e-05,2.14836e-06,2.08252e-05,2.77156e-06,7.43541e-06,3.96464e-06,6.29023e-06
0.476228,0.75355,0.000646646,9.07732e-05,0.000640244,0.922508,0.000168617,0.00014492,8.6197e-05,-3.34843e-06,2.10349e-05,2.14413e-06,2.09254e-05,2.70915e-06,7.45661e-06,4.10677e-06,6.22378e-06
0.476608,0.75357,0.000658933,9.20687e-05,0.00065247,0.922522,0.000173,0.000149807,8.65262e-05,-3.3829e-06,2.11342e-05,2.13986e-06,2.10256e-05,2.64008e-06,7.48268e-06,4.25187e-06,6.15727e-06
0.476988,0.753596,0.00067122,9.32859e-05,0.000664706,0.922535,0.000176778,0.00015397,8.68557e-05,-3.41724e-06,2.12336e-05,2.13556e-06,2.1126e-05,2.56416e-06,7.5123e-06,4.39749e-06,6.09072e-06
0.477369,0.753632,0.000683498,9.43707e-05,0.000676951,0.922546,0.000179858,0.000157314,8.71854e-05,-3.45143e-06,2.13331e-05,2.13122e-06,2.12264e-05,2.48122e-06,7.54415e-06,4.5414e-06,6.0241e-06
0.47775,0.753678,0.000694012,9.52818e-05,0.00068744,0.922555,0.000182142,0.000159809,8.73893e-05,-3.48549e-06,2.14254e-05,2.12686e-06,2.13195e-05,2.3911e-06,7.57769e-06,4.68164e-06,5.95849e-06
0.478131,0.753736,0.000688825,9.59952e-05,0.000682103,0.922563,0.000183263,0.000161585,8.64628e-05,-3.51941e-06,2.14526e-05,2.12246e-06,2.13474e-05,2.29362e-06,7.61801e-06,4.81645e-06,5.90219e-06
0.478512,0.753804,0.000683608,9.6507e-05,0.000676762,0.922568,0.000183972,0.000162878,8.55356e-05,-3.5532e-06,2.14799e-05,2.11803e-06,2.13752e-05,2.18862e-06,7.65635e-06,4.94426e-06,5.84586e-06
0.478894,0.753885,0.000678363,9.68352e-05,0.000671416,0.922573,0.000184497,0.000163953,8.46077e-05,-3.58684e-06,2.15072e-05,2.11357e-06,2.14031e-05,2.07592e-06,7.69146e-06,5.06365e-06,5.78947e-06
0.479276,0.753978,0.000673095,9.70191e-05,0.000666067,0.922576,0.000185084,0.000165088,8.3679e-05,-3.62035e-06,2.15345e-05,2.10908e-06,2.1431e-05,1.95536e-06,7.72214e-06,5.17336e-06,5.73305e-06
0.479658,0.754081,0.000667812,9.71167e-05,0.000660712,0.922578,0.000185986,0.000166563,8.27496e-05,-3.65372e-06,2.15618e-05,2.10457e-06,2.14589e-05,1.82676e-06,7.74727e-06,5.27225e-06,5.67658e-06
0.480041,0.754196,0.000662523,9.72001e-05,0.000655354,0.922579,0.000187442,0.000168642,8.18194e-05,-3.68695e-06,2.15892e-05,2.10003e-06,2.14868e-05,1.68995e-06,7.76578e-06,5.35931e-06,5.62006e-06
0.480424,0.75432,0.000657241,9.73488e-05,0.000649991,0.92258,0.00018967,0.000171556,8.08885e-05,-3.72005e-06,2.16166e-05,2.09547e-06,2.15148e-05,1.54487e-06,7.77685e-06,5.43386e-06,5.5635e-06
0.480807,0.754452,0.000651978,9.7642e-05,0.000644625,0.92258,0.000192844,0.000175488,7.99568e-05,-3.753e-06,2.1644e-05,2.09088e-06,2.15428e-05,1.39172e-06,7.78025e-06,5.49604e-06,5.50689e-06
0.481191,0.75459,0.000646744,9.81497e-05,0.000639253,0.922579,0.00019709,0.000180554,7.90244e-05,-3.78582e-06,2.16714e-05,2.08627e-06,2.15708e-05,1.2308e-06,7.77596e-06,5.54622e-06,5.45024e-06
0.481574,0.754733,0.000641551,9.89245e-05,0.000633878,0.922579,0.00020247,0.000186804,7.80913e-05,-3.8185e-06,2.16989e-05,2.08163e-06,2.15988e-05,1.06236e-06,7.76405e-06,5.58482e-06,5.39354e-06
0.481959,0.754879,0.000636403,9.99958e-05,0.000628498,0.922579,0.000208983,0.000194218,7.71574e-05,-3.85104e-06,2.17263e-05,2.07698e-06,2.16268e-05,8.86682e-07,7.74467e-06,5.61235e-06,5.3368e-06
0.482343,0.755026,0.000631305,0.000101366,0.000623114,0.922579,0.000216571,0.000202715,7.62228e-05,-3.88344e-06,2.17538e-05,2.0723e-06,2.16549e-05,7.04035e-07,7.71806e-06,5.62938e-06,5.28001e-06
0.482728,0.755172,0.000626256,0.000103012,0.000617726,0.922579,0.000225127,0.000212165,7.52874e-05,-3.9157e-06,2.17813e-05,2.06761e-06,2.1683e-05,5.14691e-07,7.68452e-06,5.63651e-06,5.22318e-06
0.483113,0.755314,0.000621251,0.000104888,0.000612333,0.92258,0.000234502,0.000222403,7.43513e-05,-3.94783e-06,2.18089e-05,2.06289e-06,2.17111e-05,3.18923e-07,7.64441e-06,5.63439e-06,5.1663e-06
0.483498,0.75545,0.000616285,0.000106936,0.000606936,0.922582,0.000244524,0.000233243,7.34145e-05,-3.97981e-06,2.18364e-05,2.05816e-06,2.17392e-05,1.17003e-07,7.59815e-06,5.62372e-06,5.10938e-06
0.483884,0.75558,0.000611346,0.000109087,0.000601535,0.922585,0.000255,0.000244483,7.24769e-05,-4.01165e-06,2.1864e-05,2.05342e-06,2.17674e-05,-9.07959e-08,7.54621e-06,5.60521e-06,5.05241e-06
0.48427,0.7557,0.000606426,0.000111276,0.000596129,0.92259,0.000265731,0.000255921,7.15385e-05,-4.04336e-06,2.18916e-05,2.04865e-06,2.17956e-05,-3.04203e-07,7.48908e-06,5.57964e-06,4.99539e-06
0.484656,0.755809,0.000601514,0.000113447,0.00059072,0.922595,0.000276517,0.000267352,7.05994e-05,-4.07493e-06,2.19193e-05,2.04388e-06,2.18238e-05,-5.22945e-07,7.42732e-06,5.54779e-06,4.93833e-06
0.485043,0.755908,0.000596603,0.000115556,0.000585305,0.922603,0.000287156,0.000278578,6.96595e-05,-4.10635e-06,2.19469e-05,2.03909e-06,2.1852e-05,-7.46751e-07,7.3615e-06,5.51047e-06,4.88123e-06
0.48543,0.755994,0.000591755,0.000117579,0.000579956,0.922612,0.000297459,0.000289406,6.87452e-05,-4.13764e-06,2.19716e-05,2.03429e-06,2.18772e-05,-9.75347e-07,7.29293e-06,5.46852e-06,4.82515e-06
0.485817,0.756067,0.00058965,0.000119509,0.000577412,0.922622,0.000307467,0.000299649,6.88927e-05,-4.16879e-06,2.1874e-05,2.02947e-06,2.17796e-05,-1.20846e-06,7.2504e-06,5.42281e-06,4.81263e-06
0.486205,0.756127,0.000587536,0.00012136,0.000574866,0.922636,0.000316746,0.00030913,6.90403e-05,-4.1998e-06,2.17763e-05,2.02465e-06,2.1682e-05,-1.44582e-06,7.20576e-06,5.3742e-06,4.8001e-06
0.486592,0.756175,0.000585419,0.00012316,0.000572318,0.922651,0.000325124,0.000317677,6.91881e-05,-4.23067e-06,2.16786e-05,2.01982e-06,2.15843e-05,-1.68716e-06,7.1597e-06,5.32358e-06,4.78756e-06
0.486981,0.756211,0.000583307,0.00012495,0.000569767,0.922669,0.000332439,0.000325128,6.9336e-05,-4.2614e-06,2.15807e-05,2.01498e-06,2.14865e-05,-1.9322e-06,7.11289e-06,5.27186e-06,4.77501e-06
0.487369,0.756236,0.00058121,0.000126777,0.000567215,0.92269,0.000338538,0.000331331,6.9484e-05,-4.29198e-06,2.14828e-05,2.01013e-06,2.13886e-05,-2.18067e-06,7.06601e-06,5.21992e-06,4.76245e-06
0.487758,0.756252,0.000579139,0.000128689,0.000564661,0.922713,0.000343276,0.000336139,6.96321e-05,-4.32243e-06,2.13849e-05,2.00528e-06,2.12906e-05,-2.4323e-06,7.01972e-06,5.16867e-06,4.74988e-06
0.488147,0.75626,0.000577106,0.000130727,0.000562104,0.92274,0.000346519,0.000339421,6.97803e-05,-4.35274e-06,2.12868e-05,2.00042e-06,2.11926e-05,-2.68681e-06,6.97465e-06,5.11896e-06,4.7373e-06
0.488536,0.756262,0.000575117,0.000132922,0.000559546,0.92277,0.000348147,0.000341052,6.99286e-05,-4.38291e-06,2.11887e-05,1.99555e-06,2.10945e-05,-2.94394e-06,6.93142e-06,5.07166e-06,4.72471e-06
0.488926,0.756261,0.00057318,0.000135288,0.000556985,0.922804,0.000348062,0.000340935,7.00771e-05,-4.41293e-06,2.10905e-05,1.99069e-06,2.09963e-05,-3.2034e-06,6.89061e-06,5.02757e-06,4.71211e-06
0.489316,0.756258,0.000571296,0.000137821,0.000554423,0.92284,0.000346304,0.000339109,7.02257e-05,-4.44282e-06,2.09922e-05,1.98582e-06,2.0898e-05,-3.46494e-06,6.85274e-06,4.98746e-06,4.6995e-06
0.489706,0.756257,0.000569463,0.000140502,0.000551858,0.92288,0.000343033,0.000335737,7.03744e-05,-4.47257e-06,2.08938e-05,1.98095e-06,2.07997e-05,-3.72828e-06,6.81831e-06,4.95202e-06,4.68688e-06
0.490097,0.756258,0.000567675,0.000143294,0.000549292,0.922924,0.000338425,0.000330996,7.05232e-05,-4.50217e-06,2.07954e-05,1.97608e-06,2.07013e-05,-3.99314e-06,6.78775e-06,4.92189e-06,4.67425e-06
0.490488,0.756266,0.000565921,0.000146151,0.000546723,0.92297,0.000332669,0.000325076,7.06722e-05,-4.53163e-06,2.06968e-05,1.97121e-06,2.06027e-05,-4.25925e-06,6.76143e-06,4.89759e-06,4.66161e-06
0.490879,0.756281,0.000564189,0.00014902,0.000544152,0.923018,0.000325968,0.000318181,7.08212e-05,-4.56096e-06,2.05982e-05,1.96635e-06,2.05042e-05,-4.52634e-06,6.73966e-06,4.87957e-06,4.64896e-06
0.491271,0.756306,0.000562465,0.000151849,0.00054158,0.923069,0.000318535,0.000310528,7.09704e-05,-4.59014e-06,2.04996e-05,1.96148e-06,2.04055e-05,-4.79414e-06,6.72265e-06,4.86814e-06,4.6363e-06
0.491663,0.756342,0.000560735,0.000154587,0.000539005,0.923122,0.000310599,0.000302347,7.11197e-05,-4.61918e-06,2.04008e-05,1.95662e-06,2.03068e-05,-5.06238e-06,6.71056e-06,4.86351e-06,4.62363e-06
0.492055,0.756391,0.000558986,0.000157196,0.000536428,0.923177,0.000302397,0.000293879,7.12691e-05,-4.64808e-06,2.0302e-05,1.95177e-06,2.02079e-05,-5.33078e-06,6.70347e-06,4.86577e-06,4.61095e-06
0.492447,0.756454,0.000557209,0.000159646,0.000533849,0.923234,0.00029418,0.00028538,7.14187e-05,-4.67684e-06,2.02031e-05,1.94692e-06,2.0109e-05,-5.59907e-06,6.70136e-06,4.87487e-06,4.59825e-06
0.49284,0.756531,0.000555396,0.000161924,0.000531268,0.923292,0.000286204,0.000277111,7.15683e-05,-4.70545e-06,2.01041e-05,1.94208e-06,2.00101e-05,-5.86699e-06,6.70415e-06,4.89064e-06,4.58555e-06
0.493233,0.756622,0.000553546,0.000164027,0.000528685,0.923352,0.000278724,0.000269339,7.17181e-05,-4.73393e-06,2.0005e-05,1.93725e-06,1.9911e-05,-6.13425e-06,6.71166e-06,4.91279e-06,4.57284e-06
0.493627,0.756728,0.000552358,0.000165968,0.000526834,0.923412,0.000271818,0.000262327,7.12024e-05,-4.76226e-06,2.02292e-05,1.93242e-06,2.01367e-05,-6.40058e-06,6.7282e-06,4.94093e-06,4.56683e-06
0.494021,0.756848,0.000551175,0.000167768,0.000525021,0.923474,0.000265879,0.000256321,7.06496e-05,-4.79045e-06,2.04714e-05,1.92761e-06,2.03804e-05,-6.66572e-06,6.74912e-06,4.97455e-06,4.56119e-06
0.494415,0.75698,0.000549965,0.000169456,0.000523207,0.923536,0.000261124,0.000251539,7.00964e-05,-4.8185e-06,2.07138e-05,1.9228e-06,2.06244e-05,-6.92939e-06,6.77375e-06,5.01306e-06,4.55554e-06
0.494809,0.757123,0.000548737,0.000171063,0.000521392,0.923599,0.000257717,0.000248157,6.95427e-05,-4.84641e-06,2.09565e-05,1.91801e-06,2.08685e-05,-7.19132e-06,6.80166e-06,5.05581e-06,4.54988e-06
0.495204,0.757276,0.000547499,0.000172617,0.000519575,0.923662,0.000255767,0.000246287,6.89886e-05,-4.87417e-06,2.11994e-05,1.91323e-06,2.11128e-05,-7.45124e-06,6.83234e-06,5.10205e-06,4.54423e-06
0.495599,0.757436,0.000546258,0.00017414,0.000517757,0.923725,0.000255318,0.000245976,6.84341e-05,-4.90179e-06,2.14425e-05,1.90847e-06,2.13574e-05,-7.70887e-06,6.86524e-06,5.15102e-06,4.53856e-06
0.495994,0.7576,0.000545016,0.000175644,0.000515938,0.923788,0.000256341,0.00024719,6.78791e-05,-4.92927e-06,2.16858e-05,1.90372e-06,2.16021e-05,-7.96394e-06,6.89978e-06,5.2019e-06,4.53289e-06
0.49639,0.757767,0.000543774,0.000177129,0.000514117,0.923851,0.000258739,0.000249827,6.73236e-05,-4.95661e-06,2.19294e-05,1.89899e-06,2.1847e-05,-8.21618e-06,6.93533e-06,5.25386e-06,4.52722e-06
0.496786,0.757933,0.000542527,0.000178579,0.000512294,0.923913,0.000262357,0.000253719,6.67678e-05,-4.98381e-06,2.21732e-05,1.89427e-06,2.20921e-05,-8.46533e-06,6.97127e-06,5.30606e-06,4.52155e-06
0.497182,0.758095,0.000541265,0.000179966,0.00051047,0.923974,0.000266988,0.000258648,6.62114e-05,-5.01086e-06,2.24172e-05,1.88957e-06,2.23374e-05,-8.71109e-06,7.00695e-06,5.35764e-06,4.51586e-06
0.497579,0.758252,0.000539974,0.000181252,0.000508645,0.924034,0.000272398,0.000264367,6.56547e-05,-5.03777e-06,2.26615e-05,1.88489e-06,2.25829e-05,-8.95321e-06,7.0417e-06,5.40776e-06,4.51018e-06
0.497976,0.7584,0.000538637,0.00018239,0.000506818,0.924093,0.00027833,0.00027061,6.50975e-05,-5.06454e-06,2.29059e-05,1.88023e-06,2.28286e-05,-9.19141e-06,7.07488e-06,5.45559e-06,4.50449e-06
0.498373,0.758537,0.000537236,0.000183327,0.000504989,0.924151,0.000284523,0.000277106,6.45398e-05,-5.09116e-06,2.31506e-05,1.87559e-06,2.30745e-05,-9.42542e-06,7.10583e-06,5.50033e-06,4.49879e-06
0.49877,0.758661,0.000535754,0.000184018,0.00050316,0.924207,0.00029072,0.000283592,6.39817e-05,-5.11764e-06,2.33956e-05,1.87097e-06,2.33206e-05,-9.65497e-06,7.13391e-06,5.54119e-06,4.49309e-06
0.499168,0.75877,0.000534175,0.000184426,0.000501328,0.924261,0.000296673,0.000289815,6.34232e-05,-5.14398e-06,2.36407e-05,1.86638e-06,2.35669e-05,-9.87979e-06,7.15852e-06,5.57743e-06,4.48739e-06
0.499566,0.758862,0.00053249,0.000184527,0.000499496,0.924313,0.000302152,0.00029554,6.28642e-05,-5.17017e-06,2.38861e-05,1.86181e-06,2.38134e-05,-1.00996e-05,7.17906e-06,5.60833e-06,4.48168e-06
0.499965,0.758937,0.000530693,0.000184306,0.000497661,0.924362,0.000306943,0.000300553,6.23047e-05,-5.19622e-06,2.41317e-05,1.85726e-06,2.40601e-05,-1.03141e-05,7.19496e-06,5.63322e-06,4.47597e-06
0.500364,0.758994,0.000528783,0.000183761,0.000495826,0.92441,0.000310852,0.000304658,6.17448e-05,-5.22213e-06,2.43775e-05,1.85274e-06,2.4307e-05,-1.05231e-05,7.20579e-06,5.65157e-06,4.47025e-06
0.500763,0.759032,0.000526763,0.000182905,0.000493989,0.924454,0.000313724,0.0003077,6.11845e-05,-5.24789e-06,2.46235e-05,1.84825e-06,2.4554e-05,-1.07263e-05,7.21148e-06,5.66333e-06,4.46453e-06
0.501162,0.759053,0.000524643,0.000181767,0.00049215,0.924496,0.00031554,0.000309661,6.06237e-05,-5.27351e-06,2.48698e-05,1.84378e-06,2.48013e-05,-1.09236e-05,7.21215e-06,5.6687e-06,4.4588e-06
0.501562,0.759056,0.000531804,0.000180386,0.000500277,0.924536,0.000316563,0.000310602,6.11385e-05,-5.29899e-06,2.44502e-05,1.83934e-06,2.4381e-05,-1.11147e-05,7.21308e-06,5.66791e-06,4.46131e-06
0.501962,0.759044,0.000540325,0.000178812,0.00050988,0.924573,0.000316695,0.000310604,6.18125e-05,-5.32432e-06,2.39322e-05,1.83493e-06,2.38618e-05,-1.12995e-05,7.21014e-06,5.66123e-06,4.46504e-06
0.502363,0.759018,0.00054885,0.000177101,0.000519491,0.924608,0.000316005,0.000309765,6.2487e-05,-5.34951e-06,2.34138e-05,1.83055e-06,2.33421e-05,-1.14777e-05,7.20284e-06,5.64899e-06,4.46877e-06
0.502763,0.758979,0.000557397,0.00017531,0.00052911,0.92464,0.000314603,0.000308197,6.3162e-05,-5.37455e-06,2.28951e-05,1.82621e-06,2.28221e-05,-1.16491e-05,7.19149e-06,5.63154e-06,4.4725e-06
0.503164,0.758931,0.000565984,0.000173495,0.000538737,0.92467,0.000312609,0.000306022,6.38376e-05,-5.39945e-06,2.2376e-05,1.82189e-06,2.23017e-05,-1.18136e-05,7.17639e-06,5.60927e-06,4.47624e-06
0.503566,0.758877,0.000574623,0.000171702,0.000548371,0.924699,0.000310153,0.000303369,6.45137e-05,-5.4242e-06,2.18565e-05,1.81761e-06,2.17808e-05,-1.19709e-05,7.15789e-06,5.58258e-06,4.47998e-06
0.503967,0.758818,0.000583323,0.000169963,0.000558013,0.924725,0.000307367,0.000300374,6.51904e-05,-5.44881e-06,2.13367e-05,1.81336e-06,2.12595e-05,-1.21209e-05,7.13634e-06,5.5519e-06,4.48372e-06
0.504369,0.758758,0.000592085,0.000168297,0.000567662,0.92475,0.000304387,0.000297175,6.58675e-05,-5.47328e-06,2.08166e-05,1.80914e-06,2.07379e-05,-1.22633e-05,7.1121e-06,5.51766e-06,4.48747e-06
0.504772,0.758701,0.000600907,0.000166707,0.000577319,0.924772,0.000301348,0.000293909,6.65453e-05,-5.4976e-06,2.02962e-05,1.80496e-06,2.02157e-05,-1.2398e-05,7.08555e-06,5.48032e-06,4.49121e-06
0.505174,0.758649,0.000609782,0.000165178,0.000586984,0.924794,0.00029838,0.000290709,6.72235e-05,-5.52178e-06,1.97754e-05,1.80081e-06,1.96932e-05,-1.25247e-05,7.05705e-06,5.44034e-06,4.49497e-06
0.505577,0.758604,0.000618701,0.00016368,0.000596657,0.924814,0.000295607,0.000287702,6.79023e-05,-5.54581e-06,1.92543e-05,1.79671e-06,1.91703e-05,-1.26433e-05,7.027e-06,5.39817e-06,4.49872e-06
0.505981,0.758571,0.000627651,0.000162175,0.000606337,0.924832,0.000293139,0.000285004,6.85817e-05,-5.5697e-06,1.87329e-05,1.79264e-06,1.86469e-05,-1.27535e-05,6.99574e-06,5.35426e-06,4.50248e-06
0.506384,0.758551,0.00063662,0.000160617,0.000616025,0.924849,0.000291074,0.000282714,6.92616e-05,-5.59344e-06,1.82112e-05,1.7886e-06,1.81232e-05,-1.28551e-05,6.96365e-06,5.30907e-06,4.50624e-06
0.506788,0.758546,0.000645597,0.000158961,0.000625721,0.924865,0.000289489,0.000280913,6.9942e-05,-5.61703e-06,1.76892e-05,1.78461e-06,1.7599e-05,-1.2948e-05,6.93106e-06,5.26304e-06,4.51e-06
0.507193,0.758558,0.000654574,0.000157169,0.000635425,0.92488,0.000288438,0.000279659,7.0623e-05,-5.64048e-06,1.7167e-05,1.78066e-06,1.70744e-05,-1.3032e-05,6.89832e-06,5.21658e-06,4.51377e-06
0.507597,0.758589,0.000663544,0.000155208,0.000645136,0.924894,0.000287951,0.000278983,7.13045e-05,-5.66379e-06,1.66444e-05,1.77675e-06,1.65493e-05,-1.31068e-05,6.86573e-06,5.17011e-06,4.51754e-06
0.508002,0.758638,0.000672506,0.000153064,0.000654855,0.924907,0.000288032,0.000278891,7.19866e-05,-5.68695e-06,1.61217e-05,1.77288e-06,1.60239e-05,-1.31722e-05,6.83357e-06,5.12401e-06,4.52131e-06
0.508407,0.758707,0.000681462,0.000150735,0.000664582,0.924919,0.000288655,0.000279358,7.26692e-05,-5.70996e-06,1.55986e-05,1.76905e-06,1.5498e-05,-1.32281e-05,6.80211e-06,5.07862e-06,4.52508e-06
0.508813,0.758794,0.000690418,0.000148238,0.000674316,0.924931,0.000289772,0.000280335,7.33524e-05,-5.73283e-06,1.50754e-05,1.76527e-06,1.49717e-05,-1.32743e-05,6.77158e-06,5.03426e-06,4.52886e-06
0.509219,0.7589,0.000699384,0.000145607,0.000684059,0.924942,0.000291309,0.000281744,7.40361e-05,-5.75556e-06,1.4552e-05,1.76152e-06,1.4445e-05,-1.33105e-05,6.74219e-06,4.99122e-06,4.53264e-06
0.509625,0.759023,0.000700035,0.000142891,0.000685297,0.924952,0.000292973,0.000283489,7.39402e-05,-5.77813e-06,1.43499e-05,1.75783e-06,1.42418e-05,-1.33365e-05,6.68802e-06,4.94973e-06,4.49776e-06
0.510032,0.759161,0.000698545,0.000140148,0.000684342,0.924962,0.000294801,0.000285454,7.36433e-05,-5.80056e-06,1.42304e-05,1.75417e-06,1.41219e-05,-1.33522e-05,6.62844e-06,4.90998e-06,4.4529e-06
0.510438,0.759312,0.000697071,0.000137445,0.000683387,0.924972,0.000296717,0.000287509,7.33462e-05,-5.82285e-06,1.41109e-05,1.75057e-06,1.40019e-05,-1.33573e-05,6.57023e-06,4.87211e-06,4.40799e-06
0.510846,0.759474,0.000695626,0.000134848,0.000682431,0.924982,0.000298586,0.000289512,7.30488e-05,-5.84499e-06,1.39913e-05,1.74701e-06,1.38818e-05,-1.33517e-05,6.51347e-06,4.83622e-06,4.36305e-06
0.511253,0.759643,0.00069422,0.000132417,0.000681474,0.924992,0.000300265,0.000291318,7.27512e-05,-5.86698e-06,1.38716e-05,1.74349e-06,1.37616e-05,-1.33352e-05,6.45819e-06,4.80233e-06,4.31808e-06
0.511661,0.759816,0.00069286,0.000130202,0.000680516,0.925002,0.000301608,0.000292776,7.24534e-05,-5.88882e-06,1.37519e-05,1.74003e-06,1.36414e-05,-1.33075e-05,6.40438e-06,4.77043e-06,4.27307e-06
0.512069,0.759991,0.000691551,0.000128232,0.000679558,0.925012,0.000302468,0.000293736,7.21553e-05,-5.91052e-06,1.3632e-05,1.73661e-06,1.3521e-05,-1.32684e-05,6.352e-06,4.74044e-06,4.22802e-06
0.512478,0.760164,0.000690292,0.000126519,0.000678599,0.925023,0.000302702,0.000294049,7.1857e-05,-5.93208e-06,1.35121e-05,1.73324e-06,1.34005e-05,-1.32178e-05,6.30094e-06,4.71221e-06,4.18294e-06
0.512886,0.760331,0.000689081,0.000125053,0.000677639,0.925033,0.000302169,0.000293574,7.15584e-05,-5.95348e-06,1.33921e-05,1.72992e-06,1.32799e-05,-1.31555e-05,6.25108e-06,4.68556e-06,4.13782e-06
0.513295,0.76049,0.00068791,0.000123804,0.000676678,0.925045,0.000300783,0.00029222,7.12596e-05,-5.97474e-06,1.32721e-05,1.72665e-06,1.31593e-05,-1.30812e-05,6.20224e-06,4.66025e-06,4.09266e-06
0.513705,0.760638,0.000686771,0.000122727,0.000675717,0.925056,0.000298543,0.000289987,7.09606e-05,-5.99585e-06,1.31519e-05,1.72343e-06,1.30385e-05,-1.29947e-05,6.15421e-06,4.63597e-06,4.04747e-06
0.514115,0.760771,0.000685654,0.000121767,0.000674755,0.925068,0.000295475,0.000286902,7.06613e-05,-6.01682e-06,1.30317e-05,1.72026e-06,1.29176e-05,-1.2896e-05,6.10673e-06,4.61239e-06,4.00225e-06
0.514525,0.760888,0.000684547,0.00012087,0.000673792,0.925081,0.000291618,0.000283002,7.03618e-05,-6.03763e-06,1.29114e-05,1.71714e-06,1.27967e-05,-1.27846e-05,6.05953e-06,4.58913e-06,3.95698e-06
0.514935,0.760986,0.000683443,0.000119985,0.000672828,0.925094,0.00028702,0.000278337,7.0062e-05,-6.0583e-06,1.2791e-05,1.71407e-06,1.26756e-05,-1.26605e-05,6.01228e-06,4.56576e-06,3.91169e-06
0.515346,0.761065,0.000682333,0.000119072,0.000671863,0.925108,0.000281741,0.000272967,6.9762e-05,-6.07883e-06,1.26706e-05,1.71106e-06,1.25545e-05,-1.25235e-05,5.96464e-06,4.54183e-06,3.86635e-06
0.515757,0.761123,0.000681215,0.00011811,0.000670898,0.925122,0.000275849,0.00026696,6.94618e-05,-6.0992e-06,1.255e-05,1.7081e-06,1.24332e-05,-1.23733e-05,5.91624e-06,4.51686e-06,3.82098e-06
0.516169,0.761159,0.000680089,0.000117096,0.000669932,0.925136,0.000269418,0.00026039,6.91613e-05,-6.11943e-06,1.24294e-05,1.70519e-06,1.23119e-05,-1.22098e-05,5.8667e-06,4.49035e-06,3.77557e-06
0.51658,0.761174,0.000678956,0.000116047,0.000668965,0.925151,0.000262531,0.000253339,6.88606e-05,-6.13951e-06,1.23087e-05,1.70233e-06,1.21905e-05,-1.20328e-05,5.81561e-06,4.46178e-06,3.73013e-06
0.516992,0.761169,0.000677825,0.000115002,0.000667998,0.925166,0.000255272,0.000245893,6.85596e-05,-6.15944e-06,1.2188e-05,1.69953e-06,1.20689e-05,-1.1842e-05,5.76256e-06,4.43063e-06,3.68465e-06
0.517405,0.761145,0.000676703,0.000114011,0.000667029,0.925182,0.000247734,0.000238144,6.82584e-05,-6.17923e-06,1.20672e-05,1.69678e-06,1.19473e-05,-1.16372e-05,5.70712e-06,4.39636e-06,3.63913e-06
0.517817,0.761104,0.000676474,0.00011314,0.000666945,0.925198,0.000240221,0.000230189,6.8695e-05,-6.19886e-06,1.20853e-05,1.69409e-06,1.1966e-05,-1.14183e-05,5.6726e-06,4.35846e-06,3.63074e-06
0.518231,0.761047,0.000676618,0.000112453,0.000667207,0.925215,0.000232723,0.000222128,6.94206e-05,-6.21835e-06,1.21579e-05,1.69145e-06,1.20397e-05,-1.11851e-05,5.64431e-06,4.3164e-06,3.63688e-06
0.518644,0.760978,0.000676803,0.000112012,0.00066747,0.925232,0.000225264,0.000214064,7.01467e-05,-6.23769e-06,1.22306e-05,1.68886e-06,1.21134e-05,-1.09373e-05,5.61265e-06,4.26969e-06,3.64303e-06
0.519058,0.7609,0.000677037,0.000111861,0.000667732,0.92525,0.000217947,0.000206102,7.08735e-05,-6.25688e-06,1.23034e-05,1.68633e-06,1.21872e-05,-1.06748e-05,5.57735e-06,4.21786e-06,3.64918e-06
0.519472,0.760816,0.000677323,0.000112027,0.000667995,0.925268,0.000210874,0.000198347,7.16008e-05,-6.27592e-06,1.23762e-05,1.68385e-06,1.22611e-05,-1.03973e-05,5.53814e-06,4.16047e-06,3.65533e-06
0.519886,0.760729,0.000677662,0.000112505,0.000668258,0.925286,0.000204145,0.000190902,7.23287e-05,-6.29482e-06,1.24491e-05,1.68143e-06,1.2335e-05,-1.01047e-05,5.49482e-06,4.09713e-06,3.66149e-06
0.520301,0.760643,0.000678048,0.000113268,0.000668521,0.925305,0.00019785,0.000183867,7.30572e-05,-6.31356e-06,1.25221e-05,1.67907e-06,1.2409e-05,-9.79684e-06,5.44729e-06,4.02756e-06,3.66766e-06
0.520716,0.760562,0.000678474,0.000114257,0.000668784,0.925325,0.000192072,0.000177333,7.37863e-05,-6.33216e-06,1.25951e-05,1.67676e-06,1.2483e-05,-9.47416e-06,5.39581e-06,3.95193e-06,3.67383e-06
0.521131,0.76049,0.000678926,0.000115395,0.000669048,0.925345,0.000186877,0.000171378,7.45159e-05,-6.35061e-06,1.26683e-05,1.67451e-06,1.25571e-05,-9.13748e-06,5.34091e-06,3.87077e-06,3.68e-06
0.521547,0.760429,0.000679391,0.000116592,0.000669312,0.925365,0.000182316,0.000166064,7.52461e-05,-6.36891e-06,1.27415e-05,1.67231e-06,1.26313e-05,-8.78762e-06,5.28316e-06,3.78469e-06,3.68618e-06
0.521963,0.760384,0.00067985,0.000117751,0.000669576,0.925385,0.000178416,0.00016143,7.5977e-05,-6.38706e-06,1.28148e-05,1.67017e-06,1.27055e-05,-8.4254e-06,5.22321e-06,3.69437e-06,3.69237e-06
0.522379,0.760356,0.000680289,0.000118776,0.00066984,0.925407,0.000175181,0.000157493,7.67083e-05,-6.40506e-06,1.28882e-05,1.66809e-06,1.27798e-05,-8.05162e-06,5.16177e-06,3.60062e-06,3.69856e-06
0.522796,0.760348,0.00068069,0.000119582,0.000670104,0.925428,0.000172588,0.000154239,7.74403e-05,-6.42291e-06,1.29616e-05,1.66606e-06,1.28541e-05,-7.6671e-06,5.09957e-06,3.50434e-06,3.70475e-06
0.523213,0.760363,0.000681042,0.000120101,0.000670369,0.92545,0.000170592,0.000151627,7.81729e-05,-6.44061e-06,1.30352e-05,1.66409e-06,1.29285e-05,-7.27265e-06,5.03741e-06,3.40652e-06,3.71095e-06
0.52363,0.760402,0.000681335,0.000120282,0.000670634,0.925473,0.000169123,0.000149588,7.8906e-05,-6.45817e-06,1.31088e-05,1.66217e-06,1.3003e-05,-6.86909e-06,4.97613e-06,3.30826e-06,3.71716e-06
0.524048,0.760465,0.000681564,0.000120101,0.000670899,0.925495,0.000168094,0.000148031,7.96398e-05,-6.47557e-06,1.31824e-05,1.66031e-06,1.30775e-05,-6.45724e-06,4.91657e-06,3.2108e-06,3.72337e-06
0.524466,0.760553,0.00068173,0.00011956,0.000671164,0.925519,0.000167404,0.000146847,8.03741e-05,-6.49282e-06,1.32562e-05,1.65851e-06,1.3152e-05,-6.03789e-06,4.85962e-06,3.11546e-06,3.72958e-06
0.524885,0.760666,0.000681838,0.000118684,0.000671429,0.925542,0.000166945,0.000145917,8.1109e-05,-6.50993e-06,1.333e-05,1.65676e-06,1.32267e-05,-5.61187e-06,4.80613e-06,3.02368e-06,3.7358e-06
0.525303,0.760802,0.000681898,0.000117519,0.000671695,0.925566,0.000166608,0.00014512,8.18445e-05,-6.52688e-06,1.34039e-05,1.65507e-06,1.33014e-05,-5.17999e-06,4.75698e-06,2.93702e-06,3.74203e-06
0.525722,0.76096,0.000681922,0.00011613,0.000671961,0.925591,0.00016629,0.000144336,8.25806e-05,-6.54368e-06,1.34779e-05,1.65343e-06,1.33761e-05,-4.74306e-06,4.713e-06,2.85709e-06,3.74826e-06
0.526142,0.761138,0.000678582,0.000114597,0.000668836,0.925616,0.000165761,0.000143473,8.30195e-05,-6.56034e-06,1.35252e-05,1.65185e-06,1.3424e-05,-4.30189e-06,4.65516e-06,2.78556e-06,3.72977e-06
0.526561,0.761333,0.000673371,0.000113007,0.00066382,0.925641,0.000165064,0.000142507,8.32932e-05,-6.57684e-06,1.35577e-05,1.65033e-06,1.34569e-05,-3.85731e-06,4.59263e-06,2.7241e-06,3.6975e-06
0.526981,0.761543,0.000668161,0.000111448,0.000658801,0.925667,0.00016429,0.000141448,8.3567e-05,-6.59319e-06,1.35903e-05,1.64886e-06,1.34899e-05,-3.41012e-06,4.53713e-06,2.67429e-06,3.66521e-06
0.527402,0.761764,0.000662967,0.00011,0.000653778,0.925693,0.000163469,0.000140331,8.38411e-05,-6.6094e-06,1.36228e-05,1.64744e-06,1.35229e-05,-2.96113e-06,4.48939e-06,2.63756e-06,3.63289e-06
0.527823,0.761993,0.000657799,0.00010873,0.000648751,0.925719,0.000162645,0.000139205,8.41154e-05,-6.62545e-06,1.36554e-05,1.64608e-06,1.35559e-05,-2.51116e-06,4.45002e-06,2.61509e-06,3.60055e-06
0.528244,0.762225,0.000652664,0.000107682,0.00064372,0.925745,0.000161876,0.000138138,8.43899e-05,-6.64135e-06,1.36881e-05,1.64478e-06,1.35889e-05,-2.06103e-06,4.41952e-06,2.60772e-06,3.56818e-06
0.528665,0.762457,0.000647565,0.000106874,0.000638684,0.925771,0.000161223,0.000137204,8.46647e-05,-6.6571e-06,1.37207e-05,1.64353e-06,1.3622e-05,-1.61154e-06,4.39827e-06,2.61591e-06,3.53579e-06
0.529087,0.762685,0.000642499,0.000106296,0.000633645,0.925798,0.000160757,0.000136485,8.49396e-05,-6.6727e-06,1.37535e-05,1.64233e-06,1.3655e-05,-1.1635e-06,4.38649e-06,2.63965e-06,3.50337e-06
0.529509,0.762904,0.000637461,0.000105909,0.000628602,0.925824,0.000160546,0.000136064,8.52148e-05,-6.68815e-06,1.37862e-05,1.64118e-06,1.36882e-05,-7.17743e-07,4.38427e-06,2.67853e-06,3.47092e-06
0.529931,0.763113,0.000632442,0.000105654,0.000623555,0.92585,0.000160656,0.000136021,8.54902e-05,-6.70345e-06,1.3819e-05,1.64009e-06,1.37213e-05,-2.75068e-07,4.39149e-06,2.73172e-06,3.43845e-06
0.530354,0.763306,0.000627429,0.000105457,0.000618503,0.925876,0.000161145,0.000136425,8.57658e-05,-6.71859e-06,1.38518e-05,1.63905e-06,1.37545e-05,1.63709e-07,4.40792e-06,2.79808e-06,3.40595e-06
0.530777,0.763481,0.000622409,0.000105236,0.000613448,0.925902,0.000162062,0.000137335,8.60417e-05,-6.73359e-06,1.38846e-05,1.63807e-06,1.37877e-05,5.97775e-07,4.43314e-06,2.87623e-06,3.37343e-06
0.5312,0.763636,0.000617368,0.000104911,0.000608389,0.925927,0.000163441,0.000138789,8.63177e-05,-6.74843e-06,1.39175e-05,1.63713e-06,1.38209e-05,1.02632e-06,4.46661e-06,2.96464e-06,3.34088e-06
0.531624,0.763768,0.000612293,0.00010441,0.000603325,0.925952,0.000165303,0.000140806,8.6594e-05,-6.76312e-06,1.39504e-05,1.63625e-06,1.38541e-05,1.44852e-06,4.50765e-06,3.06171e-06,3.3083e-06
0.532048,0.763875,0.000607175,0.000103677,0.000598258,0.925977,0.000167648,0.000143385,8.68705e-05,-6.77766e-06,1.39834e-05,1.63541e-06,1.38874e-05,1.86357e-06,4.55549e-06,3.1658e-06,3.2757e-06
0.532473,0.763958,0.000602007,0.000102676,0.000593186,0.926001,0.000170462,0.000146501,8.71472e-05,-6.79205e-06,1.40164e-05,1.63463e-06,1.39207e-05,2.27066e-06,4.60926e-06,3.27533e-06,3.24307e-06
0.532897,0.764015,0.000596787,0.000101389,0.000588111,0.926025,0.000173714,0.000150112,8.74242e-05,-6.80629e-06,1.40494e-05,1.6339e-06,1.3954e-05,2.66897e-06,4.66804e-06,3.38877e-06,3.21042e-06
0.533322,0.764047,0.000591516,9.98256e-05,0.000583031,0.926048,0.000177359,0.000154158,8.77013e-05,-6.82038e-06,1.40824e-05,1.63322e-06,1.39874e-05,3.05769e-06,4.73083e-06,3.50467e-06,3.17774e-06
0.533748,0.764055,0.0005862,9.80142e-05,0.000577948,0.92607,0.000181337,0.000158565,8.79787e-05,-6.83431e-06,1.41155e-05,1.63258e-06,1.40208e-05,3.436e-06,4.79664e-06,3.62167e-06,3.14503e-06
0.534174,0.76404,0.000580849,9.60049e-05,0.00057286,0.926092,0.000185582,0.000163252,8.82563e-05,-6.84809e-06,1.41486e-05,1.632e-06,1.40542e-05,3.8031e-06,4.86443e-06,3.73849e-06,3.1123e-06
0.5346,0.764005,0.000577762,9.38645e-05,0.000570086,0.926113,0.00018994,0.00016813,8.83728e-05,-6.86172e-06,1.42234e-05,1.63146e-06,1.41295e-05,4.15816e-06,4.93801e-06,3.85394e-06,3.08725e-06
0.535026,0.763951,0.000576423,9.16716e-05,0.000569087,0.926133,0.000194355,0.000173104,8.83658e-05,-6.8752e-06,1.43301e-05,1.63096e-06,1.42369e-05,4.50038e-06,5.01493e-06,3.9669e-06,3.0681e-06
0.535453,0.763882,0.000575095,8.95098e-05,0.000568087,0.926153,0.000198798,0.000178082,8.83588e-05,-6.88852e-06,1.44369e-05,1.63052e-06,1.43445e-05,4.82895e-06,5.09043e-06,4.07634e-06,3.04893e-06
0.53588,0.763802,0.00057379,8.74603e-05,0.000567086,0.926171,0.000203183,0.000182968,8.83518e-05,-6.90169e-06,1.45438e-05,1.63012e-06,1.44521e-05,5.14304e-06,5.16356e-06,4.18127e-06,3.02974e-06
0.536308,0.763714,0.000572518,8.55935e-05,0.000566084,0.926189,0.000207423,0.000187668,8.83448e-05,-6.91471e-06,1.46508e-05,1.62976e-06,1.45598e-05,5.44185e-06,5.23339e-06,4.28077e-06,3.01054e-06
0.536735,0.763622,0.000571285,8.39606e-05,0.000565081,0.926205,0.00021143,0.000192092,8.83378e-05,-6.92758e-06,1.47579e-05,1.62945e-06,1.46676e-05,5.72457e-06,5.29903e-06,4.37398e-06,2.99132e-06
0.537164,0.76353,0.000570091,8.25875e-05,0.000564078,0.92622,0.00021512,0.000196148,8.83308e-05,-6.94029e-06,1.48651e-05,1.62918e-06,1.47755e-05,5.99037e-06,5.35961e-06,4.46006e-06,2.97209e-06
0.537592,0.763443,0.000568937,8.14707e-05,0.000563073,0.926234,0.000218407,0.000199752,8.83238e-05,-6.95285e-06,1.49724e-05,1.62895e-06,1.48835e-05,6.23845e-06,5.41433e-06,4.53825e-06,2.95284e-06
0.538021,0.763363,0.000567815,8.05784e-05,0.000562068,0.926247,0.000221212,0.000202817,8.83167e-05,-6.96526e-06,1.50798e-05,1.62877e-06,1.49916e-05,6.46799e-06,5.46237e-06,4.60778e-06,2.93357e-06
0.53845,0.763296,0.000566717,7.98539e-05,0.000561062,0.926258,0.000223455,0.000205264,8.83097e-05,-6.97752e-06,1.51873e-05,1.62863e-06,1.50997e-05,6.67818e-06,5.50299e-06,4.66796e-06,2.9143e-06
0.53888,0.763245,0.000565631,7.92235e-05,0.000560056,0.926269,0.00022506,0.000207014,8.83027e-05,-6.98962e-06,1.52949e-05,1.62852e-06,1.52079e-05,6.86821e-06,5.53547e-06,4.71809e-06,2.895e-06
0.539309,0.763212,0.000564547,7.86053e-05,0.000559048,0.926277,0.000225957,0.000207992,8.82956e-05,-7.00157e-06,1.54026e-05,1.62846e-06,1.53163e-05,7.03727e-06,5.55911e-06,4.75753e-06,2.87569e-06
0.53974,0.763201,0.000563454,7.79191e-05,0.00055804,0.926285,0.000226093,0.000208143,8.82886e-05,-7.01336e-06,1.55104e-05,1.62844e-06,1.54247e-05,7.18453e-06,5.57327e-06,4.78566e-06,2.85637e-06
0.54017,0.763213,0.000562341,7.70952e-05,0.000557031,0.926291,0.000225484,0.000207483,8.82815e-05,-7.025e-06,1.56183e-05,1.62845e-06,1.55332e-05,7.30921e-06,5.57735e-06,4.80189e-06,2.83703e-06
0.540601,0.763252,0.000561202,7.60815e-05,0.000556021,0.926295,0.000224166,0.000206053,8.82744e-05,-7.03649e-06,1.57263e-05,1.6285e-06,1.56418e-05,7.41117e-06,5.57115e-06,4.80609e-06,2.81767e-06
0.541032,0.763317,0.000560035,7.48497e-05,0.00055501,0.926298,0.000222181,0.000203895,8.82674e-05,-7.04782e-06,1.58344e-05,1.62858e-06,1.57504e-05,7.49116e-06,5.55498e-06,4.79868e-06,2.7983e-06
0.541464,0.763409,0.00055884,7.33987e-05,0.000553999,0.9263,0.000219576,0.000201056,8.82603e-05,-7.059e-06,1.59426e-05,1.6287e-06,1.58592e-05,7.54998e-06,5.52922e-06,4.78016e-06,2.77891e-06
0.541896,0.763528,0.000557623,7.1757e-05,0.000552986,0.9263,0.000216401,0.000197588,8.82532e-05,-7.07003e-06,1.60509e-05,1.62886e-06,1.5968e-05,7.58844e-06,5.4943e-06,4.75104e-06,2.75951e-06
0.542328,0.763673,0.000556392,6.99835e-05,0.000551973,0.926299,0.000212711,0.000193542,8.82461e-05,-7.0809e-06,1.61593e-05,1.62904e-06,1.60769e-05,7.60735e-06,5.45068e-06,4.71188e-06,2.74009e-06
0.542761,0.763843,0.00055516,6.81656e-05,0.000550959,0.926297,0.00020856,0.000188974,8.8239e-05,-7.09162e-06,1.62677e-05,1.62926e-06,1.6186e-05,7.6075e-06,5.39886e-06,4.66322e-06,2.72066e-06
0.543194,0.764036,0.000552106,6.64147e-05,0.000548097,0.926294,0.000204059,0.000183941,8.83507e-05,-7.10218e-06,1.6315e-05,1.62951e-06,1.62334e-05,7.58971e-06,5.34251e-06,4.60566e-06,2.70744e-06
0.543627,0.764249,0.000547164,6.48582e-05,0.000543307,0.926289,0.000199276,0.000178504,8.85861e-05,-7.11259e-06,1.62983e-05,1.6298e-06,1.62166e-05,7.55478e-06,5.28238e-06,4.53979e-06,2.70071e-06
0.544061,0.764478,0.000542259,6.36268e-05,0.000538513,0.926284,0.000194222,0.000172722,8.88217e-05,-7.12284e-06,1.62816e-05,1.63011e-06,1.61998e-05,7.50351e-06,5.21581e-06,4.46622e-06,2.69398e-06
0.544495,0.764722,0.000537402,6.28378e-05,0.000533716,0.926277,0.000188962,0.00016666,8.90575e-05,-7.13294e-06,1.6265e-05,1.63044e-06,1.6183e-05,7.43671e-06,5.14341e-06,4.38559e-06,2.68724e-06
0.544929,0.764975,0.000532604,6.25757e-05,0.000528915,0.926269,0.000183564,0.000160382,8.92935e-05,-7.14288e-06,1.62483e-05,1.63081e-06,1.61662e-05,7.35519e-06,5.06581e-06,4.29854e-06,2.68049e-06
0.545364,0.765233,0.000527868,6.28771e-05,0.00052411,0.926259,0.000178094,0.000153954,8.95297e-05,-7.15267e-06,1.62316e-05,1.6312e-06,1.61494e-05,7.25975e-06,4.98368e-06,4.20574e-06,2.67374e-06
0.545799,0.765493,0.000523196,6.37211e-05,0.000519301,0.926249,0.00017262,0.000147444,8.97661e-05,-7.16231e-06,1.62149e-05,1.63162e-06,1.61326e-05,7.1512e-06,4.89768e-06,4.10786e-06,2.66698e-06
0.546234,0.76575,0.000518582,6.50323e-05,0.000514488,0.926238,0.000167211,0.000140923,9.00027e-05,-7.17179e-06,1.61981e-05,1.63206e-06,1.61157e-05,7.03033e-06,4.80851e-06,4.00562e-06,2.66022e-06
0.54667,0.765999,0.000514017,6.66918e-05,0.000509672,0.926226,0.000161933,0.000134458,9.02394e-05,-7.18111e-06,1.61814e-05,1.63252e-06,1.60988e-05,6.89796e-06,4.71685e-06,3.89973e-06,2.65345e-06
0.547106,0.766237,0.000509485,6.85541e-05,0.000504851,0.926213,0.000156847,0.000128122,9.04764e-05,-7.19028e-06,1.61647e-05,1.63301e-06,1.6082e-05,6.75489e-06,4.62342e-06,3.79092e-06,2.64667e-06
0.547542,0.766459,0.000504968,7.0464e-05,0.000500027,0.926199,0.000152015,0.000121982,9.07135e-05,-7.1993e-06,1.61479e-05,1.63352e-06,1.60651e-05,6.60193e-06,4.52893e-06,3.67997e-06,2.63989e-06
0.547979,0.766662,0.000500445,7.22707e-05,0.000495199,0.926184,0.000147488,0.000116107,9.09508e-05,-7.20816e-06,1.61312e-05,1.63404e-06,1.60482e-05,6.43988e-06,4.43412e-06,3.56765e-06,2.63311e-06
0.548416,0.766843,0.000495895,7.38373e-05,0.000490367,0.926168,0.000143313,0.000110559,9.11883e-05,-7.21686e-06,1.61144e-05,1.63459e-06,1.60313e-05,6.26955e-06,4.3397e-06,3.45477e-06,2.62632e-06
0.548854,0.766999,0.000491297,7.50475e-05,0.000485531,0.926151,0.000139523,0.000105394,9.1426e-05,-7.22541e-06,1.60976e-05,1.63515e-06,1.60143e-05,6.09173e-06,4.24639e-06,3.34214e-06,2.61952e-06
0.549292,0.767127,0.000486633,7.58085e-05,0.000480692,0.926133,0.000136142,0.000100659,9.16639e-05,-7.2338e-06,1.60808e-05,1.63573e-06,1.59974e-05,5.90725e-06,4.1549e-06,3.23062e-06,2.61272e-06
0.54973,0.767227,0.000481888,7.60527e-05,0.000475848,0.926115,0.000133178,9.63869e-05,9.1902e-05,-7.24203e-06,1.6064e-05,1.63633e-06,1.59804e-05,5.7169e-06,4.06592e-06,3.12105e-06,2.60592e-06
0.550168,0.767296,0.000477052,7.57383e-05,0.000471001,0.926096,0.000130626,9.25924e-05,9.21402e-05,-7.25011e-06,1.60472e-05,1.63694e-06,1.59635e-05,5.52148e-06,3.98012e-06,3.0143e-06,2.59911e-06
0.550607,0.767336,0.000472121,7.48492e-05,0.00046615,0.926076,0.000128465,8.9272e-05,9.23787e-05,-7.25804e-06,1.60303e-05,1.63756e-06,1.59465e-05,5.32181e-06,3.89811e-06,2.91124e-06,2.59229e-06
0.551046,0.767345,0.000467097,7.3394e-05,0.000461295,0.926055,0.00012666,8.63995e-05,9.26173e-05,-7.26581e-06,1.60135e-05,1.6382e-06,1.59295e-05,5.11868e-06,3.82047e-06,2.81272e-06,2.58547e-06
0.551486,0.767326,0.000461988,7.1407e-05,0.000456436,0.926034,0.000125164,8.39272e-05,9.28562e-05,-7.27342e-06,1.59966e-05,1.63884e-06,1.59125e-05,4.91291e-06,3.74773e-06,2.71958e-06,2.57864e-06
0.551926,0.767279,0.000458761,6.89479e-05,0.00045355,0.926012,0.000123749,8.17871e-05,9.28686e-05,-7.28087e-06,1.59895e-05,1.6395e-06,1.59052e-05,4.70529e-06,3.68238e-06,2.63259e-06,2.57476e-06
0.552366,0.767207,0.000458257,6.60989e-05,0.000453465,0.925989,0.000122272,7.9895e-05,9.25597e-05,-7.28817e-06,1.59961e-05,1.64016e-06,1.59118e-05,4.49664e-06,3.62575e-06,2.55248e-06,2.57506e-06
0.552807,0.767114,0.000457731,6.29626e-05,0.00045338,0.925966,0.000120907,7.81552e-05,9.22506e-05,-7.29531e-06,1.60028e-05,1.64083e-06,1.59184e-05,4.28775e-06,3.57521e-06,2.47985e-06,2.57537e-06
0.553248,0.767001,0.000457205,5.96601e-05,0.000453295,0.925942,0.000119584,7.64668e-05,9.19412e-05,-7.3023e-06,1.60094e-05,1.64151e-06,1.5925e-05,4.07944e-06,3.53089e-06,2.41519e-06,2.57567e-06
0.553689,0.766873,0.000456697,5.63272e-05,0.00045321,0.925918,0.00011824,7.47291e-05,9.16315e-05,-7.30912e-06,1.60161e-05,1.6422e-06,1.59316e-05,3.87251e-06,3.49281e-06,2.35883e-06,2.57598e-06
0.554131,0.766734,0.000456227,5.31089e-05,0.000453125,0.925893,0.000116826,7.28607e-05,9.13216e-05,-7.3158e-06,1.60227e-05,1.64288e-06,1.59383e-05,3.66776e-06,3.46087e-06,2.31092e-06,2.57628e-06
0.554573,0.766589,0.000455808,5.01501e-05,0.00045304,0.925868,0.000115327,7.08316e-05,9.10115e-05,-7.32231e-06,1.60294e-05,1.64357e-06,1.59449e-05,3.466e-06,3.43484e-06,2.27141e-06,2.57659e-06
0.555015,0.766441,0.000455448,4.75831e-05,0.000452955,0.925843,0.000113747,6.86418e-05,9.07011e-05,-7.32867e-06,1.6036e-05,1.64426e-06,1.59515e-05,3.26803e-06,3.41439e-06,2.24002e-06,2.57689e-06
0.555458,0.766295,0.000455151,4.551e-05,0.00045287,0.925817,0.000112107,6.63138e-05,9.03905e-05,-7.33487e-06,1.60427e-05,1.64496e-06,1.59582e-05,3.07467e-06,3.39911e-06,2.2163e-06,2.5772e-06
0.555901,0.766155,0.000454916,4.39852e-05,0.000452785,0.92579,0.000110438,6.38915e-05,9.00796e-05,-7.34091e-06,1.60494e-05,1.64565e-06,1.59648e-05,2.88671e-06,3.38845e-06,2.19957e-06,2.5775e-06
0.556344,0.766026,0.000454737,4.30038e-05,0.000452699,0.925764,0.000108781,6.14399e-05,8.97685e-05,-7.34679e-06,1.60561e-05,1.64634e-06,1.59714e-05,2.70495e-06,3.38185e-06,2.18901e-06,2.57781e-06
0.556788,0.765912,0.000454605,4.25005e-05,0.000452614,0.925737,0.000107186,5.9045e-05,8.94571e-05,-7.35252e-06,1.60628e-05,1.64702e-06,1.59781e-05,2.53022e-06,3.37864e-06,2.18369e-06,2.57812e-06
0.557232,0.765817,0.000454507,4.23636e-05,0.000452528,0.92571,0.00010571,5.68131e-05,8.91455e-05,-7.35809e-06,1.60695e-05,1.64771e-06,1.59848e-05,2.3633e-06,3.37814e-06,2.18256e-06,2.57842e-06
0.557677,0.765743,0.00045443,4.24562e-05,0.000452443,0.925683,0.000104412,5.48682e-05,8.88336e-05,-7.3635e-06,1.60762e-05,1.64838e-06,1.59914e-05,2.20501e-06,3.37965e-06,2.18454e-06,2.57873e-06
0.558122,0.765693,0.000454362,4.26406e-05,0.000452357,0.925656,0.000103353,5.33463e-05,8.85215e-05,-7.36876e-06,1.60829e-05,1.64905e-06,1.59981e-05,2.05614e-06,3.38249e-06,2.18855e-06,2.57904e-06
0.558567,0.765671,0.000454292,4.27968e-05,0.000452271,0.925629,0.000102591,5.23843e-05,8.82092e-05,-7.37386e-06,1.60896e-05,1.64971e-06,1.60048e-05,1.91752e-06,3.38595e-06,2.19355e-06,2.57935e-06
0.559013,0.765676,0.00045421,4.28347e-05,0.000452186,0.925602,0.000102179,5.21035e-05,8.78965e-05,-7.37879e-06,1.60963e-05,1.65037e-06,1.60114e-05,1.78993e-06,3.38942e-06,2.19854e-06,2.57965e-06
0.559458,0.765711,0.000454112,4.27011e-05,0.0004521,0.925575,0.000102161,5.25915e-05,8.75837e-05,-7.38357e-06,1.6103e-05,1.65101e-06,1.60181e-05,1.67419e-06,3.39231e-06,2.20263e-06,2.57996e-06
0.559905,0.765776,0.000453997,4.23825e-05,0.000452014,0.925548,0.000102567,5.38871e-05,8.72706e-05,-7.3882e-06,1.61097e-05,1.65164e-06,1.60248e-05,1.5711e-06,3.39411e-06,2.20504e-06,2.58027e-06
0.560351,0.76587,0.000453867,4.19054e-05,0.000451928,0.925522,0.000103416,5.59753e-05,8.69572e-05,-7.39266e-06,1.61164e-05,1.65226e-06,1.60315e-05,1.48137e-06,3.39444e-06,2.20519e-06,2.58058e-06
0.560798,0.765992,0.000453515,4.13351e-05,0.000451627,0.925495,0.000104785,5.87934e-05,8.67369e-05,-7.39696e-06,1.61179e-05,1.65287e-06,1.60329e-05,1.40492e-06,3.39101e-06,2.20305e-06,2.57789e-06
0.561246,0.766141,0.000452745,4.07717e-05,0.000450905,0.925469,0.000106731,6.22461e-05,8.66999e-05,-7.40111e-06,1.61089e-05,1.65346e-06,1.60238e-05,1.34132e-06,3.38181e-06,2.19892e-06,2.56931e-06
0.561693,0.766314,0.000451986,4.03425e-05,0.000450182,0.925443,0.000109067,6.62209e-05,8.66629e-05,-7.4051e-06,1.60999e-05,1.65403e-06,1.60147e-05,1.29014e-06,3.37161e-06,2.19327e-06,2.56073e-06
0.562141,0.766509,0.000451252,4.01875e-05,0.000449459,0.925418,0.000111752,7.06011e-05,8.66259e-05,-7.40893e-06,1.60909e-05,1.65459e-06,1.60056e-05,1.25095e-06,3.3608e-06,2.18669e-06,2.55213e-06
0.56259,0.766722,0.000450554,4.04392e-05,0.000448735,0.925393,0.000114734,7.52748e-05,8.65888e-05,-7.4126e-06,1.60819e-05,1.65513e-06,1.59965e-05,1.2233e-06,3.34982e-06,2.17985e-06,2.54353e-06
0.563039,0.76695,0.000449901,4.11985e-05,0.000448011,0.925368,0.000117955,8.01381e-05,8.65516e-05,-7.41611e-06,1.60728e-05,1.65565e-06,1.59873e-05,1.20676e-06,3.33917e-06,2.17352e-06,2.53493e-06
0.563488,0.767188,0.000449301,4.25134e-05,0.000447286,0.925344,0.000121352,8.50973e-05,8.65145e-05,-7.41946e-06,1.60638e-05,1.65614e-06,1.59782e-05,1.20091e-06,3.32937e-06,2.16851e-06,2.52631e-06
0.563937,0.767433,0.000448759,4.43704e-05,0.00044656,0.925321,0.000124862,9.00679e-05,8.64773e-05,-7.42265e-06,1.60548e-05,1.65662e-06,1.59691e-05,1.2053e-06,3.32097e-06,2.16566e-06,2.51769e-06
0.564387,0.76768,0.000448273,4.66996e-05,0.000445834,0.925298,0.000128421,9.49742e-05,8.64401e-05,-7.42568e-06,1.60457e-05,1.65707e-06,1.59599e-05,1.2195e-06,3.31453e-06,2.16581e-06,2.50907e-06
0.564837,0.767924,0.000447839,4.93909e-05,0.000445107,0.925276,0.000131966,9.97482e-05,8.64029e-05,-7.42856e-06,1.60367e-05,1.6575e-06,1.59508e-05,1.24308e-06,3.3106e-06,2.16977e-06,2.50043e-06
0.565288,0.768161,0.000447448,5.23135e-05,0.000444379,0.925255,0.000135438,0.000104328,8.63656e-05,-7.43127e-06,1.60276e-05,1.65791e-06,1.59416e-05,1.2756e-06,3.30969e-06,2.17831e-06,2.49179e-06
0.565739,0.768387,0.000447089,5.53327e-05,0.000443651,0.925234,0.000138778,0.000108659,8.63283e-05,-7.43383e-06,1.60185e-05,1.65828e-06,1.59324e-05,1.31663e-06,3.31228e-06,2.19208e-06,2.48314e-06
0.56619,0.768597,0.000446746,5.83215e-05,0.000442923,0.925214,0.000141933,0.000112689,8.6291e-05,-7.43622e-06,1.60094e-05,1.65863e-06,1.59233e-05,1.36573e-06,3.3188e-06,2.21163e-06,2.47449e-06
0.566642,0.768788,0.000446404,6.1168e-05,0.000442194,0.925195,0.000144854,0.000116375,8.62536e-05,-7.43846e-06,1.60003e-05,1.65895e-06,1.59141e-05,1.42247e-06,3.32959e-06,2.23738e-06,2.46583e-06
0.567094,0.768956,0.000446047,6.3779e-05,0.000441464,0.925177,0.000147497,0.000119675,8.62162e-05,-7.44053e-06,1.59912e-05,1.65924e-06,1.59049e-05,1.48641e-06,3.34493e-06,2.26956e-06,2.45716e-06
0.567546,0.769099,0.00044566,6.60823e-05,0.000440734,0.92516,0.000149821,0.000122554,8.61788e-05,-7.44245e-06,1.59821e-05,1.6595e-06,1.58957e-05,1.55712e-06,3.365e-06,2.30827e-06,2.44848e-06
0.567999,0.769214,0.000445231,6.80279e-05,0.000440003,0.925144,0.000151793,0.000124983,8.61414e-05,-7.4442e-06,1.5973e-05,1.65973e-06,1.58865e-05,1.63417e-06,3.38989e-06,2.35344e-06,2.4398e-06
0.568452,0.7693,0.000444749,6.9588e-05,0.000439271,0.925129,0.000153387,0.00012694,8.61039e-05,-7.4458e-06,1.59638e-05,1.65992e-06,1.58773e-05,1.71712e-06,3.41958e-06,2.40484e-06,2.43111e-06
0.568906,0.769354,0.000444211,7.07576e-05,0.000438539,0.925116,0.000154584,0.000128409,8.60664e-05,-7.44723e-06,1.59547e-05,1.66008e-06,1.58681e-05,1.80554e-06,3.45398e-06,2.46209e-06,2.42242e-06
0.569359,0.769377,0.000443615,7.15539e-05,0.000437807,0.925103,0.000155395,0.000129408,8.60289e-05,-7.4485e-06,1.59455e-05,1.66021e-06,1.58588e-05,1.89899e-06,3.49288e-06,2.52472e-06,2.41371e-06
0.569814,0.769369,0.000442942,7.20154e-05,0.000437049,0.925091,0.000155966,0.000130002,8.61674e-05,-7.44962e-06,1.58961e-05,1.66029e-06,1.58092e-05,1.99703e-06,3.53734e-06,2.59213e-06,2.407e-06
0.570268,0.769331,0.000442155,7.22007e-05,0.000436221,0.92508,0.000156534,0.00013026,8.6805e-05,-7.45057e-06,1.57328e-05,1.66034e-06,1.56449e-05,2.09924e-06,3.58938e-06,2.66366e-06,2.40594e-06
0.570723,0.769264,0.000441335,7.21856e-05,0.000435392,0.925071,0.000156886,0.000130257,8.74431e-05,-7.45136e-06,1.55693e-05,1.66035e-06,1.54806e-05,2.20518e-06,3.64463e-06,2.73859e-06,2.40487e-06
0.571178,0.769169,0.000440496,7.20597e-05,0.000434562,0.925062,0.000157086,0.000130067,8.80817e-05,-7.45199e-06,1.54058e-05,1.66032e-06,1.5316e-05,2.31442e-06,3.70258e-06,2.81617e-06,2.40381e-06
0.571634,0.769051,0.000439654,7.19207e-05,0.000433732,0.925054,0.000157199,0.00012977,8.87207e-05,-7.45246e-06,1.52421e-05,1.66025e-06,1.51514e-05,2.42651e-06,3.76267e-06,2.89561e-06,2.40274e-06
0.57209,0.768912,0.000438826,7.18675e-05,0.000432901,0.925047,0.00015729,0.000129441,8.93603e-05,-7.45277e-06,1.50783e-05,1.66014e-06,1.49867e-05,2.54103e-06,3.82431e-06,2.97612e-06,2.40168e-06
0.572546,0.768755,0.000438026,7.19917e-05,0.000432069,0.92504,0.000157422,0.000129158,9.00005e-05,-7.45292e-06,1.49144e-05,1.65998e-06,1.48218e-05,2.65754e-06,3.88685e-06,3.05691e-06,2.40061e-06
0.573003,0.768584,0.000437267,7.23688e-05,0.000431237,0.925034,0.000157655,0.000128993,9.06411e-05,-7.4529e-06,1.47504e-05,1.65978e-06,1.46567e-05,2.7756e-06,3.94966e-06,3.1372e-06,2.39954e-06
0.57346,0.768404,0.000436559,7.30502e-05,0.000430404,0.925029,0.000158043,0.000129016,9.12822e-05,-7.45273e-06,1.45863e-05,1.65953e-06,1.44916e-05,2.89479e-06,4.01207e-06,3.21622e-06,2.39848e-06
0.573917,0.76822,0.000435908,7.40577e-05,0.000429571,0.925025,0.000158634,0.000129285,9.19238e-05,-7.45239e-06,1.4422e-05,1.65924e-06,1.43263e-05,3.01467e-06,4.07342e-06,3.2932e-06,2.39741e-06
0.574375,0.768035,0.000435313,7.53816e-05,0.000428736,0.92502,0.000159468,0.000129852,9.2566e-05,-7.45188e-06,1.42577e-05,1.65891e-06,1.41609e-05,3.1348e-06,4.13304e-06,3.36743e-06,2.39634e-06
0.574833,0.767854,0.000434771,7.69833e-05,0.000427901,0.925016,0.000160577,0.000130756,9.32087e-05,-7.45121e-06,1.40932e-05,1.65853e-06,1.39953e-05,3.25475e-06,4.19026e-06,3.43817e-06,2.39527e-06
0.575292,0.767682,0.000434275,7.88006e-05,0.000427066,0.925013,0.000161983,0.000132024,9.38518e-05,-7.45036e-06,1.39287e-05,1.6581e-06,1.38296e-05,3.37408e-06,4.24444e-06,3.50473e-06,2.39419e-06
0.575751,0.767523,0.000433812,8.07553e-05,0.00042623,0.92501,0.000163694,0.000133665,9.44955e-05,-7.44935e-06,1.3764e-05,1.65763e-06,1.36638e-05,3.49236e-06,4.29494e-06,3.56644e-06,2.39312e-06
0.57621,0.767381,0.000433369,8.27618e-05,0.000425393,0.925007,0.000165712,0.000135679,9.51397e-05,-7.44817e-06,1.35992e-05,1.65711e-06,1.34978e-05,3.60916e-06,4.34115e-06,3.62266e-06,2.39205e-06
0.57667,0.76726,0.000432928,8.47338e-05,0.000424555,0.925004,0.000168025,0.00013805,9.57845e-05,-7.44681e-06,1.34343e-05,1.65654e-06,1.33318e-05,3.72404e-06,4.38246e-06,3.67277e-06,2.39097e-06
0.57713,0.767163,0.000432474,8.65916e-05,0.000423717,0.925001,0.000170613,0.000140748,9.64297e-05,-7.44528e-06,1.32693e-05,1.65593e-06,1.31655e-05,3.83657e-06,4.4183e-06,3.71615e-06,2.3899e-06
0.57759,0.767093,0.000431991,8.82657e-05,0.000422878,0.924999,0.000173445,0.000143734,9.70754e-05,-7.44357e-06,1.31042e-05,1.65527e-06,1.29992e-05,3.94631e-06,4.44813e-06,3.75225e-06,2.38882e-06
0.578051,0.767051,0.000431466,8.97007e-05,0.000422038,0.924996,0.000176486,0.000146961,9.77217e-05,-7.44169e-06,1.29389e-05,1.65457e-06,1.28327e-05,4.05283e-06,4.47142e-06,3.78052e-06,2.38774e-06
0.578512,0.76704,0.000430886,9.08568e-05,0.000421198,0.924994,0.000179691,0.000150374,9.83685e-05,-7.43963e-06,1.27736e-05,1.65382e-06,1.26661e-05,4.15569e-06,4.48772e-06,3.80045e-06,2.38667e-06
0.578974,0.767061,0.000430106,9.17108e-05,0.000420214,0.924991,0.000182914,0.000153912,9.88364e-05,-7.43738e-06,1.26609e-05,1.65302e-06,1.25526e-05,4.25446e-06,4.49779e-06,3.81158e-06,2.38788e-06
0.579435,0.767113,0.000428644,9.22562e-05,0.000418598,0.924988,0.000185783,0.000157514,9.8513e-05,-7.43496e-06,1.27811e-05,1.65217e-06,1.26739e-05,4.34871e-06,4.50541e-06,3.81348e-06,2.39919e-06
0.579898,0.767197,0.000427118,9.25027e-05,0.000416981,0.924985,0.000188677,0.000161114,9.81893e-05,-7.43235e-06,1.29014e-05,1.65128e-06,1.27953e-05,4.43799e-06,4.50493e-06,3.80576e-06,2.41052e-06
0.58036,0.767312,0.000425532,9.24746e-05,0.000415362,0.924981,0.000191537,0.000164647,9.78654e-05,-7.42956e-06,1.30218e-05,1.65034e-06,1.29168e-05,4.52192e-06,4.49618e-06,3.78818e-06,2.42185e-06
0.580823,0.767456,0.000423893,9.22092e-05,0.000413742,0.924977,0.000194305,0.000168048,9.75412e-05,-7.42659e-06,1.31423e-05,1.64936e-06,1.30383e-05,4.60042e-06,4.47959e-06,3.76115e-06,2.4332e-06
0.581287,0.767628,0.000422212,9.17541e-05,0.000412121,0.924973,0.000196924,0.000171254,9.72167e-05,-7.42342e-06,1.32629e-05,1.64832e-06,1.316e-05,4.67355e-06,4.45585e-06,3.72543e-06,2.44455e-06
0.58175,0.767823,0.0004205,9.11638e-05,0.000410499,0.924968,0.000199334,0.000174201,9.6892e-05,-7.42007e-06,1.33836e-05,1.64724e-06,1.32818e-05,4.74138e-06,4.42574e-06,3.6818e-06,2.45591e-06
0.582214,0.76804,0.00041877,9.04972e-05,0.000408875,0.924963,0.000201479,0.000176829,9.65671e-05,-7.41653e-06,1.35044e-05,1.64611e-06,1.34037e-05,4.80399e-06,4.39003e-06,3.6311e-06,2.46728e-06
0.582679,0.768275,0.000417036,8.98161e-05,0.00040725,0.924957,0.000203303,0.00017908,9.62418e-05,-7.4128e-06,1.36253e-05,1.64494e-06,1.35257e-05,4.86144e-06,4.34957e-06,3.57421e-06,2.47866e-06
0.583144,0.768523,0.000415311,8.91772e-05,0.000405623,0.924951,0.000204751,0.000180896,9.59163e-05,-7.40887e-06,1.37464e-05,1.64371e-06,1.36478e-05,4.9138e-06,4.30519e-06,3.51203e-06,2.49005e-06
0.583609,0.768781,0.000413603,8.86269e-05,0.000403996,0.924943,0.000205774,0.000182224,9.55906e-05,-7.40475e-06,1.38676e-05,1.64244e-06,1.37699e-05,4.96114e-06,4.2578e-06,3.44552e-06,2.50145e-06
0.584074,0.769045,0.00041192,8.81979e-05,0.000402367,0.924935,0.000206322,0.000183012,9.52646e-05,-7.40044e-06,1.39888e-05,1.64113e-06,1.38922e-05,5.00353e-06,4.20827e-06,3.37566e-06,2.51285e-06
0.58454,0.769308,0.000410265,8.79066e-05,0.000400737,0.924926,0.000206351,0.000183215,9.49383e-05,-7.39593e-06,1.41102e-05,1.63976e-06,1.40146e-05,5.04105e-06,4.15752e-06,3.30349e-06,2.52427e-06
0.585006,0.769568,0.000408638,8.77518e-05,0.000399105,0.924917,0.000205823,0.000182788,9.46118e-05,-7.39122e-06,1.42317e-05,1.63835e-06,1.41371e-05,5.07376e-06,4.10646e-06,3.23005e-06,2.5357e-06
0.585473,0.76982,0.000407036,8.77156e-05,0.000397472,0.924906,0.000204739,0.000181737,9.4285e-05,-7.38631e-06,1.43533e-05,1.63689e-06,1.42596e-05,5.10172e-06,4.05599e-06,3.15645e-06,2.54713e-06
0.58594,0.770059,0.000405451,8.7766e-05,0.000395838,0.924894,0.000203134,0.000180099,9.39579e-05,-7.38119e-06,1.4475e-05,1.63539e-06,1.43823e-05,5.12502e-06,4.00699e-06,3.08378e-06,2.55857e-06
0.586408,0.770282,0.000403875,8.78603e-05,0.000394202,0.924882,0.000201048,0.000177914,9.36306e-05,-7.37588e-06,1.45968e-05,1.63383e-06,1.4505e-05,5.14372e-06,3.96033e-06,3.01317e-06,2.57003e-06
0.586875,0.770485,0.000402297,8.79493e-05,0.000392566,0.924868,0.000198523,0.000175231,9.3303e-05,-7.37036e-06,1.47187e-05,1.63223e-06,1.46279e-05,5.15789e-06,3.91682e-06,2.94574e-06,2.58149e-06
0.587343,0.770664,0.000400706,8.79825e-05,0.000390928,0.924853,0.000195606,0.000172097,9.29752e-05,-7.36464e-06,1.48407e-05,1.63059e-06,1.47509e-05,5.16759e-06,3.87721e-06,2.8826e-06,2.59296e-06
0.587812,0.770817,0.000399091,8.79122e-05,0.000389288,0.924838,0.000192348,0.000168565,9.26471e-05,-7.35871e-06,1.49628e-05,1.6289e-06,1.48739e-05,5.17291e-06,3.8422e-06,2.82478e-06,2.60444e-06
0.588281,0.770942,0.00039714,8.76972e-05,0.000387336,0.924821,0.000188794,0.000164691,9.23051e-05,-7.35257e-06,1.50617e-05,1.62716e-06,1.49735e-05,5.1739e-06,3.81022e-06,2.77329e-06,2.61279e-06
0.58875,0.771036,0.000392651,8.73062e-05,0.000382821,0.924804,0.000184952,0.000160532,9.18511e-05,-7.34622e-06,1.4968e-05,1.62537e-06,1.48795e-05,5.17064e-06,3.76608e-06,2.72898e-06,2.59539e-06
0.58922,0.7711,0.000388115,8.672e-05,0.000378303,0.924785,0.000180931,0.00015615,9.13967e-05,-7.33966e-06,1.48742e-05,1.62354e-06,1.47853e-05,5.1632e-06,3.72772e-06,2.69258e-06,2.57796e-06
0.58969,0.771131,0.000383532,8.59327e-05,0.000373781,0.924766,0.000176792,0.000151608,9.09419e-05,-7.33288e-06,1.47804e-05,1.62166e-06,1.46911e-05,5.15165e-06,3.69551e-06,2.66467e-06,2.56053e-06
0.59016,0.771131,0.000378902,8.49529e-05,0.000369256,0.924745,0.000172597,0.000146975,9.04868e-05,-7.3259e-06,1.46865e-05,1.61974e-06,1.45969e-05,5.13606e-06,3.66967e-06,2.64561e-06,2.54308e-06
0.590631,0.771101,0.00037423,8.38031e-05,0.000364727,0.924723,0.000168406,0.00014232,9.00313e-05,-7.31869e-06,1.45925e-05,1.61777e-06,1.45025e-05,5.11649e-06,3.65031e-06,2.63553e-06,2.52561e-06
0.591102,0.77104,0.000369525,8.25193e-05,0.000360194,0.9247,0.000164283,0.000137714,8.95754e-05,-7.31127e-06,1.44984e-05,1.61576e-06,1.44081e-05,5.09302e-06,3.63738e-06,2.63435e-06,2.50814e-06
0.591574,0.770953,0.000364798,8.1149e-05,0.000355657,0.924676,0.00016029,0.000133231,8.91192e-05,-7.30364e-06,1.44043e-05,1.6137e-06,1.43136e-05,5.06571e-06,3.63075e-06,2.64178e-06,2.49065e-06
0.592046,0.77084,0.00036006,7.97489e-05,0.000351117,0.924651,0.000156487,0.000128947,8.86626e-05,-7.29578e-06,1.43101e-05,1.61159e-06,1.4219e-05,5.03464e-06,3.63012e-06,2.65733e-06,2.47314e-06
0.592518,0.770706,0.000355327,7.83816e-05,0.000346574,0.924625,0.000152932,0.000124932,8.82056e-05,-7.2877e-06,1.42158e-05,1.60944e-06,1.41244e-05,4.99988e-06,3.63512e-06,2.68031e-06,2.45562e-06
0.592991,0.770552,0.000350611,7.71109e-05,0.000342027,0.924598,0.000149678,0.000121259,8.77483e-05,-7.2794e-06,1.41214e-05,1.60725e-06,1.40296e-05,4.96149e-06,3.64527e-06,2.70993e-06,2.43809e-06
0.593464,0.770384,0.000345927,7.59974e-05,0.000337476,0.924569,0.000146771,0.000117991,8.72906e-05,-7.27087e-06,1.4027e-05,1.60501e-06,1.39348e-05,4.91955e-06,3.66e-06,2.74529e-06,2.42054e-06
0.593937,0.770205,0.000341285,7.50929e-05,0.000332921,0.92454,0.000144247,0.000115184,8.68326e-05,-7.26212e-06,1.39325e-05,1.60273e-06,1.384e-05,4.87412e-06,3.67873e-06,2.78545e-06,2.40298e-06
0.594411,0.77002,0.000336694,7.44355e-05,0.000328363,0.924509,0.000142136,0.000112882,8.63742e-05,-7.25315e-06,1.38379e-05,1.6004e-06,1.3745e-05,4.82527e-06,3.7008e-06,2.82944e-06,2.3854e-06
0.594885,0.769832,0.00033216,7.40458e-05,0.000323801,0.924477,0.000140453,0.000111111,8.59154e-05,-7.24394e-06,1.37432e-05,1.59803e-06,1.365e-05,4.77308e-06,3.72557e-06,2.87633e-06,2.36781e-06
0.595359,0.769646,0.000327684,7.39251e-05,0.000319236,0.924443,0.0001392,0.000109882,8.54563e-05,-7.2345e-06,1.36485e-05,1.59562e-06,1.35549e-05,4.71761e-06,3.7524e-06,2.92524e-06,2.35021e-06
0.595834,0.769466,0.000323264,7.40552e-05,0.000314667,0.924409,0.000138368,0.000109185,8.49967e-05,-7.22484e-06,1.35537e-05,1.59317e-06,1.34597e-05,4.65894e-06,3.78069e-06,2.97534e-06,2.33259e-06
0.59631,0.769298,0.000318895,7.44014e-05,0.000310094,0.924373,0.000137934,0.000108992,8.45369e-05,-7.21494e-06,1.34588e-05,1.59067e-06,1.33644e-05,4.59713e-06,3.80989e-06,3.02593e-06,2.31496e-06
0.596785,0.769144,0.000314569,7.49162e-05,0.000305518,0.924336,0.000137863,0.000109258,8.40766e-05,-7.2048e-06,1.33638e-05,1.58812e-06,1.32691e-05,4.53225e-06,3.83953e-06,3.07641e-06,2.29732e-06
0.597261,0.769008,0.000310275,7.55449e-05,0.000300938,0.924298,0.00013811,0.000109922,8.3616e-05,-7.19443e-06,1.32688e-05,1.58554e-06,1.31737e-05,4.46437e-06,3.8692e-06,3.12632e-06,2.27966e-06
0.597738,0.768895,0.000306082,7.62313e-05,0.000296437,0.924259,0.00013863,0.000110915,8.31635e-05,-7.18383e-06,1.31759e-05,1.58291e-06,1.30804e-05,4.39356e-06,3.89886e-06,3.17535e-06,2.26237e-06
0.598215,0.768805,0.000304311,7.69225e-05,0.000294429,0.924218,0.00013951,0.000112159,8.29661e-05,-7.17298e-06,1.31492e-05,1.58025e-06,1.30539e-05,4.3199e-06,3.93479e-06,3.22335e-06,2.25668e-06
0.598692,0.768743,0.000302533,7.75729e-05,0.000292419,0.924176,0.000140536,0.000113577,8.27685e-05,-7.1619e-06,1.31226e-05,1.57754e-06,1.30274e-05,4.24345e-06,3.97015e-06,3.27034e-06,2.25098e-06
0.599169,0.76871,0.000300739,7.81483e-05,0.000290408,0.924133,0.000141647,0.000115091,8.25708e-05,-7.15058e-06,1.30959e-05,1.57479e-06,1.30009e-05,4.16428e-06,4.00512e-06,3.31658e-06,2.24528e-06
0.599647,0.768708,0.000298921,7.8627e-05,0.000288394,0.924088,0.000142784,0.000116628,8.23729e-05,-7.13901e-06,1.30692e-05,1.572e-06,1.29743e-05,4.08246e-06,4.04006e-06,3.3625e-06,2.23958e-06
0.600126,0.768736,0.000297077,7.90018e-05,0.00028638,0.924042,0.000143894,0.000118122,8.21749e-05,-7.1272e-06,1.30424e-05,1.56917e-06,1.29477e-05,3.99806e-06,4.07554e-06,3.40879e-06,2.23387e-06
0.600604,0.768796,0.000295208,7.92795e-05,0.000284363,0.923994,0.000144928,0.000119515,8.19767e-05,-7.11514e-06,1.30157e-05,1.5663e-06,1.29211e-05,3.91118e-06,4.11249e-06,3.45657e-06,2.22816e-06
0.601084,0.768887,0.000293319,7.94809e-05,0.000282346,0.923946,0.000145845,0.000120761,8.17784e-05,-7.10284e-06,1.29889e-05,1.56338e-06,1.28945e-05,3.82198e-06,4.15223e-06,3.50739e-06,2.22244e-06
0.601563,0.769007,0.000291419,7.96386e-05,0.000280326,0.923896,0.000146616,0.000121823,8.15799e-05,-7.09029e-06,1.29621e-05,1.56043e-06,1.28678e-05,3.73064e-06,4.19613e-06,3.56282e-06,2.21672e-06
0.602043,0.769156,0.000289518,7.97948e-05,0.000278305,0.923844,0.000147225,0.000122688,8.13812e-05,-7.07749e-06,1.29352e-05,1.55745e-06,1.28411e-05,3.63733e-06,4.24551e-06,3.62435e-06,2.21099e-06
0.602523,0.76933,0.000287631,7.99982e-05,0.000276282,0.923791,0.000147699,0.000123387,8.11824e-05,-7.06443e-06,1.29084e-05,1.55442e-06,1.28144e-05,3.5422e-06,4.30158e-06,3.69329e-06,2.20526e-06
0.603004,0.769528,0.000285771,8.02996e-05,0.000274258,0.923737,0.000148081,0.000123974,8.09834e-05,-7.05113e-06,1.28815e-05,1.55135e-06,1.27877e-05,3.44544e-06,4.3654e-06,3.77078e-06,2.19953e-06
0.603485,0.769746,0.000283955,8.07476e-05,0.000272232,0.923682,0.000148423,0.000124512,8.07842e-05,-7.03757e-06,1.28546e-05,1.54825e-06,1.2761e-05,3.3472e-06,4.43787e-06,3.85772e-06,2.19379e-06
0.603966,0.769981,0.000282194,8.13841e-05,0.000270204,0.923625,0.000148783,0.000125069,8.05849e-05,-7.02376e-06,1.28276e-05,1.5451e-06,1.27342e-05,3.24766e-06,4.51967e-06,3.95473e-06,2.18804e-06
0.604448,0.770229,0.000280502,8.22398e-05,0.000268175,0.923568,0.00014922,0.000125717,8.03855e-05,-7.00968e-06,1.28007e-05,1.54193e-06,1.27075e-05,3.14699e-06,4.61126e-06,4.06219e-06,2.18229e-06
0.60493,0.770486,0.000278885,8.33311e-05,0.000266144,0.923509,0.000149796,0.000126527,8.01858e-05,-6.99536e-06,1.27737e-05,1.53871e-06,1.26807e-05,3.04536e-06,4.71288e-06,4.18018e-06,2.17654e-06
0.605413,0.770747,0.000277348,8.46585e-05,0.000264112,0.92345,0.000150571,0.000127569,7.99861e-05,-6.98077e-06,1.27466e-05,1.53546e-06,1.26538e-05,2.94293e-06,4.82449e-06,4.30853e-06,2.17078e-06
0.605896,0.771008,0.000275892,8.62065e-05,0.000262078,0.923389,0.000151602,0.000128908,7.97861e-05,-6.96592e-06,1.27196e-05,1.53217e-06,1.2627e-05,2.83987e-06,4.94588e-06,4.44685e-06,2.16502e-06
0.606379,0.771266,0.000274511,8.79447e-05,0.000260042,0.923328,0.000152939,0.000130601,7.9586e-05,-6.95081e-06,1.26925e-05,1.52885e-06,1.26001e-05,2.73636e-06,5.07659e-06,4.5945e-06,2.15925e-06
0.606863,0.771514,0.000273196,8.98311e-05,0.000258005,0.923266,0.000154627,0.000132693,7.93858e-05,-6.93543e-06,1.26654e-05,1.52549e-06,1.25732e-05,2.63255e-06,5.21599e-06,4.75069e-06,2.15347e-06
0.607347,0.77175,0.000271935,9.18153e-05,0.000255966,0.923203,0.000156697,0.000135217,7.91853e-05,-6.91979e-06,1.26383e-05,1.52209e-06,1.25463e-05,2.52863e-06,5.36328e-06,4.91449e-06,2.1477e-06
0.607831,0.77197,0.000273545,9.38426e-05,0.000256944,0.923139,0.0001592,0.000138195,7.90366e-05,-6.90388e-06,1.26715e-05,1.51866e-06,1.25801e-05,2.42476e-06,5.52331e-06,5.08484e-06,2.15669e-06
0.608316,0.772169,0.000275291,9.58575e-05,0.000258063,0.923075,0.00016212,0.00014163,7.88901e-05,-6.8877e-06,1.27075e-05,1.5152e-06,1.26168e-05,2.3211e-06,5.68921e-06,5.26061e-06,2.16637e-06
0.608801,0.772344,0.000277024,9.7807e-05,0.000259183,0.92301,0.000165454,0.000145515,7.87435e-05,-6.87126e-06,1.27435e-05,1.51171e-06,1.26535e-05,2.21783e-06,5.85963e-06,5.44059e-06,2.17606e-06
0.609287,0.772493,0.000278724,9.96434e-05,0.000260304,0.922945,0.000169192,0.000149828,7.85968e-05,-6.85454e-06,1.27795e-05,1.50818e-06,1.26902e-05,2.11512e-06,6.03338e-06,5.62354e-06,2.18575e-06
0.609773,0.772613,0.000280376,0.000101326,0.000261426,0.922879,0.00017331,0.000154538,7.84499e-05,-6.83755e-06,1.28156e-05,1.50461e-06,1.27269e-05,2.01313e-06,6.20929e-06,5.8082e-06,2.19546e-06
0.61026,0.772702,0.000281965,0.000102824,0.000262548,0.922813,0.000177777,0.000159604,7.8303e-05,-6.82029e-06,1.28517e-05,1.50102e-06,1.27637e-05,1.91203e-06,6.3861e-06,5.99329e-06,2.20517e-06
0.610746,0.772759,0.000283483,0.000104115,0.000263672,0.922747,0.000182553,0.000164976,7.81559e-05,-6.80275e-06,1.28878e-05,1.4974e-06,1.28005e-05,1.812e-06,6.56259e-06,6.17753e-06,2.21489e-06
0.611234,0.772783,0.000284923,0.000105186,0.000264796,0.92268,0.000187591,0.000170602,7.80087e-05,-6.78494e-06,1.2924e-05,1.49374e-06,1.28374e-05,1.7132e-06,6.7375e-06,6.35963e-06,2.22461e-06
0.611721,0.772774,0.000286283,0.000106035,0.000265922,0.922614,0.000192842,0.000176425,7.78614e-05,-6.76685e-06,1.29602e-05,1.49005e-06,1.28742e-05,1.6158e-06,6.90957e-06,6.53834e-06,2.23435e-06
0.612209,0.772732,0.000287564,0.00010667,0.000267048,0.922547,0.000198251,0.000182384,7.7714e-05,-6.74847e-06,1.29964e-05,1.48633e-06,1.29111e-05,1.51997e-06,7.07758e-06,6.71239e-06,2.24409e-06
0.612697,0.772658,0.000288773,0.000107106,0.000268175,0.92248,0.000203761,0.00018842,7.75665e-05,-6.72982e-06,1.30326e-05,1.48258e-06,1.2948e-05,1.42587e-06,7.24028e-06,6.88054e-06,2.25384e-06
0.613186,0.772554,0.000289916,0.000107365,0.000269303,0.922413,0.000209315,0.000194471,7.74188e-05,-6.71088e-06,1.30689e-05,1.47881e-06,1.2985e-05,1.33369e-06,7.39645e-06,7.04156e-06,2.2636e-06
0.613675,0.772421,0.000291006,0.000107475,0.000270432,0.922346,0.000214853,0.000200477,7.7271e-05,-6.69167e-06,1.31052e-05,1.475e-06,1.3022e-05,1.24357e-06,7.54489e-06,7.19425e-06,2.27337e-06
0.614165,0.772262,0.000292053,0.000107468,0.000271562,0.922279,0.000220318,0.000206378,7.71232e-05,-6.67216e-06,1.31416e-05,1.47116e-06,1.3059e-05,1.15571e-06,7.68441e-06,7.3374e-06,2.28314e-06
0.614655,0.772081,0.000293071,0.000107375,0.000272693,0.922212,0.00022565,0.000212115,7.69751e-05,-6.65237e-06,1.3178e-05,1.4673e-06,1.3096e-05,1.07025e-06,7.81383e-06,7.46984e-06,2.29292e-06
0.615145,0.77188,0.000294071,0.000107228,0.000273824,0.922146,0.000230793,0.00021763,7.6827e-05,-6.63229e-06,1.32144e-05,1.46341e-06,1.31331e-05,9.87382e-07,7.93201e-06,7.5904e-06,2.30271e-06
0.615636,0.771664,0.000295063,0.000107057,0.000274957,0.92208,0.000235689,0.000222867,7.66788e-05,-6.61192e-06,1.32508e-05,1.45949e-06,1.31702e-05,9.07262e-07,8.03779e-06,7.69795e-06,2.31251e-06
0.616127,0.771435,0.000296058,0.000106885,0.00027609,0.922014,0.000240283,0.000227769,7.65304e-05,-6.59126e-06,1.32873e-05,1.45554e-06,1.32073e-05,8.30062e-07,8.13006e-06,7.79133e-06,2.32231e-06
0.616618,0.771199,0.00029706,0.000106729,0.000277224,0.921949,0.00024452,0.000232284,7.63819e-05,-6.57031e-06,1.33238e-05,1.45157e-06,1.32445e-05,7.55951e-07,8.20773e-06,7.86944e-06,2.33212e-06
0.61711,0.770959,0.000298074,0.000106603,0.00027836,0.921884,0.000248348,0.000236358,7.62333e-05,-6.54906e-06,1.33603e-05,1.44758e-06,1.32816e-05,6.85097e-07,8.26972e-06,7.93117e-06,2.34194e-06
0.617603,0.770719,0.000297934,0.000106513,0.000278244,0.92182,0.000251951,0.00023994,7.68616e-05,-6.52752e-06,1.32002e-05,1.44356e-06,1.31211e-05,6.1767e-07,8.31826e-06,7.97545e-06,2.36343e-06
0.618095,0.770485,0.000297646,0.000106457,0.000277957,0.921756,0.000255071,0.000242981,7.7597e-05,-6.50569e-06,1.30131e-05,1.43951e-06,1.29333e-05,5.53839e-07,8.34952e-06,8.00118e-06,2.38652e-06
0.618588,0.77026,0.000297365,0.000106423,0.000277669,0.921693,0.000257628,0.000245431,7.83329e-05,-6.48355e-06,1.28259e-05,1.43544e-06,1.27453e-05,4.93773e-07,8.36204e-06,8.00733e-06,2.40963e-06
0.619082,0.770049,0.000297087,0.000106395,0.000277382,0.921631,0.000259579,0.000247243,7.90694e-05,-6.46112e-06,1.26385e-05,1.43134e-06,1.25572e-05,4.3764e-07,8.35488e-06,7.99285e-06,2.43276e-06
0.619576,0.769854,0.000296803,0.000106353,0.000277094,0.921569,0.000260879,0.000248372,7.98064e-05,-6.43838e-06,1.2451e-05,1.42723e-06,1.23689e-05,3.85609e-07,8.32713e-06,7.95673e-06,2.45591e-06
0.62007,0.769679,0.000296505,0.000106272,0.000276806,0.921508,0.000261505,0.000248792,8.05441e-05,-6.41534e-06,1.22634e-05,1.42309e-06,1.21805e-05,3.37849e-07,8.27791e-06,7.89797e-06,2.47908e-06
0.620564,0.769527,0.000296184,0.000106129,0.000276518,0.921448,0.00026148,0.000248526,8.12824e-05,-6.392e-06,1.20756e-05,1.41893e-06,1.1992e-05,2.94553e-07,8.2069e-06,7.81613e-06,2.50227e-06
0.621059,0.769402,0.000295833,0.000105899,0.000276229,0.921389,0.000260835,0.000247603,8.20212e-05,-6.36835e-06,1.18878e-05,1.41474e-06,1.18033e-05,2.55975e-07,8.11512e-06,7.71215e-06,2.52548e-06
0.621555,0.769303,0.000295443,0.000105564,0.00027594,0.921331,0.000259602,0.000246057,8.27607e-05,-6.3444e-06,1.16998e-05,1.41054e-06,1.16144e-05,2.22382e-07,8.00387e-06,7.58723e-06,2.5487e-06
0.622051,0.769235,0.00029501,0.000105107,0.000275651,0.921273,0.000257817,0.000243921,8.35007e-05,-6.32014e-06,1.15116e-05,1.40631e-06,1.14254e-05,1.94039e-07,7.87449e-06,7.44262e-06,2.57194e-06
0.622547,0.769196,0.000294532,0.000104521,0.000275362,0.921216,0.000255518,0.000241232,8.42413e-05,-6.29557e-06,1.13234e-05,1.40207e-06,1.12362e-05,1.7121e-07,7.72835e-06,7.27958e-06,2.5952e-06
0.623043,0.769188,0.000294006,0.000103802,0.000275072,0.921159,0.000252741,0.000238025,8.49825e-05,-6.27069e-06,1.1135e-05,1.39781e-06,1.10469e-05,1.54161e-07,7.56689e-06,7.09939e-06,2.61848e-06
0.62354,0.769211,0.000293437,0.000102955,0.000274783,0.921103,0.000249527,0.00023434,8.57243e-05,-6.24549e-06,1.09465e-05,1.39352e-06,1.08575e-05,1.43158e-07,7.39159e-06,6.90337e-06,2.64178e-06
0.624038,0.769264,0.000292828,0.00010199,0.000274493,0.921048,0.000245918,0.000230216,8.64667e-05,-6.21999e-06,1.07579e-05,1.38922e-06,1.06679e-05,1.38465e-07,7.20398e-06,6.69288e-06,2.6651e-06
0.624536,0.769346,0.000292187,0.000100926,0.000274203,0.920993,0.000241955,0.000225692,8.72097e-05,-6.19416e-06,1.05692e-05,1.38491e-06,1.04781e-05,1.40348e-07,7.00566e-06,6.46928e-06,2.68843e-06
0.625034,0.769454,0.000291522,9.97848e-05,0.000273912,0.920939,0.000237682,0.00022081,8.79532e-05,-6.16802e-06,1.03804e-05,1.38057e-06,1.02882e-05,1.49072e-07,6.79827e-06,6.23399e-06,2.71179e-06
0.625532,0.769588,0.000290842,9.85933e-05,0.000273621,0.920885,0.000233143,0.000215611,8.86974e-05,-6.14157e-06,1.01915e-05,1.37622e-06,1.00981e-05,1.64902e-07,6.58353e-06,5.98847e-06,2.73516e-06
0.626031,0.769743,0.00029016,9.73808e-05,0.000273331,0.920832,0.000228383,0.000210141,8.94422e-05,-6.11479e-06,1.00024e-05,1.37185e-06,9.9079e-06,1.88104e-07,6.36324e-06,5.73421e-06,2.75855e-06
0.626531,0.769917,0.000289483,9.61766e-05,0.000273039,0.920778,0.00022345,0.000204441,9.01875e-05,-6.08769e-06,9.81327e-06,1.36747e-06,9.71753e-06,2.18944e-07,6.13927e-06,5.47278e-06,2.78196e-06
0.627031,0.770107,0.000288822,9.50088e-05,0.000272748,0.920726,0.00021839,0.000198558,9.09335e-05,-6.06027e-06,9.62402e-06,1.36307e-06,9.52701e-06,2.57685e-07,5.9136e-06,5.20581e-06,2.80539e-06
0.627531,0.770309,0.000285878,9.39015e-05,0.000270016,0.920673,0.000212899,0.000192537,9.08592e-05,-6.03253e-06,9.73927e-06,1.35866e-06,9.64404e-06,3.04594e-07,5.74458e-06,4.935e-06,2.9404e-06
0.628031,0.770519,0.000282393,9.28733e-05,0.000266684,0.920621,0.000207267,0.000186425,9.05838e-05,-6.00446e-06,9.92936e-06,1.35423e-06,9.83658e-06,3.59936e-07,5.60032e-06,4.66218e-06,3.10285e-06
0.628532,0.770732,0.000278935,9.19357e-05,0.000263349,0.920569,0.000201625,0.00018027,9.0308e-05,-5.97607e-06,1.01197e-05,1.34979e-06,1.00293e-05,4.23976e-07,5.47073e-06,4.38929e-06,3.26544e-06
0.629034,0.770945,0.000275506,9.10917e-05,0.000260011,0.920518,0.000196019,0.00017412,9.00321e-05,-5.94735e-06,1.03103e-05,1.34534e-06,1.02221e-05,4.9698e-07,5.35852e-06,4.11843e-06,3.42816e-06
0.629536,0.771154,0.000272104,9.0336e-05,0.000256671,0.920467,0.000190493,0.000168022,8.9756e-05,-5.91829e-06,1.05011e-05,1.34087e-06,1.04151e-05,5.79212e-07,5.26617e-06,3.85191e-06,3.59101e-06
0.630038,0.771354,0.000268725,8.96547e-05,0.000253328,0.920415,0.000185093,0.000162027,8.94796e-05,-5.88891e-06,1.06921e-05,1.3364e-06,1.06083e-05,6.70938e-07,5.19585e-06,3.59227e-06,3.75398e-06
0.63054,0.771542,0.000265362,8.90268e-05,0.000249982,0.920364,0.000179861,0.000156181,8.9203e-05,-5.8592e-06,1.08834e-05,1.33191e-06,1.08016e-05,7.72423e-07,5.14927e-06,3.34236e-06,3.91709e-06
0.631043,0.771713,0.000262006,8.84254e-05,0.000246634,0.920313,0.000174837,0.000150532,8.89262e-05,-5.82915e-06,1.10749e-05,1.32742e-06,1.09951e-05,8.83934e-07,5.1276e-06,3.10534e-06,4.08033e-06
0.631547,0.771864,0.000258648,8.78195e-05,0.000243283,0.920262,0.000170058,0.000145124,8.86492e-05,-5.79877e-06,1.12666e-05,1.32291e-06,1.11887e-05,1.00573e-06,5.13134e-06,2.88474e-06,4.2437e-06
0.63205,0.771993,0.000255276,8.71768e-05,0.000239929,0.920211,0.000165558,0.00014,8.8372e-05,-5.76805e-06,1.14585e-05,1.3184e-06,1.13824e-05,1.13809e-06,5.16037e-06,2.68441e-06,4.40719e-06
0.632555,0.772096,0.000251879,8.64654e-05,0.000236573,0.92016,0.000161364,0.000135195,8.80945e-05,-5.73699e-06,1.16507e-05,1.31387e-06,1.15764e-05,1.28126e-06,5.21389e-06,2.50844e-06,4.57082e-06
0.633059,0.772171,0.000248447,8.5656e-05,0.000233214,0.920109,0.000157497,0.000130742,8.78168e-05,-5.70559e-06,1.18431e-05,1.30934e-06,1.17705e-05,1.43552e-06,5.29053e-06,2.36082e-06,4.73458e-06
0.633564,0.772215,0.00024497,8.47238e-05,0.000229852,0.920058,0.000153971,0.000126664,8.75389e-05,-5.67386e-06,1.20356e-05,1.30481e-06,1.19647e-05,1.60114e-06,5.38845e-06,2.24507e-06,4.89847e-06
0.63407,0.772229,0.000241442,8.36499e-05,0.000226488,0.920007,0.000150791,0.000122977,8.72608e-05,-5.64178e-06,1.22284e-05,1.30026e-06,1.21591e-05,1.77837e-06,5.50543e-06,2.16356e-06,5.06249e-06
0.634575,0.772211,0.000237858,8.24228e-05,0.000223121,0.919956,0.000147954,0.000119685,8.69824e-05,-5.60935e-06,1.24214e-05,1.29571e-06,1.23536e-05,1.96748e-06,5.63907e-06,2.11692e-06,5.22664e-06
0.635082,0.77216,0.000234218,8.10392e-05,0.000219751,0.919904,0.000145449,0.000116781,8.67038e-05,-5.57659e-06,1.26146e-05,1.29115e-06,1.25483e-05,2.16873e-06,5.78684e-06,2.10366e-06,5.39093e-06
0.635588,0.772076,0.000230523,7.95042e-05,0.000216379,0.919853,0.000143253,0.000114246,8.6425e-05,-5.54347e-06,1.2808e-05,1.28659e-06,1.27432e-05,2.3824e-06,5.9462e-06,2.12025e-06,5.55534e-06
0.636095,0.771962,0.000226778,7.78317e-05,0.000213004,0.919801,0.000141338,0.00011205,8.6146e-05,-5.51001e-06,1.30016e-05,1.28203e-06,1.29382e-05,2.60875e-06,6.11471e-06,2.16161e-06,5.71988e-06
0.636603,0.771817,0.000222993,7.60443e-05,0.000209626,0.919749,0.000139666,0.000110152,8.58668e-05,-5.4762e-06,1.31954e-05,1.27746e-06,1.31334e-05,2.84804e-06,6.29005e-06,2.22188e-06,5.88456e-06
0.637111,0.771644,0.000219177,7.41727e-05,0.000206245,0.919696,0.000138193,0.000108499,8.55873e-05,-5.44204e-06,1.33893e-05,1.27289e-06,1.33287e-05,3.10053e-06,6.4701e-06,2.29508e-06,6.04937e-06
0.637619,0.771445,0.000218018,7.22545e-05,0.000205696,0.919643,0.000136737,0.000107034,8.50926e-05,-5.40752e-06,1.34153e-05,1.26832e-06,1.33552e-05,3.3665e-06,6.66099e-06,2.37569e-06,6.22293e-06
0.638127,0.771222,0.000217877,7.03332e-05,0.000206212,0.91959,0.00013533,0.000105693,8.45166e-05,-5.37265e-06,1.33779e-05,1.26374e-06,1.33181e-05,3.64621e-06,6.85597e-06,2.45883e-06,6.39988e-06
0.638636,0.770979,0.000217768,6.84558e-05,0.000206728,0.919537,0.000133967,0.000104409,8.39402e-05,-5.33743e-06,1.33406e-05,1.25917e-06,1.3281e-05,3.93992e-06,7.05055e-06,2.54042e-06,6.57697e-06
0.639146,0.770719,0.000217705,6.66708e-05,0.000207245,0.919483,0.000132605,0.000103124,8.33634e-05,-5.30185e-06,1.33032e-05,1.25459e-06,1.32439e-05,4.2479e-06,7.24352e-06,2.61712e-06,6.7542e-06
0.639656,0.770446,0.0002177,6.50249e-05,0.000207762,0.919428,0.000131213,0.0001018,8.2786e-05,-5.26592e-06,1.32658e-05,1.25001e-06,1.32068e-05,4.57042e-06,7.43391e-06,2.68632e-06,6.93157e-06
0.640166,0.770163,0.000217762,6.35599e-05,0.000208279,0.919373,0.000129771,0.000100411,8.22082e-05,-5.22962e-06,1.32284e-05,1.24544e-06,1.31696e-05,4.90773e-06,7.62102e-06,2.74608e-06,7.10908e-06
0.640677,0.769875,0.000217896,6.23092e-05,0.000208797,0.919318,0.000128266,9.89381e-05,8.163e-05,-5.19296e-06,1.31909e-05,1.24087e-06,1.31325e-05,5.25939e-06,7.80465e-06,2.79572e-06,7.28674e-06
0.641188,0.769586,0.000218106,6.12948e-05,0.000209316,0.919262,0.00012669,9.73711e-05,8.10513e-05,-5.15595e-06,1.31535e-05,1.23629e-06,1.30952e-05,5.62391e-06,7.98515e-06,2.83609e-06,7.46453e-06
0.641699,0.7693,0.000218389,6.05251e-05,0.000209834,0.919206,0.000125042,9.57068e-05,8.04721e-05,-5.11856e-06,1.31159e-05,1.23173e-06,1.3058e-05,5.99967e-06,8.16305e-06,2.86845e-06,7.64247e-06
0.642211,0.769021,0.000218741,5.99939e-05,0.000210353,0.919149,0.000123325,9.3948e-05,7.98925e-05,-5.08082e-06,1.30784e-05,1.22716e-06,1.30207e-05,6.38508e-06,8.33894e-06,2.89431e-06,7.82055e-06
0.642723,0.768752,0.000219156,5.96811e-05,0.000210873,0.919091,0.000121546,9.21035e-05,7.93124e-05,-5.0427e-06,1.30408e-05,1.2226e-06,1.29834e-05,6.77853e-06,8.51349e-06,2.91532e-06,7.99877e-06
0.643236,0.768498,0.000219622,5.95545e-05,0.000211393,0.919033,0.000119718,9.01871e-05,7.87318e-05,-5.00422e-06,1.30032e-05,1.21804e-06,1.2946e-05,7.1784e-06,8.68731e-06,2.93323e-06,8.17713e-06
0.643749,0.768263,0.000220128,5.95733e-05,0.000211913,0.918975,0.000117855,8.82177e-05,7.81508e-05,-4.96537e-06,1.29656e-05,1.21349e-06,1.29087e-05,7.58311e-06,8.86102e-06,2.94974e-06,8.35564e-06
0.644263,0.768049,0.000220661,5.96917e-05,0.000212434,0.918916,0.000115976,8.6218e-05,7.75693e-05,-4.92615e-06,1.29279e-05,1.20895e-06,1.28713e-05,7.99104e-06,9.03517e-06,2.96651e-06,8.53429e-06
0.644777,0.767859,0.000221209,5.98625e-05,0.000212955,0.918856,0.000114102,8.42151e-05,7.69874e-05,-4.88656e-06,1.28902e-05,1.20441e-06,1.28338e-05,8.40058e-06,9.21023e-06,2.98505e-06,8.71308e-06
0.645291,0.767695,0.000221759,6.0041e-05,0.000213477,0.918796,0.000112254,8.22394e-05,7.64049e-05,-4.84659e-06,1.28525e-05,1.19988e-06,1.27964e-05,8.81014e-06,9.38659e-06,3.00669e-06,8.89201e-06
0.645806,0.767561,0.000222302,6.01876e-05,0.000213999,0.918735,0.000110458,8.03242e-05,7.58221e-05,-4.80625e-06,1.28148e-05,1.19535e-06,1.27589e-05,9.21811e-06,9.56455e-06,3.03247e-06,9.07109e-06
0.646321,0.767456,0.000222827,6.02696e-05,0.000214521,0.918674,0.000108738,7.85051e-05,7.52387e-05,-4.76554e-06,1.2777e-05,1.19084e-06,1.27214e-05,9.62288e-06,9.7443e-06,3.06318e-06,9.25031e-06
0.646836,0.767383,0.000223328,6.02634e-05,0.000215044,0.918611,0.000107119,7.68189e-05,7.46549e-05,-4.72444e-06,1.27392e-05,1.18633e-06,1.26838e-05,1.00229e-05,9.92593e-06,3.09924e-06,9.42967e-06
0.647352,0.767342,0.000223803,6.01544e-05,0.000215567,0.918549,0.000105627,7.53029e-05,7.40706e-05,-4.68297e-06,1.27013e-05,1.18184e-06,1.26462e-05,1.04164e-05,1.01094e-05,3.14075e-06,9.60918e-06
0.647869,0.767333,0.000223248,5.99379e-05,0.000215052,0.918485,0.000104433,7.39929e-05,7.36972e-05,-4.64111e-06,1.27328e-05,1.17735e-06,1.26782e-05,1.0802e-05,1.02919e-05,3.18748e-06,9.78584e-06
0.648386,0.767354,0.000222127,5.96186e-05,0.000213977,0.918421,0.000103492,7.2922e-05,7.3437e-05,-4.59888e-06,1.28015e-05,1.17288e-06,1.27476e-05,1.11779e-05,1.04744e-05,3.23886e-06,9.96104e-06
0.648903,0.767406,0.000220982,5.92099e-05,0.000212902,0.918356,0.000102742,7.21186e-05,7.31766e-05,-4.55626e-06,1.28702e-05,1.16842e-06,1.28171e-05,1.15426e-05,1.06582e-05,3.29407e-06,1.01364e-05
0.64942,0.767487,0.000219817,5.87331e-05,0.000211825,0.918291,0.000102196,7.16047e-05,7.2916e-05,-4.51325e-06,1.29391e-05,1.16396e-06,1.28866e-05,1.18945e-05,1.0843e-05,3.35206e-06,1.03119e-05
0.649939,0.767595,0.000218641,5.82156e-05,0.000210748,0.918225,0.000101862,7.13942e-05,7.26552e-05,-4.46986e-06,1.3008e-05,1.15953e-06,1.29562e-05,1.2232e-05,1.10284e-05,3.4116e-06,1.04875e-05
0.650457,0.767727,0.000217462,5.76895e-05,0.00020967,0.918158,0.000101745,7.14922e-05,7.23941e-05,-4.42608e-06,1.30769e-05,1.1551e-06,1.30258e-05,1.25534e-05,1.1214e-05,3.47131e-06,1.06632e-05
0.650976,0.76788,0.000216289,5.71888e-05,0.000208591,0.91809,0.000101842,7.18937e-05,7.21329e-05,-4.38192e-06,1.31459e-05,1.15069e-06,1.30955e-05,1.28572e-05,1.13994e-05,3.52977e-06,1.08391e-05
0.651495,0.768052,0.000215131,5.67472e-05,0.000207511,0.918021,0.000102147,7.25846e-05,7.18714e-05,-4.33736e-06,1.3215e-05,1.1463e-06,1.31652e-05,1.31417e-05,1.1584e-05,3.58552e-06,1.10152e-05
0.652015,0.76824,0.000213996,5.63954e-05,0.000206431,0.917952,0.000102647,7.35419e-05,7.16098e-05,-4.29241e-06,1.32842e-05,1.14192e-06,1.3235e-05,1.34054e-05,1.17675e-05,3.63714e-06,1.11913e-05
0.652535,0.768438,0.00021289,5.6158e-05,0.000205349,0.917882,0.000103324,7.47355e-05,7.13479e-05,-4.24706e-06,1.33534e-05,1.13756e-06,1.33048e-05,1.36466e-05,1.19495e-05,3.68325e-06,1.13677e-05
0.653055,0.768645,0.000211818,5.60514e-05,0.000204267,0.917811,0.000104158,7.61293e-05,7.10859e-05,-4.20133e-06,1.34227e-05,1.13321e-06,1.33748e-05,1.38638e-05,1.21295e-05,3.72263e-06,1.15441e-05
0.653576,0.768855,0.000210782,5.60824e-05,0.000203184,0.91774,0.000105122,7.76832e-05,7.08236e-05,-4.15519e-06,1.3492e-05,1.12888e-06,1.34447e-05,1.40553e-05,1.23073e-05,3.75417e-06,1.17207e-05
0.654098,0.769064,0.000209781,5.62466e-05,0.0002021,0.917667,0.000106189,7.93547e-05,7.05611e-05,-4.10866e-06,1.35614e-05,1.12457e-06,1.35147e-05,1.42196e-05,1.24826e-05,3.77704e-06,1.18975e-05
0.65462,0.76927,0.000208812,5.65293e-05,0.000201015,0.917594,0.000107327,8.10999e-05,7.02984e-05,-4.06173e-06,1.36309e-05,1.12028e-06,1.35848e-05,1.43549e-05,1.26554e-05,3.79063e-06,1.20743e-05
0.655142,0.769467,0.00020787,5.69066e-05,0.000199929,0.91752,0.000108504,8.28749e-05,7.00355e-05,-4.0144e-06,1.37005e-05,1.11601e-06,1.36549e-05,1.44598e-05,1.28256e-05,3.79474e-06,1.22514e-05
0.655664,0.769653,0.000206947,5.73486e-05,0.000198843,0.917445,0.000109688,8.46364e-05,6.97724e-05,-3.96667e-06,1.37701e-05,1.11176e-06,1.37251e-05,1.45326e-05,1.29934e-05,3.78957e-06,1.24285e-05
0.656187,0.769823,0.000206035,5.78212e-05,0.000197755,0.917369,0.000110844,8.63422e-05,6.9509e-05,-3.91853e-06,1.38397e-05,1.10752e-06,1.37953e-05,1.45717e-05,1.31592e-05,3.77591e-06,1.26058e-05
0.656711,0.769975,0.000205123,5.82879e-05,0.000196667,0.917292,0.00011194,8.79518e-05,6.92455e-05,-3.86999e-06,1.39095e-05,1.10331e-06,1.38656e-05,1.45755e-05,1.33235e-05,3.75528e-06,1.27833e-05
0.657235,0.770104,0.0002042,5.87123e-05,0.000195577,0.917214,0.00011294,8.94262e-05,6.89817e-05,-3.82104e-06,1.39793e-05,1.09912e-06,1.3936e-05,1.45425e-05,1.34869e-05,3.73003e-06,1.29609e-05
0.657759,0.770209,0.000203257,5.90597e-05,0.000194487,0.917136,0.000113815,9.07283e-05,6.87178e-05,-3.77169e-06,1.40491e-05,1.09496e-06,1.40064e-05,1.44709e-05,1.36506e-05,3.70364e-06,1.31386e-05
0.658284,0.770288,0.000202977,5.92993e-05,0.000194122,0.917056,0.000114463,9.18229e-05,6.83396e-05,-3.72192e-06,1.39644e-05,1.09081e-06,1.39217e-05,1.43592e-05,1.37925e-05,3.68086e-06,1.32922e-05
0.658809,0.770338,0.000203174,5.94056e-05,0.000194295,0.916976,0.000114875,9.26765e-05,6.78766e-05,-3.67175e-06,1.3765e-05,1.08669e-06,1.3722e-05,1.42058e-05,1.392e-05,3.6679e-06,1.3428e-05
0.659334,0.770358,0.000203326,5.93593e-05,0.000194468,0.916894,0.00011508,9.32675e-05,6.74133e-05,-3.62116e-06,1.35654e-05,1.08259e-06,1.35221e-05,1.40091e-05,1.40523e-05,3.67252e-06,1.35639e-05
0.65986,0.770348,0.00020343,5.9148e-05,0.000194642,0.916812,0.000115075,9.3595e-05,6.69496e-05,-3.57016e-06,1.33656e-05,1.07852e-06,1.3322e-05,1.37674e-05,1.41918e-05,3.70393e-06,1.36999e-05
0.660387,0.770306,0.000203486,5.87669e-05,0.000194815,0.916729,0.000114861,9.36627e-05,6.64855e-05,-3.51875e-06,1.31657e-05,1.07447e-06,1.31218e-05,1.34805e-05,1.43411e-05,3.77232e-06,1.3836e-05
0.660913,0.770233,0.000203495,5.82184e-05,0.000194989,0.916644,0.000114441,9.34769e-05,6.6021e-05,-3.46692e-06,1.29657e-05,1.07045e-06,1.29214e-05,1.31596e-05,1.45027e-05,3.88629e-06,1.39722e-05
0.661441,0.77013,0.00020346,5.75126e-05,0.000195163,0.91656,0.00011382,9.30456e-05,6.55562e-05,-3.41467e-06,1.27655e-05,1.06646e-06,1.27209e-05,1.28222e-05,1.46782e-05,4.04948e-06,1.41086e-05
0.661968,0.769997,0.00020339,5.66666e-05,0.000195337,0.916474,0.000113007,9.23786e-05,6.50909e-05,-3.36201e-06,1.25652e-05,1.06249e-06,1.25202e-05,1.24859e-05,1.48683e-05,4.25992e-06,1.4245e-05
0.662496,0.769837,0.000203291,5.57042e-05,0.000195511,0.916387,0.00011201,9.14871e-05,6.46254e-05,-3.30892e-06,1.23647e-05,1.05855e-06,1.23193e-05,1.21682e-05,1.50724e-05,4.5109e-06,1.43816e-05
0.663025,0.76965,0.000203174,5.46548e-05,0.000195685,0.9163,0.00011084,9.03833e-05,6.41594e-05,-3.25541e-06,1.21641e-05,1.05464e-06,1.21183e-05,1.18867e-05,1.52887e-05,4.79242e-06,1.45182e-05
0.663554,0.76944,0.000203048,5.35524e-05,0.000195859,0.916212,0.000109509,8.90804e-05,6.36931e-05,-3.20148e-06,1.19634e-05,1.05075e-06,1.19171e-05,1.1659e-05,1.55146e-05,5.09267e-06,1.4655e-05
0.664083,0.769209,0.000202925,5.24344e-05,0.000196033,0.916124,0.000108028,8.75926e-05,6.32264e-05,-3.14712e-06,1.17625e-05,1.0469e-06,1.17158e-05,1.15026e-05,1.57464e-05,5.39919e-06,1.47918e-05
0.664613,0.768961,0.000202813,5.1339e-05,0.000196208,0.916034,0.000106412,8.59351e-05,6.27593e-05,-3.09234e-06,1.15614e-05,1.04307e-06,1.15143e-05,1.14351e-05,1.59799e-05,5.69966e-06,1.49288e-05
0.665143,0.768698,0.000202723,5.03039e-05,0.000196383,0.915945,0.000104676,8.41234e-05,6.22919e-05,-3.03713e-06,1.13603e-05,1.03928e-06,1.13126e-05,1.1474e-05,1.62102e-05,5.98226e-06,1.50659e-05
0.665674,0.768424,0.000202661,4.9363e-05,0.000196558,0.915854,0.000102834,8.21742e-05,6.18241e-05,-2.98149e-06,1.1159e-05,1.03551e-06,1.11108e-05,1.16369e-05,1.64323e-05,6.23597e-06,1.52031e-05
0.666205,0.768143,0.000202633,4.85446e-05,0.000196733,0.915763,0.000100902,8.01047e-05,6.13559e-05,-2.92542e-06,1.09575e-05,1.03178e-06,1.09088e-05,1.19414e-05,1.66415e-05,6.45064e-06,1.53404e-05
0.666736,0.767858,0.000202643,4.78682e-05,0.000196908,0.915672,9.88978e-05,7.79327e-05,6.08873e-05,-2.86892e-06,1.07559e-05,1.02807e-06,1.07067e-05,1.2405e-05,1.6833e-05,6.61715e-06,1.54778e-05
0.667268,0.767575,0.00020269,4.73435e-05,0.000197083,0.91558,9.68369e-05,7.56769e-05,6.04184e-05,-2.81199e-06,1.05542e-05,1.0244e-06,1.05044e-05,1.30454e-05,1.70029e-05,6.72758e-06,1.56154e-05
0.6678,0.767295,0.000202773,4.6969e-05,0.000197258,0.915488,9.47369e-05,7.33566e-05,5.99491e-05,-2.75462e-06,1.03524e-05,1.02077e-06,1.03019e-05,1.38799e-05,1.71483e-05,6.77551e-06,1.5753e-05
0.668333,0.767024,0.000202889,4.67322e-05,0.000197434,0.915395,9.26154e-05,7.09917e-05,5.94794e-05,-2.69681e-06,1.01504e-05,1.01716e-06,1.00993e-05,1.49264e-05,1.72675e-05,6.7565e-06,1.58908e-05
0.668866,0.766765,0.000202364,4.66108e-05,0.000196923,0.915302,9.07451e-05,6.86029e-05,5.93996e-05,-2.63857e-06,1.00263e-05,1.01359e-06,9.9749e-06,1.62022e-05,1.73221e-05,6.66896e-06,1.59869e-05
0.669399,0.766522,0.000201183,4.65751e-05,0.000195718,0.915209,8.91607e-05,6.62114e-05,5.97133e-05,-2.57989e-06,9.98076e-06,1.01005e-06,9.92952e-06,1.77249e-05,1.73137e-05,6.51553e-06,1.6041e-05
0.669933,0.766297,0.000200014,4.659e-05,0.000194512,0.915115,8.76283e-05,6.38392e-05,6.00272e-05,-2.52077e-06,9.93522e-06,1.00655e-06,9.8841e-06,1.95122e-05,1.72861e-05,6.30528e-06,1.60951e-05
0.670468,0.766093,0.000198848,4.66186e-05,0.000193306,0.915021,8.61649e-05,6.15086e-05,6.03414e-05,-2.4612e-06,9.88964e-06,1.00308e-06,9.83864e-06,2.16156e-05,1.72486e-05,6.05919e-06,1.61493e-05
0.671003,0.765914,0.000197676,4.66244e-05,0.000192098,0.914927,8.47865e-05,5.92421e-05,6.06558e-05,-2.4012e-06,9.84403e-06,9.99648e-07,9.79314e-06,2.42854e-05,1.7217e-05,5.8197e-06,1.62036e-05
0.671538,0.765762,0.000196489,4.65738e-05,0.00019089,0.914833,8.35075e-05,5.70623e-05,6.09704e-05,-2.34075e-06,9.79839e-06,9.96251e-07,9.74761e-06,2.78439e-05,1.72068e-05,5.63543e-06,1.62578e-05
0.672074,0.765637,0.000195282,4.64381e-05,0.000189681,0.914738,8.23404e-05,5.49914e-05,6.12854e-05,-2.27985e-06,9.75272e-06,9.92889e-07,9.70205e-06,3.26132e-05,1.72302e-05,5.54905e-06,1.63122e-05
0.67261,0.765543,0.000194049,4.61949e-05,0.00018847,0.914644,8.12956e-05,5.30505e-05,6.16005e-05,-2.21851e-06,9.70702e-06,9.89563e-07,9.65644e-06,3.89155e-05,1.72941e-05,5.58764e-06,1.63665e-05
0.673146,0.76548,0.000192785,4.58292e-05,0.000187259,0.914549,8.03809e-05,5.12592e-05,6.1916e-05,-2.15671e-06,9.66128e-06,9.86275e-07,9.6108e-06,4.70731e-05,1.74003e-05,5.75516e-06,1.64209e-05
0.673683,0.765447,0.00019149,4.53342e-05,0.000186047,0.914454,7.96014e-05,4.96348e-05,6.22316e-05,-2.09447e-06,9.61551e-06,9.83023e-07,9.56513e-06,5.74082e-05,1.7545e-05,6.03233e-06,1.64754e-05
0.674221,0.765446,0.000190164,4.47113e-05,0.000184833,0.914359,7.89593e-05,4.8191e-05,6.25476e-05,-2.03178e-06,9.56971e-06,9.79808e-07,9.51942e-06,7.0243e-05,1.77199e-05,6.38416e-06,1.65299e-05
0.674759,0.765476,0.000188811,4.39711e-05,0.000183619,0.914265,7.84537e-05,4.69375e-05,6.28637e-05,-1.96863e-06,9.52387e-06,9.76631e-07,9.47367e-06,8.58997e-05,1.79129e-05,6.76979e-06,1.65844e-05
0.675297,0.765537,0.000187434,4.31329e-05,0.000182404,0.91417,7.80808e-05,4.58789e-05,6.31802e-05,-1.90503e-06,9.47801e-06,9.73492e-07,9.42788e-06,0.000104701,1.81103e-05,7.15027e-06,1.6639e-05
0.675835,0.765625,0.000186043,4.22242e-05,0.000181188,0.914075,7.78339e-05,4.5014e-05,6.34968e-05,-1.84097e-06,9.43211e-06,9.70392e-07,9.38206e-06,0.000126968,1.82982e-05,7.49308e-06,1.66936e-05
0.676375,0.765741,0.000184644,4.12807e-05,0.000179971,0.91398,7.77037e-05,4.43359e-05,6.38138e-05,-1.77645e-06,9.38618e-06,9.67329e-07,9.3362e-06,0.000153024,1.8465e-05,7.775e-06,1.67483e-05
0.676914,0.765882,0.000183249,4.03449e-05,0.000178752,0.913886,7.76788e-05,4.38317e-05,6.4131e-05,-1.71148e-06,9.34022e-06,9.64306e-07,9.29031e-06,0.000183191,1.86037e-05,7.98481e-06,1.6803e-05
0.677454,0.766044,0.000181867,3.94641e-05,0.000177533,0.913791,7.77458e-05,4.34835e-05,6.44484e-05,-1.64604e-06,9.29422e-06,9.61322e-07,9.24438e-06,0.000217791,1.87147e-05,8.12738e-06,1.68578e-05
0.677995,0.766226,0.000180508,3.86881e-05,0.000176313,0.913697,7.78898e-05,4.32687e-05,6.47661e-05,-1.58015e-06,9.2482e-06,9.58377e-07,9.19841e-06,0.000257146,1.88086e-05,8.22973e-06,1.69126e-05
0.678535,0.766425,0.000179182,3.80657e-05,0.000175092,0.913603,7.80953e-05,4.31618e-05,6.5084e-05,-1.51379e-06,9.20214e-06,9.55471e-07,9.1524e-06,0.000301579,1.89104e-05,8.34931e-06,1.69674e-05
0.679077,0.766636,0.000177898,3.76401e-05,0.00017387,0.91351,7.83461e-05,4.31353e-05,6.54022e-05,-1.44696e-06,9.15605e-06,9.52605e-07,9.10636e-06,0.000351411,1.9063e-05,8.58131e-06,1.70223e-05
0.679618,0.766857,0.000176985,3.74445e-05,0.000172978,0.913416,7.85908e-05,4.31612e-05,6.56782e-05,-1.37967e-06,9.13915e-06,9.49779e-07,9.08967e-06,0.000406966,1.93865e-05,9.05718e-06,1.71407e-05
0.68016,0.767083,0.000176567,3.74981e-05,0.00017254,0.913323,7.88007e-05,4.32117e-05,6.58962e-05,-1.31191e-06,9.16234e-06,9.46993e-07,9.11327e-06,0.000468573,1.99844e-05,9.92415e-06,1.73461e-05
0.680703,0.767311,0.000176204,3.78037e-05,0.000172101,0.91323,7.90114e-05,4.32631e-05,6.61143e-05,-1.24369e-06,9.18556e-06,9.44247e-07,9.1369e-06,0.000537219,2.08731e-05,1.12972e-05,1.75516e-05
0.681246,0.767537,0.000175892,3.83473e-05,0.000171661,0.913138,7.92158e-05,4.33029e-05,6.63326e-05,-1.17499e-06,9.2088e-06,9.41542e-07,9.16055e-06,0.000615018,2.21254e-05,1.31989e-05,1.77574e-05
0.681789,0.767757,0.000175629,3.90998e-05,0.000171222,0.913046,7.94109e-05,4.33249e-05,6.6551e-05,-1.10583e-06,9.23207e-06,9.38877e-07,9.18421e-06,0.000704192,2.37748e-05,1.55744e-05,1.79633e-05
0.682333,0.767968,0.000175408,4.00208e-05,0.000170782,0.912954,7.95954e-05,4.33272e-05,6.67696e-05,-1.03618e-06,9.25537e-06,9.36252e-07,9.20789e-06,0.000806964,2.58145e-05,1.83375e-05,1.81693e-05
0.682878,0.768166,0.000175221,4.10629e-05,0.000170341,0.912863,7.97702e-05,4.33109e-05,6.69884e-05,-9.6607e-07,9.27869e-06,9.33668e-07,9.23159e-06,0.000925558,2.82066e-05,2.13998e-05,1.83756e-05
0.683422,0.768347,0.000175057,4.21756e-05,0.000169901,0.912771,7.99376e-05,4.32803e-05,6.72074e-05,-8.95479e-07,9.30203e-06,9.31125e-07,9.25531e-06,0.0010622,3.08941e-05,2.46811e-05,1.8582e-05
0.683968,0.76851,0.000174907,4.33093e-05,0.00016946,0.91268,8.01011e-05,4.32417e-05,6.74266e-05,-8.24411e-07,9.3254e-06,9.28623e-07,9.27905e-06,0.0012191,3.38124e-05,2.81117e-05,1.87885e-05
0.684513,0.76865,0.000174757,4.44179e-05,0.000169018,0.91259,8.02652e-05,4.32034e-05,6.76459e-05,-7.52864e-07,9.3488e-06,9.26161e-07,9.30281e-06,0.0013985,3.68967e-05,3.16315e-05,1.89953e-05
0.685059,0.768765,0.000174599,4.54602e-05,0.000168577,0.912499,8.0435e-05,4.3175e-05,6.78654e-05,-6.80837e-07,9.37222e-06,9.23741e-07,9.32659e-06,0.00160261,4.00869e-05,3.51886e-05,1.92021e-05
0.685606,0.768854,0.00017442,4.64017e-05,0.000168135,0.912409,8.06162e-05,4.3167e-05,6.80851e-05,-6.08328e-07,9.39567e-06,9.21361e-07,9.35039e-06,0.00183366,4.33293e-05,3.8739e-05,1.94092e-05
0.686153,0.768914,0.000174212,4.72147e-05,0.000167692,0.912318,8.08146e-05,4.31906e-05,6.8305e-05,-5.35337e-07,9.41914e-06,9.19022e-07,9.3742e-06,0.00209387,4.65787e-05,4.22466e-05,1.96164e-05
0.6867,0.768944,0.000173968,4.78789e-05,0.000167249,0.912228,8.1036e-05,4.32569e-05,6.8525e-05,-4.61861e-07,9.44264e-06,9.16723e-07,9.39803e-06,0.00238546,4.97991e-05,4.56833e-05,1.98238e-05
0.687248,0.768944,0.000173681,4.83811e-05,0.000166806,0.912138,8.12862e-05,4.33769e-05,6.87452e-05,-3.87899e-07,9.46616e-06,9.14466e-07,9.42189e-06,0.00271066,5.29647e-05,4.90307e-05,2.00313e-05
0.687796,0.768913,0.000173349,4.87155e-05,0.000166363,0.912048,8.15705e-05,4.35604e-05,6.89656e-05,-3.1345e-07,9.48971e-06,9.12248e-07,9.44576e-06,0.00307169,5.60615e-05,5.22807e-05,2.02391e-05
0.688345,0.76885,0.00017297,4.88831e-05,0.000165919,0.911959,8.18937e-05,4.38162e-05,6.91861e-05,-2.38513e-07,9.51328e-06,9.10072e-07,9.46965e-06,0.00347077,5.90885e-05,5.5438e-05,2.04469e-05
0.688894,0.768756,0.000172546,4.88914e-05,0.000165475,0.911869,8.22599e-05,4.41518e-05,6.94069e-05,-1.63085e-07,9.53688e-06,9.07936e-07,9.49356e-06,0.00391013,6.206e-05,5.85219e-05,2.0655e-05
0.689443,0.768633,0.000172081,4.87543e-05,0.00016503,0.911779,8.26724e-05,4.45724e-05,6.96278e-05,-8.71657e-08,9.5605e-06,9.0584e-07,9.51749e-06,0.00439198,6.50079e-05,6.15691e-05,2.08632e-05
0.689993,0.768481,0.00017158,4.84911e-05,0.000164585,0.91169,8.31336e-05,4.50814e-05,6.98489e-05,-1.07536e-08,9.58415e-06,9.03784e-07,9.54144e-06,0.00491856,6.79835e-05,6.46355e-05,2.10716e-05
0.690544,0.768303,0.000171229,4.81256e-05,0.000164326,0.9116,8.35149e-05,4.56799e-05,6.99148e-05,6.61529e-08,9.59562e-06,9.01768e-07,9.55315e-06,0.00549202,7.1046e-05,6.78027e-05,2.12209e-05
0.691094,0.7681,0.000171196,4.76859e-05,0.000164421,0.91151,8.37023e-05,4.63669e-05,6.96864e-05,1.43555e-07,9.58398e-06,8.99792e-07,9.54165e-06,0.0061142,7.42825e-05,7.11757e-05,2.12581e-05
0.691646,0.767874,0.000171153,4.72024e-05,0.000164515,0.911421,8.39432e-05,4.7139e-05,6.94577e-05,2.21455e-07,9.57233e-06,8.97856e-07,9.53013e-06,0.00678688,7.78152e-05,7.48446e-05,2.12953e-05
0.692197,0.767629,0.000171108,4.67068e-05,0.00016461,0.911331,8.42365e-05,4.79911e-05,6.92289e-05,2.99853e-07,9.56067e-06,8.95958e-07,9.5186e-06,0.00751184,8.17065e-05,7.88725e-05,2.13326e-05
0.69275,0.767368,0.000171069,4.62304e-05,0.000164704,0.911241,8.45799e-05,4.8916e-05,6.89999e-05,3.78751e-07,9.54901e-06,8.941e-07,9.50706e-06,0.00829086,8.59906e-05,8.3293e-05,2.13698e-05
0.693302,0.767093,0.000171045,4.58021e-05,0.000164799,0.911151,8.49701e-05,4.9905e-05,6.87708e-05,4.5815e-07,9.53735e-06,8.92281e-07,9.49552e-06,0.00912571,9.06739e-05,8.81106e-05,2.14071e-05
0.693855,0.766808,0.000171042,4.54471e-05,0.000164893,0.911061,8.54027e-05,5.09481e-05,6.85414e-05,5.38053e-07,9.52568e-06,8.905e-07,9.48396e-06,0.0100182,9.57372e-05,9.33046e-05,2.14445e-05
0.694409,0.766518,0.000171064,4.51844e-05,0.000164988,0.910971,8.58725e-05,5.20343e-05,6.83118e-05,6.18459e-07,9.514e-06,8.88758e-07,9.4724e-06,0.01097,0.00010114,9.88327e-05,2.14818e-05
0.694963,0.766224,0.000171113,4.5026e-05,0.000165083,0.910881,8.6373e-05,5.31519e-05,6.80821e-05,6.99372e-07,9.50232e-06,8.87053e-07,9.46082e-06,0.011983,0.000106827,0.000104637,2.15192e-05
0.695517,0.765932,0.000171192,4.4976e-05,0.000165178,0.910791,8.68973e-05,5.42883e-05,6.78522e-05,7.80792e-07,9.49063e-06,8.85386e-07,9.44924e-06,0.0130589,0.000112728,0.000110648,2.15566e-05
0.696072,0.765644,0.000171298,4.50301e-05,0.000165273,0.9107,8.74377e-05,5.5431e-05,6.76221e-05,8.6272e-07,9.47894e-06,8.83756e-07,9.43765e-06,0.0141996,0.000118768,0.000116788,2.15941e-05
0.696627,0.765364,0.000171428,4.51766e-05,0.000165368,0.910609,8.79857e-05,5.65671e-05,6.73918e-05,9.45158e-07,9.46724e-06,8.82163e-07,9.42605e-06,0.0154067,0.000124867,0.000122979,2.16316e-05
0.697183,0.765096,0.000171578,4.53972e-05,0.000165463,0.910518,8.85327e-05,5.76836e-05,6.71614e-05,1.02811e-06,9.45553e-06,8.80607e-07,9.41444e-06,0.0166821,0.000130943,0.000129138,2.16691e-05
0.697739,0.764843,0.000171742,4.5669e-05,0.000165558,0.910427,8.90695e-05,5.87679e-05,6.69307e-05,1.11157e-06,9.44382e-06,8.79086e-07,9.40282e-06,0.0180276,0.000136916,0.000135185,2.17066e-05
0.698296,0.764608,0.000171913,4.59662e-05,0.000165654,0.910335,8.95868e-05,5.98074e-05,6.66999e-05,1.19555e-06,9.43211e-06,8.77601e-07,9.39119e-06,0.0194448,0.000142708,0.000141042,2.17442e-05
0.698853,0.764393,0.000172084,4.6262e-05,0.000165749,0.910243,9.00751e-05,6.07899e-05,6.64689e-05,1.28004e-06,9.42038e-06,8.76152e-07,9.37955e-06,0.0209357,0.000148245,0.000146636,2.17818e-05
0.69941,0.764202,0.000172249,4.65311e-05,0.000165845,0.910151,9.0525e-05,6.17037e-05,6.62377e-05,1.36505e-06,9.40866e-06,8.74737e-07,9.3679e-06,0.0225019,0.000153458,0.000151898,2.18194e-05
0.699968,0.764036,0.0001724,4.67522e-05,0.00016594,0.910059,9.09272e-05,6.25375e-05,6.60063e-05,1.45058e-06,9.39692e-06,8.73356e-07,9.35625e-06,0.0241452,0.000158284,0.000156768,2.18571e-05
0.700526,0.763897,0.000172535,4.69075e-05,0.000166036,0.909966,9.12729e-05,6.32805e-05,6.57747e-05,1.53663e-06,9.38518e-06,8.72009e-07,9.34458e-06,0.0258671,0.000162683,0.000161203,2.18948e-05
0.701085,0.763787,0.000172647,4.69837e-05,0.000166132,0.909873,9.15532e-05,6.39227e-05,6.5543e-05,1.62319e-06,9.37343e-06,8.70695e-07,9.33291e-06,0.0276664,0.000166675,0.000165226,2.19325e-05
0.701644,0.763706,0.000172518,4.69726e-05,0.000166,0.909779,9.17916e-05,6.44548e-05,6.5355e-05,1.71029e-06,9.35208e-06,8.69414e-07,9.31158e-06,0.0295417,0.000170308,0.00016888,2.20023e-05
0.702204,0.763655,0.000171768,4.68713e-05,0.000165249,0.909685,9.20337e-05,6.48684e-05,6.52863e-05,1.7979e-06,9.30463e-06,8.68165e-07,9.26404e-06,0.0314913,0.000173634,0.000172215,2.21591e-05
0.702764,0.763634,0.000170994,4.6683e-05,0.000164498,0.909591,9.2188e-05,6.51559e-05,6.52176e-05,1.88605e-06,9.25715e-06,8.66948e-07,9.21647e-06,0.0335137,0.000176694,0.000175279,2.2316e-05
0.703325,0.763643,0.000170198,4.64168e-05,0.000163746,0.909496,9.22492e-05,6.53112e-05,6.51488e-05,1.97471e-06,9.20964e-06,8.65762e-07,9.16885e-06,0.0356073,0.000179537,0.000178125,2.24731e-05
0.703886,0.763681,0.000169384,4.60873e-05,0.000162994,0.909401,9.22175e-05,6.5335e-05,6.508e-05,2.06391e-06,9.16209e-06,8.64606e-07,9.1212e-06,0.0377704,0.000182213,0.000180803,2.26303e-05
0.704447,0.763748,0.000168558,4.57147e-05,0.000162241,0.909305,9.20998e-05,6.52375e-05,6.50111e-05,2.15364e-06,9.11451e-06,8.6348e-07,9.07351e-06,0.0400016,0.000184774,0.000183363,2.27876e-05
0.705009,0.763841,0.000167727,4.53235e-05,0.000161487,0.909209,9.19045e-05,6.50304e-05,6.49422e-05,2.2439e-06,9.06689e-06,8.62383e-07,9.02578e-06,0.0422992,0.000187266,0.000185855,2.2945e-05
0.705572,0.763959,0.000166898,4.4942e-05,0.000160733,0.909113,9.16409e-05,6.47265e-05,6.48732e-05,2.33469e-06,9.01924e-06,8.61315e-07,8.97802e-06,0.0446616,0.000189736,0.000188324,2.31026e-05
0.706135,0.7641,0.000166079,4.46007e-05,0.000159978,0.909016,9.13188e-05,6.43393e-05,6.48041e-05,2.42602e-06,8.97156e-06,8.60275e-07,8.93021e-06,0.0470872,0.000192223,0.00019081,2.32603e-05
0.706698,0.764261,0.000165279,4.43305e-05,0.000159223,0.908918,9.09486e-05,6.38828e-05,6.4735e-05,2.51788e-06,8.92384e-06,8.59262e-07,8.88237e-06,0.0495745,0.000194766,0.000193353,2.34181e-05
0.707262,0.764439,0.000164505,4.41608e-05,0.000158467,0.908821,9.05411e-05,6.3372e-05,6.46659e-05,2.61028e-06,8.87609e-06,8.58276e-07,8.83449e-06,0.0521219,0.000197396,0.000195983,2.3576e-05
0.707826,0.764631,0.000163764,4.41175e-05,0.00015771,0.908722,9.01074e-05,6.2822e-05,6.45967e-05,2.70321e-06,8.8283e-06,8.57316e-07,8.78657e-06,0.0547277,0.000200139,0.000198727,2.37341e-05
0.70839,0.764834,0.000163063,4.42204e-05,0.000156953,0.908624,8.96587e-05,6.22486e-05,6.45274e-05,2.79669e-06,8.78048e-06,8.56381e-07,8.73862e-06,0.0573905,0.000203017,0.000201606,2.38923e-05
0.708956,0.765045,0.000162405,4.44822e-05,0.000156195,0.908525,8.92061e-05,6.16676e-05,6.44581e-05,2.89071e-06,8.73263e-06,8.5547e-07,8.69062e-06,0.0601086,0.000206042,0.000204633,2.40506e-05
0.709521,0.76526,0.000161793,4.49067e-05,0.000155436,0.908425,8.87608e-05,6.10948e-05,6.43887e-05,2.98527e-06,8.68474e-06,8.54584e-07,8.64259e-06,0.0628803,0.000209221,0.000207816,2.4209e-05
0.710087,0.765476,0.000161228,4.54892e-05,0.000154677,0.908326,8.83335e-05,6.05462e-05,6.43192e-05,3.08037e-06,8.63682e-06,8.5372e-07,8.59452e-06,0.0657042,0.000212557,0.000211156,2.43676e-05
0.710653,0.765689,0.000160707,4.62165e-05,0.000153918,0.908226,8.79344e-05,6.00369e-05,6.42497e-05,3.17603e-06,8.58886e-06,8.52879e-07,8.54641e-06,0.0685787,0.000216044,0.000214647,2.45263e-05
0.71122,0.765896,0.000160227,4.70681e-05,0.000153157,0.908125,8.75732e-05,5.95816e-05,6.41802e-05,3.27222e-06,8.54087e-06,8.5206e-07,8.49826e-06,0.0715021,0.000219671,0.000218279,2.46851e-05
0.711788,0.766093,0.000159783,4.80186e-05,0.000152397,0.908024,8.72588e-05,5.9194e-05,6.41106e-05,3.36897e-06,8.49284e-06,8.51261e-07,8.45007e-06,0.0744729,0.000223421,0.000222035,2.48441e-05
0.712356,0.766277,0.000159368,4.90389e-05,0.000151635,0.907923,8.69992e-05,5.88865e-05,6.40409e-05,3.46626e-06,8.44478e-06,8.50483e-07,8.40185e-06,0.0774895,0.000227274,0.000225894,2.50032e-05
0.712924,0.766444,0.000159012,5.00984e-05,0.000150914,0.907822,8.68307e-05,5.86697e-05,6.40112e-05,3.56411e-06,8.39542e-06,8.49724e-07,8.35231e-06,0.0805502,0.00023122,0.000229831,2.53016e-05
0.713492,0.766593,0.00015883,5.11668e-05,0.000150363,0.90772,8.6853e-05,5.85525e-05,6.41486e-05,3.66251e-06,8.34071e-06,8.48983e-07,8.29739e-06,0.0836536,0.000235279,0.000233817,2.61834e-05
0.714062,0.76672,0.000158651,5.22157e-05,0.000149812,0.907618,8.69472e-05,5.85415e-05,6.42862e-05,3.76147e-06,8.28596e-06,8.48261e-07,8.24242e-06,0.086798,0.000239356,0.000237821,2.70659e-05
0.714631,0.766823,0.000158464,5.32194e-05,0.00014926,0.907515,8.71159e-05,5.86408e-05,6.44239e-05,3.86097e-06,8.23117e-06,8.47555e-07,8.18742e-06,0.0899818,0.000243419,0.000241809,2.79492e-05
0.715201,0.766899,0.000158262,5.41559e-05,0.000148708,0.907412,8.73601e-05,5.88521e-05,6.45617e-05,3.96104e-06,8.17634e-06,8.46866e-07,8.13236e-06,0.0932035,0.000247431,0.000245746,2.88331e-05
0.715772,0.766948,0.000158038,5.50076e-05,0.000148155,0.907309,8.76794e-05,5.91745e-05,6.46996e-05,4.06167e-06,8.12147e-06,8.46192e-07,8.07727e-06,0.0964615,0.000251358,0.000249596,2.97178e-05
0.716343,0.766968,0.000157784,5.57617e-05,0.000147602,0.907206,8.80718e-05,5.96047e-05,6.48377e-05,4.16285e-06,8.06656e-06,8.45532e-07,8.02213e-06,0.0997541,0.000255164,0.000253323,3.06031e-05
0.716914,0.766958,0.000157498,5.64101e-05,0.000147049,0.907102,8.85342e-05,6.01369e-05,6.49758e-05,4.2646e-06,8.01162e-06,8.44886e-07,7.96694e-06,0.10308,0.000258814,0.000256891,3.14892e-05
0.717486,0.766918,0.000157175,5.69498e-05,0.000146495,0.906998,8.90617e-05,6.07631e-05,6.51141e-05,4.3669e-06,7.95663e-06,8.44253e-07,7.91172e-06,0.106437,0.000262272,0.000260266,3.23759e-05
0.718058,0.766847,0.000156817,5.73827e-05,0.000145941,0.906894,8.96486e-05,6.14735e-05,6.52524e-05,4.46978e-06,7.90161e-06,8.43633e-07,7.85644e-06,0.109824,0.000265505,0.000263413,3.32634e-05
0.718631,0.766745,0.000156423,5.77151e-05,0.000145386,0.906789,9.02877e-05,6.22568e-05,6.53909e-05,4.57321e-06,7.84655e-06,8.43023e-07,7.80113e-06,0.11324,0.000268483,0.000266302,3.41516e-05
0.719205,0.766614,0.000155997,5.79576e-05,0.000144831,0.906684,9.0971e-05,6.31001e-05,6.55295e-05,4.67722e-06,7.79144e-06,8.42424e-07,7.74577e-06,0.116682,0.000271177,0.000268904,3.50405e-05
0.719778,0.766455,0.000155543,5.81246e-05,0.000144275,0.906579,9.16896e-05,6.39897e-05,6.56681e-05,4.78179e-06,7.7363e-06,8.41835e-07,7.69036e-06,0.120149,0.000273562,0.000271193,3.59301e-05
0.720352,0.766268,0.000155068,5.82335e-05,0.000143719,0.906474,9.2434e-05,6.49113e-05,6.58069e-05,4.88694e-06,7.68112e-06,8.41254e-07,7.63491e-06,0.12364,0.000275618,0.000273148,3.68204e-05
0.720927,0.766056,0.000154579,5.83038e-05,0.000143162,0.906368,9.31938e-05,6.58501e-05,6.59458e-05,4.99265e-06,7.6259e-06,8.40681e-07,7.57942e-06,0.127154,0.000277354,0.000274778,3.77114e-05
0.721502,0.76582,0.000154084,5.83564e-05,0.000142605,0.906262,9.39587e-05,6.67909e-05,6.60849e-05,5.09894e-06,7.57064e-06,8.40115e-07,7.52388e-06,0.130689,0.000278798,0.000276112,3.86031e-05
0.722078,0.765564,0.000153589,5.84126e-05,0.000142048,0.906156,9.47176e-05,6.77186e-05,6.6224e-05,5.2058e-06,7.51534e-06,8.39556e-07,7.4683e-06,0.134245,0.00027998,0.00027718,3.94955e-05
0.722654,0.765289,0.000153104,5.84927e-05,0.00014149,0.90605,9.54597e-05,6.86183e-05,6.63632e-05,5.31323e-06,7.46001e-06,8.39001e-07,7.41268e-06,0.137822,0.00028093,0.000278012,4.03887e-05
0.72323,0.764999,0.000152635,5.86147e-05,0.000140932,0.905943,9.61739e-05,6.94754e-05,6.65026e-05,5.42125e-06,7.40463e-06,8.38452e-07,7.35701e-06,0.141419,0.000281678,0.000278637,4.12826e-05
0.723807,0.764697,0.000152188,5.8794e-05,0.000140373,0.905836,9.68494e-05,7.02755e-05,6.66421e-05,5.52984e-06,7.34922e-06,8.37906e-07,7.30129e-06,0.145035,0.00028225,0.000279081,4.21771e-05
0.724384,0.764385,0.000151734,5.90415e-05,0.000139776,0.905729,9.74379e-05,7.10047e-05,6.67269e-05,5.63901e-06,7.30019e-06,8.37362e-07,7.25201e-06,0.148669,0.0002827,0.000279371,4.3255e-05
0.724962,0.764068,0.000151047,5.93636e-05,0.000138893,0.905622,9.76842e-05,7.16497e-05,6.63968e-05,5.74876e-06,7.29993e-06,8.36821e-07,7.25181e-06,0.152322,0.000283243,0.000279528,4.57197e-05
0.725541,0.763749,0.000150393,5.97614e-05,0.00013801,0.905515,9.78636e-05,7.21978e-05,6.60663e-05,5.8591e-06,7.29968e-06,8.3628e-07,7.25161e-06,0.155991,0.000283694,0.000279572,4.81862e-05
0.726119,0.763431,0.00014977,6.0231e-05,0.000137125,0.905407,9.79658e-05,7.2637e-05,6.57356e-05,5.97001e-06,7.29942e-06,8.3574e-07,7.25142e-06,0.159676,0.000284071,0.000279518,5.06548e-05
0.726699,0.763117,0.000149176,6.07633e-05,0.00013624,0.905299,9.79813e-05,7.29559e-05,6.54047e-05,6.08152e-06,7.29916e-06,8.35199e-07,7.25122e-06,0.163378,0.000284385,0.000279378,5.31253e-05
0.727278,0.762812,0.000148607,6.1345e-05,0.000135355,0.905191,9.7901e-05,7.3144e-05,6.50734e-05,6.19361e-06,7.2989e-06,8.34657e-07,7.25102e-06,0.167094,0.000284644,0.000279162,5.55978e-05
0.727858,0.762517,0.000148056,6.19592e-05,0.000134468,0.905083,9.77169e-05,7.3192e-05,6.4742e-05,6.30629e-06,7.29865e-06,8.34112e-07,7.25083e-06,0.170825,0.000284856,0.000278874,5.80723e-05
0.728439,0.762237,0.000147516,6.25866e-05,0.000133581,0.904975,9.74255e-05,7.30963e-05,6.44102e-05,6.41956e-06,7.29839e-06,8.33564e-07,7.25063e-06,0.174569,0.000285023,0.000278517,6.05487e-05
0.72902,0.761973,0.000146978,6.32061e-05,0.000132693,0.904867,9.70312e-05,7.28632e-05,6.40782e-05,6.53342e-06,7.29813e-06,8.33012e-07,7.25043e-06,0.178326,0.000285145,0.000278092,6.30272e-05
0.729602,0.761729,0.000146433,6.37961e-05,0.000131805,0.904758,9.65397e-05,7.25009e-05,6.37459e-05,6.64787e-06,7.29787e-06,8.32456e-07,7.25024e-06,0.182096,0.00028522,0.000277595,6.55076e-05
0.730184,0.761507,0.00014587,6.43354e-05,0.000130916,0.904649,9.59579e-05,7.20186e-05,6.34133e-05,6.76292e-06,7.29761e-06,8.31893e-07,7.25004e-06,0.185877,0.000285247,0.000277025,6.79899e-05
0.730766,0.76131,0.00014528,6.48039e-05,0.000130026,0.90454,9.52935e-05,7.14262e-05,6.30805e-05,6.87856e-06,7.29735e-06,8.31324e-07,7.24984e-06,0.189669,0.000285225,0.000276382,7.04743e-05
0.731349,0.761138,0.000144654,6.51835e-05,0.000129135,0.904431,9.45548e-05,7.07344e-05,6.27475e-05,6.9948e-06,7.29709e-06,8.30747e-07,7.24964e-06,0.19347,0.000285163,0.000275671,7.29606e-05
0.731932,0.760993,0.000143984,6.54584e-05,0.000128244,0.904322,9.37508e-05,6.99549e-05,6.24141e-05,7.11163e-06,7.29682e-06,8.30163e-07,7.24944e-06,0.19728,0.000285068,0.000274902,7.54489e-05
0.732516,0.760877,0.000143262,6.5616e-05,0.000127352,0.904213,9.2891e-05,6.90996e-05,6.20805e-05,7.22907e-06,7.29656e-06,8.29569e-07,7.24925e-06,0.201097,0.000284951,0.000274085,7.79392e-05
0.733101,0.76079,0.000142483,6.56464e-05,0.000126459,0.904104,9.19856e-05,6.81814e-05,6.17466e-05,7.34711e-06,7.29629e-06,8.28966e-07,7.24905e-06,0.204919,0.000284824,0.000273232,8.04315e-05
0.733685,0.760732,0.000141643,6.55435e-05,0.000125566,0.903995,9.10448e-05,6.72136e-05,6.14125e-05,7.46575e-06,7.29602e-06,8.28351e-07,7.24885e-06,0.208746,0.000284697,0.000272353,8.29258e-05
0.734271,0.760704,0.00014074,6.53046e-05,0.000124672,0.903885,9.00793e-05,6.62099e-05,6.10781e-05,7.58499e-06,7.29576e-06,8.27726e-07,7.24865e-06,0.212576,0.000284581,0.000271458,8.54221e-05
0.734856,0.760705,0.000139773,6.49302e-05,0.000123777,0.903776,8.90999e-05,6.51847e-05,6.07434e-05,7.70484e-06,7.29549e-06,8.27088e-07,7.24845e-06,0.216407,0.000284486,0.000270559,8.79203e-05
0.735443,0.760734,0.000138745,6.44245e-05,0.000122881,0.903667,8.81175e-05,6.41523e-05,6.04084e-05,7.8253e-06,7.29521e-06,8.26437e-07,7.24825e-06,0.22024,0.000284419,0.000269663,9.04206e-05
0.736029,0.76079,0.000137713,6.37948e-05,0.000122045,0.903557,8.71466e-05,6.31277e-05,6.00785e-05,7.94636e-06,7.29414e-06,8.25772e-07,7.24725e-06,0.224072,0.0002844,0.000268777,9.2962e-05
0.736616,0.760871,0.000137911,6.30515e-05,0.000122653,0.903448,8.62812e-05,6.21257e-05,5.98736e-05,8.06804e-06,7.27398e-06,8.25093e-07,7.22704e-06,0.227902,0.000284738,0.000267908,9.64402e-05
0.737204,0.760976,0.00013807,6.22077e-05,0.000123262,0.903338,8.54459e-05,6.11609e-05,5.96686e-05,8.19032e-06,7.25381e-06,8.24398e-07,7.20681e-06,0.231728,0.00028514,0.000267059,9.99213e-05
0.737792,0.761103,0.0001382,6.1279e-05,0.000123871,0.903229,8.46505e-05,6.02478e-05,5.94634e-05,8.31322e-06,7.23361e-06,8.23687e-07,7.18657e-06,0.235551,0.000285608,0.000266232,0.000103405
0.738381,0.761249,0.00013831,6.0283e-05,0.000124481,0.90312,8.39042e-05,5.94002e-05,5.92581e-05,8.43673e-06,7.2134e-06,8.22959e-07,7.16631e-06,0.239368,0.000286142,0.000265427,0.000106892
0.73897,0.761412,0.000138409,5.92389e-05,0.000125091,0.90301,8.32154e-05,5.8631e-05,5.90526e-05,8.56085e-06,7.19317e-06,8.22214e-07,7.14603e-06,0.243178,0.000286741,0.000264644,0.000110381
0.739559,0.761588,0.000138508,5.81673e-05,0.000125702,0.902901,8.25917e-05,5.79519e-05,5.88469e-05,8.6856e-06,7.17293e-06,8.2145e-07,7.12574e-06,0.246979,0.000287403,0.000263881,0.000113873
0.740149,0.761775,0.000138615,5.70895e-05,0.000126313,0.902792,8.20394e-05,5.73732e-05,5.86411e-05,8.81096e-06,7.15266e-06,8.20667e-07,7.10543e-06,0.250772,0.000288124,0.000263135,0.000117368
0.74074,0.76197,0.00013874,5.60271e-05,0.000126925,0.902683,8.15636e-05,5.69031e-05,5.84351e-05,8.93694e-06,7.13238e-06,8.19864e-07,7.0851e-06,0.254553,0.000288905,0.000262407,0.000120866
0.74133,0.762169,0.000138891,5.50016e-05,0.000127537,0.902574,8.11682e-05,5.6548e-05,5.82289e-05,9.06354e-06,7.11208e-06,8.1904e-07,7.06476e-06,0.258323,0.000289748,0.0002617,0.000124366
0.741922,0.762369,0.000139075,5.40344e-05,0.000128149,0.902465,8.08556e-05,5.63117e-05,5.80226e-05,9.19077e-06,7.09176e-06,8.18196e-07,7.0444e-06,0.262079,0.000290657,0.000261019,0.00012787
0.742514,0.762567,0.000139299,5.31459e-05,0.000128762,0.902356,8.06265e-05,5.61956e-05,5.78161e-05,9.31861e-06,7.07142e-06,8.17329e-07,7.02403e-06,0.265821,0.000291634,0.000260366,0.000131376
0.743106,0.762759,0.000139568,5.23558e-05,0.000129376,0.902247,8.04804e-05,5.61983e-05,5.76094e-05,9.44709e-06,7.05107e-06,8.1644e-07,7.00364e-06,0.269548,0.000292677,0.000259742,0.000134885
0.743699,0.762943,0.000139888,5.16831e-05,0.00012999,0.902139,8.04149e-05,5.63161e-05,5.74026e-05,9.57619e-06,7.03069e-06,8.15527e-07,6.98323e-06,0.273258,0.000293785,0.000259145,0.000138397
0.744292,0.763116,0.000140262,5.11459e-05,0.000130605,0.90203,8.04265e-05,5.65427e-05,5.71956e-05,9.70591e-06,7.0103e-06,8.14591e-07,6.96281e-06,0.27695,0.000294954,0.000258571,0.000141911
0.744886,0.763273,0.000140696,5.0762e-05,0.00013122,0.901922,8.05098e-05,5.68696e-05,5.69885e-05,9.83627e-06,6.98989e-06,8.1363e-07,6.94237e-06,0.280623,0.000296176,0.000258013,0.000145428
0.74548,0.763414,0.000141194,5.05492e-05,0.000131835,0.901814,8.06586e-05,5.72862e-05,5.67811e-05,9.96726e-06,6.96946e-06,8.12643e-07,6.92192e-06,0.284276,0.000297443,0.000257462,0.000148949
0.746075,0.763534,0.000141761,5.05254e-05,0.000132451,0.901706,8.08651e-05,5.77805e-05,5.65737e-05,1.00989e-05,6.94901e-06,8.11631e-07,6.90145e-06,0.287907,0.000298745,0.000256907,0.000152471
0.74667,0.763632,0.000142403,5.07093e-05,0.000133068,0.901598,8.11206e-05,5.83389e-05,5.6366e-05,1.02311e-05,6.92854e-06,8.10592e-07,6.88096e-06,0.291516,0.00030007,0.000256333,0.000155997
0.747265,0.763706,0.000143126,5.11207e-05,0.000133685,0.90149,8.14156e-05,5.89471e-05,5.61582e-05,1.0364e-05,6.90805e-06,8.09527e-07,6.86045e-06,0.295101,0.000301404,0.000255727,0.000159526
0.747861,0.763754,0.000143939,5.17803e-05,0.000134302,0.901383,8.17398e-05,5.959e-05,5.59502e-05,1.04976e-05,6.88754e-06,8.08433e-07,6.83993e-06,0.29866,0.000302735,0.00025507,0.000163057
0.748458,0.763775,0.000144458,5.27098e-05,0.000134498,0.901276,8.22071e-05,6.02522e-05,5.59257e-05,1.06317e-05,6.94271e-06,8.07312e-07,6.89561e-06,0.302193,0.000314282,0.000254346,0.000184612
0.749055,0.763767,0.000145075,5.39314e-05,0.000134678,0.901169,8.26845e-05,6.09181e-05,5.59081e-05,1.07665e-05,7.00076e-06,8.06161e-07,6.95419e-06,0.305699,0.000327219,0.000253537,0.00020686
0.749653,0.76373,0.000145816,5.54595e-05,0.000134857,0.901063,8.31559e-05,6.15723e-05,5.58905e-05,1.0902e-05,7.05886e-06,8.04982e-07,7.01281e-06,0.309176,0.000341055,0.000252627,0.000229126
0.750251,0.763664,0.000146683,5.72778e-05,0.000135037,0.900956,8.36098e-05,6.21998e-05,5.58728e-05,1.10381e-05,7.11702e-06,8.03772e-07,7.07148e-06,0.312623,0.000355681,0.0002516,0.000251409
0.750849,0.763568,0.000147668,5.9347e-05,0.000135218,0.90085,8.40349e-05,6.27859e-05,5.58552e-05,1.11748e-05,7.17522e-06,8.02532e-07,7.1302e-06,0.316039,0.000371005,0.000250454,0.000273711
0.751448,0.763443,0.000148757,6.16118e-05,0.000135398,0.900744,8.44204e-05,6.33164e-05,5.58375e-05,1.13122e-05,7.23348e-06,8.01262e-07,7.18897e-06,0.319425,0.000386957,0.000249203,0.00029603
0.752047,0.76329,0.000149927,6.40045e-05,0.000135578,0.900639,8.47554e-05,6.3778e-05,5.58198e-05,1.14502e-05,7.29179e-06,7.9996e-07,7.24778e-06,0.32278,0.000403475,0.000247861,0.000318367
0.752647,0.76311,0.000151149,6.64493e-05,0.000135759,0.900534,8.50301e-05,6.41579e-05,5.58021e-05,1.15889e-05,7.35016e-06,7.98626e-07,7.30664e-06,0.326103,0.000420507,0.000246445,0.000340721
0.753248,0.762903,0.000152388,6.88655e-05,0.00013594,0.900429,8.52348e-05,6.44443e-05,5.57844e-05,1.17282e-05,7.40857e-06,7.9726e-07,7.36555e-06,0.329395,0.000438004,0.000244971,0.000363094
0.753849,0.762673,0.000153604,7.11706e-05,0.00013612,0.900324,8.5361e-05,6.46264e-05,5.57667e-05,1.18681e-05,7.46703e-06,7.95862e-07,7.4245e-06,0.332656,0.000455925,0.000243454,0.000385484
0.75445,0.76242,0.000154753,7.3282e-05,0.000136302,0.90022,8.54015e-05,6.46952e-05,5.5749e-05,1.20088e-05,7.52555e-06,7.9443e-07,7.4835e-06,0.335886,0.000474232,0.000241909,0.000407893
0.755052,0.762148,0.000155789,7.51187e-05,0.000136483,0.900116,8.53557e-05,6.46501e-05,5.57312e-05,1.215e-05,7.58412e-06,7.92965e-07,7.54255e-06,0.339084,0.000492891,0.000240348,0.000430319
0.755654,0.761857,0.000156668,7.66024e-05,0.000136664,0.900013,8.52276e-05,6.44962e-05,5.57134e-05,1.2292e-05,7.64273e-06,7.91466e-07,7.60164e-06,0.34225,0.00051187,0.000238782,0.000452763
0.756257,0.761553,0.000157352,7.76712e-05,0.000136845,0.899909,8.50223e-05,6.424e-05,5.56956e-05,1.24346e-05,7.7014e-06,7.89933e-07,7.66078e-06,0.345384,0.000531142,0.00023722,0.000475225
0.75686,0.761236,0.000157835,7.83286e-05,0.000137027,0.899807,8.47455e-05,6.38888e-05,5.56778e-05,1.25778e-05,7.76012e-06,7.88366e-07,7.71997e-06,0.348486,0.000550681,0.000235667,0.000497705
0.757464,0.76091,0.000158128,7.86021e-05,0.000137209,0.899704,8.44042e-05,6.3451e-05,5.566e-05,1.27217e-05,7.81889e-06,7.86764e-07,7.77921e-06,0.351556,0.000570461,0.000234127,0.000520203
0.758068,0.760579,0.000158247,7.85238e-05,0.000137391,0.899602,8.40056e-05,6.29356e-05,5.56422e-05,1.28663e-05,7.87771e-06,7.85128e-07,7.83849e-06,0.354593,0.000590463,0.000232602,0.000542718
0.758673,0.760244,0.00015821,7.81288e-05,0.000137573,0.8995,8.35578e-05,6.23526e-05,5.56244e-05,1.30114e-05,7.93658e-06,7.83459e-07,7.89782e-06,0.357598,0.000610666,0.000231091,0.000565252
0.759278,0.759911,0.000158037,7.74549e-05,0.000137755,0.899399,8.30693e-05,6.17124e-05,5.56065e-05,1.31572e-05,7.99551e-06,7.81757e-07,7.9572e-06,0.360571,0.000631051,0.000229592,0.000587804
0.759884,0.759581,0.000157751,7.65413e-05,0.000137937,0.899298,8.25489e-05,6.10264e-05,5.55886e-05,1.33036e-05,8.05448e-06,7.80022e-07,8.01662e-06,0.36351,0.000651604,0.000228105,0.000610373
0.76049,0.759259,0.000155739,7.54287e-05,0.000136254,0.899197,8.2068e-05,6.03061e-05,5.56626e-05,1.34506e-05,8.02297e-06,7.78256e-07,7.98514e-06,0.366417,0.000645669,0.000226627,0.00060459
0.761096,0.758946,0.000153444,7.41588e-05,0.000134334,0.899097,8.15825e-05,5.95638e-05,5.57483e-05,1.35982e-05,7.97996e-06,7.76459e-07,7.9421e-06,0.369291,0.000636374,0.000225168,0.000595206
0.761704,0.758646,0.000151092,7.27734e-05,0.000132412,0.898997,8.10941e-05,5.88117e-05,5.5834e-05,1.37464e-05,7.93691e-06,7.74631e-07,7.89902e-06,0.372132,0.000627088,0.000223741,0.000585815
0.762311,0.758362,0.000148704,7.13151e-05,0.000130488,0.898898,8.0612e-05,5.80626e-05,5.59198e-05,1.38951e-05,7.89383e-06,7.72773e-07,7.85591e-06,0.374939,0.000617817,0.000222356,0.000576416
0.762919,0.758097,0.000146301,6.98257e-05,0.000128563,0.898799,8.01454e-05,5.73293e-05,5.60056e-05,1.40444e-05,7.85071e-06,7.70886e-07,7.81277e-06,0.377714,0.000608565,0.000221023,0.00056701
0.763528,0.757852,0.000143903,6.83465e-05,0.000126636,0.8987,7.97032e-05,5.66245e-05,5.60916e-05,1.41942e-05,7.80755e-06,7.68971e-07,7.76959e-06,0.380455,0.000599335,0.000219747,0.000557596
0.764137,0.757631,0.000141528,6.69174e-05,0.000124708,0.898602,7.92937e-05,5.59605e-05,5.61776e-05,1.43446e-05,7.76436e-06,7.67028e-07,7.72638e-06,0.383163,0.000590129,0.000218532,0.000548175
0.764747,0.757434,0.000139193,6.55755e-05,0.000122778,0.898504,7.89249e-05,5.53493e-05,5.62636e-05,1.44954e-05,7.72113e-06,7.65058e-07,7.68313e-06,0.385838,0.000580947,0.000217376,0.000538746
0.765357,0.757263,0.000136915,6.43549e-05,0.000120847,0.898406,7.86038e-05,5.4802e-05,5.63498e-05,1.46468e-05,7.67786e-06,7.63061e-07,7.63985e-06,0.388479,0.000571789,0.000216272,0.00052931
0.765967,0.757121,0.000134706,6.32847e-05,0.000118914,0.898309,7.83368e-05,5.4329e-05,5.6436e-05,1.47987e-05,7.63456e-06,7.61039e-07,7.59653e-06,0.391087,0.000562651,0.000215211,0.000519866
0.766578,0.757007,0.000132577,6.23882e-05,0.00011698,0.898213,7.81293e-05,5.39391e-05,5.65222e-05,1.4951e-05,7.59122e-06,7.58992e-07,7.55318e-06,0.393661,0.00055353,0.000214178,0.000510415
0.76719,0.756923,0.000130536,6.16817e-05,0.000115044,0.898117,7.79856e-05,5.36397e-05,5.66086e-05,1.51038e-05,7.54785e-06,7.56921e-07,7.5098e-06,0.396202,0.000544419,0.000213156,0.000500956
0.767802,0.756868,0.000128589,6.1173e-05,0.000113107,0.898021,7.79089e-05,5.34366e-05,5.6695e-05,1.52571e-05,7.50443e-06,7.54827e-07,7.46638e-06,0.398709,0.000535312,0.000212125,0.00049149
0.768414,0.756844,0.000126737,6.08616e-05,0.000111168,0.897925,7.79012e-05,5.33335e-05,5.67815e-05,1.54108e-05,7.46099e-06,7.52711e-07,7.42292e-06,0.401182,0.000526199,0.000211061,0.000482016
0.769027,0.756849,0.000124979,6.07378e-05,0.000109227,0.89783,7.79634e-05,5.33321e-05,5.6868e-05,1.5565e-05,7.41751e-06,7.50573e-07,7.37943e-06,0.403621,0.000517072,0.000209941,0.000472534
0.769641,0.756882,0.000123307,6.07835e-05,0.000107285,0.897736,7.80948e-05,5.3432e-05,5.69546e-05,1.57196e-05,7.37399e-06,7.48414e-07,7.33591e-06,0.406027,0.000507922,0.000208743,0.000463045
0.770254,0.756944,0.000121715,6.09731e-05,0.000105341,0.897642,7.82939e-05,5.36305e-05,5.70413e-05,1.58746e-05,7.33043e-06,7.46235e-07,7.29235e-06,0.408398,0.000498738,0.000207445,0.000453548
0.770869,0.757032,0.000120189,6.12749e-05,0.000103396,0.897548,7.85576e-05,5.3923e-05,5.71281e-05,1.603e-05,7.28684e-06,7.44038e-07,7.24876e-06,0.410736,0.000489519,0.000206044,0.000444044
0.771484,0.757145,0.000118714,6.16526e-05,0.000101449,0.897455,7.8882e-05,5.43031e-05,5.72149e-05,1.61858e-05,7.24322e-06,7.41823e-07,7.20513e-06,0.41304,0.00048027,0.000204551,0.000434532
0.772099,0.757282,0.000117272,6.20671e-05,9.95011e-05,0.897362,7.92617e-05,5.47624e-05,5.73018e-05,1.6342e-05,7.19955e-06,7.3959e-07,7.16147e-06,0.415311,0.000470998,0.000202985,0.000425013
0.772715,0.757439,0.000117108,6.24784e-05,9.90489e-05,0.89727,7.94979e-05,5.52914e-05,5.71207e-05,1.64986e-05,7.23794e-06,7.37341e-07,7.20028e-06,0.417548,0.000464847,0.000201362,0.00041897
0.773332,0.757616,0.000117217,6.28473e-05,9.8945e-05,0.897178,7.97338e-05,5.58791e-05,5.68771e-05,1.66555e-05,7.29547e-06,7.35077e-07,7.25834e-06,0.419753,0.000459406,0.000199697,0.000413733
0.773948,0.757808,0.000117288,6.3142e-05,9.8841e-05,0.897087,8.0007e-05,5.65137e-05,5.66332e-05,1.68127e-05,7.35305e-06,7.32799e-07,7.31644e-06,0.421926,0.000453952,0.000198006,0.000408493
0.774566,0.758015,0.000117319,6.33619e-05,9.87369e-05,0.896996,8.03094e-05,5.71826e-05,5.63892e-05,1.69703e-05,7.41068e-06,7.30508e-07,7.37459e-06,0.424066,0.000448488,0.000196299,0.000403248
0.775184,0.758232,0.000117318,6.35218e-05,9.86327e-05,0.896905,8.06321e-05,5.78729e-05,5.6145e-05,1.71282e-05,7.46837e-06,7.28204e-07,7.43278e-06,0.426174,0.000443018,0.000194582,0.000397998
0.775802,0.758456,0.000117295,6.3641e-05,9.85285e-05,0.896815,8.09658e-05,5.85712e-05,5.59006e-05,1.72865e-05,7.52611e-06,7.25889e-07,7.49102e-06,0.428251,0.000437542,0.000192858,0.000392745
0.776421,0.758686,0.000117261,6.37411e-05,9.84241e-05,0.896726,8.1301e-05,5.92643e-05,5.5656e-05,1.7445e-05,7.58391e-06,7.23564e-07,7.54931e-06,0.430297,0.00043206,0.000191127,0.000387487
0.77704,0.758916,0.00011723,6.38444e-05,9.83197e-05,0.896637,8.16276e-05,5.99387e-05,5.54112e-05,1.76038e-05,7.64175e-06,7.21229e-07,7.60764e-06,0.432311,0.00042657,0.000189382,0.000382226
0.77766,0.759145,0.000117212,6.39725e-05,9.82152e-05,0.896548,8.19356e-05,6.05816e-05,5.51663e-05,1.77629e-05,7.69966e-06,7.18886e-07,7.66602e-06,0.434294,0.000421067,0.000187614,0.00037696
0.77828,0.759369,0.000117219,6.41447e-05,9.81106e-05,0.89646,8.2215e-05,6.11799e-05,5.49211e-05,1.79222e-05,7.75761e-06,7.16536e-07,7.72445e-06,0.436247,0.000415547,0.000185812,0.000371689
0.778901,0.759585,0.000117259,6.43771e-05,9.80059e-05,0.896372,8.24558e-05,6.17213e-05,5.46757e-05,1.80819e-05,7.81562e-06,7.1418e-07,7.78292e-06,0.43817,0.000410003,0.000183963,0.000366415
0.779523,0.75979,0.000117339,6.46819e-05,9.79012e-05,0.896285,8.2648e-05,6.21937e-05,5.44301e-05,1.82417e-05,7.87369e-06,7.11819e-07,7.84144e-06,0.440062,0.000404429,0.000182054,0.000361136
0.780144,0.759982,0.000117464,6.50664e-05,9.77964e-05,0.896199,8.27823e-05,6.25856e-05,5.41844e-05,1.84018e-05,7.9318e-06,7.09454e-07,7.90001e-06,0.441925,0.000398821,0.000180074,0.000355854
0.780767,0.760158,0.000117636,6.55335e-05,9.76914e-05,0.896112,8.28493e-05,6.2886e-05,5.39384e-05,1.85621e-05,7.98997e-06,7.07087e-07,7.95862e-06,0.443759,0.00039318,0.000178026,0.000350567
0.78139,0.760315,0.000117855,6.60808e-05,9.75864e-05,0.896027,8.28402e-05,6.30844e-05,5.36922e-05,1.87226e-05,8.0482e-06,7.04717e-07,8.01728e-06,0.445564,0.000387514,0.000175932,0.000345275
0.782013,0.760451,0.000118117,6.67015e-05,9.74813e-05,0.895942,8.27469e-05,6.31711e-05,5.34459e-05,1.88833e-05,8.10647e-06,7.02347e-07,8.07599e-06,0.447341,0.000381836,0.000173818,0.00033998
0.782637,0.760565,0.000118418,6.73846e-05,9.73762e-05,0.895857,8.25619e-05,6.31372e-05,5.31993e-05,1.90442e-05,8.16481e-06,6.99977e-07,8.13475e-06,0.449091,0.000376157,0.000171706,0.00033468
0.783261,0.760654,0.000118749,6.81153e-05,9.72709e-05,0.895773,8.22829e-05,6.29801e-05,5.29526e-05,1.92053e-05,8.22319e-06,6.97609e-07,8.19355e-06,0.450816,0.000370484,0.000169615,0.000329376
0.783886,0.760717,0.000119101,6.88758e-05,9.71656e-05,0.895689,8.19127e-05,6.27041e-05,5.27056e-05,1.93665e-05,8.28163e-06,6.95244e-07,8.25239e-06,0.452514,0.000364823,0.000167558,0.000324068
0.784511,0.760754,0.000119462,6.96459e-05,9.70601e-05,0.895606,8.14555e-05,6.23146e-05,5.24585e-05,1.95279e-05,8.34012e-06,6.92883e-07,8.31129e-06,0.454188,0.000359177,0.000165538,0.000318756
0.785137,0.760762,0.000120287,7.04037e-05,9.75314e-05,0.895523,8.13799e-05,6.18178e-05,5.29267e-05,1.96895e-05,8.32217e-06,6.90527e-07,8.29347e-06,0.455839,0.000356809,0.000163552,0.000317118
0.785763,0.760742,0.000121261,7.11257e-05,9.82111e-05,0.895441,8.14045e-05,6.12209e-05,5.36535e-05,1.98511e-05,8.2766e-06,6.88177e-07,8.24794e-06,0.457466,0.000355634,0.000161585,0.000316805
0.78639,0.760694,0.000122201,7.17881e-05,9.88913e-05,0.89536,8.13717e-05,6.05316e-05,5.43809e-05,2.00129e-05,8.231e-06,6.85835e-07,8.20238e-06,0.459071,0.000354464,0.000159616,0.000316493
0.787017,0.760617,0.000123091,7.23662e-05,9.95721e-05,0.895279,8.12898e-05,5.97583e-05,5.51088e-05,2.01748e-05,8.18536e-06,6.83501e-07,8.15678e-06,0.460654,0.000353286,0.000157612,0.00031618
0.787645,0.760512,0.000123918,7.28353e-05,0.000100253,0.895198,8.11679e-05,5.89103e-05,5.58373e-05,2.03367e-05,8.13969e-06,6.81177e-07,8.11114e-06,0.462217,0.000352085,0.000155537,0.000315867
0.788273,0.760379,0.000124667,7.31711e-05,0.000100935,0.895118,8.10151e-05,5.79973e-05,5.65665e-05,2.04988e-05,8.09399e-06,6.78864e-07,8.06547e-06,0.46376,0.000350841,0.000153347,0.000315553
0.788902,0.760221,0.000125325,7.33493e-05,0.000101618,0.895039,8.08408e-05,5.70297e-05,5.72962e-05,2.06609e-05,8.04825e-06,6.76564e-07,8.01976e-06,0.465283,0.000349538,0.000150999,0.00031524
0.789532,0.760037,0.000125877,7.33464e-05,0.000102301,0.89496,8.06545e-05,5.60186e-05,5.80264e-05,2.08231e-05,8.00247e-06,6.74277e-07,7.97401e-06,0.466789,0.00034816,0.000148449,0.000314926
0.790161,0.759829,0.000126314,7.31395e-05,0.000102984,0.894882,8.04658e-05,5.49756e-05,5.87573e-05,2.09854e-05,7.95666e-06,6.72004e-07,7.92823e-06,0.468276,0.000346696,0.000145662,0.000314612
0.790792,0.7596,0.000126623,7.2707e-05,0.000103668,0.894804,8.0284e-05,5.3913e-05,5.94887e-05,2.11476e-05,7.91081e-06,6.69747e-07,7.88241e-06,0.469747,0.00034515,0.000142638,0.000314297
0.791423,0.759351,0.000126798,7.20289e-05,0.000104353,0.894726,8.01186e-05,5.28436e-05,6.02207e-05,2.13099e-05,7.86493e-06,6.67508e-07,7.83655e-06,0.471199,0.000343554,0.000139442,0.000313983
0.792054,0.759084,0.000126832,7.10875e-05,0.000105038,0.89465,7.99784e-05,5.17806e-05,6.09534e-05,2.14723e-05,7.81902e-06,6.65286e-07,7.79066e-06,0.472633,0.000341943,0.000136154,0.000313668
0.792686,0.758802,0.00012673,6.9879e-05,0.000105724,0.894574,7.98721e-05,5.07379e-05,6.16865e-05,2.16346e-05,7.77307e-06,6.63085e-07,7.74473e-06,0.474047,0.000340355,0.00013286,0.000313353
0.793318,0.758508,0.000126515,6.84326e-05,0.00010641,0.894498,7.98079e-05,4.97293e-05,6.24203e-05,2.17969e-05,7.72708e-06,6.60903e-07,7.69877e-06,0.475442,0.000338823,0.000129649,0.000313037
0.793951,0.758204,0.000126215,6.67878e-05,0.000107097,0.894423,7.97931e-05,4.87692e-05,6.31547e-05,2.19592e-05,7.68107e-06,6.58744e-07,7.65277e-06,0.476816,0.000337377,0.000126604,0.000312721
0.794584,0.757893,0.000125861,6.4989e-05,0.000107784,0.894348,7.98346e-05,4.78715e-05,6.38896e-05,2.21214e-05,7.63501e-06,6.56608e-07,7.60673e-06,0.478168,0.000336041,0.000123801,0.000312406
0.795218,0.757579,0.000125482,6.30852e-05,0.000108472,0.894274,7.99383e-05,4.70501e-05,6.46252e-05,2.22836e-05,7.58893e-06,6.54496e-07,7.56065e-06,0.479498,0.000334834,0.0001213,0.000312089
0.795852,0.757264,0.000125111,6.11291e-05,0.00010916,0.894201,8.0109e-05,4.6318e-05,6.53613e-05,2.24458e-05,7.54281e-06,6.5241e-07,7.51454e-06,0.480806,0.000333762,0.000119143,0.000311773
0.796487,0.756951,0.000124775,5.91772e-05,0.000109849,0.894128,8.0351e-05,4.56873e-05,6.6098e-05,2.26079e-05,7.49665e-06,6.5035e-07,7.46839e-06,0.482089,0.000332829,0.000117345,0.000311456
0.797123,0.756644,0.000124502,5.72885e-05,0.000110539,0.894056,8.06669e-05,4.51686e-05,6.68353e-05,2.27699e-05,7.45047e-06,6.48319e-07,7.4222e-06,0.483349,0.000332024,0.000115899,0.000311139
0.797758,0.756345,0.000123577,5.55236e-05,0.000110401,0.893984,8.03897e-05,4.47705e-05,6.6769e-05,2.29319e-05,7.43043e-06,6.46316e-07,7.40227e-06,0.484583,0.000331327,0.000114766,0.000310815
0.798395,0.756057,0.000122366,5.39421e-05,0.000109835,0.893913,7.98375e-05,4.44997e-05,6.62857e-05,2.30937e-05,7.42396e-06,6.44344e-07,7.39595e-06,0.485792,0.000330715,0.000113885,0.000310487
0.799032,0.755783,0.00012127,5.2601e-05,0.000109268,0.893842,7.93582e-05,4.43602e-05,6.5802e-05,2.32554e-05,7.41749e-06,6.42403e-07,7.38962e-06,0.486974,0.000330161,0.000113172,0.000310159
0.799669,0.755526,0.000120305,5.15502e-05,0.000108701,0.893772,7.89534e-05,4.43532e-05,6.53179e-05,2.3417e-05,7.41101e-06,6.40494e-07,7.38328e-06,0.48813,0.000329632,0.000112526,0.00030983
0.800307,0.755287,0.000119484,5.08294e-05,0.000108133,0.893703,7.86232e-05,4.44772e-05,6.48334e-05,2.35785e-05,7.40454e-06,6.3862e-07,7.37695e-06,0.489257,0.000329088,0.000111837,0.000309502
0.800945,0.755068,0.000118814,5.04645e-05,0.000107565,0.893634,7.83666e-05,4.4728e-05,6.43486e-05,2.37398e-05,7.39806e-06,6.3678e-07,7.3706e-06,0.490357,0.000328502,0.000111021,0.000309173
0.801584,0.754873,0.0001183,5.04646e-05,0.000106996,0.893565,7.81818e-05,4.50985e-05,6.38633e-05,2.39009e-05,7.39158e-06,6.34977e-07,7.36426e-06,0.491429,0.00032786,0.000110038,0.000308843
0.802224,0.754702,0.000117939,5.08215e-05,0.000106427,0.893498,7.80656e-05,4.55797e-05,6.33777e-05,2.40619e-05,7.3851e-06,6.3321e-07,7.3579e-06,0.492476,0.000327159,0.000108868,0.000308514
0.802864,0.754556,0.000117725,5.15105e-05,0.000105858,0.893431,7.80138e-05,4.61606e-05,6.28917e-05,2.42227e-05,7.37862e-06,6.31482e-07,7.35154e-06,0.493497,0.000326397,0.000107506,0.000308184
0.803504,0.754438,0.000117648,5.24931e-05,0.000105288,0.893364,7.80213e-05,4.68284e-05,6.24053e-05,2.43834e-05,7.37213e-06,6.29793e-07,7.34518e-06,0.494493,0.000325579,0.000105961,0.000307854
0.804145,0.754348,0.000117693,5.37208e-05,0.000104717,0.893298,7.80818e-05,4.75696e-05,6.19185e-05,2.45438e-05,7.36565e-06,6.28144e-07,7.33881e-06,0.495466,0.000324714,0.000104252,0.000307523
0.804787,0.754286,0.000117842,5.51392e-05,0.000104146,0.893233,7.81884e-05,4.83697e-05,6.14313e-05,2.4704e-05,7.35916e-06,6.26537e-07,7.33244e-06,0.496416,0.000323813,0.000102409,0.000307193
0.805429,0.754252,0.000118075,5.66912e-05,0.000103575,0.893168,7.83335e-05,4.92139e-05,6.09437e-05,2.48639e-05,7.35267e-06,6.24972e-07,7.32606e-06,0.497344,0.00032289,0.000100468,0.000306862
0.806071,0.754248,0.000118367,5.83198e-05,0.000103003,0.893104,7.85089e-05,5.00873e-05,6.04558e-05,2.50237e-05,7.34618e-06,6.2345e-07,7.31968e-06,0.498251,0.000321959,9.84729e-05,0.000306531
0.806714,0.754272,0.000118695,5.99703e-05,0.000102431,0.893041,7.87056e-05,5.09752e-05,5.99674e-05,2.51832e-05,7.33969e-06,6.21973e-07,7.31329e-06,0.499138,0.000321037,9.64716e-05,0.000306199
0.807358,0.754324,0.000119031,6.1591e-05,0.000101858,0.892978,7.89145e-05,5.18631e-05,5.94787e-05,2.53424e-05,7.3332e-06,6.20541e-07,7.30689e-06,0.500004,0.000320138,9.45165e-05,0.000305867
0.808002,0.754403,0.00011935,6.31342e-05,0.000101285,0.892915,7.91262e-05,5.2737e-05,5.89896e-05,2.55014e-05,7.3267e-06,6.19156e-07,7.30049e-06,0.500852,0.000319277,9.26611e-05,0.000305535
0.808646,0.754508,0.000119625,6.45559e-05,0.000100711,0.892854,7.9331e-05,5.35832e-05,5.85e-05,2.566e-05,7.32021e-06,6.17817e-07,7.29409e-06,0.501683,0.000318469,9.09592e-05,0.000305203
0.809291,0.754638,0.00011983,6.58165e-05,0.000100137,0.892792,7.95193e-05,5.43888e-05,5.80101e-05,2.58184e-05,7.31371e-06,6.16527e-07,7.28768e-06,0.502496,0.000317726,8.94616e-05,0.000304871
0.809937,0.754791,0.00011994,6.68803e-05,9.95623e-05,0.892732,7.96813e-05,5.51414e-05,5.75198e-05,2.59765e-05,7.30722e-06,6.15285e-07,7.28127e-06,0.503292,0.000317057,8.8214e-05,0.000304538
0.810583,0.754965,0.000120038,6.77159e-05,9.91144e-05,0.892672,7.99771e-05,5.58292e-05,5.72664e-05,2.61343e-05,7.30182e-06,6.14094e-07,7.27595e-06,0.504074,0.000315006,8.72542e-05,0.00030268
0.811229,0.755158,0.000120073,6.82967e-05,9.87573e-05,0.892613,8.0346e-05,5.6441e-05,5.7183e-05,2.62917e-05,7.29721e-06,6.12952e-07,7.27142e-06,0.50484,0.000311989,8.6609e-05,0.000299727
0.811877,0.755369,0.000119954,6.86031e-05,9.84e-05,0.892554,8.06568e-05,5.69663e-05,5.70996e-05,2.64488e-05,7.2926e-06,6.11862e-07,7.26689e-06,0.505593,0.000309062,8.62926e-05,0.000296771
0.812524,0.755594,0.000119687,6.86484e-05,9.80423e-05,0.892496,8.09013e-05,5.7395e-05,5.7016e-05,2.66055e-05,7.28799e-06,6.10824e-07,7.26235e-06,0.506333,0.000306226,8.63051e-05,0.000293812
0.813172,0.755831,0.00011929,6.84679e-05,9.76844e-05,0.892439,8.10721e-05,5.77181e-05,5.69324e-05,2.67619e-05,7.28338e-06,6.09838e-07,7.25781e-06,0.50706,0.00030348,8.66317e-05,0.000290852
0.813821,0.756077,0.000118786,6.81012e-05,9.73262e-05,0.892382,8.11657e-05,5.79318e-05,5.68488e-05,2.69179e-05,7.27878e-06,6.08905e-07,7.25326e-06,0.507776,0.000300818,8.72437e-05,0.000287889
0.81447,0.75633,0.0001182,6.75905e-05,9.69677e-05,0.892326,8.11829e-05,5.80379e-05,5.67651e-05,2.70735e-05,7.27417e-06,6.08027e-07,7.24871e-06,0.508482,0.000298233,8.81003e-05,0.000284924
0.81512,0.756586,0.000117557,6.69799e-05,9.6609e-05,0.892271,8.11254e-05,5.80393e-05,5.66813e-05,2.72287e-05,7.26956e-06,6.07203e-07,7.24416e-06,0.509178,0.000295714,8.91501e-05,0.000281956
0.81577,0.756843,0.000116883,6.63141e-05,9.62499e-05,0.892216,8.09956e-05,5.79397e-05,5.65974e-05,2.73835e-05,7.26496e-06,6.06434e-07,7.23961e-06,0.509865,0.000293246,9.03342e-05,0.000278986
0.816421,0.757097,0.000116204,6.56374e-05,9.58906e-05,0.892162,8.07964e-05,5.77432e-05,5.65135e-05,2.75379e-05,7.26036e-06,6.0572e-07,7.23505e-06,0.510544,0.000290813,9.15887e-05,0.000276014
0.817072,0.757346,0.000115543,6.49928e-05,9.55309e-05,0.892108,8.05314e-05,5.74544e-05,5.64295e-05,2.76919e-05,7.25576e-06,6.05062e-07,7.23048e-06,0.511216,0.000288393,9.28464e-05,0.000273039
0.817724,0.757587,0.000114924,6.44199e-05,9.5171e-05,0.892056,8.02045e-05,5.70785e-05,5.63455e-05,2.78454e-05,7.25115e-06,6.04461e-07,7.22592e-06,0.511882,0.000285966,9.40397e-05,0.000270062
0.818376,0.757817,0.000114365,6.39544e-05,9.48108e-05,0.892004,7.98202e-05,5.66209e-05,5.62614e-05,2.79984e-05,7.24656e-06,6.03916e-07,7.22135e-06,0.512541,0.000283509,9.51012e-05,0.000267082
0.819029,0.758034,0.000113882,6.36258e-05,9.44503e-05,0.891952,7.93831e-05,5.60875e-05,5.61772e-05,2.8151e-05,7.24196e-06,6.03428e-07,7.21677e-06,0.513196,0.000280995,9.59655e-05,0.0002641
0.819682,0.758236,0.000113488,6.34567e-05,9.40896e-05,0.891902,7.88984e-05,5.54846e-05,5.60929e-05,2.83032e-05,7.23736e-06,6.02998e-07,7.2122e-06,0.513847,0.000278401,9.65698e-05,0.000261116
0.820336,0.75842,0.000113192,6.34617e-05,9.37285e-05,0.891852,7.83713e-05,5.48188e-05,5.60086e-05,2.84548e-05,7.23276e-06,6.02625e-07,7.20761e-06,0.514495,0.000275702,9.6856e-05,0.000258129
0.820991,0.758584,0.000112997,6.36463e-05,9.33671e-05,0.891802,7.78074e-05,5.40969e-05,5.59242e-05,2.86059e-05,7.22817e-06,6.0231e-07,7.20303e-06,0.51514,0.000272885,9.67965e-05,0.00025514
0.821646,0.758726,0.000112903,6.40074e-05,9.30055e-05,0.891754,7.72124e-05,5.33262e-05,5.58397e-05,2.87565e-05,7.22357e-06,6.02053e-07,7.19844e-06,0.515782,0.000269947,9.63956e-05,0.000252149
0.822301,0.758846,0.000112904,6.45333e-05,9.26436e-05,0.891706,7.65921e-05,5.25139e-05,5.57552e-05,2.89066e-05,7.21898e-06,6.01853e-07,7.19385e-06,0.516421,0.00026689,9.5665e-05,0.000249155
0.822957,0.758941,0.000112993,6.52046e-05,9.22813e-05,0.891659,7.59526e-05,5.1668e-05,5.56706e-05,2.90562e-05,7.21439e-06,6.01712e-07,7.18925e-06,0.517055,0.000263719,9.46218e-05,0.000246159
0.823613,0.75901,0.000112646,6.59951e-05,9.12893e-05,0.891613,7.54815e-05,5.07963e-05,5.58318e-05,2.92052e-05,7.22696e-06,6.0163e-07,7.20188e-06,0.517686,0.000260702,9.32874e-05,0.00024344
0.82427,0.759053,0.00011187,6.68738e-05,8.96818e-05,0.891567,7.51857e-05,4.99071e-05,5.62332e-05,2.93536e-05,7.25632e-06,6.01605e-07,7.23134e-06,0.518313,0.000257845,9.16863e-05,0.000240993
0.824928,0.759069,0.00011115,6.78054e-05,8.8073e-05,0.891522,7.48957e-05,4.90087e-05,5.66349e-05,2.95015e-05,7.2857e-06,6.01638e-07,7.26082e-06,0.518935,0.000254903,8.98462e-05,0.000238544
0.825586,0.759057,0.000110466,6.87523e-05,8.64629e-05,0.891478,7.46174e-05,4.81098e-05,5.70369e-05,2.96488e-05,7.31512e-06,6.01729e-07,7.29032e-06,0.519552,0.000251889,8.77969e-05,0.000236093
0.826245,0.759019,0.000109792,6.96749e-05,8.48515e-05,0.891435,7.43565e-05,4.72189e-05,5.74392e-05,2.97955e-05,7.34456e-06,6.01878e-07,7.31985e-06,0.520164,0.000248817,8.55701e-05,0.00023364
0.826904,0.758953,0.000109104,7.05334e-05,8.32388e-05,0.891393,7.41183e-05,4.63448e-05,5.78419e-05,2.99417e-05,7.37403e-06,6.02085e-07,7.34941e-06,0.52077,0.0002457,8.31992e-05,0.000231184
0.827563,0.758861,0.000108372,7.12877e-05,8.16249e-05,0.891351,7.39078e-05,4.54962e-05,5.82448e-05,3.00871e-05,7.40353e-06,6.02349e-07,7.37898e-06,0.521371,0.000242553,8.0719e-05,0.000228727
0.828223,0.758743,0.000107568,7.18984e-05,8.00096e-05,0.89131,7.37295e-05,4.46815e-05,5.86481e-05,3.0232e-05,7.43306e-06,6.0267e-07,7.40858e-06,0.521966,0.000239389,7.81649e-05,0.000226268
0.828884,0.7586,0.000106661,7.23267e-05,7.83931e-05,0.89127,7.35875e-05,4.39092e-05,5.90518e-05,3.03763e-05,7.46261e-06,6.03048e-07,7.43821e-06,0.522555,0.000236222,7.55732e-05,0.000223807
0.829545,0.758434,0.000105621,7.25355e-05,7.67753e-05,0.891231,7.34853e-05,4.3187e-05,5.94557e-05,3.05198e-05,7.4922e-06,6.03482e-07,7.46785e-06,0.523137,0.000233065,7.29802e-05,0.000221344
0.830207,0.758246,0.000104418,7.24886e-05,7.51562e-05,0.891192,7.34259e-05,4.25223e-05,5.986e-05,3.06628e-05,7.52181e-06,6.03972e-07,7.49752e-06,0.523713,0.000229929,7.04214e-05,0.00021888
0.830869,0.758037,0.000103022,7.21521e-05,7.35358e-05,0.891155,7.34115e-05,4.19218e-05,6.02646e-05,3.0805e-05,7.55145e-06,6.04517e-07,7.52722e-06,0.524281,0.000226824,6.79315e-05,0.000216413
0.831532,0.75781,0.000101405,7.14939e-05,7.19141e-05,0.891118,7.3444e-05,4.13912e-05,6.06695e-05,3.09466e-05,7.58113e-06,6.05118e-07,7.55694e-06,0.524843,0.000223758,6.55429e-05,0.000213944
0.832195,0.757567,9.95444e-05,7.04858e-05,7.02911e-05,0.891082,7.35242e-05,4.09353e-05,6.10747e-05,3.10875e-05,7.61082e-06,6.05773e-07,7.58668e-06,0.525396,0.000220739,6.32848e-05,0.000211473
0.832859,0.757309,9.74341e-05,6.91251e-05,6.86668e-05,0.891047,7.36527e-05,4.05574e-05,6.14803e-05,3.12276e-05,7.64055e-06,6.06482e-07,7.61644e-06,0.525942,0.000217771,6.11821e-05,0.000209
0.833524,0.757039,9.50935e-05,6.74408e-05,6.70412e-05,0.891013,7.38292e-05,4.02598e-05,6.18861e-05,3.13671e-05,7.67031e-06,6.07244e-07,7.64623e-06,0.526479,0.000214858,5.92544e-05,0.000206525
0.834189,0.75676,9.25482e-05,6.54686e-05,6.54143e-05,0.890979,7.40527e-05,4.00433e-05,6.22923e-05,3.15058e-05,7.70009e-06,6.08059e-07,7.67605e-06,0.527008,0.000211999,5.75142e-05,0.000204049
0.834854,0.756475,8.9829e-05,6.32501e-05,6.37862e-05,0.890947,7.43218e-05,3.99072e-05,6.26989e-05,3.16438e-05,7.72991e-06,6.08926e-07,7.70588e-06,0.527528,0.000209195,5.59667e-05,0.00020157
0.83552,0.756187,8.69715e-05,6.08325e-05,6.21567e-05,0.890915,7.46344e-05,3.98492e-05,6.31057e-05,3.1781e-05,7.75975e-06,6.09844e-07,7.73574e-06,0.52804,0.000206443,5.46088e-05,0.000199089
0.836186,0.755898,8.40162e-05,5.82695e-05,6.05259e-05,0.890885,7.49878e-05,3.98658e-05,6.35129e-05,3.19175e-05,7.78961e-06,6.10812e-07,7.76563e-06,0.528542,0.000203737,5.34295e-05,0.000196607
0.836854,0.75561,8.14448e-05,5.56216e-05,5.94937e-05,0.890855,7.5007e-05,3.99522e-05,6.34813e-05,3.20532e-05,7.80177e-06,6.1183e-07,7.77774e-06,0.529034,0.000201409,5.24102e-05,0.000194471
0.837521,0.755328,7.94726e-05,5.29574e-05,5.92572e-05,0.890826,7.45683e-05,4.01025e-05,6.28667e-05,3.21881e-05,7.79039e-06,6.12897e-07,7.76624e-06,0.529517,0.000199563,5.15265e-05,0.000192796
0.838189,0.755053,7.7582e-05,5.03543e-05,5.90204e-05,0.890798,7.41629e-05,4.03097e-05,6.22516e-05,3.23222e-05,7.779e-06,6.14012e-07,7.75473e-06,0.529989,0.000197743,5.075e-05,0.00019112
0.838858,0.754788,7.58275e-05,4.7899e-05,5.87835e-05,0.890771,7.37876e-05,4.05662e-05,6.1636e-05,3.24555e-05,7.76761e-06,6.15175e-07,7.74321e-06,0.530451,0.000195943,5.00508e-05,0.000189443
0.839527,0.754535,7.42625e-05,4.56863e-05,5.85463e-05,0.890745,7.34389e-05,4.08637e-05,6.10199e-05,3.2588e-05,7.75621e-06,6.16383e-07,7.73168e-06,0.530902,0.000194154,4.94003e-05,0.000187764
0.840197,0.754298,7.29369e-05,4.38161e-05,5.8309e-05,0.89072,7.31127e-05,4.11936e-05,6.04033e-05,3.27196e-05,7.7448e-06,6.17637e-07,7.72014e-06,0.531343,0.00019237,4.87747e-05,0.000186084
0.840867,0.754077,7.18951e-05,4.23865e-05,5.80715e-05,0.890696,7.28049e-05,4.15471e-05,5.97862e-05,3.28504e-05,7.7334e-06,6.18935e-07,7.70859e-06,0.531772,0.00019059,4.81675e-05,0.000184403
0.841538,0.753876,7.11733e-05,4.14836e-05,5.78338e-05,0.890672,7.2511e-05,4.19156e-05,5.91687e-05,3.29804e-05,7.72198e-06,6.20277e-07,7.69703e-06,0.532191,0.000188818,4.75992e-05,0.00018272
0.842209,0.753695,7.07967e-05,4.1169e-05,5.75959e-05,0.89065,7.22264e-05,4.22904e-05,5.85506e-05,3.31094e-05,7.71057e-06,6.21661e-07,7.68546e-06,0.532599,0.000187063,4.7101e-05,0.000181036
0.842881,0.753537,7.07781e-05,4.14684e-05,5.73578e-05,0.890629,7.19463e-05,4.26632e-05,5.7932e-05,3.32376e-05,7.69914e-06,6.23086e-07,7.67389e-06,0.532997,0.000185334,4.67111e-05,0.00017935
0.843553,0.753404,7.11168e-05,4.2367e-05,5.71195e-05,0.890608,7.16661e-05,4.30261e-05,5.7313e-05,3.3365e-05,7.68771e-06,6.24551e-07,7.6623e-06,0.533385,0.000183641,4.64708e-05,0.000177664
0.844226,0.753295,7.17985e-05,4.38129e-05,5.68811e-05,0.890589,7.13811e-05,4.33718e-05,5.66935e-05,3.34914e-05,7.67628e-06,6.26056e-07,7.65071e-06,0.533763,0.000181996,4.64217e-05,0.000175976
0.844899,0.753213,7.27966e-05,4.57272e-05,5.66424e-05,0.89057,7.10869e-05,4.36934e-05,5.60734e-05,3.36169e-05,7.66484e-06,6.27599e-07,7.6391e-06,0.534133,0.000180409,4.66016e-05,0.000174286
0.845573,0.753157,7.40741e-05,4.80168e-05,5.64036e-05,0.890553,7.07793e-05,4.3985e-05,5.54529e-05,3.37415e-05,7.6534e-06,6.29179e-07,7.62749e-06,0.534493,0.000178891,4.70408e-05,0.000172595
0.846248,0.753129,7.55864e-05,5.0585e-05,5.61645e-05,0.890537,7.04546e-05,4.42415e-05,5.48319e-05,3.38651e-05,7.64195e-06,6.30794e-07,7.61587e-06,0.534845,0.000177451,4.77594e-05,0.000170903
0.846923,0.753129,7.72834e-05,5.33393e-05,5.59253e-05,0.890521,7.01114e-05,4.44617e-05,5.42104e-05,3.39878e-05,7.63049e-06,6.32445e-07,7.60424e-06,0.535189,0.000176097,4.87648e-05,0.00016921
0.847599,0.753156,7.91123e-05,5.61946e-05,5.56859e-05,0.890507,6.97507e-05,4.46481e-05,5.35883e-05,3.41095e-05,7.61903e-06,6.34129e-07,7.5926e-06,0.535525,0.000174833,5.00518e-05,0.000167515
0.848275,0.753211,8.10191e-05,5.90745e-05,5.54463e-05,0.890493,6.9374e-05,4.48037e-05,5.29658e-05,3.42303e-05,7.60756e-06,6.35846e-07,7.58095e-06,0.535853,0.000173663,5.16026e-05,0.000165819
0.848951,0.753293,8.29505e-05,6.19114e-05,5.52065e-05,0.890481,6.89833e-05,4.49324e-05,5.23428e-05,3.43501e-05,7.59609e-06,6.37594e-07,7.56929e-06,0.536173,0.000172587,5.33889e-05,0.000164121
0.849629,0.7534,8.48548e-05,6.46453e-05,5.49665e-05,0.89047,6.85811e-05,4.50386e-05,5.17193e-05,3.44689e-05,7.58461e-06,6.39372e-07,7.55762e-06,0.536487,0.000171602,5.53743e-05,0.000162422
0.850306,0.753533,8.6782e-05,6.72226e-05,5.48837e-05,0.890459,6.84291e-05,4.51271e-05,5.14402e-05,3.45867e-05,7.59965e-06,6.41179e-07,7.57255e-06,0.536794,0.000171288,5.7517e-05,0.000161343
0.850985,0.75369,8.87601e-05,6.95956e-05,5.5089e-05,0.89045,6.87439e-05,4.5203e-05,5.1792e-05,3.47035e-05,7.66323e-06,6.43013e-07,7.6362e-06,0.537094,0.00017211,5.97715e-05,0.000161397
0.851664,0.753869,9.05616e-05,7.17212e-05,5.52944e-05,0.890442,6.90547e-05,4.52718e-05,5.21441e-05,3.48193e-05,7.72687e-06,6.44874e-07,7.69991e-06,0.537389,0.00017298,6.20909e-05,0.000161452
0.852343,0.754069,9.21489e-05,7.35606e-05,5.55e-05,0.890434,6.9365e-05,4.53389e-05,5.24965e-05,3.4934e-05,7.79056e-06,6.46761e-07,7.76366e-06,0.537677,0.000173883,6.44281e-05,0.000161507
0.853023,0.754289,9.34881e-05,7.50793e-05,5.57058e-05,0.890428,6.96786e-05,4.541e-05,5.28492e-05,3.50476e-05,7.8543e-06,6.48671e-07,7.82747e-06,0.53796,0.000174803,6.67367e-05,0.000161562
0.853703,0.754526,9.45503e-05,7.62472e-05,5.59117e-05,0.890422,6.99989e-05,4.54905e-05,5.32022e-05,3.51602e-05,7.9181e-06,6.50604e-07,7.89133e-06,0.538238,0.000175718,6.89717e-05,0.000161616
0.854384,0.754778,9.53286e-05,7.70606e-05,5.61178e-05,0.890418,7.03295e-05,4.55858e-05,5.35554e-05,3.52718e-05,7.98195e-06,6.52559e-07,7.95523e-06,0.538512,0.000176611,7.10898e-05,0.000161671
0.855066,0.755043,9.58428e-05,7.75464e-05,5.6324e-05,0.890415,7.06736e-05,4.57011e-05,5.39089e-05,3.53822e-05,8.04586e-06,6.54534e-07,8.01919e-06,0.53878,0.000177459,7.30499e-05,0.000161726
0.855748,0.755318,9.61177e-05,7.77362e-05,5.65305e-05,0.890412,7.10342e-05,4.58412e-05,5.42627e-05,3.54916e-05,8.10982e-06,6.56529e-07,8.0832e-06,0.539044,0.000178242,7.48128e-05,0.000161781
0.856431,0.755602,9.6181e-05,7.7664e-05,5.6737e-05,0.890411,7.1414e-05,4.60104e-05,5.46168e-05,3.55999e-05,8.17384e-06,6.58541e-07,8.14726e-06,0.539305,0.000178939,7.63416e-05,0.000161836
0.857114,0.75589,9.60627e-05,7.73656e-05,5.69438e-05,0.89041,7.18154e-05,4.62129e-05,5.49712e-05,3.5707e-05,8.2379e-06,6.6057e-07,8.21138e-06,0.539562,0.00017953,7.7602e-05,0.000161891
0.857797,0.756181,9.57941e-05,7.68785e-05,5.71507e-05,0.890411,7.22406e-05,4.64517e-05,5.53258e-05,3.5813e-05,8.30202e-06,6.62615e-07,8.27554e-06,0.539815,0.000179996,7.85623e-05,0.000161947
0.858482,0.756472,9.54076e-05,7.62411e-05,5.73578e-05,0.890413,7.26912e-05,4.67298e-05,5.56808e-05,3.59179e-05,8.3662e-06,6.64673e-07,8.33975e-06,0.540066,0.000180323,7.91941e-05,0.000162002
0.859167,0.756761,9.49363e-05,7.54929e-05,5.7565e-05,0.890415,7.31686e-05,4.7049e-05,5.6036e-05,3.60216e-05,8.43043e-06,6.66745e-07,8.40402e-06,0.540313,0.000180495,7.94726e-05,0.000162057
0.859852,0.757045,9.44129e-05,7.46736e-05,5.77724e-05,0.890419,7.36734e-05,4.74107e-05,5.63915e-05,3.61241e-05,8.49471e-06,6.68829e-07,8.46834e-06,0.540559,0.000180502,7.93774e-05,0.000162112
0.860538,0.757321,9.38696e-05,7.38229e-05,5.798e-05,0.890423,7.42063e-05,4.78155e-05,5.67473e-05,3.62255e-05,8.55904e-06,6.70923e-07,8.5327e-06,0.540802,0.000180342,7.88984e-05,0.000162167
0.861224,0.757587,9.33374e-05,7.29798e-05,5.81877e-05,0.890429,7.47671e-05,4.82632e-05,5.71033e-05,3.63257e-05,8.62343e-06,6.73027e-07,8.59712e-06,0.541044,0.00018003,7.80665e-05,0.000162223
0.861911,0.757841,9.28454e-05,7.21819e-05,5.83956e-05,0.890435,7.53555e-05,4.87528e-05,5.74597e-05,3.64247e-05,8.68787e-06,6.75139e-07,8.6616e-06,0.541283,0.000179591,7.69338e-05,0.000162278
0.862599,0.758081,9.24206e-05,7.14645e-05,5.86037e-05,0.890443,7.59706e-05,4.92829e-05,5.78163e-05,3.65225e-05,8.75236e-06,6.77258e-07,8.72612e-06,0.541521,0.000179056,7.55567e-05,0.000162334
0.863287,0.758304,9.20864e-05,7.08595e-05,5.88119e-05,0.890452,7.6611e-05,4.98509e-05,5.81732e-05,3.6619e-05,8.81691e-06,6.79382e-07,8.79069e-06,0.541758,0.000178453,7.3996e-05,0.000162389
0.863976,0.75851,9.19004e-05,7.03946e-05,5.90786e-05,0.890461,7.72519e-05,5.04541e-05,5.84999e-05,3.67143e-05,8.83e-06,6.81511e-07,8.80366e-06,0.541994,0.000177508,7.23163e-05,0.000162109
0.864665,0.758696,9.19396e-05,7.00921e-05,5.94977e-05,0.890472,7.78543e-05,5.1089e-05,5.8747e-05,3.68084e-05,8.70869e-06,6.83644e-07,8.68182e-06,0.542228,0.000175752,7.05857e-05,0.000160955
0.865354,0.758862,9.21174e-05,6.99682e-05,5.99172e-05,0.890483,7.84764e-05,5.17515e-05,5.89943e-05,3.69013e-05,8.58731e-06,6.85779e-07,8.55988e-06,0.542461,0.000174011,6.88748e-05,0.0001598
0.866045,0.759005,9.24391e-05,7.00317e-05,6.0337e-05,0.890496,7.91155e-05,5.24372e-05,5.92418e-05,3.69928e-05,8.46584e-06,6.87915e-07,8.43784e-06,0.542693,0.000172311,6.72555e-05,0.000158643
0.866736,0.759125,9.29049e-05,7.02844e-05,6.07572e-05,0.890509,7.97684e-05,5.31413e-05,5.94895e-05,3.70831e-05,8.34429e-06,6.90051e-07,8.31571e-06,0.542925,0.000170679,6.57986e-05,0.000157486
0.867427,0.759221,9.35097e-05,7.07203e-05,6.11777e-05,0.890523,8.04321e-05,5.38586e-05,5.97375e-05,3.71721e-05,8.22267e-06,6.92186e-07,8.19348e-06,0.543156,0.000169139,6.4571e-05,0.000156328
0.868119,0.759292,9.42436e-05,7.13265e-05,6.15985e-05,0.890539,8.11028e-05,5.45838e-05,5.99856e-05,3.72598e-05,8.10096e-06,6.94319e-07,8.07115e-06,0.543386,0.000167709,6.36318e-05,0.000155169
0.868811,0.759339,9.50919e-05,7.20835e-05,6.20196e-05,0.890555,8.17768e-05,5.53112e-05,6.02339e-05,3.73462e-05,7.97918e-06,6.96448e-07,7.94873e-06,0.543616,0.000166407,6.30286e-05,0.000154009
0.869505,0.759361,9.60359e-05,7.29658e-05,6.24411e-05,0.890573,8.24502e-05,5.6035e-05,6.04824e-05,3.74313e-05,7.85732e-06,6.98573e-07,7.8262e-06,0.543847,0.000165244,6.2793e-05,0.000152848
0.870198,0.759358,9.70535e-05,7.39435e-05,6.28629e-05,0.890591,8.31189e-05,5.67493e-05,6.07311e-05,3.7515e-05,7.73538e-06,7.00692e-07,7.70358e-06,0.544077,0.000164225,6.29383e-05,0.000151686
0.870892,0.759331,9.81194e-05,7.49828e-05,6.32851e-05,0.89061,8.37787e-05,5.74483e-05,6.098e-05,3.75974e-05,7.61337e-06,7.02805e-07,7.58087e-06,0.544307,0.000163353,6.34575e-05,0.000150523
0.871587,0.75928,9.9206e-05,7.60472e-05,6.37076e-05,0.890631,8.44252e-05,5.81259e-05,6.12291e-05,3.76784e-05,7.49129e-06,7.04909e-07,7.45805e-06,0.544537,0.000162622,6.43247e-05,0.00014936
0.872282,0.759206,0.000100284,7.70984e-05,6.41304e-05,0.890652,8.50542e-05,5.87761e-05,6.14784e-05,3.7758e-05,7.36913e-06,7.07005e-07,7.33513e-06,0.544768,0.000162024,6.54972e-05,0.000148195
0.872978,0.759111,0.000101323,7.80968e-05,6.45536e-05,0.890674,8.56613e-05,5.9393e-05,6.17279e-05,3.78363e-05,7.2469e-06,7.09091e-07,7.21212e-06,0.545,0.000161542,6.69192e-05,0.000147029
0.873674,0.758994,0.000102291,7.90026e-05,6.49771e-05,0.890698,8.62421e-05,5.99706e-05,6.19776e-05,3.79132e-05,7.12459e-06,7.11167e-07,7.08901e-06,0.545232,0.000161158,6.85258e-05,0.000145863
0.874371,0.758859,0.000103157,7.97757e-05,6.54009e-05,0.890722,8.67923e-05,6.05032e-05,6.22275e-05,3.79887e-05,7.00222e-06,7.1323e-07,6.9658e-06,0.545465,0.000160846,7.02473e-05,0.000144696
0.875069,0.758705,0.000103891,8.03767e-05,6.58251e-05,0.890747,8.73076e-05,6.0985e-05,6.24776e-05,3.80627e-05,6.87978e-06,7.1528e-07,6.8425e-06,0.545699,0.000160579,7.2012e-05,0.000143527
0.875767,0.758536,0.000104462,8.07669e-05,6.62496e-05,0.890773,8.77839e-05,6.14103e-05,6.27279e-05,3.81354e-05,6.75727e-06,7.17317e-07,6.71909e-06,0.545934,0.000160327,7.37488e-05,0.000142358
0.876466,0.758352,0.000104842,8.09101e-05,6.66745e-05,0.8908,8.82172e-05,6.17737e-05,6.29784e-05,3.82066e-05,6.6347e-06,7.19339e-07,6.59559e-06,0.54617,0.000160054,7.53886e-05,0.000141188
0.877165,0.758156,0.000105023,8.07926e-05,6.70997e-05,0.890828,8.86035e-05,6.20699e-05,6.32291e-05,3.82763e-05,6.51206e-06,7.21345e-07,6.47198e-06,0.546408,0.000159728,7.68657e-05,0.000140016
0.877864,0.757951,0.00010509,8.0422e-05,6.76475e-05,0.890858,8.89138e-05,6.22936e-05,6.34443e-05,3.83446e-05,6.41745e-06,7.23334e-07,6.37656e-06,0.546648,0.000159429,7.81178e-05,0.000138979
0.878565,0.757737,0.000105295,7.981e-05,6.86826e-05,0.890888,8.90685e-05,6.24399e-05,6.35174e-05,3.84114e-05,6.43465e-06,7.25306e-07,6.39364e-06,0.546889,0.00015947,7.90867e-05,0.000138477
0.879266,0.757519,0.000105343,7.89715e-05,6.97186e-05,0.890919,8.91657e-05,6.2504e-05,6.35907e-05,3.84767e-05,6.45186e-06,7.27259e-07,6.41074e-06,0.547132,0.000159349,7.97185e-05,0.000137975
0.879967,0.757297,0.000105254,7.79235e-05,7.07553e-05,0.890951,8.92021e-05,6.24814e-05,6.36639e-05,3.85406e-05,6.46907e-06,7.29192e-07,6.42785e-06,0.547377,0.000159037,7.99635e-05,0.000137473
0.880669,0.757075,0.000105047,7.66849e-05,7.1793e-05,0.890984,8.91751e-05,6.23679e-05,6.37373e-05,3.86029e-05,6.4863e-06,7.31105e-07,6.44497e-06,0.547624,0.000158513,7.97858e-05,0.00013697
0.881371,0.756855,0.000104742,7.52764e-05,7.28314e-05,0.891018,8.9082e-05,6.21595e-05,6.38107e-05,3.86637e-05,6.50354e-06,7.32997e-07,6.4621e-06,0.547873,0.000157782,7.91961e-05,0.000136466
0.882074,0.756639,0.000104362,7.37198e-05,7.38706e-05,0.891053,8.89212e-05,6.1853e-05,6.38841e-05,3.8723e-05,6.52079e-06,7.34867e-07,6.47925e-06,0.548124,0.000156859,7.82227e-05,0.000135963
0.882778,0.75643,0.000103929,7.20386e-05,7.49107e-05,0.891088,8.86941e-05,6.14497e-05,6.39577e-05,3.87807e-05,6.53806e-06,7.36714e-07,6.49642e-06,0.548376,0.000155764,7.68988e-05,0.000135458
0.883482,0.75623,0.000103463,7.02569e-05,7.59516e-05,0.891125,8.8405e-05,6.09545e-05,6.40312e-05,3.88369e-05,6.55533e-06,7.38537e-07,6.51359e-06,0.54863,0.000154521,7.52614e-05,0.000134954
0.884187,0.756041,0.000102988,6.84004e-05,7.69934e-05,0.891163,8.80586e-05,6.03729e-05,6.41049e-05,3.88916e-05,6.57261e-06,7.40336e-07,6.53078e-06,0.548885,0.000153157,7.33513e-05,0.000134449
0.884892,0.755865,0.000102524,6.64954e-05,7.8036e-05,0.891202,8.766e-05,5.97109e-05,6.41785e-05,3.89446e-05,6.58991e-06,7.4211e-07,6.54799e-06,0.549141,0.000151697,7.12126e-05,0.000133944
0.885598,0.755704,0.000102092,6.45694e-05,7.90794e-05,0.891241,8.72145e-05,5.89747e-05,6.42523e-05,3.89961e-05,6.60721e-06,7.43857e-07,6.56521e-06,0.549398,0.000150173,6.88923e-05,0.000133438
0.886305,0.75556,0.00010171,6.26506e-05,8.01236e-05,0.891282,8.67278e-05,5.8171e-05,6.43261e-05,3.90459e-05,6.62453e-06,7.45578e-07,6.58244e-06,0.549656,0.000148611,6.64408e-05,0.000132932
0.887012,0.755435,0.000101396,6.07678e-05,8.11687e-05,0.891323,8.62058e-05,5.73069e-05,6.44e-05,3.90942e-05,6.64186e-06,7.47272e-07,6.59969e-06,0.549914,0.000147041,6.39114e-05,0.000132425
0.887719,0.755329,0.000101165,5.89501e-05,8.22146e-05,0.891366,8.56545e-05,5.63899e-05,6.44739e-05,3.91408e-05,6.65919e-06,7.48937e-07,6.61694e-06,0.550172,0.00014549,6.136e-05,0.000131918
0.888427,0.755245,0.000101031,5.72265e-05,8.32613e-05,0.891409,8.50803e-05,5.54277e-05,6.45479e-05,3.91858e-05,6.67654e-06,7.50573e-07,6.63422e-06,0.550431,0.000143984,5.88448e-05,0.000131411
0.889136,0.755184,0.000101006,5.56251e-05,8.43089e-05,0.891453,8.44895e-05,5.44288e-05,6.46219e-05,3.92292e-05,6.6939e-06,7.5218e-07,6.6515e-06,0.550689,0.000142546,5.64255e-05,0.000130903
0.889845,0.755146,0.000101097,5.41723e-05,8.53573e-05,0.891498,8.38888e-05,5.34018e-05,6.4696e-05,3.92709e-05,6.71127e-06,7.53757e-07,6.66881e-06,0.550947,0.000141196,5.41617e-05,0.000130395
0.890555,0.755133,0.00010131,5.28916e-05,8.64066e-05,0.891544,8.32846e-05,5.23559e-05,6.47702e-05,3.93109e-05,6.72865e-06,7.55303e-07,6.68612e-06,0.551204,0.00013995,5.21105e-05,0.000129886
0.891266,0.755144,0.000101647,5.18026e-05,8.74567e-05,0.891591,8.26835e-05,5.13007e-05,6.48444e-05,3.93493e-05,6.74604e-06,7.56818e-07,6.70345e-06,0.551461,0.00013882,5.03235e-05,0.000129377
0.891977,0.75518,0.000101953,5.09194e-05,8.83266e-05,0.891639,8.21785e-05,5.02463e-05,6.50278e-05,3.9386e-05,6.76028e-06,7.58301e-07,6.71761e-06,0.551717,0.000137859,4.8843e-05,0.000128917
0.892688,0.755242,0.00010127,5.02498e-05,8.79239e-05,0.891687,8.23056e-05,4.92031e-05,6.59793e-05,3.94209e-05,6.75232e-06,7.59752e-07,6.70944e-06,0.551972,0.00013735,4.76976e-05,0.000128802
0.8934,0.755328,0.000100694,4.9794e-05,8.75208e-05,0.891737,8.247e-05,4.81818e-05,6.69315e-05,3.94542e-05,6.74436e-06,7.61169e-07,6.70126e-06,0.552226,0.000136966,4.68987e-05,0.000128686
0.894113,0.755439,0.00010022,4.95445e-05,8.71175e-05,0.891787,8.26773e-05,4.71936e-05,6.78845e-05,3.94857e-05,6.73638e-06,7.62553e-07,6.69308e-06,0.552478,0.000136701,4.64382e-05,0.000128571
0.894826,0.755575,9.98406e-05,4.9486e-05,8.67138e-05,0.891838,8.29321e-05,4.62498e-05,6.88382e-05,3.95155e-05,6.72839e-06,7.63904e-07,6.68489e-06,0.552729,0.000136541,4.62888e-05,0.000128456
0.89554,0.755734,9.95448e-05,4.95964e-05,8.63098e-05,0.89189,8.32388e-05,4.53617e-05,6.97927e-05,3.95436e-05,6.7204e-06,7.65219e-07,6.67669e-06,0.552978,0.000136472,4.64059e-05,0.00012834
0.896254,0.755916,9.93202e-05,4.98473e-05,8.59054e-05,0.891942,8.3601e-05,4.45406e-05,7.07479e-05,3.95699e-05,6.7124e-06,7.665e-07,6.66849e-06,0.553224,0.000136475,4.6732e-05,0.000128225
0.896969,0.756119,9.91515e-05,5.0206e-05,8.55008e-05,0.891996,8.40219e-05,4.37975e-05,7.17039e-05,3.95944e-05,6.70438e-06,7.67746e-07,6.66028e-06,0.553469,0.000136528,4.72016e-05,0.000128109
0.897685,0.756343,9.90221e-05,5.06367e-05,8.50958e-05,0.89205,8.45036e-05,4.31427e-05,7.26607e-05,3.96171e-05,6.69636e-06,7.68956e-07,6.65206e-06,0.553711,0.000136609,4.77464e-05,0.000127993
0.898401,0.756585,9.89137e-05,5.11022e-05,8.46905e-05,0.892105,8.50481e-05,4.25856e-05,7.36182e-05,3.96381e-05,6.68832e-06,7.7013e-07,6.64384e-06,0.553951,0.000136695,4.82996e-05,0.000127877
0.899118,0.756845,9.88075e-05,5.15653e-05,8.42849e-05,0.892161,8.56562e-05,4.21346e-05,7.45765e-05,3.96572e-05,6.68028e-06,7.71268e-07,6.63561e-06,0.554188,0.000136764,4.8799e-05,0.000127761
0.899835,0.75712,9.86843e-05,5.19896e-05,8.38789e-05,0.892217,8.63283e-05,4.17965e-05,7.55356e-05,3.96746e-05,6.67222e-06,7.72369e-07,6.62737e-06,0.554422,0.000136795,4.91902e-05,0.000127645
0.900553,0.75741,9.85271e-05,5.23442e-05,8.34727e-05,0.892274,8.7064e-05,4.15763e-05,7.64954e-05,3.96901e-05,6.66416e-06,7.73433e-07,6.61913e-06,0.554653,0.000136774,4.94317e-05,0.000127529
0.901271,0.75771,9.83296e-05,5.26189e-05,8.30661e-05,0.892332,8.78623e-05,4.14772e-05,7.7456e-05,3.97037e-05,6.65609e-06,7.7446e-07,6.61088e-06,0.554881,0.000136698,4.95205e-05,0.000127413
0.90199,0.758021,9.80925e-05,5.28168e-05,8.26591e-05,0.892391,8.87217e-05,4.15001e-05,7.84174e-05,3.97156e-05,6.648e-06,7.7545e-07,6.60262e-06,0.555106,0.000136574,4.94778e-05,0.000127296
0.902709,0.758339,9.78192e-05,5.29454e-05,8.22519e-05,0.892451,8.96398e-05,4.16437e-05,7.93795e-05,3.97255e-05,6.6399e-06,7.76403e-07,6.59436e-06,0.555327,0.000136413,4.93333e-05,0.00012718
0.903429,0.758662,9.75151e-05,5.3016e-05,8.18443e-05,0.892511,9.0614e-05,4.19047e-05,8.03424e-05,3.97336e-05,6.6318e-06,7.77317e-07,6.58609e-06,0.555546,0.000136228,4.91231e-05,0.000127063
0.90415,0.758988,9.71872e-05,5.30421e-05,8.14364e-05,0.892572,9.1641e-05,4.22777e-05,8.1306e-05,3.97398e-05,6.62368e-06,7.78194e-07,6.57781e-06,0.555762,0.000136035,4.88869e-05,0.000126947
0.904871,0.759315,9.68439e-05,5.30393e-05,8.10282e-05,0.892633,9.27172e-05,4.27556e-05,8.22705e-05,3.97441e-05,6.61556e-06,7.79033e-07,6.56953e-06,0.555975,0.000135846,4.8666e-05,0.00012683
0.905593,0.759641,9.6494e-05,5.30241e-05,8.06197e-05,0.892696,9.38385e-05,4.33299e-05,8.32357e-05,3.97465e-05,6.60742e-06,7.79834e-07,6.56124e-06,0.556186,0.000135678,4.8501e-05,0.000126713
0.906316,0.759963,9.61767e-05,5.30136e-05,8.02466e-05,0.892759,9.49482e-05,4.39908e-05,8.41426e-05,3.9747e-05,6.59967e-06,7.80597e-07,6.55335e-06,0.556394,0.000135526,4.84296e-05,0.000126577
0.907039,0.76028,9.64619e-05,5.30246e-05,8.05809e-05,0.892823,9.50626e-05,4.47276e-05,8.38829e-05,3.97455e-05,6.59983e-06,7.81322e-07,6.55342e-06,0.556599,0.000135067,4.84838e-05,0.000126065
0.907762,0.760588,9.67684e-05,5.30736e-05,8.09155e-05,0.892887,9.5214e-05,4.55291e-05,8.36231e-05,3.97421e-05,6.59999e-06,7.82009e-07,6.5535e-06,0.556802,0.000134662,4.86882e-05,0.000125553
0.908486,0.760887,9.71044e-05,5.31757e-05,8.12503e-05,0.892952,9.53984e-05,4.63838e-05,8.3363e-05,3.97368e-05,6.60014e-06,7.82658e-07,6.55358e-06,0.557002,0.000134319,4.90581e-05,0.00012504
0.909211,0.761173,9.74773e-05,5.33445e-05,8.15855e-05,0.893018,9.56111e-05,4.72802e-05,8.31027e-05,3.97295e-05,6.60029e-06,7.83269e-07,6.55365e-06,0.5572,0.00013404,4.95984e-05,0.000124526
0.909936,0.761446,9.78934e-05,5.35919e-05,8.19208e-05,0.893084,9.58474e-05,4.82067e-05,8.28422e-05,3.97202e-05,6.60044e-06,7.83843e-07,6.55373e-06,0.557395,0.000133826,5.03032e-05,0.000124012
0.910662,0.761704,9.83578e-05,5.39271e-05,8.22565e-05,0.893151,9.61023e-05,4.91522e-05,8.25816e-05,3.97089e-05,6.60058e-06,7.84379e-07,6.55381e-06,0.557589,0.000133674,5.11569e-05,0.000123498
0.911389,0.761945,9.88747e-05,5.43572e-05,8.25924e-05,0.893219,9.63704e-05,5.01056e-05,8.23207e-05,3.96957e-05,6.60071e-06,7.84878e-07,6.55388e-06,0.55778,0.000133578,5.21349e-05,0.000122984
0.912116,0.762167,9.94467e-05,5.48863e-05,8.29286e-05,0.893287,9.66464e-05,5.10564e-05,8.20596e-05,3.96804e-05,6.60084e-06,7.8534e-07,6.55396e-06,0.557969,0.000133527,5.32055e-05,0.000122469
0.912843,0.76237,0.000100075,5.55158e-05,8.3265e-05,0.893356,9.69247e-05,5.19946e-05,8.17983e-05,3.96631e-05,6.60097e-06,7.85765e-07,6.55404e-06,0.558156,0.000133509,5.4332e-05,0.000121953
0.913571,0.762552,0.000100761,5.62444e-05,8.36017e-05,0.893426,9.71997e-05,5.29107e-05,8.15367e-05,3.96438e-05,6.60109e-06,7.86154e-07,6.55411e-06,0.558341,0.000133508,5.54745e-05,0.000121437
0.9143,0.762713,0.000101501,5.70683e-05,8.39387e-05,0.893496,9.74657e-05,5.37954e-05,8.1275e-05,3.96224e-05,6.60121e-06,7.86508e-07,6.55419e-06,0.558524,0.000133509,5.65915e-05,0.000120921
0.915029,0.762851,0.000102295,5.79809e-05,8.4276e-05,0.893566,9.77173e-05,5.46402e-05,8.10131e-05,3.9599e-05,6.60133e-06,7.86825e-07,6.55427e-06,0.558706,0.000133491,5.76418e-05,0.000120405
0.915759,0.762967,0.000103137,5.89736e-05,8.46135e-05,0.893638,9.79487e-05,5.54369e-05,8.07509e-05,3.95735e-05,6.60144e-06,7.87108e-07,6.55434e-06,0.558885,0.000133436,5.85855e-05,0.000119888
0.91649,0.763059,0.000104024,6.00355e-05,8.49513e-05,0.89371,9.81547e-05,5.61778e-05,8.04886e-05,3.95459e-05,6.60154e-06,7.87357e-07,6.55442e-06,0.559063,0.000133326,5.93851e-05,0.00011937
0.917221,0.763128,0.000104948,6.11542e-05,8.52893e-05,0.893782,9.833e-05,5.68557e-05,8.0226e-05,3.95162e-05,6.60165e-06,7.87571e-07,6.5545e-06,0.559239,0.000133142,6.00071e-05,0.000118852
0.917953,0.763174,0.000105902,6.23157e-05,8.56277e-05,0.893855,9.84694e-05,5.7464e-05,7.99632e-05,3.94845e-05,6.60174e-06,7.87753e-07,6.55458e-06,0.559414,0.000132868,6.04231e-05,0.000118334
0.918685,0.763197,0.000106878,6.35044e-05,8.59663e-05,0.893929,9.85683e-05,5.79963e-05,7.97002e-05,3.94506e-05,6.60184e-06,7.87901e-07,6.55465e-06,0.559587,0.000132492,6.06109e-05,0.000117815
0.919418,0.763198,0.000107866,6.47039e-05,8.63051e-05,0.894003,9.86219e-05,5.84469e-05,7.9437e-05,3.94146e-05,6.60193e-06,7.88018e-07,6.55473e-06,0.559758,0.000132006,6.05567e-05,0.000117296
0.920151,0.763176,0.000108856,6.58968e-05,8.66443e-05,0.894077,9.86262e-05,5.88104e-05,7.91736e-05,3.93765e-05,6.60202e-06,7.88104e-07,6.55481e-06,0.559929,0.000131407,6.02576e-05,0.000116777
0.920885,0.763134,0.000109836,6.70649e-05,8.69837e-05,0.894153,9.85774e-05,5.90822e-05,7.891e-05,3.93362e-05,6.6021e-06,7.8816e-07,6.55489e-06,0.560098,0.000130707,5.97392e-05,0.000116257
0.92162,0.763071,0.000111261,6.81897e-05,8.79156e-05,0.894228,9.98254e-05,5.92609e-05,8.03321e-05,3.92937e-05,6.60626e-06,7.88187e-07,6.55908e-06,0.560265,0.000130147,5.90712e-05,0.000115969
0.922355,0.762989,0.000112663,6.92519e-05,8.88653e-05,0.894305,0.000101066,5.93499e-05,8.18041e-05,3.92491e-05,6.61054e-06,7.88185e-07,6.56339e-06,0.560432,0.000129564,5.8336e-05,0.000115688
0.923091,0.76289,0.000114015,7.02325e-05,8.98158e-05,0.894381,0.000102264,5.93535e-05,8.32773e-05,3.92023e-05,6.61483e-06,7.88156e-07,6.5677e-06,0.560597,0.000128991,5.76211e-05,0.000115406
0.923827,0.762775,0.000115307,7.11122e-05,9.07671e-05,0.894459,0.000103424,5.92763e-05,8.47517e-05,3.91533e-05,6.61911e-06,7.881e-07,6.57202e-06,0.560762,0.00012847,5.70166e-05,0.000115125
0.924564,0.762644,0.000116525,7.18722e-05,9.17191e-05,0.894536,0.00010455,5.91233e-05,8.62272e-05,3.91022e-05,6.62339e-06,7.8802e-07,6.57634e-06,0.560925,0.000128037,5.66105e-05,0.000114843
0.925301,0.762501,0.000117658,7.24943e-05,9.26719e-05,0.894615,0.000105647,5.89e-05,8.7704e-05,3.90488e-05,6.62767e-06,7.87916e-07,6.58067e-06,0.561087,0.000127728,5.64831e-05,0.00011456
0.92604,0.762346,0.000118701,7.29678e-05,9.36254e-05,0.894694,0.000106718,5.86122e-05,8.91819e-05,3.89931e-05,6.63195e-06,7.87789e-07,6.585e-06,0.561248,0.000127571,5.67008e-05,0.000114278
0.926778,0.762183,0.00011966,7.33013e-05,9.45797e-05,0.894773,0.00010777,5.82659e-05,9.06609e-05,3.89352e-05,6.63624e-06,7.87641e-07,6.58933e-06,0.561409,0.000127591,5.73102e-05,0.000113996
0.927518,0.762011,0.000120542,7.35078e-05,9.55348e-05,0.894853,0.000108806,5.78674e-05,9.21412e-05,3.88751e-05,6.64052e-06,7.87473e-07,6.59367e-06,0.561568,0.000127802,5.83342e-05,0.000113713
0.928257,0.761835,0.000121357,7.36009e-05,9.64906e-05,0.894933,0.00010983,5.74236e-05,9.36226e-05,3.88127e-05,6.64481e-06,7.87287e-07,6.59801e-06,0.561727,0.000128214,5.97701e-05,0.00011343
0.928998,0.761655,0.000122115,7.35949e-05,9.74472e-05,0.895014,0.000110848,5.69412e-05,9.51053e-05,3.87481e-05,6.6491e-06,7.87084e-07,6.60235e-06,0.561885,0.000128824,6.15909e-05,0.000113146
0.929739,0.761473,0.000122826,7.35037e-05,9.84045e-05,0.895096,0.000111864,5.64275e-05,9.65891e-05,3.86812e-05,6.65339e-06,7.86865e-07,6.6067e-06,0.562042,0.000129623,6.37497e-05,0.000112863
0.930481,0.761292,0.000123499,7.33414e-05,9.93627e-05,0.895178,0.000112881,5.589e-05,9.8074e-05,3.86119e-05,6.65768e-06,7.86634e-07,6.61105e-06,0.562199,0.000130593,6.61847e-05,0.000112579
0.931223,0.761114,0.000124141,7.3121e-05,0.000100322,0.89526,0.000113905,5.53362e-05,9.95602e-05,3.85404e-05,6.66198e-06,7.8639e-07,6.6154e-06,0.562355,0.000131708,6.88244e-05,0.000112295
0.931966,0.760941,0.000124763,7.28549e-05,0.000101281,0.895343,0.000114938,5.4774e-05,0.000101048,3.84665e-05,6.66627e-06,7.86137e-07,6.61976e-06,0.562511,0.000132936,7.15922e-05,0.000112011
0.932709,0.760775,0.000125369,7.25546e-05,0.000102242,0.895427,0.000115985,5.42112e-05,0.000102536,3.83903e-05,6.67057e-06,7.85876e-07,6.62412e-06,0.562666,0.000134238,7.44102e-05,0.000111727
0.933453,0.760617,0.000125968,7.22301e-05,0.000103203,0.895511,0.000117048,5.3656e-05,0.000104026,3.83118e-05,6.67487e-06,7.85609e-07,6.62848e-06,0.562821,0.000135571,7.72013e-05,0.000111442
0.934198,0.760469,0.000126564,7.18905e-05,0.000104165,0.895595,0.000118132,5.31163e-05,0.000105517,3.82309e-05,6.67918e-06,7.85338e-07,6.63285e-06,0.562975,0.000136888,7.98907e-05,0.000111157
0.934943,0.760334,0.000127162,7.15433e-05,0.000105127,0.89568,0.000119238,5.26001e-05,0.000107009,3.81477e-05,6.68349e-06,7.85065e-07,6.63722e-06,0.563129,0.000138143,8.24066e-05,0.000110872
0.935689,0.760213,0.000127765,7.11946e-05,0.000106091,0.895766,0.000120369,5.21152e-05,0.000108502,3.80621e-05,6.6878e-06,7.84794e-07,6.64159e-06,0.563283,0.000139285,8.46808e-05,0.000110587
0.936435,0.760108,0.000127226,7.08492e-05,0.000105673,0.895852,0.000120384,5.16693e-05,0.000108732,3.7974e-05,6.71439e-06,7.84525e-07,6.6684e-06,0.563436,0.000140083,8.66481e-05,0.00011007
0.937182,0.760019,0.000126557,7.05106e-05,0.000105094,0.895939,0.000120288,5.12697e-05,0.000108814,3.78836e-05,6.7436e-06,7.84262e-07,6.69784e-06,0.56359,0.000140654,8.82474e-05,0.000109526
0.93793,0.759949,0.000125892,7.01809e-05,0.000104515,0.896026,0.000120215,5.0923e-05,0.000108897,3.77908e-05,6.77283e-06,7.84007e-07,6.7273e-06,0.563743,0.000140971,8.94203e-05,0.000108982
0.938678,0.759898,0.000125232,6.98609e-05,0.000103935,0.896114,0.000120168,5.06356e-05,0.000108979,3.76956e-05,6.80209e-06,7.83763e-07,6.75679e-06,0.563896,0.000140992,9.01125e-05,0.000108437
0.939427,0.759867,0.000124577,6.95505e-05,0.000103355,0.896202,0.00012015,5.04129e-05,0.000109062,3.75979e-05,6.83138e-06,7.83532e-07,6.7863e-06,0.564049,0.000140676,9.02729e-05,0.000107891
0.940176,0.759857,0.000123927,6.92483e-05,0.000102774,0.896291,0.00012016,5.02596e-05,0.000109144,3.74978e-05,6.8607e-06,7.83318e-07,6.81583e-06,0.564202,0.000139989,8.98551e-05,0.000107345
0.940926,0.75987,0.000123279,6.89522e-05,0.000102193,0.89638,0.000120202,5.01796e-05,0.000109227,3.73952e-05,6.89004e-06,7.83123e-07,6.84539e-06,0.564356,0.000138922,8.88436e-05,0.000106799
0.941677,0.759904,0.000122633,6.86594e-05,0.000101611,0.89647,0.000120276,5.01755e-05,0.00010931,3.72902e-05,6.91941e-06,7.8295e-07,6.87497e-06,0.564509,0.000137505,8.7281e-05,0.000106252
0.942428,0.759961,0.000121987,6.83663e-05,0.000101029,0.896561,0.000120381,5.0249e-05,0.000109393,3.71827e-05,6.94881e-06,7.82802e-07,6.90458e-06,0.564662,0.00013578,8.52216e-05,0.000105705
0.94318,0.760041,0.000121337,6.80689e-05,0.000100446,0.896651,0.00012052,5.04007e-05,0.000109475,3.70727e-05,6.97824e-06,7.82683e-07,6.93421e-06,0.564815,0.000133796,8.27246e-05,0.000105158
0.943932,0.760144,0.000120683,6.7763e-05,9.98628e-05,0.896743,0.000120692,5.06301e-05,0.000109558,3.69602e-05,7.0077e-06,7.82596e-07,6.96386e-06,0.564968,0.000131605,7.98541e-05,0.00010461
0.944685,0.760269,0.000120021,6.74439e-05,9.92792e-05,0.896835,0.000120895,5.09354e-05,0.000109641,3.68451e-05,7.03718e-06,7.82544e-07,6.99354e-06,0.56512,0.000129262,7.668e-05,0.000104061
0.945439,0.760416,0.000119349,6.71071e-05,9.86952e-05,0.896927,0.000121131,5.13141e-05,0.000109725,3.67276e-05,7.0667e-06,7.82531e-07,7.02324e-06,0.565273,0.000126825,7.32783e-05,0.000103512
0.946193,0.760585,0.000118664,6.67485e-05,9.81106e-05,0.89702,0.000121396,5.17625e-05,0.000109808,3.66075e-05,7.09624e-06,7.82561e-07,7.05296e-06,0.565425,0.000124354,6.97323e-05,0.000102963
0.946948,0.760774,0.000117964,6.6364e-05,9.75256e-05,0.897114,0.000121691,5.2276e-05,0.000109891,3.64849e-05,7.12582e-06,7.82637e-07,7.08271e-06,0.565576,0.00012191,6.61338e-05,0.000102413
0.947703,0.760983,0.000117247,6.59504e-05,9.69401e-05,0.897208,0.000122014,5.28493e-05,0.000109974,3.63597e-05,7.15542e-06,7.82763e-07,7.11248e-06,0.565727,0.000119552,6.25837e-05,0.000101863
0.948459,0.761211,0.000116512,6.55057e-05,9.63542e-05,0.897302,0.000122362,5.34766e-05,0.000110058,3.62319e-05,7.18506e-06,7.82942e-07,7.14227e-06,0.565877,0.000117337,5.91925e-05,0.000101312
0.949216,0.761457,0.000115759,6.50291e-05,9.57678e-05,0.897398,0.000122733,5.41513e-05,0.000110141,3.61016e-05,7.21473e-06,7.8318e-07,7.17209e-06,0.566027,0.000115315,5.60787e-05,0.000100761
0.949973,0.761719,0.000114989,6.45221e-05,9.51809e-05,0.897493,0.000123125,5.48666e-05,0.000110224,3.59687e-05,7.24443e-06,7.8348e-07,7.20193e-06,0.566175,0.000113534,5.33654e-05,0.00010021
0.950731,0.761996,0.000114204,6.39887e-05,9.45936e-05,0.897589,0.000123535,5.56153e-05,0.000110308,3.58331e-05,7.27416e-06,7.83846e-07,7.2318e-06,0.566323,0.000112028,5.11713e-05,9.96578e-05
0.951489,0.762286,0.000114001,6.34365e-05,9.47213e-05,0.897686,0.000124206,5.63902e-05,0.000110667,3.5695e-05,7.22278e-06,7.84282e-07,7.18007e-06,0.566471,0.000111285,4.95983e-05,9.96211e-05
0.952248,0.762588,0.00011393,6.28781e-05,9.5007e-05,0.897783,0.000124941,5.71835e-05,0.000111087,3.55542e-05,7.15347e-06,7.84793e-07,7.11029e-06,0.566617,0.000110964,4.87157e-05,9.9698e-05
0.953008,0.762899,0.000113874,6.23414e-05,9.5293e-05,0.897881,0.000125684,5.7988e-05,0.000111508,3.54108e-05,7.08413e-06,7.85384e-07,7.04046e-06,0.566762,0.000110959,4.85461e-05,9.97751e-05
0.953768,0.763219,0.000113856,6.18697e-05,9.55792e-05,0.897979,0.000126432,5.87961e-05,0.000111928,3.52647e-05,7.01475e-06,7.86058e-07,6.97057e-06,0.566906,0.000111253,4.90589e-05,9.98522e-05
0.954529,0.763546,0.000113902,6.15091e-05,9.58656e-05,0.898078,0.000127179,5.96003e-05,0.00011235,3.5116e-05,6.94533e-06,7.8682e-07,6.90062e-06,0.567049,0.000111819,5.0175e-05,9.99294e-05
0.95529,0.763877,0.000114034,6.13064e-05,9.61523e-05,0.898177,0.000127925,6.03935e-05,0.000112771,3.49646e-05,6.87588e-06,7.87676e-07,6.83062e-06,0.567191,0.000112617,5.17805e-05,0.000100007
0.956052,0.764211,0.000114276,6.13062e-05,9.64391e-05,0.898277,0.000128663,6.11686e-05,0.000113193,3.48105e-05,6.8064e-06,7.8863e-07,6.76056e-06,0.567332,0.000113601,5.37442e-05,0.000100084
0.956815,0.764547,0.000114649,6.15494e-05,9.67262e-05,0.898377,0.000129392,6.19185e-05,0.000113615,3.46537e-05,6.73689e-06,7.89686e-07,6.69045e-06,0.567471,0.00011472,5.59321e-05,0.000100161
0.957578,0.764882,0.000115171,6.20696e-05,9.70136e-05,0.898478,0.000130107,6.26367e-05,0.000114037,3.44942e-05,6.66735e-06,7.9085e-07,6.62028e-06,0.567609,0.000115919,5.82182e-05,0.000100239
0.958342,0.765215,0.000115857,6.28921e-05,9.73011e-05,0.89858,0.000130806,6.33167e-05,0.00011446,3.4332e-05,6.59777e-06,7.92127e-07,6.55005e-06,0.567746,0.000117142,6.04895e-05,0.000100316
0.959106,0.765544,0.00011672,6.40315e-05,9.75889e-05,0.898682,0.000131484,6.39523e-05,0.000114883,3.41671e-05,6.52818e-06,7.93521e-07,6.47977e-06,0.567881,0.000118337,6.26487e-05,0.000100394
0.959871,0.765866,0.000117767,6.5492e-05,9.78769e-05,0.898784,0.000132139,6.45375e-05,0.000115307,3.39994e-05,6.45855e-06,7.95037e-07,6.40943e-06,0.568014,0.000119455,6.46145e-05,0.000100471
0.960637,0.766182,0.000119001,6.72668e-05,9.81652e-05,0.898887,0.000132768,6.50667e-05,0.000115731,3.3829e-05,6.3889e-06,7.96681e-07,6.33904e-06,0.568146,0.000120455,6.63271e-05,0.000100549
0.961403,0.766488,0.000120421,6.93401e-05,9.84537e-05,0.898991,0.000133367,6.55346e-05,0.000116155,3.36558e-05,6.31923e-06,7.98458e-07,6.26859e-06,0.568276,0.000121325,6.778e-05,0.000100627
0.96217,0.766783,0.000122021,7.16881e-05,9.87424e-05,0.899095,0.000133934,6.59361e-05,0.000116579,3.34798e-05,6.24954e-06,8.00372e-07,6.19808e-06,0.568405,0.000122072,6.89948e-05,0.000100704
0.962938,0.767067,0.000123794,7.4281e-05,9.90313e-05,0.899199,0.000134466,6.62665e-05,0.000117004,3.33011e-05,6.17983e-06,8.0243e-07,6.12752e-06,0.568532,0.000122709,7.00026e-05,0.000100782
0.963706,0.767337,0.000125725,7.70851e-05,9.93205e-05,0.899304,0.000134962,6.65218e-05,0.000117429,3.31195e-05,6.11011e-06,8.04635e-07,6.0569e-06,0.568659,0.000123253,7.08408e-05,0.00010086
0.964475,0.767592,0.000127798,8.00644e-05,9.96099e-05,0.89941,0.000135421,6.67018e-05,0.000117855,3.29352e-05,6.04037e-06,8.06994e-07,5.98622e-06,0.568784,0.000123726,7.15511e-05,0.000100938
0.965244,0.767832,0.000129997,8.31816e-05,9.98995e-05,0.899516,0.000135845,6.6809e-05,0.000118281,3.2748e-05,5.97062e-06,8.09511e-07,5.91549e-06,0.568909,0.000124152,7.2177e-05,0.000101016
0.966014,0.768055,0.000132298,8.63996e-05,0.000100189,0.899623,0.000136234,6.68461e-05,0.000118707,3.25579e-05,5.90086e-06,8.12191e-07,5.8447e-06,0.569034,0.000124557,7.2762e-05,0.000101094
0.966785,0.768261,0.000134741,8.96818e-05,0.00010056,0.89973,0.000136527,6.68163e-05,0.00011906,3.23651e-05,5.9091e-06,8.1504e-07,5.85262e-06,0.569158,0.000125141,7.33483e-05,0.000101392
0.967556,0.768448,0.00013726,9.29928e-05,0.000100959,0.899837,0.000136767,6.6723e-05,0.000119387,3.21694e-05,5.94437e-06,8.18063e-07,5.88781e-06,0.569281,0.000125812,7.39748e-05,0.000101766
0.968328,0.768617,0.00013981,9.62984e-05,0.000101358,0.899945,0.000136979,6.65698e-05,0.000119715,3.19708e-05,5.9797e-06,8.21264e-07,5.92303e-06,0.569405,0.000126527,7.46752e-05,0.000102141
0.9691,0.768767,0.000142366,9.95659e-05,0.000101758,0.900053,0.000137164,6.63607e-05,0.000120043,3.17693e-05,6.01507e-06,8.24649e-07,5.95828e-06,0.569529,0.000127304,7.54771e-05,0.000102515
0.969873,0.768897,0.000144902,0.000102764,0.000102157,0.900162,0.000137326,6.60996e-05,0.000120371,3.15649e-05,6.0505e-06,8.28222e-07,5.99355e-06,0.569653,0.000128154,7.64005e-05,0.000102891
0.970647,0.769008,0.000147394,0.000105863,0.000102557,0.900271,0.000137466,6.57908e-05,0.0001207,3.13577e-05,6.08599e-06,8.31989e-07,6.02885e-06,0.569777,0.000129087,7.74568e-05,0.000103266
0.971421,0.7691,0.000149816,0.000108833,0.000102958,0.900381,0.000137587,6.54388e-05,0.000121029,3.11475e-05,6.12153e-06,8.35953e-07,6.06418e-06,0.569902,0.000130105,7.86489e-05,0.000103641
0.972196,0.769173,0.000152145,0.000111648,0.000103359,0.900491,0.000137691,6.50479e-05,0.000121358,3.09344e-05,6.15713e-06,8.40121e-07,6.09954e-06,0.570028,0.000131206,7.99708e-05,0.000104017
0.972972,0.769227,0.000154356,0.00011428,0.00010376,0.900601,0.000137782,6.4623e-05,0.000121687,3.07184e-05,6.19278e-06,8.44496e-07,6.13493e-06,0.570155,0.000132383,8.14082e-05,0.000104394
0.973748,0.769264,0.000156426,0.000116703,0.000104161,0.900711,0.000137861,6.41686e-05,0.000122017,3.04994e-05,6.22849e-06,8.49083e-07,6.17034e-06,0.570282,0.000133625,8.29393e-05,0.00010477
0.974525,0.769284,0.000158332,0.000118894,0.000104563,0.900822,0.000137931,6.36897e-05,0.000122347,3.02775e-05,6.26426e-06,8.53886e-07,6.20579e-06,0.570411,0.000134915,8.45358e-05,0.000105147
0.975302,0.769287,0.000160052,0.000120826,0.000104965,0.900933,0.000137995,6.31911e-05,0.000122677,3.00526e-05,6.30008e-06,8.5891e-07,6.24126e-06,0.570541,0.000136233,8.61639e-05,0.000105524
0.97608,0.769275,0.000161563,0.000122476,0.000105367,0.901044,0.000138055,6.26777e-05,0.000123007,2.98247e-05,6.33596e-06,8.64159e-07,6.27676e-06,0.570673,0.000137555,8.77857e-05,0.000105902
0.976859,0.769249,0.000162847,0.000123822,0.00010577,0.901156,0.000138114,6.21545e-05,0.000123338,2.95938e-05,6.37191e-06,8.69637e-07,6.31228e-06,0.570807,0.000138854,8.93603e-05,0.000106279
0.977638,0.76921,0.000163882,0.000124839,0.000106173,0.901267,0.000138173,6.16264e-05,0.000123669,2.93599e-05,6.40791e-06,8.75347e-07,6.34784e-06,0.570942,0.000140102,9.08445e-05,0.000106657
0.978418,0.76916,0.000164652,0.000125506,0.000106576,0.901379,0.000138235,6.10982e-05,0.000124,2.9123e-05,6.44397e-06,8.81294e-07,6.38343e-06,0.571079,0.000141267,9.21937e-05,0.000107036
0.979198,0.769101,0.000165137,0.0001258,0.00010698,0.901491,0.000138302,6.05746e-05,0.000124331,2.88831e-05,6.4801e-06,8.87481e-07,6.41904e-06,0.571219,0.000142318,9.33631e-05,0.000107414
0.979979,0.769033,0.000165323,0.0001257,0.000107384,0.901604,0.000138377,6.00605e-05,0.000124663,2.86401e-05,6.51628e-06,8.93912e-07,6.45468e-06,0.571361,0.000143225,9.43077e-05,0.000107793
0.980761,0.768959,0.000165199,0.000125189,0.000107788,0.901716,0.00013846,5.95603e-05,0.000124995,2.83941e-05,6.55253e-06,9.0059e-07,6.49035e-06,0.571505,0.000143959,9.4989e-05,0.000108172
0.981543,0.768879,0.000164774,0.000124277,0.000108193,0.901829,0.000138554,5.90784e-05,0.000125327,2.8145e-05,6.58885e-06,9.07519e-07,6.52605e-06,0.571652,0.000144512,9.53953e-05,0.000108552
0.982326,0.768796,0.000163962,0.000122989,0.00010843,0.901941,0.000138822,5.86188e-05,0.000125839,2.78929e-05,6.62594e-06,9.147e-07,6.5625e-06,0.571801,0.000145193,9.55257e-05,0.000109343
0.98311,0.768711,0.000162839,0.00012135,0.000108585,0.902054,0.000139185,5.81855e-05,0.00012644,2.76376e-05,6.66346e-06,9.22139e-07,6.59935e-06,0.571952,0.000145851,9.5383e-05,0.000110339
0.983894,0.768626,0.000161486,0.000119389,0.000108739,0.902167,0.000139564,5.77819e-05,0.000127041,2.73793e-05,6.70105e-06,9.29836e-07,6.63622e-06,0.572105,0.000146341,9.49729e-05,0.000111337
0.984679,0.768541,0.00015993,0.000117132,0.000108894,0.90228,0.00013996,5.74112e-05,0.000127643,2.71178e-05,6.7387e-06,9.37795e-07,6.67312e-06,0.57226,0.000146671,9.43034e-05,0.000112335
0.985464,0.768458,0.000158198,0.000114609,0.000109048,0.902393,0.000140373,5.70762e-05,0.000128246,2.68533e-05,6.77642e-06,9.46019e-07,6.71006e-06,0.572416,0.000146851,9.33848e-05,0.000113334
0.986251,0.768379,0.000156318,0.000111849,0.000109203,0.902506,0.000140805,5.67792e-05,0.000128849,2.65856e-05,6.8142e-06,9.54509e-07,6.74702e-06,0.572574,0.000146896,9.22289e-05,0.000114334
0.987037,0.768306,0.000154319,0.000108882,0.000109358,0.902619,0.000141254,5.65222e-05,0.000129452,2.63148e-05,6.85206e-06,9.63268e-07,6.78401e-06,0.572734,0.000146818,9.08492e-05,0.000115334
0.987825,0.768239,0.000152231,0.000105741,0.000109513,0.902732,0.000141722,5.63064e-05,0.000130056,2.60408e-05,6.88998e-06,9.72297e-07,6.82104e-06,0.572894,0.000146634,8.92606e-05,0.000116336
0.988613,0.76818,0.000150082,0.000102458,0.000109668,0.902845,0.000142208,5.61327e-05,0.000130661,2.57636e-05,6.92798e-06,9.816e-07,6.85809e-06,0.573056,0.000146358,8.74792e-05,0.000117338
0.989401,0.768131,0.000147903,9.90659e-05,0.000109823,0.902958,0.000142713,5.60015e-05,0.000131266,2.54833e-05,6.96604e-06,9.91177e-07,6.89517e-06,0.573218,0.000146009,8.55222e-05,0.000118341
0.990191,0.768093,0.000145721,9.55997e-05,0.000109979,0.903071,0.000143235,5.59127e-05,0.000131871,2.51998e-05,7.00418e-06,1.00103e-06,6.93228e-06,0.573382,0.000145603,8.34082e-05,0.000119345
0.99098,0.768068,0.000143565,9.2095e-05,0.000110134,0.903184,0.000143775,5.58654e-05,0.000132477,2.49131e-05,7.04239e-06,1.01116e-06,6.96942e-06,0.573546,0.000145156,8.11567e-05,0.000120349
0.991771,0.768055,0.000141463,8.85892e-05,0.00011029,0.903296,0.000144331,5.58586e-05,0.000133084,2.46231e-05,7.08067e-06,1.02157e-06,7.00659e-06,0.57371,0.000144688,7.87889e-05,0.000121355
0.992562,0.768057,0.000139441,8.51206e-05,0.000110445,0.903409,0.000144903,5.58904e-05,0.000133691,2.433e-05,7.11903e-06,1.03226e-06,7.04379e-06,0.573875,0.000144215,7.63267e-05,0.000122361
0.993354,0.768075,0.000137522,8.17289e-05,0.000110601,0.903521,0.00014549,5.59589e-05,0.000134298,2.40336e-05,7.15745e-06,1.04323e-06,7.08102e-06,0.57404,0.000143754,7.37938e-05,0.000123368
0.994146,0.768108,0.000135729,7.84547e-05,0.000110757,0.903634,0.000146091,5.60613e-05,0.000134906,2.3734e-05,7.19596e-06,1.05448e-06,7.11828e-06,0.574206,0.000143321,7.12152e-05,0.000124376
0.994939,0.768159,0.000134081,7.53393e-05,0.000110913,0.903746,0.000146704,5.61949e-05,0.000135514,2.34311e-05,7.23454e-06,1.06602e-06,7.15557e-06,0.574371,0.000142932,6.86173e-05,0.000125385
0.995733,0.768227,0.000132596,7.24238e-05,0.00011107,0.903858,0.000147328,5.63563e-05,0.000136123,2.3125e-05,7.27319e-06,1.07784e-06,7.19288e-06,0.574536,0.000142601,6.60283e-05,0.000126394
0.996527,0.768314,0.000131286,6.97478e-05,0.000111226,0.90397,0.000147962,5.6542e-05,0.000136732,2.28155e-05,7.31192e-06,1.08995e-06,7.23023e-06,0.5747,0.000142342,6.3478e-05,0.000127404
0.997322,0.768419,0.000130161,6.73485e-05,0.000111382,0.904081,0.000148604,5.67484e-05,0.000137342,2.25028e-05,7.35073e-06,1.10234e-06,7.26761e-06,0.574864,0.000142166,6.09975e-05,0.000128415
0.998118,0.768543,0.000129656,6.52581e-05,0.000112036,0.904193,0.000148986,5.69715e-05,0.000137663,2.21868e-05,7.3233e-06,1.11501e-06,7.23792e-06,0.575028,0.00014106,5.86196e-05,0.000128304
0.998914,0.768685,0.000129651,6.35023e-05,0.000113035,0.904304,0.000149187,5.72074e-05,0.000137782,2.18675e-05,7.24991e-06,1.12798e-06,7.16163e-06,0.57519,0.000139328,5.63778e-05,0.000127412
0.999711,0.768846,0.000129846,6.20976e-05,0.000114034,0.904415,0.000149391,5.74521e-05,0.000137902,2.15448e-05,7.17659e-06,1.14123e-06,7.08527e-06,0.575352,0.000137682,5.4306e-05,0.000126519
1.00051,0.769026,0.000130231,6.10499e-05,0.000115034,0.904525,0.000149597,5.77014e-05,0.000138022,2.12188e-05,7.10335e-06,1.15476e-06,7.00886e-06,0.575513,0.000136131,5.24371e-05,0.000125626
1.00131,0.769223,0.000130793,6.03529e-05,0.000116036,0.904636,0.000149805,5.79516e-05,0.000138141,2.08897e-05,7.03019e-06,1.16857e-06,6.93239e-06,0.575672,0.000134681,5.0802e-05,0.000124732
1.00211,0.769439,0.000131516,5.99883e-05,0.000117038,0.904746,0.000150011,5.81986e-05,0.000138261,2.05577e-05,6.9571e-06,1.18262e-06,6.85585e-06,0.57583,0.000133337,4.94273e-05,0.000123838
1.0029,0.769671,0.000132381,5.99268e-05,0.00011804,0.904855,0.000150215,5.84388e-05,0.000138381,2.02231e-05,6.8841e-06,1.19689e-06,6.77925e-06,0.575987,0.000132102,4.83339e-05,0.000122942
1.0037,0.769919,0.000133368,6.01295e-05,0.000119044,0.904965,0.000150415,5.86689e-05,0.000138501,1.98862e-05,6.81118e-06,1.21136e-06,6.7026e-06,0.576142,0.000130976,4.75348e-05,0.000122046
1.00451,0.770183,0.000134454,6.05508e-05,0.000120048,0.905073,0.00015061,5.88854e-05,0.000138621,1.95473e-05,6.73835e-06,1.226e-06,6.62588e-06,0.576295,0.000129959,4.70334e-05,0.000121149
1.00531,0.77046,0.000135618,6.11411e-05,0.000121053,0.905182,0.000150799,5.90856e-05,0.000138742,1.92067e-05,6.6656e-06,1.24078e-06,6.5491e-06,0.576446,0.000129046,4.68233e-05,0.000120252
1.00611,0.770751,0.000136835,6.18494e-05,0.000122059,0.90529,0.000150981,5.92669e-05,0.000138862,1.88647e-05,6.59293e-06,1.25567e-06,6.47225e-06,0.576595,0.000128233,4.6888e-05,0.000119354
1.00691,0.771053,0.000138084,6.26256e-05,0.000123066,0.905398,0.000151155,5.94272e-05,0.000138982,1.85214e-05,6.52036e-06,1.27065e-06,6.39535e-06,0.576742,0.000127513,4.72022e-05,0.000118455
1.00771,0.771365,0.000139344,6.34224e-05,0.000124074,0.905505,0.00015132,5.95648e-05,0.000139103,1.81774e-05,6.44787e-06,1.28568e-06,6.31839e-06,0.576887,0.000126877,4.77336e-05,0.000117555
1.00852,0.771686,0.000140594,6.41967e-05,0.000125082,0.905612,0.000151475,5.96786e-05,0.000139224,1.78327e-05,6.37546e-06,1.30074e-06,6.24136e-06,0.577029,0.000126315,4.84455e-05,0.000116655
1.00932,0.772014,0.000141818,6.49109e-05,0.000126091,0.905718,0.000151622,5.97682e-05,0.000139344,1.74878e-05,6.30314e-06,1.31579e-06,6.16428e-06,0.577168,0.000125815,4.92986e-05,0.000115754
1.01013,0.772347,0.000143001,6.55339e-05,0.000127101,0.905824,0.000151758,5.98337e-05,0.000139465,1.71428e-05,6.23091e-06,1.33081e-06,6.08713e-06,0.577305,0.000125365,5.02532e-05,0.000114852
1.01093,0.772684,0.000144134,6.60461e-05,0.000128112,0.90593,0.000151887,5.98774e-05,0.000139586,1.67982e-05,6.15875e-06,1.34577e-06,6.00992e-06,0.577438,0.000124953,5.12709e-05,0.00011395
1.01174,0.773023,0.000145222,6.64567e-05,0.000129123,0.906034,0.000152009,5.99049e-05,0.000139707,1.64541e-05,6.08668e-06,1.36064e-06,5.93265e-06,0.577569,0.000124565,5.23159e-05,0.000113046
1.01255,0.773362,0.000146274,6.67878e-05,0.000130136,0.906139,0.000152127,5.99221e-05,0.000139828,1.61108e-05,6.01468e-06,1.37539e-06,5.85531e-06,0.577696,0.000124188,5.33554e-05,0.000112143
1.01335,0.773702,0.000147303,6.70672e-05,0.000131149,0.906243,0.000152244,5.99356e-05,0.00013995,1.57687e-05,5.94276e-06,1.38999e-06,5.77792e-06,0.57782,0.00012381,5.43606e-05,0.000111238
1.01416,0.77404,0.000149496,6.73271e-05,0.000133477,0.906346,0.000153085,5.99522e-05,0.000140858,1.5428e-05,5.93942e-06,1.4044e-06,5.77099e-06,0.57794,0.000123769,5.53067e-05,0.000110724
1.01497,0.774375,0.000152817,6.76023e-05,0.00013705,0.90645,0.000154618,5.99788e-05,0.00014251,1.50891e-05,6.00085e-06,1.41862e-06,5.83076e-06,0.578057,0.00012403,5.61734e-05,0.000110581
1.01578,0.774705,0.000156173,6.79293e-05,0.000140626,0.906552,0.00015616,6.00228e-05,0.000144164,1.47521e-05,6.06227e-06,1.43259e-06,5.89057e-06,0.57817,0.000124254,5.69454e-05,0.000110437
1.01659,0.77503,0.000159581,6.83445e-05,0.000144205,0.906655,0.000157716,6.00912e-05,0.000145819,1.44175e-05,6.12368e-06,1.4463e-06,5.95044e-06,0.578279,0.000124433,5.76121e-05,0.000110293
1.0174,0.775347,0.000163051,6.88831e-05,0.000147787,0.906757,0.000159286,6.01913e-05,0.000147476,1.40854e-05,6.18507e-06,1.45973e-06,6.01035e-06,0.578384,0.000124565,5.81688e-05,0.000110149
1.01821,0.775656,0.000166596,6.95774e-05,0.000151371,0.906858,0.000160875,6.03302e-05,0.000149134,1.37561e-05,6.24643e-06,1.47284e-06,6.0703e-06,0.578485,0.000124648,5.86169e-05,0.000110005
1.01903,0.775955,0.000170224,7.04555e-05,0.000154958,0.90696,0.000162482,6.05146e-05,0.000150793,1.343e-05,6.30775e-06,1.4856e-06,6.13031e-06,0.578581,0.000124684,5.89648e-05,0.000109861
1.01984,0.776243,0.000173942,7.15403e-05,0.000158549,0.907061,0.000164112,6.07512e-05,0.000152454,1.31074e-05,6.36903e-06,1.498e-06,6.19036e-06,0.578673,0.000124684,5.92326e-05,0.000109716
1.02065,0.776519,0.000177755,7.28486e-05,0.000162142,0.907162,0.000165765,6.1046e-05,0.000154115,1.27885e-05,6.43028e-06,1.51001e-06,6.25047e-06,0.578761,0.000124666,5.94612e-05,0.000109572
1.02147,0.776782,0.000181667,7.43901e-05,0.000165738,0.907262,0.000167444,6.14046e-05,0.000155779,1.24735e-05,6.49147e-06,1.52161e-06,6.31061e-06,0.578845,0.000124652,5.96973e-05,0.000109427
1.02228,0.77703,0.000185678,7.6168e-05,0.000169336,0.907363,0.000169149,6.18318e-05,0.000157443,1.21629e-05,6.55261e-06,1.53277e-06,6.37081e-06,0.578925,0.000124665,5.99878e-05,0.000109283
1.0231,0.777262,0.000189788,7.81787e-05,0.000172938,0.907463,0.000170883,6.23318e-05,0.000159109,1.18569e-05,6.61369e-06,1.54348e-06,6.43106e-06,0.579002,0.000124726,6.03777e-05,0.000109138
1.02391,0.777478,0.000193993,8.04126e-05,0.000176542,0.907562,0.000172645,6.29081e-05,0.000160776,1.15557e-05,6.67471e-06,1.55372e-06,6.49135e-06,0.579076,0.000124857,6.09083e-05,0.000108993
1.02473,0.777677,0.00019829,8.28549e-05,0.00018015,0.907662,0.000174438,6.35634e-05,0.000162445,1.12597e-05,6.73566e-06,1.56347e-06,6.55169e-06,0.579147,0.000125077,6.16154e-05,0.000108848
1.02555,0.777858,0.000202672,8.54867e-05,0.00018376,0.907762,0.000176261,6.42994e-05,0.000164114,1.09691e-05,6.79655e-06,1.57271e-06,6.61208e-06,0.579215,0.000125403,6.2527e-05,0.000108703
1.02637,0.77802,0.000207131,8.82856e-05,0.000187373,0.907861,0.000178115,6.5117e-05,0.000165786,1.06843e-05,6.85737e-06,1.58143e-06,6.67252e-06,0.579282,0.000125848,6.36627e-05,0.000108558
1.02718,0.778164,0.000211658,9.12268e-05,0.000190989,0.90796,0.000180001,6.60163e-05,0.000167458,1.04054e-05,6.91811e-06,1.58962e-06,6.73301e-06,0.579346,0.000126422,6.50324e-05,0.000108412
1.028,0.778288,0.000216245,9.42838e-05,0.000194608,0.908059,0.000181918,6.69965e-05,0.000169132,1.01329e-05,6.97879e-06,1.59726e-06,6.79354e-06,0.579409,0.00012713,6.66361e-05,0.000108267
1.02882,0.778393,0.000220879,9.74293e-05,0.00019823,0.908158,0.000183866,6.80561e-05,0.000170807,9.86694e-06,7.03939e-06,1.60436e-06,6.85413e-06,0.579471,0.000127975,6.84648e-05,0.000108121
1.02964,0.778478,0.00022555,0.000100635,0.000201855,0.908257,0.000185845,6.91928e-05,0.000172484,9.60787e-06,7.09992e-06,1.6109e-06,6.91476e-06,0.579532,0.000128954,7.05012e-05,0.000107976
1.03047,0.778544,0.000227742,0.000103874,0.000202673,0.908356,0.000186855,7.04038e-05,0.000173084,9.35595e-06,7.12887e-06,1.61688e-06,6.94309e-06,0.579592,0.000129715,7.27214e-05,0.000107413
1.03129,0.77859,0.000226776,0.000107118,0.000199883,0.908454,0.000186617,7.16853e-05,0.0001723,9.11149e-06,7.11725e-06,1.62231e-06,6.92989e-06,0.579652,0.000130162,7.50958e-05,0.000106315
1.03211,0.778617,0.000225875,0.00011034,0.000197091,0.908553,0.000186417,7.30334e-05,0.000171515,8.87476e-06,7.1055e-06,1.62717e-06,6.91668e-06,0.579712,0.000130732,7.75912e-05,0.000105216
1.03293,0.778626,0.000225025,0.000113513,0.000194296,0.908652,0.000186254,7.44436e-05,0.00017073,8.64605e-06,7.09363e-06,1.63149e-06,6.90346e-06,0.579772,0.000131406,8.01717e-05,0.000104116
1.03376,0.778616,0.00022421,0.000116611,0.000191499,0.90875,0.000186128,7.59109e-05,0.000169945,8.42565e-06,7.08162e-06,1.63527e-06,6.89023e-06,0.579832,0.000132167,8.28001e-05,0.000103015
1.03458,0.778589,0.000223414,0.000119609,0.0001887,0.908849,0.000186037,7.74301e-05,0.000169158,8.21384e-06,7.06949e-06,1.63853e-06,6.87699e-06,0.579893,0.000132989,8.54387e-05,0.000101914
1.03541,0.778545,0.000222621,0.000122482,0.000185899,0.908948,0.000185982,7.89958e-05,0.000168371,8.01092e-06,7.05724e-06,1.64128e-06,6.86374e-06,0.579956,0.000133849,8.80499e-05,0.000100811
1.03623,0.778486,0.000221812,0.000125207,0.000183096,0.909046,0.00018596,8.06023e-05,0.000167584,7.81716e-06,7.04487e-06,1.64354e-06,6.85047e-06,0.58002,0.00013472,9.05968e-05,9.97077e-05
1.03706,0.778412,0.000220968,0.00012776,0.00018029,0.909145,0.00018597,8.22439e-05,0.000166795,7.63285e-06,7.03239e-06,1.64535e-06,6.8372e-06,0.580085,0.000135572,9.30436e-05,9.86034e-05
1.03789,0.778325,0.00022007,0.00013012,0.000177482,0.909244,0.00018601,8.39146e-05,0.000166006,7.45829e-06,7.0198e-06,1.64674e-06,6.82392e-06,0.580153,0.000136377,9.53559e-05,9.74982e-05
1.03872,0.778226,0.000219098,0.000132265,0.000174672,0.909343,0.000186079,8.56085e-05,0.000165217,7.29375e-06,7.00711e-06,1.64775e-06,6.81062e-06,0.580222,0.000137105,9.75011e-05,9.63922e-05
1.03954,0.778116,0.000218033,0.000134175,0.000171859,0.909442,0.000186174,8.73197e-05,0.000164427,7.13953e-06,6.99434e-06,1.64842e-06,6.79732e-06,0.580295,0.000137729,9.94481e-05,9.52853e-05
1.04037,0.777997,0.000216856,0.000135832,0.000169044,0.909541,0.000186293,8.90421e-05,0.000163636,6.9959e-06,6.98149e-06,1.6488e-06,6.784e-06,0.58037,0.000138219,0.000101168,9.41775e-05
1.0412,0.77787,0.000215547,0.000137218,0.000166227,0.909641,0.000186434,9.07699e-05,0.000162845,6.86317e-06,6.96858e-06,1.64896e-06,6.77067e-06,0.580449,0.000138549,0.000102635,9.30688e-05
1.04203,0.777737,0.000214089,0.000138318,0.000163408,0.90974,0.000186593,9.24971e-05,0.000162053,6.74161e-06,6.95562e-06,1.64895e-06,6.75734e-06,0.580531,0.000138694,0.000103825,9.19592e-05
1.04287,0.7776,0.000212469,0.000139122,0.000160587,0.90984,0.000186767,9.42179e-05,0.00016126,6.63151e-06,6.94263e-06,1.64887e-06,6.74399e-06,0.580616,0.000138633,0.000104717,9.08487e-05
1.0437,0.777459,0.000210692,0.000139649,0.000157763,0.90994,0.000186953,9.59266e-05,0.000160467,6.53315e-06,6.92964e-06,1.64878e-06,6.73063e-06,0.580706,0.000138347,0.000105295,8.97374e-05
1.04453,0.777317,0.000208769,0.000139925,0.000154937,0.91004,0.000187148,9.76174e-05,0.000159673,6.44683e-06,6.91665e-06,1.64878e-06,6.71726e-06,0.5808,0.000137821,0.000105547,8.86251e-05
1.04536,0.777174,0.000206714,0.000139977,0.000152109,0.910141,0.000187349,9.92846e-05,0.000158878,6.37283e-06,6.90371e-06,1.64898e-06,6.70388e-06,0.580899,0.000137049,0.000105471,8.7512e-05
1.0462,0.777032,0.000204542,0.000139833,0.000149278,0.910242,0.000187552,0.000100923,0.000158083,6.31144e-06,6.89083e-06,1.64949e-06,6.69049e-06,0.581002,0.000136056,0.000105103,8.6398e-05
1.04703,0.776891,0.000203429,0.000139522,0.000148044,0.910343,0.000188221,0.000102527,0.000157846,6.26294e-06,6.82996e-06,1.65042e-06,6.62755e-06,0.58111,0.000135345,0.000104488,8.60264e-05
1.04787,0.776754,0.000204282,0.000139072,0.000149633,0.910444,0.000189704,0.000104091,0.000158597,6.22762e-06,6.68434e-06,1.65191e-06,6.477e-06,0.581221,0.000135323,0.000103677,8.69685e-05
1.0487,0.776621,0.00020507,0.000138511,0.000151223,0.910545,0.000191168,0.000105609,0.000159348,6.20572e-06,6.539e-06,1.6541e-06,6.32633e-06,0.581337,0.000135202,0.000102719,8.79112e-05
1.04954,0.776494,0.000205815,0.000137867,0.000152815,0.910647,0.000192607,0.000107078,0.0001601,6.19706e-06,6.39402e-06,1.65716e-06,6.17554e-06,0.581456,0.000135025,0.000101669,8.88547e-05
1.05038,0.776375,0.000206535,0.000137167,0.000154408,0.91075,0.00019402,0.000108491,0.000160852,6.20129e-06,6.24948e-06,1.66124e-06,6.02464e-06,0.581578,0.000134834,0.00010058,8.9799e-05
1.05121,0.776263,0.000207248,0.000136438,0.000156002,0.910852,0.000195401,0.000109844,0.000161605,6.21804e-06,6.10544e-06,1.66649e-06,5.87361e-06,0.581704,0.000134669,9.95053e-05,9.0744e-05
1.05205,0.776162,0.000207973,0.000135704,0.000157598,0.910955,0.000196749,0.000111131,0.000162358,6.24696e-06,5.96202e-06,1.67306e-06,5.72246e-06,0.581832,0.00013457,9.8499e-05,9.16898e-05
1.05289,0.776071,0.000208723,0.00013499,0.000159194,0.911059,0.00019806,0.000112348,0.000163113,6.28768e-06,5.81929e-06,1.68107e-06,5.57119e-06,0.581964,0.000134571,9.76114e-05,9.26363e-05
1.05373,0.775992,0.000209512,0.000134317,0.000160792,0.911163,0.00019933,0.00011349,0.000163867,6.33985e-06,5.67736e-06,1.69062e-06,5.41979e-06,0.582098,0.000134705,9.68891e-05,9.35836e-05
1.05457,0.775927,0.000210352,0.000133704,0.000162391,0.911267,0.000200557,0.000114553,0.000164623,6.40309e-06,5.53634e-06,1.70183e-06,5.26828e-06,0.582234,0.000134996,9.63732e-05,9.45316e-05
1.05541,0.775875,0.000211252,0.000133169,0.000163992,0.911372,0.000201737,0.000115531,0.000165379,6.47706e-06,5.39634e-06,1.71476e-06,5.11665e-06,0.582373,0.000135467,9.60978e-05,9.54804e-05
1.05626,0.775839,0.00021222,0.000132725,0.000165594,0.911477,0.000202867,0.000116421,0.000166135,6.56139e-06,5.2575e-06,1.72947e-06,4.9649e-06,0.582513,0.000136131,9.6088e-05,9.64299e-05
1.0571,0.775818,0.000213262,0.000132385,0.000167197,0.911583,0.000203944,0.000117218,0.000166892,6.65572e-06,5.11994e-06,1.74601e-06,4.81302e-06,0.582655,0.000136996,9.6359e-05,9.73803e-05
1.05794,0.775814,0.00021438,0.000132155,0.000168801,0.911689,0.000204966,0.000117918,0.00016765,6.75968e-06,4.9838e-06,1.7644e-06,4.66103e-06,0.582799,0.000138064,9.69156e-05,9.83313e-05
1.05879,0.775826,0.000215577,0.000132042,0.000170407,0.911795,0.000205931,0.000118516,0.000168409,6.87293e-06,4.84925e-06,1.78464e-06,4.50891e-06,0.582944,0.000139329,9.77516e-05,9.92831e-05
1.05963,0.775857,0.000216852,0.000132046,0.000172014,0.911903,0.000206835,0.000119009,0.000169168,6.99509e-06,4.71643e-06,1.8067e-06,4.35667e-06,0.58309,0.000140779,9.88506e-05,0.000100236
1.06048,0.775906,0.000218203,0.000132166,0.000173622,0.912011,0.000207677,0.000119392,0.000169927,7.12581e-06,4.58554e-06,1.83057e-06,4.20431e-06,0.583237,0.000142396,0.000100187,0.000101189
1.06132,0.775973,0.000219625,0.000132398,0.000175232,0.912119,0.000208454,0.000119662,0.000170687,7.26472e-06,4.45676e-06,1.85618e-06,4.05183e-06,0.583385,0.000144158,0.000101727,0.000102143
1.06217,0.776059,0.000221113,0.000132732,0.000176842,0.912228,0.000209166,0.000119817,0.000171448,7.41147e-06,4.33029e-06,1.88348e-06,3.89923e-06,0.583533,0.000146038,0.00010343,0.000103098
1.06302,0.776164,0.00022266,0.000133159,0.000178454,0.912338,0.000209814,0.000119857,0.00017221,7.56569e-06,4.20636e-06,1.91237e-06,3.7465e-06,0.583681,0.000148004,0.000105252,0.000104054
1.06386,0.776287,0.000223844,0.000133665,0.000179554,0.912448,0.000210089,0.000119786,0.000172593,7.72702e-06,4.14394e-06,1.94276e-06,3.66031e-06,0.583829,0.000149844,0.000107145,0.000104754
1.06471,0.77643,0.000224033,0.000134234,0.000179365,0.912558,0.000209524,0.000119608,0.00017203,7.89511e-06,4.23033e-06,1.97456e-06,3.74123e-06,0.583978,0.000151258,0.000109058,0.000104811
1.06556,0.77659,0.00022425,0.000134849,0.000179176,0.91267,0.0002089,0.000119326,0.000171465,8.06958e-06,4.3174e-06,2.00764e-06,3.82222e-06,0.584125,0.000152661,0.000110941,0.000104869
1.06641,0.776769,0.000224485,0.000135489,0.000178986,0.912781,0.000208217,0.000118944,0.0001709,8.25009e-06,4.40509e-06,2.04188e-06,3.90327e-06,0.584273,0.000154015,0.000112743,0.000104926
1.06726,0.776964,0.000224724,0.000136134,0.000178797,0.912893,0.00020748,0.000118465,0.000170335,8.43626e-06,4.49332e-06,2.07716e-06,3.98439e-06,0.584419,0.000155282,0.000114416,0.000104984
1.06811,0.777177,0.000224955,0.000136762,0.000178607,0.913006,0.000206689,0.000117893,0.000169769,8.62775e-06,4.58203e-06,2.11333e-06,4.06557e-06,0.584564,0.000156425,0.00011591,0.000105042
1.06897,0.777406,0.000225162,0.00013735,0.000178418,0.913119,0.000205847,0.000117232,0.000169203,8.82418e-06,4.67115e-06,2.15026e-06,4.14681e-06,0.584709,0.000157407,0.000117179,0.0001051
1.06982,0.77765,0.000225332,0.000137874,0.000178228,0.913232,0.000204956,0.000116485,0.000168636,9.0252e-06,4.76062e-06,2.18781e-06,4.22812e-06,0.584851,0.000158192,0.00011818,0.000105157
1.07067,0.777909,0.000225449,0.000138311,0.000178038,0.913346,0.000204019,0.000115658,0.000168069,9.23044e-06,4.85037e-06,2.22583e-06,4.30949e-06,0.584992,0.000158747,0.000118871,0.000105215
1.07153,0.77818,0.000225499,0.000138635,0.000177848,0.913461,0.00020304,0.000114754,0.000167501,9.43955e-06,4.94032e-06,2.26418e-06,4.39093e-06,0.585131,0.000159042,0.000119214,0.000105273
1.07238,0.778464,0.000225465,0.000138824,0.000177657,0.913575,0.000202019,0.000113777,0.000166933,9.65217e-06,5.03042e-06,2.30271e-06,4.47244e-06,0.585269,0.000159059,0.000119186,0.000105331
1.07324,0.778759,0.000225332,0.000138853,0.000177467,0.91369,0.000200961,0.000112731,0.000166365,9.86792e-06,5.1206e-06,2.34127e-06,4.55401e-06,0.585404,0.000158807,0.000118797,0.000105389
1.07409,0.779063,0.000225087,0.000138698,0.000177276,0.913805,0.000199869,0.000111621,0.000165796,1.00865e-05,5.21078e-06,2.37972e-06,4.63564e-06,0.585537,0.000158302,0.000118069,0.000105447
1.07495,0.779376,0.000224715,0.000138338,0.000177086,0.913921,0.000198744,0.000110452,0.000165226,1.03074e-05,5.30091e-06,2.41791e-06,4.71734e-06,0.585668,0.000157565,0.000117028,0.000105505
1.07581,0.779695,0.000224202,0.000137749,0.000176895,0.914036,0.000197591,0.000109227,0.000164656,1.05304e-05,5.39091e-06,2.4557e-06,4.79911e-06,0.585798,0.000156622,0.000115701,0.000105563
1.07666,0.780019,0.000223538,0.000136913,0.000176704,0.914153,0.000196412,0.000107952,0.000164086,1.07552e-05,5.48073e-06,2.49295e-06,4.88094e-06,0.585926,0.000155497,0.000114119,0.000105622
1.07752,0.780348,0.000222726,0.000135831,0.000176512,0.914269,0.000195211,0.000106631,0.000163515,1.09812e-05,5.57029e-06,2.52952e-06,4.96283e-06,0.586052,0.000154218,0.000112317,0.00010568
1.07838,0.780679,0.000221775,0.000134518,0.000176321,0.914385,0.00019399,0.000105269,0.000162944,1.12083e-05,5.65955e-06,2.56526e-06,5.04479e-06,0.586177,0.000152816,0.000110328,0.000105738
1.07924,0.781012,0.000220699,0.00013299,0.00017613,0.914502,0.000192753,0.00010387,0.000162372,1.14359e-05,5.74843e-06,2.60004e-06,5.12682e-06,0.5863,0.000151321,0.00010819,0.000105797
1.0801,0.781346,0.000219511,0.000131267,0.000175938,0.914619,0.000191503,0.00010244,0.0001618,1.16638e-05,5.83688e-06,2.63372e-06,5.20891e-06,0.586421,0.000149763,0.000105942,0.000105855
1.08097,0.781679,0.000218662,0.00012937,0.000176286,0.914736,0.000189904,0.000100984,0.000160828,1.18917e-05,5.89795e-06,2.66616e-06,5.26093e-06,0.586542,0.000147877,0.000103624,0.000105498
1.08183,0.78201,0.000219402,0.000127321,0.00017868,0.914853,0.000187012,9.9507e-05,0.000158341,1.2119e-05,5.85681e-06,2.69725e-06,5.19876e-06,0.586661,0.000144855,0.000101276,0.000103567
1.08269,0.782338,0.000220114,0.000125147,0.000181076,0.91497,0.00018411,9.80136e-05,0.000155852,1.23455e-05,5.81547e-06,2.72684e-06,5.13654e-06,0.586778,0.00014184,9.89403e-05,0.000101634
1.08355,0.782662,0.000220816,0.000122871,0.000183474,0.915087,0.0001812,9.65091e-05,0.000153361,1.25709e-05,5.77384e-06,2.75481e-06,5.07427e-06,0.586895,0.000138862,9.66579e-05,9.96992e-05
1.08442,0.78298,0.000221527,0.000120522,0.000185873,0.915205,0.000178286,9.4999e-05,0.000150868,1.27946e-05,5.73183e-06,2.78103e-06,5.01196e-06,0.58701,0.000135949,9.44691e-05,9.77632e-05
1.08528,0.783292,0.000222264,0.000118126,0.000188275,0.915322,0.00017537,9.34884e-05,0.000148373,1.30165e-05,5.68934e-06,2.80538e-06,4.94959e-06,0.587125,0.000133126,9.2412e-05,9.58257e-05
1.08615,0.783596,0.000223041,0.000115711,0.000190679,0.91544,0.000172455,9.19828e-05,0.000145876,1.32361e-05,5.64629e-06,2.82774e-06,4.88717e-06,0.587238,0.000130418,9.05221e-05,9.38866e-05
1.08702,0.783891,0.000223875,0.000113307,0.000193084,0.915557,0.000169543,9.04875e-05,0.000143377,1.34531e-05,5.60257e-06,2.84798e-06,4.82471e-06,0.58735,0.000127847,8.88301e-05,9.1946e-05
1.08788,0.784176,0.000224778,0.000110942,0.000195492,0.915675,0.000166639,8.90077e-05,0.000140876,1.36671e-05,5.55809e-06,2.86599e-06,4.76219e-06,0.587462,0.00012543,8.73612e-05,9.00038e-05
1.08875,0.784449,0.000225762,0.000108644,0.000197901,0.915792,0.000163743,8.75488e-05,0.000138373,1.38777e-05,5.51275e-06,2.88166e-06,4.69963e-06,0.587573,0.000123181,8.61338e-05,8.806e-05
1.08962,0.784711,0.000226836,0.000106441,0.000200312,0.91591,0.000160861,8.61162e-05,0.000135868,1.40846e-05,5.46645e-06,2.89486e-06,4.63701e-06,0.587683,0.00012111,8.51578e-05,8.61148e-05
1.09049,0.784961,0.000228009,0.000104359,0.000202725,0.916027,0.000157993,8.47149e-05,0.000133361,1.42875e-05,5.41908e-06,2.90548e-06,4.57434e-06,0.587792,0.00011922,8.44347e-05,8.41679e-05
1.09136,0.785196,0.000229288,0.000102422,0.000205141,0.916144,0.000155144,8.33502e-05,0.000130852,1.44859e-05,5.37055e-06,2.91342e-06,4.51163e-06,0.587901,0.000117511,8.39564e-05,8.22195e-05
1.09223,0.785417,0.000230676,0.000100654,0.000207558,0.916261,0.000152315,8.20268e-05,0.000128341,1.46795e-05,5.32076e-06,2.91857e-06,4.44886e-06,0.588009,0.000115974,8.37062e-05,8.02696e-05
1.0931,0.785623,0.000232175,9.90722e-05,0.000209977,0.916378,0.00014951,8.07496e-05,0.000125828,1.4868e-05,5.26959e-06,2.92083e-06,4.38605e-06,0.588117,0.000114597,8.36586e-05,7.83181e-05
1.09397,0.785813,0.000233788,9.76933e-05,0.000212397,0.916495,0.000146731,7.95231e-05,0.000123313,1.50509e-05,5.21697e-06,2.92008e-06,4.32318e-06,0.588224,0.000113362,8.37812e-05,7.6365e-05
1.09484,0.785988,0.000235511,9.65282e-05,0.00021482,0.916612,0.000143982,7.83515e-05,0.000120796,1.5228e-05,5.16278e-06,2.91623e-06,4.26026e-06,0.588331,0.000112245,8.40354e-05,7.44104e-05
1.09572,0.786145,0.000237343,9.55836e-05,0.000217245,0.916728,0.000141263,7.72387e-05,0.000118277,1.53988e-05,5.10692e-06,2.90919e-06,4.1973e-06,0.588438,0.000111218,8.43784e-05,7.24543e-05
1.09659,0.786286,0.000239279,9.48612e-05,0.000219672,0.916845,0.000138579,7.61882e-05,0.000115756,1.55631e-05,5.04932e-06,2.89885e-06,4.13428e-06,0.588545,0.000110249,8.47645e-05,7.04965e-05
1.09747,0.78641,0.000241313,9.43572e-05,0.0002221,0.916961,0.000135931,7.52031e-05,0.000113233,1.57203e-05,4.98987e-06,2.88513e-06,4.07121e-06,0.588651,0.000109304,8.51464e-05,6.85372e-05
1.09834,0.786517,0.000243419,9.4063e-05,0.00022451,0.917076,0.000133723,7.42858e-05,0.000111191,1.58703e-05,4.93305e-06,2.86795e-06,4.01371e-06,0.588758,0.000108529,8.54766e-05,6.68753e-05
1.09922,0.786607,0.000245482,9.39649e-05,0.000226786,0.917192,0.000134187,7.34384e-05,0.000112308,1.60126e-05,4.9041e-06,2.84724e-06,3.99292e-06,0.588864,0.000108893,8.57086e-05,6.71693e-05
1.1001,0.78668,0.000247618,9.40449e-05,0.000229064,0.917307,0.000134704,7.26623e-05,0.000113426,1.61474e-05,4.87315e-06,2.8231e-06,3.97211e-06,0.588971,0.000109145,8.5798e-05,6.74635e-05
1.10097,0.786737,0.000249817,9.4281e-05,0.000231344,0.917422,0.000135272,7.19582e-05,0.000114545,1.62748e-05,4.84029e-06,2.79568e-06,3.95128e-06,0.589077,0.000109263,8.57167e-05,6.77579e-05
1.10185,0.786777,0.000252069,9.4648e-05,0.000233625,0.917537,0.000135888,7.13263e-05,0.000115664,1.63949e-05,4.80564e-06,2.76511e-06,3.93044e-06,0.589184,0.000109243,8.5457e-05,6.80526e-05
1.10273,0.786801,0.000254362,9.51183e-05,0.000235908,0.917651,0.000136552,7.07659e-05,0.000116785,1.65079e-05,4.7693e-06,2.73155e-06,3.90958e-06,0.58929,0.000109084,8.50178e-05,6.83475e-05
1.10361,0.786811,0.000256685,9.56622e-05,0.000238193,0.917765,0.000137261,7.02759e-05,0.000117906,1.66139e-05,4.73137e-06,2.69515e-06,3.88871e-06,0.589397,0.000108792,8.44026e-05,6.86427e-05
1.10449,0.786805,0.000259026,9.62491e-05,0.00024048,0.917878,0.000138013,6.98542e-05,0.000119029,1.67132e-05,4.69198e-06,2.65606e-06,3.86781e-06,0.589503,0.000108372,8.36186e-05,6.8938e-05
1.10537,0.786786,0.000261373,9.68474e-05,0.000242769,0.917991,0.000138804,6.94981e-05,0.000120152,1.68058e-05,4.65124e-06,2.61446e-06,3.8469e-06,0.58961,0.000107836,8.2676e-05,6.92337e-05
1.10625,0.786754,0.000263715,9.74255e-05,0.000245059,0.918104,0.000139632,6.92045e-05,0.000121276,1.6892e-05,4.60929e-06,2.5705e-06,3.82598e-06,0.589716,0.000107196,8.15881e-05,6.95295e-05
1.10714,0.786709,0.00026604,9.79522e-05,0.000247352,0.918216,0.000140495,6.89695e-05,0.000122401,1.69718e-05,4.56625e-06,2.52435e-06,3.80504e-06,0.589822,0.000106466,8.03698e-05,6.98256e-05
1.10802,0.786654,0.000268337,9.83966e-05,0.000249646,0.918328,0.000141389,6.87885e-05,0.000123527,1.70455e-05,4.52226e-06,2.4762e-06,3.78408e-06,0.589928,0.00010566,7.90382e-05,7.01219e-05
1.1089,0.786589,0.000270596,9.87287e-05,0.000251942,0.918439,0.000142311,6.86566e-05,0.000124654,1.71131e-05,4.47745e-06,2.42623e-06,3.7631e-06,0.590034,0.000104797,7.76117e-05,7.04185e-05
1.10979,0.786515,0.000272805,9.89193e-05,0.00025424,0.91855,0.000143258,6.85686e-05,0.000125782,1.71749e-05,4.43195e-06,2.37462e-06,3.74211e-06,0.590139,0.000103891,7.611e-05,7.07153e-05
1.11067,0.786434,0.000274958,9.89405e-05,0.000256539,0.91866,0.000144226,6.85185e-05,0.000126911,1.72309e-05,4.38592e-06,2.32158e-06,3.7211e-06,0.590244,0.000102961,7.45534e-05,7.10123e-05
1.11156,0.786347,0.000277044,9.87656e-05,0.000258841,0.918769,0.000145212,6.85003e-05,0.00012804,1.72815e-05,4.33949e-06,2.26729e-06,3.70007e-06,0.590348,0.000102023,7.29629e-05,7.13096e-05
1.11245,0.786255,0.000279057,9.83693e-05,0.000261144,0.918878,0.000146213,6.85078e-05,0.000129171,1.73266e-05,4.2928e-06,2.21199e-06,3.67903e-06,0.590453,0.000101093,7.13599e-05,7.16071e-05
1.11333,0.78616,0.000280994,9.77345e-05,0.000263449,0.918987,0.000147226,6.85343e-05,0.000130302,1.73665e-05,4.24601e-06,2.15588e-06,3.65797e-06,0.590556,0.000100187,6.97654e-05,7.19049e-05
1.11422,0.786062,0.000282859,9.68642e-05,0.000265756,0.919095,0.000148247,6.85734e-05,0.000131434,1.74012e-05,4.19924e-06,2.0992e-06,3.6369e-06,0.590659,9.932e-05,6.81998e-05,7.22029e-05
1.11511,0.785963,0.000284658,9.57676e-05,0.000268065,0.919202,0.000149274,6.86183e-05,0.000132567,1.74311e-05,4.15266e-06,2.04218e-06,3.6158e-06,0.590762,9.85038e-05,6.66827e-05,7.25011e-05
1.116,0.785863,0.000286297,9.44567e-05,0.000270266,0.919308,0.000150236,6.86624e-05,0.000133627,1.74562e-05,4.10697e-06,1.98509e-06,3.59536e-06,0.590864,9.77685e-05,6.52321e-05,7.28249e-05
1.11689,0.785765,0.000286137,9.29462e-05,0.000270621,0.919414,0.000150089,6.86991e-05,0.000133443,1.74766e-05,4.07167e-06,1.92819e-06,3.58617e-06,0.590965,9.74257e-05,6.38638e-05,7.35744e-05
1.11778,0.785667,0.000285929,9.1253e-05,0.000270976,0.919519,0.000149935,6.87218e-05,0.000133258,1.74926e-05,4.03709e-06,1.87175e-06,3.57696e-06,0.591066,9.71689e-05,6.25913e-05,7.43245e-05
1.11867,0.785573,0.000285679,8.93961e-05,0.000271332,0.919624,0.000149772,6.87241e-05,0.000133073,1.75043e-05,4.00337e-06,1.81608e-06,3.56775e-06,0.591166,9.70014e-05,6.14247e-05,7.50752e-05
1.11956,0.785482,0.000285399,8.73966e-05,0.000271688,0.919728,0.000149597,6.87014e-05,0.000132888,1.75118e-05,3.97063e-06,1.76147e-06,3.55853e-06,0.591265,9.69241e-05,6.03708e-05,7.58264e-05
1.12046,0.785396,0.000285097,8.52774e-05,0.000272044,0.919831,0.000149409,6.86509e-05,0.000132703,1.75153e-05,3.93899e-06,1.70825e-06,3.5493e-06,0.591364,9.69352e-05,5.94323e-05,7.65783e-05
1.12135,0.785316,0.000284783,8.30635e-05,0.0002724,0.919933,0.000149208,6.85706e-05,0.000132518,1.75149e-05,3.90857e-06,1.65676e-06,3.54007e-06,0.591461,9.70307e-05,5.8608e-05,7.73308e-05
1.12225,0.785242,0.000284468,8.07816e-05,0.000272757,0.920035,0.000148992,6.84588e-05,0.000132333,1.75109e-05,3.87946e-06,1.60733e-06,3.53083e-06,0.591558,9.72041e-05,5.78926e-05,7.80839e-05
1.12314,0.785177,0.000284161,7.84604e-05,0.000273114,0.920136,0.000148761,6.83142e-05,0.000132147,1.75033e-05,3.85177e-06,1.56033e-06,3.52158e-06,0.591654,9.74474e-05,5.72767e-05,7.88376e-05
1.12404,0.78512,0.00028387,7.61307e-05,0.000273471,0.920236,0.000148514,6.81361e-05,0.000131961,1.74924e-05,3.82557e-06,1.51611e-06,3.51232e-06,0.591749,9.77507e-05,5.67479e-05,7.95919e-05
1.12493,0.785073,0.000283606,7.38251e-05,0.000273829,0.920336,0.000148251,6.79239e-05,0.000131776,1.74782e-05,3.80094e-06,1.47503e-06,3.50306e-06,0.591843,9.81033e-05,5.62907e-05,8.03468e-05
1.12583,0.785036,0.000283376,7.15779e-05,0.000274187,0.920435,0.000147973,6.76774e-05,0.00013159,1.74609e-05,3.77793e-06,1.43745e-06,3.49378e-06,0.591936,9.84936e-05,5.58875e-05,8.11023e-05
1.12673,0.785011,0.000283187,6.94253e-05,0.000274545,0.920533,0.000147679,6.73968e-05,0.000131403,1.74407e-05,3.75661e-06,1.40368e-06,3.48451e-06,0.592028,9.89101e-05,5.55195e-05,8.18584e-05
1.12763,0.784998,0.000283046,6.74043e-05,0.000274903,0.920631,0.00014737,6.70823e-05,0.000131217,1.74177e-05,3.73699e-06,1.37403e-06,3.47522e-06,0.592119,9.93415e-05,5.51678e-05,8.26151e-05
1.12853,0.784998,0.00028296,6.55525e-05,0.000275262,0.920728,0.000147046,6.67346e-05,0.000131031,1.73922e-05,3.71911e-06,1.34875e-06,3.46593e-06,0.592208,9.97776e-05,5.48143e-05,8.33724e-05
1.12943,0.785011,0.000282933,6.3907e-05,0.000275621,0.920825,0.000146708,6.63544e-05,0.000130844,1.73641e-05,3.70297e-06,1.32805e-06,3.45662e-06,0.592297,0.000100209,5.44428e-05,8.41303e-05
1.13033,0.785039,0.00028297,6.25029e-05,0.00027598,0.920921,0.000146355,6.59428e-05,0.000130657,1.73338e-05,3.68856e-06,1.31205e-06,3.44732e-06,0.592384,0.000100631,5.40424e-05,8.48888e-05
1.13123,0.78508,0.000283073,6.13717e-05,0.00027634,0.921017,0.00014599,6.55009e-05,0.000130471,1.73013e-05,3.67586e-06,1.30082e-06,3.438e-06,0.59247,0.000101047,5.36185e-05,8.56479e-05
1.13213,0.785137,0.000283245,6.05398e-05,0.0002767,0.921112,0.000145612,6.50302e-05,0.000130284,1.72669e-05,3.66485e-06,1.29433e-06,3.42868e-06,0.592556,0.000101464,5.31851e-05,8.64076e-05
1.13304,0.785208,0.000283488,6.00263e-05,0.00027706,0.921207,0.000145222,6.45321e-05,0.000130096,1.72306e-05,3.65546e-06,1.29247e-06,3.41935e-06,0.59264,0.000101892,5.27606e-05,8.7168e-05
1.13394,0.785296,0.000283801,5.98418e-05,0.00027742,0.921301,0.000144822,6.40082e-05,0.000129909,1.71926e-05,3.64764e-06,1.29505e-06,3.41001e-06,0.592723,0.000102341,5.23662e-05,8.79289e-05
1.13484,0.785398,0.000283631,5.99874e-05,0.000277215,0.921395,0.000145885,6.34604e-05,0.000131359,1.7153e-05,3.6218e-06,1.3018e-06,3.37976e-06,0.592806,0.000102112,5.20258e-05,8.78641e-05
1.13575,0.785516,0.000283519,6.04547e-05,0.000276998,0.921488,0.000146978,6.28905e-05,0.000132844,1.71122e-05,3.59702e-06,1.31241e-06,3.34905e-06,0.592888,0.000101908,5.17643e-05,8.77823e-05
1.13666,0.78565,0.000283472,6.12264e-05,0.000276781,0.921581,0.000148073,6.23005e-05,0.000134329,1.707e-05,3.57363e-06,1.32648e-06,3.31832e-06,0.592969,0.000101758,5.16067e-05,8.77005e-05
1.13756,0.785799,0.000283489,6.22773e-05,0.000276563,0.921673,0.000149171,6.16925e-05,0.000135817,1.70269e-05,3.55153e-06,1.34361e-06,3.28757e-06,0.59305,0.000101672,5.15769e-05,8.76186e-05
1.13847,0.785963,0.000283565,6.35766e-05,0.000276346,0.921765,0.000150273,6.10688e-05,0.000137305,1.69828e-05,3.53064e-06,1.36335e-06,3.25679e-06,0.59313,0.000101662,5.16964e-05,8.75366e-05
1.13938,0.786141,0.000283696,6.50891e-05,0.000276128,0.921857,0.00015138,6.04315e-05,0.000138794,1.6938e-05,3.51083e-06,1.38527e-06,3.22598e-06,0.593211,0.000101737,5.19829e-05,8.74545e-05
1.14029,0.786334,0.000283876,6.67777e-05,0.00027591,0.921948,0.000152492,5.9783e-05,0.000140285,1.68925e-05,3.49199e-06,1.4089e-06,3.19516e-06,0.593291,0.000101906,5.24497e-05,8.73724e-05
1.1412,0.786541,0.0002841,6.8604e-05,0.000275692,0.922038,0.000153611,5.91257e-05,0.000141777,1.68466e-05,3.47399e-06,1.43381e-06,3.1643e-06,0.593371,0.000102175,5.31045e-05,8.72902e-05
1.14211,0.786761,0.00028436,7.05302e-05,0.000275474,0.922129,0.000154738,5.84619e-05,0.000143269,1.68005e-05,3.45668e-06,1.45956e-06,3.13343e-06,0.593451,0.000102546,5.39493e-05,8.7208e-05
1.14302,0.786993,0.000284648,7.25196e-05,0.000275255,0.922219,0.000155874,5.77942e-05,0.000144764,1.67542e-05,3.43993e-06,1.48575e-06,3.10252e-06,0.593531,0.000103023,5.498e-05,8.71257e-05
1.14393,0.787236,0.000284958,7.45368e-05,0.000275037,0.922309,0.000157019,5.7125e-05,0.000146259,1.67079e-05,3.42357e-06,1.51199e-06,3.0716e-06,0.593612,0.000103603,5.6187e-05,8.70433e-05
1.14484,0.787491,0.00028528,7.65484e-05,0.000274818,0.922398,0.000158174,5.64568e-05,0.000147756,1.66618e-05,3.40744e-06,1.5379e-06,3.04065e-06,0.593692,0.000104283,5.75558e-05,8.69609e-05
1.14575,0.787755,0.000285605,7.85228e-05,0.000274599,0.922487,0.00015934,5.57922e-05,0.000149253,1.6616e-05,3.39139e-06,1.56313e-06,3.00967e-06,0.593773,0.000105056,5.90677e-05,8.68784e-05
1.14667,0.788028,0.000285925,8.04302e-05,0.00027438,0.922576,0.000160518,5.51334e-05,0.000150752,1.65707e-05,3.37524e-06,1.58738e-06,2.97867e-06,0.593855,0.000105916,6.07008e-05,8.67958e-05
1.14758,0.788308,0.00028623,8.22425e-05,0.000274161,0.922665,0.000161707,5.44831e-05,0.000152252,1.65261e-05,3.35883e-06,1.61031e-06,2.94764e-06,0.593937,0.000106849,6.24308e-05,8.67131e-05
1.1485,0.788595,0.000286511,8.39333e-05,0.000273941,0.922753,0.000162909,5.38436e-05,0.000153754,1.64822e-05,3.34198e-06,1.63166e-06,2.91659e-06,0.59402,0.000107845,6.42319e-05,8.66304e-05
1.14942,0.788887,0.000286757,8.54776e-05,0.000273721,0.922841,0.000164124,5.32171e-05,0.000155256,1.64393e-05,3.32454e-06,1.65116e-06,2.88552e-06,0.594104,0.000108888,6.60771e-05,8.65477e-05
1.15033,0.789183,0.00028696,8.68516e-05,0.000273502,0.922929,0.000165351,5.26059e-05,0.00015676,1.63975e-05,3.30632e-06,1.66854e-06,2.85442e-06,0.594189,0.000109963,6.79394e-05,8.64648e-05
1.15125,0.789482,0.000287111,8.80327e-05,0.000273282,0.923016,0.000166592,5.20122e-05,0.000158265,1.63569e-05,3.28717e-06,1.6836e-06,2.82329e-06,0.594274,0.000111053,6.97916e-05,8.63819e-05
1.15217,0.789781,0.000287201,8.90054e-05,0.000273061,0.923104,0.000167847,5.14379e-05,0.000159771,1.63177e-05,3.26695e-06,1.69613e-06,2.79215e-06,0.594361,0.000112138,7.16067e-05,8.6299e-05
1.15309,0.790081,0.000286463,8.97706e-05,0.000272033,0.923191,0.000165455,5.08848e-05,0.000157436,1.62799e-05,3.2786e-06,1.70613e-06,2.79971e-06,0.594449,0.000112873,7.33586e-05,8.5783e-05
1.15401,0.790381,0.000285581,9.03337e-05,0.000270918,0.923278,0.000162678,5.03547e-05,0.000154689,1.62433e-05,3.29248e-06,1.71358e-06,2.81142e-06,0.594538,0.000113537,7.50214e-05,8.52205e-05
1.15493,0.790679,0.00028464,9.07012e-05,0.000269802,0.923365,0.000159908,4.9849e-05,0.00015194,1.62079e-05,3.30507e-06,1.71854e-06,2.82313e-06,0.594628,0.000114149,7.65703e-05,8.46575e-05
1.15585,0.790974,0.000283639,9.08806e-05,0.000268685,0.923451,0.000157145,4.93691e-05,0.000149189,1.61737e-05,3.31638e-06,1.72103e-06,2.83486e-06,0.59472,0.000114686,7.79811e-05,8.40941e-05
1.15677,0.791267,0.00028258,9.08801e-05,0.000267567,0.923538,0.000154389,4.89159e-05,0.000146435,1.61405e-05,3.32646e-06,1.72111e-06,2.84659e-06,0.594814,0.000115129,7.92305e-05,8.35302e-05
1.15769,0.791556,0.000281465,9.07082e-05,0.000266449,0.923625,0.000151641,4.84903e-05,0.000143679,1.61083e-05,3.33535e-06,1.71885e-06,2.85834e-06,0.594909,0.000115459,8.02961e-05,8.29659e-05
1.15862,0.791839,0.000280298,9.03739e-05,0.000265329,0.923711,0.000148902,4.80929e-05,0.000140921,1.60771e-05,3.3431e-06,1.71432e-06,2.87009e-06,0.595006,0.000115656,8.11563e-05,8.24011e-05
1.15954,0.792117,0.00027908,8.98864e-05,0.000264208,0.923797,0.000146172,4.7724e-05,0.000138161,1.60467e-05,3.34978e-06,1.70761e-06,2.88186e-06,0.595105,0.000115701,8.17906e-05,8.18358e-05
1.16047,0.792388,0.000277815,8.92547e-05,0.000263087,0.923883,0.000143451,4.73835e-05,0.000135399,1.60172e-05,3.35544e-06,1.69879e-06,2.89363e-06,0.595205,0.000115578,8.21793e-05,8.12701e-05
1.16139,0.792651,0.000276506,8.8488e-05,0.000261965,0.92397,0.000140739,4.70714e-05,0.000132634,1.59884e-05,3.36016e-06,1.68798e-06,2.90541e-06,0.595308,0.00011527,8.23045e-05,8.0704e-05
1.16232,0.792906,0.000275157,8.75954e-05,0.000260842,0.924056,0.000138039,4.67869e-05,0.000129868,1.59602e-05,3.36402e-06,1.67528e-06,2.9172e-06,0.595413,0.000114772,8.21623e-05,8.01374e-05
1.16325,0.793151,0.00027377,8.65857e-05,0.000259717,0.924142,0.000135348,4.65293e-05,0.000127099,1.59327e-05,3.36708e-06,1.66078e-06,2.929e-06,0.59552,0.000114093,8.17659e-05,7.95704e-05
1.16417,0.793386,0.000272351,8.54678e-05,0.000258592,0.924228,0.000132668,4.62975e-05,0.000124328,1.59058e-05,3.36944e-06,1.64461e-06,2.94081e-06,0.595629,0.000113241,8.11305e-05,7.90029e-05
1.1651,0.793609,0.000270901,8.425e-05,0.000257467,0.924314,0.000129999,4.60902e-05,0.000121554,1.58793e-05,3.37117e-06,1.62688e-06,2.95263e-06,0.595739,0.00011223,8.02722e-05,7.84349e-05
1.16603,0.793821,0.000269424,8.29406e-05,0.00025634,0.9244,0.000127341,4.59058e-05,0.000118779,1.58532e-05,3.37236e-06,1.60773e-06,2.96446e-06,0.595851,0.000111073,7.92081e-05,7.78665e-05
1.16696,0.794021,0.000267924,8.15479e-05,0.000255212,0.924486,0.000124694,4.57424e-05,0.000116001,1.58275e-05,3.37309e-06,1.58727e-06,2.9763e-06,0.595964,0.000109782,7.79557e-05,7.72977e-05
1.16789,0.794208,0.000266404,8.00794e-05,0.000254084,0.924572,0.000122058,4.5598e-05,0.000113221,1.58021e-05,3.37346e-06,1.56564e-06,2.98814e-06,0.596079,0.000108373,7.65334e-05,7.67284e-05
1.16882,0.79438,0.000264867,7.8543e-05,0.000252954,0.924659,0.000119433,4.54704e-05,0.000110439,1.57769e-05,3.37354e-06,1.54298e-06,3e-06,0.596195,0.00010686,7.49598e-05,7.61586e-05
1.16976,0.794539,0.000263317,7.6946e-05,0.000251824,0.924745,0.000116819,4.53571e-05,0.000107654,1.57519e-05,3.37343e-06,1.51943e-06,3.01187e-06,0.596312,0.00010526,7.3254e-05,7.55884e-05
1.17069,0.794683,0.000261756,7.52956e-05,0.000250692,0.924831,0.000114216,4.52556e-05,0.000104868,1.57269e-05,3.3732e-06,1.49514e-06,3.02374e-06,0.596431,0.000103589,7.14354e-05,7.50177e-05
1.17162,0.794813,0.000261099,7.35991e-05,0.000250511,0.924918,0.000113438,4.51634e-05,0.000104059,1.5702e-05,3.35568e-06,1.47026e-06,3.01644e-06,0.59655,0.000101799,6.95237e-05,7.43611e-05
1.17256,0.794927,0.000260632,7.18634e-05,0.000250529,0.925004,0.000113041,4.50775e-05,0.000103664,1.5677e-05,3.33447e-06,1.44495e-06,3.00513e-06,0.59667,9.99555e-05,6.75387e-05,7.3686e-05
1.17349,0.795025,0.000260167,7.00954e-05,0.000250546,0.925091,0.000112645,4.49953e-05,0.000103268,1.56519e-05,3.31323e-06,1.41935e-06,2.99381e-06,0.596791,9.80856e-05,6.55002e-05,7.30104e-05
1.17443,0.795108,0.000259707,6.83022e-05,0.000250564,0.925178,0.00011225,4.49139e-05,0.000102872,1.56267e-05,3.29203e-06,1.39364e-06,2.98249e-06,0.596912,9.62048e-05,6.34281e-05,7.23342e-05
1.17537,0.795176,0.000259253,6.64907e-05,0.000250582,0.925265,0.000111853,4.48305e-05,0.000102476,1.56012e-05,3.27095e-06,1.36798e-06,2.97115e-06,0.597034,9.43273e-05,6.13419e-05,7.16575e-05
1.1763,0.795228,0.000258809,6.46679e-05,0.000250599,0.925352,0.000111454,4.47422e-05,0.000102079,1.55754e-05,3.25005e-06,1.34254e-06,2.9598e-06,0.597156,9.24665e-05,5.92609e-05,7.09803e-05
1.17724,0.795264,0.000258375,6.28409e-05,0.000250617,0.92544,0.000111052,4.46464e-05,0.000101682,1.55493e-05,3.22941e-06,1.31747e-06,2.94844e-06,0.597279,9.06349e-05,5.72035e-05,7.03025e-05
1.17818,0.795285,0.000257955,6.10169e-05,0.000250634,0.925527,0.000110646,4.45404e-05,0.000101285,1.55227e-05,3.20908e-06,1.29296e-06,2.93708e-06,0.597402,8.88436e-05,5.51875e-05,6.96242e-05
1.17912,0.795291,0.000257549,5.92032e-05,0.000250652,0.925615,0.000110234,4.44215e-05,0.000100888,1.54956e-05,3.18913e-06,1.26916e-06,2.92571e-06,0.597524,8.71024e-05,5.32294e-05,6.89453e-05
1.18006,0.795282,0.000257159,5.74074e-05,0.000250669,0.925703,0.000109816,4.42875e-05,0.00010049,1.5468e-05,3.16961e-06,1.24624e-06,2.91432e-06,0.597647,8.54192e-05,5.13439e-05,6.82659e-05
1.181,0.795259,0.000256787,5.56372e-05,0.000250687,0.925791,0.00010939,4.4136e-05,0.000100091,1.54398e-05,3.15057e-06,1.22436e-06,2.90293e-06,0.597769,8.38003e-05,4.95442e-05,6.7586e-05
1.18195,0.795223,0.000256433,5.39004e-05,0.000250705,0.92588,0.000108957,4.39651e-05,9.96929e-05,1.54108e-05,3.13206e-06,1.20367e-06,2.89153e-06,0.597892,8.22501e-05,4.78407e-05,6.69055e-05
1.18289,0.795173,0.0002561,5.22049e-05,0.000250722,0.925969,0.000108515,4.37736e-05,9.9294e-05,1.53811e-05,3.11411e-06,1.18432e-06,2.88012e-06,0.598013,8.07708e-05,4.62412e-05,6.62245e-05
1.18383,0.795111,0.000255787,5.05589e-05,0.00025074,0.926058,0.000108064,4.35624e-05,9.88949e-05,1.53506e-05,3.09677e-06,1.16642e-06,2.8687e-06,0.598135,7.93628e-05,4.47503e-05,6.55429e-05
1.18478,0.795037,0.000255495,4.89703e-05,0.000250758,0.926147,0.000107606,4.33325e-05,9.84954e-05,1.53191e-05,3.08005e-06,1.1501e-06,2.85727e-06,0.598255,7.80245e-05,4.33693e-05,6.48608e-05
1.18572,0.794953,0.000255225,4.74475e-05,0.000250775,0.926237,0.000107141,4.30855e-05,9.80956e-05,1.52867e-05,3.06399e-06,1.13546e-06,2.84583e-06,0.598375,7.67524e-05,4.20962e-05,6.41781e-05
1.18667,0.794859,0.000254977,4.59983e-05,0.000250793,0.926326,0.000106669,4.28232e-05,9.76954e-05,1.52534e-05,3.04859e-06,1.12256e-06,2.83439e-06,0.598494,7.55415e-05,4.09257e-05,6.34949e-05
1.18761,0.794755,0.000254751,4.46307e-05,0.000250811,0.926416,0.000106191,4.25477e-05,9.7295e-05,1.52189e-05,3.03386e-06,1.11147e-06,2.82293e-06,0.598612,7.43857e-05,3.98495e-05,6.28112e-05
1.18856,0.794644,0.000254547,4.33524e-05,0.000250829,0.926507,0.00010571,4.22612e-05,9.68942e-05,1.51832e-05,3.01981e-06,1.10222e-06,2.81147e-06,0.598729,7.32779e-05,3.88574e-05,6.21269e-05
1.18951,0.794527,0.000254366,4.21708e-05,0.000250846,0.926597,0.000105224,4.19664e-05,9.64931e-05,1.51464e-05,3.00642e-06,1.0948e-06,2.79999e-06,0.598845,7.22108e-05,3.79378e-05,6.14421e-05
1.19046,0.794403,0.000254082,4.10932e-05,0.000250737,0.926688,0.000104694,4.1666e-05,9.60455e-05,1.51083e-05,3.00425e-06,1.0892e-06,2.79985e-06,0.59896,7.16086e-05,3.70792e-05,6.12612e-05
1.19141,0.794276,0.000253777,4.01264e-05,0.000250585,0.926778,0.000104148,4.13629e-05,9.55822e-05,1.50688e-05,3.00624e-06,1.08537e-06,2.80347e-06,0.599073,7.1182e-05,3.62715e-05,6.12474e-05
1.19236,0.794145,0.000253494,3.92772e-05,0.000250433,0.926869,0.000103602,4.10603e-05,9.51185e-05,1.50279e-05,3.00885e-06,1.08323e-06,2.8071e-06,0.599185,7.07841e-05,3.5508e-05,6.12337e-05
1.19331,0.794013,0.000253233,3.85529e-05,0.000250281,0.92696,0.000103058,4.07615e-05,9.46545e-05,1.49856e-05,3.01204e-06,1.08267e-06,2.81073e-06,0.599295,7.04133e-05,3.47872e-05,6.122e-05
1.19426,0.793879,0.000252993,3.79649e-05,0.000250128,0.927051,0.000102516,4.04699e-05,9.419e-05,1.49417e-05,3.01576e-06,1.08359e-06,2.81436e-06,0.599403,7.00716e-05,3.41148e-05,6.12062e-05
1.19521,0.793746,0.000252778,3.75294e-05,0.000249976,0.927143,0.000101978,4.0189e-05,9.37252e-05,1.48962e-05,3.01995e-06,1.08583e-06,2.81799e-06,0.599509,6.97669e-05,3.35098e-05,6.11925e-05
1.19617,0.793614,0.000252587,3.7263e-05,0.000249824,0.927234,0.000101446,3.99225e-05,9.32601e-05,1.4849e-05,3.02458e-06,1.08924e-06,2.82163e-06,0.599614,6.95174e-05,3.30127e-05,6.11787e-05
1.19712,0.793483,0.000252424,3.71816e-05,0.000249671,0.927326,0.00010092,3.96741e-05,9.27945e-05,1.48001e-05,3.02956e-06,1.09366e-06,2.82527e-06,0.599717,6.93455e-05,3.26749e-05,6.11649e-05
1.19808,0.793354,0.00025229,3.72987e-05,0.000249518,0.927417,0.000100403,3.94474e-05,9.23286e-05,1.47493e-05,3.03485e-06,1.0989e-06,2.82891e-06,0.599818,6.92756e-05,3.25521e-05,6.11511e-05
1.19903,0.793229,0.000252188,3.76247e-05,0.000249365,0.927509,9.98946e-05,3.9246e-05,9.18624e-05,1.46968e-05,3.04038e-06,1.10477e-06,2.83256e-06,0.599918,6.93328e-05,3.26995e-05,6.11373e-05
1.19999,0.793109,0.000252118,3.81653e-05,0.000249212,0.927601,9.93978e-05,3.90735e-05,9.13957e-05,1.46422e-05,3.04608e-06,1.11109e-06,2.83621e-06,0.600016,6.95416e-05,3.31655e-05,6.11235e-05
1.20095,0.792993,0.000252082,3.89213e-05,0.000249059,0.927692,9.89133e-05,3.89334e-05,9.09287e-05,1.45857e-05,3.05188e-06,1.11767e-06,2.83986e-06,0.600113,6.99248e-05,3.39864e-05,6.11097e-05
1.2019,0.792883,0.000252082,3.98885e-05,0.000248906,0.927784,9.84425e-05,3.8829e-05,9.04613e-05,1.45271e-05,3.05772e-06,1.12431e-06,2.84352e-06,0.600208,7.05018e-05,3.51825e-05,6.10959e-05
1.20286,0.79278,0.000252118,4.10583e-05,0.000248752,0.927876,9.79868e-05,3.87632e-05,8.99935e-05,1.44664e-05,3.06352e-06,1.13083e-06,2.84717e-06,0.600301,7.12883e-05,3.67561e-05,6.1082e-05
1.20382,0.792684,0.000252192,4.2418e-05,0.000248599,0.927968,9.75474e-05,3.87388e-05,8.95254e-05,1.44035e-05,3.06922e-06,1.13705e-06,2.85083e-06,0.600394,7.22948e-05,3.86938e-05,6.10682e-05
1.20478,0.792597,0.000252303,4.3952e-05,0.000248445,0.92806,9.71254e-05,3.87584e-05,8.90569e-05,1.43383e-05,3.07476e-06,1.1428e-06,2.8545e-06,0.600485,7.35262e-05,4.09692e-05,6.10543e-05
1.20574,0.792519,0.000252452,4.56426e-05,0.000248292,0.928152,9.6722e-05,3.88241e-05,8.8588e-05,1.42709e-05,3.08007e-06,1.14792e-06,2.85816e-06,0.600575,7.4982e-05,4.35474e-05,6.10404e-05
1.20671,0.792451,0.000252638,4.74713e-05,0.000248138,0.928244,9.63381e-05,3.89374e-05,8.81187e-05,1.4201e-05,3.08508e-06,1.15224e-06,2.86183e-06,0.600664,7.66561e-05,4.63888e-05,6.10265e-05
1.20767,0.792394,0.00025286,4.94188e-05,0.000247984,0.928336,9.59748e-05,3.90998e-05,8.76491e-05,1.41286e-05,3.08977e-06,1.15567e-06,2.86551e-06,0.600752,7.8537e-05,4.94523e-05,6.10126e-05
1.20863,0.792348,0.000253117,5.14661e-05,0.00024783,0.928428,9.56328e-05,3.9312e-05,8.71791e-05,1.40538e-05,3.09411e-06,1.15816e-06,2.86918e-06,0.600838,8.0609e-05,5.2697e-05,6.09987e-05
1.2096,0.792314,0.000253432,5.35948e-05,0.0002477,0.928519,9.57364e-05,3.95745e-05,8.7174e-05,1.39765e-05,3.07767e-06,1.15973e-06,2.85081e-06,0.600924,8.32428e-05,5.60837e-05,6.1514e-05
1.21056,0.792293,0.000253789,5.57873e-05,0.000247582,0.928611,9.60656e-05,3.98871e-05,8.73934e-05,1.38967e-05,3.05106e-06,1.16038e-06,2.82178e-06,0.601009,8.61894e-05,5.9575e-05,6.22851e-05
1.21153,0.792285,0.000254176,5.80269e-05,0.000247463,0.928703,9.64161e-05,4.02494e-05,8.7613e-05,1.38143e-05,3.02412e-06,1.16015e-06,2.79274e-06,0.601093,8.92315e-05,6.31357e-05,6.30567e-05
1.21249,0.79229,0.000254589,6.02978e-05,0.000247345,0.928795,9.67878e-05,4.06604e-05,8.78328e-05,1.37293e-05,2.99688e-06,1.15906e-06,2.76367e-06,0.601176,9.2344e-05,6.67329e-05,6.38289e-05
1.21346,0.79231,0.000255025,6.25854e-05,0.000247226,0.928886,9.71804e-05,4.11187e-05,8.80528e-05,1.36417e-05,2.96934e-06,1.15717e-06,2.73458e-06,0.601258,9.55011e-05,7.03354e-05,6.46018e-05
1.21443,0.792344,0.000255482,6.48759e-05,0.000247108,0.928978,9.75937e-05,4.16226e-05,8.82729e-05,1.35515e-05,2.94151e-06,1.15454e-06,2.70546e-06,0.60134,9.8677e-05,7.39135e-05,6.53753e-05
1.2154,0.792393,0.000255956,6.71566e-05,0.000246989,0.929069,9.80273e-05,4.217e-05,8.84932e-05,1.34586e-05,2.91342e-06,1.15123e-06,2.67632e-06,0.601421,0.000101846,7.74394e-05,6.61494e-05
1.21637,0.792457,0.000256444,6.94157e-05,0.00024687,0.92916,9.84805e-05,4.27586e-05,8.87136e-05,1.3363e-05,2.88509e-06,1.14731e-06,2.64716e-06,0.601502,0.000104983,8.0886e-05,6.69241e-05
1.21734,0.792536,0.000256941,7.16419e-05,0.000246751,0.929251,9.89526e-05,4.33857e-05,8.89343e-05,1.32647e-05,2.85656e-06,1.14286e-06,2.61798e-06,0.601582,0.000108063,8.42277e-05,6.76995e-05
1.21831,0.79263,0.000257445,7.3825e-05,0.000246632,0.929342,9.9443e-05,4.40485e-05,8.91551e-05,1.31636e-05,2.82784e-06,1.13796e-06,2.58877e-06,0.601662,0.000111061,8.74395e-05,6.84754e-05
1.21928,0.792739,0.00025795,7.59551e-05,0.000246513,0.929433,9.99506e-05,4.4744e-05,8.93761e-05,1.30597e-05,2.79897e-06,1.13271e-06,2.55953e-06,0.601741,0.000113954,9.04974e-05,6.9252e-05
1.22025,0.792864,0.000258453,7.80232e-05,0.000246394,0.929524,0.000100474,4.54691e-05,8.95973e-05,1.2953e-05,2.76999e-06,1.12719e-06,2.53028e-06,0.60182,0.00011672,9.3378e-05,7.00292e-05
1.22123,0.793004,0.000258949,8.00205e-05,0.000246275,0.929614,0.000101013,4.62204e-05,8.98186e-05,1.28435e-05,2.74094e-06,1.1215e-06,2.501e-06,0.601898,0.000119335,9.60585e-05,7.0807e-05
1.2222,0.793159,0.000259435,8.19389e-05,0.000246156,0.929705,0.000101566,4.69948e-05,9.00402e-05,1.27312e-05,2.71186e-06,1.11574e-06,2.4717e-06,0.601977,0.000121779,9.85169e-05,7.15854e-05
1.22317,0.793328,0.000259906,8.37705e-05,0.000246036,0.929795,0.000102132,4.77888e-05,9.02619e-05,1.26159e-05,2.68278e-06,1.11e-06,2.44237e-06,0.602055,0.00012403,0.000100732,7.23645e-05
1.22415,0.793512,0.000260359,8.55078e-05,0.000245917,0.929885,0.000102709,4.85991e-05,9.04837e-05,1.24977e-05,2.65375e-06,1.10439e-06,2.41302e-06,0.602133,0.00012607,0.000102682,7.31442e-05
1.22513,0.79371,0.000260788,8.71434e-05,0.000245797,0.929974,0.000103296,4.94222e-05,9.07058e-05,1.23766e-05,2.6248e-06,1.099e-06,2.38365e-06,0.602212,0.000127879,0.000104347,7.39245e-05
1.2261,0.793921,0.000261189,8.86703e-05,0.000245677,0.930064,0.000103892,5.02549e-05,9.0928e-05,1.22525e-05,2.596e-06,1.09392e-06,2.35426e-06,0.60229,0.00012944,0.000105707,7.47054e-05
1.22708,0.794144,0.000261559,9.00815e-05,0.000245557,0.930153,0.000104494,5.10939e-05,9.11504e-05,1.21254e-05,2.56736e-06,1.08926e-06,2.32484e-06,0.602368,0.000130738,0.000106743,7.54869e-05
1.22806,0.79438,0.000261893,9.13702e-05,0.000245437,0.930242,0.000105102,5.19358e-05,9.1373e-05,1.19953e-05,2.53895e-06,1.08509e-06,2.2954e-06,0.602447,0.000131756,0.000107437,7.62691e-05
1.22904,0.794628,0.000262016,9.25296e-05,0.000245134,0.930331,0.000105512,5.27774e-05,9.13635e-05,1.18621e-05,2.52347e-06,1.0815e-06,2.27997e-06,0.602525,0.000132199,0.000107772,7.65615e-05
1.23002,0.794886,0.000261981,9.35529e-05,0.000244707,0.930419,0.000105791,5.36156e-05,9.11981e-05,1.17258e-05,2.51678e-06,1.07857e-06,2.27396e-06,0.602604,0.000132145,0.000107732,7.65248e-05
1.231,0.795154,0.000261898,9.44334e-05,0.00024428,0.930507,0.000106073,5.44474e-05,9.10325e-05,1.15864e-05,2.5104e-06,1.07636e-06,2.26794e-06,0.602683,0.000131791,0.000107323,7.64881e-05
1.23198,0.795432,0.000261764,9.51643e-05,0.000243853,0.930595,0.000106356,5.52697e-05,9.08668e-05,1.14439e-05,2.50435e-06,1.07495e-06,2.26191e-06,0.602763,0.000131156,0.00010657,7.64514e-05
1.23297,0.795717,0.000261575,9.57387e-05,0.000243425,0.930683,0.000106638,5.60795e-05,9.0701e-05,1.12982e-05,2.49866e-06,1.07437e-06,2.25589e-06,0.602843,0.000130264,0.000105496,7.64146e-05
1.23395,0.796009,0.000261328,9.61498e-05,0.000242997,0.93077,0.000106917,5.68741e-05,9.0535e-05,1.11493e-05,2.49334e-06,1.07467e-06,2.24985e-06,0.602923,0.000129138,0.000104131,7.63778e-05
1.23493,0.796308,0.000261018,9.63906e-05,0.000242568,0.930857,0.000107192,5.76506e-05,9.03689e-05,1.09972e-05,2.48842e-06,1.07588e-06,2.24382e-06,0.603003,0.000127804,0.000102499,7.6341e-05
1.23592,0.796611,0.000260643,9.64545e-05,0.000242139,0.930943,0.000107461,5.84064e-05,9.02027e-05,1.08419e-05,2.4839e-06,1.07802e-06,2.23777e-06,0.603083,0.000126288,0.00010063,7.63041e-05
1.23691,0.796918,0.0002602,9.63343e-05,0.00024171,0.931029,0.000107722,5.91388e-05,9.00364e-05,1.06832e-05,2.47979e-06,1.08109e-06,2.23173e-06,0.603164,0.000124616,9.85513e-05,7.62672e-05
1.23789,0.797228,0.000259686,9.60238e-05,0.000241281,0.931115,0.000107972,5.98453e-05,8.98699e-05,1.05213e-05,2.4761e-06,1.08509e-06,2.22568e-06,0.603245,0.000122815,9.6293e-05,7.62303e-05
1.23888,0.79754,0.000259102,9.55238e-05,0.000240851,0.931201,0.000108212,6.05234e-05,8.97032e-05,1.0356e-05,2.47281e-06,1.09e-06,2.21962e-06,0.603326,0.000120912,9.38848e-05,7.61934e-05
1.23987,0.797852,0.000258453,9.48449e-05,0.000240421,0.931286,0.000108437,6.11709e-05,8.95365e-05,1.01873e-05,2.46993e-06,1.09578e-06,2.21356e-06,0.603407,0.000118937,9.13576e-05,7.61564e-05
1.24086,0.798165,0.000257742,9.39985e-05,0.00023999,0.931371,0.000108648,6.17853e-05,8.93696e-05,1.00153e-05,2.46745e-06,1.10241e-06,2.20749e-06,0.603489,0.000116916,8.87428e-05,7.61194e-05
1.24185,0.798476,0.000256977,9.29963e-05,0.000239559,0.931455,0.000108841,6.23646e-05,8.92025e-05,9.83984e-06,2.46535e-06,1.10983e-06,2.20142e-06,0.60357,0.000114878,8.60726e-05,7.60824e-05
1.24284,0.798787,0.000256162,9.18508e-05,0.000239128,0.931539,0.000109016,6.29066e-05,8.90354e-05,9.66094e-06,2.46361e-06,1.11797e-06,2.19534e-06,0.603652,0.00011285,8.33796e-05,7.60454e-05
1.24383,0.799095,0.000255303,9.05746e-05,0.000238697,0.931622,0.000109171,6.34093e-05,8.88681e-05,9.47857e-06,2.46222e-06,1.12678e-06,2.18926e-06,0.603734,0.000110857,8.06971e-05,7.60083e-05
1.24482,0.799399,0.000254408,8.91808e-05,0.000238265,0.931705,0.000109304,6.38708e-05,8.87007e-05,9.2927e-06,2.46113e-06,1.13617e-06,2.18318e-06,0.603816,0.000108925,7.80581e-05,7.59711e-05
1.24581,0.7997,0.000253481,8.76828e-05,0.000237832,0.931788,0.000109413,6.42893e-05,8.85331e-05,9.10329e-06,2.46032e-06,1.14607e-06,2.17709e-06,0.603898,0.000107077,7.54956e-05,7.5934e-05
1.24681,0.799996,0.000252529,8.60943e-05,0.0002374,0.93187,0.000109498,6.46631e-05,8.83654e-05,8.91034e-06,2.45976e-06,1.15638e-06,2.17099e-06,0.60398,0.000105335,7.30415e-05,7.58968e-05
1.2478,0.800286,0.000251558,8.44296e-05,0.000236967,0.931952,0.000109556,6.49906e-05,8.81976e-05,8.71379e-06,2.45941e-06,1.16702e-06,2.16489e-06,0.604062,0.000103715,7.07262e-05,7.58596e-05
1.2488,0.80057,0.0002513,8.27031e-05,0.000237302,0.932033,0.000109803,6.52703e-05,8.82977e-05,8.51364e-06,2.47368e-06,1.17789e-06,2.17523e-06,0.604145,0.000102321,6.85775e-05,7.59395e-05
1.24979,0.800847,0.000251706,8.093e-05,0.00023834,0.932114,0.000110218,6.55009e-05,8.86433e-05,8.30985e-06,2.50126e-06,1.18889e-06,2.20065e-06,0.604227,0.00010116,6.66196e-05,7.61267e-05
1.25079,0.801115,0.000252118,7.91254e-05,0.00023938,0.932194,0.000110603,6.56812e-05,8.89891e-05,8.10239e-06,2.52889e-06,1.19993e-06,2.22608e-06,0.60431,0.000100161,6.48719e-05,7.6314e-05
1.25179,0.801375,0.000252543,7.73055e-05,0.00024042,0.932273,0.000110958,6.58101e-05,8.93353e-05,7.89123e-06,2.5565e-06,1.2109e-06,2.25154e-06,0.604392,9.93248e-05,6.33478e-05,7.65014e-05
1.25279,0.801625,0.000252985,7.54863e-05,0.000241461,0.932353,0.000111283,6.58868e-05,8.96817e-05,7.67636e-06,2.58406e-06,1.2217e-06,2.27701e-06,0.604475,9.86502e-05,6.20536e-05,7.6689e-05
1.25379,0.801865,0.00025345,7.36848e-05,0.000242503,0.932431,0.000111577,6.59111e-05,9.00284e-05,7.45773e-06,2.61151e-06,1.23225e-06,2.30251e-06,0.604558,9.81305e-05,6.09881e-05,7.68768e-05
1.25479,0.802093,0.000253942,7.19182e-05,0.000243545,0.932509,0.000111842,6.5885e-05,9.03754e-05,7.23532e-06,2.63881e-06,1.24242e-06,2.32802e-06,0.60464,9.77548e-05,6.01417e-05,7.70647e-05
1.25579,0.802311,0.000254465,7.02039e-05,0.000244589,0.932587,0.000112079,6.58113e-05,9.07227e-05,7.00911e-06,2.66592e-06,1.25215e-06,2.35356e-06,0.604723,9.75085e-05,5.94972e-05,7.72528e-05
1.25679,0.802516,0.000255022,6.85599e-05,0.000245633,0.932664,0.000112291,6.56929e-05,9.10702e-05,6.77907e-06,2.69279e-06,1.26132e-06,2.37911e-06,0.604805,9.73738e-05,5.903e-05,7.7441e-05
1.25779,0.802708,0.000255616,6.70042e-05,0.000246678,0.93274,0.00011248,6.55326e-05,9.1418e-05,6.54516e-06,2.71939e-06,1.26985e-06,2.40469e-06,0.604888,9.73301e-05,5.87098e-05,7.76293e-05
1.2588,0.802888,0.000256251,6.55547e-05,0.000247724,0.932816,0.000112648,6.53335e-05,9.17661e-05,6.30737e-06,2.74567e-06,1.27765e-06,2.43029e-06,0.604971,9.73552e-05,5.85015e-05,7.78178e-05
1.2598,0.803053,0.000256929,6.42288e-05,0.000248771,0.932892,0.000112796,6.50989e-05,9.21145e-05,6.06566e-06,2.7716e-06,1.28464e-06,2.45591e-06,0.605053,9.74255e-05,5.83671e-05,7.80065e-05
1.2608,0.803205,0.000257651,6.30432e-05,0.000249819,0.932967,0.000112927,6.48319e-05,9.24632e-05,5.82e-06,2.79715e-06,1.29074e-06,2.48154e-06,0.605136,9.75172e-05,5.82674e-05,7.81953e-05
1.26181,0.803343,0.000258419,6.20137e-05,0.000250867,0.933042,0.000113044,6.45359e-05,9.28121e-05,5.57038e-06,2.8223e-06,1.29588e-06,2.5072e-06,0.605218,9.76068e-05,5.81634e-05,7.83843e-05
1.26282,0.803465,0.000259233,6.11539e-05,0.000251917,0.933116,0.000113148,6.42144e-05,9.31613e-05,5.31675e-06,2.84701e-06,1.29998e-06,2.53288e-06,0.6053,9.76721e-05,5.80177e-05,7.85734e-05
1.26382,0.803573,0.000260095,6.04758e-05,0.000252967,0.933189,0.000113242,6.38709e-05,9.35108e-05,5.0591e-06,2.87126e-06,1.30299e-06,2.55858e-06,0.605383,9.76928e-05,5.77956e-05,7.87627e-05
1.26483,0.803667,0.000261005,5.99882e-05,0.000254018,0.933263,0.000113328,6.35091e-05,9.38605e-05,4.79739e-06,2.89504e-06,1.30485e-06,2.5843e-06,0.605465,9.76516e-05,5.74665e-05,7.89521e-05
1.26584,0.803745,0.000261963,5.96971e-05,0.00025507,0.933335,0.000113408,6.31326e-05,9.42106e-05,4.53186e-06,2.91835e-06,1.30555e-06,2.61004e-06,0.605547,9.75345e-05,5.70051e-05,7.91416e-05
1.26685,0.803808,0.000262967,5.9605e-05,0.000256123,0.933408,0.000113484,6.27452e-05,9.45609e-05,4.26307e-06,2.94123e-06,1.30515e-06,2.6358e-06,0.605629,9.73324e-05,5.63926e-05,7.93314e-05
1.26786,0.803856,0.000264017,5.97109e-05,0.000257176,0.93348,0.00011356,6.23507e-05,9.49115e-05,3.99161e-06,2.96372e-06,1.3037e-06,2.66158e-06,0.60571,9.7044e-05,5.56229e-05,7.95212e-05
1.26887,0.803889,0.000264435,6.00102e-05,0.000257536,0.933551,0.000113452,6.1953e-05,9.50428e-05,3.7181e-06,2.9767e-06,1.30129e-06,2.6772e-06,0.605792,9.65627e-05,5.47191e-05,7.95624e-05
1.26989,0.803908,0.000264055,6.04947e-05,0.000257032,0.933622,0.000113116,6.1556e-05,9.49009e-05,3.44311e-06,2.97792e-06,1.29798e-06,2.68017e-06,0.605873,9.58808e-05,5.37198e-05,7.94185e-05
1.2709,0.803912,0.000263715,6.11534e-05,0.000256527,0.933693,0.000112784,6.11636e-05,9.4759e-05,3.16726e-06,2.9788e-06,1.29385e-06,2.68313e-06,0.605955,9.5178e-05,5.26725e-05,7.92746e-05
1.27191,0.803902,0.000263416,6.19725e-05,0.000256022,0.933763,0.000112457,6.07797e-05,9.46169e-05,2.89113e-06,2.97937e-06,1.28899e-06,2.68611e-06,0.606036,9.44861e-05,5.16333e-05,7.91305e-05
1.27293,0.803878,0.000263153,6.29363e-05,0.000255517,0.933833,0.000112137,6.04083e-05,9.44748e-05,2.61533e-06,2.97967e-06,1.28347e-06,2.68908e-06,0.606117,9.38397e-05,5.06662e-05,7.89862e-05
1.27394,0.803841,0.000262926,6.40271e-05,0.000255011,0.933903,0.000111826,6.00532e-05,9.43325e-05,2.34045e-06,2.97975e-06,1.2774e-06,2.69205e-06,0.606198,9.32749e-05,4.98414e-05,7.88419e-05
1.27496,0.803791,0.00026273,6.52264e-05,0.000254504,0.933972,0.000111526,5.97182e-05,9.41901e-05,2.0671e-06,2.97964e-06,1.27085e-06,2.69503e-06,0.606278,9.28286e-05,4.92328e-05,7.86974e-05
1.27598,0.803729,0.000262563,6.6515e-05,0.000253998,0.934041,0.000111239,5.9407e-05,9.40476e-05,1.79586e-06,2.97939e-06,1.26393e-06,2.69801e-06,0.606358,9.25371e-05,4.89137e-05,7.85529e-05
1.27699,0.803655,0.00026242,6.78732e-05,0.000253491,0.93411,0.000110967,5.91232e-05,9.3905e-05,1.52734e-06,2.97904e-06,1.2567e-06,2.701e-06,0.606439,9.24346e-05,4.89521e-05,7.84082e-05
1.27801,0.80357,0.000262299,6.92816e-05,0.000252983,0.934178,0.000110712,5.88703e-05,9.37623e-05,1.26213e-06,2.97863e-06,1.24928e-06,2.70398e-06,0.606519,9.25523e-05,4.94041e-05,7.82634e-05
1.27903,0.803475,0.000262193,7.07208e-05,0.000252476,0.934246,0.000110474,5.86514e-05,9.36194e-05,1.00083e-06,2.97819e-06,1.24175e-06,2.70697e-06,0.606598,9.29168e-05,5.03093e-05,7.81185e-05
1.28005,0.80337,0.0002621,7.21718e-05,0.000251967,0.934313,0.000110257,5.84696e-05,9.34765e-05,7.44043e-07,2.97777e-06,1.2342e-06,2.70996e-06,0.606678,9.35487e-05,5.16866e-05,7.79735e-05
1.28107,0.803256,0.000262013,7.36163e-05,0.000251459,0.93438,0.00011006,5.83277e-05,9.33334e-05,4.92359e-07,2.9774e-06,1.22671e-06,2.71295e-06,0.606757,9.44623e-05,5.35339e-05,7.78283e-05
1.28209,0.803135,0.000261928,7.50364e-05,0.00025095,0.934447,0.000109886,5.82282e-05,9.31902e-05,2.46379e-07,2.97712e-06,1.21937e-06,2.71594e-06,0.606836,9.56643e-05,5.58301e-05,7.76831e-05
1.28312,0.803007,0.000261839,7.64149e-05,0.00025044,0.934514,0.000109735,5.81733e-05,9.30469e-05,6.69866e-09,2.97695e-06,1.21226e-06,2.71894e-06,0.606915,9.71541e-05,5.85391e-05,7.75377e-05
1.28414,0.802873,0.00026174,7.77354e-05,0.00024993,0.93458,0.000109609,5.81648e-05,9.29035e-05,-2.26083e-07,2.97693e-06,1.20546e-06,2.72194e-06,0.606994,9.89237e-05,6.16146e-05,7.73922e-05
1.28517,0.802734,0.000261627,7.89822e-05,0.00024942,0.934646,0.000109509,5.82043e-05,9.276e-05,-4.51369e-07,2.97708e-06,1.19903e-06,2.72494e-06,0.607072,0.000100959,6.50046e-05,7.72466e-05
1.28619,0.802591,0.000261493,8.01405e-05,0.000248909,0.934712,0.000109434,5.8293e-05,9.26163e-05,-6.68562e-07,2.97742e-06,1.19304e-06,2.72795e-06,0.60715,0.000103238,6.86553e-05,7.71009e-05
1.28722,0.802445,0.000261334,8.12033e-05,0.000248398,0.934777,0.000109386,5.84314e-05,9.24726e-05,-8.77064e-07,2.97799e-06,1.18756e-06,2.73095e-06,0.607228,0.000105737,7.25131e-05,7.6955e-05
1.28824,0.802297,0.000261151,8.21713e-05,0.000247887,0.934842,0.000109366,5.86201e-05,9.23287e-05,-1.07628e-06,2.97878e-06,1.18262e-06,2.73396e-06,0.607306,0.000108425,7.65267e-05,7.68091e-05
1.28927,0.802147,0.00026155,8.30466e-05,0.000248016,0.934907,0.000109553,5.8859e-05,9.23983e-05,-1.26561e-06,2.98452e-06,1.17828e-06,2.74208e-06,0.607383,0.000111428,8.06473e-05,7.68905e-05
1.2903,0.801997,0.00026296,8.38321e-05,0.000249239,0.934972,0.000110074,5.91476e-05,9.28327e-05,-1.44445e-06,2.99855e-06,1.17456e-06,2.75893e-06,0.60746,0.000114807,8.4829e-05,7.73603e-05
1.29133,0.801846,0.000264343,8.4531e-05,0.000250463,0.935036,0.000110622,5.94852e-05,9.32675e-05,-1.61222e-06,3.01288e-06,1.1715e-06,2.7758e-06,0.607537,0.000118253,8.90289e-05,7.78305e-05
1.29236,0.801696,0.0002657,8.51472e-05,0.000251688,0.9351,0.000111197,5.98706e-05,9.37026e-05,-1.7683e-06,3.02751e-06,1.1691e-06,2.79268e-06,0.607613,0.000121731,9.32067e-05,7.83011e-05
1.29339,0.801547,0.000267034,8.56847e-05,0.000252913,0.935164,0.000111796,6.03023e-05,9.41381e-05,-1.91211e-06,3.04244e-06,1.16737e-06,2.80957e-06,0.607689,0.000125208,9.73247e-05,7.8772e-05
1.29442,0.801401,0.000268344,8.61477e-05,0.00025414,0.935228,0.00011242,6.07784e-05,9.45739e-05,-2.04305e-06,3.05765e-06,1.16631e-06,2.82647e-06,0.607765,0.00012865,0.000101347,7.92433e-05
1.29545,0.801258,0.000269633,8.65403e-05,0.000255368,0.935292,0.000113067,6.12969e-05,9.501e-05,-2.16052e-06,3.07314e-06,1.1659e-06,2.84339e-06,0.60784,0.000132022,0.00010524,7.9715e-05
1.29649,0.801119,0.000270902,8.68669e-05,0.000256597,0.935355,0.000113737,6.18553e-05,9.54465e-05,-2.26392e-06,3.0889e-06,1.16611e-06,2.86033e-06,0.607915,0.000135294,0.000108971,8.01871e-05
1.29752,0.800984,0.000272152,8.71315e-05,0.000257827,0.935418,0.000114428,6.24511e-05,9.58834e-05,-2.35265e-06,3.1049e-06,1.16692e-06,2.87727e-06,0.60799,0.000138435,0.000112509,8.06595e-05
1.29856,0.800855,0.000273384,8.73382e-05,0.000259058,0.935481,0.000115139,6.30815e-05,9.63206e-05,-2.42612e-06,3.12113e-06,1.16828e-06,2.89423e-06,0.608064,0.000141413,0.000115824,8.11324e-05
1.29959,0.800732,0.0002746,8.74909e-05,0.00026029,0.935544,0.000115868,6.37434e-05,9.67581e-05,-2.48373e-06,3.13757e-06,1.17014e-06,2.9112e-06,0.608138,0.000144201,0.000118888,8.16056e-05
1.30063,0.800616,0.000275802,8.75934e-05,0.000261522,0.935607,0.000116614,6.44337e-05,9.7196e-05,-2.52489e-06,3.15419e-06,1.17244e-06,2.92819e-06,0.608212,0.000146769,0.000121673,8.20792e-05
1.30167,0.800508,0.000276989,8.76492e-05,0.000262756,0.935669,0.000117375,6.51493e-05,9.76343e-05,-2.54898e-06,3.17097e-06,1.17511e-06,2.94519e-06,0.608285,0.000149093,0.000124152,8.25531e-05
1.3027,0.800408,0.000278165,8.76618e-05,0.000263991,0.935732,0.00011815,6.58868e-05,9.80728e-05,-2.55543e-06,3.18787e-06,1.17809e-06,2.9622e-06,0.608358,0.000151145,0.000126298,8.30274e-05
1.30374,0.800317,0.000279329,8.76344e-05,0.000265227,0.935794,0.000118936,6.66427e-05,9.85118e-05,-2.54362e-06,3.20488e-06,1.18128e-06,2.97923e-06,0.608431,0.000152901,0.000128087,8.35022e-05
1.30478,0.800236,0.000280484,8.75701e-05,0.000266463,0.935856,0.000119733,6.74137e-05,9.89511e-05,-2.51297e-06,3.22195e-06,1.18462e-06,2.99627e-06,0.608503,0.00015434,0.000129494,8.39772e-05
1.30582,0.800165,0.000281629,8.74718e-05,0.000267701,0.935918,0.000120537,6.81964e-05,9.93907e-05,-2.46286e-06,3.23906e-06,1.18802e-06,3.01332e-06,0.608575,0.000155439,0.000130495,8.44527e-05
1.30687,0.800104,0.000282767,8.73423e-05,0.00026894,0.93598,0.000121348,6.89872e-05,9.98307e-05,-2.39272e-06,3.25618e-06,1.19139e-06,3.03039e-06,0.608646,0.000156178,0.000131068,8.49286e-05
1.30791,0.800055,0.000283898,8.71844e-05,0.000270179,0.936042,0.000122164,6.97828e-05,0.000100271,-2.30194e-06,3.27326e-06,1.19463e-06,3.04747e-06,0.608717,0.000156552,0.000131204,8.54048e-05
1.30895,0.800018,0.000285023,8.70005e-05,0.00027142,0.936103,0.000122981,7.05798e-05,0.000100712,-2.18992e-06,3.29028e-06,1.19766e-06,3.06457e-06,0.608788,0.000156576,0.000130922,8.58814e-05
1.31,0.799992,0.00028566,8.67932e-05,0.000272156,0.936165,0.000123693,7.13747e-05,0.000101023,-2.05606e-06,3.32633e-06,1.20038e-06,3.10219e-06,0.608858,0.00015626,0.000130243,8.63369e-05
1.31104,0.799979,0.000285129,8.6565e-05,0.000271671,0.936226,0.000124148,7.21643e-05,0.00010102,-1.89977e-06,3.40854e-06,1.2027e-06,3.1893e-06,0.608928,0.000155609,0.00012919,8.67407e-05
1.31209,0.799979,0.000284592,8.6318e-05,0.000271186,0.936288,0.000124602,7.29454e-05,0.000101018,-1.72045e-06,3.49088e-06,1.20454e-06,3.27648e-06,0.608997,0.000154674,0.000127789,8.71449e-05
1.31313,0.799992,0.00028405,8.60547e-05,0.000270701,0.936349,0.000125052,7.37146e-05,0.000101016,-1.5175e-06,3.57333e-06,1.20579e-06,3.36374e-06,0.609066,0.000153481,0.000126062,8.75495e-05
1.31418,0.800019,0.000283503,8.57773e-05,0.000270215,0.93641,0.000125496,7.44689e-05,0.000101013,-1.29033e-06,3.65584e-06,1.20639e-06,3.45106e-06,0.609135,0.000152055,0.000124036,8.79543e-05
1.31523,0.800058,0.000282952,8.54879e-05,0.000269729,0.936471,0.000125933,7.52053e-05,0.000101011,-1.03833e-06,3.7384e-06,1.20624e-06,3.53845e-06,0.609203,0.000150423,0.000121737,8.83595e-05
1.31628,0.800112,0.000282398,8.51888e-05,0.000269243,0.936533,0.00012636,7.59207e-05,0.000101009,-7.60914e-07,3.82098e-06,1.20527e-06,3.62591e-06,0.609271,0.000148613,0.000119192,8.8765e-05
1.31733,0.800179,0.000281841,8.48819e-05,0.000268756,0.936594,0.000126774,7.66123e-05,0.000101006,-4.57479e-07,3.90356e-06,1.2034e-06,3.71344e-06,0.609338,0.000146653,0.000116429,8.91708e-05
1.31838,0.800259,0.000281283,8.45693e-05,0.000268268,0.936655,0.000127176,7.72773e-05,0.000101004,-1.27429e-07,3.98614e-06,1.20056e-06,3.80104e-06,0.609405,0.000144573,0.000113478,8.95769e-05
1.31943,0.800354,0.000280722,8.42528e-05,0.000267781,0.936716,0.000127561,7.7913e-05,0.000101002,2.29834e-07,4.06868e-06,1.1967e-06,3.88871e-06,0.609472,0.000142402,0.000110369,8.99834e-05
1.32048,0.800461,0.000280161,8.39342e-05,0.000267293,0.936777,0.000127929,7.85167e-05,0.000100999,6.14907e-07,4.1512e-06,1.19176e-06,3.97646e-06,0.609538,0.000140171,0.000107133,9.03902e-05
1.32154,0.800582,0.0002796,8.36149e-05,0.000266804,0.936838,0.000128277,7.90859e-05,0.000100997,1.02839e-06,4.23369e-06,1.1857e-06,4.06427e-06,0.609604,0.000137911,0.000103804,9.07973e-05
1.32259,0.800716,0.000279038,8.32965e-05,0.000266316,0.936899,0.000128604,7.96183e-05,0.000100995,1.47087e-06,4.31615e-06,1.17847e-06,4.15215e-06,0.60967,0.000135652,0.000100415,9.12047e-05
1.32365,0.800863,0.000278477,8.29799e-05,0.000265826,0.93696,0.000128908,8.01116e-05,0.000100992,1.94296e-06,4.39858e-06,1.17007e-06,4.2401e-06,0.609735,0.000133427,9.70041e-05,9.16125e-05
1.3247,0.801022,0.000277916,8.26661e-05,0.000265337,0.937021,0.000129188,8.05634e-05,0.00010099,2.44525e-06,4.481e-06,1.16049e-06,4.32812e-06,0.6098,0.000131264,9.36077e-05,9.20206e-05
1.32576,0.801193,0.000277356,8.23555e-05,0.000264847,0.937082,0.000129441,8.09718e-05,0.000100988,2.9783e-06,4.56342e-06,1.14972e-06,4.41621e-06,0.609865,0.000129193,9.02652e-05,9.2429e-05
1.32682,0.801375,0.000276796,8.20483e-05,0.000264357,0.937144,0.000129666,8.13348e-05,0.000100985,3.54166e-06,4.64587e-06,1.13787e-06,4.50437e-06,0.609929,0.000127243,8.70174e-05,9.28377e-05
1.32788,0.801569,0.000276238,8.17443e-05,0.000263866,0.937205,0.000129863,8.16505e-05,0.000100983,4.13394e-06,4.72841e-06,1.12509e-06,4.5926e-06,0.609993,0.00012544,8.39059e-05,9.32468e-05
1.32893,0.801773,0.000275679,8.14428e-05,0.000263375,0.937266,0.000130029,8.19173e-05,0.000100981,4.75369e-06,4.81108e-06,1.11156e-06,4.68091e-06,0.610057,0.000123807,8.09727e-05,9.36562e-05
1.32999,0.801987,0.000275121,8.11428e-05,0.000262883,0.937327,0.000130163,8.21336e-05,0.000100978,5.39947e-06,4.89392e-06,1.09747e-06,4.76928e-06,0.61012,0.000122364,7.82593e-05,9.40659e-05
1.33106,0.80221,0.000274154,8.08428e-05,0.000261964,0.937389,0.000130509,8.2298e-05,0.00010129,6.06984e-06,4.9703e-06,1.08302e-06,4.85087e-06,0.610183,0.000121379,7.58055e-05,9.47967e-05
1.33212,0.802442,0.000271712,8.0541e-05,0.000259501,0.93745,0.000131706,8.24092e-05,0.000102738,6.76334e-06,5.02272e-06,1.06845e-06,4.90776e-06,0.610246,0.000121541,7.36474e-05,9.66869e-05
1.33318,0.802682,0.000269267,8.0235e-05,0.000257036,0.937512,0.000132875,8.24663e-05,0.000104188,7.47854e-06,5.07534e-06,1.05397e-06,4.9647e-06,0.610308,0.000121964,7.18158e-05,9.85786e-05
1.33424,0.802929,0.00026682,7.99223e-05,0.000254569,0.937574,0.000134017,8.24694e-05,0.000105638,8.21399e-06,5.12821e-06,1.03985e-06,5.02168e-06,0.61037,0.000122644,7.03339e-05,0.000100472
1.33531,0.803182,0.000264368,7.95999e-05,0.000252099,0.937635,0.000135135,8.24207e-05,0.00010709,8.96824e-06,5.18137e-06,1.02633e-06,5.0787e-06,0.610432,0.00012357,6.92152e-05,0.000102367
1.33637,0.80344,0.000261911,7.92649e-05,0.000249628,0.937697,0.00013623,8.23228e-05,0.000108543,9.73986e-06,5.23486e-06,1.01368e-06,5.13578e-06,0.610493,0.000124731,6.84626e-05,0.000104263
1.33744,0.803704,0.000259448,7.8914e-05,0.000247155,0.937759,0.000137305,8.21786e-05,0.000109997,1.05274e-05,5.28871e-06,1.00217e-06,5.19289e-06,0.610555,0.000126108,6.80668e-05,0.00010616
1.33851,0.80397,0.000256978,7.85448e-05,0.00024468,0.937821,0.000138362,8.1991e-05,0.000111452,1.13294e-05,5.34297e-06,9.92057e-07,5.25006e-06,0.610615,0.000127679,6.80072e-05,0.00010806
1.33957,0.80424,0.000254502,7.81601e-05,0.000242203,0.937883,0.000139404,8.17629e-05,0.000112908,1.21444e-05,5.39765e-06,9.83615e-07,5.30727e-06,0.610676,0.000129421,6.82529e-05,0.000109961
1.34064,0.804512,0.000252023,7.7767e-05,0.000239724,0.937945,0.000140432,8.14976e-05,0.000114365,1.29711e-05,5.45278e-06,9.77095e-07,5.36452e-06,0.610736,0.000131308,6.87644e-05,0.000111863
1.34171,0.804786,0.000249542,7.73733e-05,0.000237244,0.938007,0.000141451,8.11982e-05,0.000115824,1.38078e-05,5.50839e-06,9.72728e-07,5.42182e-06,0.610796,0.000133314,6.9496e-05,0.000113767
1.34278,0.80506,0.000247062,7.69875e-05,0.000234761,0.93807,0.000142461,8.08681e-05,0.000117284,1.46533e-05,5.56449e-06,9.70727e-07,5.47917e-06,0.610856,0.00013541,7.03983e-05,0.000115672
1.34385,0.805335,0.000244586,7.66182e-05,0.000232276,0.938132,0.000143465,8.05107e-05,0.000118744,1.5506e-05,5.62111e-06,9.71268e-07,5.53656e-06,0.610915,0.000137571,7.14206e-05,0.000117579
1.34492,0.80561,0.000242117,7.62745e-05,0.000229789,0.938194,0.000144466,8.01296e-05,0.000120207,1.63645e-05,5.67824e-06,9.74494e-07,5.594e-06,0.610974,0.000139768,7.25124e-05,0.000119487
1.346,0.805883,0.000239658,7.59653e-05,0.0002273,0.938257,0.000145465,7.97282e-05,0.00012167,1.72274e-05,5.73591e-06,9.80504e-07,5.65148e-06,0.611033,0.000141978,7.36251e-05,0.000121397
1.34707,0.806155,0.000237212,7.56994e-05,0.000224809,0.938319,0.000146466,7.93104e-05,0.000123134,1.80932e-05,5.7941e-06,9.89352e-07,5.70901e-06,0.611092,0.000144177,7.4713e-05,0.000123308
1.34815,0.806424,0.000234782,7.54852e-05,0.000222316,0.938382,0.000147469,7.88798e-05,0.0001246,1.89605e-05,5.85283e-06,1.00105e-06,5.76659e-06,0.61115,0.000146342,7.5734e-05,0.000125221
1.34922,0.80669,0.000232371,7.53306e-05,0.000219822,0.938444,0.000148478,7.84401e-05,0.000126066,1.98278e-05,5.91208e-06,1.01555e-06,5.82421e-06,0.611208,0.000148454,7.66501e-05,0.000127136
1.3503,0.806952,0.000229982,7.52428e-05,0.000217325,0.938507,0.000149493,7.79952e-05,0.000127534,2.06937e-05,5.97186e-06,1.03279e-06,5.88187e-06,0.611266,0.000150501,7.74356e-05,0.000129052
1.35137,0.807209,0.000227617,7.52283e-05,0.000214826,0.938569,0.000150518,7.7549e-05,0.000129003,2.15567e-05,6.03215e-06,1.05265e-06,5.93959e-06,0.611324,0.00015248,7.80842e-05,0.000130969
1.35245,0.807461,0.000225474,7.52924e-05,0.000212532,0.938632,0.000151211,7.71053e-05,0.000130076,2.24155e-05,6.1147e-06,1.07498e-06,6.01947e-06,0.611381,0.000154173,7.85962e-05,0.000132635
1.35353,0.807708,0.000224549,7.54397e-05,0.000211497,0.938694,0.000149817,7.6668e-05,0.000128713,2.32684e-05,6.33095e-06,1.0996e-06,6.23472e-06,0.611438,0.000154469,7.89759e-05,0.000132754
1.35461,0.807948,0.000223653,7.56734e-05,0.000210462,0.938757,0.000148427,7.62408e-05,0.000127349,2.41142e-05,6.54775e-06,1.12634e-06,6.45015e-06,0.611495,0.000154702,7.92312e-05,0.000132872
1.35569,0.80818,0.000222789,7.59957e-05,0.000209427,0.938819,0.000147044,7.58277e-05,0.000125984,2.49514e-05,6.76507e-06,1.15497e-06,6.66575e-06,0.611552,0.000154876,7.93728e-05,0.000132991
1.35677,0.808405,0.000221956,7.64076e-05,0.00020839,0.938882,0.00014567,7.54323e-05,0.000124619,2.57785e-05,6.98285e-06,1.18528e-06,6.88151e-06,0.611608,0.000154999,7.94138e-05,0.00013311
1.35786,0.808622,0.000221156,7.69088e-05,0.000207352,0.938945,0.000144308,7.50584e-05,0.000123252,2.6594e-05,7.20105e-06,1.21706e-06,7.09746e-06,0.611665,0.000155079,7.9369e-05,0.000133229
1.35894,0.808829,0.000220389,7.7498e-05,0.000206314,0.939007,0.000142958,7.47094e-05,0.000121883,2.73966e-05,7.41964e-06,1.25009e-06,7.31357e-06,0.611721,0.000155123,7.92548e-05,0.000133348
1.36002,0.809028,0.000219656,7.8173e-05,0.000205275,0.93907,0.000141624,7.43889e-05,0.000120514,2.81848e-05,7.63857e-06,1.28414e-06,7.52986e-06,0.611776,0.00015514,7.90885e-05,0.000133467
1.36111,0.809217,0.000218956,7.89303e-05,0.000204235,0.939132,0.000140307,7.41001e-05,0.000119144,2.89571e-05,7.85781e-06,1.319e-06,7.74631e-06,0.611832,0.000155141,7.88883e-05,0.000133586
1.36219,0.809395,0.00021829,7.97659e-05,0.000203194,0.939195,0.00013901,7.38461e-05,0.000117773,2.97121e-05,8.07732e-06,1.35447e-06,7.96295e-06,0.611888,0.000155134,7.86728e-05,0.000133706
1.36328,0.809563,0.000217656,8.06746e-05,0.000202152,0.939257,0.000137733,7.36298e-05,0.0001164,3.04484e-05,8.29707e-06,1.39033e-06,8.17975e-06,0.611943,0.00015513,7.84604e-05,0.000133825
1.36437,0.80972,0.000217053,8.1651e-05,0.00020111,0.93932,0.000136479,7.34538e-05,0.000115027,3.11645e-05,8.51702e-06,1.4264e-06,8.39673e-06,0.611998,0.000155136,7.82693e-05,0.000133945
1.36546,0.809865,0.000216481,8.2689e-05,0.000200067,0.939382,0.000135251,7.33206e-05,0.000113652,3.18589e-05,8.73715e-06,1.46248e-06,8.61388e-06,0.612053,0.000155163,7.81168e-05,0.000134064
1.36655,0.81,0.000215938,8.3782e-05,0.000199023,0.939445,0.000134048,7.32322e-05,0.000112276,3.25303e-05,8.95742e-06,1.49839e-06,8.8312e-06,0.612108,0.000155217,7.80192e-05,0.000134184
1.36764,0.810122,0.000215423,8.49231e-05,0.000197978,0.939507,0.000132874,7.31905e-05,0.0001109,3.31772e-05,9.1778e-06,1.53397e-06,9.0487e-06,0.612163,0.000155306,7.7991e-05,0.000134304
1.36873,0.810232,0.000214933,8.61053e-05,0.000196932,0.939569,0.00013173,7.31969e-05,0.000109522,3.3798e-05,9.39827e-06,1.56903e-06,9.26637e-06,0.612217,0.000155437,7.80448e-05,0.000134424
1.36982,0.810331,0.000214467,8.73214e-05,0.000195885,0.939632,0.000130617,7.32525e-05,0.000108143,3.43915e-05,9.6188e-06,1.60342e-06,9.48421e-06,0.612272,0.000155614,7.81911e-05,0.000134544
1.37091,0.810417,0.000214022,8.85639e-05,0.000194838,0.939694,0.000129536,7.33581e-05,0.000106762,3.49561e-05,9.83936e-06,1.63699e-06,9.70223e-06,0.612326,0.000155842,7.84376e-05,0.000134664
1.372,0.810491,0.000213595,8.98255e-05,0.000193789,0.939756,0.000128489,7.35142e-05,0.000105381,3.54904e-05,1.00599e-05,1.66958e-06,9.92042e-06,0.61238,0.000156123,7.87891e-05,0.000134784
1.3731,0.810553,0.000213185,9.10988e-05,0.00019274,0.939818,0.000127478,7.37208e-05,0.000103999,3.5993e-05,1.02805e-05,1.70105e-06,1.01388e-05,0.612434,0.000156459,7.92478e-05,0.000134904
1.37419,0.810603,0.000213019,9.23765e-05,0.000191947,0.93988,0.000126715,7.39775e-05,0.000102878,3.64624e-05,1.04821e-05,1.73127e-06,1.03381e-05,0.612488,0.000156901,7.98127e-05,0.000135084
1.37529,0.810641,0.00021623,9.36511e-05,0.000194897,0.939942,0.000129099,7.42839e-05,0.000105587,3.68971e-05,1.04074e-05,1.76009e-06,1.02574e-05,0.612542,0.000158144,8.04798e-05,0.000136134
1.37639,0.810667,0.000219438,9.49154e-05,0.000197849,0.940004,0.000131527,7.46388e-05,0.000108297,3.72958e-05,1.03325e-05,1.78739e-06,1.01767e-05,0.612596,0.000159437,8.12426e-05,0.000137185
1.37749,0.810682,0.000222641,9.61621e-05,0.000200803,0.940066,0.000133994,7.50409e-05,0.00011101,3.76569e-05,1.02575e-05,1.81305e-06,1.0096e-05,0.61265,0.000160774,8.20917e-05,0.000138237
1.37858,0.810685,0.000225836,9.73842e-05,0.00020376,0.940128,0.000136499,7.54886e-05,0.000113725,3.79791e-05,1.01822e-05,1.83695e-06,1.00151e-05,0.612703,0.000162151,8.30156e-05,0.000139289
1.37968,0.810678,0.000229019,9.85743e-05,0.000206719,0.940189,0.000139039,7.598e-05,0.000116442,3.82609e-05,1.01066e-05,1.85897e-06,9.9342e-06,0.612757,0.000163561,8.40009e-05,0.000140343
1.38078,0.810659,0.000232188,9.97255e-05,0.000209681,0.940251,0.000141611,7.65128e-05,0.000119162,3.85008e-05,1.00308e-05,1.87899e-06,9.85323e-06,0.61281,0.000164996,8.50324e-05,0.000141397
1.38189,0.810631,0.000235339,0.000100831,0.000212645,0.940312,0.000144214,7.70846e-05,0.000121883,3.86974e-05,9.9546e-06,1.89692e-06,9.77219e-06,0.612864,0.000166447,8.60939e-05,0.000142452
1.38299,0.810592,0.000238471,0.000101883,0.000215611,0.940374,0.000146844,7.76928e-05,0.000124607,3.88493e-05,9.87803e-06,1.91265e-06,9.69109e-06,0.612917,0.000167907,8.71678e-05,0.000143508
1.38409,0.810545,0.000241579,0.000102874,0.00021858,0.940435,0.000149499,7.83345e-05,0.000127333,3.8955e-05,9.80104e-06,1.92609e-06,9.60992e-06,0.612971,0.000169365,8.82362e-05,0.000144564
1.3852,0.810488,0.000244661,0.000103799,0.000221551,0.940496,0.000152177,7.90067e-05,0.000130061,3.9013e-05,9.7236e-06,1.93713e-06,9.52869e-06,0.613024,0.000170812,8.92808e-05,0.000145622
1.3863,0.810424,0.000247715,0.000104649,0.000224524,0.940557,0.000154876,7.97061e-05,0.000132791,3.9022e-05,9.64567e-06,1.94569e-06,9.44739e-06,0.613077,0.000172239,9.02831e-05,0.00014668
1.38741,0.810352,0.000250737,0.000105418,0.0002275,0.940618,0.000157593,8.04296e-05,0.000135523,3.89805e-05,9.56722e-06,1.9517e-06,9.36603e-06,0.613131,0.000173634,9.12247e-05,0.000147739
1.38851,0.810273,0.000253726,0.000106099,0.000230478,0.940679,0.000160326,8.11737e-05,0.000138258,3.8887e-05,9.48821e-06,1.95507e-06,9.2846e-06,0.613184,0.00017499,9.20878e-05,0.0001488
1.38962,0.810187,0.00025668,0.000106685,0.000233458,0.940739,0.000163073,8.1935e-05,0.000140994,3.87402e-05,9.40862e-06,1.95574e-06,9.20311e-06,0.613237,0.000176296,9.28548e-05,0.00014986
1.39073,0.810096,0.000259595,0.000107168,0.000236441,0.9408,0.000165832,8.271e-05,0.000143733,3.85416e-05,9.32845e-06,1.95376e-06,9.12155e-06,0.61329,0.000177543,9.35092e-05,0.000150922
1.39184,0.810001,0.00026247,0.000107543,0.000239426,0.94086,0.0001686,8.34951e-05,0.000146474,3.82938e-05,9.2477e-06,1.94926e-06,9.03993e-06,0.613344,0.000178723,9.40352e-05,0.000151985
1.39295,0.809901,0.000265303,0.000107802,0.000242414,0.94092,0.000171377,8.42868e-05,0.000149217,3.79999e-05,9.1664e-06,1.94235e-06,8.95825e-06,0.613397,0.000179829,9.44182e-05,0.000153048
1.39406,0.809798,0.000268094,0.00010794,0.000245404,0.940981,0.00017416,8.50815e-05,0.000151963,3.76628e-05,9.08457e-06,1.93318e-06,8.87649e-06,0.61345,0.000180855,9.4645e-05,0.000154113
1.39517,0.809693,0.00027084,0.00010795,0.000248396,0.941041,0.000176946,8.58756e-05,0.00015471,3.72855e-05,9.00222e-06,1.92187e-06,8.79468e-06,0.613504,0.000181795,9.47072e-05,0.000155178
1.39629,0.809586,0.000273544,0.000107837,0.000251391,0.9411,0.000179735,8.66656e-05,0.00015746,3.68708e-05,8.91939e-06,1.90858e-06,8.7128e-06,0.613557,0.000182656,9.46112e-05,0.000156244
1.3974,0.809478,0.00027145,0.000107608,0.000249209,0.94116,0.000177434,8.74481e-05,0.000154388,3.64217e-05,9.0095e-06,1.89343e-06,8.80829e-06,0.61361,0.000181043,9.43682e-05,0.000154503
1.39851,0.809369,0.000269254,0.000107271,0.000246963,0.941219,0.000175091,8.82195e-05,0.000151242,3.59411e-05,9.10158e-06,1.87659e-06,8.90602e-06,0.613664,0.000179331,9.3991e-05,0.000152726
1.39963,0.80926,0.000267019,0.000106835,0.000244714,0.941279,0.000172768,8.89764e-05,0.000148094,3.5432e-05,9.19358e-06,1.8582e-06,9.00383e-06,0.613717,0.000177556,9.34935e-05,0.000150948
1.40075,0.809151,0.000264746,0.000106309,0.000242464,0.941338,0.000170463,8.97155e-05,0.000144943,3.48973e-05,9.28553e-06,1.83842e-06,9.10172e-06,0.613771,0.000175727,9.28909e-05,0.000149168
1.40186,0.809043,0.00026244,0.000105702,0.000240212,0.941397,0.000168175,9.04334e-05,0.00014179,3.43399e-05,9.37748e-06,1.8174e-06,9.19969e-06,0.613824,0.00017385,9.21992e-05,0.000147387
1.40298,0.808937,0.000260104,0.000105024,0.000237958,0.941456,0.000165903,9.1127e-05,0.000138635,3.37627e-05,9.46948e-06,1.79532e-06,9.29773e-06,0.613878,0.000171934,9.14351e-05,0.000145605
1.4041,0.808833,0.000257742,0.000104285,0.000235703,0.941514,0.000163645,9.17931e-05,0.000135476,3.31688e-05,9.56155e-06,1.77234e-06,9.39586e-06,0.613932,0.000169987,9.06159e-05,0.000143821
1.40522,0.808732,0.000255358,0.000103493,0.000233445,0.941573,0.000161401,9.24286e-05,0.000132315,3.2561e-05,9.65375e-06,1.74862e-06,9.49406e-06,0.613985,0.00016802,8.97593e-05,0.000142036
1.40634,0.808634,0.000252954,0.000102659,0.000231186,0.941631,0.00015917,9.30305e-05,0.000129152,3.19422e-05,9.74609e-06,1.72435e-06,9.59234e-06,0.614039,0.000166042,8.88832e-05,0.000140249
1.40746,0.80854,0.000250536,0.000101792,0.000228925,0.941689,0.000156948,9.35959e-05,0.000125986,3.13155e-05,9.83862e-06,1.69969e-06,9.6907e-06,0.614093,0.000164062,8.80053e-05,0.000138461
1.40859,0.80845,0.000248107,0.000100902,0.000226662,0.941747,0.000154736,9.41219e-05,0.000122818,3.06836e-05,9.93137e-06,1.67483e-06,9.78913e-06,0.614147,0.00016209,8.71433e-05,0.000136671
1.40971,0.808366,0.000245671,9.99985e-05,0.000224398,0.941804,0.000152531,9.46059e-05,0.000119647,3.00497e-05,1.00244e-05,1.64994e-06,9.88765e-06,0.614201,0.000160134,8.63142e-05,0.00013488
1.41083,0.808286,0.000243231,9.90905e-05,0.000222131,0.941862,0.000150332,9.50452e-05,0.000116474,2.94165e-05,1.01176e-05,1.62522e-06,9.98624e-06,0.614255,0.000158204,8.55341e-05,0.000133088
1.41196,0.808213,0.000240791,9.81868e-05,0.000219863,0.941919,0.000148137,9.54372e-05,0.000113298,2.8787e-05,1.02112e-05,1.60083e-06,1.00849e-05,0.614309,0.000156308,8.48181e-05,0.000131294
1.41309,0.808147,0.000238355,9.7296e-05,0.000217593,0.941976,0.000145945,9.57795e-05,0.000110119,2.81642e-05,1.0305e-05,1.57696e-06,1.01837e-05,0.614363,0.000154455,8.41798e-05,0.000129499
1.41421,0.808088,0.000235927,9.64264e-05,0.000215321,0.942033,0.000143754,9.60697e-05,0.000106938,2.7551e-05,1.03992e-05,1.55379e-06,1.02825e-05,0.614417,0.00015265,8.3631e-05,0.000127702
1.41534,0.808036,0.000233508,9.55855e-05,0.000213048,0.942089,0.000141562,9.63058e-05,0.000103755,2.69503e-05,1.04938e-05,1.53149e-06,1.03814e-05,0.614472,0.000150901,8.31815e-05,0.000125904
1.41647,0.807992,0.000231102,9.47806e-05,0.000210772,0.942146,0.000139368,9.64856e-05,0.000100569,2.63651e-05,1.05886e-05,1.51023e-06,1.04804e-05,0.614526,0.000149212,8.28386e-05,0.000124105
1.4176,0.807956,0.000228713,9.4018e-05,0.000208495,0.942202,0.000137171,9.66071e-05,9.738e-05,2.57982e-05,1.06839e-05,1.49017e-06,1.05795e-05,0.614581,0.000147588,8.26071e-05,0.000122304
1.41873,0.80793,0.000226342,9.33037e-05,0.000206216,0.942258,0.000134968,9.66686e-05,9.41888e-05,2.52527e-05,1.07795e-05,1.47147e-06,1.06786e-05,0.614635,0.000146031,8.24892e-05,0.000120501
1.41986,0.807912,0.000225625,9.26429e-05,0.000205728,0.942313,0.000135239,9.66684e-05,9.45776e-05,2.47314e-05,1.07377e-05,1.45425e-06,1.06387e-05,0.61469,0.000145915,8.24843e-05,0.000120364
1.421,0.807904,0.000225092,9.20397e-05,0.000205414,0.942369,0.00013571,9.6605e-05,9.5314e-05,2.42374e-05,1.06826e-05,1.43865e-06,1.05853e-05,0.614745,0.000145995,8.25888e-05,0.000120389
1.42213,0.807906,0.000224584,9.14977e-05,0.0002051,0.942424,0.000136138,9.64771e-05,9.6051e-05,2.37734e-05,1.06278e-05,1.42476e-06,1.05319e-05,0.614799,0.000146133,8.27966e-05,0.000120414
1.42326,0.807918,0.000224102,9.10196e-05,0.000204786,0.942479,0.000136523,9.62837e-05,9.67886e-05,2.33425e-05,1.05732e-05,1.41269e-06,1.04784e-05,0.614854,0.000146325,8.30991e-05,0.000120438
1.4244,0.80794,0.000223647,9.06069e-05,0.000204471,0.942533,0.000136865,9.60238e-05,9.75268e-05,2.29476e-05,1.05188e-05,1.40248e-06,1.04249e-05,0.614909,0.000146565,8.34853e-05,0.000120463
1.42554,0.807972,0.000223219,9.02605e-05,0.000204156,0.942588,0.000137165,9.56981e-05,9.82656e-05,2.25916e-05,1.04646e-05,1.39419e-06,1.03713e-05,0.614965,0.000146846,8.39421e-05,0.000120488
1.42667,0.808015,0.000222817,8.99801e-05,0.00020384,0.942642,0.000137426,9.53096e-05,9.90049e-05,2.22774e-05,1.04106e-05,1.38783e-06,1.03177e-05,0.61502,0.00014716,8.4455e-05,0.000120513
1.42781,0.808069,0.000222441,8.97646e-05,0.000203525,0.942696,0.000137651,9.48615e-05,9.97449e-05,2.2008e-05,1.03568e-05,1.38339e-06,1.0264e-05,0.615075,0.000147498,8.50078e-05,0.000120537
1.42895,0.808133,0.000222091,8.9612e-05,0.000203209,0.942749,0.000137843,9.43576e-05,0.000100485,2.17864e-05,1.03032e-05,1.38084e-06,1.02103e-05,0.615131,0.00014785,8.55834e-05,0.000120562
1.43009,0.808209,0.000221764,8.95194e-05,0.000202893,0.942802,0.000138006,9.38014e-05,0.000101227,2.16154e-05,1.02499e-05,1.38013e-06,1.01566e-05,0.615186,0.000148208,8.6164e-05,0.000120587
1.43123,0.808295,0.00022146,8.9483e-05,0.000202577,0.942855,0.000138142,9.3197e-05,0.000101968,2.1498e-05,1.01967e-05,1.38117e-06,1.01028e-05,0.615242,0.000148558,8.67312e-05,0.000120612
1.43237,0.808392,0.000221177,8.94981e-05,0.00020226,0.942908,0.000138256,9.25486e-05,0.000102711,2.14371e-05,1.01438e-05,1.38386e-06,1.00489e-05,0.615298,0.000148892,8.72667e-05,0.000120637
1.43351,0.808499,0.000220912,8.95596e-05,0.000201944,0.942961,0.000138351,9.18603e-05,0.000103453,2.14356e-05,1.0091e-05,1.38809e-06,9.99506e-06,0.615354,0.000149197,8.77519e-05,0.000120662
1.43466,0.808617,0.000220664,8.96614e-05,0.000201627,0.943013,0.00013843,9.11369e-05,0.000104197,2.14966e-05,1.00384e-05,1.3937e-06,9.94115e-06,0.61541,0.000149462,8.8169e-05,0.000120687
1.4358,0.808745,0.000220429,8.9797e-05,0.000201309,0.943065,0.000138498,9.03829e-05,0.000104941,2.16228e-05,9.98589e-06,1.40055e-06,9.88719e-06,0.615466,0.000149678,8.85003e-05,0.000120711
1.43695,0.808883,0.000220205,8.99593e-05,0.000200992,0.943117,0.000138558,8.96033e-05,0.000105686,2.18173e-05,9.93354e-06,1.40848e-06,9.83318e-06,0.615522,0.000149834,8.8729e-05,0.000120736
1.43809,0.809031,0.00021999,9.01408e-05,0.000200674,0.943169,0.000138613,8.88034e-05,0.000106431,2.2083e-05,9.88131e-06,1.41731e-06,9.77914e-06,0.615579,0.000149919,8.88394e-05,0.000120761
1.43924,0.809189,0.000219779,9.03336e-05,0.000200356,0.94322,0.000138668,8.79883e-05,0.000107177,2.24228e-05,9.82916e-06,1.42686e-06,9.72505e-06,0.615635,0.000149926,8.88166e-05,0.000120786
1.44039,0.809355,0.000219569,9.05297e-05,0.000200038,0.943271,0.000138726,8.71636e-05,0.000107923,2.28396e-05,9.77709e-06,1.43695e-06,9.67092e-06,0.615692,0.000149846,8.86473e-05,0.000120811
1.44154,0.809531,0.000219358,9.07207e-05,0.000199719,0.943322,0.000138791,8.63351e-05,0.00010867,2.33365e-05,9.72505e-06,1.4474e-06,9.61674e-06,0.615749,0.000149672,8.83197e-05,0.000120836
1.44269,0.809714,0.000219571,9.08981e-05,0.000199872,0.943373,0.000138972,8.55087e-05,0.000109551,2.39162e-05,9.89393e-06,1.45802e-06,9.78591e-06,0.615806,0.000148951,8.78242e-05,0.000120305
1.44384,0.809906,0.000219859,9.10536e-05,0.000200119,0.943424,0.000139189,8.46904e-05,0.000110459,2.45818e-05,1.01065e-05,1.46864e-06,9.99927e-06,0.615863,0.000148042,8.71605e-05,0.000119664
1.44499,0.810105,0.000220136,9.11787e-05,0.000200365,0.943474,0.000139426,8.38865e-05,0.000111367,2.53361e-05,1.03193e-05,1.47908e-06,1.02128e-05,0.615921,0.000147042,8.63424e-05,0.000119023
1.44614,0.81031,0.000220396,9.12652e-05,0.000200612,0.943524,0.000139686,8.31034e-05,0.000112276,2.61822e-05,1.05323e-05,1.48918e-06,1.04265e-05,0.615978,0.000145962,8.53867e-05,0.00011838
1.4473,0.810522,0.000220637,9.13053e-05,0.000200859,0.943574,0.000139972,8.23475e-05,0.000113186,2.71229e-05,1.07454e-05,1.49877e-06,1.06404e-05,0.616036,0.000144813,8.4312e-05,0.000117738
1.44845,0.81074,0.000220857,9.12913e-05,0.000201106,0.943624,0.000140288,8.16254e-05,0.000114097,2.81612e-05,1.09586e-05,1.5077e-06,1.08544e-05,0.616093,0.000143608,8.31387e-05,0.000117095
1.44961,0.810962,0.000221051,9.12162e-05,0.000201353,0.943673,0.000140637,8.09438e-05,0.000115008,2.93e-05,1.11719e-05,1.51582e-06,1.10686e-05,0.616151,0.000142361,8.1889e-05,0.000116451
1.45076,0.811189,0.000221217,9.10734e-05,0.000201601,0.943722,0.000141022,8.03092e-05,0.00011592,3.05423e-05,1.13853e-05,1.52302e-06,1.1283e-05,0.616209,0.000141086,8.05864e-05,0.000115807
1.45192,0.811419,0.000221354,9.08575e-05,0.000201848,0.943771,0.000141444,7.97282e-05,0.000116833,3.18909e-05,1.15988e-05,1.52918e-06,1.14976e-05,0.616267,0.000139799,7.92556e-05,0.000115162
1.45308,0.811653,0.00022146,9.05636e-05,0.000202096,0.94382,0.000141908,7.92072e-05,0.000117746,3.33488e-05,1.18123e-05,1.53418e-06,1.17123e-05,0.616325,0.000138514,7.79226e-05,0.000114517
1.45424,0.811888,0.000221534,9.01884e-05,0.000202344,0.943869,0.000142416,7.87525e-05,0.000118661,3.4919e-05,1.20259e-05,1.53794e-06,1.19272e-05,0.616383,0.000137246,7.66144e-05,0.000113871
1.4554,0.812125,0.000221574,8.97299e-05,0.000202593,0.943917,0.000142969,7.83699e-05,0.000119576,3.66044e-05,1.22396e-05,1.54038e-06,1.21422e-05,0.616441,0.00013601,7.53583e-05,0.000113225
1.45656,0.812363,0.000221583,8.91882e-05,0.000202841,0.943965,0.00014357,7.80652e-05,0.000120491,3.84077e-05,1.24532e-05,1.54147e-06,1.23575e-05,0.616499,0.000134821,7.41818e-05,0.000112578
1.45772,0.812601,0.000221564,8.85727e-05,0.00020309,0.944014,0.00014422,7.78436e-05,0.000121408,4.03308e-05,1.2667e-05,1.54127e-06,1.25729e-05,0.616557,0.000133693,7.3112e-05,0.000111931
1.45888,0.812838,0.000221524,8.78995e-05,0.000203339,0.944061,0.000144921,7.77098e-05,0.000122325,4.23749e-05,1.28808e-05,1.5399e-06,1.27885e-05,0.616615,0.000132639,7.21749e-05,0.000111283
1.46005,0.813074,0.000221471,8.7187e-05,0.000203588,0.944109,0.000145675,7.76681e-05,0.000123243,4.45413e-05,1.30948e-05,1.53751e-06,1.30042e-05,0.616672,0.000131671,7.13946e-05,0.000110634
1.46121,0.813309,0.000221414,8.64554e-05,0.000203837,0.944157,0.000146481,7.77221e-05,0.000124161,4.68314e-05,1.33089e-05,1.53425e-06,1.32201e-05,0.61673,0.000130799,7.07928e-05,0.000109986
1.46238,0.813543,0.00022136,8.57262e-05,0.000204086,0.944204,0.000147342,7.78746e-05,0.000125081,4.92464e-05,1.35231e-05,1.53027e-06,1.34362e-05,0.616788,0.000130034,7.03876e-05,0.000109336
1.46354,0.813774,0.000221319,8.50226e-05,0.000204336,0.944251,0.000148257,7.81279e-05,0.000126001,5.17876e-05,1.37375e-05,1.52575e-06,1.36525e-05,0.616846,0.000129382,7.01929e-05,0.000108686
1.46471,0.814002,0.0002213,8.43688e-05,0.000204586,0.944298,0.000149227,7.84834e-05,0.000126922,5.44563e-05,1.39521e-05,1.52087e-06,1.3869e-05,0.616904,0.00012885,7.02182e-05,0.000108036
1.46588,0.814227,0.000223765,8.37899e-05,0.000207485,0.944345,0.000148364,7.89419e-05,0.000125619,5.72539e-05,1.43451e-05,1.5158e-06,1.42648e-05,0.616961,0.000129233,7.04675e-05,0.000108331
1.46705,0.814448,0.000227063,8.33115e-05,0.000211227,0.944392,0.00014697,7.95033e-05,0.00012361,6.01816e-05,1.47952e-05,1.51074e-06,1.47179e-05,0.617019,0.00012999,7.094e-05,0.000108926
1.46822,0.814665,0.000230424,8.29591e-05,0.000214972,0.944438,0.000145647,8.01668e-05,0.000121598,6.32407e-05,1.52459e-05,1.50587e-06,1.51713e-05,0.617076,0.000130866,7.16294e-05,0.000109522
1.46939,0.814878,0.000233853,8.27577e-05,0.00021872,0.944485,0.000144397,8.09309e-05,0.000119586,6.64326e-05,1.56971e-05,1.50139e-06,1.56251e-05,0.617133,0.000131856,7.25254e-05,0.000110118
1.47056,0.815085,0.000237356,8.27311e-05,0.000222471,0.944531,0.000143224,8.17935e-05,0.000117571,6.97584e-05,1.61489e-05,1.49749e-06,1.60793e-05,0.61719,0.000132954,7.36133e-05,0.000110715
1.47174,0.815287,0.000240936,8.29012e-05,0.000226225,0.944577,0.00014213,8.27518e-05,0.000115555,7.32196e-05,1.66012e-05,1.49434e-06,1.65339e-05,0.617247,0.000134152,7.48756e-05,0.000111312
1.47291,0.815482,0.000244599,8.32875e-05,0.000229982,0.944623,0.000141116,8.38025e-05,0.000113538,7.68174e-05,1.70541e-05,1.49213e-06,1.69887e-05,0.617304,0.000135442,7.62924e-05,0.00011191
1.47409,0.815671,0.000248346,8.39064e-05,0.000233742,0.944668,0.000140184,8.49418e-05,0.000111519,8.05531e-05,1.75076e-05,1.49102e-06,1.7444e-05,0.617361,0.000136812,7.78423e-05,0.000112508
1.47526,0.815853,0.00025218,8.47706e-05,0.000237505,0.944714,0.000139335,8.61654e-05,0.000109498,8.4428e-05,1.79616e-05,1.49117e-06,1.78996e-05,0.617417,0.000138254,7.95036e-05,0.000113107
1.47644,0.816028,0.000256103,8.58891e-05,0.000241271,0.944759,0.00013857,8.74688e-05,0.000107475,8.84434e-05,1.84162e-05,1.49272e-06,1.83556e-05,0.617473,0.000139755,8.12543e-05,0.000113706
1.47762,0.816194,0.000260115,8.72667e-05,0.00024504,0.944805,0.00013789,8.88472e-05,0.000105451,9.26006e-05,1.88713e-05,1.49579e-06,1.8812e-05,0.617529,0.000141305,8.30733e-05,0.000114306
1.47879,0.816353,0.000264218,8.89039e-05,0.000248812,0.94485,0.000137296,9.02954e-05,0.000103426,9.69009e-05,1.9327e-05,1.50049e-06,1.92687e-05,0.617585,0.000142893,8.49404e-05,0.000114906
1.47997,0.816503,0.000268411,9.07978e-05,0.000252587,0.944895,0.000136786,9.18083e-05,0.000101398,0.000101346,1.97832e-05,1.5069e-06,1.97258e-05,0.617641,0.000144508,8.68372e-05,0.000115507
1.48115,0.816644,0.000272692,9.29416e-05,0.000256365,0.94494,0.000136361,9.33806e-05,9.93693e-05,0.000105936,2.024e-05,1.51508e-06,2.01832e-05,0.617696,0.000146141,8.8747e-05,0.000116108
1.48234,0.816775,0.000277061,9.53257e-05,0.000260146,0.944984,0.000136019,9.50068e-05,9.73388e-05,0.000110673,2.06973e-05,1.52507e-06,2.0641e-05,0.617751,0.000147782,9.06556e-05,0.000116709
1.48352,0.816898,0.000281515,9.79377e-05,0.00026393,0.945029,0.00013576,9.66815e-05,9.53067e-05,0.000115559,2.11551e-05,1.53688e-06,2.10992e-05,0.617806,0.000149424,9.25508e-05,0.000117311
1.4847,0.81701,0.000286052,0.000100764,0.000267717,0.945073,0.000135581,9.83994e-05,9.32729e-05,0.000120594,2.16134e-05,1.55051e-06,2.15577e-05,0.61786,0.000151061,9.44232e-05,0.000117914
1.48589,0.817113,0.000290668,0.000103787,0.000271507,0.945118,0.000135482,0.000100155,9.12376e-05,0.000125781,2.20722e-05,1.56591e-06,2.20166e-05,0.617914,0.000152688,9.62664e-05,0.000118517
1.48707,0.817205,0.00029536,0.000106993,0.0002753,0.945162,0.000135459,0.000101943,8.92006e-05,0.000131119,2.25316e-05,1.58305e-06,2.24759e-05,0.617968,0.000154301,9.8077e-05,0.000119121
1.48826,0.817287,0.000300124,0.000110362,0.000279097,0.945206,0.000135511,0.000103759,8.71619e-05,0.000136611,2.29914e-05,1.60183e-06,2.29355e-05,0.618022,0.000155901,9.98549e-05,0.000119725
1.48945,0.817358,0.000301127,0.000113878,0.000278764,0.94525,0.000136411,0.000105597,8.63559e-05,0.000142257,2.34407e-05,1.62218e-06,2.33845e-05,0.618075,0.000156587,0.000101604,0.000119147
1.49063,0.817419,0.000300448,0.000117522,0.00027651,0.945294,0.000137706,0.000107452,8.6123e-05,0.00014806,2.38854e-05,1.64397e-06,2.38287e-05,0.618128,0.000156863,0.000103331,0.00011802
1.49182,0.817469,0.000299873,0.000121277,0.000274255,0.945337,0.000139024,0.000109319,8.58899e-05,0.00015402,2.43305e-05,1.66709e-06,2.42733e-05,0.61818,0.000157159,0.000105048,0.000116892
1.49301,0.817508,0.000299398,0.000125126,0.000271997,0.945381,0.000140361,0.000111194,8.56567e-05,0.000160139,2.47761e-05,1.69139e-06,2.47183e-05,0.618232,0.000157484,0.000106772,0.000115763
1.4942,0.817536,0.00029902,0.000129052,0.000269738,0.945425,0.000141713,0.000113072,8.54232e-05,0.000166418,2.5222e-05,1.71673e-06,2.51636e-05,0.618284,0.000157854,0.000108523,0.000114633
1.4954,0.817554,0.000298736,0.000133039,0.000267477,0.945468,0.000143075,0.000114949,8.51896e-05,0.000172858,2.56684e-05,1.74295e-06,2.56092e-05,0.618335,0.000158288,0.000110329,0.000113502
1.49659,0.817561,0.000298541,0.000137069,0.000265214,0.945511,0.000144444,0.000116819,8.49557e-05,0.00017946,2.61153e-05,1.7699e-06,2.60552e-05,0.618386,0.000158816,0.00011223,0.00011237
1.49778,0.817558,0.000298429,0.000141129,0.00026295,0.945555,0.000145817,0.00011868,8.47217e-05,0.000186227,2.65624e-05,1.7974e-06,2.65016e-05,0.618436,0.000159467,0.000114262,0.000111238
1.49898,0.817544,0.000298395,0.000145203,0.000260683,0.945598,0.000147189,0.000120526,8.44875e-05,0.000193158,2.701e-05,1.8253e-06,2.69483e-05,0.618486,0.00016027,0.000116462,0.000110104
1.50017,0.817519,0.000298432,0.000149276,0.000258415,0.945641,0.000148556,0.000122354,8.42532e-05,0.000200256,2.7458e-05,1.85341e-06,2.73954e-05,0.618536,0.000161253,0.000118862,0.00010897
1.50137,0.817485,0.000298532,0.000153333,0.000256145,0.945684,0.000149916,0.000124159,8.40186e-05,0.000207522,2.79063e-05,1.88158e-06,2.78428e-05,0.618585,0.000162444,0.00012149,0.000107834
1.50257,0.817441,0.000298688,0.000157362,0.000253873,0.945726,0.000151263,0.000125939,8.37838e-05,0.000214957,2.83549e-05,1.90963e-06,2.82906e-05,0.618634,0.000163865,0.000124368,0.000106698
1.50377,0.817387,0.000298891,0.000161348,0.0002516,0.945769,0.000152594,0.000127689,8.35489e-05,0.000222562,2.88039e-05,1.93739e-06,2.87387e-05,0.618683,0.000165538,0.000127514,0.000105561
1.50496,0.817324,0.000299131,0.000165277,0.000249324,0.945812,0.000153906,0.000129406,8.33137e-05,0.000230339,2.92533e-05,1.96471e-06,2.91872e-05,0.618731,0.000167478,0.000130938,0.000104423
1.50617,0.817252,0.000299399,0.000169138,0.000247047,0.945854,0.000155195,0.000131086,8.30784e-05,0.000238289,2.97029e-05,1.99142e-06,2.96361e-05,0.618778,0.000169699,0.000134648,0.000103284
1.50737,0.817172,0.000299686,0.000172916,0.000244768,0.945897,0.000156458,0.000132726,8.28429e-05,0.000246413,3.01528e-05,2.01736e-06,3.00853e-05,0.618826,0.000172207,0.000138643,0.000102144
1.50857,0.817083,0.000299979,0.0001766,0.000242487,0.945939,0.000157691,0.000134322,8.26072e-05,0.000254713,3.06031e-05,2.04239e-06,3.05349e-05,0.618872,0.000175006,0.000142918,0.000101003
1.50977,0.816987,0.000300269,0.000180176,0.000240204,0.945982,0.000158891,0.000135872,8.23713e-05,0.000263189,3.10536e-05,2.06635e-06,3.09848e-05,0.618919,0.000178095,0.000147464,9.98612e-05
1.51098,0.816884,0.000300545,0.000183633,0.00023792,0.946024,0.000160054,0.000137372,8.21353e-05,0.000271844,3.15044e-05,2.0891e-06,3.14351e-05,0.618965,0.000181467,0.000152266,9.87186e-05
1.51218,0.816774,0.000300793,0.000186958,0.000235634,0.946066,0.000161178,0.00013882,8.1899e-05,0.000280678,3.19555e-05,2.1105e-06,3.18857e-05,0.61901,0.000185111,0.000157306,9.75751e-05
1.51339,0.816658,0.000302399,0.000190139,0.000235142,0.946108,0.000162593,0.000140211,8.23253e-05,0.000289693,3.22035e-05,2.13043e-06,3.21329e-05,0.619055,0.000189291,0.000162566,9.69703e-05
1.5146,0.816536,0.000304832,0.000193164,0.000235818,0.946151,0.000164177,0.000141544,8.31822e-05,0.00029889,3.23195e-05,2.14876e-06,3.2248e-05,0.6191,0.000193868,0.000168021,9.67155e-05
1.5158,0.816409,0.00030717,0.000196022,0.000236493,0.946193,0.000165708,0.000142816,8.40398e-05,0.00030827,3.24356e-05,2.16537e-06,3.23632e-05,0.619144,0.00019864,0.000173647,9.64605e-05
1.51701,0.816278,0.000309404,0.000198699,0.00023717,0.946234,0.000167184,0.000144024,8.4898e-05,0.000317835,3.25516e-05,2.18016e-06,3.24785e-05,0.619188,0.000203584,0.000179419,9.62053e-05
1.51822,0.816144,0.000311523,0.000201185,0.000237847,0.946276,0.000168604,0.000145165,8.5757e-05,0.000327586,3.26675e-05,2.19302e-06,3.25938e-05,0.619232,0.000208675,0.000185308,9.59498e-05
1.51943,0.816006,0.000313517,0.000203469,0.000238524,0.946318,0.000169964,0.000146237,8.66166e-05,0.000337524,3.27835e-05,2.20385e-06,3.27093e-05,0.619275,0.000213889,0.000191288,9.56942e-05
1.52065,0.815866,0.000315378,0.000205537,0.000239202,0.94636,0.000171263,0.000147238,8.74769e-05,0.00034765,3.28993e-05,2.21258e-06,3.28248e-05,0.619317,0.000219197,0.00019733,9.54384e-05
1.52186,0.815724,0.000317095,0.000207381,0.00023988,0.946402,0.0001725,0.000148164,8.83379e-05,0.000357967,3.30152e-05,2.21913e-06,3.29405e-05,0.619359,0.000224574,0.000203405,9.51823e-05
1.52307,0.815582,0.00031866,0.000208987,0.000240559,0.946444,0.000173672,0.000149015,8.91996e-05,0.000368474,3.31309e-05,2.22345e-06,3.30562e-05,0.619401,0.00022999,0.000209487,9.49261e-05
1.52429,0.815439,0.000320067,0.000210349,0.000241239,0.946485,0.000174778,0.000149787,9.0062e-05,0.000379174,3.32466e-05,2.22548e-06,3.3172e-05,0.619442,0.000235419,0.000215545,9.46697e-05
1.5255,0.815296,0.000321317,0.000211471,0.000241919,0.946527,0.000175815,0.000150478,9.09251e-05,0.000390068,3.33622e-05,2.22519e-06,3.3288e-05,0.619483,0.00024083,0.000221552,9.4413e-05
1.52672,0.815154,0.000322415,0.00021236,0.0002426,0.946568,0.000176784,0.000151087,9.17889e-05,0.000401154,3.34778e-05,2.2226e-06,3.3404e-05,0.619524,0.000246197,0.000227481,9.41562e-05
1.52794,0.815012,0.000323364,0.000213024,0.000243281,0.94661,0.000177682,0.000151612,9.26533e-05,0.00041242,3.35934e-05,2.21785e-06,3.35201e-05,0.619564,0.00025149,0.000233302,9.38991e-05
1.52916,0.814872,0.000324171,0.00021347,0.000243962,0.946652,0.000178508,0.000152051,9.35184e-05,0.000423851,3.37089e-05,2.21115e-06,3.36363e-05,0.619603,0.000256681,0.00023899,9.36418e-05
1.53038,0.814734,0.000324841,0.000213706,0.000244645,0.946693,0.000179263,0.000152404,9.43843e-05,0.00043543,3.38243e-05,2.20269e-06,3.37525e-05,0.619642,0.000261743,0.000244517,9.33844e-05
1.5316,0.814598,0.000325378,0.000213741,0.000245327,0.946734,0.00017995,0.000152673,9.52508e-05,0.000447142,3.39398e-05,2.1927e-06,3.38689e-05,0.619681,0.000266647,0.000249856,9.31267e-05
1.53282,0.814465,0.000325789,0.000213582,0.000246011,0.946776,0.000180569,0.000152862,9.6118e-05,0.000458971,3.40553e-05,2.18141e-06,3.39854e-05,0.619719,0.000271367,0.000254981,9.28688e-05
1.53404,0.814334,0.00032608,0.000213237,0.000246695,0.946817,0.000181125,0.000152971,9.69859e-05,0.0004709,3.41709e-05,2.16904e-06,3.4102e-05,0.619757,0.000275875,0.000259866,9.26107e-05
1.53527,0.814207,0.000326258,0.000212715,0.000247379,0.946859,0.00018162,0.000153004,9.78545e-05,0.000482915,3.42865e-05,2.15584e-06,3.42186e-05,0.619795,0.000280145,0.000264485,9.23524e-05
1.53649,0.814083,0.000326327,0.000212023,0.000248064,0.9469,0.000182056,0.000152963,9.87238e-05,0.000494999,3.44021e-05,2.14205e-06,3.43354e-05,0.619831,0.00028415,0.000268812,9.20939e-05
1.53772,0.813964,0.000325096,0.00021117,0.000247174,0.946941,0.000182535,0.000152852,9.97768e-05,0.000507136,3.43245e-05,2.12793e-06,3.42585e-05,0.619868,0.000287905,0.000272824,9.19607e-05
1.53894,0.81385,0.000322704,0.000210164,0.000244886,0.946983,0.000183052,0.000152671,0.000100993,0.000519311,3.40754e-05,2.11372e-06,3.40098e-05,0.619904,0.000291379,0.000276494,9.19388e-05
1.54017,0.81374,0.000320217,0.000209013,0.000242596,0.947024,0.000183522,0.000152425,0.00010221,0.000531508,3.38262e-05,2.09968e-06,3.37609e-05,0.619939,0.00029451,0.000279799,9.19168e-05
1.5414,0.813636,0.000317642,0.000207726,0.000240304,0.947065,0.000183948,0.000152116,0.000103428,0.00054371,3.35767e-05,2.08607e-06,3.35119e-05,0.619975,0.000297275,0.000282715,9.18948e-05
1.54263,0.813538,0.000314981,0.000206312,0.00023801,0.947106,0.000184332,0.000151747,0.000104647,0.000555902,3.33271e-05,2.07314e-06,3.32626e-05,0.620009,0.00029965,0.000285218,9.18728e-05
1.54386,0.813446,0.000312242,0.000204777,0.000235714,0.947147,0.000184678,0.000151321,0.000105868,0.000568069,3.30774e-05,2.06113e-06,3.30131e-05,0.620043,0.000301611,0.000287285,9.18507e-05
1.54509,0.813361,0.000309428,0.000203131,0.000233417,0.947189,0.000184988,0.00015084,0.000107089,0.000580193,3.28275e-05,2.05028e-06,3.27634e-05,0.620077,0.000303137,0.000288893,9.18287e-05
1.54632,0.813282,0.000306546,0.000201383,0.000231118,0.94723,0.000185267,0.000150309,0.000108311,0.00059226,3.25775e-05,2.04083e-06,3.25135e-05,0.620111,0.000304204,0.00029002,9.18066e-05
1.54756,0.813211,0.000303601,0.00019954,0.000228817,0.947271,0.000185516,0.000149729,0.000109534,0.000604254,3.23274e-05,2.03298e-06,3.22634e-05,0.620143,0.000304793,0.000290644,9.17845e-05
1.54879,0.813147,0.000300598,0.000197612,0.000226514,0.947312,0.00018574,0.000149104,0.000110758,0.000616159,3.20773e-05,2.02695e-06,3.20132e-05,0.620176,0.000304881,0.000290744,9.17624e-05
1.55003,0.813091,0.000297543,0.000195607,0.000224209,0.947353,0.000185941,0.000148438,0.000111983,0.000627958,3.1827e-05,2.0229e-06,3.17627e-05,0.620208,0.00030445,0.000290299,9.17403e-05
1.55126,0.813043,0.000294442,0.000193534,0.000221903,0.947394,0.000186122,0.000147733,0.000113208,0.000639636,3.15768e-05,2.021e-06,3.1512e-05,0.620239,0.000303497,0.000289306,9.17182e-05
1.5525,0.813003,0.0002913,0.000191401,0.000219594,0.947435,0.000186286,0.000146994,0.000114435,0.000651178,3.13264e-05,2.02137e-06,3.12611e-05,0.62027,0.00030204,0.000287785,9.1696e-05
1.55374,0.812973,0.000288124,0.000189217,0.000217284,0.947476,0.000186437,0.000146222,0.000115663,0.000662567,3.1076e-05,2.02412e-06,3.10101e-05,0.620301,0.000300103,0.000285758,9.16738e-05
1.55498,0.81295,0.000284919,0.000186992,0.000214972,0.947517,0.000186578,0.000145422,0.000116892,0.000673787,3.08257e-05,2.02932e-06,3.07588e-05,0.620331,0.000297709,0.00028325,9.16516e-05
1.55622,0.812937,0.000281691,0.000184733,0.000212658,0.947557,0.000186711,0.000144597,0.000118122,0.000684823,3.05752e-05,2.03702e-06,3.05073e-05,0.620361,0.000294882,0.000280285,9.16294e-05
1.55746,0.812933,0.000278446,0.00018245,0.000210342,0.947598,0.00018684,0.00014375,0.000119353,0.000695659,3.03248e-05,2.04722e-06,3.02556e-05,0.62039,0.000291646,0.000276886,9.16072e-05
1.5587,0.812939,0.000275189,0.000180152,0.000208025,0.947639,0.000186967,0.000142885,0.000120585,0.000706279,3.00744e-05,2.05992e-06,3.00037e-05,0.620419,0.000288028,0.000273079,9.15849e-05
1.55995,0.812953,0.000271928,0.000177848,0.000205705,0.94768,0.000187096,0.000142006,0.000121817,0.000716667,2.98239e-05,2.07505e-06,2.97517e-05,0.620447,0.000284053,0.000268891,9.15627e-05
1.56119,0.812977,0.000268667,0.000175547,0.000203384,0.947721,0.00018723,0.000141115,0.000123051,0.000726807,2.95735e-05,2.09254e-06,2.94994e-05,0.620475,0.000279748,0.000264347,9.15404e-05
1.56244,0.813011,0.000267076,0.000173258,0.000203252,0.947761,0.000186759,0.000140217,0.000123362,0.000736683,2.94856e-05,2.1123e-06,2.94098e-05,0.620503,0.000275124,0.000259475,9.14665e-05
1.56368,0.813054,0.000267532,0.000170989,0.000205757,0.947802,0.000185552,0.000139316,0.000122559,0.00074628,2.95934e-05,2.13417e-06,2.95164e-05,0.620531,0.000270206,0.000254303,9.13304e-05
1.56493,0.813107,0.00026805,0.00016875,0.000208264,0.947843,0.000184345,0.000138414,0.000121756,0.000755582,2.97015e-05,2.15802e-06,2.9623e-05,0.620558,0.000265042,0.00024886,9.11942e-05
1.56618,0.813169,0.000268634,0.000166549,0.000210774,0.947883,0.000183139,0.000137515,0.000120953,0.000764573,2.98098e-05,2.18368e-06,2.97297e-05,0.620584,0.000259664,0.000243175,9.10579e-05
1.56743,0.813241,0.000269288,0.000164395,0.000213285,0.947924,0.000181938,0.000136623,0.000120148,0.000773236,2.99183e-05,2.21095e-06,2.98365e-05,0.62061,0.000254102,0.000237278,9.09215e-05
1.56868,0.813321,0.000270016,0.000162296,0.000215798,0.947965,0.000180745,0.000135742,0.000119344,0.000781557,3.00271e-05,2.23965e-06,2.99434e-05,0.620636,0.000248388,0.000231203,9.0785e-05
1.56993,0.813411,0.00027082,0.000160259,0.000218313,0.948005,0.000179562,0.000134875,0.000118538,0.000789519,3.0136e-05,2.26955e-06,3.00504e-05,0.620662,0.000242556,0.000224981,9.06483e-05
1.57118,0.81351,0.000271703,0.000158292,0.000220831,0.948046,0.000178392,0.000134025,0.000117732,0.000797106,3.02451e-05,2.30044e-06,3.01575e-05,0.620687,0.000236639,0.000218645,9.05116e-05
1.57244,0.813618,0.000272667,0.000156403,0.00022335,0.948086,0.000177236,0.000133196,0.000116925,0.000804303,3.03543e-05,2.33209e-06,3.02646e-05,0.620712,0.000230674,0.000212233,9.03747e-05
1.57369,0.813735,0.000273712,0.000154597,0.000225871,0.948127,0.000176099,0.000132392,0.000116117,0.000811094,3.04637e-05,2.36429e-06,3.03718e-05,0.620737,0.000224696,0.00020578,9.02378e-05
1.57495,0.81386,0.000274839,0.00015288,0.000228395,0.948167,0.000174982,0.000131615,0.000115309,0.000817463,3.05733e-05,2.39681e-06,3.04792e-05,0.620761,0.000218742,0.000199324,9.01007e-05
1.5762,0.813992,0.000276049,0.000151258,0.00023092,0.948208,0.000173888,0.000130869,0.000114501,0.000823394,3.06829e-05,2.4294e-06,3.05866e-05,0.620785,0.000212853,0.000192906,8.99635e-05
1.57746,0.814133,0.000277342,0.000149735,0.000233448,0.948248,0.000172819,0.000130156,0.000113691,0.000828871,3.07926e-05,2.46186e-06,3.06941e-05,0.620809,0.000207066,0.000186568,8.98263e-05
1.57872,0.814281,0.000278715,0.000148314,0.000235977,0.948288,0.000171777,0.000129481,0.000112881,0.000833878,3.09024e-05,2.49395e-06,3.08016e-05,0.620832,0.000201422,0.000180351,8.96889e-05
1.57998,0.814436,0.000280169,0.000146998,0.000238508,0.948329,0.000170765,0.000128845,0.00011207,0.0008384,3.10123e-05,2.52546e-06,3.09093e-05,0.620855,0.000195961,0.000174303,8.95513e-05
1.58124,0.814598,0.000281701,0.000145788,0.000241042,0.948369,0.000169785,0.000128252,0.000111259,0.00084242,3.11222e-05,2.55617e-06,3.1017e-05,0.620878,0.000190725,0.000168467,8.94137e-05
1.5825,0.814766,0.000283308,0.000144685,0.000243577,0.948409,0.000168839,0.000127703,0.000110447,0.000845923,3.12321e-05,2.58587e-06,3.11249e-05,0.620901,0.000185753,0.000162893,8.9276e-05
1.58376,0.814939,0.000284989,0.000143687,0.000246115,0.94845,0.000167928,0.000127201,0.000109634,0.000848894,3.1342e-05,2.61436e-06,3.12328e-05,0.620923,0.000181084,0.000157626,8.91382e-05
1.58502,0.815119,0.000286739,0.000142794,0.000248654,0.94849,0.000167055,0.000126749,0.000108821,0.000851315,3.14519e-05,2.64143e-06,3.13408e-05,0.620945,0.000176756,0.000152714,8.90002e-05
1.58629,0.815302,0.000288555,0.000142002,0.000251196,0.94853,0.00016622,0.000126347,0.000108007,0.000853171,3.15618e-05,2.66689e-06,3.14489e-05,0.620967,0.000172801,0.000148202,8.88622e-05
1.58755,0.815491,0.000289489,0.000141307,0.000252659,0.94857,0.000165932,0.000125998,0.000107971,0.000854447,3.16144e-05,2.69057e-06,3.14997e-05,0.620989,0.000169425,0.000144132,8.90561e-05
1.58882,0.815682,0.000288918,0.000140704,0.000252341,0.94861,0.000166524,0.000125704,0.00010922,0.000855127,3.15726e-05,2.71227e-06,3.14559e-05,0.62101,0.000166779,0.000140541,8.97979e-05
1.59009,0.815878,0.000288388,0.000140187,0.000252022,0.948651,0.000167167,0.000125464,0.00011047,0.000855194,3.15306e-05,2.73183e-06,3.14121e-05,0.621031,0.000164598,0.000137459,9.05404e-05
1.59136,0.816075,0.000287897,0.00013975,0.000251704,0.948691,0.000167859,0.00012528,0.00011172,0.000854633,3.14884e-05,2.74909e-06,3.13682e-05,0.621053,0.000162891,0.00013491,9.12834e-05
1.59263,0.816275,0.000287441,0.000139384,0.000251385,0.948731,0.0001686,0.000125153,0.000112972,0.000853428,3.1446e-05,2.76389e-06,3.13243e-05,0.621073,0.000161655,0.000132904,9.20271e-05
1.5939,0.816476,0.000287015,0.000139082,0.000251066,0.948771,0.00016939,0.000125083,0.000114224,0.000851563,3.14033e-05,2.77608e-06,3.12803e-05,0.621094,0.000160884,0.000131443,9.27713e-05
1.59517,0.816678,0.000286616,0.000138834,0.000250746,0.948811,0.000170228,0.00012507,0.000115478,0.000849023,3.13603e-05,2.78553e-06,3.12364e-05,0.621115,0.000160559,0.000130514,9.35161e-05
1.59644,0.816879,0.000286238,0.000138632,0.000250427,0.948851,0.000171113,0.000125113,0.000116732,0.000845791,3.13171e-05,2.79212e-06,3.11924e-05,0.621135,0.000160655,0.000130096,9.42615e-05
1.59771,0.817081,0.000285878,0.000138466,0.000250107,0.948891,0.000172045,0.000125213,0.000117988,0.000841852,3.12735e-05,2.79573e-06,3.11483e-05,0.621155,0.000161141,0.000130153,9.50075e-05
1.59899,0.817281,0.000285533,0.000138332,0.000249787,0.948931,0.000173021,0.000125367,0.000119245,0.000837189,3.12297e-05,2.79625e-06,3.11042e-05,0.621175,0.000161977,0.000130643,9.57541e-05
1.60026,0.81748,0.000285203,0.000138229,0.000249466,0.948971,0.000174041,0.000125576,0.000120502,0.000831795,3.11855e-05,2.79365e-06,3.10601e-05,0.621195,0.000163121,0.000131514,9.65013e-05
1.60154,0.817677,0.000284888,0.000138157,0.000249146,0.949011,0.000175103,0.000125838,0.000121761,0.000825689,3.1141e-05,2.78807e-06,3.1016e-05,0.621215,0.000164527,0.00013271,9.72491e-05
1.60282,0.817873,0.000284587,0.000138117,0.000248825,0.949051,0.000176205,0.000126151,0.00012302,0.000818892,3.10963e-05,2.77966e-06,3.09718e-05,0.621234,0.000166148,0.000134171,9.79975e-05
1.6041,0.818066,0.000284302,0.000138108,0.000248504,0.949091,0.000177346,0.000126514,0.000124281,0.000811427,3.10512e-05,2.7686e-06,3.09276e-05,0.621254,0.000167936,0.000135836,9.87465e-05
1.60538,0.818257,0.000284033,0.000138132,0.000248182,0.949131,0.000178523,0.000126923,0.000125543,0.000803317,3.1006e-05,2.75508e-06,3.08833e-05,0.621273,0.000169841,0.000137646,9.94961e-05
1.60666,0.818444,0.000283781,0.00013819,0.000247861,0.94917,0.000179735,0.000127378,0.000126805,0.000794585,3.09604e-05,2.73931e-06,3.0839e-05,0.621292,0.000171818,0.000139542,0.000100246
1.60794,0.818629,0.000283545,0.000138285,0.000247539,0.94921,0.00018098,0.000127875,0.000128069,0.000785253,3.09147e-05,2.72146e-06,3.07947e-05,0.621311,0.000173821,0.000141469,0.000100997
1.60922,0.818809,0.000283329,0.000138417,0.000247216,0.94925,0.000182255,0.000128412,0.000129333,0.000775344,3.08688e-05,2.70177e-06,3.07503e-05,0.62133,0.000175809,0.000143374,0.000101748
1.6105,0.818986,0.000283131,0.000138588,0.000246894,0.94929,0.000183558,0.000128987,0.000130599,0.00076488,3.08227e-05,2.68043e-06,3.07059e-05,0.621349,0.000177743,0.000145211,0.0001025
1.61179,0.819158,0.000282954,0.000138801,0.000246571,0.94933,0.000184888,0.000129595,0.000131866,0.000753885,3.07765e-05,2.65768e-06,3.06615e-05,0.621368,0.000179601,0.000146954,0.000103253
1.61307,0.819326,0.000283003,0.000139057,0.000246483,0.949369,0.000187142,0.000130235,0.000134391,0.000742381,3.09282e-05,2.63374e-06,3.08159e-05,0.621387,0.000181108,0.000148585,0.00010355
1.61436,0.819489,0.000283546,0.000139357,0.000246938,0.949409,0.000191546,0.000130902,0.000139837,0.00073039,3.154e-05,2.60882e-06,3.1432e-05,0.621406,0.000181918,0.000150094,0.00010279
1.61565,0.819646,0.000284113,0.000139702,0.000247393,0.949449,0.000196024,0.000131594,0.000145287,0.000717935,3.21525e-05,2.58318e-06,3.20485e-05,0.621424,0.000182632,0.000151475,0.000102028
1.61694,0.819798,0.000284702,0.000140093,0.000247849,0.949488,0.00020057,0.000132307,0.000150742,0.00070504,3.27655e-05,2.55704e-06,3.26656e-05,0.621443,0.000183247,0.000152724,0.000101267
1.61823,0.819943,0.000285315,0.000140531,0.000248305,0.949528,0.000205178,0.000133038,0.000156201,0.000691726,3.33792e-05,2.53063e-06,3.32831e-05,0.621462,0.000183762,0.000153842,0.000100504
1.61952,0.820082,0.000285951,0.000141016,0.000248762,0.949568,0.000209841,0.000133783,0.000161665,0.000678017,3.39935e-05,2.50419e-06,3.39012e-05,0.62148,0.000184176,0.000154831,9.97411e-05
1.62081,0.820215,0.00028661,0.000141547,0.000249219,0.949607,0.000214555,0.000134538,0.000167132,0.000663934,3.46085e-05,2.47796e-06,3.45197e-05,0.621499,0.000184494,0.000155696,9.89775e-05
1.6221,0.820341,0.000287294,0.000142125,0.000249676,0.949647,0.000219314,0.000135301,0.000172604,0.000649502,3.52242e-05,2.45215e-06,3.51387e-05,0.621517,0.000184718,0.000156445,9.82132e-05
1.6234,0.820459,0.000288,0.000142748,0.000250134,0.949686,0.000224115,0.000136068,0.000178081,0.000634741,3.58405e-05,2.42701e-06,3.57583e-05,0.621536,0.000184855,0.000157084,9.74483e-05
1.62469,0.820571,0.000288728,0.000143415,0.000250592,0.949726,0.000228951,0.000136835,0.000183562,0.000619676,3.64575e-05,2.40274e-06,3.63783e-05,0.621555,0.000184912,0.000157622,9.66828e-05
1.62599,0.820674,0.000289479,0.000144125,0.00025105,0.949765,0.00023382,0.000137598,0.000189047,0.000604328,3.70752e-05,2.37955e-06,3.69988e-05,0.621573,0.000184895,0.00015807,9.59167e-05
1.62729,0.82077,0.00029025,0.000144874,0.000251509,0.949805,0.000238718,0.000138354,0.000194537,0.00058872,3.76936e-05,2.35764e-06,3.76198e-05,0.621592,0.000184814,0.000158438,9.515e-05
1.62858,0.820857,0.000291042,0.000145662,0.000251968,0.949844,0.000243641,0.0001391,0.000200031,0.000572876,3.83126e-05,2.33719e-06,3.82413e-05,0.62161,0.000184676,0.000158736,9.43827e-05
1.62988,0.820936,0.000291852,0.000146485,0.000252427,0.949884,0.000248586,0.000139831,0.000205529,0.000556817,3.89324e-05,2.31836e-06,3.88633e-05,0.621629,0.000184492,0.000158976,9.36148e-05
1.63118,0.821007,0.000292679,0.00014734,0.000252887,0.949923,0.00025355,0.000140545,0.000211032,0.000540567,3.95528e-05,2.3013e-06,3.94858e-05,0.621648,0.000184269,0.000159168,9.28462e-05
1.63248,0.821069,0.000293522,0.000148223,0.000253347,0.949962,0.000258529,0.000141238,0.000216539,0.000524147,4.01739e-05,2.28613e-06,4.01088e-05,0.621667,0.000184016,0.000159323,9.20771e-05
1.63379,0.821123,0.000294379,0.000149132,0.000253808,0.950002,0.000263522,0.000141907,0.000222051,0.000507582,4.07956e-05,2.27295e-06,4.07323e-05,0.621686,0.000183743,0.00015945,9.13073e-05
1.63509,0.821167,0.000295248,0.000150063,0.000254269,0.950041,0.000268526,0.000142548,0.000227567,0.000490892,4.1418e-05,2.26184e-06,4.13562e-05,0.621705,0.000183457,0.00015956,9.05369e-05
1.63639,0.821203,0.000296128,0.000151011,0.00025473,0.950081,0.000273539,0.000143158,0.000233087,0.000474102,4.20411e-05,2.25285e-06,4.19807e-05,0.621724,0.000183165,0.000159661,8.97659e-05
1.6377,0.82123,0.000297016,0.000151972,0.000255192,0.95012,0.000278559,0.000143735,0.000238612,0.000457234,4.26649e-05,2.24598e-06,4.26057e-05,0.621743,0.000182876,0.000159761,8.89943e-05
1.63901,0.821247,0.000298158,0.000152942,0.000255943,0.950159,0.000282841,0.000144274,0.000243278,0.000440309,4.30882e-05,2.24123e-06,4.30299e-05,0.621762,0.000182564,0.000159868,8.81582e-05
1.64031,0.821256,0.000300159,0.000153916,0.000257692,0.950198,0.000284555,0.000144772,0.000244974,0.000423352,4.28188e-05,2.23857e-06,4.27602e-05,0.621781,0.00018216,0.000159986,8.71013e-05
1.64162,0.821255,0.000302161,0.00015489,0.000259443,0.950238,0.000286248,0.000145228,0.000246672,0.000406385,4.25493e-05,2.23792e-06,4.24904e-05,0.621801,0.000181776,0.000160122,8.60435e-05
1.64293,0.821246,0.000304162,0.000155859,0.000261195,0.950277,0.00028792,0.000145637,0.00024837,0.00038943,4.22797e-05,2.23919e-06,4.22204e-05,0.621821,0.000181415,0.000160278,8.49849e-05
1.64424,0.821227,0.00030616,0.000156819,0.000262948,0.950316,0.00028957,0.000145998,0.00025007,0.00037251,4.201e-05,2.24225e-06,4.19501e-05,0.62184,0.000181079,0.000160456,8.39254e-05
1.64555,0.8212,0.000308151,0.000157764,0.000264703,0.950355,0.000291195,0.000146306,0.000251772,0.000355648,4.17402e-05,2.24697e-06,4.16796e-05,0.62186,0.000180769,0.000160657,8.28651e-05
1.64687,0.821164,0.000310133,0.00015869,0.000266459,0.950394,0.000292796,0.000146561,0.000253475,0.000338867,4.14702e-05,2.25316e-06,4.1409e-05,0.62188,0.000180484,0.000160881,8.18039e-05
1.64818,0.821119,0.000312104,0.000159591,0.000268216,0.950434,0.000294371,0.000146758,0.000255179,0.000322188,4.12001e-05,2.26066e-06,4.11381e-05,0.621901,0.000180224,0.000161125,8.07419e-05
1.64949,0.821066,0.000314062,0.000160464,0.000269975,0.950473,0.000295919,0.000146896,0.000256885,0.000305635,4.09299e-05,2.26925e-06,4.08669e-05,0.621921,0.000179984,0.000161386,7.96791e-05
1.65081,0.821005,0.000316004,0.000161302,0.000271735,0.950512,0.00029744,0.000146972,0.000258592,0.000289231,4.06595e-05,2.27872e-06,4.05956e-05,0.621941,0.00017976,0.000161658,7.86154e-05
1.65213,0.820936,0.000317927,0.000162102,0.000273497,0.950551,0.000298933,0.000146987,0.0002603,0.000272998,4.0389e-05,2.28883e-06,4.0324e-05,0.621962,0.000179548,0.000161936,7.75508e-05
1.65345,0.820858,0.000319829,0.000162857,0.00027526,0.95059,0.000300401,0.000146941,0.000262009,0.000256959,4.01182e-05,2.29936e-06,4.00523e-05,0.621983,0.00017934,0.000162212,7.64854e-05
1.65476,0.820774,0.000321708,0.000163564,0.000277024,0.950629,0.000301843,0.000146835,0.00026372,0.000241136,3.98473e-05,2.31005e-06,3.97803e-05,0.622004,0.000179128,0.000162477,7.54192e-05
1.65608,0.820682,0.000323561,0.000164218,0.00027879,0.950668,0.00030326,0.000146671,0.000265433,0.000225552,3.95762e-05,2.32067e-06,3.95081e-05,0.622026,0.000178904,0.000162722,7.43521e-05
1.65741,0.820583,0.000325385,0.000164812,0.000280558,0.950707,0.000304655,0.000146449,0.000267147,0.00021023,3.93048e-05,2.33096e-06,3.92357e-05,0.622047,0.000178658,0.000162935,7.32841e-05
1.65873,0.820477,0.00032718,0.000165344,0.000282326,0.950746,0.000306026,0.00014617,0.000268862,0.000195192,3.90333e-05,2.34067e-06,3.8963e-05,0.622069,0.000178378,0.000163106,7.22153e-05
1.66005,0.820365,0.000328942,0.000165807,0.000284097,0.950785,0.000307377,0.000145836,0.000270578,0.000180462,3.87615e-05,2.34956e-06,3.86902e-05,0.622091,0.000178054,0.000163222,7.11456e-05
1.66137,0.820247,0.000330669,0.000166197,0.000285868,0.950824,0.000308707,0.000145448,0.000272296,0.000166061,3.84894e-05,2.35738e-06,3.84171e-05,0.622114,0.000177672,0.000163269,7.00751e-05
1.6627,0.820124,0.000332359,0.000166509,0.000287641,0.950863,0.000310019,0.000145008,0.000274015,0.000152013,3.8217e-05,2.36389e-06,3.81438e-05,0.622136,0.000177221,0.000163235,6.90038e-05
1.66403,0.819996,0.000334011,0.000166739,0.000289415,0.950902,0.000311313,0.000144518,0.000275736,0.000138341,3.79443e-05,2.36887e-06,3.78703e-05,0.622159,0.000176685,0.000163104,6.79315e-05
1.66535,0.819863,0.000335802,0.000166881,0.000291399,0.95094,0.000312148,0.000143978,0.00027696,0.000125065,3.77149e-05,2.37209e-06,3.76402e-05,0.622182,0.000176173,0.000162864,6.71724e-05
1.66668,0.819726,0.000338588,0.000166931,0.000294578,0.950979,0.000310433,0.000143392,0.000275331,0.000112211,3.77349e-05,2.37334e-06,3.76601e-05,0.622206,0.000176235,0.000162499,6.8212e-05
1.66801,0.819585,0.000341336,0.000166884,0.000297759,0.951018,0.000308695,0.000142759,0.000273702,9.97996e-05,3.77547e-05,2.3724e-06,3.76801e-05,0.622229,0.000176176,0.000161994,6.92525e-05
1.66934,0.819441,0.000344045,0.000166736,0.000300942,0.951057,0.000306937,0.000142084,0.000272071,8.78542e-05,3.77744e-05,2.36908e-06,3.77e-05,0.622253,0.000175985,0.000161336,7.02938e-05
1.67067,0.819295,0.000346714,0.000166483,0.000304128,0.951095,0.000305158,0.000141367,0.000270438,7.63973e-05,3.7794e-05,2.36321e-06,3.772e-05,0.622277,0.000175649,0.000160511,7.13359e-05
1.67201,0.819146,0.000349341,0.000166119,0.000307317,0.951134,0.00030336,0.000140611,0.000268805,6.54515e-05,3.78134e-05,2.35462e-06,3.774e-05,0.622302,0.000175157,0.000159504,7.23789e-05
1.67334,0.818996,0.000351926,0.00016564,0.000310508,0.951172,0.000301544,0.000139817,0.00026717,5.50397e-05,3.78326e-05,2.34315e-06,3.776e-05,0.622327,0.0001745,0.000158302,7.34227e-05
1.67468,0.818845,0.000354468,0.000165043,0.000313701,0.951211,0.00029971,0.000138988,0.000265534,4.51844e-05,3.78517e-05,2.32867e-06,3.778e-05,0.622352,0.000173668,0.000156892,7.44673e-05
1.67601,0.818693,0.000356968,0.000164324,0.000316897,0.951249,0.000297859,0.000138127,0.000263896,3.59082e-05,3.78706e-05,2.31108e-06,3.78e-05,0.622378,0.000172661,0.000155273,7.55128e-05
1.67735,0.818542,0.000359425,0.000163478,0.000320096,0.951288,0.000295994,0.000137235,0.000262257,2.72231e-05,3.78894e-05,2.29036e-06,3.78201e-05,0.622404,0.000171489,0.000153451,7.6559e-05
1.67869,0.818391,0.00036184,0.000162503,0.000323297,0.951326,0.000294114,0.000136316,0.000260617,1.91188e-05,3.7908e-05,2.2667e-06,3.78401e-05,0.62243,0.000170165,0.000151438,7.76062e-05
1.68003,0.818242,0.000364216,0.0001614,0.000326501,0.951364,0.000292222,0.000135371,0.000258976,1.15827e-05,3.79265e-05,2.24034e-06,3.78602e-05,0.622457,0.000168702,0.000149245,7.86541e-05
1.68137,0.818094,0.000366557,0.000160177,0.000329707,0.951402,0.000290317,0.000134402,0.000257333,4.60185e-06,3.79448e-05,2.21151e-06,3.78803e-05,0.622484,0.000167116,0.000146885,7.97029e-05
1.68271,0.817948,0.000368868,0.000158841,0.000332916,0.951441,0.000288402,0.000133414,0.000255689,-1.83647e-06,3.79631e-05,2.1805e-06,3.79004e-05,0.622511,0.000165423,0.000144374,8.07526e-05
1.68405,0.817804,0.000371156,0.000157401,0.000336128,0.951479,0.000286478,0.000132407,0.000254043,-7.74508e-06,3.79813e-05,2.14761e-06,3.79206e-05,0.622539,0.000163641,0.000141727,8.1803e-05
1.68539,0.817662,0.000373425,0.000155864,0.000339342,0.951517,0.000284546,0.000131386,0.000252397,-1.31368e-05,3.79995e-05,2.11316e-06,3.79407e-05,0.622566,0.000161788,0.000138963,8.28544e-05
1.68674,0.817523,0.000375681,0.00015424,0.000342559,0.951555,0.000282607,0.000130352,0.000250749,-1.80243e-05,3.80177e-05,2.07751e-06,3.79609e-05,0.622595,0.000159886,0.0001361,8.39065e-05
1.68808,0.817387,0.000377929,0.000152539,0.000345778,0.951593,0.000280662,0.000129309,0.000249099,-2.24206e-05,3.80358e-05,2.04103e-06,3.7981e-05,0.622623,0.000157954,0.000133159,8.49595e-05
1.68943,0.817254,0.000380174,0.00015077,0.000348999,0.95163,0.000278713,0.000128259,0.000247449,-2.63383e-05,3.8054e-05,2.00411e-06,3.80012e-05,0.622652,0.000156014,0.000130162,8.60133e-05
1.69078,0.817125,0.000382421,0.000148944,0.000352224,0.951668,0.000276762,0.000127205,0.000245797,-2.97903e-05,3.80723e-05,1.9672e-06,3.80214e-05,0.622681,0.000154089,0.000127132,8.7068e-05
1.69213,0.817,0.000384231,0.000147072,0.000354969,0.951706,0.000274882,0.000126151,0.000244225,-3.27894e-05,3.81086e-05,1.93073e-06,3.80597e-05,0.622711,0.000152135,0.000124095,8.80084e-05
1.69348,0.816878,0.000380332,0.000145164,0.000351539,0.951743,0.000273938,0.000125099,0.000243705,-3.53483e-05,3.83756e-05,1.89518e-06,3.83288e-05,0.622741,0.000149368,0.000121076,8.74721e-05
1.69483,0.816762,0.000376421,0.000143233,0.000348105,0.951781,0.000272997,0.000124052,0.000243184,-3.74799e-05,3.8643e-05,1.86105e-06,3.85982e-05,0.622771,0.000146651,0.000118105,8.69354e-05
1.69618,0.816649,0.000372504,0.000141288,0.000344669,0.951818,0.000272062,0.000123013,0.000242663,-3.9197e-05,3.89107e-05,1.82883e-06,3.88677e-05,0.622802,0.000144006,0.000115209,8.63983e-05
1.69753,0.816543,0.000368585,0.000139344,0.00034123,0.951856,0.000271133,0.000121986,0.000242141,-4.05123e-05,3.91788e-05,1.79904e-06,3.91375e-05,0.622833,0.000141458,0.00011242,8.58607e-05
1.69889,0.816441,0.000364668,0.000137411,0.000337789,0.951893,0.000270212,0.000120973,0.000241619,-4.14387e-05,3.94474e-05,1.7722e-06,3.94075e-05,0.622864,0.000139029,0.000109769,8.53227e-05
1.70024,0.816345,0.000360759,0.000135502,0.000334344,0.95193,0.0002693,0.000119977,0.000241097,-4.1989e-05,3.97163e-05,1.74881e-06,3.96777e-05,0.622895,0.000136743,0.000107286,8.47843e-05
1.7016,0.816255,0.000356861,0.000133629,0.000330897,0.951967,0.000268398,0.000119002,0.000240574,-4.21759e-05,3.99856e-05,1.72935e-06,3.99482e-05,0.622927,0.000134623,0.000105005,8.42455e-05
1.70295,0.816171,0.000352979,0.000131805,0.000327447,0.952004,0.000267508,0.000118051,0.000240051,-4.20122e-05,4.02553e-05,1.71427e-06,4.02188e-05,0.622959,0.000132689,0.000102955,8.37062e-05
1.70431,0.816094,0.000349118,0.000130042,0.000323995,0.952041,0.00026663,0.000117126,0.000239527,-4.15108e-05,4.05255e-05,1.70396e-06,4.04897e-05,0.622991,0.000130962,0.000101166,8.31665e-05
1.70567,0.816023,0.000345282,0.000128352,0.000320539,0.952078,0.000265767,0.00011623,0.000239003,-4.06844e-05,4.07962e-05,1.69873e-06,4.07608e-05,0.623024,0.000129459,9.96623e-05,8.26263e-05
1.70703,0.81596,0.000341475,0.000126746,0.000317081,0.952115,0.000264918,0.000115367,0.000238479,-3.95459e-05,4.10672e-05,1.69884e-06,4.10321e-05,0.623057,0.000128195,9.84679e-05,8.20858e-05
1.70839,0.815903,0.000337701,0.000125238,0.00031362,0.952151,0.000264086,0.00011454,0.000237954,-3.8108e-05,4.13387e-05,1.70443e-06,4.13036e-05,0.623091,0.000127182,9.75997e-05,8.15448e-05
1.70976,0.815854,0.000333965,0.000123837,0.000310157,0.952188,0.000263271,0.000113751,0.000237428,-3.63836e-05,4.16107e-05,1.71557e-06,4.15753e-05,0.623124,0.000126428,9.70695e-05,8.10033e-05
1.71112,0.815813,0.00033027,0.000122554,0.00030669,0.952225,0.000262473,0.000113002,0.000236903,-3.43854e-05,4.18831e-05,1.73221e-06,4.18473e-05,0.623158,0.000125938,9.68827e-05,8.04615e-05
1.71249,0.815779,0.00032662,0.000121398,0.000303221,0.952261,0.000261695,0.000112297,0.000236377,-3.21262e-05,4.2156e-05,1.75423e-06,4.21194e-05,0.623192,0.000125711,9.70377e-05,7.99192e-05
1.71385,0.815753,0.000323018,0.000120378,0.000299749,0.952297,0.000260937,0.000111637,0.00023585,-2.96189e-05,4.24292e-05,1.7814e-06,4.23918e-05,0.623227,0.000125746,9.75263e-05,7.93764e-05
1.71522,0.815736,0.000319467,0.000119502,0.000296274,0.952333,0.000260199,0.000111026,0.000235323,-2.68761e-05,4.27029e-05,1.81344e-06,4.26644e-05,0.623262,0.000126033,9.83338e-05,7.88333e-05
1.71659,0.815726,0.000315971,0.000118775,0.000292797,0.952369,0.000259483,0.000110464,0.000234795,-2.39108e-05,4.29771e-05,1.84998e-06,4.29372e-05,0.623297,0.000126561,9.94399e-05,7.82897e-05
1.71796,0.815725,0.000312532,0.000118203,0.000289317,0.952405,0.000258788,0.000109955,0.000234268,-2.07358e-05,4.32516e-05,1.89064e-06,4.32103e-05,0.623333,0.000127314,0.000100819,7.77456e-05
1.71933,0.815733,0.000309152,0.000117789,0.000285834,0.952441,0.000258117,0.0001095,0.000233739,-1.73637e-05,4.35266e-05,1.93498e-06,4.34835e-05,0.623368,0.000128276,0.000102444,7.72012e-05
1.7207,0.815749,0.000309042,0.000117535,0.00028582,0.952477,0.000257945,0.0001091,0.000233737,-1.38074e-05,4.35298e-05,1.98254e-06,4.34846e-05,0.623404,0.000129746,0.000104281,7.7199e-05
1.72207,0.815774,0.000309007,0.000117441,0.00028582,0.952513,0.0002578,0.000108756,0.000233737,-1.00798e-05,4.35321e-05,2.03288e-06,4.34846e-05,0.623441,0.000131373,0.000106298,7.7199e-05
1.72344,0.815807,0.000309031,0.000117506,0.00028582,0.952548,0.00025768,0.00010847,0.000233737,-6.19359e-06,4.35346e-05,2.08553e-06,4.34846e-05,0.623477,0.000133129,0.00010846,7.7199e-05
1.72482,0.815849,0.000309116,0.000117727,0.00028582,0.952583,0.000257584,0.000108243,0.000233737,-2.16158e-06,4.35373e-05,2.14002e-06,4.34846e-05,0.623514,0.000134989,0.000110735,7.7199e-05
1.7262,0.8159,0.000309258,0.000118101,0.00028582,0.952619,0.000257513,0.000108075,0.000233737,2.00343e-06,4.354e-05,2.19592e-06,4.34846e-05,0.623552,0.000136926,0.000113088,7.7199e-05
1.72757,0.81596,0.000309457,0.000118621,0.00028582,0.952654,0.000257468,0.000107965,0.000233737,6.28864e-06,4.35429e-05,2.25281e-06,4.34846e-05,0.623589,0.000138914,0.000115488,7.7199e-05
1.72895,0.816029,0.000309711,0.00011928,0.00028582,0.952689,0.000257447,0.000107916,0.000233737,1.06812e-05,4.3546e-05,2.31025e-06,4.34846e-05,0.623627,0.000140927,0.000117902,7.7199e-05
1.73033,0.816106,0.000310016,0.000120071,0.00028582,0.952724,0.000257451,0.000107925,0.000233737,1.51685e-05,4.3549e-05,2.36787e-06,4.34846e-05,0.623665,0.000142941,0.000120301,7.7199e-05
1.73171,0.816191,0.000310371,0.000120985,0.00028582,0.952759,0.000257479,0.000107993,0.000233737,1.97375e-05,4.35522e-05,2.42528e-06,4.34846e-05,0.623704,0.000144929,0.000122657,7.7199e-05
1.73309,0.816285,0.000310772,0.000122011,0.00028582,0.952793,0.000257532,0.000108119,0.000233737,2.43755e-05,4.35554e-05,2.48213e-06,4.34846e-05,0.623742,0.000146869,0.000124944,7.7199e-05
1.73447,0.816388,0.000311217,0.000123139,0.00028582,0.952828,0.000257609,0.000108301,0.000233737,2.90697e-05,4.35586e-05,2.53807e-06,4.34846e-05,0.623781,0.000148738,0.000127135,7.7199e-05
1.73586,0.816498,0.000311702,0.000124359,0.00028582,0.952862,0.000257709,0.000108539,0.000233737,3.38074e-05,4.35619e-05,2.59278e-06,4.34846e-05,0.623821,0.000150514,0.000129208,7.7199e-05
1.73724,0.816617,0.000312222,0.000125657,0.00028582,0.952897,0.000257832,0.000108831,0.000233737,3.85757e-05,4.35651e-05,2.64596e-06,4.34846e-05,0.62386,0.000152176,0.000131141,7.7199e-05
1.73863,0.816744,0.000312775,0.000127024,0.00028582,0.952931,0.000257978,0.000109176,0.000233737,4.33617e-05,4.35682e-05,2.69731e-06,4.34846e-05,0.6239,0.000153705,0.000132912,7.7199e-05
1.74002,0.816878,0.000313355,0.000128447,0.00028582,0.952965,0.000258145,0.00010957,0.000233737,4.81528e-05,4.35713e-05,2.74657e-06,4.34846e-05,0.62394,0.000155083,0.000134503,7.7199e-05
1.7414,0.81702,0.000313959,0.000129914,0.00028582,0.952999,0.000258333,0.000110013,0.000233737,5.29362e-05,4.35743e-05,2.79345e-06,4.34846e-05,0.62398,0.000156293,0.000135897,7.7199e-05
1.74279,0.817169,0.000314583,0.000131414,0.00028582,0.953032,0.000258542,0.000110502,0.000233737,5.76989e-05,4.35771e-05,2.83773e-06,4.34846e-05,0.624021,0.000157319,0.000137075,7.7199e-05
1.74418,0.817325,0.000315221,0.000132934,0.00028582,0.953066,0.00025877,0.000111034,0.000233737,6.24283e-05,4.35798e-05,2.87917e-06,4.34846e-05,0.624062,0.000158147,0.000138025,7.7199e-05
1.74557,0.817488,0.000315869,0.000134464,0.00028582,0.953099,0.000259016,0.000111607,0.000233737,6.71115e-05,4.35824e-05,2.91754e-06,4.34846e-05,0.624103,0.000158768,0.000138735,7.7199e-05
1.74697,0.817657,0.000316522,0.000135991,0.00028582,0.953133,0.00025928,0.000112218,0.000233737,7.17358e-05,4.35848e-05,2.95264e-06,4.34846e-05,0.624145,0.000159184,0.000139211,7.7199e-05
1.74836,0.817832,0.000319315,0.000137506,0.000288191,0.953166,0.000258507,0.000112865,0.000232567,7.62883e-05,4.3601e-05,2.98429e-06,4.34987e-05,0.624187,0.000159914,0.000139463,7.82479e-05
1.74975,0.818013,0.000322286,0.000138996,0.000290772,0.953199,0.00025766,0.000113543,0.000231293,8.07562e-05,4.36182e-05,3.01229e-06,4.35141e-05,0.624229,0.000160509,0.000139501,7.93892e-05
1.75115,0.8182,0.000325244,0.000140453,0.000293355,0.953232,0.00025683,0.000114251,0.000230018,8.51268e-05,4.36352e-05,3.03648e-06,4.35294e-05,0.624271,0.000160935,0.000139337,8.05315e-05
1.75255,0.818391,0.000328185,0.000141864,0.000295939,0.953265,0.000256017,0.000114985,0.000228742,8.93872e-05,4.36519e-05,3.05672e-06,4.35448e-05,0.624313,0.000161207,0.000138985,8.16747e-05
1.75395,0.818587,0.000331105,0.000143222,0.000298526,0.953297,0.000255219,0.000115742,0.000227465,9.35247e-05,4.36684e-05,3.07288e-06,4.35601e-05,0.624356,0.000161338,0.000138459,8.28188e-05
1.75534,0.818787,0.000333999,0.000144516,0.000301115,0.95333,0.000254436,0.000116519,0.000226188,9.75264e-05,4.36846e-05,3.08484e-06,4.35755e-05,0.624399,0.000161343,0.000137774,8.39638e-05
1.75674,0.818991,0.000336863,0.000145737,0.000303706,0.953362,0.000253665,0.000117312,0.000224909,0.00010138,4.37005e-05,3.09251e-06,4.35909e-05,0.624442,0.000161238,0.000136945,8.51098e-05
1.75815,0.819199,0.000339694,0.000146877,0.000306299,0.953394,0.000252907,0.000118119,0.000223629,0.000105078,4.37161e-05,3.09596e-06,4.36063e-05,0.624485,0.000161038,0.000135989,8.62566e-05
1.75955,0.819409,0.000342488,0.000147927,0.000308894,0.953426,0.00025216,0.000118936,0.000222348,0.000108622,4.37314e-05,3.09542e-06,4.36217e-05,0.624528,0.00016076,0.000134924,8.74044e-05
1.76095,0.819622,0.000345241,0.000148878,0.000311491,0.953458,0.000251422,0.000119761,0.000221066,0.000112015,4.37465e-05,3.09117e-06,4.36372e-05,0.624572,0.000160421,0.000133766,8.8553e-05
1.76236,0.819837,0.000347952,0.000149724,0.000314091,0.953489,0.000250692,0.000120589,0.000219783,0.000115258,4.37614e-05,3.08351e-06,4.36526e-05,0.624615,0.000160037,0.000132534,8.97026e-05
1.76376,0.820053,0.000350615,0.000150457,0.000316692,0.953521,0.000249968,0.000121418,0.000218499,0.000118354,4.37761e-05,3.07272e-06,4.36681e-05,0.624659,0.000159624,0.000131246,9.08531e-05
1.76517,0.82027,0.000353231,0.000151071,0.000319295,0.953552,0.00024925,0.000122245,0.000217214,0.000121304,4.37905e-05,3.05914e-06,4.36836e-05,0.624703,0.000159201,0.000129923,9.20045e-05
1.76658,0.820488,0.000355795,0.000151557,0.000321901,0.953583,0.000248536,0.000123066,0.000215928,0.000124111,4.38049e-05,3.04306e-06,4.3699e-05,0.624746,0.000158782,0.000128583,9.31569e-05
1.76799,0.820705,0.000358306,0.000151912,0.000324508,0.953614,0.000247824,0.000123879,0.000214641,0.000126776,4.38191e-05,3.02484e-06,4.37145e-05,0.62479,0.000158385,0.000127246,9.43102e-05
1.7694,0.820922,0.000360763,0.000152131,0.000327118,0.953645,0.000247113,0.000124681,0.000213353,0.000129302,4.38332e-05,3.00482e-06,4.373e-05,0.624834,0.000158026,0.000125931,9.54643e-05
1.77081,0.821139,0.00036317,0.000152219,0.00032973,0.953676,0.000246401,0.000125468,0.000212064,0.000131691,4.38472e-05,2.98334e-06,4.37456e-05,0.624878,0.000157718,0.000124658,9.66194e-05
1.77222,0.821354,0.000365529,0.00015218,0.000332344,0.953706,0.000245686,0.000126238,0.000210774,0.000133944,4.38611e-05,2.96077e-06,4.37611e-05,0.624922,0.000157477,0.000123446,9.77755e-05
1.77363,0.821568,0.000367843,0.000152022,0.00033496,0.953736,0.000244968,0.000126989,0.000209483,0.000136065,4.38751e-05,2.93747e-06,4.37766e-05,0.624967,0.000157316,0.000122314,9.89324e-05
1.77505,0.82178,0.000370118,0.000151751,0.000337577,0.953767,0.000244243,0.000127716,0.000208191,0.000138054,4.3889e-05,2.91382e-06,4.37922e-05,0.625011,0.000157246,0.000121278,0.00010009
1.77647,0.821991,0.000368309,0.000151374,0.000335764,0.953796,0.000246135,0.000128419,0.000209978,0.000139914,4.44652e-05,2.89019e-06,4.43712e-05,0.625055,0.000158278,0.000120355,0.000102794
1.77788,0.8222,0.000365709,0.000150899,0.000333126,0.953826,0.000248502,0.000129093,0.00021234,0.000141648,4.51464e-05,2.86696e-06,4.50553e-05,0.625099,0.000159642,0.00011956,0.000105787
1.7793,0.822406,0.00036307,0.000150333,0.000330485,0.953856,0.000250857,0.000129737,0.000214703,0.000143256,4.58283e-05,2.8445e-06,4.57399e-05,0.625143,0.00016116,0.000118907,0.000108782
1.78072,0.82261,0.000360397,0.000149684,0.000327842,0.953885,0.000253199,0.000130349,0.000217069,0.000144741,4.65108e-05,2.82318e-06,4.64251e-05,0.625187,0.000162833,0.000118406,0.00011178
1.78214,0.822811,0.000357691,0.000148961,0.000325197,0.953914,0.000255525,0.000130925,0.000219436,0.000146106,4.71941e-05,2.80336e-06,4.71108e-05,0.625231,0.000164663,0.000118065,0.00011478
1.78356,0.823008,0.000354956,0.000148173,0.00032255,0.953943,0.000257837,0.000131463,0.000221805,0.000147352,4.78782e-05,2.78539e-06,4.77971e-05,0.625275,0.000166648,0.000117893,0.000117782
1.78499,0.823203,0.000352196,0.000147328,0.000319901,0.953972,0.000260132,0.000131962,0.000224176,0.000148481,4.8563e-05,2.7696e-06,4.84839e-05,0.625319,0.000168784,0.000117891,0.000120787
1.78641,0.823394,0.000349415,0.000146435,0.00031725,0.954001,0.00026241,0.000132418,0.000226549,0.000149495,4.92485e-05,2.75629e-06,4.91713e-05,0.625362,0.000171067,0.000118062,0.000123795
1.78783,0.823581,0.000346615,0.000145503,0.000314597,0.954029,0.00026467,0.000132831,0.000228923,0.000150397,4.99348e-05,2.74574e-06,4.98592e-05,0.625406,0.00017349,0.000118404,0.000126804
1.78926,0.823764,0.000343802,0.000144543,0.000311941,0.954057,0.000266911,0.000133198,0.0002313,0.000151188,5.06218e-05,2.73821e-06,5.05477e-05,0.62545,0.000176046,0.000118911,0.000129816
1.79069,0.823942,0.000340978,0.000143562,0.000309283,0.954085,0.000269133,0.000133517,0.000233678,0.000151871,5.13096e-05,2.7339e-06,5.12367e-05,0.625493,0.000178725,0.000119577,0.000132831
1.79212,0.824116,0.000338149,0.000142571,0.000306624,0.954113,0.000271335,0.000133787,0.000236059,0.000152448,5.19981e-05,2.73299e-06,5.19263e-05,0.625536,0.000181518,0.000120393,0.000135848
1.79355,0.824285,0.000335317,0.000141578,0.000303962,0.954141,0.000273517,0.000134006,0.000238441,0.00015292,5.26875e-05,2.7356e-06,5.26164e-05,0.625579,0.000184415,0.000121346,0.000138867
1.79498,0.824449,0.000332486,0.000140593,0.000301298,0.954168,0.000275681,0.000134176,0.000240825,0.000153289,5.33775e-05,2.74181e-06,5.33071e-05,0.625622,0.000187403,0.000122424,0.000141888
1.79641,0.824608,0.000329661,0.000139626,0.000298632,0.954196,0.000277827,0.000134298,0.000243211,0.000153559,5.40683e-05,2.75166e-06,5.39983e-05,0.625665,0.000190472,0.000123611,0.000144913
1.79784,0.82476,0.000326846,0.000138685,0.000295964,0.954223,0.000279955,0.000134371,0.000245599,0.00015373,5.47599e-05,2.76513e-06,5.46901e-05,0.625707,0.000193607,0.000124891,0.000147939
1.79928,0.824908,0.000324043,0.000137779,0.000293293,0.95425,0.000282067,0.000134399,0.000247989,0.000153805,5.54522e-05,2.78217e-06,5.53824e-05,0.62575,0.000196798,0.000126247,0.000150968
1.80071,0.825049,0.000321258,0.000136917,0.000290621,0.954276,0.000284163,0.00013438,0.000250381,0.000153786,5.61453e-05,2.80267e-06,5.60753e-05,0.625792,0.000200032,0.00012766,0.000153999
1.80215,0.825184,0.000318494,0.000136106,0.000287946,0.954303,0.000286245,0.000134317,0.000252775,0.000153674,5.6839e-05,2.82648e-06,5.67687e-05,0.625834,0.000203296,0.000129111,0.000157033
1.80358,0.825313,0.000315753,0.000135356,0.00028527,0.954329,0.000288314,0.000134212,0.000255171,0.000153473,5.75335e-05,2.85341e-06,5.74627e-05,0.625875,0.000206577,0.000130583,0.000160069
1.80502,0.825435,0.000313446,0.000134673,0.00028304,0.954355,0.000287055,0.000134064,0.000253826,0.000153184,5.72492e-05,2.88325e-06,5.71765e-05,0.625917,0.000206646,0.000132054,0.000158947
1.80646,0.82555,0.000311292,0.000134063,0.000280945,0.954381,0.000284774,0.000133876,0.000251343,0.000152809,5.66673e-05,2.91574e-06,5.65922e-05,0.625958,0.000205755,0.000133508,0.000156559
1.8079,0.825659,0.000309172,0.000133534,0.000278848,0.954407,0.000282476,0.000133649,0.000248858,0.00015235,5.60851e-05,2.9506e-06,5.60074e-05,0.625999,0.000204873,0.000134925,0.000154169
1.80935,0.825761,0.000307088,0.00013309,0.00027675,0.954433,0.000280162,0.000133385,0.000246372,0.000151809,5.55026e-05,2.98755e-06,5.54222e-05,0.626039,0.000203987,0.000136287,0.000151778
1.81079,0.825856,0.000305043,0.000132736,0.00027465,0.954458,0.000277832,0.000133084,0.000243883,0.000151189,5.49199e-05,3.02626e-06,5.48365e-05,0.62608,0.000203083,0.000137576,0.000149384
1.81223,0.825943,0.000303039,0.000132477,0.000272548,0.954484,0.000275487,0.00013275,0.000241393,0.000150491,5.43369e-05,3.06642e-06,5.42503e-05,0.62612,0.000202149,0.000138775,0.000146989
1.81368,0.826023,0.000301077,0.000132315,0.000270445,0.954509,0.000273127,0.000132383,0.0002389,0.000149717,5.37535e-05,3.10768e-06,5.36636e-05,0.626159,0.00020117,0.000139867,0.000144592
1.81513,0.826096,0.00029916,0.000132252,0.00026834,0.954534,0.000270754,0.000131985,0.000236405,0.00014887,5.31699e-05,3.14971e-06,5.30765e-05,0.626198,0.000200134,0.000140836,0.000142192
1.81657,0.826162,0.000297289,0.000132291,0.000266233,0.954559,0.000268367,0.000131559,0.000233909,0.000147951,5.25859e-05,3.19217e-06,5.24889e-05,0.626237,0.000199026,0.000141668,0.000139791
1.81802,0.82622,0.000295465,0.000132432,0.000264124,0.954584,0.000265968,0.000131105,0.00023141,0.000146963,5.20016e-05,3.23472e-06,5.19009e-05,0.626276,0.000197835,0.000142348,0.000137388
1.81947,0.826271,0.00029369,0.000132673,0.000262014,0.954608,0.000263558,0.000130625,0.00022891,0.000145908,5.14169e-05,3.27703e-06,5.13124e-05,0.626314,0.000196546,0.000142863,0.000134983
1.82093,0.826314,0.000291962,0.000133014,0.000259902,0.954633,0.000261136,0.000130123,0.000226407,0.000144787,5.08318e-05,3.31875e-06,5.07234e-05,0.626352,0.000195148,0.0001432,0.000132576
1.82238,0.82635,0.000290284,0.000133453,0.000257789,0.954657,0.000258705,0.000129599,0.000223902,0.000143602,5.02463e-05,3.35956e-06,5.01339e-05,0.626389,0.000193634,0.000143355,0.000130168
1.82383,0.826378,0.000288654,0.000133986,0.000255674,0.954681,0.000256264,0.000129055,0.000221396,0.000142357,4.96604e-05,3.39914e-06,4.9544e-05,0.626426,0.000192005,0.000143332,0.000127757
1.82529,0.826399,0.000287073,0.00013461,0.000253557,0.954705,0.000253816,0.000128494,0.000218887,0.000141052,4.90741e-05,3.43718e-06,4.89536e-05,0.626463,0.000190264,0.00014314,0.000125344
1.82674,0.826412,0.000285539,0.000135319,0.000251438,0.954729,0.00025136,0.000127917,0.000216377,0.000139691,4.84873e-05,3.47338e-06,4.83627e-05,0.626499,0.000188414,0.000142787,0.00012293
1.8282,0.826418,0.000284052,0.00013611,0.000249318,0.954753,0.000248898,0.000127328,0.000213864,0.000138274,4.78999e-05,3.50744e-06,4.77714e-05,0.626535,0.00018646,0.000142281,0.000120513
1.82966,0.826417,0.000282609,0.000136975,0.000247196,0.954777,0.000246431,0.000126726,0.00021135,0.000136804,4.73121e-05,3.53907e-06,4.71795e-05,0.626571,0.000184408,0.000141633,0.000118095
1.83112,0.826409,0.000281211,0.000137909,0.000245072,0.9548,0.00024396,0.000126116,0.000208833,0.000135283,4.67237e-05,3.56801e-06,4.65873e-05,0.626606,0.000182265,0.000140854,0.000115675
1.83258,0.826395,0.000279853,0.000138904,0.000242947,0.954824,0.000241486,0.000125498,0.000206314,0.000133713,4.61347e-05,3.59398e-06,4.59945e-05,0.626641,0.000180038,0.000139955,0.000113252
1.83404,0.826373,0.000279575,0.000139954,0.000242022,0.954847,0.000239792,0.000124876,0.00020471,0.000132097,4.60061e-05,3.61675e-06,4.58638e-05,0.626676,0.000178863,0.000138949,0.000112628
1.8355,0.826344,0.000279791,0.00014105,0.000241636,0.95487,0.000238445,0.000124251,0.000203514,0.000130436,4.60837e-05,3.63606e-06,4.59401e-05,0.626711,0.000178124,0.000137849,0.000112808
1.83697,0.82631,0.000280031,0.000142185,0.000241248,0.954894,0.000237097,0.000123625,0.000202317,0.000128731,4.61611e-05,3.65169e-06,4.60164e-05,0.626746,0.000177326,0.000136668,0.000112989
1.83843,0.826268,0.000280292,0.000143351,0.000240861,0.954917,0.000235749,0.000123,0.000201119,0.000126987,4.62382e-05,3.66343e-06,4.60928e-05,0.62678,0.000176483,0.000135421,0.000113169
1.8399,0.826221,0.000280569,0.000144539,0.000240473,0.95494,0.000234403,0.00012238,0.00019992,0.000125203,4.6315e-05,3.67107e-06,4.61693e-05,0.626815,0.000175605,0.000134122,0.00011335
1.84137,0.826168,0.000280858,0.00014574,0.000240085,0.954962,0.000233059,0.000121765,0.00019872,0.000123383,4.63916e-05,3.67445e-06,4.62458e-05,0.626849,0.000174704,0.000132785,0.000113531
1.84284,0.82611,0.000281154,0.000146947,0.000239697,0.954985,0.000231718,0.000121158,0.000197519,0.000121531,4.64679e-05,3.67357e-06,4.63224e-05,0.626883,0.000173792,0.000131427,0.000113713
1.84431,0.826046,0.000281455,0.00014815,0.000239308,0.955008,0.000230381,0.000120561,0.000196317,0.00011965,4.65439e-05,3.66857e-06,4.63991e-05,0.626917,0.000172881,0.000130062,0.000113894
1.84578,0.825977,0.000281753,0.000149341,0.000238919,0.95503,0.00022905,0.000119976,0.000195115,0.000117747,4.66197e-05,3.65965e-06,4.64758e-05,0.626952,0.000171984,0.000128706,0.000114075
1.84725,0.825903,0.000282046,0.000150512,0.00023853,0.955053,0.000227726,0.000119406,0.000193911,0.000115826,4.66952e-05,3.64701e-06,4.65526e-05,0.626986,0.000171111,0.000127374,0.000114257
1.84872,0.825825,0.000282329,0.000151653,0.00023814,0.955075,0.00022641,0.000118851,0.000192706,0.000113894,4.67706e-05,3.63086e-06,4.66294e-05,0.62702,0.000170274,0.000126083,0.000114439
1.8502,0.825742,0.000282595,0.000152758,0.00023775,0.955098,0.000225102,0.000118315,0.000191501,0.000111953,4.68457e-05,3.61141e-06,4.67063e-05,0.627054,0.000169483,0.000124846,0.000114621
1.85167,0.825656,0.000282841,0.000153817,0.00023736,0.95512,0.000223805,0.000117799,0.000190294,0.000110011,4.69208e-05,3.58891e-06,4.67833e-05,0.627089,0.000168749,0.000123679,0.000114803
1.85315,0.825567,0.000283062,0.000154822,0.000236969,0.955142,0.000222518,0.000117305,0.000189087,0.000108072,4.69956e-05,3.56358e-06,4.68603e-05,0.627123,0.000168081,0.000122595,0.000114985
1.85463,0.825474,0.000283253,0.000155765,0.000236578,0.955164,0.000221243,0.000116834,0.000187878,0.000106141,4.70704e-05,3.5357e-06,4.69374e-05,0.627158,0.000167488,0.000121609,0.000115168
1.85611,0.825379,0.000283408,0.000156639,0.000236187,0.955186,0.000219981,0.000116389,0.000186669,0.000104223,4.71451e-05,3.5055e-06,4.70146e-05,0.627192,0.000166978,0.000120731,0.00011535
1.85759,0.825281,0.000283523,0.000157435,0.000235796,0.955208,0.000218733,0.000115971,0.000185458,0.000102324,4.72197e-05,3.47327e-06,4.70918e-05,0.627227,0.000166557,0.000119972,0.000115533
1.85907,0.825181,0.000283594,0.000158147,0.000235404,0.95523,0.0002175,0.000115582,0.000184247,0.000100449,4.72943e-05,3.43927e-06,4.7169e-05,0.627262,0.000166231,0.000119343,0.000115716
1.86055,0.82508,0.000283615,0.000158768,0.000235012,0.955252,0.000216282,0.000115222,0.000183035,9.86022e-05,4.73688e-05,3.40378e-06,4.72464e-05,0.627297,0.000166006,0.00011885,0.000115898
1.86204,0.824978,0.000283583,0.000159289,0.000234619,0.955274,0.000215081,0.000114894,0.000181821,9.67895e-05,4.74434e-05,3.3671e-06,4.73238e-05,0.627333,0.000165883,0.0001185,0.000116082
1.86352,0.824875,0.000285102,0.000159706,0.000236172,0.955296,0.000216361,0.000114599,0.000183519,9.50158e-05,4.72307e-05,3.32951e-06,4.71132e-05,0.627369,0.000166288,0.000118296,0.000116866
1.86501,0.824771,0.000287573,0.00016001,0.000238946,0.955318,0.000219224,0.000114337,0.000187046,9.32864e-05,4.68374e-05,3.29131e-06,4.67216e-05,0.627405,0.000167068,0.000118241,0.000118029
1.8665,0.824668,0.000289988,0.000160198,0.000241722,0.955339,0.000222126,0.00011411,0.000190576,9.16062e-05,4.64438e-05,3.25278e-06,4.63297e-05,0.627441,0.000167957,0.000118333,0.000119192
1.86799,0.824566,0.000292343,0.000160262,0.000244501,0.955361,0.000225067,0.000113918,0.000194108,8.99806e-05,4.60498e-05,3.21424e-06,4.59375e-05,0.627478,0.000168952,0.000118571,0.000120356
1.86948,0.824465,0.000294639,0.000160199,0.000247282,0.955383,0.000228046,0.000113763,0.000197643,8.84146e-05,4.56556e-05,3.17597e-06,4.5545e-05,0.627515,0.000170049,0.00011895,0.000121522
1.87097,0.824365,0.000296879,0.000160013,0.000250065,0.955404,0.000231061,0.000113644,0.000201182,8.69133e-05,4.52611e-05,3.13827e-06,4.51522e-05,0.627552,0.000171243,0.000119464,0.000122688
1.87246,0.824266,0.000299066,0.000159709,0.000252851,0.955426,0.000234111,0.000113563,0.000204723,8.5482e-05,4.48663e-05,3.10142e-06,4.4759e-05,0.62759,0.000172526,0.000120105,0.000123855
1.87395,0.824169,0.000301206,0.000159293,0.000255638,0.955447,0.000237195,0.000113519,0.000208266,8.41257e-05,4.44714e-05,3.06571e-06,4.43656e-05,0.627628,0.000173893,0.000120863,0.000125023
1.87545,0.824074,0.000303304,0.00015877,0.000258428,0.955469,0.000240312,0.000113513,0.000211813,8.28496e-05,4.40762e-05,3.0314e-06,4.39718e-05,0.627667,0.000175334,0.000121727,0.000126192
1.87694,0.823981,0.000305363,0.000158148,0.00026122,0.955491,0.000243461,0.000113545,0.000215363,8.16589e-05,4.36808e-05,2.99875e-06,4.35777e-05,0.627706,0.00017684,0.000122684,0.000127362
1.87844,0.823891,0.00030739,0.000157432,0.000264015,0.955512,0.000246641,0.000113614,0.000218915,8.05586e-05,4.32852e-05,2.96801e-06,4.31833e-05,0.627745,0.000178403,0.000123721,0.000128533
1.87994,0.823803,0.000309389,0.000156631,0.000266811,0.955533,0.00024985,0.00011372,0.00022247,7.95539e-05,4.28895e-05,2.9394e-06,4.27886e-05,0.627785,0.000180011,0.000124823,0.000129704
1.88144,0.823717,0.000311364,0.000155751,0.00026961,0.955555,0.000253088,0.000113863,0.000226028,7.865e-05,4.24936e-05,2.9131e-06,4.23936e-05,0.627826,0.000181655,0.000125976,0.000130877
1.88294,0.823635,0.000313322,0.0001548,0.000272411,0.955576,0.000256353,0.000114043,0.000229589,7.7852e-05,4.20975e-05,2.8893e-06,4.19982e-05,0.627867,0.000183325,0.000127163,0.000132051
1.88444,0.823555,0.000315266,0.000153786,0.000275214,0.955598,0.000259644,0.000114258,0.000233152,7.7165e-05,4.17013e-05,2.86814e-06,4.16026e-05,0.627909,0.000185008,0.00012837,0.000133225
1.88595,0.823479,0.000317202,0.000152717,0.00027802,0.955619,0.00026296,0.000114508,0.000236719,7.65942e-05,4.1305e-05,2.84973e-06,4.12066e-05,0.627952,0.000186695,0.000129581,0.000134401
1.88745,0.823407,0.000319135,0.000151601,0.000280827,0.955641,0.0002663,0.000114792,0.000240288,7.61447e-05,4.09086e-05,2.83414e-06,4.08103e-05,0.627995,0.000188374,0.00013078,0.000135577
1.88896,0.823338,0.000321068,0.000150448,0.000283637,0.955662,0.000269663,0.000115109,0.00024386,7.58216e-05,4.05121e-05,2.82142e-06,4.04137e-05,0.628038,0.000190034,0.000131951,0.000136755
1.89046,0.823273,0.000323007,0.000149265,0.00028645,0.955684,0.000273047,0.000115457,0.000247435,7.56302e-05,4.01154e-05,2.81158e-06,4.00168e-05,0.628083,0.000191665,0.000133079,0.000137933
1.89197,0.823213,0.000324955,0.000148062,0.000289264,0.955705,0.000276452,0.000115836,0.000251013,7.55755e-05,3.97187e-05,2.80457e-06,3.96196e-05,0.628128,0.000193257,0.000134149,0.000139112
1.89348,0.823156,0.000325795,0.000146846,0.000290824,0.955727,0.000277757,0.000116244,0.000252262,7.56627e-05,3.96437e-05,2.80033e-06,3.95447e-05,0.628173,0.000194486,0.000135147,0.000139857
1.89499,0.823105,0.00032568,0.000145627,0.000291308,0.955748,0.000277257,0.000116679,0.000251511,7.58969e-05,3.98451e-05,2.79876e-06,3.97467e-05,0.62822,0.000195386,0.000136058,0.000140228
1.8965,0.823058,0.000325573,0.000144414,0.000291791,0.95577,0.000276769,0.00011714,0.000250758,7.62833e-05,4.00469e-05,2.7997e-06,3.99489e-05,0.628267,0.000196218,0.000136868,0.0001406
1.89802,0.823016,0.000325477,0.000143215,0.000292275,0.955791,0.000276294,0.000117625,0.000250005,7.6827e-05,4.0249e-05,2.803e-06,4.01513e-05,0.628315,0.000196971,0.000137566,0.000140972
1.89953,0.822979,0.000325397,0.00014204,0.000292759,0.955813,0.000275829,0.000118134,0.000249251,7.75331e-05,4.04514e-05,2.80844e-06,4.03538e-05,0.628364,0.000197637,0.000138139,0.000141344
1.90104,0.822948,0.000325336,0.000140895,0.000293244,0.955834,0.000275375,0.000118663,0.000248497,7.84069e-05,4.06542e-05,2.81579e-06,4.05565e-05,0.628414,0.000198208,0.000138575,0.000141716
1.90256,0.822922,0.000325297,0.000139791,0.000293729,0.955856,0.000274932,0.000119211,0.000247742,7.94533e-05,4.08572e-05,2.82482e-06,4.07594e-05,0.628465,0.000198676,0.000138863,0.000142089
1.90408,0.822902,0.000325284,0.000138734,0.000294214,0.955878,0.000274498,0.000119777,0.000246987,8.06776e-05,4.10604e-05,2.83523e-06,4.09624e-05,0.628516,0.000199035,0.000138994,0.000142462
1.9056,0.822887,0.000325298,0.000137733,0.0002947,0.955899,0.000274072,0.000120359,0.000246231,8.2085e-05,4.12639e-05,2.84676e-06,4.11656e-05,0.628569,0.000199282,0.000138965,0.000142836
1.90712,0.822879,0.000325343,0.000136795,0.000295187,0.955921,0.000273655,0.000120954,0.000245474,8.36804e-05,4.14676e-05,2.8591e-06,4.13689e-05,0.628622,0.000199421,0.00013878,0.000143209
1.90864,0.822876,0.000325421,0.000135927,0.000295673,0.955943,0.000273246,0.000121561,0.000244717,8.54692e-05,4.16715e-05,2.87195e-06,4.15724e-05,0.628676,0.000199458,0.000138447,0.000143583
1.91016,0.82288,0.000325534,0.000135135,0.00029616,0.955965,0.000272843,0.000122178,0.000243959,8.74564e-05,4.18756e-05,2.885e-06,4.17761e-05,0.628731,0.0001994,0.000137973,0.000143958
1.91169,0.82289,0.000325684,0.000134425,0.000296648,0.955987,0.000272446,0.000122803,0.0002432,8.96472e-05,4.20798e-05,2.89794e-06,4.19799e-05,0.628786,0.000199252,0.000137367,0.000144332
1.91321,0.822906,0.000325872,0.000133801,0.000297135,0.956009,0.000272054,0.000123434,0.000242441,9.20467e-05,4.22842e-05,2.91045e-06,4.21839e-05,0.628843,0.000199023,0.000136638,0.000144707
1.91474,0.822929,0.000326099,0.00013327,0.000297624,0.956031,0.000271667,0.000124069,0.000241681,9.46601e-05,4.24887e-05,2.92224e-06,4.23881e-05,0.628899,0.00019872,0.000135798,0.000145082
1.91626,0.822959,0.000326367,0.000132833,0.000298112,0.956053,0.000271284,0.000124707,0.000240921,9.74924e-05,4.26933e-05,2.93299e-06,4.25924e-05,0.628957,0.000198353,0.000134855,0.000145458
1.91779,0.822995,0.000326676,0.000132495,0.000298601,0.956075,0.000270903,0.000125346,0.00024016,0.000100549,4.28979e-05,2.94242e-06,4.27969e-05,0.629015,0.000197929,0.000133822,0.000145833
1.91932,0.823038,0.000327027,0.000132256,0.00029909,0.956097,0.000270525,0.000125983,0.000239399,0.000103835,4.31026e-05,2.95025e-06,4.30015e-05,0.629074,0.000197457,0.00013271,0.000146209
1.92085,0.823088,0.00032742,0.000132118,0.00029958,0.956119,0.000270147,0.000126618,0.000238636,0.000107355,4.33074e-05,2.9562e-06,4.32064e-05,0.629133,0.000196947,0.000131532,0.000146586
1.92239,0.823144,0.000327854,0.000132082,0.00030007,0.956142,0.00026977,0.000127248,0.000237874,0.000111115,4.35121e-05,2.96002e-06,4.34113e-05,0.629193,0.000196408,0.0001303,0.000146962
1.92392,0.823208,0.000328142,0.000132147,0.000300357,0.956164,0.00027045,0.000127871,0.000238311,0.000115119,4.37e-05,2.96147e-06,4.35996e-05,0.629253,0.000195896,0.000129028,0.000147401
1.92545,0.823278,0.000328252,0.000132311,0.000300405,0.956186,0.000272359,0.000128487,0.000240148,0.000119373,4.38683e-05,2.96032e-06,4.37683e-05,0.629314,0.000195428,0.000127727,0.000147912
1.92699,0.823355,0.000328402,0.000132573,0.000300454,0.956209,0.000274266,0.000129093,0.000241986,0.000123883,4.40365e-05,2.95638e-06,4.39372e-05,0.629375,0.000194961,0.000126413,0.000148423
1.92853,0.823439,0.00032859,0.000132928,0.000300502,0.956232,0.00027617,0.000129687,0.000243825,0.000128652,4.42047e-05,2.94947e-06,4.41062e-05,0.629436,0.000194502,0.000125098,0.000148935
1.93007,0.823529,0.000328815,0.000133373,0.000300551,0.956254,0.000278069,0.000130269,0.000245667,0.000133686,4.43728e-05,2.93944e-06,4.42753e-05,0.629498,0.000194061,0.000123796,0.000149447
1.93161,0.823627,0.000329075,0.000133904,0.0003006,0.956277,0.000279963,0.000130838,0.000247509,0.000138982,4.45408e-05,2.92637e-06,4.44446e-05,0.629559,0.000193647,0.000122521,0.00014996
1.93315,0.823731,0.000329369,0.000134515,0.000300648,0.9563,0.000281852,0.00013139,0.000249353,0.000144531,4.47088e-05,2.91044e-06,4.4614e-05,0.629621,0.000193267,0.000121286,0.000150473
1.93469,0.823841,0.000329694,0.000135201,0.000300697,0.956323,0.000283735,0.000131927,0.000251199,0.000150326,4.48768e-05,2.89188e-06,4.47835e-05,0.629684,0.000192929,0.000120104,0.000150986
1.93623,0.823958,0.000330048,0.000135955,0.000300746,0.956346,0.000285611,0.000132445,0.000253046,0.000156358,4.50448e-05,2.87093e-06,4.49532e-05,0.629746,0.00019264,0.000118987,0.0001515
1.93778,0.824082,0.00033043,0.000136771,0.000300795,0.95637,0.000287481,0.000132944,0.000254894,0.00016262,4.52128e-05,2.84786e-06,4.5123e-05,0.629809,0.000192406,0.000117949,0.000152014
1.93932,0.824212,0.000330835,0.000137641,0.000300844,0.956393,0.000289343,0.000133424,0.000256744,0.000169103,4.53808e-05,2.82296e-06,4.52929e-05,0.629871,0.000192234,0.000116999,0.000152529
1.94087,0.824348,0.000331262,0.000138558,0.000300893,0.956416,0.000291198,0.000133883,0.000258596,0.0001758,4.55489e-05,2.79651e-06,4.5463e-05,0.629934,0.000192127,0.000116149,0.000153044
1.94242,0.82449,0.000331708,0.000139516,0.000300941,0.95644,0.000293045,0.00013432,0.000260449,0.000182702,4.57172e-05,2.76884e-06,4.56332e-05,0.629996,0.000192091,0.000115407,0.000153559
1.94397,0.824637,0.00033217,0.000140505,0.00030099,0.956464,0.000294884,0.000134735,0.000262303,0.000189801,4.58855e-05,2.74026e-06,4.58036e-05,0.630059,0.00019213,0.000114781,0.000154075
1.94552,0.824791,0.000332644,0.000141518,0.000301039,0.956487,0.000296714,0.000135127,0.000264159,0.00019709,4.60539e-05,2.71111e-06,4.59741e-05,0.630121,0.000192244,0.000114278,0.000154591
1.94707,0.82495,0.000333128,0.000142547,0.000301089,0.956511,0.000298536,0.000135495,0.000266016,0.000204561,4.62226e-05,2.68174e-06,4.61447e-05,0.630184,0.000192438,0.000113903,0.000155108
1.94862,0.825114,0.000333617,0.000143585,0.000301138,0.956535,0.000300349,0.000135839,0.000267875,0.000212204,4.63913e-05,2.65248e-06,4.63155e-05,0.630246,0.00019271,0.000113658,0.000155625
1.95018,0.825284,0.00033411,0.000144624,0.000301187,0.95656,0.000302154,0.00013616,0.000269736,0.000220013,4.65603e-05,2.6237e-06,4.64863e-05,0.630308,0.000193062,0.000113546,0.000156142
1.95173,0.825458,0.000334602,0.000145656,0.000301236,0.956584,0.00030395,0.000136456,0.000271597,0.000227979,4.67295e-05,2.59572e-06,4.66574e-05,0.63037,0.000193493,0.000113566,0.00015666
1.95329,0.825637,0.000335091,0.000146674,0.000301285,0.956608,0.000305737,0.000136728,0.000273461,0.000236094,4.6899e-05,2.5689e-06,4.68285e-05,0.630432,0.000194001,0.000113716,0.000157178
1.95485,0.82582,0.000335548,0.000147671,0.000301307,0.956633,0.000307585,0.000136976,0.000275402,0.00024435,4.68664e-05,2.54356e-06,4.67973e-05,0.630493,0.000194507,0.000113993,0.000157603
1.95641,0.826007,0.000335955,0.000148639,0.000301284,0.956658,0.000309534,0.000137201,0.000277466,0.00025274,4.65115e-05,2.52003e-06,4.64432e-05,0.630554,0.000194963,0.000114392,0.000157877
1.95797,0.826198,0.000336349,0.000149573,0.000301262,0.956682,0.000311476,0.000137402,0.000279532,0.000261254,4.61564e-05,2.4986e-06,4.60887e-05,0.630614,0.000195487,0.000114905,0.000158151
1.95953,0.826393,0.000336727,0.000150466,0.00030124,0.956707,0.000313412,0.000137581,0.0002816,0.000269886,4.58011e-05,2.47954e-06,4.5734e-05,0.630675,0.000196074,0.000115526,0.000158426
1.96109,0.826591,0.000337086,0.000151312,0.000301217,0.956733,0.000315341,0.000137738,0.000283669,0.000278626,4.54458e-05,2.46309e-06,4.5379e-05,0.630734,0.00019672,0.000116244,0.000158701
1.96266,0.826792,0.000337423,0.000152106,0.000301195,0.956758,0.000317265,0.000137876,0.00028574,0.000287468,4.50902e-05,2.44947e-06,4.50237e-05,0.630794,0.000197419,0.000117051,0.000158976
1.96422,0.826995,0.000337736,0.000152843,0.000301172,0.956783,0.000319186,0.000137997,0.000287813,0.000296403,4.47346e-05,2.43884e-06,4.46681e-05,0.630852,0.000198165,0.000117934,0.000159251
1.96579,0.827201,0.000338022,0.000153519,0.000301149,0.956809,0.000321104,0.000138106,0.000289887,0.000305422,4.43789e-05,2.43133e-06,4.43122e-05,0.63091,0.000198952,0.000118882,0.000159527
1.96736,0.827409,0.00033828,0.000154129,0.000301127,0.956835,0.000323021,0.000138203,0.000291963,0.000314519,4.4023e-05,2.42702e-06,4.39561e-05,0.630968,0.000199772,0.000119884,0.000159802
1.96893,0.827618,0.000338507,0.000154671,0.000301104,0.956861,0.000324939,0.000138294,0.000294041,0.000323684,4.36671e-05,2.42593e-06,4.35996e-05,0.631025,0.00020062,0.000120927,0.000160078
1.9705,0.827829,0.000338702,0.000155141,0.000301082,0.956887,0.000326858,0.00013838,0.00029612,0.00033291,4.3311e-05,2.42806e-06,4.32429e-05,0.631081,0.000201488,0.000122,0.000160355
1.97207,0.82804,0.000338865,0.00015554,0.000301059,0.956913,0.00032878,0.000138466,0.000298201,0.000342189,4.29549e-05,2.43332e-06,4.28859e-05,0.631137,0.000202369,0.000123089,0.000160631
1.97364,0.828252,0.000338994,0.000155865,0.000301037,0.956939,0.000330708,0.000138554,0.000300284,0.000351513,4.25987e-05,2.44161e-06,4.25286e-05,0.631192,0.000203255,0.000124183,0.000160908
1.97522,0.828464,0.00033909,0.000156117,0.000301014,0.956965,0.000332641,0.000138649,0.000302368,0.000360873,4.22423e-05,2.45278e-06,4.21711e-05,0.631246,0.00020414,0.00012527,0.000161184
1.97679,0.828676,0.000339152,0.000156297,0.000300991,0.956992,0.000334581,0.000138754,0.000304454,0.000370262,4.18859e-05,2.46661e-06,4.18132e-05,0.631299,0.000205016,0.000126339,0.000161461
1.97837,0.828887,0.000339183,0.000156407,0.000300969,0.957019,0.00033653,0.000138871,0.000306541,0.000379672,4.15293e-05,2.48287e-06,4.14551e-05,0.631351,0.000205877,0.00012738,0.000161739
1.97995,0.829097,0.000339184,0.000156452,0.000300946,0.957045,0.00033849,0.000139006,0.00030863,0.000389095,4.11727e-05,2.50131e-06,4.10966e-05,0.631403,0.000206716,0.000128383,0.000162016
1.98153,0.829306,0.000339157,0.000156437,0.000300923,0.957072,0.000340461,0.000139161,0.000310721,0.000398522,4.08159e-05,2.52162e-06,4.07379e-05,0.631453,0.000207527,0.000129338,0.000162294
1.98311,0.829513,0.000339109,0.000156376,0.0003009,0.957099,0.000342444,0.00013934,0.000312814,0.000407946,4.04589e-05,2.54349e-06,4.03789e-05,0.631503,0.000208306,0.000130237,0.000162572
1.98469,0.829718,0.000339046,0.000156285,0.000300878,0.957126,0.000344442,0.000139546,0.000314908,0.000417358,4.01018e-05,2.5666e-06,4.00196e-05,0.631552,0.000209046,0.000131073,0.00016285
1.98627,0.829921,0.000339447,0.000156181,0.000301383,0.957153,0.000346016,0.000139784,0.000316524,0.000426751,3.99044e-05,2.5906e-06,3.98202e-05,0.631599,0.000209825,0.000131841,0.000163232
1.98786,0.830122,0.000340899,0.00015608,0.00030307,0.957181,0.000346624,0.000140056,0.000317069,0.000436116,4.0064e-05,2.61516e-06,3.99786e-05,0.631646,0.000210738,0.000132534,0.000163846
1.98944,0.830321,0.000342364,0.000155999,0.000304758,0.957208,0.000347248,0.000140367,0.000317614,0.000445445,4.02238e-05,2.63993e-06,4.01371e-05,0.631691,0.000211603,0.00013315,0.00016446
1.99103,0.830517,0.00034385,0.000155957,0.000306448,0.957236,0.00034789,0.000140719,0.000318159,0.000454732,4.03837e-05,2.66457e-06,4.02957e-05,0.631735,0.000212419,0.000133686,0.000165075
1.99262,0.830711,0.000345365,0.000155971,0.000308139,0.957263,0.00034855,0.000141116,0.000318705,0.000463966,4.05437e-05,2.68875e-06,4.04545e-05,0.631778,0.000213184,0.000134142,0.00016569
1.99421,0.830902,0.000346915,0.00015606,0.000309831,0.957291,0.000349229,0.000141561,0.000319252,0.000473141,4.07038e-05,2.71213e-06,4.06133e-05,0.63182,0.0002139,0.00013452,0.000166306
1.9958,0.83109,0.00034851,0.000156241,0.000311525,0.957319,0.00034993,0.000142057,0.000319799,0.000482248,4.08639e-05,2.73441e-06,4.07723e-05,0.631861,0.00021457,0.000134823,0.000166922
1.99739,0.831274,0.000350155,0.000156531,0.00031322,0.957346,0.000350654,0.000142607,0.000320346,0.00049128,4.10241e-05,2.75529e-06,4.09315e-05,0.6319,0.000215201,0.000135065,0.000167539
1.99898,0.831456,0.000351859,0.000156947,0.000314916,0.957374,0.000351401,0.000143213,0.000320894,0.000500227,4.11843e-05,2.77449e-06,4.10907e-05,0.631938,0.000215806,0.000135262,0.000168156
2.00058,0.831634,0.000353627,0.000157505,0.000316614,0.957402,0.000352173,0.00014388,0.000321442,0.000509083,4.13445e-05,2.79174e-06,4.12501e-05,0.631975,0.000216395,0.000135433,0.000168774
2.00217,0.831808,0.000355467,0.00015822,0.000318313,0.95743,0.000352972,0.000144608,0.00032199,0.00051784,4.15046e-05,2.80681e-06,4.14096e-05,0.632011,0.000216981,0.000135599,0.000169392
2.00377,0.831978,0.000357383,0.000159104,0.000320013,0.957458,0.000353798,0.0001454,0.000322539,0.000526488,4.16648e-05,2.81948e-06,4.15692e-05,0.632045,0.000217576,0.000135778,0.000170011
2.00537,0.832145,0.000359382,0.000160171,0.000321715,0.957487,0.000354652,0.000146259,0.000323089,0.00053502,4.18248e-05,2.82957e-06,4.1729e-05,0.632079,0.000218193,0.000135992,0.00017063
2.00697,0.832307,0.000361468,0.00016143,0.000323418,0.957515,0.000355536,0.000147185,0.000323639,0.000543429,4.19849e-05,2.83693e-06,4.18889e-05,0.632111,0.000218846,0.000136261,0.000171249
2.00857,0.832465,0.000363646,0.00016289,0.000325123,0.957543,0.00035645,0.000148181,0.000324189,0.000551706,4.21448e-05,2.84143e-06,4.20489e-05,0.632142,0.000219545,0.000136605,0.00017187
2.01017,0.832618,0.000365919,0.000164559,0.000326829,0.957571,0.000357395,0.000149249,0.00032474,0.000559842,4.23047e-05,2.84299e-06,4.22091e-05,0.632173,0.000220305,0.000137045,0.00017249
2.01178,0.832767,0.000368291,0.000166441,0.000328536,0.9576,0.000358373,0.000150388,0.000325291,0.000567831,4.24645e-05,2.84158e-06,4.23693e-05,0.632202,0.000221136,0.000137599,0.000173111
2.01338,0.832911,0.000370765,0.000168538,0.000330244,0.957628,0.000359383,0.000151601,0.000325843,0.000575664,4.26243e-05,2.83722e-06,4.25297e-05,0.63223,0.00022205,0.000138285,0.000173733
2.01499,0.833049,0.000373342,0.000170853,0.000331954,0.957657,0.000360428,0.000152888,0.000326395,0.000583332,4.2784e-05,2.82997e-06,4.26903e-05,0.632257,0.000223057,0.000139121,0.000174355
2.01659,0.833183,0.000376025,0.000173385,0.000333666,0.957685,0.000361507,0.00015425,0.000326947,0.000590829,4.29436e-05,2.81997e-06,4.28509e-05,0.632283,0.000224169,0.000140122,0.000174978
2.0182,0.833312,0.000379122,0.00017613,0.000335726,0.957714,0.000361758,0.000155686,0.000326543,0.000598145,4.31945e-05,2.80744e-06,4.31031e-05,0.632309,0.000225797,0.000141301,0.00017612
2.01981,0.833435,0.000383337,0.000179086,0.000338933,0.957743,0.00035921,0.000157197,0.000322987,0.000605273,4.3746e-05,2.79268e-06,4.36567e-05,0.632333,0.000228881,0.000142669,0.000178974
2.02142,0.833552,0.000387653,0.000182246,0.000342142,0.957771,0.000356716,0.000158783,0.000319428,0.000612205,4.42979e-05,2.77609e-06,4.42108e-05,0.632357,0.000232091,0.000144236,0.000181831
2.02304,0.833664,0.000392069,0.000185603,0.000345354,0.9578,0.000354278,0.000160443,0.000315865,0.000618934,4.48502e-05,2.7582e-06,4.47653e-05,0.63238,0.000235432,0.000146007,0.000184689
2.02465,0.83377,0.000396582,0.00018915,0.000348568,0.957829,0.000351899,0.000162177,0.0003123,0.00062546,4.5403e-05,2.73987e-06,4.53202e-05,0.632402,0.000238905,0.000147988,0.00018755
2.02627,0.833871,0.000401191,0.000192876,0.000351785,0.957858,0.00034958,0.000163984,0.000308732,0.000631785,4.59563e-05,2.72214e-06,4.58756e-05,0.632423,0.00024251,0.000150179,0.000190413
2.02788,0.833965,0.000405892,0.000196773,0.000355005,0.957886,0.000347324,0.000165863,0.000305162,0.000637913,4.65102e-05,2.70605e-06,4.64314e-05,0.632443,0.000246246,0.00015258,0.000193279
2.0295,0.834053,0.000410681,0.000200829,0.000358227,0.957915,0.000345133,0.000167813,0.000301588,0.000643848,4.70648e-05,2.69272e-06,4.69877e-05,0.632463,0.000250114,0.000155189,0.000196146
2.03112,0.834136,0.000415556,0.000205034,0.000361452,0.957944,0.000343007,0.000169833,0.000298011,0.000649591,4.762e-05,2.68325e-06,4.75444e-05,0.632482,0.000254109,0.000157999,0.000199016
2.03274,0.834212,0.00042051,0.000209375,0.000364679,0.957973,0.00034095,0.000171921,0.000294432,0.000655146,4.8176e-05,2.67874e-06,4.81015e-05,0.632501,0.000258228,0.000161005,0.000201888
2.03436,0.834282,0.000425541,0.000213842,0.000367909,0.958002,0.000338963,0.000174076,0.00029085,0.000660517,4.87329e-05,2.68025e-06,4.86591e-05,0.632518,0.000262466,0.000164197,0.000204763
2.03598,0.834345,0.000430643,0.000218421,0.000371142,0.958031,0.000337048,0.000176296,0.000287265,0.000665706,4.92905e-05,2.68876e-06,4.92171e-05,0.632535,0.000266819,0.000167565,0.00020764
2.03761,0.834402,0.000435811,0.0002231,0.000374377,0.95806,0.000335207,0.00017858,0.000283677,0.000670716,4.98491e-05,2.70516e-06,4.97756e-05,0.632552,0.00027128,0.000171099,0.000210519
2.03923,0.834453,0.00044104,0.000227868,0.000377614,0.958088,0.00033344,0.000180925,0.000280086,0.00067555,5.04085e-05,2.73019e-06,5.03345e-05,0.632568,0.000275843,0.000174784,0.0002134
2.04086,0.834497,0.000446324,0.000232712,0.000380855,0.958117,0.00033175,0.000183329,0.000276493,0.000680212,5.09689e-05,2.76444e-06,5.08939e-05,0.632583,0.000280499,0.000178608,0.000216284
2.04249,0.834535,0.000451657,0.000237619,0.000384097,0.958146,0.000330138,0.000185791,0.000272896,0.000684705,5.15303e-05,2.80832e-06,5.14537e-05,0.632598,0.000285242,0.000182558,0.00021917
2.04412,0.834567,0.000457033,0.000242579,0.000387343,0.958175,0.000328605,0.000188309,0.000269297,0.000689031,5.20927e-05,2.86205e-06,5.2014e-05,0.632612,0.000290062,0.000186617,0.000222059
2.04575,0.834592,0.000462446,0.00024758,0.000390591,0.958204,0.000327152,0.00019088,0.000265695,0.000693194,5.26561e-05,2.92567e-06,5.25747e-05,0.632626,0.000294951,0.000190772,0.000224949
2.04738,0.834611,0.000467891,0.000252608,0.000393841,0.958233,0.000325782,0.000193502,0.00026209,0.000697196,5.32204e-05,2.99904e-06,5.31359e-05,0.632639,0.0002999,0.000195008,0.000227842
2.04901,0.834623,0.00047336,0.000257655,0.000397094,0.958262,0.000324494,0.000196172,0.000258482,0.000701042,5.37859e-05,3.08187e-06,5.36975e-05,0.632652,0.0003049,0.00019931,0.000230737
2.05065,0.83463,0.000477856,0.000262707,0.000399163,0.958291,0.000324407,0.000198889,0.000256287,0.000704733,5.41644e-05,3.17373e-06,5.40714e-05,0.632665,0.000309629,0.000203661,0.000233222
2.05228,0.83463,0.000477065,0.000267755,0.00039484,0.958319,0.000330392,0.000201651,0.000261717,0.000708273,5.35322e-05,3.27409e-06,5.3432e-05,0.632677,0.000312728,0.000208049,0.000233483
2.05392,0.834623,0.000476354,0.000272787,0.000390513,0.958348,0.00033641,0.000204454,0.000267153,0.000711666,5.29003e-05,3.38233e-06,5.2792e-05,0.632689,0.000315871,0.000212457,0.000233744
2.05556,0.834611,0.000475717,0.000277794,0.000386183,0.958377,0.000342459,0.000207297,0.000272592,0.000714913,5.22688e-05,3.49778e-06,5.21516e-05,0.6327,0.000319048,0.00021687,0.000234006
2.0572,0.834592,0.000475147,0.000282764,0.000381849,0.958406,0.000348537,0.000210177,0.000278036,0.000718019,5.16377e-05,3.61975e-06,5.15107e-05,0.632712,0.000322249,0.000221276,0.000234268
2.05884,0.834568,0.000474637,0.000287689,0.000377512,0.958434,0.000354642,0.000213092,0.000283484,0.000720985,5.10071e-05,3.74751e-06,5.08692e-05,0.632723,0.000325463,0.000225659,0.00023453
2.06048,0.834538,0.00047418,0.000292558,0.000373171,0.958463,0.000360773,0.000216039,0.000288936,0.000723817,5.03769e-05,3.88034e-06,5.02273e-05,0.632733,0.00032868,0.000230006,0.000234792
2.06212,0.834502,0.00047377,0.000297362,0.000368827,0.958492,0.000366927,0.000219016,0.000294393,0.000726515,4.97473e-05,4.01753e-06,4.95848e-05,0.632744,0.000331887,0.000234304,0.000235055
2.06377,0.83446,0.000473398,0.000302093,0.00036448,0.95852,0.000373103,0.000222021,0.000299854,0.000729084,4.91181e-05,4.15837e-06,4.89418e-05,0.632754,0.000335074,0.000238539,0.000235317
2.06542,0.834414,0.000473056,0.00030674,0.000360129,0.958549,0.0003793,0.000225051,0.00030532,0.000731527,4.84895e-05,4.30219e-06,4.82983e-05,0.632764,0.000338231,0.000242698,0.00023558
2.06706,0.834361,0.000472737,0.000311296,0.000355774,0.958577,0.000385515,0.000228104,0.00031079,0.000733846,4.78615e-05,4.44832e-06,4.76543e-05,0.632774,0.000341346,0.000246769,0.000235843
2.06871,0.834304,0.000472433,0.000315753,0.000351416,0.958605,0.000391748,0.000231178,0.000316264,0.000736045,4.72339e-05,4.59615e-06,4.70098e-05,0.632784,0.000344409,0.000250741,0.000236107
2.07036,0.834242,0.000472135,0.000320101,0.000347055,0.958634,0.000397996,0.000234271,0.000321743,0.000738126,4.66069e-05,4.74506e-06,4.63647e-05,0.632794,0.000347409,0.000254602,0.00023637
2.07201,0.834175,0.000471836,0.000324334,0.00034269,0.958662,0.000404259,0.000237379,0.000327225,0.000740094,4.59804e-05,4.89448e-06,4.57192e-05,0.632804,0.000350335,0.00025834,0.000236634
2.07367,0.834103,0.000471526,0.000328444,0.000338321,0.95869,0.000410534,0.000240501,0.000332713,0.00074195,4.53544e-05,5.04387e-06,4.50731e-05,0.632814,0.000353179,0.000261944,0.000236898
2.07532,0.834027,0.000471198,0.000332424,0.000333949,0.958719,0.000416821,0.000243634,0.000338205,0.000743698,4.4729e-05,5.1927e-06,4.44265e-05,0.632824,0.00035593,0.000265406,0.000237162
2.07698,0.833947,0.000470844,0.000336267,0.000329574,0.958747,0.000423118,0.000246777,0.000343701,0.000745341,4.41039e-05,5.34047e-06,4.37794e-05,0.632833,0.000358578,0.000268714,0.000237426
2.07863,0.833863,0.000470456,0.000339966,0.000325195,0.958775,0.000429424,0.000249927,0.000349201,0.000746883,4.34794e-05,5.4867e-06,4.31318e-05,0.632843,0.000361115,0.000271859,0.000237691
2.08029,0.833776,0.000470025,0.000343515,0.000320813,0.958803,0.000435737,0.000253081,0.000354706,0.000748325,4.28552e-05,5.63095e-06,4.24837e-05,0.632853,0.000363532,0.000274832,0.000237955
2.08195,0.833684,0.000469544,0.000346909,0.000316427,0.958831,0.000442056,0.000256239,0.000360215,0.000749672,4.22314e-05,5.7728e-06,4.1835e-05,0.632863,0.000365821,0.000277626,0.00023822
2.08361,0.83359,0.000469494,0.000350141,0.000312771,0.958858,0.000447798,0.000259396,0.000365016,0.000750926,4.17135e-05,5.91182e-06,4.12925e-05,0.632873,0.000367997,0.000280232,0.000238521
2.08527,0.833493,0.000474938,0.000353208,0.000317507,0.958886,0.000446907,0.000262552,0.000361652,0.000752091,4.24042e-05,6.04765e-06,4.19707e-05,0.632884,0.00037029,0.000282643,0.000239223
2.08694,0.833393,0.000480263,0.000356103,0.000322247,0.958914,0.000446057,0.000265704,0.000358285,0.000753169,4.30949e-05,6.17992e-06,4.26495e-05,0.632894,0.000372432,0.000284853,0.000239925
2.0886,0.833291,0.000485466,0.000358823,0.000326991,0.958941,0.000445248,0.00026885,0.000354915,0.000754164,4.37856e-05,6.3083e-06,4.33288e-05,0.632905,0.000374418,0.000286857,0.000240629
2.09027,0.833187,0.000490546,0.000361365,0.000331739,0.958969,0.000444478,0.000271988,0.000351543,0.000755078,4.44762e-05,6.43248e-06,4.40086e-05,0.632916,0.000376243,0.000288648,0.000241332
2.09194,0.83308,0.000495501,0.000363724,0.000336491,0.958996,0.000443746,0.000275116,0.000348168,0.000755915,4.51668e-05,6.55216e-06,4.4689e-05,0.632927,0.000377904,0.000290223,0.000242037
2.0936,0.832973,0.000500331,0.000365899,0.000341246,0.959023,0.000443051,0.000278232,0.000344791,0.000756677,4.58572e-05,6.66708e-06,4.53699e-05,0.632938,0.000379397,0.000291579,0.000242742
2.09527,0.832864,0.000505036,0.000367888,0.000346006,0.959051,0.000442391,0.000281334,0.00034141,0.000757369,4.65474e-05,6.77701e-06,4.60514e-05,0.63295,0.00038072,0.000292714,0.000243447
2.09695,0.832754,0.000509616,0.000369689,0.000350769,0.959078,0.000441766,0.00028442,0.000338028,0.000757992,4.72374e-05,6.88173e-06,4.67334e-05,0.632962,0.000381876,0.00029363,0.000244153
2.09862,0.832644,0.000514072,0.000371301,0.000355535,0.959105,0.000441173,0.000287487,0.000334642,0.00075855,4.79272e-05,6.98106e-06,4.7416e-05,0.632974,0.000382876,0.000294342,0.00024486
2.10029,0.832534,0.000518406,0.000372726,0.000360306,0.959132,0.000440612,0.000290534,0.000331253,0.000759047,4.86167e-05,7.07485e-06,4.80991e-05,0.632987,0.00038373,0.000294866,0.000245567
2.10197,0.832424,0.00052262,0.000373963,0.000365081,0.959158,0.000440081,0.000293559,0.000327862,0.000759484,4.93059e-05,7.163e-06,4.87828e-05,0.633,0.000384453,0.000295216,0.000246275
2.10365,0.832314,0.000526719,0.000375016,0.000369859,0.959185,0.000439577,0.00029656,0.000324469,0.000759866,4.99948e-05,7.24541e-06,4.9467e-05,0.633014,0.000385056,0.000295411,0.000246983
2.10532,0.832205,0.000530704,0.000375887,0.000374641,0.959211,0.0004391,0.000299536,0.000321072,0.000760194,5.06834e-05,7.32206e-06,5.01517e-05,0.633027,0.000385553,0.000295466,0.000247692
2.107,0.832097,0.000534582,0.000376582,0.000379427,0.959238,0.000438648,0.000302483,0.000317673,0.000760474,5.13718e-05,7.39296e-06,5.0837e-05,0.633041,0.000385958,0.000295398,0.000248401
2.10868,0.831991,0.000538362,0.00037711,0.000384216,0.959264,0.000438219,0.0003054,0.000314271,0.000760706,5.20599e-05,7.45816e-06,5.15229e-05,0.633055,0.000386283,0.000295226,0.000249111
2.11037,0.831886,0.000542058,0.00037749,0.00038901,0.95929,0.000437811,0.000308286,0.000310866,0.000760895,5.27477e-05,7.51777e-06,5.22093e-05,0.63307,0.000386544,0.000294966,0.000249822
2.11205,0.831783,0.000545686,0.000377741,0.000393807,0.959316,0.000437423,0.000311139,0.000307459,0.000761044,5.34354e-05,7.57197e-06,5.28962e-05,0.633085,0.000386753,0.000294637,0.000250533
2.11373,0.831681,0.000549259,0.000377884,0.000398608,0.959342,0.000437052,0.000313956,0.000304049,0.000761155,5.41229e-05,7.62099e-06,5.35837e-05,0.6331,0.000386923,0.000294255,0.000251245
2.11542,0.831582,0.000552792,0.000377937,0.000403413,0.959368,0.000436696,0.000316736,0.000300636,0.000761232,5.48103e-05,7.66515e-06,5.42717e-05,0.633115,0.00038707,0.000293838,0.000251957
2.11711,0.831484,0.000556297,0.000377921,0.000408219,0.959393,0.000436377,0.000319477,0.000297253,0.000761278,5.54979e-05,7.70482e-06,5.49605e-05,0.633131,0.000387216,0.000293403,0.000252686
2.1188,0.831389,0.000559156,0.000377854,0.000412167,0.959419,0.000441503,0.000322177,0.000301873,0.000761295,5.62272e-05,7.74048e-06,5.56919e-05,0.633147,0.000390087,0.000292969,0.00025756
2.12049,0.831296,0.000562009,0.000377756,0.000416118,0.959444,0.000446606,0.000324835,0.000306496,0.000761287,5.69567e-05,7.77278e-06,5.64239e-05,0.633163,0.000393013,0.000292551,0.000262437
2.12218,0.831205,0.00056487,0.000377647,0.000420072,0.959469,0.000451685,0.000327448,0.000311123,0.000761257,5.76866e-05,7.80273e-06,5.71564e-05,0.633179,0.000396005,0.000292166,0.000267319
2.12387,0.831116,0.000567751,0.000377545,0.00042403,0.959494,0.000456739,0.000330015,0.000315754,0.000761207,5.84169e-05,7.83148e-06,5.78896e-05,0.633196,0.000399074,0.00029183,0.000272204
2.12556,0.831031,0.000570665,0.000377469,0.00042799,0.959519,0.000461766,0.000332534,0.000320388,0.000761139,5.91479e-05,7.86014e-06,5.86233e-05,0.633213,0.000402228,0.000291559,0.000277093
2.12726,0.830947,0.000573622,0.000377436,0.000431954,0.959544,0.000466765,0.000335004,0.000325026,0.000761057,5.98797e-05,7.88982e-06,5.93576e-05,0.63323,0.000405476,0.000291367,0.000281986
2.12896,0.830867,0.000576634,0.000377465,0.000435921,0.959568,0.000471736,0.000337422,0.000329668,0.000760962,6.06124e-05,7.92162e-06,6.00926e-05,0.633247,0.000408826,0.000291268,0.000286883
2.13066,0.83079,0.000579711,0.000377572,0.000439891,0.959593,0.000476677,0.000339788,0.000334313,0.000760858,6.13462e-05,7.95659e-06,6.0828e-05,0.633265,0.000412285,0.000291274,0.000291784
2.13236,0.830716,0.000582861,0.000377772,0.000443865,0.959617,0.000481588,0.000342098,0.000338963,0.000760747,6.20812e-05,7.99573e-06,6.15641e-05,0.633282,0.000415857,0.000291398,0.000296689
2.13406,0.830645,0.000586095,0.000378081,0.000447841,0.959641,0.000486467,0.000344352,0.000343615,0.00076063,6.28174e-05,8.03997e-06,6.23008e-05,0.6333,0.000419548,0.00029165,0.000301597
2.13576,0.830577,0.000589419,0.000378513,0.000451821,0.959665,0.000491314,0.000346548,0.000348272,0.000760513,6.35551e-05,8.09019e-06,6.30381e-05,0.633319,0.000423362,0.00029204,0.00030651
2.13746,0.830513,0.00059284,0.000379081,0.000455804,0.959689,0.000496127,0.000348685,0.000352932,0.000760395,6.42942e-05,8.14718e-06,6.37759e-05,0.633337,0.000427302,0.000292575,0.000311427
2.13917,0.830452,0.000596364,0.000379795,0.00045979,0.959712,0.000500907,0.000350759,0.000357596,0.000760281,6.50348e-05,8.21161e-06,6.45143e-05,0.633356,0.000431368,0.000293263,0.000316347
2.14087,0.830395,0.000599998,0.000380667,0.000463779,0.959735,0.000505651,0.000352771,0.000362264,0.000760172,6.57771e-05,8.28408e-06,6.52534e-05,0.633374,0.000435562,0.000294108,0.000321271
2.14258,0.830342,0.000603745,0.000381704,0.000467771,0.959759,0.000510359,0.000354718,0.000366936,0.000760072,6.6521e-05,8.36507e-06,6.5993e-05,0.633393,0.000439885,0.000295114,0.0003262
2.14429,0.830292,0.000607609,0.000382916,0.000471767,0.959781,0.000515031,0.000356598,0.000371611,0.000759982,6.72667e-05,8.45492e-06,6.67332e-05,0.633412,0.000444334,0.000296284,0.000331132
2.146,0.830247,0.000611592,0.000384307,0.000475765,0.959804,0.000519665,0.00035841,0.00037629,0.000759906,6.8014e-05,8.55389e-06,6.7474e-05,0.633432,0.000448907,0.000297618,0.000336068
2.14771,0.830206,0.000615696,0.000385882,0.000479767,0.959827,0.000524262,0.000360153,0.000380972,0.000759846,6.87631e-05,8.6621e-06,6.82154e-05,0.633451,0.000453603,0.000299115,0.000341008
2.14943,0.830168,0.000619922,0.000387644,0.000483772,0.959849,0.000528819,0.000361825,0.000385659,0.000759805,6.9514e-05,8.77954e-06,6.89573e-05,0.633471,0.000458418,0.000300773,0.000345952
2.15114,0.830135,0.00062427,0.000389594,0.000487781,0.959871,0.000533337,0.000363423,0.000390349,0.000759784,7.02666e-05,8.90611e-06,6.96999e-05,0.633491,0.000463347,0.000302588,0.0003509
2.15286,0.830107,0.000622403,0.000391732,0.000483664,0.959893,0.000533858,0.000364947,0.000389638,0.000759788,7.04081e-05,9.0416e-06,6.98251e-05,0.633511,0.000461588,0.000304555,0.000346857
2.15457,0.830082,0.000620191,0.000394057,0.000478911,0.959915,0.000534024,0.000366395,0.000388505,0.000759817,7.05032e-05,9.18569e-06,6.99023e-05,0.633531,0.000459438,0.000306668,0.000342109
2.15629,0.830063,0.000618131,0.000396565,0.000474155,0.959936,0.000534142,0.000367766,0.000387371,0.000759875,7.05997e-05,9.33797e-06,6.99795e-05,0.633551,0.000457428,0.000308919,0.000337357
2.15801,0.830048,0.000616224,0.000399251,0.000469394,0.959958,0.000534211,0.000369057,0.000386236,0.000759965,7.06976e-05,9.49797e-06,7.00567e-05,0.633572,0.000455555,0.000311298,0.000332602
2.15973,0.830037,0.00061447,0.000402111,0.00046463,0.959979,0.000534229,0.000370268,0.000385101,0.000760088,7.07969e-05,9.66511e-06,7.0134e-05,0.633592,0.000453817,0.000313798,0.000327842
2.16146,0.830031,0.000612869,0.000405136,0.000459861,0.96,0.000534194,0.000371397,0.000383964,0.000760248,7.08974e-05,9.83878e-06,7.02114e-05,0.633613,0.000452208,0.000316405,0.000323079
2.16318,0.83003,0.000611417,0.000408319,0.000455089,0.96002,0.000534105,0.000372441,0.000382826,0.000760447,7.09993e-05,1.00183e-05,7.02889e-05,0.633634,0.000450726,0.00031911,0.000318313
2.16491,0.830033,0.000610113,0.00041165,0.000450314,0.960041,0.000533961,0.000373401,0.000381688,0.000760688,7.11023e-05,1.0203e-05,7.03664e-05,0.633655,0.000449363,0.000321898,0.000313542
2.16663,0.830041,0.000608953,0.000415118,0.000445534,0.960061,0.00053376,0.000374275,0.000380549,0.000760973,7.12064e-05,1.0392e-05,7.0444e-05,0.633676,0.000448113,0.000324759,0.000308767
2.16836,0.830054,0.000607933,0.000418713,0.000440751,0.960081,0.000533503,0.000375066,0.000379408,0.000761305,7.13115e-05,1.05847e-05,7.05216e-05,0.633697,0.00044697,0.000327677,0.000303989
2.17009,0.830072,0.000607046,0.000422423,0.000435963,0.960101,0.00053319,0.000375773,0.000378267,0.000761686,7.14176e-05,1.07803e-05,7.05993e-05,0.633718,0.000445923,0.00033064,0.000299207
2.17182,0.830095,0.000606288,0.000426235,0.000431172,0.96012,0.000532822,0.000376398,0.000377125,0.000762119,7.15245e-05,1.09778e-05,7.06771e-05,0.63374,0.000444965,0.000333632,0.000294421
2.17356,0.830122,0.000605651,0.000430135,0.000426377,0.96014,0.000532398,0.000376942,0.000375982,0.000762606,7.16322e-05,1.11766e-05,7.07549e-05,0.633761,0.000444086,0.000336639,0.000289632
2.17529,0.830154,0.000605128,0.00043411,0.000421579,0.960159,0.000531919,0.000377404,0.000374838,0.00076315,7.17404e-05,1.13757e-05,7.08328e-05,0.633783,0.000443275,0.000339647,0.000284838
2.17702,0.830191,0.00060471,0.000438146,0.000416776,0.960178,0.000531385,0.000377787,0.000373694,0.000763754,7.18491e-05,1.15745e-05,7.09107e-05,0.633804,0.000442522,0.000342641,0.000280041
2.17876,0.830233,0.000604388,0.000442229,0.00041197,0.960197,0.000530796,0.000378091,0.000372548,0.00076442,7.19582e-05,1.1772e-05,7.09887e-05,0.633826,0.000441814,0.000345605,0.000275239
2.1805,0.83028,0.000604153,0.000446343,0.000407159,0.960215,0.000530153,0.000378316,0.000371401,0.000765151,7.20674e-05,1.19675e-05,7.10668e-05,0.633848,0.00044114,0.000348525,0.000270434
2.18224,0.830331,0.000603995,0.000450475,0.000402345,0.960233,0.000529455,0.000378464,0.000370254,0.000765949,7.21767e-05,1.21603e-05,7.11449e-05,0.63387,0.000440488,0.000351386,0.000265626
2.18398,0.830387,0.000603902,0.00045461,0.000397527,0.960251,0.000528705,0.000378537,0.000369105,0.000766817,7.22858e-05,1.23494e-05,7.12231e-05,0.633892,0.000439844,0.000354174,0.000260813
2.18572,0.830447,0.000603865,0.000458732,0.000392706,0.960269,0.0005279,0.000378533,0.000367956,0.000767757,7.23947e-05,1.25342e-05,7.13014e-05,0.633914,0.000439196,0.000356873,0.000255996
2.18747,0.830512,0.00061278,0.000462827,0.00040161,0.960287,0.000528688,0.000378455,0.000369164,0.000768773,7.46083e-05,1.27139e-05,7.35171e-05,0.633936,0.000440858,0.00035947,0.00025522
2.18921,0.830581,0.000623281,0.00046688,0.000412919,0.960305,0.000529713,0.000378304,0.000370785,0.000769866,7.71912e-05,1.28879e-05,7.61077e-05,0.633958,0.000442842,0.000361951,0.000255149
2.19096,0.830655,0.000633801,0.000470879,0.000424236,0.960322,0.00053069,0.00037808,0.000372408,0.000771039,7.97759e-05,1.30553e-05,7.87004e-05,0.63398,0.000444725,0.000364301,0.000255078
2.1927,0.830733,0.000644327,0.000474807,0.000435563,0.960339,0.000531621,0.000377785,0.000374031,0.000772294,8.23624e-05,1.32155e-05,8.12952e-05,0.634002,0.000446493,0.000366508,0.000255006
2.19445,0.830815,0.000654848,0.000478652,0.000446899,0.960356,0.000532506,0.000377419,0.000375656,0.000773635,8.49505e-05,1.33679e-05,8.38921e-05,0.634024,0.000448137,0.000368558,0.000254935
2.1962,0.830901,0.000665355,0.000482401,0.000458244,0.960373,0.000533346,0.000376983,0.000377283,0.000775064,8.75401e-05,1.35118e-05,8.6491e-05,0.634046,0.000449645,0.000370439,0.000254864
2.19796,0.830992,0.000675837,0.00048604,0.000469597,0.960389,0.000534143,0.000376478,0.00037891,0.000776583,9.01311e-05,1.36466e-05,8.9092e-05,0.634069,0.000451006,0.000372138,0.000254792
2.19971,0.831086,0.000686286,0.000489557,0.00048096,0.960406,0.000534897,0.000375906,0.000380539,0.000778195,9.27235e-05,1.37717e-05,9.16951e-05,0.634091,0.000452209,0.000373645,0.000254721
2.20146,0.831183,0.000696693,0.00049294,0.000492332,0.960422,0.00053561,0.000375267,0.000382169,0.000779902,9.53173e-05,1.38865e-05,9.43003e-05,0.634113,0.000453245,0.000374946,0.000254649
2.20322,0.831284,0.00070705,0.000496178,0.000503713,0.960438,0.000536283,0.000374562,0.000383801,0.000781708,9.79122e-05,1.39906e-05,9.69075e-05,0.634136,0.000454104,0.000376033,0.000254577
2.20498,0.831389,0.000717351,0.000499261,0.000515103,0.960454,0.000536917,0.000373792,0.000385434,0.000783614,0.000100508,1.40835e-05,9.95168e-05,0.634158,0.000454778,0.000376895,0.000254506
2.20674,0.831497,0.00072759,0.000502177,0.000526503,0.960469,0.000537512,0.000372958,0.000387068,0.000785624,0.000103106,1.41646e-05,0.000102128,0.63418,0.000455259,0.000377523,0.000254434
2.2085,0.831607,0.000737761,0.000504919,0.000537911,0.960485,0.000538071,0.000372062,0.000388703,0.000787739,0.000105704,1.42335e-05,0.000104742,0.634202,0.000455545,0.000377916,0.000254362
2.21026,0.831721,0.00074786,0.000507478,0.000549328,0.9605,0.000538594,0.000371104,0.00039034,0.000789962,0.000108304,1.429e-05,0.000107357,0.634225,0.000455641,0.000378081,0.000254291
2.21202,0.831838,0.000757884,0.000509846,0.000560755,0.960515,0.000539082,0.000370085,0.000391978,0.000792297,0.000110905,1.43336e-05,0.000109975,0.634247,0.000455556,0.000378026,0.000254219
2.21379,0.831956,0.00076783,0.000512016,0.00057219,0.96053,0.000539537,0.000369007,0.000393617,0.000794745,0.000113507,1.43642e-05,0.000112595,0.634269,0.000455295,0.00037776,0.000254147
2.21555,0.832077,0.000777695,0.000513984,0.000583635,0.960545,0.00053996,0.000367869,0.000395258,0.000797309,0.000116111,1.43814e-05,0.000115216,0.634291,0.000454867,0.000377292,0.000254075
2.21732,0.832201,0.000787479,0.000515744,0.000595089,0.96056,0.000540351,0.000366674,0.0003969,0.000799991,0.000118715,1.43852e-05,0.00011784,0.634313,0.000454279,0.000376633,0.000254003
2.21909,0.832326,0.000797181,0.000517294,0.000606552,0.960574,0.000540713,0.000365423,0.000398543,0.000802795,0.000121321,1.43754e-05,0.000120466,0.634335,0.000453542,0.000375792,0.00025393
2.22086,0.832452,0.000806804,0.000518631,0.000618024,0.960589,0.000541046,0.000364116,0.000400188,0.000805722,0.000123928,1.43521e-05,0.000123095,0.634357,0.000452664,0.000374781,0.000253858
2.22263,0.83258,0.000803673,0.000519756,0.000612979,0.960603,0.000538946,0.000362754,0.000398587,0.000808773,0.000122981,1.43157e-05,0.000122145,0.634379,0.000453177,0.00037361,0.000256486
2.2244,0.83271,0.000796786,0.00052067,0.000603134,0.960617,0.000536112,0.000361339,0.000396044,0.00081194,0.000121,1.42671e-05,0.000120156,0.634401,0.000454036,0.000372292,0.000259899
2.22618,0.83284,0.000789818,0.000521374,0.000593281,0.960631,0.000533243,0.000359871,0.000393498,0.000815212,0.000119016,1.42078e-05,0.000118165,0.634423,0.000454814,0.000370838,0.000263316
2.22795,0.83297,0.000782772,0.000521875,0.000583419,0.960645,0.000530338,0.000358352,0.00039095,0.00081858,0.000117029,1.4139e-05,0.000116172,0.634445,0.000455523,0.000369261,0.000266734
2.22973,0.833102,0.000775648,0.000522178,0.00057355,0.960658,0.000527398,0.000356782,0.0003884,0.000822035,0.00011504,1.40621e-05,0.000114178,0.634467,0.000456174,0.000367574,0.000270156
2.23151,0.833233,0.000768452,0.000522293,0.000563673,0.960672,0.000524424,0.000355164,0.000385849,0.000825566,0.00011305,1.39785e-05,0.000112182,0.634488,0.000456779,0.000365788,0.00027358
2.23329,0.833364,0.000761188,0.000522231,0.000553789,0.960685,0.000521416,0.000353497,0.000383295,0.000829165,0.000111057,1.38895e-05,0.000110185,0.63451,0.000457351,0.000363918,0.000277007
2.23507,0.833495,0.000753865,0.000522006,0.000543896,0.960699,0.000518375,0.000351782,0.000380739,0.000832821,0.000109062,1.37968e-05,0.000108186,0.634531,0.0004579,0.000361977,0.000280437
2.23685,0.833625,0.000746494,0.000521634,0.000533995,0.960712,0.000515302,0.000350022,0.000378181,0.000836525,0.000107065,1.37018e-05,0.000106185,0.634553,0.000458438,0.000359977,0.00028387
2.23864,0.833754,0.000739087,0.000521136,0.000524087,0.960725,0.000512197,0.000348217,0.000375621,0.000840268,0.000105068,1.36061e-05,0.000104183,0.634574,0.000458977,0.000357933,0.000287305
2.24042,0.833881,0.000731661,0.000520535,0.00051417,0.960737,0.000509062,0.000346368,0.000373059,0.000844038,0.000103069,1.35111e-05,0.000102179,0.634595,0.000459527,0.000355857,0.000290743
2.24221,0.834007,0.000724234,0.000519856,0.000504246,0.96075,0.000505895,0.000344476,0.000370495,0.000847828,0.000101069,1.34184e-05,0.000100174,0.634617,0.0004601,0.000353763,0.000294184
2.244,0.834132,0.000716829,0.000519131,0.000494314,0.960763,0.0005027,0.000342542,0.000367929,0.000851627,9.90677e-05,1.33295e-05,9.81669e-05,0.634638,0.000460706,0.000351665,0.000297627
2.24579,0.834254,0.000709473,0.000518395,0.000484374,0.960775,0.000499475,0.000340568,0.00036536,0.000855426,9.70664e-05,1.32459e-05,9.61584e-05,0.634658,0.000461354,0.000349575,0.000301074
2.24758,0.834373,0.000702195,0.000517686,0.000474426,0.960787,0.000496222,0.000338554,0.00036279,0.000859214,9.50648e-05,1.31692e-05,9.41482e-05,0.634679,0.000462055,0.000347507,0.000304523
2.24937,0.83449,0.000695032,0.000517047,0.00046447,0.960799,0.000492941,0.000336502,0.000360218,0.000862983,9.30632e-05,1.31007e-05,9.21365e-05,0.6347,0.000462818,0.000345474,0.000307974
2.25117,0.834603,0.000688024,0.000516528,0.000454506,0.960812,0.000489633,0.000334412,0.000357644,0.000866722,9.10619e-05,1.30418e-05,9.01231e-05,0.63472,0.00046365,0.000343487,0.000311429
2.25296,0.834713,0.00068122,0.000516189,0.000444534,0.960824,0.0004863,0.000332287,0.000355067,0.000870423,8.90611e-05,1.29938e-05,8.81081e-05,0.634741,0.000464561,0.00034156,0.000314886
2.25476,0.834821,0.000674674,0.000516088,0.000434554,0.960835,0.00048294,0.000330126,0.000352489,0.000874075,8.70612e-05,1.29577e-05,8.60916e-05,0.634761,0.000465556,0.000339704,0.000318346
2.25656,0.834925,0.000668433,0.000516282,0.000424566,0.960847,0.000479557,0.000327931,0.000349908,0.000877668,8.50626e-05,1.29348e-05,8.40734e-05,0.634781,0.000466644,0.000337929,0.000321809
2.25836,0.835028,0.000669791,0.000516814,0.000426055,0.960859,0.000480066,0.000325703,0.000352677,0.000881194,8.30723e-05,1.29258e-05,8.20605e-05,0.634801,0.000464512,0.000336247,0.000320483
2.26016,0.835127,0.000674603,0.000517722,0.000432497,0.96087,0.000482292,0.000323443,0.000357756,0.000884641,8.10868e-05,1.29315e-05,8.0049e-05,0.634821,0.000461029,0.000334667,0.000317089
2.26196,0.835225,0.000679754,0.000519032,0.000438944,0.960882,0.000484553,0.000321153,0.000362839,0.000888002,7.91035e-05,1.29525e-05,7.80359e-05,0.63484,0.000457629,0.000333198,0.000313693
2.26377,0.83532,0.00068525,0.00052076,0.000445396,0.960893,0.000486852,0.000318833,0.000367926,0.000891266,7.71229e-05,1.29892e-05,7.60212e-05,0.63486,0.000454319,0.000331848,0.000310294
2.26557,0.835414,0.000691092,0.000522911,0.000451853,0.960904,0.000489188,0.000316485,0.000373017,0.000894423,7.51453e-05,1.30418e-05,7.40049e-05,0.634879,0.000451105,0.000330625,0.000306893
2.26738,0.835506,0.00069727,0.000525482,0.000458316,0.960915,0.000491563,0.00031411,0.000378112,0.000897464,7.3171e-05,1.31104e-05,7.19869e-05,0.634898,0.000447993,0.000329534,0.000303489
2.26919,0.835597,0.000703768,0.000528455,0.000464784,0.960926,0.000493977,0.000311708,0.000383212,0.000900379,7.12007e-05,1.31948e-05,6.99674e-05,0.634917,0.000444989,0.000328582,0.000300082
2.271,0.835686,0.000710563,0.000531806,0.000471257,0.960937,0.000496431,0.000309282,0.000388315,0.000903158,6.92347e-05,1.32946e-05,6.79463e-05,0.634936,0.000442095,0.000327771,0.000296672
2.27281,0.835774,0.000717627,0.000535498,0.000477735,0.960948,0.000498926,0.000306832,0.000393422,0.000905793,6.72735e-05,1.34095e-05,6.59235e-05,0.634954,0.000439317,0.000327106,0.00029326
2.27463,0.835862,0.000724924,0.000539489,0.000484218,0.960959,0.000501461,0.000304359,0.000398533,0.000908272,6.53177e-05,1.35387e-05,6.38991e-05,0.634973,0.000436657,0.000326587,0.000289844
2.27644,0.835949,0.000732414,0.000543725,0.000490706,0.960969,0.000504038,0.000301865,0.000403649,0.000910587,6.33677e-05,1.36814e-05,6.18731e-05,0.634991,0.000434117,0.000326216,0.000286427
2.27826,0.836035,0.000740051,0.00054815,0.0004972,0.96098,0.000506658,0.00029935,0.000408768,0.000912728,6.14243e-05,1.38368e-05,5.98455e-05,0.635009,0.000431698,0.000325992,0.000283006
2.28007,0.836121,0.000747789,0.000552699,0.000503698,0.96099,0.000509319,0.000296816,0.000413892,0.000914685,5.94881e-05,1.40037e-05,5.78163e-05,0.635026,0.000429402,0.000325913,0.000279583
2.28189,0.836206,0.000755575,0.000557304,0.000510202,0.961001,0.000512024,0.000294264,0.00041902,0.000916449,5.75598e-05,1.41811e-05,5.57855e-05,0.635044,0.000427227,0.000325976,0.000276157
2.28371,0.836292,0.000763357,0.000561893,0.000516711,0.961011,0.000514772,0.000291695,0.000424152,0.00091801,5.56401e-05,1.43678e-05,5.3753e-05,0.635061,0.000425172,0.000326176,0.000272728
2.28553,0.836378,0.000771081,0.000566394,0.000523226,0.961021,0.000517564,0.000289111,0.000429287,0.000919358,5.373e-05,1.45625e-05,5.17189e-05,0.635078,0.000423236,0.000326509,0.000269296
2.28736,0.836464,0.000778693,0.00057073,0.000529745,0.961032,0.0005204,0.000286512,0.000434427,0.000920483,5.18304e-05,1.47638e-05,4.96832e-05,0.635095,0.000421415,0.000326968,0.000265862
2.28918,0.836551,0.000786138,0.000574828,0.00053627,0.961042,0.00052328,0.000283899,0.000439572,0.000921377,4.99424e-05,1.49704e-05,4.76459e-05,0.635112,0.000419706,0.000327545,0.000262425
2.29101,0.836639,0.000793363,0.000578614,0.0005428,0.961052,0.000526204,0.000281275,0.00044472,0.000922029,4.80672e-05,1.5181e-05,4.5607e-05,0.635128,0.000418103,0.000328232,0.000258985
2.29284,0.836727,0.000800319,0.000582015,0.000549335,0.961062,0.000529174,0.000278639,0.000449872,0.000922429,4.62062e-05,1.53942e-05,4.35664e-05,0.635144,0.000416601,0.000329019,0.000255543
2.29466,0.836817,0.00080238,0.000584963,0.000549209,0.961072,0.000527833,0.000275994,0.000449927,0.000922568,4.53634e-05,1.56086e-05,4.25936e-05,0.63516,0.00041598,0.000329897,0.000253391
2.29649,0.836909,0.000801311,0.000587393,0.00054504,0.961081,0.000523854,0.00027334,0.000446888,0.000922437,4.51332e-05,1.58228e-05,4.22687e-05,0.635175,0.000415908,0.000330853,0.000252023
2.29833,0.837002,0.000799841,0.000589244,0.000540867,0.961091,0.000519871,0.000270678,0.000443846,0.000922026,4.49044e-05,1.60355e-05,4.19436e-05,0.635191,0.000415896,0.000331877,0.000250653
2.30016,0.837096,0.000797924,0.000590462,0.000536691,0.961101,0.000515884,0.000268011,0.000440802,0.000921324,4.46765e-05,1.62453e-05,4.16183e-05,0.635206,0.000415934,0.000332956,0.000249283
2.302,0.837193,0.000795531,0.000591017,0.000532512,0.961111,0.000511892,0.000265338,0.000437755,0.000920323,4.4449e-05,1.64509e-05,4.12926e-05,0.635221,0.000416013,0.000334076,0.000247911
2.30383,0.837291,0.00079268,0.000590941,0.000528329,0.96112,0.000507898,0.000262662,0.000434706,0.000919013,4.42214e-05,1.6651e-05,4.09668e-05,0.635235,0.000416121,0.000335225,0.000246538
2.30567,0.837391,0.000789401,0.000590279,0.000524143,0.96113,0.000503901,0.000259982,0.000431654,0.000917384,4.39931e-05,1.68443e-05,4.06406e-05,0.635249,0.000416248,0.000336388,0.000245164
2.30751,0.837491,0.000785728,0.000589081,0.000519953,0.961139,0.000499902,0.000257302,0.0004286,0.000915426,4.37635e-05,1.70296e-05,4.03142e-05,0.635263,0.000416382,0.000337551,0.000243789
2.30935,0.837592,0.000781694,0.000587399,0.00051576,0.961149,0.000495902,0.000254621,0.000425543,0.00091313,4.3532e-05,1.72056e-05,3.99876e-05,0.635277,0.000416512,0.000338701,0.000242413
2.31119,0.837693,0.000777338,0.000585284,0.000511564,0.961158,0.000491902,0.000251941,0.000422484,0.000910486,4.32981e-05,1.73712e-05,3.96607e-05,0.63529,0.000416625,0.000339821,0.000241036
2.31303,0.837794,0.000772697,0.000582788,0.000507365,0.961168,0.000487901,0.000249263,0.000419423,0.000907485,4.30611e-05,1.75252e-05,3.93335e-05,0.635303,0.00041671,0.000340898,0.000239658
2.31488,0.837894,0.000767807,0.000579962,0.000503162,0.961177,0.000483902,0.000246588,0.000416359,0.000904117,4.28203e-05,1.76665e-05,3.9006e-05,0.635316,0.000416754,0.000341917,0.000238278
2.31673,0.837993,0.000762704,0.000576853,0.000498956,0.961186,0.000479903,0.000243918,0.000413293,0.000900371,4.25751e-05,1.7794e-05,3.86783e-05,0.635329,0.000416743,0.000342862,0.000236898
2.31857,0.838091,0.00075742,0.000573508,0.000494746,0.961196,0.000475907,0.000241254,0.000410224,0.00089624,4.23249e-05,1.79066e-05,3.83504e-05,0.635341,0.000416665,0.000343718,0.000235516
2.32042,0.838187,0.000751986,0.000569965,0.000490533,0.961205,0.000471913,0.000238596,0.000407153,0.000891712,4.2069e-05,1.80033e-05,3.80222e-05,0.635352,0.000416508,0.000344471,0.000234134
2.32228,0.838282,0.00074643,0.000566263,0.000486317,0.961214,0.000467922,0.000235947,0.00040408,0.000886778,4.18068e-05,1.80831e-05,3.76937e-05,0.635364,0.000416258,0.000345106,0.00023275
2.32413,0.838374,0.000740775,0.000562432,0.000482097,0.961223,0.000463935,0.000233307,0.000401003,0.000881429,4.15377e-05,1.81451e-05,3.73649e-05,0.635375,0.000415902,0.000345608,0.000231365
2.32598,0.838464,0.000735039,0.000558496,0.000477874,0.961232,0.000459952,0.000230677,0.000397925,0.000875655,4.1261e-05,1.81883e-05,3.70359e-05,0.635386,0.000415428,0.000345963,0.000229979
2.32784,0.838551,0.000729237,0.000554477,0.000473648,0.961241,0.000455975,0.000228059,0.000394844,0.000869447,4.09762e-05,1.82118e-05,3.67066e-05,0.635396,0.000414823,0.000346156,0.000228592
2.32969,0.838634,0.000723379,0.000550385,0.000469418,0.96125,0.000452002,0.000225454,0.000391761,0.000862802,4.06828e-05,1.82153e-05,3.63771e-05,0.635406,0.000414074,0.000346173,0.000227203
2.33155,0.838715,0.00071953,0.000546228,0.000468357,0.96126,0.00045085,0.000222863,0.000391915,0.000855738,4.04701e-05,1.81991e-05,3.61473e-05,0.635416,0.000414385,0.000346003,0.000228028
2.33341,0.838791,0.00071736,0.000542005,0.000469932,0.961269,0.000452067,0.000220286,0.000394764,0.000848271,4.03231e-05,1.81639e-05,3.60003e-05,0.635426,0.00041556,0.000345646,0.000230693
2.33527,0.838863,0.000715158,0.000537709,0.000471507,0.961278,0.000453324,0.000217727,0.000397615,0.000840419,4.01676e-05,1.81103e-05,3.58532e-05,0.635435,0.000416593,0.000345098,0.000233361
2.33714,0.838932,0.000712915,0.000533328,0.000473084,0.961287,0.00045462,0.000215184,0.000400468,0.0008322,4.00041e-05,1.8039e-05,3.5706e-05,0.635443,0.000417486,0.00034436,0.00023603
2.339,0.838995,0.000710619,0.000528842,0.000474662,0.961296,0.000455954,0.00021266,0.000403324,0.000823631,3.98327e-05,1.79506e-05,3.55587e-05,0.635452,0.000418241,0.000343433,0.000238702
2.34087,0.839054,0.000708254,0.00052423,0.000476242,0.961305,0.000457328,0.000210156,0.000406182,0.00081473,3.96539e-05,1.78459e-05,3.54113e-05,0.63546,0.00041886,0.000342318,0.000241376
2.34273,0.839107,0.000705802,0.000519464,0.000477822,0.961314,0.000458741,0.000207672,0.000409042,0.000805515,3.94681e-05,1.77256e-05,3.52637e-05,0.635468,0.000419348,0.000341015,0.000244052
2.3446,0.839155,0.000703245,0.000514514,0.000479404,0.961323,0.000460192,0.00020521,0.000411904,0.000796003,3.92756e-05,1.75906e-05,3.51161e-05,0.635475,0.000419707,0.000339526,0.00024673
2.34647,0.839198,0.000700561,0.000509349,0.000480988,0.961332,0.000461681,0.000202771,0.000414769,0.000786211,3.90768e-05,1.74417e-05,3.49683e-05,0.635483,0.000419943,0.000337855,0.000249411
2.34834,0.839234,0.000697732,0.000503938,0.000482572,0.961341,0.000463209,0.000200356,0.000417636,0.000776159,3.88722e-05,1.72797e-05,3.48204e-05,0.63549,0.000420059,0.000336004,0.000252093
2.35022,0.839265,0.00069474,0.000498252,0.000484158,0.96135,0.000464774,0.000197966,0.000420505,0.000765862,3.86623e-05,1.71054e-05,3.46724e-05,0.635496,0.000420061,0.000333976,0.000254778
2.35209,0.839289,0.000691582,0.000492278,0.000485745,0.961359,0.000466377,0.000195602,0.000423377,0.000755339,3.84474e-05,1.69199e-05,3.45243e-05,0.635503,0.000419955,0.000331774,0.000257464
2.35397,0.839308,0.000688285,0.000486048,0.000487333,0.961368,0.000468018,0.000193265,0.00042625,0.000744606,3.82282e-05,1.67238e-05,3.4376e-05,0.635509,0.000419745,0.000329403,0.000260153
2.35585,0.83932,0.000684885,0.000479605,0.000488923,0.961377,0.000469695,0.000190955,0.000429126,0.000733683,3.80051e-05,1.65183e-05,3.42276e-05,0.635515,0.000419439,0.000326867,0.000262844
2.35773,0.839326,0.000681419,0.000473,0.000490514,0.961386,0.000471409,0.000188675,0.000432005,0.000722587,3.77785e-05,1.63042e-05,3.40791e-05,0.635521,0.000419042,0.00032417,0.000265537
2.35961,0.839325,0.00067793,0.000466284,0.000492106,0.961395,0.000473159,0.000186424,0.000434886,0.000711334,3.7549e-05,1.60825e-05,3.39305e-05,0.635527,0.00041856,0.000321316,0.000268232
2.36149,0.83932,0.000674457,0.000459514,0.000493699,0.961404,0.000474944,0.000184204,0.000437769,0.000699943,3.73171e-05,1.58542e-05,3.37818e-05,0.635532,0.000418001,0.000318311,0.00027093
2.36337,0.839308,0.000671039,0.000452745,0.000495294,0.961413,0.000476765,0.000182015,0.000440654,0.000688431,3.70833e-05,1.56202e-05,3.3633e-05,0.635537,0.000417371,0.00031516,0.00027363
2.36526,0.83929,0.000667715,0.000446032,0.00049689,0.961422,0.000478621,0.000179858,0.000443541,0.000676816,3.6848e-05,1.53816e-05,3.3484e-05,0.635542,0.000416678,0.000311867,0.000276331
2.36715,0.839267,0.000664519,0.000439428,0.000498487,0.961431,0.00048051,0.000177734,0.000446431,0.000665116,3.66117e-05,1.51394e-05,3.33349e-05,0.635547,0.000415927,0.00030844,0.000279035
2.36903,0.839239,0.00066027,0.000432981,0.000498482,0.96144,0.00047963,0.000175643,0.000446312,0.000653347,3.64545e-05,1.48945e-05,3.32728e-05,0.635552,0.000413175,0.000304882,0.000278856
2.37092,0.839205,0.000654813,0.000426735,0.000496666,0.961449,0.000475603,0.000173587,0.000442793,0.000641529,3.63876e-05,1.46481e-05,3.33091e-05,0.635556,0.00040814,0.000301201,0.000275421
2.37281,0.839165,0.000649529,0.000420727,0.00049485,0.961458,0.000471586,0.000171566,0.000439271,0.000629677,3.63222e-05,1.44011e-05,3.33453e-05,0.63556,0.000403017,0.000297402,0.000271983
2.37471,0.839121,0.000644433,0.000414986,0.000493031,0.961468,0.000467581,0.00016958,0.000435746,0.000617811,3.62585e-05,1.41546e-05,3.33816e-05,0.635564,0.000397809,0.000293491,0.000268542
2.3766,0.839072,0.000639537,0.000409534,0.000491212,0.961477,0.000463586,0.00016763,0.000432218,0.000605947,3.61971e-05,1.39096e-05,3.34179e-05,0.635568,0.000392521,0.000289475,0.000265099
2.3785,0.839018,0.000634845,0.000404382,0.000489391,0.961486,0.000459603,0.000165716,0.000428688,0.000594103,3.61382e-05,1.3667e-05,3.34542e-05,0.635572,0.000387159,0.00028536,0.000261652
2.38039,0.838959,0.000630356,0.000399532,0.000487568,0.961495,0.000455631,0.000163838,0.000425155,0.000582297,3.60822e-05,1.3428e-05,3.34905e-05,0.635576,0.000381727,0.000281152,0.000258203
2.38229,0.838895,0.000626062,0.000394976,0.000485744,0.961505,0.00045167,0.000161998,0.000421619,0.000570546,3.60295e-05,1.31934e-05,3.35269e-05,0.63558,0.000376231,0.000276859,0.000254751
2.38419,0.838828,0.000621949,0.000390696,0.000483919,0.961514,0.00044772,0.000160195,0.00041808,0.000558869,3.59801e-05,1.29643e-05,3.35633e-05,0.635583,0.000370675,0.000272488,0.000251297
2.3861,0.838756,0.000617999,0.000386665,0.000482092,0.961524,0.000443781,0.00015843,0.000414538,0.000547281,3.59345e-05,1.27414e-05,3.35998e-05,0.635587,0.000365065,0.000268045,0.00024784
2.388,0.83868,0.000614188,0.00038285,0.000480263,0.961533,0.000439854,0.000156701,0.000410994,0.000535802,3.58928e-05,1.25257e-05,3.36363e-05,0.63559,0.000359406,0.000263537,0.00024438
2.3899,0.8386,0.000610491,0.00037921,0.000478434,0.961543,0.000435937,0.000155011,0.000407447,0.000524449,3.58551e-05,1.23179e-05,3.36728e-05,0.635593,0.000353705,0.000258971,0.000240917
2.39181,0.838516,0.000606876,0.000375698,0.000476602,0.961552,0.000432031,0.000153358,0.000403896,0.000513239,3.58215e-05,1.21188e-05,3.37093e-05,0.635597,0.000347965,0.000254356,0.000237451
2.39372,0.838429,0.000603315,0.000372268,0.00047477,0.961562,0.000428136,0.000151742,0.000400343,0.00050219,3.57922e-05,1.1929e-05,3.37458e-05,0.6356,0.000342194,0.000249697,0.000233983
2.39563,0.838339,0.000599777,0.00036887,0.000472935,0.961571,0.000424252,0.000150164,0.000396788,0.00049132,3.57672e-05,1.17489e-05,3.37824e-05,0.635603,0.000336396,0.000245003,0.000230512
2.39754,0.838245,0.000596235,0.00036546,0.0004711,0.961581,0.000420378,0.000148622,0.000393229,0.000480646,3.57464e-05,1.15792e-05,3.3819e-05,0.635606,0.000330578,0.000240282,0.000227038
2.39945,0.838149,0.000592665,0.000362,0.000469263,0.961591,0.000416514,0.000147117,0.000389667,0.000470186,3.57299e-05,1.142e-05,3.38557e-05,0.635609,0.000324744,0.00023554,0.000223561
2.40137,0.83805,0.000589052,0.000358464,0.000467424,0.961601,0.000412661,0.000145649,0.000386103,0.000459957,3.57175e-05,1.12717e-05,3.38924e-05,0.635612,0.000318901,0.000230786,0.000220082
2.40328,0.837948,0.000585413,0.00035488,0.000465584,0.961611,0.000408818,0.000144216,0.000382536,0.000449977,3.57093e-05,1.11342e-05,3.39291e-05,0.635615,0.000313055,0.000226027,0.0002166
2.4052,0.837844,0.000581785,0.000351307,0.000463743,0.961621,0.000404984,0.000142818,0.000378966,0.000440264,3.57049e-05,1.10074e-05,3.39658e-05,0.635618,0.000307211,0.000221271,0.000213115
2.40712,0.837738,0.000578098,0.000347814,0.000461761,0.961631,0.000402239,0.000141455,0.000376546,0.000430835,3.5706e-05,1.08913e-05,3.40044e-05,0.635621,0.000302441,0.000216526,0.000211157
2.40904,0.837629,0.000574336,0.000344474,0.000459564,0.961641,0.000401169,0.000140125,0.000375901,0.000421708,3.57134e-05,1.07854e-05,3.40458e-05,0.635624,0.000299358,0.0002118,0.000211556
2.41096,0.837519,0.00057071,0.000341359,0.000457366,0.961651,0.000400113,0.000138829,0.000375256,0.000412901,3.5724e-05,1.06893e-05,3.40873e-05,0.635627,0.000296337,0.000207101,0.000211954
2.41288,0.837406,0.000567261,0.000338541,0.000455165,0.961661,0.000399069,0.000137564,0.00037461,0.00040443,3.57377e-05,1.06023e-05,3.41288e-05,0.63563,0.000293385,0.000202437,0.000212354
2.41481,0.837292,0.000564027,0.000336081,0.000452963,0.961672,0.000398038,0.000136331,0.000373963,0.000396314,3.57542e-05,1.05237e-05,3.41703e-05,0.635633,0.000290509,0.000197816,0.000212753
2.41673,0.837176,0.000561037,0.000334033,0.00045076,0.961682,0.000397019,0.000135127,0.000373316,0.000388571,3.57731e-05,1.04526e-05,3.42119e-05,0.635636,0.000287712,0.000193246,0.000213153
2.41866,0.837059,0.000558315,0.000332438,0.000448554,0.961693,0.000396012,0.000133953,0.000372669,0.000381217,3.57941e-05,1.0388e-05,3.42535e-05,0.635639,0.000285001,0.000188734,0.000213553
2.42059,0.83694,0.000555876,0.000331319,0.000446347,0.961703,0.000395015,0.000132807,0.00037202,0.000374271,3.58168e-05,1.03289e-05,3.42952e-05,0.635643,0.00028238,0.000184288,0.000213954
2.42252,0.836821,0.000553724,0.000330684,0.000444138,0.961714,0.000394029,0.000131687,0.000371372,0.00036775,3.5841e-05,1.02741e-05,3.43368e-05,0.635646,0.000279853,0.000179916,0.000214355
2.42445,0.8367,0.000551854,0.00033052,0.000441927,0.961725,0.000393052,0.000130593,0.000370723,0.000361672,3.58661e-05,1.02222e-05,3.43785e-05,0.635649,0.000277424,0.000175625,0.000214756
2.42639,0.836579,0.000550249,0.000330795,0.000439714,0.961736,0.000392085,0.000129524,0.000370073,0.000356054,3.58919e-05,1.01722e-05,3.44203e-05,0.635653,0.000275097,0.000171423,0.000215157
2.42832,0.836457,0.000548882,0.000331459,0.0004375,0.961746,0.000391127,0.000128478,0.000369423,0.000350914,3.59179e-05,1.01225e-05,3.4462e-05,0.635656,0.000272875,0.000167316,0.000215559
2.43026,0.836334,0.000547713,0.000332442,0.000435284,0.961757,0.000390177,0.000127455,0.000368772,0.000346269,3.59438e-05,1.00719e-05,3.45038e-05,0.63566,0.000270758,0.000163312,0.000215961
2.4322,0.836211,0.000546695,0.00033366,0.000433066,0.961768,0.000389235,0.000126454,0.000368121,0.000342138,3.59692e-05,1.0019e-05,3.45457e-05,0.635664,0.00026875,0.000159415,0.000216364
2.43414,0.836088,0.000545767,0.000335013,0.000430847,0.961779,0.000388301,0.000125474,0.00036747,0.000338538,3.59937e-05,9.9623e-06,3.45876e-05,0.635668,0.000266851,0.000155633,0.000216767
2.43608,0.835965,0.000544864,0.000336389,0.000428625,0.961791,0.000387374,0.000124514,0.000366817,0.000335486,3.60169e-05,9.90051e-06,3.46295e-05,0.635672,0.000265062,0.00015197,0.00021717
2.43802,0.835842,0.00054391,0.000337667,0.000426402,0.961802,0.000386454,0.000123573,0.000366165,0.000332999,3.60386e-05,9.83222e-06,3.46714e-05,0.635676,0.000263382,0.000148431,0.000217573
2.43997,0.83572,0.000542824,0.00033872,0.000424177,0.961813,0.000385541,0.000122649,0.000365512,0.000331097,3.60583e-05,9.75611e-06,3.47134e-05,0.63568,0.000261811,0.00014502,0.000217977
2.44192,0.835598,0.000541521,0.000339415,0.00042195,0.961825,0.000384633,0.000121744,0.000364858,0.000329779,3.60759e-05,9.67121e-06,3.47554e-05,0.635685,0.000260347,0.000141741,0.000218381
2.44386,0.835476,0.000539912,0.000339616,0.000419722,0.961836,0.000383732,0.000120854,0.000364203,0.000329032,3.60913e-05,9.57714e-06,3.47974e-05,0.635689,0.000258989,0.000138594,0.000218785
2.44581,0.835356,0.000539258,0.000339186,0.000419228,0.961847,0.000383056,0.000119981,0.000363781,0.000328835,3.60582e-05,9.47365e-06,3.47914e-05,0.635694,0.000257198,0.000135583,0.000218558
2.44776,0.835236,0.000541035,0.000337989,0.000422472,0.961859,0.000382862,0.000119123,0.000363859,0.00032917,3.59229e-05,9.3606e-06,3.46819e-05,0.635699,0.000254338,0.000132707,0.000216971
2.44972,0.835118,0.000542273,0.000335893,0.000425718,0.961871,0.000382674,0.000118279,0.000363937,0.000330021,3.57852e-05,9.23794e-06,3.45723e-05,0.635705,0.000251557,0.000129967,0.000215383
2.45167,0.835001,0.000542916,0.000332784,0.000428967,0.961882,0.000382493,0.000117448,0.000364015,0.000331368,3.56452e-05,9.10574e-06,3.44626e-05,0.63571,0.000248853,0.000127359,0.000213793
2.45363,0.834885,0.000542976,0.000328648,0.000432219,0.961894,0.000382317,0.000116631,0.000364093,0.000333193,3.55031e-05,8.96411e-06,3.43528e-05,0.635716,0.000246222,0.000124882,0.000212202
2.45558,0.834771,0.000542498,0.000323523,0.000435473,0.961906,0.000382146,0.000115826,0.000364171,0.000335479,3.53589e-05,8.81326e-06,3.42429e-05,0.635722,0.000243661,0.000122532,0.000210609
2.45754,0.834659,0.000541538,0.000317457,0.00043873,0.961918,0.000381981,0.000115033,0.000364249,0.000338206,3.52128e-05,8.65345e-06,3.4133e-05,0.635728,0.000241165,0.000120304,0.000209016
2.4595,0.83455,0.000540159,0.000310512,0.000441989,0.96193,0.000381821,0.000114251,0.000364327,0.000341357,3.5065e-05,8.48504e-06,3.40229e-05,0.635734,0.000238731,0.000118191,0.000207421
2.46146,0.834443,0.000538432,0.000302754,0.000445251,0.961942,0.000381666,0.00011348,0.000364405,0.000344915,3.49157e-05,8.3084e-06,3.39128e-05,0.635741,0.000236354,0.000116187,0.000205825
2.46343,0.834339,0.000536428,0.00029426,0.000448516,0.961954,0.000381515,0.00011272,0.000364483,0.000348859,3.47651e-05,8.12402e-06,3.38026e-05,0.635747,0.00023403,0.000114284,0.000204227
2.46539,0.834238,0.000534226,0.000285112,0.000451783,0.961966,0.000381369,0.000111969,0.000364562,0.000353173,3.46135e-05,7.93241e-06,3.36923e-05,0.635754,0.000231751,0.000112474,0.000202629
2.46736,0.83414,0.000531901,0.0002754,0.000455053,0.961978,0.000381227,0.000111228,0.00036464,0.000357839,3.4461e-05,7.73414e-06,3.35819e-05,0.635762,0.000229515,0.000110745,0.000201029
2.46933,0.834046,0.000529531,0.000265217,0.000458326,0.96199,0.000381089,0.000110496,0.000364719,0.000362837,3.43079e-05,7.52988e-06,3.34714e-05,0.635769,0.000227315,0.00010909,0.000199428
2.4713,0.833956,0.00052719,0.000254665,0.000461601,0.962003,0.000380955,0.000109773,0.000364797,0.000368151,3.41545e-05,7.32031e-06,3.33608e-05,0.635777,0.000225146,0.000107499,0.000197825
2.47327,0.83387,0.000524951,0.000243848,0.000464878,0.962015,0.000380825,0.000109058,0.000364876,0.000373761,3.4001e-05,7.10623e-06,3.32501e-05,0.635786,0.000223006,0.000105966,0.000196221
2.47524,0.833788,0.00052288,0.000232876,0.000468159,0.962027,0.000380699,0.000108351,0.000364954,0.00037965,3.38477e-05,6.88847e-06,3.31394e-05,0.635794,0.00022089,0.000104484,0.000194616
2.47722,0.833711,0.000521039,0.000221866,0.000471441,0.96204,0.000380576,0.000107652,0.000365033,0.000385799,3.36949e-05,6.66796e-06,3.30285e-05,0.635803,0.000218796,0.000103047,0.00019301
2.47919,0.833638,0.000519481,0.000210939,0.000474727,0.962052,0.000380457,0.00010696,0.000365112,0.000392191,3.35428e-05,6.4457e-06,3.29176e-05,0.635812,0.000216721,0.000101651,0.000191402
2.48117,0.833571,0.000518252,0.000200217,0.000478015,0.962065,0.000380341,0.000106277,0.000365191,0.000398807,3.33916e-05,6.22281e-06,3.28066e-05,0.635821,0.000214662,0.000100291,0.000189793
2.48315,0.833508,0.000517388,0.00018983,0.000481306,0.962077,0.000380228,0.0001056,0.00036527,0.000405629,3.32416e-05,6.00049e-06,3.26955e-05,0.63583,0.000212619,9.89644e-05,0.000188183
2.48513,0.833451,0.000516694,0.000179905,0.000484362,0.96209,0.000379601,0.000104931,0.00036481,0.000412639,3.30794e-05,5.78005e-06,3.25705e-05,0.63584,0.000210914,9.7668e-05,0.000186938
2.48711,0.8334,0.000515698,0.000170571,0.000486672,0.962103,0.000377345,0.000104268,0.000362653,0.000419818,3.28759e-05,5.56294e-06,3.24019e-05,0.635849,0.000210248,9.64003e-05,0.000186845
2.4891,0.833354,0.000515105,0.000161948,0.000488984,0.962115,0.00037509,0.000103613,0.000360495,0.000427149,3.26742e-05,5.35074e-06,3.22331e-05,0.635859,0.000209599,9.51602e-05,0.000186752
2.49108,0.833315,0.000514912,0.000154144,0.000491298,0.962128,0.000372835,0.000102964,0.000358335,0.000434614,3.24744e-05,5.14517e-06,3.20642e-05,0.635869,0.000208969,9.39474e-05,0.00018666
2.49307,0.833281,0.000515109,0.000147249,0.000493614,0.962141,0.00037058,0.000102323,0.000356173,0.000442194,3.22767e-05,4.94809e-06,3.18951e-05,0.63588,0.000208355,9.27621e-05,0.000186567
2.49506,0.833255,0.000515674,0.000141322,0.000495932,0.962154,0.000368325,0.000101688,0.00035401,0.000449871,3.20813e-05,4.7615e-06,3.17259e-05,0.63589,0.000207759,9.16055e-05,0.000186474
2.49705,0.833235,0.000516581,0.000136386,0.000498251,0.962167,0.00036607,0.00010106,0.000351844,0.000457627,3.18883e-05,4.58751e-06,3.15566e-05,0.635901,0.000207182,9.04792e-05,0.000186381
2.49904,0.833221,0.000517792,0.000132422,0.000500573,0.96218,0.000363816,0.000100439,0.000349677,0.000465444,3.1698e-05,4.42833e-06,3.13872e-05,0.635911,0.000206622,8.93854e-05,0.000186287
2.50103,0.833215,0.000519268,0.000129366,0.000502896,0.962193,0.000361562,9.98253e-05,0.000347509,0.000473303,3.15105e-05,4.28619e-06,3.12176e-05,0.635922,0.000206082,8.8327e-05,0.000186194
2.50303,0.833216,0.000520967,0.000127116,0.000505221,0.962206,0.000359309,9.92186e-05,0.000345338,0.000481187,3.13258e-05,4.16325e-06,3.10479e-05,0.635933,0.000205563,8.73074e-05,0.000186101
2.50503,0.833223,0.000522849,0.000125562,0.000507548,0.962219,0.000357056,9.86192e-05,0.000343166,0.000489078,3.1144e-05,4.06151e-06,3.0878e-05,0.635944,0.000205065,8.63303e-05,0.000186008
2.50702,0.833238,0.000524879,0.000124596,0.000509877,0.962232,0.000354803,9.80272e-05,0.000340992,0.000496956,3.09652e-05,3.98267e-06,3.0708e-05,0.635955,0.00020459,8.54e-05,0.000185914
2.50902,0.833259,0.000527031,0.000124118,0.000512207,0.962245,0.00035255,9.74428e-05,0.000338817,0.000504805,3.07895e-05,3.92799e-06,3.05379e-05,0.635967,0.00020414,8.45212e-05,0.000185821
2.51103,0.833286,0.00052928,0.000124039,0.00051454,0.962259,0.000350298,9.68662e-05,0.000336639,0.000512605,3.06168e-05,3.89819e-06,3.03676e-05,0.635978,0.000203716,8.36989e-05,0.000185727
2.51303,0.83332,0.000531606,0.000124281,0.000516874,0.962272,0.000348047,9.62976e-05,0.00033446,0.00052034,3.04472e-05,3.89336e-06,3.01972e-05,0.635989,0.000203319,8.29381e-05,0.000185633
2.51503,0.83336,0.000533994,0.000124779,0.00051921,0.962285,0.000345796,9.57372e-05,0.000332279,0.000527989,3.02806e-05,3.9129e-06,3.00267e-05,0.636001,0.000202951,8.22443e-05,0.00018554
2.51704,0.833405,0.000536431,0.000125482,0.000521549,0.962298,0.000343546,9.51853e-05,0.000330097,0.000535537,3.01169e-05,3.95561e-06,2.9856e-05,0.636012,0.000202614,8.16228e-05,0.000185446
2.51905,0.833457,0.000538909,0.000126349,0.000523888,0.962312,0.000341297,9.46422e-05,0.000327912,0.000542963,2.99561e-05,4.01976e-06,2.96852e-05,0.636024,0.00020231,8.10789e-05,0.000185352
2.52106,0.833514,0.000541421,0.00012735,0.00052623,0.962325,0.000339048,9.4108e-05,0.000325726,0.000550251,2.97981e-05,4.1032e-06,2.95143e-05,0.636036,0.000202039,8.06179e-05,0.000185258
2.52307,0.833576,0.000543961,0.000128466,0.000528574,0.962339,0.000336801,9.35833e-05,0.000323538,0.000557382,2.96428e-05,4.2035e-06,2.93432e-05,0.636047,0.000201804,8.02447e-05,0.000185164
2.52508,0.833644,0.000545,0.000129684,0.000529346,0.962352,0.000334987,9.30681e-05,0.000321799,0.000564338,2.94899e-05,4.31812e-06,2.9172e-05,0.636059,0.000201527,7.9964e-05,0.000184984
2.52709,0.833716,0.000538313,0.000130999,0.00052213,0.962366,0.000335372,9.2563e-05,0.000322346,0.0005711,2.93394e-05,4.44448e-06,2.90008e-05,0.63607,0.000200886,7.978e-05,0.000184364
2.52911,0.833793,0.000531661,0.00013241,0.000514909,0.962379,0.000335762,9.20682e-05,0.000322892,0.000577651,2.91909e-05,4.58007e-06,2.88294e-05,0.636082,0.000200284,7.96964e-05,0.000183745
2.53113,0.833875,0.000525048,0.00013392,0.000507682,0.962393,0.000336156,9.1584e-05,0.000323439,0.000583972,2.90444e-05,4.72251e-06,2.86579e-05,0.636094,0.000199723,7.97161e-05,0.000183125
2.53315,0.833962,0.000518478,0.000135534,0.00050045,0.962406,0.000336554,9.11109e-05,0.000323987,0.000590045,2.88995e-05,4.86955e-06,2.84863e-05,0.636105,0.000199205,7.98414e-05,0.000182504
2.53517,0.834052,0.000511955,0.000137261,0.000493211,0.96242,0.000336957,9.06492e-05,0.000324535,0.000595853,2.87559e-05,5.01911e-06,2.83145e-05,0.636117,0.000198729,8.0074e-05,0.000181883
2.53719,0.834146,0.000505485,0.000139107,0.000485967,0.962434,0.000337365,9.01993e-05,0.000325083,0.000601376,2.86134e-05,5.16931e-06,2.81426e-05,0.636129,0.000198298,8.04146e-05,0.000181262
2.53921,0.834244,0.000499073,0.000141082,0.000478717,0.962447,0.000337777,8.97616e-05,0.000325632,0.000606597,2.84716e-05,5.31839e-06,2.79705e-05,0.63614,0.000197913,8.08631e-05,0.00018064
2.54124,0.834345,0.000492726,0.00014319,0.000471461,0.962461,0.000338194,8.93364e-05,0.000326182,0.000611498,2.83304e-05,5.46478e-06,2.77983e-05,0.636152,0.000197573,8.14185e-05,0.000180017
2.54327,0.83445,0.00048645,0.000145438,0.000464199,0.962475,0.000338616,8.89241e-05,0.000326731,0.00061606,2.81893e-05,5.60701e-06,2.7626e-05,0.636163,0.000197279,8.20791e-05,0.000179394
2.5453,0.834557,0.00048025,0.000147829,0.000456932,0.962488,0.000339043,8.85253e-05,0.000327282,0.000620266,2.80479e-05,5.74377e-06,2.74535e-05,0.636174,0.000197032,8.28423e-05,0.00017877
2.54733,0.834668,0.000474133,0.000150362,0.000449659,0.962502,0.000339474,8.81401e-05,0.000327832,0.000624097,2.79061e-05,5.87384e-06,2.72809e-05,0.636186,0.000196831,8.37049e-05,0.000178146
2.54936,0.83478,0.000468103,0.000153036,0.00044238,0.962516,0.00033991,8.77691e-05,0.000328383,0.000627534,2.77634e-05,5.99612e-06,2.71082e-05,0.636197,0.000196677,8.46628e-05,0.000177522
2.55139,0.834895,0.000462164,0.000155847,0.000435095,0.96253,0.000340351,8.74126e-05,0.000328935,0.000630561,2.76195e-05,6.10959e-06,2.69353e-05,0.636208,0.000196568,8.57113e-05,0.000176897
2.55343,0.835012,0.000456322,0.000158785,0.000427805,0.962544,0.000340797,8.7071e-05,0.000329487,0.000633158,2.74741e-05,6.21331e-06,2.67623e-05,0.636219,0.000196504,8.68454e-05,0.000176271
2.55546,0.83513,0.000450577,0.000161841,0.000420508,0.962558,0.000341248,8.67446e-05,0.000330039,0.000635308,2.73268e-05,6.30643e-06,2.65891e-05,0.636229,0.000196483,8.80594e-05,0.000175645
2.5575,0.83525,0.000444932,0.000165001,0.000413206,0.962572,0.000341704,8.64339e-05,0.000330592,0.000636993,2.71773e-05,6.38819e-06,2.64158e-05,0.63624,0.000196506,8.93473e-05,0.000175019
2.55954,0.835371,0.000439388,0.000168251,0.000405898,0.962585,0.000342165,8.61392e-05,0.000331145,0.000638212,2.70254e-05,6.45836e-06,2.62424e-05,0.636251,0.000196569,9.07027e-05,0.000174391
2.56158,0.835492,0.000433943,0.000171572,0.000398584,0.962599,0.000342632,8.58608e-05,0.000331699,0.000638977,2.68711e-05,6.51718e-06,2.60688e-05,0.636261,0.000196672,9.21191e-05,0.000173764
2.56363,0.835615,0.000428595,0.000174945,0.000391264,0.962613,0.000343103,8.55991e-05,0.000332253,0.000639303,2.67144e-05,6.56498e-06,2.58951e-05,0.636271,0.000196812,9.35896e-05,0.000173136
2.56567,0.835737,0.000423913,0.000178349,0.00038457,0.962627,0.000343512,8.53544e-05,0.000332739,0.000639204,2.65661e-05,6.60212e-06,2.57327e-05,0.636281,0.000196997,9.51075e-05,0.000172518
2.56772,0.83586,0.000425188,0.00018176,0.00038438,0.962641,0.000343239,8.5127e-05,0.000332515,0.000638691,2.65291e-05,6.62904e-06,2.56875e-05,0.636291,0.000197306,9.66656e-05,0.000172004
2.56977,0.835982,0.00042648,0.000185156,0.00038419,0.962655,0.000342969,8.49172e-05,0.000332291,0.00063778,2.64896e-05,6.64619e-06,2.56423e-05,0.636301,0.000197644,9.82571e-05,0.00017149
2.57182,0.836103,0.000427777,0.000188511,0.000384,0.962669,0.000342705,8.47252e-05,0.000332066,0.000636484,2.64477e-05,6.65406e-06,2.5597e-05,0.63631,0.000198009,9.9875e-05,0.000170976
2.57387,0.836223,0.000429066,0.0001918,0.00038381,0.962683,0.000342444,8.45512e-05,0.000331842,0.000634817,2.64037e-05,6.65317e-06,2.55517e-05,0.63632,0.000198398,0.000101512,0.000170461
2.57592,0.836343,0.000430335,0.000194997,0.00038362,0.962697,0.000342188,8.43956e-05,0.000331617,0.000632791,2.63575e-05,6.64407e-06,2.55064e-05,0.636329,0.000198806,0.000103162,0.000169946
2.57798,0.83646,0.00043157,0.000198076,0.00038343,0.962711,0.000341936,8.42585e-05,0.000331392,0.000630421,2.63094e-05,6.62734e-06,2.5461e-05,0.636338,0.000199232,0.000104818,0.00016943
2.58003,0.836576,0.000432756,0.000201011,0.00038324,0.962726,0.000341688,8.414e-05,0.000331167,0.000627721,2.62595e-05,6.60356e-06,2.54156e-05,0.636346,0.000199671,0.000106473,0.000168914
2.58209,0.836689,0.000433879,0.000203776,0.000383049,0.96274,0.000341446,8.40403e-05,0.000330942,0.000624703,2.62079e-05,6.57336e-06,2.53702e-05,0.636354,0.00020012,0.000108121,0.000168398
2.58415,0.8368,0.000434924,0.000206346,0.000382858,0.962754,0.000341207,8.39595e-05,0.000330716,0.000621382,2.61549e-05,6.53737e-06,2.53247e-05,0.636363,0.000200574,0.000109754,0.000167881
2.58621,0.836908,0.000435875,0.000208694,0.000382667,0.962768,0.000340973,8.38977e-05,0.00033049,0.000617771,2.61006e-05,6.49624e-06,2.52792e-05,0.63637,0.000201031,0.000111368,0.000167364
2.58828,0.837013,0.000436719,0.000210797,0.000382476,0.962782,0.000340744,8.3855e-05,0.000330264,0.000613884,2.60451e-05,6.45062e-06,2.52337e-05,0.636378,0.000201486,0.000112956,0.000166846
2.59034,0.837114,0.00043744,0.00021263,0.000382285,0.962796,0.000340519,8.38314e-05,0.000330038,0.000609734,2.59887e-05,6.4012e-06,2.51881e-05,0.636385,0.000201935,0.000114511,0.000166328
2.59241,0.837211,0.000438024,0.000214172,0.000382094,0.96281,0.000340298,8.38268e-05,0.000329812,0.000605335,2.59316e-05,6.34866e-06,2.51425e-05,0.636392,0.000202374,0.000116029,0.000165809
2.59447,0.837304,0.000438459,0.0002154,0.000381902,0.962824,0.000340083,8.38413e-05,0.000329586,0.000600701,2.58739e-05,6.29369e-06,2.50968e-05,0.636399,0.0002028,0.000117502,0.000165291
2.59654,0.837393,0.000438732,0.000216294,0.00038171,0.962838,0.000339871,8.38747e-05,0.000329359,0.000595845,2.58159e-05,6.23699e-06,2.50511e-05,0.636405,0.000203207,0.000118926,0.000164771
2.59862,0.837476,0.000438833,0.000216837,0.000381519,0.962853,0.000339664,8.3927e-05,0.000329132,0.000590781,2.57576e-05,6.17926e-06,2.50054e-05,0.636411,0.000203592,0.000120296,0.000164252
2.60069,0.837555,0.000438753,0.000217013,0.000381327,0.962867,0.000339462,8.39981e-05,0.000328906,0.000585522,2.56993e-05,6.12118e-06,2.49596e-05,0.636417,0.000203951,0.000121605,0.000163731
2.60276,0.837627,0.000438491,0.000216821,0.000381134,0.962881,0.000339264,8.40877e-05,0.000328678,0.000580082,2.56411e-05,6.06345e-06,2.49138e-05,0.636423,0.000204279,0.00012285,0.000163211
2.60484,0.837695,0.000438059,0.000216285,0.000380942,0.962895,0.000339071,8.41958e-05,0.000328451,0.000574475,2.55831e-05,6.00673e-06,2.4868e-05,0.636428,0.000204572,0.000124024,0.00016269
2.60692,0.837757,0.000437457,0.000215431,0.000380734,0.962909,0.000338854,8.43219e-05,0.000328195,0.000568713,2.55242e-05,5.95168e-06,2.48206e-05,0.636432,0.000204818,0.000125123,0.000162157
2.609,0.837814,0.00043558,0.000214288,0.000379224,0.962923,0.000336377,8.4466e-05,0.000325599,0.000562812,2.53459e-05,5.89892e-06,2.46499e-05,0.636437,0.000204248,0.000126142,0.000160641
2.61108,0.837866,0.000433576,0.000212887,0.000377713,0.962938,0.000333904,8.46278e-05,0.000323002,0.000556784,2.51681e-05,5.84903e-06,2.4479e-05,0.636441,0.000203639,0.000127076,0.000159124
2.61316,0.837913,0.00043146,0.000211261,0.000376201,0.962952,0.000331435,8.48068e-05,0.000320402,0.000550643,2.4991e-05,5.80258e-06,2.43081e-05,0.636444,0.000202987,0.000127923,0.000157605
2.61525,0.837955,0.000429251,0.000209441,0.000374687,0.962966,0.000328971,8.50028e-05,0.0003178,0.000544403,2.48147e-05,5.76007e-06,2.41369e-05,0.636447,0.000202287,0.000128676,0.000156086
2.61733,0.837993,0.000426965,0.000207464,0.000373173,0.96298,0.000326512,8.52153e-05,0.000315196,0.000538077,2.46393e-05,5.72193e-06,2.39657e-05,0.63645,0.000201536,0.000129331,0.000154565
2.61942,0.838026,0.000424621,0.000205364,0.000371657,0.962994,0.000324057,8.54441e-05,0.00031259,0.000531679,2.44648e-05,5.68856e-06,2.37943e-05,0.636452,0.00020073,0.000129886,0.000153043
2.62151,0.838054,0.000422238,0.000203178,0.00037014,0.963008,0.000321607,8.56886e-05,0.000309982,0.000525223,2.42914e-05,5.66026e-06,2.36227e-05,0.636454,0.000199864,0.000130336,0.00015152
2.6236,0.838077,0.000419833,0.000200943,0.000368621,0.963022,0.000319162,8.59484e-05,0.000307371,0.000518721,2.41191e-05,5.63727e-06,2.34511e-05,0.636456,0.000198936,0.000130678,0.000149995
2.62569,0.838097,0.000417425,0.000198696,0.000367102,0.963037,0.000316721,8.62231e-05,0.000304759,0.000512188,2.3948e-05,5.61974e-06,2.32793e-05,0.636457,0.000197942,0.000130912,0.00014847
2.62779,0.838112,0.000415032,0.000196474,0.000365581,0.963051,0.000314286,8.65121e-05,0.000302145,0.000505638,2.3778e-05,5.60776e-06,2.31073e-05,0.636458,0.000196885,0.00013104,0.000146943
2.62988,0.838122,0.000412671,0.000194314,0.000364059,0.963065,0.000311856,8.6815e-05,0.000299528,0.000499083,2.36093e-05,5.6013e-06,2.29352e-05,0.636458,0.000195765,0.000131066,0.000145415
2.63198,0.838129,0.000410357,0.000192251,0.000362536,0.963079,0.00030943,8.71311e-05,0.00029691,0.000492538,2.34418e-05,5.60026e-06,2.2763e-05,0.636457,0.000194582,0.000130993,0.000143886
2.63408,0.838131,0.000408106,0.000190318,0.000361012,0.963093,0.00030701,8.746e-05,0.000294289,0.000486016,2.32755e-05,5.60447e-06,2.25907e-05,0.636456,0.000193338,0.000130823,0.000142355
2.63618,0.83813,0.000405933,0.000188549,0.000359486,0.963107,0.000304595,8.7801e-05,0.000291666,0.000479531,2.31103e-05,5.61366e-06,2.24182e-05,0.636455,0.000192036,0.000130562,0.000140823
2.63829,0.838125,0.000403849,0.000186972,0.00035796,0.963121,0.000302185,8.81536e-05,0.000289041,0.000473096,2.29463e-05,5.62748e-06,2.22455e-05,0.636453,0.000190675,0.000130212,0.00013929
2.64039,0.838116,0.000401866,0.000185614,0.000356432,0.963135,0.000299781,8.85171e-05,0.000286414,0.000466725,2.27833e-05,5.64553e-06,2.20728e-05,0.636451,0.000189259,0.000129778,0.000137756
2.6425,0.838103,0.000399993,0.000184496,0.000354902,0.963149,0.000297381,8.8891e-05,0.000283785,0.000460432,2.26213e-05,5.66734e-06,2.18998e-05,0.636448,0.00018779,0.000129262,0.000136221
2.6446,0.838086,0.000398238,0.000183636,0.000353372,0.963163,0.000294987,8.92746e-05,0.000281154,0.00045423,2.24601e-05,5.69239e-06,2.17268e-05,0.636444,0.000186269,0.000128671,0.000134684
2.64671,0.838067,0.000396607,0.000183046,0.00035184,0.963177,0.000292599,8.96673e-05,0.000278521,0.000448132,2.22997e-05,5.7201e-06,2.15536e-05,0.63644,0.000184699,0.000128007,0.000133146
2.64882,0.838043,0.000395104,0.000182734,0.000350307,0.963191,0.000290216,9.00684e-05,0.000275886,0.000442153,2.214e-05,5.74986e-06,2.13803e-05,0.636435,0.000183084,0.000127276,0.000131607
2.65094,0.838017,0.00039445,0.000182702,0.000349586,0.963205,0.000289091,9.04773e-05,0.000274568,0.000436306,2.20993e-05,5.78104e-06,2.13298e-05,0.63643,0.000183126,0.000126481,0.00013243
2.65305,0.837987,0.000393972,0.000182945,0.00034892,0.963219,0.000288056,9.08933e-05,0.000273339,0.000430604,2.20671e-05,5.81297e-06,2.12877e-05,0.636424,0.000183254,0.000125628,0.000133415
2.65517,0.837954,0.00039362,0.000183455,0.000348254,0.963233,0.000287024,9.13156e-05,0.00027211,0.000425062,2.20349e-05,5.84498e-06,2.12455e-05,0.636417,0.000183355,0.000124722,0.000134401
2.65729,0.837918,0.000393386,0.000184217,0.000347587,0.963247,0.000285995,9.17437e-05,0.00027088,0.000419693,2.20026e-05,5.8764e-06,2.12033e-05,0.63641,0.000183434,0.000123767,0.000135387
2.65941,0.837879,0.000393263,0.000185211,0.000346919,0.963261,0.000284969,9.21769e-05,0.000269649,0.00041451,2.19699e-05,5.90653e-06,2.11611e-05,0.636402,0.000183494,0.000122768,0.000136375
2.66153,0.837838,0.000393243,0.000186414,0.000346251,0.963275,0.000283945,9.26144e-05,0.000268417,0.000409527,2.19369e-05,5.9347e-06,2.11188e-05,0.636393,0.000183541,0.000121731,0.000137363
2.66365,0.837794,0.000393313,0.000187798,0.000345582,0.963289,0.000282925,9.30555e-05,0.000267183,0.000404757,2.19031e-05,5.96025e-06,2.10765e-05,0.636384,0.000183577,0.000120662,0.000138352
2.66578,0.837747,0.000393461,0.000189333,0.000344913,0.963303,0.000281906,9.34997e-05,0.000265949,0.000400215,2.18684e-05,5.98252e-06,2.10342e-05,0.636374,0.000183608,0.000119564,0.000139342
2.6679,0.837697,0.000393673,0.000190985,0.000344243,0.963317,0.00028089,9.39461e-05,0.000264714,0.000395914,2.18327e-05,6.0009e-06,2.09919e-05,0.636363,0.000183637,0.000118445,0.000140333
2.67003,0.837645,0.000393933,0.00019272,0.000343573,0.963331,0.000279877,9.4394e-05,0.000263478,0.000391867,2.17958e-05,6.01476e-06,2.09495e-05,0.636351,0.000183669,0.00011731,0.000141324
2.67216,0.837591,0.000394224,0.000194501,0.000342902,0.963344,0.000278865,9.48429e-05,0.000262241,0.000388088,2.17575e-05,6.02355e-06,2.0907e-05,0.636339,0.000183707,0.000116164,0.000142316
2.67429,0.837535,0.000394527,0.000196291,0.000342231,0.963358,0.000277854,9.52919e-05,0.000261003,0.000384591,2.17176e-05,6.02671e-06,2.08646e-05,0.636326,0.000183755,0.000115014,0.000143309
2.67643,0.837477,0.000394826,0.000198053,0.000341559,0.963372,0.000276846,9.57404e-05,0.000259764,0.000381389,2.16759e-05,6.02376e-06,2.08221e-05,0.636312,0.000183817,0.000113865,0.000144303
2.67856,0.837416,0.000395099,0.00019975,0.000340886,0.963386,0.000275838,9.61876e-05,0.000258524,0.000378496,2.16324e-05,6.01422e-06,2.07796e-05,0.636297,0.000183897,0.000112723,0.000145298
2.6807,0.837354,0.000395329,0.000201346,0.000340213,0.963399,0.000274831,9.6633e-05,0.000257283,0.000375925,2.15869e-05,5.99774e-06,2.0737e-05,0.636282,0.000183997,0.000111594,0.000146293
2.68284,0.83729,0.000395496,0.000202804,0.00033954,0.963413,0.000273826,9.70757e-05,0.000256041,0.000373674,2.15395e-05,5.97436e-06,2.06944e-05,0.636265,0.000184122,0.000110485,0.000147289
2.68498,0.837225,0.00039558,0.000204092,0.000338866,0.963427,0.000272821,9.75152e-05,0.000254798,0.000371737,2.14903e-05,5.94442e-06,2.06518e-05,0.636248,0.000184275,0.000109401,0.000148286
2.68712,0.837158,0.000395563,0.000205174,0.000338191,0.96344,0.000271816,9.79507e-05,0.000253554,0.000370106,2.14393e-05,5.90834e-06,2.06091e-05,0.63623,0.000184459,0.000108348,0.000149284
2.68926,0.83709,0.000395426,0.000206021,0.000337516,0.963454,0.000270811,9.83815e-05,0.000252309,0.000368771,2.13868e-05,5.86659e-06,2.05664e-05,0.636211,0.000184675,0.000107332,0.000150283
2.69141,0.837021,0.000395153,0.000206603,0.000336841,0.963467,0.000269806,9.8807e-05,0.000251063,0.000367726,2.13329e-05,5.81968e-06,2.05237e-05,0.636191,0.000184928,0.000106358,0.000151282
2.69355,0.836951,0.000395009,0.000206891,0.000336495,0.963481,0.000269697,9.92264e-05,0.00025078,0.000366962,2.14287e-05,5.7682e-06,2.06377e-05,0.636171,0.000184668,0.000105434,0.000151611
2.6957,0.83688,0.000394745,0.000206861,0.000336202,0.963495,0.000269733,9.96392e-05,0.000250655,0.00036647,2.15486e-05,5.71275e-06,2.07775e-05,0.636149,0.000184353,0.000104562,0.000151831
2.69785,0.836808,0.000394302,0.000206492,0.00033591,0.963508,0.000269766,0.000100045,0.000250529,0.000366244,2.16681e-05,5.65401e-06,2.09175e-05,0.636126,0.000184074,0.00010375,0.00015205
2.7,0.836735,0.000393672,0.000205763,0.000335617,0.963521,0.000269797,0.000100442,0.000250404,0.000366275,2.17875e-05,5.59269e-06,2.10575e-05,0.636103,0.000183836,0.000103002,0.00015227
2.70216,0.836662,0.00039285,0.000204666,0.000335325,0.963535,0.000269826,0.000100831,0.000250278,0.000366555,2.1907e-05,5.52955e-06,2.11976e-05,0.636078,0.000183638,0.000102321,0.00015249
2.70431,0.836589,0.000391848,0.000203221,0.000335031,0.963548,0.000269851,0.000101211,0.000250152,0.000367075,2.20267e-05,5.46539e-06,2.13379e-05,0.636053,0.000183483,0.000101713,0.000152711
2.70647,0.836514,0.000390685,0.000201458,0.000334738,0.963561,0.000269874,0.00010158,0.000250027,0.000367829,2.21469e-05,5.40104e-06,2.14782e-05,0.636026,0.000183373,0.000101181,0.000152931
2.70863,0.836438,0.000389381,0.000199411,0.000334444,0.963575,0.000269893,0.000101939,0.000249901,0.000368807,2.22678e-05,5.33737e-06,2.16187e-05,0.635999,0.000183307,0.000100728,0.000153152
2.71079,0.836361,0.000387958,0.000197116,0.000334151,0.963588,0.000269908,0.000102287,0.000249775,0.000370001,2.23896e-05,5.27526e-06,2.17593e-05,0.63597,0.000183288,0.000100357,0.000153372
2.71295,0.836282,0.000386438,0.000194612,0.000333857,0.963601,0.000269918,0.000102623,0.000249649,0.000371405,2.25125e-05,5.21563e-06,2.19e-05,0.635941,0.000183316,0.000100069,0.000153593
2.71512,0.8362,0.000384845,0.000191942,0.000333562,0.963614,0.000269925,0.000102947,0.000249523,0.000373009,2.26366e-05,5.1594e-06,2.20408e-05,0.63591,0.000183391,9.98666e-05,0.000153814
2.71728,0.836117,0.000383204,0.000189151,0.000333268,0.963627,0.000269927,0.000103257,0.000249396,0.000374805,2.27621e-05,5.10749e-06,2.21817e-05,0.635879,0.000183513,9.97501e-05,0.000154036
2.71945,0.836031,0.000381541,0.000186285,0.000332973,0.963641,0.000269924,0.000103554,0.00024927,0.000376786,2.28892e-05,5.06082e-06,2.23227e-05,0.635846,0.000183683,9.97198e-05,0.000154257
2.72162,0.835943,0.000379879,0.000183395,0.000332678,0.963654,0.000269916,0.000103836,0.000249144,0.000378943,2.3018e-05,5.02026e-06,2.24639e-05,0.635812,0.000183899,9.97752e-05,0.000154479
2.72379,0.835851,0.000378245,0.000180531,0.000332383,0.963667,0.000269902,0.000104104,0.000249017,0.000381269,2.31486e-05,4.98665e-06,2.26051e-05,0.635777,0.000184161,9.99152e-05,0.000154701
2.72596,0.835757,0.000376663,0.000177745,0.000332087,0.96368,0.000269883,0.000104356,0.00024889,0.000383754,2.32812e-05,4.96076e-06,2.27465e-05,0.635741,0.000184469,0.000100138,0.000154923
2.72814,0.835659,0.000375157,0.000175091,0.000331792,0.963693,0.000269857,0.000104593,0.000248763,0.000386393,2.34157e-05,4.94328e-06,2.2888e-05,0.635704,0.00018482,0.000100441,0.000155145
2.73031,0.835557,0.000373748,0.000172622,0.000331496,0.963705,0.000269825,0.000104812,0.000248637,0.000389175,2.35524e-05,4.93482e-06,2.30296e-05,0.635666,0.000185214,0.000100822,0.000155367
2.73249,0.835452,0.000372459,0.000170389,0.0003312,0.963718,0.000269787,0.000105015,0.00024851,0.000392093,2.36912e-05,4.93585e-06,2.31713e-05,0.635626,0.000185648,0.000101277,0.00015559
2.73467,0.835342,0.000371308,0.000168443,0.000330903,0.963731,0.000269742,0.0001052,0.000248383,0.00039514,2.38322e-05,4.94674e-06,2.33131e-05,0.635586,0.000186122,0.000101803,0.000155813
2.73685,0.835228,0.000369807,0.000166827,0.000330039,0.963744,0.000267672,0.000105368,0.000246061,0.000398306,2.36117e-05,4.96771e-06,2.30832e-05,0.635544,0.00018509,0.000102394,0.000154187
2.73904,0.83511,0.000368335,0.000165584,0.000329017,0.963756,0.000265039,0.000105519,0.000243129,0.000401585,2.32929e-05,4.99884e-06,2.27502e-05,0.635501,0.000183677,0.000103047,0.000152048
2.74122,0.834987,0.000367045,0.000164747,0.000327994,0.963769,0.000262404,0.000105652,0.000240194,0.000404967,2.29765e-05,5.04007e-06,2.24169e-05,0.635457,0.000182311,0.000103756,0.000149907
2.74341,0.83486,0.000365949,0.000164343,0.000326971,0.963782,0.000259765,0.000105767,0.000237258,0.000408446,2.26626e-05,5.09121e-06,2.20833e-05,0.635411,0.000180991,0.000104516,0.000147764
2.7456,0.834727,0.000365055,0.00016439,0.000325946,0.963794,0.000257124,0.000105866,0.000234319,0.000412012,2.23513e-05,5.15195e-06,2.17494e-05,0.635365,0.000179715,0.000105321,0.00014562
2.74779,0.834589,0.000364368,0.000164894,0.000324921,0.963807,0.00025448,0.000105946,0.000231378,0.000415657,2.20427e-05,5.22183e-06,2.14153e-05,0.635317,0.000178482,0.000106165,0.000143474
2.74998,0.834445,0.00036389,0.000165854,0.000323895,0.963819,0.000251834,0.00010601,0.000228434,0.000419375,2.1737e-05,5.30033e-06,2.10809e-05,0.635267,0.000177289,0.000107044,0.000141326
2.75217,0.834296,0.00036362,0.000167259,0.000322868,0.963832,0.000249184,0.000106056,0.000225488,0.000423156,2.14342e-05,5.3868e-06,2.07462e-05,0.635217,0.000176134,0.000107949,0.000139177
2.75437,0.834141,0.000363555,0.000169088,0.000321841,0.963844,0.000246532,0.000106084,0.00022254,0.000426993,2.11343e-05,5.48057e-06,2.04113e-05,0.635165,0.000175015,0.000108877,0.000137025
2.75656,0.83398,0.000363687,0.000171312,0.000320812,0.963856,0.000243876,0.000106096,0.000219589,0.000430877,2.08374e-05,5.58087e-06,2.00761e-05,0.635112,0.000173928,0.00010982,0.000134873
2.75876,0.833813,0.000364006,0.000173894,0.000319783,0.963869,0.000241218,0.00010609,0.000216636,0.000434801,2.05435e-05,5.68693e-06,1.97407e-05,0.635057,0.000172871,0.000110772,0.000132718
2.76096,0.83364,0.000364499,0.000176794,0.000318753,0.963881,0.000238557,0.000106067,0.000213681,0.000438756,2.02526e-05,5.79791e-06,1.9405e-05,0.635001,0.000171841,0.000111728,0.000130562
2.76317,0.83346,0.00036515,0.000179965,0.000317722,0.963893,0.000235894,0.000106027,0.000210723,0.000442734,1.99647e-05,5.91301e-06,1.9069e-05,0.634944,0.000170835,0.000112681,0.000128404
2.76537,0.833274,0.000365942,0.00018336,0.00031669,0.963905,0.000233228,0.000105971,0.000207763,0.000446728,1.96797e-05,6.03138e-06,1.87327e-05,0.634885,0.000169848,0.000113626,0.000126244
2.76758,0.83308,0.000366853,0.000186927,0.000315657,0.963918,0.000230559,0.000105897,0.0002048,0.000450729,1.93976e-05,6.15219e-06,1.83962e-05,0.634825,0.000168878,0.000114557,0.000124082
2.76978,0.83288,0.000367862,0.000190616,0.000314624,0.96393,0.000227887,0.000105807,0.000201835,0.00045473,1.91184e-05,6.27464e-06,1.80594e-05,0.634764,0.00016792,0.000115467,0.000121919
2.77199,0.832673,0.000368945,0.000194375,0.00031359,0.963942,0.000225213,0.0001057,0.000198868,0.000458721,1.88418e-05,6.39792e-06,1.77223e-05,0.634701,0.00016697,0.000116353,0.000119754
2.77421,0.832458,0.000370075,0.000198155,0.000312554,0.963954,0.000222537,0.000105577,0.000195899,0.000462696,1.85678e-05,6.52124e-06,1.7385e-05,0.634637,0.000166025,0.000117207,0.000117588
2.77642,0.832236,0.000371228,0.000201906,0.000311519,0.963966,0.000219858,0.000105437,0.000192927,0.000466645,1.82963e-05,6.64385e-06,1.70474e-05,0.634571,0.000165081,0.000118026,0.000115419
2.77863,0.832007,0.000372374,0.000205581,0.000310482,0.963978,0.000217178,0.000105281,0.000189953,0.000470562,1.8027e-05,6.76501e-06,1.67095e-05,0.634504,0.000164133,0.000118803,0.000113249
2.78085,0.831769,0.000373085,0.000209134,0.000308958,0.96399,0.000216277,0.000105109,0.000189018,0.000474437,1.79563e-05,6.884e-06,1.65843e-05,0.634435,0.000163705,0.000119534,0.000111852
2.78307,0.831524,0.000373574,0.000212522,0.000307232,0.964002,0.000216109,0.000104922,0.00018893,0.000478264,1.79672e-05,7.00014e-06,1.65475e-05,0.634365,0.000163471,0.000120214,0.000110776
2.78529,0.831271,0.00037398,0.000215702,0.000305505,0.964013,0.000215933,0.000104718,0.000188841,0.000482033,1.79775e-05,7.11276e-06,1.65105e-05,0.634293,0.000163205,0.000120839,0.000109699
2.78751,0.83101,0.000374275,0.000218636,0.000303776,0.964025,0.00021575,0.0001045,0.000188753,0.000485737,1.79868e-05,7.22122e-06,1.64736e-05,0.63422,0.000162902,0.000121403,0.00010862
2.78973,0.830741,0.000374432,0.000221287,0.000302046,0.964037,0.000215559,0.000104265,0.000188665,0.000489367,1.79949e-05,7.32492e-06,1.64366e-05,0.634145,0.00016256,0.000121903,0.000107541
2.79196,0.830463,0.000374425,0.000223619,0.000300314,0.964049,0.000215361,0.000104016,0.000188576,0.000492917,1.80015e-05,7.42326e-06,1.63996e-05,0.634069,0.000162173,0.000122335,0.000106461
2.79419,0.830177,0.000374227,0.0002256,0.000298581,0.964061,0.000215156,0.000103752,0.000188488,0.000496377,1.80061e-05,7.51567e-06,1.63626e-05,0.633991,0.000161738,0.000122695,0.000105381
2.79642,0.829882,0.000373815,0.000227201,0.000296846,0.964072,0.000214944,0.000103473,0.000188399,0.000499739,1.80086e-05,7.60162e-06,1.63256e-05,0.633912,0.000161252,0.000122979,0.000104299
2.79865,0.829579,0.000373167,0.000228394,0.000295111,0.964084,0.000214725,0.000103179,0.00018831,0.000502996,1.80085e-05,7.6806e-06,1.62885e-05,0.633831,0.000160711,0.000123184,0.000103217
2.80088,0.829267,0.000372264,0.000229155,0.000293373,0.964096,0.000214499,0.000102871,0.000188222,0.000506139,1.80056e-05,7.7521e-06,1.62514e-05,0.633748,0.000160112,0.000123307,0.000102133
2.80311,0.828946,0.000371098,0.000229483,0.000291635,0.964107,0.000214267,0.000102549,0.000188133,0.000509161,1.79996e-05,7.81568e-06,1.62142e-05,0.633664,0.000159456,0.00012335,0.000101049
2.80535,0.828616,0.00036968,0.0002294,0.000289895,0.964119,0.000214028,0.000102213,0.000188044,0.000512053,1.79902e-05,7.87089e-06,1.6177e-05,0.633578,0.000158743,0.000123315,9.99639e-05
2.80759,0.828279,0.000368025,0.000228932,0.000288154,0.96413,0.000213783,0.000101863,0.000187955,0.000514808,1.79772e-05,7.91732e-06,1.61398e-05,0.633491,0.000157975,0.000123204,9.8878e-05
2.80983,0.827935,0.000366149,0.000228109,0.000286411,0.964142,0.000213532,0.0001015,0.000187866,0.000517417,1.79602e-05,7.95466e-06,1.61026e-05,0.633402,0.000157152,0.000123019,9.77912e-05
2.81207,0.827583,0.000364071,0.000226964,0.000284667,0.964153,0.000213275,0.000101123,0.000187777,0.00051988,1.79394e-05,7.98302e-06,1.60653e-05,0.633313,0.000156278,0.000122765,9.67035e-05
2.81431,0.827225,0.000361811,0.000225528,0.000282921,0.964165,0.000213011,0.000100733,0.000187688,0.000522197,1.79148e-05,8.00273e-06,1.6028e-05,0.633221,0.000155352,0.000122442,9.56149e-05
2.81656,0.82686,0.000359392,0.000223838,0.000281174,0.964176,0.000212743,0.000100331,0.000187598,0.000524369,1.78866e-05,8.01414e-06,1.59907e-05,0.633129,0.000154378,0.000122055,9.45255e-05
2.8188,0.82649,0.000356835,0.000221928,0.000279426,0.964188,0.000212468,9.99157e-05,0.000187509,0.000526397,1.78547e-05,8.01762e-06,1.59534e-05,0.633035,0.000153357,0.000121607,9.34352e-05
2.82105,0.826114,0.000354165,0.000219838,0.000277676,0.964199,0.000212189,9.94882e-05,0.00018742,0.000528282,1.78195e-05,8.01355e-06,1.5916e-05,0.63294,0.000152291,0.0001211,9.23441e-05
2.8233,0.825733,0.000351406,0.000217604,0.000275925,0.96421,0.000211904,9.90487e-05,0.00018733,0.000530024,1.77811e-05,8.00235e-06,1.58786e-05,0.632844,0.000151184,0.000120539,9.12521e-05
2.82555,0.825347,0.000348563,0.000215267,0.000274147,0.964222,0.000210987,9.85973e-05,0.000186531,0.000531625,1.77403e-05,7.98442e-06,1.58419e-05,0.632747,0.000150529,0.000119927,9.09745e-05
2.82781,0.824958,0.00034567,0.000212866,0.000272353,0.964233,0.000209696,9.81343e-05,0.000185316,0.000533084,1.76971e-05,7.96021e-06,1.58058e-05,0.632648,0.000150125,0.000119268,9.11747e-05
2.83006,0.824565,0.000342762,0.000210441,0.000270557,0.964244,0.000208399,9.766e-05,0.000184099,0.000534404,1.76513e-05,7.93016e-06,1.57696e-05,0.632549,0.000149689,0.000118564,9.13751e-05
2.83232,0.824168,0.000339865,0.000208031,0.000268759,0.964256,0.000207096,9.71747e-05,0.000182882,0.000535584,1.7603e-05,7.89472e-06,1.57334e-05,0.632449,0.000149225,0.000117822,9.15757e-05
2.83458,0.823769,0.000337001,0.000205675,0.00026696,0.964267,0.000205787,9.66785e-05,0.000181663,0.000536625,1.75525e-05,7.85437e-06,1.56971e-05,0.632348,0.000148734,0.000117043,9.17764e-05
2.83684,0.823367,0.000334195,0.000203411,0.00026516,0.964278,0.000204473,9.61719e-05,0.000180444,0.000537529,1.75e-05,7.80958e-06,1.56608e-05,0.632246,0.000148222,0.000116232,9.19772e-05
2.8391,0.822963,0.000331466,0.000201275,0.000263358,0.964289,0.000203153,9.5655e-05,0.000179224,0.000538295,1.74458e-05,7.76083e-06,1.56245e-05,0.632143,0.000147691,0.000115394,9.21782e-05
2.84137,0.822558,0.000328835,0.000199301,0.000261555,0.964301,0.000201827,9.51281e-05,0.000178002,0.000538926,1.73901e-05,7.70861e-06,1.55882e-05,0.63204,0.000147144,0.000114531,9.23794e-05
2.84364,0.822151,0.000326319,0.000197519,0.000259751,0.964312,0.000200496,9.45915e-05,0.00017678,0.000539421,1.7333e-05,7.65339e-06,1.55518e-05,0.631935,0.000146586,0.000113649,9.25807e-05
2.8459,0.821744,0.000323936,0.000195957,0.000257945,0.964323,0.00019916,9.40456e-05,0.000175557,0.000539781,1.72749e-05,7.59569e-06,1.55155e-05,0.63183,0.000146019,0.000112752,9.27822e-05
2.84817,0.821337,0.000321698,0.000194636,0.000256137,0.964334,0.000197819,9.34905e-05,0.000174333,0.000540008,1.7216e-05,7.53598e-06,1.5479e-05,0.631725,0.000145447,0.000111842,9.29839e-05
2.85045,0.820929,0.000319615,0.000193575,0.000254328,0.964345,0.000196473,9.29267e-05,0.000173107,0.000540102,1.71565e-05,7.47477e-06,1.54426e-05,0.631619,0.000144873,0.000110926,9.31857e-05
2.85272,0.820523,0.000317697,0.000192785,0.000252518,0.964356,0.000195122,9.23543e-05,0.000171881,0.000540063,1.70966e-05,7.41252e-06,1.54061e-05,0.631512,0.0001443,0.000110006,9.33877e-05
2.855,0.820117,0.000315948,0.000192275,0.000250706,0.964367,0.000193766,9.17737e-05,0.000170654,0.000539893,1.70365e-05,7.34973e-06,1.53696e-05,0.631405,0.000143732,0.000109087,9.35899e-05
2.85727,0.819713,0.00031437,0.000192043,0.000248893,0.964378,0.000192405,9.11852e-05,0.000169426,0.000539593,1.69765e-05,7.28687e-06,1.53331e-05,0.631297,0.000143172,0.000108172,9.37922e-05
2.85955,0.81931,0.000312961,0.000192086,0.000247078,0.964389,0.000191041,9.05892e-05,0.000168197,0.000539163,1.69167e-05,7.22439e-06,1.52965e-05,0.631189,0.000142622,0.000107267,9.39946e-05
2.86183,0.81891,0.000311717,0.000192391,0.000245262,0.9644,0.000189671,8.99859e-05,0.000166966,0.000538603,1.68573e-05,7.16274e-06,1.52599e-05,0.631081,0.000142086,0.000106374,9.41972e-05
2.86412,0.818513,0.000310631,0.000192941,0.000243445,0.964411,0.000188298,8.93756e-05,0.000165735,0.000537916,1.67985e-05,7.10234e-06,1.52233e-05,0.630973,0.000141566,0.000105497,9.44e-05
2.8664,0.818119,0.000309691,0.000193715,0.000241626,0.964422,0.000186921,8.87587e-05,0.000164503,0.000537101,1.67405e-05,7.0436e-06,1.51866e-05,0.630864,0.000141065,0.00010464,9.4603e-05
2.86869,0.817729,0.000308883,0.000194685,0.000239805,0.964433,0.00018554,8.81355e-05,0.00016327,0.000536159,1.66834e-05,6.98689e-06,1.51499e-05,0.630755,0.000140585,0.000103807,9.48061e-05
2.87098,0.817343,0.000311235,0.000195821,0.000241912,0.964444,0.00018408,8.75064e-05,0.00016195,0.000535092,1.66183e-05,6.93256e-06,1.51032e-05,0.630645,0.000140003,0.000103,9.48253e-05
2.87327,0.816961,0.000316137,0.000197087,0.000247183,0.964455,0.000182555,8.68716e-05,0.000160561,0.0005339,1.65469e-05,6.88092e-06,1.50484e-05,0.630536,0.000139344,0.000102222,9.46963e-05
2.87556,0.816584,0.000321118,0.000198448,0.000252458,0.964466,0.000181027,8.62316e-05,0.00015917,0.000532583,1.64768e-05,6.83227e-06,1.49935e-05,0.630427,0.000138711,0.000101478,9.45673e-05
2.87785,0.816213,0.00032615,0.000199864,0.000257737,0.964477,0.000179496,8.55866e-05,0.000157778,0.000531143,1.6408e-05,6.78683e-06,1.49386e-05,0.630317,0.000138104,0.000100768,9.44382e-05
2.88015,0.815847,0.000331209,0.000201296,0.00026302,0.964488,0.000177962,8.4937e-05,0.000156385,0.00052958,1.63406e-05,6.7448e-06,1.48837e-05,0.630208,0.000137525,0.000100095,9.43089e-05
2.88245,0.815488,0.000336268,0.000202701,0.000268307,0.964499,0.000176425,8.42833e-05,0.000154991,0.000527896,1.62747e-05,6.70634e-06,1.48287e-05,0.630099,0.000136976,9.9462e-05,9.41796e-05
2.88474,0.815135,0.000341303,0.000204038,0.000273599,0.964509,0.000174885,8.36256e-05,0.000153595,0.00052609,1.62102e-05,6.67154e-06,1.47737e-05,0.629989,0.000136458,9.88698e-05,9.40501e-05
2.88705,0.81479,0.000346289,0.000205266,0.000278894,0.96452,0.000173343,8.29645e-05,0.000152199,0.000524164,1.61472e-05,6.64045e-06,1.47186e-05,0.62988,0.00013597,9.83199e-05,9.39206e-05
2.88935,0.814452,0.000351205,0.000206345,0.000284194,0.964531,0.000171798,8.23002e-05,0.000150801,0.000522119,1.60857e-05,6.61309e-06,1.46635e-05,0.629772,0.000135515,9.78134e-05,9.37909e-05
2.89165,0.814122,0.000356027,0.000207234,0.000289499,0.964542,0.00017025,8.16332e-05,0.000149403,0.000519955,1.60257e-05,6.5894e-06,1.46083e-05,0.629663,0.000135091,9.73508e-05,9.36612e-05
2.89396,0.8138,0.000360738,0.000207895,0.000294807,0.964553,0.000168701,8.09638e-05,0.000148003,0.000517673,1.59671e-05,6.56926e-06,1.45531e-05,0.629555,0.0001347,9.69324e-05,9.35313e-05
2.89627,0.813487,0.000365318,0.000208292,0.00030012,0.964564,0.00016715,8.02924e-05,0.000146602,0.000515274,1.59099e-05,6.55254e-06,1.44979e-05,0.629447,0.00013434,9.65581e-05,9.34013e-05
2.89858,0.813184,0.000369752,0.000208387,0.000305437,0.964574,0.000165597,7.96194e-05,0.0001452,0.000512759,1.58539e-05,6.53902e-06,1.44426e-05,0.62934,0.000134012,9.62273e-05,9.32713e-05
2.90089,0.81289,0.000374028,0.000208149,0.000310758,0.964585,0.000164043,7.89452e-05,0.000143797,0.000510129,1.57992e-05,6.52846e-06,1.43872e-05,0.629233,0.000133715,9.59392e-05,9.31411e-05
2.90321,0.812606,0.000378141,0.000207562,0.000316083,0.964596,0.000162487,7.82702e-05,0.000142393,0.000507383,1.57455e-05,6.52055e-06,1.43319e-05,0.629126,0.000133447,9.56924e-05,9.30108e-05
2.90552,0.812331,0.000382105,0.000206635,0.000321413,0.964607,0.00016093,7.75948e-05,0.000140988,0.000504524,1.56927e-05,6.51496e-06,1.42764e-05,0.62902,0.000133207,9.54853e-05,9.28804e-05
2.90784,0.812067,0.000385934,0.000205381,0.000326747,0.964617,0.000159372,7.69194e-05,0.000139581,0.000501552,1.56407e-05,6.5113e-06,1.4221e-05,0.628915,0.000132995,9.53159e-05,9.27499e-05
2.91016,0.811811,0.000389642,0.000203814,0.000332085,0.964628,0.000157814,7.62445e-05,0.000138174,0.000498468,1.55894e-05,6.50917e-06,1.41654e-05,0.62881,0.000132808,9.51819e-05,9.26194e-05
2.91248,0.811565,0.000393247,0.000201955,0.000337428,0.964639,0.000156255,7.55703e-05,0.000136765,0.000495272,1.55385e-05,6.50813e-06,1.41099e-05,0.628706,0.000132644,9.50804e-05,9.24887e-05
2.9148,0.811328,0.000396766,0.000199823,0.000342774,0.96465,0.000154695,7.48975e-05,0.000135355,0.000491965,1.54878e-05,6.50769e-06,1.40543e-05,0.628603,0.000132501,9.50087e-05,9.23579e-05
2.91713,0.8111,0.000397048,0.00019744,0.000344478,0.96466,0.000153964,7.42263e-05,0.000134891,0.000488548,1.54728e-05,6.50737e-06,1.40379e-05,0.6285,0.000132415,9.49633e-05,9.22811e-05
2.91946,0.810881,0.000393773,0.000194832,0.000342196,0.964671,0.000154144,7.35573e-05,0.000135461,0.000485023,1.54966e-05,6.50665e-06,1.40644e-05,0.628398,0.000132387,9.49408e-05,9.22633e-05
2.92178,0.810671,0.000390401,0.000192023,0.000339912,0.964682,0.000154329,7.28909e-05,0.000136031,0.000481389,1.552e-05,6.505e-06,1.4091e-05,0.628297,0.000132372,9.49375e-05,9.22456e-05
2.92411,0.810469,0.000386947,0.000189041,0.000337626,0.964693,0.000154521,7.22275e-05,0.000136602,0.000477647,1.55428e-05,6.50189e-06,1.41176e-05,0.628197,0.000132368,9.49493e-05,9.22279e-05
2.92645,0.810276,0.000383426,0.000185913,0.000335338,0.964703,0.00015472,7.15675e-05,0.000137173,0.000473799,1.55649e-05,6.49676e-06,1.41442e-05,0.628099,0.000132372,9.49721e-05,9.22101e-05
2.92878,0.810091,0.000379855,0.000182669,0.000333049,0.964714,0.000154926,7.09115e-05,0.000137744,0.000469845,1.55859e-05,6.48905e-06,1.41708e-05,0.628001,0.000132381,9.50018e-05,9.21923e-05
2.93112,0.809914,0.000376248,0.000179338,0.000330758,0.964725,0.000155138,7.02598e-05,0.000138317,0.000465786,1.56056e-05,6.47822e-06,1.41974e-05,0.627904,0.000132392,9.50338e-05,9.21745e-05
2.93346,0.809745,0.000372623,0.000175951,0.000328465,0.964735,0.000155358,6.96129e-05,0.000138889,0.000461622,1.56238e-05,6.46371e-06,1.42241e-05,0.627808,0.000132401,9.50637e-05,9.21567e-05
2.9358,0.809583,0.000368993,0.000172537,0.00032617,0.964746,0.000155585,6.89714e-05,0.000139462,0.000457355,1.56404e-05,6.44497e-06,1.42508e-05,0.627713,0.000132405,9.5087e-05,9.21389e-05
2.93814,0.80943,0.000365374,0.000169128,0.000323873,0.964757,0.00015582,6.83356e-05,0.000140036,0.000452986,1.56551e-05,6.42145e-06,1.42775e-05,0.62762,0.000132401,9.50991e-05,9.21211e-05
2.94048,0.809283,0.000361779,0.000165753,0.000321574,0.964768,0.000156061,6.7706e-05,0.00014061,0.000448514,1.56676e-05,6.39261e-06,1.43042e-05,0.627527,0.000132386,9.50953e-05,9.21032e-05
2.94283,0.809144,0.000358223,0.000162443,0.000319274,0.964778,0.000156311,6.70831e-05,0.000141184,0.000443941,1.5678e-05,6.35793e-06,1.43309e-05,0.627437,0.000132356,9.5071e-05,9.20853e-05
2.94518,0.809012,0.000354717,0.000159225,0.000316972,0.964789,0.000156568,6.64674e-05,0.000141759,0.000439269,1.56859e-05,6.31697e-06,1.43577e-05,0.627347,0.000132309,9.50217e-05,9.20675e-05
2.94752,0.808887,0.000351271,0.000156127,0.000314668,0.9648,0.000156833,6.58594e-05,0.000142334,0.000434501,1.56915e-05,6.26963e-06,1.43845e-05,0.627259,0.000132239,9.49429e-05,9.20496e-05
2.94988,0.808769,0.000347897,0.000153174,0.000312362,0.96481,0.000157105,6.52594e-05,0.00014291,0.000429643,1.56947e-05,6.21597e-06,1.44113e-05,0.627172,0.000132146,9.483e-05,9.20317e-05
2.95223,0.808657,0.000344601,0.000150387,0.000310054,0.964821,0.000157386,6.4668e-05,0.000143486,0.000424701,1.56957e-05,6.15605e-06,1.44381e-05,0.627087,0.000132025,9.46787e-05,9.20137e-05
2.95458,0.808552,0.00034139,0.000147785,0.000307745,0.964832,0.000157674,6.40857e-05,0.000144063,0.000419679,1.56947e-05,6.08999e-06,1.4465e-05,0.627003,0.000131873,9.44847e-05,9.19958e-05
2.95694,0.808453,0.000338269,0.000145384,0.000305433,0.964843,0.00015797,6.35129e-05,0.00014464,0.000414583,1.56917e-05,6.01794e-06,1.44919e-05,0.626921,0.000131688,9.42439e-05,9.19779e-05
2.9593,0.808359,0.000335241,0.000143195,0.00030312,0.964853,0.000158275,6.29502e-05,0.000145218,0.000409417,1.56869e-05,5.94007e-06,1.45187e-05,0.62684,0.000131467,9.39523e-05,9.19599e-05
2.96166,0.808272,0.000332306,0.000141223,0.000300805,0.964864,0.000158587,6.23978e-05,0.000145796,0.000404188,1.56804e-05,5.85656e-06,1.45457e-05,0.626761,0.000131208,9.3606e-05,9.19419e-05
2.96402,0.80819,0.000331259,0.000139469,0.000300468,0.964875,0.000158174,6.18564e-05,0.000145577,0.0003989,1.55798e-05,5.76766e-06,1.44729e-05,0.626684,0.000131263,9.32015e-05,9.24307e-05
2.96639,0.808114,0.000332992,0.000137929,0.000303083,0.964886,0.000156671,6.13264e-05,0.00014417,0.000393559,1.53394e-05,5.67359e-06,1.42516e-05,0.626609,0.000131814,9.27353e-05,9.36751e-05
2.96875,0.808042,0.000334829,0.000136593,0.0003057,0.964896,0.000155173,6.08082e-05,0.000142762,0.00038817,1.5097e-05,5.57464e-06,1.403e-05,0.626535,0.000132331,9.22043e-05,9.49205e-05
2.97112,0.807976,0.000336759,0.000135447,0.000308319,0.964907,0.000153678,6.03023e-05,0.000141353,0.000382738,1.48527e-05,5.47108e-06,1.38083e-05,0.626463,0.000132814,9.16055e-05,9.6167e-05
2.97349,0.807915,0.000338771,0.00013447,0.00031094,0.964918,0.000152187,5.9809e-05,0.000139942,0.000377268,1.46067e-05,5.36324e-06,1.35864e-05,0.626393,0.000133263,9.09364e-05,9.74144e-05
2.97586,0.807858,0.000340854,0.000133639,0.000313563,0.964929,0.000150701,5.93289e-05,0.000138531,0.000371766,1.43591e-05,5.25145e-06,1.33644e-05,0.626325,0.000133677,9.01947e-05,9.86628e-05
2.97824,0.807805,0.000342993,0.000132924,0.000316188,0.964939,0.000149218,5.88623e-05,0.000137118,0.000366236,1.41101e-05,5.13606e-06,1.31421e-05,0.626259,0.000134056,8.93787e-05,9.99122e-05
2.98061,0.807757,0.000345175,0.000132296,0.000318816,0.96495,0.000147741,5.84096e-05,0.000135704,0.000360685,1.38598e-05,5.01744e-06,1.29197e-05,0.626195,0.000134402,8.84869e-05,0.000101163
2.98299,0.807713,0.000347386,0.000131719,0.000321445,0.964961,0.000146268,5.79712e-05,0.000134289,0.000355116,1.36083e-05,4.896e-06,1.26971e-05,0.626133,0.000134715,8.75185e-05,0.000102414
2.98537,0.807672,0.000349612,0.00013116,0.000324077,0.964972,0.0001448,5.75475e-05,0.000132873,0.000349537,1.3356e-05,4.77216e-06,1.24743e-05,0.626074,0.000134998,8.64732e-05,0.000103666
2.98775,0.807635,0.00035184,0.000130581,0.00032671,0.964983,0.000143337,5.71387e-05,0.000131456,0.000343951,1.31028e-05,4.64637e-06,1.22514e-05,0.626016,0.000135252,8.53515e-05,0.00010492
2.99014,0.807601,0.000354055,0.000129947,0.000329346,0.964993,0.00014188,5.67454e-05,0.000130038,0.000338364,1.28491e-05,4.5191e-06,1.20282e-05,0.625961,0.000135481,8.41546e-05,0.000106174
2.99252,0.807571,0.000356247,0.000129222,0.000331984,0.965004,0.000140428,5.63676e-05,0.000128618,0.000332781,1.25951e-05,4.39085e-06,1.18049e-05,0.625908,0.000135687,8.28846e-05,0.00010743
2.99491,0.807543,0.000358402,0.000128371,0.000334624,0.965015,0.000138982,5.60058e-05,0.000127198,0.000327207,1.23408e-05,4.26217e-06,1.15814e-05,0.625857,0.000135876,8.15448e-05,0.000108686
2.9973,0.807517,0.000360513,0.000127362,0.000337266,0.965026,0.000137542,5.56602e-05,0.000125776,0.000321649,1.20866e-05,4.13361e-06,1.13577e-05,0.625809,0.000136051,8.01398e-05,0.000109944
2.99969,0.807495,0.000362569,0.000126165,0.00033991,0.965037,0.000136108,5.5331e-05,0.000124353,0.00031611,1.18326e-05,4.00577e-06,1.11339e-05,0.625763,0.000136219,7.86753e-05,0.000111202
3.00208,0.807474,0.000364568,0.000124758,0.000342556,0.965048,0.00013468,5.50184e-05,0.000122929,0.000310596,1.1579e-05,3.8793e-06,1.09099e-05,0.625719,0.000136386,7.71603e-05,0.000112461
3.00448,0.807455,0.000366511,0.000123143,0.000345205,0.965058,0.000133259,5.47227e-05,0.000121504,0.000305113,1.13262e-05,3.75486e-06,1.06857e-05,0.625678,0.000136564,7.56107e-05,0.000113722
3.00687,0.807439,0.00036841,0.000121337,0.000347855,0.965069,0.000131844,5.44439e-05,0.000120078,0.000299665,1.10742e-05,3.63316e-06,1.04613e-05,0.62564,0.000136762,7.40457e-05,0.000114983
3.00927,0.807424,0.000370274,0.000119361,0.000350508,0.96508,0.000130437,5.41823e-05,0.000118651,0.000294258,1.08234e-05,3.51496e-06,1.02367e-05,0.625603,0.000136993,7.24854e-05,0.000116246
3.01167,0.807412,0.000370553,0.00011724,0.000351517,0.965091,0.000129287,5.39378e-05,0.000117498,0.000288897,1.06505e-05,3.40104e-06,1.00928e-05,0.625569,0.000136605,7.09506e-05,0.000116734
3.01407,0.807402,0.000367568,0.000115006,0.000349113,0.965102,0.000128666,5.37105e-05,0.000116919,0.000283588,1.06388e-05,3.29221e-06,1.01166e-05,0.625537,0.000134877,6.94626e-05,0.000115615
3.01648,0.807395,0.000364561,0.000112694,0.000346706,0.965113,0.000128051,5.35006e-05,0.000116339,0.000278335,1.06301e-05,3.18931e-06,1.01404e-05,0.625507,0.000133188,6.80432e-05,0.000114495
3.01888,0.80739,0.000361546,0.00011034,0.000344298,0.965124,0.000127443,5.33079e-05,0.000115758,0.000273144,1.06245e-05,3.09318e-06,1.01642e-05,0.62548,0.000131547,6.6714e-05,0.000113374
3.02129,0.807387,0.000358536,0.000107988,0.000341887,0.965135,0.000126842,5.31324e-05,0.000115177,0.000268019,1.06219e-05,3.00466e-06,1.01881e-05,0.625454,0.000129963,6.54962e-05,0.000112253
3.0237,0.807386,0.000355545,0.000105681,0.000339475,0.965146,0.000126247,5.29742e-05,0.000114595,0.000262967,1.06224e-05,2.92455e-06,1.02119e-05,0.62543,0.000128447,6.44101e-05,0.00011113
3.02611,0.807388,0.000352584,0.000103468,0.000337061,0.965157,0.00012566,5.28329e-05,0.000114013,0.000257993,1.06261e-05,2.8536e-06,1.02358e-05,0.625408,0.000127006,6.34745e-05,0.000110007
3.02853,0.807392,0.000349669,0.000101396,0.000334645,0.965168,0.000125079,5.27086e-05,0.000113431,0.000253101,1.06329e-05,2.79246e-06,1.02597e-05,0.625389,0.000125648,6.27058e-05,0.000108882
3.03094,0.807398,0.000346811,9.95143e-05,0.000332227,0.965179,0.000124505,5.2601e-05,0.000112848,0.000248297,1.06428e-05,2.74168e-06,1.02836e-05,0.625371,0.000124379,6.21176e-05,0.000107757
3.03336,0.807407,0.000344022,9.78708e-05,0.000329807,0.96519,0.000123938,5.251e-05,0.000112265,0.000243586,1.06557e-05,2.70163e-06,1.03075e-05,0.625354,0.000123205,6.17203e-05,0.000106631
3.03578,0.807418,0.000341314,9.65103e-05,0.000327385,0.965201,0.000123378,5.24352e-05,0.000111681,0.000238974,1.06715e-05,2.6725e-06,1.03315e-05,0.62534,0.00012213,6.15198e-05,0.000105504
3.0382,0.807431,0.000338696,9.54727e-05,0.000324961,0.965213,0.000122824,5.23765e-05,0.000111097,0.000234465,1.06902e-05,2.65427e-06,1.03555e-05,0.625327,0.000121156,6.15183e-05,0.000104376
3.04063,0.807447,0.000336176,9.47911e-05,0.000322536,0.965224,0.000122277,5.23335e-05,0.000110512,0.000230066,1.07116e-05,2.64674e-06,1.03794e-05,0.625316,0.000120285,6.1713e-05,0.000103247
3.04305,0.807465,0.000333763,9.44899e-05,0.000320108,0.965235,0.000121736,5.23059e-05,0.000109927,0.00022578,1.07355e-05,2.64946e-06,1.04034e-05,0.625306,0.000119516,6.20973e-05,0.000102117
3.04548,0.807485,0.00033146,9.4583e-05,0.000317678,0.965246,0.000121202,5.22933e-05,0.000109341,0.000221613,1.07619e-05,2.66181e-06,1.04275e-05,0.625298,0.000118847,6.26603e-05,0.000100987
3.04791,0.807508,0.000329271,9.50731e-05,0.000315247,0.965257,0.000120675,5.22954e-05,0.000108755,0.000217572,1.07904e-05,2.68302e-06,1.04515e-05,0.625291,0.000118275,6.33878e-05,9.98552e-05
3.05034,0.807533,0.000327199,9.59517e-05,0.000312813,0.965269,0.000120153,5.23117e-05,0.000108168,0.000213659,1.0821e-05,2.71216e-06,1.04756e-05,0.625286,0.000117796,6.4263e-05,9.87227e-05
3.05277,0.807561,0.000325242,9.71993e-05,0.000310378,0.96528,0.000119638,5.23418e-05,0.000107581,0.000209882,1.08534e-05,2.74822e-06,1.04997e-05,0.625282,0.000117403,6.52666e-05,9.75894e-05
3.05521,0.807591,0.000323398,9.87872e-05,0.000307941,0.965291,0.000119129,5.23852e-05,0.000106993,0.000206246,1.08874e-05,2.79016e-06,1.05238e-05,0.625279,0.000117088,6.6378e-05,9.64551e-05
3.05765,0.807623,0.000321663,0.000100679,0.000305501,0.965302,0.000118626,5.24415e-05,0.000106405,0.000202754,1.09227e-05,2.83689e-06,1.05479e-05,0.625278,0.000116844,6.75761e-05,9.53199e-05
3.06009,0.807657,0.000321093,0.000102832,0.000304182,0.965314,0.000118121,5.25101e-05,0.000105807,0.000199414,1.09776e-05,2.88732e-06,1.05911e-05,0.625277,0.000117269,6.88391e-05,9.49373e-05
3.06253,0.807694,0.00032381,0.0001052,0.000306245,0.965325,0.000117595,5.25906e-05,0.00010518,0.000196229,1.10889e-05,2.9404e-06,1.0692e-05,0.625278,0.000119566,7.01458e-05,9.68278e-05
3.06497,0.807732,0.000326591,0.000107736,0.000308309,0.965336,0.000117076,5.26824e-05,0.000104553,0.000193206,1.12007e-05,2.99511e-06,1.07929e-05,0.62528,0.000121878,7.14752e-05,9.87197e-05
3.06741,0.807773,0.000329422,0.00011039,0.000310375,0.965348,0.000116562,5.27849e-05,0.000103925,0.000190349,1.13129e-05,3.05051e-06,1.08939e-05,0.625283,0.000124193,7.28075e-05,0.000100613
3.06986,0.807817,0.000332288,0.000113114,0.000312443,0.965359,0.000116053,5.28976e-05,0.000103296,0.000187664,1.14251e-05,3.10567e-06,1.09949e-05,0.625287,0.0001265,7.41237e-05,0.000102508
3.07231,0.807862,0.000335175,0.000115862,0.000314513,0.965371,0.00011555,5.302e-05,0.000102668,0.000185156,1.15372e-05,3.15974e-06,1.10961e-05,0.625292,0.000128788,7.54062e-05,0.000104405
3.07476,0.80791,0.000338066,0.000118589,0.000316584,0.965382,0.000115051,5.31514e-05,0.000102038,0.000182829,1.16489e-05,3.21195e-06,1.11973e-05,0.625298,0.000131049,7.66386e-05,0.000106303
3.07721,0.807959,0.000340946,0.000121252,0.000318657,0.965394,0.000114558,5.32913e-05,0.000101408,0.00018069,1.176e-05,3.26156e-06,1.12987e-05,0.625304,0.000133272,7.78062e-05,0.000108202
3.07967,0.808011,0.000343799,0.000123813,0.000320731,0.965405,0.00011407,5.3439e-05,0.000100778,0.000178744,1.18703e-05,3.30789e-06,1.14001e-05,0.625312,0.000135452,7.88954e-05,0.000110103
3.08213,0.808065,0.000346612,0.000126235,0.000322807,0.965417,0.000113586,5.3594e-05,0.000100147,0.000176996,1.19796e-05,3.35033e-06,1.15015e-05,0.62532,0.000137581,7.98947e-05,0.000112006
3.08458,0.808121,0.000349369,0.000128485,0.000324885,0.965428,0.000113106,5.37557e-05,9.95153e-05,0.00017545,1.20877e-05,3.38831e-06,1.16031e-05,0.625328,0.000139654,8.07939e-05,0.00011391
3.08704,0.808179,0.000352058,0.000130533,0.000326964,0.96544,0.000112631,5.39235e-05,9.88833e-05,0.000174111,1.21946e-05,3.42141e-06,1.17048e-05,0.625337,0.000141666,8.15849e-05,0.000115816
3.08951,0.808239,0.000354666,0.000132353,0.000329046,0.965452,0.000112159,5.40968e-05,9.82509e-05,0.000172973,1.23001e-05,3.44955e-06,1.18065e-05,0.625347,0.000143616,8.22617e-05,0.000117723
3.09197,0.8083,0.000357185,0.000133923,0.000331128,0.965463,0.000111692,5.42749e-05,9.76179e-05,0.00017203,1.24043e-05,3.47276e-06,1.19083e-05,0.625357,0.000145502,8.28204e-05,0.000119631
3.09444,0.808364,0.000359605,0.000135223,0.000333213,0.965475,0.000111228,5.44574e-05,9.69844e-05,0.000171277,1.25073e-05,3.49111e-06,1.20102e-05,0.625368,0.000147324,8.32596e-05,0.000121542
3.09691,0.808429,0.000361921,0.000136242,0.000335299,0.965487,0.000110767,5.46435e-05,9.63505e-05,0.000170709,1.2609e-05,3.50472e-06,1.21121e-05,0.625379,0.000149085,8.35806e-05,0.000123453
3.09938,0.808497,0.000364129,0.000136969,0.000337386,0.965499,0.000110309,5.48327e-05,9.5716e-05,0.000170319,1.27096e-05,3.51373e-06,1.22142e-05,0.625391,0.000150789,8.37881e-05,0.000125366
3.10185,0.808566,0.00036623,0.000137406,0.000339476,0.96551,0.000109855,5.50244e-05,9.5081e-05,0.000170101,1.2809e-05,3.51831e-06,1.23163e-05,0.625402,0.000152441,8.38915e-05,0.000127281
3.10432,0.808637,0.000368235,0.000137582,0.000341567,0.965522,0.000109403,5.52181e-05,9.44455e-05,0.000170051,1.29074e-05,3.51867e-06,1.24185e-05,0.625414,0.000154056,8.39131e-05,0.000129197
3.1068,0.808709,0.000370162,0.000137542,0.00034366,0.965534,0.000108953,5.54132e-05,9.38095e-05,0.000170162,1.30049e-05,3.51504e-06,1.25208e-05,0.625427,0.000155652,8.38823e-05,0.000131115
3.10928,0.808784,0.000371695,0.000137334,0.000345394,0.965546,0.000108529,5.5609e-05,9.31993e-05,0.000170429,1.30726e-05,3.50767e-06,1.25933e-05,0.62544,0.000156859,8.3829e-05,0.00013258
3.11176,0.808859,0.000371584,0.000137009,0.000345402,0.965558,0.000108214,5.58051e-05,9.27149e-05,0.000170846,1.30014e-05,3.4968e-06,1.25223e-05,0.625453,0.000156232,8.37835e-05,0.000131866
3.11424,0.808937,0.000371448,0.000136619,0.000345411,0.96557,0.0001079,5.60009e-05,9.22301e-05,0.000171406,1.29292e-05,3.48274e-06,1.24513e-05,0.625466,0.000155625,8.37756e-05,0.000131152
3.11672,0.809016,0.000371308,0.000136216,0.00034542,0.965582,0.000107588,5.61959e-05,9.17449e-05,0.000172106,1.28561e-05,3.46576e-06,1.23802e-05,0.62548,0.000155055,8.38342e-05,0.000130438
3.11921,0.809097,0.000371183,0.000135853,0.000345428,0.965594,0.000107276,5.63895e-05,9.12594e-05,0.000172938,1.27823e-05,3.44618e-06,1.2309e-05,0.625495,0.000154537,8.39866e-05,0.000129723
3.1217,0.809179,0.000371092,0.000135581,0.000345437,0.965606,0.000106964,5.65812e-05,9.07734e-05,0.000173897,1.27079e-05,3.42432e-06,1.22378e-05,0.625511,0.000154085,8.42574e-05,0.000129007
3.12419,0.809262,0.000371051,0.000135448,0.000345446,0.965618,0.000106652,5.67705e-05,9.0287e-05,0.000174977,1.26328e-05,3.4005e-06,1.21666e-05,0.625527,0.000153711,8.46685e-05,0.00012829
3.12668,0.809347,0.000371078,0.000135499,0.000345455,0.96563,0.00010634,5.69569e-05,8.98003e-05,0.000176173,1.25573e-05,3.37507e-06,1.20952e-05,0.625543,0.000153429,8.52378e-05,0.000127574
3.12918,0.809434,0.000371186,0.000135773,0.000345463,0.965643,0.000106027,5.714e-05,8.93132e-05,0.000177479,1.24814e-05,3.34835e-06,1.20239e-05,0.625561,0.000153248,8.59789e-05,0.000126856
3.13167,0.809522,0.000371389,0.000136305,0.000345472,0.965655,0.000105714,5.73192e-05,8.88257e-05,0.00017889,1.24052e-05,3.32072e-06,1.19524e-05,0.625579,0.000153175,8.6901e-05,0.000126138
3.13417,0.809611,0.000371697,0.000137121,0.000345481,0.965667,0.0001054,5.74941e-05,8.83378e-05,0.000180398,1.23287e-05,3.2925e-06,1.1881e-05,0.625598,0.000153217,8.80081e-05,0.000125419
3.13667,0.809701,0.000372119,0.000138238,0.000345489,0.96568,0.000105084,5.76642e-05,8.78495e-05,0.000182,1.22522e-05,3.26406e-06,1.18094e-05,0.625618,0.000153377,8.92995e-05,0.0001247
3.13917,0.809793,0.00037266,0.000139665,0.000345498,0.965692,0.000104767,5.78291e-05,8.73608e-05,0.000183688,1.21756e-05,3.23575e-06,1.17378e-05,0.625639,0.000153656,9.07698e-05,0.00012398
3.14168,0.809886,0.000373323,0.000141404,0.000345507,0.965704,0.000104448,5.79883e-05,8.68717e-05,0.000185458,1.20992e-05,3.2079e-06,1.16661e-05,0.625661,0.000154054,9.24091e-05,0.00012326
3.14418,0.80998,0.000374109,0.000143445,0.000345516,0.965717,0.000104127,5.81416e-05,8.63822e-05,0.000187304,1.20228e-05,3.18085e-06,1.15944e-05,0.625683,0.000154565,9.42039e-05,0.000122539
3.14669,0.810075,0.000375016,0.000145774,0.000345524,0.965729,0.000103803,5.82885e-05,8.58924e-05,0.000189219,1.19468e-05,3.15494e-06,1.15227e-05,0.625707,0.000155183,9.6137e-05,0.000121818
3.1492,0.810172,0.000376039,0.000148365,0.000345533,0.965742,0.000103477,5.84291e-05,8.54021e-05,0.000191199,1.1871e-05,3.13046e-06,1.14508e-05,0.625732,0.000155901,9.81889e-05,0.000121096
3.15171,0.810269,0.000377171,0.00015119,0.000345542,0.965754,0.000103148,5.85631e-05,8.49115e-05,0.000193237,1.17957e-05,3.10772e-06,1.13789e-05,0.625759,0.000156708,0.000100337,0.000120373
3.15423,0.810368,0.000378401,0.000154214,0.000345551,0.965767,0.000102817,5.86906e-05,8.44205e-05,0.000195328,1.17208e-05,3.08697e-06,1.1307e-05,0.625786,0.00015759,0.000102559,0.00011965
3.15674,0.810467,0.000379717,0.000157398,0.000345559,0.96578,0.000102483,5.88114e-05,8.39291e-05,0.000197466,1.16465e-05,3.06845e-06,1.1235e-05,0.625815,0.000158533,0.00010483,0.000118926
3.15926,0.810568,0.000381276,0.000160699,0.000345756,0.965792,0.000102199,5.89254e-05,8.35008e-05,0.000199645,1.15854e-05,3.05239e-06,1.1176e-05,0.625845,0.000159679,0.000107124,0.000118414
3.16178,0.810669,0.00038448,0.000164075,0.000347712,0.965805,0.000102397,5.90327e-05,8.36677e-05,0.00020186,1.16435e-05,3.03895e-06,1.12399e-05,0.625876,0.000162312,0.000109416,0.000119889
3.1643,0.810771,0.00038771,0.00016748,0.00034967,0.965818,0.000102591,5.91332e-05,8.38347e-05,0.000204105,1.17025e-05,3.02828e-06,1.13039e-05,0.625908,0.00016493,0.00011168,0.000121366
3.16683,0.810875,0.000390947,0.000170869,0.00035163,0.965831,0.000102782,5.92269e-05,8.40019e-05,0.000206374,1.17623e-05,3.02047e-06,1.13679e-05,0.625942,0.000167516,0.000113891,0.000122843
3.16935,0.810979,0.000394171,0.000174196,0.000353591,0.965844,0.000102969,5.93137e-05,8.41693e-05,0.000208661,1.1823e-05,3.01558e-06,1.1432e-05,0.625978,0.000170052,0.000116024,0.000124322
3.17188,0.811084,0.00039736,0.000177416,0.000355554,0.965856,0.000103152,5.93938e-05,8.43367e-05,0.000210962,1.18845e-05,3.01363e-06,1.14961e-05,0.626015,0.00017252,0.000118054,0.000125802
3.17441,0.81119,0.000400493,0.000180485,0.000357519,0.965869,0.000103331,5.9467e-05,8.45043e-05,0.000213269,1.19468e-05,3.01458e-06,1.15602e-05,0.626054,0.000174904,0.000119959,0.000127284
3.17694,0.811296,0.000403547,0.000183361,0.000359485,0.965882,0.000103507,5.95336e-05,8.46721e-05,0.000215578,1.20099e-05,3.01837e-06,1.16244e-05,0.626094,0.000177187,0.000121714,0.000128766
3.17948,0.811404,0.000406502,0.000186002,0.000361452,0.965895,0.000103678,5.95934e-05,8.48399e-05,0.000217882,1.20738e-05,3.02487e-06,1.16887e-05,0.626136,0.000179353,0.000123299,0.00013025
3.18202,0.811512,0.000409337,0.000188367,0.000363421,0.965908,0.000103846,5.96465e-05,8.50079e-05,0.000220177,1.21383e-05,3.03395e-06,1.1753e-05,0.626179,0.000181389,0.000124691,0.000131735
3.18455,0.81162,0.000412032,0.000190419,0.000365392,0.965921,0.000104011,5.96931e-05,8.51761e-05,0.000222455,1.22035e-05,3.0454e-06,1.18174e-05,0.626224,0.000183279,0.000125871,0.000133221
3.18709,0.81173,0.000414568,0.000192121,0.000367364,0.965935,0.000104171,5.97331e-05,8.53443e-05,0.000224712,1.22693e-05,3.059e-06,1.18818e-05,0.626271,0.000185012,0.000126819,0.000134708
3.18964,0.81184,0.000416928,0.000193439,0.000369338,0.965948,0.000104329,5.97667e-05,8.55127e-05,0.000226942,1.23356e-05,3.07451e-06,1.19463e-05,0.62632,0.000186576,0.000127519,0.000136196
3.19218,0.811951,0.000419097,0.000194342,0.000371313,0.965961,0.000104482,5.97939e-05,8.56813e-05,0.000229139,1.24023e-05,3.09166e-06,1.20108e-05,0.626371,0.000187962,0.000127955,0.000137686
3.19473,0.812062,0.000421061,0.000194799,0.00037329,0.965974,0.000104633,5.98149e-05,8.58499e-05,0.000231297,1.24694e-05,3.11013e-06,1.20754e-05,0.626424,0.000189163,0.000128111,0.000139177
3.19728,0.812174,0.00042281,0.000194786,0.000375269,0.965987,0.00010478,5.98297e-05,8.60187e-05,0.000233411,1.25369e-05,3.12962e-06,1.214e-05,0.626478,0.000190172,0.000127975,0.000140669
3.19983,0.812286,0.000424336,0.000194279,0.000377249,0.966001,0.000104924,5.98386e-05,8.61877e-05,0.000235475,1.26046e-05,3.1498e-06,1.22047e-05,0.626535,0.000190986,0.000127537,0.000142162
3.20238,0.812399,0.000425639,0.000193269,0.00037923,0.966014,0.000105064,5.98415e-05,8.63567e-05,0.000237483,1.26724e-05,3.17034e-06,1.22694e-05,0.626594,0.000191608,0.000126793,0.000143656
3.20493,0.812512,0.000426738,0.000191784,0.000381214,0.966027,0.000105202,5.98386e-05,8.6526e-05,0.000239429,1.27402e-05,3.19091e-06,1.23342e-05,0.626654,0.000192058,0.000125766,0.000145152
3.20749,0.812625,0.000427658,0.000189869,0.000383199,0.966041,0.000105336,5.983e-05,8.66953e-05,0.000241309,1.28081e-05,3.21114e-06,1.2399e-05,0.626717,0.000192359,0.000124484,0.000146649
3.21005,0.812739,0.000428366,0.000187573,0.000385116,0.966054,0.000105466,5.9816e-05,8.68626e-05,0.000243115,1.28735e-05,3.23072e-06,1.24615e-05,0.626781,0.000192501,0.000122979,0.000148097
3.21261,0.812852,0.000425902,0.000184945,0.00038365,0.966068,0.000105505,5.97966e-05,8.69238e-05,0.000244843,1.28267e-05,3.2493e-06,1.24084e-05,0.626846,0.00019068,0.000121285,0.000147135
3.21517,0.812965,0.000423324,0.000182041,0.000382184,0.966081,0.000105542,5.9772e-05,8.69851e-05,0.000246486,1.27797e-05,3.26656e-06,1.23552e-05,0.626914,0.000188762,0.000119436,0.000146172
3.21774,0.813078,0.000420661,0.000178916,0.000380717,0.966095,0.000105576,5.97423e-05,8.70464e-05,0.00024804,1.27323e-05,3.28219e-06,1.23019e-05,0.626982,0.000186774,0.000117469,0.000145208
3.2203,0.81319,0.000417942,0.000175632,0.000379248,0.966108,0.000105607,5.97077e-05,8.71078e-05,0.000249497,1.26843e-05,3.29587e-06,1.22487e-05,0.627052,0.000184739,0.000115423,0.000144243
3.22287,0.813301,0.000415194,0.00017225,0.000377778,0.966122,0.000105635,5.96685e-05,8.71692e-05,0.000250853,1.26359e-05,3.30732e-06,1.21954e-05,0.627123,0.000182684,0.000113336,0.000143278
3.22544,0.813412,0.000412446,0.000168835,0.000376307,0.966136,0.000105661,5.96246e-05,8.72307e-05,0.000252102,1.25867e-05,3.31627e-06,1.2142e-05,0.627194,0.000180635,0.000111249,0.000142311
3.22802,0.813522,0.000409726,0.000165453,0.000374835,0.966149,0.000105685,5.95765e-05,8.72922e-05,0.000253238,1.25369e-05,3.32247e-06,1.20886e-05,0.627267,0.000178615,0.000109202,0.000141344
3.23059,0.81363,0.00040706,0.000162171,0.000373361,0.966163,0.000105706,5.95241e-05,8.73538e-05,0.000254255,1.24862e-05,3.32569e-06,1.20352e-05,0.62734,0.000176651,0.000107238,0.000140377
3.23317,0.813738,0.000404473,0.000159057,0.000371886,0.966177,0.000105725,5.94677e-05,8.74154e-05,0.000255148,1.24347e-05,3.32572e-06,1.19817e-05,0.627414,0.000174765,0.000105395,0.000139408
3.23575,0.813844,0.000401989,0.000156177,0.000370411,0.96619,0.000105743,5.94076e-05,8.74771e-05,0.000255914,1.23822e-05,3.32249e-06,1.19282e-05,0.627489,0.000172979,0.000103713,0.000138439
3.23833,0.813949,0.000399628,0.000153592,0.000368934,0.966204,0.000105758,5.93438e-05,8.75388e-05,0.000256556,1.23289e-05,3.31616e-06,1.18746e-05,0.627564,0.000171313,0.000102228,0.000137469
3.24091,0.814052,0.000397409,0.000151362,0.000367456,0.966218,0.000105771,5.92766e-05,8.76005e-05,0.000257076,1.22748e-05,3.30693e-06,1.1821e-05,0.627639,0.000169785,0.000100972,0.000136498
3.2435,0.814153,0.000395348,0.000149536,0.000365976,0.966232,0.000105783,5.92063e-05,8.76624e-05,0.000257479,1.22199e-05,3.29502e-06,1.17673e-05,0.627714,0.000168411,9.99737e-05,0.000135526
3.24608,0.814253,0.000393456,0.000148157,0.000364496,0.966246,0.000105793,5.91329e-05,8.77242e-05,0.000257768,1.21644e-05,3.28069e-06,1.17136e-05,0.627789,0.000167201,9.92543e-05,0.000134554
3.24867,0.814351,0.000391744,0.000147255,0.000363014,0.96626,0.000105802,5.90568e-05,8.77861e-05,0.000257946,1.21082e-05,3.26423e-06,1.16599e-05,0.627864,0.000166165,9.88286e-05,0.000133581
3.25127,0.814446,0.000390216,0.000146847,0.000361531,0.966274,0.00010581,5.8978e-05,8.78481e-05,0.000258016,1.20515e-05,3.24591e-06,1.16061e-05,0.627939,0.000165309,9.87035e-05,0.000132607
3.25386,0.81454,0.000388876,0.000146936,0.000360047,0.966288,0.000105816,5.88969e-05,8.79101e-05,0.000257982,1.19943e-05,3.22607e-06,1.15523e-05,0.628013,0.000164632,9.88777e-05,0.000131632
3.25645,0.814631,0.00038772,0.000147513,0.000358562,0.966302,0.000105821,5.88137e-05,8.79722e-05,0.000257847,1.19367e-05,3.20503e-06,1.14984e-05,0.628087,0.000164134,9.93421e-05,0.000130657
3.25905,0.81472,0.000386744,0.000148554,0.000357076,0.966316,0.000105826,5.87286e-05,8.80343e-05,0.000257614,1.18789e-05,3.18314e-06,1.14445e-05,0.628161,0.000163808,0.00010008,0.00012968
3.26165,0.814807,0.00038594,0.000150022,0.000355588,0.96633,0.000105829,5.86418e-05,8.80964e-05,0.000257288,1.1821e-05,3.16075e-06,1.13906e-05,0.628233,0.000163643,0.000101067,0.000128703
3.26425,0.814891,0.000389135,0.00015187,0.000358276,0.966344,0.000105432,5.85535e-05,8.76782e-05,0.000256871,1.18257e-05,3.13823e-06,1.14017e-05,0.628305,0.00016671,0.000102276,0.000131651
3.26686,0.814972,0.000392691,0.000154045,0.000361215,0.966358,0.000105011,5.84639e-05,8.7231e-05,0.000256366,1.18343e-05,3.11596e-06,1.14167e-05,0.628376,0.000170083,0.000103671,0.000134835
3.26946,0.81505,0.000396355,0.000156484,0.000364157,0.966372,0.000104589,5.83734e-05,8.67835e-05,0.000255777,1.18431e-05,3.09432e-06,1.14317e-05,0.628445,0.000173553,0.000105217,0.000138022
3.27207,0.815126,0.000400105,0.000159125,0.000367101,0.966386,0.000104166,5.8282e-05,8.63356e-05,0.000255108,1.18523e-05,3.07367e-06,1.14468e-05,0.628514,0.000177095,0.000106874,0.000141211
3.27468,0.815199,0.000403914,0.000161901,0.000370047,0.966401,0.000103744,5.81902e-05,8.58873e-05,0.000254361,1.18618e-05,3.05439e-06,1.14618e-05,0.628581,0.000180685,0.000108604,0.000144402
3.27729,0.815269,0.000407758,0.000164746,0.000372995,0.966415,0.000103321,5.80979e-05,8.54387e-05,0.000253541,1.18719e-05,3.03684e-06,1.14769e-05,0.628647,0.000184298,0.000110367,0.000147597
3.27991,0.815335,0.000411611,0.000167594,0.000375946,0.966429,0.000102898,5.80057e-05,8.49898e-05,0.000252649,1.18825e-05,3.02138e-06,1.1492e-05,0.628711,0.00018791,0.000112124,0.000150793
3.28252,0.815399,0.000415446,0.000170384,0.0003789,0.966443,0.000102475,5.79135e-05,8.45404e-05,0.000251691,1.18938e-05,3.00833e-06,1.15071e-05,0.628773,0.000191501,0.000113837,0.000153993
3.28514,0.815459,0.000419239,0.000173056,0.000381855,0.966458,0.000102052,5.78217e-05,8.40907e-05,0.000250668,1.19058e-05,2.998e-06,1.15222e-05,0.628834,0.000195049,0.000115473,0.000157194
3.28776,0.815515,0.000422966,0.000175553,0.000384813,0.966472,0.00010163,5.77306e-05,8.36407e-05,0.000249586,1.19186e-05,2.99067e-06,1.15373e-05,0.628893,0.000198535,0.000116997,0.000160399
3.29039,0.815569,0.000426603,0.000177824,0.000387774,0.966486,0.000101208,5.76403e-05,8.31903e-05,0.000248445,1.19322e-05,2.98658e-06,1.15524e-05,0.628949,0.000201942,0.000118379,0.000163606
3.29301,0.815619,0.000430129,0.000179823,0.000390736,0.966501,0.000100787,5.7551e-05,8.27395e-05,0.000247251,1.19467e-05,2.98594e-06,1.15675e-05,0.629004,0.000205255,0.000119592,0.000166815
3.29564,0.815665,0.000433526,0.000181506,0.000393701,0.966515,0.000100366,5.74631e-05,8.22884e-05,0.000246007,1.19621e-05,2.98891e-06,1.15827e-05,0.629056,0.000208462,0.000120611,0.000170027
3.29827,0.815707,0.000436779,0.000182838,0.000396669,0.96653,9.99468e-05,5.73767e-05,8.18369e-05,0.000244716,1.19785e-05,2.99561e-06,1.15978e-05,0.629105,0.000211553,0.000121415,0.000173242
3.3009,0.815746,0.000439874,0.000183788,0.000399639,0.966544,9.95285e-05,5.72921e-05,8.13851e-05,0.00024338,1.19958e-05,3.0061e-06,1.1613e-05,0.629152,0.000214521,0.000121989,0.000176459
3.30353,0.815781,0.000442811,0.000184352,0.000402611,0.966559,9.91113e-05,5.72095e-05,8.09329e-05,0.000242005,1.20141e-05,3.02039e-06,1.16282e-05,0.629197,0.000217369,0.000122331,0.000179679
3.30617,0.81581,0.000445604,0.000184563,0.000405585,0.966573,9.86955e-05,5.7129e-05,8.04803e-05,0.000240592,1.20333e-05,3.03847e-06,1.16434e-05,0.629238,0.000220114,0.000122464,0.000182901
3.3088,0.815834,0.000448272,0.000184459,0.000408562,0.966588,9.82813e-05,5.70511e-05,8.00274e-05,0.000239146,1.20536e-05,3.06025e-06,1.16586e-05,0.629276,0.000222774,0.000122414,0.000186126
3.31144,0.81585,0.000450836,0.000184082,0.000411541,0.966602,9.78687e-05,5.69758e-05,7.95741e-05,0.000237669,1.20747e-05,3.0856e-06,1.16738e-05,0.62931,0.000225366,0.000122209,0.000189354
3.31408,0.815858,0.000453314,0.000183479,0.000414523,0.966617,9.74579e-05,5.69033e-05,7.91204e-05,0.000236165,1.20968e-05,3.11436e-06,1.16891e-05,0.629339,0.000227911,0.00012188,0.000192584
3.31673,0.815856,0.000455673,0.000182698,0.000417444,0.966632,9.79753e-05,5.6834e-05,7.98063e-05,0.000234638,1.2209e-05,3.14631e-06,1.17967e-05,0.629365,0.000227642,0.000121458,0.000192532
3.31937,0.815844,0.000457981,0.000181787,0.000420357,0.966646,9.86396e-05,5.67679e-05,8.0667e-05,0.000233091,1.23357e-05,3.18121e-06,1.19184e-05,0.629385,0.000226917,0.000120977,0.000191979
3.32202,0.815821,0.00046027,0.000180799,0.000423273,0.966661,9.93095e-05,5.67054e-05,8.15284e-05,0.000231527,1.24632e-05,3.21879e-06,1.20403e-05,0.6294,0.000226177,0.000120468,0.000191425
3.32467,0.815786,0.000462559,0.000179783,0.000426191,0.966676,9.99851e-05,5.66466e-05,8.23904e-05,0.000229949,1.25913e-05,3.25874e-06,1.21623e-05,0.629409,0.000225439,0.000119963,0.00019087
3.32732,0.815737,0.000464867,0.000178789,0.000429111,0.96669,0.000100666,5.65917e-05,8.32531e-05,0.000228361,1.27201e-05,3.30075e-06,1.22844e-05,0.629412,0.00022472,0.000119495,0.000190316
3.32998,0.815673,0.000467214,0.000177864,0.000432034,0.966705,0.000101353,5.65408e-05,8.41166e-05,0.000226766,1.28495e-05,3.34447e-06,1.24066e-05,0.629409,0.000224035,0.000119091,0.00018976
3.33263,0.815595,0.000469613,0.000177052,0.000434959,0.96672,0.000102046,5.64943e-05,8.49807e-05,0.000225168,1.29793e-05,3.38955e-06,1.25289e-05,0.6294,0.000223399,0.000118781,0.000189205
3.33529,0.8155,0.00047208,0.000176396,0.000437886,0.966735,0.000102744,5.64522e-05,8.58455e-05,0.00022357,1.31094e-05,3.43563e-06,1.26512e-05,0.629383,0.000222825,0.000118587,0.000188648
3.33795,0.815387,0.000474625,0.000175929,0.000440815,0.966749,0.000103448,5.64148e-05,8.67109e-05,0.000221975,1.32399e-05,3.48234e-06,1.27737e-05,0.629358,0.000222324,0.00011853,0.000188092
3.34062,0.815256,0.000477259,0.000175682,0.000443747,0.966764,0.000104157,5.63821e-05,8.75771e-05,0.000220387,1.33705e-05,3.52931e-06,1.28963e-05,0.629326,0.000221904,0.000118627,0.000187535
3.34328,0.815105,0.000479986,0.000175676,0.000446682,0.966779,0.000104872,5.63545e-05,8.8444e-05,0.000218808,1.35012e-05,3.57617e-06,1.30189e-05,0.629286,0.000221574,0.000118888,0.000186977
3.34595,0.814934,0.000482812,0.000175928,0.000449618,0.966794,0.000105593,5.63319e-05,8.93115e-05,0.000217243,1.36319e-05,3.62255e-06,1.31417e-05,0.629237,0.000221336,0.00011932,0.000186419
3.34862,0.814741,0.000485737,0.000176442,0.000452557,0.966809,0.000106319,5.63147e-05,9.01798e-05,0.000215695,1.37624e-05,3.66808e-06,1.32646e-05,0.62918,0.000221193,0.000119925,0.000185861
3.35129,0.814526,0.000488759,0.000177219,0.000455499,0.966824,0.000107051,5.63028e-05,9.10487e-05,0.000214167,1.38927e-05,3.71241e-06,1.33875e-05,0.629113,0.000221145,0.000120698,0.000185302
3.35396,0.814288,0.000491875,0.000178247,0.000458442,0.966839,0.000107788,5.62966e-05,9.19184e-05,0.000212662,1.40227e-05,3.75517e-06,1.35106e-05,0.629036,0.000221187,0.00012163,0.000184743
3.35664,0.814024,0.000495079,0.00017951,0.000461388,0.966853,0.000108531,5.6296e-05,9.27887e-05,0.000211184,1.41523e-05,3.79602e-06,1.36338e-05,0.62895,0.000221315,0.000122707,0.000184183
3.35931,0.813736,0.000498361,0.000180983,0.000464337,0.966868,0.000109279,5.63011e-05,9.36597e-05,0.000209736,1.42814e-05,3.8346e-06,1.3757e-05,0.628853,0.000221521,0.000123912,0.000183623
3.36199,0.81342,0.00050171,0.000182633,0.000467288,0.966883,0.000110033,5.63122e-05,9.45314e-05,0.000208322,1.44099e-05,3.8706e-06,1.38804e-05,0.628745,0.000221793,0.000125221,0.000183062
3.36468,0.813078,0.000505113,0.000184426,0.000470241,0.966898,0.000110792,5.63293e-05,9.54039e-05,0.000206945,1.45377e-05,3.90368e-06,1.40038e-05,0.628627,0.00022212,0.000126611,0.000182501
3.36736,0.812706,0.000508556,0.000186319,0.000473196,0.966913,0.000111557,5.63525e-05,9.6277e-05,0.000205608,1.46648e-05,3.93352e-06,1.41274e-05,0.628497,0.000222486,0.000128054,0.00018194
3.37005,0.812306,0.000515052,0.000188267,0.00047941,0.966928,0.000111197,5.63819e-05,9.58428e-05,0.000204314,1.46513e-05,3.9598e-06,1.41061e-05,0.628355,0.000223494,0.00012952,0.000182138
3.37273,0.811874,0.000522357,0.000190224,0.000486489,0.966944,0.000110544,5.64176e-05,9.5063e-05,0.000203067,1.46001e-05,3.98224e-06,1.40465e-05,0.628201,0.000224667,0.000130978,0.000182537
3.37543,0.811411,0.000529653,0.000192141,0.000493573,0.966959,0.000109895,5.64595e-05,9.42825e-05,0.000201871,1.45477e-05,4.00054e-06,1.39868e-05,0.628035,0.000225821,0.000132399,0.000182937
3.37812,0.810916,0.000536923,0.000193967,0.000500663,0.966974,0.00010925,5.65079e-05,9.35014e-05,0.000200728,1.44942e-05,4.01442e-06,1.39271e-05,0.627855,0.000226938,0.000133748,0.000183336
3.38081,0.810387,0.00054415,0.000195654,0.000507758,0.966989,0.000108611,5.65627e-05,9.27196e-05,0.000199643,1.44393e-05,4.0236e-06,1.38674e-05,0.627663,0.000227998,0.000134997,0.000183736
3.38351,0.809824,0.000551316,0.000197152,0.00051486,0.967004,0.000107976,5.66239e-05,9.19373e-05,0.000198617,1.43831e-05,4.02782e-06,1.38076e-05,0.627457,0.000228982,0.000136112,0.000184137
3.38621,0.809225,0.000558406,0.000198413,0.000521967,0.967019,0.000107345,5.66917e-05,9.11543e-05,0.000197656,1.43254e-05,4.02684e-06,1.37478e-05,0.627237,0.000229872,0.000137065,0.000184538
3.38891,0.808589,0.000565404,0.000199391,0.000529079,0.967034,0.00010672,5.67659e-05,9.03707e-05,0.000196761,1.42661e-05,4.02042e-06,1.36879e-05,0.627002,0.000230648,0.000137827,0.000184939
3.39161,0.807917,0.000572298,0.000200043,0.000536198,0.967049,0.0001061,5.68467e-05,8.95864e-05,0.000195935,1.42053e-05,4.0085e-06,1.3628e-05,0.626753,0.000231295,0.00013837,0.00018534
3.39432,0.807205,0.000579076,0.000200327,0.000543322,0.967065,0.000105486,5.6934e-05,8.88016e-05,0.000195175,1.41429e-05,3.99124e-06,1.3568e-05,0.626489,0.000231796,0.00013867,0.000185742
3.39703,0.806454,0.00058573,0.000200208,0.000550451,0.96708,0.000104876,5.70278e-05,8.80161e-05,0.00019448,1.4079e-05,3.96885e-06,1.3508e-05,0.62621,0.000232139,0.000138705,0.000186144
3.39974,0.805663,0.000592253,0.000199652,0.000557586,0.967095,0.000104272,5.71281e-05,8.723e-05,0.000193848,1.40136e-05,3.94152e-06,1.34479e-05,0.625915,0.000232312,0.000138453,0.000186546
3.40245,0.804831,0.000598644,0.000198639,0.000564728,0.96711,0.000103674,5.72349e-05,8.64432e-05,0.000193276,1.39469e-05,3.90947e-06,1.33878e-05,0.625604,0.000232309,0.000137905,0.000186949
3.40516,0.803958,0.000604917,0.000197192,0.000571874,0.967125,0.000103081,5.73481e-05,8.56558e-05,0.000192764,1.3879e-05,3.87293e-06,1.33276e-05,0.625277,0.000232143,0.000137075,0.000187352
3.40788,0.803044,0.000611093,0.000195354,0.000579027,0.967141,0.000102494,5.74677e-05,8.48678e-05,0.000192309,1.38098e-05,3.83216e-06,1.32674e-05,0.624934,0.000231832,0.000135993,0.000187755
3.4106,0.802092,0.000617193,0.00019317,0.000586185,0.967156,0.000101913,5.75936e-05,8.40792e-05,0.00019191,1.37395e-05,3.78739e-06,1.32072e-05,0.624576,0.000231398,0.00013469,0.000188159
3.41332,0.801101,0.000623238,0.00019069,0.000593349,0.967171,0.000101338,5.77258e-05,8.329e-05,0.000191565,1.36682e-05,3.7389e-06,1.31468e-05,0.624203,0.000230862,0.000133197,0.000188562
3.41604,0.800073,0.000629249,0.000187969,0.000600518,0.967187,0.00010077,5.78642e-05,8.25001e-05,0.000191271,1.35959e-05,3.68697e-06,1.30865e-05,0.623815,0.000230248,0.000131551,0.000188967
3.41877,0.799007,0.000635248,0.000185063,0.000607693,0.967202,0.000100207,5.80087e-05,8.17096e-05,0.000191027,1.35229e-05,3.63187e-06,1.30261e-05,0.623412,0.000229579,0.000129789,0.000189371
3.42149,0.797906,0.000641253,0.000182031,0.000614874,0.967217,9.96508e-05,5.81592e-05,8.09184e-05,0.000190832,1.34492e-05,3.57391e-06,1.29656e-05,0.622995,0.000228879,0.000127947,0.000189776
3.42422,0.79677,0.000644081,0.000178935,0.000618727,0.967232,0.000101598,5.83156e-05,8.31956e-05,0.000190682,1.34528e-05,3.51339e-06,1.29859e-05,0.622563,0.00023081,0.000126066,0.00019334
3.42695,0.7956,0.000645657,0.000175836,0.000621252,0.967248,0.000104577,5.84779e-05,8.66992e-05,0.000190578,1.34873e-05,3.45063e-06,1.30384e-05,0.622118,0.000233863,0.000124183,0.000198168
3.42969,0.794395,0.000647271,0.000172797,0.000623779,0.967263,0.000107594,5.86459e-05,9.02056e-05,0.000190516,1.35218e-05,3.38597e-06,1.3091e-05,0.62166,0.000237013,0.000122338,0.000202999
3.43242,0.793159,0.000648938,0.000169879,0.000626309,0.967279,0.000110644,5.88194e-05,9.37147e-05,0.000190494,1.35563e-05,3.31974e-06,1.31436e-05,0.621188,0.000240274,0.000120568,0.000207834
3.43516,0.79189,0.000650673,0.00016714,0.00062884,0.967294,0.000113727,5.89985e-05,9.72267e-05,0.000190512,1.35911e-05,3.25229e-06,1.31962e-05,0.620703,0.000243657,0.000118908,0.000212673
3.4379,0.79059,0.000652485,0.000164635,0.000631373,0.967309,0.000116839,5.91828e-05,0.000100741,0.000190567,1.36261e-05,3.184e-06,1.32489e-05,0.620205,0.000247172,0.000117392,0.000217516
3.44064,0.78926,0.000654383,0.000162413,0.000633908,0.967325,0.000119979,5.93724e-05,0.000104259,0.000190657,1.36616e-05,3.11524e-06,1.33017e-05,0.619694,0.000250823,0.000116048,0.000222362
3.44339,0.787901,0.000656375,0.000160517,0.000636446,0.96734,0.000123145,5.9567e-05,0.000107779,0.000190781,1.36975e-05,3.04639e-06,1.33544e-05,0.619171,0.000254613,0.000114901,0.000227213
3.44614,0.786512,0.000658465,0.00015898,0.000638985,0.967356,0.000126334,5.97665e-05,0.000111303,0.000190936,1.3734e-05,2.97786e-06,1.34072e-05,0.618636,0.000258542,0.000113969,0.000232067
3.44888,0.785096,0.000660654,0.000157823,0.000641526,0.967371,0.000129546,5.99708e-05,0.000114829,0.000191121,1.37711e-05,2.91006e-06,1.34601e-05,0.61809,0.000262608,0.000113265,0.000236926
3.45164,0.783653,0.000662942,0.000157058,0.00064407,0.967387,0.000132778,6.01796e-05,0.000118358,0.000191335,1.38089e-05,2.84341e-06,1.3513e-05,0.617531,0.000266803,0.000112795,0.000241788
3.45439,0.782184,0.000665327,0.000156682,0.000646615,0.967402,0.00013603,6.03929e-05,0.000121889,0.000191574,1.38475e-05,2.77833e-06,1.35659e-05,0.616962,0.000271122,0.000112557,0.000246654
3.45714,0.780689,0.000667803,0.000156683,0.000649162,0.967417,0.000139301,6.06104e-05,0.000125424,0.000191837,1.3887e-05,2.71525e-06,1.36189e-05,0.616381,0.000275553,0.000112541,0.000251524
3.4599,0.77917,0.000670364,0.000157035,0.000651712,0.967433,0.000142588,6.08319e-05,0.000128961,0.000192124,1.39273e-05,2.65461e-06,1.3672e-05,0.61579,0.000280086,0.000112732,0.000256397
3.46266,0.777627,0.000673,0.000157699,0.000654263,0.967448,0.000145892,6.10574e-05,0.000132501,0.00019243,1.39685e-05,2.59682e-06,1.3725e-05,0.615188,0.000284707,0.000113108,0.000261275
3.46542,0.77606,0.000675701,0.000158631,0.000656817,0.967464,0.000149211,6.12865e-05,0.000136044,0.000192756,1.40107e-05,2.54231e-06,1.37781e-05,0.614576,0.000289402,0.000113641,0.000266157
3.46819,0.774472,0.000678454,0.000159776,0.000659372,0.967479,0.000152545,6.15192e-05,0.00013959,0.000193098,1.40539e-05,2.49147e-06,1.38313e-05,0.613954,0.000294157,0.000114299,0.000271042
3.47096,0.772862,0.000681246,0.000161074,0.00066193,0.967495,0.000155892,6.17552e-05,0.000143138,0.000193456,1.40981e-05,2.44469e-06,1.38845e-05,0.613322,0.000298954,0.000115045,0.000275932
3.47372,0.771231,0.000684062,0.000162463,0.00066449,0.96751,0.000159252,6.19943e-05,0.00014669,0.000193827,1.41432e-05,2.40229e-06,1.39377e-05,0.612681,0.000303779,0.000115841,0.000280825
3.47649,0.769581,0.000686886,0.000163875,0.000667051,0.967526,0.000162624,6.22364e-05,0.000150244,0.000194209,1.41894e-05,2.36458e-06,1.3991e-05,0.61203,0.000308616,0.000116648,0.000285722
3.47927,0.767912,0.000683324,0.000165245,0.000663043,0.967541,0.000163243,6.24812e-05,0.000150812,0.000194601,1.41829e-05,2.3318e-06,1.39899e-05,0.611371,0.000309633,0.000117424,0.000286503
3.48204,0.766224,0.000676132,0.000166506,0.000655309,0.967557,0.000162301,6.27286e-05,0.000149688,0.000195001,1.4147e-05,2.30413e-06,1.39581e-05,0.610702,0.000308468,0.000118129,0.000284953
3.48482,0.764519,0.000668905,0.000167594,0.000647569,0.967573,0.000161361,6.29783e-05,0.000148564,0.000195407,1.41119e-05,2.2817e-06,1.39262e-05,0.610026,0.000307264,0.000118724,0.000283401
3.4876,0.762798,0.000661626,0.000168448,0.000639824,0.967588,0.000160425,6.32302e-05,0.000147438,0.000195817,1.40776e-05,2.26453e-06,1.38943e-05,0.609341,0.000306006,0.000119171,0.000281847
3.49038,0.761061,0.000654278,0.000169011,0.000632072,0.967604,0.000159491,6.3484e-05,0.000146312,0.000196229,1.40442e-05,2.25259e-06,1.38624e-05,0.608648,0.000304678,0.000119435,0.000280293
3.49317,0.759308,0.000646843,0.000169229,0.000624313,0.967619,0.00015856,6.37395e-05,0.000145184,0.000196641,1.40115e-05,2.24577e-06,1.38304e-05,0.607947,0.000303266,0.000119483,0.000278737
3.49595,0.757542,0.000639306,0.000169055,0.000616549,0.967635,0.000157632,6.39966e-05,0.000144056,0.000197053,1.39797e-05,2.24387e-06,1.37984e-05,0.607239,0.000301758,0.000119285,0.00027718
3.49874,0.755761,0.000631653,0.000168448,0.000608778,0.96765,0.000156706,6.4255e-05,0.000142927,0.000197461,1.39485e-05,2.24664e-06,1.37664e-05,0.606524,0.000300142,0.000118819,0.000275622
3.50153,0.753969,0.000623874,0.000167378,0.000601002,0.967666,0.000155783,6.45144e-05,0.000141797,0.000197864,1.3918e-05,2.25374e-06,1.37344e-05,0.605802,0.000298411,0.000118064,0.000274062
3.50433,0.752163,0.000615968,0.000165856,0.000593219,0.967682,0.000154863,6.47748e-05,0.000140666,0.00019826,1.38882e-05,2.26481e-06,1.37023e-05,0.605073,0.00029657,0.000117031,0.000272502
3.50712,0.750345,0.000607949,0.000163933,0.000585429,0.967697,0.000153946,6.50359e-05,0.000139534,0.000198647,1.38589e-05,2.27943e-06,1.36702e-05,0.604336,0.000294631,0.000115755,0.00027094
3.50992,0.748512,0.000599831,0.000161668,0.000577634,0.967713,0.000153032,6.52975e-05,0.000138401,0.000199024,1.38302e-05,2.29714e-06,1.36381e-05,0.603592,0.000292613,0.000114274,0.000269377
3.51272,0.746665,0.000591634,0.000159128,0.000569832,0.967728,0.00015212,6.55594e-05,0.000137268,0.000199388,1.38019e-05,2.31748e-06,1.36059e-05,0.602841,0.000290534,0.000112635,0.000267812
3.51552,0.744802,0.000583377,0.000156388,0.000562024,0.967744,0.000151211,6.58213e-05,0.000136133,0.000199738,1.3774e-05,2.33996e-06,1.35738e-05,0.602081,0.000288414,0.000110886,0.000266247
3.51833,0.742923,0.000575082,0.000153527,0.00055421,0.96776,0.000150304,6.60832e-05,0.000134997,0.000200073,1.37464e-05,2.36411e-06,1.35416e-05,0.601313,0.000286275,0.000109079,0.00026468
3.52113,0.741028,0.000566773,0.000150631,0.00054639,0.967775,0.0001494,6.63447e-05,0.000133861,0.000200389,1.37191e-05,2.38946e-06,1.35094e-05,0.600536,0.000284139,0.000107272,0.000263111
3.52394,0.739116,0.000558473,0.00014779,0.000538563,0.967791,0.000148499,6.66056e-05,0.000132724,0.000200685,1.36919e-05,2.41553e-06,1.34771e-05,0.59975,0.000282026,0.00010552,0.000261542
3.52675,0.737186,0.000550207,0.000145095,0.000530731,0.967806,0.0001476,6.68659e-05,0.000131586,0.00020096,1.36648e-05,2.4419e-06,1.34449e-05,0.598955,0.000279959,0.000103883,0.000259971
3.52957,0.735237,0.000541997,0.000142638,0.000522892,0.967822,0.000146704,6.71251e-05,0.000130446,0.000201212,1.36378e-05,2.46815e-06,1.34126e-05,0.598151,0.000277957,0.000102419,0.000258399
3.53238,0.733268,0.000533868,0.000140509,0.000515046,0.967838,0.00014581,6.73833e-05,0.000129306,0.000201438,1.36107e-05,2.4939e-06,1.33802e-05,0.597337,0.000276039,0.000101182,0.000256826
3.5352,0.73128,0.000531463,0.000138792,0.00051302,0.967853,0.000145183,6.76402e-05,0.000128463,0.000201637,1.36405e-05,2.51877e-06,1.34059e-05,0.596513,0.000275221,0.000100224,0.000256323
3.53802,0.729271,0.000533567,0.000137561,0.000515529,0.967869,0.000144761,6.78955e-05,0.000127852,0.000201807,1.37145e-05,2.54247e-06,1.34768e-05,0.595679,0.000275298,9.9587e-05,0.000256655
3.54084,0.727241,0.000535818,0.000136876,0.00051804,0.967885,0.00014434,6.81491e-05,0.000127239,0.000201947,1.37883e-05,2.56469e-06,1.35477e-05,0.594834,0.000275506,9.93066e-05,0.000256986
3.54367,0.725189,0.000538223,0.000136778,0.000520554,0.9679,0.00014392,6.84008e-05,0.000126627,0.000202054,1.38618e-05,2.5852e-06,1.36186e-05,0.593978,0.000275852,9.94056e-05,0.000257318
3.54649,0.723114,0.000540786,0.00013729,0.000523069,0.967916,0.0001435,6.86504e-05,0.000126013,0.000202126,1.39351e-05,2.6038e-06,1.36897e-05,0.593111,0.000276338,9.98946e-05,0.00025765
3.54932,0.721016,0.000543506,0.000138411,0.000525586,0.967931,0.00014308,6.88977e-05,0.0001254,0.000202162,1.4008e-05,2.62032e-06,1.37608e-05,0.592233,0.000276966,0.000100771,0.000257983
3.55215,0.718894,0.000546379,0.000140121,0.000528106,0.967947,0.000142661,6.91425e-05,0.000124785,0.000202161,1.40806e-05,2.63466e-06,1.38319e-05,0.591343,0.000277732,0.000102021,0.000258315
3.55499,0.716747,0.000549397,0.000142378,0.000530627,0.967963,0.000142241,6.93847e-05,0.000124171,0.000202121,1.41528e-05,2.64693e-06,1.39031e-05,0.590441,0.000278631,0.000103616,0.000258648
3.55782,0.714575,0.000552549,0.000145124,0.00053315,0.967978,0.000141822,6.96241e-05,0.000123555,0.000202046,1.42248e-05,2.65737e-06,1.39744e-05,0.589527,0.000279653,0.00010552,0.000258982
3.56066,0.712377,0.000555822,0.000148288,0.000535676,0.967994,0.000141403,6.98605e-05,0.00012294,0.000201938,1.42965e-05,2.6663e-06,1.40457e-05,0.5886,0.000280786,0.000107688,0.000259315
3.5635,0.710152,0.000559198,0.000151789,0.000538203,0.96801,0.000140983,7.00937e-05,0.000122324,0.000201799,1.43681e-05,2.67402e-06,1.4117e-05,0.587661,0.000282016,0.00011007,0.000259649
3.56634,0.7079,0.000562658,0.00015554,0.000540732,0.968025,0.000140563,7.03236e-05,0.000121707,0.000201631,1.44395e-05,2.68088e-06,1.41885e-05,0.586708,0.000283325,0.000112613,0.000259983
3.56919,0.70562,0.000566181,0.000159454,0.000543264,0.968041,0.000140143,7.055e-05,0.00012109,0.000201437,1.45109e-05,2.68723e-06,1.42599e-05,0.585742,0.000284693,0.000115261,0.000260317
3.57204,0.70331,0.000569743,0.00016344,0.000545797,0.968056,0.000139722,7.07727e-05,0.000120472,0.000201218,1.45824e-05,2.69343e-06,1.43315e-05,0.584763,0.0002861,0.000117958,0.000260652
3.57489,0.700972,0.000573319,0.000167411,0.000548332,0.968072,0.000139301,7.09916e-05,0.000119854,0.000200978,1.46539e-05,2.69984e-06,1.44031e-05,0.583769,0.000287524,0.000120649,0.000260987
3.57774,0.698603,0.000576885,0.000171284,0.00055087,0.968088,0.000138879,7.12066e-05,0.000119235,0.000200717,1.47257e-05,2.70681e-06,1.44747e-05,0.582762,0.000288941,0.000123281,0.000261322
3.58059,0.696203,0.000580413,0.000174977,0.000553409,0.968103,0.000138457,7.14174e-05,0.000118616,0.000200439,1.47976e-05,2.71471e-06,1.45464e-05,0.581739,0.000290329,0.000125803,0.000261657
3.58345,0.693772,0.000583878,0.000178414,0.000555951,0.968119,0.000138033,7.16239e-05,0.000117996,0.000200145,1.48698e-05,2.72386e-06,1.46182e-05,0.580703,0.000291663,0.000128168,0.000261993
3.58631,0.691308,0.000587254,0.000181525,0.000558494,0.968135,0.000137609,7.1826e-05,0.000117376,0.000199838,1.49424e-05,2.73458e-06,1.469e-05,0.579651,0.00029292,0.000130329,0.000262329
3.58917,0.688811,0.000590518,0.000184242,0.00056104,0.96815,0.000137183,7.20236e-05,0.000116756,0.000199521,1.50154e-05,2.74717e-06,1.47619e-05,0.578584,0.000294078,0.000132247,0.000262665
3.59203,0.686281,0.000596998,0.000186506,0.000567117,0.968166,0.000137641,7.22165e-05,0.000117175,0.000199194,1.5073e-05,2.76189e-06,1.48178e-05,0.577501,0.000295525,0.000133883,0.000263459
3.59489,0.683717,0.000606874,0.000188261,0.000576935,0.968181,0.000139036,7.24045e-05,0.000118695,0.000198861,1.51144e-05,2.77897e-06,1.48567e-05,0.576403,0.000297264,0.000135203,0.000264738
3.59776,0.681117,0.00061659,0.000189458,0.000586761,0.968197,0.000140432,7.25877e-05,0.000120217,0.000198524,1.51563e-05,2.7986e-06,1.48957e-05,0.575288,0.000298848,0.000136178,0.000266018
3.60063,0.678482,0.000626136,0.000190055,0.000596595,0.968213,0.000141829,7.27657e-05,0.00012174,0.000198185,1.51988e-05,2.82093e-06,1.49347e-05,0.574157,0.000300265,0.000136784,0.0002673
3.6035,0.675811,0.000635516,0.000190042,0.000606436,0.968228,0.000143227,7.29386e-05,0.000123264,0.000197846,1.52418e-05,2.84607e-06,1.49737e-05,0.57301,0.000301513,0.000137018,0.000268582
3.60638,0.673106,0.000644751,0.000189464,0.000616285,0.968244,0.000144626,7.31062e-05,0.000124789,0.00019751,1.52854e-05,2.87408e-06,1.50128e-05,0.571847,0.000302609,0.000136911,0.000269865
3.60926,0.67037,0.000653866,0.000188378,0.000626142,0.968259,0.000146027,7.32684e-05,0.000126315,0.000197178,1.53296e-05,2.90497e-06,1.50519e-05,0.570669,0.000303571,0.000136503,0.00027115
3.61214,0.667606,0.000662885,0.000186848,0.000636007,0.968275,0.000147428,7.34252e-05,0.000127843,0.000196853,1.53744e-05,2.93872e-06,1.5091e-05,0.569478,0.000304422,0.000135837,0.000272435
3.61502,0.664814,0.000671836,0.000184939,0.00064588,0.96829,0.000148831,7.35763e-05,0.000129372,0.000196537,1.54199e-05,2.97526e-06,1.51301e-05,0.568274,0.000305185,0.00013496,0.000273722
3.6179,0.661998,0.000680743,0.000182725,0.000655761,0.968306,0.000150234,7.37218e-05,0.000130902,0.000196233,1.54659e-05,3.01447e-06,1.51693e-05,0.567059,0.000305882,0.000133918,0.000275009
3.62079,0.65916,0.00068963,0.000180279,0.000665649,0.968322,0.000151638,7.38615e-05,0.000132433,0.000195942,1.55125e-05,3.0562e-06,1.52085e-05,0.565832,0.000306538,0.000132761,0.000276298
3.62367,0.656303,0.000698521,0.000177678,0.000675546,0.968337,0.000153043,7.39955e-05,0.000133966,0.000195667,1.55597e-05,3.10028e-06,1.52477e-05,0.564596,0.000307176,0.000131538,0.000277587
3.62657,0.653427,0.000707437,0.000175002,0.00068545,0.968353,0.000154449,7.41235e-05,0.0001355,0.000195411,1.56075e-05,3.14648e-06,1.5287e-05,0.56335,0.000307816,0.000130299,0.000278878
3.62946,0.650536,0.000716398,0.000172328,0.000695362,0.968368,0.000155855,7.42455e-05,0.000137035,0.000195174,1.56557e-05,3.19456e-06,1.53263e-05,0.562096,0.000308479,0.000129092,0.000280169
3.63235,0.647633,0.00072542,0.000169736,0.000705283,0.968384,0.000157263,7.43616e-05,0.000138571,0.00019496,1.57044e-05,3.24426e-06,1.53657e-05,0.560836,0.000309186,0.000127964,0.000281462
3.63525,0.644718,0.000734518,0.000167301,0.000715211,0.968399,0.00015867,7.44716e-05,0.000140108,0.000194771,1.57535e-05,3.2953e-06,1.5405e-05,0.559568,0.000309951,0.000126959,0.000282756
3.63815,0.641795,0.000743703,0.000165095,0.000725147,0.968415,0.000160079,7.45755e-05,0.000141647,0.000194608,1.5803e-05,3.34738e-06,1.54444e-05,0.558296,0.000310789,0.000126115,0.00028405
3.64105,0.638866,0.000752985,0.000163182,0.000735091,0.96843,0.000161488,7.46732e-05,0.000143187,0.000194475,1.58528e-05,3.40018e-06,1.54839e-05,0.557019,0.000311711,0.000125466,0.000285346
3.64396,0.635933,0.00076237,0.000161618,0.000745042,0.968446,0.000162899,7.47648e-05,0.000144728,0.000194374,1.59028e-05,3.45339e-06,1.55233e-05,0.555738,0.000312727,0.000125037,0.000286643
3.64686,0.632998,0.000771862,0.000160446,0.000755002,0.968461,0.000164309,7.48503e-05,0.00014627,0.000194306,1.5953e-05,3.50668e-06,1.55628e-05,0.554455,0.000313842,0.000124849,0.00028794
3.64977,0.630064,0.000777476,0.000159696,0.000760898,0.968477,0.000165688,7.49295e-05,0.000147777,0.000194274,1.60051e-05,3.55973e-06,1.56042e-05,0.55317,0.000315275,0.00012491,0.000289475
3.65268,0.627133,0.000777442,0.000159386,0.000760929,0.968492,0.000167019,7.50026e-05,0.000149231,0.00019428,1.60599e-05,3.6122e-06,1.56484e-05,0.551885,0.000317121,0.000125223,0.00029135
3.6556,0.624206,0.000777498,0.000159512,0.000760959,0.968508,0.000168351,7.50695e-05,0.000150687,0.000194326,1.61146e-05,3.66378e-06,1.56925e-05,0.550599,0.000319065,0.00012578,0.000293227
3.65851,0.621287,0.000777641,0.00016006,0.00076099,0.968523,0.000169683,7.51302e-05,0.000152144,0.000194415,1.61691e-05,3.71414e-06,1.57368e-05,0.549315,0.000321101,0.000126565,0.000295105
3.66143,0.618378,0.000777864,0.000160997,0.00076102,0.968539,0.000171015,7.51848e-05,0.000153602,0.000194549,1.62235e-05,3.76296e-06,1.5781e-05,0.548033,0.000323218,0.000127553,0.000296985
3.66435,0.615481,0.00077816,0.000162277,0.000761051,0.968554,0.000172348,7.52333e-05,0.000155061,0.00019473,1.62775e-05,3.80992e-06,1.58253e-05,0.546753,0.000325405,0.000128714,0.000298866
3.66728,0.612598,0.000778518,0.000163844,0.000761082,0.968569,0.000173682,7.52758e-05,0.000156521,0.00019496,1.63311e-05,3.85473e-06,1.58696e-05,0.545478,0.000327648,0.000130012,0.000300749
3.6702,0.609731,0.000778926,0.000165632,0.000761112,0.968585,0.000175015,7.53123e-05,0.000157982,0.000195242,1.63842e-05,3.89709e-06,1.5914e-05,0.544207,0.00032993,0.000131404,0.000302633
3.67313,0.606883,0.00077937,0.000167567,0.000761143,0.9686,0.00017635,7.53429e-05,0.000159445,0.000195577,1.64368e-05,3.93672e-06,1.59584e-05,0.542942,0.000332236,0.000132848,0.000304519
3.67606,0.604056,0.000779833,0.000169572,0.000761174,0.968616,0.000177685,7.53677e-05,0.000160909,0.000195969,1.64887e-05,3.97334e-06,1.60028e-05,0.541683,0.000334545,0.000134295,0.000306406
3.67899,0.601252,0.0007803,0.000171568,0.000761204,0.968631,0.000179021,7.53868e-05,0.000162374,0.000196419,1.65399e-05,4.00669e-06,1.60473e-05,0.540432,0.000336838,0.000135699,0.000308295
3.68193,0.598473,0.000780751,0.000173473,0.000761235,0.968646,0.000180357,7.54002e-05,0.00016384,0.000196929,1.65904e-05,4.03654e-06,1.60918e-05,0.53919,0.000339097,0.000137011,0.000310186
3.68486,0.595722,0.000781168,0.00017521,0.000761266,0.968662,0.000181694,7.54081e-05,0.000165307,0.000197501,1.66399e-05,4.06264e-06,1.61364e-05,0.537956,0.000341302,0.000138184,0.000312077
3.6878,0.593001,0.000781534,0.000176701,0.000761297,0.968677,0.000183032,7.54107e-05,0.000166776,0.000198139,1.66886e-05,4.08479e-06,1.61809e-05,0.536733,0.000343434,0.000139174,0.000313971
3.69075,0.590313,0.00078183,0.000177873,0.000761327,0.968692,0.000184371,7.5408e-05,0.000168245,0.000198844,1.67362e-05,4.1028e-06,1.62255e-05,0.535522,0.000345475,0.000139936,0.000315866
3.69369,0.587659,0.000782039,0.000178657,0.000761358,0.968708,0.000185711,7.54003e-05,0.000169716,0.000199618,1.67829e-05,4.11651e-06,1.62702e-05,0.534322,0.000347409,0.00014043,0.000317762
3.69664,0.585041,0.000782145,0.000178988,0.000761389,0.968723,0.000187053,7.53878e-05,0.000171188,0.000200464,1.68285e-05,4.12576e-06,1.63149e-05,0.533135,0.000349222,0.000140618,0.00031966
3.69958,0.582463,0.000782134,0.00017881,0.00076142,0.968738,0.000188395,7.53705e-05,0.000172661,0.000201383,1.6873e-05,4.13045e-06,1.63596e-05,0.531963,0.000350901,0.000140468,0.000321559
3.70254,0.579925,0.000781997,0.00017808,0.000761451,0.968754,0.000189738,7.53488e-05,0.000174135,0.000202379,1.69164e-05,4.1305e-06,1.64043e-05,0.530805,0.000352441,0.000139958,0.00032346
3.70549,0.57743,0.00078174,0.000176814,0.000761482,0.968769,0.000191083,7.5323e-05,0.000175611,0.000203453,1.69587e-05,4.12585e-06,1.64491e-05,0.529663,0.000353851,0.000139102,0.000325362
3.70845,0.574977,0.000780039,0.000175056,0.000760143,0.968784,0.000191496,7.52935e-05,0.000176072,0.000204607,1.69582e-05,4.11652e-06,1.6451e-05,0.528536,0.000355607,0.000137936,0.000327765
3.7114,0.572566,0.000775569,0.000172856,0.000756061,0.968799,0.00019004,7.52608e-05,0.000174503,0.000205844,1.68733e-05,4.10254e-06,1.6367e-05,0.527425,0.000358195,0.000136497,0.000331168
3.71436,0.5702,0.000771013,0.000170273,0.000751976,0.968814,0.000188585,7.52255e-05,0.000172932,0.000207166,1.67872e-05,4.08402e-06,1.62829e-05,0.526331,0.000360719,0.000134828,0.000334573
3.71733,0.567877,0.000766387,0.000167371,0.000747888,0.96883,0.000187129,7.51879e-05,0.00017136,0.000208576,1.67e-05,4.06114e-06,1.61987e-05,0.525254,0.0003632,0.000132976,0.000337981
3.72029,0.565598,0.00076171,0.00016422,0.000743797,0.968845,0.000185674,7.51485e-05,0.000169786,0.000210074,1.66117e-05,4.03413e-06,1.61145e-05,0.524194,0.00036566,0.00013099,0.000341392
3.72326,0.563364,0.000756998,0.000160893,0.000739702,0.96886,0.000184218,7.51079e-05,0.000168212,0.000211664,1.65225e-05,4.00335e-06,1.60302e-05,0.523152,0.000368119,0.000128921,0.000344806
3.72623,0.561175,0.000752269,0.000157467,0.000735604,0.968875,0.000182763,7.50664e-05,0.000166636,0.000213344,1.64324e-05,3.96951e-06,1.59458e-05,0.522128,0.000370598,0.000126823,0.000348222
3.7292,0.559032,0.000747543,0.000154025,0.000731503,0.96889,0.000181309,7.50247e-05,0.000165058,0.000215111,1.63418e-05,3.93354e-06,1.58613e-05,0.521122,0.000373113,0.000124749,0.000351641
3.73218,0.556935,0.000742835,0.000150649,0.000727398,0.968906,0.000179856,7.49831e-05,0.00016348,0.00021696,1.62509e-05,3.89641e-06,1.57768e-05,0.520135,0.000375683,0.000122753,0.000355062
3.73515,0.554885,0.000738161,0.000147421,0.000723291,0.968921,0.000178404,7.49422e-05,0.0001619,0.000218888,1.61598e-05,3.85915e-06,1.56923e-05,0.519168,0.000378321,0.000120887,0.000358487
3.73813,0.552882,0.000733537,0.000144423,0.00071918,0.968936,0.000176954,7.49024e-05,0.000160319,0.000220892,1.6069e-05,3.8228e-06,1.56076e-05,0.51822,0.000381038,0.000119199,0.000361914
3.74112,0.550926,0.000728976,0.000141732,0.000715065,0.968951,0.000175505,7.48642e-05,0.000158737,0.000222968,1.59785e-05,3.78847e-06,1.55229e-05,0.517292,0.000383846,0.000117736,0.000365344
3.7441,0.549019,0.000724488,0.000139416,0.000710948,0.968966,0.000174059,7.48282e-05,0.000157154,0.000225113,1.58888e-05,3.75722e-06,1.54381e-05,0.516384,0.000386751,0.000116536,0.000368777
3.74709,0.54716,0.000720083,0.000137536,0.000706827,0.968981,0.000172615,7.47948e-05,0.000155569,0.000227323,1.57999e-05,3.73018e-06,1.53533e-05,0.515498,0.000389758,0.000115628,0.000372212
3.75008,0.545349,0.000715768,0.000136136,0.000702703,0.968996,0.000171174,7.47645e-05,0.000153983,0.000229594,1.57123e-05,3.70839e-06,1.52684e-05,0.514632,0.000392869,0.000115035,0.00037565
3.75307,0.543589,0.000711546,0.000135244,0.000698575,0.969011,0.000169736,7.47377e-05,0.000152396,0.000231923,1.5626e-05,3.6929e-06,1.51834e-05,0.513788,0.000396083,0.000114768,0.000379091
3.75606,0.541878,0.00070742,0.000134872,0.000694444,0.969026,0.000168301,7.4715e-05,0.000150807,0.000234307,1.55415e-05,3.68466e-06,1.50984e-05,0.512966,0.000399397,0.000114827,0.000382534
3.75906,0.540218,0.000703389,0.000135009,0.00069031,0.969041,0.00016687,7.46969e-05,0.000149217,0.000236742,1.54588e-05,3.68453e-06,1.50132e-05,0.512167,0.000402806,0.000115201,0.000385981
3.76206,0.538608,0.000699448,0.000135627,0.000686173,0.969056,0.000165442,7.46837e-05,0.000147626,0.000239224,1.53781e-05,3.69325e-06,1.49281e-05,0.51139,0.000406302,0.00011587,0.00038943
3.76506,0.53705,0.000695593,0.000136681,0.000682032,0.969072,0.00016402,7.46759e-05,0.000146034,0.000241749,1.52998e-05,3.71144e-06,1.48428e-05,0.510636,0.000409877,0.000116802,0.000392882
3.76806,0.535543,0.000695547,0.00013811,0.000681698,0.969087,0.000162928,7.46741e-05,0.000144808,0.000244315,1.5341e-05,3.73951e-06,1.48783e-05,0.509905,0.000415479,0.000117961,0.000398382
3.77107,0.534089,0.000706359,0.000139844,0.000692377,0.969102,0.000162784,7.46786e-05,0.000144644,0.000246918,1.57236e-05,3.77775e-06,1.5263e-05,0.509199,0.000426813,0.000119301,0.000409801
3.77407,0.532687,0.000717224,0.000141804,0.000703066,0.969117,0.000162643,7.46899e-05,0.000144479,0.000249554,1.6109e-05,3.82623e-06,1.5648e-05,0.508517,0.000438202,0.000120774,0.000421229
3.77709,0.531339,0.000728125,0.000143907,0.000713763,0.969132,0.000162505,7.47085e-05,0.000144314,0.000252219,1.64973e-05,3.88488e-06,1.60333e-05,0.50786,0.000449628,0.000122331,0.000432667
3.7801,0.530044,0.000739047,0.000146068,0.000724468,0.969147,0.000162371,7.47347e-05,0.00014415,0.000254911,1.68882e-05,3.95344e-06,1.6419e-05,0.507227,0.000461078,0.00012392,0.000444113
3.78311,0.528803,0.000749972,0.000148206,0.000735182,0.969162,0.000162241,7.47689e-05,0.000143985,0.000257625,1.72818e-05,4.03151e-06,1.68049e-05,0.50662,0.000472537,0.00012549,0.000455569
3.78613,0.527617,0.000760885,0.00015024,0.000745904,0.969177,0.000162114,7.48116e-05,0.00014382,0.000260358,1.76777e-05,4.11856e-06,1.71912e-05,0.506039,0.000483991,0.000126992,0.000467034
3.78915,0.526486,0.000771771,0.000152097,0.000756635,0.969192,0.000161991,7.48631e-05,0.000143655,0.000263106,1.80758e-05,4.21397e-06,1.75778e-05,0.505485,0.000495431,0.000128381,0.000478508
3.79217,0.525411,0.000782618,0.00015371,0.000767375,0.969207,0.000161873,7.49238e-05,0.000143489,0.000265867,1.84761e-05,4.31701e-06,1.79646e-05,0.504956,0.000506844,0.000129615,0.000489991
3.7952,0.524391,0.000793414,0.000155018,0.000778123,0.969222,0.000161759,7.49941e-05,0.000143324,0.000268635,1.88782e-05,4.42691e-06,1.83518e-05,0.504455,0.000518225,0.000130659,0.000501483
3.79823,0.523428,0.000804151,0.000155973,0.00078888,0.969237,0.000161649,7.50743e-05,0.000143159,0.000271409,1.92821e-05,4.54284e-06,1.87393e-05,0.503981,0.000529567,0.000131481,0.000512985
3.80126,0.522521,0.000814823,0.000156537,0.000799645,0.969252,0.000161545,7.51647e-05,0.000142993,0.000274183,1.96875e-05,4.66398e-06,1.91271e-05,0.503535,0.000540865,0.00013206,0.000524495
3.80429,0.521671,0.000825432,0.000156712,0.000810419,0.969267,0.000161445,7.52656e-05,0.000142827,0.000276956,2.00944e-05,4.78945e-06,1.95152e-05,0.503117,0.000552125,0.0001324,0.000536015
3.80732,0.520874,0.000835991,0.000156553,0.000821202,0.969282,0.00016135,7.53774e-05,0.000142661,0.000279722,2.05024e-05,4.91841e-06,1.99037e-05,0.502724,0.000563357,0.000132536,0.000547544
3.81036,0.520128,0.000846514,0.000156121,0.000831993,0.969297,0.000161261,7.55003e-05,0.000142495,0.00028248,2.09113e-05,5.05002e-06,2.02924e-05,0.502356,0.000574572,0.000132513,0.000559082
3.8134,0.519429,0.000857016,0.000155488,0.000842793,0.969312,0.000161177,7.56346e-05,0.000142329,0.000285224,2.13211e-05,5.18343e-06,2.06814e-05,0.502011,0.000585783,0.000132375,0.00057063
3.81644,0.518776,0.000867511,0.000154729,0.000853601,0.969327,0.000161099,7.57804e-05,0.000142163,0.000287951,2.17315e-05,5.31786e-06,2.10708e-05,0.501688,0.000597001,0.000132171,0.000582187
3.81949,0.518165,0.000878015,0.000153924,0.000864418,0.969342,0.000161026,7.59381e-05,0.000141996,0.000290659,2.21423e-05,5.4525e-06,2.14604e-05,0.501385,0.000608238,0.000131952,0.000593752
3.82253,0.517594,0.000888542,0.000153151,0.000875243,0.969356,0.00016096,7.61079e-05,0.00014183,0.000293343,2.25533e-05,5.58661e-06,2.18504e-05,0.501101,0.000619503,0.000131767,0.000605327
3.82558,0.51706,0.000899103,0.000152489,0.000886078,0.969371,0.000160899,7.62898e-05,0.000141663,0.000296,2.29643e-05,5.71943e-06,2.22407e-05,0.500834,0.000630805,0.000131664,0.000616912
3.82863,0.51656,0.000908481,0.000152015,0.000895673,0.969386,0.000160938,7.64841e-05,0.000141602,0.000298627,2.32995e-05,5.85026e-06,2.2553e-05,0.500583,0.000639996,0.000131686,0.000626302
3.83169,0.516092,0.000912334,0.000151796,0.000899617,0.969401,0.000161405,7.6691e-05,0.000142022,0.000301219,2.3291e-05,5.97841e-06,2.25107e-05,0.500347,0.000639451,0.000131875,0.000625705
3.83475,0.515653,0.000916243,0.000151893,0.000903565,0.969416,0.000161879,7.69104e-05,0.000142442,0.000303773,2.32825e-05,6.10321e-06,2.24683e-05,0.500124,0.000638947,0.000132263,0.000625107
3.8378,0.51524,0.000920215,0.000152353,0.000907516,0.969431,0.000162359,7.71426e-05,0.000142862,0.000306286,2.32736e-05,6.22403e-06,2.24259e-05,0.499912,0.000638489,0.000132877,0.00062451
3.84087,0.514851,0.000924257,0.000153211,0.00091147,0.969446,0.000162846,7.73876e-05,0.000143283,0.000308755,2.32641e-05,6.34024e-06,2.23834e-05,0.499711,0.000638083,0.000133735,0.000623911
3.84393,0.514482,0.000928371,0.000154485,0.000915427,0.969461,0.000163339,7.76455e-05,0.000143704,0.000311174,2.32538e-05,6.45124e-06,2.2341e-05,0.499519,0.000637732,0.000134846,0.000623313
3.847,0.514132,0.000932558,0.000156177,0.000919387,0.969476,0.000163839,7.79163e-05,0.000144125,0.000313542,2.32424e-05,6.55645e-06,2.22984e-05,0.499334,0.000637436,0.00013621,0.000622713
3.85006,0.513796,0.000936818,0.000158275,0.000923351,0.969491,0.000164344,7.82e-05,0.000144547,0.000315855,2.32297e-05,6.65532e-06,2.22559e-05,0.499154,0.000637196,0.000137817,0.000622114
3.85314,0.513474,0.000941147,0.000160751,0.000927317,0.969506,0.000164857,7.84966e-05,0.000144969,0.000318108,2.32155e-05,6.74729e-06,2.22133e-05,0.49898,0.00063701,0.00013965,0.000621513
3.85621,0.513161,0.000945541,0.000163561,0.000931287,0.969521,0.000165376,7.88061e-05,0.000145392,0.000320299,2.31994e-05,6.83185e-06,2.21707e-05,0.498808,0.000636873,0.000141683,0.000620913
3.85929,0.512856,0.000949992,0.000166654,0.00093526,0.969536,0.000165901,7.91284e-05,0.000145814,0.000322424,2.31814e-05,6.90848e-06,2.2128e-05,0.498638,0.00063678,0.000143883,0.000620312
3.86236,0.512555,0.000954491,0.000169968,0.000939236,0.969551,0.000166433,7.94636e-05,0.000146237,0.000324479,2.31611e-05,6.9767e-06,2.20854e-05,0.498468,0.000636725,0.000146213,0.00061971
3.86545,0.512256,0.000959028,0.000173432,0.000943215,0.969566,0.000166971,7.98114e-05,0.000146661,0.000326461,2.31384e-05,7.03605e-06,2.20426e-05,0.498297,0.000636699,0.000148629,0.000619108
3.86853,0.511956,0.000963589,0.000176975,0.000947198,0.969581,0.000167515,8.01718e-05,0.000147085,0.000328366,2.31129e-05,7.08606e-06,2.19999e-05,0.498124,0.000636692,0.000151087,0.000618505
3.87161,0.511653,0.000968162,0.000180521,0.000951183,0.969596,0.000168066,8.05447e-05,0.000147509,0.000330191,2.30846e-05,7.1263e-06,2.19571e-05,0.497946,0.000636692,0.000153538,0.000617902
3.8747,0.511343,0.000972732,0.000183993,0.000955172,0.969611,0.000168623,8.093e-05,0.000147933,0.000331932,2.30532e-05,7.15636e-06,2.19143e-05,0.497763,0.000636689,0.000155933,0.000617299
3.87779,0.511025,0.000977283,0.000187315,0.000959164,0.969626,0.000169187,8.13274e-05,0.000148358,0.000333585,2.30185e-05,7.17586e-06,2.18714e-05,0.497572,0.000636669,0.000158223,0.000616695
3.88089,0.510694,0.000981801,0.000190411,0.000963159,0.969641,0.000169757,8.17368e-05,0.000148783,0.000335148,2.29804e-05,7.18443e-06,2.18285e-05,0.497374,0.000636618,0.00016036,0.00061609
3.88398,0.51035,0.000986268,0.000193209,0.000967158,0.969656,0.000170332,8.21581e-05,0.000149209,0.000336616,2.29388e-05,7.18173e-06,2.17856e-05,0.497165,0.000636523,0.000162295,0.000615485
3.88708,0.509988,0.000990669,0.00019564,0.000971159,0.969671,0.000170914,8.25909e-05,0.000149634,0.000337986,2.28936e-05,7.16745e-06,2.17426e-05,0.496946,0.00063637,0.000163982,0.00061488
3.89018,0.509606,0.000995552,0.000197636,0.000975738,0.969686,0.000171765,8.30352e-05,0.000150361,0.000339255,2.28703e-05,7.14132e-06,2.17267e-05,0.496713,0.000637187,0.000165379,0.000615352
3.89329,0.509202,0.00100517,0.000199136,0.000985245,0.969701,0.000174886,8.34906e-05,0.00015367,0.000340418,2.3064e-05,7.10311e-06,2.1943e-05,0.496467,0.000646854,0.000166443,0.000625073
3.89639,0.508773,0.00101468,0.000200083,0.00099476,0.969716,0.000178022,8.39569e-05,0.000156981,0.000341473,2.32547e-05,7.05264e-06,2.21595e-05,0.496204,0.000656437,0.000167138,0.000634802
3.8995,0.508316,0.00102409,0.000200426,0.00100428,0.969731,0.000181173,8.44339e-05,0.000160295,0.000342416,2.34425e-05,6.98978e-06,2.23761e-05,0.495925,0.000665931,0.00016743,0.000644539
3.90261,0.507828,0.00103338,0.000200129,0.00101381,0.969746,0.000184338,8.49213e-05,0.000163611,0.000343244,2.36274e-05,6.91455e-06,2.2593e-05,0.495628,0.000675334,0.000167298,0.000654284
3.90572,0.507308,0.00104256,0.000199218,0.00102335,0.969761,0.000187516,8.54188e-05,0.000166931,0.000343966,2.38099e-05,6.82774e-06,2.281e-05,0.495311,0.000684655,0.00016676,0.000664036
3.90884,0.506753,0.00105165,0.000197748,0.0010329,0.969776,0.000190707,8.59261e-05,0.000170252,0.000344593,2.39906e-05,6.7304e-06,2.30271e-05,0.494975,0.000693909,0.000165855,0.000673797
3.91196,0.506162,0.00106067,0.000195781,0.00104245,0.969791,0.00019391,8.64429e-05,0.000173577,0.000345138,2.41698e-05,6.62367e-06,2.32445e-05,0.494618,0.000703109,0.000164628,0.000683565
3.91508,0.505533,0.00106963,0.000193382,0.00105201,0.969806,0.000197126,8.69689e-05,0.000176904,0.000345612,2.4348e-05,6.50869e-06,2.3462e-05,0.49424,0.000712271,0.000163123,0.00069334
3.9182,0.504863,0.00107856,0.000190621,0.00106158,0.969821,0.000200352,8.75038e-05,0.000180234,0.000346027,2.45258e-05,6.38668e-06,2.36797e-05,0.493841,0.000721408,0.000161389,0.000703124
3.92133,0.504152,0.00108745,0.000187573,0.00107115,0.969836,0.00020359,8.80472e-05,0.000183566,0.000346394,2.47035e-05,6.25888e-06,2.38975e-05,0.49342,0.000730535,0.000159478,0.000712915
3.92445,0.503397,0.00109634,0.000184312,0.00108074,0.969851,0.000206838,8.85988e-05,0.000186901,0.000346727,2.48816e-05,6.12659e-06,2.41156e-05,0.492976,0.000739665,0.00015744,0.000722715
3.92758,0.502596,0.00110523,0.000180918,0.00109033,0.969866,0.000210095,8.91583e-05,0.000190239,0.000347036,2.50604e-05,5.99117e-06,2.43338e-05,0.492509,0.000748809,0.000155327,0.000732522
3.93072,0.501747,0.00111415,0.00017747,0.00109993,0.969881,0.000213362,8.97253e-05,0.000193579,0.000347333,2.52404e-05,5.854e-06,2.45521e-05,0.492018,0.000757979,0.000153192,0.000742337
3.93385,0.500849,0.0011231,0.000174046,0.00110953,0.969897,0.000216639,9.02994e-05,0.000196922,0.000347631,2.54218e-05,5.71653e-06,2.47707e-05,0.491502,0.000767183,0.000151085,0.000752159
3.93699,0.4999,0.00113209,0.000170723,0.00111915,0.969912,0.000219924,9.08804e-05,0.000200268,0.00034794,2.56049e-05,5.58023e-06,2.49894e-05,0.490962,0.000776431,0.000149053,0.00076199
3.94013,0.498897,0.00114114,0.000167575,0.00112877,0.969927,0.000223217,9.14678e-05,0.000203616,0.000348274,2.579e-05,5.44663e-06,2.52083e-05,0.490396,0.000785729,0.000147142,0.000771828
3.94327,0.497839,0.00115024,0.000164669,0.0011384,0.969942,0.000226519,9.20613e-05,0.000206967,0.000348643,2.59774e-05,5.31725e-06,2.54274e-05,0.489803,0.00079508,0.000145389,0.000781674
3.94642,0.496724,0.00115942,0.000162065,0.00114803,0.969957,0.000229828,9.26604e-05,0.000210321,0.00034906,2.61673e-05,5.19363e-06,2.56467e-05,0.489184,0.00080449,0.000143831,0.000791528
3.94957,0.49555,0.00116866,0.000159811,0.00115768,0.969972,0.000233145,9.32649e-05,0.000213678,0.000349537,2.63597e-05,5.07729e-06,2.58661e-05,0.488537,0.00081396,0.000142491,0.00080139
3.95272,0.494316,0.00117789,0.000157945,0.00116726,0.969987,0.000236424,9.38743e-05,0.000216988,0.000350084,2.65612e-05,4.9697e-06,2.60921e-05,0.487863,0.000823178,0.00014139,0.000810944
3.95587,0.493019,0.00118462,0.000156487,0.00117424,0.970003,0.000238165,9.44883e-05,0.000218619,0.000350715,2.69828e-05,4.87224e-06,2.65393e-05,0.48716,0.000821675,0.000140537,0.000809567
3.95903,0.491657,0.00119142,0.000155442,0.00118124,0.970018,0.000239908,9.51065e-05,0.000220252,0.000351441,2.74079e-05,4.78616e-06,2.69868e-05,0.486427,0.000820214,0.00013993,0.000808189
3.96219,0.490229,0.00119828,0.000154801,0.00118823,0.970033,0.000241655,9.57285e-05,0.000221886,0.000352274,2.78364e-05,4.71255e-06,2.74346e-05,0.485665,0.000818792,0.000139561,0.00080681
3.96535,0.488733,0.00120519,0.000154534,0.00119524,0.970048,0.000243404,9.63539e-05,0.000223521,0.000353225,2.82683e-05,4.65228e-06,2.78829e-05,0.484873,0.000817406,0.00013941,0.00080543
3.96851,0.487167,0.00121215,0.0001546,0.00120225,0.970063,0.000245156,9.69823e-05,0.000225157,0.000354307,2.87034e-05,4.60596e-06,2.83315e-05,0.484049,0.000816052,0.000139451,0.000804049
3.97168,0.485528,0.00121915,0.000154941,0.00120926,0.970079,0.000246909,9.76134e-05,0.000226795,0.000355532,2.91416e-05,4.5739e-06,2.87804e-05,0.483194,0.000814724,0.000139647,0.000802667
3.97484,0.483816,0.00122618,0.000155491,0.00121628,0.970094,0.000248665,9.82468e-05,0.000228434,0.00035691,2.95827e-05,4.55612e-06,2.92297e-05,0.482307,0.000813415,0.000139958,0.000801284
3.97801,0.482029,0.00123324,0.000156173,0.00122331,0.970109,0.000250423,9.88821e-05,0.000230074,0.000358455,3.00265e-05,4.55229e-06,2.96794e-05,0.481387,0.000812116,0.000140337,0.000799899
3.98119,0.480163,0.00124031,0.000156908,0.00123034,0.970124,0.000252183,9.95188e-05,0.000231716,0.000360178,3.04728e-05,4.56181e-06,3.01294e-05,0.480434,0.000810821,0.000140734,0.000798513
3.98436,0.478219,0.00124738,0.000157612,0.00123738,0.97014,0.000253944,0.000100157,0.000233359,0.00036209,3.09214e-05,4.58375e-06,3.05798e-05,0.479448,0.000809518,0.000141098,0.000797127
3.98754,0.476193,0.00125444,0.000158199,0.00124442,0.970155,0.000255707,0.000100795,0.000235003,0.000364204,3.13721e-05,4.61697e-06,3.10305e-05,0.478426,0.0008082,0.000141375,0.000795739
3.99072,0.474083,0.00126148,0.000158588,0.00125147,0.97017,0.000257471,0.000101434,0.000236649,0.000366532,3.18247e-05,4.66012e-06,3.14816e-05,0.47737,0.000806857,0.000141514,0.00079435
3.99391,0.471889,0.00126849,0.000158698,0.00125853,0.970186,0.000259237,0.000102074,0.000238295,0.000369084,3.22788e-05,4.71167e-06,3.19331e-05,0.476278,0.00080548,0.000141464,0.00079296
3.99709,0.469608,0.00127547,0.000158457,0.00126559,0.970201,0.000261003,0.000102712,0.000239944,0.000371874,3.27343e-05,4.77004e-06,3.23849e-05,0.475149,0.00080406,0.000141179,0.000791569
4.00028,0.467238,0.0012824,0.000157797,0.00127265,0.970216,0.000262771,0.00010335,0.000241593,0.000374913,3.31909e-05,4.83353e-06,3.28371e-05,0.473984,0.000802591,0.000140615,0.000790177
4.00347,0.464779,0.00128928,0.000156678,0.00127972,0.970232,0.000264539,0.000103987,0.000243244,0.000378213,3.36484e-05,4.90048e-06,3.32896e-05,0.472782,0.000801067,0.000139746,0.000788783
4.00666,0.462232,0.00129612,0.000155121,0.0012868,0.970247,0.000266308,0.000104622,0.000244896,0.000381786,3.41065e-05,4.9692e-06,3.37425e-05,0.471542,0.000799493,0.000138588,0.000787389
4.00986,0.4596,0.00130292,0.000153169,0.00129388,0.970263,0.000268077,0.000105256,0.00024655,0.000385643,3.45649e-05,5.03808e-06,3.41958e-05,0.470264,0.000797873,0.00013717,0.000785994
4.01306,0.456885,0.00130969,0.000150873,0.00130097,0.970278,0.000269847,0.000105887,0.000248204,0.000389796,3.50236e-05,5.10554e-06,3.46494e-05,0.468948,0.000796216,0.000135526,0.000784597
4.01626,0.454091,0.00131645,0.000148293,0.00130807,0.970294,0.000271617,0.000106516,0.00024986,0.000394258,3.54821e-05,5.17009e-06,3.51034e-05,0.467594,0.000794529,0.000133697,0.000783199
4.01946,0.451219,0.00130822,0.000145494,0.0013001,0.970309,0.000271551,0.000107142,0.000249521,0.00039904,3.58979e-05,5.23033e-06,3.55149e-05,0.466201,0.000811175,0.000131724,0.000800408
4.02267,0.448273,0.00129921,0.000142549,0.00129136,0.970325,0.000271392,0.000107764,0.00024908,0.000404154,3.63111e-05,5.28496e-06,3.59244e-05,0.46477,0.000828779,0.000129656,0.000818574
4.02588,0.445254,0.00129018,0.00013953,0.00128262,0.97034,0.000271234,0.000108383,0.000248638,0.000409611,3.67236e-05,5.33277e-06,3.63344e-05,0.4633,0.000846418,0.00012754,0.000836754
4.02909,0.442166,0.00128116,0.000136515,0.00127387,0.970356,0.000271076,0.000108998,0.000248196,0.000415424,3.71353e-05,5.37266e-06,3.67446e-05,0.461791,0.0008641,0.000125425,0.000854949
4.03231,0.439011,0.00127214,0.000133579,0.00126511,0.970371,0.000270917,0.000109609,0.000247754,0.000421605,3.75461e-05,5.40365e-06,3.71552e-05,0.460242,0.000881829,0.00012336,0.000873158
4.03552,0.435792,0.00126313,0.000130797,0.00125634,0.970387,0.000270759,0.000110215,0.000247312,0.000428165,3.79558e-05,5.4249e-06,3.75661e-05,0.458654,0.000899609,0.000121392,0.000891381
4.03874,0.432511,0.00125414,0.000128239,0.00124757,0.970402,0.0002706,0.000110816,0.000246869,0.000435116,3.83643e-05,5.43567e-06,3.79773e-05,0.457027,0.000917444,0.000119564,0.000909619
4.04196,0.42917,0.00124518,0.000125965,0.00123879,0.970418,0.000270441,0.000111412,0.000246426,0.00044247,3.87718e-05,5.43541e-06,3.83889e-05,0.455359,0.000935335,0.000117916,0.000927872
4.04519,0.425774,0.00123624,0.000124028,0.00123,0.970433,0.000270281,0.000112002,0.000245982,0.000450239,3.9178e-05,5.42371e-06,3.88008e-05,0.453651,0.000953282,0.00011648,0.000946139
4.04841,0.422323,0.00122733,0.000122464,0.00122121,0.970449,0.00027012,0.000112586,0.000245538,0.000458435,3.95831e-05,5.40036e-06,3.9213e-05,0.451903,0.000971287,0.000115282,0.000964421
4.05164,0.418821,0.00121846,0.000121294,0.00121241,0.970465,0.000269958,0.000113164,0.000245094,0.000467068,3.99871e-05,5.36542e-06,3.96255e-05,0.450115,0.000989347,0.000114339,0.000982718
4.05488,0.41527,0.00120962,0.00012052,0.0012036,0.97048,0.000269794,0.000113736,0.000244649,0.000476137,4.03903e-05,5.31983e-06,4.00384e-05,0.448286,0.00100746,0.000113656,0.00100103
4.05811,0.411673,0.00120081,0.000120129,0.00119479,0.970496,0.00026963,0.0001143,0.000244204,0.000485623,4.07928e-05,5.2654e-06,4.04516e-05,0.446415,0.00102562,0.00011323,0.00101935
4.06135,0.408032,0.00119203,0.000120085,0.00118597,0.970512,0.000269463,0.000114857,0.000243759,0.000495509,4.11952e-05,5.20413e-06,4.08651e-05,0.444504,0.00104383,0.000113048,0.00103769
4.06459,0.40435,0.00118327,0.000120341,0.00117714,0.970528,0.000269296,0.000115407,0.000243313,0.000505778,4.15975e-05,5.13821e-06,4.1279e-05,0.442551,0.00106209,0.000113088,0.00105605
4.06783,0.40063,0.00117453,0.000120832,0.0011683,0.970543,0.000269126,0.000115949,0.000242867,0.000516411,4.20003e-05,5.06999e-06,4.16932e-05,0.440557,0.00108038,0.000113318,0.00107442
4.07107,0.396874,0.00116581,0.000121486,0.00115946,0.970559,0.000268954,0.000116483,0.000242421,0.000527391,4.24038e-05,5.00195e-06,4.21077e-05,0.43852,0.0010987,0.0001137,0.0010928
4.07432,0.393085,0.00115708,0.000122223,0.00115061,0.970575,0.000268779,0.000117009,0.000241974,0.000538701,4.28082e-05,4.93671e-06,4.25226e-05,0.436442,0.00111705,0.000114191,0.0011112
4.07757,0.389265,0.00114835,0.000122962,0.00114175,0.970591,0.000268603,0.000117526,0.000241527,0.000550322,4.32138e-05,4.87695e-06,4.29377e-05,0.434322,0.00113543,0.000114747,0.00112962
4.08082,0.385417,0.00113961,0.000123621,0.00113289,0.970607,0.000268424,0.000118034,0.000241079,0.000562237,4.3621e-05,4.82541e-06,4.33533e-05,0.432159,0.00115382,0.000115319,0.00114804
4.08408,0.381544,0.00112159,0.000124119,0.0011147,0.970623,0.000269177,0.000118533,0.000241674,0.000574429,4.40198e-05,4.78474e-06,4.3759e-05,0.429953,0.0011476,0.000115863,0.00114174
4.08734,0.377648,0.00110221,0.000124385,0.00109517,0.970639,0.00027006,0.000119022,0.000242417,0.000586879,4.44191e-05,4.7575e-06,4.41636e-05,0.427705,0.00113787,0.000116334,0.0011319
4.0906,0.373731,0.00108279,0.000124353,0.00107563,0.970654,0.000270939,0.000119502,0.000243161,0.00059957,4.48205e-05,4.74601e-06,4.45685e-05,0.425413,0.00112812,0.000116694,0.00112206
4.09386,0.369797,0.00106332,0.000123971,0.00105607,0.97067,0.000271814,0.000119972,0.000243905,0.000612485,4.52241e-05,4.75224e-06,4.49737e-05,0.423078,0.00111834,0.000116909,0.00111222
4.09713,0.365848,0.00104379,0.0001232,0.00103649,0.970686,0.000272686,0.000120431,0.000244651,0.000625605,4.56301e-05,4.77776e-06,4.53793e-05,0.4207,0.00110855,0.000116956,0.00110236
4.1004,0.361886,0.0010242,0.00012202,0.0010169,0.970702,0.000273553,0.00012088,0.000245396,0.000638913,4.60386e-05,4.82362e-06,4.57852e-05,0.418278,0.00109872,0.000116822,0.0010925
4.10367,0.357915,0.00100455,0.000120455,0.000997299,0.970718,0.000274416,0.000121319,0.000246142,0.000652391,4.64496e-05,4.89035e-06,4.61914e-05,0.415812,0.00108888,0.000116517,0.00108262
4.10694,0.353935,0.000984846,0.000118608,0.000977677,0.970734,0.000275275,0.000121746,0.000246889,0.000666023,4.68631e-05,4.97789e-06,4.65979e-05,0.413306,0.00107901,0.000116096,0.00107274
4.11022,0.349948,0.000965112,0.000116616,0.00095804,0.970751,0.00027613,0.000122162,0.000247637,0.000679789,4.72791e-05,5.08569e-06,4.70048e-05,0.410761,0.00106913,0.000115631,0.00106286
4.11349,0.345957,0.000945363,0.000114632,0.000938388,0.970767,0.00027698,0.000122567,0.000248385,0.000693672,4.76977e-05,5.2127e-06,4.7412e-05,0.408179,0.00105924,0.000115198,0.00105296
4.11678,0.341963,0.000925621,0.000112825,0.000918719,0.970783,0.000277825,0.00012296,0.000249134,0.000707655,4.81187e-05,5.35753e-06,4.78195e-05,0.405563,0.00104937,0.000114877,0.00104306
4.12006,0.337968,0.000905907,0.000111373,0.000899035,0.970799,0.000278666,0.000123342,0.000249883,0.00072172,4.8542e-05,5.51845e-06,4.82273e-05,0.402916,0.0010395,0.000114748,0.00103315
4.12335,0.333974,0.000886245,0.000110456,0.000879335,0.970815,0.000279502,0.000123711,0.000250633,0.000735849,4.89676e-05,5.69355e-06,4.86355e-05,0.40024,0.00102966,0.000114888,0.00102323
4.12664,0.329983,0.00086666,0.000110241,0.00085962,0.970831,0.000280333,0.000124068,0.000251383,0.000750025,4.93953e-05,5.8808e-06,4.9044e-05,0.397537,0.00101985,0.000115367,0.0010133
4.12993,0.325995,0.000847175,0.000110872,0.000839888,0.970848,0.000281159,0.000124413,0.000252134,0.000764229,4.98249e-05,6.07809e-06,4.94528e-05,0.39481,0.00101008,0.000116244,0.00100337
4.13322,0.322014,0.000827814,0.00011245,0.000820141,0.970864,0.00028198,0.000124745,0.000252886,0.000778445,5.02563e-05,6.28334e-06,4.9862e-05,0.392061,0.00100036,0.000117565,0.000993423
4.13652,0.31804,0.000808603,0.000115033,0.000800379,0.97088,0.000282796,0.000125065,0.000253638,0.000792655,5.06892e-05,6.49448e-06,5.02714e-05,0.389292,0.000990689,0.00011936,0.000983473
4.13982,0.314077,0.000789562,0.000118623,0.0007806,0.970897,0.000283607,0.000125371,0.000254391,0.00080684,5.11234e-05,6.70951e-06,5.06812e-05,0.386507,0.000981084,0.000121638,0.000973514
4.14312,0.310124,0.000770712,0.000123173,0.000760806,0.970913,0.000284412,0.000125665,0.000255144,0.000820984,5.15587e-05,6.92652e-06,5.10913e-05,0.383707,0.000971543,0.000124393,0.000963547
4.14643,0.306185,0.000752072,0.000128599,0.000740996,0.970929,0.000285213,0.000125945,0.000255898,0.000835068,5.19949e-05,7.14369e-06,5.15018e-05,0.380895,0.000962072,0.000127603,0.000953572
4.14973,0.302261,0.000742124,0.000134786,0.000729781,0.970946,0.000286733,0.000126212,0.000257462,0.000849075,5.4167e-05,7.35931e-06,5.36647e-05,0.378072,0.000956432,0.00013123,0.000947386
4.15304,0.298353,0.000734501,0.000141602,0.000720722,0.970962,0.000288432,0.000126465,0.000259229,0.000862987,5.67769e-05,7.57174e-06,5.62698e-05,0.375243,0.000951803,0.000135223,0.000942148
4.15636,0.294464,0.000727068,0.000148908,0.000711656,0.970979,0.000290128,0.000126705,0.000260998,0.000876787,5.93887e-05,7.77947e-06,5.8877e-05,0.372409,0.000947239,0.000139526,0.000936907
4.15967,0.290596,0.000719816,0.000156565,0.000702582,0.970995,0.00029182,0.000126931,0.000262768,0.000890457,6.2002e-05,7.98109e-06,6.14862e-05,0.369572,0.000942735,0.000144073,0.000931661
4.16299,0.286749,0.00071273,0.000164437,0.000693502,0.971012,0.000293508,0.000127143,0.00026454,0.000903978,6.46168e-05,8.17526e-06,6.40975e-05,0.366735,0.000938285,0.000148798,0.000926411
4.16631,0.282927,0.000705792,0.000172395,0.000684414,0.971028,0.000295192,0.000127342,0.000266313,0.000917335,6.72328e-05,8.36079e-06,6.67109e-05,0.3639,0.000933881,0.000153631,0.000921157
4.16963,0.27913,0.000698977,0.000180316,0.000675318,0.971045,0.000296873,0.000127526,0.000268088,0.000930508,6.985e-05,8.53656e-06,6.93264e-05,0.36107,0.000929513,0.000158502,0.000915899
4.17296,0.27536,0.000692257,0.000188084,0.000666216,0.971061,0.000298551,0.000127696,0.000269864,0.000943481,7.24683e-05,8.70155e-06,7.1944e-05,0.358247,0.00092517,0.000163345,0.000910636
4.17629,0.27162,0.000685598,0.000195591,0.000657106,0.971078,0.000300225,0.000127852,0.000271641,0.000956235,7.50876e-05,8.85487e-06,7.45636e-05,0.355434,0.000920841,0.000168092,0.00090537
4.17962,0.267911,0.000678964,0.000202735,0.000647989,0.971095,0.000301895,0.000127994,0.00027342,0.000968752,7.77078e-05,8.99575e-06,7.71854e-05,0.352633,0.000916513,0.000172682,0.000900099
4.18296,0.264235,0.000672313,0.00020942,0.000638865,0.971112,0.000303562,0.000128121,0.0002752,0.000981016,8.0329e-05,9.12351e-06,7.98092e-05,0.349846,0.000912172,0.000177055,0.000894824
4.18629,0.260593,0.000665603,0.000215554,0.000629734,0.971128,0.000305226,0.000128234,0.000276982,0.000993009,8.29511e-05,9.23765e-06,8.24351e-05,0.347076,0.000907803,0.000181155,0.000889544
4.18963,0.256988,0.000658788,0.000221051,0.000620595,0.971145,0.000306886,0.000128333,0.000278765,0.00100471,8.55741e-05,9.3378e-06,8.50632e-05,0.344325,0.000903392,0.00018493,0.000884261
4.19297,0.253421,0.00065182,0.000225832,0.000611449,0.971162,0.000308543,0.000128418,0.000280549,0.00101611,8.81982e-05,9.42375e-06,8.76933e-05,0.341596,0.000898923,0.000188334,0.000878973
4.19632,0.249893,0.000644652,0.000229818,0.000602295,0.971179,0.000310197,0.000128488,0.000282335,0.00102718,9.08232e-05,9.4955e-06,9.03255e-05,0.33889,0.000894384,0.000191324,0.000873681
4.19967,0.246408,0.000637236,0.000232939,0.000593135,0.971196,0.000311848,0.000128544,0.000284122,0.00103791,9.34494e-05,9.55325e-06,9.29598e-05,0.336212,0.000889762,0.000193864,0.000868385
4.20302,0.242965,0.000629531,0.000235143,0.000583967,0.971213,0.000313496,0.000128586,0.000285911,0.00104829,9.60768e-05,9.59766e-06,9.55962e-05,0.333561,0.000885045,0.000195933,0.000863084
4.20637,0.239565,0.000621527,0.000236455,0.000574791,0.97123,0.00031514,0.000128614,0.000287701,0.00105834,9.87057e-05,9.63062e-06,9.82348e-05,0.330939,0.000880235,0.000197556,0.00085778
4.20972,0.236205,0.00061323,0.000236934,0.000565609,0.971247,0.000316782,0.000128627,0.000289493,0.00106811,0.000101336,9.65447e-06,0.000100875,0.328342,0.000875339,0.000198777,0.000852471
4.21308,0.232883,0.000604648,0.000236638,0.000556419,0.971264,0.000318422,0.000128627,0.000291286,0.00107764,0.000103969,9.67159e-06,0.000103518,0.325769,0.000870364,0.000199642,0.000847158
4.21644,0.229597,0.000599763,0.00023563,0.000551538,0.971281,0.000318025,0.000128613,0.000290859,0.00108698,0.000105252,9.68436e-06,0.000104805,0.323218,0.000869493,0.000200201,0.000846131
4.21981,0.226347,0.000596142,0.000233975,0.000548308,0.971298,0.000316844,0.000128585,0.00028958,0.00109616,0.000106017,9.69517e-06,0.000105573,0.320687,0.000870163,0.0002005,0.000846748
4.22317,0.22313,0.000592293,0.00023174,0.000545076,0.971315,0.000315658,0.000128543,0.000288299,0.00110522,0.000106783,9.70635e-06,0.000106341,0.318175,0.000870784,0.000200588,0.000847367
4.22654,0.219943,0.000588242,0.000228992,0.000541841,0.971332,0.000314465,0.000128488,0.000287018,0.00111422,0.00010755,9.72015e-06,0.00010711,0.315681,0.000871369,0.000200511,0.000847985
4.22991,0.216786,0.00058402,0.000225801,0.000538604,0.971349,0.000313267,0.00012842,0.000285736,0.00112319,0.000108318,9.73872e-06,0.000107879,0.313201,0.000871926,0.000200314,0.000848604
4.23329,0.213657,0.000579658,0.000222236,0.000535364,0.971367,0.000312064,0.000128338,0.000284452,0.00113216,0.000109087,9.76403e-06,0.000108649,0.310734,0.000872466,0.000200038,0.000849224
4.23666,0.210553,0.000575184,0.000218367,0.000532121,0.971384,0.000310854,0.000128244,0.000283168,0.0011412,0.000109858,9.7979e-06,0.00010942,0.308279,0.000872997,0.000199722,0.000849844
4.24004,0.207474,0.00057063,0.000214263,0.000528876,0.971401,0.00030964,0.000128137,0.000281882,0.00115033,0.00011063,9.84187e-06,0.000110191,0.305834,0.000873527,0.000199397,0.000850464
4.24343,0.204416,0.000566023,0.000209993,0.000525628,0.971419,0.00030842,0.000128018,0.000280596,0.0011596,0.000111403,9.89727e-06,0.000110963,0.303397,0.000874062,0.000199094,0.000851085
4.24681,0.201379,0.00056139,0.000205622,0.000522378,0.971436,0.000307194,0.000127888,0.000279308,0.00116905,0.000112179,9.96512e-06,0.000111735,0.300965,0.000874608,0.000198832,0.000851707
4.2502,0.19836,0.000556757,0.000201214,0.000519125,0.971454,0.000305964,0.000127745,0.00027802,0.00117872,0.000112956,1.00461e-05,0.000112508,0.298539,0.000875168,0.000198629,0.000852329
4.25359,0.195357,0.000552144,0.00019683,0.000515869,0.971471,0.000304728,0.000127591,0.00027673,0.00118866,0.000113735,1.01407e-05,0.000113282,0.296115,0.000875743,0.000198493,0.000852952
4.25698,0.19237,0.000547573,0.000192524,0.000512611,0.971489,0.000303487,0.000127427,0.000275439,0.00119891,0.000114516,1.02488e-05,0.000114056,0.293692,0.000876335,0.000198426,0.000853575
4.26038,0.189396,0.000543058,0.000188345,0.000509351,0.971506,0.000302242,0.000127252,0.000274148,0.00120951,0.000115299,1.03703e-05,0.000114831,0.291267,0.000876941,0.000198423,0.000854198
4.26378,0.186432,0.000538613,0.000184335,0.000506087,0.971524,0.000300992,0.000127067,0.000272855,0.0012205,0.000116083,1.05047e-05,0.000115607,0.288841,0.00087756,0.00019847,0.000854822
4.26718,0.183478,0.000534246,0.000180525,0.000502821,0.971541,0.000299737,0.000126872,0.000271562,0.00123192,0.000116869,1.0651e-05,0.000116383,0.286409,0.000878186,0.00019855,0.000855447
4.27058,0.180532,0.000529962,0.000176937,0.000499553,0.971559,0.000298478,0.000126669,0.000270267,0.00124382,0.000117657,1.08082e-05,0.00011716,0.283972,0.000878815,0.000198636,0.000856072
4.27399,0.177592,0.000525763,0.000173583,0.000496282,0.971577,0.000297215,0.000126457,0.000268971,0.00125623,0.000118447,1.09749e-05,0.000117937,0.281526,0.000879438,0.000198698,0.000856697
4.2774,0.174655,0.000521646,0.000170462,0.000493008,0.971595,0.000295948,0.000126238,0.000267674,0.00126921,0.000119238,1.11497e-05,0.000118715,0.279071,0.000880048,0.000198699,0.000857323
4.28081,0.17172,0.000517604,0.00016756,0.000489732,0.971612,0.000294678,0.000126011,0.000266376,0.00128279,0.00012003,1.13309e-05,0.000119494,0.276604,0.000880636,0.000198599,0.00085795
4.28422,0.168786,0.000520574,0.000164851,0.000493783,0.97163,0.000293937,0.000125778,0.000265667,0.00129701,0.000122018,1.15166e-05,0.000121473,0.274124,0.000895477,0.000198352,0.000873233
4.28764,0.16585,0.000527438,0.000162298,0.000501846,0.971648,0.000293484,0.000125539,0.000265279,0.00131192,0.000124661,1.1705e-05,0.000124111,0.271628,0.000918127,0.000197913,0.000896542
4.29106,0.162911,0.000534385,0.000159853,0.000509916,0.971666,0.000293029,0.000125295,0.000264891,0.00132755,0.000127307,1.18941e-05,0.00012675,0.269116,0.000940777,0.000197232,0.00091987
4.29449,0.159967,0.000541395,0.000157458,0.000517992,0.971684,0.000292572,0.000125046,0.000264503,0.00134396,0.000129954,1.20818e-05,0.000129391,0.266585,0.000963418,0.000196258,0.000943216
4.29791,0.157016,0.000548447,0.00015505,0.000526074,0.971702,0.000292113,0.000124795,0.000264114,0.00136118,0.000132603,1.22661e-05,0.000132035,0.264033,0.000986043,0.000194941,0.000966581
4.30134,0.154056,0.000555521,0.000152557,0.000534163,0.97172,0.000291653,0.000124541,0.000263725,0.00137926,0.000135254,1.24449e-05,0.00013468,0.26146,0.00100865,0.000193231,0.000989965
4.30477,0.151088,0.000562602,0.000149923,0.000542258,0.971738,0.000291192,0.000124286,0.000263335,0.00139823,0.000137906,1.26162e-05,0.000137328,0.258865,0.00103123,0.000191102,0.00101337
4.3082,0.148116,0.000569684,0.000147117,0.00055036,0.971757,0.00029073,0.00012403,0.000262946,0.00141814,0.00014056,1.27779e-05,0.000139978,0.256253,0.0010538,0.000188562,0.00103679
4.31164,0.145145,0.000576765,0.00014412,0.000558468,0.971775,0.000290268,0.000123775,0.000262556,0.00143903,0.000143214,1.2928e-05,0.00014263,0.253629,0.00107636,0.000185627,0.00106023
4.31508,0.142179,0.000583845,0.000140918,0.000566583,0.971793,0.000289807,0.000123522,0.000262165,0.00146094,0.00014587,1.30644e-05,0.000145284,0.250997,0.00109892,0.000182318,0.00108369
4.31852,0.139222,0.000590926,0.00013751,0.000574704,0.971811,0.000289347,0.000123271,0.000261775,0.00148392,0.000148526,1.31852e-05,0.00014794,0.248362,0.00112149,0.000178658,0.00110716
4.32197,0.13628,0.000598015,0.000133897,0.000582832,0.97183,0.000288889,0.000123025,0.000261384,0.00150801,0.000151183,1.32886e-05,0.000150598,0.245729,0.00114407,0.000174677,0.00113066
4.32542,0.133355,0.000605115,0.000130087,0.000590966,0.971848,0.000288432,0.000122784,0.000260993,0.00153324,0.000153841,1.33725e-05,0.000153259,0.243102,0.00116669,0.000170406,0.00115417
4.32887,0.130454,0.000612233,0.000126095,0.000599107,0.971866,0.000287978,0.000122549,0.000260601,0.00155967,0.000156499,1.34353e-05,0.000155921,0.240487,0.00118933,0.00016588,0.00117771
4.33232,0.127579,0.000619375,0.000121938,0.000607254,0.971885,0.000287527,0.000122323,0.000260209,0.00158733,0.000159157,1.34752e-05,0.000158586,0.237886,0.00121202,0.000161135,0.00120126
4.33578,0.124737,0.00062655,0.000117638,0.000615407,0.971903,0.00028708,0.000122107,0.000259817,0.00161626,0.000161816,1.34906e-05,0.000161253,0.235306,0.00123475,0.000156211,0.00122483
4.33923,0.12193,0.000633763,0.00011322,0.000623567,0.971922,0.000286638,0.000121901,0.000259425,0.00164652,0.000164475,1.34797e-05,0.000163921,0.232751,0.00125754,0.00015115,0.00124842
4.3427,0.119164,0.00064102,0.000108714,0.000631734,0.971941,0.0002862,0.000121709,0.000259032,0.00167813,0.000167134,1.34412e-05,0.000166593,0.230226,0.00128038,0.000145996,0.00127203
4.34616,0.116442,0.000648328,0.000104152,0.000639907,0.971959,0.000285769,0.000121531,0.000258639,0.00171114,0.000169793,1.33737e-05,0.000169266,0.227734,0.00130328,0.000140793,0.00129566
4.34963,0.11377,0.000655691,9.95667e-05,0.000648087,0.971978,0.000285344,0.000121368,0.000258245,0.0017456,0.000172453,1.32758e-05,0.000171941,0.225282,0.00132625,0.00013559,0.0013193
4.3531,0.111152,0.000649086,9.49969e-05,0.000642097,0.971997,0.000284022,0.000121224,0.000256852,0.00178155,0.000174481,1.31469e-05,0.000173985,0.222872,0.00132731,0.000130434,0.00132088
4.35657,0.108591,0.000631927,9.04813e-05,0.000625415,0.972016,0.000282028,0.000121099,0.000254705,0.00181908,0.000176033,1.29883e-05,0.000175554,0.220511,0.00131182,0.000125374,0.00130582
4.36004,0.106094,0.000614774,8.60611e-05,0.000608721,0.972034,0.000280044,0.000120996,0.000252556,0.0018583,0.000177585,1.28022e-05,0.000177123,0.218203,0.00129635,0.00012046,0.00129074
4.36352,0.103663,0.000597634,8.17784e-05,0.000592013,0.972053,0.000278071,0.000120917,0.000250405,0.00189929,0.000179137,1.2591e-05,0.000178694,0.215952,0.00128089,0.000115739,0.00127565
4.367,0.101303,0.000580512,7.76756e-05,0.000575291,0.972072,0.00027611,0.000120863,0.000248252,0.00194217,0.00018069,1.2357e-05,0.000180267,0.213763,0.00126545,0.000111258,0.00126055
4.37049,0.0990199,0.00056341,7.37945e-05,0.000558557,0.972091,0.000274163,0.000120836,0.000246098,0.00198704,0.000182242,1.2103e-05,0.00018184,0.21164,0.00125003,0.00010706,0.00124543
4.37397,0.0968165,0.000546334,7.01742e-05,0.000541809,0.97211,0.000272231,0.000120839,0.000243942,0.00203399,0.000183796,1.18314e-05,0.000183415,0.209589,0.00123463,0.000103182,0.00123031
4.37746,0.0946977,0.000529286,6.68494e-05,0.000525048,0.972129,0.000270315,0.000120874,0.000241784,0.00208313,0.000185351,1.15452e-05,0.000184991,0.207613,0.00121925,9.96544e-05,0.00121517
4.38095,0.092668,0.000512267,6.38476e-05,0.000508273,0.972149,0.000268416,0.000120942,0.000239625,0.00213456,0.000186907,1.12472e-05,0.000186568,0.205719,0.00120389,9.6499e-05,0.00120002
4.38445,0.0907318,0.000495279,6.11867e-05,0.000491485,0.972168,0.000266536,0.000121047,0.000237463,0.00218838,0.000188464,1.09405e-05,0.000188147,0.203909,0.00118856,9.37254e-05,0.00118486
4.38795,0.0888934,0.00047832,5.88721e-05,0.000474683,0.972187,0.000264676,0.00012119,0.000235301,0.00224469,0.000190024,1.06281e-05,0.000189726,0.202189,0.00117324,9.13308e-05,0.00116968
4.39145,0.0871574,0.00046139,5.68945e-05,0.000457868,0.972206,0.000262838,0.000121373,0.000233136,0.0023036,0.000191585,1.03134e-05,0.000191307,0.200564,0.00115794,8.92987e-05,0.0011545
4.39495,0.085528,0.000444485,5.52292e-05,0.00044104,0.972226,0.000261024,0.0001216,0.00023097,0.00236519,0.000193149,9.99953e-06,0.00019289,0.199038,0.00114266,8.7599e-05,0.0011393
4.39845,0.0840098,0.000427601,5.3836e-05,0.000424198,0.972245,0.000259235,0.000121871,0.000228801,0.00242959,0.000194715,9.69005e-06,0.000194473,0.197615,0.00112739,8.61895e-05,0.00112409
4.40196,0.0826071,0.000410733,5.26612e-05,0.000407343,0.972265,0.000257473,0.00012219,0.000226632,0.00249688,0.000196283,9.38837e-06,0.000196058,0.196301,0.00111212,8.50169e-05,0.00110886
4.40548,0.0813244,0.000393875,5.16406e-05,0.000390475,0.972284,0.00025574,0.000122558,0.00022446,0.00256716,0.000197854,9.09796e-06,0.000197644,0.1951,0.00109685,8.40205e-05,0.00109363
4.40899,0.0801661,0.000377017,5.07033e-05,0.000373593,0.972304,0.000254038,0.000122979,0.000222287,0.00264055,0.000199427,8.82224e-06,0.000199232,0.194016,0.00108158,8.31344e-05,0.00107838
4.41251,0.0791366,0.000360153,4.97758e-05,0.000356697,0.972323,0.000252368,0.000123453,0.000220112,0.00271713,0.000201003,8.5645e-06,0.00020082,0.193055,0.0010663,8.22911e-05,0.00106312
4.41603,0.0782402,0.000343272,4.87858e-05,0.000339788,0.972343,0.000250734,0.000123984,0.000217935,0.00279702,0.000202581,8.32781e-06,0.00020241,0.192221,0.00105101,8.14247e-05,0.00104785
4.41955,0.0774815,0.000326365,4.76656e-05,0.000322865,0.972363,0.000249137,0.000124573,0.000215756,0.0028803,0.000204163,8.11493e-06,0.000204001,0.191518,0.0010357,8.04736e-05,0.00103257
4.42307,0.0768635,0.000315371,4.63615e-05,0.000311944,0.972383,0.000249922,0.000125223,0.000216288,0.0029671,0.000206343,7.92814e-06,0.000206191,0.190951,0.00101916,7.93885e-05,0.00101607
4.4266,0.0763816,0.000310438,4.48661e-05,0.000307178,0.972402,0.000253146,0.000125936,0.000219598,0.00305749,0.000209139,7.76914e-06,0.000208994,0.190514,0.00100137,7.81601e-05,0.000998317
4.43013,0.0760283,0.000305479,4.32007e-05,0.000302408,0.972422,0.000256409,0.000126713,0.000222911,0.00315159,0.000211938,7.63895e-06,0.0002118,0.190201,0.000983556,7.68033e-05,0.000980553
4.43367,0.0757961,0.000300501,4.14022e-05,0.000297635,0.972442,0.00025971,0.000127557,0.000226227,0.0032495,0.00021474,7.5378e-06,0.000214608,0.190005,0.000965718,7.53442e-05,0.000962775
4.4372,0.0756775,0.000295512,3.95215e-05,0.000292857,0.972462,0.00026305,0.000128469,0.000229545,0.00335132,0.000217546,7.46506e-06,0.000217418,0.189919,0.000947861,7.3819e-05,0.000944982
4.44074,0.075665,0.000290523,3.7623e-05,0.000288076,0.972482,0.000266429,0.000129451,0.000232866,0.00345714,0.000220355,7.41932e-06,0.00022023,0.189937,0.000929988,7.22716e-05,0.000927176
4.44429,0.0757512,0.000285542,3.57837e-05,0.000283291,0.972502,0.000269847,0.000130506,0.00023619,0.00356708,0.000223167,7.39835e-06,0.000223045,0.190051,0.000912103,7.0752e-05,0.000909355
4.44783,0.0759286,0.000280581,3.40909e-05,0.000278502,0.972523,0.000273304,0.000131634,0.000239516,0.00368123,0.000225983,7.39928e-06,0.000225862,0.190254,0.00089421,6.93142e-05,0.00089152
4.45138,0.0761896,0.000275649,3.26386e-05,0.00027371,0.972543,0.000276801,0.000132836,0.000242845,0.00379969,0.000228801,7.4187e-06,0.000228681,0.190541,0.000876314,6.80138e-05,0.00087367
4.45493,0.0765269,0.000270754,3.15195e-05,0.000268913,0.972563,0.000280339,0.000134116,0.000246176,0.00392256,0.000231622,7.45283e-06,0.000231502,0.190903,0.000858418,6.69049e-05,0.000855807
4.45848,0.0769328,0.000265904,3.08131e-05,0.000264113,0.972583,0.000283916,0.000135473,0.00024951,0.00404996,0.000234445,7.49767e-06,0.000234326,0.191334,0.000840527,6.60371e-05,0.000837929
4.46204,0.0774,0.000261104,3.05717e-05,0.000259308,0.972604,0.000287534,0.000136909,0.000252847,0.00418196,0.000237272,7.54915e-06,0.000237151,0.191828,0.000822645,6.54515e-05,0.000820037
4.4656,0.0779209,0.000256358,3.08084e-05,0.0002545,0.972624,0.000291192,0.000138425,0.000256187,0.00431869,0.0002401,7.60326e-06,0.000239979,0.192376,0.000804774,6.51775e-05,0.000802131
4.46916,0.0784881,0.000251667,3.14937e-05,0.000249689,0.972645,0.000294892,0.000140021,0.000259529,0.00446023,0.00024293,7.65618e-06,0.00024281,0.192973,0.000786918,6.52301e-05,0.00078421
4.47273,0.0790941,0.000247028,3.25606e-05,0.000244873,0.972665,0.000298633,0.0001417,0.000262874,0.00460669,0.000245763,7.70435e-06,0.000245642,0.193612,0.000769079,6.5608e-05,0.000766275
4.4763,0.0797313,0.000242438,3.39171e-05,0.000240053,0.972686,0.000302415,0.000143461,0.000266221,0.00475818,0.000248598,7.74457e-06,0.000248477,0.194285,0.000751257,6.62941e-05,0.000748326
4.47987,0.0803924,0.000237888,3.54601e-05,0.00023523,0.972707,0.00030624,0.000145306,0.000269572,0.00491479,0.000251435,7.77405e-06,0.000251314,0.194986,0.000733452,6.72558e-05,0.000730362
4.48344,0.0810697,0.000233368,3.70858e-05,0.000230403,0.972727,0.000310106,0.000147235,0.000272925,0.00507662,0.000254273,7.7905e-06,0.000254154,0.195707,0.000715665,6.84484e-05,0.000712384
4.48702,0.0817559,0.000228867,3.86959e-05,0.000225572,0.972748,0.000314015,0.000149248,0.00027628,0.00524377,0.000257113,7.79221e-06,0.000256995,0.196443,0.000697893,6.98178e-05,0.000694392
4.4906,0.0824435,0.000224368,4.02006e-05,0.000220737,0.972769,0.000317967,0.000151345,0.000279638,0.00541636,0.000259956,7.77811e-06,0.000259839,0.197186,0.000680134,7.13036e-05,0.000676386
4.49418,0.0831249,0.000220547,4.15191e-05,0.000216604,0.97279,0.000320265,0.000153528,0.000281067,0.00559446,0.000263476,7.74792e-06,0.000263362,0.197929,0.000664344,7.28425e-05,0.000660338
4.49776,0.0837926,0.000217657,4.25793e-05,0.000213452,0.972811,0.000320251,0.000155797,0.0002798,0.0057782,0.000267942,7.70229e-06,0.000267831,0.198665,0.00065129,7.43702e-05,0.00064703
4.50135,0.0844393,0.000214713,4.33182e-05,0.000210298,0.972832,0.0003203,0.00015815,0.000278533,0.00596768,0.000272411,7.64299e-06,0.000272304,0.199388,0.000638232,7.58241e-05,0.000633712
4.50494,0.0850596,0.000211701,4.37058e-05,0.000207141,0.972853,0.000320409,0.00016058,0.000277265,0.00616368,0.000276883,7.57427e-06,0.00027678,0.200091,0.000625161,7.71441e-05,0.000620383
4.50854,0.0856507,0.000208622,4.37554e-05,0.000203981,0.972874,0.000320566,0.000163061,0.000275996,0.00636784,0.00028136,7.50297e-06,0.00028126,0.200767,0.000612069,7.82744e-05,0.000607043
4.51213,0.0862104,0.000205475,4.3491e-05,0.000200819,0.972895,0.00032076,0.000165568,0.000274726,0.00658192,0.00028584,7.43665e-06,0.000285743,0.201408,0.000598947,7.91638e-05,0.000593693
4.51573,0.0867362,0.000202266,4.29428e-05,0.000197655,0.972916,0.000320978,0.000168076,0.000273454,0.00680764,0.000290324,7.38322e-06,0.00029023,0.202008,0.000585788,7.97675e-05,0.000580332
4.51933,0.0872257,0.000199002,4.21463e-05,0.000194488,0.972937,0.000321205,0.000170556,0.000272182,0.00704673,0.000294812,7.35062e-06,0.00029472,0.202561,0.000572583,8.00475e-05,0.00056696
4.52294,0.0876766,0.000195692,4.11423e-05,0.000191319,0.972957,0.000321426,0.000172982,0.000270909,0.00730092,0.000299305,7.34648e-06,0.000299214,0.203059,0.000559325,7.99746e-05,0.000553577
4.52655,0.0880864,0.000192347,3.9976e-05,0.000188146,0.972977,0.000321625,0.000175327,0.000269635,0.00757195,0.000303802,7.37773e-06,0.000303712,0.203495,0.000546008,7.95306e-05,0.000540184
4.53016,0.0884527,0.000188977,3.86978e-05,0.000184972,0.972996,0.000321785,0.000177563,0.000268359,0.00786154,0.000308303,7.45014e-06,0.000308213,0.203863,0.000532629,7.87108e-05,0.000526781
4.53377,0.0887732,0.000185595,3.7363e-05,0.000181795,0.973015,0.00032189,0.000179666,0.000267083,0.00817144,0.00031281,7.56795e-06,0.000312718,0.204157,0.00051919,7.75433e-05,0.000513366
4.53739,0.0890454,0.000182213,3.60312e-05,0.000178615,0.973033,0.000321923,0.000181609,0.000265806,0.00850336,0.000317321,7.73367e-06,0.000317226,0.204373,0.000505704,7.61241e-05,0.000499941
4.54101,0.089267,0.000178845,3.47662e-05,0.000175433,0.973051,0.000321869,0.000183371,0.000264527,0.00885905,0.000321837,7.94798e-06,0.000321739,0.204509,0.000492187,7.45712e-05,0.000486505
4.54463,0.0894355,0.000175501,3.36334e-05,0.000172248,0.973068,0.000321712,0.000184929,0.000263248,0.00924023,0.000326357,8.20987e-06,0.000326254,0.204564,0.00047866,7.30094e-05,0.000473059
4.54825,0.0895485,0.000172194,3.2697e-05,0.000169061,0.973084,0.000321437,0.000186266,0.000261968,0.00964864,0.000330883,8.51691e-06,0.000330773,0.204534,0.00046514,7.1566e-05,0.000459602
4.55188,0.0896038,0.000168933,3.20148e-05,0.000165871,0.973099,0.000321034,0.000187365,0.000260686,0.010086,0.000335413,8.86557e-06,0.000335296,0.204418,0.000451648,7.03646e-05,0.000446134
4.55551,0.0895987,0.000165726,3.16325e-05,0.000162679,0.973113,0.000320492,0.000188214,0.000259404,0.0105541,0.000339949,9.25165e-06,0.000339823,0.204213,0.000438204,6.95171e-05,0.000432655
4.55915,0.0895311,0.00016258,3.15771e-05,0.000159484,0.973127,0.000319803,0.000188807,0.00025812,0.0110545,0.000344488,9.6706e-06,0.000344353,0.203916,0.000424825,6.91136e-05,0.000419165
4.56278,0.0893984,0.0001595,3.18534e-05,0.000156287,0.973139,0.000318966,0.000189142,0.000256836,0.0115892,0.000349033,1.01178e-05,0.000348886,0.203527,0.000411527,6.92138e-05,0.000405665
4.56642,0.0891983,0.000157408,3.2443e-05,0.000154028,0.97315,0.000318817,0.000189224,0.000256591,0.0121597,0.000354694,1.05889e-05,0.000354536,0.203042,0.000402019,6.98397e-05,0.000395906
4.57007,0.0889283,0.000157156,3.33074e-05,0.000153586,0.97316,0.000320144,0.000189065,0.000258354,0.0127678,0.000362507,1.10798e-05,0.000362337,0.202458,0.000399733,7.09739e-05,0.000393382
4.57371,0.0885862,0.000156958,3.43928e-05,0.000153143,0.973168,0.000321349,0.000188689,0.000260118,0.0134153,0.000370326,1.15868e-05,0.000370145,0.201775,0.000397535,7.25619e-05,0.000390856
4.57736,0.0881694,0.000156804,3.56374e-05,0.0001527,0.973176,0.000322453,0.000188129,0.000261884,0.0141039,0.000378152,1.2107e-05,0.000377959,0.200989,0.000395413,7.45192e-05,0.000388328
4.58101,0.0876756,0.000156682,3.69757e-05,0.000152257,0.973181,0.000323486,0.000187433,0.000263651,0.0148353,0.000385985,1.26379e-05,0.000385779,0.200098,0.000393356,7.67407e-05,0.000385798
4.58467,0.0871024,0.00015658,3.83431e-05,0.000151813,0.973186,0.000324485,0.000186663,0.00026542,0.0156112,0.000393825,1.31777e-05,0.000393605,0.1991,0.000391345,7.9109e-05,0.000383266
4.58832,0.0864474,0.000156483,3.96782e-05,0.000151369,0.973188,0.000325498,0.0001859,0.000267189,0.0164334,0.000401672,1.37253e-05,0.000401437,0.197993,0.000389357,8.15024e-05,0.000380731
4.59198,0.0857082,0.000156374,4.09239e-05,0.000150924,0.97319,0.000326581,0.000185244,0.000268961,0.0173036,0.000409525,1.42803e-05,0.000409276,0.196774,0.000387368,8.38002e-05,0.000378195
4.59565,0.0848825,0.000156238,4.20275e-05,0.000150479,0.973189,0.000327803,0.000184819,0.000270734,0.0182236,0.000417385,1.48432e-05,0.000417121,0.195442,0.00038535,8.58865e-05,0.000375657
4.59931,0.0839677,0.000156058,4.29414e-05,0.000150034,0.973187,0.000329243,0.000184771,0.000272508,0.019195,0.000425252,1.5415e-05,0.000424972,0.193993,0.000383274,8.76528e-05,0.000373117
4.60298,0.0829622,0.00015582,4.36259e-05,0.000149589,0.973183,0.000330993,0.00018527,0.000274283,0.0202196,0.000433125,1.59977e-05,0.00043283,0.192426,0.000381114,8.90066e-05,0.000370574
4.60665,0.081869,0.000155518,4.40724e-05,0.000149143,0.973177,0.000333152,0.000186496,0.00027606,0.0212992,0.000441006,1.65942e-05,0.000440693,0.190743,0.000378856,8.9922e-05,0.00036803
4.61033,0.0806928,0.000155152,4.42886e-05,0.000148696,0.973169,0.000335806,0.000188603,0.000277839,0.0224354,0.000448893,1.72081e-05,0.000448563,0.188947,0.0003765,9.04102e-05,0.000365484
4.61401,0.0794385,0.000154723,4.42868e-05,0.00014825,0.97316,0.000339026,0.000191708,0.000279619,0.02363,0.000456788,1.78441e-05,0.00045644,0.187042,0.000374047,9.04935e-05,0.000362935
4.61769,0.0781109,0.000154236,4.40824e-05,0.000147803,0.97315,0.000342861,0.000195876,0.0002814,0.0248848,0.000464691,1.85074e-05,0.000464322,0.185032,0.000371502,9.02025e-05,0.000360385
4.62137,0.0767149,0.000153697,4.36935e-05,0.000147355,0.973139,0.000347337,0.000201123,0.000283183,0.0262014,0.000472602,1.92045e-05,0.000472211,0.18292,0.000368873,8.95745e-05,0.000357832
4.62506,0.0752552,0.000153111,4.31403e-05,0.000146908,0.973126,0.000352457,0.000207412,0.000284967,0.0275816,0.00048052,1.99424e-05,0.000480106,0.180709,0.000366171,8.86515e-05,0.000355278
4.62875,0.0737368,0.000152486,4.24444e-05,0.00014646,0.973113,0.000358201,0.000214664,0.000286752,0.0290272,0.000488448,2.07289e-05,0.000488008,0.178403,0.000363408,8.74796e-05,0.000352721
4.63244,0.0721644,0.00015183,4.16289e-05,0.000146011,0.973099,0.000364526,0.000222765,0.000288539,0.0305398,0.000496385,2.15725e-05,0.000495916,0.176006,0.000360595,8.6108e-05,0.000350163
4.63613,0.0705429,0.00015115,4.0718e-05,0.000145562,0.973085,0.000371369,0.00023157,0.000290328,0.0321211,0.000504331,2.24822e-05,0.00050383,0.173521,0.000357746,8.45881e-05,0.000347602
4.63983,0.068877,0.000149877,3.97365e-05,0.000144513,0.97307,0.000378627,0.000240922,0.000292087,0.0337731,0.000510288,2.34676e-05,0.000509748,0.170951,0.000353746,8.29724e-05,0.000343877
4.64353,0.0671718,0.000146987,3.87099e-05,0.000141799,0.973055,0.000386162,0.00025065,0.000293761,0.0354972,0.00051071,2.45381e-05,0.00051012,0.1683,0.000346599,8.13139e-05,0.000336925
4.64724,0.0654319,0.000144092,3.76637e-05,0.000139082,0.97304,0.000393936,0.000260581,0.000295437,0.0372954,0.000511138,2.57037e-05,0.000510492,0.165571,0.000339448,7.96643e-05,0.000329968
4.65094,0.0636621,0.000141196,3.66228e-05,0.000136363,0.973025,0.000401832,0.000270541,0.000297114,0.0391693,0.000511575,2.69739e-05,0.000510863,0.162769,0.000332307,7.80729e-05,0.000323005
4.65465,0.0618675,0.000138306,3.56112e-05,0.000133642,0.97301,0.000409728,0.000280358,0.000298792,0.0411218,0.000512022,2.83564e-05,0.000511236,0.159896,0.000325183,7.65847e-05,0.000316036
4.65837,0.0600527,0.000135427,3.46512e-05,0.000130919,0.972995,0.0004175,0.000289868,0.000300471,0.0431584,0.000512479,2.98529e-05,0.000511608,0.156956,0.000318089,7.52385e-05,0.000309062
4.66208,0.0582226,0.000132565,3.3762e-05,0.000128194,0.972981,0.00042502,0.000298908,0.000302152,0.0452846,0.000512947,3.1462e-05,0.000511981,0.153953,0.00031103,7.40649e-05,0.000302083
4.6658,0.056382,0.000129723,3.29592e-05,0.000125467,0.972968,0.000432162,0.000307324,0.000303835,0.0475059,0.000513428,3.31798e-05,0.000512354,0.150889,0.000304013,7.30845e-05,0.000295097
4.66952,0.0545358,0.000126904,3.22539e-05,0.000122737,0.972955,0.000438801,0.000314968,0.000305518,0.0498279,0.000513921,3.5e-05,0.000512728,0.14777,0.000297042,7.23065e-05,0.000288107
4.67325,0.0526888,0.000124109,3.1651e-05,0.000120005,0.972943,0.000444817,0.000321696,0.000307203,0.0522563,0.000514428,3.69148e-05,0.000513102,0.144597,0.000290117,7.17273e-05,0.00028111
4.67698,0.0508459,0.000121338,3.11498e-05,0.000117271,0.972933,0.000450096,0.000327373,0.00030889,0.0547965,0.000514948,3.89149e-05,0.000513476,0.141375,0.000283237,7.1331e-05,0.000274108
4.68071,0.0490118,0.000118589,3.07426e-05,0.000114535,0.972923,0.000454528,0.000331869,0.000310577,0.0574541,0.000515482,4.099e-05,0.00051385,0.138107,0.000276399,7.10896e-05,0.000267101
4.68444,0.0471914,0.00011586,3.04158e-05,0.000111797,0.972915,0.000458013,0.000335061,0.000312266,0.0602348,0.00051603,4.31295e-05,0.000514225,0.134796,0.000269595,7.09642e-05,0.000260088
4.68818,0.0453895,0.000113147,3.015e-05,0.000109056,0.972909,0.000460462,0.000336833,0.000313957,0.0631441,0.000516592,4.53219e-05,0.0005146,0.131447,0.000262815,7.09072e-05,0.000253069
4.69192,0.043611,0.000110444,2.99211e-05,0.000106313,0.972904,0.000461797,0.000337079,0.000315648,0.0661876,0.000517166,4.75559e-05,0.000514975,0.128062,0.000256046,7.08641e-05,0.000246045
4.69566,0.0418606,0.000107743,2.97017e-05,0.000103568,0.972901,0.000461954,0.000335703,0.000317341,0.0693709,0.000517753,4.98199e-05,0.00051535,0.124645,0.000249273,7.07757e-05,0.000239015
4.69941,0.0401433,0.000105038,2.94618e-05,0.000100821,0.972899,0.00046089,0.000332619,0.000319036,0.0726994,0.000518351,5.21026e-05,0.000515726,0.1212,0.000242479,7.05803e-05,0.000231979
4.70316,0.0384634,0.000102319,2.91722e-05,9.80721e-05,0.9729,0.000458599,0.000327787,0.000320732,0.0761789,0.000518961,5.43925e-05,0.000516102,0.11773,0.000235643,7.0219e-05,0.000224938
4.70691,0.0368221,9.95807e-05,2.88151e-05,9.53206e-05,0.972903,0.000455212,0.000321338,0.000322429,0.0798148,0.00051958,5.66787e-05,0.000516479,0.11424,0.000228756,6.96602e-05,0.000217891
4.71066,0.0352196,9.682e-05,2.83808e-05,9.25669e-05,0.972908,0.000450921,0.000313482,0.000324127,0.0836128,0.000520207,5.89503e-05,0.000516856,0.110735,0.000221808,6.88903e-05,0.000210839
4.71442,0.0336557,9.45103e-05,2.78642e-05,9.03094e-05,0.972915,0.000445409,0.000304442,0.000325121,0.0875784,0.000521627,6.11968e-05,0.000518025,0.107221,0.000215932,6.7903e-05,0.000204977
4.71818,0.0321307,9.42232e-05,2.72632e-05,9.01927e-05,0.972924,0.000437133,0.000294455,0.000323081,0.0917172,0.000526433,6.34082e-05,0.0005226,0.103702,0.00021487,6.66979e-05,0.000204256
4.72194,0.0306445,9.39154e-05,2.65786e-05,9.0076e-05,0.972934,0.000428476,0.000283769,0.00032104,0.0960348,0.000531242,6.55748e-05,0.00052718,0.100184,0.000213746,6.52799e-05,0.000203534
4.72571,0.0291973,9.35895e-05,2.58138e-05,8.99591e-05,0.972946,0.00041964,0.000272652,0.000318997,0.100537,0.000536053,6.76873e-05,0.000531763,0.0966718,0.000212567,6.36575e-05,0.000202811
4.72948,0.0277889,9.32486e-05,2.49737e-05,8.98421e-05,0.97296,0.000410827,0.000261382,0.000316952,0.105229,0.000540864,6.97371e-05,0.000536349,0.0931707,0.000211339,6.18428e-05,0.000202088
4.73325,0.0264195,9.28963e-05,2.4065e-05,8.97251e-05,0.972975,0.000402235,0.000250256,0.000314905,0.110116,0.000545673,7.17161e-05,0.00054094,0.0896859,0.000210071,5.98505e-05,0.000201365
4.73703,0.0250892,9.25365e-05,2.30959e-05,8.96079e-05,0.972992,0.000394052,0.000239577,0.000312857,0.115205,0.000550478,7.36167e-05,0.000545534,0.0862226,0.000208772,5.76974e-05,0.00020064
4.74081,0.0237979,9.21733e-05,2.20758e-05,8.94907e-05,0.97301,0.000386449,0.000229655,0.000310807,0.1205,0.000555279,7.54321e-05,0.000550131,0.0827859,0.00020745,5.54026e-05,0.000199916
4.74459,0.0225457,9.18109e-05,2.10151e-05,8.93734e-05,0.973029,0.000379577,0.00022079,0.000308756,0.126007,0.000560073,7.71565e-05,0.000554733,0.0793811,0.000206117,5.29867e-05,0.00019919
4.74837,0.0213327,9.1453e-05,1.99253e-05,8.9256e-05,0.973049,0.000373556,0.000213253,0.000306703,0.131732,0.000564859,7.87846e-05,0.000559337,0.0760132,0.000204781,5.04717e-05,0.000198464
4.75216,0.0201589,9.11033e-05,1.88191e-05,8.91384e-05,0.973071,0.000368472,0.000207269,0.000304649,0.137681,0.000569636,8.03124e-05,0.000563946,0.0726875,0.000203452,4.78813e-05,0.000197738
4.75595,0.0190244,9.07653e-05,1.77098e-05,8.90208e-05,0.973093,0.00036437,0.000202987,0.000302592,0.143858,0.000574404,8.17369e-05,0.000568558,0.0694091,0.000202138,4.52401e-05,0.000197011
4.75975,0.0179291,9.04418e-05,1.66119e-05,8.89031e-05,0.973117,0.000361253,0.000200456,0.000300534,0.15027,0.000579161,8.30566e-05,0.000573174,0.0661833,0.000200847,4.25741e-05,0.000196283
4.76354,0.0168732,9.01351e-05,1.55406e-05,8.87853e-05,0.973141,0.000359077,0.000199622,0.000298475,0.156922,0.000583907,8.42712e-05,0.000577794,0.0630152,0.000199586,3.99104e-05,0.000195554
4.76734,0.0158567,8.98471e-05,1.45117e-05,8.86674e-05,0.973166,0.000357755,0.000200319,0.000296414,0.16382,0.000588643,8.53822e-05,0.000582417,0.05991,0.00019836,3.7277e-05,0.000194826
4.77115,0.0148797,8.95789e-05,1.35414e-05,8.85495e-05,0.973191,0.000357164,0.000202296,0.000294351,0.170969,0.000593368,8.63933e-05,0.000587045,0.0568729,0.000197174,3.47029e-05,0.000194096
4.77495,0.0139421,8.9331e-05,1.26457e-05,8.84314e-05,0.973218,0.000357144,0.000205233,0.000292286,0.178375,0.000598082,8.73099e-05,0.000591675,0.053909,0.000196032,3.22175e-05,0.000193366
4.77876,0.013044,8.91032e-05,1.18392e-05,8.83132e-05,0.973244,0.000357512,0.000208776,0.00029022,0.186043,0.000602788,8.81404e-05,0.00059631,0.0510235,0.000194934,2.98501e-05,0.000192635
4.78257,0.0121855,8.88949e-05,1.1134e-05,8.81949e-05,0.973272,0.000358069,0.000212559,0.000288152,0.193979,0.000607487,8.88955e-05,0.000600948,0.0482217,0.000193883,2.76295e-05,0.000191904
4.78639,0.0113666,8.87047e-05,1.05378e-05,8.80766e-05,0.973299,0.000358604,0.000216225,0.000286083,0.202189,0.000612181,8.95896e-05,0.00060559,0.0455087,0.000192877,2.55819e-05,0.000191172
4.79021,0.0105874,8.85282e-05,1.00525e-05,8.79556e-05,0.973327,0.000359099,0.000219436,0.000284253,0.210678,0.00061663,9.02403e-05,0.000609991,0.0428896,0.000191893,2.37296e-05,0.00019042
4.79403,0.00984792,8.83462e-05,9.67242e-06,8.78151e-05,0.973355,0.000360659,0.000221885,0.000284328,0.219452,0.000619175,9.08693e-05,0.000612471,0.0403697,0.000190788,2.20879e-05,0.000189505
4.79785,0.00914818,8.81752e-05,9.3841e-06,8.76745e-05,0.973383,0.000361588,0.000223295,0.000284403,0.228515,0.000621722,9.15026e-05,0.000614952,0.0379541,0.000189719,2.06627e-05,0.00018859
4.80168,0.00848822,8.80125e-05,9.16733e-06,8.75337e-05,0.973412,0.000361731,0.000223432,0.000284478,0.237875,0.000624277,9.21707e-05,0.000617435,0.0356479,0.000188679,1.94475e-05,0.000187674
4.80551,0.00786745,8.7855e-05,8.99907e-06,8.73929e-05,0.97344,0.000361039,0.000222213,0.000284553,0.247525,0.000626844,9.29126e-05,0.00061992,0.0334525,0.000187664,1.84199e-05,0.000186758
4.80934,0.00728458,8.77005e-05,8.85901e-06,8.72519e-05,0.973468,0.000359574,0.000219728,0.000284628,0.257449,0.000629432,9.37718e-05,0.000622407,0.0313649,0.000186667,1.75488e-05,0.00018584
4.81318,0.00673826,8.75472e-05,8.7306e-06,8.71108e-05,0.973495,0.000357439,0.000216118,0.000284703,0.267629,0.000632045,9.47888e-05,0.000624897,0.0293821,0.000185684,1.68027e-05,0.000184922
4.81702,0.00622713,8.73939e-05,8.60099e-06,8.69696e-05,0.973523,0.000354761,0.000211558,0.000284778,0.278048,0.00063469,9.6e-05,0.000627388,0.0275009,0.000184711,1.61515e-05,0.000184004
4.82086,0.00574986,8.72395e-05,8.46074e-06,8.68283e-05,0.973549,0.000351684,0.000206253,0.000284853,0.288688,0.000637372,9.74361e-05,0.000629881,0.0257181,0.000183745,1.5568e-05,0.000183084
4.82471,0.0053051,8.70836e-05,8.30346e-06,8.66868e-05,0.973575,0.000348367,0.000200438,0.000284929,0.299532,0.000640097,9.91215e-05,0.000632376,0.0240305,0.000182783,1.50286e-05,0.000182164
4.82856,0.00489151,8.69259e-05,8.12533e-06,8.65453e-05,0.973601,0.000344974,0.00019437,0.000285004,0.310562,0.000642868,0.000101073,0.000634873,0.022435,0.000181823,1.45136e-05,0.000181243
4.83241,0.00450774,8.67663e-05,7.92467e-06,8.64036e-05,0.973625,0.00034167,0.00018833,0.000285079,0.32176,0.000645689,0.000103302,0.000637372,0.0209285,0.000180865,1.40073e-05,0.000180321
4.83626,0.00415245,8.6605e-05,7.70163e-06,8.62619e-05,0.973648,0.000338615,0.000182611,0.000285155,0.33311,0.000648562,0.000105809,0.000639873,0.0195077,0.000179906,1.34981e-05,0.000179399
4.84012,0.00382429,8.64423e-05,7.45787e-06,8.612e-05,0.97367,0.000335956,0.000177512,0.00028523,0.344594,0.00065149,0.00010859,0.000642376,0.0181696,0.000178947,1.29777e-05,0.000178476
4.84398,0.00352191,8.62787e-05,7.19635e-06,8.5978e-05,0.973691,0.000333824,0.000173317,0.000285306,0.356194,0.000654472,0.000111634,0.000644881,0.016911,0.000177987,1.24413e-05,0.000177552
4.84785,0.00324397,8.61145e-05,6.92118e-06,8.58359e-05,0.97371,0.000332321,0.000170277,0.000285381,0.367893,0.00065751,0.000114924,0.000647389,0.0157286,0.000177027,1.18868e-05,0.000176627
4.85171,0.00298913,8.59504e-05,6.63745e-06,8.56937e-05,0.973728,0.000331521,0.000168584,0.000285457,0.379672,0.000660602,0.00011844,0.000649898,0.0146195,0.000176066,1.13145e-05,0.000175702
4.85558,0.00275603,8.57868e-05,6.35115e-06,8.55514e-05,0.973744,0.000331465,0.000168345,0.000285533,0.391516,0.000663746,0.000122155,0.000652409,0.0135803,0.000175105,1.07267e-05,0.000174776
4.85946,0.00254335,8.56243e-05,6.06901e-06,8.54089e-05,0.973759,0.000332155,0.000169571,0.000285609,0.403405,0.00066694,0.000126043,0.000654922,0.012608,0.000174144,1.01277e-05,0.000173849
4.86333,0.00234972,8.54633e-05,5.79838e-06,8.52663e-05,0.973771,0.000333555,0.000172173,0.000285685,0.415323,0.000670181,0.000130072,0.000657437,0.0116993,0.000173183,9.5235e-06,0.000172921
4.86721,0.00217381,8.53116e-05,5.54689e-06,8.51311e-05,0.973782,0.00033558,0.000175974,0.000285739,0.427253,0.000673654,0.000134213,0.000660149,0.0108513,0.000172239,8.92129e-06,0.000172007
4.87109,0.00201426,8.53609e-05,5.32215e-06,8.51948e-05,0.97379,0.000337665,0.000180729,0.000285227,0.439176,0.000682268,0.000138433,0.000668077,0.0100605,0.000171682,8.32967e-06,0.00017148
4.87498,0.00186974,8.54128e-05,5.13114e-06,8.52585e-05,0.973797,0.00034017,0.000186154,0.000284714,0.451075,0.000690907,0.000142699,0.00067601,0.00932406,0.000171128,7.75824e-06,0.000170952
4.87887,0.0017389,8.54674e-05,4.97951e-06,8.53223e-05,0.9738,0.000342947,0.000191943,0.000284201,0.462932,0.000699564,0.000146979,0.00068395,0.00863865,0.000170577,7.21733e-06,0.000170424
4.88276,0.0016204,8.55249e-05,4.87086e-06,8.53861e-05,0.973802,0.000345832,0.000197791,0.000283687,0.474731,0.000708233,0.000151242,0.000691896,0.00800115,0.000170029,6.71755e-06,0.000169896
4.88666,0.00151288,8.5585e-05,4.80612e-06,8.54499e-05,0.9738,0.000348652,0.000203399,0.000283173,0.486453,0.000716906,0.000155456,0.000699849,0.0074084,0.000169483,6.26902e-06,0.000169367
4.89055,0.00141501,8.56475e-05,4.78317e-06,8.55138e-05,0.973796,0.000351232,0.00020849,0.000282659,0.498082,0.000725576,0.000159591,0.000707808,0.00685725,0.00016894,5.88032e-06,0.000168838
4.89446,0.00132544,8.57121e-05,4.79701e-06,8.55778e-05,0.973789,0.000353399,0.000212804,0.000282144,0.509598,0.000734235,0.000163616,0.000715773,0.00634455,0.000168399,5.55714e-06,0.000168308
4.89836,0.00124281,8.57785e-05,4.84022e-06,8.56418e-05,0.973779,0.000354986,0.000216103,0.000281629,0.520986,0.000742875,0.000167504,0.000723744,0.00586714,0.000167861,5.30087e-06,0.000167778
4.90227,0.00116584,8.58461e-05,4.90385e-06,8.57059e-05,0.973766,0.000355848,0.000218182,0.000281113,0.532228,0.000751489,0.000171225,0.000731722,0.00542192,0.000167325,5.10757e-06,0.000167247
4.90618,0.00109381,8.59144e-05,4.97923e-06,8.577e-05,0.97375,0.000355928,0.000218975,0.000280597,0.543305,0.000760069,0.000174753,0.000739707,0.00500685,0.00016679,4.96763e-06,0.000166716
4.91009,0.00102652,8.59831e-05,5.05944e-06,8.58342e-05,0.973731,0.000355254,0.000218542,0.00028008,0.554201,0.000768608,0.000178062,0.000747697,0.00462074,0.000166256,4.86933e-06,0.000166184
4.91401,0.000963782,8.6052e-05,5.13903e-06,8.58984e-05,0.97371,0.000353882,0.000216971,0.000279563,0.564898,0.000777098,0.000181128,0.000755694,0.0042624,0.000165722,4.80141e-06,0.000165652
4.91793,0.000905397,8.61206e-05,5.2139e-06,8.59626e-05,0.973686,0.000351884,0.000214372,0.000279046,0.575378,0.000785534,0.000183927,0.000763698,0.00393068,0.000165189,4.75374e-06,0.00016512
4.92185,0.000851175,8.61889e-05,5.28099e-06,8.6027e-05,0.97366,0.000349351,0.000210875,0.000278528,0.585625,0.000793909,0.000186436,0.000771708,0.00362439,0.000164655,4.7177e-06,0.000164587
4.92578,0.000800925,8.62567e-05,5.33816e-06,8.60913e-05,0.973633,0.000346385,0.000206623,0.00027801,0.59562,0.000802217,0.000188635,0.000779724,0.00334236,0.000164121,4.68628e-06,0.000164054
4.92971,0.000754453,8.63238e-05,5.38399e-06,8.61558e-05,0.973604,0.000343097,0.000201777,0.000277492,0.605345,0.000810455,0.000190506,0.000787747,0.00308343,0.000163587,4.65404e-06,0.000163521
4.93364,0.000711568,8.63903e-05,5.41764e-06,8.62202e-05,0.973574,0.000339603,0.000196511,0.000276973,0.614785,0.000818617,0.00019203,0.000795776,0.00284641,0.000163052,4.61701e-06,0.000162987
4.93757,0.000672077,8.6456e-05,5.4387e-06,8.62848e-05,0.973542,0.000336024,0.000191012,0.000276453,0.62392,0.000826702,0.000193193,0.000803811,0.00263014,0.000162516,4.57241e-06,0.000162452
4.94151,0.000635789,8.6521e-05,5.44716e-06,8.63493e-05,0.97351,0.000332478,0.000185478,0.000275933,0.632733,0.000834706,0.000193981,0.000811853,0.00243344,0.00016198,4.51854e-06,0.000161917
4.94546,0.000602511,8.65852e-05,5.44327e-06,8.6414e-05,0.973478,0.00032908,0.000180115,0.000275413,0.641208,0.000842629,0.000194384,0.000819901,0.00225514,0.000161443,4.45453e-06,0.000161382
4.9494,0.00057205,8.63175e-05,5.42753e-06,8.61467e-05,0.973445,0.000326182,0.00017513,0.00027518,0.649326,0.000855304,0.000194396,0.000832919,0.00209407,0.000160626,4.38026e-06,0.000160566
4.95335,0.000544216,8.60349e-05,5.40062e-06,8.58653e-05,0.973412,0.000323651,0.000170727,0.000274959,0.657072,0.000868114,0.000194018,0.000846156,0.00194906,0.000159796,4.29617e-06,0.000159738
4.9573,0.000518815,8.57515e-05,5.36337e-06,8.55836e-05,0.97338,0.000321559,0.000167091,0.000274738,0.66445,0.000880869,0.00019328,0.000859403,0.00181893,0.000158965,4.20317e-06,0.00015891
4.96125,0.000495655,8.54673e-05,5.31671e-06,8.53018e-05,0.973348,0.000319969,0.00016438,0.000274516,0.67147,0.00089358,0.000192225,0.00087266,0.0017025,0.000158134,4.10256e-06,0.00015808
4.96521,0.000474545,8.51823e-05,5.26169e-06,8.50197e-05,0.973317,0.000318923,0.00016271,0.000274294,0.67814,0.000906262,0.0001909,0.000885928,0.00159862,0.000157301,3.99597e-06,0.000157251
4.96917,0.000455291,8.48967e-05,5.19942e-06,8.47374e-05,0.973286,0.000318442,0.000162141,0.000274072,0.684471,0.000918927,0.00018935,0.000899207,0.0015061,0.000156468,3.88526e-06,0.00015642
4.97314,0.000437702,8.46105e-05,5.13105e-06,8.44548e-05,0.973257,0.000318521,0.00016267,0.00027385,0.690473,0.000931586,0.000187625,0.000912496,0.00142377,0.000155634,3.77249e-06,0.000155589
4.9771,0.000421586,8.43239e-05,5.05779e-06,8.41721e-05,0.97323,0.000319132,0.000164236,0.000273628,0.696155,0.000944251,0.000185774,0.000925796,0.00135046,0.0001548,3.65982e-06,0.000154757
4.98107,0.00040675,8.40368e-05,4.98086e-06,8.38891e-05,0.973204,0.000320227,0.000166718,0.000273405,0.701527,0.000956933,0.000183847,0.000939106,0.001285,0.000153965,3.5495e-06,0.000153924
4.98505,0.000393002,8.37494e-05,4.90147e-06,8.36059e-05,0.97318,0.000321733,0.000169952,0.000273183,0.706599,0.000969641,0.000181896,0.000952427,0.00122621,0.00015313,3.44374e-06,0.000153091
4.98902,0.00038015,8.34618e-05,4.82087e-06,8.33224e-05,0.973159,0.000323564,0.000173744,0.00027296,0.71138,0.000982385,0.000179971,0.000965759,0.00117292,0.000152294,3.34464e-06,0.000152257
4.993,0.000368002,8.31739e-05,4.74025e-06,8.30388e-05,0.97314,0.000325618,0.000177882,0.000272737,0.715881,0.000995172,0.000178124,0.000979101,0.00112396,0.000151457,3.2541e-06,0.000151423
4.99699,0.000356365,8.2886e-05,4.6608e-06,8.27549e-05,0.973123,0.000327783,0.000182149,0.000272514,0.72011,0.00100801,0.000176403,0.000992454,0.00107816,0.000150621,3.17372e-06,0.000150587
5.00097,0.000345048,8.2598e-05,4.58363e-06,8.24708e-05,0.97311,0.000329941,0.00018633,0.00027229,0.724079,0.0010209,0.000174856,0.00100582,0.00103435,0.000149784,3.10466e-06,0.000149751
5.00496,0.000333918,8.231e-05,4.50951e-06,8.21864e-05,0.9731,0.000331987,0.00019025,0.000272067,0.727796,0.00103386,0.000173526,0.00101919,0.000991714,0.000148946,3.04735e-06,0.000148915
5.00895,0.000322962,8.2022e-05,4.43853e-06,8.19018e-05,0.973093,0.000333857,0.000193809,0.000271843,0.731272,0.00104688,0.000172453,0.00103258,0.000950161,0.000148108,3.00129e-06,0.000148078
5.01295,0.000312178,8.1734e-05,4.3707e-06,8.1617e-05,0.973089,0.000335504,0.000196941,0.000271619,0.734515,0.00105997,0.000171671,0.00104597,0.000909677,0.00014727,2.96584e-06,0.00014724
5.01695,0.000301564,8.14459e-05,4.30603e-06,8.1332e-05,0.973088,0.000336893,0.000199603,0.000271395,0.737537,0.00107312,0.000171208,0.00105938,0.000870252,0.000146431,2.94025e-06,0.000146401
5.02095,0.000291121,8.11578e-05,4.24452e-06,8.10468e-05,0.973089,0.000338001,0.00020177,0.000271171,0.740346,0.00108635,0.000171084,0.0010728,0.000831873,0.000145591,2.9237e-06,0.000145562
5.02496,0.000280848,8.08697e-05,4.18618e-06,8.07613e-05,0.973093,0.000338813,0.000203427,0.000270946,0.742953,0.00109965,0.000171313,0.00108622,0.000794528,0.000144751,2.91534e-06,0.000144722
5.02896,0.000270743,8.05432e-05,4.131e-06,8.04372e-05,0.9731,0.000340587,0.000204576,0.000272301,0.745366,0.00126924,0.000171899,0.00125755,0.000758205,0.000144131,2.91429e-06,0.000144101
5.03298,0.000260806,8.02115e-05,4.07898e-06,8.01077e-05,0.973109,0.000342227,0.000205223,0.000273866,0.747597,0.00146009,0.000172839,0.00144983,0.000722892,0.000143539,2.91965e-06,0.000143509
5.03699,0.000251036,7.98798e-05,4.03009e-06,7.97781e-05,0.973121,0.000343578,0.000205385,0.000275432,0.749654,0.00165147,0.00017412,0.00164226,0.000688576,0.000142947,2.93056e-06,0.000142917
5.04101,0.000241432,7.95479e-05,3.98433e-06,7.94481e-05,0.973134,0.000344656,0.000205083,0.000276999,0.751548,0.00184325,0.000175724,0.00183485,0.000655246,0.000142354,2.94618e-06,0.000142324
5.04503,0.000231993,7.9216e-05,3.94167e-06,7.91179e-05,0.97315,0.00034548,0.000204344,0.000278568,0.753288,0.00203536,0.000177624,0.00202759,0.00062289,0.000141762,2.96571e-06,0.000141731
5.04905,0.000222718,7.8884e-05,3.90208e-06,7.87874e-05,0.973168,0.000346074,0.000203201,0.000280137,0.754884,0.00222775,0.000179788,0.00222049,0.000591495,0.000141168,2.98842e-06,0.000141137
5.05308,0.000213607,7.85518e-05,3.86552e-06,7.84567e-05,0.973188,0.000346464,0.000201687,0.000281708,0.756345,0.0024204,0.000182179,0.00241354,0.000561049,0.000140575,3.01362e-06,0.000140542
5.05711,0.000204658,7.82196e-05,3.83196e-06,7.81256e-05,0.97321,0.000346678,0.000199844,0.000283281,0.757682,0.00261328,0.000184756,0.00260674,0.00053154,0.00013998,3.04069e-06,0.000139947
5.06115,0.00019587,7.78872e-05,3.80134e-06,7.77944e-05,0.973233,0.000346744,0.000197711,0.000284854,0.758904,0.00280637,0.000187476,0.0028001,0.000502957,0.000139386,3.06906e-06,0.000139352
5.06518,0.000187244,7.75547e-05,3.77361e-06,7.74628e-05,0.973258,0.000346695,0.000195335,0.000286429,0.760022,0.00299965,0.000190293,0.00299361,0.000475286,0.000138791,3.09823e-06,0.000138756
5.06923,0.000178778,7.72221e-05,3.74872e-06,7.7131e-05,0.973284,0.00034656,0.000192762,0.000288005,0.761043,0.00319312,0.000193161,0.00318727,0.000448517,0.000138195,3.12774e-06,0.00013816
5.07327,0.00017047,7.68893e-05,3.72661e-06,7.6799e-05,0.973312,0.000346372,0.000190042,0.000289582,0.76198,0.00338677,0.000196032,0.00338109,0.000422636,0.0001376,3.15721e-06,0.000137563
5.07732,0.000162321,7.65565e-05,3.70719e-06,7.64666e-05,0.973341,0.000346162,0.000187226,0.000291161,0.762841,0.0035806,0.000198861,0.00357507,0.000397632,0.000137003,3.1863e-06,0.000136966
5.08137,0.000154329,7.62234e-05,3.69041e-06,7.6134e-05,0.973372,0.000345959,0.000184366,0.00029274,0.763635,0.00377459,0.000201601,0.0037692,0.000373493,0.000136406,3.21469e-06,0.000136368
5.08542,0.000146494,7.58903e-05,3.67618e-06,7.58012e-05,0.973403,0.000345794,0.000181516,0.000294321,0.764374,0.00396874,0.000204208,0.00396348,0.000350206,0.000135809,3.24214e-06,0.00013577
5.08948,0.000138814,7.5557e-05,3.66442e-06,7.54681e-05,0.973436,0.000345692,0.000178729,0.000295904,0.765065,0.00416305,0.00020664,0.00415792,0.00032776,0.000135211,3.26842e-06,0.000135172
5.09354,0.000131289,7.52235e-05,3.65504e-06,7.51347e-05,0.973469,0.00034568,0.000176056,0.000297487,0.765721,0.00435753,0.000208854,0.00435252,0.000306142,0.000134613,3.29336e-06,0.000134572
5.0976,0.000123918,7.48899e-05,3.64796e-06,7.4801e-05,0.973503,0.00034578,0.000173551,0.000299072,0.766349,0.00455215,0.000210813,0.00454727,0.00028534,0.000134014,3.31678e-06,0.000133973
5.10167,0.0001167,7.45561e-05,3.64309e-06,7.44671e-05,0.973538,0.000346013,0.000171259,0.000300658,0.76696,0.00474693,0.000212479,0.00474217,0.000265342,0.000133415,3.33858e-06,0.000133373
5.10574,0.000109634,7.42222e-05,3.64032e-06,7.41329e-05,0.973573,0.000346396,0.000169227,0.000302245,0.767559,0.00494186,0.000213834,0.00493723,0.000246137,0.000132815,3.35864e-06,0.000132772
5.10981,0.000102719,7.39598e-05,3.63958e-06,7.38701e-05,0.973609,0.000348584,0.000167493,0.000305708,0.768146,0.00493698,0.000214878,0.0049323,0.000227712,0.000132237,3.37689e-06,0.000132194
5.11388,9.59545e-05,7.37143e-05,3.64075e-06,7.36243e-05,0.973645,0.000351355,0.000166089,0.00030962,0.768722,0.0048843,0.000215618,0.00487954,0.000210054,0.000131664,3.39327e-06,0.000131621
5.11796,8.93397e-05,7.34687e-05,3.64375e-06,7.33783e-05,0.973682,0.000354321,0.00016504,0.000313536,0.769285,0.00483158,0.000216062,0.00482675,0.000193152,0.000131091,3.40773e-06,0.000131047
5.12205,8.28735e-05,7.3223e-05,3.64848e-06,7.31321e-05,0.973718,0.000357481,0.000164363,0.000317455,0.769836,0.0047788,0.000216223,0.00477391,0.000176994,0.000130518,3.42025e-06,0.000130473
5.12613,7.65552e-05,7.29773e-05,3.65484e-06,7.28857e-05,0.973755,0.000360833,0.000164065,0.000321377,0.770374,0.00472597,0.000216114,0.00472103,0.000161568,0.000129943,3.43083e-06,0.000129898
5.13022,7.03838e-05,7.27314e-05,3.66273e-06,7.26391e-05,0.973792,0.000364368,0.000164141,0.000325302,0.770899,0.00467309,0.000215752,0.0046681,0.000146861,0.000129369,3.43946e-06,0.000129323
5.13431,6.43584e-05,7.24853e-05,3.67207e-06,7.23923e-05,0.973828,0.000368075,0.000164581,0.00032923,0.771412,0.00462015,0.000215154,0.00461514,0.000132861,0.000128793,3.44616e-06,0.000128747
5.13841,5.84783e-05,7.22392e-05,3.68275e-06,7.21453e-05,0.973864,0.000371942,0.000165361,0.000333162,0.771911,0.00456716,0.000214341,0.00456213,0.000119557,0.000128218,3.45095e-06,0.000128171
5.14251,5.27425e-05,7.19929e-05,3.6947e-06,7.18981e-05,0.9739,0.000375953,0.000166454,0.000337096,0.772397,0.00451412,0.000213335,0.00450908,0.000106936,0.000127642,3.45388e-06,0.000127595
5.14661,4.71501e-05,7.17466e-05,3.70781e-06,7.16507e-05,0.973935,0.000380089,0.00016782,0.000341034,0.772869,0.00446103,0.000212157,0.00445599,9.49859e-05,0.000127065,3.45498e-06,0.000127018
5.15072,4.17004e-05,7.15e-05,3.722e-06,7.14031e-05,0.97397,0.000384331,0.000169418,0.000344975,0.773327,0.0044079,0.000210832,0.00440285,8.36951e-05,0.000126488,3.45432e-06,0.00012644
5.15482,3.63924e-05,7.12534e-05,3.73718e-06,7.11553e-05,0.974004,0.000388657,0.000171201,0.000348919,0.773771,0.00435471,0.000209387,0.00434967,7.30511e-05,0.00012591,3.45195e-06,0.000125863
5.15894,3.12253e-05,7.10066e-05,3.75328e-06,7.09073e-05,0.974038,0.000393045,0.000173118,0.000352866,0.774201,0.00430148,0.000207847,0.00429645,6.30421e-05,0.000125332,3.44794e-06,0.000125284
5.16305,2.61982e-05,7.07596e-05,3.77022e-06,7.06591e-05,0.97407,0.000397472,0.000175118,0.000356816,0.774616,0.0042482,0.000206242,0.00424319,5.36557e-05,0.000124753,3.44236e-06,0.000124705
5.16717,2.13103e-05,7.05126e-05,3.78791e-06,7.04108e-05,0.974102,0.000401915,0.000177147,0.000360769,0.775017,0.00419488,0.000204598,0.00418989,4.48801e-05,0.000124174,3.4353e-06,0.000124126
5.17129,1.65606e-05,7.02653e-05,3.80629e-06,7.01622e-05,0.974132,0.000406351,0.000179154,0.000364726,0.775403,0.00414151,0.000202947,0.00413654,3.6703e-05,0.000123594,3.42685e-06,0.000123546
5.17542,1.19483e-05,7.0018e-05,3.82528e-06,6.99134e-05,0.974161,0.000410758,0.000181088,0.000368686,0.775774,0.00408811,0.000201317,0.00408315,2.91123e-05,0.000123014,3.41708e-06,0.000122966
5.17955,7.47252e-06,6.97704e-05,3.84481e-06,6.96644e-05,0.974189,0.000415114,0.0001829,0.000372649,0.776129,0.00403466,0.000199739,0.00402972,2.20961e-05,0.000122433,3.40612e-06,0.000122386
5.18368,3.13244e-06,6.95227e-05,3.86483e-06,6.94152e-05,0.974215,0.000419399,0.000184545,0.000376615,0.776469,0.00398118,0.000198243,0.00397624,1.56421e-05,0.000121852,3.39404e-06,0.000121805
5.18781,-1.07283e-06,6.92749e-05,3.88526e-06,6.91659e-05,0.97424,0.000423594,0.000185978,0.000380584,0.776793,0.00392766,0.000196859,0.00392272,9.73828e-06,0.00012127,3.38096e-06,0.000121223
5.19195,-5.14416e-06,6.87135e-05,3.90605e-06,6.86023e-05,0.974264,0.00042727,0.000187163,0.000384096,0.777101,0.00392648,0.000195616,0.00392161,4.37256e-06,0.000120658,3.36699e-06,0.000120611
5.19609,-9.08242e-06,6.80362e-05,3.92715e-06,6.79227e-05,0.974285,0.000430673,0.000188064,0.000387442,0.777392,0.0039446,0.000194542,0.0039398,-4.67158e-07,0.000120034,3.35224e-06,0.000119987
5.20024,-1.28885e-05,6.73584e-05,3.94849e-06,6.72426e-05,0.974305,0.000433943,0.000188652,0.000390791,0.777668,0.00396274,0.000193663,0.00395801,-4.79298e-06,0.000119409,3.33682e-06,0.000119363
5.20439,-1.65632e-05,6.66802e-05,3.97004e-06,6.65619e-05,0.974323,0.000437077,0.000188914,0.000394142,0.777927,0.00398091,0.000193004,0.00397623,-8.617e-06,0.000118784,3.32086e-06,0.000118738
5.20854,-2.01074e-05,6.60015e-05,3.99173e-06,6.58807e-05,0.974339,0.000440085,0.000188869,0.000397496,0.778169,0.00399911,0.000192586,0.00399447,-1.19513e-05,0.000118159,3.30447e-06,0.000118112
5.21269,-2.3522e-05,6.53224e-05,4.01353e-06,6.5199e-05,0.974353,0.000442983,0.000188552,0.000400852,0.778394,0.00401733,0.000192427,0.00401272,-1.4808e-05,0.000117533,3.28777e-06,0.000117487
5.21685,-2.68079e-05,6.46427e-05,4.03539e-06,6.45166e-05,0.974366,0.000445792,0.000187999,0.000404211,0.778601,0.00403558,0.000192544,0.00403099,-1.71992e-05,0.000116906,3.2709e-06,0.00011686
5.22101,-2.99659e-05,6.39626e-05,4.05727e-06,6.38338e-05,0.974376,0.000448531,0.000187253,0.000407573,0.778791,0.00405386,0.000192949,0.00404927,-1.91369e-05,0.000116279,3.25397e-06,0.000116233
5.22518,-3.2997e-05,6.3282e-05,4.07913e-06,6.31504e-05,0.974385,0.000451221,0.00018636,0.000410938,0.778964,0.00407217,0.000193648,0.00406757,-2.06333e-05,0.000115651,3.23712e-06,0.000115606
5.22934,-3.59018e-05,6.26009e-05,4.10094e-06,6.24665e-05,0.974392,0.000453883,0.000185368,0.000414305,0.779119,0.00409051,0.000194646,0.00408588,-2.17005e-05,0.000115023,3.22046e-06,0.000114978
5.23352,-3.86814e-05,6.19194e-05,4.12267e-06,6.1782e-05,0.974397,0.000456541,0.00018433,0.000417675,0.779255,0.00410888,0.000195942,0.0041042,-2.23506e-05,0.000114395,3.20413e-06,0.00011435
5.23769,-4.13366e-05,6.12373e-05,4.14427e-06,6.10969e-05,0.9744,0.000459216,0.000183297,0.000421048,0.779373,0.00412727,0.000197532,0.00412254,-2.25956e-05,0.000113766,3.18824e-06,0.000113721
5.24187,-4.38682e-05,6.05548e-05,4.16573e-06,6.04114e-05,0.974402,0.000461928,0.000182325,0.000424423,0.779473,0.00414569,0.000199408,0.0041409,-2.24476e-05,0.000113136,3.17293e-06,0.000113092
5.24605,-4.62772e-05,5.98718e-05,4.187e-06,5.97252e-05,0.974402,0.000464698,0.000181467,0.000427801,0.779554,0.00416415,0.000201558,0.00415926,-2.19188e-05,0.000112506,3.1583e-06,0.000112462
5.25024,-4.85644e-05,5.91883e-05,4.20808e-06,5.90386e-05,0.9744,0.000467544,0.000180776,0.000431182,0.779616,0.00418262,0.000203967,0.00417765,-2.10212e-05,0.000111876,3.14447e-06,0.000111831
5.25442,-5.07306e-05,5.85044e-05,4.22893e-06,5.83513e-05,0.974397,0.000470485,0.000180303,0.000434565,0.779659,0.00420113,0.000206617,0.00419605,-1.9767e-05,0.000111245,3.13157e-06,0.000111201
5.25862,-5.27767e-05,5.78199e-05,4.24953e-06,5.76636e-05,0.974392,0.000473535,0.000180096,0.000437951,0.779683,0.00421966,0.000209488,0.00421446,-1.81681e-05,0.000110613,3.11969e-06,0.000110569
5.26281,-5.47036e-05,5.7135e-05,4.26986e-06,5.69753e-05,0.974385,0.000476709,0.000180195,0.00044134,0.779687,0.00423822,0.000212556,0.00423289,-1.62368e-05,0.000109981,3.10894e-06,0.000109937
5.26701,-5.65122e-05,5.64496e-05,4.28989e-06,5.62864e-05,0.974377,0.000480017,0.000180639,0.000444732,0.779671,0.0042568,0.000215798,0.00425133,-1.39852e-05,0.000109349,3.09941e-06,0.000109305
5.27121,-5.82033e-05,5.57638e-05,4.30962e-06,5.5597e-05,0.974367,0.00048347,0.000181456,0.000448126,0.779635,0.00427541,0.000219189,0.00426979,-1.14252e-05,0.000108716,3.0912e-06,0.000108672
5.27541,-5.97778e-05,5.50203e-05,4.32903e-06,5.48498e-05,0.974356,0.000485615,0.000182666,0.00044995,0.779579,0.00422284,0.000222702,0.00421696,-8.56901e-06,0.00010832,3.08438e-06,0.000108276
5.27962,-6.12366e-05,5.42463e-05,4.34809e-06,5.40718e-05,0.974343,0.000487147,0.000184283,0.000450946,0.779502,0.00413266,0.00022631,0.00412646,-5.42875e-06,0.000108048,3.07902e-06,0.000108004
5.28383,-6.25805e-05,5.34717e-05,4.3668e-06,5.32931e-05,0.974328,0.000488839,0.000186309,0.000451943,0.779405,0.00404243,0.000229988,0.00403589,-2.01647e-06,0.000107776,3.07519e-06,0.000107732
5.28805,-6.38103e-05,5.26966e-05,4.38513e-06,5.25139e-05,0.974312,0.000490691,0.000188739,0.00045294,0.779287,0.00395216,0.000233707,0.00394524,1.65571e-06,0.000107504,3.07294e-06,0.00010746
5.29227,-6.49271e-05,5.1921e-05,4.40309e-06,5.1734e-05,0.974295,0.000492702,0.00019156,0.000453938,0.779148,0.00386183,0.000237441,0.00385452,5.57571e-06,0.000107232,3.07232e-06,0.000107188
5.29649,-6.59315e-05,5.11449e-05,4.42066e-06,5.09535e-05,0.974276,0.000494869,0.00019475,0.000454937,0.778988,0.00377145,0.000241164,0.00376373,9.73144e-06,0.000106959,3.07335e-06,0.000106915
5.30071,-6.68245e-05,5.03683e-05,4.43783e-06,5.01724e-05,0.974256,0.000497185,0.00019828,0.000455937,0.778806,0.00368102,0.00024485,0.00367287,1.41108e-05,0.000106687,3.07606e-06,0.000106642
5.30494,-6.7607e-05,4.95911e-05,4.45459e-06,4.93906e-05,0.974234,0.000499642,0.000202116,0.000456937,0.778602,0.00359054,0.000248473,0.00358194,1.87017e-05,0.000106414,3.08045e-06,0.000106369
5.30917,-6.82799e-05,4.88134e-05,4.47093e-06,4.86083e-05,0.974211,0.000502229,0.00020622,0.000457939,0.778377,0.00350001,0.000252009,0.00349093,2.3492e-05,0.000106141,3.08653e-06,0.000106096
5.31341,-6.88439e-05,4.80353e-05,4.48685e-06,4.78253e-05,0.974187,0.000504933,0.000210549,0.000458941,0.778129,0.00340943,0.000255434,0.00339985,2.84696e-05,0.000105868,3.09428e-06,0.000105823
5.31765,-6.92999e-05,4.72566e-05,4.50234e-06,4.70416e-05,0.974161,0.000507738,0.000215058,0.000459944,0.777859,0.0033188,0.000258724,0.0033087,3.36226e-05,0.000105595,3.10368e-06,0.000105549
5.32189,-6.96489e-05,4.64775e-05,4.51739e-06,4.62574e-05,0.974134,0.000510628,0.000219702,0.000460948,0.777567,0.00322811,0.000261859,0.00321747,3.89386e-05,0.000105321,3.11469e-06,0.000105275
5.32614,-6.98917e-05,4.56978e-05,4.532e-06,4.54725e-05,0.974106,0.000513585,0.000224432,0.000461952,0.777252,0.00313737,0.000264815,0.00312617,4.44057e-05,0.000105048,3.12726e-06,0.000105001
5.33038,-7.00291e-05,4.49177e-05,4.54617e-06,4.4687e-05,0.974076,0.000516588,0.000229201,0.000462957,0.776914,0.00304657,0.000267574,0.0030348,5.00118e-05,0.000104774,3.14135e-06,0.000104727
5.33464,-7.00621e-05,4.41371e-05,4.55989e-06,4.39009e-05,0.974045,0.000519616,0.000233963,0.000463964,0.776552,0.00295573,0.000270115,0.00294336,5.57448e-05,0.0001045,3.15688e-06,0.000104452
5.33889,-6.99914e-05,4.3356e-05,4.57316e-06,4.31142e-05,0.974013,0.000522648,0.000238669,0.000464971,0.776167,0.00286482,0.000272421,0.00285184,6.15925e-05,0.000104226,3.17379e-06,0.000104178
5.34315,-6.9818e-05,4.25745e-05,4.58599e-06,4.23268e-05,0.973979,0.00052566,0.000243276,0.000465978,0.775759,0.00277386,0.000274475,0.00276025,6.75429e-05,0.000103952,3.19199e-06,0.000103903
5.34741,-6.95427e-05,4.17925e-05,4.59836e-06,4.15388e-05,0.973945,0.000528631,0.000247738,0.000466987,0.775327,0.00268285,0.000276259,0.00266859,7.35839e-05,0.000103677,3.21139e-06,0.000103628
5.35168,-6.91664e-05,4.10101e-05,4.61027e-06,4.07502e-05,0.973909,0.000531536,0.000252013,0.000467996,0.774871,0.00259178,0.00027776,0.00257685,7.97034e-05,0.000103403,3.23191e-06,0.000103352
5.35595,-6.86899e-05,4.02273e-05,4.62174e-06,3.99609e-05,0.973872,0.000534353,0.000256059,0.000469006,0.77439,0.00250065,0.000278964,0.00248504,8.58893e-05,0.000103128,3.25342e-06,0.000103077
5.36022,-6.81142e-05,4.02362e-05,4.63275e-06,3.99686e-05,0.973834,0.00053838,0.000259838,0.000471527,0.773885,0.00244885,0.000279858,0.0024328,9.21295e-05,0.000102857,3.27584e-06,0.000102805
5.3645,-6.74401e-05,4.08231e-05,4.64331e-06,4.05582e-05,0.973795,0.000543232,0.000263312,0.00047515,0.773356,0.00242571,0.000280434,0.00240944,9.84118e-05,0.00010259,3.29904e-06,0.000102536
5.36877,-6.66684e-05,4.14105e-05,4.65342e-06,4.11482e-05,0.973755,0.000547923,0.000266446,0.000478776,0.772801,0.00240251,0.000280682,0.00238606,0.000104724,0.000102322,3.32293e-06,0.000102268
5.37306,-6.58e-05,4.19983e-05,4.66308e-06,4.17387e-05,0.973713,0.000552436,0.000269206,0.000482405,0.772222,0.00237927,0.000280595,0.00236266,0.000111055,0.000102054,3.34736e-06,0.000101999
5.37734,-6.48358e-05,4.25867e-05,4.6723e-06,4.23296e-05,0.973671,0.000556756,0.000271562,0.000486037,0.771617,0.00235596,0.000280169,0.00233924,0.000117391,0.000101786,3.37224e-06,0.00010173
5.38163,-6.37767e-05,4.31756e-05,4.68107e-06,4.29211e-05,0.973628,0.000560867,0.000273485,0.000489671,0.770986,0.0023326,0.000279403,0.00231581,0.000123722,0.000101517,3.39743e-06,0.00010146
5.38593,-6.26235e-05,4.37649e-05,4.68941e-06,4.35129e-05,0.973583,0.000564758,0.000274951,0.000493309,0.77033,0.00230918,0.000278297,0.00229235,0.000130034,0.000101249,3.42281e-06,0.000101191
5.39022,-6.13771e-05,4.43548e-05,4.69731e-06,4.41053e-05,0.973538,0.000568419,0.000275937,0.000496949,0.769648,0.00228571,0.000276857,0.00226888,0.000136315,0.00010098,3.44826e-06,0.000100921
5.39452,-6.00383e-05,4.49451e-05,4.70478e-06,4.46982e-05,0.973491,0.000571842,0.000276425,0.000500593,0.76894,0.00226217,0.00027509,0.00224539,0.000142554,0.000100711,3.47366e-06,0.000100651
5.39883,-5.8608e-05,4.55359e-05,4.71182e-06,4.52915e-05,0.973444,0.000575026,0.000276401,0.000504239,0.768205,0.00223858,0.00027301,0.00222187,0.000148739,0.000100442,3.49888e-06,0.000100381
5.40313,-5.70872e-05,4.61272e-05,4.71844e-06,4.58853e-05,0.973396,0.00057797,0.00027586,0.000507888,0.767444,0.00221494,0.000270636,0.00219834,0.000154857,0.000100172,3.5238e-06,0.00010011
5.40744,-5.54766e-05,4.6719e-05,4.72465e-06,4.64795e-05,0.973347,0.000580694,0.000274831,0.00051154,0.766657,0.00219125,0.000268015,0.00217479,0.000160896,9.99024e-05,3.54829e-06,9.98394e-05
5.41176,-5.37771e-05,4.73113e-05,4.73044e-06,4.70743e-05,0.973297,0.000583229,0.000273368,0.000515196,0.765842,0.00216751,0.000265205,0.00215123,0.000166845,9.96326e-05,3.57225e-06,9.95685e-05
5.41607,-5.19896e-05,4.79041e-05,4.73582e-06,4.76695e-05,0.973246,0.000585606,0.000271524,0.000518854,0.765001,0.00214374,0.000262267,0.00212764,0.00017269,9.93625e-05,3.59555e-06,9.92974e-05
5.42039,-5.01149e-05,4.84974e-05,4.74081e-06,4.82652e-05,0.973194,0.000587856,0.000269357,0.000522514,0.764134,0.00211995,0.000259265,0.00210403,0.000178421,9.90921e-05,3.61807e-06,9.90261e-05
5.42472,-4.8154e-05,4.90912e-05,4.7454e-06,4.88613e-05,0.973142,0.000590012,0.000266928,0.000526178,0.76324,0.00209613,0.000256259,0.00208041,0.000184024,9.88216e-05,3.6397e-06,9.87545e-05
5.42904,-4.61076e-05,4.96855e-05,4.74961e-06,4.9458e-05,0.973089,0.000592107,0.0002643,0.000529845,0.76232,0.00207231,0.000253312,0.00205677,0.000189488,9.85508e-05,3.66033e-06,9.84828e-05
5.43338,-4.39767e-05,5.02803e-05,4.75343e-06,5.00551e-05,0.973035,0.000594171,0.000261537,0.000533515,0.761374,0.00204848,0.000250486,0.00203311,0.000194801,9.82797e-05,3.67985e-06,9.82108e-05
5.43771,-4.17621e-05,5.08755e-05,4.75688e-06,5.06527e-05,0.97298,0.000596238,0.000258707,0.000537187,0.760401,0.00202465,0.000247841,0.00200942,0.00019995,9.80084e-05,3.69815e-06,9.79386e-05
5.44205,-3.94647e-05,5.14713e-05,4.75997e-06,5.12507e-05,0.972925,0.000598335,0.000255875,0.000540863,0.759401,0.00200084,0.000245433,0.00198573,0.000204924,9.77368e-05,3.71514e-06,9.76662e-05
5.44639,-3.70853e-05,5.18099e-05,4.7627e-06,5.15905e-05,0.972869,0.000601791,0.000253111,0.000545973,0.758376,0.00199843,0.000243315,0.00198356,0.000209711,9.80326e-05,3.73071e-06,9.79616e-05
5.45073,-3.46249e-05,5.1893e-05,4.76508e-06,5.16738e-05,0.972813,0.000606637,0.000250482,0.00055251,0.757324,0.00201729,0.000241533,0.00200278,0.000214297,9.8892e-05,3.74476e-06,9.8821e-05
5.45508,-3.20843e-05,5.19762e-05,4.76712e-06,5.17571e-05,0.972755,0.000611611,0.000248052,0.000559051,0.756246,0.00203622,0.00024013,0.00202201,0.000218672,9.97519e-05,3.75721e-06,9.96812e-05
5.45943,-2.94642e-05,5.20594e-05,4.76882e-06,5.18405e-05,0.972698,0.000616734,0.000245886,0.000565598,0.755142,0.00205522,0.000239137,0.00204126,0.000222823,0.000100613,3.76797e-06,0.000100542
5.46379,-2.67658e-05,5.21426e-05,4.7702e-06,5.19239e-05,0.97264,0.000622022,0.000244042,0.000572149,0.754012,0.00207429,0.000238579,0.00206053,0.000226747,0.000101474,3.777e-06,0.000101403
5.46815,-2.39897e-05,5.22259e-05,4.77126e-06,5.20075e-05,0.972581,0.00062749,0.000242574,0.000578707,0.752856,0.00209343,0.000238471,0.00207981,0.000230448,0.000102336,3.78432e-06,0.000102266
5.47251,-2.11368e-05,5.23092e-05,4.77202e-06,5.20911e-05,0.972522,0.000633147,0.000241528,0.000585269,0.751674,0.00211264,0.000238819,0.0020991,0.000233931,0.000103198,3.78995e-06,0.000103128
5.47687,-1.82081e-05,5.23925e-05,4.77248e-06,5.21747e-05,0.972462,0.000639002,0.000240943,0.000591836,0.750466,0.00213192,0.000239616,0.00211841,0.0002372,0.000104061,3.79392e-06,0.000103992
5.48124,-1.52043e-05,5.24759e-05,4.77264e-06,5.22584e-05,0.972402,0.000645059,0.000240847,0.000598409,0.749232,0.00215127,0.000240848,0.00213774,0.000240261,0.000104925,3.79627e-06,0.000104856
5.48561,-1.21264e-05,5.25594e-05,4.77253e-06,5.23422e-05,0.972341,0.000651318,0.000241259,0.000604987,0.747971,0.00217067,0.000242491,0.00215708,0.000243119,0.000105789,3.79705e-06,0.000105721
5.48999,-8.97521e-06,5.26428e-05,4.77215e-06,5.24261e-05,0.972281,0.000657778,0.000242186,0.00061157,0.746686,0.00219013,0.000244513,0.00217644,0.000245777,0.000106654,3.79628e-06,0.000106587
5.49437,-5.7516e-06,5.27264e-05,4.77151e-06,5.251e-05,0.972219,0.000664435,0.000243625,0.000618159,0.745374,0.00220965,0.000246872,0.00219581,0.000248242,0.00010752,3.79402e-06,0.000107453
5.49875,-2.45644e-06,5.28099e-05,4.77062e-06,5.2594e-05,0.972158,0.000671279,0.000245561,0.000624753,0.744036,0.00222921,0.000249523,0.0022152,0.000250518,0.000108386,3.79033e-06,0.00010832
5.50314,9.09405e-07,5.28936e-05,4.76949e-06,5.26781e-05,0.972096,0.000678302,0.000247969,0.000631352,0.742673,0.00224882,0.000252415,0.00223461,0.00025261,0.000109253,3.78526e-06,0.000109188
5.50753,4.34507e-06,5.29772e-05,4.76813e-06,5.27622e-05,0.972034,0.00068549,0.000250816,0.000637956,0.741284,0.00226846,0.000255493,0.00225403,0.000254522,0.000110121,3.77887e-06,0.000110056
5.51192,7.84968e-06,5.30609e-05,4.76655e-06,5.28464e-05,0.971972,0.000692828,0.000254058,0.000644565,0.739869,0.00228813,0.000258699,0.00227346,0.000256261,0.000110989,3.77122e-06,0.000110925
5.51632,1.14224e-05,5.31447e-05,4.76476e-06,5.29307e-05,0.971909,0.000700299,0.000257648,0.00065118,0.738428,0.00230783,0.000261975,0.00229291,0.000257829,0.000111858,3.76239e-06,0.000111795
5.52072,1.50623e-05,5.32285e-05,4.76277e-06,5.3015e-05,0.971847,0.000707884,0.00026153,0.0006578,0.736962,0.00232754,0.000265262,0.00231238,0.000259233,0.000112728,3.75244e-06,0.000112665
5.52512,1.87686e-05,5.33124e-05,4.76059e-06,5.30994e-05,0.971784,0.000715563,0.000265647,0.000664426,0.735471,0.00234727,0.000268501,0.00233186,0.000260477,0.000113598,3.74145e-06,0.000113537
5.52953,2.25403e-05,5.33963e-05,4.75824e-06,5.31838e-05,0.971721,0.000723314,0.000269938,0.000671056,0.733954,0.00236699,0.000271634,0.00235136,0.000261566,0.000114469,3.72949e-06,0.000114408
5.53394,2.63767e-05,5.36031e-05,4.75572e-06,5.33917e-05,0.971658,0.000729374,0.00027434,0.000675814,0.732411,0.00235707,0.000274606,0.00234102,0.000262505,0.000113328,3.71664e-06,0.000113267
5.53836,3.02768e-05,5.39758e-05,4.75305e-06,5.37661e-05,0.971595,0.000733117,0.000278789,0.000678039,0.730843,0.00230711,0.000277361,0.00229038,0.000263299,0.000109471,3.70299e-06,0.000109408
5.54277,3.42399e-05,5.43488e-05,4.75023e-06,5.41408e-05,0.971532,0.000736871,0.000283224,0.000680267,0.729249,0.00225712,0.000279849,0.0022397,0.000263953,0.00010561,3.68862e-06,0.000105546
5.5472,3.82649e-05,5.47221e-05,4.74728e-06,5.45158e-05,0.971469,0.00074061,0.000287581,0.000682496,0.72763,0.00220708,0.000282022,0.00218898,0.00026447,0.000101746,3.67361e-06,0.00010168
5.55162,4.23511e-05,5.50957e-05,4.74421e-06,5.48911e-05,0.971406,0.00074431,0.000291799,0.000684726,0.725986,0.00215698,0.000283834,0.00213822,0.000264858,9.78798e-05,3.65806e-06,9.78114e-05
5.55605,4.64976e-05,5.54696e-05,4.74103e-06,5.52667e-05,0.971343,0.000747945,0.00029582,0.000686959,0.724317,0.00210683,0.000285245,0.00208743,0.000265119,9.40103e-05,3.64206e-06,9.39397e-05
5.56048,5.07035e-05,5.58439e-05,4.73775e-06,5.56425e-05,0.97128,0.000751491,0.000299585,0.000689194,0.722622,0.0020566,0.000286218,0.00203659,0.00026526,9.01379e-05,3.62571e-06,9.00649e-05
5.56492,5.49679e-05,5.62184e-05,4.73438e-06,5.60187e-05,0.971217,0.000754923,0.00030304,0.00069143,0.720902,0.0020063,0.00028672,0.00198571,0.000265284,8.62625e-05,3.60909e-06,8.6187e-05
5.56936,5.92901e-05,5.65933e-05,4.73094e-06,5.63952e-05,0.971154,0.000758216,0.000306132,0.000693668,0.719156,0.00195592,0.000286726,0.00193479,0.000265197,8.23844e-05,3.59231e-06,8.2306e-05
5.5738,6.3669e-05,5.69685e-05,4.72743e-06,5.6772e-05,0.971092,0.000761349,0.000308811,0.000695908,0.717386,0.00190544,0.000286216,0.00188383,0.000265004,7.85034e-05,3.57547e-06,7.84219e-05
5.57825,6.81039e-05,5.7344e-05,4.72387e-06,5.71491e-05,0.971029,0.000764299,0.000311031,0.000698149,0.715591,0.00185488,0.000285178,0.00183282,0.00026471,7.46197e-05,3.55866e-06,7.45348e-05
5.5827,7.25939e-05,5.77198e-05,4.72027e-06,5.75265e-05,0.970967,0.000767046,0.000312746,0.000700392,0.71377,0.00180421,0.000283608,0.00178178,0.000264318,7.07332e-05,3.54199e-06,7.06445e-05
5.58715,7.71381e-05,5.8096e-05,4.71664e-06,5.79042e-05,0.970905,0.000769573,0.000313917,0.000702638,0.711924,0.00175344,0.000281513,0.0017307,0.000263835,6.68441e-05,3.52557e-06,6.67511e-05
5.59161,8.17357e-05,5.84725e-05,4.71299e-06,5.82822e-05,0.970844,0.000771865,0.000314505,0.000704885,0.710054,0.00170258,0.000278912,0.00167957,0.000263265,6.29525e-05,3.50948e-06,6.28546e-05
5.59607,8.63858e-05,5.88492e-05,4.70934e-06,5.86605e-05,0.970782,0.000773909,0.000314479,0.000707133,0.708158,0.00165161,0.00027584,0.00162841,0.000262613,5.90584e-05,3.49385e-06,5.8955e-05
5.60053,9.10875e-05,5.92263e-05,4.70569e-06,5.90391e-05,0.970721,0.000775695,0.00031381,0.000709384,0.706238,0.00160055,0.00027235,0.0015772,0.000261884,5.51621e-05,3.47877e-06,5.50523e-05
5.605,9.58399e-05,5.96038e-05,4.70206e-06,5.9418e-05,0.970661,0.000777223,0.00031249,0.000711636,0.704292,0.00154941,0.000268533,0.00152596,0.000261083,5.12637e-05,3.46434e-06,5.11465e-05
5.60947,0.000100642,5.99815e-05,4.69845e-06,5.97972e-05,0.970601,0.000778515,0.000310558,0.00071389,0.702322,0.00149821,0.000264548,0.00147467,0.000260214,4.73634e-05,3.45066e-06,4.72375e-05
5.61394,0.000105494,6.03596e-05,4.69489e-06,6.01767e-05,0.970541,0.000779596,0.000308065,0.000716146,0.700327,0.001447,0.000260563,0.00142334,0.000259282,4.34617e-05,3.43784e-06,4.33255e-05
5.61842,0.000110393,6.0738e-05,4.69138e-06,6.05565e-05,0.970482,0.000780493,0.000305066,0.000718404,0.698307,0.00139579,0.000256737,0.00137197,0.000258293,3.95589e-05,3.42597e-06,3.94103e-05
5.6229,0.00011534,6.10886e-05,4.68793e-06,6.09085e-05,0.970425,0.00078068,0.000301619,0.000720061,0.696262,0.00135561,0.000253217,0.00133175,0.000257251,3.70561e-05,3.41515e-06,3.68983e-05
5.62739,0.000120333,6.13872e-05,4.68455e-06,6.12082e-05,0.970368,0.000779703,0.000297789,0.000720596,0.694193,0.00133596,0.000250131,0.00131234,0.00025616,3.71605e-05,3.40547e-06,3.70042e-05
5.63188,0.000125372,6.16861e-05,4.68126e-06,6.15082e-05,0.970312,0.000778624,0.000293641,0.000721132,0.692099,0.0013164,0.000247582,0.00129291,0.000255027,3.72652e-05,3.39702e-06,3.711e-05
5.63637,0.000130455,6.19853e-05,4.67807e-06,6.18085e-05,0.970258,0.000777475,0.000289244,0.000721668,0.68998,0.00129694,0.000245645,0.00127346,0.000253855,3.73701e-05,3.38988e-06,3.7216e-05
5.64087,0.000135583,6.22846e-05,4.67499e-06,6.2109e-05,0.970205,0.000776285,0.000284673,0.000722205,0.687837,0.00127758,0.000244358,0.001254,0.00025265,3.74752e-05,3.38414e-06,3.73221e-05
5.64537,0.000140753,6.25843e-05,4.67202e-06,6.24097e-05,0.970154,0.000775085,0.000280001,0.000722742,0.685669,0.00125835,0.000243723,0.00123452,0.000251416,3.75805e-05,3.37987e-06,3.74282e-05
5.64987,0.000145965,6.28842e-05,4.66918e-06,6.27106e-05,0.970105,0.000773904,0.000275308,0.000723279,0.683476,0.00123923,0.000243704,0.00121503,0.000250159,3.76861e-05,3.37713e-06,3.75345e-05
5.65438,0.000151219,6.31844e-05,4.66649e-06,6.30118e-05,0.970057,0.000772771,0.000270673,0.000723817,0.681259,0.00122021,0.000244229,0.00119552,0.000248883,3.77919e-05,3.37599e-06,3.76408e-05
5.65889,0.000156513,6.34848e-05,4.66394e-06,6.33133e-05,0.970012,0.000771713,0.000266178,0.000724355,0.679018,0.00120129,0.000245196,0.001176,0.000247592,3.78979e-05,3.37651e-06,3.77472e-05
5.6634,0.000161846,6.37855e-05,4.66156e-06,6.36149e-05,0.969969,0.000770756,0.000261903,0.000724894,0.676752,0.00118243,0.000246475,0.00115646,0.000246293,3.80042e-05,3.37874e-06,3.78537e-05
5.66792,0.000167218,6.40865e-05,4.65934e-06,6.39169e-05,0.969927,0.000769922,0.000257928,0.000725433,0.674461,0.00116362,0.000247918,0.0011369,0.000244989,3.81107e-05,3.38272e-06,3.79602e-05
5.67244,0.000172628,6.43877e-05,4.65731e-06,6.4219e-05,0.969889,0.000769234,0.00025433,0.000725973,0.672146,0.00114482,0.000249362,0.00111733,0.000243686,3.82174e-05,3.38848e-06,3.80669e-05
5.67696,0.000178075,6.46892e-05,4.65547e-06,6.45214e-05,0.969853,0.000768708,0.00025118,0.000726513,0.669807,0.001126,0.000250641,0.00109775,0.000242388,3.83244e-05,3.39605e-06,3.81736e-05
5.68149,0.000183557,6.49909e-05,4.65384e-06,6.48241e-05,0.969819,0.000768363,0.000248544,0.000727054,0.667443,0.00110711,0.000251587,0.00107814,0.0002411,3.84316e-05,3.40545e-06,3.82805e-05
5.68603,0.000189075,6.52929e-05,4.65241e-06,6.51269e-05,0.969789,0.000768209,0.000246478,0.000727595,0.665055,0.00108812,0.000252038,0.00105853,0.000239828,3.85391e-05,3.41669e-06,3.83874e-05
5.69056,0.000194627,6.55952e-05,4.6512e-06,6.54301e-05,0.969761,0.000768258,0.000245027,0.000728136,0.662643,0.00106898,0.000251843,0.00103889,0.000238576,3.86469e-05,3.42976e-06,3.84944e-05
5.6951,0.000200213,6.58977e-05,4.65023e-06,6.57334e-05,0.969737,0.000768516,0.000244224,0.000728678,0.660206,0.00104967,0.000250871,0.00101925,0.000237348,3.87548e-05,3.44467e-06,3.86014e-05
5.69964,0.000205831,6.62005e-05,4.64949e-06,6.6037e-05,0.969716,0.000768987,0.000244087,0.00072922,0.657746,0.00103013,0.000249011,0.000999581,0.000236151,3.88631e-05,3.4614e-06,3.87086e-05
5.70419,0.000211481,6.65036e-05,4.649e-06,6.63409e-05,0.969698,0.00076967,0.00024462,0.000729763,0.655261,0.00101036,0.00024621,0.000979901,0.000234987,3.89715e-05,3.47993e-06,3.88159e-05
5.70874,0.000217162,6.68069e-05,4.64876e-06,6.6645e-05,0.969683,0.000770564,0.00024581,0.000730306,0.652759,0.000990374,0.00024258,0.000960206,0.000233864,3.90803e-05,3.50023e-06,3.89232e-05
5.71329,0.000222872,6.73385e-05,4.64879e-06,6.71778e-05,0.969673,0.000778119,0.000247632,0.000737664,0.650244,0.000981013,0.000238305,0.000951629,0.000232785,3.9705e-05,3.52226e-06,3.95485e-05
5.71785,0.000228612,6.84774e-05,4.64909e-06,6.83194e-05,0.969666,0.000803091,0.000250046,0.000763173,0.647723,0.00100035,0.0002336,0.000972695,0.000231754,4.17041e-05,3.54597e-06,4.15531e-05
5.72241,0.00023438,6.96173e-05,4.64967e-06,6.94619e-05,0.969663,0.000828288,0.000253003,0.000788702,0.645203,0.00101975,0.000228702,0.000993778,0.000230778,4.37054e-05,3.57132e-06,4.35593e-05
5.72698,0.000240175,7.07583e-05,4.65054e-06,7.06053e-05,0.969664,0.000853679,0.000256441,0.000814252,0.642689,0.00103928,0.000223866,0.00101488,0.000229861,4.57089e-05,3.59826e-06,4.55671e-05
5.73155,0.000245997,7.19002e-05,4.65169e-06,7.17496e-05,0.96967,0.000879235,0.000260294,0.000839822,0.640189,0.00105896,0.00021936,0.00103599,0.000229008,4.77145e-05,3.62672e-06,4.75765e-05
5.73612,0.000251844,7.30432e-05,4.65315e-06,7.28949e-05,0.969679,0.000904928,0.000264489,0.000865413,0.637707,0.00107886,0.000215448,0.00105713,0.000228223,4.97222e-05,3.65663e-06,4.95875e-05
5.74069,0.000257717,7.41872e-05,4.65492e-06,7.4041e-05,0.969693,0.00093073,0.00026895,0.000891024,0.635251,0.001099,0.000212384,0.00107828,0.000227511,5.17318e-05,3.68793e-06,5.16002e-05
5.74527,0.000263613,7.53322e-05,4.657e-06,7.51881e-05,0.969712,0.000956616,0.0002736,0.000916656,0.632826,0.00111939,0.00021039,0.00109945,0.000226878,5.37433e-05,3.72053e-06,5.36144e-05
5.74986,0.000269532,7.64781e-05,4.65939e-06,7.6336e-05,0.969736,0.000982563,0.000278363,0.000942308,0.630439,0.00114007,0.000209638,0.00112063,0.000226329,5.57568e-05,3.75437e-06,5.56302e-05
5.75444,0.000275473,7.76251e-05,4.66211e-06,7.74849e-05,0.969764,0.00100855,0.000283164,0.00096798,0.628096,0.00116102,0.000210238,0.00114183,0.000225867,5.77721e-05,3.78935e-06,5.76477e-05
5.75903,0.000281436,7.8773e-05,4.66516e-06,7.86348e-05,0.969798,0.00103455,0.000287929,0.000993673,0.625804,0.00118225,0.000212223,0.00116305,0.000225498,5.97892e-05,3.8254e-06,5.96667e-05
5.76363,0.000287418,7.9922e-05,4.66854e-06,7.97855e-05,0.969836,0.00106055,0.000292588,0.00101939,0.623568,0.00120374,0.000215549,0.00118428,0.000225227,6.18082e-05,3.86243e-06,6.16874e-05
5.76823,0.000293421,8.10719e-05,4.67226e-06,8.09371e-05,0.96988,0.00108652,0.000297075,0.00104512,0.621396,0.00122546,0.0002201,0.00120554,0.000225059,6.38289e-05,3.90036e-06,6.37097e-05
5.77283,0.000299442,8.22228e-05,4.67632e-06,8.20897e-05,0.96993,0.00111246,0.000301329,0.00107087,0.619292,0.00124739,0.000225699,0.0012268,0.000224998,6.58515e-05,3.93908e-06,6.57336e-05
5.77743,0.000305481,8.33747e-05,4.68073e-06,8.32432e-05,0.969985,0.00113835,0.000305291,0.00109665,0.617264,0.00126949,0.000232127,0.00124809,0.000225049,6.78758e-05,3.97852e-06,6.77591e-05
5.78204,0.000311537,8.45275e-05,4.68548e-06,8.43976e-05,0.970045,0.00116418,0.00030891,0.00112245,0.615318,0.00129172,0.000239136,0.00126939,0.000225218,6.99018e-05,4.01858e-06,6.97862e-05
5.78665,0.000317609,8.56814e-05,4.69059e-06,8.55529e-05,0.970112,0.00118993,0.000312138,0.00114826,0.61346,0.00131403,0.000246467,0.00129071,0.000225509,7.19295e-05,4.05916e-06,7.18149e-05
5.79127,0.000323697,8.68362e-05,4.69605e-06,8.67092e-05,0.970184,0.0012156,0.000314936,0.0011741,0.611696,0.00133638,0.000253858,0.00131205,0.000225926,7.3959e-05,4.10019e-06,7.38453e-05
5.79589,0.000329799,8.7992e-05,4.70186e-06,8.78663e-05,0.970263,0.00124119,0.000317267,0.00119996,0.610032,0.00135872,0.000261054,0.0013334,0.000226476,7.59902e-05,4.14156e-06,7.58772e-05
5.80051,0.000335914,8.91488e-05,4.70804e-06,8.90244e-05,0.970348,0.00126669,0.000319106,0.00122583,0.608475,0.00138099,0.000267813,0.00135477,0.000227162,7.80231e-05,4.18319e-06,7.79108e-05
5.80514,0.000342042,9.00906e-05,4.71457e-06,8.99671e-05,0.970439,0.00128665,0.000320446,0.00124611,0.607029,0.00139608,0.000273937,0.00136894,0.00022799,7.97366e-05,4.22498e-06,7.96246e-05
5.80977,0.000348181,9.0151e-05,4.72146e-06,9.00272e-05,0.970536,0.00128431,0.000321328,0.00124346,0.605691,0.00138215,0.000279347,0.00135363,0.000228964,8.01409e-05,4.26684e-06,8.00272e-05
5.8144,0.000354332,9.02114e-05,4.72871e-06,9.00874e-05,0.970639,0.00128186,0.000321804,0.00124081,0.604458,0.00136811,0.000284005,0.00133831,0.000230089,8.05455e-05,4.30869e-06,8.04301e-05
5.81904,0.000360492,9.0272e-05,4.73633e-06,9.01477e-05,0.970748,0.00127932,0.000321933,0.00123815,0.603327,0.00135394,0.000287897,0.00132298,0.000231371,8.09504e-05,4.35044e-06,8.08334e-05
5.82368,0.000366662,9.03326e-05,4.7443e-06,9.02079e-05,0.970861,0.00127671,0.000321774,0.00123549,0.602293,0.00133963,0.000291027,0.00130763,0.000232813,8.13556e-05,4.392e-06,8.1237e-05
5.82833,0.00037284,9.03933e-05,4.75263e-06,9.02683e-05,0.97098,0.00127404,0.00032139,0.00123283,0.601354,0.00132517,0.00029341,0.00129228,0.000234421,8.17611e-05,4.43328e-06,8.16409e-05
5.83298,0.000379025,9.0454e-05,4.76133e-06,9.03286e-05,0.971102,0.00127132,0.000320844,0.00123017,0.600506,0.00131056,0.000295075,0.00127691,0.0002362,8.2167e-05,4.47419e-06,8.20451e-05
5.83763,0.000385217,9.05148e-05,4.77038e-06,9.0389e-05,0.971229,0.00126858,0.000320202,0.00122751,0.599745,0.0012958,0.000296059,0.00126153,0.000238155,8.25731e-05,4.51466e-06,8.24496e-05
5.84229,0.000391415,9.05757e-05,4.77978e-06,9.04495e-05,0.97136,0.00126583,0.000319526,0.00122484,0.599068,0.0012809,0.000296404,0.00124613,0.000240289,8.29796e-05,4.55461e-06,8.28545e-05
5.84695,0.000397617,9.06367e-05,4.78954e-06,9.051e-05,0.971495,0.00126309,0.000318881,0.00122217,0.598471,0.00126586,0.00029616,0.00123073,0.00024261,8.33863e-05,4.59394e-06,8.32597e-05
5.85161,0.000403824,9.06977e-05,4.79966e-06,9.05706e-05,0.971632,0.00126036,0.000318327,0.0012195,0.597951,0.00125069,0.000295381,0.00121531,0.00024512,8.37933e-05,4.63258e-06,8.36652e-05
5.85628,0.000410033,9.07588e-05,4.81011e-06,9.06312e-05,0.971773,0.00125767,0.000317921,0.00121683,0.597505,0.0012354,0.000294125,0.00119988,0.000247825,8.42006e-05,4.67046e-06,8.4071e-05
5.86095,0.000416245,9.08199e-05,4.82092e-06,9.06919e-05,0.971916,0.00125503,0.000317716,0.00121415,0.597128,0.00122,0.000292454,0.00118443,0.00025073,8.46082e-05,4.70749e-06,8.44772e-05
5.86563,0.000422458,9.08811e-05,4.83207e-06,9.07526e-05,0.972061,0.00125246,0.00031776,0.00121148,0.596818,0.00120452,0.000290432,0.00116898,0.00025384,8.50161e-05,4.7436e-06,8.48836e-05
5.87031,0.000428672,9.09424e-05,4.84355e-06,9.08133e-05,0.972209,0.00124995,0.000318093,0.0012088,0.596571,0.00118895,0.000288124,0.00115351,0.000257159,8.54242e-05,4.77871e-06,8.52904e-05
5.87499,0.000434885,9.10038e-05,4.85537e-06,9.08741e-05,0.972358,0.00124752,0.000318749,0.00120612,0.596383,0.00117332,0.000285598,0.00113803,0.000260693,8.58326e-05,4.81275e-06,8.56976e-05
5.87968,0.000441097,9.10652e-05,4.86752e-06,9.0935e-05,0.972508,0.00124519,0.000319753,0.00120343,0.596251,0.00115764,0.00028292,0.00112254,0.000264446,8.62413e-05,4.84566e-06,8.6105e-05
5.88437,0.000447307,9.11267e-05,4.88e-06,9.09959e-05,0.97266,0.00124294,0.000321123,0.00120075,0.596171,0.00114193,0.000280158,0.00110703,0.000268424,8.66502e-05,4.87736e-06,8.65128e-05
5.88906,0.000453514,9.11882e-05,4.89279e-06,9.10568e-05,0.972812,0.0012408,0.000322866,0.00119806,0.59614,0.00112621,0.000277378,0.00109152,0.00027263,8.70593e-05,4.90778e-06,8.69209e-05
5.89376,0.000459717,9.12498e-05,4.9059e-06,9.11178e-05,0.972964,0.00123876,0.000324981,0.00119537,0.596154,0.00111048,0.000274643,0.00107599,0.00027707,8.74688e-05,4.93686e-06,8.73293e-05
5.89846,0.000465916,9.13081e-05,4.91931e-06,9.11755e-05,0.973117,0.00123747,0.000327456,0.00119335,0.59621,0.00109658,0.000272012,0.0010623,0.000281749,8.78034e-05,4.96453e-06,8.76629e-05
5.90316,0.000472109,9.13415e-05,4.93303e-06,9.12082e-05,0.97327,0.00124104,0.000330274,0.00119628,0.596304,0.00109585,0.000269543,0.00106218,0.000286671,8.759e-05,4.99073e-06,8.74477e-05
5.90787,0.000478295,9.13749e-05,4.94705e-06,9.12409e-05,0.973422,0.0012447,0.000333406,0.00119922,0.596434,0.00109518,0.000267283,0.00106206,0.000291842,8.73764e-05,5.01539e-06,8.72324e-05
5.91259,0.000484474,9.14084e-05,4.96135e-06,9.12737e-05,0.973573,0.00124845,0.000336818,0.00120215,0.596594,0.00109457,0.000265276,0.00106194,0.000297267,8.71626e-05,5.03847e-06,8.70168e-05
5.9173,0.000490645,9.1442e-05,4.97594e-06,9.13065e-05,0.973723,0.00125226,0.00034047,0.00120509,0.596782,0.00109404,0.000263557,0.00106182,0.000302949,8.69485e-05,5.05989e-06,8.68011e-05
5.92202,0.000496807,9.14756e-05,4.9908e-06,9.13393e-05,0.973872,0.00125614,0.000344313,0.00120803,0.596995,0.00109359,0.000262151,0.0010617,0.000308895,8.67341e-05,5.0796e-06,8.65853e-05
5.92675,0.000502959,9.15092e-05,5.00593e-06,9.13722e-05,0.974019,0.00126007,0.000348298,0.00121097,0.597228,0.00109321,0.000261075,0.00106158,0.000315108,8.65195e-05,5.09755e-06,8.63692e-05
5.93148,0.000509101,9.15429e-05,5.02132e-06,9.1405e-05,0.974164,0.00126402,0.000352368,0.00121392,0.597479,0.00109292,0.000260334,0.00106146,0.000321594,8.63046e-05,5.11368e-06,8.6153e-05
5.93621,0.00051523,9.15766e-05,5.03697e-06,9.14379e-05,0.974306,0.001268,0.000356466,0.00121686,0.597743,0.0010927,0.000259923,0.00106134,0.000328358,8.60895e-05,5.12794e-06,8.59366e-05
5.94094,0.000521347,9.16103e-05,5.05286e-06,9.14709e-05,0.974446,0.00127198,0.000360532,0.00121981,0.598018,0.00109256,0.000259825,0.00106122,0.000335404,8.58741e-05,5.14029e-06,8.57201e-05
5.94568,0.000527451,9.16441e-05,5.06898e-06,9.15038e-05,0.974583,0.00127594,0.000364504,0.00122276,0.598299,0.00109249,0.000260017,0.0010611,0.000342737,8.56583e-05,5.15068e-06,8.55033e-05
5.95042,0.000533541,9.16779e-05,5.08534e-06,9.15368e-05,0.974716,0.00127986,0.00036832,0.00122572,0.598584,0.00109248,0.000260462,0.00106098,0.000350363,8.54423e-05,5.15905e-06,8.52864e-05
5.95517,0.000539615,9.17118e-05,5.10191e-06,9.15698e-05,0.974846,0.00128373,0.000371919,0.00122867,0.598869,0.00109252,0.000261118,0.00106086,0.000358286,8.5226e-05,5.16538e-06,8.50694e-05
5.95992,0.000545674,9.17457e-05,5.1187e-06,9.16028e-05,0.974972,0.00128753,0.00037524,0.00123163,0.599149,0.0010926,0.000261933,0.00106073,0.00036651,8.50094e-05,5.16962e-06,8.48521e-05
5.96468,0.000551715,9.17797e-05,5.13569e-06,9.16359e-05,0.975094,0.00129123,0.000378221,0.00123459,0.599423,0.0010927,0.000262852,0.00106061,0.000375032,8.47925e-05,5.1718e-06,8.46347e-05
5.96943,0.000557739,9.18137e-05,5.15287e-06,9.1669e-05,0.975211,0.00129482,0.000380806,0.00123756,0.599686,0.00109281,0.000263813,0.00106049,0.000383846,8.45754e-05,5.17195e-06,8.44171e-05
5.9742,0.000563745,9.18477e-05,5.17023e-06,9.17021e-05,0.975323,0.00129828,0.000382935,0.00124052,0.599934,0.00109292,0.000264752,0.00106037,0.000392945,8.43579e-05,5.17014e-06,8.41993e-05
5.97896,0.000569731,9.18818e-05,5.18777e-06,9.17352e-05,0.97543,0.0013016,0.000384556,0.00124349,0.600165,0.00109301,0.000265602,0.00106025,0.000402321,8.41401e-05,5.16641e-06,8.39814e-05
5.98373,0.000575696,9.19159e-05,5.20547e-06,9.17684e-05,0.975532,0.00130475,0.000385617,0.00124646,0.600374,0.00109306,0.000266297,0.00106013,0.000411968,8.39221e-05,5.16081e-06,8.37632e-05
5.9885,0.000581641,9.195e-05,5.22333e-06,9.18016e-05,0.975628,0.00130772,0.00038607,0.00124943,0.600559,0.00109306,0.000266768,0.00106001,0.000421879,8.37037e-05,5.15341e-06,8.35449e-05
5.99328,0.000587563,9.20253e-05,5.24133e-06,9.18759e-05,0.975717,0.00131038,0.000385869,0.00125227,0.600715,0.00109304,0.000266952,0.00105994,0.000432047,8.35233e-05,5.14425e-06,8.33648e-05
5.99806,0.000593463,9.29902e-05,5.25947e-06,9.28413e-05,0.975801,0.00131001,0.000384976,0.00125216,0.600839,0.00109403,0.000266785,0.00106101,0.000442465,8.41694e-05,5.13341e-06,8.40128e-05
6.00285,0.000599339,9.39558e-05,5.27773e-06,9.38075e-05,0.975877,0.00130943,0.000383358,0.00125205,0.600929,0.00109493,0.000266209,0.00106207,0.000453126,8.4816e-05,5.12094e-06,8.46613e-05
6.00763,0.00060519,9.49223e-05,5.29611e-06,9.47744e-05,0.975947,0.00130864,0.000381031,0.00125195,0.600983,0.00109572,0.000265206,0.00106315,0.000464023,8.5463e-05,5.10691e-06,8.53103e-05
6.01243,0.000611015,9.58895e-05,5.3146e-06,9.57421e-05,0.97601,0.00130767,0.000378048,0.00125184,0.601002,0.00109642,0.000263785,0.00106422,0.00047515,8.61105e-05,5.09138e-06,8.59599e-05
6.01722,0.000616815,9.68575e-05,5.33318e-06,9.67106e-05,0.976068,0.00130654,0.000374467,0.00125173,0.600989,0.00109703,0.000261967,0.00106529,0.0004865,8.67585e-05,5.07441e-06,8.66099e-05
6.02202,0.000622587,9.78263e-05,5.35184e-06,9.76798e-05,0.976119,0.00130526,0.000370353,0.00125162,0.600946,0.00109755,0.000259778,0.00106636,0.000498065,8.74069e-05,5.05608e-06,8.72605e-05
6.02683,0.000628331,9.87959e-05,5.37058e-06,9.86498e-05,0.976165,0.00130386,0.000365773,0.00125151,0.600873,0.001098,0.000257249,0.00106744,0.000509839,8.80558e-05,5.03645e-06,8.79116e-05
6.03163,0.000634046,9.97663e-05,5.38938e-06,9.96206e-05,0.976206,0.00130237,0.000360797,0.0012514,0.600773,0.00109838,0.000254418,0.00106851,0.000521814,8.87052e-05,5.0156e-06,8.85633e-05
6.03645,0.000639731,0.000100737,5.40823e-06,0.000100592,0.976242,0.00130081,0.000355499,0.00125129,0.600646,0.00109872,0.000251326,0.00106959,0.000533985,8.93551e-05,4.99359e-06,8.92154e-05
6.04126,0.000645385,0.000101709,5.42712e-06,0.000101565,0.976274,0.0012992,0.000349958,0.00125118,0.600496,0.00109901,0.000248018,0.00107066,0.000546344,9.00054e-05,4.97051e-06,8.98681e-05
6.04608,0.000651008,0.000102682,5.44605e-06,0.000102538,0.976301,0.00129757,0.000344251,0.00125107,0.600323,0.00109928,0.000244541,0.00107174,0.000558883,9.06563e-05,4.94643e-06,9.05213e-05
6.0509,0.000656599,0.000103656,5.465e-06,0.000103512,0.976324,0.00129594,0.00033846,0.00125096,0.600129,0.00109954,0.000240947,0.00107282,0.000571597,9.13077e-05,4.92141e-06,9.1175e-05
6.05573,0.000662156,0.00010463,5.48396e-06,0.000104486,0.976344,0.00129433,0.000332668,0.00125085,0.599915,0.0010998,0.000237288,0.0010739,0.000584479,9.19596e-05,4.89556e-06,9.18292e-05
6.06056,0.000667679,0.000105605,5.50292e-06,0.000105462,0.97636,0.00129276,0.000326956,0.00125074,0.599684,0.00110007,0.000233617,0.00107498,0.00059752,9.2612e-05,4.86893e-06,9.2484e-05
6.0654,0.000673167,0.000106581,5.52187e-06,0.000106438,0.976373,0.00129127,0.000321406,0.00125063,0.599437,0.00110036,0.000229991,0.00107606,0.000610716,9.3265e-05,4.84161e-06,9.31392e-05
6.07023,0.000678619,0.000107558,5.54079e-06,0.000107415,0.976384,0.00128985,0.000316097,0.00125052,0.599176,0.00110069,0.000226462,0.00107714,0.000624058,9.39185e-05,4.81369e-06,9.3795e-05
6.07508,0.000684035,0.000108535,5.55969e-06,0.000108393,0.976392,0.00128853,0.000311105,0.0012504,0.598902,0.00110106,0.000223085,0.00107822,0.00063754,9.45725e-05,4.78524e-06,9.44514e-05
6.07992,0.000689412,0.000109513,5.57854e-06,0.000109371,0.976398,0.00128731,0.0003065,0.00125029,0.598616,0.00110148,0.000219911,0.0010793,0.000651154,9.52271e-05,4.75636e-06,9.51082e-05
6.08477,0.000694751,0.000110492,5.59733e-06,0.000110351,0.976402,0.00128622,0.000302346,0.00125018,0.598321,0.00110196,0.000216988,0.00108039,0.000664895,9.58822e-05,4.72712e-06,9.57656e-05
6.08963,0.000700051,0.000111472,5.61607e-06,0.000111331,0.976404,0.00128526,0.000298698,0.00125007,0.598019,0.00110251,0.000214357,0.00108147,0.000678754,9.65378e-05,4.69761e-06,9.64235e-05
6.09448,0.000705311,0.000113469,5.63472e-06,0.000113329,0.976405,0.00128801,0.0002956,0.00125363,0.59771,0.00110689,0.000212057,0.00108639,0.000692726,9.85688e-05,4.66792e-06,9.84582e-05
6.09935,0.00071053,0.000115501,5.6533e-06,0.000115363,0.976406,0.00129102,0.000293084,0.00125732,0.597397,0.00111147,0.000210116,0.00109143,0.000706803,0.000100647,4.63814e-06,0.00010054
6.10421,0.000715706,0.000117535,5.67177e-06,0.000117398,0.976405,0.00129418,0.000291167,0.001261,0.59708,0.00111614,0.000208557,0.00109648,0.000720978,0.000102728,4.60835e-06,0.000102624
6.10908,0.00072084,0.000119571,5.69014e-06,0.000119435,0.976405,0.00129748,0.000289853,0.00126469,0.596763,0.00112089,0.000207391,0.00110153,0.000735245,0.00010481,4.57864e-06,0.00010471
6.11395,0.00072593,0.000121608,5.70839e-06,0.000121474,0.976404,0.00130092,0.000289132,0.00126839,0.596446,0.00112572,0.00020662,0.00110659,0.000749596,0.000106893,4.5491e-06,0.000106797
6.11883,0.000730975,0.000123647,5.72651e-06,0.000123514,0.976404,0.00130449,0.000288978,0.00127208,0.596131,0.00113062,0.000206237,0.00111165,0.000764026,0.000108979,4.51983e-06,0.000108885
6.12371,0.000735976,0.000125688,5.74449e-06,0.000125556,0.976404,0.00130818,0.00028935,0.00127578,0.595819,0.0011356,0.000206223,0.00111672,0.000778525,0.000111067,4.4909e-06,0.000110976
6.1286,0.000740929,0.00012773,5.76232e-06,0.0001276,0.976405,0.00131198,0.000290196,0.00127949,0.595513,0.00114064,0.000206552,0.00112179,0.000793089,0.000113156,4.46241e-06,0.000113068
6.13349,0.000745836,0.000129774,5.77999e-06,0.000129645,0.976407,0.00131587,0.000291454,0.00128319,0.595214,0.00114575,0.000207187,0.00112686,0.00080771,0.000115247,4.43445e-06,0.000115162
6.13838,0.000750695,0.000131819,5.7975e-06,0.000131692,0.976411,0.00131984,0.000293051,0.0012869,0.594923,0.0011509,0.000208085,0.00113194,0.00082238,0.00011734,4.4071e-06,0.000117257
6.14327,0.000755504,0.000133866,5.81482e-06,0.00013374,0.976417,0.00132388,0.000294908,0.00129061,0.594643,0.0011561,0.000209196,0.00113702,0.000837094,0.000119435,4.38045e-06,0.000119354
6.14818,0.000760264,0.000135915,5.83195e-06,0.00013579,0.976424,0.00132795,0.000296941,0.00129432,0.594375,0.00116133,0.000210465,0.0011421,0.000851845,0.000121531,4.35459e-06,0.000121453
6.15308,0.000764973,0.000137966,5.84887e-06,0.000137842,0.976435,0.00133205,0.000299061,0.00129804,0.59412,0.00116659,0.000211834,0.00114719,0.000866624,0.000123629,4.32959e-06,0.000123553
6.15799,0.000769631,0.000140018,5.86559e-06,0.000139895,0.976447,0.00133615,0.000301182,0.00130176,0.59388,0.00117185,0.000213242,0.00115229,0.000881426,0.000125729,4.30555e-06,0.000125656
6.1629,0.000774237,0.000142072,5.88209e-06,0.00014195,0.976463,0.00134023,0.000303214,0.00130548,0.593657,0.00117712,0.000214629,0.00115738,0.000896244,0.000127831,4.28253e-06,0.000127759
6.16782,0.000778789,0.000144128,5.89835e-06,0.000144007,0.976482,0.00134428,0.00030507,0.00130921,0.593452,0.00118237,0.000215932,0.00116248,0.00091107,0.000129935,4.26062e-06,0.000129865
6.17274,0.000783287,0.000146185,5.91437e-06,0.000146065,0.976505,0.00134828,0.000306668,0.00131294,0.593268,0.0011876,0.000217092,0.00116759,0.000925898,0.00013204,4.2399e-06,0.000131972
6.17766,0.00078773,0.000148244,5.93014e-06,0.000148125,0.976532,0.0013522,0.000307926,0.00131667,0.593105,0.0011928,0.000218049,0.0011727,0.000940721,0.000134147,4.22042e-06,0.000134081
6.18259,0.000792118,0.000150304,5.94564e-06,0.000150187,0.976563,0.00135603,0.00030877,0.00132041,0.592966,0.00119796,0.000218748,0.00117781,0.000955532,0.000136256,4.20226e-06,0.000136191
6.18752,0.000796448,0.000152366,5.96088e-06,0.00015225,0.976598,0.00135975,0.00030913,0.00132414,0.592852,0.00120306,0.000219136,0.00118293,0.000970324,0.000138367,4.18547e-06,0.000138304
6.19246,0.000800722,0.000151323,5.97583e-06,0.000151205,0.976638,0.00136575,0.000308943,0.00133035,0.592764,0.00120856,0.000219166,0.00118852,0.000985091,0.000137037,4.17013e-06,0.000136974
6.1974,0.000804936,0.0001499,5.99049e-06,0.00014978,0.976684,0.00137191,0.000308155,0.00133685,0.592704,0.00121406,0.000218795,0.00119418,0.000999824,0.000135288,4.15628e-06,0.000135224
6.20234,0.000809092,0.000148477,6.00485e-06,0.000148355,0.976734,0.00137793,0.000306721,0.00134336,0.592675,0.00121948,0.000217986,0.00119984,0.00101452,0.000133537,4.14397e-06,0.000133473
6.20729,0.000813187,0.000147052,6.0189e-06,0.000146928,0.976791,0.00138383,0.000304647,0.00134988,0.592676,0.00122483,0.000216738,0.0012055,0.00102917,0.000131785,4.13324e-06,0.00013172
6.21224,0.000817221,0.000145626,6.03263e-06,0.000145501,0.976852,0.00138961,0.000301988,0.0013564,0.592708,0.00123012,0.000215084,0.00121117,0.00104376,0.000130032,4.12414e-06,0.000129966
6.21719,0.000821193,0.000144199,6.04603e-06,0.000144072,0.976919,0.0013953,0.000298815,0.00136293,0.592771,0.00123535,0.000213069,0.00121684,0.00105829,0.000128277,4.11668e-06,0.000128211
6.22215,0.000825103,0.000142771,6.05909e-06,0.000142642,0.97699,0.00140091,0.000295203,0.00136946,0.592864,0.00124055,0.000210739,0.00122252,0.00107276,0.000126521,4.1109e-06,0.000126454
6.22712,0.000828949,0.000141341,6.07181e-06,0.000141211,0.977065,0.00140648,0.000291236,0.001376,0.592988,0.00124571,0.000208148,0.0012282,0.00108715,0.000124764,4.10682e-06,0.000124696
6.23208,0.00083273,0.000139911,6.08416e-06,0.000139779,0.977145,0.00141201,0.000287006,0.00138254,0.593142,0.00125085,0.000205356,0.00123388,0.00110146,0.000123005,4.10445e-06,0.000122936
6.23706,0.000836446,0.00013848,6.09615e-06,0.000138345,0.977229,0.00141754,0.000282608,0.00138909,0.593326,0.00125599,0.000202424,0.00123957,0.00111569,0.000121245,4.10379e-06,0.000121175
6.24203,0.000840096,0.000137047,6.10777e-06,0.000136911,0.977317,0.00142308,0.000278144,0.00139564,0.593541,0.00126113,0.000199418,0.00124527,0.00112982,0.000119483,4.10485e-06,0.000119413
6.24701,0.000843679,0.000135613,6.119e-06,0.000135475,0.977408,0.00142866,0.000273718,0.0014022,0.593787,0.00126629,0.000196406,0.00125097,0.00114384,0.000117721,4.10761e-06,0.000117649
6.25199,0.000847194,0.000134178,6.12984e-06,0.000134038,0.977503,0.00143429,0.000269436,0.00140876,0.594062,0.00127147,0.000193458,0.00125667,0.00115776,0.000115957,4.11206e-06,0.000115884
6.25698,0.00085064,0.000132742,6.14028e-06,0.0001326,0.9776,0.00144,0.000265404,0.00141533,0.594367,0.00127669,0.000190643,0.00126238,0.00117157,0.000114192,4.11819e-06,0.000114117
6.26197,0.000854016,0.000131305,6.1503e-06,0.000131161,0.977701,0.00144579,0.000261727,0.0014219,0.594703,0.00128196,0.000188031,0.00126809,0.00118525,0.000112425,4.12596e-06,0.000112349
6.26697,0.000857322,0.000129867,6.15991e-06,0.000129721,0.977803,0.00145168,0.000258502,0.00142848,0.595069,0.00128727,0.000185688,0.00127381,0.0011988,0.000110657,4.13535e-06,0.00011058
6.27197,0.000860556,0.000128428,6.16909e-06,0.000128279,0.977908,0.00145769,0.000255821,0.00143506,0.595464,0.00129265,0.000183676,0.00127953,0.00121221,0.000108888,4.14631e-06,0.000108809
6.27697,0.000863718,0.000126987,6.17784e-06,0.000126837,0.978016,0.00146382,0.00025376,0.00144165,0.59589,0.00129809,0.000182049,0.00128526,0.00122549,0.000107117,4.15879e-06,0.000107037
6.28198,0.000866807,0.000125546,6.18614e-06,0.000125393,0.978125,0.00147008,0.000252385,0.00144825,0.596345,0.0013036,0.000180854,0.00129099,0.00123861,0.000105346,4.17276e-06,0.000105263
6.28699,0.000869824,0.000124103,6.19401e-06,0.000123948,0.978235,0.00147647,0.000251741,0.00145485,0.59683,0.00130918,0.000180127,0.00129673,0.00125157,0.000103573,4.18816e-06,0.000103488
6.292,0.000872767,0.00012472,6.20142e-06,0.000124565,0.978347,0.00148794,0.000251854,0.00146647,0.597345,0.00133002,0.000179891,0.0013178,0.00126438,0.000104428,4.20492e-06,0.000104343
6.29702,0.000875638,0.000125804,6.2084e-06,0.000125651,0.97846,0.00150068,0.000252727,0.00147925,0.597889,0.0013544,0.000180157,0.00134237,0.00127701,0.00010588,4.22298e-06,0.000105796
6.30205,0.000878437,0.000126889,6.21494e-06,0.000126737,0.978573,0.00151355,0.000254345,0.00149203,0.598463,0.00137887,0.00018092,0.00136695,0.00128946,0.000107333,4.24228e-06,0.00010725
6.30707,0.000881165,0.000127975,6.22104e-06,0.000127824,0.978688,0.00152656,0.00025667,0.00150482,0.599066,0.00140343,0.000182165,0.00139156,0.00130173,0.000108788,4.26274e-06,0.000108704
6.3121,0.000883822,0.000129062,6.2267e-06,0.000128912,0.978802,0.00153968,0.000259646,0.00151763,0.599699,0.00142807,0.000183861,0.00141618,0.00131381,0.000110244,4.28429e-06,0.000110161
6.31714,0.000886407,0.00013015,6.23193e-06,0.000130001,0.978917,0.00155291,0.000263202,0.00153044,0.600362,0.00145278,0.000185969,0.00144083,0.00132569,0.000111701,4.30685e-06,0.000111618
6.32218,0.000888923,0.000131239,6.23673e-06,0.00013109,0.979031,0.00156623,0.000267255,0.00154326,0.601053,0.00147756,0.000188438,0.00146549,0.00133736,0.000113159,4.33035e-06,0.000113076
6.32722,0.000891368,0.000132328,6.2411e-06,0.000132181,0.979145,0.00157964,0.00027171,0.0015561,0.601774,0.00150239,0.000191211,0.00149017,0.00134882,0.000114618,4.35469e-06,0.000114536
6.33227,0.000893743,0.000133419,6.24504e-06,0.000133272,0.979258,0.00159312,0.00027647,0.00156894,0.602524,0.00152728,0.000194227,0.00151488,0.00136007,0.000116079,4.3798e-06,0.000115996
6.33732,0.00089605,0.00013451,6.24855e-06,0.000134365,0.979371,0.00160664,0.000281433,0.0015818,0.603303,0.00155221,0.00019742,0.0015396,0.00137108,0.000117541,4.4056e-06,0.000117458
6.34238,0.000898287,0.000135602,6.25164e-06,0.000135458,0.979482,0.00162019,0.000286495,0.00159466,0.604111,0.00157717,0.000200723,0.00156434,0.00138187,0.000119004,4.43199e-06,0.000118921
6.34743,0.000900455,0.000136695,6.25431e-06,0.000136552,0.979592,0.00163376,0.000291556,0.00160754,0.604949,0.00160216,0.000204069,0.00158911,0.00139241,0.000120468,4.45888e-06,0.000120386
6.3525,0.000902555,0.000137789,6.25657e-06,0.000137647,0.9797,0.00164733,0.000296517,0.00162042,0.605815,0.00162716,0.000207394,0.00161389,0.00140271,0.000121933,4.4862e-06,0.000121851
6.35757,0.000904587,0.000138884,6.25841e-06,0.000138743,0.979807,0.00166088,0.000301287,0.00163332,0.60671,0.00165217,0.000210635,0.00163869,0.00141276,0.0001234,4.51385e-06,0.000123317
6.36264,0.000906552,0.000139979,6.25984e-06,0.000139839,0.979911,0.00167438,0.000305775,0.00164623,0.607634,0.00167719,0.000213732,0.00166351,0.00142254,0.000124868,4.54174e-06,0.000124785
6.36771,0.000908449,0.000141076,6.26086e-06,0.000140937,0.980013,0.00168784,0.000309902,0.00165914,0.608586,0.0017022,0.000216632,0.00168836,0.00143206,0.000126337,4.56979e-06,0.000126254
6.37279,0.00091028,0.000142173,6.26148e-06,0.000142035,0.980112,0.00170122,0.000313594,0.00167207,0.609568,0.00172719,0.000219283,0.00171322,0.0014413,0.000127807,4.59791e-06,0.000127724
6.37788,0.000912044,0.000143271,6.2617e-06,0.000143134,0.980208,0.00171453,0.000316784,0.00168501,0.610577,0.00175217,0.000221642,0.0017381,0.00145026,0.000129278,4.62601e-06,0.000129195
6.38296,0.000913742,0.00014437,6.26153e-06,0.000144235,0.980302,0.00172774,0.000319418,0.00169795,0.611616,0.00177713,0.00022367,0.001763,0.00145894,0.000130751,4.654e-06,0.000130668
6.38805,0.000915374,0.00014547,6.26096e-06,0.000145336,0.980392,0.00174085,0.000321448,0.00171091,0.612683,0.00180207,0.000225338,0.00178792,0.00146732,0.000132224,4.6818e-06,0.000132141
6.39315,0.00091694,0.000145735,6.26e-06,0.0001456,0.980478,0.00173639,0.000322842,0.00170611,0.613778,0.00178998,0.000226622,0.00177557,0.0014754,0.000133149,4.70932e-06,0.000133066
6.39825,0.000918442,0.000145704,6.25865e-06,0.00014557,0.98056,0.00172564,0.000323579,0.00169503,0.614902,0.00176477,0.00022751,0.00175004,0.00148317,0.000133881,4.73649e-06,0.000133797
6.40335,0.000919879,0.000145673,6.25693e-06,0.000145539,0.980639,0.00171476,0.000323661,0.00168394,0.616054,0.00173949,0.000228002,0.00172449,0.00149062,0.000134613,4.7632e-06,0.000134529
6.40846,0.000921251,0.000145642,6.25483e-06,0.000145508,0.980713,0.00170377,0.000323158,0.00167284,0.617232,0.00171416,0.000228146,0.00169891,0.00149775,0.000135346,4.7894e-06,0.000135261
6.41357,0.00092256,0.000145612,6.25235e-06,0.000145477,0.980783,0.00169268,0.000322189,0.00166173,0.618435,0.00168878,0.000228019,0.00167332,0.00150455,0.000136079,4.81499e-06,0.000135994
6.41869,0.000923805,0.000145581,6.24951e-06,0.000145446,0.980849,0.00168152,0.000320882,0.00165061,0.619658,0.00166336,0.000227703,0.0016477,0.00151102,0.000136813,4.83989e-06,0.000136727
6.42381,0.000924986,0.00014555,6.24631e-06,0.000145416,0.98091,0.00167031,0.000319372,0.00163949,0.620899,0.00163791,0.000227285,0.00162206,0.00151714,0.000137547,4.86404e-06,0.000137461
6.42894,0.000926105,0.000145519,6.24274e-06,0.000145385,0.980968,0.00165908,0.000317799,0.00162835,0.622156,0.00161244,0.000226855,0.00159641,0.00152291,0.000138282,4.88734e-06,0.000138196
6.43406,0.000927161,0.000145488,6.23882e-06,0.000145354,0.981022,0.00164785,0.000316306,0.00161721,0.623425,0.00158698,0.000226504,0.00157073,0.00152833,0.000139018,4.90974e-06,0.000138931
6.4392,0.000928155,0.000145457,6.23456e-06,0.000145323,0.981072,0.00163666,0.000315036,0.00160606,0.624704,0.00156152,0.000226318,0.00154503,0.00153338,0.000139754,4.93115e-06,0.000139667
6.44433,0.000929088,0.000145425,6.22994e-06,0.000145292,0.981118,0.00162554,0.000314128,0.0015949,0.625991,0.00153609,0.000226384,0.00151931,0.00153806,0.00014049,4.9515e-06,0.000140403
6.44947,0.000929958,0.000145394,6.22499e-06,0.000145261,0.98116,0.0016145,0.000313714,0.00158373,0.627282,0.00151069,0.00022678,0.00149358,0.00154237,0.000141227,4.97073e-06,0.00014114
6.45462,0.000930768,0.000145363,6.2197e-06,0.00014523,0.981198,0.00160357,0.000313913,0.00157255,0.628574,0.00148535,0.000227577,0.00146782,0.00154629,0.000141965,4.98877e-06,0.000141877
6.45977,0.000931517,0.000145332,6.21408e-06,0.000145199,0.981232,0.00159278,0.00031483,0.00156136,0.629866,0.00146008,0.000228835,0.00144204,0.00154981,0.000142703,5.00555e-06,0.000142616
6.46492,0.000932205,0.0001453,6.20814e-06,0.000145168,0.981262,0.00158215,0.00031655,0.00155016,0.631154,0.00143489,0.000230601,0.00141624,0.00155294,0.000143442,5.02101e-06,0.000143354
6.47008,0.000932834,0.000145269,6.20188e-06,0.000145137,0.981289,0.0015717,0.000319135,0.00153895,0.632435,0.00140979,0.000232909,0.00139042,0.00155567,0.000144181,5.03508e-06,0.000144093
6.47524,0.000933403,0.000145238,6.1953e-06,0.000145106,0.981312,0.00156143,0.000322621,0.00152774,0.633706,0.00138479,0.000235775,0.00136457,0.00155798,0.000144921,5.04771e-06,0.000144833
6.4804,0.000933912,0.000145206,6.18841e-06,0.000145074,0.981331,0.00155137,0.000327019,0.00151652,0.634966,0.00135991,0.000239202,0.00133871,0.00155987,0.000145662,5.05884e-06,0.000145574
6.48557,0.000934363,0.000145175,6.18123e-06,0.000145043,0.981346,0.00154153,0.000332315,0.00150528,0.63621,0.00133516,0.000243177,0.00131283,0.00156134,0.000146403,5.06842e-06,0.000146315
6.49075,0.000934755,0.000145143,6.17374e-06,0.000145012,0.981358,0.0015319,0.00033847,0.00149404,0.637437,0.00131054,0.000247674,0.00128693,0.00156238,0.000147144,5.07639e-06,0.000147056
6.49592,0.000935088,0.000146538,6.16596e-06,0.000146409,0.981366,0.00152165,0.000345422,0.00148193,0.638644,0.0012944,0.000252652,0.0012695,0.00156297,0.000147529,5.08269e-06,0.000147441
6.50111,0.000935364,0.000148661,6.15789e-06,0.000148534,0.98137,0.0015112,0.000353092,0.00146937,0.639828,0.00128262,0.000258061,0.00125639,0.00156312,0.000147732,5.08729e-06,0.000147645
6.50629,0.000935583,0.000150786,6.14955e-06,0.00015066,0.981371,0.00150096,0.000361385,0.0014568,0.640985,0.00127095,0.000263841,0.00124327,0.00156282,0.000147936,5.09014e-06,0.000147848
6.51148,0.000935744,0.000152912,6.14093e-06,0.000152789,0.981368,0.00149092,0.000370197,0.00144423,0.642114,0.0012594,0.000269926,0.00123013,0.00156207,0.000148139,5.09127e-06,0.000148052
6.51668,0.000935848,0.00015504,6.13204e-06,0.000154919,0.981362,0.00148106,0.000379413,0.00143164,0.643212,0.00124795,0.000276244,0.00121699,0.00156087,0.000148343,5.0907e-06,0.000148256
6.52187,0.000935896,0.00015717,6.12288e-06,0.00015705,0.981352,0.00147137,0.000388913,0.00141904,0.644275,0.00123659,0.000282721,0.00120384,0.00155925,0.000148547,5.08846e-06,0.00014846
6.52708,0.000935888,0.000159301,6.11347e-06,0.000159184,0.981339,0.00146182,0.000398577,0.00140643,0.645301,0.00122531,0.000289279,0.00119067,0.0015572,0.000148751,5.08461e-06,0.000148664
6.53228,0.000935824,0.000161434,6.10381e-06,0.000161319,0.981322,0.00145238,0.00040828,0.00139382,0.646288,0.00121409,0.00029584,0.0011775,0.00155473,0.000148955,5.07918e-06,0.000148868
6.53749,0.000935705,0.000163569,6.0939e-06,0.000163456,0.981302,0.00144302,0.000417901,0.00138119,0.647232,0.00120292,0.000302326,0.00116431,0.00155185,0.000149159,5.0722e-06,0.000149073
6.54271,0.000935531,0.000165706,6.08376e-06,0.000165594,0.981278,0.00143371,0.000427319,0.00136855,0.648131,0.00119178,0.000308661,0.00115111,0.00154856,0.000149363,5.06373e-06,0.000149277
6.54793,0.000935302,0.000167844,6.07338e-06,0.000167734,0.981252,0.0014244,0.000436417,0.0013559,0.648982,0.00118064,0.000314768,0.00113791,0.00154487,0.000149567,5.05381e-06,0.000149482
6.55315,0.000935019,0.000169985,6.06277e-06,0.000169876,0.981221,0.00141506,0.000445081,0.00134324,0.649782,0.00116949,0.000320575,0.00112469,0.00154079,0.000149772,5.04249e-06,0.000149687
6.55838,0.000934682,0.000172126,6.05195e-06,0.00017202,0.981188,0.00140564,0.0004532,0.00133057,0.650529,0.00115829,0.000326008,0.00111146,0.00153632,0.000149976,5.02982e-06,0.000149892
6.56361,0.000934292,0.00017427,6.04091e-06,0.000174165,0.981151,0.00139609,0.000460667,0.0013179,0.65122,0.00114702,0.000331,0.00109823,0.00153148,0.000150181,5.01585e-06,0.000150097
6.56885,0.000933848,0.000176416,6.02967e-06,0.000176312,0.981111,0.00138637,0.00046738,0.00130521,0.651852,0.00113566,0.000335483,0.00108498,0.00152627,0.000150386,5.00063e-06,0.000150303
6.57409,0.000933352,0.000178563,6.01823e-06,0.000178461,0.981068,0.00137642,0.000473241,0.00129251,0.652421,0.00112417,0.000339393,0.00107172,0.00152069,0.000150591,4.98423e-06,0.000150508
6.57933,0.000932803,0.000180712,6.00659e-06,0.000180612,0.981022,0.00136621,0.000478158,0.0012798,0.652927,0.00111254,0.000342671,0.00105845,0.00151475,0.000150796,4.9667e-06,0.000150714
6.58458,0.000932202,0.000182862,5.99476e-06,0.000182764,0.980973,0.00135568,0.000482041,0.00126708,0.653365,0.00110072,0.000345258,0.00104517,0.00150847,0.000151001,4.94809e-06,0.00015092
6.58983,0.000931549,0.000185015,5.98276e-06,0.000184918,0.98092,0.00134478,0.000484809,0.00125435,0.653733,0.00108869,0.000347101,0.00103188,0.00150184,0.000151206,4.92846e-06,0.000151126
6.59509,0.000930845,0.000187169,5.97058e-06,0.000187074,0.980865,0.00133348,0.000486385,0.00124161,0.654028,0.00107643,0.000348151,0.00101858,0.00149487,0.000151412,4.90788e-06,0.000151332
6.60035,0.000930089,0.000190429,5.95824e-06,0.000190336,0.980806,0.00132869,0.000486699,0.00123634,0.654248,0.00107911,0.000348365,0.00102133,0.00148758,0.000151014,4.88641e-06,0.000150935
6.60561,0.000929283,0.000194471,5.94574e-06,0.00019438,0.980744,0.00132833,0.000485719,0.00123634,0.654391,0.00109225,0.000347721,0.00103542,0.00147996,0.00015019,4.86411e-06,0.000150111
6.61088,0.000928427,0.000198516,5.93308e-06,0.000198428,0.98068,0.00132752,0.000483505,0.00123634,0.654458,0.00110518,0.000346264,0.00104953,0.00147202,0.000149365,4.84105e-06,0.000149287
6.61616,0.000927521,0.000202565,5.92028e-06,0.000202479,0.980613,0.0013263,0.000480148,0.00123634,0.654452,0.00111791,0.000344055,0.00106365,0.00146378,0.00014854,4.81729e-06,0.000148462
6.62144,0.000926565,0.000206617,5.90734e-06,0.000206533,0.980544,0.00132472,0.000475742,0.00123634,0.654374,0.00113048,0.000341162,0.00107778,0.00145523,0.000147714,4.79289e-06,0.000147636
6.62672,0.00092556,0.000210673,5.89427e-06,0.00021059,0.980472,0.0013228,0.000470387,0.00123634,0.654229,0.00114293,0.000337653,0.00109192,0.00144639,0.000146887,4.76794e-06,0.00014681
6.632,0.000924506,0.000214731,5.88108e-06,0.000214651,0.980398,0.00132061,0.000464192,0.00123634,0.654018,0.00115528,0.000333602,0.00110607,0.00143726,0.000146059,4.74249e-06,0.000145982
6.63729,0.000923403,0.000218793,5.86777e-06,0.000218715,0.980322,0.0013182,0.000457269,0.00123634,0.653742,0.00116757,0.000329088,0.00112023,0.00142785,0.000145231,4.71661e-06,0.000145155
6.64259,0.000922253,0.000222858,5.85435e-06,0.000222782,0.980245,0.0013156,0.000449735,0.00123634,0.653406,0.00117982,0.000324191,0.00113441,0.00141817,0.000144402,4.69038e-06,0.000144326
6.64789,0.000921054,0.000226927,5.84082e-06,0.000226852,0.980166,0.00131288,0.000441713,0.00123635,0.653011,0.00119206,0.000318994,0.00114859,0.00140822,0.000143573,4.66387e-06,0.000143497
6.65319,0.000919809,0.000230999,5.8272e-06,0.000230925,0.980086,0.00131009,0.000433332,0.00123635,0.652559,0.00120433,0.000313583,0.00116279,0.001398,0.000142743,4.63714e-06,0.000142667
6.6585,0.000918516,0.000235074,5.8135e-06,0.000235002,0.980005,0.00130726,0.000424722,0.00123635,0.652053,0.00121664,0.000308048,0.001177,0.00138754,0.000141912,4.61027e-06,0.000141837
6.66381,0.000917176,0.000239153,5.79971e-06,0.000239082,0.979923,0.00130446,0.000416021,0.00123635,0.651495,0.00122902,0.000302478,0.00119121,0.00137682,0.000141081,4.58334e-06,0.000141006
6.66912,0.00091579,0.000243234,5.78585e-06,0.000243166,0.97984,0.00130173,0.000407365,0.00123635,0.650888,0.00124149,0.000296964,0.00120545,0.00136587,0.000140248,4.55641e-06,0.000140174
6.67444,0.000914358,0.00024732,5.77193e-06,0.000247252,0.979757,0.0012991,0.000398896,0.00123635,0.650234,0.00125406,0.000291597,0.00121969,0.00135469,0.000139416,4.52955e-06,0.000139342
6.67977,0.00091288,0.000251408,5.75795e-06,0.000251342,0.979673,0.00129663,0.000390752,0.00123635,0.649535,0.00126676,0.000286466,0.00123394,0.00134327,0.000138582,4.50285e-06,0.000138509
6.6851,0.000911357,0.0002555,5.74392e-06,0.000255435,0.979589,0.00129433,0.00038307,0.00123635,0.648794,0.00127959,0.000281655,0.0012482,0.00133164,0.000137748,4.47636e-06,0.000137675
6.69043,0.000909789,0.000259595,5.72985e-06,0.000259531,0.979506,0.00129225,0.00037598,0.00123635,0.648013,0.00129256,0.000277247,0.00126248,0.0013198,0.000136913,4.45018e-06,0.000136841
6.69577,0.000908177,0.000263693,5.71574e-06,0.000263631,0.979422,0.00129041,0.000369605,0.00123635,0.647195,0.00130569,0.000273313,0.00127677,0.00130775,0.000136078,4.42435e-06,0.000136006
6.70111,0.00090652,0.000267795,5.7016e-06,0.000267734,0.979339,0.00128883,0.000364051,0.00123635,0.646342,0.00131898,0.000269917,0.00129107,0.00129551,0.000135242,4.39897e-06,0.00013517
6.70645,0.00090482,0.000267839,5.68745e-06,0.000267778,0.979256,0.00128875,0.000359411,0.00123762,0.645456,0.00131529,0.00026711,0.00128788,0.00128307,0.00013533,4.37409e-06,0.000135259
6.7118,0.000903076,0.00026398,5.67328e-06,0.000263919,0.979174,0.00129014,0.000355754,0.00124012,0.644539,0.00129526,0.000264931,0.00126788,0.00127045,0.000136307,4.34978e-06,0.000136237
6.71716,0.000901289,0.000260118,5.65911e-06,0.000260056,0.979094,0.00129182,0.000353124,0.00124262,0.643595,0.00127535,0.000263401,0.00124786,0.00125765,0.000137284,4.32612e-06,0.000137216
6.72252,0.000899459,0.000256253,5.64494e-06,0.000256191,0.979014,0.00129379,0.00035154,0.00124512,0.642625,0.00125557,0.000262524,0.00122782,0.00124468,0.000138263,4.30316e-06,0.000138196
6.72788,0.000897587,0.000252385,5.63078e-06,0.000252322,0.978936,0.00129605,0.00035099,0.00124762,0.641632,0.00123592,0.000262289,0.00120777,0.00123154,0.000139242,4.28097e-06,0.000139177
6.73325,0.000895673,0.000248513,5.61665e-06,0.00024845,0.978859,0.00129858,0.000351434,0.00125012,0.640618,0.0012164,0.000262666,0.0011877,0.00121825,0.000140223,4.25962e-06,0.000140158
6.73862,0.000893717,0.000244639,5.60254e-06,0.000244575,0.978784,0.00130137,0.000352807,0.00125263,0.639586,0.001197,0.000263609,0.00116761,0.00120481,0.000141204,4.23916e-06,0.00014114
6.74399,0.000891719,0.000240762,5.58846e-06,0.000240697,0.978711,0.00130438,0.000355018,0.00125514,0.638537,0.00117773,0.00026506,0.00114751,0.00119123,0.000142185,4.21966e-06,0.000142123
6.74937,0.000889681,0.000236882,5.57443e-06,0.000236816,0.97864,0.0013076,0.000357955,0.00125765,0.637475,0.00115857,0.000266945,0.0011274,0.00117751,0.000143168,4.20115e-06,0.000143107
6.75476,0.000887602,0.000232998,5.56045e-06,0.000232932,0.978571,0.00131098,0.000361491,0.00126016,0.636402,0.00113952,0.000269184,0.00110726,0.00116366,0.000144152,4.1837e-06,0.000144091
6.76014,0.000885483,0.000229112,5.54652e-06,0.000229045,0.978505,0.00131451,0.000365488,0.00126267,0.63532,0.00112055,0.000271688,0.00108712,0.00114969,0.000145136,4.16735e-06,0.000145076
6.76554,0.000883324,0.000225222,5.53266e-06,0.000225154,0.978442,0.00131813,0.000369798,0.00126519,0.634231,0.00110166,0.000274364,0.00106695,0.00113561,0.000146121,4.15215e-06,0.000146062
6.77093,0.000881126,0.00022133,5.51888e-06,0.000221261,0.978381,0.0013218,0.000374271,0.00126771,0.633138,0.00108283,0.000277114,0.00104677,0.00112141,0.000147107,4.13814e-06,0.000147049
6.77633,0.000878888,0.000217434,5.50518e-06,0.000217364,0.978324,0.00132549,0.000378756,0.00127023,0.632043,0.00106403,0.000279842,0.00102657,0.00110712,0.000148094,4.12534e-06,0.000148037
6.78174,0.000876612,0.000213535,5.49156e-06,0.000213465,0.97827,0.00132916,0.000383104,0.00127275,0.630949,0.00104525,0.000282452,0.00100636,0.00109273,0.000149082,4.1138e-06,0.000149025
6.78715,0.000874297,0.000209633,5.47804e-06,0.000209562,0.978219,0.00133275,0.00038717,0.00127527,0.629858,0.00102645,0.000284848,0.000986132,0.00107825,0.00015007,4.10354e-06,0.000150014
6.79256,0.000871944,0.000205728,5.46463e-06,0.000205656,0.978172,0.00133623,0.000390813,0.0012778,0.628773,0.00100761,0.000286941,0.000965887,0.00106369,0.00015106,4.09459e-06,0.000151004
6.79798,0.000869553,0.00020182,5.45133e-06,0.000201747,0.978128,0.00133955,0.0003939,0.00128033,0.627695,0.000988697,0.000288641,0.000945626,0.00104906,0.00015205,4.08696e-06,0.000151995
6.80341,0.000867125,0.000197909,5.43815e-06,0.000197835,0.978089,0.00134268,0.00039631,0.00128286,0.626627,0.000969688,0.00028987,0.000925349,0.00103436,0.000153041,4.08066e-06,0.000152987
6.80883,0.00086466,0.000193995,5.4251e-06,0.000193919,0.978054,0.00134559,0.000397983,0.00128539,0.62557,0.000950561,0.000290589,0.000905055,0.0010196,0.000154033,4.07571e-06,0.000153979
6.81426,0.000862158,0.000192912,5.41218e-06,0.000192836,0.978022,0.0013477,0.00039891,0.00128731,0.624524,0.00093941,0.000290794,0.000893269,0.00100479,0.000154394,4.0721e-06,0.00015434
6.8197,0.00085962,0.000195529,5.3994e-06,0.000195454,0.977994,0.00134882,0.000399097,0.00128843,0.623488,0.000938687,0.000290491,0.000892607,0.00098993,0.000153931,4.06983e-06,0.000153877
6.82514,0.000857046,0.000198148,5.38678e-06,0.000198075,0.97797,0.00134973,0.000398559,0.00128955,0.622463,0.00093781,0.000289692,0.000891945,0.000975032,0.000153468,4.0689e-06,0.000153414
6.83058,0.000854437,0.000200769,5.37431e-06,0.000200697,0.977949,0.00135044,0.000397323,0.00129067,0.621448,0.000936786,0.000288417,0.000891282,0.000960103,0.000153004,4.0693e-06,0.00015295
6.83603,0.000851792,0.000203393,5.362e-06,0.000203322,0.977932,0.00135095,0.000395422,0.00129179,0.620443,0.000935624,0.00028669,0.000890618,0.000945148,0.00015254,4.071e-06,0.000152486
6.84149,0.000849112,0.000206018,5.34987e-06,0.000205949,0.977917,0.00135129,0.000392895,0.00129291,0.619447,0.000934335,0.000284539,0.000889954,0.000930175,0.000152075,4.07399e-06,0.000152021
6.84694,0.000846398,0.000208646,5.33792e-06,0.000208577,0.977906,0.00135146,0.000389789,0.00129403,0.618461,0.000932931,0.000281999,0.00088929,0.00091519,0.000151611,4.07824e-06,0.000151556
6.85241,0.00084365,0.000211275,5.32616e-06,0.000211208,0.977897,0.00135149,0.000386155,0.00129515,0.617484,0.000931425,0.000279105,0.000888625,0.000900201,0.000151146,4.08371e-06,0.00015109
6.85787,0.000840868,0.000213907,5.31458e-06,0.000213841,0.977891,0.0013514,0.00038205,0.00129627,0.616516,0.000929834,0.000275898,0.000887959,0.000885214,0.00015068,4.09038e-06,0.000150625
6.86334,0.000838053,0.000216541,5.30321e-06,0.000216476,0.977887,0.00135121,0.000377534,0.0012974,0.615558,0.000928171,0.000272421,0.000887293,0.000870236,0.000150215,4.09819e-06,0.000150159
6.86882,0.000835204,0.000219178,5.29205e-06,0.000219114,0.977886,0.00135094,0.000372669,0.00129852,0.614608,0.000926453,0.000268719,0.000886626,0.000855274,0.000149748,4.10712e-06,0.000149692
6.8743,0.000832323,0.000221816,5.2811e-06,0.000221753,0.977887,0.00135062,0.000367524,0.00129965,0.613666,0.000924696,0.000264839,0.000885959,0.000840336,0.000149282,4.1171e-06,0.000149225
6.87978,0.00082941,0.000224456,5.27037e-06,0.000224394,0.97789,0.00135026,0.000362166,0.00130078,0.612733,0.000922916,0.000260831,0.000885291,0.000825427,0.000148815,4.12808e-06,0.000148758
6.88527,0.000826464,0.000227099,5.25987e-06,0.000227038,0.977895,0.00134988,0.00035667,0.00130191,0.611808,0.000921128,0.000256746,0.000884623,0.000810555,0.000148348,4.14003e-06,0.00014829
6.89076,0.000823487,0.000229743,5.2496e-06,0.000229683,0.977901,0.00134951,0.000351106,0.00130304,0.610891,0.000919347,0.000252636,0.000883954,0.000795728,0.000147881,4.15286e-06,0.000147822
6.89626,0.000820479,0.00023239,5.23958e-06,0.000232331,0.977909,0.00134917,0.000345549,0.00130417,0.609982,0.000917589,0.000248552,0.000883285,0.00078095,0.000147413,4.16653e-06,0.000147354
6.90176,0.00081744,0.000235039,5.2298e-06,0.000234981,0.977919,0.00134887,0.000340073,0.0013053,0.609081,0.000915867,0.000244547,0.000882615,0.000766231,0.000146945,4.18097e-06,0.000146885
6.90726,0.00081437,0.00023769,5.22027e-06,0.000237633,0.97793,0.00134863,0.00033475,0.00130643,0.608186,0.000914193,0.000240672,0.000881944,0.000751576,0.000146476,4.19612e-06,0.000146416
6.91277,0.00081127,0.000240344,5.211e-06,0.000240287,0.977942,0.00134848,0.000329651,0.00130756,0.607299,0.000912579,0.000236976,0.000881273,0.000736993,0.000146008,4.2119e-06,0.000145947
6.91829,0.000808141,0.000242999,5.202e-06,0.000242943,0.977956,0.00134841,0.000324844,0.00130869,0.606419,0.000911035,0.000233507,0.000880602,0.000722488,0.000145538,4.22826e-06,0.000145477
6.92381,0.000804981,0.000245773,5.19327e-06,0.000245718,0.97797,0.00134977,0.00032039,0.00131119,0.605545,0.000910375,0.000230308,0.000880762,0.000708068,0.000146427,4.24511e-06,0.000146366
6.92933,0.000801793,0.00024876,5.18481e-06,0.000248706,0.977984,0.00135363,0.000316345,0.00131615,0.604679,0.000911252,0.000227418,0.000882418,0.000693741,0.000149759,4.2624e-06,0.000149699
6.93486,0.000798576,0.000251749,5.17664e-06,0.000251696,0.978,0.00135762,0.000312757,0.0013211,0.603818,0.000912226,0.000224868,0.000884076,0.000679513,0.000153094,4.28003e-06,0.000153035
6.94039,0.000795331,0.000254741,5.16875e-06,0.000254688,0.978015,0.00136174,0.000309666,0.00132607,0.602964,0.000913299,0.000222686,0.000885735,0.000665391,0.000156432,4.29796e-06,0.000156373
6.94593,0.000792057,0.000257735,5.16116e-06,0.000257683,0.978031,0.001366,0.000307098,0.00133103,0.602115,0.000914474,0.000220888,0.000887396,0.000651381,0.000159772,4.31608e-06,0.000159714
6.95147,0.000788756,0.000260731,5.15386e-06,0.00026068,0.978048,0.00137039,0.00030507,0.001336,0.601273,0.000915749,0.000219485,0.000889057,0.000637492,0.000163116,4.33435e-06,0.000163058
6.95701,0.000785428,0.00026373,5.14686e-06,0.00026368,0.978064,0.00137491,0.000303586,0.00134097,0.600436,0.000917123,0.000218478,0.00089072,0.00062373,0.000166461,4.35267e-06,0.000166404
6.96256,0.000782073,0.000266731,5.14017e-06,0.000266682,0.97808,0.00137956,0.000302636,0.00134595,0.599604,0.000918593,0.000217857,0.000892385,0.000610101,0.00016981,4.37098e-06,0.000169754
6.96812,0.000778691,0.000269735,5.13379e-06,0.000269686,0.978095,0.00138432,0.000302199,0.00135093,0.598777,0.000920151,0.000217605,0.000894051,0.000596613,0.000173161,4.3892e-06,0.000173105
6.97367,0.000775283,0.000272741,5.12773e-06,0.000272693,0.97811,0.0013892,0.000302241,0.00135592,0.597956,0.000921793,0.000217697,0.000895718,0.000583273,0.000176515,4.40726e-06,0.00017646
6.97924,0.000771849,0.000275749,5.12198e-06,0.000275702,0.978125,0.00139417,0.000302715,0.00136091,0.597139,0.000923509,0.000218097,0.000897386,0.000570087,0.000179872,4.42509e-06,0.000179817
6.9848,0.00076839,0.00027876,5.11656e-06,0.000278713,0.978138,0.00139923,0.000303568,0.0013659,0.596327,0.000925289,0.000218766,0.000899056,0.000557063,0.000183231,4.44261e-06,0.000183177
6.99038,0.000764905,0.000281774,5.11146e-06,0.000281727,0.978151,0.00140436,0.000304734,0.0013709,0.595519,0.000927124,0.000219657,0.000900727,0.000544207,0.000186593,4.45976e-06,0.00018654
6.99595,0.000761396,0.000284789,5.10669e-06,0.000284744,0.978163,0.00140955,0.000306144,0.0013759,0.594716,0.000929,0.000220719,0.000902399,0.000531526,0.000189957,4.47645e-06,0.000189905
7.00153,0.000757862,0.000287808,5.10226e-06,0.000287762,0.978173,0.00141478,0.000307722,0.0013809,0.593916,0.000930906,0.000221896,0.000904073,0.000519027,0.000193325,4.49263e-06,0.000193273
7.00712,0.000754304,0.000290828,5.09816e-06,0.000290784,0.978182,0.00142003,0.000309396,0.00138591,0.59312,0.000932829,0.000223137,0.000905748,0.000506717,0.000196695,4.50823e-06,0.000196643
7.01271,0.000750723,0.000293851,5.0944e-06,0.000293807,0.97819,0.00142529,0.000311109,0.00139093,0.592329,0.00093476,0.000224403,0.000907425,0.000494604,0.000200068,4.52317e-06,0.000200016
7.0183,0.000747118,0.000296877,5.09098e-06,0.000296833,0.978197,0.00143056,0.000312812,0.00139594,0.591541,0.00093669,0.000225658,0.000909102,0.000482693,0.000203443,4.5374e-06,0.000203392
7.0239,0.00074349,0.000299905,5.08791e-06,0.000299861,0.978202,0.00143582,0.000314463,0.00140097,0.590757,0.000938613,0.000226872,0.000910781,0.000470992,0.000206821,4.55084e-06,0.000206771
7.0295,0.00073984,0.000302935,5.08518e-06,0.000302892,0.978206,0.00144107,0.000316025,0.00140599,0.589977,0.000940521,0.00022802,0.000912462,0.000459508,0.000210202,4.56344e-06,0.000210152
7.03511,0.000736167,0.000304682,5.0828e-06,0.000304639,0.978209,0.00144123,0.000317465,0.00140583,0.589202,0.000940706,0.000229079,0.000912387,0.000448248,0.000212513,4.57513e-06,0.000212464
7.04072,0.000732473,0.00030314,5.08077e-06,0.000303098,0.978211,0.00142839,0.000318759,0.00139237,0.58843,0.000936508,0.00023003,0.000907818,0.000437218,0.000212083,4.58586e-06,0.000212033
7.04634,0.000728756,0.000301598,5.07909e-06,0.000301555,0.978211,0.00141553,0.000319883,0.00137891,0.587663,0.000932282,0.000230859,0.000903246,0.000426426,0.000211652,4.59557e-06,0.000211602
7.05196,0.000725019,0.000300054,5.07776e-06,0.000300011,0.978211,0.00140262,0.00032082,0.00136544,0.5869,0.000928022,0.000231552,0.00089867,0.000415878,0.000211221,4.60421e-06,0.000211171
7.05759,0.000721261,0.000298509,5.07679e-06,0.000298466,0.97821,0.00138967,0.000321554,0.00135195,0.586141,0.000923725,0.0002321,0.00089409,0.000405582,0.000210789,4.61171e-06,0.000210739
7.06322,0.000717482,0.000296963,5.07616e-06,0.000296919,0.978207,0.00137666,0.000322074,0.00133846,0.585387,0.000919389,0.000232495,0.000889507,0.000395543,0.000210358,4.61804e-06,0.000210307
7.06885,0.000713684,0.000295415,5.0759e-06,0.000295372,0.978203,0.00136361,0.000322373,0.00132495,0.584637,0.000915012,0.00023273,0.00088492,0.00038577,0.000209925,4.62313e-06,0.000209875
7.07449,0.000709865,0.000293867,5.07598e-06,0.000293823,0.978199,0.00135049,0.000322444,0.00131144,0.583891,0.000910592,0.000232803,0.00088033,0.000376269,0.000209493,4.62696e-06,0.000209442
7.08013,0.000706027,0.000292317,5.07642e-06,0.000292273,0.978193,0.00133732,0.000322283,0.00129791,0.58315,0.000906128,0.000232712,0.000875735,0.000367047,0.00020906,4.62946e-06,0.000209009
7.08578,0.000702171,0.000290766,5.07722e-06,0.000290721,0.978187,0.00132409,0.00032189,0.00128437,0.582413,0.000901618,0.000232455,0.000871137,0.000358111,0.000208627,4.6306e-06,0.000208575
7.09143,0.000698295,0.000289213,5.07837e-06,0.000289169,0.97818,0.0013108,0.000321265,0.00127082,0.581681,0.000897064,0.000232035,0.000866536,0.000349468,0.000208193,4.63035e-06,0.000208141
7.09709,0.000694401,0.00028766,5.07987e-06,0.000287615,0.978172,0.00129745,0.000320411,0.00125726,0.580954,0.000892465,0.000231452,0.00086193,0.000341125,0.000207759,4.62866e-06,0.000207707
7.10275,0.00069049,0.000286105,5.08173e-06,0.00028606,0.978163,0.00128403,0.000319332,0.00124369,0.580231,0.000887822,0.00023071,0.000857322,0.000333085,0.000207324,4.62553e-06,0.000207273
7.10842,0.00068656,0.000284549,5.08393e-06,0.000284504,0.978153,0.00127056,0.000318033,0.00123011,0.579513,0.000883135,0.000229814,0.000852709,0.000325345,0.00020689,4.62098e-06,0.000206838
7.11409,0.000682614,0.000282992,5.08649e-06,0.000282946,0.978143,0.00125702,0.000316521,0.00121652,0.5788,0.000878406,0.000228769,0.000848093,0.000317902,0.000206454,4.61506e-06,0.000206403
7.11976,0.00067865,0.000281433,5.08939e-06,0.000281387,0.978131,0.00124343,0.000314805,0.00120292,0.578092,0.000873636,0.000227581,0.000843473,0.000310751,0.000206019,4.60781e-06,0.000205967
7.12544,0.00067467,0.000279874,5.09264e-06,0.000279827,0.978119,0.00122977,0.000312894,0.0011893,0.577389,0.000868827,0.000226258,0.000838849,0.000303888,0.000205583,4.59929e-06,0.000205531
7.13113,0.000670674,0.000278313,5.09623e-06,0.000278266,0.978107,0.00121606,0.000310798,0.00117568,0.57669,0.000863982,0.000224808,0.000834222,0.000297308,0.000205146,4.58953e-06,0.000205095
7.13681,0.000666662,0.00027675,5.10017e-06,0.000276703,0.978093,0.0012023,0.00030853,0.00116204,0.575997,0.000859102,0.000223239,0.000829591,0.000291007,0.00020471,4.57859e-06,0.000204659
7.14251,0.000662635,0.000275187,5.10444e-06,0.00027514,0.978079,0.00118849,0.000306102,0.0011484,0.575308,0.00085419,0.00022156,0.000824956,0.000284981,0.000204273,4.56653e-06,0.000204222
7.1482,0.000658593,0.000273524,5.10905e-06,0.000273477,0.978065,0.00117603,0.000303528,0.00113618,0.574625,0.000851902,0.000219782,0.000823063,0.000279226,0.000203858,4.55341e-06,0.000203807
7.15391,0.000654536,0.00027148,5.11399e-06,0.000271432,0.97805,0.00116895,0.000300822,0.00112958,0.573946,0.000859902,0.000217916,0.000831831,0.000273738,0.000203531,4.53927e-06,0.00020348
7.15961,0.000650464,0.000269434,5.11927e-06,0.000269385,0.978034,0.00116184,0.000298,0.00112297,0.573273,0.000867908,0.000215974,0.000840607,0.000268512,0.000203204,4.52419e-06,0.000203153
7.16532,0.000646379,0.000267386,5.12487e-06,0.000267337,0.978018,0.00115469,0.000295077,0.00111635,0.572605,0.000875925,0.000213966,0.00084939,0.000263545,0.000202876,4.50823e-06,0.000202826
7.17104,0.00064228,0.000265336,5.13079e-06,0.000265287,0.978001,0.00114753,0.000292073,0.00110973,0.571942,0.000883955,0.000211906,0.000858179,0.000258831,0.000202548,4.49145e-06,0.000202498
7.17676,0.000638168,0.000263285,5.13704e-06,0.000263235,0.977984,0.00114034,0.000289003,0.00110311,0.571285,0.000892001,0.000209808,0.000866976,0.000254366,0.00020222,4.47392e-06,0.000202171
7.18249,0.000634042,0.000261233,5.1436e-06,0.000261182,0.977967,0.00113313,0.000285887,0.00109648,0.570633,0.000900068,0.000207683,0.00087578,0.000250148,0.000201892,4.45571e-06,0.000201843
7.18822,0.000629905,0.000259178,5.15047e-06,0.000259127,0.977949,0.00112592,0.000282745,0.00108984,0.569986,0.000908157,0.000205548,0.00088459,0.00024617,0.000201563,4.43689e-06,0.000201514
7.19395,0.000625755,0.000257122,5.15765e-06,0.000257071,0.977931,0.0011187,0.000279595,0.0010832,0.569345,0.000916273,0.000203415,0.000893408,0.000242429,0.000201234,4.41753e-06,0.000201186
7.19969,0.000621593,0.000255065,5.16513e-06,0.000255012,0.977912,0.00111148,0.00027646,0.00107655,0.56871,0.000924417,0.000201301,0.000902233,0.000238921,0.000200905,4.3977e-06,0.000200857
7.20543,0.00061742,0.000253006,5.17291e-06,0.000252953,0.977894,0.00110427,0.000273359,0.0010699,0.568079,0.000932592,0.000199219,0.000911065,0.000235642,0.000200576,4.37748e-06,0.000200528
7.21118,0.000613235,0.000250945,5.18098e-06,0.000250891,0.977874,0.00109706,0.000270315,0.00106324,0.567455,0.0009408,0.000197186,0.000919903,0.000232587,0.000200246,4.35694e-06,0.000200198
7.21693,0.00060904,0.000248882,5.18934e-06,0.000248828,0.977855,0.00108988,0.000267349,0.00105658,0.566836,0.000949044,0.000195217,0.000928749,0.000229752,0.000199916,4.33617e-06,0.000199869
7.22269,0.000604835,0.000246818,5.19798e-06,0.000246764,0.977835,0.00108271,0.000264482,0.00104991,0.566223,0.000957326,0.000193326,0.000937602,0.000227132,0.000199586,4.31524e-06,0.000199539
7.22845,0.000600619,0.000244753,5.2069e-06,0.000244697,0.977816,0.00107557,0.000261736,0.00104323,0.565615,0.000965647,0.00019153,0.000946462,0.000224725,0.000199255,4.29422e-06,0.000199209
7.23422,0.000596394,0.000242685,5.2161e-06,0.000242629,0.977796,0.00106846,0.000259134,0.00103656,0.565014,0.000974009,0.000189843,0.000955329,0.000222524,0.000198924,4.2732e-06,0.000198878
7.23999,0.00059216,0.000240616,5.22556e-06,0.00024056,0.977776,0.00106138,0.000256695,0.00102987,0.564418,0.000982414,0.00018828,0.000964203,0.000220527,0.000198593,4.25226e-06,0.000198548
7.24576,0.000587916,0.000238546,5.23528e-06,0.000238488,0.977756,0.00105434,0.000254441,0.00102318,0.563828,0.000990862,0.000186854,0.000973085,0.000218728,0.000198262,4.23147e-06,0.000198217
7.25154,0.000583664,0.000236474,5.24525e-06,0.000236415,0.977735,0.00104735,0.000252391,0.00101649,0.563244,0.000999355,0.000185579,0.000981973,0.000217125,0.00019793,4.21092e-06,0.000197886
7.25733,0.000579404,0.0002344,5.25548e-06,0.000234341,0.977715,0.00104041,0.000250563,0.00100979,0.562666,0.00100789,0.000184466,0.000990868,0.000215711,0.000197599,4.19069e-06,0.000197554
7.26312,0.000575136,0.000232644,5.26594e-06,0.000232585,0.977695,0.00103232,0.000248974,0.00100184,0.562094,0.00101536,0.000183528,0.000998633,0.000214484,0.000197121,4.17085e-06,0.000197077
7.26891,0.00057086,0.000233058,5.27665e-06,0.000232998,0.977675,0.00101613,0.00024764,0.000985488,0.561528,0.00101527,0.000182773,0.000998688,0.000213439,0.000195654,4.15149e-06,0.00019561
7.27471,0.000566577,0.000233472,5.28758e-06,0.000233413,0.977655,0.000999996,0.000246573,0.000969121,0.560969,0.00101523,0.00018221,0.000998742,0.000212571,0.000194187,4.13269e-06,0.000194143
7.28051,0.000562288,0.000233887,5.29874e-06,0.000233827,0.977635,0.000983933,0.000245784,0.000952741,0.560415,0.00101522,0.000181846,0.000998796,0.000211877,0.000192718,4.11451e-06,0.000192674
7.28632,0.000557992,0.000234302,5.31011e-06,0.000234242,0.977615,0.000967941,0.000245283,0.000936347,0.559868,0.00101524,0.000181685,0.000998851,0.000211353,0.000191248,4.09705e-06,0.000191204
7.29213,0.00055369,0.000234717,5.3217e-06,0.000234657,0.977595,0.000952026,0.000245076,0.000919941,0.559327,0.0010153,0.000181732,0.000998905,0.000210993,0.000189777,4.08036e-06,0.000189733
7.29795,0.000549382,0.000235133,5.33349e-06,0.000235072,0.977575,0.000936193,0.000245165,0.000903522,0.558792,0.0010154,0.000181986,0.00099896,0.000210794,0.000188305,4.06453e-06,0.000188261
7.30377,0.000545069,0.000235549,5.34547e-06,0.000235488,0.977556,0.000920447,0.000245552,0.000887089,0.558264,0.00101554,0.000182448,0.000999015,0.000210751,0.000186831,4.04962e-06,0.000186787
7.3096,0.000540751,0.000235965,5.35765e-06,0.000235904,0.977536,0.000904794,0.000246234,0.000870644,0.557742,0.00101571,0.000183115,0.000999069,0.000210861,0.000185357,4.03571e-06,0.000185313
7.31543,0.000536428,0.000236382,5.37e-06,0.000236321,0.977518,0.000889238,0.000247208,0.000854185,0.557226,0.00101592,0.000183982,0.000999124,0.00021112,0.000183881,4.02285e-06,0.000183837
7.32126,0.000532101,0.000236799,5.38254e-06,0.000236737,0.977499,0.000873784,0.000248464,0.000837713,0.556717,0.00101617,0.000185045,0.000999179,0.000211521,0.000182404,4.0111e-06,0.00018236
7.3271,0.00052777,0.000237216,5.39524e-06,0.000237155,0.97748,0.000858436,0.000249994,0.000821228,0.556215,0.00101645,0.000186294,0.000999233,0.000212063,0.000180926,4.00053e-06,0.000180882
7.33295,0.000523435,0.000237634,5.40811e-06,0.000237572,0.977462,0.0008432,0.000251784,0.00080473,0.555719,0.00101677,0.000187721,0.000999288,0.00021274,0.000179447,3.99119e-06,0.000179403
7.3388,0.000519097,0.000238052,5.42113e-06,0.00023799,0.977445,0.000828079,0.000253822,0.000788219,0.55523,0.00101712,0.000189315,0.000999343,0.000213548,0.000177967,3.98313e-06,0.000177922
7.34465,0.000514757,0.00023847,5.4343e-06,0.000238408,0.977428,0.000813078,0.000256091,0.000771695,0.554747,0.0010175,0.000191064,0.000999398,0.000214483,0.000176486,3.97639e-06,0.000176441
7.35051,0.000510414,0.000238888,5.4476e-06,0.000238826,0.977411,0.000798199,0.000258572,0.000755157,0.554272,0.00101791,0.000192957,0.000999453,0.000215541,0.000175003,3.97101e-06,0.000174958
7.35637,0.000506069,0.000239307,5.46104e-06,0.000239245,0.977394,0.000783447,0.000261248,0.000738606,0.553803,0.00101835,0.000194978,0.000999508,0.000216717,0.000173519,3.96704e-06,0.000173474
7.36224,0.000501722,0.000239727,5.47461e-06,0.000239664,0.977379,0.000768825,0.000264097,0.000722042,0.553341,0.00101881,0.000197115,0.000999563,0.000218008,0.000172034,3.96449e-06,0.000171989
7.36811,0.000497373,0.000240146,5.48829e-06,0.000240084,0.977363,0.000754336,0.0002671,0.000705465,0.552886,0.0010193,0.000199352,0.000999618,0.000219409,0.000170548,3.9634e-06,0.000170502
7.37399,0.000493024,0.000240566,5.50209e-06,0.000240503,0.977348,0.000739983,0.000270234,0.000688875,0.552438,0.00101981,0.000201674,0.000999673,0.000220915,0.000169061,3.96379e-06,0.000169015
7.37987,0.000488674,0.000241081,5.51599e-06,0.000241017,0.977334,0.000726409,0.000273478,0.000672964,0.551997,0.00101967,0.000204067,0.000999045,0.000222523,0.000167684,3.96566e-06,0.000167637
7.38576,0.000484324,0.0002433,5.52998e-06,0.000243237,0.977321,0.000724581,0.000276809,0.000669622,0.551562,0.00100741,0.000206513,0.000986012,0.000224228,0.000168322,3.96903e-06,0.000168275
7.39165,0.000479973,0.00024552,5.54406e-06,0.000245458,0.977308,0.000722801,0.000280206,0.000666278,0.551135,0.000995162,0.000208999,0.000972968,0.000226026,0.00016896,3.9739e-06,0.000168913
7.39755,0.000475623,0.000247743,5.55823e-06,0.000247681,0.977295,0.000721063,0.000283645,0.000662931,0.550716,0.000982939,0.000211509,0.000959914,0.000227914,0.000169599,3.98027e-06,0.000169552
7.40345,0.000471274,0.000249967,5.57247e-06,0.000249905,0.977284,0.000719359,0.000287106,0.000659582,0.550303,0.000970737,0.000214027,0.000946849,0.000229885,0.000170239,3.98813e-06,0.000170192
7.40936,0.000466926,0.000252194,5.58677e-06,0.000252132,0.977273,0.000717681,0.000290566,0.000656229,0.549898,0.000958552,0.000216538,0.000933774,0.000231938,0.000170879,3.99746e-06,0.000170832
7.41527,0.000462579,0.000254421,5.60113e-06,0.00025436,0.977263,0.00071602,0.000294005,0.000652874,0.549499,0.000946383,0.000219028,0.000920688,0.000234066,0.000171519,4.00824e-06,0.000171472
7.42118,0.000458235,0.000256651,5.61554e-06,0.00025659,0.977253,0.000714367,0.000297401,0.000649517,0.549109,0.000934226,0.000221483,0.000907592,0.000236266,0.00017216,4.02045e-06,0.000172113
7.4271,0.000453892,0.000258883,5.63e-06,0.000258821,0.977245,0.000712713,0.000300734,0.000646157,0.548725,0.00092208,0.000223888,0.000894486,0.000238534,0.000172802,4.03405e-06,0.000172755
7.43303,0.000449552,0.000261116,5.6445e-06,0.000261055,0.977237,0.000711049,0.000303985,0.000642794,0.548349,0.00090994,0.00022623,0.000881369,0.000240866,0.000173444,4.04902e-06,0.000173397
7.43896,0.000445215,0.000263351,5.65902e-06,0.00026329,0.977231,0.000709365,0.000307133,0.000639428,0.547981,0.000897805,0.000228495,0.000868242,0.000243257,0.000174087,4.06531e-06,0.000174039
7.44489,0.000440881,0.000265588,5.67356e-06,0.000265527,0.977225,0.000707652,0.000310161,0.00063606,0.54762,0.00088567,0.00023067,0.000855104,0.000245703,0.00017473,4.08288e-06,0.000174682
7.45083,0.000436551,0.000267827,5.68812e-06,0.000267766,0.97722,0.000705901,0.00031305,0.000632689,0.547266,0.000873533,0.000232744,0.000841956,0.000248199,0.000175374,4.10168e-06,0.000175326
7.45677,0.000432225,0.000270067,5.70269e-06,0.000270007,0.977216,0.0007041,0.000315783,0.000629315,0.546921,0.000861388,0.000234704,0.000828797,0.000250742,0.000176018,4.12165e-06,0.00017597
7.46272,0.000427903,0.000272309,5.71725e-06,0.000272249,0.977213,0.00070224,0.000318343,0.000625939,0.546582,0.000849234,0.000236538,0.000815628,0.000253328,0.000176663,4.14274e-06,0.000176614
7.46867,0.000423586,0.000274553,5.73181e-06,0.000274493,0.977211,0.000700312,0.000320713,0.00062256,0.546252,0.000837066,0.000238236,0.000802448,0.000255951,0.000177308,4.16489e-06,0.000177259
7.47463,0.000419274,0.000276799,5.74635e-06,0.000276739,0.97721,0.000698306,0.000322878,0.000619178,0.545929,0.000824879,0.000239787,0.000789258,0.000258609,0.000177954,4.18803e-06,0.000177905
7.48059,0.000414968,0.000279047,5.76087e-06,0.000278987,0.97721,0.000696213,0.000324824,0.000615793,0.545615,0.00081267,0.00024118,0.000776057,0.000261296,0.000178601,4.21211e-06,0.000178551
7.48656,0.000410667,0.000281296,5.77537e-06,0.000281237,0.977211,0.000694022,0.000326535,0.000612406,0.545308,0.000800434,0.000242407,0.000762845,0.000264008,0.000179248,4.23705e-06,0.000179198
7.49253,0.000406372,0.000283547,5.78982e-06,0.000283488,0.977214,0.000691725,0.000327998,0.000609016,0.545009,0.000788167,0.000243458,0.000749624,0.000266741,0.000179895,4.26278e-06,0.000179845
7.49851,0.000402084,0.0002858,5.80424e-06,0.000285741,0.977217,0.000689314,0.000329201,0.000605624,0.544718,0.000775865,0.000244325,0.000736391,0.000269492,0.000180544,4.28923e-06,0.000180493
7.50449,0.000397803,0.000286291,5.8186e-06,0.000286231,0.977222,0.000689488,0.000330132,0.000605315,0.544435,0.000786891,0.000245001,0.000747777,0.000272255,0.000180371,4.31634e-06,0.000180319
7.51048,0.000393529,0.000286738,5.8329e-06,0.000286678,0.977228,0.0006896,0.000330791,0.000605083,0.54416,0.000798456,0.000245487,0.000759781,0.000275027,0.000180178,4.34401e-06,0.000180126
7.51647,0.000389263,0.000287185,5.84714e-06,0.000287126,0.977235,0.000689585,0.000331185,0.00060485,0.543893,0.000809987,0.000245788,0.000771794,0.000277803,0.000179985,4.37219e-06,0.000179932
7.52247,0.000385004,0.000287633,5.86131e-06,0.000287573,0.977243,0.000689445,0.000331321,0.000604617,0.543633,0.000821487,0.00024591,0.000783817,0.000280579,0.000179792,4.40079e-06,0.000179738
7.52847,0.000380754,0.000288081,5.8754e-06,0.000288021,0.977252,0.000689185,0.000331205,0.000604383,0.543382,0.000832961,0.000245859,0.00079585,0.00028335,0.000179598,4.42973e-06,0.000179544
7.53447,0.000376513,0.000288529,5.88941e-06,0.000288469,0.977263,0.000688808,0.000330847,0.00060415,0.543139,0.000844411,0.000245642,0.000807892,0.000286113,0.000179405,4.45894e-06,0.000179349
7.54048,0.00037228,0.000288978,5.90333e-06,0.000288918,0.977274,0.000688319,0.000330255,0.000603916,0.542904,0.000855841,0.000245267,0.000819943,0.000288864,0.000179211,4.48835e-06,0.000179155
7.5465,0.000368057,0.000289427,5.91714e-06,0.000289367,0.977287,0.000687723,0.00032944,0.000603683,0.542676,0.000867255,0.000244742,0.000832005,0.000291597,0.000179017,4.51786e-06,0.00017896
7.55252,0.000363844,0.000289877,5.93086e-06,0.000289816,0.9773,0.000687025,0.000328411,0.000603449,0.542457,0.000878656,0.000244075,0.000844076,0.00029431,0.000178823,4.54742e-06,0.000178766
7.55854,0.000359641,0.000290327,5.94446e-06,0.000290266,0.977315,0.000686232,0.000327179,0.000603214,0.542245,0.000890048,0.000243275,0.000856156,0.000296997,0.000178629,4.57694e-06,0.000178571
7.56457,0.000355448,0.000290777,5.95794e-06,0.000290716,0.97733,0.000685348,0.000325756,0.00060298,0.542041,0.000901435,0.000242351,0.000868246,0.000299654,0.000178435,4.60634e-06,0.000178376
7.5706,0.000351266,0.000291228,5.9713e-06,0.000291166,0.977347,0.000684381,0.000324153,0.000602746,0.541845,0.00091282,0.000241312,0.000880346,0.000302278,0.000178241,4.63555e-06,0.00017818
7.57664,0.000347096,0.000291679,5.98453e-06,0.000291617,0.977364,0.000683337,0.000322383,0.000602511,0.541657,0.000924206,0.000240168,0.000892455,0.000304864,0.000178046,4.6645e-06,0.000177985
7.58269,0.000342937,0.00029213,5.99762e-06,0.000292068,0.977383,0.000682224,0.000320458,0.000602276,0.541476,0.000935597,0.000238929,0.000904575,0.000307407,0.000177851,4.69311e-06,0.000177789
7.58874,0.00033879,0.000292582,6.01057e-06,0.00029252,0.977402,0.000681048,0.000318392,0.000602041,0.541303,0.000946996,0.000237606,0.000916703,0.000309903,0.000177656,4.72131e-06,0.000177594
7.59479,0.000334655,0.000293034,6.02337e-06,0.000292972,0.977422,0.000679817,0.000316198,0.000601806,0.541138,0.000958406,0.000236209,0.000928842,0.000312349,0.000177461,4.74903e-06,0.000177398
7.60085,0.000330532,0.000293486,6.03602e-06,0.000293424,0.977442,0.000678538,0.00031389,0.00060157,0.54098,0.00096983,0.000234749,0.00094099,0.00031474,0.000177266,4.77619e-06,0.000177202
7.60691,0.000326423,0.000293939,6.0485e-06,0.000293876,0.977464,0.000677218,0.000311482,0.000601334,0.54083,0.00098127,0.000233239,0.000953148,0.000317072,0.000177071,4.80273e-06,0.000177006
7.61298,0.000322327,0.000294392,6.06082e-06,0.000294329,0.977486,0.000675866,0.00030899,0.000601099,0.540688,0.00099273,0.000231687,0.000965315,0.00031934,0.000176875,4.82859e-06,0.000176809
7.61905,0.000318245,0.000294845,6.07297e-06,0.000294783,0.977509,0.000674488,0.000306429,0.000600863,0.540554,0.00100421,0.000230108,0.000977493,0.000321541,0.000176679,4.85369e-06,0.000176613
7.62513,0.000314177,0.000292469,6.08493e-06,0.000292406,0.977533,0.000671027,0.000303813,0.000598311,0.540427,0.000989458,0.000228511,0.000962709,0.000323669,0.000176406,4.87797e-06,0.000176339
7.63121,0.000310123,0.000289775,6.09671e-06,0.000289711,0.977558,0.000667319,0.000301158,0.000595498,0.540307,0.000971767,0.00022691,0.000944903,0.000325722,0.000176124,4.90136e-06,0.000176056
7.6373,0.000306084,0.000287079,6.10831e-06,0.000287014,0.977583,0.0006636,0.000298482,0.000592683,0.540195,0.00095407,0.000225315,0.000927083,0.000327694,0.000175842,4.92381e-06,0.000175773
7.64339,0.00030206,0.00028438,6.1197e-06,0.000284315,0.977608,0.000659878,0.000295798,0.000589866,0.540091,0.000936372,0.00022374,0.000909249,0.000329581,0.000175559,4.94525e-06,0.00017549
7.64949,0.000298052,0.00028168,6.1309e-06,0.000281613,0.977635,0.00065616,0.000293125,0.000587047,0.539994,0.000918675,0.000222195,0.0008914,0.000331379,0.000175277,4.96563e-06,0.000175206
7.65559,0.000294059,0.000278977,6.14189e-06,0.00027891,0.977662,0.000652454,0.000290478,0.000584225,0.539905,0.000900984,0.000220692,0.000873537,0.000333085,0.000174993,4.98488e-06,0.000174922
7.6617,0.000290083,0.000276272,6.15267e-06,0.000276204,0.977689,0.000648767,0.000287873,0.000581401,0.539823,0.000883301,0.000219244,0.00085566,0.000334693,0.00017471,5.00297e-06,0.000174638
7.66781,0.000286123,0.000273566,6.16323e-06,0.000273496,0.977718,0.000645105,0.000285328,0.000578575,0.539748,0.000865632,0.000217861,0.000837768,0.0003362,0.000174427,5.01982e-06,0.000174354
7.67393,0.000282181,0.000270856,6.17357e-06,0.000270786,0.977746,0.000641477,0.000282857,0.000575747,0.539681,0.00084798,0.000216555,0.000819862,0.0003376,0.000174143,5.03539e-06,0.00017407
7.68005,0.000278255,0.000268145,6.18368e-06,0.000268074,0.977775,0.000637888,0.000280479,0.000572916,0.539622,0.00083035,0.000215336,0.000801942,0.000338891,0.000173859,5.04963e-06,0.000173785
7.68618,0.000274348,0.000265432,6.19356e-06,0.00026536,0.977805,0.000634345,0.000278207,0.000570083,0.539569,0.000812746,0.000214214,0.000784008,0.000340068,0.000173574,5.0625e-06,0.0001735
7.69231,0.000270458,0.000262716,6.20321e-06,0.000262643,0.977835,0.000630855,0.000276057,0.000567248,0.539525,0.000795173,0.0002132,0.000766059,0.000341126,0.00017329,5.07395e-06,0.000173215
7.69844,0.000266587,0.000259999,6.21261e-06,0.000259924,0.977866,0.000627423,0.000274044,0.000564411,0.539487,0.000777637,0.000212302,0.000748096,0.000342061,0.000173005,5.08394e-06,0.00017293
7.70458,0.000262734,0.000257279,6.22177e-06,0.000257204,0.977896,0.000624055,0.000272182,0.000561571,0.539457,0.000760143,0.000211528,0.000730119,0.00034287,0.00017272,5.09243e-06,0.000172644
7.71073,0.000258901,0.000254557,6.23067e-06,0.000254481,0.977928,0.000620757,0.000270483,0.000558729,0.539434,0.000742697,0.000210886,0.000712127,0.000343547,0.000172434,5.09938e-06,0.000172359
7.71688,0.000255087,0.000251833,6.23933e-06,0.000251755,0.977959,0.000617534,0.000268961,0.000555885,0.539418,0.000725304,0.000210383,0.000694121,0.000344089,0.000172148,5.10476e-06,0.000172073
7.72304,0.000251293,0.000249106,6.24772e-06,0.000249028,0.977991,0.00061439,0.000267625,0.000553038,0.53941,0.00070797,0.000210024,0.000676101,0.000344491,0.000171862,5.10854e-06,0.000171786
7.7292,0.000247519,0.000246378,6.25585e-06,0.000246299,0.978023,0.000611329,0.000266486,0.00055019,0.539408,0.000690704,0.000209812,0.000658066,0.00034475,0.000171576,5.11068e-06,0.0001715
7.73536,0.000243765,0.000243647,6.26371e-06,0.000243567,0.978056,0.000608356,0.000265551,0.000547339,0.539414,0.000673512,0.000209753,0.000640017,0.00034486,0.00017129,5.11117e-06,0.000171213
7.74153,0.000240033,0.000240915,6.2713e-06,0.000240833,0.978089,0.000605474,0.000264828,0.000544485,0.539428,0.000656401,0.000209848,0.000621953,0.000344818,0.000171003,5.10999e-06,0.000170926
7.74771,0.000236321,0.0002398,6.27862e-06,0.000239718,0.978122,0.000607258,0.000264322,0.000546714,0.539448,0.0006663,0.000210098,0.000632309,0.000344619,0.000170996,5.10712e-06,0.000170919
7.75389,0.000232632,0.000239033,6.28566e-06,0.00023895,0.978155,0.000610126,0.000264036,0.000550035,0.539475,0.000682073,0.000210503,0.000648777,0.000344263,0.000171049,5.10257e-06,0.000170973
7.76007,0.000228964,0.000238265,6.29241e-06,0.000238181,0.978188,0.000613097,0.000263973,0.000553359,0.53951,0.000697938,0.000211062,0.000665259,0.000343752,0.000171102,5.09641e-06,0.000171026
7.76626,0.000225319,0.000237496,6.29888e-06,0.000237412,0.978222,0.00061617,0.000264133,0.000556686,0.539552,0.000713888,0.000211772,0.000681754,0.000343087,0.000171155,5.08871e-06,0.000171079
7.77246,0.000221696,0.000236727,6.30506e-06,0.000236643,0.978255,0.000619342,0.000264513,0.000560016,0.5396,0.000729919,0.000212631,0.000698263,0.000342273,0.000171208,5.07954e-06,0.000171132
7.77866,0.000218097,0.000235957,6.31094e-06,0.000235872,0.978289,0.000622611,0.000265111,0.000563348,0.539656,0.000746026,0.000213633,0.000714784,0.000341311,0.000171261,5.06898e-06,0.000171186
7.78487,0.00021452,0.000235186,6.31653e-06,0.000235101,0.978323,0.000625974,0.000265922,0.000566682,0.539719,0.000762204,0.000214773,0.000731319,0.000340205,0.000171314,5.05709e-06,0.000171239
7.79108,0.000210968,0.000234415,6.32182e-06,0.00023433,0.978357,0.000629428,0.00026694,0.00057002,0.539789,0.000778447,0.000216045,0.000747866,0.000338956,0.000171367,5.04396e-06,0.000171292
7.79729,0.00020744,0.000233643,6.32681e-06,0.000233557,0.978391,0.000632968,0.000268155,0.00057336,0.539866,0.000794751,0.000217441,0.000764427,0.000337568,0.00017142,5.02967e-06,0.000171346
7.80351,0.000203936,0.000232871,6.33149e-06,0.000232785,0.978425,0.000636592,0.00026956,0.000576703,0.53995,0.000811113,0.000218954,0.000781001,0.000336043,0.000171473,5.0143e-06,0.000171399
7.80973,0.000200457,0.000232098,6.33586e-06,0.000232011,0.978459,0.000640293,0.000271143,0.000580048,0.54004,0.000827527,0.000220575,0.000797589,0.000334384,0.000171526,4.99794e-06,0.000171453
7.81596,0.000197004,0.000231324,6.33993e-06,0.000231237,0.978493,0.000644067,0.000272893,0.000583396,0.540138,0.00084399,0.000222294,0.000814189,0.000332593,0.000171579,4.98067e-06,0.000171507
7.8222,0.000193575,0.00023055,6.34368e-06,0.000230462,0.978526,0.000647909,0.000274797,0.000586747,0.540243,0.000860497,0.000224102,0.000830803,0.000330673,0.000171632,4.96258e-06,0.00017156
7.82844,0.000190173,0.000229775,6.34712e-06,0.000229687,0.97856,0.000651813,0.000276841,0.000590101,0.540354,0.000877046,0.000225989,0.00084743,0.000328626,0.000171685,4.94377e-06,0.000171614
7.83468,0.000186798,0.000228999,6.35024e-06,0.000228911,0.978594,0.000655773,0.000279011,0.000593457,0.540472,0.000893631,0.000227944,0.000864071,0.000326456,0.000171738,4.92432e-06,0.000171668
7.84093,0.000183448,0.000228223,6.35304e-06,0.000228135,0.978627,0.000659783,0.000281292,0.000596816,0.540597,0.00091025,0.000229957,0.000880724,0.000324165,0.000171791,4.90434e-06,0.000171721
7.84719,0.000180126,0.000227446,6.35552e-06,0.000227357,0.97866,0.000663838,0.000283669,0.000600177,0.540729,0.000926899,0.000232016,0.000897391,0.000321755,0.000171845,4.88391e-06,0.000171775
7.85345,0.000176831,0.000226669,6.35768e-06,0.00022658,0.978693,0.00066793,0.000286127,0.000603541,0.540868,0.000943576,0.000234112,0.000914071,0.000319229,0.000171898,4.86314e-06,0.000171829
7.85971,0.000173564,0.000225891,6.35951e-06,0.000225801,0.978726,0.000672053,0.000288648,0.000606908,0.541014,0.000960275,0.000236232,0.000930765,0.00031659,0.000171951,4.84212e-06,0.000171883
7.86598,0.000170325,0.000225112,6.36102e-06,0.000225022,0.978759,0.0006762,0.000291219,0.000610278,0.541166,0.000976996,0.000238367,0.000947472,0.00031384,0.000172004,4.82095e-06,0.000171937
7.87226,0.000167115,0.000227252,6.36221e-06,0.000227163,0.978791,0.000672651,0.000293821,0.000605085,0.541325,0.000979671,0.000240504,0.000949691,0.000310983,0.000172956,4.79974e-06,0.000172889
7.87854,0.000163933,0.000230384,6.36306e-06,0.000230296,0.978823,0.000666536,0.000296441,0.000596987,0.541491,0.000977587,0.000242634,0.000946998,0.00030802,0.000174213,4.77857e-06,0.000174147
7.88482,0.000160781,0.000233518,6.36359e-06,0.000233431,0.978855,0.000660469,0.000299061,0.000588882,0.541663,0.000975505,0.000244746,0.000944303,0.000304954,0.000175471,4.75757e-06,0.000175406
7.89111,0.000157658,0.000236654,6.3638e-06,0.000236569,0.978887,0.000654444,0.000301667,0.00058077,0.541842,0.000973421,0.00024683,0.000941607,0.000301788,0.00017673,4.73682e-06,0.000176666
7.89741,0.000154563,0.000239793,6.36368e-06,0.000239709,0.978918,0.000648455,0.000304243,0.000572653,0.542028,0.000971332,0.000248875,0.000938907,0.000298525,0.00017799,4.71643e-06,0.000177927
7.90371,0.000151499,0.000242935,6.36325e-06,0.000242851,0.978948,0.000642497,0.000306774,0.000564528,0.54222,0.000969236,0.000250871,0.000936206,0.000295167,0.000179251,4.6965e-06,0.000179189
7.91001,0.000148463,0.000246079,6.36252e-06,0.000245996,0.978979,0.000636562,0.000309245,0.000556397,0.542419,0.00096713,0.000252809,0.000933503,0.000291716,0.000180513,4.67713e-06,0.000180452
7.91632,0.000145455,0.000249225,6.36149e-06,0.000249144,0.979008,0.000630643,0.000311644,0.00054826,0.542625,0.000965011,0.00025468,0.000930797,0.000288177,0.000181776,4.65842e-06,0.000181716
7.92264,0.000142477,0.000252374,6.36016e-06,0.000252294,0.979038,0.000624734,0.000313955,0.000540116,0.542837,0.000962876,0.000256475,0.00092809,0.00028455,0.00018304,4.64047e-06,0.000182981
7.92896,0.000139527,0.000255526,6.35855e-06,0.000255447,0.979067,0.000618828,0.000316165,0.000531966,0.543055,0.000960722,0.000258185,0.00092538,0.000280838,0.000184305,4.62338e-06,0.000184247
7.93528,0.000136605,0.00025868,6.35665e-06,0.000258602,0.979095,0.000612917,0.000318262,0.000523809,0.54328,0.000958547,0.000259802,0.000922668,0.000277045,0.000185571,4.60724e-06,0.000185514
7.94161,0.000133712,0.000261837,6.35449e-06,0.000261759,0.979123,0.000606993,0.000320234,0.000515646,0.543512,0.000956348,0.000261318,0.000919953,0.000273173,0.000186838,4.59215e-06,0.000186782
7.94795,0.000130847,0.000264996,6.35206e-06,0.00026492,0.97915,0.000601049,0.000322069,0.000507476,0.54375,0.000954122,0.000262726,0.000917237,0.000269225,0.000188107,4.57819e-06,0.000188051
7.95429,0.00012801,0.000268158,6.34937e-06,0.000268082,0.979177,0.000595077,0.000323755,0.0004993,0.543994,0.000951867,0.000264019,0.000914519,0.000265202,0.000189376,4.56545e-06,0.000189321
7.96063,0.000125201,0.000271322,6.34644e-06,0.000271248,0.979203,0.000589071,0.000325282,0.000491117,0.544245,0.00094958,0.000265191,0.000911798,0.000261109,0.000190647,4.55401e-06,0.000190592
7.96698,0.00012242,0.000274489,6.34326e-06,0.000274415,0.979228,0.000583021,0.000326641,0.000482927,0.544503,0.000947259,0.000266236,0.000909075,0.000256947,0.000191918,4.54396e-06,0.000191864
7.97334,0.000119667,0.000277658,6.33984e-06,0.000277586,0.979253,0.000576921,0.000327822,0.000474731,0.544766,0.000944901,0.000267149,0.00090635,0.000252719,0.00019319,4.53537e-06,0.000193137
7.9797,0.000116941,0.00028083,6.3362e-06,0.000280758,0.979277,0.000570763,0.000328817,0.000466529,0.545036,0.000942506,0.000267924,0.000903623,0.000248427,0.000194464,4.5283e-06,0.000194411
7.98606,0.000114242,0.000284004,6.33233e-06,0.000283934,0.979301,0.00056454,0.000329619,0.00045832,0.545313,0.000940071,0.000268559,0.000900893,0.000244075,0.000195739,4.52282e-06,0.000195686
7.99243,0.000111571,0.000287181,6.32826e-06,0.000287112,0.979323,0.000558246,0.00033022,0.000450104,0.545595,0.000937594,0.000269049,0.000898162,0.000239665,0.000197014,4.519e-06,0.000196963
7.99881,0.000108927,0.000285858,6.32397e-06,0.000285788,0.979345,0.000555493,0.000330614,0.000446393,0.545884,0.000935384,0.000269392,0.000895752,0.0002352,0.000196045,4.51687e-06,0.000195993
8.00519,0.00010631,0.000282322,6.3195e-06,0.000282251,0.979366,0.000554399,0.000330798,0.000444894,0.54618,0.000933284,0.000269587,0.0008935,0.000230681,0.000193973,4.5165e-06,0.00019392
8.01157,0.000103721,0.000278783,6.31483e-06,0.000278712,0.979387,0.000553184,0.000330779,0.000443394,0.546481,0.000931142,0.000269641,0.000891246,0.000226113,0.000191898,4.51792e-06,0.000191845
8.01797,0.000101158,0.000275241,6.30998e-06,0.000275169,0.979406,0.000551854,0.000330565,0.000441893,0.546788,0.000928961,0.000269563,0.00088899,0.000221497,0.000189822,4.52115e-06,0.000189768
8.02436,9.86212e-05,0.000271697,6.30497e-06,0.000271624,0.979425,0.000550415,0.00033017,0.000440391,0.547101,0.000926742,0.000269364,0.000886733,0.000216836,0.000187745,4.52624e-06,0.00018769
8.03076,9.61114e-05,0.000268149,6.29978e-06,0.000268075,0.979444,0.000548873,0.000329605,0.000438887,0.547419,0.000924491,0.000269053,0.000884473,0.000212133,0.000185665,4.53319e-06,0.00018561
8.03717,9.36281e-05,0.000264599,6.29445e-06,0.000264524,0.979461,0.000547236,0.000328883,0.000437382,0.547742,0.000922208,0.000268644,0.000882212,0.00020739,0.000183585,4.54203e-06,0.000183528
8.04358,9.11711e-05,0.000261046,6.28896e-06,0.00026097,0.979478,0.000545512,0.000328017,0.000435876,0.54807,0.000919898,0.000268146,0.000879949,0.00020261,0.000181502,4.55274e-06,0.000181445
8.05,8.87404e-05,0.00025749,6.28334e-06,0.000257414,0.979495,0.000543708,0.00032702,0.000434369,0.548403,0.000917564,0.000267571,0.000877684,0.000197796,0.000179418,4.56534e-06,0.00017936
8.05642,8.63357e-05,0.000253932,6.27758e-06,0.000253854,0.979511,0.000541834,0.000325907,0.000432861,0.54874,0.00091521,0.000266932,0.000875418,0.00019295,0.000177333,4.57981e-06,0.000177274
8.06284,8.3957e-05,0.00025037,6.27171e-06,0.000250292,0.979526,0.000539898,0.000324693,0.000431351,0.549082,0.000912838,0.000266241,0.000873149,0.000188075,0.000175246,4.59613e-06,0.000175185
8.06928,8.16041e-05,0.000246806,6.26572e-06,0.000246727,0.979541,0.000537909,0.000323393,0.000429841,0.549427,0.000910454,0.00026551,0.000870879,0.000183173,0.000173157,4.61428e-06,0.000173095
8.07571,7.92769e-05,0.000243239,6.25963e-06,0.000243159,0.979556,0.000535876,0.000322022,0.000428329,0.549776,0.000908059,0.000264752,0.000868607,0.000178247,0.000171067,4.63424e-06,0.000171004
8.08216,7.69753e-05,0.000239669,6.25344e-06,0.000239588,0.97957,0.00053381,0.000320595,0.000426815,0.550129,0.000905659,0.00026398,0.000866333,0.000173301,0.000168975,4.65595e-06,0.00016891
8.0886,7.46992e-05,0.000236097,6.24716e-06,0.000236014,0.979584,0.000531718,0.000319129,0.000425301,0.550484,0.000903257,0.000263205,0.000864058,0.000168335,0.000166881,4.67939e-06,0.000166815
8.09505,7.24484e-05,0.000232521,6.24081e-06,0.000232437,0.979597,0.000529612,0.00031764,0.000423786,0.550843,0.000900855,0.000262441,0.00086178,0.000163354,0.000164786,4.70449e-06,0.000164719
8.10151,7.02228e-05,0.000228943,6.23439e-06,0.000228858,0.97961,0.000527501,0.000316143,0.000422269,0.551205,0.000898459,0.0002617,0.000859501,0.000158359,0.000162689,4.73122e-06,0.000162621
8.10797,6.80223e-05,0.000225362,6.22791e-06,0.000225276,0.979623,0.000525394,0.000314655,0.000420751,0.551569,0.000896071,0.000260995,0.00085722,0.000153353,0.000160591,4.7595e-06,0.000160521
8.11444,6.58468e-05,0.000221778,6.22138e-06,0.00022169,0.979636,0.000523302,0.000313192,0.000419232,0.551935,0.000893696,0.000260337,0.000854937,0.00014834,0.000158491,4.78927e-06,0.000158419
8.12092,6.36961e-05,0.000218191,6.21481e-06,0.000218102,0.979648,0.000521233,0.000311771,0.000417711,0.552303,0.000891335,0.000259737,0.000852652,0.000143321,0.00015639,4.82047e-06,0.000156316
8.12739,6.15702e-05,0.000215263,6.2082e-06,0.000215174,0.97966,0.000520204,0.000310405,0.000417445,0.552674,0.000889871,0.000259208,0.000851283,0.000138299,0.000154895,4.85302e-06,0.000154819
8.13388,5.94688e-05,0.000212785,6.20157e-06,0.000212695,0.979672,0.000519909,0.000309112,0.000418037,0.553045,0.000889029,0.00025876,0.000850538,0.000133277,0.000153815,4.88685e-06,0.000153737
8.14037,5.73919e-05,0.000210305,6.19492e-06,0.000210214,0.979684,0.000519669,0.000307905,0.000418629,0.553419,0.000888212,0.000258403,0.000849793,0.000128257,0.000152734,4.92188e-06,0.000152655
8.14686,5.53394e-05,0.000207823,6.18827e-06,0.000207731,0.979696,0.000519493,0.0003068,0.000419222,0.553793,0.000887424,0.000258146,0.000849048,0.000123242,0.000151652,4.95802e-06,0.000151571
8.15336,5.3311e-05,0.000205339,6.18163e-06,0.000205246,0.979708,0.000519388,0.00030581,0.000419815,0.554168,0.000886667,0.000257998,0.000848301,0.000118235,0.000150569,4.9952e-06,0.000150486
8.15986,5.13068e-05,0.000202853,6.17499e-06,0.000202759,0.97972,0.000519361,0.000304947,0.000420409,0.554544,0.000885944,0.000257967,0.000847555,0.000113238,0.000149486,5.03332e-06,0.000149401
8.16637,4.93266e-05,0.000200365,6.16838e-06,0.000200271,0.979732,0.000519419,0.000304225,0.000421003,0.55492,0.000885256,0.000258061,0.000846807,0.000108254,0.000148401,5.0723e-06,0.000148315
8.17289,4.73702e-05,0.000197876,6.1618e-06,0.00019778,0.979743,0.000519566,0.000303653,0.000421597,0.555296,0.000884605,0.000258284,0.000846059,0.000103286,0.000147316,5.11205e-06,0.000147228
8.1794,4.54375e-05,0.000195384,6.15526e-06,0.000195287,0.979755,0.00051981,0.000303242,0.000422192,0.555672,0.000883994,0.000258642,0.000845311,9.83356e-05,0.00014623,5.15248e-06,0.000146139
8.18593,4.35284e-05,0.00019289,6.14877e-06,0.000192792,0.979767,0.000520153,0.000303001,0.000422788,0.556048,0.000883424,0.000259139,0.000844562,9.34063e-05,0.000145144,5.1935e-06,0.000145051
8.19246,4.16428e-05,0.000190395,6.14233e-06,0.000190295,0.979779,0.0005206,0.000302936,0.000423384,0.556424,0.000882895,0.000259778,0.000843812,8.85004e-05,0.000144056,5.23501e-06,0.000143961
8.19899,3.97805e-05,0.000187897,6.13596e-06,0.000187797,0.979792,0.000521154,0.000303055,0.00042398,0.556798,0.000882408,0.00026056,0.000843061,8.36205e-05,0.000142968,5.27693e-06,0.00014287
8.20554,3.79415e-05,0.000185397,6.12967e-06,0.000185296,0.979804,0.000521818,0.000303361,0.000424577,0.557172,0.000881965,0.000261487,0.000842311,7.87693e-05,0.000141879,5.31916e-06,0.000141779
8.21208,3.61256e-05,0.000182896,6.12347e-06,0.000182793,0.979817,0.000522593,0.000303858,0.000425174,0.557544,0.000881565,0.000262557,0.000841559,7.39495e-05,0.000140789,5.36161e-06,0.000140686
8.21863,3.43327e-05,0.000180392,6.11736e-06,0.000180288,0.97983,0.00052348,0.000304548,0.000425772,0.557915,0.00088121,0.000263769,0.000840807,6.91636e-05,0.000139698,5.40419e-06,0.000139593
8.22519,3.25626e-05,0.000177887,6.11135e-06,0.000177782,0.979843,0.00052448,0.00030543,0.00042637,0.558284,0.000880897,0.000265121,0.000840054,6.44142e-05,0.000138606,5.44681e-06,0.000138499
8.23175,3.08152e-05,0.000175379,6.10546e-06,0.000175273,0.979857,0.000525592,0.000306503,0.000426969,0.558651,0.000880628,0.000266608,0.000839301,5.97041e-05,0.000137514,5.48937e-06,0.000137404
8.23832,2.90905e-05,0.00017287,6.09968e-06,0.000172762,0.979871,0.000526815,0.000307764,0.000427568,0.559016,0.000880401,0.000268226,0.000838547,5.50358e-05,0.00013642,5.5318e-06,0.000136308
8.24489,2.73882e-05,0.000170359,6.09404e-06,0.00017025,0.979885,0.000528146,0.000309209,0.000428168,0.559378,0.000880216,0.000269969,0.000837792,5.0412e-05,0.000135326,5.574e-06,0.000135212
8.25146,2.57083e-05,0.000167845,6.08854e-06,0.000167735,0.9799,0.000529584,0.000310833,0.000428768,0.559738,0.00088007,0.000271832,0.000837037,4.58352e-05,0.000134232,5.61588e-06,0.000134114
8.25805,2.40507e-05,0.000167612,6.08318e-06,0.000167502,0.979915,0.000531034,0.000312627,0.000429257,0.560095,0.000875611,0.000273805,0.000831701,4.13082e-05,0.000134217,5.65735e-06,0.000134098
8.26463,2.24151e-05,0.000169503,6.07798e-06,0.000169394,0.979931,0.000532499,0.000314585,0.000429642,0.560448,0.000867153,0.000275882,0.000822097,3.68335e-05,0.00013521,5.69834e-06,0.00013509
8.27123,2.08016e-05,0.000171396,6.07294e-06,0.000171288,0.979947,0.000534059,0.000316696,0.000430027,0.560799,0.000858748,0.000278053,0.000812486,3.24138e-05,0.000136203,5.73875e-06,0.000136082
8.27782,1.92099e-05,0.00017329,6.06808e-06,0.000173184,0.979964,0.000535708,0.00031895,0.000430412,0.561145,0.000850394,0.000280309,0.000802868,2.80518e-05,0.000137197,5.77851e-06,0.000137075
8.28443,1.76399e-05,0.000175186,6.0634e-06,0.000175081,0.979981,0.000537441,0.000321336,0.000430797,0.561488,0.000842091,0.000282641,0.000793241,2.37499e-05,0.000138191,5.81753e-06,0.000138069
8.29104,1.60915e-05,0.000177083,6.05891e-06,0.00017698,0.979999,0.000539251,0.000323841,0.000431183,0.561827,0.000833838,0.000285037,0.000783607,1.95109e-05,0.000139187,5.85573e-06,0.000139063
8.29765,1.45647e-05,0.000178982,6.05462e-06,0.00017888,0.980018,0.000541132,0.000326453,0.000431569,0.562161,0.000825634,0.000287488,0.000773966,1.53374e-05,0.000140183,5.89304e-06,0.000140059
8.30427,1.30592e-05,0.000180882,6.05053e-06,0.000180781,0.980037,0.000543076,0.000329159,0.000431956,0.562491,0.000817477,0.000289982,0.000764316,1.1232e-05,0.000141179,5.92938e-06,0.000141055
8.31089,1.15749e-05,0.000182784,6.04666e-06,0.000182684,0.980057,0.000545075,0.000331943,0.000432342,0.562816,0.000809365,0.000292508,0.000754659,7.19737e-06,0.000142177,5.96467e-06,0.000142052
8.31752,1.01118e-05,0.000184688,6.04301e-06,0.000184589,0.980078,0.000547121,0.000334793,0.00043273,0.563136,0.000801295,0.000295055,0.000744994,3.23611e-06,0.000143175,5.99884e-06,0.00014305
8.32416,8.66968e-06,0.000186593,6.03959e-06,0.000186495,0.980099,0.000549205,0.000337693,0.000433117,0.563451,0.000793265,0.00029761,0.000735322,-6.49151e-07,0.000144175,6.03182e-06,0.000144048
8.3308,7.24841e-06,0.000188499,6.03641e-06,0.000188403,0.980122,0.00055132,0.000340627,0.000433505,0.56376,0.000785273,0.000300163,0.000725642,-4.45577e-06,0.000145174,6.06353e-06,0.000145048
8.33744,5.84789e-06,0.000190407,6.03347e-06,0.000190312,0.980145,0.000553454,0.000343582,0.000433893,0.564063,0.000777315,0.000302702,0.000715954,-8.18114e-06,0.000146175,6.09392e-06,0.000146048
8.34409,4.46799e-06,0.000192317,6.03079e-06,0.000192222,0.980169,0.0005556,0.000346542,0.000434281,0.564361,0.000769387,0.000305215,0.000706258,-1.18226e-05,0.000147176,6.12291e-06,0.000147049
8.35075,3.10859e-06,0.000194228,6.02836e-06,0.000194135,0.980194,0.000557747,0.000349491,0.00043467,0.564652,0.000761486,0.00030769,0.000696555,-1.53776e-05,0.000148178,6.15044e-06,0.000148051
8.35741,1.76956e-06,0.000196141,6.02621e-06,0.000196048,0.98022,0.000559885,0.000352414,0.000435058,0.564937,0.000753609,0.000310116,0.000686843,-1.88434e-05,0.000149181,6.17644e-06,0.000149053
8.36408,4.50775e-07,0.000198055,6.02432e-06,0.000197964,0.980247,0.000562006,0.000355297,0.000435448,0.565215,0.00074575,0.000312482,0.000677124,-2.22174e-05,0.000150185,6.20087e-06,0.000150057
8.37075,-8.47881e-07,0.000199971,6.02272e-06,0.00019988,0.980274,0.000564099,0.000358125,0.000435837,0.565486,0.000737905,0.000314776,0.000667398,-2.5497e-05,0.000151189,6.22365e-06,0.000151061
8.37743,-2.12654e-06,0.000201888,6.0214e-06,0.000201799,0.980303,0.000566153,0.000360881,0.000436227,0.565749,0.00073007,0.000316987,0.000657663,-2.86796e-05,0.000152194,6.24473e-06,0.000152066
8.38411,-3.38531e-06,0.000203807,6.02038e-06,0.000203718,0.980333,0.00056816,0.000363553,0.000436617,0.566006,0.000722239,0.000319104,0.000647921,-3.17625e-05,0.0001532,6.26406e-06,0.000153072
8.3908,-4.62434e-06,0.00020545,6.01966e-06,0.000205362,0.980364,0.00056914,0.000366126,0.000435744,0.566255,0.000717029,0.000321116,0.000641105,-3.47432e-05,0.000154678,6.28159e-06,0.000154551
8.39749,-5.84374e-06,0.000206744,6.01924e-06,0.000206656,0.980397,0.000568841,0.000368585,0.000433272,0.566496,0.000715102,0.000323013,0.000637991,-3.76189e-05,0.000156755,6.29726e-06,0.000156628
8.40419,-7.04363e-06,0.000208038,6.01913e-06,0.000207951,0.98043,0.000568478,0.000370918,0.000430798,0.566729,0.000713129,0.000324786,0.000634876,-4.0387e-05,0.000158833,6.31103e-06,0.000158708
8.41089,-8.22414e-06,0.000209334,6.01935e-06,0.000209247,0.980464,0.000568041,0.00037311,0.000428322,0.566953,0.000711104,0.000326423,0.000631757,-4.3045e-05,0.000160913,6.32286e-06,0.000160789
8.4176,-9.3854e-06,0.00021063,6.01988e-06,0.000210544,0.9805,0.000567521,0.000375149,0.000425844,0.567169,0.000709022,0.000327915,0.000628636,-4.55902e-05,0.000162995,6.33271e-06,0.000162871
8.42432,-1.05275e-05,0.000211928,6.02074e-06,0.000211842,0.980537,0.000566907,0.000377022,0.000423364,0.567376,0.000706876,0.000329253,0.000625513,-4.802e-05,0.000165078,6.34053e-06,0.000164956
8.43104,-1.16506e-05,0.000213226,6.02194e-06,0.000213141,0.980575,0.000566188,0.000378718,0.000420882,0.567574,0.000704662,0.000330428,0.000622387,-5.03317e-05,0.000167162,6.34629e-06,0.000167042
8.43776,-1.27549e-05,0.000214526,6.02347e-06,0.000214441,0.980615,0.000565356,0.000380224,0.000418399,0.567763,0.000702374,0.000331432,0.000619259,-5.25227e-05,0.000169249,6.34996e-06,0.000169129
8.4445,-1.38404e-05,0.000215827,6.02534e-06,0.000215742,0.980656,0.0005644,0.000381529,0.000415913,0.567942,0.000700005,0.000332256,0.000616128,-5.45904e-05,0.000171336,6.35151e-06,0.000171219
8.45123,-1.49072e-05,0.000217128,6.02757e-06,0.000217045,0.980698,0.000563312,0.000382623,0.000413425,0.568111,0.000697553,0.000332892,0.000612995,-5.65321e-05,0.000173426,6.35092e-06,0.00017331
8.45797,-1.59555e-05,0.000218431,6.03014e-06,0.000218348,0.980742,0.000562082,0.000383495,0.000410935,0.56827,0.00069501,0.000333334,0.000609859,-5.83455e-05,0.000175517,6.34817e-06,0.000175402
8.46472,-1.69855e-05,0.000219735,6.03306e-06,0.000219652,0.980787,0.000560702,0.000384137,0.000408443,0.568419,0.000692374,0.000333573,0.000606721,-6.00306e-05,0.00017761,6.3433e-06,0.000177497
8.47147,-1.79971e-05,0.00022104,6.03635e-06,0.000220957,0.980834,0.000559165,0.000384539,0.00040595,0.568558,0.000689638,0.000333606,0.00060358,-6.15893e-05,0.000179704,6.33638e-06,0.000179593
8.47823,-1.89907e-05,0.000222346,6.04e-06,0.000222264,0.980882,0.000557462,0.000384692,0.000403454,0.568686,0.000686801,0.000333424,0.000600436,-6.30235e-05,0.0001818,6.32749e-06,0.00018169
8.48499,-1.99662e-05,0.000223653,6.04401e-06,0.000223571,0.980932,0.000555586,0.000384591,0.000400956,0.568803,0.000683858,0.000333025,0.000597291,-6.43352e-05,0.000183898,6.31671e-06,0.000183789
8.49176,-2.09238e-05,0.000224961,6.04839e-06,0.00022488,0.980983,0.000553533,0.000384228,0.000398457,0.568909,0.000680806,0.000332402,0.000594142,-6.5526e-05,0.000185997,6.30414e-06,0.00018589
8.49854,-2.18637e-05,0.00022627,6.05314e-06,0.000226189,0.981036,0.000551296,0.000383597,0.000395955,0.569003,0.000677642,0.000331554,0.000590991,-6.6598e-05,0.000188098,6.28985e-06,0.000187993
8.50532,-2.27859e-05,0.00022758,6.05827e-06,0.0002275,0.981091,0.000548872,0.000382696,0.000393451,0.569085,0.000674366,0.000330478,0.000587838,-6.75531e-05,0.000190201,6.27393e-06,0.000190097
8.5121,-2.36906e-05,0.000228892,6.06377e-06,0.000228811,0.981147,0.000546265,0.000381532,0.000390945,0.569157,0.00067098,0.000329182,0.000584682,-6.83931e-05,0.000192305,6.25647e-06,0.000192203
8.51889,-2.4578e-05,0.000230204,6.06964e-06,0.000230124,0.981205,0.000543485,0.000380121,0.000388438,0.569217,0.000667491,0.000327681,0.000581524,-6.91198e-05,0.000194411,6.23758e-06,0.000194311
8.52569,-2.5448e-05,0.000228031,6.0759e-06,0.000227951,0.981264,0.00054214,0.000378476,0.000388164,0.569266,0.00066585,0.000325987,0.000580593,-6.97353e-05,0.000193499,6.21734e-06,0.000193399
8.53249,-2.63009e-05,0.000219803,6.08254e-06,0.000219719,0.981324,0.000543439,0.000376614,0.000391776,0.569304,0.000667507,0.000324116,0.000583536,-7.02413e-05,0.000187339,6.19585e-06,0.000187237
8.53929,-2.71368e-05,0.000211568,6.08955e-06,0.00021148,0.981386,0.00054463,0.000374551,0.00039539,0.569332,0.000669101,0.000322081,0.000586481,-7.06398e-05,0.000181175,6.17322e-06,0.00018107
8.5461,-2.79558e-05,0.000203327,6.09696e-06,0.000203236,0.98145,0.000545726,0.000372304,0.000399006,0.569349,0.000670643,0.0003199,0.000589429,-7.09326e-05,0.000175006,6.14954e-06,0.000174898
8.55292,-2.8758e-05,0.00019508,6.10474e-06,0.000194984,0.981514,0.000546742,0.00036989,0.000402626,0.569357,0.000672141,0.000317587,0.000592379,-7.11216e-05,0.000168833,6.12492e-06,0.000168722
8.55974,-2.95435e-05,0.000186826,6.11291e-06,0.000186726,0.98158,0.000547693,0.000367328,0.000406249,0.569356,0.000673605,0.000315158,0.000595331,-7.12088e-05,0.000162655,6.09946e-06,0.00016254
8.56657,-3.03126e-05,0.000178566,6.12146e-06,0.000178461,0.981647,0.000548595,0.000364636,0.000409874,0.569345,0.000675044,0.000312632,0.000598285,-7.11959e-05,0.000156472,6.07327e-06,0.000156354
8.57341,-3.10652e-05,0.0001703,6.1304e-06,0.00017019,0.981715,0.000549461,0.000361833,0.000413503,0.569325,0.000676467,0.000310025,0.000601242,-7.10849e-05,0.000150284,6.04646e-06,0.000150162
8.58025,-3.18016e-05,0.000162029,6.13972e-06,0.000161912,0.981784,0.000550307,0.000358939,0.000417134,0.569296,0.000677884,0.000307355,0.000604202,-7.08777e-05,0.000144092,6.01915e-06,0.000143966
8.58709,-3.25218e-05,0.000153751,6.14942e-06,0.000153628,0.981854,0.000551147,0.000355973,0.000420768,0.569259,0.000679303,0.000304639,0.000607163,-7.05761e-05,0.000137895,5.99143e-06,0.000137765
8.59394,-3.32259e-05,0.000145467,6.15951e-06,0.000145337,0.981926,0.000551994,0.000352956,0.000424405,0.569214,0.000680732,0.000301896,0.000610127,-7.0182e-05,0.000131693,5.96343e-06,0.000131558
8.6008,-3.39142e-05,0.000137178,6.16997e-06,0.000137039,0.981997,0.000552864,0.000349909,0.000428045,0.569161,0.000682181,0.000299145,0.000613094,-6.96974e-05,0.000125488,5.93526e-06,0.000125347
8.60766,-3.45867e-05,0.000128883,6.18082e-06,0.000128735,0.98207,0.000553769,0.000346851,0.000431688,0.5691,0.000683658,0.000296403,0.000616062,-6.9124e-05,0.000119277,5.90704e-06,0.000119131
8.61452,-3.52436e-05,0.000120583,6.19205e-06,0.000120424,0.982144,0.000554723,0.000343805,0.000435334,0.569032,0.000685169,0.00029369,0.000619033,-6.84638e-05,0.000113063,5.87886e-06,0.00011291
8.62139,-3.58849e-05,0.000112278,6.20365e-06,0.000112106,0.982218,0.000555737,0.00034079,0.000438983,0.568957,0.000686723,0.000291025,0.000622007,-6.77187e-05,0.000106844,5.85087e-06,0.000106684
8.62827,-3.65108e-05,0.000103968,6.21562e-06,0.000103782,0.982293,0.000556823,0.000337827,0.000442634,0.568875,0.000688326,0.000288425,0.000624983,-6.68905e-05,0.000100621,5.82316e-06,0.000100453
8.63515,-3.71214e-05,9.56544e-05,6.22797e-06,9.54514e-05,0.982369,0.000557994,0.000334938,0.000446289,0.568786,0.000689985,0.00028591,0.000627961,-6.59812e-05,9.43948e-05,5.79586e-06,9.42167e-05
8.64204,-3.77168e-05,8.73372e-05,6.24069e-06,8.71139e-05,0.982445,0.000559259,0.000332143,0.000449946,0.568691,0.000691706,0.000283497,0.000630942,-6.49926e-05,8.81647e-05,5.76908e-06,8.79757e-05
8.64894,-3.82972e-05,7.90177e-05,6.25378e-06,7.87698e-05,0.982521,0.000560627,0.000329461,0.000453606,0.568591,0.000693495,0.000281203,0.000633925,-6.39266e-05,8.19313e-05,5.74293e-06,8.17298e-05
8.65584,-3.88628e-05,7.06974e-05,6.26723e-06,7.04191e-05,0.982598,0.000562109,0.000326911,0.00045727,0.568484,0.000695357,0.000279046,0.00063691,-6.2785e-05,7.5695e-05,5.71753e-06,7.54788e-05
8.66274,-3.94135e-05,6.46339e-05,6.28104e-06,6.4328e-05,0.982676,0.000562244,0.000324513,0.00045914,0.568372,0.000696782,0.000277041,0.000639338,-6.15699e-05,7.12297e-05,5.69299e-06,7.10019e-05
8.66965,-3.99495e-05,6.41157e-05,6.29521e-06,6.38059e-05,0.982754,0.000558879,0.000322283,0.000456595,0.568255,0.00069702,0.000275204,0.000640391,-6.0283e-05,7.11229e-05,5.66942e-06,7.08965e-05
8.67657,-4.04711e-05,6.35971e-05,6.30973e-06,6.32833e-05,0.982832,0.000555619,0.000320239,0.000454049,0.568134,0.000697338,0.000273548,0.000641445,-5.89262e-05,7.1016e-05,5.64693e-06,7.07911e-05
8.68349,-4.09782e-05,6.30782e-05,6.3246e-06,6.27603e-05,0.98291,0.000552474,0.000318395,0.0004515,0.568007,0.000697737,0.000272087,0.000642499,-5.75014e-05,7.09091e-05,5.62562e-06,7.06856e-05
8.69042,-4.1471e-05,6.25589e-05,6.33982e-06,6.22369e-05,0.982988,0.00054945,0.000316765,0.000448949,0.567877,0.000698221,0.000270831,0.000643555,-5.60106e-05,7.08023e-05,5.6056e-06,7.058e-05
8.69735,-4.19496e-05,6.20394e-05,6.35538e-06,6.1713e-05,0.983067,0.000546555,0.000315361,0.000446396,0.567742,0.000698792,0.000269789,0.000644611,-5.44555e-05,7.06954e-05,5.58696e-06,7.04743e-05
8.70429,-4.24142e-05,6.15196e-05,6.37128e-06,6.11888e-05,0.983145,0.000543795,0.000314194,0.000443841,0.567604,0.000699452,0.000268971,0.000645668,-5.28382e-05,7.05887e-05,5.5698e-06,7.03686e-05
8.71123,-4.28649e-05,6.09995e-05,6.38752e-06,6.06641e-05,0.983224,0.000541176,0.000313272,0.000441284,0.567462,0.000700203,0.000268382,0.000646726,-5.11603e-05,7.04819e-05,5.55421e-06,7.02627e-05
8.71818,-4.33018e-05,6.0479e-05,6.40408e-06,6.0139e-05,0.983303,0.000538701,0.000312601,0.000438725,0.567317,0.000701045,0.000268025,0.000647785,-4.9424e-05,7.03752e-05,5.54028e-06,7.01568e-05
8.72513,-4.37251e-05,5.99583e-05,6.42096e-06,5.96135e-05,0.983381,0.000536376,0.000312185,0.000436164,0.567169,0.000701978,0.000267904,0.000648845,-4.76309e-05,7.02686e-05,5.52809e-06,7.00508e-05
8.73209,-4.41347e-05,5.94373e-05,6.43817e-06,5.90876e-05,0.983459,0.000534201,0.000312027,0.000433601,0.567018,0.000703001,0.000268018,0.000649906,-4.57831e-05,7.0162e-05,5.51771e-06,6.99447e-05
8.73906,-4.4531e-05,5.8916e-05,6.45568e-06,5.85612e-05,0.983537,0.000532179,0.000312125,0.000431036,0.566865,0.000704115,0.000268365,0.000650967,-4.38824e-05,7.00555e-05,5.50921e-06,6.98385e-05
8.74603,-4.4914e-05,5.83944e-05,6.47351e-06,5.80345e-05,0.983615,0.00053031,0.000312479,0.000428469,0.56671,0.000705316,0.00026894,0.000652029,-4.19306e-05,6.9949e-05,5.50265e-06,6.97322e-05
8.75301,-4.52838e-05,5.78725e-05,6.49164e-06,5.75073e-05,0.983693,0.000528593,0.000313082,0.000425899,0.566553,0.000706604,0.000269739,0.000653092,-3.99297e-05,6.98426e-05,5.49809e-06,6.96259e-05
8.75999,-4.56405e-05,5.73504e-05,6.51006e-06,5.69797e-05,0.98377,0.000527027,0.000313928,0.000423328,0.566395,0.000707975,0.000270754,0.000654156,-3.78816e-05,6.97363e-05,5.49558e-06,6.95194e-05
8.76698,-4.59843e-05,5.68279e-05,6.52877e-06,5.64517e-05,0.983846,0.000525609,0.000315008,0.000420755,0.566235,0.000709425,0.000271974,0.000655221,-3.5788e-05,6.96301e-05,5.49516e-06,6.94129e-05
8.77397,-4.63153e-05,5.63052e-05,6.54777e-06,5.59232e-05,0.983922,0.000524335,0.000316311,0.000418179,0.566075,0.000710953,0.000273388,0.000656287,-3.3651e-05,6.9524e-05,5.49686e-06,6.93063e-05
8.78097,-4.66337e-05,5.57823e-05,6.56705e-06,5.53944e-05,0.983998,0.0005232,0.000317826,0.000415602,0.565913,0.000712552,0.000274985,0.000657353,-3.14724e-05,6.94179e-05,5.50072e-06,6.91996e-05
8.78797,-4.69395e-05,5.5259e-05,6.5866e-06,5.48651e-05,0.984073,0.000522199,0.000319537,0.000413023,0.565752,0.000714218,0.000276749,0.000658421,-2.92541e-05,6.93119e-05,5.50673e-06,6.90928e-05
8.79498,-4.72328e-05,5.47355e-05,6.60642e-06,5.43353e-05,0.984147,0.000521324,0.00032143,0.000410441,0.56559,0.000715948,0.000278667,0.000659489,-2.6998e-05,6.92061e-05,5.51492e-06,6.8986e-05
8.802,-4.75139e-05,5.41222e-05,6.6265e-06,5.3715e-05,0.984221,0.000520666,0.000323487,0.000407982,0.565428,0.00071459,0.000280721,0.000657141,-2.47059e-05,6.87851e-05,5.52529e-06,6.85628e-05
8.80902,-4.77828e-05,5.31777e-05,6.64683e-06,5.27607e-05,0.984294,0.000520477,0.00032569,0.000405983,0.565267,0.000701702,0.000282896,0.000642149,-2.23798e-05,6.7198e-05,5.53783e-06,6.69695e-05
8.81605,-4.80396e-05,5.22329e-05,6.6674e-06,5.18056e-05,0.984366,0.000520385,0.000328022,0.000403983,0.565106,0.000688937,0.000285174,0.000627145,-2.00214e-05,6.56102e-05,5.55253e-06,6.53748e-05
8.82308,-4.82845e-05,5.12877e-05,6.68822e-06,5.08497e-05,0.984437,0.000520379,0.000330462,0.000401981,0.564947,0.000676298,0.000287536,0.000612129,-1.76328e-05,6.40216e-05,5.56936e-06,6.37789e-05
8.83012,-4.85176e-05,5.03422e-05,6.70926e-06,4.98931e-05,0.984507,0.000520447,0.000332991,0.000399977,0.564788,0.000663785,0.000289966,0.000597101,-1.52158e-05,6.24323e-05,5.58829e-06,6.21817e-05
8.83716,-4.8739e-05,4.93964e-05,6.73054e-06,4.89357e-05,0.984576,0.000520578,0.000335589,0.000397971,0.564631,0.000651397,0.000292443,0.000582061,-1.27723e-05,6.08424e-05,5.6093e-06,6.05833e-05
8.84421,-4.89488e-05,4.84503e-05,6.75203e-06,4.79775e-05,0.984644,0.000520759,0.000338234,0.000395965,0.564476,0.000639137,0.000294951,0.00056701,-1.03041e-05,5.92518e-05,5.63232e-06,5.89835e-05
8.85127,-4.91472e-05,4.7504e-05,6.77373e-06,4.70186e-05,0.984711,0.000520979,0.000340907,0.000393956,0.564323,0.000627003,0.00029747,0.000551946,-7.81312e-06,5.76607e-05,5.65732e-06,5.73825e-05
8.85833,-4.93343e-05,4.65575e-05,6.79564e-06,4.60589e-05,0.984777,0.000521222,0.000343586,0.000391946,0.564173,0.000614995,0.000299983,0.00053687,-5.3013e-06,5.60691e-05,5.68424e-06,5.57802e-05
8.86539,-4.95102e-05,4.56108e-05,6.81774e-06,4.50984e-05,0.984842,0.000521477,0.000346251,0.000389934,0.564025,0.000603112,0.00030247,0.000521782,-2.77049e-06,5.4477e-05,5.71301e-06,5.41767e-05
8.87247,-4.9675e-05,4.46641e-05,6.84004e-06,4.41372e-05,0.984905,0.00052173,0.000348883,0.000387921,0.56388,0.000591354,0.000304915,0.000506682,-2.22584e-07,5.28846e-05,5.74356e-06,5.25718e-05
8.87954,-4.9829e-05,4.37172e-05,6.86251e-06,4.31752e-05,0.984967,0.000521965,0.00035146,0.000385906,0.563738,0.000579719,0.0003073,0.00049157,2.34054e-06,5.12919e-05,5.77581e-06,5.09657e-05
8.88663,-4.9972e-05,4.27703e-05,6.88516e-06,4.22124e-05,0.985028,0.000522171,0.000353965,0.000383889,0.563599,0.000568206,0.000309608,0.000476446,4.91701e-06,4.9699e-05,5.8097e-06,4.93583e-05
8.89372,-5.01044e-05,4.18233e-05,6.90798e-06,4.12489e-05,0.985087,0.000522331,0.000356377,0.000381871,0.563465,0.000556812,0.000311822,0.00046131,7.50492e-06,4.8106e-05,5.84514e-06,4.77496e-05
8.90081,-5.02263e-05,4.08765e-05,6.93095e-06,4.02846e-05,0.985145,0.000522434,0.000358679,0.000379851,0.563334,0.000545536,0.000313926,0.000446162,1.01024e-05,4.6513e-05,5.88204e-06,4.61396e-05
8.90791,-5.03377e-05,3.99298e-05,6.95408e-06,3.93195e-05,0.985201,0.000522465,0.000360852,0.00037783,0.563208,0.000534376,0.000315904,0.000431001,1.27076e-05,4.49202e-05,5.92031e-06,4.45284e-05
8.91502,-5.04388e-05,3.89832e-05,6.97735e-06,3.83537e-05,0.985256,0.00052241,0.000362879,0.000375807,0.563086,0.00052333,0.000317743,0.000415829,1.53185e-05,4.33277e-05,5.95985e-06,4.29158e-05
8.92213,-5.05296e-05,3.80369e-05,7.00076e-06,3.73871e-05,0.985309,0.000522256,0.000364743,0.000373782,0.562969,0.000512396,0.000319427,0.000400644,1.79334e-05,4.17356e-05,6.00057e-06,4.1302e-05
8.92924,-5.06105e-05,3.70909e-05,7.0243e-06,3.64197e-05,0.98536,0.00052199,0.00036643,0.000371756,0.562857,0.000501572,0.000320943,0.000385448,2.05503e-05,4.01442e-05,6.04238e-06,3.96869e-05
8.93637,-5.06813e-05,3.61454e-05,7.04796e-06,3.54516e-05,0.98541,0.0005216,0.000367924,0.000369728,0.562751,0.000490856,0.000322278,0.000370239,2.31674e-05,3.85537e-05,6.08517e-06,3.80705e-05
8.9435,-5.07424e-05,3.52514e-05,7.07173e-06,3.45348e-05,0.985458,0.000521362,0.00036921,0.000368107,0.56265,0.000482246,0.000323419,0.000357717,2.57827e-05,3.71688e-05,6.12883e-06,3.666e-05
8.95063,-5.07937e-05,3.4681e-05,7.0956e-06,3.39473e-05,0.985503,0.000522794,0.000370277,0.000369064,0.562556,0.000486251,0.000324356,0.000362261,2.83944e-05,3.70766e-05,6.17328e-06,3.65591e-05
8.95777,-5.08355e-05,3.41107e-05,7.11958e-06,3.33594e-05,0.985547,0.000524061,0.000371111,0.000370022,0.562467,0.000490126,0.000325077,0.000366809,3.10005e-05,3.69847e-05,6.2184e-06,3.64581e-05
8.96492,-5.08678e-05,3.35406e-05,7.14364e-06,3.2771e-05,0.985589,0.000525156,0.000371701,0.000370981,0.562385,0.000493869,0.000325574,0.00037136,3.35993e-05,3.68928e-05,6.26408e-06,3.63571e-05
8.97207,-5.08908e-05,3.29707e-05,7.16778e-06,3.21821e-05,0.985629,0.000526073,0.000372038,0.000371941,0.56231,0.000497475,0.000325838,0.000375914,3.61888e-05,3.6801e-05,6.31024e-06,3.6256e-05
8.97922,-5.09046e-05,3.24011e-05,7.192e-06,3.15928e-05,0.985667,0.000526805,0.000372114,0.000372901,0.562242,0.000500943,0.00032586,0.000380473,3.87672e-05,3.67094e-05,6.35675e-06,3.61548e-05
8.98639,-5.09094e-05,3.18317e-05,7.21629e-06,3.1003e-05,0.985702,0.000527349,0.000371919,0.000373862,0.562181,0.000504272,0.000325635,0.000385034,4.13325e-05,3.66178e-05,6.40352e-06,3.60535e-05
8.99356,-5.09051e-05,3.12627e-05,7.24063e-06,3.04127e-05,0.985736,0.000527701,0.00037145,0.000374824,0.562128,0.000507461,0.000325158,0.0003896,4.38829e-05,3.65262e-05,6.45045e-06,3.59521e-05
9.00073,-5.08921e-05,3.06941e-05,7.26502e-06,2.98219e-05,0.985767,0.00052786,0.000370702,0.000375787,0.562083,0.000510511,0.000324426,0.000394169,4.64165e-05,3.64347e-05,6.49742e-06,3.58507e-05
9.00791,-5.08703e-05,3.01259e-05,7.28945e-06,2.92307e-05,0.985796,0.000527828,0.000369677,0.00037675,0.562046,0.000513428,0.000323439,0.000398742,4.89313e-05,3.63433e-05,6.54435e-06,3.57492e-05
9.0151,-5.084e-05,2.95582e-05,7.31392e-06,2.8639e-05,0.985823,0.000527619,0.000368393,0.000377715,0.562016,0.000516224,0.000322213,0.000403319,5.14256e-05,3.62518e-05,6.59112e-06,3.56476e-05
9.02229,-5.08012e-05,2.8991e-05,7.33842e-06,2.80468e-05,0.985847,0.00052725,0.000366871,0.00037868,0.561995,0.000518916,0.000320768,0.000407899,5.38974e-05,3.61603e-05,6.63764e-06,3.55459e-05
9.02948,-5.07541e-05,2.84243e-05,7.36293e-06,2.74542e-05,0.985869,0.000526738,0.000365133,0.000379646,0.561982,0.000521518,0.000319123,0.000412482,5.63449e-05,3.60688e-05,6.6838e-06,3.54441e-05
9.03669,-5.06988e-05,2.78584e-05,7.38746e-06,2.6861e-05,0.985889,0.000526101,0.000363204,0.000380612,0.561977,0.000524048,0.000317299,0.00041707,5.87662e-05,3.59772e-05,6.72952e-06,3.53423e-05
9.0439,-5.06353e-05,2.72932e-05,7.41198e-06,2.62674e-05,0.985907,0.000525358,0.000361107,0.00038158,0.561979,0.00052652,0.000315317,0.000421661,6.11593e-05,3.58856e-05,6.7747e-06,3.52403e-05
9.05111,-5.0564e-05,2.67287e-05,7.43651e-06,2.56734e-05,0.985924,0.000524528,0.000358869,0.000382548,0.561988,0.00052895,0.0003132,0.000426256,6.35224e-05,3.57939e-05,6.81924e-06,3.51383e-05
9.05833,-5.04848e-05,2.61651e-05,7.46102e-06,2.50788e-05,0.985938,0.000523631,0.000356517,0.000383517,0.562006,0.000531356,0.000310972,0.000430854,6.58536e-05,3.57021e-05,6.86304e-06,3.50362e-05
9.06556,-5.03978e-05,2.56025e-05,7.48551e-06,2.44838e-05,0.98595,0.000522685,0.000354076,0.000384486,0.56203,0.000533751,0.000308655,0.000435456,6.81511e-05,3.56101e-05,6.90603e-06,3.49341e-05
9.07279,-5.03033e-05,2.5041e-05,7.50997e-06,2.38883e-05,0.98596,0.000521711,0.000351576,0.000385457,0.562062,0.000536152,0.000306275,0.000440062,7.04129e-05,3.5518e-05,6.9481e-06,3.48318e-05
9.08002,-5.02014e-05,2.44806e-05,7.53439e-06,2.32924e-05,0.985969,0.000520729,0.000349045,0.000386428,0.562101,0.000538574,0.000303858,0.000444672,7.26372e-05,3.54258e-05,6.98918e-06,3.47295e-05
9.08727,-5.00921e-05,2.39487e-05,7.55878e-06,2.27246e-05,0.985975,0.000519728,0.000346512,0.000387358,0.562147,0.00054071,0.000301427,0.000448897,7.4822e-05,3.53308e-05,7.02918e-06,3.46245e-05
9.09452,-4.99756e-05,2.38414e-05,7.58311e-06,2.26033e-05,0.985981,0.000518273,0.000344005,0.000387644,0.5622,0.000537855,0.000299011,0.00044708,7.69655e-05,3.51958e-05,7.06801e-06,3.44788e-05
9.10177,-4.98519e-05,2.37342e-05,7.60738e-06,2.2482e-05,0.985984,0.000516865,0.000341556,0.000387929,0.56226,0.000535023,0.000296634,0.000445262,7.90659e-05,3.50606e-05,7.1056e-06,3.4333e-05
9.10903,-4.97214e-05,2.3627e-05,7.63159e-06,2.23606e-05,0.985986,0.000515521,0.000339192,0.000388214,0.562327,0.000532228,0.000294322,0.000443443,8.11212e-05,3.49251e-05,7.14187e-06,3.41871e-05
9.1163,-4.9584e-05,2.35199e-05,7.65572e-06,2.22391e-05,0.985986,0.000514259,0.000336943,0.0003885,0.562401,0.000529484,0.000292103,0.000441621,8.31295e-05,3.47894e-05,7.17674e-06,3.40411e-05
9.12357,-4.94398e-05,2.34128e-05,7.67977e-06,2.21174e-05,0.985985,0.000513099,0.000334837,0.000388786,0.562481,0.000526805,0.000290001,0.000439799,8.50889e-05,3.46533e-05,7.21014e-06,3.38949e-05
9.13085,-4.92891e-05,2.33058e-05,7.70374e-06,2.19957e-05,0.985982,0.000512055,0.000332902,0.000389072,0.562567,0.000524204,0.000288041,0.000437975,8.69977e-05,3.4517e-05,7.24199e-06,3.37487e-05
9.13813,-4.91319e-05,2.31988e-05,7.72761e-06,2.18739e-05,0.985978,0.000511146,0.000331164,0.000389359,0.56266,0.000521694,0.000286248,0.000436149,8.88538e-05,3.43803e-05,7.27224e-06,3.36023e-05
9.14542,-4.89684e-05,2.30918e-05,7.75137e-06,2.1752e-05,0.985972,0.000510384,0.000329648,0.000389645,0.56276,0.000519287,0.000284645,0.000434322,9.06554e-05,3.42432e-05,7.3008e-06,3.34558e-05
9.15272,-4.87986e-05,2.29849e-05,7.77502e-06,2.163e-05,0.985965,0.000509784,0.000328379,0.000389932,0.562865,0.000516994,0.000283252,0.000432494,9.24006e-05,3.41057e-05,7.32763e-06,3.33092e-05
9.16002,-4.86227e-05,2.28781e-05,7.79856e-06,2.15079e-05,0.985957,0.000509359,0.000327376,0.000390219,0.562977,0.000514827,0.000282092,0.000430664,9.40876e-05,3.39679e-05,7.35266e-06,3.31625e-05
9.16733,-4.84409e-05,2.27712e-05,7.82197e-06,2.13857e-05,0.985948,0.000509119,0.00032666,0.000390507,0.563095,0.000512796,0.00028118,0.000428833,9.57144e-05,3.38296e-05,7.37583e-06,3.30157e-05
9.17464,-4.82532e-05,2.26645e-05,7.84524e-06,2.12634e-05,0.985937,0.000509074,0.000326246,0.000390794,0.563219,0.00051091,0.000280534,0.000427,9.72792e-05,3.36908e-05,7.39709e-06,3.28687e-05
9.18196,-4.80598e-05,2.25577e-05,7.86838e-06,2.1141e-05,0.985926,0.000509233,0.000326148,0.000391082,0.563348,0.000509175,0.000280167,0.000425166,9.87801e-05,3.35516e-05,7.41638e-06,3.27217e-05
9.18928,-4.78608e-05,2.2451e-05,7.89137e-06,2.10185e-05,0.985913,0.0005096,0.000326377,0.00039137,0.563484,0.0005076,0.000280089,0.00042333,0.000100215,3.34119e-05,7.43366e-06,3.25745e-05
9.19661,-4.76563e-05,2.23444e-05,7.9142e-06,2.08959e-05,0.985899,0.000510182,0.00032694,0.000391659,0.563625,0.000506191,0.000280308,0.000421493,0.000101583,3.32717e-05,7.44889e-06,3.24272e-05
9.20395,-4.74465e-05,2.22378e-05,7.93688e-06,2.07732e-05,0.985885,0.000510981,0.000327841,0.000391947,0.563771,0.00050495,0.000280829,0.000419654,0.00010288,3.3131e-05,7.46203e-06,3.22798e-05
9.21129,-4.72314e-05,2.21312e-05,7.95939e-06,2.06504e-05,0.985869,0.000511999,0.00032908,0.000392236,0.563923,0.000503883,0.000281655,0.000417814,0.000104107,3.29898e-05,7.47303e-06,3.21322e-05
9.21864,-4.70113e-05,2.20247e-05,7.98172e-06,2.05275e-05,0.985853,0.000513234,0.000330656,0.000392525,0.564081,0.000502991,0.000282784,0.000415973,0.00010526,3.2848e-05,7.48186e-06,3.19846e-05
9.22599,-4.67861e-05,2.19182e-05,8.00387e-06,2.04045e-05,0.985835,0.000514684,0.000332561,0.000392814,0.564243,0.000502274,0.000284211,0.00041413,0.000106338,3.27056e-05,7.48851e-06,3.18368e-05
9.23335,-4.65561e-05,2.18117e-05,8.02583e-06,2.02814e-05,0.985817,0.000516346,0.000334787,0.000393103,0.564411,0.000501732,0.00028593,0.000412285,0.000107339,3.25627e-05,7.49295e-06,3.16889e-05
9.24072,-4.63214e-05,2.23208e-05,8.0476e-06,2.08196e-05,0.985799,0.000518488,0.000337322,0.000393755,0.564584,0.000501285,0.000287932,0.000410344,0.000108263,3.25135e-05,7.49523e-06,3.16378e-05
9.24809,-4.60821e-05,2.28417e-05,8.06916e-06,2.1369e-05,0.985779,0.000520831,0.000340152,0.000394413,0.564762,0.000501008,0.000290203,0.0004084,0.000109113,3.24654e-05,7.49545e-06,3.15883e-05
9.25546,-4.58383e-05,2.33643e-05,8.09052e-06,2.19188e-05,0.985759,0.000523362,0.000343258,0.000395072,0.564945,0.000500895,0.00029273,0.000406455,0.000109888,3.24167e-05,7.49368e-06,3.15387e-05
9.26285,-4.55901e-05,2.38885e-05,8.11166e-06,2.24691e-05,0.985738,0.00052607,0.000346621,0.000395731,0.565133,0.000500943,0.000295495,0.000404508,0.000110591,3.23676e-05,7.49e-06,3.14891e-05
9.27024,-4.53377e-05,2.44141e-05,8.13258e-06,2.30198e-05,0.985717,0.000528943,0.000350222,0.00039639,0.565325,0.000501143,0.000298481,0.000402559,0.000111221,3.2318e-05,7.48451e-06,3.14394e-05
9.27763,-4.50811e-05,2.49412e-05,8.15327e-06,2.35709e-05,0.985696,0.000531968,0.000354035,0.000397051,0.565522,0.000501488,0.000301667,0.000400609,0.000111781,3.2268e-05,7.4773e-06,3.13897e-05
9.28503,-4.48206e-05,2.54697e-05,8.17373e-06,2.41225e-05,0.985673,0.000535131,0.000358038,0.000397711,0.565723,0.000501969,0.000305033,0.000398657,0.000112271,3.22176e-05,7.46846e-06,3.134e-05
9.29244,-4.45563e-05,2.59995e-05,8.19394e-06,2.46745e-05,0.985651,0.000538417,0.000362205,0.000398373,0.565929,0.000502574,0.000308555,0.000396704,0.000112693,3.21667e-05,7.45809e-06,3.12902e-05
9.29985,-4.42881e-05,2.65306e-05,8.21391e-06,2.5227e-05,0.985628,0.00054181,0.00036651,0.000399034,0.56614,0.000503292,0.000312212,0.000394749,0.000113048,3.21155e-05,7.44628e-06,3.12404e-05
9.30727,-4.40164e-05,2.70628e-05,8.23363e-06,2.57799e-05,0.985605,0.000545292,0.000370927,0.000399697,0.566354,0.000504112,0.000315979,0.000392793,0.000113336,3.2064e-05,7.43313e-06,3.11905e-05
9.31469,-4.37412e-05,2.75963e-05,8.25309e-06,2.63333e-05,0.985582,0.000548848,0.000375428,0.000400359,0.566573,0.00050502,0.000319834,0.000390835,0.00011356,3.20121e-05,7.41875e-06,3.11406e-05
9.32213,-4.34626e-05,2.81309e-05,8.27228e-06,2.68871e-05,0.985558,0.000552458,0.000379987,0.000401023,0.566795,0.000506003,0.000323752,0.000388875,0.000113719,3.19599e-05,7.40323e-06,3.10906e-05
9.32956,-4.31808e-05,2.86665e-05,8.2912e-06,2.74413e-05,0.985535,0.000556104,0.000384577,0.000401687,0.567022,0.000507047,0.00032771,0.000386914,0.000113816,3.19075e-05,7.38668e-06,3.10407e-05
9.337,-4.28959e-05,2.92032e-05,8.30984e-06,2.7996e-05,0.985511,0.000559769,0.000389172,0.000402351,0.567252,0.000508135,0.000331683,0.000384951,0.00011385,3.18548e-05,7.3692e-06,3.09906e-05
9.34445,-4.26079e-05,2.97409e-05,8.3282e-06,2.85511e-05,0.985488,0.000563432,0.000393744,0.000403016,0.567486,0.000509254,0.00033565,0.000382987,0.000113825,3.18018e-05,7.35091e-06,3.09406e-05
9.35191,-4.23171e-05,3.02797e-05,8.34627e-06,2.91067e-05,0.985464,0.000567076,0.000398267,0.000403681,0.567724,0.000510388,0.000339586,0.000381021,0.000113739,3.17487e-05,7.33191e-06,3.08905e-05
9.35937,-4.20236e-05,3.08193e-05,8.36405e-06,2.96627e-05,0.98544,0.000570681,0.000402717,0.000404347,0.567965,0.000511521,0.000343469,0.000379054,0.000113596,3.16954e-05,7.3123e-06,3.08403e-05
9.36683,-4.17274e-05,3.13599e-05,8.38153e-06,3.02191e-05,0.985417,0.00057423,0.000407067,0.000405014,0.56821,0.000512636,0.000347279,0.000377085,0.000113395,3.16419e-05,7.2922e-06,3.07902e-05
9.3743,-4.14287e-05,3.19014e-05,8.3987e-06,3.0776e-05,0.985393,0.000577703,0.000411295,0.000405681,0.568458,0.000513719,0.000350993,0.000375115,0.000113138,3.15883e-05,7.27171e-06,3.07399e-05
9.38178,-4.11277e-05,3.24438e-05,8.41556e-06,3.13333e-05,0.98537,0.000581082,0.000415376,0.000406348,0.56871,0.000514753,0.000354591,0.000373143,0.000112827,3.15346e-05,7.25095e-06,3.06897e-05
9.38927,-4.08244e-05,3.21332e-05,8.4321e-06,3.10071e-05,0.985347,0.000585631,0.000419287,0.000408854,0.568964,0.00051827,0.000358054,0.000374701,0.000112461,3.12469e-05,7.23002e-06,3.03989e-05
9.39676,-4.0519e-05,3.17359e-05,8.44832e-06,3.05907e-05,0.985325,0.000590176,0.000423007,0.00041155,0.569222,0.000521945,0.000361362,0.000376621,0.000112043,3.09352e-05,7.20903e-06,3.00835e-05
9.40425,-4.02116e-05,3.13386e-05,8.46421e-06,3.01739e-05,0.985303,0.000594571,0.000426514,0.000414247,0.569483,0.000525503,0.000364498,0.000378543,0.000111573,3.06233e-05,7.1881e-06,2.97677e-05
9.41175,-3.99023e-05,3.09415e-05,8.47977e-06,2.97568e-05,0.985281,0.000598801,0.000429788,0.000416947,0.569746,0.000528933,0.000367445,0.000380465,0.000111053,3.03113e-05,7.16732e-06,2.94518e-05
9.41926,-3.95913e-05,3.05445e-05,8.495e-06,2.93394e-05,0.98526,0.000602851,0.00043281,0.000419648,0.570013,0.000532221,0.000370186,0.00038239,0.000110484,2.99993e-05,7.14681e-06,2.91356e-05
9.42677,-3.92786e-05,3.01476e-05,8.50988e-06,2.89216e-05,0.985239,0.000606708,0.000435561,0.000422352,0.570282,0.000535358,0.000372706,0.000384316,0.000109866,2.96872e-05,7.12667e-06,2.88191e-05
9.43429,-3.89645e-05,2.97509e-05,8.52441e-06,2.85035e-05,0.985219,0.000610361,0.000438025,0.000425058,0.570553,0.000538333,0.000374992,0.000386243,0.000109201,2.93751e-05,7.10701e-06,2.85024e-05
9.44182,-3.86489e-05,2.93543e-05,8.53859e-06,2.80851e-05,0.985199,0.000613797,0.000440185,0.000427766,0.570827,0.000541137,0.00037703,0.000388172,0.000108491,2.90629e-05,7.08793e-06,2.81854e-05
9.44935,-3.83321e-05,2.8958e-05,8.55242e-06,2.76663e-05,0.98518,0.000617006,0.000442026,0.000430477,0.571104,0.000543761,0.000378809,0.000390103,0.000107735,2.87509e-05,7.06953e-06,2.78681e-05
9.45689,-3.80142e-05,2.85619e-05,8.56588e-06,2.72472e-05,0.985162,0.00061998,0.000443535,0.000433189,0.571383,0.000546198,0.000380317,0.000392035,0.000106936,2.84388e-05,7.05191e-06,2.75507e-05
9.46443,-3.76952e-05,2.8166e-05,8.57898e-06,2.68277e-05,0.985145,0.000622711,0.000444699,0.000435904,0.571664,0.000548443,0.000381547,0.000393968,0.000106094,2.81269e-05,7.03515e-06,2.72329e-05
9.47198,-3.73754e-05,2.77704e-05,8.59171e-06,2.64079e-05,0.985128,0.000625193,0.000445509,0.000438621,0.571947,0.00055049,0.000382491,0.000395903,0.000105211,2.78152e-05,7.01937e-06,2.69149e-05
9.47954,-3.70548e-05,2.73751e-05,8.60406e-06,2.59878e-05,0.985112,0.00062742,0.000445954,0.000441339,0.572232,0.000552336,0.000383143,0.00039784,0.000104287,2.75036e-05,7.00463e-06,2.65967e-05
9.4871,-3.67336e-05,2.69801e-05,8.61603e-06,2.55674e-05,0.985097,0.000629389,0.000446028,0.000444061,0.57252,0.00055398,0.000383498,0.000399778,0.000103325,2.71922e-05,6.99104e-06,2.62782e-05
9.49467,-3.64119e-05,2.65855e-05,8.62762e-06,2.51466e-05,0.985083,0.0006311,0.000445725,0.000446784,0.572809,0.000555421,0.000383556,0.000401718,0.000102324,2.68811e-05,6.97867e-06,2.59594e-05
9.50224,-3.60898e-05,2.61912e-05,8.63882e-06,2.47255e-05,0.98507,0.000632552,0.000445043,0.000449509,0.573099,0.000556661,0.000383315,0.000403659,0.000101287,2.65703e-05,6.96759e-06,2.56404e-05
9.50982,-3.57674e-05,2.57973e-05,8.64963e-06,2.4304e-05,0.985059,0.000633756,0.000443991,0.000452237,0.573392,0.00055771,0.000382788,0.000405602,0.000100213,2.62597e-05,6.95788e-06,2.53212e-05
9.51741,-3.54449e-05,2.54039e-05,8.66004e-06,2.38822e-05,0.985048,0.000634733,0.000442596,0.000454967,0.573686,0.000558586,0.000382001,0.000407547,9.9105e-05,2.59496e-05,6.94961e-06,2.50016e-05
9.525,-3.51223e-05,2.50109e-05,8.67006e-06,2.34601e-05,0.985038,0.000635509,0.000440889,0.000457699,0.573982,0.000559313,0.000380981,0.000409493,9.79634e-05,2.56398e-05,6.94283e-06,2.46819e-05
9.5326,-3.47999e-05,2.46185e-05,8.67967e-06,2.30376e-05,0.985029,0.000636108,0.000438902,0.000460433,0.57428,0.000559912,0.000379761,0.00041144,9.67893e-05,2.53304e-05,6.93761e-06,2.43618e-05
9.5402,-3.44777e-05,2.4559e-05,8.68888e-06,2.29706e-05,0.985021,0.00063667,0.000436667,0.000463325,0.57458,0.000561993,0.00037837,0.000415539,9.5584e-05,2.49325e-05,6.93399e-06,2.39488e-05
9.54781,-3.41559e-05,2.45669e-05,8.69767e-06,2.29757e-05,0.985013,0.000637132,0.000434221,0.000466251,0.574882,0.000564335,0.000376841,0.000420077,9.43484e-05,2.45171e-05,6.93202e-06,2.35167e-05
9.55543,-3.38346e-05,2.45747e-05,8.70606e-06,2.29808e-05,0.985007,0.000637499,0.000431597,0.000469179,0.575186,0.00056664,0.000375207,0.000424618,9.30839e-05,2.41025e-05,6.93174e-06,2.30842e-05
9.56305,-3.35138e-05,2.45823e-05,8.71402e-06,2.29859e-05,0.985001,0.000637796,0.000428832,0.000472109,0.575493,0.000568934,0.000373502,0.000429164,9.17914e-05,2.36886e-05,6.93318e-06,2.26513e-05
9.57068,-3.31938e-05,2.45897e-05,8.72157e-06,2.29911e-05,0.984996,0.000638052,0.000425964,0.000475042,0.575802,0.000571238,0.000371761,0.000433713,9.04721e-05,2.32757e-05,6.93636e-06,2.22181e-05
9.57832,-3.28747e-05,2.45971e-05,8.7287e-06,2.29962e-05,0.984992,0.000638293,0.000423031,0.000477977,0.576113,0.000573575,0.000370017,0.000438265,8.91271e-05,2.28637e-05,6.94131e-06,2.17846e-05
9.58596,-3.25565e-05,2.46042e-05,8.7354e-06,2.30013e-05,0.984988,0.000638544,0.000420071,0.000480914,0.576426,0.000575968,0.000368305,0.000442821,8.77576e-05,2.24528e-05,6.94803e-06,2.13507e-05
9.5936,-3.22395e-05,2.46113e-05,8.74167e-06,2.30065e-05,0.984985,0.000638833,0.000417124,0.000483854,0.576742,0.000578438,0.000366661,0.000447381,8.63647e-05,2.2043e-05,6.95653e-06,2.09165e-05
9.60126,-3.19236e-05,2.46181e-05,8.74751e-06,2.30116e-05,0.984983,0.000639184,0.000414228,0.000486796,0.577061,0.000581003,0.000365117,0.000451945,8.49495e-05,2.16344e-05,6.96681e-06,2.04819e-05
9.60891,-3.16091e-05,2.46249e-05,8.75292e-06,2.30167e-05,0.984981,0.000639621,0.000411422,0.000489741,0.577382,0.000583684,0.000363709,0.000456512,8.35131e-05,2.1227e-05,6.97887e-06,2.0047e-05
9.61658,-3.12961e-05,2.46314e-05,8.75789e-06,2.30219e-05,0.984979,0.000640167,0.000408746,0.000492688,0.577706,0.000586498,0.000362468,0.000461082,8.20567e-05,2.08211e-05,6.99268e-06,1.96117e-05
9.62425,-3.09847e-05,2.46379e-05,8.76243e-06,2.3027e-05,0.984978,0.000640846,0.000406235,0.000495637,0.578033,0.000589461,0.000361425,0.000465657,8.05814e-05,2.04166e-05,7.00823e-06,1.91761e-05
9.63193,-3.0675e-05,2.46442e-05,8.76653e-06,2.30322e-05,0.984977,0.000641677,0.000403929,0.000498588,0.578363,0.000592589,0.000360611,0.000470235,7.90883e-05,2.00138e-05,7.02548e-06,1.87401e-05
9.63961,-3.03672e-05,2.46503e-05,8.77018e-06,2.30374e-05,0.984977,0.000642679,0.000401861,0.000501542,0.578696,0.000595893,0.000360053,0.000474817,7.75785e-05,1.96126e-05,7.04441e-06,1.83038e-05
9.6473,-3.00613e-05,2.46562e-05,8.77339e-06,2.30425e-05,0.984977,0.000643872,0.000400065,0.000504498,0.579031,0.000599387,0.000359776,0.000479402,7.60532e-05,1.92133e-05,7.06497e-06,1.78672e-05
9.655,-2.97575e-05,2.46621e-05,8.77616e-06,2.30477e-05,0.984978,0.000645269,0.000398572,0.000507457,0.57937,0.000603079,0.000359802,0.000483991,7.45135e-05,1.88159e-05,7.08712e-06,1.74302e-05
9.6627,-2.9456e-05,2.46677e-05,8.77848e-06,2.30529e-05,0.984978,0.000646886,0.000397411,0.000510418,0.579712,0.000606979,0.000360152,0.000488584,7.29606e-05,1.84206e-05,7.11081e-06,1.69928e-05
9.67041,-2.91568e-05,2.46732e-05,8.78036e-06,2.3058e-05,0.984979,0.000648735,0.000396606,0.000513381,0.580058,0.000611091,0.000360841,0.00049318,7.13954e-05,1.80276e-05,7.13597e-06,1.65551e-05
9.67812,-2.88601e-05,2.46786e-05,8.78179e-06,2.30632e-05,0.98498,0.000650825,0.00039618,0.000516347,0.580406,0.000615421,0.000361881,0.00049778,6.98192e-05,1.76369e-05,7.16255e-06,1.6117e-05
9.68584,-2.85659e-05,2.46838e-05,8.78277e-06,2.30684e-05,0.984981,0.000653164,0.000396151,0.000519315,0.580758,0.000619971,0.000363283,0.000502383,6.82332e-05,1.72488e-05,7.19049e-06,1.56786e-05
9.69357,-2.82745e-05,2.47313e-05,8.78329e-06,2.31191e-05,0.984983,0.000656013,0.000396532,0.000522605,0.581114,0.000620701,0.000365052,0.000502003,6.66383e-05,1.74347e-05,7.21969e-06,1.58696e-05
9.7013,-2.79859e-05,2.47926e-05,8.78337e-06,2.31845e-05,0.984984,0.000659204,0.000397333,0.000526001,0.581473,0.000620348,0.000367188,0.000500004,6.50358e-05,1.78079e-05,7.25011e-06,1.62652e-05
9.70904,-2.77003e-05,2.48537e-05,8.783e-06,2.32501e-05,0.984986,0.000662656,0.000398559,0.000529399,0.581836,0.000620224,0.00036969,0.000498003,6.34267e-05,1.81828e-05,7.28164e-06,1.66611e-05
9.71678,-2.74178e-05,2.49148e-05,8.78218e-06,2.33156e-05,0.984987,0.000666367,0.000400211,0.000532801,0.582202,0.000620332,0.000372551,0.000496001,6.18123e-05,1.85594e-05,7.31421e-06,1.70573e-05
9.72454,-2.71385e-05,2.49757e-05,8.78091e-06,2.33813e-05,0.984988,0.000670335,0.000402285,0.000536205,0.582572,0.00062067,0.000375763,0.000493997,6.01936e-05,1.89374e-05,7.34773e-06,1.74538e-05
9.73229,-2.68625e-05,2.50366e-05,8.77918e-06,2.34469e-05,0.984989,0.000674553,0.000404773,0.000539611,0.582946,0.000621235,0.000379312,0.000491992,5.85717e-05,1.93169e-05,7.38212e-06,1.78507e-05
9.74006,-2.659e-05,2.50974e-05,8.77701e-06,2.35127e-05,0.984991,0.000679014,0.000407663,0.000543021,0.583324,0.000622023,0.000383182,0.000489984,5.69478e-05,1.96977e-05,7.41727e-06,1.82478e-05
9.74783,-2.6321e-05,2.51581e-05,8.77439e-06,2.35784e-05,0.984991,0.00068371,0.000410938,0.000546433,0.583706,0.000623028,0.000387355,0.000487976,5.5323e-05,2.00797e-05,7.4531e-06,1.86453e-05
9.7556,-2.60558e-05,2.52188e-05,8.77132e-06,2.36443e-05,0.984992,0.000688628,0.000414579,0.000549848,0.584092,0.000624242,0.000391811,0.000485965,5.36985e-05,2.04629e-05,7.4895e-06,1.90431e-05
9.76338,-2.57944e-05,2.52793e-05,8.7678e-06,2.37101e-05,0.984993,0.000693756,0.000418563,0.000553266,0.584482,0.000625654,0.000396525,0.000483953,5.20753e-05,2.08472e-05,7.52638e-06,1.94412e-05
9.77117,-2.5537e-05,2.53398e-05,8.76384e-06,2.37761e-05,0.984993,0.000699081,0.000422865,0.000556686,0.584877,0.000627253,0.000401473,0.00048194,5.04545e-05,2.12325e-05,7.56364e-06,1.98396e-05
9.77897,-2.52837e-05,2.54002e-05,8.75943e-06,2.38421e-05,0.984993,0.000704585,0.000427455,0.000560109,0.585276,0.000629027,0.000406629,0.000479924,4.88374e-05,2.16187e-05,7.60117e-06,2.02384e-05
9.78677,-2.50346e-05,2.54606e-05,8.75458e-06,2.39081e-05,0.984992,0.000710253,0.000432305,0.000563535,0.585679,0.00063096,0.000411965,0.000477908,4.7225e-05,2.20058e-05,7.63888e-06,2.06374e-05
9.79457,-2.47898e-05,2.55208e-05,8.7493e-06,2.39742e-05,0.984991,0.000716067,0.000437383,0.000566964,0.586086,0.000633039,0.000417453,0.000475889,4.56185e-05,2.23937e-05,7.67665e-06,2.10368e-05
9.80239,-2.45494e-05,2.5581e-05,8.74357e-06,2.40404e-05,0.98499,0.000722007,0.000442655,0.000570395,0.586498,0.000635244,0.000423064,0.000473869,4.4019e-05,2.27823e-05,7.71438e-06,2.14365e-05
9.81021,-2.43136e-05,2.56411e-05,8.73741e-06,2.41066e-05,0.984988,0.000728053,0.000448087,0.000573829,0.586915,0.000637559,0.000428768,0.000471847,4.24275e-05,2.31717e-05,7.75198e-06,2.18365e-05
9.81803,-2.40826e-05,2.57012e-05,8.73082e-06,2.41728e-05,0.984986,0.000734187,0.000453646,0.000577266,0.587336,0.000639966,0.000434536,0.000469824,4.08453e-05,2.35616e-05,7.78932e-06,2.22368e-05
9.82586,-2.38563e-05,2.57612e-05,8.7238e-06,2.42391e-05,0.984983,0.000740386,0.000459296,0.000580705,0.587762,0.000642443,0.000440338,0.000467799,3.92735e-05,2.39522e-05,7.82632e-06,2.26375e-05
9.8337,-2.36351e-05,2.58211e-05,8.71635e-06,2.43055e-05,0.98498,0.00074663,0.000465003,0.000584148,0.588193,0.000644972,0.000446144,0.000465773,3.77131e-05,2.43433e-05,7.86285e-06,2.30385e-05
9.84155,-2.34188e-05,2.5881e-05,8.70849e-06,2.43719e-05,0.984976,0.000752896,0.000470731,0.000587593,0.588629,0.000647531,0.000451926,0.000463745,3.61654e-05,2.47349e-05,7.89882e-06,2.34398e-05
9.8494,-2.32078e-05,2.59241e-05,8.7002e-06,2.44206e-05,0.984971,0.000758003,0.000476447,0.000589548,0.58907,0.000650391,0.000457655,0.000462125,3.46314e-05,2.48046e-05,7.93413e-06,2.35015e-05
9.85725,-2.30022e-05,2.59592e-05,8.69151e-06,2.44609e-05,0.984966,0.000762547,0.000482116,0.000590798,0.589516,0.000653371,0.000463303,0.000460699,3.31122e-05,2.47217e-05,7.96866e-06,2.34022e-05
9.86512,-2.28019e-05,2.59942e-05,8.68241e-06,2.45013e-05,0.984959,0.000767059,0.000487705,0.00059205,0.589967,0.00065631,0.000468841,0.000459272,3.16091e-05,2.46386e-05,8.00232e-06,2.33029e-05
9.87299,-2.26073e-05,2.60291e-05,8.6729e-06,2.45417e-05,0.984952,0.000771515,0.000493182,0.000593302,0.590423,0.000659187,0.000474244,0.000457843,3.0123e-05,2.45553e-05,8.035e-06,2.32035e-05
9.88086,-2.24183e-05,2.6064e-05,8.663e-06,2.45822e-05,0.984945,0.000775895,0.000498515,0.000594555,0.590884,0.00066198,0.000479484,0.000456414,2.86552e-05,2.44718e-05,8.0666e-06,2.3104e-05
9.88874,-2.22352e-05,2.60988e-05,8.65271e-06,2.46227e-05,0.984936,0.000780177,0.000503674,0.000595809,0.591351,0.000664669,0.000484536,0.000454983,2.72068e-05,2.43879e-05,8.09703e-06,2.30045e-05
9.89663,-2.2058e-05,2.61335e-05,8.64203e-06,2.46632e-05,0.984926,0.000784339,0.000508627,0.000597065,0.591823,0.000667231,0.000489376,0.000453551,2.57789e-05,2.43037e-05,8.12617e-06,2.29049e-05
9.90453,-2.18868e-05,2.61681e-05,8.63098e-06,2.47037e-05,0.984916,0.000788362,0.000513348,0.000598321,0.592301,0.000669647,0.000493981,0.000452118,2.43726e-05,2.4219e-05,8.15394e-06,2.28052e-05
9.91243,-2.17216e-05,2.62026e-05,8.61957e-06,2.47443e-05,0.984904,0.000792225,0.000517809,0.000599578,0.592784,0.000671897,0.000498327,0.000450683,2.2989e-05,2.4134e-05,8.18023e-06,2.27054e-05
9.92034,-2.15624e-05,2.62371e-05,8.60781e-06,2.47849e-05,0.984892,0.000795908,0.000521982,0.000600837,0.593273,0.00067396,0.000502392,0.000449248,2.16293e-05,2.40485e-05,8.20496e-06,2.26055e-05
9.92825,-2.14091e-05,2.62716e-05,8.59573e-06,2.48256e-05,0.984878,0.000799395,0.000525845,0.000602096,0.593767,0.000675818,0.000506157,0.000447812,2.02946e-05,2.39625e-05,8.22802e-06,2.25056e-05
9.93617,-2.12617e-05,2.6306e-05,8.58333e-06,2.48662e-05,0.984864,0.000802666,0.000529372,0.000603356,0.594268,0.000677454,0.000509602,0.000446374,1.89861e-05,2.38759e-05,8.24933e-06,2.24055e-05
9.94409,-2.11201e-05,2.63403e-05,8.57064e-06,2.49069e-05,0.984848,0.000805707,0.000532542,0.000604617,0.594774,0.00067885,0.000512708,0.000444935,1.77047e-05,2.37887e-05,8.2688e-06,2.23054e-05
9.95203,-2.09843e-05,2.63746e-05,8.55768e-06,2.49477e-05,0.984831,0.000808501,0.000535335,0.00060588,0.595286,0.00067999,0.000515459,0.000443495,1.64518e-05,2.3701e-05,8.28633e-06,2.22052e-05
9.95997,-2.08542e-05,2.64089e-05,8.54445e-06,2.49885e-05,0.984813,0.000811035,0.000537732,0.000607143,0.595804,0.000680859,0.000517839,0.000442054,1.52283e-05,2.36125e-05,8.30184e-06,2.2105e-05
9.96791,-2.07297e-05,2.64432e-05,8.53099e-06,2.50293e-05,0.984793,0.000813297,0.000539715,0.000608407,0.596329,0.000681445,0.000519835,0.000440612,1.40355e-05,2.35233e-05,8.31525e-06,2.20046e-05
9.97586,-2.06109e-05,2.64774e-05,8.5173e-06,2.50701e-05,0.984773,0.000815276,0.00054127,0.000609673,0.596859,0.000681734,0.000521433,0.000439168,1.28745e-05,2.34334e-05,8.32647e-06,2.19042e-05
9.98382,-2.04976e-05,2.65117e-05,8.5034e-06,2.5111e-05,0.984751,0.000816962,0.000542384,0.000610939,0.597396,0.000681716,0.000522623,0.000437724,1.17463e-05,2.33427e-05,8.33543e-06,2.18037e-05
9.99178,-2.03899e-05,2.65459e-05,8.48931e-06,2.51519e-05,0.984727,0.00081835,0.000543047,0.000612206,0.597939,0.000681383,0.000523397,0.000436278,1.06521e-05,2.32511e-05,8.34204e-06,2.17031e-05
9.99975,-2.02876e-05,2.65801e-05,8.47505e-06,2.51928e-05,0.984702,0.000819433,0.000543249,0.000613475,0.598488,0.000680727,0.000523747,0.000434831,9.59303e-06,2.31587e-05,8.34623e-06,2.16024e-05
10.0077,-2.01908e-05,2.66796e-05,8.46064e-06,2.53025e-05,0.984676,0.000817929,0.000542993,0.000611692,0.599044,0.000681433,0.000523676,0.000436021,8.57024e-06,2.31571e-05,8.34792e-06,2.16001e-05
10.0157,-2.00993e-05,2.68222e-05,8.44609e-06,2.54577e-05,0.984648,0.000814631,0.000542302,0.000607892,0.599605,0.000682953,0.000523205,0.000438954,7.58482e-06,2.32152e-05,8.34706e-06,2.16627e-05
10.0237,-2.00132e-05,2.6965e-05,8.43142e-06,2.5613e-05,0.98462,0.00081107,0.000541212,0.000604089,0.600173,0.000684202,0.000522366,0.00044189,6.63791e-06,2.32724e-05,8.34356e-06,2.17253e-05
10.0317,-1.99324e-05,2.71081e-05,8.41666e-06,2.57684e-05,0.984589,0.000807267,0.000539759,0.000600283,0.600746,0.000685208,0.000521189,0.000444828,5.73064e-06,2.33287e-05,8.33737e-06,2.1788e-05
10.0397,-1.98568e-05,2.72514e-05,8.40181e-06,2.59239e-05,0.984558,0.000803245,0.000537979,0.000596474,0.601324,0.000685998,0.000519709,0.000447768,4.86413e-06,2.33842e-05,8.32843e-06,2.18508e-05
10.0477,-1.97864e-05,2.7395e-05,8.3869e-06,2.60796e-05,0.984525,0.000799029,0.00053591,0.000592662,0.601907,0.0006866,0.000517957,0.00045071,4.0395e-06,2.34387e-05,8.31667e-06,2.19136e-05
10.0557,-1.97211e-05,2.75388e-05,8.37195e-06,2.62353e-05,0.984492,0.000794645,0.000533592,0.000588847,0.602494,0.000687042,0.00051597,0.000453655,3.25788e-06,2.34923e-05,8.30205e-06,2.19765e-05
10.0637,-1.96609e-05,2.76828e-05,8.35698e-06,2.63913e-05,0.984457,0.000790119,0.000531064,0.000585029,0.603085,0.000687354,0.00051378,0.000456602,2.52041e-06,2.3545e-05,8.28451e-06,2.20394e-05
10.0718,-1.96057e-05,2.78271e-05,8.34199e-06,2.65473e-05,0.984421,0.000785478,0.000528369,0.000581208,0.60368,0.000687564,0.000511425,0.000459551,1.82819e-06,2.35968e-05,8.26402e-06,2.21023e-05
10.0798,-1.95556e-05,2.79716e-05,8.32702e-06,2.67034e-05,0.984385,0.00078075,0.000525547,0.000577384,0.604278,0.000687699,0.000508941,0.000462503,1.18195e-06,2.36476e-05,8.24055e-06,2.21653e-05
10.0879,-1.95104e-05,2.81165e-05,8.31208e-06,2.68597e-05,0.984347,0.000775963,0.000522639,0.000573557,0.604879,0.000687788,0.000506362,0.000465457,5.81229e-07,2.36976e-05,8.21418e-06,2.22284e-05
10.0959,-1.947e-05,2.82615e-05,8.29719e-06,2.70161e-05,0.984309,0.000771145,0.000519688,0.000569726,0.605482,0.00068786,0.000503725,0.000468414,2.53692e-08,2.37467e-05,8.185e-06,2.22915e-05
10.104,-1.94346e-05,2.84069e-05,8.28237e-06,2.71727e-05,0.98427,0.000766323,0.000516736,0.000565893,0.606088,0.00068794,0.000501067,0.000471373,-4.86288e-07,2.3795e-05,8.15311e-06,2.23547e-05
10.112,-1.94039e-05,2.85525e-05,8.26764e-06,2.73293e-05,0.98423,0.000761526,0.000513824,0.000562057,0.606695,0.000688054,0.000498423,0.000474334,-9.54401e-07,2.38427e-05,8.11859e-06,2.24179e-05
10.1201,-1.9378e-05,2.86984e-05,8.25302e-06,2.74861e-05,0.98419,0.000756782,0.000510992,0.000558217,0.607305,0.000688228,0.000495827,0.000477298,-1.37963e-06,2.38896e-05,8.08157e-06,2.24811e-05
10.1282,-1.93568e-05,2.88446e-05,8.23851e-06,2.7643e-05,0.984149,0.000752116,0.000508279,0.000554375,0.607915,0.000688485,0.000493314,0.000480264,-1.76263e-06,2.39359e-05,8.04213e-06,2.25444e-05
10.1362,-1.93402e-05,2.8991e-05,8.22416e-06,2.78e-05,0.984107,0.000747556,0.000505724,0.000550529,0.608526,0.000688849,0.000490917,0.000483232,-2.10406e-06,2.39816e-05,8.0004e-06,2.26078e-05
10.1443,-1.93282e-05,2.91377e-05,8.20996e-06,2.79572e-05,0.984065,0.000743125,0.000503364,0.00054668,0.609137,0.000689339,0.000488667,0.000486203,-2.40458e-06,2.40269e-05,7.95647e-06,2.26712e-05
10.1524,-1.93208e-05,2.92848e-05,8.19595e-06,2.81145e-05,0.984023,0.000738848,0.000501232,0.000542829,0.609749,0.000689976,0.000486594,0.000489176,-2.66485e-06,2.40716e-05,7.91048e-06,2.27347e-05
10.1605,-1.93179e-05,2.94321e-05,8.18214e-06,2.82719e-05,0.98398,0.000734748,0.000499361,0.000538974,0.61036,0.000690776,0.000484725,0.000492152,-2.88553e-06,2.41159e-05,7.86254e-06,2.27982e-05
10.1686,-1.93195e-05,2.95202e-05,8.16855e-06,2.83675e-05,0.983937,0.000733775,0.000497779,0.000539113,0.610971,0.000689994,0.000483087,0.000492665,-3.06728e-06,2.40516e-05,7.81277e-06,2.27474e-05
10.1767,-1.93255e-05,2.95548e-05,8.1552e-06,2.84074e-05,0.983894,0.000735671,0.000496511,0.000542853,0.611581,0.000687805,0.000481702,0.000490958,-3.21074e-06,2.38893e-05,7.7613e-06,2.25934e-05
10.1848,-1.93358e-05,2.95896e-05,8.1421e-06,2.84473e-05,0.983851,0.000737813,0.00049558,0.000546596,0.612189,0.000685807,0.00048059,0.000489249,-3.3166e-06,2.37264e-05,7.70826e-06,2.24393e-05
10.193,-1.93505e-05,2.96245e-05,8.12928e-06,2.84872e-05,0.983808,0.000740207,0.000495005,0.000550343,0.612796,0.000684012,0.000479769,0.000487539,-3.38549e-06,2.35628e-05,7.65378e-06,2.22851e-05
10.2011,-1.93694e-05,2.96595e-05,8.11675e-06,2.85272e-05,0.983764,0.000742861,0.000494798,0.000554092,0.6134,0.00068243,0.000479252,0.000485828,-3.41808e-06,2.33987e-05,7.59801e-06,2.21308e-05
10.2092,-1.93925e-05,2.96946e-05,8.10453e-06,2.85672e-05,0.983721,0.000745779,0.00049497,0.000557844,0.614003,0.000681069,0.000479049,0.000484115,-3.41503e-06,2.32342e-05,7.54108e-06,2.19763e-05
10.2174,-1.94198e-05,2.97299e-05,8.09264e-06,2.86073e-05,0.983677,0.00074896,0.000495527,0.000561599,0.614602,0.000679935,0.000479166,0.000482401,-3.377e-06,2.30692e-05,7.48314e-06,2.18218e-05
10.2255,-1.94512e-05,2.97653e-05,8.0811e-06,2.86474e-05,0.983634,0.000752402,0.000496468,0.000565358,0.615199,0.000679031,0.000479608,0.000480686,-3.30465e-06,2.29038e-05,7.42433e-06,2.16671e-05
10.2337,-1.94867e-05,2.98009e-05,8.06993e-06,2.86875e-05,0.983591,0.000756102,0.00049779,0.000569119,0.615792,0.000678357,0.000480372,0.000478969,-3.19863e-06,2.2738e-05,7.36481e-06,2.15122e-05
10.2418,-1.95263e-05,2.98366e-05,8.05913e-06,2.87276e-05,0.983548,0.000760052,0.000499484,0.000572883,0.616381,0.000677914,0.000481455,0.000477251,-3.0596e-06,2.25719e-05,7.30472e-06,2.13573e-05
10.25,-1.95698e-05,2.98725e-05,8.04874e-06,2.87678e-05,0.983506,0.000764242,0.000501538,0.00057665,0.616966,0.000677697,0.000482849,0.000475531,-2.88822e-06,2.24056e-05,7.24423e-06,2.12022e-05
10.2582,-1.96172e-05,2.99086e-05,8.03876e-06,2.8808e-05,0.983463,0.000768661,0.000503936,0.000580421,0.617546,0.000677699,0.00048454,0.00047381,-2.68515e-06,2.22392e-05,7.18349e-06,2.1047e-05
10.2664,-1.96685e-05,2.99448e-05,8.02922e-06,2.88482e-05,0.983422,0.000773293,0.000506655,0.000584194,0.618122,0.000677912,0.000486516,0.000472088,-2.45106e-06,2.20725e-05,7.12268e-06,2.08917e-05
10.2746,-1.97236e-05,2.99811e-05,8.02013e-06,2.88885e-05,0.98338,0.000778123,0.000509673,0.00058797,0.618692,0.000678326,0.000488757,0.000470364,-2.18659e-06,2.19058e-05,7.06194e-06,2.07363e-05
10.2828,-1.97826e-05,3.00177e-05,8.01151e-06,2.89288e-05,0.983339,0.000783133,0.000512962,0.00059175,0.619257,0.000678927,0.000491242,0.000468639,-1.8924e-06,2.1739e-05,7.00146e-06,2.05807e-05
10.291,-1.98452e-05,3.00544e-05,8.00337e-06,2.89691e-05,0.983299,0.000788303,0.000516491,0.000595532,0.619816,0.0006797,0.000493948,0.000466913,-1.56916e-06,2.15723e-05,6.94139e-06,2.0425e-05
10.2992,-1.99115e-05,3.00912e-05,7.99572e-06,2.90095e-05,0.98326,0.00079361,0.000520227,0.000599317,0.620368,0.000680629,0.000496848,0.000465185,-1.21752e-06,2.14056e-05,6.88192e-06,2.02692e-05
10.3074,-1.99815e-05,3.01283e-05,7.9886e-06,2.90499e-05,0.983221,0.000799033,0.000524135,0.000603106,0.620914,0.000681694,0.000499915,0.000463456,-8.38146e-07,2.12391e-05,6.82321e-06,2.01133e-05
10.3156,-2.00551e-05,3.01655e-05,7.982e-06,2.90903e-05,0.983183,0.000804548,0.000528179,0.000606897,0.621453,0.000682875,0.000503118,0.000461726,-4.3169e-07,2.10728e-05,6.76544e-06,1.99572e-05
10.3238,-2.01322e-05,3.0203e-05,7.97595e-06,2.91308e-05,0.983146,0.000810128,0.000532319,0.000610691,0.621985,0.000684151,0.000506427,0.000459994,1.18721e-09,2.09067e-05,6.70879e-06,1.9801e-05
10.3321,-2.02128e-05,3.02093e-05,7.97045e-06,2.91389e-05,0.983109,0.000813973,0.000536517,0.000612128,0.622509,0.000687047,0.000509807,0.000460576,4.59828e-07,2.07616e-05,6.65342e-06,1.96666e-05
10.3403,-2.02968e-05,3.01776e-05,7.96553e-06,2.91073e-05,0.983074,0.00081567,0.000540732,0.000610678,0.623025,0.000691875,0.000513226,0.000463993,9.43572e-07,2.06423e-05,6.59953e-06,1.95589e-05
10.3486,-2.03843e-05,3.0146e-05,7.96119e-06,2.90758e-05,0.98304,0.000817372,0.000544922,0.000609226,0.623532,0.000696707,0.00051665,0.000467412,1.45176e-06,2.05235e-05,6.54727e-06,1.94511e-05
10.3568,-2.04751e-05,3.01145e-05,7.95746e-06,2.90442e-05,0.983006,0.000819049,0.000549048,0.000607773,0.624031,0.000701519,0.000520042,0.000470834,1.98374e-06,2.04051e-05,6.49682e-06,1.93433e-05
10.3651,-2.05691e-05,3.00832e-05,7.95434e-06,2.90125e-05,0.982974,0.000820674,0.000553066,0.000606319,0.62452,0.000706284,0.000523369,0.000474259,2.53885e-06,2.02874e-05,6.44835e-06,1.92353e-05
10.3734,-2.06665e-05,3.0052e-05,7.95184e-06,2.89809e-05,0.982943,0.000822216,0.000556937,0.000604864,0.625,0.000710976,0.000526595,0.000477686,3.11642e-06,2.01702e-05,6.40203e-06,1.91272e-05
10.3816,-2.0767e-05,3.0021e-05,7.94998e-06,2.89492e-05,0.982913,0.000823647,0.000560619,0.000603408,0.62547,0.000715569,0.000529685,0.000481117,3.71581e-06,2.00537e-05,6.35802e-06,1.90191e-05
10.3899,-2.08707e-05,2.99901e-05,7.94877e-06,2.89175e-05,0.982884,0.000824937,0.000564072,0.00060195,0.62593,0.000720038,0.000532603,0.00048455,4.33635e-06,1.99379e-05,6.31648e-06,1.89109e-05
10.3982,-2.09775e-05,2.99594e-05,7.94822e-06,2.88858e-05,0.982857,0.000826056,0.000567255,0.000600492,0.62638,0.000724357,0.000535317,0.000487985,4.97738e-06,1.98228e-05,6.27755e-06,1.88026e-05
10.4065,-2.10873e-05,2.99288e-05,7.94833e-06,2.88541e-05,0.982831,0.000826975,0.000570131,0.000599032,0.626818,0.000728503,0.000537791,0.000491424,5.63825e-06,1.97086e-05,6.2414e-06,1.86942e-05
10.4148,-2.12002e-05,2.98984e-05,7.94913e-06,2.88223e-05,0.982807,0.000827666,0.00057266,0.000597571,0.627245,0.00073245,0.000539992,0.000494865,6.3183e-06,1.95951e-05,6.20814e-06,1.85857e-05
10.4231,-2.1316e-05,2.98681e-05,7.95062e-06,2.87905e-05,0.982784,0.000828098,0.000574805,0.000596109,0.627661,0.000736176,0.000541889,0.000498309,7.01687e-06,1.94826e-05,6.17792e-06,1.84771e-05
10.4314,-2.14347e-05,2.9838e-05,7.95281e-06,2.87587e-05,0.982763,0.000828245,0.00057653,0.000594645,0.628065,0.00073966,0.00054345,0.000501756,7.73329e-06,1.9371e-05,6.15084e-06,1.83685e-05
10.4397,-2.15563e-05,2.98081e-05,7.9557e-06,2.87268e-05,0.982744,0.00082808,0.000577801,0.000593181,0.628456,0.000742879,0.000544644,0.000505205,8.46692e-06,1.92603e-05,6.12702e-06,1.82598e-05
10.4481,-2.16807e-05,2.97783e-05,7.95931e-06,2.86949e-05,0.982726,0.000827577,0.000578582,0.000591715,0.628835,0.000745815,0.000545443,0.000508657,9.21709e-06,1.91506e-05,6.10655e-06,1.81509e-05
10.4564,-2.18079e-05,2.97488e-05,7.96364e-06,2.8663e-05,0.982709,0.000826712,0.000578843,0.000590249,0.629201,0.000748449,0.000545818,0.000512112,9.98315e-06,1.9042e-05,6.08952e-06,1.8042e-05
10.4647,-2.19378e-05,2.97194e-05,7.9687e-06,2.86311e-05,0.982695,0.00082546,0.000578552,0.000588781,0.629553,0.000750765,0.000545743,0.00051557,1.07644e-05,1.89344e-05,6.07599e-06,1.7933e-05
10.4731,-2.20703e-05,2.96901e-05,7.97449e-06,2.85991e-05,0.982683,0.000823801,0.00057768,0.000587311,0.629892,0.000752748,0.000545194,0.000519031,1.15603e-05,1.88279e-05,6.06603e-06,1.78239e-05
10.4814,-2.22055e-05,2.96611e-05,7.98102e-06,2.85672e-05,0.982672,0.000821715,0.0005762,0.000585841,0.630216,0.000754384,0.000544146,0.000522494,1.237e-05,1.87225e-05,6.05966e-06,1.77148e-05
10.4898,-2.23433e-05,2.96322e-05,7.9883e-06,2.85352e-05,0.982664,0.000819185,0.000574087,0.00058437,0.630526,0.000755663,0.00054258,0.00052596,1.3193e-05,1.86183e-05,6.05693e-06,1.76055e-05
10.4982,-2.24836e-05,2.9624e-05,7.99633e-06,2.85244e-05,0.982657,0.000817279,0.000571319,0.000584414,0.630821,0.000756219,0.000540477,0.000528916,1.40286e-05,1.85519e-05,6.05784e-06,1.7535e-05
10.5065,-2.26263e-05,2.96503e-05,8.00511e-06,2.85492e-05,0.982653,0.000816739,0.000567879,0.000587006,0.631102,0.000755798,0.000537823,0.000531015,1.48762e-05,1.85484e-05,6.0624e-06,1.75297e-05
10.5149,-2.27715e-05,2.96768e-05,8.01465e-06,2.85741e-05,0.98265,0.00081577,0.000563786,0.000589599,0.631367,0.000755014,0.000534634,0.000533116,1.5735e-05,1.8546e-05,6.07057e-06,1.75243e-05
10.5233,-2.2919e-05,2.97036e-05,8.02495e-06,2.8599e-05,0.98265,0.000814406,0.000559073,0.000592194,0.631617,0.000753893,0.00053094,0.000535218,1.66044e-05,1.85448e-05,6.08234e-06,1.75189e-05
10.5317,-2.30689e-05,2.97306e-05,8.03601e-06,2.86239e-05,0.982652,0.00081268,0.00055378,0.000594792,0.631853,0.000752466,0.000526773,0.000537322,1.74838e-05,1.85447e-05,6.09764e-06,1.75136e-05
10.5401,-2.32211e-05,2.97578e-05,8.04784e-06,2.86488e-05,0.982656,0.000810629,0.000547945,0.000597391,0.632074,0.000750761,0.000522169,0.000539428,1.83724e-05,1.85458e-05,6.11643e-06,1.75082e-05
10.5485,-2.33755e-05,2.97852e-05,8.06042e-06,2.86738e-05,0.982662,0.000808291,0.000541611,0.000599992,0.632282,0.000748811,0.000517163,0.000541535,1.92698e-05,1.85481e-05,6.13862e-06,1.75028e-05
10.5569,-2.35321e-05,2.98128e-05,8.07377e-06,2.86988e-05,0.98267,0.000805704,0.000534824,0.000602596,0.632475,0.000746648,0.000511795,0.000543644,2.01751e-05,1.85515e-05,6.16413e-06,1.74975e-05
10.5654,-2.36908e-05,2.98407e-05,8.08789e-06,2.87238e-05,0.98268,0.000802909,0.00052763,0.000605202,0.632655,0.000744306,0.000506106,0.000545755,2.10877e-05,1.8556e-05,6.19286e-06,1.74921e-05
10.5738,-2.38516e-05,2.98688e-05,8.10277e-06,2.87488e-05,0.982692,0.000799946,0.000520078,0.00060781,0.632822,0.00074182,0.000500139,0.000547867,2.2007e-05,1.85615e-05,6.2247e-06,1.74867e-05
10.5822,-2.40145e-05,2.98972e-05,8.11841e-06,2.87738e-05,0.982706,0.000796858,0.000512222,0.000610419,0.632975,0.000739224,0.000493937,0.000549981,2.29323e-05,1.85682e-05,6.25953e-06,1.74813e-05
10.5907,-2.41794e-05,2.99257e-05,8.13481e-06,2.87989e-05,0.982722,0.000793686,0.000504113,0.000613031,0.633116,0.000736555,0.000487547,0.000552097,2.38629e-05,1.85758e-05,6.29721e-06,1.74759e-05
10.5991,-2.43461e-05,2.99545e-05,8.15196e-06,2.88239e-05,0.98274,0.000790472,0.00049581,0.000615645,0.633244,0.000733847,0.000481018,0.000554214,2.47982e-05,1.85845e-05,6.33762e-06,1.74705e-05
10.6076,-2.45148e-05,2.99835e-05,8.16987e-06,2.8849e-05,0.98276,0.000787258,0.000487369,0.000618261,0.63336,0.000731136,0.000474398,0.000556333,2.57376e-05,1.85941e-05,6.38059e-06,1.74651e-05
10.616,-2.46854e-05,3.00128e-05,8.18853e-06,2.88741e-05,0.982782,0.000784086,0.000478852,0.000620879,0.633463,0.000728457,0.000467738,0.000558454,2.66803e-05,1.86047e-05,6.426e-06,1.74597e-05
10.6245,-2.48577e-05,3.00423e-05,8.20794e-06,2.88993e-05,0.982806,0.000780996,0.000470321,0.0006235,0.633555,0.000725845,0.000461091,0.000560577,2.76258e-05,1.86161e-05,6.47367e-06,1.74543e-05
10.633,-2.50318e-05,3.0072e-05,8.22808e-06,2.89244e-05,0.982831,0.000778027,0.000461841,0.000626122,0.633635,0.000723333,0.00045451,0.000562701,2.85733e-05,1.86284e-05,6.52345e-06,1.74489e-05
10.6414,-2.52076e-05,3.01019e-05,8.24897e-06,2.89496e-05,0.982859,0.000775219,0.000453478,0.000628747,0.633703,0.000720955,0.000448048,0.000564827,2.95221e-05,1.86415e-05,6.57517e-06,1.74434e-05
10.6499,-2.5385e-05,3.01321e-05,8.27058e-06,2.89748e-05,0.982888,0.000772608,0.000445299,0.000631373,0.633761,0.000718741,0.000441759,0.000566954,3.04718e-05,1.86554e-05,6.62867e-06,1.7438e-05
10.6584,-2.5564e-05,3.01624e-05,8.29291e-06,2.9e-05,0.982919,0.000770229,0.000437372,0.000634002,0.633807,0.000716722,0.000435699,0.000569083,3.14215e-05,1.867e-05,6.68378e-06,1.74326e-05
10.6669,-2.57446e-05,3.01517e-05,8.31596e-06,2.89822e-05,0.982952,0.000768642,0.000429766,0.000637269,0.633843,0.000715993,0.00042992,0.000572551,3.23706e-05,1.87105e-05,6.74034e-06,1.74543e-05
10.6754,-2.59267e-05,3.00434e-05,8.33973e-06,2.88627e-05,0.982987,0.000768615,0.000422549,0.000642045,0.633868,0.000718077,0.000424475,0.000579185,3.33185e-05,1.88114e-05,6.79816e-06,1.75401e-05
10.684,-2.61103e-05,2.99354e-05,8.36419e-06,2.87431e-05,0.983024,0.000768935,0.000415786,0.000646826,0.633883,0.000720485,0.000419415,0.000585824,3.42645e-05,1.89128e-05,6.8571e-06,1.76259e-05
10.6925,-2.62953e-05,2.98275e-05,8.38935e-06,2.86234e-05,0.983063,0.000769624,0.000409543,0.00065161,0.633889,0.000723233,0.000414787,0.000592468,3.52079e-05,1.90146e-05,6.91696e-06,1.77119e-05
10.701,-2.64816e-05,2.97199e-05,8.41519e-06,2.85036e-05,0.983103,0.000770699,0.00040388,0.000656398,0.633884,0.000726336,0.000410636,0.000599117,3.61482e-05,1.91168e-05,6.9776e-06,1.77979e-05
10.7095,-2.66693e-05,2.96124e-05,8.44171e-06,2.83837e-05,0.983145,0.000772175,0.000398852,0.000661189,0.63387,0.000729802,0.000407003,0.000605772,3.70845e-05,1.92193e-05,7.03885e-06,1.78839e-05
10.7181,-2.68582e-05,2.95052e-05,8.4689e-06,2.82637e-05,0.983189,0.000774063,0.00039451,0.000665985,0.633847,0.000733639,0.000403923,0.000612432,3.80163e-05,1.9322e-05,7.10054e-06,1.79701e-05
10.7266,-2.70483e-05,2.93983e-05,8.49674e-06,2.81436e-05,0.983235,0.00077637,0.000390895,0.000670784,0.633815,0.000737851,0.000401427,0.000619097,3.8943e-05,1.9425e-05,7.16251e-06,1.80563e-05
10.7352,-2.72396e-05,2.92915e-05,8.52524e-06,2.80234e-05,0.983282,0.000779098,0.000388041,0.000675587,0.633774,0.000742438,0.000399536,0.000625768,3.98637e-05,1.95281e-05,7.22461e-06,1.81425e-05
10.7438,-2.74321e-05,2.9185e-05,8.55437e-06,2.79031e-05,0.983331,0.000782247,0.000385971,0.000680394,0.633724,0.000747397,0.000398267,0.000632444,4.0778e-05,1.96313e-05,7.28669e-06,1.82289e-05
10.7523,-2.76256e-05,2.90787e-05,8.58412e-06,2.77828e-05,0.983382,0.000785811,0.0003847,0.000685205,0.633666,0.000752722,0.00039763,0.000639125,4.16851e-05,1.97345e-05,7.3486e-06,1.83153e-05
10.7609,-2.78201e-05,2.89726e-05,8.61449e-06,2.76623e-05,0.983434,0.000789783,0.000384227,0.000690019,0.633601,0.000758405,0.000397625,0.000645811,4.25844e-05,1.98378e-05,7.41018e-06,1.84018e-05
10.7695,-2.80156e-05,2.88668e-05,8.64547e-06,2.75417e-05,0.983488,0.00079415,0.000384545,0.000694838,0.633527,0.000764434,0.000398245,0.000652503,4.34752e-05,1.99409e-05,7.4713e-06,1.84883e-05
10.7781,-2.8212e-05,2.87612e-05,8.67704e-06,2.74211e-05,0.983544,0.000798898,0.000385634,0.00069966,0.633446,0.000770796,0.000399476,0.000659201,4.43569e-05,2.00439e-05,7.53181e-06,1.8575e-05
10.7867,-2.84093e-05,2.86558e-05,8.70919e-06,2.73003e-05,0.983601,0.000804007,0.000387462,0.000704486,0.633358,0.000777474,0.000401297,0.000665903,4.52287e-05,2.01467e-05,7.59159e-06,1.86616e-05
10.7953,-2.86074e-05,2.85507e-05,8.74191e-06,2.71794e-05,0.98366,0.000809457,0.000389989,0.000709316,0.633262,0.000784451,0.00040368,0.000672611,4.60901e-05,2.02493e-05,7.6505e-06,1.87484e-05
10.8039,-2.88064e-05,2.84458e-05,8.77518e-06,2.70585e-05,0.983721,0.000815225,0.000393168,0.00071415,0.63316,0.000791705,0.00040659,0.000679324,4.69404e-05,2.03516e-05,7.70842e-06,1.88352e-05
10.8125,-2.9006e-05,2.83412e-05,8.809e-06,2.69374e-05,0.983783,0.000821284,0.000396944,0.000718988,0.633051,0.000799216,0.00040999,0.000686043,4.77789e-05,2.04535e-05,7.76521e-06,1.89221e-05
10.8211,-2.92063e-05,2.82368e-05,8.84335e-06,2.68163e-05,0.983847,0.000827608,0.000401255,0.000723829,0.632936,0.000806961,0.000413835,0.000692767,4.8605e-05,2.05551e-05,7.82077e-06,1.90091e-05
10.8298,-2.94073e-05,2.81327e-05,8.87822e-06,2.66951e-05,0.983912,0.000834166,0.000406037,0.000728675,0.632815,0.000814914,0.000418079,0.000699496,4.9418e-05,2.06562e-05,7.87499e-06,1.90961e-05
10.8384,-2.96089e-05,2.81312e-05,8.91359e-06,2.66817e-05,0.983979,0.00083922,0.000411224,0.000731564,0.632688,0.000821776,0.000422673,0.000704744,5.02172e-05,2.07823e-05,7.92774e-06,1.92108e-05
10.8471,-2.9811e-05,2.84914e-05,8.94945e-06,2.70494e-05,0.984047,0.000838445,0.000416746,0.000727539,0.632555,0.000824305,0.000427566,0.000704746,5.1002e-05,2.09979e-05,7.97893e-06,1.94229e-05
10.8557,-3.00136e-05,2.88523e-05,8.9858e-06,2.74174e-05,0.984117,0.000837856,0.000422534,0.000723511,0.632417,0.000826985,0.000432707,0.000704748,5.17718e-05,2.1213e-05,8.02846e-06,1.96351e-05
10.8644,-3.02166e-05,2.92139e-05,9.0226e-06,2.77857e-05,0.984189,0.000837424,0.00042852,0.000719479,0.632274,0.000829792,0.000438044,0.00070475,5.25258e-05,2.14277e-05,8.07624e-06,1.98474e-05
10.873,-3.042e-05,2.9576e-05,9.05986e-06,2.81542e-05,0.984262,0.00083712,0.000434638,0.000715444,0.632126,0.0008327,0.000443525,0.000704752,5.32635e-05,2.16419e-05,8.12216e-06,2.006e-05
10.8817,-3.06238e-05,2.99388e-05,9.09756e-06,2.85231e-05,0.984336,0.000836913,0.000440822,0.000711407,0.631973,0.000835685,0.0004491,0.000704754,5.39841e-05,2.18556e-05,8.16616e-06,2.02727e-05
10.8904,-3.08279e-05,3.03022e-05,9.13568e-06,2.88923e-05,0.984412,0.00083677,0.00044701,0.000707365,0.631816,0.00083872,0.000454719,0.000704756,5.4687e-05,2.20688e-05,8.20814e-06,2.04856e-05
10.8991,-3.10322e-05,3.06662e-05,9.17421e-06,2.92617e-05,0.984489,0.00083666,0.000453143,0.000703321,0.631655,0.00084178,0.000460337,0.000704758,5.53715e-05,2.22815e-05,8.24804e-06,2.06987e-05
10.9078,-3.12367e-05,3.10307e-05,9.21314e-06,2.96315e-05,0.984568,0.000836551,0.000459166,0.000699273,0.63149,0.00084484,0.000465906,0.00070476,5.6037e-05,2.24936e-05,8.28579e-06,2.09119e-05
10.9165,-3.14414e-05,3.13959e-05,9.25245e-06,3.00015e-05,0.984648,0.000836412,0.000465027,0.000695223,0.631321,0.000847876,0.000471385,0.000704762,5.66828e-05,2.27051e-05,8.32132e-06,2.11253e-05
10.9252,-3.16462e-05,3.17615e-05,9.29212e-06,3.03719e-05,0.98473,0.000836212,0.000470677,0.000691168,0.631149,0.000850862,0.000476733,0.000704764,5.73083e-05,2.29161e-05,8.35457e-06,2.13389e-05
10.9339,-3.18511e-05,3.21277e-05,9.33215e-06,3.07425e-05,0.984813,0.000835923,0.000476072,0.000687111,0.630974,0.000853777,0.000481913,0.000704766,5.79128e-05,2.31264e-05,8.3855e-06,2.15526e-05
10.9426,-3.20559e-05,3.24945e-05,9.37252e-06,3.11135e-05,0.984897,0.000835515,0.000481173,0.000683051,0.630796,0.000856598,0.00048689,0.000704769,5.84957e-05,2.33362e-05,8.41406e-06,2.17665e-05
10.9513,-3.22607e-05,3.28617e-05,9.41322e-06,3.14847e-05,0.984983,0.000834964,0.000485945,0.000678987,0.630615,0.000859306,0.000491634,0.000704771,5.90562e-05,2.35454e-05,8.44021e-06,2.19806e-05
10.9601,-3.24654e-05,3.32295e-05,9.45422e-06,3.18562e-05,0.98507,0.000834246,0.000490357,0.00067492,0.630431,0.00086188,0.000496118,0.000704773,5.95938e-05,2.37539e-05,8.46392e-06,2.21949e-05
10.9688,-3.267e-05,3.35978e-05,9.49553e-06,3.2228e-05,0.985159,0.000833339,0.000494384,0.000670849,0.630246,0.000864306,0.000500317,0.000704775,6.01077e-05,2.39619e-05,8.48517e-06,2.24093e-05
10.9776,-3.28744e-05,3.39666e-05,9.53712e-06,3.26002e-05,0.985248,0.000832226,0.000498007,0.000666776,0.630058,0.000866568,0.000504211,0.000704777,6.05974e-05,2.41693e-05,8.50395e-06,2.26239e-05
10.9863,-3.30786e-05,3.43358e-05,9.57897e-06,3.29726e-05,0.985339,0.000830893,0.000501211,0.000662699,0.629869,0.000868654,0.000507786,0.000704779,6.10621e-05,2.43762e-05,8.52023e-06,2.28386e-05
10.9951,-3.32824e-05,3.47055e-05,9.62108e-06,3.33453e-05,0.985432,0.000829328,0.000503989,0.000658619,0.629678,0.000870556,0.00051103,0.000704781,6.15012e-05,2.45825e-05,8.53404e-06,2.30536e-05
11.0039,-3.3486e-05,3.50757e-05,9.66344e-06,3.37183e-05,0.985525,0.000827526,0.000506341,0.000654536,0.629486,0.000872269,0.000513939,0.000704783,6.19144e-05,2.47882e-05,8.54542e-06,2.32687e-05
11.0126,-3.36892e-05,3.5359e-05,9.70602e-06,3.40008e-05,0.98562,0.000825956,0.000508296,0.000651029,0.629293,0.000873417,0.000516528,0.000704312,6.23022e-05,2.49509e-05,8.55451e-06,2.34386e-05
11.0214,-3.38919e-05,3.5126e-05,9.74881e-06,3.3746e-05,0.985716,0.000826888,0.000509908,0.000650951,0.629099,0.00087215,0.000518836,0.000701039,6.26649e-05,2.48607e-05,8.56146e-06,2.334e-05
11.0302,-3.40942e-05,3.48931e-05,9.79181e-06,3.34911e-05,0.985813,0.000827648,0.000511241,0.000650872,0.628904,0.000870756,0.000520906,0.000697763,6.30029e-05,2.47698e-05,8.56641e-06,2.32413e-05
11.039,-3.42959e-05,3.46605e-05,9.83499e-06,3.32359e-05,0.985912,0.000828277,0.000512358,0.000650794,0.628709,0.000869258,0.000522782,0.000694485,6.33167e-05,2.46782e-05,8.56952e-06,2.31425e-05
11.0478,-3.44971e-05,3.44281e-05,9.87834e-06,3.29805e-05,0.986011,0.000828814,0.000513325,0.000650715,0.628513,0.000867683,0.00052451,0.000691203,6.36065e-05,2.4586e-05,8.57095e-06,2.30437e-05
11.0566,-3.46976e-05,3.4196e-05,9.92185e-06,3.27249e-05,0.986111,0.000829301,0.00051421,0.000650636,0.628318,0.000866056,0.000526137,0.00068792,6.38729e-05,2.44933e-05,8.57085e-06,2.29447e-05
11.0655,-3.48975e-05,3.39641e-05,9.96551e-06,3.24692e-05,0.986212,0.00082978,0.000515082,0.000650558,0.628122,0.000864407,0.000527709,0.000684634,6.41163e-05,2.44001e-05,8.5694e-06,2.28457e-05
11.0743,-3.50966e-05,3.37324e-05,1.00093e-05,3.22132e-05,0.986315,0.000830293,0.000516008,0.000650479,0.627926,0.000862764,0.000529275,0.000681345,6.43369e-05,2.43064e-05,8.56675e-06,2.27467e-05
11.0831,-3.5295e-05,3.3501e-05,1.00532e-05,3.1957e-05,0.986418,0.000830884,0.000517057,0.0006504,0.627731,0.000861156,0.00053088,0.000678053,6.45354e-05,2.42123e-05,8.56307e-06,2.26475e-05
11.092,-3.54926e-05,3.32698e-05,1.00972e-05,3.17006e-05,0.986521,0.000831593,0.000518294,0.000650321,0.627536,0.000859611,0.00053257,0.000674759,6.47119e-05,2.41179e-05,8.55853e-06,2.25483e-05
11.1008,-3.56893e-05,3.30389e-05,1.01413e-05,3.1444e-05,0.986626,0.000832459,0.000519783,0.000650242,0.627342,0.000858157,0.000534389,0.000671462,6.48671e-05,2.40232e-05,8.55331e-06,2.24489e-05
11.1097,-3.58851e-05,3.28083e-05,1.01855e-05,3.11872e-05,0.986731,0.000833523,0.000521583,0.000650163,0.627148,0.000856822,0.000536379,0.000668163,6.50011e-05,2.39283e-05,8.54757e-06,2.23496e-05
11.1185,-3.608e-05,3.2578e-05,1.02298e-05,3.09302e-05,0.986837,0.00083482,0.000523751,0.000650084,0.626956,0.000855633,0.00053858,0.000664861,6.51146e-05,2.38332e-05,8.5415e-06,2.22501e-05
11.1274,-3.62738e-05,3.23479e-05,1.02741e-05,3.06729e-05,0.986944,0.000836383,0.000526337,0.000650005,0.626765,0.000854615,0.000541027,0.000661556,6.52077e-05,2.37381e-05,8.53525e-06,2.21505e-05
11.1363,-3.64666e-05,3.21181e-05,1.03185e-05,3.04155e-05,0.987051,0.000838244,0.000529387,0.000649925,0.626575,0.000853791,0.000543753,0.000658249,6.52811e-05,2.36429e-05,8.52901e-06,2.20509e-05
11.1452,-3.66582e-05,3.18887e-05,1.03629e-05,3.01579e-05,0.987158,0.00084043,0.000532938,0.000649846,0.626386,0.000853184,0.000546788,0.000654939,6.5335e-05,2.35477e-05,8.52295e-06,2.19512e-05
11.154,-3.68488e-05,3.16595e-05,1.04073e-05,2.99001e-05,0.987266,0.000842965,0.000537023,0.000649767,0.626199,0.000852813,0.000550157,0.000651626,6.53699e-05,2.34526e-05,8.51724e-06,2.18514e-05
11.1629,-3.70381e-05,3.14307e-05,1.04517e-05,2.9642e-05,0.987375,0.000845869,0.000541664,0.000649687,0.626014,0.000852695,0.000553879,0.000648311,6.53862e-05,2.33577e-05,8.51204e-06,2.17515e-05
11.1718,-3.72261e-05,3.12021e-05,1.04961e-05,2.93838e-05,0.987483,0.000849157,0.00054688,0.000649608,0.625831,0.000852846,0.00055797,0.000644993,6.53842e-05,2.3263e-05,8.50753e-06,2.16515e-05
11.1808,-3.74129e-05,3.0974e-05,1.05405e-05,2.91253e-05,0.987593,0.000852841,0.000552677,0.000649528,0.62565,0.000853278,0.000562441,0.000641673,6.53645e-05,2.31686e-05,8.50387e-06,2.15515e-05
11.1897,-3.75983e-05,3.07719e-05,1.05849e-05,2.88941e-05,0.987702,0.000857245,0.000559056,0.000649867,0.625472,0.000854269,0.000567297,0.000638709,6.53273e-05,2.30764e-05,8.50121e-06,2.14534e-05
11.1986,-3.77823e-05,3.0922e-05,1.06292e-05,2.90377e-05,0.987811,0.000866366,0.00056601,0.000655914,0.625295,0.00085921,0.000572539,0.000640656,6.52731e-05,2.30103e-05,8.49973e-06,2.13829e-05
11.2075,-3.79649e-05,3.10722e-05,1.06735e-05,2.91815e-05,0.987921,0.000875859,0.000573524,0.000661966,0.625122,0.000864415,0.000578164,0.000642605,6.52023e-05,2.29446e-05,8.49956e-06,2.13123e-05
11.2165,-3.8146e-05,3.12225e-05,1.07177e-05,2.93253e-05,0.988031,0.000885713,0.000581578,0.000668023,0.624951,0.000869882,0.000584162,0.000644555,6.51153e-05,2.28795e-05,8.50085e-06,2.12416e-05
11.2254,-3.83255e-05,3.13729e-05,1.07618e-05,2.94693e-05,0.988141,0.000895912,0.000590143,0.000674085,0.624784,0.000875604,0.000590519,0.000646506,6.50126e-05,2.28149e-05,8.50375e-06,2.11709e-05
11.2344,-3.85035e-05,3.15233e-05,1.08059e-05,2.96134e-05,0.988251,0.000906438,0.000599186,0.000680151,0.624619,0.000881572,0.000597219,0.000648459,6.48944e-05,2.2751e-05,8.50839e-06,2.11001e-05
11.2433,-3.86798e-05,3.16738e-05,1.08499e-05,2.97576e-05,0.98836,0.000917268,0.000608669,0.000686223,0.624458,0.000887775,0.000604239,0.000650414,6.47612e-05,2.26877e-05,8.51491e-06,2.10293e-05
11.2523,-3.88544e-05,3.18244e-05,1.08937e-05,2.99019e-05,0.98847,0.000928376,0.00061855,0.000692299,0.6243,0.000894196,0.000611555,0.00065237,6.46134e-05,2.26253e-05,8.52341e-06,2.09584e-05
11.2613,-3.90273e-05,3.19751e-05,1.09375e-05,3.00463e-05,0.98858,0.000939734,0.000628781,0.00069838,0.624146,0.00090082,0.000619138,0.000654328,6.44515e-05,2.25636e-05,8.53401e-06,2.08874e-05
11.2703,-3.91985e-05,3.21259e-05,1.09811e-05,3.01908e-05,0.988689,0.000951312,0.000639314,0.000704466,0.623996,0.000907628,0.000626957,0.000656287,6.42758e-05,2.25027e-05,8.54682e-06,2.08164e-05
11.2793,-3.93677e-05,3.22767e-05,1.10246e-05,3.03355e-05,0.988798,0.000963077,0.000650097,0.000710557,0.62385,0.000914597,0.000634977,0.000658248,6.40867e-05,2.24427e-05,8.56193e-06,2.07454e-05
11.2883,-3.95351e-05,3.24275e-05,1.1068e-05,3.04802e-05,0.988907,0.000974994,0.000661076,0.000716652,0.623708,0.000921703,0.000643163,0.000660211,6.38846e-05,2.23837e-05,8.57942e-06,2.06743e-05
11.2973,-3.97006e-05,3.25785e-05,1.11112e-05,3.06251e-05,0.989016,0.000987026,0.000672197,0.000722753,0.62357,0.000928923,0.000651477,0.000662175,6.36699e-05,2.23257e-05,8.59938e-06,2.06031e-05
11.3063,-3.98641e-05,3.27295e-05,1.11543e-05,3.07701e-05,0.989124,0.000999136,0.000683402,0.000728858,0.623437,0.000936228,0.000659879,0.000664141,6.34431e-05,2.22687e-05,8.62187e-06,2.05319e-05
11.3153,-4.00256e-05,3.28805e-05,1.11972e-05,3.09152e-05,0.989231,0.00101129,0.000694638,0.000734969,0.623308,0.000943591,0.000668329,0.000666108,6.32045e-05,2.22127e-05,8.64694e-06,2.04606e-05
11.3243,-4.0185e-05,3.30316e-05,1.12399e-05,3.10605e-05,0.989339,0.00102344,0.000705845,0.000741084,0.623184,0.000950982,0.000676786,0.000668077,6.29546e-05,2.21578e-05,8.67464e-06,2.03892e-05
11.3334,-4.03423e-05,3.31828e-05,1.12824e-05,3.12058e-05,0.989445,0.00103555,0.00071697,0.000747204,0.623065,0.00095837,0.000685208,0.000670047,6.26937e-05,2.21041e-05,8.705e-06,2.03178e-05
11.3424,-4.04974e-05,3.3334e-05,1.13248e-05,3.13513e-05,0.989551,0.00104758,0.000727955,0.000753329,0.622952,0.000965725,0.000693552,0.000672019,6.24223e-05,2.20515e-05,8.73805e-06,2.02464e-05
11.3514,-4.06503e-05,3.34852e-05,1.13669e-05,3.14969e-05,0.989657,0.00105949,0.000738746,0.000759458,0.622843,0.000973014,0.000701776,0.000673992,6.21407e-05,2.20001e-05,8.7738e-06,2.01749e-05
11.3605,-4.08009e-05,3.36365e-05,1.14088e-05,3.16425e-05,0.989762,0.00107125,0.000749289,0.000765593,0.622741,0.000980205,0.000709838,0.000675967,6.18494e-05,2.19499e-05,8.81225e-06,2.01033e-05
11.3696,-4.09492e-05,3.37878e-05,1.14505e-05,3.17884e-05,0.989866,0.0010828,0.000759529,0.000771733,0.622643,0.000987265,0.000717694,0.000677944,6.15487e-05,2.19009e-05,8.8534e-06,2.00317e-05
11.3786,-4.10952e-05,3.42547e-05,1.1492e-05,3.22694e-05,0.989969,0.00108713,0.000769416,0.000768021,0.622552,0.00099122,0.000725304,0.000675612,6.12391e-05,2.17533e-05,8.89722e-06,1.98506e-05
11.3877,-4.12387e-05,3.47248e-05,1.15333e-05,3.27536e-05,0.990071,0.0010912,0.000778898,0.000764226,0.622467,0.000994987,0.000732627,0.000673243,6.0921e-05,2.16064e-05,8.94368e-06,1.96684e-05
11.3968,-4.13798e-05,3.51957e-05,1.15743e-05,3.32381e-05,0.990173,0.00109502,0.000787926,0.000760429,0.622388,0.000998554,0.000739621,0.000670872,6.05947e-05,2.14611e-05,8.99275e-06,1.94861e-05
11.4059,-4.15183e-05,3.56673e-05,1.16151e-05,3.37231e-05,0.990273,0.00109855,0.000796452,0.000756628,0.622315,0.00100189,0.000746248,0.0006685,6.02607e-05,2.13175e-05,9.04438e-06,1.93037e-05
11.415,-4.16543e-05,3.61396e-05,1.16557e-05,3.42084e-05,0.990373,0.00110175,0.000804432,0.000752825,0.622249,0.00100495,0.000752468,0.000666125,5.99194e-05,2.11755e-05,9.09851e-06,1.91212e-05
11.4241,-4.17877e-05,3.66125e-05,1.1696e-05,3.46941e-05,0.990472,0.00110457,0.000811819,0.000749018,0.622189,0.00100772,0.000758245,0.000663749,5.95712e-05,2.10352e-05,9.15508e-06,1.89384e-05
11.4332,-4.19185e-05,3.70861e-05,1.1736e-05,3.51802e-05,0.990569,0.00110698,0.000818573,0.000745209,0.622136,0.00101015,0.000763541,0.00066137,5.92165e-05,2.08966e-05,9.21401e-06,1.87556e-05
11.4423,-4.20465e-05,3.75604e-05,1.17758e-05,3.56667e-05,0.990665,0.00110893,0.000824654,0.000741396,0.62209,0.00101222,0.000768322,0.00065899,5.88556e-05,2.07598e-05,9.27521e-06,1.85726e-05
11.4514,-4.21718e-05,3.80353e-05,1.18153e-05,3.61536e-05,0.990761,0.00111039,0.000830023,0.00073758,0.622052,0.00101389,0.000772555,0.000656608,5.84891e-05,2.06247e-05,9.3386e-06,1.83894e-05
11.4606,-4.22943e-05,3.85108e-05,1.18545e-05,3.66408e-05,0.990854,0.00111132,0.000834646,0.000733761,0.62202,0.00101514,0.000776209,0.000654224,5.81172e-05,2.04914e-05,9.40408e-06,1.82061e-05
11.4697,-4.2414e-05,3.89869e-05,1.18935e-05,3.71285e-05,0.990947,0.0011117,0.00083849,0.000729939,0.621997,0.00101594,0.000779252,0.000651838,5.77404e-05,2.03599e-05,9.47155e-06,1.80227e-05
11.4789,-4.25307e-05,3.94637e-05,1.19322e-05,3.76165e-05,0.991038,0.00111149,0.000841528,0.000726115,0.621981,0.00101626,0.000781659,0.00064945,5.73592e-05,2.02302e-05,9.5409e-06,1.78391e-05
11.488,-4.26445e-05,3.9941e-05,1.19705e-05,3.8105e-05,0.991128,0.00111067,0.000843732,0.000722287,0.621972,0.00101607,0.000783403,0.00064706,5.69738e-05,2.01023e-05,9.61202e-06,1.76553e-05
11.4972,-4.27554e-05,4.04189e-05,1.20086e-05,3.85938e-05,0.991217,0.00110921,0.000845082,0.000718456,0.621972,0.00101537,0.000784462,0.000644669,5.65848e-05,1.99762e-05,9.68479e-06,1.74715e-05
11.5064,-4.28631e-05,4.08974e-05,1.20464e-05,3.9083e-05,0.991304,0.0011071,0.000845563,0.000714622,0.62198,0.00101413,0.000784819,0.000642275,5.61925e-05,1.98518e-05,9.75907e-06,1.72874e-05
11.5155,-4.29678e-05,4.13765e-05,1.2084e-05,3.95726e-05,0.991389,0.00110435,0.000845204,0.000710785,0.621996,0.00101236,0.00078449,0.00063988,5.57973e-05,1.97293e-05,9.83476e-06,1.71033e-05
11.5247,-4.30694e-05,4.18561e-05,1.21212e-05,4.00626e-05,0.991474,0.001101,0.000844063,0.000706944,0.62202,0.00101009,0.000783513,0.000637482,5.53996e-05,1.96085e-05,9.91172e-06,1.69189e-05
11.5339,-4.31677e-05,4.23363e-05,1.21581e-05,4.0553e-05,0.991556,0.00109711,0.000842195,0.000703101,0.622052,0.00100734,0.000781927,0.000635083,5.49998e-05,1.94894e-05,9.98981e-06,1.67345e-05
11.5431,-4.32629e-05,4.28171e-05,1.21947e-05,4.10437e-05,0.991637,0.0010927,0.000839663,0.000699255,0.622091,0.00100416,0.000779772,0.000632682,5.45984e-05,1.93721e-05,1.00689e-05,1.65498e-05
11.5523,-4.33547e-05,4.32983e-05,1.2231e-05,4.15349e-05,0.991717,0.00108783,0.000836529,0.000695405,0.622138,0.00100056,0.000777091,0.000630279,5.41957e-05,1.92566e-05,1.01489e-05,1.63651e-05
11.5615,-4.34432e-05,4.39814e-05,1.2267e-05,4.2236e-05,0.991795,0.0010862,0.000832858,0.000697263,0.622192,0.00100135,0.00077393,0.000635406,5.37922e-05,1.94564e-05,1.02295e-05,1.65501e-05
11.5708,-4.35283e-05,4.4684e-05,1.23027e-05,4.2957e-05,0.991872,0.00108456,0.000828714,0.000699649,0.622254,0.00100229,0.000770333,0.000641232,5.33881e-05,1.96857e-05,1.03108e-05,1.67694e-05
11.58,-4.36101e-05,4.53877e-05,1.23381e-05,4.36786e-05,0.991947,0.00108264,0.000824167,0.000702036,0.622322,0.00100299,0.000766349,0.000647062,5.29841e-05,1.99155e-05,1.03925e-05,1.69889e-05
11.5892,-4.36883e-05,4.60925e-05,1.23732e-05,4.44007e-05,0.99202,0.00108048,0.000819283,0.000704425,0.622397,0.00100347,0.000762024,0.000652897,5.25804e-05,2.01457e-05,1.04745e-05,1.72085e-05
11.5985,-4.3763e-05,4.67983e-05,1.24079e-05,4.51234e-05,0.992093,0.00107815,0.000814133,0.000706816,0.622479,0.00100379,0.000757408,0.000658737,5.21774e-05,2.03762e-05,1.05567e-05,1.74283e-05
11.6077,-4.38341e-05,4.75051e-05,1.24424e-05,4.58467e-05,0.992163,0.00107569,0.000808786,0.000709209,0.622568,0.00100399,0.000752551,0.000664581,5.17756e-05,2.0607e-05,1.06389e-05,1.76483e-05
11.617,-4.39016e-05,4.82129e-05,1.24766e-05,4.65706e-05,0.992233,0.00107317,0.000803312,0.000711604,0.622663,0.00100411,0.000747502,0.00067043,5.13753e-05,2.0838e-05,1.0721e-05,1.78684e-05
11.6263,-4.39655e-05,4.89217e-05,1.25104e-05,4.7295e-05,0.9923,0.00107063,0.00079778,0.000714001,0.622764,0.00100419,0.000742313,0.000676284,5.0977e-05,2.1069e-05,1.08028e-05,1.80888e-05
11.6355,-4.40256e-05,4.96314e-05,1.2544e-05,4.802e-05,0.992367,0.00106813,0.00079226,0.000716399,0.622871,0.00100426,0.000737034,0.000682142,5.05811e-05,2.13001e-05,1.08843e-05,1.83093e-05
11.6448,-4.40819e-05,5.03421e-05,1.25772e-05,4.87456e-05,0.992431,0.00106572,0.00078682,0.0007188,0.622984,0.00100437,0.000731716,0.000688005,5.01879e-05,2.15312e-05,1.09652e-05,1.85299e-05
11.6541,-4.41345e-05,5.10537e-05,1.26102e-05,4.94718e-05,0.992495,0.00106344,0.000781525,0.000721203,0.623103,0.00100455,0.000726408,0.000693873,4.9798e-05,2.17622e-05,1.10454e-05,1.87508e-05
11.6634,-4.41831e-05,5.17662e-05,1.26428e-05,5.01986e-05,0.992557,0.00106135,0.00077644,0.000723607,0.623227,0.00100485,0.00072116,0.000699745,4.94115e-05,2.1993e-05,1.11248e-05,1.89718e-05
11.6727,-4.42279e-05,5.24796e-05,1.26752e-05,5.09259e-05,0.992617,0.00105948,0.000771626,0.000726013,0.623357,0.00100528,0.00071602,0.000705622,4.90291e-05,2.22236e-05,1.12033e-05,1.9193e-05
11.682,-4.42687e-05,5.31939e-05,1.27072e-05,5.16538e-05,0.992676,0.00105788,0.000767142,0.000728422,0.623492,0.00100589,0.000711035,0.000711504,4.86511e-05,2.24538e-05,1.12807e-05,1.94144e-05
11.6913,-4.43055e-05,5.39091e-05,1.2739e-05,5.23823e-05,0.992734,0.00105657,0.00076304,0.000730832,0.623632,0.0010067,0.00070625,0.00071739,4.82778e-05,2.26837e-05,1.13569e-05,1.9636e-05
11.7007,-4.43382e-05,5.46251e-05,1.27705e-05,5.31114e-05,0.99279,0.0010556,0.00075937,0.000733244,0.623778,0.00100773,0.000701707,0.000723281,4.79098e-05,2.29132e-05,1.14318e-05,1.98577e-05
11.71,-4.43669e-05,5.5342e-05,1.28017e-05,5.3841e-05,0.992844,0.00105499,0.000756177,0.000735658,0.623927,0.00100902,0.000697447,0.000729177,4.75473e-05,2.31422e-05,1.15052e-05,2.00797e-05
11.7193,-4.43913e-05,5.60598e-05,1.28326e-05,5.45713e-05,0.992898,0.00105476,0.000753497,0.000738074,0.624082,0.00101059,0.000693507,0.000735077,4.71908e-05,2.33707e-05,1.1577e-05,2.03018e-05
11.7287,-4.44116e-05,5.67784e-05,1.28633e-05,5.53021e-05,0.992949,0.00105493,0.000751364,0.000740492,0.624241,0.00101244,0.00068992,0.000740983,4.68408e-05,2.35986e-05,1.16472e-05,2.0524e-05
11.738,-4.44276e-05,5.74979e-05,1.28937e-05,5.60335e-05,0.992999,0.00105552,0.000749802,0.000742912,0.624405,0.00101461,0.000686717,0.000746893,4.64975e-05,2.38258e-05,1.17155e-05,2.07465e-05
11.7474,-4.44394e-05,5.79857e-05,1.29239e-05,5.65271e-05,0.993048,0.00106061,0.000748827,0.000751097,0.624572,0.00101481,0.000683923,0.000749731,4.61615e-05,2.39757e-05,1.1782e-05,2.08811e-05
11.7568,-4.44467e-05,5.84296e-05,1.29538e-05,5.69755e-05,0.993096,0.00106695,0.000748452,0.000760393,0.624744,0.00101489,0.00068156,0.000751984,4.5833e-05,2.41101e-05,1.18463e-05,2.0999e-05
11.7662,-4.44497e-05,5.88738e-05,1.29835e-05,5.74243e-05,0.993141,0.00107375,0.000748677,0.000769696,0.624919,0.00101528,0.000679644,0.000754238,4.55126e-05,2.42434e-05,1.19086e-05,2.1117e-05
11.7755,-4.44483e-05,5.93183e-05,1.30129e-05,5.78734e-05,0.993186,0.00108102,0.000749498,0.000779006,0.625098,0.00101598,0.000678187,0.000756494,4.52006e-05,2.43758e-05,1.19686e-05,2.12351e-05
11.7849,-4.44423e-05,5.97633e-05,1.30421e-05,5.83229e-05,0.993229,0.00108872,0.000750902,0.000788324,0.625281,0.001017,0.000677194,0.000758751,4.48975e-05,2.4507e-05,1.20262e-05,2.13533e-05
11.7943,-4.44318e-05,6.02086e-05,1.30711e-05,5.87727e-05,0.993271,0.00109684,0.000752869,0.000797649,0.625467,0.00101834,0.000676668,0.000761011,4.46035e-05,2.46372e-05,1.20814e-05,2.14716e-05
11.8037,-4.44167e-05,6.06544e-05,1.30999e-05,5.92229e-05,0.993311,0.00110535,0.000755372,0.000806981,0.625656,0.00101999,0.000676604,0.000763272,4.43192e-05,2.47662e-05,1.21341e-05,2.159e-05
11.8132,-4.4397e-05,6.11005e-05,1.31284e-05,5.96734e-05,0.993349,0.00111423,0.000758377,0.000816321,0.625848,0.00102194,0.000676993,0.000765535,4.40449e-05,2.4894e-05,1.21841e-05,2.17085e-05
11.8226,-4.43726e-05,6.1547e-05,1.31568e-05,6.01243e-05,0.993387,0.00112345,0.000761846,0.000825669,0.626044,0.00102419,0.00067782,0.0007678,4.37811e-05,2.50205e-05,1.22314e-05,2.1827e-05
11.832,-4.43434e-05,6.19939e-05,1.31851e-05,6.05756e-05,0.993422,0.00113297,0.000765732,0.000835024,0.626242,0.00102671,0.000679066,0.000770067,4.35281e-05,2.51458e-05,1.2276e-05,2.19457e-05
11.8415,-4.43095e-05,6.24412e-05,1.32131e-05,6.10272e-05,0.993457,0.00114275,0.000769986,0.000844386,0.626442,0.0010295,0.000680708,0.000772335,4.32864e-05,2.52698e-05,1.23176e-05,2.20645e-05
11.8509,-4.42707e-05,6.28889e-05,1.3241e-05,6.14792e-05,0.99349,0.00115275,0.000774556,0.000853756,0.626645,0.00103253,0.000682717,0.000774606,4.30563e-05,2.53925e-05,1.23563e-05,2.21833e-05
11.8604,-4.42271e-05,6.3337e-05,1.32688e-05,6.19315e-05,0.993521,0.00116294,0.000779383,0.000863133,0.62685,0.00103578,0.000685061,0.000776878,4.28382e-05,2.55138e-05,1.23921e-05,2.23023e-05
11.8698,-4.41785e-05,6.37854e-05,1.32964e-05,6.23842e-05,0.993551,0.00117328,0.000784407,0.000872518,0.627058,0.00103924,0.000687705,0.000779152,4.26327e-05,2.56337e-05,1.24247e-05,2.24213e-05
11.8793,-4.4125e-05,6.42343e-05,1.33239e-05,6.28373e-05,0.99358,0.00118372,0.000789568,0.00088191,0.627267,0.00104287,0.000690611,0.000781427,4.24399e-05,2.57523e-05,1.24543e-05,2.25404e-05
11.8888,-4.40664e-05,6.46836e-05,1.33513e-05,6.32907e-05,0.993607,0.00119421,0.000794801,0.00089131,0.627478,0.00104665,0.000693738,0.000783705,4.22605e-05,2.58694e-05,1.24807e-05,2.26597e-05
11.8982,-4.40028e-05,6.51333e-05,1.33787e-05,6.37445e-05,0.993633,0.00120472,0.000800043,0.000900717,0.627691,0.00105054,0.000697043,0.000785984,4.20947e-05,2.59852e-05,1.25038e-05,2.2779e-05
11.9077,-4.3934e-05,6.55834e-05,1.34059e-05,6.41986e-05,0.993658,0.00121521,0.000805229,0.000910132,0.627905,0.00105453,0.000700482,0.000788265,4.1943e-05,2.60995e-05,1.25238e-05,2.28984e-05
11.9172,-4.386e-05,6.60339e-05,1.34331e-05,6.46531e-05,0.99368,0.00122563,0.000810295,0.000919554,0.62812,0.00105858,0.000704008,0.000790548,4.18057e-05,2.62124e-05,1.25405e-05,2.30179e-05
11.9267,-4.37809e-05,6.64848e-05,1.34603e-05,6.5108e-05,0.993702,0.00123593,0.000815178,0.000928984,0.628337,0.00106266,0.000707574,0.000792833,4.16834e-05,2.63239e-05,1.25539e-05,2.31375e-05
11.9363,-4.36965e-05,6.63325e-05,1.34874e-05,6.49468e-05,0.993722,0.00125344,0.000819814,0.000948161,0.628555,0.00108305,0.000711135,0.00081687,4.15763e-05,2.64038e-05,1.2564e-05,2.3223e-05
11.9458,-4.36067e-05,6.59927e-05,1.35146e-05,6.4594e-05,0.993741,0.00127313,0.000824145,0.000970378,0.628773,0.00110873,0.000714643,0.000847681,4.14849e-05,2.64728e-05,1.25708e-05,2.32978e-05
11.9553,-4.35116e-05,6.56527e-05,1.35418e-05,6.42409e-05,0.993758,0.00129269,0.00082811,0.000992613,0.628992,0.00113463,0.000718051,0.000878518,4.14096e-05,2.65404e-05,1.25743e-05,2.33727e-05
11.9648,-4.34111e-05,6.53126e-05,1.3569e-05,6.38876e-05,0.993774,0.0013121,0.000831653,0.00101487,0.629212,0.00116072,0.000721313,0.000909379,4.13508e-05,2.66066e-05,1.25746e-05,2.34476e-05
11.9744,-4.33051e-05,6.49724e-05,1.35962e-05,6.35339e-05,0.993789,0.00133132,0.000834721,0.00103714,0.629432,0.00118694,0.000724385,0.000940265,4.13089e-05,2.66713e-05,1.25716e-05,2.35226e-05
11.9839,-4.31936e-05,6.46321e-05,1.36235e-05,6.318e-05,0.993802,0.00135033,0.000837263,0.00105942,0.629652,0.00121327,0.000727222,0.000971175,4.12843e-05,2.67346e-05,1.25654e-05,2.35977e-05
11.9935,-4.30766e-05,6.42917e-05,1.3651e-05,6.28258e-05,0.993813,0.00136911,0.000839232,0.00108173,0.629873,0.00123968,0.000729784,0.00100211,4.12774e-05,2.67966e-05,1.2556e-05,2.36728e-05
12.0031,-4.2954e-05,6.39512e-05,1.36785e-05,6.24713e-05,0.993824,0.00138763,0.000840585,0.00110405,0.630093,0.00126614,0.000732031,0.00103307,4.12886e-05,2.68572e-05,1.25436e-05,2.3748e-05
12.0126,-4.28257e-05,6.36107e-05,1.37062e-05,6.21165e-05,0.993833,0.00140589,0.000841283,0.0011264,0.630313,0.00129262,0.000733924,0.00106405,4.13177e-05,2.69167e-05,1.25283e-05,2.38233e-05
12.0222,-4.26916e-05,6.327e-05,1.3734e-05,6.17614e-05,0.99384,0.00142387,0.000841294,0.00114876,0.630532,0.0013191,0.000735428,0.00109506,4.13644e-05,2.6975e-05,1.25104e-05,2.38986e-05
12.0318,-4.25519e-05,6.29293e-05,1.37621e-05,6.14061e-05,0.993846,0.00144158,0.000840588,0.00117113,0.630751,0.00134557,0.000736513,0.0011261,4.14279e-05,2.70324e-05,1.249e-05,2.39739e-05
12.0414,-4.24063e-05,6.25886e-05,1.37903e-05,6.10505e-05,0.993851,0.001459,0.000839145,0.00119353,0.63097,0.001372,0.000737148,0.00115716,4.1508e-05,2.70889e-05,1.24675e-05,2.40494e-05
12.051,-4.22549e-05,6.22478e-05,1.38188e-05,6.06945e-05,0.993854,0.00147614,0.00083695,0.00121594,0.631187,0.00139841,0.00073731,0.00118824,4.1604e-05,2.71448e-05,1.24431e-05,2.41248e-05
12.0606,-4.20976e-05,6.19069e-05,1.38475e-05,6.03384e-05,0.993856,0.00149302,0.000833996,0.00123837,0.631403,0.00142476,0.000736977,0.00121935,4.17154e-05,2.72001e-05,1.24171e-05,2.42004e-05
12.0702,-4.19344e-05,6.15661e-05,1.38765e-05,5.99819e-05,0.993857,0.00150965,0.000830285,0.00126082,0.631618,0.00145107,0.000736133,0.00125048,4.18418e-05,2.72549e-05,1.23898e-05,2.4276e-05
12.0799,-4.17651e-05,6.12252e-05,1.39059e-05,5.96251e-05,0.993856,0.00152605,0.000825832,0.00128329,0.631832,0.00147732,0.000734767,0.00128164,4.19826e-05,2.73095e-05,1.23615e-05,2.43517e-05
12.0895,-4.15899e-05,6.08843e-05,1.39355e-05,5.92681e-05,0.993853,0.00154225,0.00082066,0.00130577,0.632044,0.00150353,0.000732873,0.00131282,4.21373e-05,2.73639e-05,1.23323e-05,2.44274e-05
12.0992,-4.14085e-05,6.05435e-05,1.39656e-05,5.89107e-05,0.99385,0.00155828,0.000814809,0.00132827,0.632255,0.0015297,0.000730454,0.00134403,4.23055e-05,2.74183e-05,1.23027e-05,2.45032e-05
12.1088,-4.1221e-05,6.02026e-05,1.39961e-05,5.85531e-05,0.993845,0.00157419,0.000808342,0.00135079,0.632463,0.00155584,0.000727524,0.00137526,4.24865e-05,2.74727e-05,1.22729e-05,2.4579e-05
12.1185,-4.10273e-05,5.98618e-05,1.40269e-05,5.81952e-05,0.993838,0.00159006,0.000801396,0.00137333,0.63267,0.00158199,0.000724146,0.00140652,4.268e-05,2.75274e-05,1.22431e-05,2.46549e-05
12.1281,-4.08274e-05,6.07801e-05,1.40583e-05,5.9132e-05,0.993831,0.00157464,0.000794132,0.00135972,0.632875,0.0015811,0.000720395,0.00140745,4.28854e-05,2.74602e-05,1.22137e-05,2.45945e-05
12.1378,-4.06212e-05,6.22753e-05,1.40901e-05,6.06604e-05,0.993822,0.0015449,0.000786716,0.00132959,0.633079,0.00156776,0.00071635,0.00139453,4.31021e-05,2.73374e-05,1.21849e-05,2.44717e-05
12.1475,-4.04086e-05,6.37734e-05,1.41225e-05,6.21901e-05,0.993813,0.00151521,0.000779317,0.00129943,0.63328,0.00155431,0.000712094,0.0013816,4.33298e-05,2.7215e-05,1.2157e-05,2.43488e-05
12.1572,-4.01897e-05,6.52743e-05,1.41554e-05,6.3721e-05,0.993802,0.00148565,0.000772105,0.00126926,0.63348,0.0015408,0.000707709,0.00136865,4.35678e-05,2.70931e-05,1.21303e-05,2.42258e-05
12.1669,-3.99643e-05,6.67779e-05,1.41889e-05,6.52531e-05,0.993791,0.00145632,0.000765249,0.00123905,0.633678,0.00152726,0.000703277,0.0013557,4.38157e-05,2.69717e-05,1.2105e-05,2.41028e-05
12.1766,-3.97325e-05,6.82841e-05,1.4223e-05,6.67864e-05,0.993779,0.00142731,0.000758914,0.00120883,0.633875,0.00151373,0.000698881,0.00134274,4.40729e-05,2.68511e-05,1.20815e-05,2.39796e-05
12.1863,-3.94942e-05,6.97928e-05,1.42578e-05,6.8321e-05,0.993767,0.00139873,0.000753257,0.00117857,0.634069,0.00150025,0.000694601,0.00132977,4.4339e-05,2.67313e-05,1.20599e-05,2.38563e-05
12.196,-3.92492e-05,7.1304e-05,1.42932e-05,6.98567e-05,0.993754,0.00137067,0.000748429,0.0011483,0.634263,0.00148685,0.000690516,0.00131679,4.46135e-05,2.66125e-05,1.20405e-05,2.37329e-05
12.2057,-3.89977e-05,7.28176e-05,1.43294e-05,7.13937e-05,0.993741,0.00134324,0.000744566,0.001118,0.634454,0.00147358,0.000686699,0.00130379,4.48958e-05,2.64948e-05,1.20237e-05,2.36095e-05
12.2155,-3.87395e-05,7.43335e-05,1.43664e-05,7.2932e-05,0.993727,0.00131654,0.000741787,0.00108768,0.634645,0.00146046,0.000683223,0.00129079,4.51854e-05,2.63783e-05,1.20095e-05,2.34859e-05
12.2252,-3.84745e-05,7.58516e-05,1.44042e-05,7.44714e-05,0.993713,0.00129067,0.000740193,0.00105733,0.634833,0.00144752,0.000680151,0.00127778,4.54819e-05,2.62632e-05,1.19983e-05,2.33622e-05
12.235,-3.82028e-05,7.7372e-05,1.44428e-05,7.60121e-05,0.9937,0.00126572,0.000739863,0.00102696,0.635021,0.0014348,0.000677541,0.00126475,4.57847e-05,2.61494e-05,1.19902e-05,2.32385e-05
12.2447,-3.79243e-05,7.88946e-05,1.44823e-05,7.7554e-05,0.993686,0.00124177,0.000740853,0.000996561,0.635206,0.00142233,0.000675444,0.00125172,4.60933e-05,2.60372e-05,1.19855e-05,2.31146e-05
12.2545,-3.76389e-05,8.04193e-05,1.45227e-05,7.90971e-05,0.993673,0.00121892,0.00074319,0.000966141,0.635391,0.00141012,0.000673901,0.00123867,4.64073e-05,2.59267e-05,1.19843e-05,2.29907e-05
12.2643,-3.73466e-05,8.19461e-05,1.4564e-05,8.06415e-05,0.99366,0.00119723,0.000746879,0.000935696,0.635574,0.00139821,0.000672946,0.00122562,4.6726e-05,2.58179e-05,1.19868e-05,2.28666e-05
12.2741,-3.70473e-05,8.3475e-05,1.46063e-05,8.21871e-05,0.993647,0.00117677,0.000751895,0.000905228,0.635756,0.0013866,0.000672602,0.00121255,4.7049e-05,2.5711e-05,1.19933e-05,2.27424e-05
12.2839,-3.67411e-05,8.50058e-05,1.46497e-05,8.3734e-05,0.993635,0.00115759,0.000758191,0.000874734,0.635936,0.00137532,0.00067288,0.00119947,4.73758e-05,2.56061e-05,1.20037e-05,2.26182e-05
12.2937,-3.64278e-05,8.65387e-05,1.46942e-05,8.5282e-05,0.993623,0.00113973,0.000765695,0.000844217,0.636115,0.00136437,0.000673783,0.00118639,4.77059e-05,2.55032e-05,1.20183e-05,2.24938e-05
12.3035,-3.61073e-05,8.80735e-05,1.47397e-05,8.68313e-05,0.993612,0.00112322,0.000774315,0.000813675,0.636293,0.00135375,0.000675302,0.00117329,4.80388e-05,2.54024e-05,1.20372e-05,2.23694e-05
12.3133,-3.57797e-05,8.96102e-05,1.47865e-05,8.83819e-05,0.993602,0.00110807,0.00078394,0.000783109,0.63647,0.00134347,0.000677419,0.00116018,4.8374e-05,2.53039e-05,1.20604e-05,2.22448e-05
12.3231,-3.54449e-05,9.04415e-05,1.48344e-05,8.92166e-05,0.993592,0.0011106,0.000794446,0.000776074,0.636645,0.00133447,0.000680105,0.00114816,4.87109e-05,2.52788e-05,1.20881e-05,2.22013e-05
12.3329,-3.51029e-05,9.08221e-05,1.48836e-05,8.95943e-05,0.993584,0.00112424,0.000805697,0.000784072,0.636819,0.00132639,0.000683321,0.00113682,4.90491e-05,2.53015e-05,1.21202e-05,2.22096e-05
12.3428,-3.47536e-05,9.12032e-05,1.4934e-05,8.99722e-05,0.993577,0.00113832,0.000817547,0.000792075,0.636992,0.0013186,0.000687021,0.00112548,4.9388e-05,2.53264e-05,1.21569e-05,2.22179e-05
12.3526,-3.43969e-05,9.15849e-05,1.49858e-05,9.03505e-05,0.993571,0.00115273,0.000829845,0.000800086,0.637164,0.0013111,0.000691152,0.00111413,4.97271e-05,2.53535e-05,1.21981e-05,2.22262e-05
12.3625,-3.40328e-05,9.1967e-05,1.5039e-05,9.0729e-05,0.993566,0.00116736,0.000842438,0.000808103,0.637335,0.00130385,0.000695653,0.00110277,5.0066e-05,2.53828e-05,1.22439e-05,2.22345e-05
12.3723,-3.36613e-05,9.23497e-05,1.50936e-05,9.11079e-05,0.993563,0.00118211,0.000855172,0.000816126,0.637505,0.00129684,0.000700458,0.00109139,5.04042e-05,2.54144e-05,1.22942e-05,2.22428e-05
12.3822,-3.32822e-05,9.27329e-05,1.51496e-05,9.14871e-05,0.993562,0.00119686,0.000867892,0.000824155,0.637674,0.00129002,0.000705496,0.00108001,5.0741e-05,2.54482e-05,1.2349e-05,2.22511e-05
12.3921,-3.28957e-05,9.31167e-05,1.52072e-05,9.18665e-05,0.993562,0.0012115,0.00088045,0.000832191,0.637842,0.00128337,0.000710695,0.00106862,5.10761e-05,2.54843e-05,1.24082e-05,2.22595e-05
12.402,-3.25015e-05,9.3501e-05,1.52663e-05,9.22463e-05,0.993563,0.00122593,0.000892697,0.000840233,0.638009,0.00127685,0.000715978,0.00105723,5.14089e-05,2.55226e-05,1.24718e-05,2.22678e-05
12.4119,-3.20997e-05,9.38859e-05,1.53269e-05,9.26264e-05,0.993567,0.00124004,0.000904494,0.000848282,0.638175,0.00127042,0.000721268,0.00104582,5.17389e-05,2.55631e-05,1.25397e-05,2.22761e-05
12.4218,-3.16902e-05,9.42713e-05,1.53893e-05,9.30067e-05,0.993572,0.00125373,0.000915706,0.000856337,0.638341,0.00126403,0.000726487,0.0010344,5.20655e-05,2.56058e-05,1.26118e-05,2.22845e-05
12.4317,-3.1273e-05,9.46573e-05,1.54533e-05,9.33874e-05,0.99358,0.0012669,0.000926208,0.000864399,0.638505,0.00125764,0.00073156,0.00102298,5.23884e-05,2.56506e-05,1.26879e-05,2.22928e-05
12.4416,-3.08481e-05,9.50439e-05,1.5519e-05,9.37684e-05,0.99359,0.00127948,0.00093588,0.000872467,0.638668,0.00125121,0.00073641,0.00101154,5.2707e-05,2.56976e-05,1.2768e-05,2.23012e-05
12.4515,-3.04154e-05,9.54311e-05,1.55865e-05,9.41497e-05,0.993602,0.00129138,0.000944615,0.000880541,0.638831,0.00124468,0.000740966,0.0010001,5.30207e-05,2.57466e-05,1.28519e-05,2.23096e-05
12.4614,-2.99751e-05,9.58189e-05,1.56559e-05,9.45313e-05,0.993616,0.00130252,0.000952314,0.000888622,0.638993,0.00123801,0.000745156,0.000988643,5.33291e-05,2.57977e-05,1.29394e-05,2.23179e-05
12.4714,-2.95271e-05,9.62073e-05,1.57271e-05,9.49132e-05,0.993633,0.00131284,0.00095889,0.00089671,0.639154,0.00123116,0.000748915,0.000977181,5.36317e-05,2.58507e-05,1.30304e-05,2.23263e-05
12.4813,-2.90715e-05,9.65963e-05,1.58002e-05,9.52954e-05,0.993652,0.0013223,0.000964269,0.000904804,0.639315,0.00122408,0.000752183,0.000965709,5.39279e-05,2.59056e-05,1.31247e-05,2.23347e-05
12.4913,-2.86083e-05,9.6986e-05,1.58753e-05,9.56779e-05,0.993674,0.00133086,0.000968392,0.000912904,0.639475,0.00121673,0.000754902,0.000954229,5.42173e-05,2.59623e-05,1.32221e-05,2.23431e-05
12.5012,-2.81376e-05,9.73762e-05,1.59524e-05,9.60607e-05,0.993699,0.00133848,0.000971217,0.000921011,0.639634,0.00120907,0.000757025,0.000942739,5.44993e-05,2.60207e-05,1.33224e-05,2.23515e-05
12.5112,-2.76593e-05,9.77671e-05,1.60315e-05,9.64438e-05,0.993727,0.00134518,0.000972752,0.000929124,0.639793,0.00120107,0.000758526,0.00093124,5.47734e-05,2.60808e-05,1.34255e-05,2.23599e-05
12.5212,-2.71735e-05,9.7902e-05,1.61127e-05,9.6567e-05,0.993757,0.00134722,0.000973119,0.000931684,0.639951,0.00119763,0.000759437,0.000926047,5.50392e-05,2.61753e-05,1.3531e-05,2.24066e-05
12.5312,-2.66801e-05,9.78135e-05,1.6196e-05,9.64633e-05,0.993791,0.00134517,0.000972468,0.000929396,0.640109,0.0011981,0.000759803,0.000926361,5.52961e-05,2.62997e-05,1.36389e-05,2.24867e-05
12.5412,-2.61794e-05,9.77254e-05,1.62815e-05,9.63596e-05,0.993827,0.00134249,0.000970953,0.000927106,0.640267,0.00119826,0.000759674,0.000926675,5.55436e-05,2.64253e-05,1.37488e-05,2.25669e-05
12.5512,-2.56712e-05,9.76377e-05,1.63692e-05,9.62557e-05,0.993866,0.00133931,0.00096874,0.000924815,0.640424,0.00119814,0.000759105,0.000926989,5.57812e-05,2.6552e-05,1.38607e-05,2.26471e-05
12.5612,-2.51556e-05,9.75503e-05,1.64591e-05,9.61518e-05,0.993908,0.00133574,0.000965995,0.000922521,0.640582,0.00119779,0.000758156,0.000927304,5.60085e-05,2.66798e-05,1.39741e-05,2.27275e-05
12.5712,-2.46326e-05,9.74634e-05,1.65513e-05,9.60478e-05,0.993952,0.00133191,0.00096289,0.000920226,0.64074,0.00119723,0.000756887,0.000927618,5.62248e-05,2.68085e-05,1.4089e-05,2.28078e-05
12.5813,-2.41022e-05,9.7377e-05,1.66457e-05,9.59437e-05,0.993999,0.00132794,0.000959594,0.000917929,0.640899,0.00119651,0.00075536,0.000927933,5.64297e-05,2.6938e-05,1.42051e-05,2.28883e-05
12.5913,-2.35646e-05,9.72909e-05,1.67425e-05,9.58395e-05,0.994049,0.00132395,0.000956278,0.00091563,0.641058,0.00119567,0.00075364,0.000928249,5.66227e-05,2.70682e-05,1.43222e-05,2.29688e-05
12.6013,-2.30196e-05,9.72054e-05,1.68417e-05,9.57353e-05,0.994101,0.00132007,0.000953108,0.000913329,0.641218,0.00119475,0.000751791,0.000928564,5.68033e-05,2.7199e-05,1.444e-05,2.30493e-05
12.6114,-2.24674e-05,9.71203e-05,1.69433e-05,9.56309e-05,0.994156,0.00131641,0.000950244,0.000911026,0.641379,0.00119379,0.000749876,0.00092888,5.69709e-05,2.73302e-05,1.45583e-05,2.313e-05
12.6214,-2.19079e-05,9.70357e-05,1.70473e-05,9.55265e-05,0.994214,0.00131308,0.000947838,0.000908722,0.641541,0.00119283,0.000747958,0.000929196,5.71251e-05,2.74618e-05,1.4677e-05,2.32107e-05
12.6315,-2.13412e-05,9.69515e-05,1.71537e-05,9.5422e-05,0.994274,0.00131018,0.000946029,0.000906415,0.641704,0.00119191,0.000746095,0.000929512,5.72654e-05,2.75936e-05,1.47957e-05,2.32914e-05
12.6416,-2.07673e-05,9.68679e-05,1.72626e-05,9.53174e-05,0.994337,0.0013078,0.000944945,0.000904107,0.641868,0.00119106,0.000744345,0.000929828,5.73912e-05,2.77254e-05,1.49143e-05,2.33723e-05
12.6517,-2.01863e-05,9.67849e-05,1.7374e-05,9.52127e-05,0.994402,0.00130602,0.000944696,0.000901797,0.642034,0.00119032,0.000742762,0.000930145,5.75021e-05,2.78573e-05,1.50326e-05,2.34531e-05
12.6618,-1.95981e-05,9.67024e-05,1.74879e-05,9.51079e-05,0.99447,0.00130491,0.000945372,0.000899485,0.642201,0.00118972,0.000741394,0.000930462,5.75974e-05,2.7989e-05,1.51504e-05,2.35341e-05
12.6719,-1.90028e-05,9.66204e-05,1.76044e-05,9.50031e-05,0.99454,0.00130454,0.000947046,0.000897172,0.64237,0.00118927,0.000740286,0.000930779,5.76769e-05,2.81205e-05,1.52673e-05,2.36151e-05
12.682,-1.84004e-05,9.6539e-05,1.77234e-05,9.48982e-05,0.994612,0.00130492,0.000949766,0.000894856,0.642541,0.00118902,0.000739475,0.000931097,5.77398e-05,2.82517e-05,1.53833e-05,2.36962e-05
12.6921,-1.7791e-05,9.64582e-05,1.7845e-05,9.47932e-05,0.994687,0.0013061,0.000953558,0.000892539,0.642714,0.00118897,0.000738995,0.000931415,5.77858e-05,2.83823e-05,1.54982e-05,2.37773e-05
12.7022,-1.71746e-05,9.6378e-05,1.79692e-05,9.46881e-05,0.994764,0.00130808,0.000958425,0.000890219,0.64289,0.00118914,0.00073887,0.000931733,5.78142e-05,2.85124e-05,1.56116e-05,2.38586e-05
12.7123,-1.65511e-05,9.62984e-05,1.80961e-05,9.45829e-05,0.994844,0.00131085,0.000964346,0.000887898,0.643067,0.00118954,0.00073912,0.000932051,5.78247e-05,2.86417e-05,1.57236e-05,2.39398e-05
12.7225,-1.59207e-05,9.63003e-05,1.82255e-05,9.456e-05,0.994926,0.00131297,0.000971277,0.000883459,0.643248,0.00119113,0.000739755,0.000933568,5.78166e-05,2.87883e-05,1.58338e-05,2.40428e-05
12.7326,-1.52834e-05,9.63986e-05,1.83576e-05,9.46345e-05,0.99501,0.00131416,0.000979153,0.000876508,0.643431,0.00119407,0.00074078,0.000936506,5.77896e-05,2.89554e-05,1.59421e-05,2.41716e-05
12.7428,-1.46391e-05,9.64977e-05,1.84924e-05,9.47092e-05,0.995097,0.00131607,0.000987889,0.000869552,0.643616,0.00119725,0.000742192,0.000939446,5.7743e-05,2.91215e-05,1.60483e-05,2.43005e-05
12.753,-1.39879e-05,9.65974e-05,1.86298e-05,9.47839e-05,0.995186,0.00131865,0.000997383,0.000862591,0.643805,0.00120067,0.000743981,0.000942388,5.76764e-05,2.92864e-05,1.61523e-05,2.44295e-05
12.7631,-1.33299e-05,9.66979e-05,1.87699e-05,9.48587e-05,0.995277,0.00132181,0.00100752,0.000855624,0.643997,0.00120431,0.000746128,0.000945333,5.75893e-05,2.94501e-05,1.62538e-05,2.45586e-05
12.7733,-1.2665e-05,9.67991e-05,1.89127e-05,9.49335e-05,0.99537,0.00132546,0.00101816,0.000848651,0.644191,0.00120816,0.000748611,0.00094828,5.74811e-05,2.96125e-05,1.63528e-05,2.46877e-05
12.7835,-1.19933e-05,9.6901e-05,1.90582e-05,9.50084e-05,0.995465,0.00132951,0.00102916,0.000841673,0.64439,0.0012122,0.0007514,0.00095123,5.73514e-05,2.97735e-05,1.64491e-05,2.4817e-05
12.7937,-1.13149e-05,9.70038e-05,1.92064e-05,9.50833e-05,0.995563,0.00133383,0.00104038,0.00083469,0.644592,0.00121642,0.00075446,0.000954182,5.71997e-05,2.99329e-05,1.65426e-05,2.49464e-05
12.8039,-1.06297e-05,9.71072e-05,1.93574e-05,9.51583e-05,0.995662,0.00133831,0.00105166,0.0008277,0.644797,0.00122078,0.00075775,0.000957136,5.70254e-05,3.00908e-05,1.6633e-05,2.50759e-05
12.8141,-9.93774e-06,9.72115e-05,1.9511e-05,9.52334e-05,0.995764,0.00134282,0.00106283,0.000820705,0.645007,0.00122525,0.000761227,0.000960093,5.6828e-05,3.02471e-05,1.67204e-05,2.52055e-05
12.8243,-9.2391e-06,9.73166e-05,1.96673e-05,9.53085e-05,0.995868,0.00134722,0.00107372,0.000813705,0.64522,0.00122982,0.000764844,0.000963052,5.6607e-05,3.04017e-05,1.68045e-05,2.53352e-05
12.8346,-8.53379e-06,9.74225e-05,1.98264e-05,9.53837e-05,0.995973,0.00135138,0.00108419,0.000806699,0.645437,0.00123444,0.000768551,0.000966013,5.6362e-05,3.05546e-05,1.68853e-05,2.5465e-05
12.8448,-7.82183e-06,9.75292e-05,1.99882e-05,9.5459e-05,0.996081,0.00135515,0.00109405,0.000799687,0.645659,0.0012391,0.000772296,0.000968977,5.60924e-05,3.07056e-05,1.69627e-05,2.55949e-05
12.8551,-7.10325e-06,9.76367e-05,2.01527e-05,9.55343e-05,0.996191,0.0013584,0.00110314,0.00079267,0.645885,0.00124374,0.000776027,0.000971943,5.57977e-05,3.08548e-05,1.70367e-05,2.57249e-05
12.8653,-6.37808e-06,9.77451e-05,2.03199e-05,9.56096e-05,0.996303,0.00136097,0.00111131,0.000785647,0.646116,0.00124835,0.000779692,0.000974912,5.54774e-05,3.10021e-05,1.7107e-05,2.58551e-05
12.8756,-5.64635e-06,9.78543e-05,2.04899e-05,9.56851e-05,0.996416,0.00136273,0.00111839,0.000778619,0.646352,0.00125288,0.00078324,0.000977883,5.51309e-05,3.11475e-05,1.71736e-05,2.59853e-05
12.8858,-4.90808e-06,9.79644e-05,2.06625e-05,9.57606e-05,0.996532,0.00136354,0.00112424,0.000771585,0.646592,0.00125732,0.000786622,0.000980856,5.47579e-05,3.1291e-05,1.72366e-05,2.61156e-05
12.8961,-4.1633e-06,9.80754e-05,2.08379e-05,9.58361e-05,0.996649,0.00136327,0.0011287,0.000764545,0.646837,0.00126162,0.00078979,0.000983831,5.43578e-05,3.14325e-05,1.72958e-05,2.6246e-05
12.9064,-3.41204e-06,9.81872e-05,2.1016e-05,9.59117e-05,0.996768,0.00136177,0.00113164,0.0007575,0.647088,0.00126577,0.000792702,0.000986809,5.393e-05,3.1572e-05,1.73513e-05,2.63766e-05
12.9167,-2.65432e-06,9.83e-05,2.11968e-05,9.59874e-05,0.996889,0.00135893,0.00113293,0.000750449,0.647343,0.00126973,0.000795318,0.00098979,5.34741e-05,3.17095e-05,1.7403e-05,2.65072e-05
12.927,-1.89018e-06,9.8341e-05,2.13803e-05,9.59887e-05,0.997012,0.00135653,0.00113244,0.000746826,0.647605,0.0012749,0.000797605,0.000994578,5.29896e-05,3.17398e-05,1.74508e-05,2.65119e-05
12.9373,-1.11963e-06,9.82652e-05,2.15665e-05,9.58693e-05,0.997137,0.00135562,0.00113007,0.000748768,0.647872,0.00128213,0.00079954,0.0010023,5.24759e-05,3.15976e-05,1.74949e-05,2.63123e-05
12.9476,-3.42706e-07,9.81903e-05,2.17553e-05,9.57499e-05,0.997263,0.00135318,0.00112584,0.000750711,0.648144,0.00128918,0.000801142,0.00101003,5.19325e-05,3.14539e-05,1.75352e-05,2.61125e-05
12.958,4.40563e-07,9.81164e-05,2.19469e-05,9.56303e-05,0.997391,0.00134927,0.00111984,0.000752655,0.648422,0.00129606,0.000802455,0.00101776,5.1359e-05,3.13086e-05,1.75719e-05,2.59125e-05
12.9683,1.23015e-06,9.80435e-05,2.21411e-05,9.55107e-05,0.99752,0.001344,0.00111217,0.000754601,0.648705,0.00130281,0.000803531,0.0010255,5.07549e-05,3.11618e-05,1.76048e-05,2.57124e-05
12.9786,2.02603e-06,9.79715e-05,2.2338e-05,9.53909e-05,0.99765,0.00133748,0.00110294,0.000756549,0.648993,0.00130946,0.000804427,0.00103324,5.01195e-05,3.10134e-05,1.76342e-05,2.55121e-05
12.989,2.82818e-06,9.79006e-05,2.25375e-05,9.52711e-05,0.997782,0.00132982,0.00109229,0.000758498,0.649286,0.00131606,0.000805201,0.001041,4.94525e-05,3.08635e-05,1.76601e-05,2.53116e-05
12.9994,3.63657e-06,9.78307e-05,2.27397e-05,9.51512e-05,0.997914,0.00132114,0.00108034,0.000760449,0.649584,0.00132264,0.000805918,0.00104875,4.87533e-05,3.07122e-05,1.76827e-05,2.5111e-05
13.0097,4.45116e-06,9.77618e-05,2.29445e-05,9.50311e-05,0.998047,0.00131159,0.00106725,0.000762401,0.649887,0.00132925,0.000806644,0.00105652,4.80214e-05,3.05595e-05,1.7702e-05,2.49103e-05
13.0201,5.27195e-06,9.7694e-05,2.31519e-05,9.4911e-05,0.99818,0.0013013,0.00105316,0.000764355,0.650194,0.00133592,0.000807445,0.00106429,4.72563e-05,3.04054e-05,1.77183e-05,2.47093e-05
13.0305,6.09888e-06,9.76272e-05,2.3362e-05,9.47908e-05,0.998314,0.00129043,0.00103825,0.000766311,0.650506,0.00134269,0.00080839,0.00107207,4.64575e-05,3.02501e-05,1.77318e-05,2.45082e-05
13.0409,6.93195e-06,9.75616e-05,2.35746e-05,9.46705e-05,0.998449,0.00127911,0.00102269,0.000768268,0.650822,0.00134961,0.000809546,0.00107985,4.56245e-05,3.00936e-05,1.77425e-05,2.4307e-05
13.0513,7.77112e-06,9.7497e-05,2.37898e-05,9.45501e-05,0.998583,0.00126752,0.00100666,0.000770227,0.651143,0.0013567,0.000810979,0.00108764,4.47568e-05,2.99362e-05,1.77509e-05,2.41056e-05
13.0617,8.61637e-06,9.74336e-05,2.40076e-05,9.44296e-05,0.998717,0.00125581,0.000990346,0.000772187,0.651467,0.00136402,0.000812754,0.00109543,4.38538e-05,2.97778e-05,1.77571e-05,2.3904e-05
13.0721,9.46766e-06,9.73713e-05,2.4228e-05,9.4309e-05,0.998852,0.00124414,0.00097395,0.000774148,0.651795,0.00137158,0.000814931,0.00110323,4.29151e-05,2.96187e-05,1.77615e-05,2.37023e-05
13.0826,1.0325e-05,9.73102e-05,2.44509e-05,9.41883e-05,0.998985,0.00123268,0.000957675,0.000776112,0.652127,0.00137943,0.000817569,0.00111104,4.19402e-05,2.94592e-05,1.77644e-05,2.35004e-05
13.093,1.11883e-05,9.72502e-05,2.46763e-05,9.40675e-05,0.999119,0.00122158,0.000941728,0.000778077,0.652463,0.00138759,0.00082072,0.00111885,4.09285e-05,2.92993e-05,1.77661e-05,2.32983e-05
13.1034,1.20576e-05,9.71915e-05,2.49042e-05,9.39466e-05,0.999251,0.00121101,0.000926322,0.000780043,0.652802,0.0013961,0.000824432,0.00112667,3.98798e-05,2.91393e-05,1.77671e-05,2.30961e-05
13.1139,1.29328e-05,9.71339e-05,2.51347e-05,9.38256e-05,0.999383,0.00120112,0.00091167,0.000782011,0.653144,0.00140496,0.000828747,0.0011345,3.87946e-05,2.89797e-05,1.77679e-05,2.28937e-05
13.1243,1.38139e-05,9.70775e-05,2.53676e-05,9.37045e-05,0.999514,0.00119205,0.00089798,0.000783981,0.65349,0.00141421,0.0008337,0.00114233,3.76741e-05,2.88208e-05,1.77692e-05,2.26912e-05
13.1348,1.47009e-05,9.71489e-05,2.5603e-05,9.37144e-05,0.999644,0.00118495,0.000885457,0.000787454,0.653838,0.00142209,0.000839318,0.00114799,3.65194e-05,2.87445e-05,1.77717e-05,2.25924e-05
13.1453,1.55938e-05,9.75091e-05,2.58409e-05,9.40227e-05,0.999773,0.00118126,0.000874296,0.00079435,0.65419,0.00142637,0.000845624,0.00114867,3.53317e-05,2.88554e-05,1.77759e-05,2.273e-05
13.1558,1.64925e-05,9.78704e-05,2.60812e-05,9.43313e-05,0.9999,0.00117884,0.000864675,0.000801252,0.654544,0.00143108,0.00085263,0.00114935,3.4112e-05,2.89681e-05,1.77825e-05,2.28678e-05
13.1663,1.7397e-05,9.82329e-05,2.6324e-05,9.46401e-05,1.00003,0.00117777,0.000856756,0.00080816,0.654901,0.00143624,0.000860342,0.00115004,3.28615e-05,2.9083e-05,1.77921e-05,2.30056e-05
13.1768,1.83073e-05,9.85964e-05,2.65692e-05,9.49491e-05,1.00015,0.00117813,0.000850674,0.000815073,0.655261,0.00144184,0.000868758,0.00115072,3.15813e-05,2.92004e-05,1.78055e-05,2.31436e-05
13.1873,1.92233e-05,9.89611e-05,2.68167e-05,9.52584e-05,1.00027,0.00117996,0.000846537,0.000821991,0.655623,0.00144789,0.000877871,0.00115141,3.02725e-05,2.93206e-05,1.78231e-05,2.32817e-05
13.1978,2.01451e-05,9.9327e-05,2.70667e-05,9.5568e-05,1.00039,0.00118328,0.000844418,0.000828915,0.655987,0.00145439,0.000887663,0.00115209,2.89363e-05,2.94442e-05,1.78457e-05,2.34199e-05
13.2083,2.10725e-05,9.96939e-05,2.7319e-05,9.58778e-05,1.00051,0.0011881,0.000844356,0.000835845,0.656353,0.00146134,0.000898113,0.00115278,2.75738e-05,2.95712e-05,1.78737e-05,2.35582e-05
13.2189,2.20057e-05,0.000100062,2.75737e-05,9.61878e-05,1.00062,0.0011944,0.000846354,0.00084278,0.656721,0.00146871,0.000909192,0.00115346,2.61861e-05,2.97022e-05,1.79079e-05,2.36966e-05
13.2294,2.29444e-05,0.000100431,2.78307e-05,9.64981e-05,1.00074,0.00120215,0.000850376,0.00084972,0.657091,0.0014765,0.000920867,0.00115415,2.47742e-05,2.98373e-05,1.79487e-05,2.38351e-05
13.24,2.38888e-05,0.000100802,2.809e-05,9.68087e-05,1.00085,0.00121129,0.000856352,0.000856666,0.657463,0.0014847,0.000933098,0.00115484,2.33394e-05,2.99769e-05,1.79966e-05,2.39737e-05
13.2505,2.48388e-05,0.000101173,2.83516e-05,9.71194e-05,1.00096,0.00122174,0.000864178,0.000863618,0.657836,0.00149327,0.000945844,0.00115553,2.18828e-05,3.01213e-05,1.80522e-05,2.41125e-05
13.2611,2.57943e-05,0.000101546,2.86155e-05,9.74305e-05,1.00106,0.00123341,0.000873723,0.000870575,0.658211,0.00150221,0.000959058,0.00115622,2.04054e-05,3.02707e-05,1.81159e-05,2.42513e-05
13.2717,2.67553e-05,0.00010192,2.88817e-05,9.77418e-05,1.00116,0.00124619,0.000884831,0.000877538,0.658587,0.00151148,0.000972691,0.00115691,1.89085e-05,3.04253e-05,1.81882e-05,2.43903e-05
13.2823,2.77219e-05,0.000102295,2.91502e-05,9.80533e-05,1.00126,0.00125998,0.000897327,0.000884506,0.658964,0.00152105,0.00098669,0.0011576,1.7393e-05,3.05853e-05,1.82694e-05,2.45294e-05
13.2929,2.86939e-05,0.000102671,2.94209e-05,9.83651e-05,1.00136,0.00127464,0.000911022,0.00089148,0.659342,0.00153089,0.001001,0.00115829,1.58602e-05,3.0751e-05,1.836e-05,2.46685e-05
13.3035,2.96714e-05,0.000103048,2.96938e-05,9.86771e-05,1.00145,0.00129003,0.000925717,0.00089846,0.659721,0.00154098,0.00101558,0.00115898,1.43112e-05,3.09226e-05,1.84601e-05,2.48078e-05
13.3141,3.06543e-05,0.000103426,2.99689e-05,9.89894e-05,1.00153,0.00130603,0.000941208,0.000905445,0.6601,0.00155128,0.00103036,0.00115967,1.2747e-05,3.11001e-05,1.85702e-05,2.49472e-05
13.3247,3.16426e-05,0.000103806,3.02462e-05,9.93019e-05,1.00162,0.00132248,0.00095729,0.000912435,0.66048,0.00156175,0.00104529,0.00116036,1.11689e-05,3.12838e-05,1.86903e-05,2.50868e-05
13.3353,3.26363e-05,0.000104187,3.05257e-05,9.96147e-05,1.0017,0.00133924,0.000973761,0.000919431,0.660861,0.00157236,0.00106032,0.00116105,9.57788e-06,3.14737e-05,1.88208e-05,2.52264e-05
13.346,3.36353e-05,0.000104517,3.08074e-05,9.98731e-05,1.00177,0.00135436,0.000990419,0.000923772,0.661242,0.00158601,0.00107539,0.00116575,7.97511e-06,3.17197e-05,1.89616e-05,2.54283e-05
13.3566,3.46397e-05,0.000104672,3.10912e-05,9.99476e-05,1.00184,0.00136346,0.00100707,0.000919151,0.661623,0.00160959,0.00109045,0.00118393,6.36172e-06,3.21402e-05,1.9113e-05,2.58396e-05
13.3673,3.56493e-05,0.000104828,3.13771e-05,0.000100022,1.00191,0.00137258,0.00102353,0.000914526,0.662004,0.00163314,0.00110545,0.00120213,4.73882e-06,3.25678e-05,1.9275e-05,2.62513e-05
13.3779,3.66642e-05,0.000104986,3.16651e-05,0.000100097,1.00197,0.00138157,0.00103963,0.000909897,0.662385,0.00165663,0.00112035,0.00122034,3.10753e-06,3.30022e-05,1.94475e-05,2.66634e-05
13.3886,3.76843e-05,0.000105145,3.19552e-05,0.000100172,1.00203,0.0013903,0.00105519,0.000905264,0.662766,0.00168002,0.00113509,0.00123857,1.46898e-06,3.34433e-05,1.96306e-05,2.70757e-05
13.3993,3.87096e-05,0.000105305,3.22474e-05,0.000100246,1.00208,0.00139862,0.00107005,0.000900628,0.663146,0.0017033,0.00114963,0.00125681,-1.75708e-07,3.38911e-05,1.98241e-05,2.74884e-05
13.41,3.97401e-05,0.000105467,3.25417e-05,0.000100321,1.00213,0.00140643,0.00108408,0.000895988,0.663526,0.00172643,0.00116394,0.00127506,-1.82542e-06,3.43455e-05,2.0028e-05,2.79014e-05
13.4207,4.07758e-05,0.00010563,3.2838e-05,0.000100396,1.00217,0.00141358,0.00109714,0.000891345,0.663905,0.00174938,0.00117798,0.00129333,-3.47903e-06,3.48061e-05,2.0242e-05,2.83148e-05
13.4314,4.18165e-05,0.000105794,3.31364e-05,0.000100471,1.00221,0.00141998,0.00110911,0.000886697,0.664283,0.00177215,0.00119171,0.00131162,-5.13543e-06,3.5273e-05,2.0466e-05,2.87285e-05
13.4421,4.28624e-05,0.00010596,3.34368e-05,0.000100546,1.00224,0.00142552,0.00111987,0.000882046,0.664661,0.0017947,0.0012051,0.00132992,-6.79347e-06,3.57459e-05,2.06998e-05,2.91425e-05
13.4528,4.39134e-05,0.000106127,3.37391e-05,0.000100621,1.00227,0.00143011,0.00112933,0.000877392,0.665037,0.00181702,0.00121813,0.00134823,-8.45206e-06,3.62246e-05,2.09431e-05,2.95568e-05
13.4635,4.49693e-05,0.000106295,3.40435e-05,0.000100696,1.00229,0.0014337,0.00113746,0.000872733,0.665412,0.00183911,0.0012308,0.00136656,-1.01101e-05,3.67089e-05,2.11957e-05,2.99715e-05
13.4743,4.60304e-05,0.000106465,3.43498e-05,0.000100771,1.0023,0.00143633,0.00114433,0.000868071,0.665786,0.001861,0.00124312,0.0013849,-1.17663e-05,3.71988e-05,2.14572e-05,3.03865e-05
13.485,4.70964e-05,0.000106636,3.46581e-05,0.000100847,1.00231,0.00143804,0.00115,0.000863405,0.666159,0.00188269,0.00125515,0.00140326,-1.34198e-05,3.76938e-05,2.17272e-05,3.08018e-05
13.4958,4.81673e-05,0.000106808,3.49684e-05,0.000100922,1.00232,0.00143892,0.00115458,0.000858736,0.66653,0.00190423,0.00126691,0.00142163,-1.50693e-05,3.8194e-05,2.20056e-05,3.12175e-05
13.5066,4.92432e-05,0.000106982,3.52805e-05,0.000100997,1.00231,0.00143902,0.00115816,0.000854062,0.6669,0.00192562,0.00127843,0.00144002,-1.67137e-05,3.86989e-05,2.22919e-05,3.16335e-05
13.5173,5.0324e-05,0.000107157,3.55946e-05,0.000101073,1.00231,0.00143842,0.00116086,0.000849385,0.667268,0.00194691,0.00128976,0.00145842,-1.8352e-05,3.92085e-05,2.25858e-05,3.20498e-05
13.5281,5.14097e-05,0.000107334,3.59105e-05,0.000101148,1.0023,0.00143722,0.00116278,0.000844704,0.667634,0.00196811,0.00130092,0.00147683,-1.99829e-05,3.97225e-05,2.28868e-05,3.24665e-05
13.5389,5.25002e-05,0.000107511,3.62284e-05,0.000101224,1.00228,0.0014355,0.00116405,0.00084002,0.667999,0.00198924,0.00131197,0.00149526,-2.16054e-05,4.02406e-05,2.31946e-05,3.28835e-05
13.5497,5.35956e-05,0.000107691,3.65481e-05,0.000101299,1.00227,0.00143335,0.00116478,0.000835332,0.668362,0.00201033,0.00132292,0.00151371,-2.32183e-05,4.07628e-05,2.35087e-05,3.33008e-05
13.5605,5.46957e-05,0.000107943,3.68696e-05,0.000101451,1.00224,0.00143258,0.0011651,0.000833575,0.668724,0.00202945,0.00133383,0.00152956,-2.48206e-05,4.12358e-05,2.38289e-05,3.36537e-05
13.5713,5.58007e-05,0.000108595,3.7193e-05,0.000102028,1.00222,0.00144112,0.00116512,0.000848125,0.669083,0.00203764,0.00134471,0.00153093,-2.6411e-05,4.14197e-05,2.41546e-05,3.36474e-05
13.5822,5.69104e-05,0.000109249,3.75182e-05,0.000102604,1.00219,0.00144963,0.00116498,0.000862687,0.669441,0.00204587,0.0013556,0.0015323,-2.79886e-05,4.16084e-05,2.44855e-05,3.3641e-05
13.593,5.80247e-05,0.000109903,3.78453e-05,0.000103182,1.00216,0.0014582,0.0011648,0.00087726,0.669796,0.00205416,0.00136653,0.00153367,-2.95521e-05,4.18017e-05,2.48212e-05,3.36347e-05
13.6038,5.91438e-05,0.000110559,3.81741e-05,0.000103759,1.00212,0.00146693,0.00116469,0.000891844,0.67015,0.00206251,0.00137753,0.00153504,-3.11004e-05,4.19994e-05,2.51612e-05,3.36283e-05
13.6147,6.02676e-05,0.000111216,3.85047e-05,0.000104338,1.00208,0.00147592,0.00116477,0.000906441,0.670501,0.00207095,0.00138862,0.00153641,-3.26324e-05,4.22013e-05,2.55052e-05,3.3622e-05
13.6255,6.1396e-05,0.000111874,3.8837e-05,0.000104916,1.00204,0.00148523,0.00116516,0.000921049,0.670851,0.0020795,0.00139983,0.00153779,-3.4147e-05,4.24073e-05,2.58528e-05,3.36156e-05
13.6364,6.2529e-05,0.000112533,3.91712e-05,0.000105495,1.002,0.00149496,0.00116595,0.000935668,0.671198,0.00208816,0.00141117,0.00153916,-3.56431e-05,4.26169e-05,2.62035e-05,3.36092e-05
13.6473,6.36665e-05,0.000113193,3.9507e-05,0.000106075,1.00195,0.00150516,0.00116724,0.0009503,0.671542,0.00209695,0.00142265,0.00154054,-3.71196e-05,4.28302e-05,2.6557e-05,3.36029e-05
13.6582,6.48087e-05,0.000113855,3.98446e-05,0.000106655,1.00191,0.0015159,0.00116911,0.000964943,0.671884,0.00210588,0.0014343,0.00154192,-3.85752e-05,4.30468e-05,2.69129e-05,3.35965e-05
13.6691,6.59553e-05,0.000114517,4.01839e-05,0.000107235,1.00186,0.00152722,0.00117166,0.000979597,0.672224,0.00211495,0.00144612,0.00154329,-4.0009e-05,4.32665e-05,2.72708e-05,3.35901e-05
13.68,6.71065e-05,0.000115181,4.05248e-05,0.000107816,1.00181,0.00153917,0.00117494,0.000994264,0.672561,0.00212417,0.00145811,0.00154467,-4.14198e-05,4.34891e-05,2.76303e-05,3.35837e-05
13.6909,6.82621e-05,0.000115846,4.08675e-05,0.000108398,1.00176,0.00155178,0.001179,0.00100894,0.672896,0.00213355,0.00147029,0.00154605,-4.28064e-05,4.37144e-05,2.79912e-05,3.35773e-05
13.7018,6.94222e-05,0.000116512,4.12118e-05,0.00010898,1.0017,0.00156507,0.0011839,0.00102363,0.673228,0.00214309,0.00148265,0.00154744,-4.41677e-05,4.3942e-05,2.8353e-05,3.35709e-05
13.7127,7.05867e-05,0.000117179,4.15578e-05,0.000109562,1.00165,0.00157905,0.00118965,0.00103833,0.673557,0.00215278,0.0014952,0.00154882,-4.55027e-05,4.41719e-05,2.87154e-05,3.35645e-05
13.7237,7.17556e-05,0.000117847,4.19054e-05,0.000110145,1.0016,0.00159373,0.00119628,0.00105305,0.673884,0.00216262,0.00150791,0.0015502,-4.68102e-05,4.44037e-05,2.90781e-05,3.35581e-05
13.7346,7.29288e-05,0.000118516,4.22546e-05,0.000110728,1.00154,0.00160911,0.00120379,0.00106777,0.674207,0.00217261,0.0015208,0.00155159,-4.80891e-05,4.46372e-05,2.94408e-05,3.35517e-05
13.7456,7.41064e-05,0.000119187,4.26055e-05,0.000111312,1.00149,0.00162517,0.00121217,0.00108251,0.674528,0.00218275,0.00153384,0.00155297,-4.93382e-05,4.48722e-05,2.98031e-05,3.35453e-05
13.7565,7.52883e-05,0.000119859,4.2958e-05,0.000111896,1.00143,0.00164188,0.00122139,0.00109726,0.674845,0.00219302,0.00154703,0.00155436,-5.05564e-05,4.51084e-05,3.01647e-05,3.35389e-05
13.7675,7.64745e-05,0.000120531,4.3312e-05,0.000112481,1.00138,0.00165922,0.00123144,0.00111202,0.67516,0.00220341,0.00156034,0.00155575,-5.17427e-05,4.53457e-05,3.05255e-05,3.35325e-05
13.7785,7.76649e-05,0.000121509,4.36677e-05,0.000113392,1.00132,0.0016763,0.00124226,0.00112552,0.675472,0.00221509,0.00157375,0.00155882,-5.28958e-05,4.56042e-05,3.0885e-05,3.35539e-05
13.7895,7.88596e-05,0.000126179,4.40248e-05,0.000118249,1.00127,0.00168361,0.00125379,0.00112363,0.67578,0.00224121,0.00158726,0.00158229,-5.40147e-05,4.61107e-05,3.1243e-05,3.39127e-05
13.8005,8.00585e-05,0.000130867,4.43836e-05,0.000123111,1.00122,0.00169146,0.00126599,0.00112175,0.676085,0.00226741,0.00160083,0.00160577,-5.50983e-05,4.66163e-05,3.15993e-05,3.42719e-05
13.8115,8.12615e-05,0.000135572,4.47439e-05,0.000127976,1.00116,0.00169981,0.00127877,0.00111986,0.676386,0.00229368,0.00161444,0.00162927,-5.61454e-05,4.71207e-05,3.19536e-05,3.46313e-05
13.8225,8.24687e-05,0.000140294,4.51057e-05,0.000132845,1.00111,0.0017086,0.00129207,0.00111797,0.676685,0.00231998,0.00162807,0.00165279,-5.71549e-05,4.76239e-05,3.23058e-05,3.49911e-05
13.8335,8.368e-05,0.00014503,4.5469e-05,0.000137718,1.00107,0.00171778,0.00130581,0.00111608,0.67698,0.00234632,0.00164168,0.00167633,-5.81256e-05,4.81257e-05,3.26555e-05,3.53511e-05
13.8446,8.48954e-05,0.00014978,4.58338e-05,0.000142595,1.00102,0.00172729,0.0013199,0.00111418,0.677271,0.00237265,0.00165525,0.00169989,-5.90566e-05,4.86259e-05,3.30026e-05,3.57114e-05
13.8556,8.61149e-05,0.000154543,4.62001e-05,0.000147476,1.00097,0.00173708,0.00133426,0.00111229,0.677559,0.00239897,0.00166875,0.00172347,-5.99465e-05,4.91244e-05,3.3347e-05,3.60719e-05
13.8667,8.73384e-05,0.000159318,4.65679e-05,0.000152361,1.00093,0.00174706,0.00134879,0.00111039,0.677843,0.00242526,0.00168215,0.00174707,-6.07944e-05,4.96211e-05,3.36884e-05,3.64328e-05
13.8777,8.85659e-05,0.000164105,4.69371e-05,0.000157249,1.00089,0.00175719,0.00136343,0.0011085,0.678123,0.00245148,0.00169542,0.00177068,-6.15991e-05,5.0116e-05,3.40267e-05,3.6794e-05
13.8888,8.97974e-05,0.000168902,4.73078e-05,0.000162142,1.00085,0.00176738,0.00137807,0.0011066,0.6784,0.00247762,0.00170852,0.00179432,-6.23595e-05,5.06088e-05,3.43617e-05,3.71554e-05
13.8999,9.10329e-05,0.00017371,4.76799e-05,0.000167038,1.00082,0.00177759,0.00139264,0.0011047,0.678672,0.00250367,0.00172144,0.00181797,-6.30744e-05,5.10996e-05,3.46933e-05,3.75172e-05
13.911,9.22723e-05,0.000178527,4.80534e-05,0.000171938,1.00078,0.00178773,0.00140706,0.0011028,0.678941,0.00252959,0.00173412,0.00184164,-6.37428e-05,5.15882e-05,3.50215e-05,3.78792e-05
13.9221,9.35156e-05,0.000183354,4.84284e-05,0.000176843,1.00075,0.00179776,0.00142126,0.00110089,0.679206,0.00255538,0.00174656,0.00186533,-6.43634e-05,5.20746e-05,3.53461e-05,3.82415e-05
13.9332,9.47627e-05,0.000188189,4.88048e-05,0.000181751,1.00073,0.00180761,0.00143515,0.00109899,0.679466,0.002581,0.00175871,0.00188904,-6.49353e-05,5.25587e-05,3.56671e-05,3.86041e-05
13.9443,9.60138e-05,0.000193033,4.91825e-05,0.000186663,1.00071,0.00181722,0.00144869,0.00109708,0.679723,0.00260645,0.00177056,0.00191277,-6.54572e-05,5.30405e-05,3.59843e-05,3.8967e-05
13.9554,9.72686e-05,0.000197886,4.95617e-05,0.000191579,1.00069,0.00182656,0.00146181,0.00109518,0.679975,0.0026317,0.00178206,0.00193652,-6.59281e-05,5.352e-05,3.62978e-05,3.93302e-05
13.9665,9.85272e-05,0.000202746,4.99422e-05,0.000196499,1.00067,0.00183557,0.00147448,0.00109327,0.680223,0.00265674,0.0017932,0.00196029,-6.63468e-05,5.39972e-05,3.66076e-05,3.96937e-05
13.9777,9.97896e-05,0.000207614,5.0324e-05,0.000201423,1.00066,0.00184422,0.00148664,0.00109136,0.680467,0.00268156,0.00180394,0.00198407,-6.67122e-05,5.44721e-05,3.69136e-05,4.00574e-05
13.9888,0.000101056,0.000212489,5.07072e-05,0.00020635,1.00066,0.00185249,0.00149828,0.00108944,0.680707,0.00270614,0.00181428,0.00200788,-6.70231e-05,5.49446e-05,3.72158e-05,4.04215e-05
14,0.000102326,0.000217372,5.10918e-05,0.000211282,1.00066,0.00186041,0.00150944,0.00108753,0.680942,0.00273049,0.00182421,0.0020317,-6.72786e-05,5.54149e-05,3.75144e-05,4.07858e-05
