filename,int_sphere,ap_dia_mm,driver,alignment_session,measurement_campaign,beam_dither,filter,spectrum_filename,gps_time_s,monitor_mn,monitor_sd,sigma_delta_output_mean,sigma_delta_output_sd,sci_rad_bench_temp_c,wavelength_um,wavelength_center_um_sd,wavelength_gauss_amp,wavelength_source,wavelength_um_fwhm,wavelength_fwhm_um_sd,wavelength_um_opa,wavelength_um_grating,u_pbrr_ap_align,u_pbrr_stray,u_pbrr_ap_d,u_pbrr_det_ap,u_pbrr_det_ap_diff,u_pbrr_ent_ap,u_pbrr_ent_ap_diff,u_pbrr_nonequiv,u_pbrr_nonlinear,u_pbrr_rhtr,u_pbrr_rtop,u_pbrr_rtrace,u_pbrr_vacnt,u_pbrr_vref,gf_resp_ss,gf_resp_lw,gf_resp_to,gf_resp_sw,u_resp_noise_ss,u_resp_noise_lw,u_resp_noise_to,u_resp_noise_sw,gf_l0,gf_l0_sd,gf_gx,gf_gx_sd,gf_gy,gf_gy_sd,gf_gp,gf_gp_sd,gf_gw,gf_gw_sd,gf_gt,gf_gt_sd,gf_sigma_ss,gf_sigma_lw,gf_sigma_to,gf_sigma_sw,gf_sigma_pbrr,gf_redchi,gf_ndata,gf_nvarys,c_scirad_out_of_field_ss,c_scirad_out_of_field_lw,c_scirad_out_of_field_to,c_scirad_out_of_field_sw,u_scirad_out_of_field_ss,u_scirad_out_of_field_lw,u_scirad_out_of_field_to,u_scirad_out_of_field_sw,srf_sw,srf_to,srf_lw,srf_ss,c_ssw_edge_temp_ss,u_ssw_edge_temp_ss,u_ssw_edge_temp_sw,u_ssw_edge_temp_to,u_ssw_edge_temp_lw,u_scirad_nonlinear_sw,u_scirad_nonlinear_to,u_scirad_nonlinear_lw,u_scirad_nonlinear_ss,gf_gx_smooth,gf_gx_sd_smooth,gf_gy_smooth,gf_gy_sd_smooth,gf_gp_smooth,gf_gp_sd_smooth,gf_gw_smooth,gf_gw_sd_smooth,u_spatial_unif,u_angular_unif,u_wavelength_dsrf_dwl_sw,u_wavelength_dsrf_dwl_to,u_wavelength_dsrf_dwl_lw,u_wavelength_dsrf_dwl_ss,u_sw_campaign_correction,u_to_campaign_correction,u_lw_campaign_correction,u_ss_campaign_correction,wavelength_um_corrected,u_random_sw,u_random_to,u_random_lw,u_random_ss,srf_sw_corrected,srf_sw_campaign_correction,srf_fit_sw,srf_fit_sw_sd,srf_fit_sw_res,u_wavelength_dsrf_dwl_ir_sw,srf_to_corrected,srf_to_campaign_correction,srf_fit_to,srf_fit_to_sd,srf_fit_to_res,u_wavelength_dsrf_dwl_ir_to,srf_lw_corrected,srf_lw_campaign_correction,srf_fit_lw,srf_fit_lw_sd,srf_fit_lw_res,u_wavelength_dsrf_dwl_ir_lw,srf_ss_corrected,srf_ss_campaign_correction,srf_fit_ss,srf_fit_ss_sd,srf_fit_ss_res,u_wavelength_dsrf_dwl_ir_ss
ERF_Log_File_20250508_1032.csv,sp,13,fmfpe,11,2,filled_square,prism,CCS200_Spectrum_1430757181.csv,1.43076e+09,2.47389,0.00211901,0.657412,0.0786567,33.2883,0.259905,0.00012802,0.439416,1,0.00153097,6.11388e-05,0.26,0,6.35e-06,0.000289,8.31e-05,7.51e-06,0,6.93e-06,2.96931e-05,6.18e-05,2.89e-05,5.77e-06,2.54e-05,9.24e-06,0.000123406,4.04e-05,0.000108667,-0.000217209,0.0551031,0.0422951,5.21422e-05,8.32318e-05,0.000385861,0.000305551,5.4839,0.037532,-0.000345219,0.00133178,-0.000454349,0.00133333,0.0271311,0.0263352,0.00172953,0.0263352,-0.000630122,0.000114148,0.00205096,0.0032776,0.00317934,0.00384948,0.12717,1.04561,228,10,0.989942,0.981033,0.981033,0.85773,5.95042e-08,-6.59931e-08,1.67416e-05,0.000333999,0.0493105,0.0561684,-0.000221408,0.000109771,-0,0,0,0,0,0.00273528,0.00273531,0.00200587,0.00328234,0.000707345,3.91067e-07,-0.000880151,2.29678e-07,0.0537637,0.000420452,0.0641499,0.000356332,0.000396874,0.0117916,0.000324988,0.000388754,1.00045e-07,1.55978e-07,0,0,0,0,0.259905,0.000446069,0.00054775,8.32319e-05,5.21424e-05,0.0493105,0,0.0492962,0.000338664,1.42596e-05,0,0.0561684,0,0.0560829,0.000356939,8.55695e-05,0,-0.000221408,0,-2.38542e-05,0.000257506,-0.000197554,0,0.000109771,0,6.45037e-05,8.6879e-05,4.52674e-05,0
ERF_Log_File_20240820_0920.csv,sp,12,emfpe,2,0,filled_square,prism,CCS200_Spectrum_1408202465.csv,1.4082e+09,2.32148,0.00628066,0.72369,0.0523067,34.1711,0.259927,0.000125621,1.03316,1,0.00131417,1.32729e-05,0.26,0,6.35e-06,0.000289,8.31e-05,7.51e-06,0,6.93e-06,3.59022e-05,6.18e-05,2.89e-05,5.77e-06,2.54e-05,9.24e-06,0.000123406,4.04e-05,0.00018379,-0.00055587,0.0551744,0.0422032,0.000164923,0.000218311,0.000207729,0.000305727,6.54833,0.01527,-0.00121886,0.000458891,-0.000910599,0.000478543,0.00922874,0.057322,-0.0461667,0.0573221,0.00112378,0.000238471,0.00778688,0.0102844,0.00764434,0.0135051,0.0517273,1.04587,228,10,0.988407,0.975685,0.975685,0.838612,1.08979e-07,-1.87201e-07,1.85812e-05,0.000379577,0.0503251,0.0565494,-0.000569723,0.000185946,-0,0,0,0,0,0.00229067,0.00229069,0.00167982,0.00274879,-0.00264611,1.15814e-07,-0.000355521,8.03249e-08,0.112628,0.0023884,0.10033,0.00235404,0.000750407,0.0213011,0.000318898,0.000381469,9.81702e-08,1.53055e-07,1.46098e-05,1.35816e-05,4.55327e-07,4.27847e-08,0.259927,0.000441774,0.000434374,0.000218311,0.000164923,0.0498479,-0.000477206,0.0492962,0.000338664,0.000551609,0,0.0564521,-9.72951e-05,0.0560829,0.000356939,0.000369226,0,-0.000563481,6.24142e-06,-2.38542e-05,0.000257506,-0.000539627,0,0.000185772,-1.74143e-07,6.45037e-05,8.6879e-05,0.000121268,0
ERF_Log_File_20240820_0956.csv,sp,12,emfpe,2,0,filled_square,prism,CCS200_Spectrum_1408204580.csv,1.40821e+09,4.17169,0.00327665,0.7188,0.0409276,34.1725,0.270083,0.000125543,1.13542,1,0.00136801,7.90909e-06,0.27,0,6.35e-06,0.000289,8.31e-05,7.51e-06,0,6.93e-06,3.73151e-05,6.18e-05,2.89e-05,5.77e-06,2.54e-05,9.24e-06,0.000123406,4.04e-05,-4.53612e-05,-0.000224673,0.0273122,0.0218477,9.10482e-05,0.000147581,0.000112982,0.000196591,12.5504,0.02858,-0.00072525,0.000448793,8.36338e-05,0.000475944,0.105069,0.0678231,0.165845,0.0678242,0.000580169,0.000278481,0.00822559,0.0133175,0.00847434,0.0170453,0.096812,1.04587,228,10,0.988407,0.976097,0.976097,0.853502,-2.6897e-08,-7.05558e-08,8.57708e-06,0.000170093,0.0255977,0.027981,-0.000230175,-4.58932e-05,0,0,0,0,0,0.00119518,0.0011952,0.000876466,0.00143422,-0.000495661,6.26776e-08,-0.000769434,4.55422e-08,0.0819807,0.00169298,0.0739433,0.00166862,0.000316274,0.015596,0.000253691,0.000284035,9.00292e-08,1.41952e-07,7.43125e-06,6.72026e-06,1.83958e-07,1.05597e-08,0.270083,0.000320949,0.000305668,0.000147581,9.10483e-05,0.025355,-0.00024273,0.0254065,0.000319204,-5.15653e-05,0,0.0279329,-4.81423e-05,0.0279399,0.000312677,-7.04659e-06,0,-0.000227653,2.52161e-06,-1.62838e-05,0.00017577,-0.000211369,0,-4.58503e-05,4.29803e-08,5.26426e-05,6.19406e-05,-9.84928e-05,0
ERF_Log_File_20240820_1036.csv,sp,12,emfpe,2,0,filled_square,prism,CCS200_Spectrum_1408206999.csv,1.40821e+09,4.97945,0.00220702,0.649725,0.00529747,34.171,0.28011,0.00012558,1.12525,1,0.00148657,1.08475e-05,0.28,0,6.35e-06,0.000289,8.31e-05,7.51e-06,0,6.93e-06,3.87637e-05,6.18e-05,2.89e-05,5.77e-06,2.54e-05,9.24e-06,0.000123406,4.04e-05,-8.03499e-05,-8.85073e-05,0.0119916,0.00949302,8.72113e-05,8.78871e-05,7.32561e-05,0.000121219,15.1664,0.0138198,0.000301879,0.000185046,-0.00104458,0.000253018,0.106585,0.115674,-0.314015,0.115686,-0.000597859,0.000303191,0.00948851,0.00957344,0.00788598,0.0131683,0.0467875,1.04587,228,10,0.988407,0.976509,0.976509,0.867523,-4.76436e-08,-2.60066e-08,3.52356e-06,6.32881e-05,0.0109427,0.0122801,-9.06364e-05,-8.12923e-05,-0,0,0,0,0,0.000989029,0.000989032,0.000725287,0.00118683,0.000553421,3.95325e-08,-0.00087117,3.04935e-08,0.0587648,0.00119146,0.0537298,0.00117432,0.000356148,0.011252,0.000102778,0.000111618,8.03531e-08,1.29123e-07,3.17676e-06,2.94933e-06,7.24374e-08,1.87047e-08,0.28011,0.000158926,0.000133529,8.78871e-05,8.72114e-05,0.0108389,-0.000103764,0.010861,0.000163717,-2.20824e-05,0,0.0122589,-2.11283e-05,0.0122649,0.000144641,-5.9845e-06,0,-8.96435e-05,9.9294e-07,-9.47149e-06,9.36849e-05,-8.0172e-05,0,-8.12162e-05,7.61325e-08,4.18084e-05,3.87521e-05,-0.000123025,0
ERF_Log_File_20240820_1114.csv,sp,12,emfpe,2,0,filled_square,prism,CCS200_Spectrum_1408209292.csv,1.40821e+09,2.98199,0.000689805,0.642763,0.000836369,34.1725,0.290265,0.000125623,1.10778,1,0.00154701,1.34253e-05,0.29,0,6.35e-06,0.000289,8.31e-05,7.51e-06,0,6.93e-06,4.01512e-05,6.18e-05,2.89e-05,5.77e-06,2.54e-05,9.24e-06,0.000123406,4.04e-05,-8.71608e-06,-2.53206e-06,0.00774358,0.0060927,7.62927e-05,0.000111039,7.78418e-05,0.000155294,16.5319,0.0232438,0.000804235,0.000286197,-0.000776582,0.00039706,0.126853,0.196455,0.442141,0.196493,-0.000295372,0.000483565,0.00905698,0.0131897,0.00914613,0.0184092,0.0787172,1.04587,228,10,0.988407,0.976929,0.976929,0.880626,-5.16821e-09,-6.97355e-10,2.13266e-06,3.43776e-05,0.0069186,0.00792645,-2.59186e-06,-8.81831e-06,0,0,0,0,0,0.000907337,0.000907338,0.00066538,0.0010888,0.000942384,2.95132e-08,-0.000801416,2.34169e-08,0.040909,0.000823226,0.0380088,0.000811382,0.00043595,0.00789348,1.97695e-05,1.43073e-05,6.93319e-08,1.14746e-07,2.00853e-06,1.90371e-06,2.07143e-09,2.02903e-09,0.290265,0.000156548,7.91381e-05,0.000111039,7.62928e-05,0.006853,-6.56055e-05,0.00683268,0.000163815,2.03121e-05,0,0.00791281,-1.36377e-05,0.00790402,8.71849e-05,8.79404e-06,0,-2.56346e-06,2.83943e-08,-3.41319e-06,7.13955e-05,8.49729e-07,0,-8.81005e-06,8.25859e-09,3.19417e-05,2.59995e-05,-4.07518e-05,0
ERF_Log_File_20250508_1105.csv,sp,13,fmfpe,11,2,filled_square,prism,CCS200_Spectrum_1430759133.csv,1.43076e+09,4.56771,0.000509932,0.642463,0.00154248,33.2886,0.298973,0.000129853,0.344973,1,0.00187193,8.10179e-05,0.3,0,6.35e-06,0.000289,8.31e-05,7.51e-06,0,6.93e-06,3.42226e-05,6.18e-05,2.89e-05,5.77e-06,2.54e-05,9.24e-06,0.000123406,4.04e-05,2.97715e-05,-5.98025e-06,0.00887389,0.00641105,1.88801e-05,2.58821e-05,2.33111e-05,3.34994e-05,20.5938,0.0310111,0.00101706,0.000296601,-0.000386753,0.000312579,0.179832,0.0417992,-0.141633,0.0417989,-0.000272491,0.00017423,0.00279171,0.00382916,0.0028166,0.00472555,0.105035,1.04587,228,10,0.989942,0.98202,0.98202,0.896533,1.63024e-08,-1.39874e-09,2.07555e-06,3.01222e-05,0.00715094,0.00903636,-6.08974e-06,3.0074e-05,-0,0,0,0,0,0.000728375,0.000728377,0.000534141,0.000874049,0.00135642,6.76865e-08,-0.000373521,4.05842e-08,0.0128742,9.62155e-05,0.0190113,8.15424e-05,0.000432486,0.0031886,3.81575e-05,5.51443e-05,6.1116e-08,1.04877e-07,0,0,0,0,0.298973,5.0777e-05,5.97854e-05,2.58822e-05,1.88804e-05,0.00715094,0,0.00714335,9.40235e-05,7.59021e-06,0,0.00903636,0,0.00907321,5.61498e-05,-3.68485e-05,0,-6.08974e-06,0,1.04236e-06,5.14453e-05,-7.1321e-06,0,3.0074e-05,0,2.44419e-05,2.60966e-05,5.63211e-06,0
ERF_Log_File_20250124_1147.csv,sp,12,emfpe,7,1,filled_square,prism,CCS200_Spectrum_1421779668.csv,1.42178e+09,2.27457,0.000161667,0.644686,0.00158193,34.1725,0.299623,0.000128179,0.446161,1,0.00185848,6.3328e-05,0.3,0,6.35e-06,0.000289,8.31e-05,7.51e-06,0,6.93e-06,4.14714e-05,6.18e-05,2.89e-05,5.77e-06,2.54e-05,9.24e-06,0.000123406,4.04e-05,-1.63698e-05,-6.50695e-05,0.00906075,0.00652314,3.21912e-05,4.67823e-05,4.20928e-05,5.55319e-05,28.8282,0.0269532,0.00094186,0.000188223,-1.2507e-05,0.000242174,0.0718689,0.0848182,0.183079,0.0848206,-4.67527e-05,0.000268962,0.0066678,0.00969101,0.00852989,0.0113998,0.0904895,1.0458,228,10,0.988407,0.977316,0.977316,0.891608,-9.70648e-09,-1.69188e-08,2.3559e-06,3.1384e-05,0.00731615,0.00927105,-6.65798e-05,-1.65618e-05,0,0,0,0,0,0.000520324,0.000520328,0.000381571,0.000624389,0.00121956,3.85103e-08,-0.000162192,2.14103e-08,0.0213177,0.000135404,0.0321998,0.000134793,0.000345439,0.00535182,4.29617e-05,5.96668e-05,5.95284e-08,1.02454e-07,2.19778e-06,2.48907e-06,6.09301e-08,4.52213e-09,0.299623,7.02118e-05,7.29331e-05,4.67823e-05,3.21914e-05,0.00726231,-5.38466e-05,0.00734858,9.64171e-05,-8.62749e-05,0,0.00927023,-8.21616e-07,0.00936359,5.28299e-05,-9.33611e-05,0,-6.56128e-05,9.66987e-07,1.34627e-06,4.93058e-05,-6.69591e-05,0,-1.65825e-05,-2.06911e-08,2.39196e-05,2.59927e-05,-4.05021e-05,0
ERF_Log_File_20240820_1151.csv,sp,12,emfpe,2,0,filled_square,prism,CCS200_Spectrum_1408211511.csv,1.40821e+09,4.14201,0.000838394,0.644606,0.00147055,34.1725,0.300598,0.000125582,1.01365,1,0.00164568,1.0984e-05,0.3,0,6.35e-06,0.000289,8.31e-05,7.51e-06,0,6.93e-06,4.16111e-05,6.18e-05,2.89e-05,5.77e-06,2.54e-05,9.24e-06,0.000122542,4.04e-05,2.35446e-05,4.28858e-05,0.00984798,0.00706211,5.63953e-05,7.6625e-05,5.35863e-05,8.8478e-05,21.0092,0.0212576,0.000739159,0.000204339,-0.000315811,0.000269146,0.157092,0.104052,-0.12573,0.104051,7.92702e-05,0.000307801,0.00851602,0.0115689,0.00794594,0.0132601,0.0718111,1.04586,228,10,0.988407,0.977357,0.977357,0.892689,1.39608e-08,1.10852e-08,2.54553e-06,3.34121e-05,0.00791105,0.0100761,4.38794e-05,2.38208e-05,0,0,0,0,0,0.000713973,0.000713976,0.00052358,0.000856768,0.000935647,2.32107e-08,-0.000644762,1.84486e-08,0.0273388,0.000555503,0.0259242,0.00054751,0.000395102,0.00532744,4.67024e-05,6.19937e-05,5.71419e-08,9.8784e-08,2.29665e-06,2.42001e-06,3.50688e-08,5.48097e-09,0.300598,0.000100049,8.18643e-05,7.6625e-05,5.63954e-05,0.00783604,-7.50164e-05,0.00769599,0.0001039,0.000140045,0,0.0100588,-1.73363e-05,0.00983477,5.33404e-05,0.000224024,0,4.33987e-05,-4.80707e-07,1.79452e-06,4.65851e-05,4.16041e-05,0,2.37984e-05,-2.23088e-08,2.31464e-05,2.53285e-05,6.52023e-07,0
ERF_Log_File_20240820_1223.csv,sp,12,emfpe,2,0,filled_square,prism,CCS200_Spectrum_1408213415.csv,1.40821e+09,3.27311,0.000493734,0.514167,0.0019955,34.1711,0.305201,0.000125593,1.1222,1,0.00171017,1.17185e-05,0.305,0,6.35e-06,0.000289,8.31e-05,7.51e-06,0,6.93e-06,4.22183e-05,6.18e-05,2.89e-05,5.77e-06,2.54e-05,9.24e-06,0.000115887,4.04e-05,5.18615e-05,3.22849e-05,0.0112351,0.00829331,8.87973e-05,0.000100064,8.01706e-05,0.000101567,16.2832,0.0179055,0.000644678,0.00022286,-0.000443904,0.000300779,0.53392,0.129281,-0.0188012,0.129241,-3.09603e-06,0.000354867,0.010393,0.0117116,0.00925356,0.0118136,0.0602072,1.04584,228,10,0.988407,0.977547,0.977547,0.897654,3.07514e-08,8.11915e-09,2.82544e-06,3.62306e-05,0.00923887,0.0114932,3.30264e-05,5.24698e-05,-0,0,0,0,0,0.000921195,0.000921198,0.000675543,0.00110543,0.00085655,2.07399e-08,-0.000563601,1.64461e-08,0.022511,0.000463209,0.0215876,0.000456544,0.000355038,0.00441082,1.83699e-05,1.33091e-05,5.1497e-08,9.09774e-08,2.68213e-06,2.76033e-06,2.6395e-08,1.20729e-08,0.305201,0.000103215,8.13132e-05,0.000100064,8.87973e-05,0.00915126,-8.76074e-05,0.00913437,0.000155461,1.68923e-05,0,0.0114734,-1.97744e-05,0.0115333,8.6803e-05,-5.99329e-05,0,3.26646e-05,-3.61811e-07,3.7858e-06,3.87597e-05,2.88788e-05,0,5.24206e-05,-4.91394e-08,1.96674e-05,1.71613e-05,3.27532e-05,0
ERF_Log_File_20240820_1254.csv,sp,12,emfpe,2,0,filled_square,prism,CCS200_Spectrum_1408215315.csv,1.40822e+09,3.18542,0.000446853,0.449956,0.000677308,34.1714,0.310241,0.000125549,1.1573,1,0.0017389,8.48275e-06,0.31,0,6.35e-06,0.000289,8.31e-05,7.51e-06,0,6.93e-06,4.28725e-05,6.18e-05,2.89e-05,5.77e-06,2.54e-05,9.24e-06,0.000108599,4.04e-05,-4.97161e-06,0.000198582,0.011418,0.00811361,5.75742e-05,9.34707e-05,7.75595e-05,9.77923e-05,15.8168,0.016372,0.000614306,0.000209904,-0.000503344,0.000284296,-0.136681,0.124141,-0.0989511,0.124139,-0.000518002,0.000336951,0.00653356,0.0106181,0.00870317,0.0110489,0.0554504,1.04587,228,10,0.988407,0.977755,0.977755,0.902812,-2.94792e-09,4.84867e-08,2.78787e-06,3.24635e-05,0.00898704,0.0116778,0.0002031,-5.02992e-06,-0,0,0,0,0,0.000948359,0.000948362,0.000695463,0.00113803,0.000738165,1.81893e-08,-0.000472926,1.43695e-08,0.0179532,0.000377694,0.017471,0.00037226,0.000302773,0.00354322,1.78938e-05,2.9271e-05,4.5167e-08,8.18906e-08,2.60902e-06,2.80467e-06,1.62319e-07,1.15735e-09,0.310241,9.94159e-05,8.26018e-05,9.34707e-05,5.75743e-05,0.00890182,-8.52195e-05,0.00892856,0.000165526,-2.67384e-05,0,0.0116577,-2.0092e-05,0.0116427,9.11883e-05,1.49616e-05,0,0.000200875,-2.225e-06,5.726e-06,2.81378e-05,0.000195149,0,-5.02521e-06,4.71066e-09,1.61967e-05,1.42966e-05,-2.1222e-05,0
ERF_Log_File_20240820_1326.csv,sp,12,emfpe,2,0,filled_square,prism,CCS200_Spectrum_1408217209.csv,1.40822e+09,3.44853,0.000376974,0.408789,0.00115581,34.171,0.315478,0.000125523,1.03596,1,0.00183023,5.86006e-06,0.315,0,6.35e-06,0.000289,8.31e-05,7.51e-06,0,6.93e-06,4.3656e-05,6.18e-05,2.89e-05,5.77e-06,2.54e-05,9.24e-06,0.000101029,4.04e-05,6.89437e-05,-1.48196e-05,0.0116307,0.00852477,7.55401e-05,8.0192e-05,8.38902e-05,0.000109061,17.2949,0.0231363,0.000526008,0.000269817,-4.6176e-05,0.00035215,0.0764545,0.131044,0.30582,0.131056,-4.32631e-05,0.000397598,0.0093876,0.00996665,0.0102374,0.0134494,0.0772297,1.04582,228,10,0.988407,0.97797,0.97797,0.907864,4.08802e-08,-3.51111e-09,2.75559e-06,3.11255e-05,0.00938992,0.0118927,-1.51534e-05,6.97523e-05,-0,0,0,0,0,0.000867308,0.000867311,0.000636026,0.00104077,0.000593846,1.57462e-08,-0.000380243,1.23684e-08,0.0139289,0.000303625,0.0138146,0.000299256,0.000243522,0.002775,2.98258e-05,4.11958e-05,3.84835e-08,7.198e-08,2.72598e-06,2.85629e-06,1.21108e-08,1.60495e-08,0.315478,0.000113064,9.3039e-05,8.0192e-05,7.55401e-05,0.00930088,-8.90397e-05,0.00886065,0.000149768,0.000440227,0,0.0118722,-2.04618e-05,0.0117533,7.10098e-05,0.000118898,0,-1.49874e-05,1.66009e-07,7.47119e-06,2.67778e-05,-2.24586e-05,0,6.9687e-05,-6.5325e-08,1.29856e-05,1.16482e-05,5.67014e-05,0
ERF_Log_File_20250508_1137.csv,sp,13,fmfpe,11,2,filled_square,prism,CCS200_Spectrum_1430761049.csv,1.43076e+09,3.08844,0.000864194,0.39816,0.00212639,33.2884,0.315826,0.000126442,0.707458,1,0.00197526,3.74665e-05,0.316,0,6.35e-06,0.000289,8.31e-05,7.51e-06,0,6.93e-06,3.61513e-05,6.18e-05,2.89e-05,5.77e-06,2.54e-05,9.24e-06,0.000100524,4.04e-05,1.99778e-05,-8.54688e-05,0.0113877,0.00807924,2.12816e-05,3.43173e-05,4.16796e-05,4.00913e-05,13.8219,0.0375642,0.000916752,0.000533687,0.000464989,0.000544489,0.1013,0.0445799,-0.119608,0.0445803,-0.000323742,0.000190572,0.00211167,0.00340723,0.00276158,0.00330507,0.127342,1.04586,228,10,0.989942,0.98247,0.98247,0.912957,1.09395e-08,-1.80255e-08,2.40169e-06,2.86733e-05,0.00884953,0.0115909,-8.69938e-05,2.01808e-05,-0,0,0,0,0,0.00108523,0.00108524,0.000795838,0.00130228,0.000695911,3.44056e-08,-9.41975e-05,2.07733e-08,0.00574842,4.6723e-05,0.00952996,3.95977e-05,0.000197527,0.00152787,3.27274e-05,3.8306e-05,3.83149e-08,7.18288e-08,0,0,0,0,0.315826,5.17473e-05,5.60407e-05,3.43173e-05,2.12817e-05,0.00884953,0,0.0089476,0.000149589,-9.80719e-05,0,0.0115909,0,0.0116425,6.46707e-05,-5.15726e-05,0,-8.69938e-05,0,7.57732e-06,2.64396e-05,-9.45711e-05,0,2.01808e-05,0,1.27869e-05,1.16039e-05,7.39386e-06,0
ERF_Log_File_20250124_1115.csv,sp,12,emfpe,7,1,filled_square,prism,CCS200_Spectrum_1421777749.csv,1.42178e+09,5.39523,0.00265956,0.380322,0.00511902,34.1728,0.320487,0.000125784,1.01938,1,0.00211952,2.06046e-05,0.32,0,6.35e-06,0.000289,8.31e-05,7.51e-06,0,6.93e-06,4.4265e-05,6.18e-05,2.89e-05,5.77e-06,2.54e-05,9.24e-06,9.37865e-05,4.04e-05,-2.49436e-05,-6.23966e-06,0.0104058,0.00803642,3.33265e-05,5.7788e-05,5.01411e-05,6.13257e-05,27.3872,0.0197493,0.000339864,0.000146214,8.16721e-05,0.000197739,-0.171027,0.0854184,0.031889,0.0854154,0.000244616,0.000234978,0.00656368,0.0113758,0.00969437,0.0120143,0.066857,1.04578,228,10,0.988407,0.978175,0.978175,0.912426,-1.47903e-08,-1.43713e-09,2.39669e-06,2.6874e-05,0.00880775,0.010638,-6.37888e-06,-2.52362e-05,0,0,0,0,0,0.000547702,0.000547706,0.000401647,0.000657241,0.000380386,1.6932e-08,-7.56044e-05,8.79976e-09,0.00964678,5.91031e-05,0.0132582,5.88362e-05,0.000113998,0.00229053,0.000107278,0.000135157,3.20767e-08,6.22419e-08,2.64586e-06,2.85606e-06,5.83759e-09,6.89063e-09,0.320487,0.00012357,0.000144014,5.7788e-05,3.33266e-05,0.00874293,-6.48247e-05,0.00849607,0.000175661,0.000246857,0,0.010637,-9.42755e-07,0.0104733,0.000128574,0.000163735,0,-6.28623e-06,9.26451e-08,8.87798e-06,2.20769e-05,-1.51642e-05,0,-2.52677e-05,-3.15282e-08,1.03089e-05,1.10283e-05,-3.55766e-05,0
ERF_Log_File_20240820_1358.csv,sp,12,emfpe,2,0,filled_square,prism,CCS200_Spectrum_1408219123.csv,1.40822e+09,5.42289,0.00329746,0.363858,0.00281236,34.1716,0.321346,0.000125705,1.12441,1,0.00204403,1.74787e-05,0.32,0,6.35e-06,0.000289,8.31e-05,7.51e-06,0,6.93e-06,4.43966e-05,6.18e-05,2.89e-05,5.77e-06,2.54e-05,9.24e-06,9.2544e-05,4.04e-05,0.000208185,-4.90071e-05,0.00906784,0.00695149,0.000100021,8.80762e-05,8.57747e-05,0.000123067,13.932,0.0115964,0.000103733,0.000170795,-1.74601e-06,0.000248482,0.0582208,0.176173,-0.400782,0.176205,0.000312654,0.00031708,0.0100242,0.00882159,0.00854721,0.0122776,0.0392735,1.04587,228,10,0.988407,0.97821,0.97821,0.913184,1.23444e-07,-1.12333e-08,2.07851e-06,2.28967e-05,0.00761237,0.00926983,-5.00988e-05,0.000210627,0,0,0,0,0,0.00107666,0.00107666,0.000789549,0.00129199,0.000420274,1.33195e-08,-0.000282002,1.03587e-08,0.0101696,0.000235795,0.0103769,0.000232402,0.000175569,0.00205518,0.000140859,0.0001868,3.09374e-08,6.04723e-08,2.20994e-06,2.22635e-06,4.00394e-08,4.84636e-08,0.321346,0.000187046,0.000205141,8.80762e-05,0.000100021,0.00754018,-7.21841e-05,0.0076379,0.000177979,-9.77168e-05,0,0.00925388,-1.59491e-05,0.00935085,0.000139995,-9.69719e-05,0,-4.95499e-05,5.48842e-07,9.09321e-06,2.16144e-05,-5.86431e-05,0,0.00021043,-1.97258e-07,9.88976e-06,1.09349e-05,0.00020054,0
ERF_Log_File_20240820_1430.csv,sp,12,emfpe,2,0,filled_square,prism,CCS200_Spectrum_1408221023.csv,1.40822e+09,5.03646,0.00178128,0.354821,0.00155961,34.1709,0.325764,0.000125549,1.13207,1,0.00197638,8.53937e-06,0.325,0,6.35e-06,0.000289,8.31e-05,7.51e-06,0,6.93e-06,4.50815e-05,6.18e-05,2.89e-05,5.77e-06,2.54e-05,9.24e-06,8.71319e-05,4.04e-05,1.92618e-05,6.55473e-05,0.00330747,0.00264395,5.46232e-05,5.18855e-05,5.43026e-05,6.46169e-05,25.8574,0.0205598,8.46806e-05,0.000164067,-0.000342886,0.00024603,0.659484,0.288766,-0.318295,0.28866,0.000240934,0.000322161,0.0101623,0.00964834,0.0100858,0.0119739,0.069618,1.04587,228,10,0.988407,0.97839,0.97839,0.91696,1.14213e-08,1.46622e-08,7.39843e-07,8.05753e-06,0.00288339,0.00338052,6.69951e-05,1.94877e-05,-0,0,0,0,0,0.000580105,0.000580105,0.00042541,0.000696126,0.00028875,1.1747e-08,-0.000213249,9.03278e-09,0.00779568,0.000193718,0.00819254,0.000190931,0.0001255,0.00159928,7.61456e-05,8.4165e-05,2.51212e-08,5.13582e-08,8.37073e-07,8.11907e-07,5.3543e-08,4.48398e-09,0.325764,9.98657e-05,0.000100594,5.18855e-05,5.46232e-05,0.00285604,-2.73417e-05,0.00267085,0.00018609,0.000185197,0,0.00337471,-5.8163e-06,0.0033677,0.000108724,7.00343e-06,0,6.62611e-05,-7.33944e-07,1.0079e-05,1.93719e-05,5.61821e-05,0,1.94695e-05,-1.82508e-08,7.9227e-06,1.03911e-05,1.15468e-05,0
ERF_Log_File_20240821_1258.csv,sp,12,emfpe,2,0,filled_square,prism,CCS200_Spectrum_1408301895.csv,1.4083e+09,5.09736,0.00178037,0.350755,0.00342358,34.1716,0.327755,0.000125515,1.12639,1,0.0020058,4.69916e-06,0.327,0,6.35e-06,0.000289,8.31e-05,7.51e-06,0,6.93e-06,4.53917e-05,6.18e-05,2.89e-05,5.77e-06,2.54e-05,9.24e-06,8.67954e-05,4.04e-05,0.000122388,8.87283e-05,0.00315115,0.00244542,3.98368e-05,6.74785e-05,4.67078e-05,7.7658e-05,26.2258,0.0199091,1.29381e-06,0.000156681,-0.000700087,0.000235216,-0.0904336,0.284555,-0.2472,0.284571,-0.000798421,0.000308222,0.00748994,0.0127074,0.00879598,0.0146594,0.0674161,1.04587,228,10,0.988407,0.978471,0.978471,0.918598,7.25704e-08,1.96331e-08,6.97259e-07,7.19619e-06,0.00266212,0.00322048,9.06806e-05,0.000123823,0,0,0,0,0,0.000571956,0.000571956,0.000419434,0.000686347,0.000230419,1.11116e-08,-0.000184008,8.49036e-09,0.00684057,0.000176973,0.00731026,0.000174426,0.000103607,0.00141552,7.72401e-05,7.56515e-05,2.24978e-08,4.71953e-08,7.72838e-07,7.7347e-07,7.24727e-08,2.84908e-08,0.327755,0.000109526,8.97313e-05,6.74785e-05,3.98368e-05,0.00263688,-2.52435e-05,0.00257942,0.000198022,5.74547e-05,0,0.00321494,-5.54095e-06,0.00320257,0.000101702,1.23773e-05,0,8.96871e-05,-9.93423e-07,1.04566e-05,1.88148e-05,7.92305e-05,0,0.000123708,-1.15964e-07,7.14114e-06,9.78859e-06,0.000116566,0
ERF_Log_File_20250508_1208.csv,sp,13,fmfpe,11,2,filled_square,prism,CCS200_Spectrum_1430762934.csv,1.43076e+09,3.59224,0.000758498,0.325685,0.00363193,33.2888,0.330146,0.000125555,1.1444,1,0.00206189,9.05777e-06,0.33,0,6.35e-06,0.000289,8.31e-05,7.51e-06,0,6.93e-06,3.77616e-05,6.18e-05,2.89e-05,5.77e-06,2.54e-05,9.24e-06,8.63909e-05,4.04e-05,4.92414e-06,2.89305e-05,0.00718651,0.00414551,7.80592e-06,9.56625e-06,1.14629e-05,1.46672e-05,40.8604,0.0241579,0.000146398,0.000117289,-0.000268248,0.000133284,0.0718837,0.0288411,-0.0148492,0.028841,-0.000359009,0.000111769,0.00228943,0.00280772,0.00311439,0.00423369,0.0818408,1.04586,228,10,0.989942,0.982857,0.982857,0.924932,2.69639e-09,5.61324e-09,1.39436e-06,1.14418e-05,0.00448196,0.00731186,2.94351e-05,4.97417e-06,-0,0,0,0,0,0.000367104,0.000367107,0.000269209,0.000440524,0.000196614,2.09331e-08,7.85384e-05,1.26016e-08,0.00225443,2.37969e-05,0.00440045,2.01678e-05,6.87882e-05,0.000665506,0.000364217,0.000509507,1.94356e-08,4.21689e-08,0,0,0,0,0.330146,0.000364514,0.000511445,9.56627e-06,7.80603e-06,0.00448196,0,0.00659185,0.000245688,-0.00210989,0,0.00731186,0,0.00818966,0.000264,-0.000877806,0,2.94351e-05,0,1.08557e-05,1.81578e-05,1.85794e-05,0,4.97417e-06,0,6.29e-06,9.07461e-06,-1.31583e-06,0
ERF_Log_File_20240820_1501.csv,sp,12,emfpe,2,0,filled_square,prism,CCS200_Spectrum_1408222917.csv,1.40822e+09,2.93462,0.00025662,0.325948,0.000481642,34.1708,0.330302,0.000125526,1.13513,1,0.0019581,6.15051e-06,0.33,0,6.35e-06,0.000289,8.31e-05,7.51e-06,0,6.93e-06,4.56703e-05,6.18e-05,2.89e-05,5.77e-06,2.54e-05,9.24e-06,8.63646e-05,4.04e-05,-4.80892e-05,6.44302e-05,0.00796561,0.00470996,3.99508e-05,5.11126e-05,3.07053e-05,5.55167e-05,37.7718,0.0151784,2.46622e-05,8.23269e-05,-6.91522e-05,0.000118757,-0.0612018,0.0772755,0.111809,0.0772762,-8.84136e-05,0.000150378,0.0108404,0.0138715,0.00828196,0.0150517,0.0514081,1.04587,228,10,0.988407,0.978574,0.978574,0.920638,-2.85146e-08,1.4061e-08,1.73838e-06,1.32542e-05,0.00511597,0.00814002,6.58409e-05,-4.86532e-05,-0,0,0,0,0,0.000397122,0.000397126,0.000291223,0.000476546,0.000157369,1.03696e-08,-0.000148461,7.85108e-09,0.00571451,0.000157377,0.0062672,0.000155112,7.64576e-05,0.00119858,0.000386834,0.000548778,1.92362e-08,4.18282e-08,1.48521e-06,1.955e-06,5.26206e-08,1.11947e-08,0.330302,0.000390801,0.000551385,5.11126e-05,3.99508e-05,0.00506746,-4.85121e-05,0.00705301,0.000250661,-0.00198555,0,0.00812601,-1.40052e-05,0.00883785,0.00027558,-0.000711833,0,6.51196e-05,-7.213e-07,1.08798e-05,1.81154e-05,5.42398e-05,0,-4.86077e-05,4.55651e-08,6.23773e-06,9.02846e-06,-5.48454e-05,0
ERF_Log_File_20240821_1150.csv,sp,12,emfpe,2,0,filled_square,prism,CCS200_Spectrum_1408297825.csv,1.4083e+09,2.55353,0.000487511,0.314446,0.00239145,34.1724,0.33235,0.000125518,1.15437,1,0.00199073,5.21002e-06,0.332,0,6.35e-06,0.000289,8.31e-05,7.51e-06,0,6.93e-06,4.59589e-05,6.18e-05,2.89e-05,5.77e-06,2.54e-05,9.24e-06,8.60183e-05,4.04e-05,-2.33866e-05,6.28922e-05,0.0194175,0.0112013,3.44036e-05,4.23837e-05,3.50297e-05,5.23027e-05,32.7195,0.0150286,7.25194e-05,9.19935e-05,-9.15833e-05,0.000113757,0.0106242,0.0345553,0.0118211,0.0345553,0.000127452,0.000117608,0.00809161,0.00996597,0.00794427,0.0121961,0.0509017,1.04587,228,10,0.988407,0.978657,0.978657,0.922237,-1.38671e-08,1.3575e-08,4.19117e-06,3.04066e-05,0.0121458,0.019841,6.42638e-05,-2.36609e-05,0,0,0,0,0,0.000458444,0.000458462,0.000336191,0.000550131,9.99577e-05,9.82919e-09,-0.000121304,7.37623e-09,0.00488246,0.000143006,0.00549427,0.000140949,5.53153e-05,0.00103806,0.000728554,0.00105127,1.67379e-08,3.74587e-08,3.52603e-06,4.76525e-06,5.13602e-08,5.44419e-09,0.33235,0.000730473,0.00105266,4.23837e-05,3.44036e-05,0.0120306,-0.000115172,0.0160529,0.000342562,-0.00402228,0,0.0198068,-3.4137e-05,0.0219487,0.000411961,-0.00214189,0,6.35598e-05,-7.04022e-07,1.11731e-05,1.65846e-05,5.23866e-05,0,-2.36387e-05,2.21591e-08,5.59085e-06,8.37266e-06,-2.92296e-05,0
ERF_Log_File_20250508_1240.csv,sp,13,fmfpe,11,2,filled_square,prism,CCS200_Spectrum_1430764816.csv,1.43077e+09,3.48177,0.000545136,0.308532,0.00155088,33.289,0.335231,0.000125536,1.03126,1,0.00207297,7.27632e-06,0.335,0,6.35e-06,0.000289,8.31e-05,7.51e-06,0,6.93e-06,3.83829e-05,6.18e-05,2.89e-05,5.77e-06,2.54e-05,9.24e-06,8.55311e-05,4.04e-05,6.95285e-06,3.64111e-05,0.0512117,0.0305707,7.74762e-06,1.13586e-05,5.26931e-05,3.28016e-05,39.6734,0.0399807,-6.14362e-05,0.000196051,0.000513978,0.000196273,-0.00345865,0.00382014,0.00169299,0.00382014,-1.1024e-05,1.65415e-05,0.00220857,0.00323797,0.0030221,0.00318176,0.13541,1.04587,228,10,0.989942,0.982994,0.982994,0.928749,3.80727e-09,6.86502e-09,9.65554e-06,7.70933e-05,0.032916,0.0520977,3.7041e-05,7.02349e-06,-0,0,0,0,0,0.000378105,0.000378255,0.000277264,0.000453704,4.94394e-05,1.78754e-08,0.000124346,1.07268e-08,0.00141224,1.84394e-05,0.00307269,1.56273e-05,4.34464e-05,0.00044851,0.00118506,0.00168479,1.34117e-08,3.12531e-08,0,0,0,0,0.335231,0.00118555,0.0016854,1.13586e-05,7.74768e-06,0.032916,0,0.038213,0.000456741,-0.00529697,0,0.0520977,0,0.0535271,0.000617088,-0.00142938,0,3.7041e-05,0,1.15187e-05,1.42397e-05,2.55224e-05,0,7.02349e-06,0,4.80225e-06,7.45969e-06,2.22124e-06,0
ERF_Log_File_20240820_1533.csv,sp,12,emfpe,2,0,filled_square,prism,CCS200_Spectrum_1408224810.csv,1.40823e+09,2.90874,0.000355435,0.307192,0.00086244,34.1714,0.335243,0.000125518,1.0273,1,0.00196552,5.22776e-06,0.335,0,6.35e-06,0.000289,8.31e-05,7.51e-06,0,6.93e-06,4.64081e-05,6.18e-05,2.89e-05,5.77e-06,2.54e-05,9.24e-06,8.5529e-05,4.04e-05,4.27087e-05,7.67875e-05,0.051849,0.0313457,3.32026e-05,4.47122e-05,4.79953e-05,6.36714e-05,37.4111,0.0230762,0.000137567,0.000121301,8.05146e-06,0.000125642,0.0178659,0.0137382,0.0130971,0.0137381,3.46763e-07,5.7542e-05,0.00892544,0.0120194,0.00958242,0.0162426,0.0781666,1.04587,228,10,0.988407,0.978774,0.978774,0.924434,2.53241e-08,1.63206e-08,1.10201e-05,8.08653e-05,0.033908,0.0529734,7.84527e-05,4.32096e-05,-0,0,0,0,0,0.000400968,0.000401113,0.00029403,0.000481141,2.19972e-05,9.14482e-09,-8.51375e-05,6.77093e-09,0.0038111,0.000124651,0.00449601,0.000122858,2.67837e-05,0.000831083,0.0011866,0.00168701,1.33964e-08,3.12226e-08,9.8438e-06,1.27227e-05,6.27001e-08,9.94221e-09,0.335243,0.00118835,0.00168747,4.47122e-05,3.32026e-05,0.0335865,-0.000321532,0.0383255,0.000457229,-0.00473903,0,0.0528823,-9.11425e-05,0.053687,0.000617881,-0.000804728,0,7.75933e-05,-8.59465e-07,1.15199e-05,1.42299e-05,6.60733e-05,0,4.31692e-05,-4.0467e-08,4.79925e-06,7.45594e-06,3.83699e-05,0
ERF_Log_File_20240821_1222.csv,sp,12,emfpe,2,0,filled_square,prism,CCS200_Spectrum_1408299765.csv,1.4083e+09,2.47106,0.000319037,0.301098,0.000864829,34.1716,0.337322,0.000125516,1.20392,1,0.00201242,4.8638e-06,0.337,0,6.35e-06,0.000289,8.31e-05,7.51e-06,0,6.93e-06,4.66306e-05,6.18e-05,2.89e-05,5.77e-06,2.54e-05,9.24e-06,8.51776e-05,4.04e-05,4.84812e-05,2.80503e-05,0.0813923,0.050821,3.94404e-05,4.05028e-05,5.16214e-05,6.98655e-05,31.7259,0.0154539,-0.000105501,9.56615e-05,-1.72452e-06,9.7671e-05,0.00942192,0.00818367,0.0180688,0.00818365,3.22708e-06,3.4647e-05,0.00899118,0.00923333,0.00750611,0.0148437,0.0523473,1.04587,228,10,0.988407,0.978857,0.978857,0.925966,2.8747e-08,5.89661e-09,1.711e-05,0.000126408,0.0548843,0.0831503,2.86562e-05,4.90498e-05,0,0,0,0,0,0.000472839,0.000473139,0.00034672,0.00056736,-3.17056e-05,8.70639e-09,-6.07714e-05,6.37895e-09,0.0031116,0.000112766,0.00384216,0.000111144,2.31192e-05,0.000695741,0.00145945,0.00207838,1.11246e-08,2.66954e-08,1.59334e-05,1.99704e-05,2.29023e-08,1.1286e-08,0.337322,0.00146113,0.00207856,4.05028e-05,3.94404e-05,0.0543639,-0.000520439,0.0603049,0.000532136,-0.00594101,0,0.0830073,-0.000143063,0.0849738,0.000733634,-0.00196656,0,2.83422e-05,-3.13934e-07,1.17228e-05,1.28089e-05,1.66194e-05,0,4.90039e-05,-4.59365e-08,4.31958e-06,7.37708e-06,4.46843e-05,0
ERF_Log_File_20240820_1604.csv,sp,12,emfpe,2,0,filled_square,prism,CCS200_Spectrum_1408226702.csv,1.40823e+09,2.71276,0.000159763,0.288625,0.000212883,34.171,0.340251,0.00012552,0.922621,1,0.00198371,5.4018e-06,0.34,0,6.35e-06,0.000289,8.31e-05,7.51e-06,0,6.93e-06,4.70699e-05,6.18e-05,2.89e-05,5.77e-06,2.54e-05,9.24e-06,8.46823e-05,4.04e-05,-8.4195e-05,9.68335e-06,0.1367,0.0888729,4.07069e-05,5.52187e-05,8.2504e-05,6.9657e-05,34.9024,0.0187611,7.08958e-06,0.000105361,-0.000107829,0.000106123,0.0211426,0.00522375,0.00721286,0.00522374,5.47337e-05,2.23293e-05,0.0102106,0.0138492,0.00937312,0.0126236,0.0635546,1.04587,228,10,0.988407,0.978975,0.978975,0.928059,-4.99235e-08,2.0046e-09,2.8299e-05,0.000210011,0.0957621,0.139636,9.89131e-06,-8.51825e-05,-0,0,0,0,0,0.000429902,0.000430821,0.000315165,0.000515724,-0.000103493,8.16672e-09,-2.89217e-05,5.88828e-09,0.00221876,9.77254e-05,0.00300494,9.63192e-05,3.31036e-05,0.00052274,0.00177079,0.00250695,8.10134e-09,2.026e-08,2.78006e-05,3.35366e-05,7.90522e-09,1.95999e-08,0.340251,0.00177214,0.00250751,5.52187e-05,4.07069e-05,0.0948541,-0.000908062,0.0981601,0.000625702,-0.00330606,0,0.139396,-0.000240248,0.138775,0.000865998,0.000620435,0,9.78295e-06,-1.08361e-07,1.19468e-05,1.0991e-05,-2.16382e-06,0,-8.51027e-05,7.97758e-08,3.77158e-06,7.68163e-06,-8.88743e-05,0
ERF_Log_File_20250508_1739.csv,sp,13,fmfpe,11,2,filled_square,prism,CCS200_Spectrum_1430782780.csv,1.43078e+09,3.17909,0.00109048,0.291813,0.00188355,33.2896,0.340455,0.000125537,1.06665,1,0.0020904,7.44659e-06,0.34,0,6.35e-06,0.000289,8.31e-05,7.51e-06,0,6.93e-06,3.89573e-05,6.18e-05,2.89e-05,5.77e-06,2.54e-05,9.24e-06,8.46478e-05,4.04e-05,-1.13445e-07,-1.17931e-05,0.139851,0.0902333,9.02257e-06,1.38862e-05,6.20471e-05,4.40014e-05,36.3733,0.0157954,-8.51451e-05,8.45826e-05,0.000331241,8.46937e-05,0.00187032,0.0017769,0.000292477,0.0017769,3.10029e-05,7.69212e-06,0.00235837,0.00362943,0.00331176,0.00519976,0.0534819,1.04587,228,10,0.989942,0.983136,0.983136,0.93244,-6.21206e-11,-2.16006e-09,2.56154e-05,0.000207433,0.0967712,0.14225,-1.19954e-05,-1.14598e-07,-0,0,0,0,0,0.000412533,0.000413537,0.00030242,0.000494868,-8.3462e-05,1.53577e-08,0.000163257,9.1765e-09,0.000717067,1.40749e-05,0.00193062,1.19285e-05,6.16798e-05,0.000264787,0.00178957,0.00253148,7.89922e-09,1.9812e-08,0,0,0,0,0.340455,0.00179009,0.00253144,1.38862e-05,9.02259e-06,0.0967712,0,0.10105,0.000631271,-0.0042787,0,0.14225,0,0.142865,0.000873232,-0.00061513,0,-1.19954e-05,0,1.19598e-05,1.08651e-05,-2.39552e-05,0,-1.14598e-07,0,3.73893e-06,7.70481e-06,-3.85353e-06,0
ERF_Log_File_20250508_1810.csv,sp,13,fmfpe,11,2,filled_square,prism,CCS200_Spectrum_1430784660.csv,1.43079e+09,3.40445,0.00018112,0.276387,0.000650103,33.2889,0.345162,0.00012554,1.17486,1,0.00210427,7.67481e-06,0.345,0,6.35e-06,0.000289,8.31e-05,7.51e-06,0,6.93e-06,3.94609e-05,6.18e-05,2.89e-05,5.77e-06,2.54e-05,9.24e-06,8.38517e-05,4.04e-05,4.36743e-07,3.32804e-05,0.241005,0.161607,9.60132e-06,1.11768e-05,0.000257809,0.000172886,39.1812,0.0418437,1.57567e-06,0.000182161,0.000163697,0.000182172,0.00127441,0.000922293,-0.00148847,0.000922292,3.08862e-05,3.996e-06,0.00270349,0.00314691,0.00416734,0.00279052,0.143946,1.04578,228,10,0.989942,0.983263,0.983263,0.935581,2.39154e-10,5.94114e-09,4.30238e-05,0.000341807,0.172734,0.245107,3.38469e-05,4.4118e-07,-0,0,0,0,0,0.000383328,0.000386491,0.000280747,0.000459404,-0.000186908,1.35219e-08,0.00019156,8.04282e-09,0.000217549,1.09752e-05,0.00107228,9.30147e-06,9.4617e-05,0.000129015,0.00209222,0.00290063,3.4741e-09,9.33264e-09,0,0,0,0,0.345162,0.00209931,0.00291085,1.11768e-05,9.60132e-06,0.172734,0,0.174562,0.000733645,-0.0018276,0,0.245107,0,0.245802,0.0009598,-0.000694415,0,3.38469e-05,0,1.21714e-05,8.17931e-06,2.16755e-05,0,4.4118e-07,0,3.19217e-06,7.0945e-06,-2.75099e-06,0
ERF_Log_File_20240820_1659.csv,sp,12,emfpe,2,0,filled_square,prism,CCS200_Spectrum_1408229993.csv,1.40823e+09,2.90763,0.000370993,0.277286,0.00280693,34.172,0.345206,0.000125537,1.01916,1,0.00203757,7.39397e-06,0.345,0,6.35e-06,0.000289,8.31e-05,7.51e-06,0,6.93e-06,4.77173e-05,6.18e-05,2.89e-05,5.77e-06,2.54e-05,9.24e-06,8.38443e-05,4.04e-05,6.8321e-05,5.47996e-05,0.240918,0.163077,3.82198e-05,4.4898e-05,0.000131039,9.79577e-05,37.2795,0.0193397,-6.42559e-05,0.000101422,0.000105348,0.000101691,-0.00323404,0.00303708,0.00219109,0.00303707,2.08017e-05,1.30232e-05,0.0102387,0.0120272,0.0105103,0.0131152,0.0655089,1.04587,228,10,0.988407,0.979172,0.979172,0.931446,4.0511e-08,1.10572e-08,4.86113e-05,0.000353385,0.175079,0.246043,5.59652e-05,6.91223e-05,0,0,0,0,0,0.000402842,0.000405842,0.000295068,0.000482839,-0.000214406,7.41366e-09,1.86419e-05,5.20098e-09,0.000932567,7.63656e-05,0.00179278,7.52667e-05,5.82619e-05,0.000273005,0.00209389,0.00290234,3.43498e-09,9.23378e-09,5.08271e-05,5.90925e-05,4.47279e-08,1.59045e-08,0.345206,0.00209613,0.00290406,4.4898e-05,3.82198e-05,0.173419,-0.00166019,0.175296,0.000734466,-0.00187679,0,0.245619,-0.000423325,0.246819,0.000960083,-0.00119994,0,5.53521e-05,-6.1311e-07,1.21726e-05,8.1549e-06,4.31795e-05,0,6.90576e-05,-6.4735e-08,3.18894e-06,7.08659e-06,6.58687e-05,0
ERF_Log_File_20250508_1842.csv,sp,13,fmfpe,11,2,filled_square,prism,CCS200_Spectrum_1430786539.csv,1.43079e+09,3.80834,0.000443581,0.270723,0.00156447,33.2879,0.349983,0.000125522,1.09831,1,0.00210876,5.68081e-06,0.35,0,6.35e-06,0.000289,8.31e-05,7.51e-06,0,6.93e-06,3.99848e-05,6.18e-05,2.89e-05,5.77e-06,2.54e-05,9.24e-06,8.30364e-05,4.04e-05,1.11944e-05,3.37879e-05,0.354315,0.2455,6.69316e-06,1.20051e-05,0.00020343,0.00014143,44.1342,0.0252553,-0.000233943,0.000106017,0.000310795,0.000106034,-0.000206043,0.000806914,-0.000333119,0.000806912,3.87054e-05,3.49615e-06,0.00212313,0.00380783,0.00529828,0.00505766,0.0854866,1.04557,228,10,0.989942,0.983392,0.983392,0.938624,6.1299e-09,5.87806e-09,6.16399e-05,0.000476888,0.261553,0.360299,3.43585e-05,1.13081e-05,-0,0,0,0,0,0.000341147,0.000348697,0.00024924,0.000407847,-0.000277006,1.19846e-08,0.00021436,7.09583e-09,-0.000187036,8.49191e-06,0.000341588,7.19688e-06,0.000122842,5.28892e-05,0.00215224,0.0029062,5.64009e-10,1.54019e-09,0,0,0,0,0.349983,0.00215686,0.00291142,1.20051e-05,6.69316e-06,0.261553,0,0.256894,0.000846078,0.00465905,0,0.360299,0,0.358568,0.000978073,0.00173038,0,3.43585e-05,0,1.22258e-05,6.67812e-06,2.21328e-05,0,1.13081e-05,0,3.04213e-06,5.80799e-06,8.26601e-06,0
ERF_Log_File_20250124_0939.csv,sp,12,emfpe,7,1,filled_square,prism,CCS200_Spectrum_1421771968.csv,1.42177e+09,2.55107,0.00020197,0.272438,0.00101334,34.1741,0.350076,0.000125523,1.05365,1,0.00211842,5.88966e-06,0.35,0,6.35e-06,0.000289,8.31e-05,7.51e-06,0,6.93e-06,4.8361e-05,6.18e-05,2.89e-05,5.77e-06,2.54e-05,9.24e-06,8.3063e-05,4.04e-05,-2.35681e-05,-2.64291e-06,0.354119,0.247808,1.20873e-05,2.38377e-05,0.00010168,7.35943e-05,66.0635,0.0185262,-6.18739e-05,5.45869e-05,-4.69198e-05,5.46529e-05,0.00280916,0.00110088,0.00239707,0.00110088,4.35269e-05,4.7695e-06,0.00573862,0.0113163,0.0103329,0.0113806,0.0627702,1.04587,228,10,0.988407,0.979365,0.979365,0.934589,-1.39747e-08,-5.20248e-10,6.97071e-05,0.000493359,0.265152,0.36158,-2.6986e-06,-2.38445e-05,0,0,0,0,0,0.000228993,0.000240048,0.000166506,0.000272465,-0.000247966,8.82558e-09,3.48967e-05,3.9648e-09,0.00202261,1.67396e-05,0.00185395,1.6664e-05,7.07156e-05,0.000387671,0.00215101,0.0029027,6.37331e-10,1.75112e-09,7.9652e-05,9.70763e-05,2.4696e-09,6.51065e-09,0.350076,0.00215225,0.00290257,2.38377e-05,1.20873e-05,0.2632,-0.00195151,0.258489,0.000848351,0.00471146,0,0.361548,-3.20438e-05,0.360722,0.000978021,0.000825917,0,-2.6594e-06,3.91937e-08,1.22254e-05,6.66115e-06,-1.48848e-05,0,-2.38743e-05,-2.97896e-08,3.04324e-06,5.77922e-06,-2.69176e-05,0
ERF_Log_File_20250124_1012.csv,sp,12,emfpe,7,1,filled_square,prism,CCS200_Spectrum_1421773967.csv,1.42177e+09,2.5091,0.000130502,0.271815,0.000486572,34.173,0.350079,0.000125524,1.03909,1,0.00212012,5.94971e-06,0.35,0,6.35e-06,0.000289,8.31e-05,7.51e-06,0,6.93e-06,4.83614e-05,6.18e-05,2.89e-05,5.77e-06,2.54e-05,9.24e-06,8.3064e-05,4.04e-05,3.42764e-05,-6.56628e-06,0.354522,0.248098,1.16309e-05,1.85458e-05,0.000316814,0.000222781,64.9529,0.0579416,2.921e-05,0.000160233,-0.000374928,0.000160249,0.00198743,0.000997037,0.00125019,0.000997035,4.5378e-05,4.32247e-06,0.00542914,0.00865619,0.00874822,0.0118165,0.19698,1.04585,228,10,0.988407,0.979365,0.979365,0.93459,2.03243e-08,-1.29253e-09,6.97854e-05,0.000493914,0.265462,0.361992,-6.70463e-06,3.46784e-05,0,0,0,0,0,0.000232848,0.000243752,0.000169353,0.000277124,-0.000248021,8.82558e-09,3.49086e-05,3.96439e-09,0.00202217,1.67375e-05,0.00185335,1.66619e-05,7.07323e-05,0.000387567,0.00215098,0.0029026,6.39687e-10,1.75794e-09,7.97451e-05,9.71868e-05,6.1357e-09,9.46881e-09,0.350079,0.00216247,0.00291794,1.85458e-05,1.16309e-05,0.263508,-0.00195379,0.25854,0.000848423,0.00496782,0,0.36196,-3.20803e-05,0.360792,0.000978015,0.00116811,0,-6.60725e-06,9.73762e-08,1.22253e-05,6.66061e-06,-1.88326e-05,0,3.47218e-05,4.33246e-08,3.04329e-06,5.7783e-06,3.16785e-05,0
ERF_Log_File_20240820_1731.csv,sp,12,emfpe,2,0,filled_square,prism,CCS200_Spectrum_1408231915.csv,1.40823e+09,2.97933,0.00041436,0.271308,0.00144056,34.1712,0.350149,0.000125523,1.07574,1,0.00201406,5.84527e-06,0.35,0,6.35e-06,0.000289,8.31e-05,7.51e-06,0,6.93e-06,4.83729e-05,6.18e-05,2.89e-05,5.77e-06,2.54e-05,9.24e-06,8.30909e-05,4.04e-05,-3.9477e-05,1.21545e-05,0.355532,0.249379,2.84364e-05,4.40106e-05,0.000150007,0.000112273,38.4469,0.015707,-0.000111819,7.97227e-05,1.22936e-05,7.98628e-05,-0.00141352,0.00194425,0.000394591,0.00194425,4.95495e-05,8.34246e-06,0.00785704,0.012159,0.0103164,0.0129174,0.0532031,1.04587,228,10,0.988407,0.979367,0.979367,0.934633,-2.34079e-08,2.39168e-09,6.99595e-05,0.000495873,0.26682,0.363022,1.24106e-05,-3.994e-05,-0,0,0,0,0,0.000391294,0.000397912,0.000286109,0.000468178,-0.000310651,6.8238e-09,5.84626e-05,4.66868e-09,-0.000102973,5.95315e-05,0.000810391,5.86748e-05,9.22785e-05,9.31456e-05,0.00214989,0.00289972,6.94541e-10,1.91675e-09,7.74603e-05,8.71878e-05,9.91863e-09,9.1899e-09,0.350149,0.0021528,0.00290168,4.40106e-05,2.84364e-05,0.26429,-0.00253012,0.259739,0.000850109,0.00455131,0,0.362398,-0.000624592,0.362408,0.000977883,-9.90608e-06,0,1.22746e-05,-1.3596e-07,1.22249e-05,6.64785e-06,4.96762e-08,0,-3.99026e-05,3.74049e-08,3.04443e-06,5.75669e-06,-4.2947e-05,0
ERF_Log_File_20240820_1803.csv,sp,12,emfpe,2,0,filled_square,prism,CCS200_Spectrum_1408233808.csv,1.40823e+09,3.58821,0.000231443,0.274521,0.000850374,34.1711,0.354995,0.000125521,1.05775,1,0.00206998,5.52275e-06,0.355,0,6.35e-06,0.000289,8.31e-05,7.51e-06,0,6.93e-06,4.91361e-05,6.18e-05,2.89e-05,5.77e-06,2.54e-05,9.24e-06,8.49594e-05,4.04e-05,-2.39906e-05,-7.23285e-06,0.462508,0.332032,2.48771e-05,4.2314e-05,0.00010696,8.23843e-05,46.8653,0.0104119,-0.00032172,4.33977e-05,5.73072e-05,4.34912e-05,-0.00185689,0.00117185,1.84533e-05,0.00117185,4.23271e-05,5.02648e-06,0.00837945,0.0142516,0.00990162,0.0123136,0.0352305,1.04563,228,10,0.988407,0.979558,0.979558,0.93758,-1.42253e-08,-1.38917e-09,8.88315e-05,0.000607312,0.354137,0.47216,-7.38379e-06,-2.4272e-05,-0,0,0,0,0,0.000322537,0.000335851,0.000234715,0.000384079,-0.000390536,6.35061e-09,9.0149e-05,4.25522e-09,-0.000911561,4.67479e-05,3.8131e-05,4.60752e-05,0.000120171,9.72566e-05,0.00199595,0.00255734,4.26812e-09,1.25366e-08,0.000102809,0.0001134,5.90119e-09,5.5848e-09,0.354995,0.00199767,0.00255812,4.2314e-05,2.48771e-05,0.350779,-0.0033581,0.340284,0.0010622,0.0104949,0,0.471348,-0.000812367,0.468687,0.000980266,0.00266016,0,-7.3029e-06,8.08908e-08,1.21277e-05,5.964e-06,-1.94306e-05,0,-2.42493e-05,2.27314e-08,3.32837e-06,4.8895e-06,-2.75776e-05,0
ERF_Log_File_20250508_1913.csv,sp,13,fmfpe,11,2,filled_square,prism,CCS200_Spectrum_1430788416.csv,1.43079e+09,4.23644,0.000440529,0.271971,0.000756421,33.2896,0.355035,0.000125524,0.997266,1,0.00216163,5.95881e-06,0.355,0,6.35e-06,0.000289,8.31e-05,7.51e-06,0,6.93e-06,4.06404e-05,6.18e-05,2.89e-05,5.77e-06,2.54e-05,9.24e-06,8.49745e-05,4.04e-05,1.48287e-05,1.81241e-05,0.46679,0.331784,8.5194e-06,8.1152e-06,0.000368136,0.000261785,49.6959,0.0391681,-0.00016584,0.000119507,-0.000106535,0.00011951,-0.000102713,0.000470963,-0.000469395,0.000470963,2.53829e-05,2.04055e-06,0.00304249,0.00289799,0.00467179,0.00430884,0.133324,1.04583,228,10,0.989942,0.983528,0.983528,0.941624,8.12e-09,3.07019e-09,7.90731e-05,0.000590016,0.352353,0.474608,1.84276e-05,1.49794e-05,-0,0,0,0,0,0.00030445,0.000318827,0.000221346,0.000362203,-0.000355051,1.06827e-08,0.000231977,6.29505e-09,-0.000511381,6.52549e-06,-0.00028185,5.53033e-06,0.000146757,7.93327e-05,0.00199409,0.0025534,4.29589e-09,1.26157e-08,0,0,0,0,0.355035,0.00201122,0.00257837,8.1152e-06,8.51941e-06,0.352353,0,0.340921,0.00106477,0.0114324,0,0.474608,0,0.469503,0.000980375,0.00510486,0,1.84276e-05,0,1.21263e-05,5.95981e-06,6.30134e-06,0,1.49794e-05,0,3.33235e-06,4.88678e-06,1.1647e-05,0
ERF_Log_File_20240820_1834.csv,sp,12,emfpe,2,0,filled_square,prism,CCS200_Spectrum_1408235701.csv,1.40824e+09,4.01859,0.000462117,0.280817,0.00193546,34.1717,0.359908,0.000125516,1.13437,1,0.00209771,4.87362e-06,0.36,0,6.35e-06,0.000289,8.31e-05,7.51e-06,0,6.93e-06,4.98073e-05,6.18e-05,2.89e-05,5.77e-06,2.54e-05,9.24e-06,8.68533e-05,4.04e-05,-5.98928e-06,-4.23814e-05,0.551098,0.402584,2.1706e-05,2.93432e-05,0.000190577,0.000140857,53.3384,0.0182239,-0.000290064,6.59323e-05,4.79133e-05,6.59694e-05,-0.000972312,0.000918548,-0.00291253,0.000918546,1.78901e-05,3.94466e-06,0.00831959,0.0112464,0.0112357,0.0114919,0.0617226,1.04586,228,10,0.988407,0.979749,0.979749,0.940402,-3.55135e-09,-7.94538e-09,0.000103316,0.000677042,0.428098,0.562489,-4.32574e-05,-6.05953e-06,0,0,0,0,0,0.000285343,0.000306245,0.00020623,0.000337468,-0.000456596,5.93859e-09,0.000115395,3.91623e-09,-0.0015523,3.70098e-05,-0.000578098,3.64772e-05,0.000142998,0.000213198,0.0017101,0.0019926,7.4451e-09,2.08647e-08,0.000124281,0.000135094,3.45717e-08,1.39425e-09,0.359908,0.00171589,0.00200205,2.93432e-05,2.1706e-05,0.424038,-0.00405943,0.413139,0.00149031,0.0108994,0,0.561521,-0.000967781,0.558103,0.00103205,0.0034184,0,-4.27835e-05,4.73893e-07,1.1897e-05,5.76981e-06,-5.46805e-05,0,-6.05385e-06,5.67492e-09,3.99077e-06,4.64869e-06,-1.00446e-05,0
ERF_Log_File_20250508_1944.csv,sp,13,fmfpe,11,2,filled_square,prism,CCS200_Spectrum_1430790293.csv,1.43079e+09,2.47319,0.000355846,0.279428,0.000377008,33.2899,0.361075,0.000125524,1.15449,1,0.0021929,5.93601e-06,0.361,0,6.35e-06,0.000289,8.31e-05,7.51e-06,0,6.93e-06,4.13078e-05,6.18e-05,2.89e-05,5.77e-06,2.54e-05,9.24e-06,8.73033e-05,4.04e-05,4.86358e-06,2.33776e-05,0.572349,0.417541,5.6878e-06,7.67281e-06,0.000258698,0.00018876,59.1556,0.0266945,-0.000197403,7.70936e-05,0.000201992,7.70984e-05,-0.00164176,0.00039227,-0.000755919,0.00039227,2.06451e-05,1.6997e-06,0.00241793,0.00326164,0.0062797,0.00470515,0.0903946,1.04578,228,10,0.989942,0.98369,0.98369,0.944987,2.66322e-09,3.83819e-09,9.39695e-05,0.00066863,0.441848,0.581839,2.37652e-05,4.91299e-06,-0,0,0,0,0,0.000258471,0.000283111,0.00018595,0.000304282,-0.000427372,9.47704e-09,0.000245394,5.55387e-09,-0.000786655,4.88241e-06,-0.000861178,4.13783e-06,0.000168192,0.000164786,0.00163194,0.00184576,8.13783e-09,2.24603e-08,0,0,0,0,0.361075,0.0016428,0.00186473,7.67281e-06,5.68784e-06,0.441848,0,0.428673,0.00163751,0.0131749,0,0.581839,0,0.575951,0.00107675,0.00588814,0,2.37652e-05,0,1.18246e-05,5.85607e-06,1.19406e-05,0,4.91299e-06,0,4.19228e-06,4.63218e-06,7.20718e-07,0
ERF_Log_File_20240820_1906.csv,sp,12,emfpe,2,0,filled_square,prism,CCS200_Spectrum_1408237593.csv,1.40824e+09,2.3036,0.000165454,0.284515,0.000761528,34.1707,0.364949,0.000125521,1.223,1,0.00214418,5.58705e-06,0.365,0,6.35e-06,0.000289,8.31e-05,7.51e-06,0,6.93e-06,5.05057e-05,6.18e-05,2.89e-05,5.77e-06,2.54e-05,9.24e-06,8.87965e-05,4.04e-05,-3.0387e-06,3.26868e-05,0.615288,0.459908,1.932e-05,2.50688e-05,0.000265816,0.000198618,61.693,0.0264406,-0.000341804,8.12903e-05,5.81543e-05,8.13124e-05,-0.003827,0.000797205,-0.00139395,0.000797203,1.63386e-05,3.4244e-06,0.00856489,0.0111131,0.0147995,0.0106221,0.089548,1.04587,228,10,0.988407,0.979944,0.979944,0.943133,-1.8018e-09,5.98012e-09,0.000112568,0.00071026,0.487639,0.627881,3.33558e-05,-3.07434e-06,-0,0,0,0,0,0.000249324,0.00027828,0.000178302,0.000291767,-0.000509738,5.55489e-09,0.000134786,3.62638e-09,-0.00205014,2.98708e-05,-0.0010605,2.94409e-05,0.000161131,0.000311127,0.00139539,0.00140452,1.02717e-08,2.67486e-08,0.000141566,0.000150799,2.66582e-08,7.07382e-10,0.364949,0.0014094,0.00143185,2.50688e-05,1.932e-05,0.483015,-0.00462402,0.475295,0.00183793,0.00771936,0,0.6268,-0.00108029,0.625724,0.00111487,0.00107653,0,3.29904e-05,-3.65419e-07,1.15398e-05,6.03894e-06,2.14505e-05,0,-3.07146e-06,2.87921e-09,4.95561e-06,4.40427e-06,-8.02707e-06,0
ERF_Log_File_20250508_2015.csv,sp,13,fmfpe,11,2,filled_square,prism,CCS200_Spectrum_1430792170.csv,1.43079e+09,3.09544,0.000100864,0.286291,0.00018076,33.2885,0.367119,0.00012553,1.15433,1,0.00223458,6.68583e-06,0.367,0,6.35e-06,0.000289,8.31e-05,7.51e-06,0,6.93e-06,4.19879e-05,6.18e-05,2.89e-05,5.77e-06,2.54e-05,9.24e-06,8.9633e-05,4.04e-05,2.66327e-06,-3.92477e-06,0.640965,0.477061,4.88497e-06,7.09404e-06,0.000267646,0.000199429,74.4153,0.0310519,-0.00031851,6.59926e-05,0.000199883,6.59951e-05,-0.00118405,0.000278901,-0.0004386,0.000278901,2.05157e-05,1.2084e-06,0.00261235,0.00379355,0.00527634,0.00638274,0.105597,1.04576,228,10,0.989942,0.983851,0.983851,0.948118,1.45837e-09,-6.24915e-10,0.000102057,0.000688868,0.503166,0.651486,-3.98919e-06,2.69033e-06,-0,0,0,0,0,0.000209543,0.000245999,0.000147819,0.000241886,-0.000478608,8.57413e-09,0.000251394,5.00435e-09,-0.000961006,3.84943e-06,-0.00128621,3.26237e-06,0.0001825,0.000224723,0.00128089,0.00122969,1.13617e-08,2.85048e-08,0,0,0,0,0.367119,0.00129624,0.00126123,7.09405e-06,4.88505e-06,0.503166,0,0.498404,0.00150506,0.0047627,0,0.651486,0,0.648407,0.000923689,0.00307914,0,-3.98919e-06,0,1.13527e-05,5.97806e-06,-1.53419e-05,0,2.69033e-06,0,5.43389e-06,4.02486e-06,-2.74356e-06,0
ERF_Log_File_20240820_1937.csv,sp,12,emfpe,2,0,filled_square,prism,CCS200_Spectrum_1408239485.csv,1.40824e+09,2.78367,0.000181656,0.288748,0.000356896,34.1714,0.370253,0.000125522,1.21,1,0.00216931,5.76904e-06,0.37,0,6.35e-06,0.000289,8.31e-05,7.51e-06,0,6.93e-06,5.12444e-05,6.18e-05,2.89e-05,5.77e-06,2.54e-05,9.24e-06,9.08414e-05,4.04e-05,1.22758e-06,-4.44969e-05,0.662458,0.502519,1.17741e-05,2.42481e-05,0.000208944,0.000160343,73.5944,0.0229196,-0.000388518,6.01362e-05,0.000136817,6.01715e-05,-0.003025,0.000854254,-0.000766215,0.000854251,2.83978e-05,3.66874e-06,0.00622686,0.0128231,0.0174348,0.018213,0.0775777,1.04587,228,10,0.988407,0.980147,0.980147,0.94583,7.27893e-10,-7.9379e-09,0.000118177,0.000710758,0.531299,0.675876,-4.53982e-05,1.24198e-06,-0,0,0,0,0,0.000212553,0.000250565,0.000149468,0.000244584,-0.000549766,5.1743e-09,0.000148503,3.35421e-09,-0.00242705,2.4885e-05,-0.00142873,2.45268e-05,0.000174567,0.000385611,0.00114721,0.00110098,1.28055e-08,3.02542e-08,0.000154241,0.000162327,3.62826e-08,2.8577e-10,0.370253,0.00115824,0.00112322,2.42481e-05,1.17741e-05,0.526261,-0.00503804,0.528607,0.00108531,-0.00234591,0,0.674713,-0.00116287,0.677091,0.000710745,-0.00237796,0,-4.49008e-05,4.97346e-07,1.10507e-05,5.97792e-06,-5.59515e-05,0,1.24082e-06,-1.16315e-09,6.16932e-06,3.52391e-06,-4.92851e-06,0
ERF_Log_File_20250508_2047.csv,sp,13,fmfpe,11,2,filled_square,prism,CCS200_Spectrum_1430794046.csv,1.43079e+09,3.5724,0.000102379,0.291903,0.000162763,33.2892,0.372134,0.000125528,1.04007,1,0.00227063,6.40735e-06,0.372,0,6.35e-06,0.000289,8.31e-05,7.51e-06,0,6.93e-06,4.25673e-05,6.18e-05,2.89e-05,5.77e-06,2.54e-05,9.24e-06,9.15663e-05,4.04e-05,-1.00025e-06,5.14687e-06,0.681546,0.516712,3.82488e-06,4.42317e-06,0.000414921,0.000314579,83.9853,0.0510917,-0.000444785,9.09866e-05,0.000213882,9.09892e-05,-0.000641117,0.000351582,-0.00113868,0.000351581,1.27539e-05,1.52331e-06,0.00230832,0.00266931,0.00963509,0.00731274,0.173043,1.04587,228,10,0.989942,0.983984,0.983984,0.950543,-5.47721e-10,7.99274e-10,0.00010584,0.000685936,0.543597,0.692639,5.23064e-06,-1.01041e-06,-0,0,0,0,0,0.00018906,0.000233197,0.000130975,0.000214323,-0.000506662,8.0178e-09,0.000251458,4.66845e-09,-0.001043,3.33239e-06,-0.00153926,2.82422e-06,0.00018953,0.000258227,0.00110142,0.001119,1.36027e-08,3.08794e-08,0,0,0,0,0.372134,0.00114538,0.00119469,4.42319e-06,3.825e-06,0.543597,0,0.545417,0.00100939,-0.00181997,0,0.692639,0,0.693649,0.000689211,-0.00100923,0,5.23064e-06,0,1.08528e-05,6.26126e-06,-5.62213e-06,0,-1.01041e-06,0,6.62778e-06,3.36621e-06,-7.63819e-06,0
ERF_Log_File_20250124_1043.csv,sp,12,emfpe,7,1,filled_square,prism,CCS200_Spectrum_1421775846.csv,1.42178e+09,4.29976,0.00169577,0.292379,0.00176327,34.1724,0.374969,0.00012552,1.20007,1,0.00228804,5.39953e-06,0.375,0,6.35e-06,0.000289,8.31e-05,7.51e-06,0,6.93e-06,5.18025e-05,6.18e-05,2.89e-05,5.77e-06,2.54e-05,9.24e-06,9.26593e-05,4.04e-05,-1.30371e-05,4.19942e-05,0.704023,0.539216,7.06261e-06,1.51367e-05,0.000150177,0.000115815,110.112,0.0223632,-0.000406327,3.96473e-05,0.000120417,3.97228e-05,-0.00176742,0.001002,-0.000346752,0.001002,3.24907e-05,4.33907e-06,0.00558857,0.0119768,0.036252,0.0292938,0.0757465,1.04587,228,10,0.988407,0.980326,0.980326,0.948091,-7.73039e-09,7.32768e-09,0.000122847,0.000706284,0.568739,0.718152,4.2837e-05,-1.319e-05,0,0,0,0,0,0.000150811,0.000206268,9.98983e-05,0.00016347,-0.000349855,6.20288e-09,6.37552e-05,2.72368e-09,-0.000277973,8.06954e-06,-0.000957994,8.03308e-06,0.000103403,0.000123612,0.00108063,0.0012136,1.47063e-08,3.12368e-08,0.00017085,0.000192808,3.9202e-08,3.60148e-09,0.374969,0.00108693,0.00122215,1.51367e-05,7.06268e-06,0.564553,-0.00418589,0.569988,0.000897862,-0.00543523,0,0.718088,-6.36438e-05,0.719873,0.000683259,-0.00178519,0,4.22148e-05,-6.22152e-07,1.05329e-05,6.69413e-06,3.16819e-05,0,-1.32065e-05,-1.64786e-08,7.33055e-06,3.13737e-06,-2.0537e-05,0
ERF_Log_File_20240820_2009.csv,sp,12,emfpe,2,0,filled_square,prism,CCS200_Spectrum_1408241376.csv,1.40824e+09,3.06193,0.000268753,0.29338,0.000451962,34.1714,0.375132,0.000125521,1.04981,1,0.00221986,5.65603e-06,0.375,0,6.35e-06,0.000289,8.31e-05,7.51e-06,0,6.93e-06,5.18301e-05,6.18e-05,2.89e-05,5.77e-06,2.54e-05,9.24e-06,9.25269e-05,4.04e-05,2.079e-05,-3.22349e-06,0.70448,0.539299,1.37245e-05,2.11832e-05,0.000235677,0.000180631,78.1029,0.0259406,-0.000406187,6.2994e-05,0.000204413,6.30111e-05,-0.00191719,0.000617427,0.000545871,0.000617425,2.01021e-05,2.65195e-06,0.0077029,0.0118886,0.0157996,0.0128649,0.0875661,1.04584,228,10,0.988407,0.980332,0.980332,0.948168,1.23274e-08,-5.6205e-10,0.000122834,0.000704532,0.56878,0.718614,-3.28816e-06,2.10338e-05,-0,0,0,0,0,0.000202665,0.00024679,0.00014084,0.000230465,-0.000573105,4.84416e-09,0.000155635,3.13176e-09,-0.00266259,2.20119e-05,-0.00166093,2.16952e-05,0.000182185,0.000432375,0.00107959,0.00121985,1.47664e-08,3.12369e-08,0.000165122,0.000172591,2.62793e-09,4.83973e-09,0.375132,0.00109471,0.00124161,2.11832e-05,1.37245e-05,0.563387,-0.00539345,0.571391,0.000891437,-0.00800413,0,0.717377,-0.0012364,0.721454,0.000683419,-0.00407696,0,-3.25214e-06,3.60224e-08,1.05137e-05,6.71921e-06,-1.37659e-05,0,2.10141e-05,-1.96988e-08,7.37112e-06,3.12463e-06,1.3643e-05,0
ERF_Log_File_20250508_2118.csv,sp,13,fmfpe,11,2,filled_square,prism,CCS200_Spectrum_1430795922.csv,1.4308e+09,3.82156,0.000205489,0.294741,0.000366496,33.289,0.377811,0.000125526,1.1142,1,0.00231114,6.28195e-06,0.378,0,6.35e-06,0.000289,8.31e-05,7.51e-06,0,6.93e-06,4.32283e-05,6.18e-05,2.89e-05,5.77e-06,2.54e-05,9.24e-06,8.95942e-05,4.04e-05,6.70451e-06,4.64773e-06,0.736687,0.564744,4.05662e-06,5.10432e-06,0.000446405,0.000342227,85.4869,0.0517823,-0.000479116,7.71171e-05,0.00011971,7.71183e-05,-0.00132323,0.000253428,-0.00113342,0.000253427,1.26505e-05,1.09812e-06,0.00249196,0.00313549,0.00752834,0.00594614,0.176524,1.04585,228,10,0.989942,0.984134,0.984134,0.95312,3.67129e-09,7.01955e-10,0.000111263,0.000682832,0.592521,0.748564,4.72266e-06,6.77263e-06,-0,0,0,0,0,0.000188098,0.000238862,0.000128675,0.000210559,-0.000523871,7.55695e-09,0.000246726,4.39493e-09,-0.00108011,2.98962e-06,-0.00173359,2.5337e-06,0.000192649,0.00028137,0.0010448,0.00127212,1.57023e-08,3.09247e-08,0,0,0,0,0.377811,0.00109963,0.00134652,5.10434e-06,4.05674e-06,0.592521,0,0.59412,0.00100097,-0.00159904,0,0.748564,0,0.748219,0.000692695,0.000344509,0,4.72266e-06,0,1.01884e-05,6.85799e-06,-5.46575e-06,0,6.77263e-06,0,8.03553e-06,3.14384e-06,-1.2629e-06,0
ERF_Log_File_20240820_2040.csv,sp,12,emfpe,2,0,filled_square,prism,CCS200_Spectrum_1408243266.csv,1.40824e+09,3.19148,0.000334643,0.294736,0.000346574,34.1707,0.380219,0.00012552,1.04451,1,0.00225861,5.4687e-06,0.38,0,6.35e-06,0.000289,8.31e-05,7.51e-06,0,6.93e-06,5.25664e-05,6.18e-05,2.89e-05,5.77e-06,2.54e-05,9.24e-06,8.69591e-05,4.04e-05,1.95448e-05,-8.06087e-06,0.758418,0.588972,1.47564e-05,1.65711e-05,0.000188507,0.000147486,77.4427,0.0188775,-0.000516626,4.72642e-05,5.67091e-05,4.73017e-05,-0.00085607,0.000779621,-0.00233962,0.000779619,1.85854e-05,3.34679e-06,0.0082138,0.00922354,0.0204823,0.0185134,0.062878,1.04539,228,10,0.988407,0.980523,0.980523,0.950466,1.15891e-08,-1.37286e-09,0.000129168,0.000709545,0.619667,0.773483,-8.22099e-06,1.9774e-05,-0,0,0,0,0,0.000206183,0.000255648,0.000142041,0.00023243,-0.000585105,4.52453e-09,0.000158252,2.91972e-09,-0.0028143,2.01824e-05,-0.00181207,1.9892e-05,0.000185839,0.000462656,0.000986051,0.00124226,1.64607e-08,3.01524e-08,0.000179895,0.000185769,6.57029e-09,4.54986e-09,0.380219,0.000997226,0.00125483,1.65711e-05,1.47564e-05,0.613791,-0.00587598,0.613641,0.00116349,0.000149644,0,0.772152,-0.0013308,0.772449,0.000694352,-0.00029635,0,-8.13093e-06,9.00625e-08,9.87978e-06,6.91298e-06,-1.80107e-05,0,1.97555e-05,-1.85189e-08,8.62212e-06,3.23302e-06,1.11334e-05,0
ERF_Log_File_20250508_2149.csv,sp,13,fmfpe,11,2,filled_square,prism,CCS200_Spectrum_1430797799.csv,1.4308e+09,4.01851,0.000161012,0.301203,0.000231053,33.2897,0.383944,0.000125567,1.14183,1,0.00232992,9.9705e-06,0.384,0,6.35e-06,0.000289,8.31e-05,7.51e-06,0,6.93e-06,4.39441e-05,6.18e-05,2.89e-05,5.77e-06,2.54e-05,9.24e-06,8.28812e-05,4.04e-05,1.71199e-05,9.17826e-06,0.797541,0.615453,3.79003e-06,3.75347e-06,0.000488063,0.000376577,84.7202,0.0518223,-0.00046678,7.52221e-05,0.000175281,7.52231e-05,-0.000413581,0.000241386,-0.00180177,0.000241386,8.42616e-06,1.04607e-06,0.00230803,0.00228573,0.00896582,0.00537869,0.175488,1.04518,228,10,0.989942,0.984295,0.984295,0.95571,9.3746e-09,1.34596e-09,0.000116956,0.00067469,0.643975,0.810266,9.3247e-06,1.72938e-05,-0,0,0,0,0,0.000191839,0.000249266,0.000129839,0.000212464,-0.00052774,7.22186e-09,0.000236826,4.196e-09,-0.00106691,2.78495e-06,-0.00185154,2.36019e-06,0.000191141,0.000291846,0.000865209,0.00107011,1.74961e-08,2.81004e-08,0,0,0,0,0.383944,0.000943693,0.00117572,3.75351e-06,3.79013e-06,0.643975,0,0.64117,0.00112873,0.00280503,0,0.810266,0,0.807114,0.000662234,0.00315193,0,9.3247e-06,0,9.3756e-06,7.00962e-06,-5.08926e-08,0,1.72938e-05,0,9.48895e-06,3.11826e-06,7.80489e-06,0
ERF_Log_File_20240821_0802.csv,sp,12,emfpe,2,0,filled_square,prism,CCS200_Spectrum_1408284176.csv,1.40829e+09,3.35734,0.000396408,0.295841,0.00168103,34.1718,0.385168,0.000125547,1.25976,1,0.00237985,8.38756e-06,0.385,0,6.35e-06,0.000289,8.31e-05,7.51e-06,0,6.93e-06,5.32819e-05,6.18e-05,2.89e-05,5.77e-06,2.54e-05,9.24e-06,8.15414e-05,4.04e-05,6.832e-06,-2.08871e-05,0.803136,0.624805,1.11955e-05,1.87907e-05,0.00019029,0.000150545,77.8345,0.0179724,-0.000535127,4.493e-05,0.000186048,4.49812e-05,-0.00159984,0.000885696,-0.000386519,0.000885694,-5.29795e-06,3.80202e-06,0.00626197,0.0105102,0.0236299,0.0238815,0.060701,1.04566,228,10,0.988407,0.980708,0.980708,0.952572,4.05104e-09,-3.47838e-09,0.000133748,0.000697136,0.655914,0.818935,-2.1298e-05,6.91213e-06,0,0,0,0,0,0.000206788,0.000261456,0.000141326,0.00023126,-0.000585611,4.25156e-09,0.000156475,2.74071e-09,-0.00288628,1.90795e-05,-0.00188492,1.88048e-05,0.000185521,0.000477135,0.000820123,0.000983537,1.77941e-08,2.7196e-08,0.000189613,0.000195866,1.70215e-08,1.59043e-09,0.385168,0.000833867,0.00100187,1.87907e-05,1.11955e-05,0.649699,-0.00621486,0.649386,0.00104525,0.000312617,0,0.817532,-0.00140339,0.817136,0.000639451,0.000395819,0,-2.10647e-05,2.33323e-07,9.20357e-06,7.0443e-06,-3.02682e-05,0,6.90566e-06,-6.4734e-09,9.75857e-06,3.02039e-06,-2.85292e-06,0
ERF_Log_File_20240819_1919.csv,sp,12,emfpe,2,0,filled_square,prism,CCS200_Spectrum_1408151972.csv,1.40815e+09,3.81914,0.000184492,0.302302,0.000320229,34.1718,0.39029,0.000125531,1.0612,1,0.00233498,6.79519e-06,0.39,0,6.35e-06,0.000289,8.31e-05,7.51e-06,0,6.93e-06,5.40402e-05,6.18e-05,2.89e-05,5.77e-06,2.54e-05,9.24e-06,7.59347e-05,4.04e-05,2.13571e-05,4.55731e-05,0.834946,0.654765,1.46707e-05,1.91898e-05,0.000208163,0.000163232,88.47,0.0218148,-0.000393839,4.72218e-05,0.000123003,4.72399e-05,-0.00293413,0.000545611,-0.00152193,0.000545609,6.21181e-07,2.34327e-06,0.00932623,0.0121991,0.0194792,0.015009,0.0738775,1.04586,228,10,0.988407,0.980897,0.980897,0.954621,1.26637e-08,7.41743e-09,0.000135895,0.000676714,0.68589,0.851207,4.64606e-05,2.16076e-05,0,0,0,0,0,0.00018687,0.000249976,0.000124336,0.000203459,-0.000575787,4.02798e-09,0.000151097,2.59413e-09,-0.00289721,1.83042e-05,-0.00189707,1.80408e-05,0.000181721,0.000479442,0.000610146,0.000667972,1.88602e-08,2.22985e-08,0.000193205,0.000198972,3.71317e-08,4.97174e-09,0.39029,0.000631424,0.000699916,1.91898e-05,1.46707e-05,0.679464,-0.0064261,0.678679,0.000795935,0.000784586,0,0.849786,-0.0014203,0.850439,0.000497943,-0.000652993,0,4.59517e-05,-5.08985e-07,8.45477e-06,7.19344e-06,3.74969e-05,0,2.15874e-05,-2.02361e-08,1.07743e-05,2.80164e-06,1.0813e-05,0
ERF_Log_File_20250508_2221.csv,sp,13,fmfpe,11,2,filled_square,prism,CCS200_Spectrum_1430799675.csv,1.4308e+09,4.44776,0.000221563,0.304279,0.000421162,33.2888,0.391448,0.000125533,1.16049,1,0.00243494,7.00625e-06,0.391,0,6.35e-06,0.000289,8.31e-05,7.51e-06,0,6.93e-06,4.48154e-05,6.18e-05,2.89e-05,5.77e-06,2.54e-05,9.24e-06,7.46676e-05,4.04e-05,1.7898e-05,5.85717e-06,0.844092,0.657196,3.73838e-06,5.84999e-06,0.000188583,0.000146909,87.7842,0.0195637,-0.000608232,3.99251e-05,0.000298485,3.99289e-05,-0.000595915,0.000245085,-0.00182047,0.000245085,1.65025e-05,1.062e-06,0.00235837,0.00369037,0.00835743,0.00709532,0.0654364,1.04571,228,10,0.989942,0.98449,0.98449,0.95863,9.80066e-09,8.29165e-10,0.000119493,0.000642093,0.685558,0.85739,5.94945e-06,1.80798e-05,-0,0,0,0,0,0.000188195,0.000252354,0.000125307,0.000205048,-0.000514353,6.9802e-09,0.000219193,4.05407e-09,-0.000993515,2.65065e-06,-0.00189133,2.24642e-06,0.000183387,0.000288485,0.000558244,0.000603023,1.90611e-08,2.09503e-08,0,0,0,0,0.391448,0.000577012,0.000632003,5.85002e-06,3.73844e-06,0.685558,0,0.684071,0.000766099,0.00148624,0,0.85739,0,0.856305,0.000476016,0.00108496,0,5.94945e-06,0,8.27986e-06,7.22802e-06,-2.33041e-06,0,1.80798e-05,0,1.09739e-05,2.79806e-06,7.10591e-06,0
ERF_Log_File_20240821_0834.csv,sp,12,emfpe,2,0,filled_square,prism,CCS200_Spectrum_1408286066.csv,1.40829e+09,3.86722,0.000245583,0.306124,0.000242671,34.1712,0.395412,0.00012553,1.12432,1,0.00240006,6.67217e-06,0.395,0,6.35e-06,0.000289,8.31e-05,7.51e-06,0,6.93e-06,5.46804e-05,6.18e-05,2.89e-05,5.77e-06,2.54e-05,9.24e-06,7.03289e-05,4.04e-05,1.3159e-05,-2.89949e-05,0.856044,0.673957,8.32407e-06,1.75159e-05,0.00031169,0.000246366,82.0639,0.0297199,-0.000471921,6.83884e-05,8.98143e-05,6.84046e-05,-0.00373329,0.000631913,-0.00138675,0.000631911,5.44774e-06,2.71365e-06,0.0049086,0.0103288,0.0188996,0.0195158,0.100624,1.04584,228,10,0.988407,0.981084,0.981084,0.956549,7.80264e-09,-4.61393e-09,0.000136222,0.000647057,0.704571,0.872549,-2.95539e-05,1.33133e-05,-0,0,0,0,0,0.000199877,0.000262447,0.000134042,0.000219341,-0.000556748,3.87645e-09,0.000142333,2.49015e-09,-0.00285673,1.77084e-05,-0.00185722,1.74536e-05,0.00017477,0.000471409,0.000383386,0.000406528,1.96378e-08,1.5692e-08,0.000193397,0.00019935,2.36198e-08,3.0633e-09,0.395412,0.000455019,0.000512334,1.75159e-05,8.32408e-06,0.698043,-0.00652819,0.698913,0.000667341,-0.00086992,0,0.871132,-0.00141759,0.872021,0.000421139,-0.000889886,0,-2.92302e-05,3.23769e-07,7.6684e-06,7.34979e-06,-3.68986e-05,0,1.33009e-05,-1.24683e-08,1.1555e-05,2.8586e-06,1.74583e-06,0
ERF_Log_File_20250508_2252.csv,sp,13,fmfpe,11,2,filled_square,prism,CCS200_Spectrum_1430801551.csv,1.4308e+09,4.47214,0.000136356,0.309087,0.000185621,33.2884,0.397297,0.000125534,1.23427,1,0.00249348,7.17717e-06,0.397,0,6.35e-06,0.000289,8.31e-05,7.51e-06,0,6.93e-06,4.54236e-05,6.18e-05,2.89e-05,5.77e-06,2.54e-05,9.24e-06,6.82654e-05,4.04e-05,1.50755e-05,2.4051e-05,0.865134,0.679538,3.37649e-06,6.82069e-06,0.000460456,0.000361669,84.2634,0.0448318,-0.000687008,6.55457e-05,0.000244044,6.55465e-05,-0.000936973,0.00021058,-0.0020857,0.00021058,1.76546e-05,9.12493e-07,0.00204452,0.0041299,0.00752395,0.00564703,0.152155,1.04584,228,10,0.989942,0.984641,0.984641,0.960729,8.2551e-09,3.31427e-09,0.000119217,0.000609542,0.707315,0.878629,2.44262e-05,1.52287e-05,-0,0,0,0,0,0.000195801,0.000260603,0.000130543,0.000213616,-0.000492588,6.8807e-09,0.000202134,3.99773e-09,-0.000904162,2.59809e-06,-0.00185947,2.20182e-06,0.000173681,0.000276364,0.00031606,0.000343942,1.98557e-08,1.28572e-08,0,0,0,0,0.397297,0.000479733,0.000574683,6.82072e-06,3.37651e-06,0.707315,0,0.704137,0.000628095,0.00317807,0,0.878629,0,0.877634,0.00037457,0.00099487,0,2.44262e-05,0,7.37183e-06,7.40961e-06,1.70543e-05,0,1.52287e-05,0,1.17697e-05,2.96816e-06,3.45901e-06,0
ERF_Log_File_20250123_2022.csv,sp,12,emfpe,7,1,filled_square,prism,CCS200_Spectrum_1421724170.csv,1.42173e+09,4.8588,0.000229369,0.310758,0.000307388,34.1704,0.40048,0.000125525,1.17409,1,0.00248714,6.13622e-06,0.4,0,6.35e-06,0.000289,8.31e-05,7.51e-06,0,6.93e-06,5.54182e-05,6.18e-05,2.89e-05,5.77e-06,2.54e-05,9.24e-06,6.51927e-05,4.04e-05,2.19154e-05,4.82575e-05,0.869611,0.686947,1.01643e-05,1.51726e-05,0.000315086,0.000249424,98.9641,0.0358133,-0.000496166,6.22865e-05,0.000168969,6.22906e-05,-0.000749509,0.000324675,-0.00086925,0.000324674,-1.07615e-05,1.40794e-06,0.00722829,0.0107901,0.0111122,0.0143384,0.119603,1.0457,228,10,0.988407,0.981267,0.981267,0.958346,1.29947e-08,7.51245e-09,0.000135376,0.000615023,0.716805,0.886212,4.91788e-05,2.21724e-05,-0,0,0,0,0,0.000172536,0.000244079,0.000111151,0.000181884,-0.000236115,6.26765e-09,4.68175e-05,2.75132e-09,-0.000912518,5.96857e-06,-0.00122509,5.94161e-06,7.07332e-05,0.000213764,0.000247779,0.000270748,2.0141e-08,7.60269e-09,0.000204457,0.000227726,4.50057e-08,6.0541e-09,0.40048,0.00035167,0.000415338,1.51726e-05,1.01643e-05,0.711597,-0.00520766,0.71117,0.000569815,0.000427457,0,0.886213,2.42085e-07,0.885348,0.000308092,0.000864732,0,4.84645e-05,-7.14259e-07,6.86453e-06,7.51295e-06,4.16e-05,0,2.22001e-05,2.77006e-08,1.20303e-05,3.14479e-06,1.01699e-05,0
ERF_Log_File_20250218_1718.csv,sp,13,emfpe,9,1,filled_square,prism,CCS200_Spectrum_1423959503.csv,1.42396e+09,3.70267,0.000192031,0.303079,0.00438789,34.1718,0.40049,0.00012552,1.32752,1,0.00253288,5.46989e-06,0.4,0,6.35e-06,0.000289,8.31e-05,7.51e-06,0,6.93e-06,4.58373e-05,6.18e-05,2.89e-05,5.77e-06,2.54e-05,9.24e-06,6.51904e-05,4.04e-05,4.48629e-07,4.21015e-05,0.872372,0.68936,1.12333e-05,1.82235e-05,0.000290918,0.000230415,70.6347,0.0235002,-0.000782913,6.02389e-05,0.000266107,6.02453e-05,-0.000710323,0.000391525,-0.00252658,0.000391524,-2.11362e-05,1.69028e-06,0.00570143,0.00924965,0.0100559,0.0111052,0.0788516,1.04574,228,10,0.989942,0.984722,0.984722,0.961811,2.45663e-10,5.71817e-09,0.000118484,0.000591299,0.716731,0.885907,4.27547e-05,4.53187e-07,0,0,0,0,0,0.000227903,0.000286236,0.000155731,0.000254832,-0.000782662,1.81272e-08,0.00026411,7.63011e-09,-0.000646267,5.09737e-07,-0.00253605,4.33595e-07,0.000261693,0.000318231,0.000247624,0.000270553,2.01409e-08,7.58503e-09,0.000204426,0.000227638,3.91267e-08,1.23741e-10,0.40049,0.000338342,0.000397184,1.82235e-05,1.12333e-05,0.711524,-0.00520711,0.711189,0.000569633,0.00033464,0,0.885907,2.49103e-07,0.88537,0.000307946,0.000537523,0,4.21337e-05,-6.20958e-07,6.86293e-06,7.51327e-06,3.52708e-05,0,4.53753e-07,5.66178e-10,1.20309e-05,3.14533e-06,-1.15772e-05,0
ERF_Log_File_20240819_1847.csv,sp,12,emfpe,2,0,filled_square,prism,CCS200_Spectrum_1408150081.csv,1.40815e+09,3.71145,0.000136492,0.311316,0.000256584,34.171,0.400709,0.000125524,1.14682,1,0.00245112,5.99443e-06,0.4,0,6.35e-06,0.000289,8.31e-05,7.51e-06,0,6.93e-06,5.54625e-05,6.18e-05,2.89e-05,5.77e-06,2.54e-05,9.24e-06,6.51382e-05,4.04e-05,3.05422e-05,7.94374e-06,0.869569,0.686338,1.39507e-05,2.43613e-05,9.53821e-05,7.99947e-05,78.7472,0.00824643,-0.000631563,2.04647e-05,0.000114172,2.05133e-05,-0.00282888,0.000580547,-0.00217428,0.000580546,5.01649e-06,2.48982e-06,0.00789484,0.0137862,0.0159957,0.0196819,0.0278147,1.04564,228,10,0.988407,0.981275,0.981275,0.958424,1.811e-08,1.23542e-09,0.000135236,0.000612576,0.716111,0.886162,8.09532e-06,3.09004e-05,-0,0,0,0,0,0.000207526,0.000269966,0.000139688,0.00022858,-0.000528778,3.79842e-09,0.000130666,2.43536e-09,-0.00277302,1.71891e-05,-0.00177282,1.69418e-05,0.000164861,0.000454597,0.000244513,0.000266575,2.01577e-08,7.20254e-09,0.00019138,0.000197738,6.46985e-09,7.10995e-09,0.400709,0.000257468,0.000282997,2.43613e-05,1.39507e-05,0.709551,-0.00656034,0.711618,0.000567297,-0.00206764,0,0.884762,-0.00140051,0.885838,0.000305174,-0.0010757,0,8.00664e-06,-8.86859e-08,6.82777e-06,7.52135e-06,1.17887e-06,0,3.08715e-05,-2.89391e-08,1.20438e-05,3.14791e-06,1.88277e-05,0
ERF_Log_File_20250509_0757.csv,sp,13,fmfpe,11,2,filled_square,prism,CCS200_Spectrum_1430834293.csv,1.43084e+09,4.31863,0.000299819,0.318551,0.001182,33.29,0.404034,0.000125535,1.0324,1,0.00257818,7.21764e-06,0.404,0,6.35e-06,0.000289,8.31e-05,7.51e-06,0,6.93e-06,4.62413e-05,6.18e-05,2.89e-05,5.77e-06,2.54e-05,9.24e-06,6.43485e-05,4.04e-05,2.45694e-06,-9.54923e-06,0.879522,0.691882,4.73439e-06,5.88326e-06,0.000509846,0.000401134,77.6277,0.0449784,-0.000722803,8.01831e-05,0.000314437,8.01846e-05,-0.00126368,0.000282855,-0.00242467,0.000282855,1.4544e-05,1.22573e-06,0.00264094,0.00328171,0.00873778,0.00776303,0.152365,1.04587,228,10,0.989942,0.984813,0.984813,0.962968,1.34538e-09,-1.27647e-09,0.000117568,0.000565236,0.718489,0.893085,-9.69649e-06,2.4819e-06,-0,0,0,0,0,0.000210312,0.000273456,0.000141702,0.000231876,-0.000457362,6.82582e-09,0.000179676,3.96661e-09,-0.000776938,2.58578e-06,-0.00177075,2.19144e-06,0.00015926,0.000254769,0.000204598,0.000211944,2.03487e-08,1.07614e-09,0,0,0,0,0.404034,0.000450367,0.000552197,5.8833e-06,4.73439e-06,0.718489,0,0.717535,0.000554809,0.000953675,0,0.893085,0,0.89215,0.000325902,0.000935032,0,-9.69649e-06,0,6.29108e-06,7.65272e-06,-1.59876e-05,0,2.4819e-06,0,1.21548e-05,3.10177e-06,-9.67291e-06,0
ERF_Log_File_20240821_1012.csv,sp,12,emfpe,2,0,filled_square,prism,CCS200_Spectrum_1408291939.csv,1.40829e+09,3.74857,0.00035433,0.323406,0.00035011,34.1715,0.40531,0.000125533,1.00602,1,0.00246001,7.07747e-06,0.405,0,6.35e-06,0.000289,8.31e-05,7.51e-06,0,6.93e-06,5.60717e-05,6.18e-05,2.89e-05,5.77e-06,2.54e-05,9.24e-06,6.40455e-05,4.04e-05,5.4609e-06,-1.94286e-05,0.878712,0.697584,1.0773e-05,2.15001e-05,0.000201106,0.000158974,73.836,0.0166227,-0.000582994,4.33312e-05,0.000160818,4.33521e-05,-0.00139944,0.000561531,-0.00208832,0.00056153,5.03842e-06,2.41099e-06,0.00571658,0.0114087,0.0191829,0.0128174,0.0557133,1.04556,228,10,0.988407,0.981439,0.981439,0.959959,3.23805e-09,-2.9627e-09,0.000133996,0.000585868,0.726681,0.89533,-1.9796e-05,5.52495e-06,-0,0,0,0,0,0.000219724,0.000280433,0.000148979,0.000243784,-0.000498789,3.802e-09,0.000118769,2.43423e-09,-0.00267414,1.67973e-05,-0.00167181,1.65556e-05,0.00015439,0.000434609,0.000192823,0.000195048,2.03941e-08,1.43022e-09,0.000189754,0.000195738,1.58212e-08,1.27125e-09,0.40531,0.000249554,0.000280316,2.15001e-05,1.0773e-05,0.720088,-0.00659281,0.719554,0.000552164,0.000534572,0,0.893949,-0.00138146,0.894215,0.000322994,-0.000266711,0,-1.95792e-05,2.16869e-07,6.084e-06,7.70384e-06,-2.56632e-05,0,5.51978e-06,-5.17427e-09,1.21531e-05,3.08141e-06,-6.63329e-06,0
ERF_Log_File_20250509_0829.csv,sp,13,fmfpe,11,2,filled_square,prism,CCS200_Spectrum_1430836169.csv,1.43084e+09,4.55294,0.000173905,0.33898,0.000855218,33.2891,0.409608,0.000125517,1.14902,1,0.00261905,4.98288e-06,0.41,0,6.35e-06,0.000289,8.31e-05,7.51e-06,0,6.93e-06,4.68387e-05,6.18e-05,2.89e-05,5.77e-06,2.54e-05,9.24e-06,6.30247e-05,4.04e-05,1.22788e-05,-7.99714e-06,0.887428,0.700383,4.37676e-06,6.05467e-06,0.000808109,0.000637824,78.8356,0.0717844,-0.000838127,6.74551e-05,0.000283895,6.74553e-05,-0.00120424,0.000182126,-0.00217177,0.000182126,-7.1927e-06,7.89355e-07,0.00247932,0.00342987,0.00531947,0.00581202,0.244537,1.04582,228,10,0.989942,0.984954,0.984954,0.964684,6.72369e-09,-1.04289e-09,0.000115728,0.000531939,0.726023,0.900984,-8.1193e-06,1.24036e-05,-0,0,0,0,0,0.000208005,0.000272615,0.000139531,0.000228323,-0.000422061,6.81318e-09,0.00015944,3.96195e-09,-0.000658388,2.61529e-06,-0.00166534,2.21642e-06,0.000145375,0.000232374,0.000153926,0.000156093,2.04407e-08,1.04724e-08,0,0,0,0,0.409608,0.000655875,0.000823052,6.0547e-06,4.37677e-06,0.726023,0,0.725496,0.000505399,0.000526986,0,0.900984,0,0.900188,0.00030637,0.000796302,0,-8.1193e-06,0,5.38444e-06,7.53628e-06,-1.35037e-05,0,1.24036e-05,0,1.19521e-05,3.21216e-06,4.51504e-07,0
ERF_Log_File_20240819_1816.csv,sp,12,emfpe,2,0,filled_square,prism,CCS200_Spectrum_1408148190.csv,1.40815e+09,4.04754,0.000201672,0.336903,0.00040142,34.171,0.41003,0.000125522,1.12946,1,0.00254903,5.78704e-06,0.41,0,6.35e-06,0.000289,8.31e-05,7.51e-06,0,6.93e-06,5.66845e-05,6.18e-05,2.89e-05,5.77e-06,2.54e-05,9.24e-06,6.29244e-05,4.04e-05,2.31033e-06,3.17888e-05,0.885389,0.702888,1.0585e-05,1.76759e-05,0.000121213,9.79979e-05,80.0832,0.0107714,-0.000627299,2.60952e-05,0.000185812,2.61171e-05,-0.00305475,0.000441884,-0.00318954,0.000441883,4.91941e-06,1.89716e-06,0.00609233,0.0101735,0.012834,0.0148058,0.0364799,1.04544,228,10,0.988407,0.981606,0.981606,0.961449,1.36991e-09,4.75224e-09,0.00013236,0.000556211,0.731072,0.90198,3.23845e-05,2.33743e-06,-0,0,0,0,0,0.00020542,0.000270231,0.000137357,0.000224766,-0.000463344,3.84826e-09,0.000104991,2.4657e-09,-0.00255417,1.64557e-05,-0.00154795,1.62189e-05,0.000142084,0.000410226,0.00015003,0.000152201,2.04378e-08,1.14096e-08,0.000186419,0.000193104,2.5882e-08,5.37824e-10,0.41003,0.000178353,0.000194577,1.76759e-05,1.0585e-05,0.724504,-0.00656767,0.726006,0.000499912,-0.00150254,0,0.900622,-0.00135786,0.900705,0.000310033,-8.32947e-05,0,3.20297e-05,-3.54778e-07,5.31573e-06,7.49742e-06,2.6714e-05,0,2.33524e-06,-2.18907e-09,1.19151e-05,3.23984e-06,-9.57985e-06,0
ERF_Log_File_20250509_0900.csv,sp,13,fmfpe,11,2,filled_square,prism,CCS200_Spectrum_1430838044.csv,1.43084e+09,5.04092,0.000383941,0.360146,0.000712007,33.2895,0.416604,0.000125541,1.03692,1,0.00270587,7.88691e-06,0.417,0,6.35e-06,0.000289,8.31e-05,7.51e-06,0,6.93e-06,4.76323e-05,6.18e-05,2.89e-05,5.77e-06,2.54e-05,9.24e-06,6.13629e-05,4.04e-05,3.08363e-06,-7.74587e-06,0.893676,0.710436,3.41498e-06,5.90596e-06,0.000282052,0.00022433,83.7071,0.0263799,-0.000429249,5.37416e-05,9.50011e-05,5.37448e-05,-0.000209662,0.000271896,-0.00198601,0.000271895,5.21161e-06,1.17836e-06,0.00205408,0.00355234,0.00917421,0.00829967,0.0891967,1.04586,228,10,0.989942,0.98513,0.98513,0.966683,1.68855e-09,-9.79863e-10,0.000113051,0.000495365,0.734921,0.907166,-7.86279e-06,3.11496e-06,-0,0,0,0,0,0.000198442,0.000266019,0.000131411,0.000215036,-0.000371745,6.81203e-09,0.000132754,3.96062e-09,-0.000499637,2.70094e-06,-0.00150375,2.28908e-06,0.000126125,0.00020034,9.88708e-05,9.29257e-05,2.01987e-08,2.705e-08,0,0,0,0,0.416604,0.000245281,0.000296964,5.90599e-06,3.41509e-06,0.734921,0,0.73244,0.000443967,0.00248166,0,0.907166,0,0.907016,0.000309941,0.0001499,0,-7.86279e-06,0,4.25017e-06,7.53558e-06,-1.2113e-05,0,3.11496e-06,0,1.09166e-05,4.07352e-06,-7.8016e-06,0
ERF_Log_File_20240819_1744.csv,sp,12,emfpe,2,0,filled_square,prism,CCS200_Spectrum_1408146300.csv,1.40815e+09,4.68864,0.000523306,0.369239,0.000515363,34.1714,0.42013,0.000125529,1.10271,1,0.00265174,6.62467e-06,0.42,0,6.35e-06,0.000289,8.31e-05,7.51e-06,0,6.93e-06,5.81546e-05,6.18e-05,2.89e-05,5.77e-06,2.54e-05,9.24e-06,6.05255e-05,4.04e-05,-1.39901e-05,5.00916e-05,0.893987,0.713195,1.38614e-05,2.09371e-05,0.000148914,0.00011714,87.0418,0.0140007,-0.000457113,3.12336e-05,0.000156289,3.1262e-05,-0.00271704,0.000550338,-0.0015434,0.000550337,1.08304e-05,2.36278e-06,0.00867421,0.0131017,0.0245682,0.0142046,0.0474664,1.0448,228,10,0.988407,0.981958,0.981958,0.964369,-8.29545e-09,7.18329e-09,0.000128201,0.000502249,0.739546,0.910413,5.1012e-05,-1.41542e-05,-0,0,0,0,0,0.000192412,0.000261495,0.000126376,0.000206797,-0.000375943,4.09833e-09,7.26061e-05,2.62263e-09,-0.00225923,1.59729e-05,-0.00123829,1.5743e-05,0.000112137,0.000349768,8.00655e-05,7.63274e-05,1.99307e-08,3.61988e-08,0.000179252,0.000186388,4.07692e-08,3.25677e-09,0.42013,0.000142311,0.000167392,2.09371e-05,1.38614e-05,0.733038,-0.00650796,0.734938,0.000425446,-0.00190042,0,0.909113,-0.00130009,0.909363,0.000248224,-0.00025048,0,5.04531e-05,-5.58846e-07,3.68638e-06,7.96674e-06,4.67667e-05,0,-1.41409e-05,1.32558e-08,1.00295e-05,4.83079e-06,-2.41705e-05,0
ERF_Log_File_20250509_0931.csv,sp,13,fmfpe,11,2,filled_square,prism,CCS200_Spectrum_1430839920.csv,1.43084e+09,4.82691,0.000255813,0.379117,0.00109055,33.2891,0.423786,0.000125543,1.02447,1,0.00281371,8.06076e-06,0.424,0,6.35e-06,0.000289,8.31e-05,7.51e-06,0,6.93e-06,4.85062e-05,6.18e-05,2.89e-05,5.77e-06,2.54e-05,9.24e-06,5.9657e-05,4.04e-05,1.78504e-05,-5.93146e-06,0.898025,0.71379,3.63741e-06,7.02921e-06,0.000209707,0.00016687,77.052,0.0179555,-0.000409358,4.14957e-05,0.000120434,4.14995e-05,-0.000568175,0.000247377,-0.00188412,0.000247377,1.17039e-05,1.07189e-06,0.00201408,0.00389208,0.00752505,0.00726197,0.0601985,1.04573,228,10,0.989942,0.985308,0.985308,0.968564,9.77461e-09,-7.27742e-10,0.00011018,0.000459398,0.736957,0.911416,-6.0199e-06,1.80318e-05,-0,0,0,0,0,0.000212684,0.000277363,0.000142761,0.000233608,-0.000315281,6.81778e-09,0.000104429,3.96128e-09,-0.000331888,2.83548e-06,-0.00131555,2.40309e-06,0.000104928,0.000164745,6.49177e-05,6.45936e-05,1.9563e-08,4.55441e-08,0,0,0,0,0.423786,0.000179408,0.000219482,7.02924e-06,3.6377e-06,0.736957,0,0.737043,0.000415539,-8.56906e-05,0,0.911416,0,0.911418,0.000221856,-2.06629e-06,0,-6.0199e-06,0,3.11106e-06,8.19956e-06,-9.13097e-06,0,1.80318e-05,0,8.83734e-06,4.85991e-06,9.19442e-06,0
ERF_Log_File_20250123_1951.csv,sp,12,emfpe,7,1,filled_square,prism,CCS200_Spectrum_1421722291.csv,1.42172e+09,2.74962,0.000147323,0.385834,0.000528936,34.1713,0.424882,0.000125529,1.24565,1,0.0027815,6.6078e-06,0.425,0,6.35e-06,0.000289,8.31e-05,7.51e-06,0,6.93e-06,5.87945e-05,6.18e-05,2.89e-05,5.77e-06,2.54e-05,9.24e-06,5.93967e-05,4.04e-05,4.76127e-06,4.79768e-05,0.896281,0.718962,9.15086e-06,1.83102e-05,0.000304791,0.000244541,95.3138,0.032335,-0.00040857,6.02946e-05,4.23142e-05,6.02999e-05,-0.00119246,0.000356285,-0.00183964,0.000356285,6.91927e-06,1.5448e-06,0.00626953,0.0125447,0.0144266,0.0119142,0.105327,1.04515,228,10,0.988407,0.982121,0.982121,0.965626,2.8232e-09,6.74947e-09,0.00012609,0.000481736,0.744555,0.912597,4.88502e-05,4.81711e-06,-0,0,0,0,0,0.000179472,0.000252285,0.000115408,0.00018885,-5.51065e-05,6.11827e-09,9.69319e-06,2.68929e-09,-0.000858409,4.87837e-06,-0.000628714,4.85634e-06,1.61999e-05,0.000148716,6.10257e-05,6.08611e-05,1.94321e-08,4.81992e-08,0.00018961,0.000211798,4.4705e-08,1.31529e-09,0.424882,0.000252285,0.00031084,1.83102e-05,9.15099e-06,0.73918,-0.00537533,0.737592,0.00041438,0.00158776,0,0.912613,1.58946e-05,0.911966,0.000226441,0.000647688,0,4.81407e-05,-7.09487e-07,2.94083e-06,8.26627e-06,4.51999e-05,0,4.82313e-06,6.01814e-09,8.42823e-06,4.86654e-06,-3.6051e-06,0
ERF_Log_File_20240819_1713.csv,sp,12,emfpe,2,0,filled_square,prism,CCS200_Spectrum_1408144410.csv,1.40815e+09,4.17098,0.000183532,0.405219,0.000292646,34.172,0.430328,0.000125526,1.11352,1,0.00279406,6.24934e-06,0.43,0,6.35e-06,0.000289,8.31e-05,7.51e-06,0,6.93e-06,5.95376e-05,6.18e-05,2.89e-05,5.77e-06,2.54e-05,9.24e-06,5.79474e-05,4.04e-05,5.21637e-06,2.71124e-05,0.898967,0.721128,1.50382e-05,2.35106e-05,0.000247424,0.000200112,72.8003,0.0199325,-0.000341951,5.18892e-05,4.57518e-05,5.19029e-05,-0.00270098,0.000502981,-0.00178024,0.00050298,1.5021e-05,2.16058e-06,0.00786695,0.0122987,0.0131523,0.0168599,0.0675186,1.04587,228,10,0.988407,0.982305,0.982305,0.966981,3.09305e-09,3.73273e-09,0.000123766,0.000458243,0.745752,0.915161,2.76008e-05,5.27755e-06,0,0,0,0,0,0.000223477,0.000285601,0.000151098,0.000247252,-0.000278167,4.42414e-09,3.81678e-05,2.83455e-09,-0.00194279,1.58462e-05,-0.000898195,1.56181e-05,7.90838e-05,0.000284119,5.33606e-05,4.22568e-05,1.86755e-08,6.04297e-08,0.000171756,0.000179124,2.20588e-08,1.21432e-09,0.430328,0.00020734,0.000250994,2.35106e-05,1.50383e-05,0.739321,-0.00643064,0.739999,0.000502915,-0.000678152,0,0.913922,-0.00123887,0.914189,0.000295374,-0.000267566,0,2.72984e-05,-3.02372e-07,2.11349e-06,8.21485e-06,2.51849e-05,0,5.27261e-06,-4.94257e-09,6.06496e-06,4.8681e-06,-7.92353e-07,0
ERF_Log_File_20240819_1641.csv,sp,12,emfpe,2,0,filled_square,prism,CCS200_Spectrum_1408142519.csv,1.40814e+09,4.23386,0.000204198,0.444976,0.00112915,34.1705,0.440546,0.000125529,1.24836,1,0.00294102,6.65998e-06,0.44,0,6.35e-06,0.000289,8.31e-05,7.51e-06,0,6.93e-06,6.09524e-05,6.18e-05,2.89e-05,5.77e-06,2.54e-05,9.24e-06,5.52216e-05,4.04e-05,-3.44807e-05,6.98127e-05,0.902594,0.72811,1.5179e-05,2.36666e-05,0.000375504,0.000303732,70.2216,0.0291623,-0.000176971,7.3998e-05,2.95956e-05,7.40048e-05,-0.00183274,0.000442488,0.000248413,0.000442487,1.25633e-05,1.90077e-06,0.00765935,0.0119419,0.0112324,0.0143273,0.0988701,1.04586,228,10,0.988407,0.982645,0.982645,0.969302,-2.04454e-08,9.23823e-09,0.000119439,0.000423367,0.751169,0.918535,7.10457e-05,-3.48851e-05,-0,0,0,0,0,0.000230788,0.000291649,0.000156647,0.000256331,-0.000177284,4.70735e-09,3.98117e-06,3.02532e-09,-0.00163704,1.5985e-05,-0.000560912,1.5755e-05,4.53163e-05,0.000219825,5.66771e-05,3.96132e-05,1.69511e-08,3.73427e-08,0.000164401,0.000171899,5.67803e-08,8.0268e-09,0.440546,0.000308961,0.000377579,2.36666e-05,1.5179e-05,0.744819,-0.00635029,0.74429,0.000471,0.000529149,0,0.917357,-0.0011784,0.917324,0.000377721,3.29481e-05,0,7.02674e-05,-7.78319e-07,6.63113e-07,1.01233e-05,6.96043e-05,0,-3.48525e-05,3.26709e-08,1.53206e-06,6.93043e-06,-3.63845e-05,0
ERF_Log_File_20250509_1540.csv,sp,13,fmfpe,11,2,filled_square,prism,CCS200_Spectrum_1430862037.csv,1.43086e+09,4.43238,0.000342085,0.472141,0.000720708,33.2891,0.445314,0.000125531,1.18234,1,0.00308189,6.82359e-06,0.446,0,6.35e-06,0.000289,8.31e-05,7.51e-06,0,6.93e-06,5.0972e-05,6.18e-05,2.89e-05,5.77e-06,2.54e-05,9.24e-06,5.39496e-05,4.04e-05,2.84592e-06,1.39069e-06,0.906467,0.726014,5.52131e-06,6.04399e-06,0.00061081,0.000489227,63.9749,0.0430931,-6.37158e-05,8.42681e-05,-0.000154644,8.42694e-05,0.000996739,0.000273525,0.000306945,0.000273524,1.60238e-05,1.18545e-06,0.00253929,0.00277959,0.00749462,0.00609961,0.152864,1.04499,228,10,0.989942,0.98583,0.98583,0.973313,1.55838e-09,1.56273e-10,0.000101861,0.000383881,0.74592,0.919496,1.41068e-06,2.87484e-06,-0,0,0,0,0,0.00025013,0.000307805,0.000171942,0.00028136,-0.000136113,6.71354e-09,2.08026e-05,3.90293e-09,0.000148742,3.35758e-06,-0.000711452,2.84551e-06,3.92288e-05,8.60237e-05,5.62486e-05,2.90513e-05,1.61607e-08,1.36179e-08,0,0,0,0,0.445314,0.000492416,0.000611502,6.04401e-06,5.52133e-06,0.74592,0,0.746532,0.000463466,-0.000611273,0,0.919496,0,0.918674,0.000328206,0.000821995,0,1.41068e-06,0,3.43174e-08,1.00046e-05,1.37636e-06,0,2.87484e-06,0,5.84692e-07,7.04679e-06,2.29014e-06,0
ERF_Log_File_20240819_1610.csv,sp,12,emfpe,2,0,filled_square,prism,CCS200_Spectrum_1408140629.csv,1.40814e+09,3.96796,0.000470094,0.495386,0.00113571,34.1715,0.450883,0.000125545,1.26303,1,0.00303141,8.24394e-06,0.45,0,6.35e-06,0.000289,8.31e-05,7.51e-06,0,6.93e-06,6.24253e-05,6.18e-05,2.89e-05,5.77e-06,2.54e-05,9.24e-06,5.25748e-05,4.04e-05,1.21304e-05,0.000116443,0.904712,0.733717,1.57278e-05,2.71745e-05,0.000237645,0.000195319,62.8389,0.0163193,0.000139536,5.00942e-05,-0.000195208,5.01218e-05,-0.000546295,0.000689331,0.00106232,0.000689329,1.11463e-05,2.95988e-06,0.00710316,0.0122726,0.0159162,0.0193275,0.0548936,1.04547,228,10,0.988407,0.98298,0.98298,0.971382,7.19273e-09,1.48214e-08,0.000115156,0.000394806,0.755333,0.920377,0.000118459,1.22727e-05,-0,0,0,0,0,0.000254426,0.000310799,0.000175051,0.000286447,-7.80307e-05,4.9139e-09,-2.84096e-05,3.16238e-09,-0.00135888,1.62214e-05,-0.000244733,1.59881e-05,2.66101e-05,0.000160423,4.08593e-05,1.05147e-05,1.52599e-08,6.20175e-09,0.000157029,0.000164635,9.46736e-08,2.82385e-09,0.450883,0.000199487,0.000237884,2.71745e-05,1.57278e-05,0.749071,-0.00626213,0.748581,0.000489918,0.000489786,0,0.919259,-0.00111807,0.919491,0.000266415,-0.000232454,0,0.000117161,-1.29774e-06,-6.62519e-07,1.18807e-05,0.000117824,0,1.22612e-05,-1.14937e-08,4.51021e-07,7.96447e-06,1.18102e-05,0
ERF_Log_File_20240819_1538.csv,sp,12,emfpe,2,0,filled_square,prism,CCS200_Spectrum_1408138739.csv,1.40814e+09,4.26325,0.000267112,0.549164,0.000695724,34.1718,0.460269,0.000125526,1.0984,1,0.00320483,6.27556e-06,0.46,0,6.35e-06,0.000289,8.31e-05,7.51e-06,0,6.93e-06,6.36435e-05,6.18e-05,2.89e-05,5.77e-06,2.54e-05,9.24e-06,5.1249e-05,4.04e-05,4.07978e-05,0.000137846,0.906319,0.736784,1.56378e-05,2.47586e-05,0.000301748,0.000246341,65.3409,0.0216633,0.000324002,6.21189e-05,-0.000105298,6.21311e-05,-0.000520434,0.000524705,-0.000856674,0.000524704,6.39584e-06,2.25372e-06,0.0073422,0.0116244,0.012923,0.0147523,0.0733765,1.04587,228,10,0.988407,0.983278,0.983278,0.973065,2.41911e-08,1.69556e-08,0.000111481,0.000372669,0.757179,0.921732,0.00014019,4.12763e-05,0,0,0,0,0,0.000246003,0.000304067,0.000168348,0.000275478,6.3861e-06,5.00991e-09,-5.4892e-05,3.22617e-09,-0.00114306,1.63856e-05,9.05935e-06,1.61498e-05,1.53195e-05,0.00011617,1.58678e-05,2.03802e-05,1.37859e-08,2.19162e-08,0.000150264,0.000158282,1.12041e-07,9.49737e-09,0.460269,0.000246862,0.000302437,2.47586e-05,1.56378e-05,0.751009,-0.00617001,0.751387,0.000495958,-0.000378711,0,0.920667,-0.00106535,0.920467,0.000314271,0.000200065,0,0.000138654,-1.53581e-06,-1.74798e-06,1.4996e-05,0.000140402,0,4.12377e-05,-3.86564e-08,1.63533e-06,1.03322e-05,3.96023e-05,0
ERF_Log_File_20240819_1507.csv,sp,12,emfpe,2,0,filled_square,prism,CCS200_Spectrum_1408136851.csv,1.40814e+09,2.768,0.00015846,0.618475,0.000497243,34.1721,0.470753,0.000125555,1.18078,1,0.00334144,9.1688e-06,0.47,0,6.35e-06,0.000289,8.31e-05,7.51e-06,0,6.93e-06,6.50622e-05,6.18e-05,2.89e-05,5.77e-06,2.54e-05,9.24e-06,4.97681e-05,4.04e-05,-1.13977e-06,4.67097e-05,0.907818,0.738728,1.55172e-05,1.95472e-05,0.000275807,0.000225951,82.3482,0.0248293,0.000384905,5.7608e-05,-8.04688e-05,5.76281e-05,-0.00161784,0.000636166,0.000881458,0.000636165,1.28359e-05,2.73509e-06,0.00918216,0.0115666,0.0199801,0.0221763,0.0839079,1.04586,228,10,0.988407,0.983602,0.983602,0.974741,-6.7583e-10,5.53646e-09,0.000107603,0.000351097,0.757871,0.922953,4.74884e-05,-1.15314e-06,0,0,0,0,0,0.000202579,0.000270311,0.000133579,0.000218584,9.09872e-05,5.01263e-09,-8.01391e-05,3.23043e-09,-0.000948307,1.64171e-05,0.000247873,1.61809e-05,4.27816e-05,0.000119685,2.38699e-05,1.37221e-05,1.22145e-08,4.39644e-09,0.00014283,0.000151462,3.79531e-08,2.65328e-10,0.470753,0.000227235,0.000276149,1.95472e-05,1.55172e-05,0.75181,-0.00606073,0.75319,0.000471698,-0.0013796,0,0.921944,-0.0010088,0.922092,0.000162195,-0.000148181,0,4.69682e-05,-5.20245e-07,-2.83314e-06,1.96046e-05,4.98013e-05,0,-1.15206e-06,1.07995e-09,3.0462e-06,8.11507e-06,-4.19826e-06,0
ERF_Log_File_20250509_1611.csv,sp,13,fmfpe,11,2,filled_square,prism,CCS200_Spectrum_1430863916.csv,1.43086e+09,2.8151,0.000130485,0.626701,0.00254405,33.2885,0.471148,0.000125532,0.9858,1,0.0034459,7.05791e-06,0.471,0,6.35e-06,0.000289,8.31e-05,7.51e-06,0,6.93e-06,5.38538e-05,6.18e-05,2.89e-05,5.77e-06,2.54e-05,9.24e-06,4.97123e-05,4.04e-05,-8.30952e-06,-8.69322e-06,0.9096,0.7356,4.57097e-06,5.07235e-06,0.000162801,0.000131887,74.8742,0.0133596,0.00045524,3.27327e-05,-0.000133363,3.27371e-05,0.000701953,0.000231175,0.000661173,0.000231174,-2.85623e-06,1.00158e-06,0.00247211,0.00274328,0.00702142,0.00694048,0.0344757,1.03498,228,10,0.989942,0.986429,0.986429,0.977602,-4.55017e-09,-8.85283e-10,9.263e-05,0.000327302,0.752453,0.922114,-8.81282e-06,-8.39395e-06,-0,0,0,0,0,0.000218921,0.00028316,0.000146913,0.000240403,5.81438e-05,6.25055e-09,-6.4773e-05,3.63058e-09,0.000596653,3.86436e-06,-8.606e-05,3.275e-06,3.07292e-05,6.82788e-05,2.10714e-05,1.31318e-05,1.21543e-08,2.88211e-09,0,0,0,0,0.471148,0.000133597,0.000163331,5.07236e-06,4.57097e-06,0.752453,0,0.753261,0.000484133,-0.000807342,0,0.922114,0,0.922134,0.000154529,-2.01995e-05,0,-8.81282e-06,0,-2.87148e-06,1.97077e-05,-5.94134e-06,0,-8.39395e-06,0,3.0577e-06,7.98423e-06,-1.14516e-05,0
ERF_Log_File_20250218_1749.csv,sp,13,emfpe,9,1,filled_square,prism,CCS200_Spectrum_1423961382.csv,1.42396e+09,3.24643,0.000587928,0.661118,0.00209197,34.1728,0.474379,0.00012554,1.6212,1,0.00338741,7.81446e-06,0.475,0,6.35e-06,0.000289,8.31e-05,7.51e-06,0,6.93e-06,5.42535e-05,6.18e-05,2.89e-05,5.77e-06,2.54e-05,9.24e-06,4.92559e-05,4.04e-05,-4.08264e-06,3.86258e-05,0.909812,0.744597,1.09587e-05,1.73086e-05,0.000175458,0.000144703,86.8932,0.0165427,0.000368055,3.6731e-05,-0.000193906,3.67515e-05,0.00188334,0.000508764,0.00129075,0.000508763,6.28297e-06,2.19558e-06,0.00684247,0.0108071,0.0174311,0.0178757,0.0560036,1.04587,228,10,0.989942,0.986502,0.986502,0.978052,-2.23559e-09,3.88734e-09,9.15646e-05,0.000325099,0.761306,0.922261,3.91543e-05,-4.12412e-06,0,0,0,0,0,0.000194379,0.000264316,0.000126592,0.000207151,0.000371705,1.06861e-08,-0.000186858,4.50009e-09,0.00104659,5.19983e-07,0.00153866,4.42312e-07,0.000139641,0.000258526,1.85353e-06,8.16393e-06,1.16849e-08,1.16831e-08,0.000154963,0.000174848,3.58318e-08,1.12607e-09,0.474379,0.000144716,0.000175648,1.73086e-05,1.09587e-05,0.755874,-0.00543183,0.753517,0.000586952,0.0023577,0,0.922297,3.6449e-05,0.922409,0.000144448,-0.000111885,0,3.85856e-05,-5.68666e-07,-3.17826e-06,2.05517e-05,4.17639e-05,0,-4.12927e-06,-5.15237e-09,2.95331e-06,7.42286e-06,-7.08258e-06,0
ERF_Log_File_20250123_1919.csv,sp,12,emfpe,7,1,filled_square,prism,CCS200_Spectrum_1421720413.csv,1.42172e+09,3.71732,0.000305343,0.654477,0.00120965,34.1711,0.474521,0.000125545,1.03056,1,0.00342062,8.29031e-06,0.475,0,6.35e-06,0.000289,8.31e-05,7.51e-06,0,6.93e-06,6.56192e-05,6.18e-05,2.89e-05,5.77e-06,2.54e-05,9.24e-06,4.92359e-05,4.04e-05,2.92991e-05,2.26849e-05,0.907562,0.742471,8.55049e-06,1.65537e-05,0.000155127,0.000127794,105.72,0.0179503,0.00041815,3.23512e-05,-0.000102087,3.23614e-05,0.000337148,0.000340358,0.000951762,0.000340357,-1.99935e-06,1.47547e-06,0.00649988,0.0125837,0.0136171,0.015726,0.0584523,1.04441,228,10,0.988407,0.983717,0.983717,0.975296,1.73729e-08,2.65401e-09,0.00010618,0.000345449,0.761278,0.922584,2.30604e-05,2.96427e-05,-0,0,0,0,0,0.000167539,0.000244942,0.000104048,0.000170261,0.000244958,4.49988e-09,-6.53917e-05,1.97132e-09,-0.000399709,4.34181e-06,0.000601399,4.32221e-06,7.75874e-05,0.000100115,1.66679e-06,7.93913e-06,1.16649e-08,1.24157e-08,0.00015486,0.000174809,2.11036e-08,8.09384e-09,0.474521,0.000127806,0.00015533,1.65537e-05,8.5505e-06,0.755846,-0.00543145,0.753518,0.000591519,0.00232781,0,0.922621,3.65011e-05,0.922418,0.000146151,0.000202957,0,2.27255e-05,-3.34923e-07,-3.19145e-06,2.05888e-05,2.59169e-05,0,2.96798e-05,3.70334e-08,2.93927e-06,7.41892e-06,2.67405e-05,0
ERF_Log_File_20250124_1218.csv,sp,12,emfpe,7,1,filled_square,prism,CCS200_Spectrum_1421781546.csv,1.42178e+09,4.00154,0.000240453,0.770095,0.000908932,34.1712,0.479368,0.000125522,1.30577,1,0.0034778,5.8273e-06,0.48,0,6.35e-06,0.000289,8.31e-05,7.51e-06,0,6.93e-06,6.63577e-05,6.18e-05,2.89e-05,5.77e-06,2.54e-05,9.24e-06,4.83593e-05,4.04e-05,-1.19061e-06,3.64429e-05,0.90781,0.740409,8.49066e-06,1.37818e-05,0.000228176,0.000186958,111.611,0.0279418,0.000538785,4.68436e-05,-0.000193873,4.68526e-05,-0.000350695,0.00039026,0.00155043,0.00039026,3.17759e-05,1.69193e-06,0.00681008,0.0110533,0.0162508,0.0193194,0.0943212,1.04585,228,10,0.988407,0.983862,0.983862,0.975975,-7.05975e-10,4.19372e-09,0.000104468,0.000335274,0.758635,0.922701,3.70407e-05,-1.20457e-06,-0,0,0,0,0,0.000161109,0.000240727,9.85566e-05,0.000161274,0.000262563,4.33784e-09,-7.07907e-05,1.89875e-09,-0.000367428,4.32157e-06,0.000672342,4.30205e-06,8.33384e-05,0.000103981,3.30757e-05,7.65744e-07,1.097e-08,4.15518e-08,0.000151049,0.000171461,3.38975e-08,3.28904e-10,0.479368,0.000189851,0.000228177,1.37818e-05,8.49076e-06,0.753229,-0.00540669,0.754003,0.000671823,-0.00077407,0,0.922738,3.77889e-05,0.922576,0.000185302,0.000161972,0,3.65027e-05,-5.37968e-07,-3.62839e-06,2.15411e-05,4.01311e-05,0,-1.20608e-06,-1.50491e-09,1.92438e-06,7.7282e-06,-3.13046e-06,0
ERF_Log_File_20240819_1435.csv,sp,12,emfpe,2,0,filled_square,prism,CCS200_Spectrum_1408134960.csv,1.40814e+09,3.22636,0.000297275,0.76786,0.00106494,34.1716,0.48039,0.000125535,1.11606,1,0.00341109,7.37418e-06,0.48,0,6.35e-06,0.000289,8.31e-05,7.51e-06,0,6.93e-06,6.64993e-05,6.18e-05,2.89e-05,5.77e-06,2.54e-05,9.24e-06,4.81702e-05,4.04e-05,2.80476e-05,-1.42456e-05,0.908478,0.739875,1.28477e-05,1.80297e-05,0.000234666,0.00019172,93.6462,0.0239633,0.000509767,4.89837e-05,-0.000274507,4.9002e-05,-0.00128816,0.000560964,0.00146391,0.000560962,1.52561e-05,2.40917e-06,0.00864913,0.0121373,0.0214591,0.0200928,0.079326,1.04501,228,10,0.988407,0.983893,0.983893,0.976114,1.66308e-08,-1.63364e-09,0.000104182,0.000333146,0.75798,0.92335,-1.44788e-05,2.83766e-05,0,0,0,0,0,0.000183138,0.000256131,0.000117463,0.000192213,0.000158061,4.93877e-09,-9.94591e-05,3.1858e-09,-0.000813014,1.62738e-05,0.000423182,1.60396e-05,6.438e-05,0.000123666,4.16632e-05,1.10047e-07,1.08268e-08,4.86296e-08,0.000136266,0.000145374,1.15716e-08,6.52923e-09,0.48039,0.000196177,0.000234666,1.80297e-05,1.28478e-05,0.75202,-0.00596053,0.754309,0.000657707,-0.00228901,0,0.922392,-0.000958425,0.92258,0.000189473,-0.000187591,0,-1.43202e-05,1.58618e-07,-3.71713e-06,2.16142e-05,-1.06031e-05,0,2.835e-05,-2.65754e-08,1.55767e-06,7.77587e-06,2.67923e-05,0
ERF_Log_File_20240819_1404.csv,sp,12,emfpe,2,0,filled_square,prism,CCS200_Spectrum_1408133070.csv,1.40813e+09,5.27541,0.000331525,0.900005,0.000989083,34.1725,0.490316,0.000125543,1.27337,1,0.00360705,8.17716e-06,0.49,0,6.35e-06,0.000289,8.31e-05,7.51e-06,0,6.93e-06,6.77656e-05,6.18e-05,2.89e-05,5.77e-06,2.54e-05,9.24e-06,4.63323e-05,4.04e-05,-4.14054e-06,1.15556e-05,0.909268,0.746131,1.50039e-05,2.46196e-05,0.00035085,0.000288985,74.3326,0.0285048,0.000549652,7.2702e-05,-0.000187915,7.27213e-05,-0.00128393,0.000708376,0.000819775,0.000708374,1.45841e-06,3.04249e-06,0.00801412,0.0131502,0.0207373,0.0213747,0.0960502,1.04581,228,10,0.988407,0.984185,0.984185,0.97738,-2.45514e-09,1.28229e-09,0.000100899,0.000318581,0.763399,0.923879,1.17413e-05,-4.1891e-06,0,0,0,0,0,0.000220767,0.000284143,0.000147984,0.000242155,0.0002155,4.80466e-09,-0.000114842,3.09283e-09,-0.000715414,1.59647e-05,0.000559662,1.5735e-05,8.25854e-05,0.000127548,2.67776e-06,1.47767e-05,9.45832e-09,8.54497e-08,0.000130774,0.000139418,9.38374e-09,9.63881e-10,0.490316,0.000288994,0.000351162,2.46196e-05,1.50041e-05,0.757496,-0.00590267,0.756263,0.000566692,0.00123378,0,0.92297,-0.000908983,0.922949,0.0003352,2.08484e-05,0,1.16127e-05,-1.28628e-07,-4.51868e-06,2.07402e-05,1.61313e-05,0,-4.18518e-06,3.92321e-09,-4.14223e-06,6.77301e-06,-4.2947e-08,0
ERF_Log_File_20250509_1642.csv,sp,13,fmfpe,11,2,filled_square,prism,CCS200_Spectrum_1430865792.csv,1.43087e+09,3.65365,0.000690468,0.911703,0.00677926,33.2892,0.497496,0.000125552,1.15092,1,0.00408768,9.02293e-06,0.497,0,6.35e-06,0.000289,8.31e-05,7.51e-06,0,6.93e-06,5.69469e-05,6.18e-05,2.89e-05,5.77e-06,2.54e-05,9.24e-06,4.50027e-05,4.04e-05,-8.44607e-06,-1.45234e-05,0.91202,0.741682,6.05813e-06,9.99635e-06,0.000366747,0.000298356,45.3778,0.0182028,0.000482284,7.16172e-05,-0.000192242,7.16239e-05,0.00125642,0.000432279,0.000728038,0.000432278,-6.74705e-06,1.8732e-06,0.00198036,0.00326779,0.00851489,0.0072347,0.0509696,1.04052,228,10,0.989942,0.987009,0.987009,0.980815,-4.62494e-09,-1.34758e-09,8.46233e-05,0.000284663,0.756189,0.924024,-1.47146e-05,-8.53188e-06,-0,0,0,0,0,0.00034233,0.000386687,0.000242409,0.00039667,0.000200242,5.46536e-09,-0.000125953,3.17485e-09,0.000867159,4.0905e-06,0.000318003,3.46669e-06,8.15488e-05,0.000118519,4.87376e-05,1.89377e-05,8.50353e-09,7.62596e-08,0,0,0,0,0.497496,0.00030226,0.000367238,9.99635e-06,6.05861e-06,0.756189,0,0.75822,0.000540243,-0.00203003,0,0.924024,0,0.924021,0.000271271,2.53861e-06,0,-1.47146e-05,0,-5.03216e-06,2.26106e-05,-9.68239e-06,0,-8.53188e-06,0,-8.90278e-06,7.03446e-06,3.70892e-07,0
ERF_Log_File_20240819_1332.csv,sp,12,emfpe,2,0,filled_square,prism,CCS200_Spectrum_1408131180.csv,1.40813e+09,3.06037,0.000424395,0.910374,0.00222807,34.1724,0.500134,0.000125589,1.20135,1,0.00386737,1.17686e-05,0.5,0,6.35e-06,0.000289,8.31e-05,7.51e-06,0,6.93e-06,6.91614e-05,6.18e-05,2.89e-05,5.77e-06,2.54e-05,9.24e-06,4.45213e-05,4.04e-05,1.97359e-05,8.45696e-05,0.910242,0.748744,2.77928e-05,3.52867e-05,0.000687099,0.000566689,41.7408,0.0314582,0.000299376,0.000133114,-0.000143539,0.000133125,-0.00140225,0.000765108,0.00185237,0.000765106,6.91818e-06,3.28631e-06,0.00833604,0.0105836,0.0115662,0.0154411,0.106515,1.04587,228,10,0.988407,0.984467,0.984467,0.9785,1.17024e-08,9.09302e-09,9.78702e-05,0.00030392,0.765196,0.924604,8.59039e-05,1.99674e-05,0,0,0,0,0,0.000370423,0.00041139,0.000263531,0.000431233,0.000260274,4.64037e-09,-0.000125951,2.97762e-09,-0.000656757,1.55357e-05,0.000652839,1.53122e-05,9.65563e-05,0.000130996,1.82727e-05,1.4944e-05,8.16201e-09,6.5932e-08,0.000125023,0.000133839,6.86552e-08,4.59434e-09,0.500134,0.000566973,0.000687262,3.52867e-05,2.77929e-05,0.759375,-0.0058211,0.758961,0.000529883,0.000413427,0,0.923741,-0.00086246,0.924383,0.0003086,-0.000641095,0,8.49629e-05,-9.41094e-07,-5.20721e-06,2.42359e-05,9.01701e-05,0,1.99487e-05,-1.87e-08,-1.04027e-05,7.19955e-06,3.03514e-05,0
ERF_Log_File_20240816_1415.csv,sp,12,emfpe,2,0,filled_square,prism,CCS200_Spectrum_1407874525.csv,1.40788e+09,2.60474,0.000258246,0.90334,0.0021314,34.1708,0.500822,0.000125608,0.20653,1,0.00390401,1.29544e-05,0.5,0,6.35e-06,0.000289,8.31e-05,7.51e-06,0,6.93e-06,6.92424e-05,6.18e-05,2.89e-05,5.77e-06,2.54e-05,9.24e-06,4.44296e-05,4.04e-05,-3.85585e-05,-4.36579e-05,0.911499,0.750265,2.4244e-05,4.51436e-05,0.00059758,0.000493717,35.2622,0.0230565,0.000430845,0.000119953,-0.000280069,0.000119969,-0.000152994,0.00084731,0.000967212,0.000847308,-1.43103e-05,3.63977e-06,0.00614266,0.0114383,0.0109934,0.0139635,0.0778189,1.04585,228,10,0.988407,0.984487,0.984487,0.978575,-2.28633e-08,-4.68402e-09,9.77941e-05,0.00030347,0.766691,0.925862,-4.43458e-05,-3.90108e-05,-0,0,0,0,0,0.000434808,0.000470281,0.000311949,0.000510462,0.00026291,4.62862e-09,-0.000126583,2.97392e-09,-0.000653939,1.55024e-05,0.000657897,1.52792e-05,9.73733e-05,0.00013122,8.46046e-06,1.35045e-05,8.07413e-09,6.27033e-08,0.000124855,0.000133632,3.54416e-08,8.97608e-09,0.500822,0.000493784,0.000597733,4.51436e-05,2.42441e-05,0.760865,-0.00582593,0.759035,0.000526449,0.00183016,0,0.925001,-0.0008604,0.924461,0.000313993,0.000540884,0,-4.386e-05,4.85817e-07,-5.25168e-06,2.466e-05,-3.86083e-05,0,-3.89742e-05,3.65347e-08,-1.07555e-05,7.21158e-06,-2.82187e-05,0
ERF_Log_File_20240816_1343.csv,sp,12,emfpe,2,0,filled_square,prism,CCS200_Spectrum_1407872635.csv,1.40787e+09,3.8879,0.000344207,0.89525,0.00359065,34.1714,0.511166,0.000126182,0.232543,1,0.00404882,3.26446e-05,0.51,0,6.35e-06,0.000289,8.31e-05,7.51e-06,0,6.93e-06,7.07407e-05,6.18e-05,2.89e-05,5.77e-06,2.54e-05,9.24e-06,4.30526e-05,4.04e-05,-4.19477e-05,8.416e-06,0.911641,0.749364,1.62054e-05,2.79231e-05,0.000377048,0.000310688,51.5326,0.0212126,0.000403212,7.71829e-05,-0.000133651,7.71984e-05,-0.000359468,0.000657105,0.0010641,0.000657103,-2.17578e-06,2.82246e-06,0.00600089,0.0103401,0.0135701,0.0135223,0.0713039,1.04577,228,10,0.988407,0.984776,0.984776,0.979624,-2.48729e-08,8.74545e-10,9.47327e-05,0.000287715,0.764951,0.925734,8.54611e-06,-4.24397e-05,-0,0,0,0,0,0.000304652,0.000353484,0.000213457,0.000349293,0.000296419,4.43643e-09,-0.000133851,2.84521e-09,-0.00062976,1.49719e-05,0.000712325,1.47565e-05,0.000107567,0.000134242,5.26318e-05,3.05948e-06,6.79525e-09,6.11808e-09,0.000118581,0.000127936,6.83012e-09,9.76505e-09,0.511166,0.000315088,0.00037706,2.79231e-05,1.62054e-05,0.759234,-0.0057167,0.759607,0.00069452,-0.000372885,0,0.924921,-0.000812907,0.92499,0.000299906,-6.86084e-05,0,8.45248e-06,-9.36242e-08,-5.86228e-06,1.38972e-05,1.43148e-05,0,-4.24e-05,3.9746e-08,-1.33387e-05,6.47e-06,-2.90612e-05,0
ERF_Log_File_20240816_1312.csv,sp,12,emfpe,2,0,filled_square,prism,CCS200_Spectrum_1407870745.csv,1.40787e+09,3.20431,0.000465919,0.773613,0.0276008,34.1727,0.518598,0.000125596,0.275101,1,0.00258648,1.19236e-05,0.52,0,6.35e-06,0.000289,8.31e-05,7.51e-06,0,6.93e-06,7.17773e-05,6.18e-05,2.89e-05,5.77e-06,2.54e-05,9.24e-06,4.20632e-05,4.04e-05,5.67073e-06,-1.10563e-05,0.912181,0.754701,1.11016e-05,1.71388e-05,0.000298352,0.000248185,83.8389,0.0272521,0.000396526,6.17433e-05,-0.000171191,6.17608e-05,1.0729e-05,0.000618643,0.000813785,0.000618644,-5.67398e-05,2.65748e-06,0.00668737,0.0103252,0.0197522,0.022522,0.0923659,1.04568,228,10,0.988407,0.984979,0.984979,0.980309,3.36247e-09,-1.12361e-09,9.27017e-05,0.000279236,0.76986,0.926092,-1.12249e-05,5.73724e-06,0,0,0,0,0,0.00020053,0.000268855,0.000131204,0.000214697,0.000312607,4.2914e-09,-0.000136606,2.74573e-09,-0.000631129,1.45804e-05,0.000728378,1.43705e-05,0.000112303,0.000135982,2.19875e-05,5.26029e-06,5.85641e-09,7.69979e-08,0.000115236,0.00012409,8.97104e-09,1.3201e-09,0.518598,0.000249168,0.000298399,1.71388e-05,1.11019e-05,0.764174,-0.00568655,0.760986,0.000676782,0.00318803,0,0.925311,-0.000780557,0.92523,0.000226093,8.08643e-05,0,-1.11019e-05,1.22971e-07,-6.23554e-06,1.22225e-05,-4.8664e-06,0,5.73187e-06,-5.37309e-09,-1.09649e-05,5.61617e-06,1.66967e-05,0
ERF_Log_File_20250123_1848.csv,sp,12,emfpe,7,1,filled_square,prism,CCS200_Spectrum_1421718534.csv,1.42172e+09,3.85881,0.000515922,0.774989,0.0316462,34.1718,0.520582,0.000125577,1.28029,1,0.00304483,1.0751e-05,0.525,0,6.35e-06,0.000289,8.31e-05,7.51e-06,0,6.93e-06,7.20242e-05,6.18e-05,2.89e-05,5.77e-06,2.54e-05,9.24e-06,4.1799e-05,4.04e-05,2.87862e-05,3.48043e-05,0.911645,0.755307,2.3833e-05,2.95307e-05,0.000584527,0.000485139,48.0801,0.0307926,0.00034575,0.000109023,-0.000144916,0.000109029,-0.00206319,0.000548616,0.00155655,0.000548615,6.85936e-06,2.37868e-06,0.00823399,0.0102024,0.0096341,0.0126229,0.104438,1.04587,228,10,0.988407,0.985032,0.985032,0.980483,1.70688e-08,3.51631e-09,9.21043e-05,0.000276719,0.770342,0.925498,3.53332e-05,2.91238e-05,0,0,0,0,0,0.000324879,0.000370886,0.000228785,0.000374375,0.000323783,3.28159e-09,-9.80965e-05,1.43207e-09,-0.000252749,3.97022e-06,0.000892128,3.95229e-06,0.00010547,0.000114492,2.38312e-05,5.88141e-06,5.61797e-09,9.83274e-08,0.000128418,0.000146183,3.23349e-08,7.95215e-09,0.520582,0.000485728,0.000584557,2.95307e-05,2.38332e-05,0.7649,-0.00544149,0.760588,0.000678337,0.00431197,0,0.925542,4.46226e-05,0.925318,0.000193935,0.000224014,0,3.482e-05,-5.13169e-07,-6.32616e-06,1.25716e-05,4.11462e-05,0,2.91602e-05,3.63851e-08,-9.57824e-06,5.41242e-06,3.87385e-05,0
ERF_Log_File_20250509_1714.csv,sp,13,fmfpe,11,2,filled_square,prism,CCS200_Spectrum_1430867668.csv,1.43087e+09,4.2177,0.000458182,0.907884,0.0161689,33.2889,0.522947,0.000125656,0.988161,1,0.00261771,1.52383e-05,0.526,0,6.35e-06,0.000289,8.31e-05,7.51e-06,0,6.93e-06,5.98152e-05,6.18e-05,2.89e-05,5.77e-06,2.54e-05,9.24e-06,4.14843e-05,4.04e-05,-1.64384e-05,1.00392e-06,0.912269,0.747163,6.34023e-06,1.04667e-05,0.00103741,0.000849747,48.8207,0.0555064,0.000573037,0.000124036,-0.000273762,0.000124037,0.00172023,0.000373127,0.000789158,0.000373127,3.1483e-05,1.61679e-06,0.00222437,0.00367186,0.00723523,0.00733466,0.188313,1.04587,228,10,0.989942,0.98754,0.98754,0.983117,-9.00145e-09,8.57195e-11,7.78935e-05,0.000250874,0.759994,0.923779,1.01659e-06,-1.66054e-05,-0,0,0,0,0,0.000320062,0.000366989,0.000225314,0.000368696,0.000275117,4.63866e-09,-0.000158828,2.69402e-09,0.000964224,4.09413e-06,0.000471629,3.46977e-06,0.000108486,0.000143587,3.62728e-06,6.60675e-06,5.34063e-09,1.18403e-07,0,0,0,0,0.522947,0.000849755,0.00103743,1.04667e-05,6.34134e-06,0.759994,0,0.760354,0.000680818,-0.00035981,0,0.923779,0,0.925436,0.000171866,-0.00165677,0,1.01659e-06,0,-6.42932e-06,1.29882e-05,7.4459e-06,0,-1.66054e-05,0,-7.52435e-06,5.07707e-06,-9.08106e-06,0
ERF_Log_File_20250218_1820.csv,sp,13,emfpe,9,1,filled_square,prism,CCS200_Spectrum_1423963266.csv,1.42396e+09,2.87034,0.000191249,0.908378,0.00513438,34.1711,0.527933,0.000125505,1.57955,1,0.00262617,2.64483e-06,0.53,0,6.35e-06,0.000289,8.31e-05,7.51e-06,0,6.93e-06,6.03995e-05,6.18e-05,2.89e-05,5.77e-06,2.54e-05,9.24e-06,4.08205e-05,4.04e-05,-8.43705e-06,3.80692e-05,0.914149,0.75369,4.01075e-06,9.55273e-06,0.000170438,0.000140656,167.185,0.03108,0.000410055,3.38139e-05,-6.95279e-05,3.38179e-05,-0.00010096,0.000225841,0.00128466,0.000225841,-6.53017e-06,9.74945e-07,0.00482071,0.011482,0.0156782,0.0146274,0.100298,1.04472,228,10,0.989942,0.98764,0.98764,0.983495,-4.62e-09,3.20042e-09,7.6851e-05,0.000246595,0.766338,0.925589,3.85456e-05,-8.52277e-06,-0,0,0,0,0,0.000127396,0.000220219,6.57954e-05,0.000107665,0.000391843,8.67063e-09,-8.10146e-05,3.65011e-09,0.000167632,2.5192e-07,0.00114292,2.1429e-07,0.000118214,0.000131055,6.88073e-05,7.8005e-06,4.75146e-09,1.34158e-07,0.000123896,0.000142115,3.52748e-08,2.32711e-09,0.527933,0.000156674,0.000170614,9.55273e-06,4.01299e-06,0.760933,-0.005405,0.762053,0.000656452,-0.00112008,0,0.925634,4.51093e-05,0.925726,0.000162443,-9.14435e-05,0,3.79858e-05,-5.59826e-07,-6.62962e-06,1.3664e-05,4.46154e-05,0,-8.53342e-06,-1.06477e-08,-2.39306e-06,4.44201e-06,-6.14036e-06,0
ERF_Log_File_20240816_1240.csv,sp,12,emfpe,2,0,filled_square,prism,CCS200_Spectrum_1407868855.csv,1.40787e+09,2.82809,0.000277845,0.897154,0.00101468,34.1715,0.528034,0.000125542,0.218808,1,0.00249885,7.908e-06,0.53,0,6.35e-06,0.000289,8.31e-05,7.51e-06,0,6.93e-06,7.30416e-05,6.18e-05,2.89e-05,5.77e-06,2.54e-05,9.24e-06,4.08071e-05,4.04e-05,1.21396e-05,1.79781e-06,0.912864,0.751654,5.1241e-06,8.22178e-06,0.000149169,0.000123257,182.413,0.0293125,0.00036044,3.10717e-05,-0.000126639,3.10916e-05,0.000213732,0.000461571,0.00126387,0.00046157,-1.52917e-06,1.982e-06,0.00671644,0.0107768,0.0354279,0.0316255,0.099061,1.04582,228,10,0.988407,0.985231,0.985231,0.981104,7.19819e-09,1.77765e-10,9.02626e-05,0.000265425,0.766131,0.926548,1.82476e-06,1.2282e-05,-0,0,0,0,0,0.000122056,0.000217013,6.03027e-05,9.86772e-05,0.000324804,4.11821e-09,-0.000137598,2.63416e-09,-0.000651242,1.41079e-05,0.000724613,1.39049e-05,0.000115601,0.000137614,6.89378e-05,7.80828e-06,4.74118e-09,1.34155e-07,0.000109754,0.000119422,1.45836e-09,2.82599e-09,0.528034,0.000141326,0.000149371,8.22178e-06,5.12586e-06,0.760553,-0.0055775,0.762109,0.00065522,-0.00155589,0,0.925807,-0.000741045,0.925732,0.000162259,7.50235e-05,0,1.80477e-06,-1.99906e-08,-6.63343e-06,1.36718e-05,8.4382e-06,0,1.22705e-05,-1.15024e-08,-2.28508e-06,4.4347e-06,1.45556e-05,0
ERF_Log_File_20240816_1209.csv,sp,12,emfpe,2,0,filled_square,prism,CCS200_Spectrum_1407866965.csv,1.40787e+09,4.24604,0.00041685,0.900876,0.00281993,34.1715,0.53857,0.000125531,0.221131,1,0.00282598,6.78666e-06,0.54,0,6.35e-06,0.000289,8.31e-05,7.51e-06,0,6.93e-06,7.44949e-05,6.18e-05,2.89e-05,5.77e-06,2.54e-05,9.24e-06,3.94045e-05,4.04e-05,1.46194e-06,-1.09261e-05,0.91362,0.757239,7.56593e-06,1.32679e-05,0.000282808,0.000234973,105.949,0.0325771,0.000364881,5.83131e-05,-9.36377e-05,5.83288e-05,-0.000770904,0.000570831,-0.000114836,0.00057083,1.26032e-05,2.45198e-06,0.00576014,0.010101,0.024756,0.0236973,0.110299,1.04586,228,10,0.988407,0.985505,0.985505,0.981904,8.66858e-10,-1.04896e-09,8.77126e-05,0.000253902,0.771195,0.927058,-1.10868e-05,1.47909e-06,-0,0,0,0,0,0.00016823,0.000245853,0.000103824,0.000169893,0.000327658,3.92877e-09,-0.000135735,2.50778e-09,-0.000692546,1.36496e-05,0.000693449,1.34532e-05,0.000115848,0.000138626,1.59609e-05,3.05883e-06,3.54721e-09,5.68184e-08,0.000105287,0.000114486,8.86067e-09,3.40327e-10,0.53857,0.000235503,0.000282825,1.32679e-05,7.56614e-06,0.765668,-0.00552653,0.763282,0.000566414,0.00238619,0,0.926359,-0.0006989,0.926261,0.000223903,9.74736e-05,0,-1.09653e-05,1.21458e-07,-6.9809e-06,1.52173e-05,-3.98445e-06,0,1.4777e-06,-1.38521e-09,6.73125e-06,5.51206e-06,-5.25355e-06,0
ERF_Log_File_20240816_1137.csv,sp,12,emfpe,2,0,filled_square,prism,CCS200_Spectrum_1407865075.csv,1.40787e+09,2.30227,0.00034413,0.900282,0.00170976,34.1715,0.548146,0.000125531,0.201835,1,0.00290999,6.84519e-06,0.55,0,6.35e-06,0.000289,8.31e-05,7.51e-06,0,6.93e-06,7.57996e-05,6.18e-05,2.89e-05,5.77e-06,2.54e-05,9.24e-06,3.81296e-05,4.04e-05,9.89163e-07,-1.29419e-05,0.913504,0.757976,6.94869e-06,1.13784e-05,0.000165069,0.000139263,140.255,0.0249202,0.000337338,3.44495e-05,-0.000185096,3.44768e-05,-0.000650154,0.000567234,0.000801504,0.000567233,2.79332e-05,2.4355e-06,0.00700417,0.0114686,0.0301462,0.0353831,0.0837458,1.04567,228,10,0.988407,0.985748,0.985748,0.982561,5.86525e-10,-1.21093e-09,8.5473e-05,0.00024256,0.771429,0.926711,-1.3129e-05,1.00076e-06,-0,0,0,0,0,0.000140396,0.000227656,7.84286e-05,0.000128338,0.000321745,3.77325e-09,-0.000131651,2.40693e-09,-0.000742287,1.33174e-05,0.00064525,1.31258e-05,0.000113349,0.000138779,5.25383e-05,4.54103e-06,2.50485e-09,4.85933e-08,0.000100903,0.000110151,1.04928e-08,2.30268e-10,0.548146,0.000148904,0.00016513,1.13784e-05,6.94886e-06,0.765977,-0.00545164,0.766731,0.000498708,-0.000753838,0,0.92605,-0.000661738,0.926177,0.000145895,-0.000127674,0,-1.29852e-05,1.43831e-07,-7.21148e-06,1.61247e-05,-5.77371e-06,0,9.99828e-07,-9.37244e-10,6.37486e-06,4.39808e-06,-5.37504e-06,0
ERF_Log_File_20250123_1817.csv,sp,12,emfpe,7,1,filled_square,prism,CCS200_Spectrum_1421716656.csv,1.42172e+09,2.61712,0.000213565,0.896564,0.000639694,34.1719,0.549677,0.000125504,2.02194,1,0.00293066,2.44305e-06,0.55,0,6.35e-06,0.000289,8.31e-05,7.51e-06,0,6.93e-06,7.60006e-05,6.18e-05,2.89e-05,5.77e-06,2.54e-05,9.24e-06,3.79258e-05,4.04e-05,7.64321e-06,7.43569e-05,0.912948,0.759483,7.18147e-06,1.16584e-05,9.36307e-05,7.87868e-05,152.877,0.0155159,0.000235953,1.95434e-05,-0.000105079,1.95533e-05,-0.000193277,0.000256335,0.000484867,0.000256335,3.10822e-06,1.11112e-06,0.00790879,0.0128391,0.0149139,0.0177809,0.047182,1.04062,228,10,0.988407,0.985786,0.985786,0.98266,4.53205e-09,6.92933e-09,8.50778e-05,0.000241246,0.772885,0.926112,7.5429e-05,7.73286e-06,0,0,0,0,0,0.000133915,0.000223534,7.19533e-05,0.000117742,0.000290196,2.876e-09,-9.92193e-05,1.25634e-09,-0.000315348,3.66462e-06,0.000732965,3.64807e-06,9.73539e-05,0.000104834,2.52279e-05,5.35119e-06,2.3413e-09,5.50416e-08,0.000114392,0.000130961,6.90285e-08,2.11143e-09,0.549677,8.27611e-05,9.37805e-05,1.16584e-05,7.18168e-06,0.767457,-0.00542735,0.767215,0.000482459,0.000242903,0,0.926157,4.54526e-05,0.926117,0.000133535,4.01854e-05,0,7.43335e-05,-1.09551e-06,-7.24104e-06,1.6066e-05,8.15746e-05,0,7.74252e-06,9.66085e-09,5.73981e-06,4.07663e-06,2.00271e-06,0
ERF_Log_File_20240816_1106.csv,sp,12,emfpe,2,0,filled_square,prism,CCS200_Spectrum_1407863185.csv,1.40786e+09,2.41782,0.000298304,0.901681,0.0020342,34.1713,0.55798,0.000125523,0.337743,1,0.00297614,5.80971e-06,0.56,0,6.35e-06,0.000289,8.31e-05,7.51e-06,0,6.93e-06,7.71862e-05,6.18e-05,2.89e-05,5.77e-06,2.54e-05,9.24e-06,3.67425e-05,4.04e-05,1.10065e-05,-7.77324e-06,0.91339,0.758488,7.17144e-06,1.03272e-05,0.000171039,0.000141499,143.526,0.0263765,0.000251747,3.54798e-05,-0.000152906,3.55004e-05,-0.000160902,0.000501262,-8.92942e-05,0.000501261,2.0873e-05,2.15261e-06,0.00739959,0.0106553,0.0343392,0.02414,0.0893651,1.04498,228,10,0.988407,0.985991,0.985991,0.983173,6.52634e-09,-7.09051e-10,8.33167e-05,0.000231484,0.77147,0.926367,-7.88368e-06,1.11356e-05,-0,0,0,0,0,0.000138589,0.000226499,7.66412e-05,0.000125413,0.000308696,3.60916e-09,-0.000125687,2.30645e-09,-0.000800837,1.30638e-05,0.000580665,1.28758e-05,0.000108596,0.000138175,1.24711e-05,7.63499e-06,1.47429e-09,4.14388e-08,9.6668e-05,0.000105948,6.30071e-09,2.56222e-09,0.55798,0.000142053,0.000171212,1.03272e-05,7.17156e-06,0.766093,-0.0053764,0.765709,0.000454384,0.0003839,0,0.925742,-0.000625274,0.925665,0.000103691,7.74384e-05,0,-7.79732e-06,8.63673e-08,-7.36708e-06,1.60807e-05,-4.30231e-07,0,1.11252e-05,-1.04288e-08,2.10357e-06,3.38158e-06,9.02159e-06,0
ERF_Log_File_20250509_1745.csv,sp,13,fmfpe,11,2,filled_square,prism,CCS200_Spectrum_1430869543.csv,1.43087e+09,2.59246,0.000326982,0.898784,0.000623021,33.2886,0.558405,0.000125505,1.92652,1,0.00306225,2.67782e-06,0.558,0,6.35e-06,0.000289,8.31e-05,7.51e-06,0,6.93e-06,6.39049e-05,6.18e-05,2.89e-05,5.77e-06,2.54e-05,9.24e-06,3.66817e-05,4.04e-05,2.9089e-06,-2.26214e-05,0.914748,0.754533,2.57946e-06,3.08586e-06,5.62908e-05,4.69561e-05,137.417,0.00798979,0.000233617,1.13597e-05,-0.000153472,1.13855e-05,0.000507898,0.000313624,0.000287771,0.000313623,-3.73581e-06,1.35702e-06,0.00254706,0.00304712,0.0182238,0.0161986,0.0270283,1.04579,228,10,0.989942,0.988231,0.988231,0.985417,1.59287e-09,-1.73889e-09,7.03161e-05,0.000210918,0.765699,0.925642,-2.28908e-05,2.93845e-06,-0,0,0,0,0,0.000141822,0.000228942,8.00483e-05,0.000130988,0.000290496,3.75976e-09,-0.000167728,2.18724e-09,0.000899353,3.91291e-06,0.00038066,3.31619e-06,0.000114556,0.000128004,5.22924e-06,7.62921e-06,1.43043e-09,3.86107e-08,0,0,0,0,0.558405,4.72533e-05,5.68152e-05,3.08586e-06,2.57975e-06,0.765699,0,0.765679,0.000454317,2.01413e-05,0,0.925642,0,0.925639,0.000102868,2.96374e-06,0,-2.28908e-05,0,-7.372e-06,1.60871e-05,-1.55188e-05,0,2.93845e-06,0,1.96795e-06,3.38469e-06,9.7051e-07,0
ERF_Log_File_20240816_1034.csv,sp,12,emfpe,2,0,filled_square,prism,CCS200_Spectrum_1407861295.csv,1.40786e+09,2.51224,0.000373647,0.90392,0.00173101,34.1719,0.567764,0.000125517,0.328115,1,0.00309368,5.02444e-06,0.57,0,6.35e-06,0.000289,8.31e-05,7.51e-06,0,6.93e-06,7.8555e-05,6.18e-05,2.89e-05,5.77e-06,2.54e-05,9.24e-06,3.53442e-05,4.04e-05,-1.13787e-06,-4.6199e-06,0.912899,0.760988,4.04186e-06,1.03955e-05,9.68199e-05,7.90418e-05,145.088,0.014274,0.000201468,1.92222e-05,-9.03841e-05,1.92659e-05,-0.00146525,0.000533346,0.000179753,0.000533345,1.22478e-05,2.28781e-06,0.00421404,0.010838,0.0375954,0.0258805,0.0482441,1.04582,228,10,0.988407,0.986227,0.986227,0.983727,-6.74701e-10,-4.11297e-10,8.12728e-05,0.000221694,0.773576,0.925648,-4.68442e-06,-1.15122e-06,0,0,0,0,0,0.000137941,0.000225886,7.58161e-05,0.000124063,0.000289476,3.46877e-09,-0.000118171,2.21013e-09,-0.000862678,1.2889e-05,0.000505378,1.27036e-05,0.000101912,0.000136831,3.19135e-05,4.44403e-06,4.87393e-10,2.12982e-08,9.29921e-05,0.000101967,3.74383e-09,2.64886e-10,0.567764,8.5215e-05,9.69231e-05,1.03955e-05,4.04192e-06,0.768258,-0.00531873,0.769155,0.000445454,-0.000896993,0,0.925058,-0.000590379,0.925153,0.00015077,-9.50447e-05,0,-4.6331e-06,5.13187e-08,-7.44329e-06,1.59777e-05,2.81019e-06,0,-1.15014e-06,1.07815e-09,1.59419e-06,3.37697e-06,-2.74432e-06,0
ERF_Log_File_20250131_0944.csv,sp,12,emfpe,7,1,filled_square,prism,CCS200_Spectrum_1422377082.csv,1.42238e+09,3.22411,0.000166118,0.898162,0.000705688,34.1737,0.56968,0.000125509,1.35289,1,0.00312545,3.75321e-06,0.57,0,6.35e-06,0.000289,8.31e-05,7.51e-06,0,6.93e-06,7.8814e-05,6.18e-05,2.89e-05,5.77e-06,2.54e-05,9.24e-06,3.50704e-05,4.04e-05,-6.75387e-06,7.8827e-06,0.911583,0.762744,6.2364e-06,8.38773e-06,0.00114375,9.74171e-05,178.839,0.0223985,0.000228887,2.43937e-05,-4.6082e-05,2.44257e-05,-0.000967003,0.000511701,0.000432191,0.0005117,2.98899e-06,2.21665e-06,0.00801419,0.0107787,1.46242,0.0236515,0.0758104,1.04586,228,10,0.988407,0.986273,0.986273,0.98383,-4.00472e-09,6.9851e-10,8.07781e-05,0.000220209,0.77528,0.92427,7.99241e-06,-6.83309e-06,0,0,0,0,0,0.000124147,0.000217381,6.15078e-05,0.000100649,0.000243328,2.72043e-09,-9.34858e-05,1.18958e-09,-0.000400561,3.52995e-06,0.000538237,3.51403e-06,8.42033e-05,9.38825e-05,3.90901e-06,3.16419e-06,2.98438e-10,2.73085e-08,0.000106174,0.000121453,7.31421e-09,1.86575e-09,0.56968,9.75001e-05,0.00114375,8.38773e-06,6.23646e-06,0.769857,-0.00542302,0.769372,0.00044314,0.000485612,0,0.924315,4.43182e-05,0.925095,0.000155798,-0.00077978,0,7.87633e-06,-1.1608e-07,-7.44929e-06,1.59106e-05,1.53256e-05,0,-6.84162e-06,-8.53675e-09,1.96821e-06,3.52427e-06,-8.80984e-06,0
ERF_Log_File_20240816_1003.csv,sp,12,emfpe,2,0,filled_square,prism,CCS200_Spectrum_1407859405.csv,1.40786e+09,5.30568,0.000392239,0.899865,0.00153894,34.1714,0.577546,0.000125529,0.289263,1,0.00316866,6.56586e-06,0.58,0,6.35e-06,0.000289,8.31e-05,7.51e-06,0,6.93e-06,7.98904e-05,6.18e-05,2.89e-05,5.77e-06,2.54e-05,9.24e-06,3.39462e-05,4.04e-05,6.67498e-06,-1.58292e-05,0.913328,0.760715,5.34651e-06,1.16664e-05,0.000200278,0.000167323,119.627,0.0260231,0.00017989,4.14849e-05,-4.33416e-05,4.14984e-05,-0.000583213,0.000443086,2.09251e-05,0.000443084,-1.95837e-06,1.903e-06,0.00459575,0.0100283,0.0216341,0.0209419,0.0880465,1.04587,228,10,0.988407,0.986457,0.986457,0.984232,3.95793e-09,-1.37677e-09,7.94385e-05,0.000211731,0.772902,0.925867,-1.60465e-05,6.75327e-06,-0,0,0,0,0,0.000155099,0.000236847,9.19525e-05,0.000150468,0.000265432,3.32041e-09,-0.000109721,2.12113e-09,-0.000924718,1.27719e-05,0.000422861,1.25881e-05,9.37882e-05,0.000134785,1.59919e-05,7.08016e-07,4.84681e-10,2.95526e-08,8.92584e-05,9.8328e-05,1.28245e-08,1.55388e-09,0.577546,0.000168094,0.000200279,1.16664e-05,5.34659e-06,0.767657,-0.00524467,0.767099,0.000432038,0.000557996,0,0.925309,-0.000557628,0.924999,0.000173173,0.000310271,0,-1.58707e-05,1.75793e-07,-7.44374e-06,1.312e-05,-8.42699e-06,0,6.74695e-06,-6.32463e-09,3.93577e-06,4.44526e-06,2.81118e-06,0
ERF_Log_File_20240816_0931.csv,sp,12,emfpe,2,0,filled_square,prism,CCS200_Spectrum_1407857515.csv,1.40786e+09,4.31303,0.00046024,0.896055,0.0020582,34.1716,0.587961,0.000125529,0.223118,1,0.00356264,6.60283e-06,0.59,0,6.35e-06,0.000289,8.31e-05,7.51e-06,0,6.93e-06,8.13378e-05,6.18e-05,2.89e-05,5.77e-06,2.54e-05,9.24e-06,3.24579e-05,4.04e-05,8.30837e-06,1.5881e-05,0.913002,0.764306,1.02624e-05,1.75654e-05,0.000212685,0.000179222,94.7138,0.0218944,0.000169796,4.41763e-05,-0.000118497,4.41918e-05,-0.00137882,0.000489895,0.000168205,0.000489893,-2.06433e-05,2.10422e-06,0.0069838,0.0119542,0.017848,0.0202002,0.0741615,1.04587,228,10,0.988407,0.986695,0.986695,0.984723,4.92646e-09,1.34887e-09,7.75472e-05,0.000202887,0.776163,0.925313,1.60951e-05,8.40582e-06,0,0,0,0,0,0.000183013,0.000255786,0.000116139,0.000190046,0.000235828,3.16511e-09,-0.00010005,2.02143e-09,-0.00098795,1.26852e-05,0.000330706,1.25027e-05,8.39696e-05,0.000131897,3.46923e-05,4.3807e-06,1.63367e-09,4.80592e-10,8.60349e-05,9.46244e-05,1.28634e-08,1.93412e-09,0.587961,0.000182564,0.000212729,1.75654e-05,1.02624e-05,0.770968,-0.00519558,0.770857,0.000398471,0.000111227,0,0.924789,-0.000523893,0.924833,0.000191219,-4.32732e-05,0,1.59188e-05,-1.76325e-07,-7.35676e-06,1.49943e-05,2.32756e-05,0,8.39795e-06,-7.87228e-09,5.17322e-06,3.83204e-06,3.22472e-06,0
ERF_Log_File_20250509_1816.csv,sp,13,fmfpe,11,2,filled_square,prism,CCS200_Spectrum_1430871418.csv,1.43087e+09,4.67859,0.000278199,0.896515,0.000821904,33.2882,0.591661,0.00012551,1.09919,1,0.00364283,3.93677e-06,0.593,0,6.35e-06,0.000289,8.31e-05,7.51e-06,0,6.93e-06,6.77067e-05,6.18e-05,2.89e-05,5.77e-06,2.54e-05,9.24e-06,3.19292e-05,4.04e-05,7.50272e-06,-3.67172e-05,0.9139,0.761872,3.53217e-06,5.36283e-06,0.000321453,0.000268069,91.7436,0.032246,0.000309369,5.40947e-05,-0.000114083,5.40965e-05,-3.63408e-05,0.000218139,-0.000164538,0.000218139,-2.12488e-06,9.45344e-07,0.00233173,0.00354024,0.00817971,0.00813363,0.0952313,1.04295,228,10,0.989942,0.98883,0.98883,0.98693,4.10838e-09,-2.58671e-09,6.43838e-05,0.000180459,0.771962,0.924224,-3.7132e-05,7.57895e-06,-0,0,0,0,0,0.000187324,0.000259145,0.000119899,0.000196199,0.000237339,3.37772e-09,-0.000148233,1.95956e-09,0.00071028,3.65379e-06,0.000103431,3.09658e-06,9.6393e-05,8.13767e-05,2.77808e-05,6.57701e-06,2.07198e-09,7.9479e-09,0,0,0,0,0.591661,0.000269501,0.00032152,5.36283e-06,3.53218e-06,0.771962,0,0.770932,0.000363921,0.00102957,0,0.924224,0,0.924672,0.000159586,-0.000448075,0,-3.7132e-05,0,-7.30218e-06,1.43868e-05,-2.98298e-05,0,7.57895e-06,0,5.05996e-06,3.63063e-06,2.51899e-06,0
ERF_Log_File_20240814_2030.csv,sp,12,emfpe,2,0,filled_square,prism,CCS200_Spectrum_1407724243.csv,1.40773e+09,4.70297,0.000401928,0.904209,0.00284743,34.171,0.597908,0.000125527,0.250219,1,0.00368234,6.45149e-06,0.6,0,6.35e-06,0.000289,8.31e-05,7.51e-06,0,6.93e-06,8.27556e-05,6.18e-05,2.89e-05,5.77e-06,2.54e-05,9.24e-06,3.10364e-05,4.04e-05,1.10344e-05,-4.02155e-05,0.91274,0.763202,1.05558e-05,1.62518e-05,0.000452239,0.000378564,97.9988,0.048472,0.000149924,8.67061e-05,-4.59511e-05,8.67128e-05,-0.00101001,0.000483134,0.000501545,0.000483132,4.01915e-05,2.07393e-06,0.00743404,0.0114447,0.0186497,0.0197243,0.16503,1.04585,228,10,0.988407,0.986916,0.986916,0.985152,6.54284e-09,-3.34275e-09,7.58677e-05,0.000193895,0.774705,0.924841,-4.07487e-05,1.11638e-05,-0,0,0,0,0,0.00017837,0.000252488,0.000112246,0.000183676,0.000204608,3.01986e-09,-9.01589e-05,1.93798e-09,-0.00104333,1.26166e-05,0.000241588,1.24348e-05,7.36918e-05,0.000128531,2.42884e-05,1.06802e-05,2.84616e-09,1.92834e-08,8.27281e-05,9.13361e-05,3.25667e-08,2.56871e-09,0.597908,0.000379338,0.000452366,1.62518e-05,1.05558e-05,0.769584,-0.0051207,0.768863,0.00030545,0.000721367,0,0.924347,-0.000493209,0.924244,0.000138944,0.000103222,0,-4.03022e-05,4.46409e-07,-7.17996e-06,1.31664e-05,-3.31223e-05,0,1.11534e-05,-1.04552e-08,4.36728e-06,3.91168e-06,6.78609e-06,0
ERF_Log_File_20240816_0833.csv,sp,12,emfpe,2,0,filled_square,prism,CCS200_Spectrum_1407853999.csv,1.40785e+09,4.27466,0.000369641,0.910895,0.00627792,34.1725,0.598047,0.000125519,0.327486,1,0.0036962,5.36671e-06,0.6,0,6.35e-06,0.000289,8.31e-05,7.51e-06,0,6.93e-06,8.27754e-05,6.18e-05,2.89e-05,5.77e-06,2.54e-05,9.24e-06,3.10166e-05,4.04e-05,1.45943e-05,-1.69527e-05,0.912389,0.762675,1.19558e-05,1.53662e-05,0.000255406,0.00021536,91.6806,0.0255362,8.19052e-05,5.27398e-05,-6.49206e-06,5.27535e-05,-0.00137992,0.000504945,-0.000225343,0.000504943,7.34996e-05,2.16842e-06,0.00787786,0.0101236,0.0167245,0.0230813,0.0865068,1.04587,228,10,0.988407,0.986919,0.986919,0.985157,8.6537e-09,-1.40871e-09,7.58165e-05,0.000193645,0.774166,0.924482,-1.71774e-05,1.47655e-05,0,0,0,0,0,0.00018747,0.000258958,0.000119982,0.000196334,0.000204226,3.02437e-09,-9.00202e-05,1.93655e-09,-0.00104406,1.26155e-05,0.00024035,1.24339e-05,7.35615e-05,0.00012848,2.22951e-05,1.07762e-05,2.86365e-09,1.94944e-08,8.26286e-05,9.12571e-05,1.37283e-08,3.39742e-09,0.598047,0.000216504,0.000255634,1.53662e-05,1.19558e-05,0.76905,-0.00511625,0.768837,0.000304934,0.000212933,0,0.92399,-0.000492603,0.924232,0.0001392,-0.000242757,0,-1.69892e-05,1.88182e-07,-7.1768e-06,1.31586e-05,-9.81242e-06,0,1.47516e-05,-1.38283e-08,4.3458e-06,3.92216e-06,1.04058e-05,0
ERF_Log_File_20250218_1852.csv,sp,13,emfpe,9,1,filled_square,prism,CCS200_Spectrum_1423965150.csv,1.42397e+09,4.5167,0.000402957,0.906759,0.0021782,34.1712,0.599615,0.000125508,1.10388,1,0.00378599,3.39543e-06,0.6,0,6.35e-06,0.000289,8.31e-05,7.51e-06,0,6.93e-06,6.86302e-05,6.18e-05,2.89e-05,5.77e-06,2.54e-05,9.24e-06,3.07924e-05,4.04e-05,-1.30803e-05,8.15068e-05,0.913506,0.763781,7.46806e-06,1.89698e-05,0.000246542,0.00020682,87.6752,0.023613,0.000103126,4.86529e-05,-3.15524e-05,4.86582e-05,-0.00025643,0.000312178,-0.000345645,0.000312178,-8.79814e-06,1.34786e-06,0.00470469,0.0119507,0.00998165,0.0133753,0.0799972,1.04587,228,10,0.989942,0.988967,0.988967,0.987227,-7.1626e-09,5.63278e-09,6.31307e-05,0.000174199,0.773663,0.923697,8.24161e-05,-1.32132e-05,-0,0,0,0,0,0.00019409,0.000263932,0.000125463,0.000205303,0.000195754,8.86355e-09,-1.98693e-05,3.73154e-09,-0.000455882,2.63765e-07,1.94546e-05,2.24366e-07,5.39057e-05,4.75338e-05,2.83929e-06,1.18811e-05,3.06408e-09,2.17698e-08,9.5086e-05,0.000109334,7.54226e-08,3.60781e-09,0.599615,0.000206841,0.00024683,1.89698e-05,7.46809e-06,0.768281,-0.00538151,0.768708,0.000299044,-0.000426411,0,0.923738,4.06278e-05,0.924091,0.000142707,-0.000353142,0,8.12191e-05,-1.19699e-06,-7.13979e-06,1.3071e-05,8.83589e-05,0,-1.32297e-05,-1.65076e-08,4.088e-06,4.0377e-06,-1.73177e-05,0
ERF_Log_File_20250123_1746.csv,sp,12,emfpe,7,1,filled_square,prism,CCS200_Spectrum_1421714777.csv,1.42172e+09,2.29719,0.000234178,0.912018,0.00648421,34.171,0.599815,0.000125511,1.34839,1,0.00366597,4.03468e-06,0.6,0,6.35e-06,0.000289,8.31e-05,7.51e-06,0,6.93e-06,8.30047e-05,6.18e-05,2.89e-05,5.77e-06,2.54e-05,9.24e-06,3.07638e-05,4.04e-05,2.53317e-06,-1.65911e-05,0.912337,0.762465,7.71324e-06,1.28954e-05,0.000149155,0.000125125,118.183,0.0191857,7.76575e-05,3.08847e-05,-3.95624e-05,3.08941e-05,-0.000551026,0.000317079,0.000110469,0.000317079,-5.88136e-06,1.37474e-06,0.00654999,0.0109508,0.0149321,0.0153262,0.0649836,1.04587,228,10,0.988407,0.986958,0.986958,0.98523,1.50205e-09,-1.37355e-09,7.55311e-05,0.000192118,0.773895,0.924393,-1.68103e-05,2.56288e-06,-0,0,0,0,0,0.000156463,0.000237477,9.3076e-05,0.000152306,0.000152953,2.61522e-09,-7.79098e-05,1.14244e-09,-0.00055822,3.48474e-06,0.000190361,3.469e-06,5.77158e-05,7.48623e-05,6.25362e-06,1.20248e-05,3.08994e-09,2.2042e-08,9.50494e-05,0.000109343,1.53839e-08,6.99785e-10,0.599815,0.000125286,0.000149642,1.28954e-05,7.71327e-06,0.768513,-0.00538293,0.768718,0.000298275,-0.000205192,0,0.924434,4.06262e-05,0.924072,0.000143173,0.000361792,0,-1.65662e-05,2.44149e-07,-7.13487e-06,1.30598e-05,-9.43132e-06,0,2.56608e-06,3.20187e-09,4.05288e-06,4.05249e-06,-1.4868e-06,0
ERF_Log_File_20240814_1958.csv,sp,12,emfpe,2,0,filled_square,prism,CCS200_Spectrum_1407722353.csv,1.40772e+09,4.65711,0.000352643,0.903008,0.00217224,34.1719,0.606927,0.00012554,0.220941,1,0.00383799,7.86492e-06,0.61,0,6.35e-06,0.000289,8.31e-05,7.51e-06,0,6.93e-06,8.39082e-05,6.18e-05,2.89e-05,5.77e-06,2.54e-05,9.24e-06,3.02768e-05,4.04e-05,9.00667e-06,6.24548e-06,0.911804,0.763987,1.41908e-05,1.80402e-05,0.000226063,0.000189795,94.9527,0.0233702,0.000149651,4.67618e-05,-5.59018e-05,4.67752e-05,-0.000726128,0.000470152,6.77396e-05,0.000470152,2.25235e-05,2.01909e-06,0.0096828,0.0123088,0.01854,0.0172827,0.0791681,1.04587,228,10,0.988407,0.987112,0.987112,0.98551,5.34051e-09,5.09481e-10,7.43814e-05,0.000186789,0.77522,0.923709,6.32702e-06,9.11231e-06,0,0,0,0,0,0.000182649,0.000255333,0.000115847,0.000189568,0.000174912,2.89796e-09,-8.12094e-05,1.85374e-09,-0.00108794,1.25523e-05,0.000161896,1.23718e-05,6.40303e-05,0.000125038,6.23654e-05,1.62427e-05,4.0321e-09,2.69437e-08,8.01665e-05,8.84889e-05,5.05661e-09,2.09667e-09,0.606927,0.000199828,0.00022665,1.80402e-05,1.41908e-05,0.770153,-0.00506726,0.771546,0.000273028,-0.00139308,0,0.923243,-0.000466245,0.923257,0.000154902,-1.46828e-05,0,6.25771e-06,-6.93138e-08,-6.93335e-06,1.26618e-05,1.31911e-05,0,9.10378e-06,-8.53393e-09,2.61875e-06,5.23555e-06,6.48502e-06,0
ERF_Log_File_20240814_1927.csv,sp,12,emfpe,2,0,filled_square,prism,CCS200_Spectrum_1407720463.csv,1.40772e+09,4.56118,0.000388801,0.916488,0.00602355,34.1711,0.616895,0.000125538,0.219999,1,0.00397765,7.67177e-06,0.62,0,6.35e-06,0.000289,8.31e-05,7.51e-06,0,6.93e-06,8.53271e-05,6.18e-05,2.89e-05,5.77e-06,2.54e-05,9.24e-06,2.96141e-05,4.04e-05,-2.98526e-06,1.77586e-05,0.910673,0.765728,9.13357e-06,2.07948e-05,0.000257123,0.000216772,90.772,0.0254832,5.4355e-05,5.29986e-05,-0.000119479,5.30112e-05,-0.000962711,0.00048796,0.000697709,0.000487959,3.69379e-05,2.0954e-06,0.00595797,0.0135638,0.0178119,0.0179091,0.0863202,1.04587,228,10,0.988407,0.987323,0.987323,0.985877,-1.77011e-09,1.42027e-09,7.28325e-05,0.000179745,0.776697,0.922366,1.79866e-05,-3.02027e-06,-0,0,0,0,0,0.000189078,0.000259705,0.000121183,0.000198299,0.000140905,2.75592e-09,-7.11822e-05,1.76236e-09,-0.0011301,1.24728e-05,7.68449e-05,1.22933e-05,5.30219e-05,0.000120799,6.09783e-05,1.65387e-05,5.42682e-09,1.80189e-08,7.76783e-05,8.55572e-05,1.43751e-08,6.94942e-10,0.616895,0.000225195,0.000257656,2.07948e-05,9.13359e-06,0.771681,-0.00501636,0.771064,0.00029763,0.000617321,0,0.921928,-0.000437732,0.921912,0.000246673,1.56509e-05,0,1.77896e-05,-1.97047e-07,-6.55836e-06,1.33443e-05,2.43479e-05,0,-3.01745e-06,2.82857e-09,7.16104e-07,8.24259e-06,-3.73355e-06,0
ERF_Log_File_20250509_1847.csv,sp,13,fmfpe,11,2,filled_square,prism,CCS200_Spectrum_1430873294.csv,1.43087e+09,3.53091,0.000223516,0.789762,0.00294475,33.2893,0.634905,0.000125702,1.04381,1,0.00604243,1.81923e-05,0.633,0,6.35e-06,0.000289,8.31e-05,7.51e-06,0,6.93e-06,7.25855e-05,6.18e-05,2.89e-05,5.77e-06,2.54e-05,9.24e-06,2.84167e-05,4.04e-05,4.17525e-06,-3.85482e-06,0.909887,0.762466,2.23449e-06,3.43683e-06,0.000284618,0.000238638,157.999,0.0493422,0.000155546,5.39436e-05,-0.000118596,5.39474e-05,0.000502448,0.000284619,-0.000376034,0.000284618,2.32525e-05,1.23334e-06,0.002537,0.00390195,0.0184287,0.0176239,0.167272,1.04586,228,10,0.989942,0.989543,0.989543,0.988319,2.28631e-09,-2.46437e-10,5.81688e-05,0.000149035,0.771478,0.919502,-3.89556e-06,4.21767e-06,-0,0,0,0,0,0.000131851,0.000221547,6.96207e-05,0.000113925,0.000118881,3.17194e-09,-0.000100939,1.84733e-09,0.000394321,3.25946e-06,-0.000333062,2.7624e-06,5.4955e-05,7.27407e-05,1.38493e-05,1.2786e-05,8.14907e-09,5.04458e-08,0,0,0,0,0.634905,0.000239043,0.000284903,3.43684e-06,2.23506e-06,0.771478,0,0.772177,0.000235488,-0.000699717,0,0.919502,0,0.919922,0.000146323,-0.000420121,0,-3.89556e-06,0,-5.58802e-06,1.25472e-05,1.69247e-06,0,4.21767e-06,0,2.0985e-06,5.73527e-06,2.11918e-06,0
ERF_Log_File_20240814_1855.csv,sp,12,emfpe,2,0,filled_square,prism,CCS200_Spectrum_1407718573.csv,1.40772e+09,2.97195,0.000332478,0.845921,0.00406235,34.171,0.637638,0.000125725,0.265102,1,0.00597555,1.91775e-05,0.63,0,6.35e-06,0.000289,8.31e-05,7.51e-06,0,6.93e-06,8.81784e-05,6.18e-05,2.89e-05,5.77e-06,2.54e-05,9.24e-06,2.82349e-05,4.04e-05,-1.46054e-05,1.8668e-05,0.908965,0.766698,7.99298e-06,1.31448e-05,0.000146188,0.000123168,143.961,0.0226329,8.62945e-05,3.04739e-05,9.48993e-06,3.04975e-05,-0.00150283,0.00049621,-0.000484596,0.000496209,-2.10801e-06,2.12991e-06,0.00826815,0.0135974,0.0317793,0.0257033,0.0766544,1.04587,228,10,0.988407,0.987744,0.987744,0.986555,-8.66029e-09,1.43707e-09,6.99723e-05,0.000166364,0.777147,0.920244,1.88996e-05,-1.47767e-05,-0,0,0,0,0,0.000139001,0.000225489,7.64096e-05,0.000125034,7.08034e-05,2.48038e-09,-5.13607e-05,1.58641e-09,-0.00119204,1.22826e-05,-8.41832e-05,1.21058e-05,3.0541e-05,0.000127716,5.23618e-05,1.31085e-05,8.58144e-09,6.75946e-08,7.30564e-05,8.02484e-05,1.51047e-08,3.40001e-09,0.637638,0.000133872,0.000146773,1.31448e-05,7.99327e-06,0.772246,-0.00490077,0.771436,0.000218012,0.000809754,0,0.919861,-0.000382916,0.919641,0.000136684,0.000219228,0,1.86926e-05,-2.07049e-07,-5.4062e-06,1.34138e-05,2.40988e-05,0,-1.47629e-05,1.38388e-08,3.3771e-06,6.66837e-06,-1.814e-05,0
ERF_Log_File_20240814_1824.csv,sp,12,emfpe,2,0,filled_square,prism,CCS200_Spectrum_1407716681.csv,1.40772e+09,3.15155,0.000604795,0.719456,0.0033336,34.171,0.643467,0.000125575,0.245379,1,0.00593249,1.10649e-05,0.64,0,6.35e-06,0.000289,8.31e-05,7.51e-06,0,6.93e-06,8.9028e-05,6.18e-05,2.89e-05,5.77e-06,2.54e-05,9.24e-06,2.78474e-05,4.04e-05,-7.87101e-06,-2.07498e-05,0.908032,0.763722,7.57586e-06,1.25618e-05,0.000117686,9.91491e-05,151.595,0.0184231,5.61511e-05,2.37491e-05,-4.75531e-05,2.38055e-05,6.65704e-05,0.000673089,-0.000481105,0.000673088,3.12508e-06,2.88685e-06,0.00825237,0.0136834,0.0444118,0.0373059,0.0624009,1.04587,228,10,0.988407,0.987858,0.987858,0.986727,-4.66712e-09,-1.58142e-09,6.92046e-05,0.000162371,0.773995,0.919193,-2.10048e-05,-7.96333e-06,-0,0,0,0,0,0.00013487,0.000222929,7.25618e-05,0.000118737,5.15628e-05,2.41363e-09,-4.59695e-05,1.5424e-09,-0.00120327,1.22317e-05,-0.000124706,1.20557e-05,2.43831e-05,0.000132862,5.77007e-05,1.43126e-05,9.50374e-09,9.89005e-08,7.16479e-05,7.88897e-05,1.67872e-08,1.8323e-09,0.643467,0.000114762,0.000118556,1.25618e-05,7.57651e-06,0.769146,-0.00484948,0.768392,0.000219849,0.000753442,0,0.918825,-0.000368294,0.919007,0.00011888,-0.000182452,0,-2.07747e-05,2.30112e-07,-4.98674e-06,1.29863e-05,-1.5788e-05,0,-7.95587e-06,7.45788e-09,7.36057e-06,8.7655e-06,-1.53164e-05,0
ERF_Log_File_20250123_1714.csv,sp,12,emfpe,7,1,filled_square,prism,CCS200_Spectrum_1421712899.csv,1.42171e+09,2.46005,0.000163394,0.621493,0.000887382,34.1711,0.651239,0.000125547,1.66963,1,0.00547503,8.65794e-06,0.65,0,6.35e-06,0.000289,8.31e-05,7.51e-06,0,6.93e-06,9.01091e-05,6.18e-05,2.89e-05,5.77e-06,2.54e-05,9.24e-06,2.73338e-05,4.04e-05,2.1208e-05,1.79188e-05,0.907337,0.762236,4.59865e-06,7.40348e-06,9.96556e-05,8.36189e-05,236.779,0.0255675,-3.1241e-05,2.08421e-05,-1.44237e-05,2.08542e-05,-0.000830746,0.000292404,-0.000679835,0.000292403,2.9011e-05,1.26729e-06,0.00782473,0.0125965,0.0309475,0.0246175,0.0866132,1.04587,228,10,0.988429,0.988008,0.988008,0.986947,1.25154e-08,1.34818e-09,6.82664e-05,0.000157877,0.772317,0.91835,1.81363e-05,2.14563e-05,-0,0,0,0,0,0.000111264,0.000209426,4.64568e-05,7.60203e-05,-1.15532e-05,2.59101e-09,-4.18366e-05,1.13143e-09,-0.000818578,3.64002e-06,-0.000369708,3.62359e-06,1.33474e-05,0.000118831,4.14312e-05,1.6552e-05,1.07733e-08,6.86653e-08,8.10927e-05,9.26744e-05,1.65973e-08,5.85855e-09,0.651239,9.33396e-05,0.000101027,7.40349e-06,4.59916e-06,0.766993,-0.00532359,0.767967,0.000215702,-0.000973933,0,0.918379,2.91719e-05,0.918055,0.000101997,0.00032377,0,1.78729e-05,-2.63406e-07,-4.35934e-06,1.31809e-05,2.22322e-05,0,2.14831e-05,2.68059e-08,1.30014e-05,1.1493e-05,8.48171e-06,0
ERF_Log_File_20240813_2036.csv,sp,12,emfpe,2,0,filled_square,prism,CCS200_Spectrum_1407638221.csv,1.40764e+09,3.83602,0.000263828,0.621385,0.0010579,34.1707,0.652708,0.000125649,0.198433,1,0.00562388,1.54613e-05,0.65,0,6.35e-06,0.000289,8.31e-05,7.51e-06,0,6.93e-06,9.02942e-05,6.18e-05,2.89e-05,5.77e-06,2.54e-05,9.24e-06,2.72398e-05,4.04e-05,3.25301e-06,-1.97505e-05,0.907043,0.762686,7.86772e-06,1.00755e-05,0.000110239,9.31074e-05,182.607,0.0216476,3.16359e-05,2.30291e-05,-1.19336e-05,2.3051e-05,-0.00205127,0.00041452,0.000259359,0.000414519,2.96172e-06,1.77971e-06,0.0103235,0.0132204,0.0318089,0.0286624,0.0733269,1.04587,228,10,0.988454,0.988036,0.988036,0.986987,1.90878e-09,-1.48242e-09,6.80802e-05,0.00015721,0.772742,0.918026,-1.99897e-05,3.29101e-06,-0,0,0,0,0,0.000122979,0.000215795,6.02387e-05,9.85723e-05,2.21469e-05,2.304e-09,-3.79344e-05,1.47674e-09,-0.00121596,1.21643e-05,-0.000184332,1.19892e-05,1.50203e-05,0.000140074,4.93431e-05,1.70639e-05,1.1026e-08,5.33422e-08,6.99382e-05,7.69304e-05,1.59759e-08,7.57236e-10,0.652708,0.000105402,0.000111557,1.00755e-05,7.8679e-06,0.767948,-0.0047934,0.768507,0.000212533,-0.000558493,0,0.91768,-0.000346151,0.917859,0.000103601,-0.000178591,0,-1.97707e-05,2.18991e-07,-4.23186e-06,1.33764e-05,-1.55388e-05,0,3.28793e-06,-3.08212e-09,1.37188e-05,1.20093e-05,-1.04309e-05,0
ERF_Log_File_20240814_1752.csv,sp,12,emfpe,2,0,filled_square,prism,CCS200_Spectrum_1407714790.csv,1.40772e+09,2.32007,0.000225392,0.560083,0.00252976,34.1719,0.661765,0.000125672,0.209679,1,0.00547177,1.65769e-05,0.66,0,6.35e-06,0.000289,8.31e-05,7.51e-06,0,6.93e-06,9.15605e-05,6.18e-05,2.89e-05,5.77e-06,2.54e-05,9.24e-06,2.66605e-05,4.04e-05,1.06277e-05,-6.56036e-06,0.906057,0.765822,4.88032e-06,7.16034e-06,0.000130754,0.000110799,213.984,0.0298151,-1.81591e-05,2.7137e-05,-3.76842e-05,2.7172e-05,-0.00342364,0.000567992,-0.000995112,0.000567991,-1.38545e-05,2.43704e-06,0.0075036,0.0110095,0.0522234,0.0450477,0.100996,1.04587,228,10,0.988606,0.988206,0.988206,0.987226,6.02305e-09,-4.85448e-10,6.70456e-05,0.000153431,0.775731,0.916871,-6.63866e-06,1.0752e-05,1.84192e-09,2.5681e-06,0,0,0,0.000115582,0.000211299,5.14057e-05,8.41184e-05,-5.28073e-06,2.21975e-09,-3.02905e-05,1.41776e-09,-0.00122289,1.21239e-05,-0.000237189,1.19493e-05,8.8928e-06,0.000146044,3.22899e-05,2.04383e-05,1.25545e-08,7.87848e-08,6.88333e-05,7.51849e-05,5.30567e-09,2.47396e-09,0.661765,0.000115404,0.000132341,7.16035e-06,4.88096e-06,0.770965,-0.00476622,0.770048,0.000203417,0.000916546,0,0.916545,-0.000325401,0.916507,0.000113321,3.83369e-05,0,-6.56593e-06,7.27278e-08,-3.3823e-06,1.26424e-05,-3.18363e-06,0,1.0742e-05,-1.00696e-08,1.26155e-05,1.47951e-05,-1.87352e-06,0
ERF_Log_File_20240814_0729.csv,sp,12,emfpe,2,0,filled_square,prism,CCS200_Spectrum_1407677367.csv,1.40768e+09,2.21025,0.000238117,0.516469,0.00338934,34.1712,0.671819,0.000125588,0.226483,1,0.00538422,1.18403e-05,0.67,0,6.35e-06,0.000289,8.31e-05,7.51e-06,0,6.93e-06,9.29011e-05,6.18e-05,2.89e-05,5.77e-06,2.54e-05,9.24e-06,2.60174e-05,4.04e-05,3.23346e-05,-2.41566e-05,0.904401,0.76132,6.77943e-06,9.1716e-06,9.12382e-05,7.69131e-05,201.132,0.018317,-3.66826e-05,1.7826e-05,-6.27872e-06,1.78953e-05,-0.000413088,0.000646552,0.000233091,0.00064655,6.40308e-05,2.7676e-06,0.0098023,0.0132594,0.0574032,0.0465233,0.0619336,1.04533,228,10,0.98877,0.988389,0.988389,0.987476,1.76408e-08,-1.76087e-09,6.59255e-05,0.000148114,0.770976,0.915025,-2.44404e-05,3.26918e-05,-1.00515e-08,1.05108e-05,0,0,0,0.000117933,0.000212486,5.46905e-05,8.94935e-05,-3.40274e-05,2.1449e-09,-2.23073e-05,1.36633e-09,-0.00122516,1.21192e-05,-0.000289524,1.19447e-05,1.40837e-05,0.000151499,2.8862e-05,2.21543e-05,1.42791e-08,1.1447e-06,6.71062e-05,7.34002e-05,1.9533e-08,7.52213e-09,0.671819,8.21363e-05,9.38827e-05,9.17161e-06,6.87538e-06,0.766287,-0.00468847,0.765696,0.000195856,0.000590766,0,0.914722,-0.000303244,0.914783,8.28953e-05,-6.12938e-05,0,-2.41726e-05,2.67749e-07,-2.3088e-06,9.77443e-06,-2.18638e-05,0,3.26612e-05,-3.06168e-08,3.03458e-05,1.72191e-05,2.31538e-06,0
ERF_Log_File_20240813_2005.csv,sp,12,emfpe,2,0,filled_square,prism,CCS200_Spectrum_1407636332.csv,1.40764e+09,2.22569,0.000209969,0.49921,0.000566604,34.1721,0.676608,0.000125582,0.235725,1,0.00542844,1.14433e-05,0.675,0,6.35e-06,0.000289,8.31e-05,7.51e-06,0,6.93e-06,9.3587e-05,6.18e-05,2.89e-05,5.77e-06,2.54e-05,9.24e-06,2.57112e-05,4.04e-05,0.000166428,-1.71873e-05,0.9038,0.76057,6.85928e-06,7.15692e-06,0.000124902,0.00010669,200.215,0.0267303,-5.06053e-05,2.6024e-05,-2.64682e-05,2.60619e-05,-0.0019949,0.00057821,-0.0013567,0.000578208,-4.23954e-06,2.48165e-06,0.00986794,0.0102962,0.0462453,0.0464078,0.0905467,1.04587,228,10,0.988846,0.988475,0.988475,0.987589,8.91818e-08,-1.24428e-09,6.54308e-05,0.000146025,0.770128,0.914338,-1.73877e-05,0.00016833,2.45847e-08,2.05664e-05,0,0,0,0.00011808,0.000212482,5.49409e-05,8.99034e-05,-4.68399e-05,2.11294e-09,-1.86895e-05,1.33988e-09,-0.00122459,1.21347e-05,-0.000312196,1.19598e-05,1.63823e-05,0.000153707,3.21831e-05,2.20053e-05,1.51168e-08,6.973e-06,6.64867e-05,7.26373e-05,1.38964e-08,3.87314e-08,0.676608,0.000111467,0.000126822,7.15694e-06,9.78129e-06,0.765467,-0.00466091,0.765802,0.000184041,-0.0003347,0,0.914045,-0.000293142,0.913939,7.7693e-05,0.000105141,0,-1.71972e-05,1.90486e-07,-1.74834e-06,9.3663e-06,-1.54489e-05,0,0.000168172,-1.57646e-07,0.000166074,1.8525e-05,2.09801e-06,0
ERF_Log_File_20250509_1919.csv,sp,13,fmfpe,11,2,filled_square,prism,CCS200_Spectrum_1430875169.csv,1.43088e+09,2.39999,0.000105156,0.485881,0.000302902,33.2888,0.680608,0.000125547,1.57495,1,0.00532183,8.67041e-06,0.679,0,6.35e-06,0.000289,8.31e-05,7.51e-06,0,6.93e-06,7.78359e-05,6.18e-05,2.89e-05,5.77e-06,2.54e-05,9.24e-06,2.54553e-05,4.04e-05,0.000584516,9.12561e-06,0.904245,0.758762,1.35079e-06,2.42374e-06,4.7454e-05,3.96315e-05,196.125,0.00987267,-5.1706e-06,9.80923e-06,-5.20272e-05,9.82299e-06,0.000285311,0.000212944,-0.00115746,0.000212944,1.48094e-05,9.21893e-07,0.00190324,0.00341572,0.0188742,0.0145969,0.033442,1.04587,228,10,0.990364,0.99022,0.99022,0.989352,2.84758e-07,5.36754e-10,5.31863e-05,0.000126387,0.766928,0.913176,9.21574e-06,0.000514162,-7.60417e-05,3.60289e-05,0,0,0,0.000118911,0.000213129,5.60867e-05,9.17782e-05,-1.79335e-05,2.95716e-09,-4.26331e-05,1.71865e-09,7.40967e-05,2.82241e-06,-0.000706651,2.39199e-06,1.51417e-05,7.80805e-05,5.25114e-05,2.14285e-05,1.58183e-08,1.66099e-05,0,0,0,0,0.680608,6.58793e-05,5.20626e-05,2.42379e-06,1.66652e-05,0.766928,0,0.767271,0.000176267,-0.000342453,0,0.913176,0,0.913247,7.89745e-05,-7.07499e-05,0,9.21574e-06,0,-1.25564e-06,9.1815e-06,1.04714e-05,0,0.000514162,0,0.000525195,2.07174e-05,-1.10339e-05,0
ERF_Log_File_20240814_0800.csv,sp,12,emfpe,2,0,filled_square,prism,CCS200_Spectrum_1407679258.csv,1.40768e+09,4.37019,0.0001849,0.483627,0.000757008,34.1716,0.681547,0.000125591,0.292428,1,0.00545338,1.20028e-05,0.68,0,6.35e-06,0.000289,8.31e-05,7.51e-06,0,6.93e-06,9.42327e-05,6.18e-05,2.89e-05,5.77e-06,2.54e-05,9.24e-06,2.53953e-05,4.04e-05,0.000672487,-1.20666e-05,0.90311,0.76244,7.905e-06,8.82884e-06,0.00011215,9.63016e-05,195.362,0.0229782,-4.11407e-05,2.29796e-05,9.06692e-06,2.30312e-05,-0.00150454,0.000633594,0.00022284,0.000633592,1.29699e-05,2.71549e-06,0.0110967,0.0123939,0.0503697,0.0484732,0.0778339,1.04587,228,10,0.988923,0.988563,0.988563,0.987703,3.53801e-07,-8.67557e-10,6.49314e-05,0.00014448,0.771932,0.913558,-1.22062e-05,0.00068002,0,4.10972e-05,0,0,0,0.000119441,0.000213004,5.63057e-05,9.21367e-05,-5.97837e-05,2.07393e-09,-1.50402e-05,1.32541e-09,-0.00122308,1.21627e-05,-0.00033412,1.19877e-05,1.8706e-05,0.000155748,5.05987e-05,2.12774e-05,1.59903e-08,2.08898e-05,6.61276e-05,7.18921e-05,9.7553e-09,1.56467e-07,0.681547,0.000108836,0.000114149,8.82885e-06,2.2336e-05,0.767283,-0.00464912,0.767659,0.000175747,-0.00037529,0,0.913275,-0.000282953,0.913087,7.93238e-05,0.000188446,0,-1.20725e-05,1.33721e-07,-1.13669e-06,9.22169e-06,-1.09358e-05,0,0.000679383,-6.36857e-07,0.000664405,2.30389e-05,1.49782e-05,0
ERF_Log_File_20240814_0832.csv,sp,12,emfpe,2,0,filled_square,prism,CCS200_Spectrum_1407681149.csv,1.40768e+09,2.25816,0.000195309,0.449199,0.000668725,34.1708,0.691285,0.000125565,0.283325,1,0.00545867,1.01718e-05,0.69,0,6.35e-06,0.000289,8.31e-05,7.51e-06,0,6.93e-06,9.56397e-05,6.18e-05,2.89e-05,5.77e-06,2.54e-05,9.24e-06,2.47724e-05,4.04e-05,0.00566119,-2.2677e-05,0.901717,0.764411,7.18356e-06,7.75154e-06,7.29649e-05,6.2494e-05,197.336,0.013156,-6.95108e-05,1.30705e-05,-6.79529e-05,1.31779e-05,-0.000622697,0.000691294,-0.000363457,0.000691292,4.9544e-06,2.95188e-06,0.0101718,0.0109915,0.0585021,0.0503539,0.0445597,1.04587,228,10,0.989071,0.988732,0.988732,0.987917,2.87341e-06,-1.60926e-09,6.39898e-05,0.0001414,0.77376,0.911993,-2.29354e-05,0.00572344,-3.08126e-07,0.000161102,0,0,0,0.000119131,0.000212442,5.57425e-05,9.1218e-05,-8.34444e-05,2.03082e-09,-8.24549e-06,1.29388e-09,-0.00121803,1.22553e-05,-0.000373304,1.20787e-05,2.29225e-05,0.000159159,5.04713e-05,2.04258e-05,1.77276e-08,0.000151522,6.54075e-05,7.05578e-05,1.83302e-08,1.31692e-06,0.691285,8.03486e-05,7.57731e-05,7.75156e-06,0.000151691,0.769144,-0.00461657,0.768022,0.000171181,0.00112203,0,0.91173,-0.000263591,0.911479,8.37856e-05,0.000250365,0,-2.26842e-05,2.51262e-07,1.70484e-07,9.57995e-06,-2.28547e-05,0,0.00571808,-5.36016e-06,0.00634674,7.55037e-05,-0.000628661,0
ERF_Log_File_20250123_1643.csv,sp,12,emfpe,7,1,filled_square,prism,CCS200_Spectrum_1421711020.csv,1.42171e+09,2.53332,9.12954e-05,0.420952,8.37341e-05,34.1716,0.700567,0.000125555,1.5557,1,0.00538949,9.36228e-06,0.7,0,6.35e-06,0.000289,8.31e-05,7.51e-06,0,6.93e-06,9.68725e-05,6.18e-05,2.89e-05,5.77e-06,2.54e-05,9.24e-06,2.41769e-05,4.04e-05,0.0237116,4.4416e-05,0.899893,0.759528,5.37726e-06,7.01391e-06,0.000101977,8.66814e-05,222.057,0.0248059,-8.3248e-05,2.15781e-05,-8.328e-05,2.15912e-05,-0.00076082,0.00030988,-0.000502547,0.000309879,7.60295e-07,1.34308e-06,0.00746525,0.0111914,0.0272752,0.027883,0.0840068,1.04587,228,10,0.989207,0.988889,0.988889,0.988111,1.16357e-05,3.11511e-09,6.31139e-05,0.000137562,0.768667,0.910004,4.49151e-05,0.0239703,0,0.00059239,0,0,0,0.000113447,0.000209183,4.95368e-05,8.11189e-05,-0.000141511,2.54529e-09,-6.62337e-06,1.11006e-09,-0.00098786,3.74923e-06,-0.000724806,3.73232e-06,3.70336e-05,0.000171268,2.75682e-05,2.09028e-05,1.94071e-08,0.000396949,7.24782e-05,8.15671e-05,4.11037e-08,6.545e-06,0.700567,9.09788e-05,0.000104101,7.01394e-06,0.000396988,0.763411,-0.00525576,0.763889,0.000172543,-0.000478111,0,0.910018,1.3629e-05,0.909959,9.12932e-05,5.84229e-05,0,4.42627e-05,-6.52334e-07,1.54292e-06,9.38433e-06,4.27198e-05,0,0.0240003,2.99467e-05,0.0259979,0.000162973,-0.0019976,0
ERF_Log_File_20250218_1923.csv,sp,13,emfpe,9,1,filled_square,prism,CCS200_Spectrum_1423967033.csv,1.42397e+09,2.3608,0.000116281,0.411037,0.00516279,34.1709,0.700702,0.000125546,1.38121,1,0.00551803,8.5904e-06,0.7,0,6.35e-06,0.000289,8.31e-05,7.51e-06,0,6.93e-06,8.01391e-05,6.18e-05,2.89e-05,5.77e-06,2.54e-05,9.24e-06,2.41678e-05,4.04e-05,0.0240245,5.86883e-05,0.90126,0.761072,9.14035e-06,7.9555e-06,0.000137435,0.00011655,183.472,0.027942,-4.71805e-05,2.66479e-05,-4.02867e-06,2.665e-05,-0.000347171,0.000147411,-0.000806641,0.000147411,-9.49103e-06,6.36366e-07,0.0110432,0.0104883,0.00915671,0.0159978,0.0953524,1.04581,228,10,0.990619,0.990494,0.990494,0.989716,1.08676e-05,3.34763e-09,5.14087e-05,0.000120054,0.76898,0.90991,5.92515e-05,0.024251,-1.01034e-06,0.000603716,0,0,0,0.000122577,0.000214471,5.99547e-05,9.81573e-05,-9.42445e-05,6.06086e-09,1.989e-06,2.55273e-09,-0.000382033,1.78948e-07,-0.000873115,1.52219e-07,2.40584e-05,0.000125515,2.59886e-05,2.09174e-05,1.94303e-08,0.000401008,7.2491e-05,8.15366e-05,5.42237e-08,6.62164e-06,0.700702,0.000119426,0.00013902,7.95552e-06,0.000401114,0.763722,-0.0052578,0.763862,0.00017257,-0.00013993,0,0.909923,1.35805e-05,0.909937,9.1361e-05,-1.35753e-05,0,5.8391e-05,-8.60553e-07,1.56383e-06,9.38149e-06,5.68272e-05,0,0.0242813,3.02974e-05,0.0264325,0.000163938,-0.00215125,0
ERF_Log_File_20240813_1933.csv,sp,12,emfpe,2,0,filled_square,prism,CCS200_Spectrum_1407634442.csv,1.40764e+09,2.32946,7.2488e-05,0.42176,0.000177695,34.1711,0.701076,0.000125593,0.231751,1,0.00548084,1.21142e-05,0.7,0,6.35e-06,0.000289,8.31e-05,7.51e-06,0,6.93e-06,9.69401e-05,6.18e-05,2.89e-05,5.77e-06,2.54e-05,9.24e-06,2.41427e-05,4.04e-05,0.024514,7.15542e-06,0.899857,0.759218,7.28122e-06,8.70348e-06,9.91778e-05,8.48187e-05,196.784,0.0205535,-8.13519e-05,2.04025e-05,1.88608e-05,2.04465e-05,-0.000913873,0.000550942,-0.000561373,0.00055094,3.75049e-05,2.36337e-06,0.00963608,0.0123071,0.0446621,0.041851,0.0696205,1.04587,228,10,0.989215,0.988897,0.988897,0.988122,1.20072e-05,5.01526e-10,6.30713e-05,0.000137353,0.768344,0.90996,7.23576e-06,0.0247805,-7.47292e-07,0.000625148,0,0,0,0.000118788,0.000212137,5.58989e-05,9.15263e-05,-0.000105424,2.00043e-09,-1.7077e-06,1.28104e-09,-0.00121127,1.23931e-05,-0.000407806,1.22148e-05,2.6783e-05,0.000161932,2.16261e-05,2.09696e-05,1.95057e-08,0.000412484,6.42519e-05,6.93582e-05,5.78288e-09,5.70181e-06,0.701076,8.75471e-05,0.000101374,8.7035e-06,0.000412551,0.763802,-0.00454246,0.763788,0.000172646,1.35679e-05,0,0.909715,-0.00024495,0.909874,9.15486e-05,-0.000159071,0,7.15649e-06,-7.92691e-08,1.62177e-06,9.37363e-06,5.53472e-06,0,0.0247573,-2.32076e-05,0.0276368,0.000166609,-0.00287949,0
ERF_Log_File_20240814_0903.csv,sp,12,emfpe,2,0,filled_square,prism,CCS200_Spectrum_1407683040.csv,1.40768e+09,2.41526,0.000158895,0.444368,0.000527306,34.1701,0.710792,0.000125597,0.28712,1,0.00563492,1.24424e-05,0.71,0,6.35e-06,0.000289,8.31e-05,7.51e-06,0,6.93e-06,9.82543e-05,6.18e-05,2.89e-05,5.77e-06,2.54e-05,9.24e-06,2.34896e-05,4.04e-05,0.0632068,-1.43972e-06,0.898286,0.76058,1.42118e-05,7.55195e-06,9.73605e-05,8.40683e-05,199.321,0.0199871,-0.000116286,1.9616e-05,3.30983e-05,1.96778e-05,-0.000756746,0.000640587,-0.00118003,0.000640585,1.58706e-05,2.74427e-06,0.0182043,0.0108163,0.0527417,0.0498752,0.0676735,1.04586,228,10,0.989353,0.989057,0.989057,0.988314,2.98994e-05,-9.97448e-11,6.22337e-05,0.000134866,0.769573,0.908225,-1.45565e-06,0.0638837,-3.31904e-06,0.000925514,0,0,0,0.000118294,0.000211467,5.51874e-05,9.06796e-05,-0.000124919,2.00043e-09,4.41093e-06,1.27674e-09,-0.0012042,1.25647e-05,-0.000437881,1.23838e-05,3.23325e-05,0.000164233,4.6062e-05,2.22414e-05,2.12863e-08,0.000645004,6.38254e-05,6.83572e-05,1.16337e-09,1.46992e-05,0.710792,9.58455e-05,9.98712e-05,7.55198e-06,0.000645168,0.765063,-0.00450981,0.76574,0.000160589,-0.000676464,0,0.907997,-0.000227445,0.908201,8.78461e-05,-0.000203866,0,-1.4397e-06,1.59469e-08,3.19953e-06,8.57713e-06,-4.63923e-06,0,0.0638239,-5.98288e-05,0.0692929,0.00021693,-0.00546909,0
ERF_Log_File_20240814_0935.csv,sp,12,emfpe,2,0,filled_square,prism,CCS200_Spectrum_1407684932.csv,1.40769e+09,2.4727,0.0001698,0.469447,0.000350914,34.1722,0.720773,0.000125636,0.213135,1,0.00581026,1.47412e-05,0.72,0,6.35e-06,0.000289,8.31e-05,7.51e-06,0,6.93e-06,9.96272e-05,6.18e-05,2.89e-05,5.77e-06,2.54e-05,9.24e-06,2.28189e-05,4.04e-05,0.121589,-1.29849e-05,0.897098,0.762567,2.594e-05,8.37239e-06,0.000117709,0.000106617,197.282,0.0249726,-0.000141584,2.47096e-05,-3.18767e-05,2.47556e-05,-0.000336691,0.000620983,0.000656936,0.000620982,-3.33781e-06,2.66141e-06,0.0295733,0.0118684,0.0437873,0.0635457,0.084587,1.04587,228,10,0.98949,0.989217,0.989217,0.988502,5.55223e-05,-8.89499e-10,6.14535e-05,0.000132734,0.771437,0.906877,-1.31264e-05,0.122882,1.98455e-06,0.00138348,0,0,0,0.000118974,0.000211501,5.57577e-05,9.2599e-05,-0.000142959,2.01737e-09,1.04614e-05,1.28534e-09,-0.00119794,1.27622e-05,-0.000465227,1.25785e-05,3.8355e-05,0.00016634,4.75136e-05,2.31031e-05,2.3138e-08,0.000769128,6.35931e-05,6.75264e-05,1.04908e-08,2.82743e-05,0.720773,0.000116776,0.000119957,8.37242e-06,0.000769579,0.766956,-0.00448125,0.766113,0.00015471,0.000843148,0,0.906666,-0.000210471,0.906396,9.29902e-05,0.0002699,0,-1.29826e-05,1.43803e-07,4.96432e-06,7.6407e-06,-1.7947e-05,0,0.122767,-0.000115083,0.126212,0.000276889,-0.00344447,0
ERF_Log_File_20240813_2108.csv,sp,12,emfpe,2,0,filled_square,prism,CCS200_Spectrum_1407640111.csv,1.40764e+09,2.5534,0.000157245,0.482966,0.000564755,34.1723,0.725846,0.000125682,0.213392,1,0.00590069,1.70556e-05,0.725,0,6.35e-06,0.000289,8.31e-05,7.51e-06,0,6.93e-06,0.000100324,6.18e-05,2.89e-05,5.77e-06,2.54e-05,9.24e-06,2.24779e-05,4.04e-05,0.155519,-3.65096e-05,0.895918,0.759844,2.94999e-05,6.34017e-06,0.000112362,9.88852e-05,198.661,0.0241785,-0.00013957,2.37231e-05,4.41576e-05,2.37575e-05,-0.00157982,0.000525889,0.000383252,0.000525888,-4.12294e-06,2.25719e-06,0.0322617,0.00905044,0.0386088,0.0494191,0.0818042,1.04586,228,10,0.989558,0.989297,0.989297,0.988594,6.97667e-05,-2.48728e-09,6.10361e-05,0.000131114,0.768611,0.905611,-3.69046e-05,0.157162,2.25079e-06,0.00134493,0,0,0,0.000118385,0.000211069,5.53707e-05,9.28348e-05,-0.000151393,2.03082e-09,1.34191e-05,1.30025e-09,-0.00119555,1.28656e-05,-0.00047801,1.26806e-05,4.12029e-05,0.000167379,6.88811e-05,2.33671e-05,2.40896e-08,0.000800382,6.32212e-05,6.71219e-05,2.94945e-08,3.61619e-05,0.725846,0.000120586,0.000114769,6.34022e-06,0.000800942,0.764165,-0.00444546,0.763581,0.000150064,0.000584075,0,0.905409,-0.000202049,0.905458,9.79175e-05,-4.9348e-05,0,-3.65003e-05,4.04297e-07,5.91763e-06,7.29954e-06,-4.24179e-05,0,0.157015,-0.000147187,0.157936,0.000283893,-0.000920601,0
ERF_Log_File_20250509_1950.csv,sp,13,fmfpe,11,2,filled_square,prism,CCS200_Spectrum_1430877045.csv,1.43088e+09,2.87967,9.69096e-05,0.496474,0.00089446,33.2883,0.730945,0.000125568,1.22068,1,0.00585402,1.04233e-05,0.73,0,6.35e-06,0.000289,8.31e-05,7.51e-06,0,6.93e-06,8.35626e-05,6.18e-05,2.89e-05,5.77e-06,2.54e-05,9.24e-06,2.21352e-05,4.04e-05,0.193917,7.9865e-06,0.896295,0.753798,5.05283e-05,2.07443e-06,0.000191787,0.000161213,197.402,0.042184,-5.367e-05,3.36485e-05,-5.18527e-05,3.36498e-05,4.45991e-05,0.000141071,-0.000816087,0.000141071,2.1801e-06,6.11355e-07,0.041009,0.00294248,0.0139646,0.00893999,0.142986,1.04585,228,10,0.990971,0.990884,0.990884,0.990191,7.87504e-05,4.37724e-10,4.91241e-05,0.000111499,0.761265,0.904541,8.05997e-06,0.192923,-0.00276064,0.00130726,0,0,0,0.000118137,0.000211319,5.57239e-05,9.4605e-05,-0.000144133,2.67618e-09,1.60187e-05,1.55257e-09,-0.00019451,2.38757e-06,-0.000900769,2.02346e-06,4.00378e-05,0.00010953,3.80547e-05,2.34705e-05,2.50176e-08,0.000818538,0,0,0,0,0.730945,0.000165662,0.00019322,2.07458e-06,0.000820117,0.761265,0,0.761257,0.000145088,8.39314e-06,0,0.904541,0,0.904507,9.50668e-05,3.38789e-05,0,8.05997e-06,0,6.91423e-06,7.29727e-06,1.14575e-06,0,0.192923,0,0.190835,0.000285206,0.00208775,0
ERF_Log_File_20240814_1006.csv,sp,12,emfpe,2,0,filled_square,prism,CCS200_Spectrum_1407686824.csv,1.40769e+09,2.66637,0.000162168,0.498393,0.000499045,34.1719,0.730968,0.000125617,0.241529,1,0.00590087,1.3707e-05,0.73,0,6.35e-06,0.000289,8.31e-05,7.51e-06,0,6.93e-06,0.00010103,6.18e-05,2.89e-05,5.77e-06,2.54e-05,9.24e-06,2.21337e-05,4.04e-05,0.190433,-5.29982e-05,0.895186,0.757274,3.79558e-05,1.00317e-05,0.000131494,0.000113311,202.978,0.0288405,-0.000129296,2.7688e-05,-2.16353e-06,2.77265e-05,-0.000980002,0.000601646,-0.000509056,0.000601644,-8.11208e-06,2.58042e-06,0.0387662,0.0146312,0.0485104,0.0510777,0.0976822,1.04587,228,10,0.989626,0.989377,0.989377,0.988684,8.39232e-05,-3.5912e-09,6.06585e-05,0.00012959,0.765941,0.904798,-5.35672e-05,0.19243,9.3749e-07,0.0013071,0,0,0,0.000117128,0.000210349,5.41931e-05,9.20703e-05,-0.000159347,2.04751e-09,1.64289e-05,1.31079e-09,-0.0011939,1.29691e-05,-0.000490296,1.27823e-05,4.39439e-05,0.000168443,3.78422e-05,2.34798e-05,2.50316e-08,0.000818906,6.28985e-05,6.67881e-05,4.28114e-08,4.42767e-05,0.730968,0.000119488,0.000133577,1.00317e-05,0.000819807,0.76153,-0.00441092,0.76125,0.000145063,0.000280393,0,0.904604,-0.000193879,0.904503,9.50377e-05,0.000101171,0,-5.29804e-05,5.8684e-07,6.91881e-06,7.29726e-06,-5.98992e-05,0,0.19225,-0.000180216,0.190985,0.000285204,0.00126456,0
ERF_Log_File_20240814_1038.csv,sp,12,emfpe,2,0,filled_square,prism,CCS200_Spectrum_1407688716.csv,1.40769e+09,2.87914,0.000171259,0.529921,0.000481803,34.1706,0.741659,0.00012563,0.237601,1,0.00607108,1.44215e-05,0.74,0,6.35e-06,0.000289,8.31e-05,7.51e-06,0,6.93e-06,0.000102538,6.18e-05,2.89e-05,5.77e-06,2.54e-05,9.24e-06,2.14151e-05,4.04e-05,0.261535,-1.38419e-05,0.892891,0.757064,4.97819e-05,6.63108e-06,0.000126201,0.000107704,210.459,0.0286886,-0.000165567,2.65566e-05,4.59611e-05,2.65922e-05,-0.00185715,0.000566768,-0.000316689,0.000566766,-6.7297e-06,2.43119e-06,0.0525368,0.010028,0.0501337,0.0459388,0.0971567,1.04583,228,10,0.989763,0.989539,0.989539,0.988866,0.000111102,-9.27962e-10,5.98597e-05,0.00012752,0.765588,0.90233,-1.39882e-05,0.264237,-2.94429e-06,0.00123152,0,0,0,0.000115469,0.000208966,5.22667e-05,9.20375e-05,-0.000174583,2.11616e-09,2.25129e-05,1.34807e-09,-0.00119362,1.31717e-05,-0.000514379,1.29823e-05,4.92739e-05,0.000170823,4.2345e-05,2.31418e-05,2.70339e-08,0.000797788,6.27648e-05,6.61584e-05,1.11795e-08,6.07989e-05,0.741659,0.000115756,0.000128308,6.63114e-06,0.000799359,0.761218,-0.00437033,0.76228,0.000138994,-0.00106214,0,0.902153,-0.000177384,0.902513,8.09945e-05,-0.000360148,0,-1.3835e-05,1.53244e-07,9.13424e-06,7.10079e-06,-2.29692e-05,0,0.26399,-0.000247465,0.26041,0.000290253,0.00357951,0
ERF_Log_File_20250509_2021.csv,sp,13,fmfpe,11,2,filled_square,prism,CCS200_Spectrum_1430878920.csv,1.43088e+09,3.235,0.000101492,0.570419,0.000244273,33.2884,0.750544,0.000125574,0.6474,1,0.00618134,1.09378e-05,0.75,0,6.35e-06,0.000289,8.31e-05,7.51e-06,0,6.93e-06,8.58568e-05,6.18e-05,2.89e-05,5.77e-06,2.54e-05,9.24e-06,2.08384e-05,4.04e-05,0.318178,1.66232e-05,0.893092,0.756525,5.53731e-05,1.76184e-06,9.68372e-05,8.22217e-05,205.139,0.0221372,-0.000133282,2.02297e-05,2.83144e-05,2.02338e-05,-0.000484589,0.000171829,-0.000836169,0.000171828,-5.30257e-06,7.4457e-07,0.0640294,0.00259699,0.0138633,0.0141925,0.0749649,1.04587,228,10,0.991181,0.991121,0.991121,0.990462,0.000120768,8.91175e-10,4.78791e-05,0.000108442,0.76381,0.901093,1.67721e-05,0.318621,-0.00238764,0.00113076,0,0,0,0.000116569,0.000209645,5.36222e-05,9.7006e-05,-0.000182269,2.57166e-09,3.54367e-05,1.49546e-09,-0.000269562,2.24946e-06,-0.000909995,1.90635e-06,5.44264e-05,0.000117957,2.00061e-05,2.22597e-05,2.86881e-08,0.000716901,0,0,0,0,0.750544,8.45981e-05,9.9364e-05,1.76207e-06,0.000719056,0.76381,0,0.763617,0.000147166,0.000193405,0,0.901093,0,0.900904,8.38183e-05,0.000188642,0,1.67721e-05,0,1.11051e-05,7.14556e-06,5.66702e-06,0,0.318621,0,0.314298,0.000363195,0.00432318,0
ERF_Log_File_20250123_1612.csv,sp,12,emfpe,7,1,filled_square,prism,CCS200_Spectrum_1421709142.csv,1.42171e+09,3.24636,0.000190025,0.568667,0.000765258,34.1717,0.750779,0.000125582,1.26007,1,0.00604669,1.14625e-05,0.75,0,6.35e-06,0.000289,8.31e-05,7.51e-06,0,6.93e-06,0.00010384,6.18e-05,2.89e-05,5.77e-06,2.54e-05,9.24e-06,2.08314e-05,4.04e-05,0.317194,4.72684e-05,0.891032,0.759096,7.29673e-05,7.72021e-06,0.000127138,0.000123287,235.686,0.0328192,-0.00015684,2.71465e-05,5.66799e-06,2.71872e-05,0.000107219,0.000608824,-0.00156739,0.000608823,4.58094e-05,2.63708e-06,0.0993479,0.0130853,0.0472889,0.104561,0.111169,1.04423,228,10,0.989877,0.989674,0.989674,0.989015,0.000130649,3.14174e-09,5.92233e-05,0.000126342,0.767527,0.900329,4.77616e-05,0.320438,2.69725e-07,0.00112819,0,0,0,0.000111123,0.0002061,4.66723e-05,8.67937e-05,-0.000228724,2.46178e-09,2.33819e-05,1.0762e-09,-0.00106547,3.72286e-06,-0.000871389,3.70603e-06,6.30264e-05,0.000193687,2.2411e-05,2.22314e-05,2.8734e-08,0.000714191,6.79202e-05,7.46037e-05,4.37087e-08,8.74944e-05,0.750779,0.000125291,0.000129068,7.72026e-06,0.000717928,0.76232,-0.00520763,0.763579,0.000147553,-0.00125956,0,0.900323,-5.51768e-06,0.900863,8.39852e-05,-0.000539227,0,4.70679e-05,-6.93676e-07,1.11588e-05,7.16842e-06,3.59091e-05,0,0.320838,0.000400331,0.31564,0.000369213,0.00519875,0
ERF_Log_File_20240813_1902.csv,sp,12,emfpe,2,0,filled_square,prism,CCS200_Spectrum_1407632551.csv,1.40763e+09,2.99288,0.000236459,0.569223,0.000848885,34.1719,0.752014,0.000125576,0.649625,1,0.00611051,1.10097e-05,0.75,0,6.35e-06,0.000289,8.31e-05,7.51e-06,0,6.93e-06,0.000104017,6.18e-05,2.89e-05,5.77e-06,2.54e-05,9.24e-06,2.07949e-05,4.04e-05,0.32152,-1.45033e-05,0.892125,0.760124,7.25617e-05,8.83604e-06,0.000150985,0.000130819,210.065,0.0348045,-0.000125685,3.21814e-05,-4.4383e-05,3.22116e-05,0.000377838,0.000575199,0.000101897,0.000575197,-3.21065e-05,2.46937e-06,0.0738914,0.0133463,0.0478166,0.0512436,0.117956,1.04441,228,10,0.989892,0.989692,0.989692,0.989035,0.000131882,-9.6289e-10,5.92292e-05,0.000126324,0.768551,0.901417,-1.46544e-05,0.324804,7.99537e-07,0.00111476,0,0,0,0.000115841,0.000208854,5.23647e-05,9.53385e-05,-0.000187523,2.18576e-09,2.83386e-05,1.39623e-09,-0.00119839,1.3338e-05,-0.000536423,1.31462e-05,5.39653e-05,0.000173504,3.45989e-05,2.20674e-05,2.89645e-08,0.00069963,6.30371e-05,6.58063e-05,1.17119e-08,7.47349e-05,0.752014,0.000135295,0.00015259,8.83609e-06,0.000703402,0.7642,-0.00435136,0.763299,0.000149862,0.000901187,0,0.901254,-0.00016258,0.900645,8.47368e-05,0.000609568,0,-1.44938e-05,1.60541e-07,1.14425e-05,7.28855e-06,-2.59363e-05,0,0.3245,-0.000304188,0.322593,0.000402555,0.00190709,0
ERF_Log_File_20240814_1109.csv,sp,12,emfpe,2,0,filled_square,prism,CCS200_Spectrum_1407690607.csv,1.40769e+09,3.01121,0.000346175,0.610322,0.00127222,34.1716,0.761504,0.000125665,0.275573,1,0.00646593,1.63574e-05,0.76,0,6.35e-06,0.000289,8.31e-05,7.51e-06,0,6.93e-06,0.000105315,6.18e-05,2.89e-05,5.77e-06,2.54e-05,9.24e-06,2.05138e-05,4.04e-05,0.370799,-1.02477e-06,0.889816,0.755225,8.95255e-05,9.80462e-06,0.00018773,0.000161304,204.967,0.0429611,-0.000198558,3.99962e-05,6.85281e-05,4.00095e-05,-0.00131913,0.000431796,-0.000773461,0.000431795,-1.38507e-05,1.85408e-06,0.0660537,0.014454,0.0305147,0.0459974,0.145627,1.04384,228,10,0.990006,0.989828,0.989828,0.989182,0.000147359,-6.74643e-11,5.85799e-05,0.00012415,0.763484,0.89896,-1.0353e-06,0.374542,0,0.00101672,0,0,0,0.000116486,0.000208992,5.36672e-05,0.000100179,-0.000197944,2.26227e-09,3.37399e-05,1.45419e-09,-0.00120795,1.34545e-05,-0.000556164,1.3261e-05,5.7921e-05,0.000176435,6.13652e-05,2.06481e-05,3.06825e-08,0.000586743,6.27491e-05,6.5485e-05,8.27421e-10,8.61793e-05,0.761504,0.000172595,0.000188861,9.80467e-06,0.000593525,0.759193,-0.00429133,0.758745,0.000151866,0.00044829,0,0.898811,-0.000149456,0.89903,8.12547e-05,-0.00021929,0,-1.02396e-06,1.13419e-08,1.36977e-05,7.95107e-06,-1.47216e-05,0,0.374191,-0.000350769,0.371198,0.000630141,0.00299361,0
ERF_Log_File_20240814_1141.csv,sp,12,emfpe,2,0,filled_square,prism,CCS200_Spectrum_1407692498.csv,1.40769e+09,3.11212,0.000275477,0.660527,0.000718566,34.1706,0.77176,0.000125625,0.207272,1,0.00668569,1.42939e-05,0.77,0,6.35e-06,0.000289,8.31e-05,7.51e-06,0,6.93e-06,0.000106747,6.18e-05,2.89e-05,5.77e-06,2.54e-05,9.24e-06,2.02102e-05,4.04e-05,0.410716,-5.17345e-05,0.888492,0.753369,5.55005e-05,9.43464e-06,9.73267e-05,8.24846e-05,206.985,0.0218647,-0.000188849,2.05639e-05,3.16679e-05,2.05888e-05,-0.000946373,0.000417072,-0.000990909,0.000417071,3.02139e-05,1.7899e-06,0.0514204,0.0140326,0.0382152,0.0316685,0.0740652,1.04586,228,10,0.990125,0.989972,0.989972,0.989336,0.000157815,-3.37686e-09,5.79944e-05,0.000122569,0.76149,0.897492,-5.22585e-05,0.41481,-1.77602e-06,0.000742866,0,0,0,0.000115865,0.00020847,5.31439e-05,0.000102046,-0.000208063,2.35657e-09,3.94468e-05,1.50445e-09,-0.00122454,1.35376e-05,-0.000577582,1.33427e-05,6.18775e-05,0.000180235,2.75095e-05,1.89394e-05,3.18786e-08,0.000463917,6.28189e-05,6.53425e-05,4.17655e-08,9.54447e-05,0.77176,8.69508e-05,9.91486e-05,9.43469e-06,0.000467213,0.757242,-0.00424771,0.757207,0.000118067,3.52678e-05,0,0.897356,-0.00013624,0.897413,7.90524e-05,-5.76015e-05,0,-5.1686e-05,5.72503e-07,1.62559e-05,7.22362e-06,-6.7942e-05,0,0.414422,-0.000388482,0.414059,0.000476109,0.000363075,0
ERF_Log_File_20250509_2053.csv,sp,13,fmfpe,11,2,filled_square,prism,CCS200_Spectrum_1430880795.csv,1.43088e+09,3.40144,0.000198672,0.669556,0.000650063,33.2892,0.771823,0.000125565,0.981764,1,0.00662065,1.02872e-05,0.771,0,6.35e-06,0.000289,8.31e-05,7.51e-06,0,6.93e-06,8.82988e-05,6.18e-05,2.89e-05,5.77e-06,2.54e-05,9.24e-06,2.02083e-05,4.04e-05,0.414181,7.64902e-06,0.889735,0.750228,7.03461e-05,2.0655e-06,9.78901e-05,8.26287e-05,201.855,0.0220421,-0.000190074,2.07282e-05,7.66409e-05,2.0734e-05,-0.000137235,0.000205639,-0.000941112,0.000205638,-2.67667e-06,8.90964e-07,0.0781191,0.00299592,0.0172651,0.0153983,0.0745592,1.04583,228,10,0.991395,0.991366,0.991366,0.990731,0.000146377,4.0155e-10,4.67083e-05,0.000104757,0.757247,0.897484,7.71564e-06,0.416212,-0.00156412,0.000741424,0,0,0,0.000116735,0.000209373,5.44946e-05,0.000104168,-0.000216118,2.50373e-09,5.39529e-05,1.4507e-09,-0.000332283,2.12965e-06,-0.000881747,1.80487e-06,6.75177e-05,0.000121404,2.79573e-05,1.89195e-05,3.18686e-08,0.000462964,0,0,0,0,0.771823,8.72301e-05,9.9698e-05,2.06575e-06,0.000468267,0.757247,0,0.757221,0.000117919,2.64105e-05,0,0.897484,0,0.897404,7.90913e-05,7.9959e-05,0,7.71564e-06,0,1.62719e-05,7.21915e-06,-8.55627e-06,0,0.416212,0,0.414291,0.00047516,0.00192045,0
ERF_Log_File_20240814_1212.csv,sp,12,emfpe,2,0,filled_square,prism,CCS200_Spectrum_1407694388.csv,1.4077e+09,3.25148,0.000600786,0.719344,0.00105516,34.1711,0.78161,0.000125728,0.234877,1,0.0068792,1.93134e-05,0.78,0,6.35e-06,0.000289,8.31e-05,7.51e-06,0,6.93e-06,0.000108063,6.18e-05,2.89e-05,5.77e-06,2.54e-05,9.24e-06,1.99185e-05,4.04e-05,0.442363,-3.02582e-05,0.887024,0.756298,6.41411e-05,7.57543e-06,0.000111478,9.44445e-05,212.319,0.0254792,-0.000240575,2.33849e-05,7.31494e-05,2.34175e-05,-0.000864342,0.000508196,-0.000236654,0.000508195,-1.30691e-05,2.18078e-06,0.0551926,0.0115594,0.0503706,0.0388672,0.0859016,1.04546,228,10,0.990237,0.990107,0.990107,0.989477,0.000164643,-1.95979e-09,5.74517e-05,0.000121983,0.764341,0.895887,-3.05605e-05,0.446724,-6.54579e-07,0.000547588,0,0,0,0.000115012,0.00020754,5.18088e-05,0.000102442,-0.000216582,2.42489e-09,4.50589e-05,1.55308e-09,-0.00124701,1.35779e-05,-0.000598674,1.33824e-05,6.54102e-05,0.000184591,2.80527e-05,1.71926e-05,3.24147e-08,0.00035939,6.33633e-05,6.52974e-05,2.44242e-08,0.000102788,0.78161,9.85283e-05,0.000112793,7.5755e-06,0.000365039,0.760107,-0.00423368,0.760363,0.000117948,-0.000255614,0,0.895763,-0.000124227,0.895997,8.28072e-05,-0.00023388,0,-3.02257e-05,3.34797e-07,1.87795e-05,8.0688e-06,-4.90052e-05,0,0.446305,-0.000418369,0.446192,0.000385506,0.000113096,0
ERF_Log_File_20240814_1244.csv,sp,12,emfpe,2,0,filled_square,prism,CCS200_Spectrum_1407696278.csv,1.4077e+09,3.28412,0.00120696,0.792716,0.0017242,34.1711,0.792177,0.00012568,0.242668,1,0.0071171,1.71971e-05,0.79,0,6.35e-06,0.000289,8.31e-05,7.51e-06,0,6.93e-06,0.000109596,6.18e-05,2.89e-05,5.77e-06,2.54e-05,9.24e-06,1.96055e-05,4.04e-05,0.467717,-1.3721e-05,0.885515,0.755336,0.000111998,5.93714e-06,0.000208277,0.000181841,212.914,0.0485332,-0.000272936,4.43117e-05,5.80784e-05,4.43571e-05,-0.00175417,0.000826609,7.84064e-05,0.000826607,5.37373e-06,3.54824e-06,0.051878,0.00908327,0.0784779,0.0886047,0.164414,1.04587,228,10,0.990352,0.990247,0.990247,0.989623,0.000168319,-8.81754e-10,5.6906e-05,0.00012085,0.763256,0.894236,-1.38561e-05,0.472273,-3.04911e-07,0.000255073,0,0,0,0.0001148,0.000207161,5.16641e-05,0.000104136,-0.000224703,2.49679e-09,5.09731e-05,1.59506e-09,-0.00127844,1.3588e-05,-0.000622224,1.33926e-05,6.8919e-05,0.000190088,5.51192e-05,1.51953e-05,3.22952e-08,0.000282606,6.36843e-05,6.53587e-05,1.10739e-08,0.000108666,0.792177,0.00019001,0.000208829,5.93723e-06,0.00030405,0.759059,-0.00419697,0.759029,0.000126812,3.02875e-05,0,0.894124,-0.000112097,0.894635,7.99577e-05,-0.000510471,0,-1.37043e-05,1.51797e-07,2.15039e-05,7.81006e-06,-3.52082e-05,0,0.471831,-0.000442297,0.472909,0.000341634,-0.00107767,0
ERF_Log_File_20250509_2124.csv,sp,13,fmfpe,11,2,filled_square,prism,CCS200_Spectrum_1430882671.csv,1.43088e+09,3.70039,0.000804076,0.812946,0.00163765,33.2886,0.794517,0.000125585,0.894275,1,0.00708378,1.18231e-05,0.793,0,6.35e-06,0.000289,8.31e-05,7.51e-06,0,6.93e-06,9.08967e-05,6.18e-05,2.89e-05,5.77e-06,2.54e-05,9.24e-06,1.95363e-05,4.04e-05,0.47401,2.93544e-05,0.886957,0.751288,6.71727e-05,2.19249e-06,9.06078e-05,7.74298e-05,211.985,0.0209064,-0.00026341,1.92139e-05,9.09324e-05,1.924e-05,-0.000516343,0.000410858,-0.000774349,0.000410857,-8.84555e-06,1.7788e-06,0.0735391,0.00333975,0.0359825,0.0335527,0.0707819,1.04578,228,10,0.991608,0.991614,0.991614,0.990993,0.000155593,1.51168e-09,4.5676e-05,0.000102784,0.758116,0.894458,2.96026e-05,0.477567,-0.000454665,0.000215374,0,0,0,0.000114607,0.000207564,5.18905e-05,0.000104915,-0.000243784,2.46589e-09,7.08834e-05,1.42688e-09,-0.000378789,2.04661e-06,-0.000813245,1.73441e-06,7.86669e-05,0.000119204,6.18352e-05,1.47344e-05,3.21608e-08,0.000266337,0,0,0,0,0.794517,9.90831e-05,9.17954e-05,2.19273e-06,0.000274744,0.758116,0,0.757926,0.000125898,0.000190409,0,0.894458,0,0.894356,7.98302e-05,0.000101816,0,2.96026e-05,0,2.21042e-05,7.6399e-06,7.49843e-06,0,0.477567,0,0.478025,0.000336183,-0.000457725,0
ERF_Log_File_20250218_1955.csv,sp,13,emfpe,9,1,filled_square,prism,CCS200_Spectrum_1423968917.csv,1.42397e+09,3.40929,0.00114784,0.890539,0.00835169,34.1712,0.801455,0.000125643,1.13425,1,0.00723602,1.53786e-05,0.8,0,6.35e-06,0.000289,8.31e-05,7.51e-06,0,6.93e-06,9.16224e-05,6.18e-05,2.89e-05,5.77e-06,2.54e-05,9.24e-06,1.92743e-05,4.04e-05,0.48589,5.20126e-05,0.886101,0.753185,7.59752e-05,7.88426e-06,6.25459e-05,5.46382e-05,196.388,0.0115111,-0.000262854,1.14908e-05,5.44834e-05,1.15819e-05,3.03434e-06,0.000596811,-0.00129943,0.000596811,-1.2862e-05,2.56233e-06,0.0995825,0.0111264,0.0490936,0.0444921,0.0389894,1.04574,228,10,0.99167,0.991687,0.991687,0.991069,0.000156004,2.66441e-09,4.53917e-05,0.000102533,0.759972,0.893529,5.24486e-05,0.489971,-1.24723e-07,0.000130422,0,0,0,0.000118333,0.000209371,5.60116e-05,0.000111313,-0.000254414,3.15138e-09,5.25983e-05,1.33393e-09,-0.00010122,2.53736e-07,-0.000911696,2.15834e-07,7.67531e-05,0.000101292,3.69827e-05,1.339e-05,3.16743e-08,0.000209374,6.56984e-05,7.14415e-05,4.7998e-08,0.000131823,0.801455,6.59528e-05,6.39605e-05,7.88432e-06,0.000222677,0.754854,-0.0051187,0.754912,0.000118404,-5.87683e-05,0,0.893501,-2.74086e-05,0.893579,7.82193e-05,-7.78096e-05,0,5.16869e-05,-7.61749e-07,2.38683e-05,7.39289e-06,2.78185e-05,0,0.490587,0.000615533,0.491212,0.00032799,-0.000625219,0
ERF_Log_File_20250123_1540.csv,sp,12,emfpe,7,1,filled_square,prism,CCS200_Spectrum_1421707263.csv,1.42171e+09,3.88978,0.00025448,0.875652,0.000856842,34.1712,0.801679,0.000125678,1.47398,1,0.00701839,1.70817e-05,0.8,0,6.35e-06,0.000289,8.31e-05,7.51e-06,0,6.93e-06,0.000110813,6.18e-05,2.89e-05,5.77e-06,2.54e-05,9.24e-06,1.9259e-05,4.04e-05,0.487952,3.37997e-05,0.885347,0.751969,5.53517e-05,7.13563e-06,8.39188e-05,7.13451e-05,249.308,0.023122,-0.000257931,1.79692e-05,6.74766e-05,1.79828e-05,-0.00122869,0.000287456,-0.000722164,0.000287455,-3.3961e-05,1.24604e-06,0.056692,0.0127848,0.0315399,0.0261204,0.0783293,1.04548,228,10,0.990453,0.99037,0.99037,0.98975,0.000170445,2.15778e-09,5.65206e-05,0.00011956,0.759757,0.893956,3.41284e-05,0.492655,-1.2272e-07,0.000128326,0,0,0,0.000108456,0.000203857,4.41221e-05,9.61075e-05,-0.000272945,2.41598e-09,4.54797e-05,1.05578e-09,-0.0010722,3.59166e-06,-0.000843654,3.57539e-06,7.96062e-05,0.000191587,3.53136e-05,1.33497e-05,3.16627e-08,0.000207567,6.56778e-05,7.14706e-05,3.12324e-08,0.000132426,0.801679,7.95862e-05,8.4972e-05,7.1357e-06,0.000214758,0.754639,-0.00511708,0.754847,0.000118246,-0.000208047,0,0.893928,-2.75242e-05,0.893555,7.81646e-05,0.000372807,0,3.36327e-05,-4.95671e-07,2.39248e-05,7.39062e-06,9.70792e-06,0,0.493274,0.00061832,0.491584,0.000327756,0.00168943,0
ERF_Log_File_20240813_1759.csv,sp,12,emfpe,2,0,filled_square,prism,CCS200_Spectrum_1407628769.csv,1.40763e+09,3.12454,0.00152513,0.850546,0.00759261,34.1719,0.802874,0.000125812,0.204078,1,0.00729209,2.27175e-05,0.8,0,6.35e-06,0.000289,8.31e-05,7.51e-06,0,6.93e-06,0.000110988,6.18e-05,2.89e-05,5.77e-06,2.54e-05,9.24e-06,1.91772e-05,4.04e-05,0.489829,-2.15471e-05,0.884737,0.751389,0.000111844,8.58444e-06,0.000203841,0.000180028,201.857,0.0439468,-0.000156972,4.2443e-05,9.03926e-05,4.25061e-05,-0.00126379,0.000952647,-0.00109204,0.000952644,-0.000109687,4.08866e-06,0.048116,0.0124499,0.0966016,0.10822,0.148867,1.04587,228,10,0.990465,0.990385,0.990385,0.989766,0.000170469,-1.37445e-09,5.6436e-05,0.000119382,0.759158,0.893326,-2.17563e-05,0.494545,8.44212e-08,0.000117704,0,0,0,0.000116842,0.000208345,5.4494e-05,0.000109574,-0.000232241,2.53467e-09,5.69776e-05,1.61564e-09,-0.0013179,1.35827e-05,-0.000647207,1.33873e-05,7.23046e-05,0.000196531,2.5816e-05,1.31282e-05,3.1583e-08,0.000198192,6.38286e-05,6.5576e-05,1.73878e-08,0.000109409,0.802874,0.000181862,0.000204263,8.5845e-06,0.000227491,0.755013,-0.00414491,0.754554,0.000117724,0.000458831,0,0.893226,-0.000100659,0.89343,7.8014e-05,-0.000203938,0,-2.15179e-05,2.38344e-07,2.42253e-05,7.37851e-06,-4.57433e-05,0,0.494111,-0.000433804,0.493513,0.000326383,0.000597881,0
ERF_Log_File_20240814_1315.csv,sp,12,emfpe,2,0,filled_square,prism,CCS200_Spectrum_1407698168.csv,1.4077e+09,3.09727,0.00113328,0.884621,0.00180937,34.1708,0.812094,0.000125673,0.244497,1,0.0073903,1.69171e-05,0.81,0,6.35e-06,0.000289,8.31e-05,7.51e-06,0,6.93e-06,0.000112275,6.18e-05,2.89e-05,5.77e-06,2.54e-05,9.24e-06,1.85462e-05,4.04e-05,0.500565,-1.87577e-05,0.884209,0.752193,6.9798e-05,6.89681e-06,0.000122652,0.000102973,200.191,0.0233766,-0.000260102,2.28664e-05,1.72646e-05,2.29708e-05,-0.000546979,0.000899379,-0.00143266,0.000899377,3.57263e-06,3.84826e-06,0.0540979,0.00992103,0.0951934,0.0764127,0.0791295,1.04585,228,10,0.99056,0.990501,0.990501,0.989884,0.00016932,-1.1893e-09,5.60615e-05,0.00011889,0.75988,0.892689,-1.89376e-05,0.505335,-1.15563e-07,6.04214e-05,0,0,0,0.00011731,0.000208458,5.49475e-05,0.000110991,-0.000238049,2.55072e-09,6.21522e-05,1.6326e-09,-0.00135775,1.35857e-05,-0.000669647,1.33904e-05,7.50504e-05,0.00020276,4.31463e-05,1.1273e-05,3.04296e-08,0.000144012,6.43594e-05,6.58464e-05,1.51351e-08,0.00010744,0.812094,0.000111662,0.000123169,6.89688e-06,0.000159863,0.755755,-0.00412445,0.755444,0.000119864,0.000311212,0,0.892597,-9.13873e-05,0.892535,8.07389e-05,6.24014e-05,0,-1.87301e-05,2.07465e-07,2.65014e-05,7.29105e-06,-4.52315e-05,0,0.504918,-0.000417336,0.505841,0.00030811,-0.000923278,0
ERF_Log_File_20250509_2155.csv,sp,13,fmfpe,11,2,filled_square,prism,CCS200_Spectrum_1430884546.csv,1.43089e+09,3.40327,0.000698119,0.890984,0.00153105,33.2884,0.816418,0.000125637,1.32752,1,0.00738716,1.50313e-05,0.816,0,6.35e-06,0.000289,8.31e-05,7.51e-06,0,6.93e-06,9.34032e-05,6.18e-05,2.89e-05,5.77e-06,2.54e-05,9.24e-06,1.82503e-05,4.04e-05,0.506716,3.70646e-05,0.884767,0.750172,8.44492e-05,1.75748e-06,0.00012825,0.000108043,195.5,0.0277471,-0.000256913,2.73972e-05,0.000111466,2.74131e-05,6.51035e-05,0.000385408,-0.000543042,0.000385407,-3.20718e-06,1.66984e-06,0.0621122,0.00246883,0.036537,0.0252492,0.0939666,1.04587,228,10,0.991799,0.99184,0.99184,0.991226,0.000155232,1.87882e-09,4.48493e-05,0.000101218,0.756812,0.892046,3.73695e-05,0.510813,-9.33191e-05,4.4195e-05,0,0,0,0.000118282,0.000209225,5.6266e-05,0.00011321,-0.000262745,2.47857e-09,8.43405e-05,1.43792e-09,-0.000405394,2.02109e-06,-0.00071613,1.7129e-06,8.67714e-05,0.000112153,4.85539e-05,1.03786e-05,2.97543e-08,0.000130358,0,0,0,0,0.816418,0.000118454,0.000128669,1.75773e-06,0.000155179,0.756812,0,0.757096,0.000116207,-0.000283318,0,0.892046,0,0.892162,8.07973e-05,-0.000116018,0,3.73695e-05,0,2.75372e-05,7.26038e-06,9.83232e-06,0,0.510813,0,0.510541,0.000290824,0.000271352,0
ERF_Log_File_20240814_1347.csv,sp,12,emfpe,2,0,filled_square,prism,CCS200_Spectrum_1407700060.csv,1.4077e+09,3.06871,0.00100877,0.892361,0.00148472,34.1707,0.821694,0.000125827,0.208652,1,0.00775092,2.33715e-05,0.82,0,6.35e-06,0.000289,8.31e-05,7.51e-06,0,6.93e-06,0.000113651,6.18e-05,2.89e-05,5.77e-06,2.54e-05,9.24e-06,1.78893e-05,4.04e-05,0.511359,-2.42857e-05,0.88346,0.755282,5.55987e-05,8.44529e-06,9.76399e-05,8.41623e-05,200.64,0.0190981,-0.000281103,1.86313e-05,7.65973e-05,1.8703e-05,-0.00229546,0.000672581,-0.00173402,0.000672579,1.55396e-05,2.88105e-06,0.0379132,0.0121778,0.0715183,0.0628109,0.0645413,1.04553,228,10,0.990656,0.990619,0.990619,0.990003,0.000168009,-1.53067e-09,5.56824e-05,0.000118818,0.762909,0.891826,-2.45157e-05,0.516182,-6.49283e-08,3.01754e-05,0,0,0,0.000117489,0.000208244,5.48246e-05,0.000111658,-0.000243792,2.55872e-09,6.77039e-05,1.62922e-09,-0.00140444,1.36194e-05,-0.00069373,1.34234e-05,7.7874e-05,0.000209836,2.48097e-05,9.23846e-06,2.88667e-08,0.000122888,6.51503e-05,6.61771e-05,1.95931e-08,0.000105336,0.821694,8.77331e-05,9.80762e-05,8.44534e-06,0.000134794,0.758792,-0.00411642,0.758735,0.000112903,5.72056e-05,0,0.891744,-8.22557e-05,0.89175,7.71666e-05,-6.30205e-06,0,-2.42471e-05,2.68574e-07,2.87676e-05,7.22323e-06,-5.30147e-05,0,0.515782,-0.000399652,0.515829,0.000269721,-4.68905e-05,0
ERF_Log_File_20240814_1418.csv,sp,12,emfpe,2,0,filled_square,prism,CCS200_Spectrum_1407701951.csv,1.4077e+09,3.09458,0.000714381,0.89448,0.00127247,34.1718,0.831666,0.000125753,0.236942,1,0.00795896,2.05893e-05,0.83,0,6.35e-06,0.000289,8.31e-05,7.51e-06,0,6.93e-06,0.000115014,6.18e-05,2.89e-05,5.77e-06,2.54e-05,9.24e-06,1.72069e-05,4.04e-05,0.519762,-2.23756e-05,0.882764,0.754145,8.03237e-05,8.28116e-06,0.000136078,0.000115448,207.033,0.0303349,-0.000249617,2.85171e-05,0.00010063,2.85507e-05,-0.00226778,0.000570182,-0.000112252,0.00057018,3.5556e-05,2.44658e-06,0.0376791,0.0123205,0.0629562,0.0487709,0.102788,1.04576,228,10,0.990752,0.990738,0.990738,0.990123,0.000165761,-1.40202e-09,5.53128e-05,0.00011814,0.761668,0.891017,-2.25848e-05,0.524614,7.01455e-09,1.46701e-05,0,0,0,0.000115927,0.000207283,5.31316e-05,0.000110112,-0.000249247,2.50767e-09,7.33923e-05,1.61052e-09,-0.0014577,1.37105e-05,-0.000719137,1.3513e-05,8.06599e-05,0.000217703,4.52241e-05,6.85695e-06,2.67527e-08,0.000105388,6.56381e-05,6.65887e-05,1.80499e-08,0.000102646,0.831666,0.000124008,0.000136251,8.2812e-06,0.000132547,0.757583,-0.00408543,0.757761,0.00010103,-0.000178432,0,0.890943,-7.33454e-05,0.891111,7.34602e-05,-0.000167469,0,-2.23374e-05,2.47421e-07,3.0975e-05,7.58712e-06,-5.33124e-05,0,0.524235,-0.000379052,0.524954,0.000223149,-0.000719706,0
ERF_Log_File_20250508_0834.csv,sp,13,fmfpe,11,2,filled_square,prism,CCS200_Spectrum_1430750068.csv,1.43075e+09,3.46816,0.00019259,0.89784,0.00113001,33.2898,0.840652,0.000125626,1.16562,1,0.00796801,1.45223e-05,0.84,0,6.35e-06,0.000289,8.31e-05,7.51e-06,0,6.93e-06,9.61951e-05,6.18e-05,2.89e-05,5.77e-06,2.54e-05,9.24e-06,1.65919e-05,4.04e-05,0.528495,6.70335e-06,0.88334,0.747539,0.000107577,2.35232e-06,0.000172423,0.000146003,208.813,0.040678,-0.000333775,3.42262e-05,8.93039e-05,3.42289e-05,-0.0006448,0.00019244,-0.000349108,0.000192439,-1.46056e-05,8.3384e-07,0.0468179,0.00352951,0.0162414,0.0155326,0.137361,1.04583,228,10,0.991998,0.992077,0.992077,0.991464,0.000150376,3.34842e-10,4.41241e-05,9.98341e-05,0.753975,0.890395,6.75688e-06,0.532742,-1.61469e-05,7.65915e-06,0,0,0,0.000114922,0.000207186,5.26787e-05,0.000110232,-0.000275554,2.58988e-09,9.62726e-05,1.49898e-09,-0.000416353,2.06659e-06,-0.000581545,1.75141e-06,9.29566e-05,9.97905e-05,4.06326e-05,4.50921e-06,2.44851e-08,8.01063e-05,0,0,0,0,0.840652,0.000151548,0.000172482,2.35245e-06,0.000134209,0.753975,0,0.754148,7.22291e-05,-0.000172972,0,0.890395,0,0.890703,7.29036e-05,-0.000308782,0,6.75688e-06,0,3.28085e-05,7.73705e-06,-2.60516e-05,0,0.532742,0,0.531634,0.00019116,0.00110767,0
ERF_Log_File_20250508_0905.csv,sp,13,fmfpe,11,2,filled_square,prism,CCS200_Spectrum_1430751940.csv,1.43075e+09,3.44779,0.00020414,0.896257,0.000474092,33.2888,0.840669,0.000125638,1.13158,1,0.00799778,1.51831e-05,0.84,0,6.35e-06,0.000289,8.31e-05,7.51e-06,0,6.93e-06,9.6197e-05,6.18e-05,2.89e-05,5.77e-06,2.54e-05,9.24e-06,1.65908e-05,4.04e-05,0.528123,7.38984e-06,0.88355,0.747762,8.50134e-05,2.44602e-06,0.000139401,0.000117966,207.469,0.0326049,-0.000338565,2.87345e-05,0.000106334,2.87382e-05,-0.000395477,0.000198403,-0.000839697,0.000198402,-2.78952e-06,8.59686e-07,0.0274156,0.00365034,0.0185541,0.0150875,0.103518,1.04364,228,10,0.991998,0.992077,0.992077,0.991465,0.000150263,3.69129e-10,4.41341e-05,9.98634e-05,0.754199,0.890606,7.44886e-06,0.532367,-1.61453e-05,7.64974e-06,0,0,0,0.000115235,0.000207392,5.302e-05,0.000110639,-0.000275688,2.57471e-09,9.6292e-05,1.49193e-09,-0.000416345,2.06664e-06,-0.000581443,1.75143e-06,9.2995e-05,9.97796e-05,4.05495e-05,4.50504e-06,2.44829e-08,8.00605e-05,0,0,0,0,0.840669,0.000124736,0.000139474,2.44614e-06,0.000116872,0.754199,0,0.754142,7.22027e-05,5.67819e-05,0,0.890606,0,0.890703,7.28958e-05,-9.64902e-05,0,7.44886e-06,0,3.28118e-05,7.73676e-06,-2.53629e-05,0,0.532367,0,0.531645,0.000191115,0.000721782,0
ERF_Log_File_20250512_1434.csv,sp,13,fmfpe,11,2,filled_square,prism,CCS200_Spectrum_1431117284.csv,1.43112e+09,3.3958,0.000480731,0.891406,0.00277399,32.5006,0.840943,0.000125657,0.877564,1,0.00799219,1.61957e-05,0.84,0,6.35e-06,0.000289,8.31e-05,7.51e-06,0,6.93e-06,9.6228e-05,6.18e-05,2.89e-05,5.77e-06,2.54e-05,9.24e-06,1.6572e-05,4.04e-05,0.528776,5.71384e-05,0.883654,0.747916,7.93199e-05,2.17485e-06,0.000130346,0.000110517,204.594,0.0297664,-0.000289459,2.79143e-05,0.000134463,2.7926e-05,-0.000122413,0.000335468,-0.00071347,0.000335468,-3.48097e-05,1.4533e-06,0.0281888,0.00319714,0.0315369,0.0280164,0.10072,1.04587,228,10,0.992,0.99208,0.99208,0.991467,0.000150325,2.85369e-09,4.41327e-05,9.98752e-05,0.754353,0.890708,5.75945e-05,0.53301,-2.99609e-05,7.49964e-06,0,0,0,0.000115889,0.000207769,5.3765e-05,0.00011165,-0.000275863,2.58382e-09,9.64202e-05,1.49722e-09,-0.000416362,2.06758e-06,-0.000579794,1.75236e-06,9.30708e-05,9.96164e-05,3.91147e-05,4.43152e-06,2.44133e-08,7.92177e-05,0,0,0,0,0.840943,0.000117229,0.000130422,2.17499e-06,0.000112202,0.754353,0,0.754054,7.18132e-05,0.000298563,0,0.890708,0,0.890693,7.27716e-05,1.54432e-05,0,5.75945e-05,0,3.28652e-05,7.7321e-06,2.47294e-05,0,0.53301,0,0.531819,0.000190389,0.00119091,0
ERF_Log_File_20250509_2226.csv,sp,13,fmfpe,11,2,filled_square,prism,CCS200_Spectrum_1430886422.csv,1.43089e+09,3.34863,0.000407847,0.893561,0.00113154,33.2887,0.841715,0.000125645,1.13082,1,0.00802648,1.56184e-05,0.841,0,6.35e-06,0.000289,8.31e-05,7.51e-06,0,6.93e-06,9.63135e-05,6.18e-05,2.89e-05,5.77e-06,2.54e-05,9.24e-06,1.65192e-05,4.04e-05,0.526983,4.46691e-05,0.883569,0.747267,4.6898e-05,1.90151e-06,6.68236e-05,5.70631e-05,201.963,0.0148668,-0.000321273,1.43114e-05,0.000102807,1.43263e-05,-0.000693077,0.000268629,-0.000592332,0.000268628,-3.84975e-06,1.16323e-06,0.0384211,0.00276031,0.0220609,0.0217124,0.0499517,1.04524,228,10,0.992006,0.992087,0.992087,0.991474,0.000149468,2.22999e-09,4.41099e-05,9.97641e-05,0.753693,0.890616,4.50254e-05,0.531215,-1.49707e-05,7.09238e-06,0,0,0,0.000116436,0.000208091,5.44654e-05,0.000112413,-0.000276116,2.58988e-09,9.67214e-05,1.50601e-09,-0.000416425,2.07049e-06,-0.000575135,1.75473e-06,9.32093e-05,9.91568e-05,3.46713e-05,4.22098e-06,2.42027e-08,7.68684e-05,0,0,0,0,0.841715,6.67591e-05,6.69575e-05,1.90166e-06,9.01693e-05,0.753693,0,0.753828,7.10738e-05,-0.000135086,0,0.890616,0,0.890666,7.24358e-05,-4.99832e-05,0,4.50254e-05,0,3.30145e-05,7.71897e-06,1.20109e-05,0,0.531215,0,0.532298,0.000188354,-0.00108365,0
ERF_Log_File_20240814_1515.csv,sp,12,emfpe,2,0,filled_square,prism,CCS200_Spectrum_1407705343.csv,1.40771e+09,3.07779,0.000760272,0.890764,0.00234583,34.1716,0.842505,0.000125768,0.225361,1,0.00816072,2.12536e-05,0.84,0,6.35e-06,0.000289,8.31e-05,7.51e-06,0,6.93e-06,0.000116537,6.18e-05,2.89e-05,5.77e-06,2.54e-05,9.24e-06,1.64651e-05,4.04e-05,0.527053,-3.68647e-05,0.88284,0.750811,7.08803e-05,8.91292e-06,0.000114652,9.92651e-05,210.861,0.0253855,-0.000251817,2.35229e-05,0.000112929,2.35767e-05,-0.00135989,0.000654578,-0.00177116,0.000654576,-1.70493e-05,2.80735e-06,0.0474092,0.0135042,0.0649436,0.0614689,0.0859544,1.04586,228,10,0.990854,0.990864,0.990864,0.990248,0.000162828,-2.29613e-09,5.49879e-05,0.000117158,0.758205,0.89098,-3.72046e-05,0.531918,0,6.6985e-06,0,0,0,0.000114795,0.000206842,5.21671e-05,0.000109461,-0.000254795,2.43609e-09,7.92004e-05,1.56192e-09,-0.00151976,1.38985e-05,-0.000746582,1.36984e-05,8.34988e-05,0.000226654,2.97461e-05,4.00857e-06,2.40107e-08,7.46297e-05,6.60202e-05,6.71624e-05,2.97342e-08,9.95025e-05,0.842505,0.000103618,0.000114722,8.91295e-06,0.000103034,0.754163,-0.00404177,0.753626,7.07885e-05,0.000537519,0,0.890916,-6.43527e-05,0.890641,7.2103e-05,0.000275045,0,-3.6797e-05,4.07584e-07,3.31659e-05,7.70553e-06,-6.9963e-05,0,0.531562,-0.000355566,0.532774,0.000186301,-0.00121163,0
ERF_Log_File_20250123_1509.csv,sp,12,emfpe,7,1,filled_square,prism,CCS200_Spectrum_1421705385.csv,1.42171e+09,3.26021,0.00026784,0.89494,0.00093996,34.1718,0.850766,0.00012572,1.14838,1,0.00812248,1.92471e-05,0.85,0,6.35e-06,0.000289,8.31e-05,7.51e-06,0,6.93e-06,0.000117665,6.18e-05,2.89e-05,5.77e-06,2.54e-05,9.24e-06,1.59633e-05,4.04e-05,0.532527,5.67582e-05,0.882161,0.750737,7.07249e-05,6.15137e-06,0.000118566,0.000101369,234.852,0.0299515,-0.000380646,2.48216e-05,6.11593e-05,2.4851e-05,-0.00127384,0.000496329,-0.000642416,0.000496328,5.84197e-05,2.14993e-06,0.0397738,0.0105618,0.0543317,0.0482377,0.101521,1.01045,228,10,0.990929,0.990958,0.990958,0.990341,0.000160648,3.51989e-09,5.47077e-05,0.000116842,0.758059,0.89021,5.72761e-05,0.537402,1.76225e-09,3.68552e-06,0,0,0,0.000110432,0.000204315,4.6838e-05,0.000103281,-0.000283248,2.4219e-09,5.90251e-05,1.05578e-09,-0.0010442,3.39133e-06,-0.00071278,3.376e-06,8.55682e-05,0.000175699,2.97421e-05,1.70557e-06,2.16083e-08,5.55012e-05,6.58666e-05,7.11517e-05,5.24159e-08,0.000118574,0.850766,0.00010566,0.000118578,6.15141e-06,8.99932e-05,0.752988,-0.00507148,0.753639,8.81223e-05,-0.000651635,0,0.890159,-5.07835e-05,0.890453,6.86424e-05,-0.000293419,0,5.64442e-05,-8.31862e-07,3.46658e-05,7.64273e-06,2.17784e-05,0,0.537945,0.000543515,0.536997,0.000171845,0.000947855,0
ERF_Log_File_20240813_1830.csv,sp,12,emfpe,2,0,filled_square,prism,CCS200_Spectrum_1407630660.csv,1.40763e+09,2.99805,0.000744876,0.899114,0.000942841,34.1719,0.852185,0.000125777,0.208799,1,0.00846508,2.16981e-05,0.85,0,6.35e-06,0.000289,8.31e-05,7.51e-06,0,6.93e-06,0.00011786,6.18e-05,2.89e-05,5.77e-06,2.54e-05,9.24e-06,1.59839e-05,4.04e-05,0.532306,-3.05851e-05,0.882863,0.75132,9.1458e-05,8.75526e-06,0.000151984,0.000131915,212.459,0.0353877,-0.000289891,3.23301e-05,0.000103494,3.23584e-05,-0.00165981,0.00055916,-0.00043173,0.000559159,1.89101e-05,2.40075e-06,0.0334844,0.0133682,0.0587989,0.0634261,0.119419,1.04557,228,10,0.990942,0.990974,0.990974,0.990357,0.000159929,-1.89536e-09,5.4711e-05,0.000116886,0.758636,0.890904,-3.08637e-05,0.537172,2.38554e-09,3.32604e-06,0,0,0,0.000114513,0.000206664,5.17747e-05,0.000109391,-0.000259513,2.35368e-09,8.42737e-05,1.50628e-09,-0.00157738,1.41574e-05,-0.000770135,1.39535e-05,8.59467e-05,0.00023477,3.79872e-05,1.31631e-06,2.1182e-08,5.3159e-05,6.66936e-05,6.7721e-05,2.46665e-08,9.66196e-05,0.852185,0.000137293,0.00015199,8.75529e-06,0.000105854,0.754613,-0.00402268,0.754023,9.178e-05,0.000590054,0,0.890847,-5.68416e-05,0.890436,6.92929e-05,0.000411611,0,-3.05256e-05,3.38118e-07,3.49073e-05,7.77576e-06,-6.54329e-05,0,0.536838,-0.000334112,0.53761,0.000173673,-0.000772689,0
ERF_Log_File_20240814_1546.csv,sp,12,emfpe,2,0,filled_square,prism,CCS200_Spectrum_1407707228.csv,1.40771e+09,2.77496,0.000344651,0.874298,0.000408491,34.1723,0.862701,0.000125889,0.201738,1,0.00881688,2.58348e-05,0.86,0,6.35e-06,0.000289,8.31e-05,7.51e-06,0,6.93e-06,0.000119299,6.18e-05,2.89e-05,5.77e-06,2.54e-05,9.24e-06,1.61362e-05,4.04e-05,0.536662,-4.75505e-06,0.883106,0.755204,9.93959e-05,6.7974e-06,0.00016082,0.000147632,209.383,0.0366402,-0.000303283,3.41035e-05,8.25228e-05,3.41517e-05,-0.00118883,0.000746731,-0.000285968,0.000746729,1.38868e-05,3.20432e-06,0.0479776,0.0102281,0.0669593,0.0990174,0.124101,1.04566,228,10,0.991035,0.99109,0.99109,0.990472,0.000156515,-2.93146e-10,5.44428e-05,0.000117159,0.762469,0.891045,-4.7978e-06,0.541517,0,0,0,0,0,0.00011552,0.00020707,5.25353e-05,0.000110714,-0.00026414,2.26227e-09,8.9404e-05,1.4466e-09,-0.00164037,1.4535e-05,-0.000793619,1.43259e-05,8.8386e-05,0.000243419,4.19561e-05,1.49683e-06,1.77495e-08,4.34069e-05,6.77492e-05,6.83909e-05,3.83444e-09,9.34482e-05,0.862701,0.00015348,0.000160827,6.79742e-06,0.000108462,0.758448,-0.00402071,0.758114,9.23709e-05,0.000334113,0,0.890996,-4.92351e-05,0.890444,7.60657e-05,0.000551699,0,-4.74524e-06,5.25608e-08,3.65368e-05,8.76195e-06,-4.1282e-05,0,0.541206,-0.000310491,0.541557,0.000178966,-0.000350416,0
ERF_Log_File_20250509_2258.csv,sp,13,fmfpe,11,2,filled_square,prism,CCS200_Spectrum_1430888297.csv,1.43089e+09,2.70583,0.000289746,0.832312,0.00117494,33.2882,0.868383,0.000125648,1.06993,1,0.00875655,1.59143e-05,0.867,0,6.35e-06,0.000289,8.31e-05,7.51e-06,0,6.93e-06,9.93154e-05,6.18e-05,2.89e-05,5.77e-06,2.54e-05,9.24e-06,1.62186e-05,4.04e-05,0.539277,6.18782e-05,0.883641,0.752581,9.44837e-05,2.87584e-06,0.000154066,0.000130713,183.007,0.0316468,-0.0002485,3.21098e-05,0.000112148,3.21151e-05,-0.000192872,0.000249073,3.49102e-05,0.000249072,1.07597e-05,1.0793e-06,0.0189393,0.00379284,0.0273539,0.0154498,0.106812,1.03975,228,10,0.992208,0.992332,0.992332,0.991716,0.000141474,3.04877e-09,4.35374e-05,9.97968e-05,0.758867,0.890469,6.23563e-05,0.543512,-0,0,0,0,0,0.000121959,0.000210974,6.0107e-05,0.000120785,-0.00028163,2.80485e-09,0.000106363,1.62559e-09,-0.000408648,2.21949e-06,-0.000404142,1.88097e-06,9.69983e-05,8.128e-05,9.01916e-06,2.95571e-06,1.57032e-08,4.17893e-05,0,0,0,0,0.868383,0.000131021,0.000154094,2.87588e-06,0.000103294,0.758867,0,0.75931,9.4567e-05,-0.000442569,0,0.890469,0,0.890545,8.13598e-05,-7.59761e-05,0,6.23563e-05,0,3.72927e-05,8.05453e-06,2.50636e-05,0,0.543512,0,0.543474,0.000167213,3.80065e-05,0
ERF_Log_File_20240814_1618.csv,sp,12,emfpe,2,0,filled_square,prism,CCS200_Spectrum_1407709118.csv,1.40771e+09,2.46054,0.000416301,0.821824,0.000598839,34.1729,0.872875,0.000125788,0.215013,1,0.00887758,2.22213e-05,0.87,0,6.35e-06,0.000289,8.31e-05,7.51e-06,0,6.93e-06,0.000120697,6.18e-05,2.89e-05,5.77e-06,2.54e-05,9.24e-06,1.62837e-05,4.04e-05,0.54087,-2.58734e-05,0.883256,0.756196,8.1175e-05,8.56449e-06,0.000133751,0.000107551,204.315,0.027351,-0.000324826,2.61533e-05,0.000138426,2.62117e-05,-0.000705251,0.000718525,0.000997153,0.000718524,2.57377e-06,3.0815e-06,0.0534073,0.0125736,0.0916789,0.0523025,0.0926337,1.04587,228,10,0.991122,0.9912,0.9912,0.990579,0.000153352,-1.58747e-09,5.41923e-05,0.000117036,0.763388,0.891098,-2.61031e-05,0.545715,0,0,0,0,0,0.000116723,0.000207723,5.38384e-05,0.000112718,-0.000268168,2.16071e-09,9.394e-05,1.38435e-09,-0.00169954,1.49797e-05,-0.000813,1.47641e-05,9.05271e-05,0.000251274,1.85844e-05,4.08908e-06,1.40572e-08,4.1876e-05,6.85462e-05,6.90726e-05,2.08618e-08,9.06015e-05,0.872875,0.000109155,0.000133813,8.5645e-06,9.1315e-05,0.759383,-0.00400498,0.759125,0.000101169,0.000257989,0,0.891055,-4.23869e-05,0.890671,8.55714e-05,0.000384311,0,-2.58171e-05,2.85965e-07,3.78247e-05,7.26501e-06,-6.36419e-05,0,0.545427,-0.000288217,0.544965,0.000161613,0.000461292,0
ERF_Log_File_20240814_1649.csv,sp,12,emfpe,2,0,filled_square,prism,CCS200_Spectrum_1407711009.csv,1.40771e+09,2.37424,0.000196749,0.775833,0.000547989,34.1718,0.883139,0.000126027,0.207178,1,0.00918761,3.02119e-05,0.88,0,6.35e-06,0.000289,8.31e-05,7.51e-06,0,6.93e-06,0.000122135,6.18e-05,2.89e-05,5.77e-06,2.54e-05,9.24e-06,1.64324e-05,4.04e-05,0.544073,-1.16068e-05,0.883166,0.753132,8.12779e-05,8.00755e-06,0.000130444,0.000114597,211.742,0.0303961,-0.000265761,2.78802e-05,8.92301e-05,2.79061e-05,-0.000850254,0.00049597,-0.000859302,0.000495969,-4.27735e-06,2.12909e-06,0.0338897,0.0121859,0.0466555,0.0573417,0.101459,1.04541,228,10,0.991208,0.991307,0.991307,0.990684,0.000150011,-7.089e-10,5.39406e-05,0.000116319,0.760214,0.890911,-1.17086e-05,0.548899,0,0,0,0,0,0.000114831,0.000206808,5.195e-05,0.000110586,-0.000272022,2.12578e-09,9.78444e-05,1.35419e-09,-0.00175496,1.54764e-05,-0.000827707,1.52537e-05,9.24666e-05,0.000258287,3.57172e-05,6.59418e-06,1.00521e-08,4.54245e-05,6.89947e-05,6.97755e-05,9.3576e-09,8.7792e-05,0.883139,0.000120052,0.000130611,8.00756e-06,9.31174e-05,0.756246,-0.00396864,0.756328,0.00010369,-8.21433e-05,0,0.890875,-3.59661e-05,0.891107,8.8546e-05,-0.000232587,0,-1.15803e-05,1.2827e-07,3.88095e-05,6.54691e-06,-5.03899e-05,0,0.548633,-0.000265811,0.548506,0.000155127,0.000126779,0
ERF_Log_File_20240814_1721.csv,sp,12,emfpe,2,0,filled_square,prism,CCS200_Spectrum_1407712899.csv,1.40771e+09,2.36601,0.000180198,0.736574,0.000340263,34.1717,0.893516,0.000125977,0.203635,1,0.00945318,2.88348e-05,0.89,0,6.35e-06,0.000289,8.31e-05,7.51e-06,0,6.93e-06,0.000123612,6.18e-05,2.89e-05,5.77e-06,2.54e-05,9.24e-06,1.65827e-05,4.04e-05,0.547415,-2.186e-07,0.884075,0.752406,7.62655e-05,6.75238e-06,0.000123839,0.00010797,224.479,0.0295756,-0.00031028,2.56965e-05,0.000102406,2.57374e-05,-0.00127956,0.000597598,-0.000471815,0.000597596,1.75999e-07,2.56377e-06,0.0393977,0.0108916,0.0677408,0.0683948,0.100168,1.04587,228,10,0.991292,0.991413,0.991413,0.990787,0.000146815,-1.32927e-11,5.37592e-05,0.00011599,0.759402,0.891732,-2.20493e-07,0.552224,0,0,0,0,0,0.000112326,0.000205655,4.90024e-05,0.00010721,-0.000275016,2.11294e-09,0.000101068,1.35419e-09,-0.00180374,1.59844e-05,-0.000835859,1.57543e-05,9.4021e-05,0.000263982,1.81996e-05,8.82065e-06,5.67853e-09,4.46866e-05,6.96731e-05,7.05953e-05,1.7622e-10,8.5224e-05,0.893516,0.000109492,0.000124153,6.75238e-06,8.8425e-05,0.755457,-0.00394549,0.755346,0.000100617,0.000110674,0,0.891702,-3.00032e-05,0.891745,8.25037e-05,-4.24409e-05,0,-2.18078e-07,2.41555e-09,3.94593e-05,6.74306e-06,-3.96774e-05,0,0.55198,-0.000243872,0.552267,0.000136923,-0.000286874,0
ERF_Log_File_20250509_2329.csv,sp,13,fmfpe,11,2,filled_square,prism,CCS200_Spectrum_1430890173.csv,1.43089e+09,2.49121,0.000142952,0.71401,0.00132116,33.2883,0.894354,0.000125902,1.04046,1,0.00930272,2.64005e-05,0.895,0,6.35e-06,0.000289,8.31e-05,7.51e-06,0,6.93e-06,0.000102342,6.18e-05,2.89e-05,5.77e-06,2.54e-05,9.24e-06,1.65949e-05,4.04e-05,0.548104,6.41531e-05,0.88508,0.749413,5.197e-05,2.09018e-06,8.28388e-05,7.03373e-05,198.778,0.0184671,-0.000260047,1.75719e-05,8.95817e-05,1.75764e-05,-0.000452534,0.000165806,-0.000220033,0.000165805,1.11928e-05,7.18438e-07,0.0144638,0.00298896,0.014702,0.014111,0.0597945,1.04343,228,10,0.99239,0.992555,0.992555,0.991933,0.000133697,3.12824e-09,4.31584e-05,9.90063e-05,0.755508,0.891719,6.46343e-05,0.552307,-0,0,0,0,0,0.000117395,0.000208828,5.53381e-05,0.000115226,-0.000280133,3.08934e-09,0.000112874,1.79226e-09,-0.000385647,2.45429e-06,-0.000226438,2.08002e-06,9.82518e-05,6.12103e-05,2.32246e-05,8.97835e-06,5.31024e-09,4.42908e-05,0,0,0,0,0.894354,7.40719e-05,8.33246e-05,2.09019e-06,6.83244e-05,0.755508,0,0.755485,0.000100092,2.23677e-05,0,0.891719,0,0.891804,8.27634e-05,-8.51514e-05,0,6.46343e-05,0,3.94958e-05,6.73368e-06,2.51385e-05,0,0.552307,0,0.552563,0.000136647,-0.000255722,0
ERF_Log_File_20250218_2026.csv,sp,13,emfpe,9,1,filled_square,prism,CCS200_Spectrum_1423970801.csv,1.42397e+09,2.34286,0.000235369,0.700053,0.000275934,34.1706,0.900408,0.000125835,1.18214,1,0.00956972,2.42103e-05,0.9,0,6.35e-06,0.000289,8.31e-05,7.51e-06,0,6.93e-06,0.000103047,6.18e-05,2.89e-05,5.77e-06,2.54e-05,9.24e-06,1.66481e-05,4.04e-05,0.549218,3.9037e-05,0.885789,0.756294,8.30924e-05,6.48423e-06,0.000115028,9.89335e-05,196.801,0.0253169,-0.00027726,2.46752e-05,0.000100597,2.46854e-05,-0.000189866,0.000294809,-0.000597542,0.000294808,-4.85536e-06,1.27233e-06,0.0621028,0.00917041,0.022249,0.0248012,0.0857726,1.04564,228,10,0.992431,0.992605,0.992605,0.991982,0.000131774,1.89953e-09,4.31023e-05,9.98567e-05,0.762407,0.892388,3.93278e-05,0.553407,-0,0,0,0,0,0.000118515,0.000209249,5.5894e-05,0.000116031,-0.000284084,5.05315e-09,0.000100845,2.12853e-09,4.3499e-05,2.72664e-07,-0.000568736,2.31936e-07,9.62322e-05,6.12235e-05,5.12338e-05,1.00785e-05,2.62132e-09,4.03091e-05,6.76951e-05,7.29639e-05,3.59906e-08,0.000100784,0.900408,0.000111422,0.000115469,6.48423e-06,9.23783e-05,0.757339,-0.0050678,0.757351,9.85588e-05,-1.2132e-05,0,0.892312,-7.63652e-05,0.892263,8.69158e-05,4.90466e-05,0,3.87566e-05,-5.71187e-07,3.9687e-05,6.66578e-06,-9.30312e-07,0,0.553846,0.000439722,0.554606,0.000136778,-0.000760006,0
ERF_Log_File_20240813_1644.csv,sp,12,emfpe,2,0,filled_square,prism,CCS200_Spectrum_1407624292.csv,1.40763e+09,2.26615,0.000200404,0.700473,0.000229435,34.1712,0.904306,0.000126068,0.21175,1,0.00966583,3.15681e-05,0.9,0,6.35e-06,0.000289,8.31e-05,7.51e-06,0,6.93e-06,0.000125083,6.18e-05,2.89e-05,5.77e-06,2.54e-05,9.24e-06,1.63749e-05,4.04e-05,0.552242,-2.77371e-06,0.885633,0.756377,9.63898e-05,7.78317e-06,0.000157223,0.000133367,227.875,0.0387,-0.000275355,3.29439e-05,5.83297e-05,3.29712e-05,-0.00217883,0.000554056,-0.00186519,0.000554055,-2.09351e-05,2.37919e-06,0.0358388,0.0127439,0.0749307,0.0580572,0.131007,1.04586,228,10,0.991376,0.991519,0.991519,0.990891,0.000143993,-1.67936e-10,5.3621e-05,0.0001164,0.76333,0.893208,-2.79744e-06,0.557046,-0,0,0,0,0,0.000112122,0.000205658,4.82721e-05,0.000106741,-0.000277479,2.18887e-09,0.000103536,1.4041e-09,-0.00184332,1.64652e-05,-0.000835025,1.62282e-05,9.52537e-05,0.000267858,5.71116e-05,1.07441e-05,8.46747e-10,3.7415e-05,7.08279e-05,7.15254e-05,2.23573e-09,8.30365e-05,0.904306,0.00014509,0.00015759,7.78317e-06,0.000103413,0.759383,-0.00394714,0.759059,9.7113e-05,0.000324156,0,0.893184,-2.43165e-05,0.892585,9.18736e-05,0.000598836,0,-2.76679e-06,3.06464e-08,3.97407e-05,6.62193e-06,-4.25075e-05,0,0.556824,-0.000222292,0.555808,0.000135994,0.0010155,0
ERF_Log_File_20240812_1827.csv,sp,12,emfpe,2,0,filled_square,prism,CCS200_Spectrum_1407544093.csv,1.40754e+09,3.12077,0.000252616,0.70131,0.000455636,34.1711,0.904309,0.000125971,0.208873,1,0.0096439,2.87183e-05,0.9,0,6.35e-06,0.000289,8.31e-05,7.51e-06,0,6.93e-06,0.000125084,6.18e-05,2.89e-05,5.77e-06,2.54e-05,9.24e-06,1.63747e-05,4.04e-05,0.551855,-4.92148e-06,0.884806,0.755834,4.78027e-05,7.6108e-06,7.26124e-05,7.83139e-05,229.524,0.0140335,-0.000272627,1.19952e-05,0.000102714,1.21407e-05,-0.00215576,0.000773312,-0.000820332,0.00077331,2.34582e-05,3.29472e-06,0.0606769,0.0126166,0.0764709,0.0963924,0.0466314,1.03526,228,10,0.991377,0.991519,0.991519,0.990891,0.000143891,-2.97973e-10,5.35708e-05,0.000116317,0.762782,0.892374,-4.96358e-06,0.556655,-0,0,0,0,0,0.000111792,0.000205335,4.79253e-05,0.000106287,-0.000277476,2.18265e-09,0.000103589,1.4041e-09,-0.00184333,1.64654e-05,-0.000835024,1.62284e-05,9.52664e-05,0.000267858,5.70672e-05,1.07363e-05,8.44712e-10,3.73841e-05,7.07773e-05,7.14588e-05,3.96693e-09,8.29775e-05,0.904309,9.69143e-05,7.34029e-05,7.6108e-06,6.07127e-05,0.758838,-0.0039443,0.75906,9.71116e-05,-0.000222358,0,0.89235,-2.42923e-05,0.892585,9.1878e-05,-0.00023547,0,-4.9092e-06,5.43769e-08,3.97408e-05,6.62189e-06,-4.465e-05,0,0.556433,-0.00022213,0.555809,0.000135993,0.000623844,0
ERF_Log_File_20241002_1130.csv,sp,12,emfpe,4,0,filled_square,prism,CCS200_Spectrum_1411925435.csv,1.41193e+09,2.85977,0.000572562,0.627543,0.00167089,34.1723,0.908631,0.000126033,1.13657,1,0.00939716,3.04188e-05,0.9,0,6.35e-06,0.000289,8.31e-05,7.51e-06,0,6.93e-06,0.000125635,6.18e-05,2.89e-05,5.77e-06,2.54e-05,9.24e-06,1.60718e-05,4.04e-05,0.5528,4.36453e-05,0.885747,0.75859,0.000205821,5.4015e-06,0.000320753,0.00026565,201.905,0.0623765,-0.000274109,6.04788e-05,-3.9906e-05,6.07252e-05,0.00266373,0.00223991,-0.00153155,0.0022399,-1.15854e-05,9.62119e-06,0.162664,0.00783734,0.245252,0.178902,0.211992,1.04559,228,10,0.99141,0.991561,0.991561,0.990932,0.000142545,2.63805e-09,5.35372e-05,0.000116666,0.765532,0.893285,4.40168e-05,0.55759,0,0,0,0,0,0.000117499,0.000208546,5.44811e-05,0.000114509,-0.000253611,1.02337e-08,8.92111e-05,8.92263e-09,0.000402464,4.68825e-06,-0.00273027,3.99265e-06,8.57056e-05,0.000313277,5.04603e-05,1.14003e-05,1.16841e-09,3.45532e-05,7.13533e-05,7.1864e-05,3.51786e-08,8.2033e-05,0.908631,0.000270403,0.000320956,5.4015e-06,0.000208706,0.761581,-0.00395126,0.760944,9.71789e-05,0.000636776,0,0.893263,-2.21608e-05,0.892965,9.54409e-05,0.00029804,0,4.35345e-05,-4.82212e-07,3.97353e-05,6.60017e-06,3.7992e-06,0,0.557376,-0.000213273,0.557041,0.000134263,0.000334958,0
ERF_Log_File_20240814_2133.csv,sp,12,emfpe,2,0,filled_square,prism,CCS200_Spectrum_1407728029.csv,1.40773e+09,2.19559,0.00020407,0.67758,0.000416802,34.1708,0.913367,0.000126009,0.222005,1,0.00993564,2.99866e-05,0.91,0,6.35e-06,0.000289,8.31e-05,7.51e-06,0,6.93e-06,0.000126329,6.18e-05,2.89e-05,5.77e-06,2.54e-05,9.24e-06,1.57398e-05,4.04e-05,0.553594,-1.56369e-05,0.885638,0.759145,5.28563e-05,7.31369e-06,8.24035e-05,8.58732e-05,234.152,0.0202826,-0.000306605,1.69367e-05,6.68265e-05,1.69829e-05,-0.00257883,0.000514798,-0.00184862,0.000514797,-3.25627e-05,2.20757e-06,0.0360376,0.0123359,0.0498328,0.0957053,0.0683945,1.04063,228,10,0.991446,0.991607,0.991607,0.990976,0.000141039,-9.43448e-10,5.34346e-05,0.000116672,0.766058,0.893134,-1.57693e-05,0.55837,-0,0,0,0,0,0.000111367,0.000205101,4.6978e-05,0.000105303,-0.000278725,2.29512e-09,0.000104667,1.47113e-09,-0.00186494,1.67918e-05,-0.000825167,1.65501e-05,9.58482e-05,0.000269034,3.06836e-05,1.20509e-05,3.42206e-09,3.19455e-05,7.17549e-05,7.22196e-05,1.26029e-08,8.10188e-05,0.913367,9.11919e-05,8.32806e-05,7.31369e-06,6.17671e-05,0.762112,-0.0039462,0.762501,0.000100568,-0.000389337,0,0.893114,-1.98856e-05,0.893406,9.71225e-05,-0.000291952,0,-1.55965e-05,1.72755e-07,3.96492e-05,6.60106e-06,-5.52457e-05,0,0.558167,-0.000203623,0.558289,0.000133508,-0.000122518,0
ERF_Log_File_20240814_2101.csv,sp,12,emfpe,2,0,filled_square,prism,CCS200_Spectrum_1407726137.csv,1.40773e+09,4.11679,0.000356409,0.650093,0.00208431,34.1709,0.92281,0.000126229,0.20175,1,0.0101815,3.60164e-05,0.92,0,6.35e-06,0.000289,8.31e-05,7.51e-06,0,6.93e-06,0.000127646,6.18e-05,2.89e-05,5.77e-06,2.54e-05,9.24e-06,1.5078e-05,4.04e-05,0.556085,6.22894e-06,0.88739,0.760329,5.47735e-05,7.73048e-06,8.82353e-05,8.40706e-05,234.217,0.0210529,-0.000238159,1.75807e-05,0.000143982,1.76334e-05,-0.00282303,0.000559851,-0.000373556,0.000559849,-7.36237e-06,2.39835e-06,0.0371421,0.0130107,0.0633355,0.0818894,0.0710935,1.04577,228,10,0.991516,0.991696,0.991696,0.991062,0.000138355,3.74507e-10,5.33532e-05,0.000116705,0.767186,0.894821,6.2811e-06,0.560843,-0,0,0,0,0,0.000111473,0.000205462,4.6965e-05,0.000105509,-0.000279113,2.44167e-09,0.000104883,1.56368e-09,-0.0018733,1.70267e-05,-0.000804147,1.67817e-05,9.5999e-05,0.000267769,1.73208e-05,1.31757e-05,8.07184e-09,2.83488e-05,7.25662e-05,7.31007e-05,5.01991e-09,7.93047e-05,0.92281,8.58404e-05,8.92134e-05,7.73048e-06,6.16638e-05,0.763249,-0.00393704,0.762928,0.000113499,0.000321102,0,0.894805,-1.56649e-05,0.894352,0.000101807,0.000452912,0,6.21229e-06,-6.88106e-08,3.92202e-05,6.61319e-06,-3.30079e-05,0,0.560658,-0.000185148,0.560534,0.00012921,0.0001238,0
ERF_Log_File_20250510_0000.csv,sp,13,fmfpe,11,2,filled_square,prism,CCS200_Spectrum_1430892048.csv,1.43089e+09,4.23356,0.00033718,0.641004,0.00126226,33.2892,0.926052,0.000125869,1.13728,1,0.0100825,2.55153e-05,0.925,0,6.35e-06,0.000289,8.31e-05,7.51e-06,0,6.93e-06,0.000105907,6.18e-05,2.89e-05,5.77e-06,2.54e-05,9.24e-06,1.48507e-05,4.04e-05,0.556453,5.49655e-05,0.888262,0.75635,8.8289e-05,1.94111e-06,0.000140854,0.000120162,217.364,0.0343652,-0.000244439,2.80532e-05,8.04094e-05,2.80557e-05,-0.000418173,0.00016454,3.04567e-05,0.000164539,1.71595e-05,7.13004e-07,0.0114357,0.00303182,0.0169507,0.0183333,0.11634,1.04584,228,10,0.992595,0.992809,0.992809,0.992178,0.000124739,2.65369e-09,4.28845e-05,9.96979e-05,0.762313,0.894696,5.53636e-05,0.560604,-0,0,0,0,0,0.000114017,0.000207244,5.06064e-05,0.000109957,-0.000270785,3.46927e-09,0.000117493,2.01791e-09,-0.000342045,2.83802e-06,-8.45522e-06,2.4052e-06,9.70694e-05,3.50847e-05,2.71534e-05,1.34847e-05,9.67988e-09,2.74144e-05,0,0,0,0,0.926052,0.000123196,0.000141498,1.94113e-06,9.24371e-05,0.762313,0,0.762344,0.000118717,-3.09377e-05,0,0.894696,0,0.894695,0.000106736,9.24878e-07,0,5.53636e-05,0,3.89921e-05,6.63203e-06,1.63715e-05,0,0.560604,0,0.561251,0.000127572,-0.000646773,0
ERF_Log_File_20241002_1201.csv,sp,12,emfpe,4,0,filled_square,prism,CCS200_Spectrum_1411927321.csv,1.41193e+09,3.58629,0.000756441,0.630808,0.00157514,34.1718,0.93222,0.000125796,1.15054,1,0.00961934,2.26845e-05,0.925,0,6.35e-06,0.000289,8.31e-05,7.51e-06,0,6.93e-06,0.000128956,6.18e-05,2.89e-05,5.77e-06,2.54e-05,9.24e-06,1.44184e-05,4.04e-05,0.559135,2.43757e-05,0.888076,0.757974,0.000136966,4.72049e-06,0.000208495,0.000239647,248.201,0.0458805,-0.000183131,3.62518e-05,0.000263737,3.66064e-05,0.000839741,0.00208936,-0.00267847,0.00208935,7.10289e-06,8.9397e-06,0.158238,0.00841883,0.228307,0.345141,0.155461,1.04586,228,10,0.991584,0.991782,0.991782,0.991146,0.000135929,1.46066e-09,5.3216e-05,0.000116204,0.764745,0.895435,2.45777e-05,0.563881,0,0,0,0,0,0.000109204,0.00020451,4.43189e-05,0.000102679,-0.000247402,4.49852e-09,9.61656e-05,3.92781e-09,-0.00022925,2.7183e-06,-0.00138052,2.31498e-06,8.58919e-05,0.000160978,2.83035e-05,1.41258e-05,1.28313e-08,2.62659e-05,7.30369e-05,7.3905e-05,1.96427e-08,7.79068e-05,0.93222,0.000241314,0.000208973,4.72051e-06,0.000139453,0.760835,-0.00391036,0.760884,0.00012497,-4.93918e-05,0,0.895423,-1.17905e-05,0.895372,0.000115296,5.12538e-05,0,2.43084e-05,-2.69253e-07,3.84405e-05,6.66774e-06,-1.4132e-05,0,0.563713,-0.000167451,0.562564,0.000133381,0.00114922,0
ERF_Log_File_20241002_1510.csv,sp,12,emfpe,4,0,filled_square,prism,CCS200_Spectrum_1411938649.csv,1.41194e+09,4.24692,0.000466597,0.629854,0.00123612,34.1712,0.944374,0.000126895,0.997108,1,0.0106182,5.01559e-05,0.935,0,6.35e-06,0.000289,8.31e-05,7.51e-06,0,6.93e-06,0.000130597,6.18e-05,2.89e-05,5.77e-06,2.54e-05,9.24e-06,1.35666e-05,4.04e-05,0.560381,2.68797e-05,0.888375,0.757767,0.000164961,4.65847e-06,0.000307208,0.000235658,290.546,0.0788391,-0.000316163,5.30851e-05,5.97621e-05,5.32577e-05,-0.000493108,0.00175619,-0.000933641,0.00175619,-0.000129183,7.54797e-06,0.130851,0.00972438,0.397412,0.237789,0.26706,1.04586,228,10,0.991669,0.991891,0.991891,0.991251,0.000132313,1.60404e-09,5.30135e-05,0.000116001,0.764455,0.895638,2.70994e-05,0.565089,-0,0,0,0,0,0.000104566,0.000202146,3.78598e-05,9.56302e-05,-0.000238856,3.45476e-09,9.41654e-05,3.01822e-09,-0.000498686,2.14351e-06,-0.000869324,1.82548e-06,8.32554e-05,0.000136802,2.13811e-05,1.55021e-05,1.94195e-08,2.57025e-05,7.39137e-05,7.49089e-05,2.16581e-08,7.60726e-05,0.944374,0.000236627,0.000307599,4.65851e-06,0.000166943,0.760564,-0.00389162,0.760217,0.000120295,0.000346463,0,0.89563,-7.29087e-06,0.896797,0.000120811,-0.00116639,0,2.68026e-05,-2.9688e-07,3.68927e-05,7.025e-06,-1.00901e-05,0,0.564944,-0.000144633,0.565057,0.00013023,-0.000113274,0
ERF_Log_File_20241002_1542.csv,sp,12,emfpe,4,0,filled_square,prism,CCS200_Spectrum_1411940540.csv,1.41194e+09,4.6291,0.00060551,0.633491,0.0011589,34.1714,0.950583,0.000126101,1.123,1,0.0103552,3.26511e-05,0.94,0,6.35e-06,0.000289,8.31e-05,7.51e-06,0,6.93e-06,0.000131444,6.18e-05,2.89e-05,5.77e-06,2.54e-05,9.24e-06,1.3152e-05,4.04e-05,0.561606,2.60837e-05,0.890939,0.759306,0.000120936,3.82208e-06,0.00016763,0.000191275,314.371,0.0477097,-0.000211158,2.97634e-05,1.57271e-05,3.00599e-05,-0.00239381,0.00173179,0.00176633,0.00173179,2.08226e-05,7.40712e-06,0.191513,0.00863401,0.223624,0.342648,0.161643,1.04586,228,10,0.991712,0.991945,0.991945,0.991303,0.000130679,1.55335e-09,5.30576e-05,0.000116152,0.765968,0.898174,2.62955e-05,0.566299,-0,0,0,0,0,0.000102854,0.000201731,3.49905e-05,9.27829e-05,-0.000233705,3.28047e-09,9.22215e-05,2.86385e-09,-0.000622841,1.95943e-06,-0.000649558,1.66871e-06,8.14817e-05,0.00012724,4.67021e-05,1.60228e-05,2.26809e-08,2.45857e-05,7.45217e-05,7.5631e-05,2.10156e-08,7.53669e-05,0.950583,0.000196896,0.000168394,3.82215e-06,0.000123399,0.762077,-0.00389092,0.761942,0.000114357,0.000134775,0,0.898169,-5.22404e-06,0.897571,0.000123455,0.000597984,0,2.60074e-05,-2.88072e-07,3.58595e-05,7.26837e-06,-9.8521e-06,0,0.566166,-0.000133512,0.566295,0.000112321,-0.000128614,0
ERF_Log_File_20250123_1438.csv,sp,12,emfpe,7,1,filled_square,prism,CCS200_Spectrum_1421703506.csv,1.4217e+09,2.23993,0.000145392,0.59823,0.000413528,34.172,0.951007,0.000125866,1.13079,1,0.0105884,2.55868e-05,0.95,0,6.35e-06,0.000289,8.31e-05,7.51e-06,0,6.93e-06,0.000131499,6.18e-05,2.89e-05,5.77e-06,2.54e-05,9.24e-06,1.31373e-05,4.04e-05,0.56143,2.57496e-05,0.890175,0.75975,6.14851e-05,4.87575e-06,9.70516e-05,8.53704e-05,326.819,0.0352522,-0.000247507,2.06587e-05,7.35285e-05,2.06667e-05,-0.0010769,0.00023911,0.000122165,0.000239109,-1.52476e-06,1.03643e-06,0.0247175,0.0114516,0.0330665,0.055895,0.118226,1.04557,228,10,0.991715,0.991948,0.991948,0.991306,0.000130509,1.53324e-09,5.30047e-05,0.000116215,0.766413,0.897401,2.59586e-05,0.56612,0,0,0,0,0,0.000102071,0.000201145,3.36578e-05,9.14349e-05,-0.000246966,2.31178e-09,6.66698e-05,1.00886e-09,-0.000989853,2.75318e-06,-0.00034966,2.74072e-06,7.84089e-05,0.000133953,4.78008e-05,1.60346e-05,2.28714e-08,2.44481e-05,7.01785e-05,7.60878e-05,2.37559e-08,8.68246e-05,0.951007,9.78452e-05,9.83676e-05,4.8758e-06,6.6148e-05,0.761351,-0.00506267,0.762102,0.00011413,-0.000751044,0,0.897297,-0.000104355,0.897625,0.000123779,-0.000328027,0,2.55816e-05,-3.77016e-07,3.57828e-05,7.25543e-06,-1.02012e-05,0,0.56646,0.000339737,0.566377,0.000111757,8.29706e-05,0
ERF_Log_File_20240813_1612.csv,sp,12,emfpe,2,0,filled_square,prism,CCS200_Spectrum_1407622364.csv,1.40762e+09,4.18332,0.000225698,0.599283,0.000438603,34.1707,0.95423,0.000126144,0.213587,1,0.0107538,3.40766e-05,0.95,0,6.35e-06,0.000289,8.31e-05,7.51e-06,0,6.93e-06,0.00013195,6.18e-05,2.89e-05,5.77e-06,2.54e-05,9.24e-06,1.30256e-05,4.04e-05,0.562624,1.40611e-05,0.891284,0.761186,6.68846e-05,4.78846e-06,0.000102395,8.93694e-05,322.02,0.0352121,-0.000193467,2.13262e-05,4.47573e-05,2.13601e-05,-0.00196945,0.000494995,-0.000754469,0.000494993,-1.00837e-05,2.12428e-06,0.0605302,0.0110806,0.0724998,0.0740251,0.119127,1.04572,228,10,0.991737,0.991976,0.991976,0.991333,0.000129809,8.36378e-10,5.30149e-05,0.000116391,0.767841,0.898494,1.41748e-05,0.567312,-0,0,0,0,0,0.000102534,0.000201539,3.41594e-05,9.2055e-05,-0.000270238,2.91669e-09,9.58165e-05,1.85671e-09,-0.00175728,1.70925e-05,-0.000628881,1.68467e-05,9.15136e-05,0.000238647,5.41597e-05,1.63856e-05,2.47045e-08,2.36973e-05,7.49752e-05,7.59587e-05,1.13287e-08,7.50388e-05,0.95423,0.000104497,0.000103698,4.78852e-06,7.09407e-05,0.763945,-0.00389563,0.763418,0.000113884,0.000527696,0,0.898489,-4.0669e-06,0.898039,0.000126886,0.000450268,0,1.40196e-05,-1.55288e-07,3.51744e-05,6.97258e-06,-2.11548e-05,0,0.567185,-0.000127159,0.566993,0.000111597,0.000191268,0
ERF_Log_File_20240812_1756.csv,sp,12,emfpe,2,0,filled_square,prism,CCS200_Spectrum_1407542196.csv,1.40754e+09,4.76647,0.000272781,0.60099,0.000729133,34.1717,0.954231,0.000126219,0.223966,1,0.0107148,3.59701e-05,0.95,0,6.35e-06,0.000289,8.31e-05,7.51e-06,0,6.93e-06,0.00013195,6.18e-05,2.89e-05,5.77e-06,2.54e-05,9.24e-06,1.30255e-05,4.04e-05,0.562344,-5.87835e-06,0.890513,0.760659,5.81878e-05,4.1109e-06,9.22221e-05,8.33006e-05,324.015,0.0313748,-0.000266518,1.89061e-05,0.000112065,1.8943e-05,-0.00184003,0.000485892,-0.000303995,0.000485891,-1.295e-05,2.08473e-06,0.0469826,0.00957103,0.076043,0.0900083,0.106234,1.04585,228,10,0.991737,0.991976,0.991976,0.991333,0.000129744,-3.49653e-10,5.2969e-05,0.00011631,0.767309,0.897716,-5.9259e-06,0.567029,0,0,0,0,0,0.000102348,0.000201308,3.3949e-05,9.18174e-05,-0.00027025,2.90968e-09,9.57118e-05,1.85374e-09,-0.00175727,1.70927e-05,-0.000628874,1.68466e-05,9.14905e-05,0.000238645,5.41931e-05,1.63955e-05,2.47197e-08,2.37112e-05,7.49234e-05,7.58931e-05,4.73603e-09,7.50013e-05,0.954231,9.93749e-05,9.3669e-05,4.11097e-06,6.28133e-05,0.763416,-0.00389293,0.763418,0.000113884,-1.64269e-06,0,0.897712,-4.06307e-06,0.898039,0.000126887,-0.000327095,0,-5.86098e-06,6.49194e-08,3.51742e-05,6.97249e-06,-4.10352e-05,0,0.566902,-0.000127094,0.566993,0.000111597,-9.1188e-05,0
ERF_Log_File_20241002_1233.csv,sp,12,emfpe,4,0,filled_square,prism,CCS200_Spectrum_1411929211.csv,1.41193e+09,4.85208,0.000802051,0.631234,0.00158427,34.1717,0.95968,0.000126849,1.03035,1,0.0103571,4.89756e-05,0.95,0,6.35e-06,0.000289,8.31e-05,7.51e-06,0,6.93e-06,0.000132769,6.18e-05,2.89e-05,5.77e-06,2.54e-05,9.24e-06,1.28367e-05,4.04e-05,0.563231,3.61071e-05,0.891478,0.7628,0.000115794,4.83004e-06,0.000249219,0.000164508,324.769,0.056884,-0.000319756,3.43236e-05,5.2327e-05,3.45448e-05,-0.00698062,0.00160132,0.00191009,0.00160132,1.81557e-05,6.8681e-06,0.138948,0.0112717,0.453098,0.220852,0.192666,1.04587,228,10,0.991773,0.992023,0.992023,0.991378,0.000128329,2.14398e-09,5.29343e-05,0.000116564,0.769434,0.898647,3.63974e-05,0.567903,0,0,0,0,0,0.000102528,0.00020149,3.38702e-05,9.18313e-05,-0.0002253,3.26158e-09,8.83908e-05,2.84833e-09,-0.000789163,1.80752e-06,-0.000373122,1.53934e-06,7.84226e-05,0.000116229,5.31659e-05,1.70066e-05,2.7909e-08,2.20355e-05,7.55361e-05,7.64222e-05,2.90891e-08,7.44902e-05,0.95968,0.000172879,0.000249799,4.83012e-06,0.000117862,0.765537,-0.00389669,0.765786,0.000117505,-0.000248314,0,0.898644,-2.42706e-06,0.898759,0.000131975,-0.00011443,0,3.59987e-05,-3.98741e-07,3.40414e-05,6.47597e-06,1.95731e-06,0,0.567786,-0.000117615,0.567981,0.000119175,-0.000195017,0
ERF_Log_File_20241002_1654.csv,sp,12,emfpe,4,0,filled_square,prism,CCS200_Spectrum_1411944904.csv,1.41195e+09,4.84305,0.000455335,0.62829,0.00206713,34.1714,0.965492,0.000126134,1.24213,1,0.0106651,3.36859e-05,0.956,0,6.35e-06,0.000289,8.31e-05,7.51e-06,0,6.93e-06,0.000133543,6.18e-05,2.89e-05,5.77e-06,2.54e-05,9.24e-06,1.26352e-05,4.04e-05,0.563309,2.89474e-05,0.893585,0.766545,0.00034667,3.58039e-06,0.000371381,0.000306542,320.912,0.116709,-0.000298498,7.11889e-05,7.71249e-06,7.14709e-05,0.00283218,0.00259899,-0.00484573,0.00259898,-0.000130411,1.11668e-05,0.691468,0.00833018,0.389402,0.275927,0.413342,1.02701,228,10,0.991811,0.992071,0.992071,0.991425,0.00012666,1.71571e-09,5.29626e-05,0.000117058,0.773175,0.900727,2.91788e-05,0.56796,-0,0,0,0,0,0.00010318,0.000202069,3.42773e-05,9.2243e-05,-0.000219545,3.31538e-09,8.54786e-05,2.89611e-09,-0.000886127,1.77012e-06,-0.000222627,1.50749e-06,7.62559e-05,0.000110876,3.70121e-05,1.74486e-05,3.105e-08,2.03995e-05,7.63362e-05,7.7082e-05,2.33199e-08,7.39144e-05,0.965492,0.000308764,0.000371792,3.58052e-06,0.000347267,0.769267,-0.00390835,0.767904,0.000130737,0.00136261,0,0.900726,-7.98736e-07,0.89955,0.00013597,0.00117568,0,2.88591e-05,-3.19659e-07,3.26868e-05,5.94817e-06,-3.8277e-06,0,0.567852,-0.000107544,0.568949,0.000124282,-0.00109694,0
ERF_Log_File_20241002_1439.csv,sp,12,emfpe,4,0,filled_square,prism,CCS200_Spectrum_1411936758.csv,1.41194e+09,4.82552,0.000421641,0.630199,0.0010246,34.1712,0.971511,0.00012645,1.15301,1,0.0108,4.13419e-05,0.962,0,6.35e-06,0.000289,8.31e-05,7.51e-06,0,6.93e-06,0.000134324,6.18e-05,2.89e-05,5.77e-06,2.54e-05,9.24e-06,1.24266e-05,4.04e-05,0.565816,2.59128e-05,0.892958,0.766707,0.000158662,4.08258e-06,0.000248228,0.000229539,316.814,0.083226,-0.000208205,5.12733e-05,0.00017338,5.13672e-05,-0.0019066,0.00127356,-0.00412932,0.00127355,5.60966e-05,5.47843e-06,0.125242,0.00929532,0.182905,0.249578,0.282595,1.04565,228,10,0.99185,0.992121,0.992121,0.991473,0.000125519,1.53299e-09,5.28271e-05,0.000117002,0.773301,0.900049,2.61186e-05,0.570465,-0,0,0,0,0,0.000103473,0.000202076,3.47207e-05,9.29436e-05,-0.000213418,3.38579e-09,8.22989e-05,2.95673e-09,-0.000979214,1.76695e-06,-8.65358e-05,1.50479e-06,7.39293e-05,0.000106576,1.3104e-05,1.79023e-05,3.46004e-08,2.04749e-05,7.67953e-05,7.75246e-05,2.08742e-08,7.37245e-05,0.971511,0.00022991,0.000248874,4.08273e-06,0.000159973,0.769399,-0.0039017,0.769108,0.000150086,0.000290819,0,0.90005,7.64963e-07,0.900393,0.000137599,-0.000343244,0,2.58325e-05,-2.86134e-07,3.11228e-05,6.12566e-06,-5.29037e-06,0,0.570368,-9.77868e-05,0.569917,0.000130232,0.000450644,0
ERF_Log_File_20241002_1613.csv,sp,12,emfpe,4,0,filled_square,prism,CCS200_Spectrum_1411942430.csv,1.41194e+09,4.88378,0.000563197,0.629931,0.0010223,34.1713,0.97606,0.000126346,1.08245,1,0.0109933,3.91249e-05,0.967,0,6.35e-06,0.000289,8.31e-05,7.51e-06,0,6.93e-06,0.000134996,6.18e-05,2.89e-05,5.77e-06,2.54e-05,9.24e-06,1.22689e-05,4.04e-05,0.566117,2.43121e-05,0.894778,0.767324,0.000197448,4.65316e-06,0.000242935,0.00022533,318.572,0.070117,-0.000169102,4.31564e-05,0.00012553,4.35373e-05,0.00582149,0.00236078,0.00277395,0.00236077,9.56216e-05,1.01061e-05,0.343823,0.0106546,0.327455,0.339196,0.236208,1.04547,228,10,0.991879,0.992158,0.992158,0.991509,0.000124327,1.4363e-09,5.28615e-05,0.000117036,0.773895,0.90185,2.45043e-05,0.570752,-0,0,0,0,0,0.000103419,0.000202404,3.45291e-05,9.27833e-05,-0.000208827,3.43764e-09,7.96639e-05,3.00209e-09,-0.00104478,1.78155e-06,3.8326e-06,1.51722e-06,7.21226e-05,0.00010489,3.01259e-06,1.80794e-05,3.72252e-08,2.15251e-05,7.71909e-05,7.80592e-05,1.9584e-08,7.34313e-05,0.97606,0.000225351,0.000243609,4.65331e-06,0.000198616,0.769996,-0.00389936,0.769275,0.000161525,0.00072058,0,0.901852,1.86519e-06,0.901041,0.000138054,0.000810885,0,2.42358e-05,-2.68449e-07,2.98305e-05,6.33505e-06,-5.5947e-06,0,0.570662,-9.02698e-05,0.57067,0.000137522,-7.97747e-06,0
ERF_Log_File_20241002_1304.csv,sp,12,emfpe,4,0,filled_square,prism,CCS200_Spectrum_1411931101.csv,1.41193e+09,4.90061,0.000656488,0.63095,0.00178628,34.1712,0.983921,0.000126377,1.16049,1,0.0112808,4.00158e-05,0.975,0,6.35e-06,0.000289,8.31e-05,7.51e-06,0,6.93e-06,0.000136135,6.18e-05,2.89e-05,5.77e-06,2.54e-05,9.24e-06,1.19964e-05,4.04e-05,0.567422,3.23485e-05,0.893304,0.765331,0.000189512,4.21425e-06,0.000429417,0.000251795,315.155,0.0920306,-0.0001097,5.71791e-05,6.62098e-05,5.74351e-05,-0.00360471,0.00221994,0.00483748,0.00221994,-8.0413e-05,9.53319e-06,0.204336,0.00954333,0.775606,0.257666,0.311361,1.04573,228,10,0.991929,0.992221,0.992221,0.991569,0.000122493,1.90659e-09,5.26505e-05,0.000116626,0.771838,0.900307,3.26021e-05,0.572039,-0,0,0,0,0,0.00010344,0.000202208,3.49035e-05,9.32917e-05,-0.000200583,3.5128e-09,7.50624e-05,3.07093e-09,-0.00114871,1.82769e-06,0.000136497,1.55651e-06,6.89112e-05,0.000128522,1.37409e-05,1.81847e-05,4.18795e-08,2.48001e-05,7.75631e-05,7.85804e-05,2.60559e-08,7.31429e-05,0.983921,0.000252168,0.000429803,4.21446e-06,0.000191132,0.767958,-0.00388012,0.768623,0.000161433,-0.000664427,0,0.900311,3.58831e-06,0.902171,0.000139578,-0.00185973,0,3.22449e-05,-3.57162e-07,2.73703e-05,6.70233e-06,4.87462e-06,0,0.571961,-7.77097e-05,0.57211,0.000146352,-0.000149077,0
ERF_Log_File_20241002_1407.csv,sp,12,emfpe,4,0,filled_square,prism,CCS200_Spectrum_1411934868.csv,1.41194e+09,4.6869,0.00056618,0.636361,0.00171389,34.1711,0.994199,0.000126123,1.06771,1,0.0118198,3.39802e-05,0.985,0,6.35e-06,0.000289,8.31e-05,7.51e-06,0,6.93e-06,0.000137519,6.18e-05,2.89e-05,5.77e-06,2.54e-05,9.24e-06,1.16401e-05,4.04e-05,0.548479,3.96577e-05,0.89583,0.765242,0.012878,4.56125e-06,0.000258865,0.000212806,296.418,0.0765503,-0.000193652,5.05263e-05,5.68002e-05,5.06934e-05,0.00540159,0.00168603,-0.00147921,0.00168603,5.59844e-05,7.24502e-06,27.432,0.0097156,0.246864,0.164191,0.259282,1.04587,228,10,0.991992,0.992302,0.992302,0.991647,0.000115837,2.33038e-09,5.26409e-05,0.000116473,0.771688,0.90278,3.99654e-05,0.552907,-0,0,0,0,0,0.000104849,0.000203476,3.71098e-05,9.36565e-05,-0.000189812,3.58559e-09,6.87334e-05,3.13827e-09,-0.00126747,1.90469e-06,0.000269115,1.62209e-06,6.46364e-05,0.000153659,6.89817e-06,1.78601e-05,4.79613e-08,2.62753e-05,7.82969e-05,7.96541e-05,3.19407e-08,7.03313e-05,0.994199,0.00021292,0.000259482,4.5615e-06,0.012878,0.76782,-0.00386841,0.768112,0.000135619,-0.000292116,0,0.902785,5.54469e-06,0.903641,0.000146131,-0.000856032,0,3.95275e-05,-4.37828e-07,2.37138e-05,7.19852e-06,1.58137e-05,0,0.552847,-5.95968e-05,0.574217,0.000143295,-0.0213694,0
ERF_Log_File_20250123_1406.csv,sp,12,emfpe,7,1,filled_square,prism,CCS200_Spectrum_1421701631.csv,1.4217e+09,3.91314,0.000342993,0.520263,0.00100444,34.1717,1.00215,0.000126247,1.18155,1,0.0121112,3.81326e-05,1,0,6.35e-06,0.000289,8.31e-05,7.51e-06,0,6.93e-06,0.000138501,6.18e-05,2.89e-05,5.77e-06,2.54e-05,9.24e-06,1.14087e-05,4.04e-05,0.571129,3.69611e-05,0.897436,0.767177,7.95783e-05,6.1522e-06,0.000122948,0.000105504,222.899,0.0301324,-0.00020864,2.59489e-05,8.49467e-05,2.596e-05,-0.0014094,0.000315072,-0.00059169,0.000315071,-1.85966e-06,1.36581e-06,0.0306918,0.00985365,0.0318916,0.0305776,0.102013,1.04587,228,10,0.992039,0.992362,0.992362,0.991706,0.000118636,2.16698e-09,5.26155e-05,0.000116659,0.773593,0.904343,3.72456e-05,0.575712,0,0,0,0,0,0.000114035,0.000208589,4.93497e-05,0.000109699,-0.00021464,2.09469e-09,6.2513e-05,9.14926e-10,-0.000991914,2.32521e-06,-0.000186196,2.31471e-06,6.92882e-05,0.000117813,3.5494e-05,1.73451e-05,5.26778e-08,2.48402e-05,7.33445e-05,7.99984e-05,3.40851e-08,7.78015e-05,1.00215,0.000111347,0.000124168,6.15243e-06,8.33897e-05,0.768514,-0.0050794,0.769452,0.000131564,-0.000938039,0,0.904209,-0.000134444,0.904752,0.000150022,-0.000542809,0,3.67046e-05,-5.40945e-07,2.05389e-05,6.953e-06,1.61657e-05,0,0.575958,0.000245948,0.575839,0.000133268,0.000119243,0
ERF_Log_File_20250218_2057.csv,sp,13,emfpe,9,1,filled_square,prism,CCS200_Spectrum_1423972687.csv,1.42397e+09,3.17039,0.00029201,0.515892,0.00216948,34.1712,1.00216,0.000126301,1.11893,1,0.0123266,3.97003e-05,1,0,6.35e-06,0.000289,8.31e-05,7.51e-06,0,6.93e-06,0.000114558,6.18e-05,2.89e-05,5.77e-06,2.54e-05,9.24e-06,1.14085e-05,4.04e-05,0.570806,4.00498e-05,0.898686,0.76893,0.000111781,9.38962e-06,0.000170435,0.00014568,167.657,0.0315487,-0.000203594,3.54988e-05,9.98067e-05,3.55071e-05,7.21686e-05,0.000323957,-0.000139244,0.000323956,6.50642e-06,1.39839e-06,0.0366007,0.0113168,0.0252886,0.0204715,0.10678,1.04494,228,10,0.993022,0.993344,0.993344,0.992692,0.000106596,1.90359e-09,4.27151e-05,0.00010122,0.774591,0.904708,4.03182e-05,0.574817,-0,0,0,0,0,0.000128525,0.000217012,6.56101e-05,0.00013051,-0.000233402,6.83798e-09,0.000112716,2.87866e-09,6.91459e-05,2.94136e-07,-0.000143141,2.50199e-07,8.65295e-05,2.12287e-05,3.55414e-05,1.73516e-05,5.27047e-08,2.48475e-05,7.34395e-05,8.00313e-05,3.68969e-08,7.76791e-05,1.00216,0.000149977,0.000171318,9.38977e-06,0.000114527,0.769505,-0.00508594,0.769455,0.000131575,5.00399e-05,0,0.904573,-0.000134504,0.904753,0.000150025,-0.00017988,0,3.97326e-05,-5.8557e-07,2.05347e-05,6.95209e-06,1.91978e-05,0,0.575063,0.000245548,0.575841,0.000133252,-0.000778288,0
ERF_Log_File_20240813_1540.csv,sp,12,emfpe,2,0,filled_square,prism,CCS200_Spectrum_1407620462.csv,1.40762e+09,3.78353,0.000252618,0.516839,0.00218494,34.1709,1.00344,0.00012673,0.202614,1,0.0123038,4.92121e-05,1,0,6.35e-06,0.000289,8.31e-05,7.51e-06,0,6.93e-06,0.000138624,6.18e-05,2.89e-05,5.77e-06,2.54e-05,9.24e-06,1.13904e-05,4.04e-05,0.571699,1.69134e-05,0.89845,0.767721,5.7904e-05,7.14774e-06,8.49182e-05,7.85816e-05,222.084,0.0200231,-0.000240497,1.76051e-05,4.30738e-05,1.76401e-05,-0.000645581,0.000456537,-0.00076035,0.000456535,5.57315e-05,1.95862e-06,0.0397553,0.0114506,0.0400105,0.0622576,0.0672796,1.0379,228,10,0.992047,0.992372,0.992372,0.991715,0.000118438,9.91248e-10,5.26558e-05,0.000116723,0.774135,0.905356,1.70434e-05,0.576282,-0,0,0,0,0,0.000114233,0.00020888,4.95308e-05,0.000109967,-0.000206906,4.73043e-09,4.13149e-05,3.01621e-09,-0.000879131,2.61574e-05,0.000141927,2.57807e-05,6.20552e-05,0.000102377,3.97109e-05,1.72999e-05,5.34047e-08,2.44857e-05,7.92147e-05,8.06531e-05,1.36212e-08,7.31606e-05,1.00344,8.80915e-05,8.66664e-05,7.14794e-06,6.29003e-05,0.770263,-0.00387138,0.769837,0.000133042,0.000426128,0,0.905363,7.01653e-06,0.904928,0.000150349,0.000434695,0,1.68567e-05,-1.86714e-07,1.99976e-05,6.83529e-06,-3.14093e-06,0,0.576234,-4.81837e-05,0.57609,0.000131349,0.000143566,0
ERF_Log_File_20240812_1723.csv,sp,12,emfpe,2,0,filled_square,prism,CCS200_Spectrum_1407540220.csv,1.40754e+09,3.75384,0.000183221,0.521634,0.00025882,34.1713,1.00374,0.000126917,0.229598,1,0.012242,5.27339e-05,1,0,6.35e-06,0.000289,8.31e-05,7.51e-06,0,6.93e-06,0.000138653,6.18e-05,2.89e-05,5.77e-06,2.54e-05,9.24e-06,1.13861e-05,4.04e-05,0.571831,-2.6385e-05,0.898118,0.767395,7.23243e-05,7.4406e-06,0.000111173,9.73333e-05,226.558,0.0274714,-0.000194866,2.34971e-05,5.36966e-05,2.35149e-05,-0.000751257,0.000378388,0.000841286,0.000378387,-1.25603e-06,1.6247e-06,0.0332004,0.0121129,0.0363169,0.0460545,0.0930121,1.04587,228,10,0.992049,0.992374,0.992374,0.991717,0.000118391,-1.54623e-09,5.26318e-05,0.00011667,0.773804,0.90502,-2.65878e-05,0.576414,-0,0,0,0,0,0.000113418,0.000208384,4.85527e-05,0.000108805,-0.000206174,4.77482e-09,4.07115e-05,3.03622e-09,-0.000870241,2.63124e-05,0.000149127,2.59337e-05,6.17213e-05,0.0001022,4.0681e-05,1.72988e-05,5.35937e-08,2.44114e-05,7.92025e-05,8.06482e-05,2.12492e-08,7.31756e-05,1.00374,0.000105532,0.000112514,7.44079e-06,7.63592e-05,0.769935,-0.00386944,0.769931,0.000133416,4.00911e-06,0,0.905027,7.05652e-06,0.904969,0.000150423,5.73961e-05,0,-2.62965e-05,2.91274e-07,1.98712e-05,6.80795e-06,-4.61677e-05,0,0.576366,-4.77517e-05,0.576148,0.000130931,0.000217885,0
ERF_Log_File_20250508_1334.csv,sp,13,fmfpe,11,2,filled_square,prism,ERF_OSA207_Spectra_20250508_1334.csv,1.43077e+09,4.68947,0.000541362,0.486504,0.00134962,33.2887,1.01912,6.55408e-06,0.000775,2,0.0101971,0.000127946,1.02,0,6.35e-06,0.000289,8.31e-05,7.51e-06,0,6.93e-06,0.000116708,6.18e-05,2.89e-05,5.77e-06,2.54e-05,9.24e-06,1.11689e-05,4.04e-05,0.574238,1.64892e-05,0.900819,0.769914,8.34596e-05,2.18991e-06,0.000132652,0.000112602,252.19,0.0350435,-0.000198081,2.70528e-05,0.000103172,2.70861e-05,-0.000114324,0.000551155,-0.000491636,0.000551154,-2.51023e-06,2.3863e-06,0.0437616,0.00396839,0.0794363,0.0628325,0.118454,1.04584,228,10,0.993106,0.99345,0.99345,0.992793,0.000103367,7.81859e-10,4.27137e-05,0.000101336,0.775503,0.906758,1.65979e-05,0.578224,-0,0,0,0,0,0.00010988,0.000206913,4.36179e-05,0.000103282,-0.000216965,4.43838e-09,0.00011635,2.57797e-09,-0.000165582,4.26845e-06,0.000523898,3.61749e-06,8.33287e-05,6.89548e-05,2.53149e-06,8.23075e-07,2.67171e-09,8.31418e-07,0,0,0,0,1.01739,0.000112631,0.000132655,2.18991e-06,8.34638e-05,0.775503,0,0.775343,0.000163005,0.000160136,0.0012064,0.906758,0,0.906755,0.000159265,2.86051e-06,0.000392242,1.65979e-05,0,1.40898e-05,6.18425e-06,2.50812e-06,1.27322e-06,0.578224,0,0.578383,0.000124563,-0.000158627,0.000396218
ERF_Log_File_20250127_1547.csv,sp,12,emfpe,7,1,filled_square,prism,ERF_OSA207_Spectra_20250127_1547.csv,1.42205e+09,2.25439,0.000219052,0.482096,0.000551231,34.1713,1.02936,2.63929e-05,0.000735439,2,0.0109228,0.000265455,1.025,0,6.35e-06,0.000289,8.31e-05,7.51e-06,0,6.93e-06,0.000142105,6.18e-05,2.89e-05,5.77e-06,2.54e-05,9.24e-06,1.10243e-05,4.04e-05,0.575114,2.93547e-05,0.901961,0.777473,7.06171e-05,1.25939e-05,0.000110925,9.70709e-05,129.985,0.0156004,-0.000178878,2.32069e-05,3.79063e-05,2.3222e-05,-0.000715703,0.000344956,0.000387521,0.000344956,4.43351e-06,1.49506e-06,0.0137381,0.011763,0.0225744,0.0247812,0.0527133,1.04584,228,10,0.992195,0.992561,0.992561,0.991897,0.000113146,1.70814e-09,5.24849e-05,0.000117829,0.783824,0.908721,2.95747e-05,0.579638,-0,0,0,0,0,0.000148395,0.000229547,8.46251e-05,0.000157372,-0.000196055,1.93846e-09,5.89295e-05,8.43746e-10,-0.00100261,2.08512e-06,-0.000113494,2.07569e-06,6.37462e-05,0.000111612,3.49096e-06,3.18513e-06,8.59959e-09,1.99855e-06,7.57051e-05,8.2222e-05,2.70651e-08,7.52456e-05,1.02826,9.7132e-05,0.000110971,1.25939e-05,7.06453e-05,0.778693,-0.00513131,0.778321,0.000217685,0.000372159,0.00041754,0.90857,-0.000150504,0.90809,0.000182523,0.00048067,0.000380962,2.91452e-05,-4.29535e-07,1.00503e-05,6.99762e-06,1.90949e-05,1.02856e-06,0.579839,0.000201197,0.579429,0.000127393,0.000410684,0.000239039
ERF_Log_File_20240930_2001.csv,sp,12,emfpe,4,0,filled_square,prism,ERF_OSA207_Spectra_20240930_2001.csv,1.41178e+09,4.87875,0.000384858,0.799214,0.00698161,34.1715,1.04238,3.393e-06,0.00789355,2,0.0123851,5.01241e-05,1.03,0,6.35e-06,0.000289,8.31e-05,7.51e-06,0,6.93e-06,0.000144401,6.18e-05,2.89e-05,5.77e-06,2.54e-05,9.24e-06,1.08404e-05,4.04e-05,0.575317,2.19694e-05,0.900025,0.77168,0.00014935,5.95891e-06,0.000290387,0.000371168,281.058,0.0457669,-0.000165242,3.20038e-05,5.12465e-05,3.29285e-05,-0.00127989,0.00322431,-0.00197178,0.0032243,0.00051093,1.36189e-05,0.222155,0.0120472,0.510897,0.716991,0.156003,1.04472,228,10,0.992266,0.992651,0.992651,0.991985,0.00011043,1.27395e-09,5.21901e-05,0.000116752,0.777915,0.906688,2.2132e-05,0.579801,-0,0,0,0,0,0.00010688,0.000205072,3.91378e-05,9.84648e-05,-0.000143714,3.96284e-09,4.17221e-05,3.47726e-09,-0.00159653,2.12879e-06,0.000427293,1.81294e-06,4.63591e-05,0.000202383,5.8109e-07,4.0933e-07,2.81753e-10,4.08888e-07,8.25367e-05,8.41833e-05,1.76881e-08,7.48942e-05,1.04526,0.000371168,0.000290387,5.95891e-06,0.000149351,0.77406,-0.00385475,0.777191,0.000206963,-0.00313109,0.00054957,0.906699,1.02848e-05,0.910129,0.000187325,-0.00343012,0.000387127,2.18896e-05,-2.42461e-07,6.38179e-06,6.90527e-06,1.55078e-05,2.6647e-07,0.579809,8.1422e-06,0.580887,0.000137143,-0.00107774,0.000386709
ERF_Log_File_20240930_1913.csv,sp,12,emfpe,4,0,filled_square,prism,ERF_OSA207_Spectra_20240930_1913.csv,1.41178e+09,3.61225,0.000314752,0.749684,0.00105446,34.1713,1.05222,5.84954e-06,0.0132567,2,0.00854402,7.13491e-05,1.06,0,6.35e-06,0.000289,8.31e-05,7.51e-06,0,6.93e-06,0.000145386,6.18e-05,2.89e-05,5.77e-06,2.54e-05,9.24e-06,1.07014e-05,4.04e-05,0.578412,3.10029e-06,0.905388,0.772964,0.000157512,3.92633e-06,0.000241571,0.000233018,416.381,0.0974227,-4.90603e-05,4.58142e-05,-4.56521e-05,4.60196e-05,-0.00396792,0.00177996,0.00336486,0.00177996,-8.33372e-05,7.64527e-06,0.238237,0.0117463,0.346421,0.436167,0.32987,1.04586,228,10,0.992318,0.992717,0.992717,0.992048,0.000109034,1.79312e-10,5.23652e-05,0.000116791,0.77916,0.91203,3.12304e-06,0.58289,-0,0,0,0,0,9.95058e-05,0.000202417,2.64181e-05,8.67345e-05,-0.000135684,4.08841e-09,3.74487e-05,3.58431e-09,-0.00162347,2.13267e-06,0.000392471,1.81624e-06,4.32832e-05,0.000201594,3.40761e-07,7.28776e-07,5.25471e-10,9.64907e-07,8.33509e-05,8.54827e-05,2.49596e-09,7.60011e-05,1.05513,0.000233018,0.000241572,3.92633e-06,0.000157515,0.775306,-0.00385404,0.775893,0.000210948,-0.000586825,0.0001887,0.912041,1.03618e-05,0.911336,0.000201338,0.00070448,0.000403568,3.08882e-06,-3.42135e-08,6.45206e-06,5.44367e-06,-3.36324e-06,2.90985e-07,0.58291,2.00655e-05,0.582326,0.000135308,0.000583931,0.000534328
ERF_Log_File_20250127_1619.csv,sp,12,emfpe,7,1,filled_square,prism,ERF_OSA207_Spectra_20250127_1619.csv,1.42206e+09,3.75066,0.000253559,0.40934,0.00111723,34.1719,1.07199,8.75971e-06,0.00110084,2,0.00887719,0.000220413,1.075,0,6.35e-06,0.000289,8.31e-05,7.51e-06,0,6.93e-06,0.000148409,6.18e-05,2.89e-05,5.77e-06,2.54e-05,9.24e-06,1.04221e-05,4.04e-05,0.580506,2.50139e-05,0.907269,0.777401,0.000128495,8.33762e-06,0.00020173,0.000172329,191.127,0.0422164,-0.000229845,3.87992e-05,6.99682e-05,3.88023e-05,-0.000501076,0.000217962,0.000152372,0.000217962,-1.42023e-06,9.44887e-07,0.0114416,0.0114558,0.0315742,0.0196849,0.13816,1.04488,228,10,0.992418,0.992845,0.992845,0.992172,0.000105677,1.43934e-09,5.22057e-05,0.000117134,0.783535,0.913807,2.51942e-05,0.584941,0,0,0,0,0,0.00012191,0.000214474,5.75534e-05,0.000120684,-0.000166586,1.65124e-09,5.18582e-05,7.22089e-10,-0.00103056,1.71762e-06,-2.09412e-05,1.70979e-06,5.46111e-05,0.000105157,2.74556e-06,1.17055e-06,2.13298e-09,1.43312e-06,7.79634e-05,8.56914e-05,2.30563e-08,7.39262e-05,1.07084,0.000172351,0.000201733,8.33762e-06,0.000128503,0.778429,-0.00510533,0.777963,0.000225459,0.000465905,0.0010304,0.91363,-0.000177091,0.913369,0.000203822,0.000260898,0.000439303,2.48283e-05,-3.65913e-07,9.27255e-06,4.86848e-06,1.55557e-05,8.00499e-07,0.585074,0.000132872,0.58502,0.000158807,5.36575e-05,0.000537844
ERF_Log_File_20240930_1833.csv,sp,12,emfpe,4,0,filled_square,prism,ERF_OSA207_Spectra_20240930_1833.csv,1.41178e+09,3.0279,0.000299215,0.749603,0.00110328,34.1718,1.0786,4.15257e-06,0.010751,2,0.0098334,9.17324e-05,1.09,0,6.35e-06,0.000289,8.31e-05,7.51e-06,0,6.93e-06,0.000149092,6.18e-05,2.89e-05,5.77e-06,2.54e-05,9.24e-06,1.03288e-05,4.04e-05,0.581271,-1.28762e-08,0.90935,0.780095,0.000346489,5.94649e-06,0.000394135,0.00033106,329.624,0.134427,-0.000164524,7.95528e-05,0.000161777,7.96842e-05,-0.00109172,0.00187628,-0.000457934,0.00187627,3.11e-05,8.07295e-06,0.597597,0.0140848,0.315724,0.211951,0.455377,1.04587,228,10,0.992451,0.992887,0.992887,0.992212,0.000104634,-7.39663e-13,5.22367e-05,0.000117426,0.786218,0.915865,-1.29684e-08,0.585692,0,0,0,0,0,0.000104086,0.000205167,3.33714e-05,9.32314e-05,-0.000117081,4.42996e-09,2.83909e-05,3.87967e-09,-0.00163907,2.09453e-06,0.000230838,1.78377e-06,3.6368e-05,0.000186992,1.59033e-06,5.6404e-07,1.09355e-09,5.71506e-07,8.59152e-05,8.79666e-05,1.03645e-11,7.88189e-05,1.08158,0.000331064,0.000394135,5.94649e-06,0.000346489,0.782345,-0.00387302,0.781916,0.000219192,0.000429314,0.00127165,0.915874,9.12142e-06,0.91482,0.000187835,0.00105409,0.000451015,-1.28264e-08,1.42072e-10,1.20543e-05,5.86851e-06,-1.20672e-05,8.74417e-07,0.585742,4.94288e-05,0.586627,0.000145714,-0.00088497,0.000456984
ERF_Log_File_20250127_1340.csv,sp,12,emfpe,7,1,filled_square,prism,ERF_OSA207_Spectra_20250127_1339.csv,1.42205e+09,4.72766,0.000190621,0.387631,0.000640504,34.1715,1.09968,8.46295e-06,0.00118077,2,0.00921065,0.000207614,1.1,0,6.35e-06,0.000289,8.31e-05,7.51e-06,0,6.93e-06,0.000152325,6.18e-05,2.89e-05,5.77e-06,2.54e-05,9.24e-06,1.00311e-05,4.04e-05,0.584393,3.19823e-05,0.910809,0.785566,5.91399e-05,6.37402e-06,9.20973e-05,7.96254e-05,225.508,0.0225501,-0.000148989,1.89943e-05,7.45356e-05,1.89998e-05,-0.00159934,0.000190306,-0.000202298,0.000190306,3.27705e-06,8.24929e-07,0.0148981,0.0103359,0.0219636,0.0204634,0.076111,1.04435,228,10,0.992551,0.993014,0.993014,0.992336,0.000101627,1.82738e-09,5.20411e-05,0.00011787,0.791633,0.917217,3.22073e-05,0.588779,-0,0,0,0,0,0.000115373,0.00021113,4.87788e-05,0.000110194,-0.000147378,1.45975e-09,4.63159e-05,6.38056e-10,-0.00105421,1.50119e-06,2.58898e-05,1.49445e-06,4.84235e-05,0.000108014,9.21162e-07,1.11693e-06,1.39853e-09,1.02823e-06,8.02944e-05,8.79654e-05,2.94743e-08,7.47581e-05,1.0985,7.96305e-05,9.21041e-05,6.37402e-06,5.91489e-05,0.78649,-0.00514281,0.786534,0.000243798,-4.35938e-05,0.000367074,0.917022,-0.000194805,0.917098,0.000133808,-7.57843e-05,0.000445085,3.17395e-05,-4.6777e-07,1.58965e-05,4.92772e-06,1.5843e-05,5.57301e-07,0.588871,9.17278e-05,0.588777,0.000108596,9.32936e-05,0.00040974
ERF_Log_File_20240930_2105.csv,sp,12,emfpe,4,0,filled_square,prism,ERF_OSA207_Spectra_20240930_2105.csv,1.41179e+09,4.43493,0.000306788,0.750341,0.000931646,34.171,1.10803,1.58877e-06,0.013047,2,0.0100552,3.35526e-05,1.12,0,6.35e-06,0.000289,8.31e-05,7.51e-06,0,6.93e-06,0.000153206,6.18e-05,2.89e-05,5.77e-06,2.54e-05,9.24e-06,9.97586e-06,4.04e-05,0.58558,2.03866e-05,0.912369,0.783911,0.000173997,4.20238e-06,0.000293242,0.00023303,445.497,0.123517,-7.97957e-05,5.41507e-05,0.000142325,5.42641e-05,-0.00313993,0.00143717,0.000855874,0.00143717,6.24311e-05,6.18177e-06,0.197386,0.0134532,0.47419,0.264942,0.41843,1.04587,228,10,0.992589,0.993062,0.993062,0.992383,0.000100505,1.16238e-09,5.20204e-05,0.000117465,0.789928,0.918743,2.0529e-05,0.589952,-0,0,0,0,0,9.99136e-05,0.000203526,2.46915e-05,8.61834e-05,-0.000100921,4.71076e-09,2.24229e-05,4.11783e-09,-0.00157194,2.00363e-06,-2.30394e-05,1.70635e-06,3.0836e-05,0.000159505,1.55583e-07,1.96561e-07,9.0903e-11,1.87459e-07,8.82898e-05,9.05468e-05,1.6407e-08,8.28376e-05,1.11109,0.00023303,0.000293242,4.20238e-06,0.000173997,0.78605,-0.00387781,0.786393,0.00027595,-0.000342433,0.000334034,0.918749,5.55934e-06,0.918712,0.000144695,3.68841e-05,0.000422012,2.03041e-05,-2.24899e-07,1.7255e-05,4.36384e-06,3.04916e-06,1.95167e-07,0.59003,7.82042e-05,0.590294,0.000102515,-0.000263238,0.00040247
ERF_Log_File_20250127_1412.csv,sp,12,emfpe,7,1,filled_square,prism,ERF_OSA207_Spectra_20250127_1411.csv,1.42205e+09,3.02924,0.000163534,0.356193,0.000431338,34.1719,1.13225,7.54831e-06,0.00139344,2,0.00958037,0.000182406,1.133,0,6.35e-06,0.000289,8.31e-05,7.51e-06,0,6.93e-06,0.000156863,6.18e-05,2.89e-05,5.77e-06,2.54e-05,9.24e-06,9.82319e-06,4.04e-05,0.587901,3.95126e-05,0.914721,0.783494,6.67128e-05,6.17225e-06,0.00010378,8.91192e-05,266.081,0.029883,-0.000148872,2.12617e-05,-7.80373e-07,2.12672e-05,-0.00126985,0.000203107,-0.000195377,0.000203107,4.81028e-06,8.80382e-07,0.0179946,0.0118011,0.0281572,0.0267115,0.100982,1.04584,228,10,0.992695,0.993197,0.993197,0.992514,9.73064e-05,2.23923e-09,5.18385e-05,0.000116932,0.789403,0.920986,3.97832e-05,0.592227,0,0,0,0,0,0.000109625,0.000208986,4.13408e-05,0.000102066,-0.000125564,1.25736e-09,3.95312e-05,5.44136e-10,-0.00108528,1.28917e-06,6.91506e-05,1.2833e-06,4.12738e-05,0.000115445,3.85031e-07,7.9953e-07,2.76476e-10,7.18722e-07,8.18771e-05,9.05996e-05,3.64074e-08,7.68683e-05,1.13104,8.91201e-05,0.000103783,6.17225e-06,6.67166e-05,0.784293,-0.00511088,0.785071,0.000283051,-0.000778825,0.000177118,0.92077,-0.000215979,0.920997,0.000146067,-0.0002263,0.000367791,3.92054e-05,-5.77801e-07,1.73082e-05,3.67855e-06,2.18972e-05,1.27181e-07,0.592273,4.61532e-05,0.592452,0.000100959,-0.000178806,0.000330619
ERF_Log_File_20240930_1727.csv,sp,12,emfpe,4,0,filled_square,prism,ERF_OSA207_Spectra_20240930_1727.csv,1.41177e+09,2.14911,0.000272379,0.747756,0.00237825,34.1715,1.13602,2.24213e-06,0.0143226,2,0.0105582,5.64816e-05,1.15,0,6.35e-06,0.000289,8.31e-05,7.51e-06,0,6.93e-06,0.00015728,6.18e-05,2.89e-05,5.77e-06,2.54e-05,9.24e-06,9.79942e-06,4.04e-05,0.586744,1.1187e-05,0.916376,0.783553,0.000499402,2.64704e-06,0.000376242,0.00033134,504.619,0.18579,-0.000263682,7.2097e-05,-1.09718e-05,7.24279e-05,0.00251988,0.00283393,0.00309618,0.00283392,-3.00098e-06,1.21692e-05,1.63055,0.00959799,0.60237,0.581275,0.629234,1.04587,228,10,0.992711,0.993217,0.993217,0.992534,9.65893e-05,6.33383e-10,5.18834e-05,0.000116866,0.789447,0.922634,1.12634e-05,0.591052,-0,0,0,0,0,9.86132e-05,0.000203782,2.17986e-05,8.42052e-05,-8.919e-05,4.79701e-09,2.03409e-05,4.188e-09,-0.00143993,1.90127e-06,-0.000294058,1.61918e-06,2.73827e-05,0.0001734,4.50016e-07,2.25674e-07,1.11011e-10,1.98103e-07,9.00564e-05,9.30516e-05,9.00181e-09,8.66893e-05,1.13916,0.00033134,0.000376242,2.64704e-06,0.000499402,0.78558,-0.0038666,0.786099,0.000283665,-0.000518255,0.000701925,0.922634,1.95204e-07,0.921835,0.000151116,0.000799678,0.000352001,1.114e-05,-1.23393e-07,1.69486e-05,3.51555e-06,-5.80863e-06,1.73152e-07,0.591154,0.000101347,0.593192,0.00010172,-0.00203811,0.000308997
ERF_Log_File_20250508_1406.csv,sp,13,fmfpe,11,2,filled_square,prism,ERF_OSA207_Spectra_20250508_1406.csv,1.43077e+09,2.81897,0.000353027,0.35232,0.000712978,33.2888,1.13616,8.7021e-06,0.00116175,2,0.00957812,0.000162334,1.136,0,6.35e-06,0.000289,8.31e-05,7.51e-06,0,6.93e-06,0.000130117,6.18e-05,2.89e-05,5.77e-06,2.54e-05,9.24e-06,9.79849e-06,4.04e-05,0.58906,1.42705e-05,0.915915,0.780543,6.32094e-05,1.76798e-06,8.83271e-05,7.60224e-05,231.97,0.0212812,-0.000123681,1.78999e-05,0.000101354,1.79308e-05,-0.000305106,0.000430739,-2.89407e-05,0.00043074,9.10674e-07,1.86412e-06,0.0543783,0.00294692,0.0452804,0.0419341,0.0720697,1.04587,228,10,0.993596,0.994074,0.994074,0.993394,8.55484e-05,6.68733e-10,4.29207e-05,0.000102421,0.785734,0.921375,1.43556e-05,0.592857,-0,0,0,0,0,0.000113818,0.000211623,4.74199e-05,0.00010902,-0.000136003,4.56201e-09,9.96855e-05,2.64861e-09,3.75084e-05,5.88381e-06,0.000790471,4.98651e-06,5.89222e-05,8.28454e-05,9.6076e-07,9.02261e-07,3.77409e-10,7.96053e-07,0,0,0,0,1.13423,7.60285e-05,8.83317e-05,1.76798e-06,6.32144e-05,0.785734,0,0.785329,0.000283746,0.000404617,0.000384443,0.921375,0,0.921332,0.000145168,4.35451e-05,0.000361035,1.43556e-05,0,1.71797e-05,3.63923e-06,-2.82414e-06,1.51018e-07,0.592857,0,0.59275,0.000102266,0.000106701,0.000318536
ERF_Log_File_20250127_1443.csv,sp,12,emfpe,7,1,filled_square,prism,ERF_OSA207_Spectra_20250127_1443.csv,1.42205e+09,2.91969,0.000125113,0.330755,0.000217426,34.1704,1.16568,8.07334e-06,0.00136674,2,0.0101293,0.000212589,1.166,0,6.35e-06,0.000289,8.31e-05,7.51e-06,0,6.93e-06,0.000161645,6.18e-05,2.89e-05,5.77e-06,2.54e-05,9.24e-06,9.61239e-06,4.04e-05,0.591455,3.27872e-05,0.918357,0.79282,7.91705e-05,6.95726e-06,0.000123089,0.000106639,232.543,0.0308885,-8.78024e-05,2.49976e-05,2.64968e-05,2.50032e-05,-0.00117413,0.000221645,0.000135002,0.000221644,5.50194e-06,9.6097e-07,0.0161837,0.0116256,0.0273828,0.0277264,0.104632,1.04581,228,10,0.992832,0.993369,0.993369,0.992682,9.34774e-05,1.84266e-09,5.16122e-05,0.000117627,0.798665,0.924487,3.30061e-05,0.595725,-0,0,0,0,0,0.000114944,0.000212086,4.73031e-05,0.000109103,-0.000103989,1.10717e-09,3.20299e-05,4.84897e-10,-0.00111851,1.13815e-06,0.000102431,1.13301e-06,3.40048e-05,0.000122094,1.9663e-06,7.485e-07,2.31249e-10,9.5594e-07,8.47389e-05,9.32272e-05,3.02053e-08,8.00639e-05,1.16443,0.000106657,0.000123091,6.95726e-06,7.91763e-05,0.793511,-0.00515324,0.793448,0.000271945,6.32619e-05,0.000870662,0.924249,-0.000238015,0.924252,0.000131922,-2.74211e-06,0.00033143,3.25267e-05,-4.79371e-07,1.58984e-05,3.36992e-06,1.66283e-05,1.02395e-07,0.595728,2.59617e-06,0.595659,0.000112959,6.83676e-05,0.000423283
ERF_Log_File_20240930_1655.csv,sp,12,emfpe,4,0,filled_square,prism,ERF_OSA207_Spectra_20240930_1655.csv,1.41177e+09,2.17033,0.000279693,0.749476,0.000932304,34.1708,1.1684,2.25154e-06,0.0143769,2,0.0111814,5.68046e-05,1.18,0,6.35e-06,0.000289,8.31e-05,7.51e-06,0,6.93e-06,0.000161947,6.18e-05,2.89e-05,5.77e-06,2.54e-05,9.24e-06,9.59522e-06,4.04e-05,0.592378,2.08874e-05,0.918625,0.791499,0.000187829,3.29155e-06,0.000276757,0.000234081,465.697,0.12285,-1.38108e-06,5.16256e-05,-7.58137e-05,5.18133e-05,-0.000924458,0.00180571,0.00110029,0.0018057,2.25677e-06,7.75869e-06,0.345866,0.0110144,0.446546,0.348416,0.416108,1.04587,228,10,0.992843,0.993382,0.993382,0.992695,9.32904e-05,1.17309e-09,5.15922e-05,0.000117373,0.797323,0.924745,2.10266e-05,0.596648,-0,0,0,0,0,0.000100293,0.000204648,2.36205e-05,8.61648e-05,-7.88803e-05,4.67366e-09,2.13142e-05,4.07608e-09,-0.00122146,1.78537e-06,-0.000604453,1.52047e-06,2.50486e-05,0.000182592,2.92956e-07,2.08572e-07,6.0125e-11,2.88381e-07,9.30287e-05,9.56234e-05,1.68046e-08,9.2079e-05,1.17163,0.000234081,0.000276757,3.29155e-06,0.000187829,0.793424,-0.00389934,0.794814,0.000261096,-0.00138951,0.000468006,0.924737,-8.25066e-06,0.924918,0.000113435,-0.000181747,0.0003332,2.07962e-05,-2.3035e-07,1.57018e-05,3.35552e-06,5.09442e-06,9.60516e-08,0.596773,0.000124522,0.596551,0.000101785,0.000221851,0.000460698
ERF_Log_File_20250128_1025.csv,sp,12,emfpe,7,1,filled_square,prism,ERF_OSA207_Spectra_20250128_1025.csv,1.42212e+09,2.86743,0.000148384,0.320051,0.00035045,34.1735,1.17983,7.71427e-06,0.001304,2,0.0104966,0.000202994,1.18,0,6.35e-06,0.000289,8.31e-05,7.51e-06,0,6.93e-06,0.000163245,6.18e-05,2.89e-05,5.77e-06,2.54e-05,9.24e-06,9.52315e-06,4.04e-05,0.593051,3.90935e-05,0.91974,0.794607,3.98774e-05,6.32936e-06,6.15088e-05,5.35041e-05,219.882,0.0142941,-8.26104e-05,1.25984e-05,2.80523e-05,1.26081e-05,-0.000890578,0.000203529,0.000247467,0.000203529,1.15767e-05,8.81854e-07,0.0159317,0.0100003,0.0227601,0.0217611,0.0484139,1.04587,228,10,0.992887,0.993437,0.993437,0.992749,9.20347e-05,2.18935e-09,5.15082e-05,0.000117584,0.800411,0.925816,3.93518e-05,0.5973,0,0,0,0,0,0.000117243,0.000213533,5.00268e-05,0.000112451,-9.50772e-05,1.08099e-09,2.90676e-05,4.71236e-10,-0.00113237,1.09766e-06,0.00011373,1.0927e-06,3.10362e-05,0.000124611,6.07104e-08,7.20672e-07,2.21972e-10,1.00718e-06,8.57387e-05,9.43079e-05,3.60125e-08,8.16554e-05,1.17857,5.35041e-05,6.1513e-05,6.32936e-06,3.98902e-05,0.795254,-0.00515719,0.795287,0.000257788,-3.38433e-05,2.84748e-05,0.925569,-0.000247408,0.925563,0.000110477,5.38477e-06,0.000338015,3.87802e-05,-5.71534e-07,1.55116e-05,3.20087e-06,2.32686e-05,1.04111e-07,0.597285,-1.49114e-05,0.597452,8.81276e-05,-0.000167318,0.000472397
ERF_Log_File_20240930_1623.csv,sp,12,emfpe,4,0,filled_square,prism,ERF_OSA207_Spectra_20240930_1623.csv,1.41177e+09,2.24623,0.000247475,0.749041,0.00107832,34.172,1.19682,2.93546e-06,0.0141701,2,0.0118141,7.39983e-05,1.21,0,6.35e-06,0.000289,8.31e-05,7.51e-06,0,6.93e-06,0.000165183,6.18e-05,2.89e-05,5.77e-06,2.54e-05,9.24e-06,9.41606e-06,4.04e-05,0.595408,1.74714e-05,0.921357,0.792984,0.000213578,3.54929e-06,0.000383114,0.000256722,447.948,0.135353,-0.000102859,5.91143e-05,1.70343e-05,5.9307e-05,-0.00432653,0.00195818,-0.000335612,0.00195817,-8.29675e-06,8.41713e-06,0.369177,0.0114244,0.846178,0.287958,0.458955,1.04583,228,10,0.992951,0.993516,0.993516,0.992827,9.0486e-05,9.74336e-10,5.13817e-05,0.000116968,0.798713,0.92737,1.75854e-05,0.599635,0,0,0,0,0,0.000100878,0.000205446,2.45564e-05,8.72119e-05,-7.19689e-05,4.41026e-09,2.40113e-05,3.84413e-09,-0.000985198,1.69379e-06,-0.000851191,1.44248e-06,2.3995e-05,0.000183639,3.60468e-07,2.81541e-07,1.71218e-10,2.97886e-07,9.49773e-05,9.78809e-05,1.40544e-08,9.66324e-05,1.20013,0.000256722,0.000383114,3.54929e-06,0.000213578,0.794808,-0.0039047,0.793092,0.000252112,0.00171695,0.000452436,0.927353,-1.75087e-05,0.927614,9.93265e-05,-0.000261475,0.000353372,1.73928e-05,-1.92652e-07,1.46339e-05,3.04693e-06,2.75885e-06,2.14902e-07,0.599776,0.00014091,0.60003,6.95979e-05,-0.00025445,0.000373887
ERF_Log_File_20250122_1447.csv,sp,12,emfpe,7,1,filled_square,prism,ERF_OSA207_Spectra_20250122_1447.csv,1.42162e+09,3.36128,0.000135115,0.199888,0.000173826,34.172,1.1974,1.49611e-05,0.000777561,2,0.0107526,0.000376418,1.2,0,6.35e-06,0.000289,8.31e-05,7.51e-06,0,6.93e-06,0.000165249,6.18e-05,2.89e-05,5.77e-06,2.54e-05,9.24e-06,9.41241e-06,4.04e-05,0.595234,1.80565e-05,0.921148,0.794406,0.000122643,1.22293e-05,0.000189753,0.000163598,123.31,0.0253123,-0.00010832,3.62492e-05,5.95558e-05,3.62522e-05,-0.00156108,0.000208178,7.01576e-05,0.000208178,-8.20256e-06,9.01619e-07,0.009365,0.0108384,0.0138705,0.0114797,0.0858372,1.04533,228,10,0.992953,0.993518,0.993518,0.99283,9.0397e-05,1.00682e-09,5.13627e-05,0.000117165,0.800143,0.927158,1.81743e-05,0.599458,0,0,0,0,0,0.000154548,0.000236359,8.92061e-05,0.000165215,-8.43361e-05,1.07034e-09,2.51019e-05,4.64254e-10,-0.00114908,1.06692e-06,0.000125852,1.06204e-06,2.73595e-05,0.000127493,2.06588e-06,1.43448e-06,7.5233e-10,1.62956e-06,8.67287e-05,9.56028e-05,1.66321e-08,8.3797e-05,1.19612,0.000163611,0.000189758,1.22293e-05,0.000122654,0.794997,-0.00514651,0.79362,0.000252597,0.00137625,0.000507055,0.926899,-0.000259066,0.927229,0.000101473,-0.000330639,0.000352082,1.79103e-05,-2.63959e-07,1.48514e-05,3.02434e-06,3.059e-06,1.84653e-07,0.599422,-3.59325e-05,0.599609,6.953e-05,-0.000186374,0.000399963
ERF_Log_File_20250127_1515.csv,sp,12,emfpe,7,1,filled_square,prism,ERF_OSA207_Spectra_20250127_1515.csv,1.42205e+09,2.95758,0.000128768,0.307138,0.000384458,34.1713,1.19936,1.02734e-05,0.00129052,2,0.0107138,0.000221501,1.2,0,6.35e-06,0.000289,8.31e-05,7.51e-06,0,6.93e-06,0.000165472,6.18e-05,2.89e-05,5.77e-06,2.54e-05,9.24e-06,9.40004e-06,4.04e-05,0.595827,4.14228e-05,0.921894,0.793593,7.62196e-05,6.57029e-06,0.000118087,0.000102073,215.753,0.0274047,-0.000104672,2.38465e-05,1.15458e-05,2.38515e-05,-0.000976586,0.000205787,-7.37845e-05,0.000205786,2.64475e-06,8.9216e-07,0.0138307,0.010186,0.023607,0.0246432,0.0927643,1.04586,228,10,0.99296,0.993527,0.993527,0.992838,9.02751e-05,2.30859e-09,5.13792e-05,0.000117001,0.799318,0.9279,4.16927e-05,0.600051,-0,0,0,0,0,0.000117909,0.000214402,5.09842e-05,0.000113842,-8.3151e-05,1.07034e-09,2.46719e-05,4.6892e-10,-0.0011509,1.06458e-06,0.000127091,1.05978e-06,2.69557e-05,0.000127799,1.36239e-06,9.85437e-07,5.55473e-10,1.08014e-06,8.67533e-05,9.58073e-05,3.81548e-08,8.40932e-05,1.19808,0.000102082,0.000118091,6.57029e-06,7.62272e-05,0.794178,-0.00514021,0.793354,0.00025229,0.000823184,0.000487765,0.92764,-0.000260538,0.927417,0.000100402,0.000222575,0.000352807,4.10871e-05,-6.05533e-07,1.47493e-05,3.03486e-06,2.63378e-05,1.98871e-07,0.600013,-3.82518e-05,0.599818,6.92756e-05,0.000194756,0.000386712
ERF_Log_File_20250128_1614.csv,sp,12,emfpe,7,1,filled_square,prism,ERF_OSA207_Spectra_20250128_1614.csv,1.42214e+09,2.91879,0.000144407,0.149913,0.000197091,34.1703,1.19966,1.61843e-05,0.000617543,2,0.0104143,0.000367038,1.2,0,6.35e-06,0.000289,8.31e-05,7.51e-06,0,6.93e-06,0.000165506,6.18e-05,2.89e-05,5.77e-06,2.54e-05,9.24e-06,9.39814e-06,4.04e-05,0.59598,3.46391e-05,0.922341,0.795188,9.1112e-05,1.56367e-05,0.000141352,0.00012329,105.659,0.0160295,-7.29162e-05,2.8712e-05,0.000159166,2.87195e-05,-0.00091535,0.00027311,-0.000507241,0.00027311,2.35764e-07,1.18392e-06,0.00843683,0.0118891,0.0152734,0.0192973,0.0490975,1.0428,228,10,0.992961,0.993529,0.993529,0.99284,9.02658e-05,1.93037e-09,5.14003e-05,0.000117229,0.800923,0.928348,3.48647e-05,0.600205,-0,0,0,0,0,0.000171055,0.000247647,0.000104109,0.00018715,-8.30517e-05,1.07034e-09,2.46242e-05,4.6892e-10,-0.00115117,1.06437e-06,0.000127272,1.05966e-06,2.6919e-05,0.000127845,2.12578e-06,1.55243e-06,8.8494e-10,1.69275e-06,8.6945e-05,9.58731e-05,3.19062e-08,8.41475e-05,1.19838,0.000123308,0.000141361,1.56367e-05,9.11277e-05,0.795772,-0.00515038,0.793315,0.000252258,0.00245711,0.000483233,0.928087,-0.000260858,0.927446,0.000100243,0.000641552,0.000352898,3.43583e-05,-5.06365e-07,1.47328e-05,3.03659e-06,1.96255e-05,2.01165e-07,0.600166,-3.86102e-05,0.59985,6.92935e-05,0.000316636,0.000384797
ERF_Log_File_20250128_1511.csv,sp,12,emfpe,7,1,filled_square,prism,ERF_OSA207_Spectra_20250128_1510.csv,1.42214e+09,2.87242,0.000130919,0.148342,0.000723248,34.1704,1.19968,1.814e-05,0.000611139,2,0.0104831,0.000412861,1.2,0,6.35e-06,0.000289,8.31e-05,7.51e-06,0,6.93e-06,0.000165507,6.18e-05,2.89e-05,5.77e-06,2.54e-05,9.24e-06,9.39804e-06,4.04e-05,0.595956,3.7244e-05,0.922296,0.795153,0.000141628,1.44565e-05,0.000218972,0.000188814,103.951,0.0246019,1.2009e-05,4.18189e-05,-6.51342e-06,4.18224e-05,-0.000980649,0.000240801,-0.000103552,0.000240801,-3.65764e-06,1.04403e-06,0.00949459,0.0107981,0.0129792,0.0113345,0.0833621,1.04587,228,10,0.992961,0.993529,0.993529,0.99284,9.02604e-05,2.07553e-09,5.13976e-05,0.000117224,0.800887,0.928303,3.74866e-05,0.600181,-0,0,0,0,0,0.000172994,0.000248983,0.000105819,0.0001897,-8.29558e-05,1.06766e-09,2.45286e-05,4.66593e-10,-0.00115119,1.06443e-06,0.000127289,1.05957e-06,2.68711e-05,0.000127848,2.38113e-06,1.74002e-06,9.92613e-10,1.89664e-06,8.69423e-05,9.58698e-05,3.43056e-08,8.41462e-05,1.1984,0.000188829,0.000218979,1.44565e-05,0.000141641,0.795737,-0.00515015,0.793312,0.000252256,0.00242471,0.000482931,0.928042,-0.000260858,0.927448,0.000100232,0.000594342,0.000352904,3.69421e-05,-5.44445e-07,1.47317e-05,3.03671e-06,2.22104e-05,2.01318e-07,0.600142,-3.86319e-05,0.599852,6.92947e-05,0.000290361,0.000384669
ERF_Log_File_20250128_1958.csv,sp,12,emfpe,7,1,filled_square,prism,ERF_OSA207_Spectra_20250128_1958.csv,1.42216e+09,3.89131,0.000169399,0.199268,0.000285129,34.1712,1.19974,1.26941e-05,0.000830448,2,0.0105889,0.000331974,1.2,0,6.35e-06,0.000289,8.31e-05,7.51e-06,0,6.93e-06,0.000165514,6.18e-05,2.89e-05,5.77e-06,2.54e-05,9.24e-06,9.39765e-06,4.04e-05,0.59624,4.23463e-05,0.92247,0.794883,0.000135844,1.24956e-05,0.000210155,0.000181384,141.125,0.0320624,-7.28281e-05,3.97681e-05,4.61253e-05,3.97712e-05,-0.000898472,0.000220319,0.000492744,0.000220319,4.48179e-06,9.55245e-07,0.0102279,0.0126716,0.0157409,0.017018,0.108632,1.04583,228,10,0.992961,0.993529,0.993529,0.99284,9.02968e-05,2.35983e-09,5.14065e-05,0.000117183,0.800615,0.928478,4.26221e-05,0.600467,-0,0,0,0,0,0.000142814,0.000229092,7.79451e-05,0.000149252,-8.29729e-05,1.06766e-09,2.46242e-05,4.65425e-10,-0.00115124,1.0644e-06,0.000127326,1.05954e-06,2.68993e-05,0.000127857,1.66307e-06,1.21764e-06,6.96164e-10,1.32585e-06,8.69163e-05,9.58918e-05,3.90054e-08,8.41929e-05,1.19846,0.000181392,0.000210159,1.24956e-05,0.00013585,0.795467,-0.00514837,0.793305,0.00025225,0.00216238,0.000482025,0.928217,-0.000260946,0.927454,0.0001002,0.000763638,0.000352922,4.20031e-05,-6.19032e-07,1.47284e-05,3.03705e-06,2.72747e-05,2.01776e-07,0.600428,-3.872e-05,0.599858,6.92983e-05,0.000570038,0.000384286
ERF_Log_File_20250128_1920.csv,sp,12,emfpe,7,1,filled_square,prism,ERF_OSA207_Spectra_20250128_1920.csv,1.42215e+09,3.90613,0.00019458,0.397126,0.00107452,34.1712,1.19983,6.65993e-06,0.00171568,2,0.0108686,0.000176797,1.2,0,6.35e-06,0.000289,8.31e-05,7.51e-06,0,6.93e-06,0.000165525,6.18e-05,2.89e-05,5.77e-06,2.54e-05,9.24e-06,9.39705e-06,4.04e-05,0.595813,2.09191e-05,0.921952,0.792993,6.47614e-05,6.00479e-06,9.94275e-05,8.57228e-05,285.842,0.0305444,-5.58971e-05,2.02819e-05,-4.06553e-06,2.02876e-05,-0.00113532,0.000200913,0.000378991,0.000200912,1.19312e-05,8.70959e-07,0.0257881,0.0123913,0.0266782,0.0250224,0.104069,1.03615,228,10,0.992962,0.993529,0.993529,0.992841,9.02218e-05,1.16573e-09,5.13764e-05,0.000116902,0.798711,0.927957,2.10553e-05,0.600036,-0,0,0,0,0,0.000108669,0.000209508,3.84828e-05,9.9824e-05,-8.28839e-05,1.07034e-09,2.44808e-05,4.64254e-10,-0.00115133,1.06416e-06,0.000127382,1.05948e-06,2.68412e-05,0.000127872,8.69998e-07,6.38835e-07,3.66459e-10,6.94513e-07,8.67148e-05,9.58438e-05,1.92687e-08,8.41424e-05,1.19855,8.57272e-05,9.94295e-05,6.00479e-06,6.47651e-05,0.793575,-0.00513607,0.793293,0.00025224,0.000282001,0.000480664,0.927696,-0.000260857,0.927462,0.000100153,0.000233729,0.000352949,2.07495e-05,-3.05802e-07,1.47235e-05,3.03757e-06,6.02608e-06,2.02465e-07,0.599997,-3.87968e-05,0.599867,6.93037e-05,0.000129957,0.000383711
ERF_Log_File_20250130_1658.csv,sp,12,emfpe,7,1,filled_square,prism,ERF_OSA207_Spectra_20250130_1658.csv,1.42232e+09,2.98344,0.000154031,0.305548,0.000864123,34.1715,1.19985,1.04345e-05,0.00130283,2,0.0106891,0.000268413,1.2,0,6.35e-06,0.000289,8.31e-05,7.51e-06,0,6.93e-06,0.000165527,6.18e-05,2.89e-05,5.77e-06,2.54e-05,9.24e-06,9.39697e-06,4.04e-05,0.595885,4.20865e-05,0.922182,0.793671,7.28143e-05,6.74685e-06,0.000112776,9.7542e-05,217.441,0.026413,-6.65846e-05,2.26289e-05,1.09631e-05,2.26329e-05,-0.000786498,0.00018069,4.01911e-06,0.000180692,6.60795e-06,7.83352e-07,0.0120897,0.0105421,0.0203861,0.0230744,0.089489,1.04577,228,10,0.992962,0.993529,0.993529,0.992841,9.02313e-05,2.34529e-09,5.13891e-05,0.000117001,0.799394,0.928188,4.23606e-05,0.600109,-0,0,0,0,0,0.000117599,0.000214288,5.05884e-05,0.000113373,-8.28805e-05,1.07568e-09,2.45764e-05,4.66593e-10,-0.00115135,1.06419e-06,0.000127388,1.05941e-06,2.68642e-05,0.000127874,1.3622e-06,1.0009e-06,5.74577e-10,1.08775e-06,8.67901e-05,9.5869e-05,3.87661e-08,8.41547e-05,1.19857,9.75515e-05,0.00011278,6.74685e-06,7.28224e-05,0.794253,-0.00514046,0.79329,0.000252238,0.000963123,0.000480362,0.927927,-0.000260935,0.927464,0.000100142,0.000463233,0.000352955,4.17454e-05,-6.15234e-07,1.47224e-05,3.03769e-06,2.7023e-05,2.02618e-07,0.60007,-3.88247e-05,0.599869,6.93049e-05,0.000200357,0.000383583
ERF_Log_File_20250128_1646.csv,sp,12,emfpe,7,1,filled_square,prism,ERF_OSA207_Spectra_20250128_1646.csv,1.42214e+09,2.42277,0.000143016,0.60447,0.00207366,34.1713,1.19989,5.3209e-06,0.0026362,2,0.0110389,0.00012177,1.2,0,6.35e-06,0.000289,8.31e-05,7.51e-06,0,6.93e-06,0.000165532,6.18e-05,2.89e-05,5.77e-06,2.54e-05,9.24e-06,9.39669e-06,4.04e-05,0.595564,5.52307e-06,0.92156,0.791689,6.20424e-05,3.31428e-06,9.51561e-05,8.22427e-05,447.631,0.0459591,-7.72534e-05,1.93036e-05,-5.27137e-07,1.93078e-05,-0.00156007,0.00016929,0.000165288,0.000169289,2.38101e-06,7.34007e-07,0.0342058,0.0106676,0.032092,0.0394105,0.155835,1.04443,228,10,0.992962,0.99353,0.99353,0.992841,9.01779e-05,3.07772e-10,5.13539e-05,0.000116708,0.797398,0.927561,5.55904e-06,0.599785,-0,0,0,0,0,0.000100739,0.000205494,2.45738e-05,8.72431e-05,-8.28291e-05,1.06766e-09,2.46242e-05,4.66593e-10,-0.00115139,1.06419e-06,0.000127419,1.05938e-06,2.68633e-05,0.000127881,6.93732e-07,5.10393e-07,2.93429e-10,5.54294e-07,8.65757e-05,9.58069e-05,5.08732e-09,8.41138e-05,1.19861,8.22456e-05,9.51575e-05,3.31428e-06,6.20449e-05,0.79227,-0.0051276,0.793285,0.000252233,-0.00101508,0.000479758,0.927301,-0.000260785,0.927468,0.000100121,-0.000167435,0.000352967,5.4783e-06,-8.07379e-08,1.47202e-05,3.03792e-06,-9.24187e-06,2.02924e-07,0.599746,-3.88502e-05,0.599874,6.93073e-05,-0.000127109,0.000383327
ERF_Log_File_20250128_1437.csv,sp,12,emfpe,7,1,filled_square,prism,ERF_OSA207_Spectra_20250128_1437.csv,1.42214e+09,2.40084,0.000188296,0.60206,0.00104834,34.1713,1.19992,5.06836e-06,0.00259874,2,0.0110022,0.00012676,1.2,0,6.35e-06,0.000289,8.31e-05,7.51e-06,0,6.93e-06,0.000165535,6.18e-05,2.89e-05,5.77e-06,2.54e-05,9.24e-06,9.39652e-06,4.04e-05,0.595804,1.2461e-05,0.921879,0.791939,5.09157e-05,3.77518e-06,7.80778e-05,6.77269e-05,443.11,0.036961,-8.63231e-05,1.6052e-05,2.72932e-05,1.60598e-05,-0.00112816,0.000207186,-0.000265115,0.000207185,-5.01695e-06,8.98026e-07,0.0354896,0.0120253,0.042637,0.0466221,0.12545,1.04496,228,10,0.992962,0.99353,0.99353,0.992841,9.02114e-05,6.94385e-10,5.13713e-05,0.000116745,0.797649,0.927882,1.25421e-05,0.600027,-0,0,0,0,0,0.000100882,0.000205619,2.48245e-05,8.74605e-05,-8.28462e-05,1.06766e-09,2.45286e-05,4.66593e-10,-0.00115142,1.06422e-06,0.000127439,1.05935e-06,2.68437e-05,0.000127886,6.60165e-07,4.86169e-07,2.79811e-10,5.27709e-07,8.66047e-05,9.5842e-05,1.14779e-08,8.41509e-05,1.19864,6.77301e-05,7.80793e-05,3.77518e-06,5.09184e-05,0.79252,-0.0051292,0.793281,0.00025223,-0.000760965,0.000479304,0.927622,-0.000260895,0.927471,0.000100105,0.000150658,0.000352976,1.236e-05,-1.82159e-07,1.47185e-05,3.03809e-06,-2.35853e-06,2.03153e-07,0.599988,-3.89006e-05,0.599877,6.93091e-05,0.000111417,0.000383136
ERF_Log_File_20250128_1847.csv,sp,12,emfpe,7,1,filled_square,prism,ERF_OSA207_Spectra_20250128_1847.csv,1.42215e+09,2.83997,0.00014348,0.707869,0.00376611,34.1715,1.19993,4.00708e-06,0.00306311,2,0.0110656,0.000102384,1.2,0,6.35e-06,0.000289,8.31e-05,7.51e-06,0,6.93e-06,0.000165537,6.18e-05,2.89e-05,5.77e-06,2.54e-05,9.24e-06,9.39642e-06,4.04e-05,0.59555,3.30502e-06,0.921496,0.791346,4.45377e-05,2.7335e-06,6.78373e-05,5.86946e-05,527.918,0.0382167,-7.49246e-05,1.39592e-05,1.09847e-05,1.39668e-05,-0.00118373,0.000190287,0.000304636,0.000190287,-3.78302e-06,8.24872e-07,0.0425795,0.0103705,0.0462368,0.0476999,0.129461,1.0456,228,10,0.992962,0.99353,0.99353,0.992841,9.01712e-05,1.8417e-10,5.13497e-05,0.000116657,0.797052,0.927497,3.32654e-06,0.599771,-0,0,0,0,0,9.91212e-05,0.000204711,2.08366e-05,8.45969e-05,-8.29147e-05,1.06766e-09,2.4433e-05,4.66593e-10,-0.00115142,1.06404e-06,0.000127445,1.05935e-06,2.68369e-05,0.000127887,5.21762e-07,3.84368e-07,2.21302e-10,4.17137e-07,8.65405e-05,9.58028e-05,3.04427e-09,8.41161e-05,1.19865,5.86969e-05,6.78384e-05,2.7335e-06,4.45396e-05,0.791927,-0.00512536,0.79328,0.000252229,-0.00135309,0.000479153,0.927236,-0.000260793,0.927472,0.0001001,-0.000235692,0.000352979,3.27823e-06,-4.83138e-08,1.4718e-05,3.03815e-06,-1.14397e-05,2.0323e-07,0.599732,-3.88956e-05,0.599878,6.93097e-05,-0.00014542,0.000383072
ERF_Log_File_20250128_1720.csv,sp,12,emfpe,7,1,filled_square,prism,ERF_OSA207_Spectra_20250128_1720.csv,1.42215e+09,3.21707,0.000173316,0.802829,0.00156704,34.1713,1.2,5.2875e-06,0.00342304,2,0.0111043,0.000116926,1.2,0,6.35e-06,0.000289,8.31e-05,7.51e-06,0,6.93e-06,0.000165544,6.18e-05,2.89e-05,5.77e-06,2.54e-05,9.24e-06,9.39597e-06,4.04e-05,0.595244,1.20723e-05,0.920833,0.790649,5.20141e-05,2.41824e-06,8.19482e-05,6.88179e-05,601.834,0.0516809,-0.000108909,1.64941e-05,2.36568e-05,1.65014e-05,-0.00102722,0.000203275,0.000236206,0.000203275,4.41568e-06,8.81318e-07,0.0414023,0.0104588,0.0930237,0.0473352,0.174972,1.04564,228,10,0.992962,0.99353,0.99353,0.992841,9.01175e-05,6.72709e-10,5.13119e-05,0.000116552,0.79635,0.92683,1.21509e-05,0.599463,-0,0,0,0,0,9.80969e-05,0.000204111,1.82775e-05,8.29606e-05,-8.28359e-05,1.06497e-09,2.46242e-05,4.6892e-10,-0.00115148,1.06404e-06,0.00012749,1.05932e-06,2.6865e-05,0.000127898,6.86925e-07,5.0719e-07,2.92769e-10,5.49754e-07,8.64683e-05,9.57384e-05,1.11198e-08,8.40806e-05,1.19872,6.88213e-05,8.19498e-05,2.41824e-06,5.2017e-05,0.791229,-0.00512081,0.793271,0.000252222,-0.00204142,0.000478095,0.926569,-0.00026065,0.927479,0.000100062,-0.000909575,0.000353,1.19744e-05,-1.76477e-07,1.47141e-05,3.03856e-06,-2.73968e-06,2.03765e-07,0.599424,-3.89568e-05,0.599885,6.93139e-05,-0.00046094,0.000382625
ERF_Log_File_20250219_0828.csv,sp,13,emfpe,9,1,filled_square,prism,ERF_OSA207_Spectra_20250219_0828.csv,1.42402e+09,5.1469,0.000546465,0.304769,0.000949754,34.1748,1.20022,1.0894e-05,0.00122631,2,0.0108873,0.000221787,1.2,0,6.35e-06,0.000289,8.31e-05,7.51e-06,0,6.93e-06,0.000136941,6.18e-05,2.89e-05,5.77e-06,2.54e-05,9.24e-06,9.39274e-06,4.04e-05,0.59602,5.55156e-05,0.922603,0.794286,0.000113004,8.44859e-06,0.000164049,0.00014132,179.999,0.0315306,-0.000102603,3.37212e-05,5.72764e-05,3.37378e-05,0.000379091,0.000438984,0.000470272,0.000438984,-2.19053e-06,1.89464e-06,0.055757,0.0109272,0.0363534,0.0314615,0.10673,1.04587,228,10,0.993811,0.994346,0.994346,0.993658,7.9033e-05,2.58796e-09,4.30088e-05,0.000103827,0.799356,0.927849,5.58313e-05,0.599732,0,0,0,0,0,0.000126607,0.000219414,6.11115e-05,0.000126506,-8.59814e-05,9.47973e-09,5.03226e-05,3.9931e-09,-3.13094e-05,4.26567e-07,0.000410317,3.62849e-07,3.4076e-05,4.4163e-05,1.40519e-06,1.04498e-06,6.08073e-10,1.12831e-06,8.68075e-05,9.58581e-05,5.10937e-08,8.41423e-05,1.19894,0.000141327,0.000164052,8.44859e-06,0.00011301,0.794215,-0.00514002,0.793242,0.000252198,0.000973561,0.000474768,0.927588,-0.000261079,0.9275,9.99456e-05,8.83869e-05,0.000353067,5.50204e-05,-8.10878e-07,1.4702e-05,3.03983e-06,4.03184e-05,2.05449e-07,0.599693,-3.92293e-05,0.599908,6.9327e-05,-0.000215404,0.000381218
ERF_Log_File_20240930_1551.csv,sp,12,emfpe,4,0,filled_square,prism,ERF_OSA207_Spectra_20240930_1551.csv,1.41177e+09,2.60483,0.000282965,0.748712,0.000903405,34.1705,1.22523,2.95397e-06,0.0144179,2,0.0122864,7.02137e-05,1.24,0,6.35e-06,0.000289,8.31e-05,7.51e-06,0,6.93e-06,0.000169627,6.18e-05,2.89e-05,5.77e-06,2.54e-05,9.24e-06,9.02921e-06,4.04e-05,0.598905,1.00055e-05,0.924024,0.792575,0.000224809,2.04289e-06,0.000338225,0.000309955,482.876,0.167439,-9.77632e-05,6.76915e-05,9.83938e-06,6.782e-05,0.00380014,0.00171129,-0.000509477,0.00171129,1.36536e-05,7.36268e-06,0.295289,0.00708834,0.37503,0.493434,0.56715,1.04587,228,10,0.993051,0.99364,0.99364,0.99295,8.80732e-05,5.54071e-10,5.11694e-05,0.000116263,0.798202,0.929938,1.00695e-05,0.603096,-0,0,0,0,0,0.000100053,0.000205645,2.27802e-05,8.63213e-05,-6.59255e-05,4.06291e-09,2.76043e-05,3.54044e-09,-0.000719112,1.61432e-06,-0.00106036,1.3748e-06,2.33824e-05,0.000177947,7.48107e-07,2.67407e-07,4.02242e-10,2.37261e-07,9.66767e-05,0.000100059,8.04766e-09,0.000101258,1.22862,0.000309956,0.000338225,2.04289e-06,0.000224809,0.794298,-0.00390397,0.794521,0.000261963,-0.000222821,0.000955241,0.92991,-2.83726e-05,0.930292,0.000105335,-0.00038227,0.000341445,9.95923e-06,-1.10314e-07,1.19195e-05,2.53014e-06,-1.9603e-06,5.13613e-07,0.60325,0.000154227,0.602491,0.000132008,0.000758859,0.000302953
ERF_Log_File_20250128_1129.csv,sp,12,emfpe,7,1,filled_square,prism,ERF_OSA207_Spectra_20250128_1129.csv,1.42213e+09,3.68685,0.000130428,0.310458,0.000192715,34.1725,1.24828,8.93486e-06,0.001409,2,0.0115164,0.000189837,1.25,0,6.35e-06,0.000289,8.31e-05,7.51e-06,0,6.93e-06,0.000172342,6.18e-05,2.89e-05,5.77e-06,2.54e-05,9.24e-06,8.69424e-06,4.04e-05,0.599922,3.1835e-05,0.926295,0.800038,8.40733e-05,6.1572e-06,0.000129751,0.000112426,236.5,0.0329909,-8.918e-05,2.53994e-05,2.28176e-06,2.54025e-05,-0.00108601,0.000170731,1.39554e-05,0.00017073,6.70798e-07,7.40211e-07,0.0140264,0.0104758,0.0195505,0.0224052,0.112345,1.0434,228,10,0.993128,0.993733,0.993733,0.993043,8.60576e-05,1.75297e-09,5.10056e-05,0.000116821,0.805643,0.932137,3.20358e-05,0.604073,0,0,0,0,0,0.000115063,0.000213427,4.65116e-05,0.000108973,-5.53017e-05,1.19667e-09,1.40172e-05,5.23749e-10,-0.00119177,1.07707e-06,0.000152178,1.07215e-06,1.73297e-05,0.000134395,2.62652e-06,7.35271e-07,1.75448e-09,7.39367e-07,9.03523e-05,9.93629e-05,2.93173e-08,9.03031e-05,1.24694,0.000112457,0.000129753,6.1572e-06,8.40766e-05,0.800486,-0.0051565,0.800036,0.000252395,0.000450172,0.00112533,0.931843,-0.000293591,0.931881,0.000109506,-3.82047e-05,0.000315025,3.15705e-05,-4.65279e-07,8.88327e-06,2.45971e-06,2.26872e-05,7.51704e-07,0.603981,-9.23063e-05,0.603991,0.000105112,-1.05654e-05,0.00031678
ERF_Log_File_20250127_0956.csv,sp,12,emfpe,7,1,filled_square,prism,ERF_OSA207_Spectra_20250127_0956.csv,1.42203e+09,3.63817,0.000138635,0.31033,0.000161163,34.173,1.24926,9.31273e-06,0.00138598,2,0.0114628,0.000233791,1.25,0,6.35e-06,0.000289,8.31e-05,7.51e-06,0,6.93e-06,0.000172459,6.18e-05,2.89e-05,5.77e-06,2.54e-05,9.24e-06,8.67999e-06,4.04e-05,0.599744,1.67248e-05,0.92595,0.799854,6.44313e-05,6.72896e-06,9.91869e-05,8.67835e-05,232.959,0.0246661,-6.68369e-05,2.02468e-05,4.33858e-05,2.02541e-05,-0.000888183,0.000227121,-8.39766e-05,0.00022712,3.46354e-05,9.84606e-07,0.0183195,0.0112672,0.0250563,0.0310004,0.0835073,1.04531,228,10,0.993131,0.993737,0.993737,0.993047,8.59439e-05,9.20717e-10,5.09744e-05,0.000116771,0.805454,0.931786,1.68302e-05,0.603892,0,0,0,0,0,0.000115579,0.000213643,4.72186e-05,0.000109768,-5.48085e-05,1.20858e-09,1.37783e-05,5.25823e-10,-0.00119249,1.07833e-06,0.000152591,1.07343e-06,1.71467e-05,0.000134509,2.67856e-06,7.6137e-07,1.86042e-09,7.70809e-07,9.03904e-05,9.93862e-05,1.54021e-08,9.03926e-05,1.24792,8.68249e-05,9.91898e-05,6.72896e-06,6.44359e-05,0.8003,-0.00515482,0.800321,0.000251527,-2.15822e-05,0.00110192,0.931492,-0.000294122,0.931962,0.000109586,-0.000469965,0.000313217,1.65858e-05,-2.44437e-07,8.6894e-06,2.46115e-06,7.89637e-06,7.6535e-07,0.603799,-9.32882e-05,0.604072,0.000103545,-0.000273624,0.0003171
ERF_Log_File_20240930_1519.csv,sp,12,emfpe,4,0,filled_square,prism,ERF_OSA207_Spectra_20240930_1519.csv,1.41177e+09,2.79249,0.000311582,0.750393,0.000940568,34.1711,1.25524,3.31684e-06,0.0145455,2,0.0128699,8.11418e-05,1.27,0,6.35e-06,0.000289,8.31e-05,7.51e-06,0,6.93e-06,0.000173177,6.18e-05,2.89e-05,5.77e-06,2.54e-05,9.24e-06,8.593e-06,4.04e-05,0.600577,4.29336e-06,0.926859,0.799573,0.000248745,1.82346e-06,0.000335873,0.000297188,477.55,0.167169,4.58021e-05,6.82235e-05,0.000110136,6.83209e-05,-0.00241267,0.00149695,-0.00504745,0.00149694,0.000103954,6.44183e-06,0.458324,0.00625961,0.297863,0.334652,0.567073,1.04525,228,10,0.99315,0.993761,0.993761,0.99307,8.55321e-05,2.36008e-10,5.09498e-05,0.00011659,0.805153,0.932678,4.32031e-06,0.604719,-0,0,0,0,0,0.000100959,0.000206314,2.30342e-05,8.66973e-05,-5.99906e-05,3.68448e-09,3.15313e-05,3.20946e-09,-0.00041682,1.54524e-06,-0.00123292,1.31597e-06,2.28805e-05,0.000164975,5.73797e-07,2.50627e-07,7.91214e-10,2.72788e-07,9.93776e-05,0.000102286,3.45283e-09,0.000105715,1.25871,0.000297189,0.000335873,1.82346e-06,0.000248745,0.80121,-0.00394311,0.802873,0.000256198,-0.00166298,0.000668495,0.932636,-4.14881e-05,0.93281,0.000112634,-0.000173507,0.00029199,4.27298e-06,-4.73299e-08,6.3274e-06,2.74345e-06,-2.05441e-06,9.21794e-07,0.604884,0.000164486,0.604964,9.73531e-05,-7.98737e-05,0.000317809
ERF_Log_File_20250508_1438.csv,sp,13,fmfpe,11,2,filled_square,prism,ERF_OSA207_Spectra_20250508_1438.csv,1.43077e+09,3.48406,0.000343426,0.311563,0.0010045,33.2887,1.27698,1.0705e-05,0.00114944,2,0.0122436,0.000233426,1.281,0,6.35e-06,0.000289,8.31e-05,7.51e-06,0,6.93e-06,0.000146408,6.18e-05,2.89e-05,5.77e-06,2.54e-05,9.24e-06,8.277e-06,4.04e-05,0.602705,-2.16315e-06,0.929105,0.798846,5.21907e-05,2.31612e-06,8.05825e-05,7.38589e-05,196.755,0.0165085,-7.30343e-05,1.63061e-05,9.35265e-05,1.63225e-05,0.000316757,0.000299919,0.000950149,0.000299918,4.50219e-06,1.29865e-06,0.0179575,0.00327451,0.028795,0.0436377,0.055914,1.04587,228,10,0.99403,0.994619,0.994619,0.993927,7.31419e-05,-1.00192e-10,4.30341e-05,0.000103772,0.803727,0.934132,-2.17485e-06,0.606325,-0,0,0,0,0,0.000122481,0.000218158,5.59071e-05,0.000120451,-5.91197e-05,4.96976e-09,7.59432e-05,2.88683e-09,0.000127198,6.68646e-06,0.000603693,5.66673e-06,3.37657e-05,7.31093e-05,5.72157e-07,7.27461e-07,2.87028e-09,8.47957e-07,0,0,0,0,1.27481,7.38611e-05,8.05858e-05,2.31612e-06,5.21976e-05,0.803727,0,0.803798,0.000262758,-7.08437e-05,0.000209177,0.934132,0,0.933962,0.000111568,0.000169101,0.000265955,-2.17485e-06,0,2.10564e-06,2.97966e-06,-4.2805e-06,1.04936e-06,0.606325,0,0.606267,9.28916e-05,5.8028e-05,0.000310008
ERF_Log_File_20240930_1447.csv,sp,12,emfpe,4,0,filled_square,prism,ERF_OSA207_Spectra_20240930_1447.csv,1.41177e+09,3.10031,0.000319292,0.750098,0.00112744,34.171,1.29467,3.71756e-06,0.0149712,2,0.0136183,8.12258e-05,1.31,0,6.35e-06,0.000289,8.31e-05,7.51e-06,0,6.93e-06,0.000179193,6.18e-05,2.89e-05,5.77e-06,2.54e-05,9.24e-06,8.01991e-06,4.04e-05,0.604002,6.10374e-06,0.930331,0.801218,0.000338131,2.78644e-06,0.000506582,0.000428851,476.759,0.244486,-6.64376e-05,9.99384e-05,0.000136555,0.00010008,8.61825e-05,0.00218644,-0.00224667,0.00218644,1.51646e-05,9.40807e-06,0.461946,0.00954599,0.584508,0.411377,0.82811,1.04583,228,10,0.993271,0.993905,0.993905,0.993215,8.27716e-05,3.32353e-10,5.06572e-05,0.000115903,0.806691,0.936036,6.14117e-06,0.608094,-0,0,0,0,0,0.000101163,0.000207077,2.30725e-05,8.71256e-05,-5.20751e-05,3.3001e-09,3.57806e-05,2.87636e-09,-4.41574e-06,1.48196e-06,-0.00137951,1.26208e-06,2.19639e-05,0.000138416,4.58582e-07,2.26132e-07,2.5195e-10,2.66886e-07,0.000102007,0.00010507,4.90808e-09,0.000111553,1.29825,0.000428851,0.000506582,2.78644e-06,0.000338131,0.802729,-0.00396213,0.800893,0.000273019,0.00183583,0.00049165,0.935975,-6.10894e-05,0.935463,0.000114928,0.000512368,0.000242438,6.07389e-06,-6.72777e-08,-2.40436e-06,3.11632e-06,8.47825e-06,2.70118e-07,0.608267,0.000173464,0.608042,0.000140531,0.000225048,0.00028613
ERF_Log_File_20250127_1028.csv,sp,12,emfpe,7,1,filled_square,prism,ERF_OSA207_Spectra_20250127_1028.csv,1.42204e+09,4.21766,0.000189264,0.314558,0.000258065,34.1721,1.29707,8.2481e-06,0.00146085,2,0.0125649,0.00021376,1.3,0,6.35e-06,0.000289,8.31e-05,7.51e-06,0,6.93e-06,0.000179485,6.18e-05,2.89e-05,5.77e-06,2.54e-05,9.24e-06,7.98498e-06,4.04e-05,0.603625,1.53738e-05,0.930054,0.80115,0.000106061,6.41646e-06,0.000163099,0.000140586,237.99,0.0416327,-6.0463e-05,3.05894e-05,2.54269e-06,3.05917e-05,-0.00136945,0.000168786,0.00022284,0.000168786,6.55107e-07,7.3183e-07,0.0169572,0.010974,0.0193435,0.0186806,0.141094,1.04562,228,10,0.993278,0.993913,0.993913,0.993224,8.25354e-05,8.36639e-10,5.06133e-05,0.000115837,0.806616,0.93575,1.5468e-05,0.60771,0,0,0,0,0,0.000114957,0.000214099,4.62204e-05,0.000108987,-3.06651e-05,1.46366e-09,4.36582e-06,6.3976e-10,-0.00122116,1.16141e-06,0.000170468,1.15605e-06,8.75773e-06,0.000139163,1.11924e-06,5.06378e-07,8.56299e-10,6.00095e-07,9.34701e-05,0.000102694,1.41554e-08,9.66981e-05,1.29568,0.00014059,0.0001631,6.41646e-06,0.000106063,0.801476,-0.00513931,0.801227,0.000269914,0.000249142,0.000539765,0.935423,-0.000326887,0.935306,0.000113216,0.000117207,0.000244207,1.52433e-05,-2.24652e-07,-2.18341e-06,3.07663e-06,1.74267e-05,4.12961e-07,0.60757,-0.000140413,0.607857,0.000132747,-0.00028712,0.000289403
ERF_Log_File_20241001_1625.csv,sp,12,emfpe,4,0,filled_square,prism,ERF_OSA207_Spectra_20241001_1625.csv,1.41186e+09,3.0115,0.000393277,0.129417,0.000371524,34.1712,1.33387,8.7398e-05,0.00262531,2,0.0144586,0.0012378,1.35,0,6.35e-06,0.000289,8.31e-05,7.51e-06,0,6.93e-06,0.000184087,6.18e-05,2.89e-05,5.77e-06,2.54e-05,9.24e-06,7.45009e-06,4.04e-05,0.606104,3.74437e-05,0.93253,0.804198,0.000735796,1.65397e-05,0.00113488,0.000981314,84.8968,0.102064,0.000277681,0.000228219,0.000167989,0.000228283,0.00465577,0.0022661,-0.00231848,0.0022661,-1.73138e-05,9.75975e-06,0.0632027,0.0100939,0.106254,0.0995857,0.345237,1.04495,228,10,0.99338,0.994034,0.994034,0.993346,8.02188e-05,2.02036e-09,5.03168e-05,0.000115425,0.809585,0.938127,3.76684e-05,0.610143,-0,0,0,0,0,0.000201322,0.000270752,0.000129569,0.00022619,-4.3733e-05,3.19459e-09,3.82643e-05,2.7899e-09,0.000402814,1.45604e-06,-0.00143773,1.24001e-06,2.04993e-05,0.000184055,2.17376e-05,5.077e-06,6.52529e-08,4.99467e-06,0.000104821,0.00010757,3.01049e-08,0.000116788,1.33756,0.000981555,0.00113489,1.65398e-05,0.000735813,0.805592,-0.00399269,0.803733,0.000259172,0.00185891,0.00102132,0.938044,-8.29414e-05,0.937766,0.000137423,0.000277869,0.000238538,3.72558e-05,-4.12665e-07,1.06171e-05,5.29478e-06,2.66386e-05,3.06584e-06,0.61032,0.000176953,0.610561,0.000126283,-0.000241332,0.000234669
ERF_Log_File_20241001_1549.csv,sp,12,emfpe,4,0,filled_square,prism,ERF_OSA207_Spectra_20241001_1549.csv,1.41186e+09,5.36328,0.000573604,0.229788,0.000670358,34.1703,1.33397,4.73124e-06,0.00485226,2,0.0142113,0.000115089,1.35,0,6.35e-06,0.000289,8.31e-05,7.51e-06,0,6.93e-06,0.0001841,6.18e-05,2.89e-05,5.77e-06,2.54e-05,9.24e-06,7.44859e-06,4.04e-05,0.606229,6.68464e-05,0.932282,0.804289,0.000459884,9.53406e-06,0.000704802,0.000611659,151.28,0.112058,0.000234373,0.000142878,-0.000317739,0.000142957,0.00264866,0.00196426,0.00178911,0.00196425,3.2563e-05,8.45791e-06,0.107016,0.0103643,0.152956,0.148199,0.379872,1.0458,228,10,0.99338,0.994034,0.994034,0.993346,8.02283e-05,3.60677e-09,5.03023e-05,0.000115435,0.809677,0.937877,6.72476e-05,0.610269,-0,0,0,0,0,0.000138371,0.000227812,7.27129e-05,0.000142718,-4.37014e-05,3.19723e-09,3.82795e-05,2.78914e-09,0.000403834,1.45603e-06,-0.00143777,1.23999e-06,2.04952e-05,0.000184161,1.17805e-06,2.7485e-07,3.53789e-09,2.70241e-07,0.00010484,0.000107547,5.37449e-08,0.000116824,1.33766,0.00061166,0.000704802,9.53406e-06,0.000459884,0.805683,-0.00399319,0.803758,0.000258939,0.00192495,0.00102252,0.937794,-8.29776e-05,0.937772,0.000137522,2.25188e-05,0.000238564,6.65109e-05,-7.3671e-07,1.06925e-05,5.29988e-06,5.58184e-05,3.07081e-06,0.610446,0.00017699,0.610567,0.000126431,-0.000121179,0.000234563
ERF_Log_File_20241001_1507.csv,sp,12,emfpe,4,0,filled_square,prism,ERF_OSA207_Spectra_20241001_1506.csv,1.41185e+09,1.99602,0.000309797,0.424353,0.00345595,34.1717,1.33401,3.36612e-06,0.00913825,2,0.014327,8.7116e-05,1.35,0,6.35e-06,0.000289,8.31e-05,7.51e-06,0,6.93e-06,0.000184105,6.18e-05,2.89e-05,5.77e-06,2.54e-05,9.24e-06,7.448e-06,4.04e-05,0.60925,2.87251e-05,0.93458,0.805473,0.000456817,4.73569e-06,0.000705481,0.000614094,279.876,0.206389,0.000668193,0.000142156,6.52833e-05,0.000142231,-0.000626352,0.00192177,-0.0054457,0.00192177,-0.000116871,8.27485e-06,0.163296,0.0095226,0.302985,0.311012,0.699055,1.04586,228,10,0.993381,0.994034,0.994034,0.993347,8.06253e-05,1.54988e-09,5.04258e-05,0.000115604,0.810868,0.940189,2.88975e-05,0.613309,0,0,0,0,0,0.000110521,0.000212478,3.93031e-05,0.000102026,-4.37626e-05,3.19811e-09,3.829e-05,2.7899e-09,0.000404241,1.45602e-06,-0.00143779,1.23999e-06,2.05131e-05,0.000184204,8.38508e-07,1.95549e-07,2.51865e-09,1.92227e-07,0.000104996,0.000107814,2.30951e-08,0.000117411,1.3377,0.000614095,0.000705481,4.73569e-06,0.000456817,0.806869,-0.00399908,0.803768,0.000258847,0.00310014,0.001023,0.940106,-8.32054e-05,0.937774,0.000137562,0.00233175,0.000238574,2.85809e-05,-3.16578e-07,1.07227e-05,5.30192e-06,1.78583e-05,3.0728e-06,0.613487,0.000177873,0.610569,0.00012649,0.00291793,0.00023452
ERF_Log_File_20241001_1352.csv,sp,12,emfpe,4,0,filled_square,prism,ERF_OSA207_Spectra_20241001_1352.csv,1.41185e+09,4.37368,0.000521848,0.938367,0.00335374,34.1711,1.33405,3.0885e-06,0.0190099,2,0.0144821,7.76419e-05,1.35,0,6.35e-06,0.000289,8.31e-05,7.51e-06,0,6.93e-06,0.00018411,6.18e-05,2.89e-05,5.77e-06,2.54e-05,9.24e-06,7.4474e-06,4.04e-05,0.60667,1.05124e-05,0.932455,0.8015,0.000127321,1.94545e-06,0.00015779,0.000124075,617.882,0.0744402,-3.87782e-05,2.36316e-05,0.000122784,2.38916e-05,-0.00317144,0.00144574,-0.0028238,0.00144574,-1.47603e-05,6.18038e-06,0.460264,0.00863727,0.49124,0.339247,0.252114,1.04587,228,10,0.993381,0.994034,0.994034,0.993347,8.02811e-05,5.67198e-10,5.03107e-05,0.000115033,0.806868,0.938051,1.05755e-05,0.610712,-0,0,0,0,0,9.91965e-05,0.000206572,1.78028e-05,8.40754e-05,-4.36937e-05,3.19723e-09,3.83057e-05,2.78914e-09,0.000404648,1.45601e-06,-0.00143781,1.23998e-06,2.04998e-05,0.000184246,7.69689e-07,1.79424e-07,2.31235e-09,1.76336e-07,0.000104481,0.000107572,8.45202e-09,0.000116919,1.33774,0.000124077,0.00015779,1.94545e-06,0.000127321,0.802889,-0.00397937,0.803779,0.000258754,-0.000889787,0.00102348,0.937968,-8.30395e-05,0.937777,0.000137602,0.000191834,0.000238585,1.04596e-05,-1.15857e-07,1.07528e-05,5.30396e-06,-2.93182e-07,3.07479e-06,0.610889,0.00017712,0.610572,0.000126549,0.0003177,0.000234478
ERF_Log_File_20241001_1427.csv,sp,12,emfpe,4,0,filled_square,prism,ERF_OSA207_Spectra_20241001_1427.csv,1.41185e+09,2.92753,0.000464964,0.625115,0.00195946,34.1713,1.33406,3.6991e-06,0.0132202,2,0.0144482,9.43422e-05,1.35,0,6.35e-06,0.000289,8.31e-05,7.51e-06,0,6.93e-06,0.000184111,6.18e-05,2.89e-05,5.77e-06,2.54e-05,9.24e-06,7.44724e-06,4.04e-05,0.606801,5.86477e-06,0.932689,0.802675,0.000191817,3.13896e-06,0.000311044,0.000239811,412.952,0.108379,-0.00022983,5.13961e-05,-3.95824e-05,5.16379e-05,0.00345174,0.00204632,-0.00218864,0.00204631,5.31937e-05,8.78611e-06,0.312515,0.00931497,0.570267,0.334445,0.367256,1.0458,228,10,0.993381,0.994034,0.994034,0.993347,8.02977e-05,3.16433e-10,5.03232e-05,0.000115202,0.808051,0.938287,5.89997e-06,0.610844,-0,0,0,0,0,0.000102942,0.000208382,2.66375e-05,9.01259e-05,-4.37623e-05,3.19635e-09,3.83576e-05,2.78914e-09,0.000404749,1.45601e-06,-0.00143781,1.23998e-06,2.053e-05,0.000184257,9.21959e-07,2.14897e-07,2.76993e-09,2.11186e-07,0.000104635,0.000107599,4.71531e-09,0.000116945,1.33775,0.000239813,0.000311044,3.13896e-06,0.000191817,0.804066,-0.00398521,0.803781,0.000258731,0.000284737,0.0010236,0.938204,-8.30662e-05,0.937777,0.000137612,0.00042663,0.000238587,5.83533e-06,-6.46353e-08,1.07604e-05,5.30447e-06,-4.92502e-06,3.07529e-06,0.611021,0.000177158,0.610572,0.000126564,0.00044904,0.000234467
ERF_Log_File_20241001_1829.csv,sp,12,emfpe,4,0,filled_square,prism,ERF_OSA207_Spectra_20241001_1829.csv,1.41187e+09,2.90191,0.000449139,0.624648,0.00204674,34.1711,1.33411,3.42696e-06,0.0131137,2,0.0144626,8.72209e-05,1.35,0,6.35e-06,0.000289,8.31e-05,7.51e-06,0,6.93e-06,0.000184117,6.18e-05,2.89e-05,5.77e-06,2.54e-05,9.24e-06,7.4465e-06,4.04e-05,0.605549,1.74815e-05,0.931889,0.802174,0.000211171,4.01823e-06,0.00033262,0.000280278,410.214,0.13275,3.27931e-05,6.31961e-05,-0.000127812,6.33251e-05,0.000229914,0.00165524,-0.00249224,0.00165523,4.11945e-05,7.12332e-06,0.228887,0.0118446,0.413334,0.307063,0.449703,1.04587,228,10,0.993381,0.994035,0.994035,0.993347,8.01286e-05,9.43204e-10,5.02795e-05,0.000115128,0.807547,0.937481,1.75864e-05,0.609584,-0,0,0,0,0,0.000102972,0.000208251,2.68153e-05,9.01247e-05,-4.36482e-05,3.19723e-09,3.83286e-05,2.78839e-09,0.00040526,1.45601e-06,-0.00143784,1.23998e-06,2.04942e-05,0.00018431,8.54599e-07,1.99091e-07,2.56813e-09,1.95598e-07,0.000104572,0.00010751,1.40552e-08,0.00011671,1.3378,0.000280279,0.00033262,4.01823e-06,0.000211171,0.803564,-0.00398275,0.803794,0.000258614,-0.000229691,0.00102419,0.937398,-8.30239e-05,0.93778,0.000137661,-0.000381986,0.0002386,1.73937e-05,-1.92662e-07,1.0798e-05,5.30702e-06,6.59569e-06,3.07778e-06,0.609761,0.000176793,0.610575,0.000126638,-0.000814526,0.000234414
ERF_Log_File_20241001_1750.csv,sp,12,emfpe,4,0,filled_square,prism,ERF_OSA207_Spectra_20241001_1750.csv,1.41186e+09,4.32874,0.000716726,0.936356,0.00201182,34.1715,1.33415,3.70884e-06,0.0187685,2,0.0144518,9.86718e-05,1.35,0,6.35e-06,0.000289,8.31e-05,7.51e-06,0,6.93e-06,0.000184122,6.18e-05,2.89e-05,5.77e-06,2.54e-05,9.24e-06,7.44596e-06,4.04e-05,0.605598,5.89011e-06,0.931221,0.801106,0.000204721,2.7041e-06,0.000286019,0.000275985,612.497,0.169737,-7.5608e-05,5.42539e-05,-8.03e-05,5.44806e-05,-0.00261948,0.00203425,0.00244036,0.00203425,5.26621e-05,8.73837e-06,0.540645,0.0119335,0.524724,0.690911,0.581679,1.0403,228,10,0.993381,0.994035,0.994035,0.993347,8.01324e-05,3.17794e-10,5.0243e-05,0.000114974,0.806471,0.936809,5.92546e-06,0.609633,-0,0,0,0,0,9.92031e-05,0.000206327,1.79593e-05,8.4034e-05,-4.36574e-05,3.19723e-09,3.83593e-05,2.78839e-09,0.000405668,1.456e-06,-0.00143785,1.23997e-06,2.05042e-05,0.000184352,9.25297e-07,2.15469e-07,2.78108e-09,2.11641e-07,0.000104436,0.000107435,4.73567e-09,0.000116724,1.33784,0.000275987,0.000286019,2.7041e-06,0.000204721,0.802494,-0.00397746,0.803804,0.000258522,-0.00130959,0.00102467,0.936726,-8.29876e-05,0.937782,0.000137701,-0.00105629,0.000238611,5.86054e-06,-6.49145e-08,1.08282e-05,5.30906e-06,-4.96766e-06,3.07977e-06,0.60981,0.000176808,0.610577,0.000126697,-0.000767472,0.000234371
ERF_Log_File_20241001_1715.csv,sp,12,emfpe,4,0,filled_square,prism,ERF_OSA207_Spectra_20241001_1715.csv,1.41186e+09,2.22317,0.000677346,0.949276,0.00742917,34.1707,1.33415,3.19429e-06,0.0191687,2,0.0145447,8.19033e-05,1.35,0,6.35e-06,0.000289,8.31e-05,7.51e-06,0,6.93e-06,0.000184122,6.18e-05,2.89e-05,5.77e-06,2.54e-05,9.24e-06,7.44594e-06,4.04e-05,0.606705,5.07716e-07,0.932803,0.802406,0.000224837,3.33781e-06,0.000374374,0.000300731,627.098,0.213718,-0.000130692,6.66278e-05,3.44355e-05,6.68051e-05,-0.000897908,0.00199319,-0.00273904,0.00199319,-3.4071e-05,8.57203e-06,0.391759,0.0150397,0.890638,0.555708,0.72394,1.04587,228,10,0.993381,0.994035,0.994035,0.993347,8.02789e-05,2.73932e-11,5.03283e-05,0.000115161,0.80778,0.938401,5.10763e-07,0.610748,-0,0,0,0,0,9.92153e-05,0.000206606,1.75411e-05,8.39323e-05,-4.36574e-05,3.19723e-09,3.83593e-05,2.78839e-09,0.000405668,1.456e-06,-0.00143785,1.23997e-06,2.05042e-05,0.000184352,7.96925e-07,1.85576e-07,2.39524e-09,1.82279e-07,0.000104605,0.000107617,4.08206e-10,0.000116937,1.33784,0.000300732,0.000374374,3.33781e-06,0.000224837,0.803796,-0.00398392,0.803804,0.000258522,-7.3362e-06,0.00102467,0.938317,-8.31286e-05,0.937782,0.000137701,0.000535064,0.000238611,5.05167e-07,-5.5955e-09,1.08282e-05,5.30906e-06,-1.0323e-05,3.07977e-06,0.610925,0.000177131,0.610577,0.000126697,0.000347227,0.000234371
ERF_Log_File_20240930_1415.csv,sp,12,emfpe,4,0,filled_square,prism,ERF_OSA207_Spectra_20240930_1415.csv,1.41176e+09,3.66707,0.000276351,0.749555,0.00103766,34.1714,1.33439,3.83631e-06,0.0158312,2,0.0142707,9.46611e-05,1.35,0,6.35e-06,0.000289,8.31e-05,7.51e-06,0,6.93e-06,0.000184152,6.18e-05,2.89e-05,5.77e-06,2.54e-05,9.24e-06,7.44249e-06,4.04e-05,0.606722,1.13132e-05,0.931383,0.80215,0.000149372,2.42449e-06,0.000281924,0.000194465,515.304,0.112006,-9.13956e-05,4.25455e-05,1.00238e-05,4.27114e-05,0.00299226,0.00154099,-0.00136087,0.00154099,-4.7526e-07,6.62054e-06,0.255646,0.00897727,0.72656,0.31344,0.37934,1.04586,228,10,0.993382,0.994035,0.994035,0.993348,8.0265e-05,6.10357e-10,5.0249e-05,0.000115119,0.807522,0.936972,1.13811e-05,0.610764,-0,0,0,0,0,0.000100563,0.000206962,2.13466e-05,8.62627e-05,-4.36877e-05,3.19811e-09,3.82759e-05,2.78763e-09,0.000408109,1.45597e-06,-0.00143795,1.23994e-06,2.04909e-05,0.000184607,9.59613e-07,2.22893e-07,2.8873e-09,2.18637e-07,0.000104587,0.000107467,9.09586e-09,0.000116969,1.33808,0.000194467,0.000281924,2.42449e-06,0.000149372,0.803539,-0.00398276,0.803864,0.000257964,-0.000324874,0.00102755,0.936889,-8.31417e-05,0.937796,0.00013794,-0.000907453,0.000238673,1.12564e-05,-1.24682e-07,1.10091e-05,5.3213e-06,2.47292e-07,3.09171e-06,0.610941,0.000177139,0.610591,0.000127051,0.000350009,0.000234116
ERF_Log_File_20250128_1201.csv,sp,12,emfpe,7,1,filled_square,prism,ERF_OSA207_Spectra_20250128_1201.csv,1.42213e+09,5.00627,0.000460735,0.317569,0.000482921,34.173,1.34596,8.82801e-06,0.00167545,2,0.0132594,0.000236875,1.35,0,6.35e-06,0.000289,8.31e-05,7.51e-06,0,6.93e-06,0.000185646,6.18e-05,2.89e-05,5.77e-06,2.54e-05,9.24e-06,7.27425e-06,4.04e-05,0.60677,2.96572e-05,0.932806,0.806404,9.17792e-05,5.47753e-06,0.00014055,0.000121505,255.197,0.0382237,4.78162e-07,2.7784e-05,-2.71087e-06,2.77886e-05,-0.000844405,0.000213679,0.000835793,0.000213678,6.25964e-06,9.26418e-07,0.0232837,0.0100444,0.0279642,0.023867,0.129917,1.04586,228,10,0.993412,0.994071,0.994071,0.993384,7.94966e-05,1.59589e-09,5.01953e-05,0.000115467,0.811775,0.93837,2.98341e-05,0.610794,0,0,0,0,0,0.000113221,0.000213469,4.3104e-05,0.000105816,-9.4673e-06,1.74731e-09,-4.18664e-06,7.61705e-10,-0.00123675,1.25758e-06,0.000187003,1.25193e-06,3.41348e-06,0.000142376,2.25831e-06,5.1337e-07,7.07145e-09,4.86711e-07,9.72304e-05,0.000105769,2.73025e-08,0.00010291,1.34452,0.000121526,0.000140551,5.47753e-06,9.17805e-05,0.806625,-0.00514945,0.805506,0.000243049,0.0011192,0.00105591,0.938009,-0.000360301,0.938171,0.000144088,-0.000161513,0.000240035,2.94008e-05,-4.33302e-07,1.60405e-05,5.65668e-06,1.33603e-05,3.30637e-06,0.610611,-0.000183183,0.610952,0.000138939,-0.000341427,0.00022757
ERF_Log_File_20250128_1233.csv,sp,12,emfpe,7,1,filled_square,prism,ERF_OSA207_Spectra_20250128_1233.csv,1.42213e+09,4.65491,0.00024132,0.317672,0.000231372,34.1715,1.37226,1.02056e-05,0.00165284,2,0.0137282,0.000242876,1.375,0,6.35e-06,0.000289,8.31e-05,7.51e-06,0,6.93e-06,0.000190388,6.18e-05,2.89e-05,5.77e-06,2.54e-05,9.24e-06,6.89195e-06,4.04e-05,0.608371,1.93737e-05,0.934652,0.809729,9.75391e-05,6.25935e-06,0.000150201,0.000129748,231.867,0.0368704,1.54967e-05,2.9823e-05,-1.23969e-05,2.98291e-05,-0.0015356,0.000254543,0.000276704,0.000254542,-5.98068e-07,1.10353e-06,0.0206909,0.0104299,0.0360088,0.0260774,0.124891,1.04561,228,10,0.993479,0.994147,0.994147,0.993462,7.80348e-05,1.03659e-09,5.00087e-05,0.000115359,0.815058,0.940155,1.94878e-05,0.612364,-0,0,0,0,0,0.000116733,0.00021556,4.7441e-05,0.000110822,4.82561e-07,1.89059e-09,-7.86563e-06,8.23506e-10,-0.00123927,1.30563e-06,0.000196251,1.29976e-06,2.08705e-06,0.000143553,7.6128e-07,5.80746e-07,5.16037e-09,5.06737e-07,9.93941e-05,0.000107405,1.78341e-08,0.000106117,1.37079,0.00012975,0.000150202,6.25935e-06,9.75404e-05,0.8099,-0.00515833,0.810408,0.00021407,-0.000508186,0.000313918,0.939776,-0.000378556,0.939687,0.000129654,8.89819e-05,0.000239474,1.92047e-05,-2.83035e-07,3.48947e-05,9.81538e-06,-1.569e-05,2.12791e-06,0.61216,-0.000204114,0.61232,0.000155817,-0.000159954,0.000208955
ERF_Log_File_20240930_1343.csv,sp,12,emfpe,4,0,filled_square,prism,ERF_OSA207_Spectra_20240930_1343.csv,1.41176e+09,3.325,0.000337452,0.745207,0.00264414,34.1717,1.37543,3.2769e-06,0.0174181,2,0.0150137,8.59888e-05,1.39,0,6.35e-06,0.000289,8.31e-05,7.51e-06,0,6.93e-06,0.000190828,6.18e-05,2.89e-05,5.77e-06,2.54e-05,9.24e-06,6.84586e-06,4.04e-05,0.609615,2.08588e-05,0.934816,0.807538,0.000239027,2.91846e-06,0.000388934,0.000414864,446.867,0.164968,6.84975e-05,7.21768e-05,-7.33376e-05,7.2372e-05,0.00287696,0.00217658,0.000669119,0.00217658,-3.4082e-05,9.35753e-06,0.264304,0.00938022,0.559367,0.904894,0.559446,1.04373,228,10,0.993486,0.994155,0.994155,0.993471,7.80006e-05,1.11531e-09,4.99844e-05,0.000114978,0.812845,0.940312,2.09814e-05,0.613612,0,0,0,0,0,0.000102554,0.000208381,2.46158e-05,8.88992e-05,-3.40712e-05,3.43356e-09,3.87142e-05,2.99504e-09,0.000810791,1.47226e-06,-0.00141469,1.25382e-06,1.81964e-05,0.000222549,2.54662e-08,1.83623e-07,8.27532e-10,1.5963e-07,0.000107888,0.000110087,1.67685e-08,0.000122189,1.37923,0.000414864,0.000388934,2.91846e-06,0.000239027,0.808814,-0.00403102,0.810681,0.000227714,-0.00186673,3.29061e-05,0.940204,-0.000108515,0.940164,0.000137997,3.96087e-05,0.000237269,2.07516e-05,-2.29856e-07,3.81453e-05,1.01376e-05,-1.73938e-05,1.0693e-06,0.613788,0.000175918,0.612735,0.000162983,0.00105306,0.000206266
ERF_Log_File_20250122_1551.csv,sp,12,emfpe,7,1,filled_square,prism,ERF_OSA207_Spectra_20250122_1551.csv,1.42162e+09,2.86623,9.8901e-05,0.199808,0.000183849,34.171,1.3956,1.63049e-05,0.000978379,2,0.0143153,0.000412826,1.4,0,6.35e-06,0.000289,8.31e-05,7.51e-06,0,6.93e-06,0.000193483,6.18e-05,2.89e-05,5.77e-06,2.54e-05,9.24e-06,6.55264e-06,4.04e-05,0.609651,6.09559e-05,0.935765,0.810761,0.00016852,1.24157e-05,0.000258634,0.000224373,138.592,0.0382223,4.81703e-05,4.70364e-05,2.44155e-05,4.70394e-05,-0.00135661,0.000238068,4.11666e-05,0.000238068,-1.32196e-05,1.03185e-06,0.011222,0.0123645,0.0168406,0.0182857,0.129957,1.04579,228,10,0.993535,0.994209,0.994209,0.993527,7.68105e-05,3.24591e-09,4.98296e-05,0.00011501,0.816043,0.941216,6.1311e-05,0.613618,-0,0,0,0,0,0.000145532,0.000232585,7.93697e-05,0.00015215,8.13761e-06,2.01383e-09,-1.10668e-05,8.79747e-10,-0.00123829,1.34593e-06,0.000204913,1.3398e-06,4.80111e-06,0.00014432,1.52691e-06,8.80329e-07,5.26337e-09,7.82158e-07,0.000101128,0.000108764,5.61084e-08,0.000108848,1.39411,0.000224378,0.000258635,1.24157e-05,0.000168522,0.810889,-0.00515415,0.809794,0.000268209,0.00109519,0.000400803,0.940821,-0.000394616,0.940983,0.000174277,-0.000162133,0.00023108,6.04205e-05,-8.90463e-07,3.76469e-05,9.08109e-06,2.27736e-05,1.38159e-06,0.613397,-0.000221507,0.613453,0.000180894,-5.60237e-05,0.00020531
ERF_Log_File_20250127_1100.csv,sp,12,emfpe,7,1,filled_square,prism,ERF_OSA207_Spectra_20250127_1100.csv,1.42204e+09,4.74204,0.000164751,0.319856,0.000300356,34.1723,1.39732,1.28527e-05,0.00164699,2,0.0143693,0.000261298,1.4,0,6.35e-06,0.000289,8.31e-05,7.51e-06,0,6.93e-06,0.000193705,6.18e-05,2.89e-05,5.77e-06,2.54e-05,9.24e-06,6.52772e-06,4.04e-05,0.609753,2.92717e-05,0.936034,0.809652,0.000113898,5.45072e-06,0.000174563,0.000150601,229.482,0.0425702,-1.52601e-05,3.33318e-05,1.39215e-05,3.33353e-05,-0.00139452,0.000207761,0.000408587,0.000207761,-6.94831e-06,9.00846e-07,0.0220218,0.00898917,0.0294837,0.0177586,0.144623,1.04557,228,10,0.993539,0.994214,0.994214,0.993532,7.67243e-05,1.5582e-09,4.98272e-05,0.000114817,0.814923,0.941481,2.94421e-05,0.613718,0,0,0,0,0,0.000117099,0.000216052,4.7934e-05,0.000111516,8.81921e-06,2.02517e-09,-1.13057e-05,8.80983e-10,-0.00123808,1.34878e-06,0.000205573,1.34271e-06,5.03123e-06,0.000144366,1.23546e-06,6.90377e-07,4.81605e-09,6.16324e-07,0.000101109,0.000108884,2.69437e-08,0.000109047,1.39583,0.000150606,0.000174564,5.45072e-06,0.0001139,0.809777,-0.00514631,0.80963,0.000272427,0.000146252,0.000411913,0.941086,-0.000395881,0.941076,0.000178583,9.92443e-06,0.000230177,2.90144e-05,-4.27608e-07,3.70421e-05,8.95361e-06,-8.02768e-06,1.60571e-06,0.613495,-0.00022275,0.613535,0.000182301,-3.94771e-05,0.000205487
ERF_Log_File_20240930_1311.csv,sp,12,emfpe,4,0,filled_square,prism,ERF_OSA207_Spectra_20240930_1311.csv,1.41176e+09,3.60967,0.00028405,0.749599,0.00121359,34.1719,1.41451,4.6462e-06,0.0159786,2,0.0158774,9.80402e-05,1.43,0,6.35e-06,0.000289,8.31e-05,7.51e-06,0,6.93e-06,0.000196045,6.18e-05,2.89e-05,5.77e-06,2.54e-05,9.24e-06,6.42147e-06,4.04e-05,0.610453,2.39577e-05,0.93727,0.806108,0.000240994,2.30197e-06,0.000374473,0.000294243,460.592,0.155009,-3.5575e-05,6.58347e-05,1.87289e-05,6.60427e-05,0.00284849,0.00214649,-0.00248504,0.00214648,0.000112198,9.22546e-06,0.415687,0.00762424,0.677447,0.36154,0.523552,1.04458,228,10,0.993578,0.994257,0.994257,0.993577,7.5844e-05,1.27111e-09,4.97282e-05,0.000113969,0.811319,0.942684,2.40961e-05,0.614399,0,0,0,0,0,0.000102068,0.000208755,2.38823e-05,8.84595e-05,-2.45142e-05,3.85508e-09,3.70017e-05,3.36115e-09,0.00115583,1.52425e-06,-0.00132739,1.2981e-06,1.5379e-05,0.000248322,1.00853e-07,2.29219e-07,2.21689e-09,2.24255e-07,0.000110225,0.00011238,1.92578e-08,0.00012638,1.41842,0.000294243,0.000374473,2.30197e-06,0.000240994,0.807271,-0.00404849,0.807937,0.000226992,-0.000666379,9.45226e-05,0.942549,-0.000134681,0.942242,0.000135572,0.00030675,0.000214831,2.38321e-05,-2.63977e-07,2.54023e-05,1.07533e-05,-1.5702e-06,2.07774e-06,0.614568,0.000169803,0.61462,0.000146458,-5.16748e-05,0.000210179
ERF_Log_File_20250127_1132.csv,sp,12,emfpe,7,1,filled_square,prism,ERF_OSA207_Spectra_20250127_1132.csv,1.42204e+09,5.21565,0.000154632,0.319381,0.000209041,34.1719,1.42151,1.12961e-05,0.0015263,2,0.0148233,0.000313123,1.425,0,6.35e-06,0.000289,8.31e-05,7.51e-06,0,6.93e-06,0.000196987,6.18e-05,2.89e-05,5.77e-06,2.54e-05,9.24e-06,6.38905e-06,4.04e-05,0.610844,6.76199e-05,0.937134,0.807599,0.000147102,7.45888e-06,0.000225383,0.000194432,242.143,0.0581349,8.12287e-06,4.06654e-05,-2.30347e-05,4.06678e-05,-0.00114448,0.000201589,0.000136125,0.000201588,2.80071e-06,8.74096e-07,0.0207074,0.0130046,0.0229213,0.0237523,0.197399,1.04157,228,10,0.993593,0.994274,0.994274,0.993595,7.55092e-05,3.58307e-09,4.96572e-05,0.000114044,0.812805,0.942531,6.80093e-05,0.614783,0,0,0,0,0,0.000115019,0.000215275,4.54277e-05,0.000108774,1.58166e-05,2.15401e-09,-1.41247e-05,9.35516e-10,-0.00123396,1.38918e-06,0.000215095,1.383e-06,7.48533e-06,0.000144906,1.16717e-07,5.53303e-07,5.03302e-09,5.45878e-07,0.000102558,0.000110252,6.22383e-08,0.000111727,1.41999,0.000194432,0.000225384,7.45888e-06,0.000147103,0.807683,-0.00512238,0.807911,0.000225566,-0.00022864,4.50432e-05,0.942118,-0.000412565,0.94232,0.000135292,-0.000201145,0.00021353,6.70216e-05,-9.87749e-07,2.46763e-05,1.07315e-05,4.23453e-05,1.94233e-06,0.614543,-0.000239525,0.614696,0.000145924,-0.000152494,0.000210664
ERF_Log_File_20250127_1204.csv,sp,12,emfpe,7,1,filled_square,prism,ERF_OSA207_Spectra_20250127_1204.csv,1.42204e+09,2.23008,9.99743e-05,0.320013,0.00017127,34.1714,1.4454,1.09542e-05,0.0014938,2,0.0153912,0.000247305,1.45,0,6.35e-06,0.000289,8.31e-05,7.51e-06,0,6.93e-06,0.000200267,6.18e-05,2.89e-05,5.77e-06,2.54e-05,9.24e-06,6.27832e-06,4.04e-05,0.612168,9.42099e-05,0.938593,0.810101,9.11038e-05,5.76093e-06,0.000139372,0.000120291,245.03,0.036179,6.09387e-05,2.72493e-05,-2.336e-05,2.72534e-05,-0.00128269,0.000201083,2.6231e-05,0.000201083,-1.2635e-06,8.71769e-07,0.0201287,0.0101455,0.0259561,0.0218878,0.122648,1.04536,228,10,0.993645,0.994329,0.994329,0.993654,7.44083e-05,4.97138e-09,4.95288e-05,0.000113952,0.815275,0.943946,9.47472e-05,0.616083,-0,0,0,0,0,0.000114881,0.000215374,4.48925e-05,0.000108304,2.18208e-05,2.27557e-09,-1.65614e-05,9.92538e-10,-0.00122739,1.42977e-06,0.000224923,1.42329e-06,9.59556e-06,0.000145232,1.85792e-06,4.79532e-07,6.76588e-09,5.44864e-07,0.000104609,0.000111618,8.67074e-08,0.000114313,1.44385,0.000120305,0.000139373,5.76093e-06,9.11054e-05,0.810147,-0.00512766,0.809908,0.000219863,0.000238811,0.00075181,0.943517,-0.000429261,0.943424,0.000139192,9.25858e-05,0.000194043,9.33711e-05,-1.37608e-06,2.45916e-05,1.01093e-05,6.87796e-05,2.73782e-06,0.615828,-0.000255151,0.615864,0.000148029,-3.61129e-05,0.00022048
ERF_Log_File_20240930_1239.csv,sp,12,emfpe,4,0,filled_square,prism,ERF_OSA207_Spectra_20240930_1239.csv,1.41176e+09,3.9905,0.00028414,0.750004,0.0021384,34.1715,1.45096,4.59576e-06,0.0149827,2,0.0166787,0.000120721,1.47,0,6.35e-06,0.000289,8.31e-05,7.51e-06,0,6.93e-06,0.000201035,6.18e-05,2.89e-05,5.77e-06,2.54e-05,9.24e-06,6.25257e-06,4.04e-05,0.611414,7.06565e-05,0.93817,0.808784,0.000513705,2.99412e-06,0.000423936,0.000363936,470.167,0.197192,0.000114282,8.19879e-05,8.5183e-05,8.22012e-05,-0.0019525,0.00242501,0.00207371,0.00242501,-6.90717e-05,1.04273e-05,1.50014,0.0101149,0.535584,0.434388,0.667697,1.04576,228,10,0.993656,0.994342,0.994342,0.993667,7.40324e-05,3.72507e-09,4.94611e-05,0.000113668,0.813939,0.943508,7.10585e-05,0.615318,-0,0,0,0,0,0.000102163,0.000208849,2.33959e-05,8.82234e-05,-1.53795e-05,4.28298e-09,3.39851e-05,3.73265e-09,0.00143266,1.59546e-06,-0.00120204,1.35874e-06,1.23411e-05,0.00026347,9.38419e-07,1.91851e-07,6.73997e-09,2.29598e-07,0.000113023,0.000114264,5.67906e-08,0.000129974,1.45497,0.000363937,0.000423936,2.99413e-06,0.000513705,0.80985,-0.00408831,0.812038,0.000221559,-0.00218804,0.000912079,0.943348,-0.000160531,0.943899,0.000142766,-0.000551582,0.000186466,7.02801e-05,-7.7846e-07,3.59855e-05,1.21611e-05,3.42946e-05,6.55079e-06,0.615478,0.000160585,0.616419,0.000136464,-0.000941191,0.000223154
ERF_Log_File_20250508_1520.csv,sp,13,fmfpe,11,2,filled_square,prism,ERF_OSA207_Spectra_20250508_1520.csv,1.43078e+09,5.07382,0.000862217,0.317737,0.000939619,33.2888,1.46016,1.33461e-05,0.00137387,2,0.015531,0.000310731,1.467,0,6.35e-06,0.000289,8.31e-05,7.51e-06,0,6.93e-06,0.000167344,6.18e-05,2.89e-05,5.77e-06,2.54e-05,9.24e-06,6.20992e-06,4.04e-05,0.613374,5.03684e-05,0.939412,0.808642,0.000119468,2.38611e-06,0.000183158,0.000158352,205.714,0.0395938,3.88828e-05,3.66895e-05,-3.96936e-05,3.67014e-05,0.000448727,0.000389072,-0.00016486,0.000389071,-3.73548e-06,1.68565e-06,0.0266813,0.003527,0.0431652,0.0427196,0.133993,1.04587,228,10,0.994423,0.995086,0.995086,0.994401,6.40584e-05,2.29792e-09,4.28581e-05,0.000103255,0.813195,0.944051,5.06171e-05,0.616814,-0,0,0,0,0,0.00012138,0.000219157,5.34723e-05,0.000118383,-3.61158e-06,8.31901e-09,5.31396e-05,4.8295e-09,-2.58305e-05,6.35851e-06,0.000198965,5.38883e-06,1.41878e-05,2.2564e-05,2.72622e-06,5.51025e-07,2.27316e-08,6.65478e-07,0,0,0,0,1.45768,0.000158375,0.000183159,2.38622e-06,0.00011947,0.813195,0,0.812593,0.000221564,0.000601943,0.000914132,0.944051,0,0.944012,0.0001442,3.90241e-05,0.000184765,5.06171e-05,0,4.02702e-05,1.26603e-05,1.03469e-05,7.62217e-06,0.616814,0,0.616555,0.000133728,0.000259227,0.000223142
ERF_Log_File_20250127_1236.csv,sp,12,emfpe,7,1,filled_square,prism,ERF_OSA207_Spectra_20250127_1236.csv,1.42204e+09,2.35436,9.82027e-05,0.320542,0.000266209,34.1713,1.46754,1.30158e-05,0.00145332,2,0.0159563,0.000247756,1.475,0,6.35e-06,0.000289,8.31e-05,7.51e-06,0,6.93e-06,0.000203379,6.18e-05,2.89e-05,5.77e-06,2.54e-05,9.24e-06,6.17571e-06,4.04e-05,0.613137,5.63924e-05,0.939368,0.813987,9.36597e-05,5.84698e-06,0.000143249,0.000124288,248.144,0.0377271,2.31163e-05,2.71118e-05,-5.42025e-06,2.71144e-05,-0.0013397,0.000162724,0.000627981,0.000162724,9.61401e-06,7.05628e-07,0.016138,0.0104266,0.0196626,0.0201579,0.128105,1.04565,228,10,0.99369,0.994377,0.994377,0.993705,7.34101e-05,2.96556e-09,4.93994e-05,0.000114118,0.819144,0.94468,5.67113e-05,0.61703,-0,0,0,0,0,0.00011487,0.00021532,4.43291e-05,0.000107774,2.65303e-05,2.39335e-09,-1.84248e-05,1.04333e-09,-0.0012195,1.46919e-06,0.00023427,1.46247e-06,1.12388e-05,0.000145378,2.48178e-06,5.20358e-07,3.19861e-08,6.40558e-07,0.000106767,0.00011279,5.1899e-08,0.000116564,1.46597,0.000124313,0.00014325,5.84707e-06,9.36619e-05,0.814001,-0.00514256,0.814244,0.000224019,-0.00024307,0.000858136,0.944235,-0.000444511,0.944349,0.000148257,-0.000113204,0.000179927,5.58876e-05,-8.23659e-07,5.74795e-05,1.43798e-05,-1.5919e-06,1.106e-05,0.616762,-0.000268642,0.616966,0.000129292,-0.000203776,0.000221489
ERF_Log_File_20240930_1207.csv,sp,12,emfpe,4,0,filled_square,prism,ERF_OSA207_Spectra_20240930_1207.csv,1.41176e+09,2.25214,0.000292198,0.750429,0.00164504,34.1719,1.49151,4.94591e-06,0.0154099,2,0.0176272,0.000123894,1.51,0,6.35e-06,0.000289,8.31e-05,7.51e-06,0,6.93e-06,0.000206747,6.18e-05,2.89e-05,5.77e-06,2.54e-05,9.24e-06,6.06464e-06,4.04e-05,0.615874,4.04997e-05,0.941388,0.815994,0.000423713,3.81305e-06,0.000653405,0.000559041,482.923,0.321564,-0.000275564,0.000129096,-0.000346302,0.000129199,0.000849004,0.00212112,0.00147822,0.00212111,-9.75822e-06,9.13176e-06,0.365299,0.013231,0.638717,0.449852,1.08925,1.04587,228,10,0.993737,0.994425,0.994425,0.993758,7.25821e-05,2.12291e-09,4.93457e-05,0.000114026,0.821119,0.946666,4.07268e-05,0.619756,0,0,0,0,0,0.000102728,0.000209422,2.2778e-05,8.83146e-05,-5.53898e-06,4.68746e-09,2.97394e-05,4.08436e-09,0.00167987,1.6869e-06,-0.00102808,1.43661e-06,8.81959e-06,0.000270795,4.23697e-08,1.79761e-07,2.71802e-08,2.11514e-07,0.000116849,0.000116541,3.25492e-08,0.000134326,1.49563,0.000559041,0.000653405,3.81315e-06,0.000423713,0.816962,-0.00415789,0.817556,0.000298697,-0.000593995,3.93344e-05,0.946474,-0.000191409,0.945477,0.000143349,0.000997546,0.000166883,4.02806e-05,-4.46169e-07,0.00017418,2.5758e-05,-0.0001339,2.52331e-05,0.619903,0.000147397,0.618345,0.000158394,0.00155774,0.000196361
ERF_Log_File_20250127_1308.csv,sp,12,emfpe,7,1,filled_square,prism,ERF_OSA207_Spectra_20250127_1307.csv,1.42204e+09,2.55383,0.000103727,0.319567,0.000138031,34.1717,1.49281,1.2712e-05,0.00149639,2,0.0163048,0.000289746,1.5,0,6.35e-06,0.000289,8.31e-05,7.51e-06,0,6.93e-06,0.000206939,6.18e-05,2.89e-05,5.77e-06,2.54e-05,9.24e-06,6.05862e-06,4.04e-05,0.614503,7.04984e-05,0.940793,0.817273,0.000126142,5.24456e-06,0.000193545,0.000167799,253.388,0.0519112,-2.47255e-05,3.48647e-05,-1.40191e-05,3.48668e-05,-0.0013451,0.000175289,0.000180692,0.000175289,2.45891e-06,7.59932e-07,0.0143241,0.0095496,0.0320625,0.0197426,0.175911,1.04572,228,10,0.993739,0.994428,0.994428,0.99376,7.23595e-05,3.6948e-09,4.93067e-05,0.000114186,0.822405,0.946064,7.08934e-05,0.618375,0,0,0,0,0,0.000114554,0.000215274,4.34117e-05,0.000106902,3.09486e-05,2.53514e-09,-2.0336e-05,1.10515e-09,-0.00120898,1.5173e-06,0.000244966,1.51039e-06,1.28212e-05,0.000145396,5.35482e-07,4.6764e-07,6.36994e-08,5.60702e-07,0.000109146,0.000114165,6.48777e-08,0.000119069,1.49121,0.0001678,0.000193546,5.24495e-06,0.000126143,0.817252,-0.00515241,0.817443,0.000300168,-0.00019084,0.000192845,0.945602,-0.000462214,0.945315,0.000138349,0.0002872,0.000168413,6.98638e-05,-1.02964e-06,0.000150968,2.41025e-05,-8.1104e-05,2.29403e-05,0.618091,-0.000283157,0.618153,0.000157007,-6.16113e-05,0.000201928
ERF_Log_File_20250219_0900.csv,sp,13,emfpe,9,1,filled_square,prism,ERF_OSA207_Spectra_20250219_0900.csv,1.42402e+09,5.33303,0.000335924,0.320829,0.000598833,34.1741,1.49336,1.0652e-05,0.00146946,2,0.0165508,0.000228757,1.5,0,6.35e-06,0.000289,8.31e-05,7.51e-06,0,6.93e-06,0.000171225,6.18e-05,2.89e-05,5.77e-06,2.54e-05,9.24e-06,6.05604e-06,4.04e-05,0.614828,8.46517e-05,0.941317,0.818052,0.00012023,6.84678e-06,0.000184018,0.000160146,201.293,0.0391544,1.29068e-05,3.56267e-05,-7.23195e-06,3.56314e-05,-0.000311842,0.000248858,0.000295632,0.000248857,-1.89017e-06,1.07404e-06,0.0176558,0.00990312,0.0265003,0.0258749,0.132669,1.04587,228,10,0.994479,0.995148,0.995148,0.994467,6.28624e-05,3.85411e-09,4.28573e-05,0.000104185,0.822603,0.945907,8.50644e-05,0.618241,0,0,0,0,0,0.000123246,0.000220089,5.46467e-05,0.000119936,7.78929e-06,1.06557e-08,-5.07497e-06,4.48565e-09,-0.000235288,3.19526e-07,0.000304951,2.71796e-07,3.21607e-06,5.40239e-05,4.04073e-07,3.91251e-07,5.40112e-08,4.68134e-07,0.000109216,0.000114172,7.78462e-08,0.000119091,1.49176,0.000160146,0.000184018,6.84699e-06,0.000120231,0.81745,-0.00515343,0.817466,0.000299902,-1.62812e-05,0.000173727,0.945444,-0.000462507,0.945335,0.000138958,0.000108763,0.000168214,8.3829e-05,-1.23545e-06,0.000153722,2.43082e-05,-6.98927e-05,2.32215e-05,0.617958,-0.000283387,0.618177,0.000157144,-0.000219407,0.000201269
ERF_Log_File_20240930_1135.csv,sp,12,emfpe,4,0,filled_square,prism,ERF_OSA207_Spectra_20240930_1135.csv,1.41175e+09,2.46516,0.000327596,0.752314,0.00168137,34.1718,1.52989,4.30567e-06,0.0156489,2,0.0185312,0.000111131,1.55,0,6.35e-06,0.000289,8.31e-05,7.51e-06,0,6.93e-06,0.000211576,6.18e-05,2.89e-05,5.77e-06,2.54e-05,9.24e-06,5.88676e-06,4.04e-05,0.616234,0.00053667,0.942038,0.813681,0.000447857,2.58379e-06,0.000680428,0.000592593,479.571,0.342053,0.000198458,0.000136659,0.00024504,0.000136713,0.0011164,0.00159482,0.00102246,0.00159481,4.5969e-05,6.8679e-06,0.299956,0.00881168,0.368409,0.399476,1.15856,1.04455,228,10,0.993807,0.994495,0.994495,0.993835,7.08819e-05,2.80193e-08,4.91834e-05,0.000113205,0.818728,0.947253,0.000539641,0.620074,0,0,0,0,0,0.000102529,0.000209595,2.29373e-05,8.84672e-05,3.15911e-06,4.93722e-09,2.52667e-05,4.30094e-09,0.00184821,1.77252e-06,-0.0008439,1.50953e-06,7.10645e-06,0.000269211,4.52769e-07,1.45662e-07,4.21559e-08,1.32162e-07,0.000119277,0.000118324,4.31285e-07,0.000137263,1.53412,0.000592593,0.000680428,2.58413e-06,0.000447857,0.814548,-0.00418051,0.814326,0.000326091,0.000221993,0.00049526,0.947031,-0.000221698,0.94682,0.000181157,0.000211013,0.000159332,0.000533729,-5.91187e-06,0.000471658,3.41782e-05,6.20713e-05,4.61122e-05,0.620205,0.000130547,0.61976,0.000276144,0.000445161,0.000144565
ERF_Log_File_20240930_1103.csv,sp,12,emfpe,4,0,filled_square,prism,ERF_OSA207_Spectra_20240930_1103.csv,1.41175e+09,2.56383,0.000321695,0.750302,0.00181842,34.1722,1.56928,4.84809e-06,0.0161591,2,0.019384,0.000116769,1.59,0,6.35e-06,0.000289,8.31e-05,7.51e-06,0,6.93e-06,0.000216679,6.18e-05,2.89e-05,5.77e-06,2.54e-05,9.24e-06,5.70419e-06,4.04e-05,0.616667,0.000791388,0.942638,0.81316,0.000459933,3.944e-06,0.000446828,0.000360808,456.044,0.191384,-6.36024e-05,8.20467e-05,3.89866e-05,8.2267e-05,0.00786523,0.00246504,-0.000882771,0.00246504,-6.4514e-05,1.05998e-05,1.24519,0.0128775,0.679436,0.374067,0.648039,1.04586,228,10,0.993873,0.994557,0.994557,0.993906,6.92684e-05,4.12206e-08,4.90987e-05,0.000112717,0.818146,0.947797,0.000795719,0.620469,0,0,0,0,0,0.000102974,0.000209973,2.41208e-05,8.93564e-05,1.12632e-05,5.05693e-09,2.10763e-05,4.40715e-09,0.00195038,1.84819e-06,-0.000648181,1.57397e-06,8.08487e-06,0.000259856,4.64155e-07,1.56378e-07,2.55132e-08,9.4541e-08,0.000122139,0.000120075,6.35946e-07,0.000139949,1.57362,0.000360808,0.000446828,3.94408e-06,0.000459933,0.81393,-0.00421602,0.813728,0.000273653,0.000201591,0.00046252,0.947543,-0.000254128,0.948124,0.000176163,-0.000581677,0.000155828,0.000787002,-8.71726e-06,0.000810711,3.04576e-05,-2.3709e-05,2.54233e-05,0.620579,0.000110134,0.620735,0.000225033,-0.000156478,9.42079e-05
ERF_Log_File_20250122_1345.csv,sp,12,emfpe,7,1,filled_square,prism,ERF_OSA207_Spectra_20250122_1345.csv,1.42161e+09,2.85115,0.000109938,0.300453,0.000226372,34.1711,1.59581,1.91039e-05,0.00162011,2,0.0187636,0.000348946,1.6,0,6.35e-06,0.000289,8.31e-05,7.51e-06,0,6.93e-06,0.000220683,6.18e-05,2.89e-05,5.77e-06,2.54e-05,9.24e-06,5.58125e-06,4.04e-05,0.617552,0.000791503,0.94379,0.817532,0.000121023,9.29307e-06,0.000185016,0.000160349,223.27,0.0436332,4.47987e-05,3.41575e-05,-4.94861e-05,3.41601e-05,-0.000905117,0.000188149,0.000195226,0.000188149,-2.86602e-06,8.14803e-07,0.0145771,0.014914,0.023129,0.0213228,0.147903,1.04489,228,10,0.993914,0.994594,0.994594,0.993949,6.83136e-05,4.12059e-08,4.91341e-05,0.000113113,0.822509,0.94892,0.000795805,0.621333,-0,0,0,0,0,0.000118903,0.000218232,4.92678e-05,0.000113775,3.9436e-05,3.16248e-09,-2.51617e-05,1.37862e-09,-0.00116443,1.7429e-06,0.000280591,1.73503e-06,1.61494e-05,0.000144503,3.02787e-06,6.02079e-07,3.47717e-08,3.08707e-07,0.000117711,0.000119173,7.28276e-07,0.000127538,1.5941,0.000160378,0.000185017,9.29314e-06,0.000121023,0.817397,-0.00511152,0.816509,0.00028695,0.000888739,0.000775657,0.948387,-0.000533244,0.948777,0.000169526,-0.000390849,0.000154236,0.000784247,-1.15581e-05,0.00085115,3.13963e-05,-6.69027e-05,8.90755e-06,0.621003,-0.000330928,0.621097,0.000160831,-9.48688e-05,7.90823e-05
ERF_Log_File_20240930_1031.csv,sp,12,emfpe,4,0,filled_square,prism,ERF_OSA207_Spectra_20240930_1031.csv,1.41175e+09,2.67769,0.00027544,0.751963,0.00165259,34.1727,1.60613,4.56743e-06,0.0165322,2,0.0206028,0.00011633,1.63,0,6.35e-06,0.000289,8.31e-05,7.51e-06,0,6.93e-06,0.00022223,6.18e-05,2.89e-05,5.77e-06,2.54e-05,9.24e-06,5.91667e-06,4.04e-05,0.617596,0.000878071,0.944429,0.817221,0.000155228,3.7179e-06,0.000207267,0.000165732,437.847,0.0740303,2.96583e-05,3.3142e-05,6.06491e-05,3.33877e-05,0.00163597,0.00165916,-0.00149473,0.00165916,3.14962e-05,7.11042e-06,0.359841,0.011689,0.415151,0.281757,0.250741,1.04584,228,10,0.99393,0.994608,0.994608,0.993965,6.79225e-05,4.57157e-08,4.91705e-05,0.000113005,0.822183,0.949549,0.000882831,0.621368,0,0,0,0,0,0.000103878,0.00021058,2.51233e-05,9.02005e-05,1.79829e-05,5.06636e-09,1.80245e-05,4.41289e-09,0.00197979,1.8999e-06,-0.000468926,1.61801e-06,9.00186e-06,0.000244872,6.19832e-07,1.41392e-07,3.82544e-08,6.72487e-08,0.00012562,0.000121813,7.05566e-07,0.000142294,1.61057,0.000165733,0.000207267,3.7181e-06,0.000155228,0.817907,-0.00427544,0.818995,0.000283122,-0.00108754,0.000670997,0.949263,-0.000285982,0.949292,0.000183628,-2.88399e-05,0.000153064,0.00087316,-9.67159e-06,0.000764309,3.08203e-05,0.000108851,4.14122e-05,0.621456,8.84459e-05,0.62135,0.00017784,0.000105972,7.27998e-05
ERF_Log_File_20240930_0959.csv,sp,12,emfpe,4,0,filled_square,prism,ERF_OSA207_Spectra_20240930_0959.csv,1.41175e+09,2.77821,0.000328367,0.750791,0.00206227,34.1723,1.64658,4.51596e-06,0.0170053,2,0.021551,0.000115918,1.67,0,6.35e-06,0.000289,8.31e-05,7.51e-06,0,6.93e-06,0.000227252,6.18e-05,2.89e-05,5.77e-06,2.54e-05,9.24e-06,8.25801e-06,4.04e-05,0.618479,8.19128e-05,0.947766,0.821494,0.000476987,3.47773e-06,0.000740046,0.000623158,403.116,0.302676,0.000225355,0.000144177,-0.000244545,0.000144239,0.00375976,0.00176459,0.00286221,0.00176459,8.13671e-05,7.59842e-06,0.312471,0.0100733,0.58544,0.252424,1.02492,1.04578,228,10,0.993988,0.994656,0.994656,0.994024,6.65416e-05,4.27165e-09,4.94248e-05,0.000113447,0.826433,0.952858,8.23529e-05,0.62222,0,0,0,0,0,0.000105368,0.000211803,2.72874e-05,9.19692e-05,2.44872e-05,5.01454e-09,1.62121e-05,4.36913e-09,0.00193929,1.92883e-06,-0.000285724,1.64265e-06,1.01748e-05,0.000222502,2.30877e-07,1.34132e-07,5.58211e-08,7.10493e-08,0.00012957,0.000123852,6.58171e-08,0.000144545,1.65113,0.000623158,0.000740046,3.47818e-06,0.000476987,0.82209,-0.00434266,0.820988,0.000316475,0.00110212,0.000259149,0.952535,-0.000322682,0.950521,0.000297805,0.00201391,0.000150557,8.14507e-05,-9.02192e-07,0.000285255,4.05932e-05,-0.000203805,6.26569e-05,0.622282,6.1828e-05,0.621947,0.000179708,0.000335034,7.97499e-05
ERF_Log_File_20240930_0927.csv,sp,12,emfpe,4,0,filled_square,prism,ERF_OSA207_Spectra_20240930_0927.csv,1.41175e+09,2.85095,0.000324009,0.75322,0.00199384,34.164,1.68683,4.79446e-06,0.0170637,2,0.0225316,0.000125486,1.71,0,6.35e-06,0.000289,8.31e-05,7.51e-06,0,6.93e-06,0.000233399,6.18e-05,2.89e-05,5.77e-06,2.54e-05,9.24e-06,1.05876e-05,4.04e-05,0.619342,1.84204e-05,0.947305,0.815694,0.000366709,5.22243e-06,0.000551556,0.000482452,368.807,0.206481,-7.42032e-05,0.000108964,-2.03606e-05,0.000109093,-0.00555371,0.00217748,-0.00294899,0.00217748,8.47079e-05,9.37084e-06,0.342329,0.0139302,0.387581,0.377475,0.694709,1.0325,228,10,0.99404,0.994696,0.994696,0.994076,6.5284e-05,9.64371e-10,4.95946e-05,0.000112663,0.820555,0.952356,1.85186e-05,0.623055,-0,0,0,0,0,0.000105997,0.000212339,2.98259e-05,9.4152e-05,3.03208e-05,4.96671e-09,1.61412e-05,4.32737e-09,0.00182678,1.92421e-06,-0.000125063,1.63871e-06,1.16155e-05,0.000195185,4.45176e-07,1.33896e-07,1.06221e-08,1.05122e-07,0.000132043,0.000125341,1.48002e-08,0.000146507,1.69149,0.000482452,0.000551556,5.22244e-06,0.000366709,0.816196,-0.00435873,0.817058,0.000383384,-0.000862041,0.000482171,0.951997,-0.000359092,0.951688,0.000275762,0.000309072,0.000145023,1.83157e-05,-2.02875e-07,-3.13862e-05,3.80916e-05,4.9702e-05,1.15048e-05,0.623088,3.26469e-05,0.622697,0.000153049,0.000390841,0.000113858
ERF_Log_File_20250128_1305.csv,sp,12,emfpe,7,1,filled_square,prism,ERF_OSA207_Spectra_20250128_1305.csv,1.42213e+09,3.6327,0.000196634,0.356108,0.000221075,34.1716,1.69511,1.05127e-05,0.00204981,2,0.0215745,0.000260069,1.7,0,6.35e-06,0.000289,8.31e-05,7.51e-06,0,6.93e-06,0.000234744,6.18e-05,2.89e-05,5.77e-06,2.54e-05,9.24e-06,1.10673e-05,4.04e-05,0.619162,3.70091e-05,0.947346,0.817087,0.000180297,7.0346e-06,0.000275596,0.000237896,215.23,0.0625404,5.44438e-05,4.66357e-05,-8.86628e-05,4.66376e-05,-0.00134861,0.000202803,-0.000191913,0.000202802,5.34702e-06,8.79353e-07,0.0183712,0.0108843,0.0203396,0.0226656,0.213458,1.04492,228,10,0.994051,0.994704,0.994704,0.994086,6.50036e-05,1.93967e-09,4.96509e-05,0.00011288,0.821948,0.95239,3.72061e-05,0.622867,0,0,0,0,0,0.000120295,0.00021976,5.11081e-05,0.000116073,3.74769e-05,3.67205e-09,-2.91273e-05,1.60212e-09,-0.00115593,1.91834e-06,0.00027901,1.90976e-06,1.6651e-05,0.000143495,9.31263e-07,2.92498e-07,1.87077e-08,2.33601e-07,0.000126777,0.000123798,3.4049e-08,0.000133704,1.6933,0.000237898,0.000275596,7.03462e-06,0.000180297,0.816878,-0.00507049,0.816894,0.000380846,-1.68143e-05,0.0004605,0.951788,-0.000602279,0.951738,0.000274062,4.91874e-05,0.000144637,3.66658e-05,-5.40372e-07,-3.50105e-05,3.83404e-05,7.16763e-05,9.25076e-06,0.622505,-0.000362449,0.622737,0.000149733,-0.000231998,0.000115513
ERF_Log_File_20250508_1552.csv,sp,13,fmfpe,11,2,filled_square,prism,ERF_OSA207_Spectra_20250508_1552.csv,1.43078e+09,3.44749,0.000424766,0.362613,0.000471263,33.2891,1.70523,1.03314e-05,0.00213784,2,0.0219962,0.000233329,1.714,0,6.35e-06,0.000289,8.31e-05,7.51e-06,0,6.93e-06,0.000195518,6.18e-05,2.89e-05,5.77e-06,2.54e-05,9.24e-06,1.53441e-05,4.04e-05,0.619675,1.32293e-05,0.947939,0.812165,0.000146872,2.29798e-06,0.000223945,0.000191992,187.968,0.0443186,-5.26776e-06,4.06913e-05,8.20818e-05,4.06941e-05,-0.000660569,0.000214057,0.000498579,0.000214057,-3.41324e-06,9.275e-07,0.0201125,0.00310374,0.0189453,0.0184845,0.149942,1.04587,228,10,0.994757,0.995421,0.995421,0.994775,5.68173e-05,6.03639e-10,4.32533e-05,0.000102633,0.816431,0.9523,1.32902e-05,0.622941,-0,0,0,0,0,0.000125963,0.000223293,5.85206e-05,0.000125139,2.09354e-05,1.32768e-08,3.135e-05,7.70384e-09,-0.000473661,6.14947e-06,0.000386821,5.21164e-06,1.30714e-05,8.60557e-05,6.3513e-07,2.81757e-07,1.34221e-09,2.44466e-07,0,0,0,0,1.70234,0.000191993,0.000223945,2.29798e-06,0.000146872,0.816431,0,0.816209,0.000354738,0.000221668,0.000321283,0.9523,0,0.951988,0.000267911,0.000312075,0.000142528,1.32902e-05,0,-4.20864e-05,4.01331e-05,5.53765e-05,6.78961e-07,0.622941,0,0.622944,0.000133566,-3.41253e-06,0.000123664
ERF_Log_File_20240930_0855.csv,sp,12,emfpe,4,0,filled_square,prism,ERF_OSA207_Spectra_20240930_0855.csv,1.41174e+09,2.9693,0.000338929,0.761678,0.00578103,34.1738,1.7245,5.6075e-06,0.0169974,2,0.0235051,0.000142525,1.75,0,6.35e-06,0.000289,8.31e-05,7.51e-06,0,6.93e-06,0.000238337,6.18e-05,2.89e-05,5.77e-06,2.54e-05,9.24e-06,3.00431e-05,4.04e-05,0.620131,2.56194e-05,0.947024,0.813228,0.000233495,4.19689e-06,0.000369553,0.000479049,350.224,0.122942,7.04459e-05,6.86565e-05,0.000112157,6.88612e-05,-0.00431208,0.00217387,-0.00493834,0.00217386,2.79597e-05,9.34478e-06,0.20815,0.0105619,0.405533,0.966248,0.416436,1.04587,228,10,0.994086,0.994728,0.994728,0.994119,6.42199e-05,1.34902e-09,4.98668e-05,0.000112488,0.818039,0.952043,2.57552e-05,0.62382,0,0,0,0,0,0.000106572,0.000212702,3.14085e-05,9.56066e-05,3.55812e-05,4.97236e-09,1.79182e-05,4.32981e-09,0.00166136,1.88781e-06,8.13608e-07,1.60771e-06,1.33748e-05,0.000166316,3.03764e-07,1.42141e-07,1.81381e-08,1.54732e-07,0.000134927,0.000126717,2.05838e-08,0.000148115,1.72927,0.000479049,0.000369553,4.19693e-06,0.000233495,0.813648,-0.00439115,0.816046,0.000309781,-0.00239855,0.000287586,0.951649,-0.000394082,0.952697,0.000257448,-0.00104787,0.000134571,2.5473e-05,-2.82153e-07,1.17148e-05,4.35467e-05,1.37582e-05,1.71721e-05,0.623823,3.07068e-06,0.623636,0.000141391,0.000187509,0.000146491
ERF_Log_File_20250128_1336.csv,sp,12,emfpe,7,1,filled_square,prism,ERF_OSA207_Spectra_20250128_1336.csv,1.42213e+09,4.09483,0.000129925,0.377472,0.000155002,34.1714,1.74142,1.17065e-05,0.0019823,2,0.0228541,0.000290167,1.75,0,6.35e-06,0.000289,8.31e-05,7.51e-06,0,6.93e-06,0.00024074,6.18e-05,2.89e-05,5.77e-06,2.54e-05,9.24e-06,4.29568e-05,4.04e-05,0.620515,6.49812e-05,0.948449,0.817843,0.000143612,6.62905e-06,0.000219251,0.000189287,223.199,0.0515306,3.32803e-05,3.78749e-05,-2.86905e-05,3.78767e-05,-0.0012307,0.00017273,0.000271695,0.000172729,-8.01963e-08,7.4888e-07,0.0160527,0.0106324,0.0177408,0.0210432,0.174797,1.04573,228,10,0.994105,0.99474,0.99474,0.994137,6.37841e-05,3.43279e-09,5.01041e-05,0.000113248,0.822666,0.953464,6.53248e-05,0.624195,-0,0,0,0,0,0.000118946,0.000219214,4.92834e-05,0.000114065,3.54886e-05,3.80535e-09,-3.20896e-05,1.65887e-09,-0.00117606,1.95891e-06,0.00025734,1.95005e-06,1.68946e-05,0.000143341,1.14435e-06,2.86909e-07,4.04059e-08,3.39007e-07,0.000131459,0.000125824,5.97816e-08,0.000136226,1.73956,0.00018929,0.000219251,6.62917e-06,0.000143612,0.817608,-0.00505814,0.816834,0.000313164,0.000774257,0.000522045,0.95283,-0.000634128,0.952953,0.00025809,-0.000123395,0.000130886,6.4376e-05,-9.48759e-07,4.65715e-05,4.35703e-05,1.78045e-05,1.84329e-05,0.623821,-0.000373457,0.623927,0.000154629,-0.000105668,0.000154653
ERF_Log_File_20240929_1603.csv,sp,12,emfpe,4,0,filled_square,prism,ERF_OSA207_Spectra_20240929_1603.csv,1.41168e+09,3.11687,0.000266706,0.748117,0.0013689,34.171,1.77543,7.9393e-06,0.0162214,2,0.0247843,0.000148079,1.8,0,6.35e-06,0.000289,8.31e-05,7.51e-06,0,6.93e-06,0.000245125,6.18e-05,2.89e-05,5.77e-06,2.54e-05,9.24e-06,6.89136e-05,4.04e-05,0.621685,2.68435e-05,0.950651,0.821623,0.000182494,4.32961e-06,0.000275426,0.000212819,347.366,0.0789861,5.59697e-05,4.45407e-05,-8.3799e-05,4.47744e-05,0.00165367,0.00187312,0.000914034,0.00187311,0.00010474,8.03728e-06,0.267179,0.0108508,0.451597,0.24913,0.263238,1.03758,228,10,0.994142,0.994762,0.994762,0.99417,6.30248e-05,1.42902e-09,5.0608e-05,0.000114102,0.826441,0.955657,2.69848e-05,0.625348,-0,0,0,0,0,0.000107637,0.000213555,3.16669e-05,9.60046e-05,4.31558e-05,5.08407e-09,2.29876e-05,4.42532e-09,0.00135734,1.79083e-06,0.000128406,1.52512e-06,1.65359e-05,0.000148576,1.13575e-06,1.64043e-07,8.15288e-09,2.46126e-07,0.000140994,0.000129076,2.15665e-08,0.000150106,1.78034,0.000212822,0.000275426,4.32962e-06,0.000182494,0.82194,-0.0045016,0.822555,0.000361115,-0.000615374,0.00078188,0.955212,-0.00044446,0.953877,0.00025257,0.001335,0.000112932,2.66892e-05,-2.95624e-07,0.000144342,4.63276e-05,-0.000117653,5.61267e-06,0.625308,-4.01719e-05,0.625175,0.000162384,0.00013299,0.00016944
ERF_Log_File_20250122_1241.csv,sp,12,emfpe,7,1,filled_square,prism,ERF_OSA207_Spectra_20250122_1241.csv,1.42161e+09,3.40313,0.00017901,0.299194,0.000564532,34.172,1.7949,1.54659e-05,0.00147254,2,0.0239186,0.00036884,1.8,0,6.35e-06,0.000289,8.31e-05,7.51e-06,0,6.93e-06,0.000248049,6.18e-05,2.89e-05,5.77e-06,2.54e-05,9.24e-06,8.37734e-05,4.04e-05,0.622225,6.29342e-05,0.949595,0.824432,0.00015506,9.33815e-06,0.000236162,0.000205718,170.734,0.0423971,4.05887e-05,4.25608e-05,-2.07787e-05,4.25636e-05,-0.00095543,0.000218799,-1.64099e-05,0.000218799,-7.7089e-06,9.47951e-07,0.0162042,0.0114636,0.0155924,0.0244281,0.143557,1.04451,228,10,0.994162,0.994772,0.994772,0.994187,6.26256e-05,3.36762e-09,5.08131e-05,0.000114734,0.829252,0.954586,6.32649e-05,0.625879,0,0,0,0,0,0.000132311,0.000226633,6.44277e-05,0.000132883,3.37949e-05,3.89315e-09,-3.72976e-05,1.69714e-09,-0.00122438,1.9892e-06,0.000211041,1.98019e-06,1.77731e-05,0.000143543,1.82182e-06,2.98776e-07,4.995e-09,4.65881e-07,0.000138064,0.000128117,5.78966e-08,0.000138861,1.79298,0.000205726,0.000236162,9.33815e-06,0.000155061,0.824173,-0.00507965,0.824218,0.000336437,-4.54464e-05,0.0006484,0.953915,-0.000670767,0.95413,0.000272654,-0.000215208,0.000106337,6.23461e-05,-9.18843e-07,0.000152733,5.24148e-05,-9.03868e-05,1.77776e-06,0.625495,-0.0003834,0.625562,0.000183269,-6.67154e-05,0.000165811
ERF_Log_File_20240929_1531.csv,sp,12,emfpe,4,0,filled_square,prism,ERF_OSA207_Spectra_20240929_1531.csv,1.41168e+09,2.65263,0.000351431,0.749454,0.0026737,34.1716,1.82228,7.94123e-06,0.0173005,2,0.0264466,0.000170619,1.85,0,6.35e-06,0.000289,8.31e-05,7.51e-06,0,6.93e-06,0.000252507,6.18e-05,2.89e-05,5.77e-06,2.54e-05,9.24e-06,0.000104667,4.04e-05,0.622952,8.02707e-05,0.948769,0.825806,0.000241355,4.59116e-06,0.000358351,0.000321249,267.69,0.0912329,-0.000128514,6.66654e-05,-3.41981e-05,6.68722e-05,0.00408431,0.00215313,0.00491422,0.00215312,-5.57353e-05,9.25392e-06,0.21694,0.00883673,0.2907,0.301472,0.310992,1.04445,228,10,0.994189,0.994785,0.994785,0.99421,6.21273e-05,4.32989e-09,5.11776e-05,0.000115325,0.830615,0.953743,8.06915e-05,0.626593,0,0,0,0,0,0.000113842,0.00021612,4.10923e-05,0.000105261,5.14044e-05,5.28503e-09,3.01028e-05,4.59757e-09,0.00101237,1.66127e-06,0.000200573,1.41479e-06,2.03768e-05,0.000121295,3.82782e-08,1.29923e-07,7.68807e-09,1.96365e-07,0.000146225,0.000130508,6.44893e-08,0.000151638,1.82732,0.000321249,0.000358351,4.59117e-06,0.000241355,0.826028,-0.00458736,0.826415,0.000284951,-0.00038676,2.70406e-05,0.953253,-0.000489573,0.954739,0.000250386,-0.00148543,9.17803e-05,7.98075e-05,-8.83991e-07,0.00013913,4.8255e-05,-5.93227e-05,5.43103e-06,0.62651,-8.30178e-05,0.626513,0.000187641,-2.94284e-06,0.000138717
ERF_Log_File_20250122_1313.csv,sp,12,emfpe,7,1,filled_square,prism,ERF_OSA207_Spectra_20250122_1313.csv,1.42161e+09,2.77625,0.000109886,0.298958,0.000559395,34.1708,1.84346,2.47538e-05,0.00150873,2,0.0260354,0.00036371,1.85,0,6.35e-06,0.000289,8.31e-05,7.51e-06,0,6.93e-06,0.000254792,6.18e-05,2.89e-05,5.77e-06,2.54e-05,9.24e-06,0.000120826,4.04e-05,0.623949,0.000217293,0.950879,0.828016,0.000196363,1.2306e-05,0.000299031,0.00026054,126.851,0.0398091,-4.61678e-08,5.34048e-05,-2.50675e-05,5.34068e-05,-0.00170256,0.000268444,0.000354364,0.000268444,-2.28587e-05,1.16309e-06,0.0133894,0.0112183,0.0174706,0.0169321,0.13483,1.04552,228,10,0.994209,0.994793,0.994793,0.994225,6.18386e-05,1.18016e-08,5.16441e-05,0.000115994,0.832826,0.955856,0.00021843,0.627583,-0,0,0,0,0,0.000154453,0.000240301,8.67159e-05,0.000163446,3.43069e-05,4.04185e-09,-4.39388e-05,1.76258e-09,-0.00129402,2.04629e-06,0.000147055,2.03701e-06,1.95614e-05,0.000144109,9.48419e-07,3.84411e-07,3.09983e-08,5.77976e-07,0.00014393,0.00013022,1.99895e-07,0.000141051,1.84149,0.000260542,0.000299031,1.2306e-05,0.000196364,0.827741,-0.00508472,0.826163,0.000280882,0.00157751,0.000216604,0.955152,-0.000704143,0.954964,0.000232948,0.000187691,8.77933e-05,0.000215258,-3.17242e-06,0.00012323,4.63979e-05,9.20275e-05,7.07951e-06,0.627193,-0.000390077,0.626852,0.000174628,0.000341418,0.000132
ERF_Log_File_20240929_1459.csv,sp,12,emfpe,4,0,filled_square,prism,ERF_OSA207_Spectra_20240929_1459.csv,1.41168e+09,2.34847,0.000296523,0.760277,0.00613774,34.1722,1.86959,3.72784e-05,0.0176833,2,0.0284682,0.000468547,1.9,0,6.35e-06,0.000289,8.31e-05,7.51e-06,0,6.93e-06,0.000258517,6.18e-05,2.89e-05,5.77e-06,2.54e-05,9.24e-06,0.000140768,4.04e-05,0.623606,0.000367846,0.95026,0.822648,0.000205323,7.96935e-06,0.000310437,0.000289873,220.131,0.0658889,0.000152918,5.85238e-05,7.1894e-05,5.86841e-05,0.00291087,0.00177651,0.00134598,0.0017765,7.76396e-05,7.63744e-06,0.134881,0.0126104,0.198627,0.234312,0.224072,1.04501,228,10,0.994232,0.994801,0.994801,0.994243,6.13982e-05,2.01625e-08,5.20859e-05,0.000115736,0.827411,0.955226,0.000369768,0.627224,0,0,0,0,0,0.000119952,0.000219882,4.99703e-05,0.000115145,6.21457e-05,5.59527e-09,3.89071e-05,4.86144e-09,0.000620728,1.50879e-06,0.000230648,1.28493e-06,2.52632e-05,8.51382e-05,2.36583e-06,5.3678e-07,3.17108e-08,9.64109e-07,0.000150389,0.000132399,2.95522e-07,0.000152824,1.87476,0.000289883,0.000310437,7.96941e-06,0.000205325,0.822776,-0.00463535,0.824118,0.000302337,-0.00134202,0.000365267,0.954688,-0.000537843,0.955459,0.000238875,-0.000770705,8.28748e-05,0.000365718,-4.05088e-06,8.34381e-05,4.42584e-05,0.000282279,4.89592e-06,0.627095,-0.000128906,0.627649,0.000174669,-0.000553909,0.000148851
ERF_Log_File_20250122_1136.csv,sp,12,emfpe,7,1,filled_square,prism,ERF_OSA207_Spectra_20250122_1136.csv,1.42161e+09,2.80887,0.000138272,0.629881,0.000373989,34.1718,1.89259,1.55858e-05,0.00308817,2,0.0272521,0.000270521,1.9,0,6.35e-06,0.000289,8.31e-05,7.51e-06,0,6.93e-06,0.000261761,6.18e-05,2.89e-05,5.77e-06,2.54e-05,9.24e-06,0.000158323,4.04e-05,0.624858,0.000221274,0.951889,0.823194,0.000161885,5.80789e-06,0.000246382,0.000213051,249.843,0.0643644,5.4825e-05,4.68358e-05,-3.77744e-05,4.68414e-05,-0.000989916,0.00031189,0.000631533,0.000311889,-1.44555e-06,1.35103e-06,0.0305071,0.0104267,0.0429264,0.0359254,0.218065,1.04575,228,10,0.994251,0.994806,0.994806,0.994258,6.12292e-05,1.22342e-08,5.26295e-05,0.000116298,0.827948,0.956859,0.000222429,0.628471,0,0,0,0,0,0.000115597,0.000217852,4.40277e-05,0.000108578,3.74323e-05,4.45446e-09,-5.35902e-05,1.94351e-09,-0.00139026,2.19794e-06,5.9979e-05,2.18797e-06,2.27556e-05,0.000145028,6.44951e-07,2.21932e-07,1.1751e-09,4.62758e-07,0.000148579,0.000132307,2.03555e-07,0.00014289,1.89057,0.000213052,0.000246382,5.80789e-06,0.000161886,0.82291,-0.00503846,0.823269,0.000323139,-0.00035942,0.000240175,0.956121,-0.000737625,0.955685,0.000273278,0.000436196,8.2646e-05,0.000219199,-3.2305e-06,7.56265e-05,4.00885e-05,0.000143572,4.376e-07,0.628077,-0.000394098,0.628086,0.000191773,-8.66109e-06,0.000172328
ERF_Log_File_20240926_1929.csv,sp,12,emfpe,4,0,filled_square,prism,ERF_OSA207_Spectra_20240926_1929.csv,1.41144e+09,2.42157,0.000314838,0.758771,0.00428312,34.1705,1.91865,9.26554e-06,0.0177923,2,0.0298214,0.000180505,1.95,0,6.35e-06,0.000289,8.31e-05,7.51e-06,0,6.93e-06,0.000264776,6.18e-05,2.89e-05,5.77e-06,2.54e-05,9.24e-06,0.000178212,4.04e-05,0.62517,0.000106206,0.951007,0.823157,0.000379779,5.44529e-06,0.000562085,0.000484764,231.243,0.1344,0.000153258,0.000111666,0.000177847,0.000111716,0.00130363,0.0013847,0.000935833,0.0013847,5.53736e-05,5.96213e-06,0.191402,0.00907516,0.163924,0.124595,0.458008,1.03957,228,10,0.994272,0.99481,0.99481,0.994272,6.10078e-05,5.93423e-09,5.31371e-05,0.000116895,0.827899,0.955968,0.00010676,0.628772,-0,0,0,0,0,0.000118173,0.000219046,4.7569e-05,0.000112536,7.65942e-05,6.12253e-09,4.88003e-05,5.31822e-09,0.000192972,1.35869e-06,0.000220634,1.1571e-06,3.13486e-05,4.13613e-05,4.04292e-07,1.35598e-07,2.49749e-08,3.64705e-07,0.000155569,0.000134241,8.53236e-08,0.000154093,1.92396,0.000484764,0.000562085,5.44535e-06,0.000379779,0.823191,-0.00470844,0.823209,0.000328144,-1.8622e-05,0.000257726,0.95538,-0.000588497,0.956164,0.000270495,-0.000784488,8.64401e-05,0.000105591,-1.16958e-06,0.000115219,4.3704e-05,-9.62833e-06,1.59208e-05,0.628592,-0.000179345,0.629255,0.000195885,-0.00066228,0.00023249
ERF_Log_File_20240929_1219.csv,sp,12,emfpe,4,0,filled_square,prism,ERF_OSA207_Spectra_20240929_1219.csv,1.41167e+09,2.23827,0.000225198,0.74696,0.00290641,34.1732,1.91899,1.04334e-05,0.0177423,2,0.0299113,0.000188437,1.95,0,6.35e-06,0.000289,8.31e-05,7.51e-06,0,6.93e-06,0.000264807,6.18e-05,2.89e-05,5.77e-06,2.54e-05,9.24e-06,0.000178469,4.04e-05,0.625155,0.000141122,0.951829,0.823091,0.000358224,6.64816e-06,0.0003764,0.00034678,216.676,0.0834677,4.33834e-05,7.50738e-05,8.40458e-05,7.51805e-05,0.0020697,0.00164359,-0.00372321,0.00164359,3.28759e-06,7.07129e-06,0.41285,0.0103505,0.131756,0.217005,0.282633,1.04586,228,10,0.994272,0.99481,0.99481,0.994272,6.10038e-05,7.88621e-09,5.31905e-05,0.000116893,0.827833,0.956795,0.000141858,0.628757,0,0,0,0,0,0.000120616,0.000220549,5.0767e-05,0.000116215,7.67109e-05,6.12757e-09,4.8952e-05,5.32179e-09,0.000189993,1.35778e-06,0.000220433,1.15632e-06,3.14157e-05,4.10434e-05,4.65479e-07,1.52783e-07,2.84988e-08,4.11188e-07,0.000155593,0.000134369,1.13374e-07,0.000154095,1.9243,0.00034678,0.0003764,6.64822e-06,0.000358224,0.823124,-0.00470855,0.823225,0.000328169,-0.000100714,0.000263563,0.956205,-0.000589358,0.956169,0.000270919,3.59444e-05,8.65089e-05,0.000140304,-1.55408e-06,0.000116164,4.37414e-05,2.41402e-05,1.61366e-05,0.628577,-0.000179697,0.629268,0.000195781,-0.000691176,0.000232822
ERF_Log_File_20250122_1209.csv,sp,12,emfpe,7,1,filled_square,prism,ERF_OSA207_Spectra_20250122_1209.csv,1.42161e+09,2.72264,0.000139968,0.630201,0.000417031,34.1721,1.94339,1.22066e-05,0.00308129,2,0.0291721,0.000262472,1.95,0,6.35e-06,0.000289,8.31e-05,7.51e-06,0,6.93e-06,0.000268877,6.18e-05,2.89e-05,5.77e-06,2.54e-05,9.24e-06,0.000197092,4.04e-05,0.627395,9.73286e-05,0.952426,0.82572,0.000178421,6.99063e-06,0.000270794,0.000234917,246.671,0.0700232,3.88016e-05,4.63145e-05,-4.82511e-05,4.63166e-05,-0.00127504,0.000208584,0.000213037,0.000208583,-2.42993e-06,9.03363e-07,0.0198865,0.0124236,0.0259869,0.0263691,0.237093,1.04029,228,10,0.994291,0.994813,0.994813,0.994285,6.10655e-05,5.49594e-09,5.37815e-05,0.000117881,0.830466,0.957392,9.78361e-05,0.630997,0,0,0,0,0,0.000116258,0.000218179,4.45938e-05,0.00010944,4.44092e-05,5.36345e-09,-6.64428e-05,2.33972e-09,-0.00151606,2.51001e-06,-5.35593e-05,2.49864e-06,2.7713e-05,0.000156968,1.109e-06,1.85617e-07,5.40705e-08,4.93733e-07,0.000154916,0.000134403,8.95341e-08,0.000145006,1.94131,0.00023492,0.000270794,6.99084e-06,0.000178422,0.825429,-0.00503715,0.824388,0.00033139,0.00104073,0.000541463,0.95662,-0.000771733,0.956423,0.000291726,0.000197176,9.06269e-05,9.64151e-05,-1.42094e-06,0.000177773,4.5597e-05,-8.13581e-05,2.63997e-05,0.6306,-0.000397086,0.629952,0.000192117,0.000648608,0.000241063
ERF_Log_File_20240926_1721.csv,sp,12,emfpe,4,0,filled_square,prism,ERF_OSA207_Spectra_20240926_1721.csv,1.41143e+09,2.57772,0.00027608,0.75528,0.0020032,34.1715,1.96281,7.9282e-06,0.0162837,2,0.0307249,0.000163414,2,0,6.35e-06,0.000289,8.31e-05,7.51e-06,0,6.93e-06,0.000270999,6.18e-05,2.89e-05,5.77e-06,2.54e-05,9.24e-06,0.000211911,4.04e-05,0.628516,0.000135056,0.953345,0.827632,0.000284545,6.49693e-06,0.000430679,0.000377582,229.941,0.102607,0.000120564,8.5329e-05,0.000142202,8.536e-05,0.000406175,0.000957154,-0.000771102,0.000957151,1.825e-05,4.1218e-06,0.0783773,0.0107343,0.110851,0.128406,0.347472,1.04585,228,10,0.994305,0.994813,0.994813,0.994293,6.11048e-05,7.69288e-09,5.43031e-05,0.000118676,0.832382,0.958316,0.00013576,0.632116,-0,0,0,0,0,0.000118824,0.000219647,4.78384e-05,0.000113155,9.32215e-05,6.91967e-09,5.74525e-05,6.00628e-09,-0.00018795,1.26605e-06,0.000181423,1.07821e-06,3.76685e-05,3.6938e-05,1.0575e-06,1.30759e-07,4.6309e-08,2.87421e-07,0.000161177,0.000136137,1.08501e-07,0.000155598,1.96824,0.000377583,0.000430679,6.4971e-06,0.000284545,0.827583,-0.00479936,0.827526,0.000338407,5.68294e-05,0.000805977,0.95768,-0.000636001,0.956849,0.000324096,0.000830542,9.96582e-05,0.000134273,-1.48728e-06,0.000319658,4.38234e-05,-0.000185385,3.52945e-05,0.631888,-0.000227663,0.631,0.000200248,0.000888295,0.000219058
ERF_Log_File_20240929_1251.csv,sp,12,emfpe,4,0,filled_square,prism,ERF_OSA207_Spectra_20240929_1251.csv,1.41167e+09,2.39269,0.000193398,0.748548,0.00216177,34.1719,1.9632,2.19895e-05,0.0163265,2,0.0307597,0.000469599,2,0,6.35e-06,0.000289,8.31e-05,7.51e-06,0,6.93e-06,0.000271072,6.18e-05,2.89e-05,5.77e-06,2.54e-05,9.24e-06,0.000212204,4.04e-05,0.629205,0.000179937,0.952954,0.826802,0.000633676,6.34229e-06,0.0009729,0.000843722,216.166,0.216107,-0.000416905,0.000190193,0.000119984,0.00019025,-0.00139811,0.00195208,0.000922022,0.00195207,-6.52847e-05,8.40489e-06,0.121423,0.00985911,0.297718,0.256046,0.731689,1.04335,228,10,0.994305,0.994813,0.994813,0.994294,6.1171e-05,1.02511e-08,5.42903e-05,0.000118567,0.831547,0.957923,0.000180875,0.632809,0,0,0,0,0,0.000121074,0.000220835,5.08868e-05,0.000116724,9.34639e-05,6.92778e-09,5.75363e-05,6.01401e-09,-0.000191229,1.26552e-06,0.000180969,1.07775e-06,3.775e-05,3.72206e-05,2.93744e-06,3.63071e-07,1.28643e-07,7.94761e-07,0.000161058,0.000136095,1.44557e-07,0.000155775,1.96863,0.000843727,0.0009729,6.34359e-06,0.000633676,0.826752,-0.00479512,0.827578,0.000338464,-0.000826705,0.00080734,0.957287,-0.00063615,0.956856,0.000324574,0.000430906,9.97881e-05,0.000178894,-1.98152e-06,0.000321942,4.37347e-05,-0.000143048,3.53567e-05,0.632581,-0.000228339,0.631014,0.000200459,0.00156637,0.000218436
ERF_Log_File_20250121_1815.csv,sp,12,emfpe,7,1,filled_square,prism,ERF_OSA207_Spectra_20250121_1815.csv,1.42154e+09,2.55202,0.000266107,0.632334,0.00147572,34.1714,1.98869,0.000103603,0.00319609,2,0.0307681,0.00184202,2,0,6.35e-06,0.000289,8.31e-05,7.51e-06,0,6.93e-06,0.000275052,6.18e-05,2.89e-05,5.77e-06,2.54e-05,9.24e-06,0.000231655,4.04e-05,0.628022,0.000396612,0.952737,0.829977,0.000239746,5.95722e-06,0.000363367,0.000316758,204.885,0.0780229,3.26621e-06,6.28688e-05,-9.78387e-05,6.28719e-05,-0.00188364,0.000291056,-0.000600929,0.000291056,3.44085e-06,1.2621e-06,0.0246258,0.00876839,0.029379,0.0302771,0.264147,1.04564,228,10,0.994323,0.994813,0.994813,0.994304,6.10401e-05,2.28643e-08,5.49243e-05,0.000119753,0.834732,0.957705,0.00039868,0.631608,-0,0,0,0,0,0.000123611,0.00022202,5.36887e-05,0.000119933,5.44413e-05,6.61794e-09,-8.03943e-05,2.88572e-09,-0.00164838,2.92878e-06,-0.000173726,2.91549e-06,3.37089e-05,0.000182213,1.31933e-05,1.78224e-06,6.13044e-07,3.06284e-06,0.000161141,0.000136263,3.6485e-07,0.000146422,1.98656,0.000317032,0.000363371,5.98867e-06,0.000239765,0.829683,-0.00504847,0.829958,0.000339713,-0.000274731,0.000776644,0.956903,-0.000801886,0.957158,0.000346127,-0.000255689,0.000104914,0.00039289,-5.79032e-06,0.000428466,3.99336e-05,-3.55766e-05,3.60877e-05,0.631211,-0.000396974,0.631608,0.000209993,-0.000397016,0.000180299
ERF_Log_File_20250219_0933.csv,sp,13,emfpe,9,1,filled_square,prism,ERF_OSA207_Spectra_20250219_0932.csv,1.42402e+09,2.36307,0.000353389,0.732701,0.00599543,34.1729,1.98888,1.34566e-05,0.00321105,2,0.0311312,0.000295337,2,0,6.35e-06,0.000289,8.31e-05,7.51e-06,0,6.93e-06,0.000227524,6.18e-05,2.89e-05,5.77e-06,2.54e-05,9.24e-06,0.000231806,4.04e-05,0.628342,0.000459361,0.953234,0.831026,0.000246749,9.29022e-06,0.000375679,0.000326471,176.47,0.0691131,7.80448e-05,6.91832e-05,-8.2878e-05,6.91891e-05,-8.8345e-05,0.000397898,-0.00122151,0.000397897,2.44277e-05,1.71736e-06,0.0225917,0.0117785,0.0531016,0.0320594,0.234915,1.04585,228,10,0.994981,0.995545,0.995545,0.994976,5.41874e-05,2.23524e-08,4.63841e-05,0.000108125,0.835222,0.9575,0.000461417,0.631512,0,0,0,0,0,0.000131033,0.000226283,6.23336e-05,0.000130677,8.1008e-05,2.08178e-08,-8.41046e-05,8.76228e-09,-0.000141424,5.17559e-07,-0.0012265,4.40249e-07,4.12782e-05,0.000136793,1.71122e-06,2.31567e-07,7.95862e-08,3.96671e-07,0.000161259,0.000136241,4.22263e-07,0.000146405,1.98675,0.000326475,0.000375679,9.29056e-06,0.000246749,0.830171,-0.00505138,0.829982,0.000339887,0.000188803,0.000775626,0.956698,-0.000801839,0.957162,0.0003462,-0.000463863,0.00010496,0.000454715,-6.70149e-06,0.000429588,3.99528e-05,2.51271e-05,3.60732e-05,0.631115,-0.000396908,0.631613,0.000210102,-0.0004986,0.000179795
ERF_Log_File_20240918_1504.csv,ig_zn_diff,12,emfpe,3,0,filled_square,prism,ERF_OSA207_Spectra_20240918_1504.csv,1.41073e+09,3.10428,0.000860474,0.890355,0.00557303,34.1708,1.99092,1.43919e-05,0.0190531,2,0.0327861,0.000283761,2,0,6.35e-06,0.000289,8.31e-05,7.51e-06,0,6.93e-06,0.000275265,6.18e-05,2.89e-05,5.77e-06,2.54e-05,9.24e-06,0.00023336,4.04e-05,0.629082,0.00058553,0.95574,0.834447,0.000642873,4.59284e-05,0.000890051,0.000876489,41.6275,0.0345429,-6.26488e-06,0.000162498,0.000128025,0.000163245,0.00656606,0.00641358,0.00819808,0.00641356,0.000125217,2.74639e-05,0.112197,0.0137407,0.119852,0.158756,0.117218,1.0456,228,10,0.994324,0.994813,0.994813,0.994305,6.11466e-05,3.37915e-08,5.51567e-05,0.000120464,0.839226,0.960723,0.000588583,0.632673,-0,0,0,0,0,0.000373993,0.000417198,0.000264248,0.000440072,-7.09025e-05,8.15614e-08,0.000118777,6.41891e-08,0.00420725,2.05802e-05,0.00762169,4.53629e-05,4.74198e-05,0.00118291,1.67299e-06,2.51426e-07,8.17089e-08,3.56665e-07,0.000165635,0.00013748,4.70401e-07,0.000156129,1.99643,0.000876491,0.000890051,4.59285e-05,0.000642873,0.834345,-0.00488161,0.831162,0.000349158,0.00318237,0.000712469,0.960056,-0.000667319,0.957329,0.000350215,0.00272649,0.000107074,0.000582135,-6.44804e-06,0.000485804,4.0927e-05,9.63312e-05,3.47971e-05,0.632414,-0.00025896,0.631876,0.000214819,0.000537918,0.000151891
ERF_Log_File_20240926_1753.csv,sp,12,emfpe,4,0,filled_square,prism,ERF_OSA207_Spectra_20240926_1753.csv,1.41143e+09,4.27626,0.000246712,0.748852,0.000825585,34.1709,2.00942,1.04366e-05,0.0165623,2,0.0325736,0.000180449,2.05,0,6.35e-06,0.000289,8.31e-05,7.51e-06,0,6.93e-06,0.000277931,6.18e-05,2.89e-05,5.77e-06,2.54e-05,9.24e-06,0.000243206,4.04e-05,0.628064,0.000874763,0.952702,0.831581,0.000428404,8.77544e-06,0.000659844,0.000566127,166.87,0.112714,0.000185791,0.000127893,-1.98786e-05,0.000127926,-0.00182794,0.00122405,0.000460736,0.00122405,2.21059e-05,5.27032e-06,0.0707101,0.010499,0.174096,0.0833347,0.381748,1.04582,228,10,0.994336,0.994811,0.994811,0.994311,6.10954e-05,5.09373e-08,5.54757e-05,0.000120611,0.836339,0.957671,0.000879326,0.631642,-0,0,0,0,0,0.000134307,0.000228057,6.59197e-05,0.000135285,0.000114801,8.19192e-09,6.49367e-05,7.11065e-09,-0.000560505,1.24481e-06,0.000116493,1.06012e-06,4.49344e-05,6.77004e-05,8.85479e-07,1.85415e-07,4.92612e-08,1.73974e-07,0.000167151,0.000137703,7.02765e-07,0.000156119,2.01498,0.000566128,0.000659844,8.77558e-06,0.000428404,0.831446,-0.0048932,0.833048,0.000373325,-0.00160276,0.000524841,0.956987,-0.000684825,0.957657,0.000360421,-0.000670174,0.000109899,0.000869693,-9.63318e-06,0.000583281,4.27829e-05,0.000286412,2.91981e-05,0.631362,-0.000279338,0.632257,0.000223051,-0.000894728,0.000103118
ERF_Log_File_20240929_1323.csv,sp,12,emfpe,4,0,filled_square,prism,ERF_OSA207_Spectra_20240929_1323.csv,1.41167e+09,4.03164,0.00027899,0.74868,0.00123334,34.172,2.00955,9.72997e-06,0.0164518,2,0.0326473,0.000187169,2.05,0,6.35e-06,0.000289,8.31e-05,7.51e-06,0,6.93e-06,0.000277956,6.18e-05,2.89e-05,5.77e-06,2.54e-05,9.24e-06,0.000243247,4.04e-05,0.628877,0.000870271,0.952857,0.832701,0.000325936,7.76334e-06,0.000490053,0.000431562,159.199,0.0796196,0.000121076,9.69428e-05,0.000274622,9.70185e-05,-0.00106836,0.00157873,-0.00367308,0.00157872,9.11932e-05,6.79439e-06,0.097078,0.00886783,0.130221,0.127737,0.269542,1.04582,228,10,0.994336,0.994811,0.994811,0.994311,6.11751e-05,5.06789e-08,5.54882e-05,0.000120778,0.837465,0.957827,0.00087481,0.632459,0,0,0,0,0,0.000137341,0.00022983,6.9096e-05,0.000139527,0.000114837,8.19603e-09,6.49977e-05,7.11302e-09,-0.000561478,1.24488e-06,0.000116285,1.06018e-06,4.49587e-05,6.77769e-05,8.22931e-07,1.72872e-07,4.58368e-08,1.61728e-07,0.000167391,0.00013773,6.99156e-07,0.000156323,2.01511,0.000431563,0.000490053,7.76348e-06,0.000325936,0.832565,-0.00489999,0.833059,0.000373542,-0.000494023,0.000523225,0.957142,-0.000685075,0.957659,0.000360508,-0.000516932,0.000109913,0.000865227,-9.58372e-06,0.00058389,4.27958e-05,0.000281337,2.91433e-05,0.632179,-0.000279847,0.632259,0.00022314,-7.9746e-05,0.000102828
ERF_Log_File_20250508_1624.csv,sp,13,fmfpe,11,2,filled_square,prism,ERF_OSA207_Spectra_20250508_1624.csv,1.43078e+09,2.20996,0.00051566,0.854678,0.00226187,33.2885,2.04092,1.14964e-05,0.00401209,2,0.0334834,0.000255815,2.056,0,6.35e-06,0.000289,8.31e-05,7.51e-06,0,6.93e-06,0.000233362,6.18e-05,2.89e-05,5.77e-06,2.54e-05,9.24e-06,0.000252966,4.04e-05,0.629332,0.000647295,0.954146,0.829147,0.000352207,3.59455e-06,0.000534547,0.000464067,145.862,0.0815319,9.47745e-05,8.79506e-05,-0.000130299,8.79539e-05,-0.000803739,0.000368244,0.00136498,0.000368243,5.71947e-06,1.59564e-06,0.0179876,0.0037483,0.037653,0.0244002,0.276131,1.04587,228,10,0.99501,0.995546,0.995546,0.994995,5.44532e-05,3.21038e-08,4.73226e-05,0.000108975,0.833318,0.958415,0.000650191,0.632488,-0,0,0,0,0,0.000143092,0.000233749,7.54138e-05,0.000148061,5.47728e-05,3.09805e-08,-7.55836e-05,1.79749e-08,-0.00102701,1.1014e-05,0.00153504,9.33434e-06,3.25891e-05,0.000256214,3.86131e-07,2.04394e-07,3.49462e-08,1.14708e-07,0,0,0,0,2.03746,0.000464067,0.000534547,3.59472e-06,0.000352207,0.833318,0,0.834397,0.000435342,-0.00107926,0.000210088,0.958415,0,0.958057,0.000335374,0.000357795,0.000111207,0.000650191,0,0.000670261,4.97983e-05,-2.00699e-05,1.90137e-05,0.632488,0,0.63255,0.000270875,-6.21015e-05,6.24108e-05
ERF_Log_File_20240929_1355.csv,sp,12,emfpe,4,0,filled_square,prism,ERF_OSA207_Spectra_20240929_1355.csv,1.41168e+09,3.06872,0.0002353,0.747593,0.00512298,34.1715,2.05646,1.09239e-05,0.0163914,2,0.0346122,0.000239175,2.1,0,6.35e-06,0.000289,8.31e-05,7.51e-06,0,6.93e-06,0.000284539,6.18e-05,2.89e-05,5.77e-06,2.54e-05,9.24e-06,0.000257782,4.04e-05,0.634374,0.000666621,0.961827,0.840888,0.00119067,1.30742e-05,0.00179445,0.00157068,109.397,0.203841,-0.000166653,0.000313268,-0.00103944,0.000313288,0.000802789,0.00152038,0.00213471,0.00152038,-6.60229e-05,6.54676e-06,0.115888,0.0102541,0.0674015,0.0857178,0.694007,1.04087,228,10,0.994365,0.994804,0.994804,0.994325,6.20338e-05,3.97505e-08,5.73537e-05,0.000123507,0.845687,0.966851,0.000670103,0.637969,-0,0,0,0,0,0.000170243,0.000252143,0.000100551,0.000184049,0.000140813,9.8878e-09,6.97675e-05,8.57999e-09,-0.000878368,1.30992e-06,3.54706e-05,1.11557e-06,5.26452e-05,9.13857e-05,2.57457e-07,1.89912e-07,1.74864e-08,6.93266e-08,0.000174489,0.000140723,5.35552e-07,0.000158278,2.06215,0.00157068,0.00179445,1.30742e-05,0.00119067,0.840665,-0.00502196,0.834501,0.000473765,0.00616388,0.000149205,0.966109,-0.000742202,0.958492,0.000367007,0.00761667,0.000110061,0.000662762,-7.34111e-06,0.000726549,4.97391e-05,-6.37869e-05,1.0134e-05,0.637632,-0.000336813,0.632744,0.000331928,0.00488822,4.01772e-05
ERF_Log_File_20240926_1825.csv,sp,12,emfpe,4,0,filled_square,prism,ERF_OSA207_Spectra_20240926_1825.csv,1.41143e+09,3.23615,0.000220162,0.749527,0.000883635,34.1716,2.05648,1.07719e-05,0.0165084,2,0.0344028,0.00020197,2.1,0,6.35e-06,0.000289,8.31e-05,7.51e-06,0,6.93e-06,0.000284542,6.18e-05,2.89e-05,5.77e-06,2.54e-05,9.24e-06,0.00025779,4.04e-05,0.62883,0.000666408,0.953084,0.833803,0.000855966,1.14078e-05,0.00130222,0.00113469,114.882,0.156111,0.000524405,0.000225397,-0.000103664,0.000225408,-0.00148973,0.00105569,0.00145831,0.00105569,5.17344e-05,4.54644e-06,0.0406418,0.00938966,0.111674,0.0494871,0.54937,1.04545,228,10,0.994365,0.994804,0.994804,0.994325,6.14918e-05,3.97384e-08,5.68331e-05,0.000122467,0.838562,0.958062,0.000669889,0.632394,0,0,0,0,0,0.000164498,0.000247009,9.57505e-05,0.000176726,0.000140848,9.88866e-09,6.9742e-05,8.57999e-09,-0.000878486,1.30997e-06,3.5435e-05,1.11561e-06,5.26475e-05,9.1394e-05,2.54311e-07,1.87264e-07,1.72327e-08,6.83475e-08,0.000173021,0.000139445,5.35381e-07,0.000156895,2.06217,0.00113469,0.00130222,1.14078e-05,0.000855966,0.833582,-0.00497968,0.834501,0.00047376,-0.000918767,0.000149463,0.957327,-0.000735477,0.958492,0.000367083,-0.00116562,0.000110059,0.00066255,-7.33876e-06,0.00072658,4.97314e-05,-6.403e-05,1.0128e-05,0.63206,-0.000333893,0.632744,0.000331967,-0.000684399,4.01691e-05
ERF_Log_File_20250122_1104.csv,sp,12,emfpe,7,1,filled_square,prism,ERF_OSA207_Spectra_20250122_1104.csv,1.42161e+09,3.06024,0.000198522,0.629985,0.00062668,34.1713,2.08952,1.32509e-05,0.00313849,2,0.0345516,0.000262257,2.1,0,6.35e-06,0.000289,8.31e-05,7.51e-06,0,6.93e-06,0.000288793,6.18e-05,2.89e-05,5.77e-06,2.54e-05,9.24e-06,0.000268026,4.04e-05,0.629435,0.000713794,0.95422,0.834266,0.000529344,1.52506e-05,0.000802486,0.000701845,101.96,0.0857215,0.000175765,9.13291e-05,-0.000181793,9.13301e-05,-0.00205288,0.000274216,-0.000544317,0.000274216,5.24362e-06,1.18716e-06,0.00942671,0.0111679,0.0141451,0.0181436,0.289389,1.04523,228,10,0.994383,0.994796,0.994796,0.994332,6.19447e-05,4.33135e-08,5.79027e-05,0.000123693,0.839022,0.959212,0.000717528,0.632991,-0,0,0,0,0,0.000177948,0.000256346,0.000107885,0.000194581,8.88496e-05,1.03745e-08,-0.000120338,4.5233e-09,-0.00199038,4.15389e-06,-0.000493172,4.13512e-06,5.22968e-05,0.000248358,8.08278e-07,2.19629e-07,8.11463e-09,8.45434e-08,0.000174593,0.000140597,6.56642e-07,0.000149424,2.08729,0.000701845,0.000802486,1.52506e-05,0.000529344,0.833979,-0.00504304,0.833372,0.000481349,0.00060678,0.000390873,0.958342,-0.000869241,0.95892,0.000445888,-0.000577071,0.00010621,0.000707107,-1.04212e-05,0.000753377,4.3239e-05,-4.62697e-05,3.92413e-06,0.632599,-0.000391363,0.632896,0.000372847,-0.000297067,4.08841e-05
ERF_Log_File_20240929_1427.csv,sp,12,emfpe,4,0,filled_square,prism,ERF_OSA207_Spectra_20240929_1427.csv,1.41168e+09,2.35831,0.000254323,0.750048,0.00120338,34.1715,2.1076,1.27777e-05,0.0160409,2,0.0369089,0.000260678,2.15,0,6.35e-06,0.000289,8.31e-05,7.51e-06,0,6.93e-06,0.000291347,6.18e-05,2.89e-05,5.77e-06,2.54e-05,9.24e-06,0.000273627,4.04e-05,0.630593,0.000792665,0.955943,0.83323,0.000666603,1.94838e-05,0.000999557,0.000878974,80.2325,0.0835565,0.000189142,0.000194304,3.78803e-05,0.000194339,-0.00186185,0.00157381,-0.00198827,0.0015738,3.32837e-05,6.77777e-06,0.0655519,0.011223,0.0513497,0.0801643,0.283013,1.04587,228,10,0.994393,0.99479,0.99479,0.994336,6.23313e-05,4.85723e-08,5.85776e-05,0.000124198,0.837976,0.96095,0.000796816,0.634149,-0,0,0,0,0,0.000212015,0.000281393,0.000137102,0.000238856,0.000173672,1.19737e-08,7.01838e-05,1.0389e-08,-0.0011235,1.44836e-06,-5.82883e-05,1.23346e-06,6.09641e-05,0.00011818,7.64331e-07,1.95832e-07,7.62547e-10,1.14983e-07,0.000178955,0.000141723,6.36822e-07,0.000157954,2.11343,0.000878974,0.000999557,1.94838e-05,0.000666603,0.832919,-0.00505758,0.8317,0.00054861,0.0012189,0.00038811,0.960156,-0.000793211,0.959337,0.000437119,0.000818906,9.9439e-05,0.000788087,-8.72928e-06,0.000761135,5.39981e-05,2.69523e-05,3.87204e-07,0.633753,-0.000395779,0.633097,0.000386892,0.000655905,5.83859e-05
ERF_Log_File_20240926_1857.csv,sp,12,emfpe,4,0,filled_square,prism,ERF_OSA207_Spectra_20240926_1857.csv,1.41143e+09,2.49366,0.000200174,0.750198,0.00134796,34.1711,2.10771,2.89627e-05,0.0162906,2,0.0367362,0.000572765,2.15,0,6.35e-06,0.000289,8.31e-05,7.51e-06,0,6.93e-06,0.000291368,6.18e-05,2.89e-05,5.77e-06,2.54e-05,9.24e-06,0.00027366,4.04e-05,0.629216,0.000784852,0.952818,0.831199,0.00142862,1.51638e-05,0.00216284,0.00188729,83.9672,0.190492,-0.000129637,0.000304749,-0.000482,0.000304755,-0.000314396,0.00104553,0.00087191,0.00104553,3.58046e-05,4.50265e-06,0.0341961,0.00908611,0.0439591,0.0462721,0.645796,1.04587,228,10,0.994393,0.99479,0.99479,0.994336,6.21969e-05,4.80964e-08,5.83895e-05,0.0001239,0.835934,0.957808,0.000788962,0.632764,-0,0,0,0,0,0.000204601,0.000275415,0.000131004,0.000229445,0.000173648,1.19784e-08,7.02117e-05,1.03932e-08,-0.00112389,1.4487e-06,-5.84857e-05,1.23375e-06,6.0965e-05,0.000118239,1.73035e-06,4.43709e-07,1.68798e-09,2.60923e-07,0.000178532,0.000141264,6.30546e-07,0.00015761,2.11354,0.00188729,0.00216284,1.51638e-05,0.00142862,0.830888,-0.00504543,0.831693,0.000548844,-0.000804877,0.000387652,0.957017,-0.000790738,0.959339,0.000437095,-0.00232168,9.94048e-05,0.000780319,-8.64324e-06,0.000761142,5.40431e-05,1.91771e-05,3.78161e-07,0.632369,-0.000395048,0.633098,0.000386904,-0.000729115,5.8455e-05
ERF_Log_File_20241001_0928.csv,sp,12,emfpe,4,0,filled_square,prism,ERF_OSA207_Spectra_20241001_0928.csv,1.41183e+09,1.92734,0.000447166,0.760368,0.0063721,34.174,2.15163,1.46694e-05,0.0151619,2,0.0391512,0.000310752,2.2,0,6.35e-06,0.000289,8.31e-05,7.51e-06,0,6.93e-06,0.000298134,6.18e-05,2.89e-05,5.77e-06,2.54e-05,9.24e-06,0.000287268,4.04e-05,0.631077,0.000652327,0.956963,0.831069,0.000704838,1.92252e-05,0.00107075,0.000942325,65.722,0.0729546,0.00014203,0.000208488,-3.88312e-05,0.000208531,-0.00770291,0.00180741,-0.00163876,0.00180741,1.70735e-05,7.78537e-06,0.036128,0.00907276,0.0633916,0.0902696,0.247146,1.04587,228,10,0.994414,0.994775,0.994775,0.994341,6.32044e-05,4.09601e-08,6.00885e-05,0.000125551,0.835799,0.961989,0.000655753,0.634622,0,0,0,0,0,0.000249071,0.000310507,0.000167372,0.000285904,0.00020486,1.37189e-08,6.54655e-05,1.19024e-08,-0.00122194,1.59105e-06,-0.000133275,1.35498e-06,6.75813e-05,0.000135523,1.20042e-07,1.81344e-07,8.38348e-10,1.74549e-07,0.00018382,0.000143501,5.24084e-07,0.000158625,2.15758,0.000942325,0.00107075,1.92252e-05,0.000704838,0.830683,-0.00511556,0.830051,0.000616705,0.000631871,5.42035e-05,0.961147,-0.000842411,0.959952,0.000534194,0.00119454,8.18835e-05,0.000648569,-7.1839e-06,0.000759942,7.0673e-05,-0.000111373,3.78545e-07,0.634172,-0.000450071,0.633567,0.000456027,0.000605322,7.88153e-05
ERF_Log_File_20241001_1000.csv,sp,12,emfpe,4,0,filled_square,prism,ERF_OSA207_Spectra_20241001_1000.csv,1.41183e+09,2.05955,0.000310915,0.751231,0.0011603,34.1726,2.19382,1.91324e-05,0.0144065,2,0.0413048,0.00032396,2.25,0,6.35e-06,0.000289,8.31e-05,7.51e-06,0,6.93e-06,0.000303557,6.18e-05,2.89e-05,5.77e-06,2.54e-05,9.24e-06,0.000300341,4.04e-05,0.630643,0.000737951,0.955268,0.83191,0.00057535,1.98005e-05,0.000883052,0.000767552,75.4132,0.0682956,0.000234157,0.00017217,0.00014084,0.000172221,0.00351003,0.00174787,-0.00268044,0.00174786,6.86663e-05,7.52807e-06,0.0367868,0.0107266,0.0968813,0.078272,0.232522,1.04534,228,10,0.994433,0.994756,0.994756,0.994344,6.41503e-05,4.74638e-08,6.14412e-05,0.000127182,0.836642,0.960304,0.000741841,0.634173,0,0,0,0,0,0.000222551,0.000289361,0.000145863,0.000252372,0.000236266,1.51713e-08,5.55669e-05,1.31624e-08,-0.00119397,1.73893e-06,-0.000191051,1.48092e-06,7.29582e-05,0.000138503,1.04894e-06,1.77511e-07,1.82088e-08,2.42802e-07,0.000189222,0.000144827,5.92886e-07,0.000159083,2.19989,0.000767553,0.000883052,1.98005e-05,0.00057535,0.831452,-0.00518992,0.831095,0.000687335,0.000356756,0.000370273,0.959416,-0.000887537,0.960407,0.000534969,-0.00099098,6.26606e-05,0.000733714,-8.12701e-06,0.000778367,9.2985e-05,-4.46529e-05,6.42763e-06,0.633671,-0.000502615,0.634093,0.000452313,-0.000422402,8.5708e-05
ERF_Log_File_20241001_1032.csv,sp,12,emfpe,4,0,filled_square,prism,ERF_OSA207_Spectra_20241001_1032.csv,1.41184e+09,1.92742,0.000268919,0.751514,0.00106855,34.1725,2.23992,2.13834e-05,0.0133935,2,0.0437077,0.000401626,2.3,0,6.35e-06,0.000289,8.31e-05,7.51e-06,0,6.93e-06,0.000309503,6.18e-05,2.89e-05,5.77e-06,2.54e-05,9.24e-06,0.000266492,4.04e-05,0.631908,0.000861383,0.955966,0.834209,0.0006073,2.27033e-05,0.000919428,0.000813576,71.7253,0.0679931,0.000372025,0.000181696,-2.37418e-06,0.000181768,-0.00332276,0.0021364,0.00885937,0.00213639,-2.54992e-05,9.19778e-06,0.0507544,0.0116931,0.0797236,0.0979082,0.230344,1.04585,228,10,0.994451,0.994733,0.994733,0.994344,6.55678e-05,5.69093e-08,6.31581e-05,0.00012901,0.838954,0.961028,0.000865944,0.635434,0,0,0,0,0,0.000231855,0.000296593,0.000153363,0.000264061,0.000270416,1.65544e-08,3.78012e-05,1.43615e-08,-0.000999912,1.94508e-06,-0.000228504,1.65649e-06,7.70543e-05,0.000122842,1.43544e-06,1.4741e-07,4.52599e-08,2.48276e-07,0.000195571,0.000146691,6.9207e-07,0.000160094,2.24611,0.000813577,0.000919428,2.27033e-05,0.0006073,0.833673,-0.00528106,0.834275,0.000708157,-0.000602052,0.000462892,0.960088,-0.000939529,0.960777,0.000498886,-0.00068902,4.75358e-05,0.000856457,-9.48658e-06,0.000856111,9.67045e-05,3.4676e-07,1.45951e-05,0.634871,-0.000562689,0.634662,0.000461481,0.000209177,8.00622e-05
ERF_Log_File_20241001_1104.csv,sp,12,emfpe,4,0,filled_square,prism,ERF_OSA207_Spectra_20241001_1104.csv,1.41184e+09,3.97391,0.000407714,0.75399,0.0032731,34.1715,2.28819,2.06501e-05,0.0127518,2,0.0458141,0.000391654,2.35,0,6.35e-06,0.000289,8.31e-05,7.51e-06,0,6.93e-06,0.000316694,6.18e-05,2.89e-05,5.77e-06,2.54e-05,9.24e-06,0.000223258,4.04e-05,0.631446,0.00121622,0.956037,0.837156,0.00084799,2.22246e-05,0.00128379,0.00112641,58.0573,0.077466,0.000382847,0.000247701,-8.30844e-05,0.000247742,-0.00366973,0.00191748,-0.00182091,0.00191748,4.60489e-05,8.25588e-06,0.0392761,0.00924778,0.0603051,0.0601099,0.262328,1.04574,228,10,0.994468,0.994704,0.994704,0.994341,6.70735e-05,8.26812e-08,6.49935e-05,0.000131106,0.84192,0.961127,0.0012227,0.634959,-0,0,0,0,0,0.000277209,0.000333153,0.000189468,0.000320722,0.000303977,1.85287e-08,1.05958e-05,1.60731e-08,-0.000582989,2.3131e-06,-0.000227565,1.9699e-06,7.86432e-05,8.10567e-05,1.0214e-06,1.11496e-07,2.89819e-10,1.77616e-07,0.000202499,0.000148581,9.77189e-07,0.000160809,2.29452,0.00112641,0.00128379,2.22246e-05,0.00084799,0.836539,-0.00538145,0.83681,0.000802214,-0.000271126,0.000348419,0.960133,-0.000993728,0.961071,0.000527941,-0.000937433,3.80334e-05,0.0012093,-1.33949e-05,0.000922557,4.54313e-05,0.000286743,9.88632e-08,0.634333,-0.000625313,0.635159,0.00041603,-0.000825329,6.05885e-05
ERF_Log_File_20241001_1136.csv,sp,12,emfpe,4,0,filled_square,prism,ERF_OSA207_Spectra_20241001_1136.csv,1.41184e+09,3.02858,0.00062431,0.75779,0.00639763,34.1719,2.33598,2.0923e-05,0.0119144,2,0.048164,0.000378765,2.4,0,6.35e-06,0.000289,8.31e-05,7.51e-06,0,6.93e-06,0.000323284,6.18e-05,2.89e-05,5.77e-06,2.54e-05,9.24e-06,0.000180443,4.04e-05,0.631897,0.000775094,0.957365,0.839375,0.000831352,3.97172e-05,0.00125017,0.00109736,43.2211,0.0561205,0.000368334,0.000242041,-6.79926e-05,0.000242084,0.00353773,0.00194401,-0.00120001,0.001944,1.18824e-05,8.37289e-06,0.0412023,0.0123312,0.0412629,0.0391646,0.190083,1.04585,228,10,0.994483,0.994673,0.994673,0.994336,6.8846e-05,5.42215e-08,6.69722e-05,0.000133166,0.844156,0.962492,0.000779245,0.635403,0,0,0,0,0,0.000361374,0.000405964,0.000254505,0.000424488,0.000331882,2.30241e-08,-2.56091e-05,1.9971e-08,7.72028e-05,2.98665e-06,-0.000174419,2.54352e-06,8.93729e-05,2.51698e-05,5.78576e-07,1.00744e-07,1.04347e-07,8.6811e-08,0.000209335,0.000150691,6.22779e-07,0.000161882,2.34244,0.00109736,0.00125017,3.97173e-05,0.000831352,0.838679,-0.00547778,0.839099,0.000706189,-0.000420179,0.000198858,0.961443,-0.0010491,0.961312,0.000458518,0.000130874,3.4626e-05,0.000770708,-8.53678e-06,0.00080697,3.94974e-05,-3.62616e-05,3.58644e-05,0.634713,-0.000689354,0.635467,0.000419271,-0.000753451,2.98372e-05
ERF_Log_File_20241001_1208.csv,sp,12,emfpe,4,0,filled_square,prism,ERF_OSA207_Spectra_20241001_1208.csv,1.41184e+09,4.60903,0.000556388,0.75301,0.00378162,34.1708,2.37418,2.41983e-05,0.0108947,2,0.0503465,0.000446816,2.45,0,6.35e-06,0.000289,8.31e-05,7.51e-06,0,6.93e-06,0.000328716,6.18e-05,2.89e-05,5.77e-06,2.54e-05,9.24e-06,0.00014623,4.04e-05,0.63219,0.000362553,0.958306,0.839088,0.000954995,4.44677e-05,0.00143418,0.00125374,32.7652,0.048638,9.0866e-05,0.000278897,-6.58084e-05,0.000278956,-0.000680037,0.0024264,-0.00242158,0.0024264,9.79037e-05,1.04478e-05,0.0419661,0.0104736,0.0428284,0.0325701,0.165007,1.04506,228,10,0.994494,0.994646,0.994646,0.99433,7.0375e-05,2.59531e-08,6.85996e-05,0.000134543,0.843873,0.963464,0.000364505,0.63569,-0,0,0,0,0,0.000468745,0.000504015,0.000335722,0.000555477,0.000347737,3.02329e-08,-6.14421e-05,2.62236e-08,0.000803298,3.84258e-06,-8.68879e-05,3.27245e-06,0.000102295,8.90256e-05,7.89285e-07,1.19035e-07,1.49987e-07,4.69653e-08,0.000214368,0.000152393,2.91315e-07,0.000162838,2.38074,0.00125374,0.00143418,4.4468e-05,0.000954995,0.838331,-0.0055421,0.838947,0.000629564,-0.000616472,0.000238397,0.962371,-0.00109353,0.961497,0.000454901,0.000873736,3.59535e-05,0.000360511,-3.99322e-06,0.000580131,3.60725e-05,-0.00021962,4.53024e-05,0.634949,-0.000741284,0.635577,0.000380714,-0.000627912,1.41855e-05
ERF_Log_File_20250121_1743.csv,sp,12,emfpe,7,1,filled_square,prism,ERF_OSA207_Spectra_20250121_1743.csv,1.42154e+09,2.97991,0.000443765,0.633094,0.00118286,34.1708,2.39269,2.19675e-05,0.00208236,2,0.0489782,0.000374184,2.4,0,6.35e-06,0.000289,8.31e-05,7.51e-06,0,6.93e-06,0.000330835,6.18e-05,2.89e-05,5.77e-06,2.54e-05,9.24e-06,0.000129648,4.04e-05,0.633169,0.000339235,0.957487,0.839313,0.000552241,3.98383e-05,0.000834181,0.000731758,40.8507,0.0355526,0.000279326,0.000137815,-0.000253052,0.000137821,-0.00309702,0.000583838,-0.00152109,0.000583837,-7.60924e-06,2.53183e-06,0.0106075,0.011695,0.0110842,0.0126678,0.121977,1.04559,228,10,0.994499,0.994632,0.994632,0.994326,7.12461e-05,2.45573e-08,6.93126e-05,0.000135285,0.844102,0.962655,0.000341066,0.636671,-0,0,0,0,0,0.000380753,0.000423322,0.000269273,0.000448251,0.000182707,1.89038e-08,-0.00025302,8.24114e-09,-0.00267048,7.46256e-06,-0.00141819,7.42885e-06,0.000108932,0.00040887,9.46612e-07,1.10188e-07,1.29827e-07,3.7391e-08,0.00021699,0.00015456,3.12124e-07,0.000159777,2.39013,0.000731759,0.000834181,3.98385e-05,0.000552241,0.839115,-0.00498715,0.83859,0.000610061,0.000525323,0.000316192,0.961588,-0.00106678,0.961544,0.000435473,4.40221e-05,3.68056e-05,0.000336112,-4.95355e-06,0.000523117,3.58511e-05,-0.000187005,4.33656e-05,0.636334,-0.000337747,0.635594,0.000353023,0.000739843,1.24895e-05
ERF_Log_File_20250122_1032.csv,sp,12,emfpe,7,1,filled_square,prism,ERF_OSA207_Spectra_20250122_1032.csv,1.4216e+09,2.94768,0.000527872,0.630927,0.00181747,34.1719,2.39521,2.96819e-05,0.00182808,2,0.0499154,0.000460794,2.4,0,6.35e-06,0.000289,8.31e-05,7.51e-06,0,6.93e-06,0.000331123,6.18e-05,2.89e-05,5.77e-06,2.54e-05,9.24e-06,0.000127389,4.04e-05,0.633541,0.000271934,0.957989,0.83967,0.000693484,3.52839e-05,0.00104837,0.000918809,40.6004,0.0443904,0.000171899,0.000157176,-0.000240736,0.00015718,-0.00343603,0.000577565,-0.00125651,0.000577564,-1.22863e-05,2.50142e-06,0.00969014,0.0102937,0.0130053,0.0106925,0.150283,1.04574,228,10,0.9945,0.99463,0.99463,0.994326,7.13931e-05,1.97156e-08,6.94555e-05,0.00013544,0.844461,0.963161,0.000273402,0.637045,0,0,0,0,0,0.000382948,0.000425341,0.000270933,0.000450931,0.000182161,1.90818e-08,-0.000253737,8.31897e-09,-0.00266807,7.53434e-06,-0.00142192,7.5003e-06,0.000108974,0.000409002,1.35017e-06,1.49792e-07,1.71989e-07,4.9208e-08,0.000217442,0.000154761,2.50202e-07,0.000159971,2.39265,0.00091881,0.00104837,3.52843e-05,0.000693484,0.839473,-0.0049886,0.838478,0.000605313,0.00099473,0.000334129,0.962092,-0.00106893,0.961556,0.000430322,0.000535855,3.70693e-05,0.000269431,-3.97082e-06,0.00050839,3.58087e-05,-0.000238959,4.25625e-05,0.636707,-0.000337292,0.635598,0.000345432,0.00110949,1.21776e-05
ERF_Log_File_20241001_1240.csv,sp,12,emfpe,4,0,filled_square,prism,ERF_OSA207_Spectra_20241001_1240.csv,1.41184e+09,3.55882,0.000793194,0.757423,0.0057549,34.1707,2.41296,2.45328e-05,0.00961244,2,0.0523907,0.000423058,2.5,0,6.35e-06,0.000289,8.31e-05,7.51e-06,0,6.93e-06,0.000333497,6.18e-05,2.89e-05,5.77e-06,2.54e-05,9.24e-06,0.000111491,4.04e-05,0.632908,0.000311691,0.957896,0.837742,0.000924504,5.42838e-05,0.00141256,0.00122939,25.8952,0.0375286,0.000401334,0.000274624,5.24102e-05,0.000274697,0.00297295,0.00265732,0.00125677,0.00265731,7.5268e-05,1.14427e-05,0.0211435,0.010101,0.0485439,0.0355313,0.127136,1.04587,228,10,0.994504,0.994616,0.994616,0.994322,7.20745e-05,2.2842e-08,7.01987e-05,0.000135816,0.842526,0.963081,0.000313378,0.636406,-0,0,0,0,0,0.000587917,0.000616401,0.000424789,0.000699962,0.00035572,4.19772e-08,-0.000104374,3.64117e-08,0.00173841,5.05534e-06,4.91487e-05,4.30528e-06,0.000115023,0.000178776,1.50636e-06,1.34558e-07,8.8252e-08,4.11972e-08,0.000219258,0.000153934,2.50455e-07,0.000164033,2.41963,0.00122939,0.00141256,5.42839e-05,0.000924504,0.836925,-0.0056008,0.836999,0.000557087,-7.42795e-05,0.000456111,0.961944,-0.00113726,0.961698,0.00039551,0.000245885,4.07427e-05,0.000309945,-3.43312e-06,0.000377721,3.58055e-05,-6.77759e-05,2.67218e-05,0.63561,-0.000795214,0.635641,0.000283682,-3.04649e-05,1.24741e-05
ERF_Log_File_20240918_1046.csv,ig_zn_diff,12,emfpe,3,0,filled_square,prism,ERF_OSA207_Spectra_20240918_1046.csv,1.41071e+09,2.192,0.000575015,0.892283,0.00735622,34.1718,2.41749,5.07572e-05,0.0146854,2,0.0504851,0.000670053,2.44,0,6.35e-06,0.000289,8.31e-05,7.51e-06,0,6.93e-06,0.000334547,6.18e-05,2.89e-05,5.77e-06,2.54e-05,9.24e-06,0.000107431,4.04e-05,0.632551,0.000494426,0.957472,0.837094,0.00047751,9.90028e-05,0.000700571,0.000603734,17.7762,0.0122231,-0.000923745,0.000134076,7.68796e-05,0.000134279,0.00298764,0.00305055,0.0137969,0.00305054,0.000253675,1.30847e-05,0.0252375,0.0126528,0.0300364,0.0229911,0.0415141,1.04523,228,10,0.994505,0.994612,0.994612,0.994321,7.22285e-05,3.63337e-08,7.03614e-05,0.000135887,0.841875,0.962659,0.000497104,0.636046,0,0,0,0,0,0.000849783,0.000869719,0.000618805,0.00101592,-0.000807657,1.70961e-08,7.87674e-05,1.34081e-08,0.00381544,1.91756e-06,0.0097903,4.22667e-06,0.000221606,0.00136057,3.17392e-06,2.82494e-07,1.55279e-07,8.98369e-08,0.000219703,0.000154056,3.9729e-07,0.000164067,2.42417,0.000603743,0.000700571,9.90029e-05,0.00047751,0.836271,-0.00560439,0.836718,0.000552124,-0.000447057,0.000465372,0.961517,-0.00114193,0.961723,0.000393193,-0.000206303,4.14204e-05,0.000491659,-5.44587e-06,0.00036255,3.58625e-05,0.000129109,2.27676e-05,0.635245,-0.000801003,0.635649,0.000277775,-0.000403683,1.31722e-05
ERF_Log_File_20250508_1656.csv,sp,13,fmfpe,11,2,filled_square,prism,ERF_OSA207_Spectra_20250508_1656.csv,1.43078e+09,5.24275,0.00138857,0.903765,0.00239761,33.2887,2.43347,3.32775e-05,0.00172302,2,0.0526633,0.000486964,2.45,0,6.35e-06,0.000289,8.31e-05,7.51e-06,0,6.93e-06,0.000278478,6.18e-05,2.89e-05,5.77e-06,2.54e-05,9.24e-06,9.31115e-05,4.04e-05,0.633994,0.000144591,0.957951,0.830773,0.000845513,1.73695e-05,0.00127695,0.0011077,34.8027,0.0463789,-4.74025e-05,0.000155557,-0.000502324,0.000155559,-0.00184475,0.000483911,0.00102055,0.00048391,-6.57726e-06,2.09668e-06,0.00816289,0.00434413,0.00756248,0.00888922,0.161448,1.04551,228,10,0.995142,0.995415,0.995415,0.995017,6.31406e-05,8.61537e-09,5.70788e-05,0.00011823,0.834933,0.962363,0.000145257,0.637089,-0,0,0,0,0,0.000442381,0.000479768,0.000316067,0.000523727,-2.74454e-05,5.75625e-08,-0.000522717,3.33952e-08,-0.00178087,1.50476e-05,0.000961455,1.27528e-05,0.000137541,0.000274247,2.10469e-06,1.88154e-07,7.94816e-08,6.33403e-08,0,0,0,0,2.42934,0.0011077,0.00127695,1.73697e-05,0.000845513,0.834933,0,0.836392,0.000548266,-0.00145873,0.0004717,0.962363,0,0.961752,0.000390626,0.000611254,4.21688e-05,0.000145257,0,0.000348466,3.59316e-05,-0.000203209,1.78133e-05,0.637089,0,0.635658,0.000271759,0.00143074,1.41957e-05
ERF_Log_File_20240918_1013.csv,ig_zn_diff,12,emfpe,3,0,filled_square,prism,ERF_OSA207_Spectra_20240918_1013.csv,1.41071e+09,5.18147,0.000607822,0.906671,0.00493797,34.1727,2.46559,3.34648e-05,0.0138997,2,0.052903,0.000612252,2.5,0,6.35e-06,0.000289,8.31e-05,7.51e-06,0,6.93e-06,0.000341109,6.18e-05,2.89e-05,5.77e-06,2.54e-05,9.24e-06,6.43436e-05,4.04e-05,0.632415,0.000532173,0.956987,0.834789,0.000448572,7.96324e-05,0.000656844,0.000577971,16.2889,0.0107555,-0.00108946,0.000128525,0.000185327,0.000128676,0.000832448,0.00258349,0.0144279,0.00258348,0.000222754,1.10861e-05,0.0195838,0.00933505,0.0209382,0.0194364,0.0365486,1.0431,228,10,0.994515,0.994573,0.994573,0.994309,7.43536e-05,4.02647e-08,7.24065e-05,0.000137419,0.839567,0.962209,0.000535077,0.635903,0,0,0,0,0,0.000926305,0.000944633,0.000675307,0.0011081,-0.000825805,1.38339e-08,7.2791e-05,1.08509e-08,0.00387811,1.56415e-06,0.0100382,3.44769e-06,0.000224649,0.00139163,1.45744e-06,2.09435e-07,9.54587e-08,1.38977e-07,0.000225653,0.000156015,4.27638e-07,0.000165481,2.47241,0.000577973,0.000656844,7.96325e-05,0.000448572,0.833894,-0.00567322,0.833908,0.00052593,-1.39341e-05,0.000330567,0.961013,-0.00119635,0.96201,0.000380882,-0.000996961,4.75029e-05,0.000529215,-5.86187e-06,0.000371309,3.40681e-05,0.000157906,2.16514e-05,0.635035,-0.000867532,0.635782,0.000223941,-0.000746554,3.15219e-05
ERF_Log_File_20250219_1005.csv,sp,13,emfpe,9,1,filled_square,prism,ERF_OSA207_Spectra_20250219_1005.csv,1.42402e+09,4.21109,0.00109715,0.925724,0.0131565,34.1716,2.47279,3.08902e-05,0.00198098,2,0.0562718,0.000525055,2.5,0,6.35e-06,0.000289,8.31e-05,7.51e-06,0,6.93e-06,0.000283265,6.18e-05,2.89e-05,5.77e-06,2.54e-05,9.24e-06,5.78906e-05,4.04e-05,0.634518,0.000337926,0.959712,0.838342,0.000912728,5.75556e-05,0.00138005,0.0012061,29.3723,0.0422097,-6.28478e-05,0.000202554,-0.000213,0.000202559,-0.00413341,0.00072816,-0.00165381,0.000728158,-3.92463e-06,3.14408e-06,0.00841663,0.0121469,0.010437,0.0119614,0.142964,1.04587,228,10,0.995149,0.995391,0.995391,0.995011,6.45152e-05,2.05512e-08,5.83655e-05,0.000120334,0.842545,0.964156,0.000339491,0.637611,0,0,0,0,0,0.0005205,0.00055261,0.000374503,0.000618349,-6.64727e-05,6.09927e-08,-0.000211566,2.56717e-08,-0.00409908,9.49487e-07,-0.00165116,8.07658e-07,6.95096e-05,0.000575024,1.41948e-06,1.92519e-07,8.28475e-08,1.23711e-07,0.000228081,0.000158692,3.10683e-07,0.000163463,2.47015,0.0012061,0.00138005,5.75557e-05,0.000912728,0.837588,-0.004957,0.834009,0.00052856,0.00357945,0.000348472,0.963037,-0.00111859,0.961995,0.000381034,0.00104181,4.72621e-05,0.00033456,-4.93067e-06,0.000365041,3.42443e-05,-3.04807e-05,2.03385e-05,0.637295,-0.000316208,0.635773,0.000226415,0.00152213,3.03703e-05
ERF_Log_File_20250121_1712.csv,sp,12,emfpe,7,1,filled_square,prism,ERF_OSA207_Spectra_20250121_1712.csv,1.42154e+09,3.81158,0.000691167,0.631799,0.00197749,34.1711,2.48293,3.45245e-05,0.0014611,2,0.0533091,0.000549092,2.5,0,6.35e-06,0.000289,8.31e-05,7.51e-06,0,6.93e-06,0.000343684,6.18e-05,2.89e-05,5.77e-06,2.54e-05,9.24e-06,4.88113e-05,4.04e-05,0.632553,0.000269536,0.957081,0.835538,0.00107531,4.31227e-05,0.00162717,0.00142128,28.6954,0.0487578,-7.08863e-05,0.000220695,-0.000247556,0.000220699,-0.00104611,0.000736294,-0.00156354,0.000736292,1.15651e-06,3.19287e-06,0.00673858,0.00889107,0.0114455,0.013691,0.165547,1.04587,228,10,0.994519,0.994558,0.994558,0.994305,7.51709e-05,2.06089e-08,7.31789e-05,0.000138245,0.840324,0.962318,0.000271011,0.636039,-0,0,0,0,0,0.000532261,0.000563545,0.000383337,0.000632645,0.000126505,3.26377e-08,-0.000259661,1.42288e-08,-0.00242805,1.2162e-05,-0.00146502,1.2107e-05,9.65416e-05,0.000389315,1.17557e-06,2.19028e-07,1.15586e-07,1.59373e-07,0.000228944,0.000158891,2.48014e-07,0.000163534,2.48027,0.00142128,0.00162717,4.31229e-05,0.00107531,0.835382,-0.00494133,0.833601,0.000518809,0.00178114,0.000259274,0.961195,-0.00112276,0.962059,0.000380393,-0.000863916,4.83071e-05,0.000267075,-3.93609e-06,0.000395808,3.34601e-05,-0.000128734,2.54927e-05,0.635727,-0.000312467,0.635817,0.000215595,-8.98371e-05,3.51499e-05
ERF_Log_File_20240828_1507.csv,ig_zn_diff,12,emfpe,3,0,off,none,ERF_OSA207_Spectra_20240828_1507.csv,1.40892e+09,2.42825,7.11128e-05,0.694093,0.00134521,34.171,2.49704,1.69261e-05,0.0298101,2,0.0439639,0.000376808,2.5,0,6.35e-06,0.000289,8.31e-05,7.51e-06,0,6.93e-06,0.000345366,6.18e-05,2.89e-05,5.77e-06,2.54e-05,9.24e-06,3.6172e-05,4.04e-05,0.633019,0.000482285,0.958597,0.833168,0.000107194,8.74052e-06,0.000159083,0.000148059,201.888,0.0329844,-0.000875083,3.16215e-05,-4.97624e-06,3.1643e-05,0.00411599,0.000485804,0.00965918,0.000485802,3.3135e-06,2.08547e-06,0.0399799,0.0126879,0.0402254,0.0856883,0.110229,1.04436,228,10,0.994522,0.994546,0.994546,0.994301,7.58904e-05,3.71923e-08,7.3924e-05,0.000138429,0.837943,0.963854,0.00048493,0.636506,-0,0,0,0,0,0.000124565,0.000223597,5.44857e-05,0.000121331,-0.000833885,1.21245e-08,6.94592e-05,9.50989e-09,0.00391761,1.39457e-06,0.0101824,3.0739e-06,0.000225836,0.00141,6.21026e-08,1.11017e-07,6.68525e-08,9.37789e-08,0.000229536,0.000157639,3.8756e-07,0.000166703,2.50394,0.000148059,0.000159083,8.74078e-06,0.000107194,0.832226,-0.00571753,0.833219,0.00052183,-0.000993389,2.82043e-05,0.962619,-0.00123448,0.962212,0.000358276,0.000407442,5.0419e-05,0.000479617,-5.3125e-06,0.000484805,3.12424e-05,-5.18733e-06,3.03615e-05,0.635593,-0.000912468,0.635938,0.000205335,-0.000344786,4.25904e-05
ERF_Log_File_20240913_1020.csv,ig_zn_diff,12,emfpe,3,0,filled_square,2.4um_lp,ERF_OSA207_Spectra_20240913_1020.csv,1.41028e+09,4.52558,0.000607532,0.699038,0.00294811,34.1705,2.5098,1.2303e-05,0.0268215,2,0.0405814,0.000347689,2.5,0,6.35e-06,0.000289,8.31e-05,7.51e-06,0,6.93e-06,0.000346892,6.18e-05,2.89e-05,5.77e-06,2.54e-05,9.24e-06,3.42635e-05,4.04e-05,0.633805,0.000520601,0.958886,0.834697,0.00023648,2.33162e-05,0.000351465,0.000310066,63.8308,0.0232238,-0.000811746,6.934e-05,0.000139501,6.93615e-05,0.00392632,0.00073242,0.0115705,0.000732419,-1.05658e-07,3.14626e-06,0.0239472,0.0106939,0.019474,0.0283877,0.0786749,1.04586,228,10,0.994524,0.994534,0.994534,0.994297,7.65946e-05,4.04582e-08,7.45193e-05,0.00013921,0.839485,0.964156,0.000523462,0.637295,-0,0,0,0,0,0.000255453,0.000315793,0.000172331,0.000293786,-0.000836535,1.15302e-08,6.82838e-05,9.04287e-09,0.00393314,1.33633e-06,0.0102368,2.94552e-06,0.000226205,0.001417,2.92374e-07,8.18008e-08,4.60024e-08,7.0827e-08,0.000231722,0.000158244,4.18355e-07,0.000167369,2.51674,0.000310066,0.000351465,2.33162e-05,0.00023648,0.833734,-0.00575059,0.833399,0.000536067,0.000335453,0.000183613,0.962907,-0.00124954,0.962296,0.000343882,0.000610089,5.13716e-05,0.000517728,-5.73463e-06,0.00053441,3.01414e-05,-1.66824e-05,2.88899e-05,0.636363,-0.000931616,0.636011,0.000202664,0.000352624,4.448e-05
ERF_Log_File_20250110_1044.csv,ig_zn_diff,12,emfpe,6,1,filled_square,none,ERF_OSA207_Spectra_20250110_1044.csv,1.42057e+09,2.51507,0.000175349,0.687674,0.000790363,34.1716,2.51,2.18188e-05,0.00662829,2,0.0414412,0.000572083,2.5,0,6.35e-06,0.000289,8.31e-05,7.51e-06,0,6.93e-06,0.000346915,6.18e-05,2.89e-05,5.77e-06,2.54e-05,9.24e-06,3.42785e-05,4.04e-05,0.632753,0.000557988,0.95729,0.832234,8.93158e-05,7.10404e-06,0.00012975,0.000132705,208.615,0.0267908,-0.000789343,2.50901e-05,0.000110533,2.51464e-05,0.00348669,0.000689708,0.0119279,0.000689706,0.00019502,2.98154e-06,0.058363,0.0106669,0.0599012,0.113358,0.0913984,1.04267,228,10,0.994524,0.994534,0.994534,0.994297,7.6477e-05,4.33689e-08,7.44041e-05,0.000138807,0.837007,0.962551,0.000561055,0.636237,0,0,0,0,0,0.00012306,0.00022254,5.27288e-05,0.000119211,-0.000796693,6.30681e-09,0.00011409,4.33604e-09,0.00379589,1.8195e-06,0.0116195,2.12606e-06,0.000227696,0.00154154,2.03319e-07,1.43663e-07,8.57556e-08,1.22548e-07,0.000231947,0.000160283,5.13446e-07,0.000164897,2.50732,0.000132705,0.00012975,7.10456e-06,8.93159e-05,0.832092,-0.00491498,0.833241,0.000525193,-0.00114841,7.17288e-05,0.961412,-0.0011398,0.962234,0.000354475,-0.000822576,5.06828e-05,0.000552906,-8.1486e-06,0.000498099,3.09396e-05,5.48073e-05,3.02537e-05,0.635933,-0.000304468,0.635957,0.000204525,-2.43348e-05,4.32336e-05
ERF_Log_File_20250116_1643.csv,ig_zn_diff,12,emfpe,6,1,filled_square,3.6um_lp,ERF_OSA207_Spectra_20250116_1642.csv,1.42111e+09,5.19725,0.000300998,0.690618,0.000634358,34.1715,2.51011,1.56624e-05,0.00671385,2,0.0409931,0.000444111,2.5,0,6.35e-06,0.000289,8.31e-05,7.51e-06,0,6.93e-06,0.000346929,6.18e-05,2.89e-05,5.77e-06,2.54e-05,9.24e-06,3.4287e-05,4.04e-05,0.632909,0.000540198,0.957725,0.834286,0.000221643,2.24346e-05,0.000332002,0.000292617,84.1148,0.0261468,-0.000753794,6.07974e-05,0.000231244,6.098e-05,0.00815327,0.00193022,0.011533,0.00193021,-6.76897e-06,8.35182e-06,0.0609642,0.0135592,0.0886959,0.0809345,0.0885596,1.04587,228,10,0.994524,0.994534,0.994534,0.994297,7.65012e-05,4.1989e-08,7.44429e-05,0.000139154,0.839071,0.962989,0.000543167,0.636394,-0,0,0,0,0,0.000204508,0.000276035,0.000130774,0.000229266,-0.000796612,6.29849e-09,0.000114132,4.33036e-09,0.00379612,1.81838e-06,0.0116205,2.12476e-06,0.000227686,0.00154166,1.48744e-07,1.03139e-07,6.15393e-08,8.80034e-08,0.000232535,0.000160361,4.97076e-07,0.000164943,2.50743,0.000292617,0.000332002,2.24347e-05,0.000221643,0.834144,-0.00492707,0.833242,0.000525311,0.000902121,7.3105e-05,0.961848,-0.00114039,0.962235,0.000354351,-0.000386495,5.06912e-05,0.000535278,-7.88881e-06,0.00049853,3.093e-05,3.6748e-05,3.02455e-05,0.636089,-0.00030451,0.635958,0.0002045,0.000131864,4.32521e-05
ERF_Log_File_20250116_1609.csv,ig_zn_diff,12,emfpe,6,1,filled_square,3.6um_lp,ERF_OSA207_Spectra_20250116_1609.csv,1.42111e+09,5.26292,0.000418635,0.694795,0.00149286,34.172,2.5104,1.43872e-05,0.00689729,2,0.0407164,0.000372004,2.5,0,6.35e-06,0.000289,8.31e-05,7.51e-06,0,6.93e-06,0.000346964,6.18e-05,2.89e-05,5.77e-06,2.54e-05,9.24e-06,3.4309e-05,4.04e-05,0.633686,0.000551668,0.96105,0.839115,0.000224049,1.66377e-05,0.000382319,0.000605714,84.8818,0.0229593,-0.000821597,5.30769e-05,-4.01844e-05,5.38053e-05,0.00565608,0.00362958,0.0137515,0.00362958,-0.000331386,1.55873e-05,0.0957278,0.0101879,0.156331,0.328134,0.0773197,1.03712,228,10,0.994524,0.994534,0.994534,0.994297,7.66091e-05,4.2888e-08,7.47144e-05,0.000139971,0.843928,0.966332,0.0005547,0.637175,0,0,0,0,0,0.000203391,0.000275557,0.000129592,0.000227499,-0.00079642,6.28015e-09,0.000114223,4.31728e-09,0.00379674,1.81545e-06,0.0116229,2.12133e-06,0.000227661,0.00154197,1.43399e-07,9.47723e-08,5.64817e-08,8.09202e-08,0.000233923,0.000160933,5.0763e-07,0.00016516,2.50771,0.000605714,0.000382319,1.66378e-05,0.000224049,0.838972,-0.00495551,0.833245,0.000525623,0.00572733,7.67335e-05,0.965187,-0.00114452,0.962237,0.000354025,0.00295073,5.07133e-05,0.000546644,-8.05631e-06,0.000499667,3.09045e-05,4.69767e-05,3.02237e-05,0.63687,-0.000304795,0.635959,0.000204435,0.000911225,4.33009e-05
ERF_Log_File_20250212_1505.csv,ig_zn_diff,12,emfpe,8,1,filled_square,2.4um_lp,ERF_OSA207_Spectra_20250212_1505.csv,1.42343e+09,5.21746,0.000374208,0.690353,0.00054158,34.171,2.51414,1.30406e-05,0.0106482,2,0.0394451,0.000288779,2.5,0,6.35e-06,0.000289,8.31e-05,7.51e-06,0,6.93e-06,0.000347414,6.18e-05,2.89e-05,5.77e-06,2.54e-05,9.24e-06,3.45929e-05,4.04e-05,0.63228,0.000642181,0.957959,0.834756,0.000158444,1.54143e-05,0.000241132,0.00020516,86.5274,0.0167574,-0.000890701,3.7962e-05,7.8304e-06,3.82422e-05,0.00143854,0.00190396,0.0102771,0.00190396,-1.91082e-05,8.16339e-06,0.0617943,0.00958354,0.0956698,0.07747,0.0566717,1.04581,228,10,0.994525,0.99453,0.99453,0.994296,7.66185e-05,5.00381e-08,7.46431e-05,0.0001394,0.839545,0.963228,0.000645713,0.635761,-0,0,0,0,0,0.000200216,0.000272888,0.000127127,0.000223677,-0.000889662,2.11617e-08,3.41415e-06,1.86916e-08,0.00221891,3.85735e-06,0.0120872,4.12033e-06,0.000223269,0.00143061,2.0741e-07,8.62485e-08,5.04763e-08,7.4214e-08,0.000233251,0.000160604,5.90921e-07,0.00016498,2.51145,0.00020516,0.000241132,1.54144e-05,0.000158444,0.834616,-0.00492883,0.833293,0.000529774,0.00132256,0.000122629,0.962085,-0.00114316,0.962261,0.00034982,-0.00017668,5.09938e-05,0.000636335,-9.37816e-06,0.000514248,3.05808e-05,0.000122087,2.98437e-05,0.635458,-0.000302979,0.63598,0.000203631,-0.000522483,4.38785e-05
ERF_Log_File_20250512_1757.csv,ig_zn_diff,13,fmfpe,12,2,filled_square,2.4um_lp,ERF_OSA207_Spectra_20250512_1757.csv,1.43113e+09,5.33502,0.000533046,0.691205,0.000971867,32.5039,2.51492,4.03669e-05,0.00396466,2,0.0412313,0.000618112,2.5,0,6.35e-06,0.000289,8.31e-05,7.51e-06,0,6.93e-06,0.000287421,6.18e-05,2.89e-05,5.77e-06,2.54e-05,9.24e-06,3.46522e-05,4.04e-05,0.6314,0.00054112,0.955411,0.826343,0.000439491,1.02978e-05,0.000653885,0.000564484,89.9773,0.0603424,-0.000715211,0.00012933,-0.00025732,0.0001294,0.00370687,0.00176687,0.0122193,0.00176686,-5.42045e-05,7.65187e-06,0.0753456,0.00665417,0.0849682,0.0678385,0.204717,1.04564,228,10,0.995156,0.995364,0.995364,0.995002,6.56793e-05,3.36436e-08,5.94017e-05,0.000119739,0.830494,0.959861,0.00054364,0.634473,-0,0,0,0,0,0.000193971,0.000268276,0.000122253,0.000216235,-0.000783588,6.01413e-08,-0.000284237,4.49392e-08,0.00333284,2.14698e-06,0.0138292,4.80253e-06,0.000266956,0.0017162,5.92144e-07,2.66758e-07,1.56833e-07,2.29215e-07,0,0,0,0,2.51066,0.000564484,0.000653885,1.0299e-05,0.000439491,0.830494,0,0.833281,0.000528865,-0.00278735,0.000113065,0.959861,0,0.962256,0.000350714,-0.0023952,5.09351e-05,0.00054364,0,0.000511165,3.06487e-05,3.24749e-05,2.99459e-05,0.634473,0,0.635976,0.000203794,-0.00150239,4.37667e-05
ERF_Log_File_20240913_1342.csv,ig_zn_diff,12,emfpe,3,0,filled_square,2.4um_lp,ERF_OSA207_Spectra_20240913_1342.csv,1.41029e+09,4.94077,0.000501907,0.696691,0.0011874,34.1727,2.53041,1.38965e-05,0.0268491,2,0.0437115,0.00029727,2.525,0,6.35e-06,0.000289,8.31e-05,7.51e-06,0,6.93e-06,0.00034942,6.18e-05,2.89e-05,5.77e-06,2.54e-05,9.24e-06,3.58285e-05,4.04e-05,0.634274,0.000465404,0.959407,0.834846,0.000348448,1.94958e-05,0.000497939,0.00044489,74.9694,0.0358441,-0.000850895,9.34757e-05,0.000298438,9.37251e-05,0.00622702,0.00280941,0.0112743,0.00280941,-0.000300123,1.20506e-05,0.0945275,0.0105145,0.10096,0.10428,0.121022,1.04274,228,10,0.994527,0.994516,0.994516,0.994291,7.76513e-05,3.66222e-08,7.54949e-05,0.000140093,0.83964,0.964697,0.00046797,0.637764,0,0,0,0,0,0.000223761,0.000290832,0.000146727,0.000253862,-0.000839904,1.06665e-08,6.65227e-05,8.36496e-09,0.00395745,1.25267e-06,0.0103198,2.76113e-06,0.000226607,0.00142773,6.6238e-07,9.38989e-08,3.66703e-08,7.9271e-08,0.000234626,0.00015924,3.74006e-07,0.00016827,2.53741,0.00044489,0.000497939,1.94958e-05,0.000348448,0.833851,-0.00578816,0.834157,0.000504798,-0.000305236,0.000371304,0.963423,-0.00127397,0.962435,0.000337409,0.000988377,5.26361e-05,0.000462844,-5.12671e-06,0.000601935,2.85982e-05,-0.000139092,2.0556e-05,0.636803,-0.000961539,0.63613,0.000198257,0.00067307,4.44362e-05
ERF_Log_File_20240913_1416.csv,ig_zn_diff,12,emfpe,3,0,filled_square,2.4um_lp,ERF_OSA207_Spectra_20240913_1415.csv,1.41029e+09,5.19922,0.000538568,0.702854,0.000884076,34.1711,2.55317,1.60538e-05,0.0296117,2,0.0469582,0.000360619,2.55,0,6.35e-06,0.000289,8.31e-05,7.51e-06,0,6.93e-06,0.000353353,6.18e-05,2.89e-05,5.77e-06,2.54e-05,9.24e-06,3.7557e-05,4.04e-05,0.634676,0.000563179,0.958047,0.834773,0.000356473,1.86846e-05,0.00053286,0.000487028,83.2264,0.0410535,-0.000843241,9.65321e-05,0.000229644,9.68766e-05,0.00085686,0.00335729,0.00174987,0.00335728,-5.95382e-05,1.43866e-05,0.101842,0.0111737,0.146248,0.152936,0.138917,1.0456,228,10,0.994531,0.994495,0.994495,0.994283,7.88281e-05,4.49293e-08,7.6431e-05,0.000141041,0.839573,0.96335,0.000566296,0.638166,-0,0,0,0,0,0.000206199,0.000277322,0.00013217,0.000231481,-0.000842449,9.86507e-09,6.49284e-05,7.74003e-09,0.00398308,1.17261e-06,0.0104045,2.58466e-06,0.000226844,0.00143876,9.55503e-07,1.09575e-07,6.62255e-09,8.17891e-08,0.000237781,0.000160028,4.52589e-07,0.000169285,2.56023,0.000487029,0.00053286,1.86846e-05,0.000356473,0.833745,-0.00582812,0.835412,0.000437554,-0.001667,0.000467812,0.962052,-0.00129838,0.96259,0.000342322,-0.000538294,5.36474e-05,0.000560093,-6.20389e-06,0.00063847,2.69735e-05,-7.83769e-05,3.24238e-06,0.637172,-0.000994609,0.636254,0.000196604,0.00091733,4.00438e-05
ERF_Log_File_20250116_1823.csv,ig_zn_diff,12,emfpe,6,1,filled_square,3.6um_lp,ERF_OSA207_Spectra_20250116_1823.csv,1.42111e+09,2.339,0.000839054,0.704417,0.0016443,34.1717,2.55828,1.50199e-05,0.00959199,2,0.0451036,0.000365287,2.55,0,6.35e-06,0.000289,8.31e-05,7.51e-06,0,6.93e-06,0.000353977,6.18e-05,2.89e-05,5.77e-06,2.54e-05,9.24e-06,3.79453e-05,4.04e-05,0.633577,0.000617659,0.95911,0.836441,0.000357234,1.85296e-05,0.000492841,0.000430534,99.2517,0.0433919,-0.000807358,8.56327e-05,0.000192415,8.60705e-05,0.00499022,0.00354896,0.0179087,0.00354895,-1.50528e-05,1.53355e-05,0.159925,0.0132132,0.184132,0.159581,0.146999,1.04586,228,10,0.994532,0.99449,0.99449,0.994282,7.89479e-05,4.94284e-08,7.6753e-05,0.000141541,0.841251,0.964424,0.000621081,0.63706,0,0,0,0,0,0.000181426,0.000259544,0.000110829,0.000199184,-0.000773395,6.28849e-09,0.000123137,4.32013e-09,0.00391692,1.43965e-06,0.0119727,1.68222e-06,0.000224133,0.00158897,8.78074e-07,1.02371e-07,1.39997e-08,7.90948e-08,0.000240172,0.000163055,5.68379e-07,0.00016762,2.55554,0.000430535,0.000492841,1.85296e-05,0.000357234,0.836323,-0.0049278,0.835135,0.000450356,0.00118868,0.000458655,0.963252,-0.00117183,0.962558,0.000341266,0.000693953,5.34725e-05,0.000612061,-9.02041e-06,0.000635374,2.73209e-05,-2.33133e-05,7.31265e-06,0.636771,-0.000289753,0.63623,0.000196484,0.000540776,4.13145e-05
ERF_Log_File_20240913_1449.csv,ig_zn_diff,12,emfpe,3,0,filled_square,2.4um_lp,ERF_OSA207_Spectra_20240913_1449.csv,1.4103e+09,5.28019,0.000631204,0.706516,0.00121466,34.1711,2.57925,1.48448e-05,0.0316345,2,0.0513754,0.000336318,2.576,0,6.35e-06,0.000289,8.31e-05,7.51e-06,0,6.93e-06,0.00035655,6.18e-05,2.89e-05,5.77e-06,2.54e-05,9.24e-06,3.95377e-05,4.04e-05,0.636329,0.000533173,0.961783,0.83704,0.000583423,1.68273e-05,0.000816846,0.000710708,86.5096,0.0657414,-0.000684643,0.000148685,0.000162294,0.000149181,0.00342315,0.00499703,0.00330864,0.00499701,-6.39403e-05,2.14212e-05,0.201407,0.0104565,0.226291,0.194094,0.222679,1.04587,228,10,0.994535,0.99447,0.99447,0.994274,8.03558e-05,4.32098e-08,7.79455e-05,0.000142542,0.84186,0.967131,0.000536138,0.639826,-0,0,0,0,0,0.000200384,0.000273561,0.000127154,0.000223911,-0.000844283,9.1152e-09,6.32791e-05,7.14855e-09,0.00401074,1.09318e-06,0.0104926,2.40959e-06,0.00022689,0.00145034,7.63519e-07,1.01562e-07,2.71439e-08,5.52738e-08,0.000242094,0.000161831,4.28486e-07,0.000170836,2.58638,0.000710708,0.000816846,1.68273e-05,0.000583423,0.83597,-0.00589059,0.836917,0.000435945,-0.000946623,0.000408391,0.965798,-0.00133365,0.962769,0.000340954,0.00302858,5.43235e-05,0.000530264,-5.87349e-06,0.000617452,2.6096e-05,-8.71879e-05,1.45188e-05,0.638791,-0.00103469,0.636371,0.000201068,0.00241991,2.95649e-05
ERF_Log_File_20240913_1523.csv,ig_zn_diff,12,emfpe,3,0,filled_square,2.4um_lp,ERF_OSA207_Spectra_20240913_1523.csv,1.4103e+09,5.34205,0.000467234,0.71287,0.000736616,34.1717,2.60942,2.4263e-05,0.0312069,2,0.0525672,0.00045137,2.602,0,6.35e-06,0.000289,8.31e-05,7.51e-06,0,6.93e-06,0.000361467,6.18e-05,2.89e-05,5.77e-06,2.54e-05,9.24e-06,4.18295e-05,4.04e-05,0.634172,0.000448579,0.960464,0.838849,0.000433858,1.81902e-05,0.000667865,0.000605427,87.5358,0.0552344,-0.000469381,0.000123337,0.000233954,0.000123647,0.00197472,0.00359637,0.00266087,0.00359636,6.14672e-05,1.54243e-05,0.103885,0.0114408,0.176035,0.183375,0.187063,1.04586,228,10,0.994539,0.99444,0.99444,0.994264,8.16403e-05,3.70191e-08,7.92625e-05,0.000144166,0.843688,0.965834,0.000451087,0.637654,0,0,0,0,0,0.000198737,0.000272052,0.000125663,0.000221541,-0.000845195,8.44099e-09,6.19472e-05,6.61693e-09,0.00404026,1.0134e-06,0.0105832,2.23374e-06,0.000226785,0.00146235,4.2612e-07,1.64553e-07,7.3675e-08,3.14013e-08,0.000246892,0.000162991,3.60513e-07,0.000171627,2.61664,0.000605427,0.000667865,1.81903e-05,0.000433858,0.837731,-0.00595757,0.83798,0.000427728,-0.000249544,0.000141081,0.964467,-0.00136675,0.962975,0.000327333,0.00149199,5.44808e-05,0.000446145,-4.94175e-06,0.000540188,2.46978e-05,-9.40429e-05,2.43926e-05,0.63658,-0.00107464,0.636449,0.000201787,0.000130431,1.03964e-05
ERF_Log_File_20250116_1716.csv,ig_zn_diff,12,emfpe,6,1,filled_square,3.6um_lp,ERF_OSA207_Spectra_20250116_1716.csv,1.42111e+09,2.33362,0.000497386,0.711076,0.000923527,34.1717,2.61609,2.35461e-05,0.0126735,2,0.0481853,0.000398931,2.6,0,6.35e-06,0.000289,8.31e-05,7.51e-06,0,6.93e-06,0.000362375,6.18e-05,2.89e-05,5.77e-06,2.54e-05,9.24e-06,4.23359e-05,4.04e-05,0.632387,0.00049786,0.957777,0.838564,0.000240173,1.71924e-05,0.000385797,0.000323692,100.238,0.0316058,-0.000817059,6.17779e-05,0.000314967,6.21414e-05,-0.000360702,0.00274791,0.00769258,0.0027479,8.67386e-05,1.18685e-05,0.0950615,0.0123837,0.172475,0.132981,0.107058,1.04585,228,10,0.994539,0.994433,0.994433,0.994261,8.17585e-05,4.12503e-08,7.93567e-05,0.00014441,0.843404,0.963139,0.000500647,0.635859,0,0,0,0,0,0.000180331,0.000258442,0.000109739,0.000197496,-0.000767588,8.43628e-09,0.000121997,5.79309e-09,0.00409174,1.19349e-06,0.0122728,1.39458e-06,0.000222396,0.00163646,5.00696e-07,1.5994e-07,7.00153e-08,3.7804e-08,0.00024932,0.000165854,4.58164e-07,0.000170597,2.61329,0.000323692,0.000385797,1.71925e-05,0.000240173,0.838478,-0.00492619,0.837916,0.000431321,0.000562184,0.000170601,0.961933,-0.00120566,0.962953,0.000331281,-0.00101947,5.44959e-05,0.000493376,-7.27126e-06,0.000550251,2.49799e-05,-5.68752e-05,2.38561e-05,0.635589,-0.000270116,0.636444,0.000202943,-0.000855023,1.28809e-05
ERF_Log_File_20250116_1750.csv,ig_zn_diff,12,emfpe,6,1,filled_square,3.6um_lp,ERF_OSA207_Spectra_20250116_1749.csv,1.42111e+09,2.341,0.000477304,0.712277,0.000909214,34.1714,2.61613,1.71737e-05,0.0126899,2,0.0481802,0.000364925,2.6,0,6.35e-06,0.000289,8.31e-05,7.51e-06,0,6.93e-06,0.000362379,6.18e-05,2.89e-05,5.77e-06,2.54e-05,9.24e-06,4.23389e-05,4.04e-05,0.632873,0.000475097,0.958792,0.839521,0.000264179,1.80825e-05,0.000398462,0.000363431,100.43,0.0341126,-0.00083582,6.65566e-05,0.000113173,6.69659e-05,0.00802359,0.0030271,0.00102909,0.00302709,1.01767e-05,1.30724e-05,0.109393,0.0130487,0.165436,0.160842,0.115549,1.04587,228,10,0.99454,0.994433,0.994433,0.994261,8.18234e-05,3.93652e-08,7.94427e-05,0.000144577,0.844367,0.964159,0.000477757,0.636347,-0,0,0,0,0,0.000180158,0.000258459,0.000109529,0.000197211,-0.000767588,8.43752e-09,0.000122012,5.79394e-09,0.00409187,1.19337e-06,0.012273,1.39444e-06,0.0002224,0.00163649,3.64424e-07,1.16652e-07,5.10805e-08,2.75096e-08,0.00024961,0.000166031,4.37216e-07,0.000170731,2.61333,0.000363431,0.000398462,1.80826e-05,0.000264179,0.839435,-0.0049318,0.837917,0.000431279,0.00151829,0.000170245,0.962953,-0.00120697,0.962953,0.000331233,-3.63623e-07,5.44957e-05,0.000470818,-6.93881e-06,0.000550131,2.49766e-05,-7.93136e-05,2.3863e-05,0.636077,-0.00027031,0.636444,0.000202929,-0.000367249,1.28515e-05
ERF_Log_File_20240913_1557.csv,ig_zn_diff,12,emfpe,3,0,filled_square,2.4um_lp,ERF_OSA207_Spectra_20240913_1557.csv,1.4103e+09,2.25835,0.000684599,0.717319,0.00105825,34.1709,2.6336,1.61407e-05,0.0334789,2,0.0480636,0.000404213,2.628,0,6.35e-06,0.000289,8.31e-05,7.51e-06,0,6.93e-06,0.000364573,6.18e-05,2.89e-05,5.77e-06,2.54e-05,9.24e-06,4.3666e-05,4.04e-05,0.633561,0.00041629,0.959944,0.839608,0.000378467,1.62419e-05,0.000565108,0.000501453,93.7967,0.0486078,-0.000667339,0.000101416,4.71047e-05,0.000101779,0.00373292,0.00353172,0.0155983,0.00353171,6.81276e-05,1.51356e-05,0.125388,0.0109465,0.18039,0.166023,0.164647,1.04587,228,10,0.994542,0.994416,0.994416,0.994254,8.28327e-05,3.48555e-08,8.03751e-05,0.000145366,0.84446,0.965334,0.000418628,0.637038,-0,0,0,0,0,0.000189012,0.000264905,0.000117275,0.000208832,-0.000844944,8.00927e-09,6.11478e-05,6.28879e-09,0.0040619,9.56243e-07,0.0106473,2.10775e-06,0.000226523,0.00147092,9.00928e-08,1.0778e-07,4.83845e-08,2.19123e-08,0.000250561,0.000164023,3.34571e-07,0.000172629,2.64088,0.000501453,0.000565108,1.6242e-05,0.000378467,0.838454,-0.00600661,0.838113,0.000401428,0.000341133,4.52538e-05,0.96394,-0.00139403,0.963139,0.00029922,0.000801828,5.41383e-05,0.000414041,-4.58615e-06,0.000465254,2.27454e-05,-5.12122e-05,2.43036e-05,0.635929,-0.00110859,0.63645,0.000188915,-0.000520668,1.10066e-05
ERF_Log_File_20240913_1631.csv,ig_zn_diff,12,emfpe,3,0,filled_square,2.4um_lp,ERF_OSA207_Spectra_20240913_1630.csv,1.4103e+09,2.20619,0.000599496,0.722327,0.000983331,34.1711,2.6568,2.82449e-05,0.0324649,2,0.0527026,0.000619935,2.656,0,6.35e-06,0.000289,8.31e-05,7.51e-06,0,6.93e-06,0.00036751,6.18e-05,2.89e-05,5.77e-06,2.54e-05,9.24e-06,4.54277e-05,4.04e-05,0.633515,0.000345976,0.958822,0.83653,0.000350038,1.59911e-05,0.00051483,0.000457672,89.8071,0.0380737,-0.000878815,8.31019e-05,1.96865e-05,8.37148e-05,-0.00825279,0.00416374,0.00123818,0.00416373,5.28655e-05,1.7796e-05,0.143268,0.0103194,0.203527,0.184381,0.128947,1.04587,228,10,0.994544,0.994392,0.994392,0.994245,8.40644e-05,2.9372e-08,8.14003e-05,0.000145868,0.841372,0.964229,0.000347927,0.63699,-0,0,0,0,0,0.000194869,0.00026906,0.000122485,0.00021669,-0.000844136,7.67237e-09,6.09129e-05,6.01812e-09,0.00408093,9.05551e-07,0.0107021,1.99602e-06,0.000226262,0.0014783,6.14696e-07,1.8451e-07,6.11786e-08,1.31771e-07,0.00025295,0.000164917,2.78066e-07,0.000173797,2.66415,0.000457672,0.00051483,1.59912e-05,0.000350038,0.835346,-0.00602642,0.837783,0.000393348,-0.00243693,0.000177999,0.96281,-0.00141927,0.963292,0.000282687,-0.000482186,5.34289e-05,0.000344116,-3.81161e-06,0.000403698,2.1895e-05,-5.95828e-05,1.77156e-05,0.635848,-0.00114222,0.636381,0.000183584,-0.000533218,3.81573e-05
ERF_Log_File_20240913_1704.csv,ig_zn_diff,12,emfpe,3,0,filled_square,2.4um_lp,ERF_OSA207_Spectra_20240913_1704.csv,1.4103e+09,5.37996,0.000565969,0.730493,0.000883179,34.1716,2.6872,3.46322e-05,0.0337452,2,0.0575662,0.000711358,2.683,0,6.35e-06,0.000289,8.31e-05,7.51e-06,0,6.93e-06,0.000371393,6.18e-05,2.89e-05,5.77e-06,2.54e-05,9.24e-06,4.77367e-05,4.04e-05,0.634084,0.000326544,0.958596,0.836104,0.000364031,1.91484e-05,0.00064307,0.000496984,85.1207,0.0439349,-0.000831155,0.000101031,-1.91827e-05,0.000101421,-0.00271456,0.00365681,0.0171013,0.0036568,-3.45545e-05,1.56677e-05,0.0953989,0.0117115,0.250567,0.149715,0.148786,1.04574,228,10,0.994547,0.99436,0.99436,0.994233,8.57914e-05,2.82284e-08,8.28667e-05,0.000147165,0.840954,0.964033,0.000328396,0.637561,0,0,0,0,0,0.000202781,0.000274825,0.000129228,0.000226963,-0.000842566,7.29627e-09,6.09444e-05,5.72695e-09,0.00410329,8.43729e-07,0.0107644,1.85975e-06,0.000225878,0.00148677,1.14616e-06,2.17491e-07,7.94543e-09,3.48986e-07,0.000257171,0.000166319,2.62457e-07,0.000175591,2.69463,0.000496985,0.00064307,1.91484e-05,0.000364031,0.834876,-0.00607828,0.836915,0.000394877,-0.00203964,0.00027378,0.962579,-0.00145416,0.963488,0.000269715,-0.000908795,5.19516e-05,0.000324799,-3.59764e-06,0.000366715,2.14888e-05,-4.19168e-05,1.89791e-06,0.636373,-0.00118766,0.63616,0.00018451,0.000213237,8.33615e-05
ERF_Log_File_20250512_1831.csv,ig_zn_diff,13,fmfpe,12,2,filled_square,2.4um_lp,ERF_OSA207_Spectra_20250512_1831.csv,1.43113e+09,2.41359,0.000671588,0.731548,0.00140438,32.5024,2.71032,4.7292e-05,0.00662999,2,0.0472093,0.000823634,2.696,0,6.35e-06,0.000289,8.31e-05,7.51e-06,0,6.93e-06,0.000309642,6.18e-05,2.89e-05,5.77e-06,2.54e-05,9.24e-06,4.94924e-05,4.04e-05,0.633014,0.000464634,0.958489,0.832085,0.00022727,7.84693e-06,0.000339399,0.000300333,100.892,0.0306664,-0.000775551,5.95156e-05,1.53899e-05,5.97784e-05,0.0050257,0.00229446,0.0138345,0.00229446,0.000111281,9.90982e-06,0.0868395,0.00568852,0.125684,0.116096,0.103856,1.04583,228,10,0.995177,0.995218,0.995218,0.994949,7.35213e-05,3.20386e-08,6.60921e-05,0.000126335,0.836309,0.963095,0.000466867,0.636082,-0,0,0,0,0,0.000179092,0.00025801,0.000109027,0.000196473,-0.000720201,2.60719e-08,3.60153e-05,1.95396e-08,0.00426206,8.69354e-07,0.0124151,1.94464e-06,0.000189054,0.00166772,1.64198e-06,2.91859e-07,1.72382e-08,5.83314e-07,0,0,0,0,2.70572,0.000300337,0.000339399,7.84695e-06,0.000227271,0.836309,0,0.83654,0.000391087,-0.00023055,0.000288404,0.963095,0,0.963557,0.000269866,-0.000462342,5.12635e-05,0.000466867,0,0.000367568,2.21053e-05,9.92985e-05,3.02779e-06,0.636082,0,0.636036,0.000183411,4.62561e-05,0.000102456
ERF_Log_File_20240913_1738.csv,ig_zn_diff,12,emfpe,3,0,filled_square,2.4um_lp,ERF_OSA207_Spectra_20240913_1738.csv,1.41031e+09,2.22411,0.00060339,0.737947,0.00103518,34.171,2.71585,3.22703e-05,0.033609,2,0.0534723,0.000694918,2.711,0,6.35e-06,0.000289,8.31e-05,7.51e-06,0,6.93e-06,0.00037509,6.18e-05,2.89e-05,5.77e-06,2.54e-05,9.24e-06,4.99128e-05,4.04e-05,0.633267,0.000365613,0.957683,0.8358,0.000373562,1.82612e-05,0.00053466,0.000480186,86.6647,0.0425231,-0.000875115,9.60566e-05,0.000266557,9.64501e-05,0.0012867,0.00357911,0.00498936,0.0035791,-0.000135917,1.53342e-05,0.127742,0.0113698,0.158692,0.153696,0.144023,1.04586,228,10,0.994549,0.99433,0.99433,0.994221,8.72598e-05,3.21462e-08,8.42034e-05,0.000148419,0.840658,0.963144,0.000367698,0.636738,-0,0,0,0,0,0.000200041,0.000272667,0.000126926,0.000223418,-0.000840452,6.98909e-09,6.1276e-05,5.48354e-09,0.00412168,7.89125e-07,0.0108138,1.73939e-06,0.000225432,0.00149355,1.37338e-06,1.93019e-07,3.52641e-08,5.23561e-07,0.000261194,0.000167535,2.93867e-07,0.000177001,2.72336,0.000480188,0.00053466,1.82612e-05,0.000373562,0.83453,-0.00612795,0.835869,0.00037857,-0.00133926,0.000355821,0.961658,-0.00148597,0.963664,0.000269905,-0.00200599,5.00081e-05,0.00036367,-4.0282e-06,0.000380807,2.31227e-05,-1.71372e-05,9.13635e-06,0.63551,-0.00122813,0.635784,0.000184109,-0.000274605,0.000135646
ERF_Log_File_20240913_1812.csv,ig_zn_diff,12,emfpe,3,0,filled_square,2.4um_lp,ERF_OSA207_Spectra_20240913_1811.csv,1.41031e+09,2.22288,0.000630176,0.744726,0.00117608,34.1708,2.74294,3.04934e-05,0.034274,2,0.0569299,0.000584092,2.74,0,6.35e-06,0.000289,8.31e-05,7.51e-06,0,6.93e-06,0.000379931,6.18e-05,2.89e-05,5.77e-06,2.54e-05,9.24e-06,5.19702e-05,4.04e-05,0.633382,0.000343777,0.959671,0.836827,0.000392093,1.64764e-05,0.000626736,0.000514925,84.2744,0.0467101,-0.000738423,0.000108421,0.000152342,0.000108758,-0.00140074,0.00351923,0.00959008,0.00351922,-0.000104371,1.50869e-05,0.104348,0.00997569,0.200567,0.133389,0.158236,1.04587,228,10,0.994551,0.9943,0.9943,0.994209,8.87919e-05,3.07122e-08,8.57346e-05,0.000149855,0.841701,0.965172,0.000345748,0.636852,-0,0,0,0,0,0.000204364,0.000276144,0.000130526,0.00022891,-0.000838461,6.72812e-09,6.22156e-05,5.27772e-09,0.00413668,7.40111e-07,0.010853,1.63136e-06,0.000225169,0.00149897,2.05363e-06,1.72989e-07,5.23342e-08,6.98608e-07,0.000265428,0.000169201,2.76325e-07,0.000178665,2.75052,0.000514929,0.000626736,1.64765e-05,0.000392094,0.835517,-0.00618472,0.834408,0.000363823,0.00110839,0.000568684,0.963652,-0.00152053,0.963822,0.000251174,-0.000170324,4.79033e-05,0.00034196,-3.78773e-06,0.000420316,2.16617e-05,-7.83557e-05,1.44922e-05,0.635584,-0.00126824,0.635255,0.000177002,0.000329313,0.000193456
ERF_Log_File_20250110_1229.csv,ig_zn_diff,12,emfpe,6,1,filled_square,none,ERF_OSA207_Spectra_20250110_1229.csv,1.42057e+09,3.14081,0.000347929,0.744527,0.000415575,34.1708,2.76064,3.8542e-05,0.0171905,2,0.0569339,0.000382249,2.75,0,6.35e-06,0.000289,8.31e-05,7.51e-06,0,6.93e-06,0.000382261,6.18e-05,2.89e-05,5.77e-06,2.54e-05,9.24e-06,5.33145e-05,4.04e-05,0.632648,0.000439293,0.960846,0.83695,0.000172013,1.39622e-05,0.000261464,0.000228574,126.055,0.0335507,-0.000757389,5.13245e-05,2.51955e-05,5.1352e-05,0.0045403,0.000699962,0.0120509,0.000699961,7.88123e-05,3.02997e-06,0.0315315,0.0126473,0.0491552,0.0457664,0.11359,1.04583,228,10,0.994552,0.99428,0.99428,0.994201,8.9689e-05,3.96553e-08,8.67361e-05,0.000150703,0.841832,0.966374,0.00044182,0.636114,-0,0,0,0,0,0.000155714,0.000242578,8.72635e-05,0.000164786,-0.000802748,8.56767e-09,9.68574e-05,5.88114e-09,0.004512,8.91025e-07,0.0126297,1.04115e-06,0.000224901,0.00171417,2.92939e-06,2.15758e-07,6.87441e-08,9.56134e-07,0.000270426,0.000174319,4.04329e-07,0.000180364,2.75769,0.000228593,0.000261464,1.39624e-05,0.000172016,0.836949,-0.00488285,0.833895,0.000363849,0.00305377,0.000643467,0.965076,-0.00129727,0.963863,0.00024252,0.00121375,4.73932e-05,0.000435403,-6.41687e-06,0.00043288,2.06874e-05,2.52381e-06,1.51003e-05,0.635896,-0.000218046,0.635084,0.000173389,0.000811737,0.000210023
ERF_Log_File_20250212_1539.csv,ig_zn_diff,12,emfpe,8,1,filled_square,2.4um_lp,ERF_OSA207_Spectra_20250212_1539.csv,1.42344e+09,2.30438,0.000670234,0.742784,0.0010511,34.171,2.76844,1.31086e-05,0.017301,2,0.057412,0.000283761,2.75,0,6.35e-06,0.000289,8.31e-05,7.51e-06,0,6.93e-06,0.000383295,6.18e-05,2.89e-05,5.77e-06,2.54e-05,9.24e-06,5.39072e-05,4.04e-05,0.631936,0.000511506,0.960082,0.835238,0.000310745,1.76383e-05,0.000439307,0.000404432,89.1093,0.034958,-0.00081581,7.68482e-05,-2.92059e-06,7.72543e-05,0.00745487,0.00325788,0.0200912,0.00325787,4.36146e-05,1.39896e-05,0.119774,0.0112946,0.143721,0.149769,0.117933,1.04568,228,10,0.994552,0.994272,0.994272,0.994197,9.0031e-05,4.6385e-08,8.70632e-05,0.00015076,0.840113,0.965613,0.000514453,0.635398,-0,0,0,0,0,0.000195912,0.000270091,0.000123444,0.000218065,-0.000837735,3.35979e-08,8.17596e-05,2.95547e-08,0.00146651,1.21414e-06,0.0126594,1.29692e-06,0.000229874,0.00141259,1.13074e-06,7.23558e-08,2.37639e-08,3.53047e-07,0.000271045,0.000174622,4.70798e-07,0.000180744,2.76548,0.000404434,0.000439307,1.76383e-05,0.000310745,0.835242,-0.0048711,0.833264,0.000365986,0.0019778,0.000732344,0.964312,-0.00130092,0.963906,0.000233097,0.000406155,4.68625e-05,0.000506981,-7.47177e-06,0.000446924,1.9666e-05,6.00575e-05,1.53911e-05,0.635183,-0.000214825,0.634882,0.000169801,0.000300447,0.000228657
ERF_Log_File_20240916_0822.csv,ig_zn_diff,12,emfpe,3,0,filled_square,2.4um_lp,ERF_OSA207_Spectra_20240916_0822.csv,1.41053e+09,5.43222,0.000855674,0.749393,0.00119977,34.1742,2.7741,2.0441e-05,0.0344355,2,0.0612384,0.000360999,2.769,0,6.35e-06,0.000289,8.31e-05,7.51e-06,0,6.93e-06,0.000384045,6.18e-05,2.89e-05,5.77e-06,2.54e-05,9.24e-06,5.43368e-05,4.04e-05,0.632318,0.000351281,0.958248,0.831014,0.000261654,1.82453e-05,0.000380825,0.000332057,80.2295,0.0258638,-0.00065565,6.31728e-05,0.000158896,6.35748e-05,0.0046376,0.00293715,0.0113278,0.00293714,-2.56867e-05,1.2564e-05,0.0935786,0.0105178,0.128155,0.111665,0.0875893,1.04587,228,10,0.994552,0.994265,0.994265,0.994195,9.04074e-05,3.19611e-08,8.71855e-05,0.000150261,0.835866,0.963775,0.000353307,0.635782,0,0,0,0,0,0.000211896,0.000281777,0.000137107,0.000238941,-0.000835568,6.42298e-09,6.35017e-05,5.03723e-09,0.00415118,6.865e-07,0.0108896,1.51318e-06,0.000224767,0.00150407,2.25268e-06,1.09709e-07,3.52846e-08,6.45512e-07,0.000268071,0.000170484,2.82366e-07,0.000180341,2.78177,0.000332065,0.000380825,1.82453e-05,0.000261655,0.829668,-0.00619812,0.831668,0.000373288,-0.0019995,0.000941145,0.962221,-0.00155443,0.963995,0.000216207,-0.0017738,4.58351e-05,0.000349437,-3.87055e-06,0.000476026,1.79608e-05,-0.000126589,1.47415e-05,0.63447,-0.0013121,0.634406,0.000163608,6.36524e-05,0.000269688
ERF_Log_File_20240916_0856.csv,ig_zn_diff,12,emfpe,3,0,filled_square,2.4um_lp,ERF_OSA207_Spectra_20240916_0855.csv,1.41053e+09,2.24613,0.000846094,0.756446,0.00146757,34.1722,2.80659,2.9034e-05,0.0321882,2,0.0597173,0.000336045,2.799,0,6.35e-06,0.000289,8.31e-05,7.51e-06,0,6.93e-06,0.000388385,6.18e-05,2.89e-05,5.77e-06,2.54e-05,9.24e-06,5.68041e-05,4.04e-05,0.630842,0.000424068,0.958684,0.825958,0.000343726,1.94435e-05,0.000537612,0.000470719,80.6824,0.0405512,-0.000835582,9.82496e-05,0.000213491,9.85015e-05,0.00808655,0.00289646,0.0124292,0.00289645,-0.000107911,1.24228e-05,0.0757265,0.0112711,0.137497,0.127974,0.137303,1.04576,228,10,0.994554,0.994228,0.994228,0.994179,9.20586e-05,3.93203e-08,8.88908e-05,0.000150866,0.830794,0.96425,0.00042653,0.634296,0,0,0,0,0,0.000210684,0.000281154,0.000136337,0.000237693,-0.000832458,6.10024e-09,6.53653e-05,4.78837e-09,0.00416324,6.3354e-07,0.010919,1.39644e-06,0.000224456,0.00150822,4.67818e-06,1.48208e-07,2.90091e-08,1.18944e-06,0.000271108,0.000172183,3.40886e-07,0.000182091,2.81435,0.000470742,0.000537612,1.94435e-05,0.000343728,0.824575,-0.00621895,0.827218,0.000361768,-0.00264302,0.00139215,0.962657,-0.00159288,0.964165,0.000213007,-0.00150828,4.41042e-05,0.000421857,-4.67272e-06,0.000522236,1.79143e-05,-0.000100378,8.63265e-06,0.632939,-0.00135709,0.63322,0.000155335,-0.000280305,0.00035396
ERF_Log_File_20240916_0929.csv,ig_zn_diff,12,emfpe,3,0,filled_square,2.4um_lp,ERF_OSA207_Spectra_20240916_0929.csv,1.41054e+09,2.3122,0.000763297,0.764356,0.00127982,34.1726,2.83342,3.37094e-05,0.0316216,2,0.061452,0.00042451,2.83,0,6.35e-06,0.000289,8.31e-05,7.51e-06,0,6.93e-06,0.000392003,6.18e-05,2.89e-05,5.77e-06,2.54e-05,9.24e-06,5.88422e-05,4.04e-05,0.62958,0.00054563,0.960192,0.822885,0.000328844,1.76476e-05,0.000494887,0.000440734,81.7024,0.0401095,-0.000868874,9.57206e-05,0.0001254,9.58656e-05,0.00140031,0.00217481,0.0091441,0.0021748,-8.78183e-05,9.33167e-06,0.0651396,0.0103583,0.0883297,0.102518,0.135833,1.04587,228,10,0.994555,0.994197,0.994197,0.994166,9.34279e-05,5.13836e-08,9.04243e-05,0.000151568,0.827714,0.965797,0.000548815,0.633027,0,0,0,0,0,0.000208464,0.000279874,0.000134635,0.000235023,-0.000830032,5.8292e-09,6.72504e-05,4.57258e-09,0.00417099,5.9207e-07,0.0109372,1.30505e-06,0.000224321,0.00151081,6.03899e-06,1.66148e-07,8.47633e-09,1.54518e-06,0.000273952,0.000173812,4.38617e-07,0.000183604,2.84125,0.000440775,0.000494887,1.76476e-05,0.000328848,0.82147,-0.00624407,0.822578,0.000328967,-0.0011084,0.00156265,0.96417,-0.00162661,0.9643,0.000201894,-0.000130031,4.29925e-05,0.000542802,-6.01237e-06,0.000538894,1.73929e-05,3.90853e-06,2.19334e-06,0.631633,-0.00139412,0.632045,0.000147172,-0.000412125,0.00039983
ERF_Log_File_20240916_1003.csv,ig_zn_diff,12,emfpe,3,0,filled_square,2.4um_lp,ERF_OSA207_Spectra_20240916_1003.csv,1.41054e+09,2.3809,0.000556847,0.769443,0.00101537,34.1718,2.8617,1.98132e-05,0.0277453,2,0.0671389,0.000415312,2.861,0,6.35e-06,0.000289,8.31e-05,7.51e-06,0,6.93e-06,0.000395856,6.18e-05,2.89e-05,5.77e-06,2.54e-05,9.24e-06,6.09902e-05,4.04e-05,0.628385,0.000543726,0.96032,0.818403,0.000200999,1.83814e-05,0.000309961,0.000268674,83.9035,0.025794,-0.000814561,5.98361e-05,0.000218828,5.99066e-05,0.00178187,0.00119981,0.0119652,0.00119981,-4.50458e-05,5.1498e-06,0.0330723,0.0110826,0.0567014,0.0563829,0.0864732,1.04557,228,10,0.994555,0.994164,0.994164,0.994152,9.4902e-05,5.20452e-08,9.19214e-05,0.000152078,0.823217,0.965957,0.000546918,0.631825,0,0,0,0,0,0.000203976,0.00027676,0.000131103,0.000229559,-0.00082763,5.55792e-09,6.95783e-05,4.35424e-09,0.00417706,5.50661e-07,0.010951,1.21377e-06,0.000224302,0.00151281,3.34689e-06,9.47338e-08,9.13602e-09,9.45471e-07,0.000276511,0.000175283,4.37101e-07,0.000185317,2.86961,0.000268695,0.000309961,1.83814e-05,0.000201001,0.816956,-0.00626072,0.817573,0.000309834,-0.000616416,0.00148816,0.964298,-0.00165974,0.964438,0.000184949,-0.000139944,4.21223e-05,0.000540926,-5.99159e-06,0.000535728,1.66571e-05,5.19855e-06,4.06223e-06,0.630392,-0.00143342,0.63071,0.000140349,-0.00031862,0.000420393
ERF_Log_File_20240916_1037.csv,ig_zn_diff,12,emfpe,3,0,filled_square,2.4um_lp,ERF_OSA207_Spectra_20240916_1037.csv,1.41054e+09,2.49662,0.000310635,0.777959,0.000530616,34.1715,2.89484,2.80061e-05,0.022347,2,0.0757681,0.000476363,2.893,0,6.35e-06,0.000289,8.31e-05,7.51e-06,0,6.93e-06,0.000400416,6.18e-05,2.89e-05,5.77e-06,2.54e-05,9.24e-06,6.35069e-05,4.04e-05,0.626885,0.000580502,0.960898,0.814503,0.000120063,2.02489e-05,0.000176663,0.000163733,88.6008,0.0151322,-0.000768766,3.33923e-05,6.84723e-05,3.3482e-05,0.00590588,0.00100756,0.00946691,0.00100755,-1.49616e-05,4.3203e-06,0.0346082,0.0128921,0.0412577,0.0543004,0.0511882,1.04566,228,10,0.994556,0.994125,0.994125,0.994135,9.66269e-05,5.66289e-08,9.37371e-05,0.000152928,0.819308,0.966577,0.000583933,0.630316,-0,0,0,0,0,0.000195487,0.000270834,0.000124152,0.000218894,-0.000824928,5.21767e-09,7.23569e-05,4.09201e-09,0.00418166,5.05252e-07,0.0109611,1.11368e-06,0.000224321,0.00151428,3.39721e-06,1.30368e-07,3.36883e-08,1.28643e-06,0.000279932,0.000177108,4.66684e-07,0.000187395,2.90284,0.000163768,0.000176663,2.02489e-05,0.00012007,0.813018,-0.00629007,0.81265,0.0003775,0.000368114,0.00108102,0.964877,-0.00169934,0.964594,0.000162729,0.000283112,4.1484e-05,0.000577536,-6.39709e-06,0.000507811,1.57538e-05,6.97241e-05,1.07199e-05,0.628837,-0.00147921,0.629143,0.000133489,-0.000305436,0.000409351
ERF_Log_File_20240916_1111.csv,ig_zn_diff,12,emfpe,3,0,filled_square,2.4um_lp,ERF_OSA207_Spectra_20240916_1110.csv,1.41054e+09,2.62269,0.000231642,0.783866,0.000541464,34.1714,2.93138,3.08008e-05,0.0245907,2,0.0771499,0.000546418,2.925,0,6.35e-06,0.000289,8.31e-05,7.51e-06,0,6.93e-06,0.000405508,6.18e-05,2.89e-05,5.77e-06,2.54e-05,9.24e-06,6.62819e-05,4.04e-05,0.625477,0.00048117,0.960986,0.811455,0.000121841,1.69159e-05,0.000178681,0.000156154,94.4223,0.017238,-0.000828112,3.54035e-05,4.84254e-05,3.54318e-05,0.00461783,0.00058774,0.0108173,0.000587738,2.67987e-05,2.52329e-06,0.0286968,0.0114901,0.0230517,0.0333388,0.0553644,1.0435,228,10,0.994555,0.99408,0.99408,0.994116,9.85813e-05,4.79224e-08,9.57099e-05,0.000154105,0.816258,0.966709,0.000484035,0.628901,-0,0,0,0,0,0.000186329,0.00026445,0.000116498,0.00020725,-0.000822678,4.83873e-09,7.61265e-05,3.7978e-09,0.00418375,4.59308e-07,0.0109656,1.0124e-06,0.000224701,0.00151493,1.91593e-06,1.40765e-07,5.88577e-08,1.21042e-06,0.000284106,0.000179045,3.86845e-07,0.000189883,2.93949,0.000156166,0.000178681,1.6916e-05,0.000121847,0.809926,-0.00633166,0.809346,0.000363308,0.000580598,0.000561341,0.964967,-0.00174206,0.964763,0.000155959,0.000203836,4.12422e-05,0.000478733,-5.3027e-06,0.000450415,1.56623e-05,2.83173e-05,1.72445e-05,0.627371,-0.00153021,0.627567,0.000132393,-0.000195549,0.000354638
ERF_Log_File_20240916_1145.csv,ig_zn_diff,12,emfpe,3,0,filled_square,2.4um_lp,ERF_OSA207_Spectra_20240916_1144.csv,1.41054e+09,2.80081,0.000227145,0.79105,0.00046348,34.1719,2.96722,4.3988e-05,0.0262494,2,0.0753837,0.000669122,2.958,0,6.35e-06,0.000289,8.31e-05,7.51e-06,0,6.93e-06,0.000410562,6.18e-05,2.89e-05,5.77e-06,2.54e-05,9.24e-06,6.90038e-05,4.04e-05,0.624344,0.000376157,0.961349,0.809271,9.09565e-05,1.59081e-05,0.000135781,0.000115236,102.443,0.0140531,-0.000819723,2.66412e-05,2.46524e-05,2.66656e-05,0.00395437,0.000472648,0.0106838,0.000472647,2.42942e-05,2.02865e-06,0.0223997,0.0117109,0.0237498,0.0224354,0.0473994,1.04575,228,10,0.994555,0.994036,0.994036,0.994097,0.000100552,3.82275e-08,9.76986e-05,0.00015542,0.814076,0.967117,0.000378414,0.627762,0,0,0,0,0,0.0001757,0.000257236,0.000107377,0.000193548,-0.000820769,4.50183e-09,8.027e-05,3.52184e-09,0.00418309,4.18642e-07,0.0109643,9.2277e-07,0.00022526,0.00151473,1.02848e-06,1.99646e-07,1.02164e-07,1.24828e-06,0.000288463,0.000181024,3.02432e-07,0.000192523,2.97542,0.000115241,0.000135781,1.59084e-05,9.0965e-05,0.807698,-0.00637841,0.807868,0.000340468,-0.000170356,0.000213575,0.965332,-0.00178446,0.964927,0.000150976,0.000405864,4.14585e-05,0.000374268,-4.1456e-06,0.000372784,1.44049e-05,1.48404e-06,2.12154e-05,0.626181,-0.00158081,0.626338,0.0001336,-0.000156456,0.000259218
ERF_Log_File_20240916_1218.csv,ig_zn_diff,12,emfpe,3,0,filled_square,2.4um_lp,ERF_OSA207_Spectra_20240916_1218.csv,1.41055e+09,3.06079,0.000293309,0.797302,0.00103233,34.1726,3.00449,4.62543e-05,0.0264215,2,0.078877,0.000748908,2.992,0,6.35e-06,0.000289,8.31e-05,7.51e-06,0,6.93e-06,0.000415888,6.18e-05,2.89e-05,5.77e-06,2.54e-05,9.24e-06,7.17542e-05,4.04e-05,0.623915,0.000262723,0.961645,0.808143,0.000152146,1.89109e-05,0.000234357,0.000198071,113.427,0.0275076,-0.000759082,4.47629e-05,0.000111809,4.47693e-05,0.0041204,0.000330676,0.0106554,0.000330675,5.9207e-05,1.42035e-06,0.0127907,0.015414,0.0188335,0.023209,0.0932965,1.04584,228,10,0.994554,0.993989,0.993989,0.994076,0.000102739,2.72609e-08,9.9783e-05,0.00015702,0.812959,0.96746,0.000264312,0.627331,0,0,0,0,0,0.000163991,0.000249493,9.69787e-05,0.000178219,-0.000819721,4.15153e-09,8.44547e-05,3.25515e-09,0.00417982,3.81096e-07,0.010958,8.40028e-07,0.000226044,0.00151378,1.9075e-07,2.10749e-07,1.02236e-07,6.16733e-07,0.000293395,0.000183094,2.1124e-07,0.000195632,3.0128,0.000198071,0.000234357,1.89112e-05,0.000152147,0.806523,-0.00643586,0.807408,0.000369153,-0.000884514,3.81434e-05,0.965632,-0.00182843,0.965096,0.000128996,0.000535622,4.21427e-05,0.000261416,-2.89559e-06,0.000286408,1.0645e-05,-2.49915e-05,2.04437e-05,0.625696,-0.00163536,0.625554,0.000135795,0.000142084,0.000123326
ERF_Log_File_20250110_1303.csv,ig_zn_diff,12,emfpe,6,1,filled_square,none,ERF_OSA207_Spectra_20250110_1303.csv,1.42058e+09,2.59517,0.000159442,0.800314,0.000673367,34.1709,3.01608,1.76341e-05,0.0214856,2,0.0695402,0.000355515,3,0,6.35e-06,0.000289,8.31e-05,7.51e-06,0,6.93e-06,0.000417558,6.18e-05,2.89e-05,5.77e-06,2.54e-05,9.24e-06,7.24275e-05,4.04e-05,0.622429,0.000248963,0.960394,0.807378,8.50994e-05,8.00412e-06,0.000126529,0.000109871,184.469,0.0240074,-0.000842524,2.51214e-05,7.38611e-05,2.51357e-05,0.00290328,0.000352927,0.0130715,0.000352926,5.64213e-05,1.52763e-06,0.0402261,0.010815,0.0232539,0.0374248,0.0827125,1.00658,228,10,0.994554,0.993975,0.993975,0.99407,0.000103199,2.59999e-08,0.000100297,0.00015744,0.812194,0.966215,0.000250472,0.625837,-0,0,0,0,0,0.000126486,0.000226394,5.96306e-05,0.000126762,-0.000870225,4.098e-09,6.81297e-05,2.80862e-09,0.00477768,4.24586e-07,0.0126468,4.96124e-07,0.000234589,0.00174244,7.23332e-08,8.03478e-08,3.89666e-08,2.34746e-07,0.000298312,0.000189398,2.29218e-07,0.00019933,3.01285,0.000109871,0.000126529,8.00422e-06,8.50997e-05,0.807538,-0.0046568,0.807407,0.000369083,0.000130122,3.79403e-05,0.964768,-0.00144752,0.965097,0.000128981,-0.00032868,4.21441e-05,0.000246834,-3.63779e-06,0.000286283,1.06447e-05,-3.94491e-05,2.04388e-05,0.625726,-0.000111253,0.625553,0.000135754,0.000172802,0.000123129
ERF_Log_File_20250116_1502.csv,ig_zn_diff,12,emfpe,6,1,filled_square,3.6um_lp,ERF_OSA207_Spectra_20250116_1502.csv,1.4211e+09,3.48853,0.000271995,0.803246,0.00174585,34.1706,3.01686,3.03994e-05,0.0188448,2,0.0765826,0.000547379,3,0,6.35e-06,0.000289,8.31e-05,7.51e-06,0,6.93e-06,0.000417671,6.18e-05,2.89e-05,5.77e-06,2.54e-05,9.24e-06,7.24728e-05,4.04e-05,0.622391,0.000260566,0.960372,0.808175,0.000157285,1.26e-05,0.00024335,0.000204583,126.597,0.0319023,-0.000912253,4.50057e-05,0.000100497,4.50095e-05,0.00497423,0.000272078,0.0126076,0.000272078,3.61856e-05,1.17978e-06,0.0103964,0.0114644,0.0232924,0.017593,0.108062,1.04544,228,10,0.994554,0.993974,0.993974,0.994069,0.00010324,2.72234e-08,0.000100338,0.000157633,0.812997,0.966194,0.000262146,0.625799,-0,0,0,0,0,0.000153115,0.000242237,8.68899e-05,0.000163593,-0.00087032,4.09159e-09,6.81103e-05,2.80336e-09,0.00477742,4.23593e-07,0.0126464,4.94967e-07,0.000234608,0.00174238,1.15417e-07,1.38538e-07,6.69358e-08,3.95642e-07,0.000298722,0.000189442,2.39901e-07,0.000199394,3.01363,0.000204583,0.00024335,1.26002e-05,0.000157285,0.808336,-0.00466124,0.807404,0.000368115,0.000931443,3.51263e-05,0.964746,-0.00144794,0.9651,0.00012878,-0.000353811,4.21632e-05,0.000258338,-3.80733e-06,0.000284561,1.0641e-05,-2.6223e-05,2.03715e-05,0.625688,-0.00011091,0.625543,0.000135194,0.000145298,0.000120411
ERF_Log_File_20250116_1415.csv,ig_zn_diff,12,emfpe,6,1,filled_square,3.6um_lp,ERF_OSA207_Spectra_20250116_1414.csv,1.4211e+09,3.48897,0.000297744,0.802906,0.00100271,34.1717,3.01691,3.8914e-05,0.0183144,2,0.0763895,0.00061482,3,0,6.35e-06,0.000289,8.31e-05,7.51e-06,0,6.93e-06,0.000417678,6.18e-05,2.89e-05,5.77e-06,2.54e-05,9.24e-06,7.24757e-05,4.04e-05,0.622461,0.000233006,0.960242,0.808066,9.70804e-05,1.06324e-05,0.000147527,0.000127385,126.529,0.0192872,-0.000879043,2.91342e-05,3.55439e-05,2.91443e-05,0.00469803,0.000323766,0.0129704,0.000323766,5.09663e-05,1.39912e-06,0.0188348,0.00966995,0.0166017,0.0290247,0.065308,1.04526,228,10,0.994554,0.993974,0.993974,0.994069,0.000103255,2.43446e-08,0.000100327,0.000157614,0.812887,0.966063,0.000234419,0.625869,0,0,0,0,0,0.000153156,0.000242244,8.69366e-05,0.000163664,-0.000870313,4.09287e-09,6.81151e-05,2.80336e-09,0.00477739,4.2353e-07,0.0126464,4.94891e-07,0.000234607,0.00174238,1.46982e-07,1.77344e-07,8.56643e-08,5.05716e-07,0.000298689,0.00018942,2.14527e-07,0.000199421,3.01368,0.000127385,0.000147527,1.06327e-05,9.70817e-05,0.808227,-0.0046606,0.807404,0.000368053,0.000822636,3.49458e-05,0.964616,-0.00144777,0.9651,0.000128767,-0.00048466,4.21644e-05,0.000231014,-3.40463e-06,0.000284451,1.06407e-05,-5.3437e-05,2.03671e-05,0.625759,-0.000110901,0.625542,0.000135158,0.000216355,0.000120237
ERF_Log_File_20250212_1613.csv,ig_zn_diff,12,emfpe,8,1,filled_square,2.4um_lp,ERF_OSA207_Spectra_20250212_1613.csv,1.42344e+09,3.67726,0.000235104,0.801342,0.000627882,34.1709,3.02511,2.73652e-05,0.0157366,2,0.0769402,0.000521058,3,0,6.35e-06,0.000289,8.31e-05,7.51e-06,0,6.93e-06,0.000418864,6.18e-05,2.89e-05,5.77e-06,2.54e-05,9.24e-06,7.29521e-05,4.04e-05,0.622598,0.000299244,0.961048,0.808709,0.000166258,9.5056e-06,0.000255897,0.000215832,134.716,0.0358065,-0.000844945,4.62031e-05,0.000103229,4.62061e-05,0.00198163,0.000249324,0.0130478,0.000249324,1.84864e-05,1.0751e-06,0.0155939,0.00920288,0.0147033,0.0185813,0.121678,1.04551,228,10,0.994553,0.993963,0.993963,0.994064,0.000103778,3.14074e-08,0.000100867,0.000158144,0.813538,0.966885,0.000301062,0.626008,-0,0,0,0,0,0.000147701,0.000238957,8.16533e-05,0.000156217,-0.000826453,1.90723e-08,6.443e-05,1.67457e-08,0.00190446,4.77401e-07,0.0128163,5.09949e-07,0.000222721,0.00147208,1.44596e-08,1.25003e-07,5.75796e-08,2.74766e-07,0.00030014,0.000190089,2.75515e-07,0.00020027,3.02187,0.000215832,0.000255897,9.50577e-06,0.000166258,0.808875,-0.00466267,0.807386,0.000357814,0.00148912,4.90199e-06,0.965431,-0.00145375,0.965138,0.000126698,0.000293579,4.23776e-05,0.000296689,-4.37253e-06,0.0002668,1.0622e-05,2.98894e-05,1.95202e-05,0.6259,-0.000107385,0.625448,0.000129597,0.000452325,9.31493e-05
ERF_Log_File_20240917_1241.csv,ig_zn_diff,12,emfpe,3,0,filled_square,2.4um_lp,ERF_OSA207_Spectra_20240917_1241.csv,1.41063e+09,2.20349,0.000263169,0.981924,0.00451106,34.1716,3.03697,0.000105563,0.0324272,2,0.08226,0.00120284,3.026,0,6.35e-06,0.000289,8.31e-05,7.51e-06,0,6.93e-06,0.000420584,6.18e-05,2.89e-05,5.77e-06,2.54e-05,9.24e-06,7.36411e-05,4.04e-05,0.624121,0.000154633,0.962273,0.808652,0.000103493,9.79128e-06,0.00016285,0.000155429,153.129,0.024249,-0.000903772,3.09014e-05,6.70345e-05,3.09552e-05,0.00405824,0.000751972,0.01096,0.000751971,-4.85543e-05,3.22639e-06,0.0381313,0.0108379,0.0558699,0.0903504,0.082953,1.03333,228,10,0.994553,0.993948,0.993948,0.994058,0.000104758,1.63365e-08,0.000101661,0.000158718,0.813486,0.968132,0.000155575,0.627539,0,0,0,0,0,0.000137884,0.000233265,7.18349e-05,0.00014283,-0.000819157,3.90425e-09,8.87352e-05,3.0616e-09,0.00417506,3.52448e-07,0.0109493,7.76867e-07,0.000226973,0.00151244,9.35952e-07,4.86725e-07,1.7866e-07,3.27066e-07,0.000298241,0.000184992,1.24336e-07,0.000198636,3.04537,0.000155432,0.000162851,9.79292e-06,0.000103493,0.806988,-0.00649782,0.807484,0.000331566,-0.000496506,8.28934e-05,0.966265,-0.00186746,0.965246,0.000121227,0.00101913,4.31072e-05,0.00015387,-1.70435e-06,0.000221807,1.07606e-05,-6.79363e-05,1.58232e-05,0.625855,-0.00168453,0.625298,0.000118878,0.000556478,2.89669e-05
ERF_Log_File_20240916_1252.csv,ig_zn_diff,12,emfpe,3,0,filled_square,2.4um_lp,ERF_OSA207_Spectra_20240916_1252.csv,1.41055e+09,3.50273,0.000191896,0.803436,0.00073007,34.1724,3.03703,9.59349e-05,0.0262577,2,0.0825772,0.0010794,3.026,0,6.35e-06,0.000289,8.31e-05,7.51e-06,0,6.93e-06,0.000420592,6.18e-05,2.89e-05,5.77e-06,2.54e-05,9.24e-06,7.36444e-05,4.04e-05,0.623647,0.000198067,0.961209,0.807919,9.07371e-05,1.29303e-05,0.000138787,0.000117395,129.555,0.0185336,-0.000837501,2.72333e-05,2.21271e-06,2.72414e-05,0.00472134,0.000282397,0.0108208,0.000282396,3.87272e-05,1.21265e-06,0.0153433,0.0120381,0.0174307,0.018903,0.0627558,1.04578,228,10,0.994553,0.993948,0.993948,0.994058,0.000104682,2.09258e-08,0.000101552,0.000158577,0.812748,0.967062,0.000199273,0.627063,0,0,0,0,0,0.000151012,0.000241087,8.4906e-05,0.000160862,-0.000819116,3.90055e-09,8.86273e-05,3.06449e-09,0.00417504,3.52404e-07,0.0109493,7.76766e-07,0.000226936,0.00151243,8.52868e-07,4.42345e-07,1.62242e-07,2.95779e-07,0.000297979,0.000184791,1.59261e-07,0.000198491,3.04543,0.000117398,0.000138788,1.29313e-05,9.07376e-05,0.806256,-0.00649204,0.807485,0.000331509,-0.00122861,8.31174e-05,0.965196,-0.00186547,0.965246,0.000121214,-4.96295e-05,4.31093e-05,0.00019709,-2.18307e-06,0.000221703,1.07613e-05,-2.46133e-05,1.58116e-05,0.625379,-0.00168334,0.625298,0.000118862,8.12743e-05,2.88256e-05
ERF_Log_File_20240917_1314.csv,ig_zn_diff,12,emfpe,3,0,filled_square,2.4um_lp,ERF_OSA207_Spectra_20240917_1313.csv,1.41064e+09,2.24986,7.45952e-05,0.598938,0.000411969,34.171,3.03817,0.000108426,0.0201805,2,0.0827622,0.00109144,3.026,0,6.35e-06,0.000289,8.31e-05,7.51e-06,0,6.93e-06,0.000420757,6.18e-05,2.89e-05,5.77e-06,2.54e-05,9.24e-06,7.37105e-05,4.04e-05,0.623558,0.000184375,0.961388,0.808272,9.54151e-05,1.34647e-05,0.000146156,0.00012546,103.175,0.015128,-0.000810496,2.85102e-05,8.04274e-05,2.85399e-05,0.00454011,0.000538784,0.0118489,0.000538782,0.00016354,2.31272e-06,0.0203006,0.00998551,0.0284201,0.0299137,0.0511456,1.04554,228,10,0.994553,0.993946,0.993946,0.994057,0.000104737,1.94915e-08,0.000101635,0.000158702,0.813104,0.967244,0.000185498,0.626973,-0,0,0,0,0,0.000174769,0.000256654,0.000106615,0.000192374,-0.000819083,3.90055e-09,8.88297e-05,3.0558e-09,0.00417485,3.51465e-07,0.0109489,7.74685e-07,0.000226978,0.00151238,1.01263e-06,5.00218e-07,1.80633e-07,3.0416e-07,0.000298273,0.000184888,1.48252e-07,0.000198568,3.04657,0.000125464,0.000146157,1.34659e-05,9.54156e-05,0.806607,-0.00649691,0.807496,0.000330477,-0.000888239,8.73506e-05,0.965377,-0.00186714,0.965251,0.000120965,0.000125458,4.31494e-05,0.000183466,-2.03217e-06,0.000219799,1.07747e-05,-3.63328e-05,1.55817e-05,0.625288,-0.00168481,0.625295,0.00011859,-6.48315e-06,2.62373e-05
ERF_Log_File_20240917_1349.csv,ig_zn_diff,12,emfpe,3,0,filled_square,2.4um_lp,ERF_OSA207_Spectra_20240917_1349.csv,1.41064e+09,5.09287,0.00025375,0.250218,0.000309885,34.1715,3.03839,0.000153417,0.00848543,2,0.0846989,0.00149062,3.026,0,6.35e-06,0.000289,8.31e-05,7.51e-06,0,6.93e-06,0.000420789,6.18e-05,2.89e-05,5.77e-06,2.54e-05,9.24e-06,7.37236e-05,4.04e-05,0.624052,0.000266474,0.962143,0.809663,0.000278538,2.94259e-05,0.000428878,0.000362182,47.6949,0.0212025,-0.000766397,7.9284e-05,-4.16798e-05,7.92909e-05,0.00528216,0.000476146,0.0112128,0.000476144,8.99976e-05,2.04516e-06,0.00848919,0.0100857,0.0107613,0.0136705,0.0718804,1.04581,228,10,0.994553,0.993946,0.993946,0.994057,0.000104834,2.81742e-08,0.000101727,0.000158986,0.814504,0.968003,0.000268097,0.62747,-0,0,0,0,0,0.000329165,0.000379097,0.000230633,0.00038602,-0.00081917,3.90055e-09,8.8836e-05,3.0616e-09,0.00417481,3.51276e-07,0.0109489,7.74294e-07,0.000227001,0.00151237,1.44611e-06,7.07857e-07,2.54839e-07,4.22158e-07,0.000298818,0.000185045,2.14265e-07,0.000198745,3.04679,0.000362185,0.000428879,2.9427e-05,0.000278538,0.807995,-0.00650849,0.807498,0.000330278,0.000497433,8.81676e-05,0.966134,-0.00186886,0.965252,0.000120917,0.000882317,4.31572e-05,0.00026516,-2.93706e-06,0.000219432,1.07773e-05,4.57284e-05,1.55372e-05,0.625783,-0.00168648,0.625294,0.000118539,0.000489169,2.57385e-05
ERF_Log_File_20250512_2145.csv,ig_zn_diff,13,fmfpe,12,2,filled_square,2.4um_lp,ERF_OSA207_Spectra_20250512_2144.csv,1.43114e+09,4.1656,0.000179992,0.80748,0.00140304,32.5005,3.03998,2.99604e-05,0.00907847,2,0.0793143,0.000557826,3.017,0,6.35e-06,0.000289,8.31e-05,7.51e-06,0,6.93e-06,0.000348226,6.18e-05,2.89e-05,5.77e-06,2.54e-05,9.24e-06,7.38156e-05,4.04e-05,0.621872,0.000288183,0.959023,0.802054,0.000230044,5.32356e-06,0.000352521,0.000295539,149.947,0.0550785,-0.000717441,5.88526e-05,0.000163331,5.88548e-05,0.00415245,0.000255047,0.0113892,0.000255047,-3.3703e-05,1.10511e-06,0.0323888,0.00582883,0.0136325,0.0227182,0.192202,1.01238,228,10,0.99518,0.994913,0.994913,0.994818,8.70246e-05,2.36199e-08,7.86031e-05,0.000132642,0.806232,0.963926,0.000289656,0.624884,-0,0,0,0,0,0.000138818,0.000233499,7.33593e-05,0.000144727,-0.000824485,2.16024e-08,0.00012862,1.61442e-08,0.00426636,3.09348e-07,0.0111915,6.91977e-07,0.000238276,0.00154579,1.39877e-07,1.37498e-07,5.69574e-08,1.77877e-07,0,0,0,0,3.03483,0.000295539,0.000352521,5.32387e-06,0.000230044,0.806232,0,0.807413,0.000342384,-0.00118134,4.34981e-05,0.963926,0,0.965197,0.000123599,-0.00127056,4.27583e-05,0.000289656,0,0.000240797,1.06653e-05,4.886e-05,1.77123e-05,0.624884,0,0.625346,0.000122555,-0.000461598,5.53153e-05
ERF_Log_File_20240916_1326.csv,ig_zn_diff,12,emfpe,3,0,filled_square,2.4um_lp,ERF_OSA207_Spectra_20240916_1325.csv,1.41055e+09,4.00562,0.000192628,0.808865,0.000722646,34.1721,3.07478,4.72476e-05,0.0268024,2,0.0871523,0.000775366,3.061,0,6.35e-06,0.000289,8.31e-05,7.51e-06,0,6.93e-06,0.000424647,6.18e-05,2.89e-05,5.77e-06,2.54e-05,9.24e-06,7.58372e-05,4.04e-05,0.623544,0.00016252,0.961576,0.808985,6.67198e-05,9.41917e-06,0.000102999,8.86567e-05,146.937,0.0155117,-0.00082064,2.02541e-05,0.0001003,2.02624e-05,0.00367314,0.000243256,0.0107759,0.000243255,6.92828e-05,1.04472e-06,0.0110029,0.00995328,0.0185,0.0255202,0.0520842,1.04424,228,10,0.994551,0.993899,0.993899,0.994036,0.000106989,1.753e-08,0.000103719,0.000160664,0.813839,0.967479,0.000163518,0.62696,0,0,0,0,0,0.000140874,0.00023489,7.4862e-05,0.000146893,-0.000819434,3.65999e-09,9.34575e-05,2.87351e-09,0.00416755,3.23809e-07,0.0109363,7.13741e-07,0.000228223,0.00151038,1.07224e-06,2.22855e-07,2.98029e-08,1.65585e-07,0.000303803,0.000186952,1.30685e-07,0.000202001,3.08328,8.86631e-05,0.000102999,9.41922e-06,6.672e-05,0.807271,-0.00656801,0.808091,0.000347909,-0.000820588,0.000214814,0.965568,-0.0019101,0.965422,0.00011336,0.000146257,4.46472e-05,0.000161726,-1.79137e-06,0.000176269,1.20305e-05,-1.45423e-05,5.97078e-06,0.625221,-0.00173968,0.625324,0.000138556,-0.000102972,3.31736e-05
ERF_Log_File_20241010_1150.csv,ig_zn_diff,12,emfpe,5,0,filled_square,2.4um_lp,ERF_OSA207_Spectra_20241010_1150.csv,1.41262e+09,2.60663,0.000904813,0.822674,0.0103948,34.171,3.07929,0.000181861,0.0125381,2,0.101564,0.00163388,3,0,6.35e-06,0.000289,8.31e-05,7.51e-06,0,6.93e-06,0.00042531,6.18e-05,2.89e-05,5.77e-06,2.54e-05,9.24e-06,7.60988e-05,4.04e-05,0.623691,0.000224223,0.961954,0.811085,0.000168509,1.12946e-05,0.000257426,0.000216282,97.6622,0.0253988,-0.000858869,5.03471e-05,3.47463e-05,5.03823e-05,0.00452171,0.000780375,0.0111403,0.000780374,-5.11897e-05,3.37636e-06,0.0327002,0.00793313,0.0421284,0.0322922,0.0860104,1.04385,228,10,0.994551,0.993893,0.993893,0.994033,0.000107293,2.42454e-08,0.000104016,0.000161307,0.815954,0.967865,0.000225601,0.627108,-0,0,0,0,0,0.000181833,0.000261491,0.000112633,0.000201355,-0.000833488,4.97058e-09,6.79852e-05,2.85325e-09,0.00415378,6.40697e-07,0.0111373,1.00556e-06,0.000225368,0.00152911,4.3903e-06,8.6062e-07,8.69914e-08,7.14673e-07,0.000305243,0.000187277,1.80302e-07,0.000202482,3.0878,0.000216326,0.000257427,1.12949e-05,0.00016851,0.809361,-0.00659313,0.808197,0.000352863,0.00116344,0.000228846,0.965949,-0.0019161,0.965444,0.000112485,0.000505056,4.48601e-05,0.000223129,-2.4715e-06,0.000173759,1.22271e-05,4.93698e-05,4.53445e-06,0.625361,-0.00174687,0.62534,0.000142268,2.08032e-05,3.72525e-05
ERF_Log_File_20241010_1116.csv,ig_zn_diff,12,emfpe,5,0,filled_square,2.4um_lp,ERF_OSA207_Spectra_20241010_1116.csv,1.41262e+09,2.61327,0.000902664,0.833031,0.0124099,34.1724,3.07929,0.000178524,0.0125312,2,0.101491,0.00160596,3,0,6.35e-06,0.000289,8.31e-05,7.51e-06,0,6.93e-06,0.000425311,6.18e-05,2.89e-05,5.77e-06,2.54e-05,9.24e-06,7.60989e-05,4.04e-05,0.623534,0.000219168,0.961632,0.810898,0.00012296,1.62038e-05,0.000182618,0.000157756,97.9302,0.0178524,-0.000816381,3.55237e-05,0.000115858,3.55731e-05,0.00355405,0.000771533,0.0110692,0.000771532,-7.28631e-05,3.33665e-06,0.0335761,0.0114123,0.0354526,0.0378201,0.0602064,1.04388,228,10,0.994551,0.993893,0.993893,0.994033,0.000107266,2.36988e-08,0.000103982,0.00016127,0.815766,0.967541,0.000220515,0.62695,0,0,0,0,0,0.000181466,0.000261186,0.000112325,0.000200885,-0.000833488,4.97058e-09,6.79852e-05,2.85325e-09,0.00415378,6.40697e-07,0.0111373,1.00556e-06,0.000225368,0.00152911,4.30974e-06,8.44828e-07,8.53952e-08,7.01559e-07,0.000305173,0.000187215,1.76237e-07,0.000202431,3.0878,0.000157814,0.00018262,1.6204e-05,0.000122962,0.809174,-0.00659161,0.808197,0.000352863,0.000976841,0.000228846,0.965625,-0.00191546,0.965444,0.000112485,0.000181719,4.48601e-05,0.000218099,-2.41578e-06,0.000173759,1.22271e-05,4.43395e-05,4.53445e-06,0.625204,-0.00174643,0.62534,0.000142268,-0.000136617,3.72525e-05
ERF_Log_File_20241010_1036.csv,ig_zn_diff,12,emfpe,5,0,filled_square,2.4um_lp,ERF_OSA207_Spectra_20241010_1035.csv,1.41261e+09,2.69945,0.07737,0.974152,0.0420217,34.1716,3.07981,0.000186084,0.0128673,2,0.102217,0.00157499,3,0,6.35e-06,0.000289,8.31e-05,7.51e-06,0,6.93e-06,0.000425387,6.18e-05,2.89e-05,5.77e-06,2.54e-05,9.24e-06,7.61291e-05,4.04e-05,0.622567,0.000228112,0.961335,0.813108,0.000145928,1.63332e-05,0.000281221,0.000366143,101.495,0.0215111,-0.000854626,4.15228e-05,5.66493e-05,4.17583e-05,0.00542211,0.00181611,0.0114887,0.0018161,0.00011018,7.83257e-06,0.0319849,0.0122825,0.148678,0.267892,0.0740702,0.984048,228,10,0.994551,0.993893,0.993893,0.994033,0.000107131,2.46729e-08,0.000103979,0.000161735,0.817989,0.967242,0.000229514,0.625978,0,0,0,0,0,0.000177095,0.000258015,0.00010838,0.000194943,-0.000848531,5.47339e-09,9.98763e-05,3.14403e-09,0.00408484,6.41794e-07,0.0111264,1.00728e-06,0.000237102,0.00152113,4.52261e-06,8.80946e-07,8.58211e-08,7.39406e-07,0.00030608,0.000187186,1.83429e-07,0.000202167,3.08833,0.000366171,0.000281222,1.63334e-05,0.00014593,0.811378,-0.00661051,0.80821,0.000353415,0.00316854,0.000230431,0.965326,-0.00191547,0.965446,0.000112385,-0.000119586,4.4885e-05,0.000226999,-2.51437e-06,0.000173518,1.22495e-05,5.34809e-05,4.37267e-06,0.624233,-0.0017445,0.625343,0.000142681,-0.00110906,3.76735e-05
ERF_Log_File_20240916_1400.csv,ig_zn_diff,12,emfpe,3,0,filled_square,2.4um_lp,ERF_OSA207_Spectra_20240916_1359.csv,1.41055e+09,2.20274,0.000122883,0.812902,0.00132204,34.1716,3.113,6.04547e-05,0.0266521,2,0.0893752,0.000967686,3.097,0,6.35e-06,0.000289,8.31e-05,7.51e-06,0,6.93e-06,0.000430297,6.18e-05,2.89e-05,5.77e-06,2.54e-05,9.24e-06,7.80569e-05,4.04e-05,0.624015,0.000115309,0.961708,0.809904,8.13009e-05,9.36676e-06,0.000125011,0.000105978,160.177,0.0206612,-0.000782149,2.43435e-05,0.000110642,2.4349e-05,0.00408583,0.000223237,0.0108242,0.000223237,2.2687e-05,9.58728e-07,0.0130819,0.0107813,0.0176885,0.0203093,0.069979,1.0458,228,10,0.994549,0.993849,0.993849,0.994014,0.000109443,1.26992e-08,0.000105914,0.000162767,0.814781,0.96766,0.000116023,0.627435,0,0,0,0,0,0.000134964,0.000231374,6.8674e-05,0.000138597,-0.000820335,3.47383e-09,9.84189e-05,2.72475e-09,0.0041581,2.99978e-07,0.0109209,6.61224e-07,0.000229689,0.0015079,2.01143e-06,2.94241e-07,2.46561e-08,3.79824e-07,0.000309663,0.000189121,9.27263e-08,0.000205882,3.12161,0.000105997,0.000125011,9.36679e-06,8.13017e-05,0.808137,-0.00664383,0.809176,0.000371095,-0.00103832,0.000318853,0.965705,-0.00195481,0.965606,0.000106975,9.95262e-05,4.66433e-05,0.000114752,-1.27105e-06,0.000173862,1.27106e-05,-5.911e-05,3.9085e-06,0.625637,-0.0017985,0.62551,0.000154101,0.000126694,6.02101e-05
ERF_Log_File_20250116_1930.csv,ig_zn_diff,12,emfpe,6,1,filled_square,3.6um_lp,ERF_OSA207_Spectra_20250116_1930.csv,1.42112e+09,2.48693,0.000156854,0.815056,0.000820146,34.1707,3.13271,2.60081e-05,0.0234182,2,0.0811794,0.000505943,3.1,0,6.35e-06,0.000289,8.31e-05,7.51e-06,0,6.93e-06,0.000433237,6.18e-05,2.89e-05,5.77e-06,2.54e-05,9.24e-06,7.92019e-05,4.04e-05,0.622732,0.000208892,0.961301,0.81094,9.06957e-05,7.51784e-06,0.000139155,0.00011811,177.081,0.025484,-0.000860401,2.70318e-05,5.34978e-05,2.70373e-05,0.00565771,0.000234557,0.0124023,0.000234556,5.41468e-05,1.01698e-06,0.0180067,0.00957317,0.018623,0.0228383,0.0863582,1.04436,228,10,0.994548,0.993823,0.993823,0.994002,0.000110446,2.3252e-08,0.000107004,0.000163975,0.815833,0.967276,0.00021019,0.626146,-0,0,0,0,0,0.000129016,0.000227819,6.21185e-05,0.000129947,-0.000878059,3.63114e-09,7.15935e-05,2.48534e-09,0.00467594,3.34526e-07,0.0125917,3.90889e-07,0.000237413,0.00172676,9.09143e-07,1.27506e-07,1.42324e-08,1.86493e-07,0.000316959,0.00019695,1.92354e-07,0.000211406,3.12936,0.000118113,0.000139155,7.51785e-06,9.06959e-05,0.811179,-0.00465437,0.80944,0.000371201,0.00173865,0.000335828,0.96576,-0.00151613,0.965644,0.000106004,0.000116124,4.70994e-05,0.000207138,-3.05275e-06,0.000177583,1.24758e-05,2.95546e-05,5.2573e-06,0.626086,-5.98422e-05,0.625562,0.000153242,0.000523928,6.88888e-05
ERF_Log_File_20240916_1433.csv,ig_zn_diff,12,emfpe,3,0,filled_square,2.4um_lp,ERF_OSA207_Spectra_20240916_1433.csv,1.41055e+09,2.31785,0.000126755,0.820219,0.000716889,34.1718,3.14792,0.000121682,0.0259341,2,0.0915978,0.00154843,3.134,0,6.35e-06,0.000289,8.31e-05,7.51e-06,0,6.93e-06,0.00043552,6.18e-05,2.89e-05,5.77e-06,2.54e-05,9.24e-06,8.00847e-05,4.04e-05,0.623815,0.000173954,0.961529,0.810624,9.07812e-05,7.76558e-06,0.000137997,0.000116589,167.603,0.0239171,-0.000820319,2.67503e-05,5.31899e-05,2.67554e-05,0.0044197,0.000227116,0.0111983,0.000227116,4.49437e-05,9.7515e-07,0.023699,0.00946168,0.0168607,0.0156974,0.0823086,1.02187,228,10,0.994547,0.993803,0.993803,0.993993,0.000111591,1.95219e-08,0.000107907,0.000164684,0.815523,0.967525,0.000175039,0.627235,0,0,0,0,0,0.000132182,0.00022969,6.56313e-05,0.000134576,-0.000822027,3.35547e-09,0.000103197,2.6355e-09,0.00414808,2.82466e-07,0.0109055,6.22626e-07,0.000231306,0.00150536,4.83277e-06,6.12657e-07,1.04253e-07,1.41182e-06,0.00031499,0.000191067,1.39892e-07,0.000209338,3.15662,0.000116687,0.000137998,7.76628e-06,9.07916e-05,0.808811,-0.0067123,0.810462,0.000379655,-0.00165182,0.000384885,0.96553,-0.00199501,0.965779,0.000102499,-0.000249334,4.87924e-05,0.000173121,-1.91758e-06,0.000197365,1.165e-05,-2.42434e-05,8.30275e-06,0.625385,-0.00185056,0.625813,0.000158488,-0.000428489,0.000112438
ERF_Log_File_20240916_1507.csv,ig_zn_diff,12,emfpe,3,0,filled_square,2.4um_lp,ERF_OSA207_Spectra_20240916_1507.csv,1.41056e+09,2.39358,0.00013048,0.825963,0.000587079,34.1715,3.19028,0.00011268,0.0252606,2,0.0961111,0.00133689,3.172,0,6.35e-06,0.000289,8.31e-05,7.51e-06,0,6.93e-06,0.000440918,6.18e-05,2.89e-05,5.77e-06,2.54e-05,9.24e-06,8.25454e-05,4.04e-05,0.624512,0.000185987,0.961601,0.812401,0.000116225,7.86074e-06,0.000178432,0.00015168,172.049,0.0317745,-0.00082684,3.42843e-05,0.000108724,3.42896e-05,0.00407908,0.000265355,0.0109324,0.000265354,3.67497e-05,1.13966e-06,0.0182519,0.00972653,0.0208998,0.0267034,0.107828,1.04406,228,10,0.994544,0.993746,0.993746,0.993967,0.000114386,2.13506e-08,0.000110388,0.000167221,0.817332,0.967653,0.000187157,0.627938,-0,0,0,0,0,0.000130786,0.000228813,6.39353e-05,0.000132427,-0.000824937,3.28592e-09,0.00010864,2.57084e-09,0.00413445,2.66418e-07,0.010886,5.87232e-07,0.000233394,0.00150205,4.96579e-06,5.87693e-07,9.05971e-08,2.52096e-06,0.000321831,0.000193514,1.49578e-07,0.000213995,3.1991,0.00015176,0.000178433,7.86127e-06,0.000116252,0.810529,-0.0068031,0.812254,0.000423902,-0.00172533,0.000432821,0.965608,-0.00204432,0.965997,0.000104883,-0.000388538,5.12236e-05,0.000185107,-2.05035e-06,0.000234888,1.25853e-05,-4.97812e-05,7.89649e-06,0.626021,-0.00191669,0.626519,0.000190755,-0.000497415,0.000219728
ERF_Log_File_20250116_1857.csv,ig_zn_diff,12,emfpe,6,1,filled_square,3.6um_lp,ERF_OSA207_Spectra_20250116_1856.csv,1.42112e+09,2.55309,0.000129171,0.832263,0.00100829,34.1712,3.22452,2.82321e-05,0.0236197,2,0.0863429,0.000477083,3.2,0,6.35e-06,0.000289,8.31e-05,7.51e-06,0,6.93e-06,0.000445666,6.18e-05,2.89e-05,5.77e-06,2.54e-05,9.24e-06,8.45342e-05,4.04e-05,0.624349,0.000329616,0.961036,0.81538,0.000139999,8.58688e-06,0.000214813,0.000183623,179.674,0.0400642,-0.000882355,4.01578e-05,4.4856e-05,4.01617e-05,0.00482733,0.000253347,0.012789,0.000253347,4.77987e-05,1.09835e-06,0.0187522,0.0111002,0.0187895,0.0338733,0.135692,1.04323,228,10,0.994541,0.9937,0.9937,0.993946,0.000116528,3.85304e-08,0.00011234,0.000169614,0.820346,0.967129,0.000331706,0.627776,-0,0,0,0,0,0.000128621,0.000227314,6.1222e-05,0.000128935,-0.000875111,3.58463e-09,7.94705e-05,2.45748e-09,0.00452392,3.3236e-07,0.0125555,3.8836e-07,0.000238645,0.00170794,1.2264e-06,1.49475e-07,1.51215e-08,7.75666e-07,0.000332446,0.000202872,3.03559e-07,0.00022219,3.22107,0.000183627,0.000214813,8.58689e-06,0.000140001,0.815684,-0.0046623,0.813223,0.000417121,0.00246095,0.000429564,0.965561,-0.00156791,0.966112,0.000105615,-0.000551387,5.23556e-05,0.000326888,-4.8176e-06,0.000249902,1.26699e-05,7.69858e-05,5.29651e-06,0.627758,-1.78205e-05,0.627073,0.000184125,0.000685303,0.000271688
ERF_Log_File_20240916_1541.csv,ig_zn_diff,12,emfpe,3,0,filled_square,2.4um_lp,ERF_OSA207_Spectra_20240916_1540.csv,1.41056e+09,2.43801,0.000109114,0.832381,0.000431073,34.1711,3.23196,4.88638e-05,0.0251035,2,0.0967546,0.000788301,3.21,0,6.35e-06,0.000289,8.31e-05,7.51e-06,0,6.93e-06,0.000446814,6.18e-05,2.89e-05,5.77e-06,2.54e-05,9.24e-06,8.49661e-05,4.04e-05,0.625421,0.000233865,0.961558,0.814448,7.06961e-05,8.50124e-06,0.000105595,9.32309e-05,174.191,0.0189579,-0.000858124,2.0918e-05,0.000159931,2.09273e-05,0.00377565,0.000261702,0.0110103,0.000261701,2.9672e-05,1.1237e-06,0.0255367,0.0106889,0.0169614,0.0341933,0.0647815,1.03648,228,10,0.994541,0.993689,0.993689,0.993942,0.000117202,2.74451e-08,0.000112843,0.000169808,0.819412,0.967665,0.00023535,0.628854,-0,0,0,0,0,0.000130258,0.000228398,6.31491e-05,0.000131486,-0.000828715,3.28592e-09,0.000114137,2.57084e-09,0.00411979,2.55586e-07,0.0108669,5.6337e-07,0.000235713,0.00149867,1.93453e-06,2.61792e-07,8.74445e-09,1.42028e-06,0.000328717,0.000195928,1.88094e-07,0.000218814,3.2409,9.32508e-05,0.000105595,8.50124e-06,7.07103e-05,0.812517,-0.00689532,0.814051,0.000397422,-0.00153454,0.000393906,0.965572,-0.00209254,0.966218,0.000105771,-0.000645597,5.33056e-05,0.000232772,-2.57831e-06,0.000257073,1.22751e-05,-2.43012e-05,1.78053e-06,0.626871,-0.00198272,0.627638,0.000169794,-0.000766959,0.000289195
ERF_Log_File_20240916_1615.csv,ig_zn_diff,12,emfpe,3,0,filled_square,2.4um_lp,ERF_OSA207_Spectra_20240916_1614.csv,1.41056e+09,2.47406,0.000129751,0.836972,0.000897515,34.1706,3.27211,4.83809e-05,0.025235,2,0.0989065,0.000767945,3.249,0,6.35e-06,0.000289,8.31e-05,7.51e-06,0,6.93e-06,0.000453062,6.18e-05,2.89e-05,5.77e-06,2.54e-05,9.24e-06,8.72978e-05,4.04e-05,0.626722,0.000254905,0.962166,0.816073,7.76899e-05,8.60886e-06,0.000116715,0.00010417,175.296,0.0210291,-0.000832873,2.31192e-05,0.000110309,2.31311e-05,0.00375428,0.000310016,0.0111797,0.000310015,2.44845e-05,1.33125e-06,0.0255235,0.0108572,0.021324,0.043406,0.0712665,1.04332,228,10,0.994537,0.993634,0.993634,0.993916,0.000120019,3.05495e-08,0.000115312,0.000172256,0.821068,0.96833,0.000256538,0.630165,-0,0,0,0,0,0.000130047,0.000228318,6.2751e-05,0.00013108,-0.000833123,3.29469e-09,0.000119166,2.58116e-09,0.00410475,2.49273e-07,0.0108491,5.4945e-07,0.000238072,0.00149539,1.17341e-06,2.64308e-07,1.76815e-08,1.1544e-06,0.000335243,0.000198413,2.05027e-07,0.000223756,3.28116,0.000104177,0.000116715,8.60888e-06,7.76986e-05,0.814087,-0.00698157,0.815365,0.000413443,-0.00127866,0.000244309,0.96619,-0.00214036,0.966436,0.000102696,-0.000245896,5.50302e-05,0.000253728,-2.81042e-06,0.000252192,1.18879e-05,1.53607e-06,3.68137e-06,0.628117,-0.002048,0.628741,0.000189625,-0.00062414,0.000240352
ERF_Log_File_20250110_1336.csv,ig_zn_diff,12,emfpe,6,1,filled_square,none,ERF_OSA207_Spectra_20250110_1336.csv,1.42058e+09,2.91642,0.000204757,0.841303,0.00110214,34.1721,3.27464,2.24131e-05,0.0238813,2,0.0863429,0.000440177,3.25,0,6.35e-06,0.000289,8.31e-05,7.51e-06,0,6.93e-06,0.000453458,6.18e-05,2.89e-05,5.77e-06,2.54e-05,9.24e-06,8.74448e-05,4.04e-05,0.626196,0.000273838,0.961852,0.817067,7.52156e-05,6.51554e-06,0.000110837,9.89255e-05,203.471,0.0231401,-0.000884307,2.19932e-05,0.000110196,2.20074e-05,0.00296053,0.000328057,0.0120732,0.000328056,8.98614e-06,1.42004e-06,0.0357077,0.00952842,0.0258271,0.0489648,0.0784357,1.04532,228,10,0.994537,0.993631,0.993631,0.993915,0.000120081,3.28616e-08,0.000115426,0.0001726,0.822069,0.968017,0.000275593,0.629636,0,0,0,0,0,0.000122671,0.000224081,5.40618e-05,0.00012022,-0.000870969,3.56261e-09,8.48557e-05,2.4394e-09,0.00442154,3.4316e-07,0.0125413,4.00982e-07,0.000238956,0.00169629,6.46612e-07,1.21917e-07,5.84045e-09,5.86728e-07,0.000340663,0.00020637,2.52208e-07,0.00022872,3.27114,9.89276e-05,0.000110837,6.51554e-06,7.52179e-05,0.817407,-0.00466256,0.815099,0.000398762,0.00230769,0.000289721,0.96642,-0.00159749,0.966381,0.000104318,3.85145e-05,5.46261e-05,0.000271591,-4.00264e-06,0.000255348,1.1849e-05,1.62428e-05,2.61686e-06,0.629641,5.74185e-06,0.628489,0.000175826,0.00115202,0.000262889
ERF_Log_File_20250212_1647.csv,ig_zn_diff,12,emfpe,8,1,filled_square,2.4um_lp,ERF_OSA207_Spectra_20250212_1646.csv,1.42344e+09,2.65541,0.000109564,0.839551,0.000537497,34.1713,3.28638,0.000239631,0.0169756,2,0.0819498,0.00368306,3.25,0,6.35e-06,0.000289,8.31e-05,7.51e-06,0,6.93e-06,0.000454967,6.18e-05,2.89e-05,5.77e-06,2.54e-05,9.24e-06,8.81267e-05,4.04e-05,0.626441,0.000266487,0.962355,0.817575,0.000145047,6.64116e-06,0.000222349,0.000189778,186.533,0.0430319,-0.000836354,3.97949e-05,6.26672e-05,3.97973e-05,0.0021403,0.000208992,0.0125455,0.000208991,4.32097e-05,9.014e-07,0.016734,0.00890335,0.0162332,0.0278287,0.146822,1.04542,228,10,0.994536,0.993615,0.993615,0.993907,0.000120883,3.21755e-08,0.000116194,0.000173328,0.822587,0.968539,0.000268199,0.629883,-0,0,0,0,0,0.000126854,0.000226475,5.89708e-05,0.000126269,-0.00086051,1.60086e-08,5.35495e-05,1.40359e-08,0.00234737,3.27343e-07,0.0128997,3.49659e-07,0.000228515,0.0015247,5.61439e-06,1.31004e-06,9.14076e-08,5.60812e-06,0.00034264,0.000207263,2.45441e-07,0.000230211,3.28286,0.000189862,0.000222353,6.6418e-06,0.000145157,0.817924,-0.00466329,0.815406,0.000415939,0.00251732,0.00023613,0.966934,-0.00160492,0.966445,0.00010242,0.000488951,5.50975e-05,0.000264304,-3.89525e-06,0.000251558,1.18954e-05,1.27462e-05,3.84442e-06,0.629894,1.13278e-05,0.628781,0.000191962,0.00111279,0.000235866
ERF_Log_File_20240916_1648.csv,ig_zn_diff,12,emfpe,3,0,filled_square,2.4um_lp,ERF_OSA207_Spectra_20240916_1648.csv,1.41056e+09,2.49424,0.000131814,0.845172,0.000710967,34.1715,3.31515,0.000103535,0.0245326,2,0.100749,0.000932629,3.289,0,6.35e-06,0.000289,8.31e-05,7.51e-06,0,6.93e-06,0.000458263,6.18e-05,2.89e-05,5.77e-06,2.54e-05,9.24e-06,8.97976e-05,4.04e-05,0.627248,0.000163884,0.962369,0.815906,8.45814e-05,1.19775e-05,0.000127191,0.000109492,174.728,0.0229374,-0.000858049,2.49946e-05,0.000193966,2.50021e-05,0.00425099,0.000259842,0.0109525,0.000259841,1.50049e-06,1.11608e-06,0.0248414,0.0150505,0.0183107,0.0276491,0.0776611,1.04411,228,10,0.994533,0.993574,0.993574,0.993889,0.000122897,2.00839e-08,0.000117938,0.000174502,0.820923,0.968593,0.000164944,0.630696,-0,0,0,0,0,0.000130215,0.000228464,6.2955e-05,0.000131384,-0.000838858,3.35547e-09,0.000124551,2.63886e-09,0.00408794,2.46357e-07,0.0108314,5.43035e-07,0.000240852,0.00149194,1.58095e-06,5.74045e-07,6.17618e-08,2.77432e-07,0.000341471,0.000201016,1.31825e-07,0.000228897,3.32432,0.000109502,0.000127192,1.19777e-05,8.45821e-05,0.813865,-0.00705782,0.81579,0.000462252,-0.00192561,0.000155838,0.966403,-0.00219061,0.966674,9.98946e-05,-0.000271005,5.65848e-05,0.000163137,-1.80699e-06,0.00023016,1.25741e-05,-6.70234e-05,6.08798e-06,0.628581,-0.00211542,0.629408,0.000225538,-0.00082724,2.7347e-05
ERF_Log_File_20240916_1722.csv,ig_zn_diff,12,emfpe,3,0,filled_square,2.4um_lp,ERF_OSA207_Spectra_20240916_1722.csv,1.41057e+09,2.47634,0.000135064,0.855284,0.000704385,34.1717,3.35786,5.19523e-05,0.0236206,2,0.105414,0.00064066,3.331,0,6.35e-06,0.000289,8.31e-05,7.51e-06,0,6.93e-06,0.000464664,6.18e-05,2.89e-05,5.77e-06,2.54e-05,9.24e-06,9.22785e-05,4.04e-05,0.62672,0.000133127,0.963097,0.813061,8.05143e-05,1.32062e-05,0.000123404,0.000105078,171.36,0.0217112,-0.000874827,2.41791e-05,0.000168753,2.4187e-05,0.00436283,0.000261408,0.0105303,0.000261408,-2.35322e-05,1.1227e-06,0.0162377,0.0162609,0.0225377,0.0253181,0.0735361,1.04582,228,10,0.994529,0.993514,0.993514,0.993862,0.000125561,1.66756e-08,0.000120638,0.000176169,0.818082,0.969384,0.000133996,0.630168,0,0,0,0,0,0.000131079,0.000229251,6.41923e-05,0.000132935,-0.000845037,3.44462e-09,0.000129512,2.70517e-09,0.00407079,2.46724e-07,0.0108158,5.43838e-07,0.000243637,0.00148866,7.42471e-06,2.90678e-07,2.55181e-08,2.61137e-06,0.00034651,0.00020374,1.07091e-07,0.000233754,3.36714,0.000105335,0.000123404,1.32062e-05,8.05557e-05,0.810972,-0.00711001,0.812736,0.00050828,-0.00176382,0.00147732,0.967143,-0.00224164,0.966912,0.000111495,0.000230566,5.78372e-05,0.000132528,-1.46795e-06,0.000205715,1.46546e-05,-7.31867e-05,5.07742e-06,0.627989,-0.00217887,0.628507,0.000222456,-0.000518292,0.000519593
ERF_Log_File_20240916_1756.csv,ig_zn_diff,12,emfpe,3,0,filled_square,2.4um_lp,ERF_OSA207_Spectra_20240916_1755.csv,1.41057e+09,2.4278,0.000135728,0.860667,0.00083238,34.1714,3.40057,2.96407e-05,0.0232234,2,0.110018,0.000436309,3.373,0,6.35e-06,0.000289,8.31e-05,7.51e-06,0,6.93e-06,0.000470368,6.18e-05,2.89e-05,5.77e-06,2.54e-05,9.24e-06,9.47592e-05,4.04e-05,0.62366,0.00013415,0.962979,0.804832,9.94936e-05,1.1617e-05,0.000153098,0.000129478,166.139,0.0262647,-0.000885554,2.96708e-05,0.000171345,2.96766e-05,0.00380253,0.000255198,0.0111008,0.000255198,-6.48792e-06,1.09597e-06,0.0156929,0.0138688,0.0193618,0.0285569,0.0885768,1.04578,228,10,0.994524,0.993454,0.993454,0.993834,0.000127715,1.71719e-08,0.000123266,0.000176658,0.809825,0.969324,0.000135034,0.627094,-0,0,0,0,0,0.000132209,0.000230292,6.62096e-05,0.00013532,-0.00085193,3.53153e-09,0.000134168,2.7699e-09,0.00405341,2.49759e-07,0.0108025,5.50514e-07,0.000246525,0.00148559,1.04946e-05,1.66517e-07,4.19658e-09,3.94794e-06,0.000349172,0.000206313,1.0792e-07,0.000237766,3.40997,0.000129901,0.000153098,1.1617e-05,9.95718e-05,0.802711,-0.00711405,0.80231,0.000615793,0.000400894,0.00370652,0.967034,-0.00229065,0.967152,0.000102047,-0.000118885,5.88112e-05,0.000133555,-1.47932e-06,0.000192002,1.37556e-05,-5.84472e-05,1.48216e-06,0.624861,-0.00223322,0.624658,0.000231497,0.000202641,0.00139435
ERF_Log_File_20250512_2218.csv,ig_zn_diff,13,fmfpe,12,2,filled_square,2.4um_lp,ERF_OSA207_Spectra_20250512_2218.csv,1.43115e+09,2.56865,8.24216e-05,0.863364,0.000255432,32.4999,3.43804,3.14652e-05,0.0125549,2,0.105272,0.000527801,3.394,0,6.35e-06,0.000289,8.31e-05,7.51e-06,0,6.93e-06,0.000393297,6.18e-05,2.89e-05,5.77e-06,2.54e-05,9.24e-06,9.69352e-05,4.04e-05,0.618209,0.000221352,0.96186,0.788773,0.00022202,4.31675e-06,0.000345235,0.00028317,172.305,0.0617859,-0.000941592,5.39937e-05,0.000101392,5.3995e-05,0.00393555,0.000210624,0.011075,0.000210624,9.89271e-06,9.12491e-07,0.015446,0.00534614,0.0183331,0.0163907,0.20979,1.04492,228,10,0.995151,0.994479,0.994479,0.994616,0.000106344,2.21167e-08,9.61056e-05,0.000145224,0.793043,0.9672,0.000222581,0.621221,-0,0,0,0,0,0.000128599,0.000228817,6.38403e-05,0.000131803,-0.000858744,1.65481e-08,6.80038e-05,1.23604e-08,0.00396626,1.71996e-07,0.0113373,3.84735e-07,0.000231687,0.00153035,1.43739e-05,1.76814e-07,5.58959e-11,5.49029e-06,0,0,0,0,3.43221,0.000283534,0.000345235,4.31675e-06,0.000222088,0.793043,0,0.793255,0.000648809,-0.00021181,0.00481346,0.9672,0,0.967277,0.000110408,-7.74794e-05,5.92106e-05,0.000222581,0,0.000190496,1.35537e-05,3.2085e-05,1.87181e-08,0.621221,0,0.621224,0.000240021,-2.94366e-06,0.00183856
ERF_Log_File_20240916_1830.csv,ig_zn_diff,12,emfpe,3,0,filled_square,2.4um_lp,ERF_OSA207_Spectra_20240916_1829.csv,1.41057e+09,2.38144,0.000133879,0.864157,0.00117921,34.1723,3.44569,3.93946e-05,0.0226889,2,0.114477,0.0005187,3.416,0,6.35e-06,0.000289,8.31e-05,7.51e-06,0,6.93e-06,0.000476355,6.18e-05,2.89e-05,5.77e-06,2.54e-05,9.24e-06,9.73795e-05,4.04e-05,0.617446,0.000103586,0.963633,0.788509,0.000113099,1.07091e-05,0.000176196,0.000146723,161.273,0.029358,-0.000862481,3.37939e-05,9.61143e-05,3.37991e-05,0.00366644,0.000261575,0.0107251,0.000261574,3.45303e-05,1.12364e-06,0.0141209,0.0124135,0.0192236,0.0354622,0.0991169,1.04535,228,10,0.994518,0.993389,0.993389,0.993804,0.00012935,1.35629e-08,0.000126171,0.000175445,0.793425,0.970046,0.000104275,0.620849,0,0,0,0,0,0.00013268,0.000231505,6.82073e-05,0.000137478,-0.00085972,3.64814e-09,0.000138771,2.86115e-09,0.00403505,2.55225e-07,0.0107914,5.62575e-07,0.000249623,0.00148264,2.12988e-05,2.21155e-07,3.69586e-09,8.26901e-06,0.000348477,0.000209228,8.33378e-08,0.000240919,3.45522,0.000148259,0.000176196,1.07091e-05,0.000113401,0.786377,-0.0070484,0.781734,0.000666072,0.00464245,0.00573498,0.967702,-0.00234422,0.967407,0.000137014,0.000295135,5.9549e-05,0.000103133,-1.14236e-06,0.000191653,1.38594e-05,-8.85201e-05,9.95159e-07,0.61857,-0.002279,0.616787,0.000272455,0.00178321,0.00222654
ERF_Log_File_20240916_1903.csv,ig_zn_diff,12,emfpe,3,0,filled_square,2.4um_lp,ERF_OSA207_Spectra_20240916_1903.csv,1.41057e+09,2.3481,0.000140411,0.870292,0.00126239,34.171,3.4926,3.36414e-05,0.0221702,2,0.119745,0.000430864,3.46,0,6.35e-06,0.000289,8.31e-05,7.51e-06,0,6.93e-06,0.000482643,6.18e-05,2.89e-05,5.77e-06,2.54e-05,9.24e-06,0.000100104,4.04e-05,0.606112,9.54035e-05,0.963355,0.760205,0.000120419,9.18895e-06,0.000190119,0.000150795,157.256,0.0309049,-0.000908168,3.64669e-05,0.000121597,3.64725e-05,0.00436667,0.000281196,0.0105624,0.000281195,4.2923e-05,1.20764e-06,0.0215137,0.0104409,0.0183617,0.0220442,0.105708,1.03443,228,10,0.994512,0.993321,0.993321,0.993773,0.000129954,1.27853e-08,0.000129102,0.000171543,0.764968,0.969833,9.6045e-05,0.609457,-0,0,0,0,0,0.000131986,0.000232414,6.99496e-05,0.000138962,-0.000868623,3.71868e-09,0.000143086,2.91939e-09,0.00401613,2.62899e-07,0.0107832,5.79489e-07,0.000252927,0.00147993,2.17129e-05,1.87767e-07,4.78844e-09,8.76371e-06,0.00034237,0.000212082,7.676e-08,0.000242266,3.50226,0.000152345,0.000190119,9.18895e-06,0.000120736,0.758094,-0.00687415,0.753501,0.000621825,0.00459346,0.00693952,0.967435,-0.00239749,0.96767,0.000155545,-0.000235021,6.00112e-05,9.49928e-05,-1.05219e-06,0.000197966,1.39103e-05,-0.000102973,1.53041e-06,0.60715,-0.00230665,0.605613,0.000297934,0.00153734,0.00280092
ERF_Log_File_20250512_2252.csv,ig_zn_diff,13,fmfpe,12,2,filled_square,2.4um_lp,ERF_OSA207_Spectra_20250512_2251.csv,1.43115e+09,2.5074,0.00012456,0.88437,0.00166461,32.4998,3.52842,3.1697e-05,0.0128968,2,0.112771,0.000485384,3.483,0,6.35e-06,0.000289,8.31e-05,7.51e-06,0,6.93e-06,0.000403823,6.18e-05,2.89e-05,5.77e-06,2.54e-05,9.24e-06,9.75489e-05,4.04e-05,0.596153,0.000220311,0.961581,0.733933,0.000261349,3.3227e-06,0.000419376,0.000325567,164.288,0.0713474,-0.000816452,8.10715e-05,-0.000148467,8.10859e-05,0.00426857,0.000660141,0.0117182,0.00066014,-5.13747e-05,2.85988e-06,0.0543022,0.00405433,0.0317019,0.0664743,0.253557,0.978306,228,10,0.995141,0.994374,0.994374,0.994566,0.000107082,2.29792e-08,0.000100296,0.000138467,0.737943,0.967021,0.000221557,0.599064,-0,0,0,0,0,0.000126858,0.00023041,6.69556e-05,0.000134203,-0.000856858,1.5791e-08,5.94962e-05,1.17938e-08,0.00393043,1.67111e-07,0.0114795,3.73807e-07,0.000229088,0.00154099,2.15767e-05,1.76212e-07,3.34878e-09,8.8633e-06,0,0,0,0,3.52244,0.000326278,0.000419376,3.3227e-06,0.000261498,0.737943,0,0.74014,0.000562917,-0.00219689,0.00736119,0.967021,0,0.967782,0.000148981,-0.000761001,6.01172e-05,0.000221557,0,0.000200526,1.37064e-05,2.10311e-05,1.14248e-06,0.599064,0,0.600171,0.000283157,-0.00110706,0.00302384
ERF_Log_File_20250116_1536.csv,ig_zn_diff,12,emfpe,6,1,filled_square,3.6um_lp,ERF_OSA207_Spectra_20250116_1535.csv,1.4211e+09,2.36137,0.000140224,0.87877,0.00121106,34.1718,3.53229,6.97874e-05,0.0203022,2,0.114218,0.00112018,3.5,0,6.35e-06,0.000289,8.31e-05,7.51e-06,0,6.93e-06,0.000488897,6.18e-05,2.89e-05,5.77e-06,2.54e-05,9.24e-06,9.7142e-05,4.04e-05,0.593166,0.0001975,0.962607,0.731815,0.000130626,8.71156e-06,0.000211228,0.00016155,154.355,0.0337909,-0.000899048,3.93356e-05,0.000118561,3.93393e-05,0.0045557,0.000245174,0.0122687,0.000245173,6.24931e-05,1.06302e-06,0.0159705,0.00966738,0.0158721,0.0225059,0.114513,1.04485,228,10,0.994507,0.993263,0.993263,0.993747,0.000129654,2.69878e-08,0.000131538,0.000167103,0.73642,0.969136,0.00019884,0.596442,0,0,0,0,0,0.00013098,0.000233006,7.12643e-05,0.000139804,-0.000837971,3.6297e-09,0.000114822,2.48732e-09,0.00379792,4.09904e-07,0.0125407,4.78969e-07,0.000238198,0.00163386,4.84047e-05,3.87435e-07,6.15096e-09,1.9981e-05,0.000339777,0.00022424,1.81967e-07,0.00024771,3.52851,0.000168624,0.000211228,8.71156e-06,0.000132138,0.732285,-0.00413491,0.735967,0.000545073,-0.00368186,0.00751347,0.967395,-0.00174123,0.967816,0.00014704,-0.000421366,6.01385e-05,0.000195952,-2.88789e-06,0.000201117,1.36479e-05,-5.16561e-06,9.54764e-07,0.596567,0.000125121,0.598452,0.000278707,-0.00188509,0.00310149
ERF_Log_File_20250110_1411.csv,ig_zn_diff,12,emfpe,6,1,filled_square,none,ERF_OSA207_Spectra_20250110_1410.csv,1.42058e+09,2.70487,0.000225516,0.880811,0.00122152,34.1716,3.53231,3.62602e-05,0.0208399,2,0.116861,0.000551626,3.5,0,6.35e-06,0.000289,8.31e-05,7.51e-06,0,6.93e-06,0.000488899,6.18e-05,2.89e-05,5.77e-06,2.54e-05,9.24e-06,9.71405e-05,4.04e-05,0.594327,0.00018484,0.963752,0.732041,5.57042e-05,9.8213e-06,9.12861e-05,7.03866e-05,176.163,0.016101,-0.000839148,1.77258e-05,0.000131046,1.77402e-05,0.00369528,0.000295227,0.0125871,0.000295227,-1.29403e-05,1.27771e-06,0.0153177,0.012432,0.0303371,0.0274602,0.0545474,1.04584,228,10,0.994507,0.993263,0.993263,0.993747,0.000129908,2.52581e-08,0.000131695,0.000167155,0.736647,0.970289,0.000186094,0.59761,0,0,0,0,0,0.00012234,0.000228484,6.24422e-05,0.000128101,-0.000837969,3.63114e-09,0.000114829,2.48929e-09,0.00379788,4.09912e-07,0.0125407,4.78975e-07,0.000238199,0.00163386,2.51517e-05,2.01303e-07,3.19368e-09,1.03826e-05,0.000339885,0.000224509,1.70303e-07,0.000248197,3.52853,7.4732e-05,9.12863e-05,9.8213e-06,5.66588e-05,0.732511,-0.00413618,0.735953,0.000545015,-0.00344187,0.00751398,0.968546,-0.00174331,0.967816,0.000147033,0.000729207,6.01385e-05,0.000183391,-2.70277e-06,0.000201119,1.36477e-05,-1.77281e-05,9.54099e-07,0.597735,0.000125376,0.598447,0.000278692,-0.000711706,0.00310175
ERF_Log_File_20240916_1937.csv,ig_zn_diff,12,emfpe,3,0,filled_square,2.4um_lp,ERF_OSA207_Spectra_20240916_1937.csv,1.41057e+09,2.30407,0.000130692,0.880646,0.000494887,34.1716,3.54045,3.30696e-05,0.0216967,2,0.124875,0.000443206,3.505,0,6.35e-06,0.000289,8.31e-05,7.51e-06,0,6.93e-06,0.000490251,6.18e-05,2.89e-05,5.77e-06,2.54e-05,9.24e-06,9.62846e-05,4.04e-05,0.591964,0.00012959,0.963926,0.725051,8.32579e-05,1.06259e-05,0.000134606,0.000102747,152.28,0.0211739,-0.000866163,2.60077e-05,0.000142977,2.60125e-05,0.00403665,0.000215875,0.0107352,0.000215874,1.4953e-05,9.27236e-07,0.0135481,0.0116282,0.0135633,0.0216901,0.0714831,1.04569,228,10,0.994506,0.993251,0.993251,0.993741,0.0001299,1.77788e-08,0.000132243,0.000165961,0.729618,0.970476,0.000130471,0.595234,0,0,0,0,0,0.000131426,0.000233824,7.22354e-05,0.000141047,-0.000877997,3.81827e-09,0.000147197,3.00021e-09,0.00399721,2.72291e-07,0.0107787,6.00199e-07,0.000256298,0.00147759,2.4741e-05,1.82578e-07,5.86517e-11,1.03728e-05,0.000332764,0.000215211,1.04273e-07,0.000242487,3.55024,0.000105669,0.000134606,1.06259e-05,8.38968e-05,0.722985,-0.00663283,0.720328,0.000544437,0.00265644,0.00815425,0.968022,-0.00245385,0.967937,0.000142944,8.53748e-05,6.01749e-05,0.000129041,-1.42933e-06,0.000202162,1.40315e-05,-7.31205e-05,1.93307e-08,0.592912,-0.00232207,0.591944,0.000277214,0.000967808,0.00341873
ERF_Log_File_20250212_1721.csv,ig_zn_diff,12,emfpe,8,1,filled_square,2.4um_lp,ERF_OSA207_Spectra_20250212_1720.csv,1.42344e+09,2.51139,0.000128506,0.884165,0.00125553,34.1718,3.54736,0.000697671,0.0130378,2,0.102717,0.00579566,3.5,0,6.35e-06,0.000289,8.31e-05,7.51e-06,0,6.93e-06,0.000491034,6.18e-05,2.89e-05,5.77e-06,2.54e-05,9.24e-06,9.55596e-05,4.04e-05,0.589674,0.000239139,0.963561,0.721996,0.000137126,9.36622e-06,0.000223635,0.000168719,164.932,0.0381367,-0.000935044,4.23881e-05,2.59017e-05,4.23933e-05,0.00274672,0.000297847,0.0130576,0.000297847,-3.20054e-05,1.2847e-06,0.017004,0.0110998,0.0227812,0.0288553,0.129138,1.04581,228,10,0.994505,0.993241,0.993241,0.993736,0.000129826,3.29183e-08,0.000132638,0.0001656,0.726547,0.970118,0.000240766,0.592932,0,0,0,0,0,0.000125609,0.000230669,6.66942e-05,0.000133368,-0.000907165,1.69639e-08,6.93808e-05,1.48762e-08,0.00248479,3.84408e-07,0.0129665,4.10614e-07,0.000244136,0.00154513,0.000509284,3.85882e-06,2.24467e-08,0.000212575,0.000337216,0.000225527,2.20336e-07,0.000248169,3.54357,0.000535786,0.000223669,9.36624e-06,0.000252533,0.72247,-0.00407715,0.725262,0.000538138,-0.00279206,0.00794123,0.968367,-0.00175115,0.9679,0.000143935,0.000467247,6.01703e-05,0.00023727,-3.49682e-06,0.00020205,1.38592e-05,3.52197e-05,3.50011e-07,0.593064,0.000131555,0.594008,0.000275839,-0.000944704,0.00331467
ERF_Log_File_20240916_2011.csv,ig_zn_diff,12,emfpe,3,0,filled_square,2.4um_lp,ERF_OSA207_Spectra_20240916_2010.csv,1.41058e+09,2.22694,0.000122896,0.880296,0.000467175,34.1721,3.57871,3.36966e-05,0.0212746,2,0.129328,0.000433911,3.551,0,6.35e-06,0.000289,8.31e-05,7.51e-06,0,6.93e-06,0.000495094,6.18e-05,2.89e-05,5.77e-06,2.54e-05,9.24e-06,9.22658e-05,4.04e-05,0.579051,0.000110955,0.964393,0.693497,8.30693e-05,1.061e-05,0.000137781,9.97529e-05,146.151,0.0207446,-0.000906921,2.67112e-05,0.000128991,2.67168e-05,0.00379658,0.000236714,0.0107916,0.000236714,-9.90788e-06,1.0167e-06,0.0125477,0.0111424,0.0164262,0.0168119,0.0699653,1.04582,228,10,0.994501,0.993195,0.993195,0.993715,0.000129403,1.55068e-08,0.000134782,0.000160549,0.697883,0.971001,0.000111715,0.582253,0,0,0,0,0,0.000132133,0.000235687,7.52646e-05,0.000144343,-0.000885464,3.90795e-09,0.000149894,3.07315e-09,0.00398245,2.8064e-07,0.0107779,6.18595e-07,0.00025884,0.00147604,2.95202e-05,1.83792e-07,3.76984e-09,1.2622e-05,0.000323042,0.000217739,8.92838e-08,0.00024188,3.58861,0.000104017,0.000137781,1.061e-05,8.40192e-05,0.691481,-0.00640267,0.689301,0.000589878,0.00217953,0.00965155,0.968502,-0.00249891,0.968147,0.000137267,0.00035465,6.00904e-05,0.000110491,-1.22386e-06,0.000199583,1.50011e-05,-8.90916e-05,1.23254e-06,0.579927,-0.00232561,0.578793,0.000293851,0.0011342,0.00412673
ERF_Log_File_20250513_0731.csv,ig_zn_diff,13,fmfpe,12,2,filled_square,2.4um_lp,ERF_OSA207_Spectra_20250513_0731.csv,1.43118e+09,2.35944,0.000129384,0.890749,0.00571353,32.501,3.61191,3.40647e-05,0.0121031,2,0.122113,0.000512266,3.575,0,6.35e-06,0.000289,8.31e-05,7.51e-06,0,6.93e-06,0.00041317,6.18e-05,2.89e-05,5.77e-06,2.54e-05,9.24e-06,8.87791e-05,4.04e-05,0.567029,0.000221354,0.961293,0.663739,0.00042353,7.28847e-06,0.000718698,0.000495895,151.56,0.113176,-0.000879614,8.63737e-05,7.65711e-05,8.63745e-05,0.00435322,0.000267367,0.0118197,0.000267367,-0.000109989,1.15827e-06,0.00969214,0.00795345,0.039989,0.0168575,0.384133,1.04092,228,10,0.995131,0.994275,0.994275,0.994519,0.000105872,2.40062e-08,0.000104254,0.000128071,0.667397,0.966828,0.000222629,0.569803,-0,0,0,0,0,0.00012704,0.000233497,7.25785e-05,0.000139781,-0.000854839,1.55181e-08,5.54338e-05,1.15914e-08,0.00390798,1.66225e-07,0.0116204,3.71827e-07,0.000227568,0.00155284,3.21483e-05,1.84613e-07,3.96725e-09,1.38267e-05,0,0,0,0,3.60579,0.000496935,0.000718698,7.28847e-06,0.000423756,0.667397,0,0.673664,0.000642845,-0.00626722,0.010447,0.966828,0,0.968241,0.000144338,-0.00141242,5.99924e-05,0.000222629,0,0.000197579,1.52764e-05,2.50494e-05,1.28921e-06,0.569803,0,0.572087,0.000302383,-0.00228327,0.00449318
ERF_Log_File_20240916_2044.csv,ig_zn_diff,12,emfpe,3,0,filled_square,2.4um_lp,ERF_OSA207_Spectra_20240916_2044.csv,1.41058e+09,4.30536,0.000185871,0.880101,0.000732075,34.1713,3.61868,3.4805e-05,0.0211753,2,0.133361,0.000443403,3.598,0,6.35e-06,0.000289,8.31e-05,7.51e-06,0,6.93e-06,0.000500318,6.18e-05,2.89e-05,5.77e-06,2.54e-05,9.24e-06,8.80674e-05,4.04e-05,0.563277,0.000131445,0.964459,0.656587,7.46078e-05,1.3093e-05,0.00012601,8.67216e-05,140.831,0.0182744,-0.000882605,2.46418e-05,0.000150217,2.46485e-05,0.00416314,0.000245934,0.0111351,0.000245934,2.33481e-05,1.05611e-06,0.0155131,0.0132641,0.0146409,0.0158898,0.0620886,1.04361,228,10,0.994495,0.993136,0.993136,0.993688,0.000128258,1.87263e-08,0.000137401,0.000153806,0.660758,0.971125,0.000132353,0.566395,-0,0,0,0,0,0.000132486,0.000237414,7.81078e-05,0.000147303,-0.000893549,3.99922e-09,0.000152296,3.13028e-09,0.0039675,2.89949e-07,0.0107798,6.39125e-07,0.000261461,0.00147473,3.48045e-05,1.86849e-07,2.77889e-09,1.50989e-05,0.000310555,0.000220304,1.05778e-07,0.000240125,3.62869,9.34515e-05,0.00012601,1.3093e-05,7.61235e-05,0.654638,-0.00611971,0.651308,0.000714006,0.00332993,0.0111399,0.96858,-0.00254482,0.968364,0.00015548,0.000215934,5.98049e-05,0.000130904,-1.44996e-06,0.000195237,1.56428e-05,-6.43336e-05,8.89441e-07,0.564078,-0.00231734,0.562431,0.000308302,0.00164656,0.00483272
ERF_Log_File_20240916_2118.csv,ig_zn_diff,12,emfpe,3,0,filled_square,2.4um_lp,ERF_OSA207_Spectra_20240916_2118.csv,1.41058e+09,4.14202,0.000212743,0.879367,0.000547016,34.1717,3.66058,4.39093e-05,0.02088,2,0.13754,0.000490774,3.647,0,6.35e-06,0.000289,8.31e-05,7.51e-06,0,6.93e-06,0.000506347,6.18e-05,2.89e-05,5.77e-06,2.54e-05,9.24e-06,8.36667e-05,4.04e-05,0.544372,0.000141243,0.964434,0.614241,9.38906e-05,1.07023e-05,0.000164363,0.000106246,134.955,0.0228646,-0.000863109,3.20811e-05,0.00018857,3.20891e-05,0.00376377,0.000307253,0.0109566,0.000307252,5.94464e-06,1.31977e-06,0.0173278,0.0103834,0.0170236,0.0203043,0.07752,1.04484,228,10,0.994489,0.993073,0.993073,0.993659,0.00012637,2.05265e-08,0.000140159,0.000145664,0.618161,0.971161,0.000142228,0.547389,0,0,0,0,0,0.000133368,0.000239525,8.15087e-05,0.000150989,-0.00090217,4.08493e-09,0.000154648,3.19748e-09,0.00395235,3.00128e-07,0.0107847,6.61527e-07,0.000264205,0.0014737,4.28157e-05,2.31046e-07,4.76951e-09,1.90063e-05,0.000295138,0.000222993,1.1367e-07,0.000237039,3.6707,0.000114582,0.000164363,1.07023e-05,9.5807e-05,0.612379,-0.00578167,0.609245,0.000779002,0.0031343,0.0109884,0.968569,-0.00259261,0.968587,0.000175243,-1.87998e-05,5.92965e-05,0.00014067,-1.55814e-06,0.000195299,1.63932e-05,-5.46291e-05,1.22406e-06,0.545093,-0.00229537,0.543991,0.000330324,0.00110223,0.00487785
ERF_Log_File_20250513_0805.csv,ig_zn_diff,13,fmfpe,12,2,filled_square,2.4um_lp,ERF_OSA207_Spectra_20250513_0805.csv,1.43118e+09,4.03373,0.000187276,0.880877,0.00180392,32.502,3.69664,3.90877e-05,0.011679,2,0.12998,0.000548937,3.669,0,6.35e-06,0.000289,8.31e-05,7.51e-06,0,6.93e-06,0.000423265,6.18e-05,2.89e-05,5.77e-06,2.54e-05,9.24e-06,7.98782e-05,4.04e-05,0.53087,0.000257868,0.961636,0.582917,0.000320546,6.47703e-06,0.000579839,0.000351753,129.562,0.0780863,-0.000930784,8.47382e-05,0.000142875,8.47397e-05,0.00389373,0.000303813,0.0115902,0.000303812,-3.58852e-05,1.31643e-06,0.0179584,0.00602829,0.016344,0.0162122,0.264437,1.04577,228,10,0.995119,0.994173,0.994173,0.994471,0.000102976,2.90763e-08,0.000108431,0.00011506,0.586158,0.967272,0.000259379,0.533474,-0,0,0,0,0,0.000135266,0.000241167,8.49014e-05,0.000155127,-0.000853463,1.56538e-08,5.51459e-05,1.16914e-08,0.00389381,1.67147e-07,0.0117646,3.73886e-07,0.000227152,0.00156585,3.55411e-05,2.0351e-07,9.70699e-09,1.60351e-05,0,0,0,0,3.69037,0.000353553,0.000579839,6.47704e-06,0.00032095,0.586158,0,0.590654,0.000781793,-0.00449589,0.0103015,0.967272,0,0.96869,0.000184202,-0.0014181,5.89868e-05,0.000259379,0,0.000198754,1.67302e-05,6.0625e-05,2.81354e-06,0.533474,0,0.535675,0.000345216,-0.0022015,0.00464771
ERF_Log_File_20240916_2152.csv,ig_zn_diff,12,emfpe,3,0,filled_square,2.4um_lp,ERF_OSA207_Spectra_20240916_2152.csv,1.41058e+09,3.91876,0.000188677,0.87923,0.000472193,34.1722,3.70808,4.3129e-05,0.0209062,2,0.142147,0.000483223,3.697,0,6.35e-06,0.000289,8.31e-05,7.51e-06,0,6.93e-06,0.0005131,6.18e-05,2.89e-05,5.77e-06,2.54e-05,9.24e-06,7.86766e-05,4.04e-05,0.524003,0.00017907,0.964954,0.569404,0.000119577,1.12522e-05,0.00021942,0.000131225,127.088,0.0287445,-0.000889855,4.24053e-05,0.000139636,4.24135e-05,0.0036695,0.000360636,0.0108769,0.000360635,9.77324e-06,1.54905e-06,0.0141265,0.0102773,0.0207107,0.0230786,0.0973106,1.0455,228,10,0.994481,0.993002,0.993002,0.993627,0.000124286,2.6611e-08,0.000143398,0.000136914,0.573056,0.971754,0.000180332,0.526911,0,0,0,0,0,0.00013638,0.000242894,8.65542e-05,0.000157164,-0.000911782,4.1827e-09,0.000156818,3.28765e-09,0.0039359,3.11958e-07,0.0107937,6.87647e-07,0.00026715,0.00147296,3.32499e-05,2.21062e-07,2.15957e-08,1.54568e-05,0.000278436,0.000226192,1.44123e-07,0.000233682,3.71833,0.000135401,0.00021942,1.12522e-05,0.000120582,0.567637,-0.00541907,0.567104,0.000764801,0.000533467,0.0088005,0.969106,-0.00264816,0.968835,0.000186635,0.000271356,5.85102e-05,0.000178356,-1.97557e-06,0.000209084,1.66701e-05,-3.07276e-05,5.71589e-06,0.524641,-0.00227037,0.524895,0.000364034,-0.000253931,0.00409108
ERF_Log_File_20240917_0827.csv,ig_zn_diff,12,emfpe,3,0,filled_square,2.4um_lp,ERF_OSA207_Spectra_20240917_0827.csv,1.41062e+09,3.69853,0.000197708,0.875385,0.00158627,34.181,3.75677,4.08724e-05,0.020463,2,0.14708,0.000500894,3.748,0,6.35e-06,0.000289,8.31e-05,7.51e-06,0,6.93e-06,0.000519294,6.18e-05,2.89e-05,5.77e-06,2.54e-05,9.24e-06,7.35629e-05,4.04e-05,0.508826,0.000168432,0.96478,0.537314,6.32426e-05,1.26116e-05,0.00011301,6.81305e-05,119.844,0.0138402,-0.000883814,2.2379e-05,0.000186036,2.23958e-05,0.00463629,0.000360247,0.0100585,0.000360246,0.000182181,1.5466e-06,0.0214925,0.010913,0.0156071,0.0230201,0.0473621,1.03617,228,10,0.994474,0.992929,0.992929,0.993593,0.000123322,2.56017e-08,0.000146647,0.000131032,0.540779,0.971651,0.000169631,0.511653,0,0,0,0,0,0.000140794,0.000246407,9.1786e-05,0.000164116,-0.000921732,4.3085e-09,0.000158355,3.38327e-09,0.0039199,3.24153e-07,0.0108066,7.14522e-07,0.000270022,0.00147265,2.03563e-05,2.04661e-07,3.50063e-08,9.87135e-06,0.000267424,0.000229331,1.35571e-07,0.000232486,3.76716,7.11312e-05,0.00011301,1.26116e-05,6.40159e-05,0.535608,-0.00517109,0.535996,0.000695561,-0.00038853,0.00575998,0.968948,-0.00270303,0.969082,0.000163256,-0.000134558,5.79103e-05,0.000167773,-1.85835e-06,0.000243544,1.53286e-05,-7.57707e-05,9.90531e-06,0.509388,-0.0022652,0.510125,0.000413794,-0.00073685,0.00279318
ERF_Log_File_20250110_1444.csv,ig_zn_diff,12,emfpe,6,1,filled_square,none,ERF_OSA207_Spectra_20250110_1444.csv,1.42058e+09,4.248,0.000265239,0.880586,0.00133349,34.1714,3.77057,4.72586e-05,0.0180159,2,0.143959,0.000585854,3.75,0,6.35e-06,0.000289,8.31e-05,7.51e-06,0,6.93e-06,0.000521744,6.18e-05,2.89e-05,5.77e-06,2.54e-05,9.24e-06,7.21127e-05,4.04e-05,0.505949,0.000245882,0.964786,0.533201,6.79388e-05,1.00307e-05,0.000127785,7.20352e-05,134.561,0.0176511,-0.000791948,2.5137e-05,8.78468e-05,2.51468e-05,0.00262172,0.000294193,0.0131156,0.000294193,-2.90208e-05,1.27298e-06,0.0139583,0.00969843,0.0170076,0.0165426,0.0597874,1.04583,228,10,0.994471,0.992908,0.992908,0.993583,0.000123369,3.76127e-08,0.000147584,0.000130546,0.536645,0.971677,0.000247638,0.508762,-0,0,0,0,0,0.000128531,0.000239745,8.17473e-05,0.000149064,-0.00081502,4.90858e-09,0.000131904,3.36322e-09,0.00326237,5.08883e-07,0.0126253,5.94626e-07,0.000236731,0.00158876,2.371e-05,2.367e-07,4.03574e-08,1.14927e-05,0.000270818,0.000241905,2.26625e-07,0.000238311,3.76654,7.58368e-05,0.000127785,1.00308e-05,6.89058e-05,0.533658,-0.00298694,0.536308,0.000695571,-0.00264994,0.00580137,0.969804,-0.00187313,0.969079,0.000163482,0.000725051,5.7916e-05,0.000244042,-3.59663e-06,0.000243013,1.53201e-05,1.02829e-06,9.87468e-06,0.508968,0.000205906,0.510276,0.000412636,-0.00130816,0.00281205
ERF_Log_File_20250513_0838.csv,ig_zn_diff,13,fmfpe,12,2,filled_square,2.4um_lp,ERF_OSA207_Spectra_20250513_0838.csv,1.43118e+09,3.62636,0.00022222,0.880715,0.00188237,32.502,3.79262,4.13733e-05,0.0115514,2,0.137698,0.00058429,3.767,0,6.35e-06,0.000289,8.31e-05,7.51e-06,0,6.93e-06,0.000433732,6.18e-05,2.89e-05,5.77e-06,2.54e-05,9.24e-06,6.97969e-05,4.04e-05,0.502646,0.000291388,0.961073,0.523179,0.000375039,7.23179e-06,0.000716928,0.000390419,115.584,0.0861755,-0.000955427,9.95402e-05,-6.04538e-05,9.95416e-05,0.0038204,0.000339676,0.0117527,0.000339675,-4.81179e-05,1.47165e-06,0.011925,0.00600402,0.0193612,0.0138118,0.294493,1.0456,228,10,0.995106,0.994055,0.994055,0.994415,0.000101665,3.43084e-08,0.000113158,0.000105944,0.526117,0.966821,0.000293131,0.505118,-0,0,0,0,0,0.000144164,0.000248087,9.51689e-05,0.000168884,-0.000853544,1.61592e-08,5.92267e-05,1.20688e-08,0.00388579,1.68872e-07,0.0119219,3.77748e-07,0.000228193,0.00158077,1.58636e-05,2.05602e-07,3.75626e-08,7.77596e-06,0,0,0,0,3.78619,0.000390743,0.000716928,7.23189e-06,0.00037512,0.526117,0,0.527596,0.000761094,-0.00147822,0.00445678,0.966821,0,0.969177,0.000162112,-0.00235625,5.77627e-05,0.000293131,0,0.000260411,1.76853e-05,3.272e-05,1.0553e-05,0.505118,0,0.506029,0.000484211,-0.000910596,0.00218461
ERF_Log_File_20240917_0901.csv,ig_zn_diff,12,emfpe,3,0,filled_square,2.4um_lp,ERF_OSA207_Spectra_20240917_0901.csv,1.41062e+09,3.4779,0.000236383,0.882649,0.00184402,34.1717,3.80357,4.9454e-05,0.0210242,2,0.151559,0.000606136,3.8,0,6.35e-06,0.000289,8.31e-05,7.51e-06,0,6.93e-06,0.000525948,6.18e-05,2.89e-05,5.77e-06,2.54e-05,9.24e-06,6.86467e-05,4.04e-05,0.501434,0.00018232,0.964543,0.521673,0.000107036,1.14284e-05,0.000171793,9.57678e-05,112.2,0.0196188,-0.000968619,3.395e-05,0.000145949,3.39803e-05,0.00431354,0.000595454,0.00976044,0.000595453,-0.000117387,2.55685e-06,0.0473416,0.00926176,0.0243703,0.0256344,0.0662729,1.03478,228,10,0.994466,0.992857,0.992857,0.99356,0.000124031,2.83139e-08,0.000149792,0.00012894,0.525054,0.971482,0.000183632,0.504224,0,0,0,0,0,0.000147621,0.000250802,9.80392e-05,0.000173166,-0.000930924,4.44374e-09,0.000159192,3.48644e-09,0.00390534,3.35738e-07,0.0108224,7.40046e-07,0.000272529,0.00147277,1.08301e-05,2.43409e-07,4.44225e-08,5.35563e-06,0.000263516,0.000232353,1.4676e-07,0.000234463,3.81409,9.63807e-05,0.000171793,1.14285e-05,0.000107169,0.51998,-0.00507406,0.519282,0.000859385,0.000698628,0.00256425,0.968727,-0.00275543,0.969315,0.00016116,-0.000588078,5.7632e-05,0.00018162,-2.01172e-06,0.00028584,2.14138e-05,-0.00010422,1.05179e-05,0.501935,-0.00228967,0.501938,0.000588316,-3.53522e-06,0.00126805
ERF_Log_File_20240903_1146.csv,ig_zn_diff,12,emfpe,3,0,filled_square,3.6um_lp,ERF_OSA207_Spectra_20240903_1146.csv,1.40942e+09,4.04373,0.000169856,0.890684,0.00277721,34.1716,3.85114,5.33483e-05,0.0116651,2,0.122634,0.000902971,3.8,0,6.35e-06,0.000289,8.31e-05,7.51e-06,0,6.93e-06,0.000532745,6.18e-05,2.89e-05,5.77e-06,2.54e-05,9.24e-06,6.36492e-05,4.04e-05,0.497896,0.00038914,0.966126,0.515673,0.000218578,2.99982e-05,0.000421959,0.000227042,48.9085,0.0213017,-0.000871169,7.94873e-05,0.000120816,7.94965e-05,0.00539363,0.000542177,0.00979066,0.000542175,1.09159e-05,2.32827e-06,0.00963101,0.0105481,0.0107993,0.011716,0.0722569,1.04473,228,10,0.994458,0.992784,0.992784,0.993527,0.000125684,6.1749e-08,0.000153306,0.000129199,0.519033,0.973148,0.000391968,0.500671,0,0,0,0,0,0.000312876,0.000373147,0.00022491,0.000373683,-0.000939929,4.57814e-09,0.000159655,3.58665e-09,0.00389139,3.47174e-07,0.0108415,7.65242e-07,0.000274896,0.00147329,5.20561e-06,2.59358e-07,3.52011e-08,2.95014e-06,0.000264145,0.00023589,3.13265e-07,0.000238282,3.86179,0.0002271,0.000421959,2.99982e-05,0.000218597,0.513963,-0.00506938,0.512611,0.00095365,0.00135188,0.00115685,0.970334,-0.00281383,0.969548,0.000166333,0.000786219,5.76376e-05,0.000387674,-4.29409e-06,0.000324095,2.31649e-05,6.35795e-05,7.8228e-06,0.498339,-0.00233138,0.4985,0.000636735,-0.000160833,0.000655615
ERF_Log_File_20250212_1819.csv,ig_zn_diff,12,emfpe,8,1,filled_square,3.6um_lp,ERF_OSA207_Spectra_20250212_1818.csv,1.42345e+09,4.80903,0.000277424,0.883374,0.00201752,34.1721,3.85601,0.000818499,0.0137419,2,0.125943,0.00936531,3.8,0,6.35e-06,0.000289,8.31e-05,7.51e-06,0,6.93e-06,0.000533345,6.18e-05,2.89e-05,5.77e-06,2.54e-05,9.24e-06,6.31381e-05,4.04e-05,0.497312,0.00035158,0.965937,0.515632,0.000357626,2.47143e-05,0.000694057,0.00037161,58.4152,0.0419531,-0.00102617,0.000103587,0.000258086,0.000103589,0.00247001,0.000382115,0.0139458,0.000382114,5.67218e-05,1.64795e-06,0.00752216,0.0103742,0.00898633,0.0129859,0.141999,1.04577,228,10,0.994457,0.992777,0.992777,0.993523,0.000125795,5.59117e-08,0.000153613,0.000129368,0.518994,0.972965,0.000354138,0.500084,0,0,0,0,0,0.000264132,0.000333311,0.000188307,0.000314848,-0.000945408,2.30664e-08,0.00010444,2.02254e-08,0.002318,4.32962e-07,0.0130163,4.62479e-07,0.000262462,0.00153343,8.58523e-05,3.98775e-06,5.98776e-07,4.65489e-05,0.000268833,0.000248493,3.24087e-07,0.000244219,3.85189,0.000381147,0.000694068,2.47215e-05,0.00036049,0.516114,-0.00288,0.513605,0.000939385,0.0025083,0.00124035,0.971044,-0.00192038,0.9695,0.000164648,0.00154435,5.76131e-05,0.000348995,-5.1434e-06,0.000317191,2.32212e-05,3.18036e-05,8.65083e-06,0.500322,0.000238203,0.499051,0.000637086,0.00127129,0.000672517
ERF_Log_File_20240903_1220.csv,ig_zn_diff,12,emfpe,3,0,filled_square,3.6um_lp,ERF_OSA207_Spectra_20240903_1220.csv,1.40942e+09,2.24115,0.000113151,0.899441,0.00356036,34.1718,3.89074,5.38079e-05,0.0133033,2,0.128145,0.000866738,3.854,0,6.35e-06,0.000289,8.31e-05,7.51e-06,0,6.93e-06,0.000538304,6.18e-05,2.89e-05,5.77e-06,2.54e-05,9.24e-06,5.94896e-05,4.04e-05,0.49504,0.000257196,0.96475,0.509714,0.000189335,2.18486e-05,0.000367999,0.00019636,67.3767,0.0256298,-0.000918408,6.90293e-05,-3.34726e-05,6.90365e-05,0.0034641,0.000454558,0.0106806,0.000454557,4.1129e-05,1.95199e-06,0.00990183,0.0105975,0.0124497,0.0149107,0.0872762,1.04203,228,10,0.994451,0.992723,0.992723,0.993499,0.000127057,4.15435e-08,0.000155831,0.000129148,0.513049,0.971822,0.000259081,0.497802,0,0,0,0,0,0.000230878,0.00030759,0.000163261,0.000274797,-0.000947192,4.68411e-09,0.000159634,3.6745e-09,0.00388041,3.56335e-07,0.0108595,7.85425e-07,0.000276706,0.00147399,8.52074e-06,2.59913e-07,1.40896e-08,5.19475e-06,0.000264109,0.000238193,2.0706e-07,0.000241496,3.9015,0.000196541,0.000367999,2.18486e-05,0.000189404,0.507994,-0.00505489,0.508002,0.00103006,-7.83645e-06,0.00189671,0.968967,-0.0028545,0.969741,0.000183207,-0.000773116,5.78565e-05,0.000256243,-2.83829e-06,0.000342948,2.35613e-05,-8.67048e-05,3.13635e-06,0.495436,-0.00236588,0.495734,0.000671974,-0.000297662,0.00115635
ERF_Log_File_20240903_1254.csv,ig_zn_diff,12,emfpe,3,0,filled_square,3.6um_lp,ERF_OSA207_Spectra_20240903_1253.csv,1.40943e+09,2.55983,0.000108484,0.899214,0.00231828,34.1714,3.93559,6.02252e-05,0.0130555,2,0.138406,0.000916599,3.91,0,6.35e-06,0.000289,8.31e-05,7.51e-06,0,6.93e-06,0.000544479,6.18e-05,2.89e-05,5.77e-06,2.54e-05,9.24e-06,5.47785e-05,4.04e-05,0.489041,0.000318094,0.965356,0.49709,0.000145828,1.91287e-05,0.000287095,0.000149074,77.3905,0.0229316,-0.000920396,5.44818e-05,8.15794e-05,5.44889e-05,0.00430909,0.000391011,0.0112058,0.000391011,-6.10672e-06,1.67914e-06,0.00903398,0.0106385,0.0134942,0.012752,0.0776224,1.04558,228,10,0.994443,0.992654,0.992654,0.993467,0.000127862,5.24127e-08,0.000159063,0.000127551,0.500359,0.9725,0.000320448,0.491774,-0,0,0,0,0,0.000202794,0.000287527,0.000142136,0.000241119,-0.000954932,4.8088e-09,0.000159391,3.7744e-09,0.00386862,3.66199e-07,0.0108821,8.07164e-07,0.000278581,0.00147508,2.19186e-05,2.89956e-07,8.56913e-09,1.21217e-05,0.000260903,0.000241349,2.56105e-07,0.000243746,3.94647,0.000150661,0.000287095,1.91287e-05,0.000146326,0.495381,-0.00497832,0.496705,0.00115957,-0.00132405,0.00440943,0.969593,-0.0029068,0.969957,0.000229883,-0.00036419,5.83313e-05,0.000316937,-3.51057e-06,0.000349068,2.61704e-05,-3.21306e-05,1.72388e-06,0.489383,-0.00239073,0.489173,0.000804647,0.000209758,0.00243855
ERF_Log_File_20240903_1327.csv,ig_zn_diff,12,emfpe,3,0,filled_square,3.6um_lp,ERF_OSA207_Spectra_20240903_1327.csv,1.40943e+09,2.53895,0.000116026,0.902808,0.00317112,34.1717,3.9857,5.2375e-05,0.0124814,2,0.148277,0.000780811,3.966,0,6.35e-06,0.000289,8.31e-05,7.51e-06,0,6.93e-06,0.000550796,6.18e-05,2.89e-05,5.77e-06,2.54e-05,9.24e-06,4.95151e-05,4.04e-05,0.475462,0.000393374,0.965514,0.470815,0.000146495,1.60818e-05,0.000294354,0.000145762,76.4969,0.022946,-0.000932582,5.785e-05,0.000192992,5.78809e-05,0.00291581,0.000791847,0.0103681,0.000791844,-1.21504e-05,3.39978e-06,0.017639,0.00884482,0.0289218,0.0202051,0.0774949,1.04457,228,10,0.994434,0.992576,0.992576,0.993432,0.00012686,6.62569e-08,0.000162624,0.000122513,0.473928,0.972736,0.000396316,0.478123,0,0,0,0,0,0.000204063,0.000289083,0.000143797,0.000243286,-0.000963311,4.96244e-09,0.00015856,3.88544e-09,0.00385626,3.76563e-07,0.0109098,8.30013e-07,0.000280468,0.00147661,3.80482e-05,2.52433e-07,4.74304e-08,1.87758e-05,0.000250415,0.000244767,3.16739e-07,0.000242659,3.99672,0.000150622,0.000294354,1.60819e-05,0.00014769,0.46918,-0.00474814,0.469874,0.00127466,-0.000694159,0.00891359,0.969772,-0.00296356,0.970199,0.000260798,-0.000427303,5.91376e-05,0.000391975,-4.34172e-06,0.000371549,3.26813e-05,2.04251e-05,1.11116e-05,0.475741,-0.00238244,0.475281,0.000804226,0.000460157,0.00439862
ERF_Log_File_20250513_1351.csv,ig_zn_diff,13,fmfpe,12,2,filled_square,3.6um_lp,ERF_OSA207_Spectra_20250513_1351.csv,1.4312e+09,2.43835,0.000191662,0.875136,0.000950914,32.4997,3.98812,5.6631e-05,0.0100755,2,0.14212,0.000862696,3.971,0,6.35e-06,0.000289,8.31e-05,7.51e-06,0,6.93e-06,0.00045582,6.18e-05,2.89e-05,5.77e-06,2.54e-05,9.24e-06,4.92612e-05,4.04e-05,0.478488,0.000387732,0.967754,0.472148,0.000565137,5.79163e-06,0.00114323,0.000560753,72.6431,0.0857717,-0.000708861,0.000147009,1.02611e-05,0.00014701,0.00302373,0.000475624,0.0122998,0.000475623,1.83775e-05,2.06064e-06,0.00721511,0.00301617,0.0184423,0.0319124,0.298958,1.04423,228,10,0.995076,0.993811,0.993811,0.994299,0.000104927,4.97262e-08,0.000124113,0.000100663,0.474855,0.973781,0.000390147,0.480856,-0,0,0,0,0,0.000214121,0.000296592,0.000151425,0.000255475,-0.000860829,1.738e-08,7.98651e-05,1.29833e-08,0.00388471,1.70514e-07,0.0121983,3.81421e-07,0.000235174,0.0016083,3.40588e-05,2.72716e-07,3.26077e-08,1.73353e-05,0,0,0,0,3.98136,0.000561782,0.00114323,5.79172e-06,0.000565402,0.474855,0,0.480059,0.00124069,-0.00520363,0.00735097,0.973781,0,0.970125,0.000252278,0.00365541,5.88608e-05,0.000390147,0,0.00036028,3.04969e-05,2.98662e-05,7.03778e-06,0.480856,0,0.480381,0.000810751,0.000474362,0.00374151
ERF_Log_File_20240911_1819.csv,ig_zn_diff,12,emfpe,3,0,filled_square,3.6um_lp,ERF_OSA207_Spectra_20240911_1819.csv,1.41014e+09,2.35972,0.000183564,0.877022,0.000796051,34.1715,4.01132,6.01836e-05,0.00830494,2,0.149269,0.000900659,3.99,0,6.35e-06,0.000289,8.31e-05,7.51e-06,0,6.93e-06,0.000555339,6.18e-05,2.89e-05,5.77e-06,2.54e-05,9.24e-06,4.91814e-05,4.04e-05,0.46725,0.000349631,0.966193,0.454818,0.000141262,2.21709e-05,0.000289887,0.000139494,71.1264,0.0212602,-0.0010146,5.57705e-05,0.000109529,5.578e-05,0.00280243,0.000451833,0.0109114,0.000451832,9.112e-06,1.93679e-06,0.0106847,0.0113322,0.0127464,0.0160182,0.0719171,1.04568,228,10,0.994429,0.992536,0.992536,0.993413,0.000125949,5.9548e-08,0.000164559,0.000119196,0.457834,0.973459,0.00035226,0.469868,-0,0,0,0,0,0.00021784,0.00029943,0.000154654,0.000260258,-0.000967131,5.00876e-09,0.000157953,3.93528e-09,0.00385025,3.81526e-07,0.0109248,8.40972e-07,0.000281271,0.00147751,5.58507e-05,2.90755e-07,9.86634e-08,2.71606e-05,0.000243538,0.000246676,2.81529e-07,0.000241345,4.02241,0.00015023,0.000289887,2.21711e-05,0.000143848,0.453231,-0.00460304,0.448511,0.00129993,0.00471979,0.0114598,0.970465,-0.00299438,0.970323,0.000271405,0.000141232,5.96588e-05,0.000348401,-3.85908e-06,0.00040374,3.62777e-05,-5.53386e-05,2.02443e-05,0.467497,-0.00237045,0.464886,0.000827354,0.00261157,0.00557296
ERF_Log_File_20240911_2116.csv,ig_zn_diff,12,emfpe,3,0,filled_square,3.6um_lp,ERF_OSA207_Spectra_20240911_2115.csv,1.41015e+09,2.29541,0.000170057,0.875971,0.00138066,34.1714,4.02117,7.92872e-05,0.00861768,2,0.150309,0.000966858,3.999,0,6.35e-06,0.000289,8.31e-05,7.51e-06,0,6.93e-06,0.000556605,6.18e-05,2.89e-05,5.77e-06,2.54e-05,9.24e-06,5.01981e-05,4.04e-05,0.462759,0.000373488,0.966277,0.446841,0.000210838,2.25006e-05,0.000439713,0.000204824,69.0183,0.0313263,-0.000825832,8.1189e-05,5.63315e-05,8.11962e-05,0.0040143,0.000494633,0.00978581,0.000494631,-7.03711e-06,2.12166e-06,0.00918249,0.0111696,0.015058,0.0142962,0.106034,1.04378,228,10,0.994428,0.992521,0.992521,0.993406,0.000125226,6.38835e-08,0.000165277,0.000117426,0.449807,0.973558,0.000376302,0.465352,-0,0,0,0,0,0.000223851,0.000304014,0.000159378,0.000267649,-0.00096864,5.04609e-09,0.000157701,3.96221e-09,0.00384799,3.83391e-07,0.0109307,8.45063e-07,0.000281585,0.00147787,7.85839e-05,3.83515e-07,1.57037e-07,3.86648e-05,0.000239883,0.000247366,3.00744e-07,0.000240124,4.03229,0.000219351,0.000439713,2.25011e-05,0.000214354,0.445279,-0.00452842,0.439027,0.00127219,0.00625133,0.0122693,0.970553,-0.00300567,0.970371,0.000270918,0.000181536,5.98783e-05,0.00037218,-4.12247e-06,0.000421573,3.7544e-05,-4.93931e-05,2.45182e-05,0.462993,-0.00235877,0.46025,0.000881738,0.00274303,0.00603674
ERF_Log_File_20250212_1904.csv,ig_zn_diff,12,emfpe,8,1,filled_square,3.6um_lp,ERF_OSA207_Spectra_20250212_1904.csv,1.42345e+09,4.88666,0.000323082,0.883728,0.00194451,34.1712,4.06529,5.82474e-05,0.0114521,2,0.119193,0.000917884,4,0,6.35e-06,0.000289,8.31e-05,7.51e-06,0,6.93e-06,0.000562297,6.18e-05,2.89e-05,5.77e-06,2.54e-05,9.24e-06,5.47523e-05,4.04e-05,0.439283,0.000571939,0.965784,0.404247,0.000221479,2.68173e-05,0.000486422,0.000219806,58.1511,0.0292366,-0.000801158,8.81022e-05,9.41725e-05,8.81084e-05,0.00229634,0.000490167,0.0127712,0.000490167,7.78025e-05,2.11449e-06,0.00690555,0.0112188,0.0117146,0.0352829,0.100463,1.04343,228,10,0.994419,0.992452,0.992452,0.993375,0.000120947,9.97006e-08,0.000168356,0.000107535,0.406943,0.973129,0.000576289,0.441748,-0,0,0,0,0,0.00026247,0.000334189,0.000189162,0.000314762,-0.000954515,2.67677e-08,0.00012468,2.34721e-08,0.00210102,4.70695e-07,0.0130292,5.02784e-07,0.000269799,0.00151302,6.57621e-05,2.83011e-07,1.80385e-07,3.46618e-05,0.000223753,0.000264131,5.27387e-07,0.000238008,4.06094,0.000229452,0.000486422,2.68179e-05,0.000224189,0.404701,-0.00224213,0.408488,0.00119313,-0.00378739,0.0140755,0.971101,-0.00202838,0.97051,0.000269484,0.000590879,6.05747e-05,0.000567919,-8.36986e-06,0.00049427,4.11448e-05,7.36485e-05,3.86091e-05,0.442038,0.000289227,0.444743,0.00104155,-0.00270577,0.0074189
ERF_Log_File_20250515_1007.csv,ig_zn_diff,13,fmfpe,12,2,filled_square,3.6um_lp,ERF_OSA207_Spectra_20250515_1007.csv,1.43136e+09,3.96762,0.000535477,0.887593,0.00452948,32.4994,4.0888,7.73118e-05,0.0108294,2,0.117649,0.00109092,4.027,0,6.35e-06,0.000289,8.31e-05,7.51e-06,0,6.93e-06,0.000467601,6.18e-05,2.89e-05,5.77e-06,2.54e-05,9.24e-06,5.71791e-05,4.04e-05,0.425631,0.00055606,0.963699,0.376552,0.000543825,8.82778e-06,0.00123063,0.000483077,46.2379,0.059011,-0.000611118,0.000188783,-0.000255084,0.000188788,0.00554101,0.000718636,0.0122194,0.000718635,-1.48651e-05,3.11361e-06,0.00778469,0.00293343,0.0142286,0.0170139,0.201134,1.03863,228,10,0.99506,0.993682,0.993682,0.994238,9.70926e-05,7.44226e-08,0.000128981,8.24099e-05,0.378734,0.969826,0.000559596,0.427744,-0,0,0,0,0,0.000327541,0.000387545,0.0002379,0.000393204,-0.000868583,1.77283e-08,9.54042e-05,1.32422e-08,0.00388694,1.69223e-07,0.0123106,3.78529e-07,0.000240997,0.00161976,9.18847e-05,3.77191e-07,2.88337e-07,5.22079e-05,0,0,0,0,4.08187,0.000491746,0.00123063,8.83252e-06,0.000546328,0.378734,0,0.384176,0.00113384,-0.00544218,0.0148934,0.969826,0,0.970612,0.000268665,-0.000785436,6.11383e-05,0.000559596,0,0.000566143,4.37487e-05,-6.54725e-06,4.6736e-05,0.427744,0,0.431452,0.00115183,-0.00370804,0.00846229
ERF_Log_File_20250110_1518.csv,ig_zn_diff,12,emfpe,6,1,filled_square,none,ERF_OSA207_Spectra_20250110_1517.csv,1.42058e+09,5.11263,0.000485526,0.898698,0.00595988,34.1715,4.09134,6.19744e-05,0.0127075,2,0.117593,0.000916295,4,0,6.35e-06,0.000289,8.31e-05,7.51e-06,0,6.93e-06,0.000565679,6.18e-05,2.89e-05,5.77e-06,2.54e-05,9.24e-06,5.74414e-05,4.04e-05,0.423248,0.000482674,0.964661,0.375712,0.000119662,2.61016e-05,0.000271498,0.000119642,60.4357,0.0167985,-0.000809849,5.34926e-05,0.000198215,5.35183e-05,0.00215902,0.00069101,0.0124242,0.000691008,2.89497e-05,2.99139e-06,0.00929352,0.0113357,0.0185165,0.0253962,0.0569407,1.04576,228,10,0.994415,0.992411,0.992411,0.993356,0.000117712,8.50796e-08,0.000170038,0.000100661,0.378225,0.972038,0.000486365,0.425625,-0,0,0,0,0,0.000252259,0.00032656,0.000182012,0.000302877,-0.000822009,7.10163e-09,0.000131781,4.86467e-09,0.00283323,6.98138e-07,0.0127853,8.15769e-07,0.000238447,0.00156186,7.42396e-05,3.02697e-07,2.38511e-07,4.30747e-05,0.000209463,0.000265795,4.45094e-07,0.00023205,4.08696,0.000140844,0.000271498,2.61027e-05,0.000127211,0.376143,-0.0020821,0.378095,0.00110444,-0.00195214,0.0150301,0.969998,-0.0020393,0.970637,0.000269959,-0.000638177,6.12824e-05,0.000479301,-7.06383e-06,0.00058545,4.43732e-05,-0.000106149,4.82875e-05,0.425913,0.000288233,0.427963,0.00113898,-0.00204933,0.00872065
ERF_Log_File_20250513_2348.csv,ig_zn_diff,13,fmfpe,12,2,filled_square,3.6um_lp,ERF_OSA207_Spectra_20250513_2347.csv,1.43124e+09,3.88481,0.000314848,0.888094,0.00346822,32.5001,4.12466,6.34684e-05,0.012745,2,0.107255,0.00135768,4.077,0,6.35e-06,0.000289,8.31e-05,7.51e-06,0,6.93e-06,0.000471478,6.18e-05,2.89e-05,5.77e-06,2.54e-05,9.24e-06,6.08806e-05,4.04e-05,0.403136,0.000692646,0.963313,0.337368,0.000188481,8.20497e-06,0.000447314,0.000161428,45.9047,0.0212395,-0.000692735,8.62136e-05,0.000345597,8.62286e-05,0.002528,0.000689836,0.0118603,0.000689835,2.66692e-05,2.98869e-06,0.00882669,0.00270483,0.0123832,0.0136476,0.0716238,1.04554,228,10,0.995054,0.993636,0.993636,0.994217,9.32309e-05,9.41023e-08,0.000130875,7.45204e-05,0.33933,0.969483,0.000697082,0.40514,-0,0,0,0,0,0.000329262,0.000389472,0.000239627,0.000395603,-0.00087196,1.77783e-08,0.00010152,1.32789e-08,0.00388761,1.6834e-07,0.0123453,3.76554e-07,0.00024337,0.00162329,7.72133e-05,3.12328e-07,2.71468e-07,5.10235e-05,0,0,0,0,4.11767,0.000178981,0.000447314,8.20948e-06,0.000195267,0.33933,0,0.34088,0.000920274,-0.0015495,0.0153789,0.969483,0,0.970787,0.000278053,-0.00130439,6.22076e-05,0.000697082,0,0.00071147,4.82335e-05,-1.43874e-05,5.40693e-05,0.40514,0,0.404845,0.00104669,0.000294426,0.0101625
ERF_Log_File_20240903_1401.csv,ig_zn_diff,12,emfpe,3,0,filled_square,3.6um_lp,ERF_OSA207_Spectra_20240903_1401.csv,1.40943e+09,5.43927,0.000267967,0.913001,0.00891102,34.171,4.12557,6.37964e-05,0.0149665,2,0.117115,0.000974485,4.025,0,6.35e-06,0.000289,8.31e-05,7.51e-06,0,6.93e-06,0.000570154,6.18e-05,2.89e-05,5.77e-06,2.54e-05,9.24e-06,6.09742e-05,4.04e-05,0.391706,0.000723017,0.965799,0.321884,0.000108889,2.67168e-05,0.000266393,9.26293e-05,66.202,0.0179279,-0.00102081,5.23747e-05,1.57399e-05,5.24082e-05,0.00297662,0.000783488,0.0108575,0.000783486,5.11019e-05,3.36287e-06,0.0123347,0.0127489,0.0229188,0.0144182,0.0601405,1.03933,228,10,0.994408,0.992357,0.992357,0.993332,0.000110374,1.29304e-07,0.000172722,8.70492e-05,0.324045,0.973237,0.000728586,0.393909,-0,0,0,0,0,0.000229848,0.000310619,0.000166158,0.000276622,-0.000982937,5.27545e-09,0.000153934,4.1415e-09,0.00382565,4.01035e-07,0.0109975,8.83963e-07,0.000284218,0.00148232,7.67235e-05,3.15646e-07,2.74483e-07,5.37479e-05,0.000177506,0.000254372,5.82292e-07,0.000213217,4.13698,0.000120339,0.000266393,2.67182e-05,0.000121425,0.320736,-0.00330852,0.31749,0.000805957,0.00324658,0.015274,0.970117,-0.00312069,0.970882,0.000282909,-0.000765705,6.28385e-05,0.000720604,-7.9818e-06,0.000794626,5.07495e-05,-7.40219e-05,5.46437e-05,0.391813,-0.00209604,0.388905,0.000989354,0.00290734,0.0107001
ERF_Log_File_20240903_1435.csv,ig_zn_diff,12,emfpe,3,0,filled_square,3.6um_lp,ERF_OSA207_Spectra_20240903_1434.csv,1.40943e+09,3.86821,0.000209973,0.891164,0.00303073,34.1713,4.15572,0.000156633,0.0196602,2,0.119499,0.00158682,4.085,0,6.35e-06,0.000289,8.31e-05,7.51e-06,0,6.93e-06,0.000574132,6.18e-05,2.89e-05,5.77e-06,2.54e-05,9.24e-06,6.40859e-05,4.04e-05,0.367833,0.00109131,0.967323,0.28697,0.000215743,3.42236e-05,0.000568461,0.000173071,48.2494,0.0281103,-0.000963861,0.00011,7.78578e-05,0.000110025,0.00133463,0.00101424,0.0117571,0.00101424,0.000101539,4.36916e-06,0.0088233,0.0119038,0.0237396,0.0158851,0.0957949,1.03885,228,10,0.994402,0.992309,0.992309,0.99331,0.000104833,1.97655e-07,0.000175198,7.82454e-05,0.288903,0.97482,0.00109977,0.369904,-0,0,0,0,0,0.000312786,0.000376746,0.000227982,0.000376114,-0.000986861,5.34071e-09,0.00015256,4.18407e-09,0.00381967,4.0545e-07,0.011018,8.93694e-07,0.000284855,0.00148377,0.000179243,7.8236e-07,6.22832e-07,0.000133434,0.000159464,0.000256849,8.78944e-07,0.000202954,4.16721,0.000249281,0.000568462,3.42293e-05,0.00025361,0.285941,-0.00296153,0.281899,0.000703947,0.00404208,0.0146401,0.971661,-0.00315918,0.971033,0.000295647,0.000628416,6.39009e-05,0.00108772,-1.20482e-05,0.0009209,6.79411e-05,0.00016682,5.08711e-05,0.367909,-0.00199522,0.363134,0.000932698,0.00477438,0.0108985
ERF_Log_File_20250515_0933.csv,ig_zn_diff,13,fmfpe,12,2,filled_square,3.6um_lp,ERF_OSA207_Spectra_20250515_0933.csv,1.43136e+09,5.1979,0.000661787,0.877415,0.00766517,32.5003,4.1683,0.000131983,0.0164299,2,0.109597,0.00167039,4.153,0,6.35e-06,0.000289,8.31e-05,7.51e-06,0,6.93e-06,0.0004767,6.18e-05,2.89e-05,5.77e-06,2.54e-05,9.24e-06,6.53844e-05,4.04e-05,0.373904,0.000739611,0.973174,0.290041,0.000917307,1.48742e-05,0.00238165,0.000710608,31.263,0.0764853,-0.000816632,0.000330227,0.00032132,0.000330232,0.00454315,0.0011378,0.0121145,0.0011378,0.000272867,4.9289e-06,0.0150116,0.00332023,0.0134653,0.00869449,0.264886,1.04405,228,10,0.995046,0.99358,0.99358,0.99419,8.79053e-05,1.02314e-07,0.000134624,6.47885e-05,0.291736,0.979462,0.00074439,0.375766,-0,0,0,0,0,0.000481061,0.000525401,0.000351854,0.000577809,-0.00087641,1.77814e-08,0.000109269,1.32812e-08,0.00388818,1.66965e-07,0.0123838,3.73478e-07,0.00024642,0.00162719,0.000153009,6.57939e-07,5.37869e-07,0.000112824,0,0,0,0,4.16123,0.000726923,0.00238165,1.48839e-05,0.000924209,0.291736,0,0.288787,0.000716484,0.00294883,0.0148102,0.979462,0,0.971003,0.000292613,0.00845923,6.36837e-05,0.00074439,0,0.000896815,6.32315e-05,-0.000152425,5.20617e-05,0.375766,0,0.368238,0.000940643,0.00752778,0.0109205
ERF_Log_File_20240911_1928.csv,ig_zn_diff,12,emfpe,3,0,filled_square,3.6um_lp,ERF_OSA207_Spectra_20240911_1927.csv,1.41014e+09,5.21602,0.000448226,0.862005,0.00341895,34.1712,4.19905,0.00103046,0.00815886,2,0.194201,0.00601581,4.18,0,6.35e-06,0.000289,8.31e-05,7.51e-06,0,6.93e-06,0.000581242,6.18e-05,2.89e-05,5.77e-06,2.54e-05,9.24e-06,6.85585e-05,4.04e-05,0.299177,0.00203119,0.966805,0.198583,0.000175327,5.13561e-05,0.000562302,0.000129248,34.844,0.0200791,-0.000734826,0.000110482,0.000217648,0.000110526,0.00353104,0.00130667,0.0114591,0.00130666,-7.78725e-05,5.6048e-06,0.00844865,0.0129449,0.0166942,0.0154884,0.0683171,1.03117,228,10,0.994394,0.99224,0.99224,0.993279,8.66528e-05,3.74577e-07,0.000178291,5.47833e-05,0.199927,0.974366,0.00204708,0.300864,-0,0,0,0,0,0.000431149,0.000480169,0.000315693,0.00051805,-0.000991628,5.4132e-09,0.000150557,4.24712e-09,0.00381141,4.11294e-07,0.011048,9.06541e-07,0.000285546,0.00148594,0.00102219,5.22802e-06,2.94363e-06,0.000791406,0.000111553,0.000259702,1.63604e-06,0.000168283,4.21066,0.00102934,0.000562326,5.14391e-05,0.000808433,0.197866,-0.00206115,0.235278,0.000610836,-0.0374124,0.012823,0.97116,-0.00320558,0.971251,0.00031724,-9.09386e-05,6.55836e-05,0.00202465,-2.24261e-05,0.00107077,0.000102071,0.000953878,3.69267e-05,0.299209,-0.00165425,0.327624,0.000873952,-0.0284146,0.00992789
ERF_Log_File_20240903_1508.csv,ig_zn_diff,12,emfpe,3,0,filled_square,3.6um_lp,ERF_OSA207_Spectra_20240903_1508.csv,1.40943e+09,5.08801,0.000411265,0.878008,0.00910016,34.172,4.20906,0.000596077,0.0153547,2,0.188958,0.00260169,4.146,0,6.35e-06,0.000289,8.31e-05,7.51e-06,0,6.93e-06,0.000582582,6.18e-05,2.89e-05,5.77e-06,2.54e-05,9.24e-06,6.95916e-05,4.04e-05,0.306371,0.00177463,0.968514,0.208287,0.000174098,3.79689e-05,0.000537966,0.000137406,33.4443,0.0183614,-0.000847573,0.00010603,4.98234e-05,0.000106092,0.00358229,0.00151399,0.0152771,0.00151399,-0.000138543,6.49367e-06,0.0118251,0.00920683,0.0176459,0.0177398,0.0629222,1.02579,228,10,0.994392,0.992224,0.992224,0.993272,8.90641e-05,3.28619e-07,0.000179345,5.76153e-05,0.209698,0.976104,0.00178854,0.308099,0,0,0,0,0,0.000449203,0.000496547,0.000328905,0.00053968,-0.000992749,5.41586e-09,0.000150071,4.24712e-09,0.00380954,4.12558e-07,0.011055,9.0937e-07,0.000285705,0.00148646,0.000571268,3.03606e-06,1.61141e-06,0.000445691,0.000117296,0.000260855,1.42941e-06,0.000173092,4.2207,0.000586714,0.000537974,3.80024e-05,0.000477141,0.207533,-0.00216472,0.225495,0.000595122,-0.0179614,0.0124182,0.972882,-0.00322236,0.971302,0.00031653,0.00157936,6.59979e-05,0.00176894,-1.95938e-05,0.00109856,0.00010622,0.000670383,3.50289e-05,0.306397,-0.00170146,0.320022,0.000870327,-0.0136244,0.00968845
ERF_Log_File_20250515_1047.csv,ig_zn_diff,13,fmfpe,12,2,filled_square,3.6um_lp,ERF_OSA207_Spectra_20250515_1047.csv,1.43136e+09,3.56405,0.000532418,0.91984,0.0169519,32.5005,4.3063,0.000236801,0.00959455,2,0.182899,0.000979869,4.238,0,6.35e-06,0.000289,8.31e-05,7.51e-06,0,6.93e-06,0.000492772,6.18e-05,2.89e-05,5.77e-06,2.54e-05,9.24e-06,7.96291e-05,4.04e-05,0.270639,0.00126225,0.965233,0.162024,0.0010617,1.59995e-05,0.00378459,0.0006641,22.9127,0.0898184,-0.000916298,0.000479755,-0.000325423,0.000479761,0.00381616,0.00153476,0.0117181,0.00153476,0.00033821,6.65012e-06,0.00688334,0.0025075,0.0128171,0.0317783,0.304505,1.04447,228,10,0.995022,0.993401,0.993401,0.994106,6.69162e-05,1.84683e-07,0.000141226,3.74849e-05,0.162985,0.971645,0.00127063,0.271993,-0,0,0,0,0,0.000654947,0.000688238,0.000480083,0.000786378,-0.000893016,1.73957e-08,0.000135315,1.29933e-08,0.00388699,1.60508e-07,0.012479,3.59038e-07,0.000257083,0.0016366,0.000204358,1.24787e-06,1.23821e-06,0.0001775,0,0,0,0,4.299,0.000694786,0.00378459,1.60471e-05,0.00107646,0.162985,0,0.156077,0.000550691,0.00690779,0.0113897,0.971645,0,0.971708,0.000291967,-6.30553e-05,6.95492e-05,0.00127063,0,0.00136692,0.000133444,-9.62802e-05,6.9011e-05,0.271993,0,0.263217,0.000993213,0.008776,0.00989285
ERF_Log_File_20250212_1938.csv,ig_zn_diff,12,emfpe,8,1,filled_square,3.6um_lp,ERF_OSA207_Spectra_20250212_1937.csv,1.42345e+09,4.13825,0.000437139,0.871913,0.00216927,34.171,4.3202,0.000129626,0.011284,2,0.173527,0.000860317,4.25,0,6.35e-06,0.000289,8.31e-05,7.51e-06,0,6.93e-06,0.000597699,6.18e-05,2.89e-05,5.77e-06,2.54e-05,9.24e-06,8.10642e-05,4.04e-05,0.254743,0.00168836,0.967168,0.146905,0.00040595,6.66205e-05,0.00153737,0.000243089,26.8209,0.0426022,-0.000800627,0.000258261,0.000280448,0.000258271,0.000513129,0.00115424,0.0127478,0.00115424,-3.222e-05,4.98388e-06,0.0062592,0.0128285,0.0113064,0.0131279,0.144297,1.04587,228,10,0.99437,0.992047,0.992047,0.993192,7.70797e-05,3.2714e-07,0.0001874,4.18568e-05,0.147912,0.974922,0.0017019,0.256185,-0,0,0,0,0,0.000559543,0.000598374,0.000410128,0.000671935,-0.000950501,2.90454e-08,0.000136166,2.54721e-08,0.00181669,5.22797e-07,0.0130299,5.58439e-07,0.000271667,0.00148466,0.000111486,6.88516e-07,8.51433e-07,9.91949e-05,8.70648e-05,0.000284009,1.55748e-06,0.000154366,4.31558,0.00026744,0.00153737,6.6626e-05,0.000417961,0.147104,-0.00080824,0.141751,0.000584869,0.00535289,0.0113948,0.972762,-0.00215979,0.971796,0.000289741,0.0009661,7.03719e-05,0.00167718,-2.47179e-05,0.00146427,0.000146254,0.000212909,8.70234e-05,0.25641,0.00022456,0.250616,0.00110218,0.00579437,0.0101385
ERF_Log_File_20240903_1112.csv,ig_zn_diff,12,emfpe,3,0,filled_square,3.6um_lp,ERF_OSA207_Spectra_20240903_1112.csv,1.40942e+09,3.28208,0.000237174,0.916534,0.0137704,34.1724,4.33131,0.00117125,0.011841,2,0.180332,0.00758887,4.21,0,6.35e-06,0.000289,8.31e-05,7.51e-06,0,6.93e-06,0.000599231,6.18e-05,2.89e-05,5.77e-06,2.54e-05,9.24e-06,8.22105e-05,4.04e-05,0.224895,0.00241051,0.967519,0.113633,8.95624e-05,3.33411e-05,0.000438524,6.31581e-05,42.1514,0.0162445,-0.00102923,7.52209e-05,-0.000203844,7.5357e-05,0.00125109,0.00186811,0.0164494,0.00186811,0.00017243,8.01403e-06,0.00659198,0.0100969,0.0703016,0.0137699,0.05505,1.04567,228,10,0.994367,0.992029,0.992029,0.993184,6.83151e-05,4.69156e-07,0.000188308,3.24715e-05,0.114413,0.975293,0.00242988,0.226169,0,0,0,0,0,0.000356121,0.00041466,0.000260964,0.000428032,-0.00100371,5.52667e-09,0.000143218,4.34609e-09,0.00378789,4.2583e-07,0.0111425,9.38609e-07,0.000286732,0.00149304,0.000925233,6.30696e-06,1.10099e-05,0.000846259,6.59335e-05,0.000269094,1.94198e-06,0.000133954,4.34329,0.000929882,0.000438569,3.51189e-05,0.000855843,0.113213,-0.00119983,0.118699,0.000642267,-0.00548609,0.0105332,0.971939,-0.00335405,0.971944,0.000286127,-4.81892e-06,7.18005e-05,0.00240326,-2.66198e-05,0.00168376,0.000167588,0.000719494,0.000125341,0.224854,-0.00131545,0.2298,0.00128429,-0.00494685,0.00963408
ERF_Log_File_20250110_1551.csv,ig_zn_diff,12,emfpe,6,1,filled_square,none,ERF_OSA207_Spectra_20250110_1551.csv,1.42059e+09,2.82049,0.000443438,0.853346,0.00988059,34.1714,4.36383,6.91999e-05,0.014133,2,0.132219,0.00114278,4.25,0,6.35e-06,0.000289,8.31e-05,7.51e-06,0,6.93e-06,0.000603742,6.18e-05,2.89e-05,5.77e-06,2.54e-05,9.24e-06,8.55675e-05,4.04e-05,0.220122,0.00202049,0.969962,0.10665,0.000123229,6.06931e-05,0.000527758,8.08081e-05,34.5895,0.0185824,-0.000615016,0.000103949,0.000168388,0.00010402,0.00221347,0.00158131,0.0110842,0.0015813,-0.000317988,6.84436e-06,0.00950966,0.0152475,0.0174975,0.0142959,0.0635513,1.02201,228,10,0.994361,0.991976,0.991976,0.99316,6.76287e-05,3.98396e-07,0.000191255,3.07375e-05,0.107385,0.977808,0.00203683,0.22137,-0,0,0,0,0,0.000433846,0.000483317,0.000318016,0.000521175,-0.000860207,8.41636e-09,0.000120663,5.76458e-09,0.00276348,7.92585e-07,0.0129093,9.26127e-07,0.000245218,0.00156728,4.9387e-05,3.75658e-07,7.89651e-07,4.56651e-05,6.39209e-05,0.000288209,1.864e-06,0.000135849,4.35916,9.4719e-05,0.000527758,6.06983e-05,0.000131485,0.106799,-0.000585981,0.106727,0.000619124,7.14232e-05,0.00955099,0.97562,-0.00218771,0.97203,0.000280547,0.00359055,7.26488e-05,0.00200725,-2.95824e-05,0.00184835,0.000177192,0.0001589,0.000152711,0.221573,0.000202533,0.218788,0.00130027,0.00278464,0.0088312
ERF_Log_File_20240903_1543.csv,ig_zn_diff,12,emfpe,3,0,filled_square,3.6um_lp,ERF_OSA207_Spectra_20240903_1542.csv,1.40944e+09,4.98489,0.000225969,0.89812,0.00372411,34.1716,4.38728,0.000200254,0.018224,2,0.136636,0.0025279,4.275,0,6.35e-06,0.000289,8.31e-05,7.51e-06,0,6.93e-06,0.000607007,6.18e-05,2.89e-05,5.77e-06,2.54e-05,9.24e-06,8.79877e-05,4.04e-05,0.194662,0.00277421,0.968486,0.0822044,5.5071e-05,2.51982e-05,0.000247285,3.85235e-05,60.431,0.0152725,-0.000959484,4.88873e-05,6.99969e-05,4.89191e-05,0.00357242,0.000736322,0.0106771,0.00073632,7.86228e-05,3.16114e-06,0.0112555,0.0110004,0.0140603,0.0142774,0.0525322,1.03395,228,10,0.994356,0.991939,0.991939,0.993143,6.02929e-05,5.5213e-07,0.00019275,2.38377e-05,0.082772,0.976356,0.00279675,0.195767,0,0,0,0,0,0.000248413,0.000327123,0.000182026,0.000298933,-0.00100749,5.54232e-09,0.000139695,4.35424e-09,0.00377841,4.30785e-07,0.011183,9.49534e-07,0.000286796,0.00149614,8.15401e-05,1.11045e-06,3.80424e-06,7.63914e-05,4.83397e-05,0.000273287,2.23519e-06,0.000118706,4.39941,9.07525e-05,0.000247288,2.5485e-05,9.49105e-05,0.0818978,-0.00087417,0.0836275,0.000423003,-0.00172969,0.0054995,0.972937,-0.00341891,0.97225,0.000258754,0.000687013,7.48948e-05,0.00276612,-3.0639e-05,0.00244793,0.000195142,0.000318189,0.000256578,0.194602,-0.00116488,0.197257,0.00112323,-0.00265487,0.00515224
ERF_Log_File_20240903_1616.csv,ig_zn_diff,12,emfpe,3,0,filled_square,3.6um_lp,ERF_OSA207_Spectra_20240903_1616.csv,1.40944e+09,2.43608,0.000102114,0.894579,0.00311463,34.1721,4.43461,0.000113127,0.0176184,2,0.13597,0.00163306,4.342,0,6.35e-06,0.000289,8.31e-05,7.51e-06,0,6.93e-06,0.000613662,6.18e-05,2.89e-05,5.77e-06,2.54e-05,9.24e-06,9.2873e-05,4.04e-05,0.188531,0.00391519,0.96834,0.0761171,6.00973e-05,2.49257e-05,0.000304203,3.24297e-05,71.9492,0.0224495,-0.000938958,5.9664e-05,0.000135658,5.96849e-05,0.00431641,0.000669031,0.0120007,0.00066903,0.000102202,2.87506e-06,0.00638823,0.012877,0.0179617,0.0114105,0.0762759,1.045,228,10,0.994346,0.991862,0.991862,0.993109,5.93445e-05,7.93882e-07,0.00019635,2.23457e-05,0.0766453,0.976285,0.00394731,0.189603,0,0,0,0,0,0.00020868,0.000298074,0.000152887,0.000251374,-0.00101044,5.55792e-09,0.000136517,4.35017e-09,0.00377048,4.34546e-07,0.011217,9.57837e-07,0.000286739,0.00149875,6.2369e-06,6.43984e-07,3.67368e-06,7.07236e-06,4.52623e-05,0.000276574,3.15473e-06,0.000117239,4.44687,3.29973e-05,0.000304204,2.51948e-05,6.04993e-05,0.075831,-0.000814259,0.0758806,0.000281924,-4.95574e-05,0.000752655,0.972815,-0.00347024,0.972517,0.000272368,0.000297652,7.77145e-05,0.00390407,-4.32436e-05,0.00365033,0.000225221,0.000253739,0.000443331,0.188453,-0.00114966,0.190199,0.000899053,-0.00174599,0.000853475
ERF_Log_File_20250513_2314.csv,ig_zn_diff,13,fmfpe,12,2,filled_square,3.6um_lp,ERF_OSA207_Spectra_20250513_2314.csv,1.43124e+09,4.5081,0.000253272,0.874288,0.00233481,32.4997,4.46236,6.05362e-05,0.0116387,2,0.135528,0.00133002,4.418,0,6.35e-06,0.000289,8.31e-05,7.51e-06,0,6.93e-06,0.000510823,6.18e-05,2.89e-05,5.77e-06,2.54e-05,9.24e-06,9.5737e-05,4.04e-05,0.189921,0.00362993,0.964138,0.0764003,0.000106527,8.70236e-06,0.000540187,4.44639e-05,51.3059,0.0286584,-0.0010129,0.000101712,0.000191763,0.000101723,0.00363599,0.000683881,0.0126086,0.00068388,-1.94608e-05,2.96309e-06,0.00368288,0.00312464,0.0144819,0.00464788,0.0971996,1.04352,228,10,0.994994,0.993196,0.993196,0.994011,4.95713e-05,5.64779e-07,0.00015001,1.83782e-05,0.0768606,0.970743,0.0036548,0.190877,-0,0,0,0,0,0.000292508,0.000361203,0.000214401,0.000351705,-0.000914918,1.63823e-08,0.000165817,1.22354e-08,0.00387819,1.49981e-07,0.0125434,3.35492e-07,0.000270184,0.00164216,6.28479e-06,3.46155e-07,2.12955e-06,6.71328e-06,0,0,0,0,4.45479,4.49017e-05,0.000540187,8.95913e-06,0.000106739,0.0768606,0,0.0765139,0.000270942,0.000346733,0.00141985,0.970743,0,0.972562,0.000280203,-0.00181938,7.82027e-05,0.0036548,0,0.00391784,0.000231513,-0.000263041,0.000481103,0.190877,0,0.190889,0.000859106,-1.26788e-05,0.00151665
ERF_Log_File_20240903_1650.csv,ig_zn_diff,12,emfpe,3,0,filled_square,3.6um_lp,ERF_OSA207_Spectra_20240903_1650.csv,1.40944e+09,2.6029,0.000118865,0.894802,0.00199328,34.1715,4.49156,6.5463e-05,0.0186719,2,0.150926,0.0012083,4.411,0,6.35e-06,0.000289,8.31e-05,7.51e-06,0,6.93e-06,0.00062178,6.18e-05,2.89e-05,5.77e-06,2.54e-05,9.24e-06,9.87513e-05,4.04e-05,0.198579,0.00689407,0.967463,0.084631,5.32091e-05,2.07121e-05,0.000246872,3.25904e-05,76.3479,0.0192155,-0.000938287,4.87955e-05,0.00019428,4.88335e-05,0.00407437,0.000801298,0.0110873,0.000801296,7.76258e-05,3.43967e-06,0.0114644,0.011623,0.0158162,0.0141995,0.0668206,0.99027,228,10,0.994334,0.99177,0.99177,0.993068,6.37101e-05,1.42923e-06,0.000200568,2.52122e-05,0.0852218,0.975491,0.00695128,0.199711,-0,0,0,0,0,0.000196731,0.000289658,0.000144081,0.000237172,-0.00101329,5.52928e-09,0.000132799,4.32975e-09,0.00376093,4.38738e-07,0.0112576,9.67061e-07,0.000286523,0.00150186,1.11763e-05,3.84007e-07,3.61107e-06,1.2677e-05,5.09961e-05,0.000280337,5.55552e-06,0.000126018,4.50398,3.44578e-05,0.000246872,2.10226e-05,5.47323e-05,0.08431,-0.000911756,0.0848934,0.000212508,-0.000583427,0.00236067,0.971962,-0.0035292,0.972848,0.00032038,-0.000885458,8.11108e-05,0.00687513,-7.61526e-05,0.00611117,0.000275685,0.000763952,0.000762736,0.198488,-0.00122222,0.199903,0.000628662,-0.00141457,0.00267765
ERF_Log_File_20250514_2102.csv,ig_zn_diff,13,fmfpe,12,2,filled_square,3.6um_lp,ERF_OSA207_Spectra_20250514_2102.csv,1.43131e+09,4.85211,0.000432442,0.858436,0.00355565,32.5002,4.54177,5.6467e-05,0.0116835,2,0.145195,0.00112713,4.498,0,6.35e-06,0.000289,8.31e-05,7.51e-06,0,6.93e-06,0.000519299,6.18e-05,2.89e-05,5.77e-06,2.54e-05,9.24e-06,9.34151e-05,4.04e-05,0.205545,0.00828706,0.969741,0.0890136,0.000224881,1.28115e-05,0.00105503,9.76518e-05,53.4768,0.0581314,-0.00123989,0.000180641,0.000192794,0.000180648,0.0048822,0.000849974,0.0121581,0.000849972,2.55797e-05,3.68236e-06,0.00957949,0.00350162,0.0165409,0.00510798,0.19724,1.04507,228,10,0.99498,0.99309,0.99309,0.993962,5.50877e-05,1.32934e-06,0.000155557,2.1835e-05,0.0895543,0.976489,0.00834472,0.206582,-0,0,0,0,0,0.000280699,0.00035241,0.0002057,0.000337654,-0.000926788,1.57243e-08,0.00018105,1.17447e-08,0.00387024,1.43768e-07,0.0125614,3.21591e-07,0.000276959,0.00164316,4.56497e-06,2.8931e-07,5.0415e-06,3.87869e-06,0,0,0,0,4.53407,9.77578e-05,0.00105503,1.37638e-05,0.000224917,0.0895543,0,0.0887957,0.000185315,0.00075866,0.0011253,0.976489,0,0.973016,0.000321893,0.00347221,7.13173e-05,0.00834472,0,0.00819885,0.000313182,0.000145868,0.00124277,0.206582,0,0.204175,0.000518076,0.00240737,0.00095613
ERF_Log_File_20250212_2011.csv,ig_zn_diff,12,emfpe,8,1,filled_square,3.6um_lp,ERF_OSA207_Spectra_20250212_2011.csv,1.42345e+09,2.20341,0.000132735,0.857289,0.00230088,34.1716,4.54252,3.98645e-05,0.0128846,2,0.145913,0.000718875,4.5,0,6.35e-06,0.000289,8.31e-05,7.51e-06,0,6.93e-06,0.000627947,6.18e-05,2.89e-05,5.77e-06,2.54e-05,9.24e-06,9.33037e-05,4.04e-05,0.204256,0.00872788,0.967521,0.0893059,0.000117249,1.93603e-05,0.000552695,5.84637e-05,62.0176,0.0354017,-0.000965184,9.39798e-05,7.49917e-05,9.39835e-05,0.00157058,0.000432193,0.0125082,0.000432193,4.84302e-06,1.86359e-06,0.00548935,0.008337,0.0093501,0.0127516,0.120035,1.04586,228,10,0.994324,0.991687,0.991687,0.993031,6.66364e-05,1.84523e-06,0.000204551,2.69532e-05,0.0899326,0.975631,0.00880104,0.205422,0,0,0,0,0,0.000242104,0.00032219,0.000177374,0.000291452,-0.00094002,2.97798e-08,0.000132063,2.61159e-08,0.00159827,5.58698e-07,0.013028,5.96787e-07,0.000268021,0.00146262,2.67713e-06,1.97207e-07,3.80833e-06,1.87494e-06,5.59217e-05,0.000301363,8.05422e-06,0.000135369,4.53766,5.8522e-05,0.000552695,1.9735e-05,0.000117264,0.089445,-0.000487641,0.0890622,0.000181958,0.000382832,0.000935519,0.973362,-0.00226966,0.973034,0.000321919,0.000327329,6.89139e-05,0.00867322,-0.000127824,0.00853028,0.000317663,0.000142938,0.00133082,0.205643,0.000221124,0.204383,0.000504681,0.00125985,0.000655197
ERF_Log_File_20240903_1724.csv,ig_zn_diff,12,emfpe,3,0,filled_square,3.6um_lp,ERF_OSA207_Spectra_20240903_1723.csv,1.40944e+09,2.69431,0.000103082,0.897203,0.00151233,34.1712,4.56289,6.86923e-05,0.0191997,2,0.162665,0.0013154,4.483,0,6.35e-06,0.000289,8.31e-05,7.51e-06,0,6.93e-06,0.000630628,6.18e-05,2.89e-05,5.77e-06,2.54e-05,9.24e-06,9.02751e-05,4.04e-05,0.200738,0.0156578,0.968267,0.0876056,4.00235e-05,2.14707e-05,0.000181315,2.95603e-05,78.3818,0.0145562,-0.00100647,3.5791e-05,0.000167361,3.58093e-05,0.00229226,0.000480324,0.0117382,0.000480323,8.04431e-05,2.06203e-06,0.00827765,0.0119918,0.0128062,0.0139626,0.0493699,1.04299,228,10,0.994319,0.991654,0.991654,0.993016,6.59226e-05,3.33613e-06,0.000206304,2.65772e-05,0.0882217,0.976416,0.0157896,0.201885,-0,0,0,0,0,0.000191659,0.000286356,0.000140358,0.000231123,-0.00101581,5.48209e-09,0.000128458,4.29895e-09,0.00374879,4.43714e-07,0.0113075,9.78038e-07,0.000286067,0.00150563,7.84573e-06,1.36054e-07,1.29654e-05,1.47912e-05,5.32021e-05,0.000285618,1.26192e-05,0.000129194,4.57551,3.05792e-05,0.000181315,2.50761e-05,4.26355e-05,0.0872744,-0.000947319,0.0883812,0.000156882,-0.00110677,0.00160436,0.972807,-0.00360965,0.973172,0.000321892,-0.000365317,2.78215e-05,0.0156166,-0.000172978,0.013754,0.000374175,0.00186263,0.00265129,0.200643,-0.00124152,0.201388,0.000396491,-0.000744958,0.00302464
ERF_Log_File_20250110_1625.csv,ig_zn_diff,12,emfpe,6,1,filled_square,none,ERF_OSA207_Spectra_20250110_1624.csv,1.42059e+09,2.33474,0.000235639,0.854637,0.00325351,34.1711,4.58143,4.69867e-05,0.0132303,2,0.150589,0.000901202,4.5,0,6.35e-06,0.000289,8.31e-05,7.51e-06,0,6.93e-06,0.000633322,6.18e-05,2.89e-05,5.77e-06,2.54e-05,9.24e-06,8.75194e-05,4.04e-05,0.203296,0.0126089,0.96734,0.0893001,0.000106166,2.45115e-05,0.000501886,5.10643e-05,65.4041,0.0338104,-0.000827372,9.65696e-05,4.40874e-05,9.6587e-05,0.00300471,0.000791598,0.0121713,0.000791597,4.53381e-05,3.42758e-06,0.00701432,0.0111052,0.0200185,0.0102486,0.114419,1.04587,228,10,0.994315,0.991624,0.991624,0.993003,6.71624e-05,2.70552e-06,0.000207565,2.72186e-05,0.0899293,0.975511,0.0127154,0.204458,-0,0,0,0,0,0.000229594,0.000312871,0.000168196,0.000276478,-0.00090347,9.08811e-09,0.000113255,6.22481e-09,0.00285758,7.93952e-07,0.0129891,9.27726e-07,0.000254181,0.00158467,5.63912e-06,8.80402e-08,9.01804e-06,1.04894e-05,5.59197e-05,0.000304342,1.16364e-05,0.000134945,4.57653,5.13862e-05,0.000501886,2.61376e-05,0.000106692,0.0894417,-0.000487624,0.0882644,0.000156839,0.00117736,0.00168621,0.973223,-0.00228804,0.973174,0.000322201,4.89707e-05,2.63258e-05,0.0125307,-0.000184675,0.013947,0.000376369,-0.00141627,0.00269657,0.204678,0.000220087,0.201168,0.000395897,0.00351041,0.00313654
ERF_Log_File_20250513_2100.csv,ig_zn_diff,13,fmfpe,12,2,filled_square,3.6um_lp,ERF_OSA207_Spectra_20250513_2100.csv,1.43123e+09,5.09763,0.000237542,0.875067,0.00465293,32.4995,4.58424,6.21448e-05,0.0120239,2,0.145773,0.00124841,4.538,0,6.35e-06,0.000289,8.31e-05,7.51e-06,0,6.93e-06,0.000524164,6.18e-05,2.89e-05,5.77e-06,2.54e-05,9.24e-06,8.7103e-05,4.04e-05,0.202867,0.0132282,0.96676,0.0879967,0.000184016,1.92712e-05,0.000876755,8.12194e-05,56.4734,0.0512024,-0.000813163,0.000109469,5.91107e-05,0.00010947,0.00318108,0.000347252,0.013073,0.000347251,0.000150193,1.50474e-06,0.00226077,0.00614687,0.00779463,0.0062048,0.185042,1.03841,228,10,0.994972,0.993034,0.993034,0.993936,5.5129e-05,2.15642e-06,0.000157598,2.18106e-05,0.0885336,0.973542,0.013321,0.203892,-0,0,0,0,0,0.000265822,0.000340273,0.000194792,0.000319823,-0.000933202,1.53581e-08,0.000188969,1.14726e-08,0.00386501,1.4033e-07,0.0125676,3.13903e-07,0.000280543,0.00164327,7.43641e-06,1.16846e-07,1.19153e-05,1.38434e-05,0,0,0,0,4.57647,8.15602e-05,0.000876755,2.26606e-05,0.000184532,0.0885336,0,0.0882715,0.000156841,0.000262108,0.00168123,0.973542,0,0.973174,0.000322182,0.00036795,2.64167e-05,0.013321,0,0.0139353,0.000376236,-0.000614274,0.00269382,0.203892,0,0.201181,0.000395933,0.00271076,0.00312973
ERF_Log_File_20240903_1757.csv,ig_zn_diff,12,emfpe,3,0,filled_square,3.6um_lp,ERF_OSA207_Spectra_20240903_1757.csv,1.40944e+09,2.76704,8.16226e-05,0.897733,0.00124062,34.1708,4.64478,8.12124e-05,0.0200669,2,0.168613,0.00147431,4.556,0,6.35e-06,0.000289,8.31e-05,7.51e-06,0,6.93e-06,0.000642639,6.18e-05,2.89e-05,5.77e-06,2.54e-05,9.24e-06,7.81047e-05,4.04e-05,0.157377,0.0432462,0.968106,0.0603409,4.62176e-05,2.31481e-05,0.000275764,2.54706e-05,79.8311,0.0226287,-0.00089603,5.39367e-05,0.000166771,5.39525e-05,0.00475745,0.000555176,0.0115115,0.000555175,6.97549e-05,2.38393e-06,0.0070143,0.0112572,0.0151715,0.010884,0.0777866,1.04242,228,10,0.994302,0.991521,0.991521,0.992957,5.30479e-05,9.50326e-06,0.000212739,1.86867e-05,0.0607689,0.976385,0.043616,0.158279,-0,0,0,0,0,0.000188036,0.000284019,0.000137944,0.000226402,-0.00101802,5.4504e-09,0.00012317,4.25961e-09,0.00373431,4.49406e-07,0.0113631,9.9058e-07,0.000285298,0.00150974,3.97736e-05,3.15497e-07,4.51318e-05,6.46936e-05,3.66467e-05,0.000291385,3.48583e-05,0.000101289,4.65762,4.72187e-05,0.000275764,5.08049e-05,7.96517e-05,0.0601164,-0.000652532,0.0604165,0.000136004,-0.000300156,0.00700286,0.972687,-0.00369757,0.972998,0.000415942,-0.000311199,5.5549e-05,0.0431382,-0.000477822,0.0427501,0.000512387,0.000388079,0.00794627,0.157306,-0.000973356,0.157546,0.000319511,-0.000239987,0.0113905
ERF_Log_File_20250514_2136.csv,ig_zn_diff,13,fmfpe,12,2,filled_square,3.6um_lp,ERF_OSA207_Spectra_20250514_2136.csv,1.43132e+09,5.16835,0.000428648,0.858884,0.00301256,32.4996,4.66466,0.000200689,0.0118957,2,0.151367,0.00337991,4.614,0,6.35e-06,0.000289,8.31e-05,7.51e-06,0,6.93e-06,0.000533965,6.18e-05,2.89e-05,5.77e-06,2.54e-05,9.24e-06,7.51493e-05,4.04e-05,0.162481,0.0378436,0.97141,0.0622132,0.000279964,6.5953e-05,0.00167191,0.00010871,55.7803,0.0959843,-0.00137439,0.00021279,0.000109202,0.000212791,0.00372944,0.000685312,0.0131023,0.000685311,4.89769e-05,2.96928e-06,0.00573318,0.00418522,0.0137634,0.00758591,0.328121,1.04571,228,10,0.994957,0.992926,0.992926,0.993886,4.53043e-05,6.35784e-06,0.0001632,1.57233e-05,0.0625959,0.978331,0.0381132,0.163305,-0,0,0,0,0,0.000269016,0.000343491,0.000197284,0.000323385,-0.000945404,1.46727e-08,0.000203389,1.09595e-08,0.00385335,1.3381e-07,0.0125741,2.99317e-07,0.000287198,0.00164274,9.80805e-05,7.85004e-07,0.000110447,0.00015907,0,0,0,0,4.65675,0.000146407,0.00167191,0.000128921,0.000322254,0.0625959,0,0.0608428,0.00013668,0.00175311,0.00698683,0.978331,0,0.973002,0.000414117,0.00532889,5.59203e-05,0.0381132,0,0.0422717,0.00051228,-0.00415853,0.00786776,0.163305,0,0.158236,0.000321177,0.00506849,0.0113315
ERF_Log_File_20250513_2016.csv,ig_zn_diff,13,fmfpe,12,2,filled_square,3.6um_lp,ERF_OSA207_Spectra_20250513_2015.csv,1.43123e+09,5.41302,0.000241612,0.869067,0.00269811,32.4999,4.72174,5.53943e-05,0.0123277,2,0.15234,0.00116767,4.663,0,6.35e-06,0.000289,8.31e-05,7.51e-06,0,6.93e-06,0.000539796,6.18e-05,2.89e-05,5.77e-06,2.54e-05,9.24e-06,6.66664e-05,4.04e-05,0.110858,0.0782463,0.965722,0.0357801,0.000200991,0.00014572,0.00173324,7.51459e-05,58.7153,0.105377,-0.00078182,0.00011216,0.000261402,0.00011216,0.00344472,0.000295815,0.0135148,0.000295815,2.82483e-05,1.2816e-06,0.0120665,0.0164107,0.0056435,0.0164865,0.364374,1.04422,228,10,0.994946,0.99285,0.99285,0.993851,3.14668e-05,1.34257e-05,0.0001657,9.16753e-06,0.0360015,0.972677,0.0788098,0.111421,-0,0,0,0,0,0.000255506,0.000332271,0.000187712,0.000306903,-0.000953962,1.42192e-08,0.000213132,1.06195e-08,0.00384375,1.29323e-07,0.0125751,2.89281e-07,0.000291773,0.00164188,2.28658e-05,1.09864e-07,5.92611e-05,5.18075e-05,0,0,0,0,4.71373,7.85441e-05,0.00173324,0.000157329,0.00020755,0.0360015,0,0.0339411,9.49317e-05,0.00206041,0.00597345,0.972677,0,0.972914,0.000446414,-0.000237353,2.87008e-05,0.0788098,0,0.0868549,0.000521368,-0.00804509,0.0154813,0.111421,0,0.107862,0.000217004,0.00355915,0.0135342
ERF_Log_File_20240903_1831.csv,ig_zn_diff,12,emfpe,3,0,filled_square,3.6um_lp,ERF_OSA207_Spectra_20240903_1831.csv,1.40945e+09,2.81968,9.07802e-05,0.90154,0.00102649,34.1711,4.73586,8.95693e-05,0.0195961,2,0.173487,0.00166152,4.632,0,6.35e-06,0.000289,8.31e-05,7.51e-06,0,6.93e-06,0.000654766,6.18e-05,2.89e-05,5.77e-06,2.54e-05,9.24e-06,6.45679e-05,4.04e-05,0.0738531,0.136477,0.968389,0.0209438,2.59069e-05,4.88403e-05,0.000267254,2.56849e-05,80.4177,0.0220916,-0.00103101,5.23404e-05,0.000147664,5.23563e-05,0.00469388,0.000550272,0.0120676,0.00055027,1.30659e-05,2.36278e-06,0.00932493,0.0181237,0.0148468,0.0144853,0.0697946,1.04318,228,10,0.994282,0.991371,0.991371,0.992891,2.56041e-05,3.10182e-05,0.000220093,6.63408e-06,0.0210938,0.976818,0.137665,0.0742778,-0,0,0,0,0,0.000186543,0.000283161,0.000138309,0.000224037,-0.00101994,5.41053e-09,0.000117765,4.23458e-09,0.00371718,4.5623e-07,0.0114224,1.00562e-06,0.000284427,0.00151396,2.80862e-05,4.97799e-07,0.000138878,7.9001e-05,1.27206e-05,0.000297961,0.000110023,4.75333e-05,4.74896,3.80506e-05,0.000267254,0.000147032,8.29811e-05,0.0208673,-0.000226503,0.0211528,9.13994e-05,-0.00028555,0.00457161,0.973021,-0.00379658,0.973053,0.000372776,-3.12593e-05,8.10272e-05,0.136157,-0.00150815,0.132644,0.000565591,0.00351291,0.0226053,0.073821,-0.000456781,0.0755034,0.000204578,-0.00168238,0.0128591
ERF_Log_File_20240911_1712.csv,ig_zn_diff,12,emfpe,3,0,filled_square,3.6um_lp,ERF_OSA207_Spectra_20240911_1711.csv,1.41013e+09,2.73489,0.000115723,0.857199,0.000777439,34.1716,4.74398,0.000267306,0.015318,2,0.185165,0.00413905,4.67,0,6.35e-06,0.000289,8.31e-05,7.51e-06,0,6.93e-06,0.000655991,6.18e-05,2.89e-05,5.77e-06,2.54e-05,9.24e-06,6.33609e-05,4.04e-05,0.0568784,0.171044,0.968326,0.0149499,1.62924e-05,4.37812e-05,0.000203748,2.81744e-05,79.59,0.0166356,-0.0011324,4.01677e-05,0.000167463,4.01851e-05,0.00325343,0.000500834,0.0107238,0.000500833,5.40326e-05,2.14825e-06,0.00636017,0.0145153,0.0133063,0.0160123,0.0562982,1.04522,228,10,0.994281,0.991358,0.991358,0.992885,1.97679e-05,3.89899e-05,0.000220733,4.74493e-06,0.015057,0.976767,0.172535,0.0572056,0,0,0,0,0,0.000188474,0.000284433,0.00014057,0.00022628,-0.00101993,5.38914e-09,0.000117281,4.2262e-09,0.0037156,4.56869e-07,0.0114275,1.00703e-06,0.000284302,0.00151431,7.77312e-05,1.63273e-06,0.000448619,0.000228002,9.08014e-06,0.000298522,0.000137891,3.66081e-05,4.7571,8.2645e-05,0.000203755,0.000450007,0.00022808,0.0148953,-0.000161681,0.018694,9.06677e-05,-0.00379865,0.00424685,0.972962,-0.00380503,0.9731,0.00036343,-0.000138084,8.92042e-05,0.170645,-0.00189015,0.145792,0.000575839,0.0248526,0.0245103,0.0568538,-0.000351793,0.068436,0.000201749,-0.0115823,0.0124569
ERF_Log_File_20250514_2209.csv,ig_zn_diff,13,fmfpe,12,2,filled_square,3.6um_lp,ERF_OSA207_Spectra_20250514_2209.csv,1.43132e+09,5.39831,0.000324501,0.859216,0.0018616,32.5002,4.76426,5.75171e-05,0.0122131,2,0.156521,0.00102356,4.706,0,6.35e-06,0.000289,8.31e-05,7.51e-06,0,6.93e-06,0.000545115,6.18e-05,2.89e-05,5.77e-06,2.54e-05,9.24e-06,6.03468e-05,4.04e-05,0.0703899,0.139357,0.968941,0.0194071,7.15661e-05,0.000147685,0.00097785,2.43784e-05,57.5432,0.0580595,-0.00115759,0.000131585,0.000255461,0.000131586,0.00419552,0.000440397,0.0124343,0.000440396,6.66325e-06,1.90796e-06,0.00368841,0.0185877,0.00834869,0.00602435,0.197123,1.04307,228,10,0.994938,0.992793,0.992793,0.993825,2.02429e-05,2.42859e-05,0.000168858,5.02309e-06,0.0195277,0.975975,0.140369,0.070748,-0,0,0,0,0,0.000260684,0.000336736,0.0001923,0.000312942,-0.000960258,1.39116e-08,0.000220056,1.0389e-08,0.00383593,1.26155e-07,0.0125743,2.82192e-07,0.000295079,0.00164102,1.68727e-05,3.48143e-07,9.56814e-05,4.92709e-05,0,0,0,0,4.75618,2.96358e-05,0.00097785,0.000175927,8.68149e-05,0.0195277,0,0.0189582,9.07458e-05,0.000569443,0.00428336,0.975975,0,0.973095,0.000364182,0.00288022,8.83808e-05,0.140369,0,0.144245,0.000574691,-0.00387662,0.02429,0.070748,0,0.0692143,0.00020206,0.0015337,0.0125081
ERF_Log_File_20240911_2042.csv,ig_zn_diff,12,emfpe,3,0,filled_square,3.6um_lp,ERF_OSA207_Spectra_20240911_2042.csv,1.41015e+09,2.73131,0.000141952,0.853882,0.00163457,34.1711,4.77157,0.000222581,0.0148191,2,0.186805,0.00394512,4.695,0,6.35e-06,0.000289,8.31e-05,7.51e-06,0,6.93e-06,0.000660169,6.18e-05,2.89e-05,5.77e-06,2.54e-05,9.24e-06,5.92599e-05,4.04e-05,0.0364205,0.23844,0.967898,0.00878292,2.2471e-05,9.82919e-05,0.000377064,2.88148e-05,79.2946,0.03078,-0.00103604,7.32921e-05,8.04931e-05,7.33087e-05,0.0042967,0.000676011,0.0109337,0.000676009,0.000124667,2.90116e-06,0.00991427,0.0199344,0.0168082,0.0164375,0.106552,1.02463,228,10,0.994275,0.991313,0.991313,0.992865,1.27636e-05,5.49025e-05,0.000222866,2.80652e-06,0.00884604,0.97638,0.240529,0.0366302,-0,0,0,0,0,0.000189171,0.000284828,0.00014326,0.000227051,-0.00102035,5.37842e-09,0.000115853,4.21781e-09,0.00371011,4.59141e-07,0.0114448,1.01204e-06,0.000284051,0.00151549,4.76016e-05,1.60965e-06,0.000480216,0.000157809,5.3346e-06,0.000300359,0.000192233,2.34411e-05,4.78476,5.56341e-05,0.000377068,0.000489012,0.000159129,0.00875105,-9.49881e-05,0.0117154,8.87857e-05,-0.00296435,0.00314147,0.972547,-0.00383286,0.973288,0.000358376,-0.000740613,0.000106229,0.237894,-0.00263505,0.198692,0.000610182,0.0392021,0.0316919,0.0364049,-0.000225262,0.0466642,0.000193305,-0.0102592,0.0104146
ERF_Log_File_20250514_2029.csv,ig_zn_diff,13,fmfpe,12,2,filled_square,3.6um_lp,ERF_OSA207_Spectra_20250514_2028.csv,1.43131e+09,5.4522,0.000309746,0.853726,0.00234141,32.5002,4.80302,5.59388e-05,0.0122601,2,0.158756,0.00113886,4.74,0,6.35e-06,0.000289,8.31e-05,7.51e-06,0,6.93e-06,0.000549906,6.18e-05,2.89e-05,5.77e-06,2.54e-05,9.24e-06,5.45859e-05,4.04e-05,0.0407528,0.218754,0.967688,0.00964787,4.96011e-05,0.00026225,0.00115939,1.54019e-05,57.833,0.0692815,-0.000872904,0.000124828,0.000445074,0.000124829,0.00353259,0.000368342,0.012957,0.000368341,3.59091e-05,1.59569e-06,0.00364364,0.00416225,0.0075679,0.00423017,0.236584,1.04578,228,10,0.99493,0.99274,0.99274,0.993801,1.18584e-05,3.86619e-05,0.000171026,2.52019e-06,0.00970805,0.974765,0.220354,0.0409605,-0,0,0,0,0,0.00025937,0.000335551,0.000193012,0.000311286,-0.000965946,1.36572e-08,0.000226083,1.02013e-08,0.00382836,1.23437e-07,0.0125726,2.76118e-07,0.000298007,0.0016401,1.03998e-05,4.11706e-07,0.000131437,3.57591e-05,0,0,0,0,4.79488,1.85776e-05,0.00115939,0.000293223,6.1104e-05,0.00970805,0,0.00969267,8.83083e-05,1.53809e-05,0.00273671,0.974765,0,0.973361,0.000360865,0.0014033,0.00010834,0.220354,0,0.221463,0.00061974,-0.00110878,0.0345875,0.0409605,0,0.0398337,0.000190551,0.00112677,0.00940999
ERF_Log_File_20240903_1905.csv,ig_zn_diff,12,emfpe,3,0,filled_square,3.6um_lp,ERF_OSA207_Spectra_20240903_1904.csv,1.40945e+09,2.80151,0.00013696,0.901301,0.000820939,34.1716,4.82749,9.48498e-05,0.0200554,2,0.178841,0.00177622,4.71,0,6.35e-06,0.000289,8.31e-05,7.51e-06,0,6.93e-06,0.000667679,6.18e-05,2.89e-05,5.77e-06,2.54e-05,9.24e-06,5.09485e-05,4.04e-05,0.018026,0.35865,0.968499,0.00419303,1.57418e-05,8.11834e-05,0.000212894,2.23008e-05,78.7162,0.0165348,-0.00103553,4.10249e-05,0.000142533,4.11093e-05,0.00428236,0.00108538,0.0109611,0.00108538,4.71961e-05,4.65523e-06,0.00866094,0.0166533,0.0362092,0.012608,0.0557507,1.04476,228,10,0.994262,0.99122,0.99122,0.992825,6.42317e-06,8.4265e-05,0.000227549,1.35821e-06,0.00422333,0.977078,0.361827,0.01813,0,0,0,0,0,0.000190559,0.000285851,0.00014974,0.000228682,-0.00102115,5.3945e-09,0.00011281,4.23667e-09,0.00369854,4.64062e-07,0.0114791,1.02288e-06,0.000283489,0.00151776,7.63253e-06,5.20845e-07,0.000284099,3.15495e-05,2.54688e-06,0.000304546,0.000289175,1.16021e-05,4.84084,2.35751e-05,0.000212895,0.000294797,3.53116e-05,0.00417798,-4.53498e-05,0.00376805,8.64119e-05,0.000409929,0.00119589,0.973183,-0.00389493,0.973674,0.00033556,-0.00049122,8.16076e-05,0.357863,-0.00396388,0.346751,0.000652045,0.0111117,0.0445136,0.0180185,-0.000111493,0.0179355,0.000178768,8.29977e-05,0.00494328
ERF_Log_File_20240911_1604.csv,ig_zn_diff,12,emfpe,3,0,filled_square,3.6um_lp,ERF_OSA207_Spectra_20240911_1604.csv,1.41013e+09,2.73344,0.00013944,0.857295,0.000288421,34.1711,4.83885,0.000224812,0.0164929,2,0.191848,0.00293131,4.75,0,6.35e-06,0.000289,8.31e-05,7.51e-06,0,6.93e-06,0.00066899,6.18e-05,2.89e-05,5.77e-06,2.54e-05,9.24e-06,4.92602e-05,4.04e-05,0.0119145,0.426944,0.968834,0.00288241,1.16082e-05,9.56561e-05,0.000210604,2.10629e-05,78.3087,0.0169629,-0.00103861,4.08107e-05,0.000122216,4.08195e-05,0.00406121,0.000366527,0.0114648,0.000366526,-1.78857e-05,1.57399e-06,0.00642752,0.0145634,0.00904397,0.0119456,0.057994,1.02872,228,10,0.99426,0.991202,0.991202,0.992816,4.2597e-06,0.000100721,0.000228559,9.36238e-07,0.00290327,0.977433,0.430734,0.0119833,-0,0,0,0,0,0.00019155,0.000286568,0.00015438,0.000229865,-0.00102117,5.41053e-09,0.000112182,4.24503e-09,0.00369611,4.6512e-07,0.0114859,1.02523e-06,0.000283339,0.0015182,1.40126e-05,9.77125e-07,0.00068673,6.18847e-05,1.75081e-06,0.000305465,0.000344246,7.66857e-06,4.85223,2.53157e-05,0.000210606,0.000691778,6.31311e-05,0.00287209,-3.11751e-05,0.00295798,8.59285e-05,-8.58838e-05,0.00092849,0.973525,-0.00390838,0.97373,0.000331514,-0.000205319,6.47456e-05,0.426015,-0.00471877,0.381255,0.000661022,0.0447597,0.0455037,0.0119096,-7.36927e-05,0.0144806,0.000175937,-0.00257098,0.00410056
ERF_Log_File_20250110_1658.csv,ig_zn_diff,12,emfpe,6,1,filled_square,none,ERF_OSA207_Spectra_20250110_1658.csv,1.42059e+09,2.4641,0.000190458,0.862291,0.0018387,34.1717,4.84718,4.8049e-05,0.012595,2,0.164186,0.000841239,4.75,0,6.35e-06,0.000289,8.31e-05,7.51e-06,0,6.93e-06,0.000670237,6.18e-05,2.89e-05,5.77e-06,2.54e-05,9.24e-06,4.80226e-05,4.04e-05,0.0188649,0.332141,0.968206,0.00396831,1.67983e-05,9.87896e-05,0.000270308,2.5065e-05,66.6931,0.0184642,-0.00108417,5.33715e-05,7.72015e-05,5.33993e-05,0.000750228,0.000721764,0.0136433,0.000721763,-1.4349e-05,3.12444e-06,0.00771832,0.0182597,0.015363,0.0120688,0.0630571,1.03367,228,10,0.994258,0.991188,0.991188,0.99281,6.76109e-06,7.85895e-05,0.000229092,1.29154e-06,0.00399705,0.976814,0.335094,0.0189738,0,0,0,0,0,0.000224911,0.000309768,0.000172295,0.000269904,-0.000961007,9.6648e-09,0.000113813,6.61883e-09,0.00307291,7.32692e-07,0.0130712,8.56144e-07,0.000268705,0.00161441,3.77194e-06,2.58772e-07,0.000144285,1.56881e-05,2.48544e-06,0.000325454,0.000306659,1.2523e-05,4.842,2.53427e-05,0.000270308,0.000174689,2.29266e-05,0.00397538,-2.16732e-05,0.00367745,8.63628e-05,0.000297927,0.00116693,0.974397,-0.00241653,0.97368,0.000334921,0.000716892,8.00564e-05,0.330227,-0.00486681,0.350227,0.000652938,-0.0200001,0.0446375,0.0189943,2.04242e-05,0.0175584,0.000178481,0.00143588,0.00485344
ERF_Log_File_20250514_0952.csv,ig_zn_diff,13,fmfpe,12,2,filled_square,3.6um_lp,ERF_OSA207_Spectra_20250514_0951.csv,1.43127e+09,2.21115,0.000129478,0.854258,0.00130566,33.8003,4.85661,4.50797e-05,0.012166,2,0.159934,0.00105482,4.792,0,6.35e-06,0.000289,8.31e-05,7.51e-06,0,6.93e-06,0.000555554,6.18e-05,2.89e-05,5.77e-06,2.54e-05,9.24e-06,4.66204e-05,4.04e-05,0.0156405,0.363134,0.968888,0.00321411,1.99845e-05,0.000417051,0.00110553,1.41738e-05,58.3116,0.0665271,-0.000931416,0.00012452,4.9977e-05,0.000124521,0.00331396,0.000374653,0.0123293,0.000374653,2.22745e-05,1.62277e-06,0.0038966,0.022535,0.00515908,0.00599841,0.257195,0.955384,228,10,0.99492,0.992668,0.992668,0.993768,4.62463e-06,6.54259e-05,0.000174565,8.50244e-07,0.00323427,0.976044,0.365816,0.0157204,-0,0,0,0,0,0.000257239,0.000334076,0.000196348,0.000308693,-0.000973633,1.33632e-08,0.000234029,9.97948e-09,0.00381725,1.20034e-07,0.0125692,2.68503e-07,0.000301915,0.00163865,3.07053e-06,2.14746e-07,0.000137,1.3246e-05,0,0,0,0,4.84838,1.45027e-05,0.00110553,0.00043888,2.39836e-05,0.00323427,0,0.00320903,8.6092e-05,2.52326e-05,0.00101383,0.976044,0,0.973713,0.000332211,0.00233155,7.09054e-05,0.365816,0,0.369507,0.000657934,-0.00369127,0.0452348,0.0157204,0,0.0155766,0.000176895,0.000143792,0.00437359
ERF_Log_File_20250513_1718.csv,ig_zn_diff,13,fmfpe,12,2,filled_square,3.6um_lp,ERF_OSA207_Spectra_20250513_1717.csv,1.43121e+09,2.19588,0.000116462,0.854585,0.00166149,32.5003,4.85668,5.13475e-05,0.0122868,2,0.159695,0.00112626,4.792,0,6.35e-06,0.000289,8.31e-05,7.51e-06,0,6.93e-06,0.000555563,6.18e-05,2.89e-05,5.77e-06,2.54e-05,9.24e-06,4.66099e-05,4.04e-05,0.0157304,0.363326,0.964638,0.00318333,2.49689e-05,0.000551323,0.00146277,1.1955e-05,58.223,0.0882853,-0.000491534,0.00010552,0.000223755,0.000105521,0.00376133,0.000282155,0.0128672,0.000282155,2.8009e-05,1.22234e-06,0.0030909,0.00902427,0.00534827,0.00458641,0.29963,1.04107,228,10,0.99492,0.992668,0.992668,0.993768,4.65131e-06,6.54622e-05,0.000173803,8.42115e-07,0.00320329,0.971763,0.36601,0.0158107,-0,0,0,0,0,0.00025763,0.000333783,0.000196632,0.000309163,-0.000973629,1.33642e-08,0.000234032,9.98024e-09,0.00381723,1.20031e-07,0.0125692,2.68498e-07,0.000301915,0.00163865,3.49202e-06,2.44219e-07,0.000156063,1.50703e-05,0,0,0,0,4.84845,1.24548e-05,0.00146277,0.00057289,2.91727e-05,0.00320329,0,0.00320443,8.6089e-05,-1.13525e-06,0.00101227,0.971763,0,0.973713,0.000332197,-0.00195017,7.07949e-05,0.36601,0,0.36972,0.00065799,-0.00371072,0.0452398,0.0158107,0,0.0155565,0.000176878,0.000254195,0.00436862
ERF_Log_File_20240911_2150.csv,ig_zn_diff,12,emfpe,3,0,filled_square,3.6um_lp,ERF_OSA207_Spectra_20240911_2149.csv,1.41015e+09,2.73645,0.000134377,0.855335,0.000337522,34.1721,4.86502,0.000174062,0.0184164,2,0.190214,0.00316708,4.773,0,6.35e-06,0.000289,8.31e-05,7.51e-06,0,6.93e-06,0.000673005,6.18e-05,2.89e-05,5.77e-06,2.54e-05,9.24e-06,4.53709e-05,4.04e-05,0.00732227,0.511997,0.969027,0.00195536,1.25753e-05,0.000140111,0.000260503,2.2888e-05,78.1458,0.0208238,-0.00108338,5.12536e-05,0.000201375,5.12768e-05,0.00249558,0.000652579,0.0116959,0.000652577,3.83566e-05,2.8002e-06,0.00698132,0.0184057,0.018675,0.0128547,0.0703767,1.04472,228,10,0.994254,0.991159,0.991159,0.992798,2.63796e-06,0.000121918,0.000230748,6.39142e-07,0.00196954,0.977671,0.516564,0.00736459,0,0,0,0,0,0.000191949,0.000286867,0.00016035,0.000230341,-0.00102156,5.41853e-09,0.000111072,4.24712e-09,0.00369042,4.67648e-07,0.0115014,1.03079e-06,0.000283159,0.00151918,5.63824e-06,1.2322e-07,0.00052949,2.98245e-05,1.18773e-06,0.000307401,0.000412842,4.71289e-06,4.87847,2.35772e-05,0.000260503,0.000546713,3.25016e-05,0.0019484,-2.11488e-05,0.00175226,8.54619e-05,0.000196137,0.000485134,0.973734,-0.00393701,0.9738,0.000342663,-6.63164e-05,1.06023e-05,0.510905,-0.00565906,0.461722,0.000698681,0.0491829,0.0455592,0.0073193,-4.52894e-05,0.00870861,0.000170633,-0.00138931,0.00256621
ERF_Log_File_20250514_2243.csv,ig_zn_diff,13,fmfpe,12,2,filled_square,3.6um_lp,ERF_OSA207_Spectra_20250514_2243.csv,1.43132e+09,5.3772,0.000321663,0.857761,0.00170993,32.4998,4.9104,4.36436e-05,0.0123437,2,0.164577,0.00093836,4.844,0,6.35e-06,0.000289,8.31e-05,7.51e-06,0,6.93e-06,0.000561196,6.18e-05,2.89e-05,5.77e-06,2.54e-05,9.24e-06,3.86263e-05,4.04e-05,0.00491398,0.529776,0.968378,0.000963825,9.23197e-06,0.000611061,0.00111222,1.22506e-05,55.9976,0.064307,-0.00103901,0.000128216,0.000159928,0.000128217,0.00409797,0.000389855,0.012739,0.000389854,4.26942e-05,1.6884e-06,0.00298299,0.0246922,0.00635362,0.00498844,0.226385,1.01273,228,10,0.99491,0.992595,0.992595,0.993735,1.47612e-06,9.72906e-05,0.000177838,2.58192e-07,0.000969901,0.975602,0.533728,0.00493912,-0,0,0,0,0,0.000267869,0.000342259,0.000211902,0.000321443,-0.000981123,1.31407e-08,0.000241467,9.81567e-09,0.00380542,1.17118e-07,0.0125649,2.61979e-07,0.000305648,0.00163704,8.34776e-07,1.61294e-07,0.000124685,4.82001e-06,0,0,0,0,4.90207,1.22791e-05,0.00111222,0.000623609,1.0423e-05,0.000969901,0,0.00116964,8.58427e-05,-0.000199734,0.000287851,0.975602,0,0.973767,0.000355806,0.00183573,5.56181e-05,0.533728,0,0.531673,0.000751064,0.00205493,0.0429945,0.00493912,0,0.00544387,0.000167351,-0.000504753,0.00166206
ERF_Log_File_20240903_1939.csv,ig_zn_diff,12,emfpe,3,0,filled_square,3.6um_lp,ERF_OSA207_Spectra_20240903_1938.csv,1.40945e+09,2.73937,8.25548e-05,0.89899,0.000694653,34.1723,4.92316,0.0001148,0.0210107,2,0.184179,0.0019075,4.791,0,6.35e-06,0.000289,8.31e-05,7.51e-06,0,6.93e-06,0.000680513,6.18e-05,2.89e-05,5.77e-06,2.54e-05,9.24e-06,3.67304e-05,4.04e-05,0.00368151,0.62881,0.969865,0.0010513,1.44014e-05,0.000100153,0.00014732,2.22762e-05,75.4637,0.0111971,-0.000992803,2.88952e-05,0.000128187,2.89315e-05,0.00420451,0.000599658,0.0126381,0.000599656,3.18355e-05,2.57302e-06,0.00781743,0.0206368,0.016139,0.012097,0.038078,1.04256,228,10,0.994241,0.991062,0.991062,0.992756,1.34873e-06,0.000152846,0.000235747,3.48453e-07,0.00105897,0.978612,0.634481,0.00370283,0,0,0,0,0,0.000198771,0.000291611,0.000173621,0.000238526,-0.00102236,5.48998e-09,0.000108424,4.30924e-09,0.0036772,4.73653e-07,0.0115351,1.04401e-06,0.000282695,0.00152123,1.12461e-06,9.16559e-07,0.000263582,6.14175e-06,6.38612e-07,0.000311842,0.000507083,2.36959e-06,4.93677,2.23047e-05,0.000147323,0.000281992,1.56696e-05,0.0010476,-1.13712e-05,0.000680121,8.64426e-05,0.000367479,0.000148471,0.97461,-0.00400216,0.973549,0.000336753,0.00106091,0.000121004,0.62753,-0.00695086,0.622059,0.000825055,0.00547102,0.0347981,0.00368006,-2.2771e-05,0.00267419,0.000162625,0.00100587,0.000810834
ERF_Log_File_20240911_1530.csv,ig_zn_diff,12,emfpe,3,0,filled_square,3.6um_lp,ERF_OSA207_Spectra_20240911_1530.csv,1.41013e+09,2.65111,0.000130351,0.851768,0.000767851,34.1715,4.93066,0.000209712,0.0169393,2,0.194914,0.00379591,4.83,0,6.35e-06,0.000289,8.31e-05,7.51e-06,0,6.93e-06,0.000681688,6.18e-05,2.89e-05,5.77e-06,2.54e-05,9.24e-06,3.56158e-05,4.04e-05,0.00279439,0.671201,0.968335,0.000851465,1.54738e-05,0.000219264,0.00032228,1.88596e-05,74.462,0.0238516,-0.0010038,6.2212e-05,0.0001238,6.2269e-05,0.00377968,0.0011068,0.0113693,0.0011068,-1.91741e-06,4.75053e-06,0.00828813,0.0209222,0.0503333,0.0101133,0.0808824,1.04103,228,10,0.99424,0.99105,0.99105,0.99275,1.02592e-06,0.00016358,0.000235995,2.82721e-07,0.000857683,0.97708,0.677262,0.00281058,-0,0,0,0,0,0.000201445,0.000293195,0.000178772,0.000241734,-0.00102264,5.50574e-09,0.000108108,4.30924e-09,0.00367546,4.74482e-07,0.0115394,1.04586e-06,0.000282687,0.00152148,1.74096e-06,1.72958e-06,0.000446758,9.30568e-06,5.17225e-07,0.000311888,0.000541274,1.7986e-06,4.94429,1.89403e-05,0.000322285,0.000497917,1.80825e-05,0.000848473,-9.20974e-06,0.000612316,8.65663e-05,0.000236157,0.000126011,0.973076,-0.00400378,0.973487,0.000330081,-0.000411403,0.000125187,0.669843,-0.00741954,0.638711,0.000840294,0.0311321,0.0323364,0.00279329,-1.7284e-05,0.00230768,0.000161602,0.000485614,0.000673546
ERF_Log_File_20250514_2350.csv,ig_zn_diff,13,fmfpe,12,2,filled_square,3.6um_lp,ERF_OSA207_Spectra_20250514_2350.csv,1.43132e+09,5.28977,0.000358937,0.85195,0.0017243,32.4998,4.94424,5.97432e-05,0.0123458,2,0.167079,0.00115088,4.873,0,6.35e-06,0.000289,8.31e-05,7.51e-06,0,6.93e-06,0.00056559,6.18e-05,2.89e-05,5.77e-06,2.54e-05,9.24e-06,3.3597e-05,4.04e-05,0.00236215,0.618119,0.969738,0.000512197,7.31337e-06,0.000931024,0.00145488,1.08525e-05,54.6475,0.0819769,-0.001133,0.0001617,0.000225395,0.000161701,0.00422504,0.000483859,0.0124069,0.000483858,2.32597e-05,2.09593e-06,0.00253737,0.0348715,0.00801056,0.00429488,0.283734,1.02434,228,10,0.994903,0.992549,0.992549,0.993714,7.16562e-07,0.000114875,0.000180222,1.38291e-07,0.000515437,0.977018,0.622759,0.00237425,-0,0,0,0,0,0.000274486,0.000347646,0.000221617,0.000329384,-0.000985725,1.30438e-08,0.000245866,9.74016e-09,0.00379768,1.15586e-07,0.012562,2.58551e-07,0.000307898,0.00163597,5.97024e-07,4.73944e-07,0.000138302,3.26807e-06,0,0,0,0,4.93586,1.08689e-05,0.00145488,0.000941226,8.01487e-06,0.000515437,0,0.000689312,8.64273e-05,-0.000173875,0.000151427,0.977018,0,0.973556,0.000337586,0.00346173,0.00012021,0.622759,0,0.619933,0.000823173,0.0028261,0.0350785,0.00237425,0,0.00272453,0.00016275,-0.000350275,0.000828903
ERF_Log_File_20241009_2234.csv,ig_zn_diff,12,emfpe,5,0,filled_square,3.6um_lp,ERF_OSA207_Spectra_20241009_2233.csv,1.41257e+09,4.04521,0.000693033,0.847413,0.00158387,34.1713,4.96963,7.83027e-05,0.0131911,2,0.184232,0.00101016,4.961,0,6.35e-06,0.000289,8.31e-05,7.51e-06,0,6.93e-06,0.000687825,6.18e-05,2.89e-05,5.77e-06,2.54e-05,9.24e-06,2.98235e-05,4.04e-05,0.00327932,0.677285,0.966669,0.000951669,2.12052e-05,0.00018352,0.00026017,3.20126e-05,62.537,0.0166067,-0.00107357,5.12577e-05,0.000101917,5.12866e-05,0.00195194,0.000719612,0.0127925,0.000719611,-2.62875e-05,3.11031e-06,0.00952005,0.0163849,0.0189742,0.0143859,0.0562328,1.04587,228,10,0.994231,0.990985,0.990985,0.992722,1.2173e-06,0.000167326,0.00023882,3.18925e-07,0.000958646,0.975463,0.683446,0.00329835,-0,0,0,0,0,0.000239858,0.000320561,0.000203127,0.00028783,-0.00105416,6.56948e-09,0.000131408,3.76564e-09,0.00233836,6.17231e-07,0.0133583,9.68728e-07,0.000296393,0.00156967,2.70337e-07,4.64188e-07,9.95377e-05,1.1549e-06,5.78111e-07,0.000314144,0.000546216,2.11074e-06,4.98337,3.20137e-05,0.00026017,0.000208935,2.12367e-05,0.000948352,-1.02939e-05,0.0003988,8.38706e-05,0.000549552,5.2819e-05,0.971425,-0.00403799,0.97319,0.000321098,-0.00176536,9.0694e-05,0.675959,-0.00748729,0.70446,0.000964282,-0.0285006,0.0194479,0.00327806,-2.02836e-05,0.001251,0.000153482,0.00202706,0.000225647
ERF_Log_File_20241009_2308.csv,ig_zn_diff,12,emfpe,5,0,filled_square,3.6um_lp,ERF_OSA207_Spectra_20241009_2307.csv,1.41257e+09,4.06546,0.000672658,0.850558,0.000636406,34.1715,4.96976,8.47315e-05,0.0134175,2,0.184005,0.0010917,4.961,0,6.35e-06,0.000289,8.31e-05,7.51e-06,0,6.93e-06,0.000687845,6.18e-05,2.89e-05,5.77e-06,2.54e-05,9.24e-06,2.98044e-05,4.04e-05,0.00327113,0.67731,0.9669,0.000958836,1.26596e-05,0.000151176,0.000216818,2.17013e-05,62.8443,0.0137198,-0.00104225,4.23701e-05,0.000162103,4.24062e-05,0.0025615,0.000728248,0.0139263,0.000728246,-8.8566e-06,3.13653e-06,0.00570806,0.0141966,0.0223161,0.00980044,0.0460796,1.04565,228,10,0.994231,0.990985,0.990985,0.992722,1.21431e-06,0.00016734,0.000238887,3.21337e-07,0.000965866,0.975696,0.683471,0.00329011,-0,0,0,0,0,0.000238685,0.000319718,0.000202384,0.000286422,-0.00105414,6.56455e-09,0.000131312,3.76282e-09,0.00233965,6.16855e-07,0.0133583,9.68138e-07,0.000296362,0.00156979,2.9183e-07,5.00797e-07,0.000107501,1.24543e-06,5.82465e-07,0.000314228,0.000546236,2.10547e-06,4.9835,2.17033e-05,0.000216819,0.00018571,1.27209e-05,0.000955494,-1.03714e-05,0.000398349,8.38612e-05,0.000557145,5.26937e-05,0.971657,-0.00403909,0.973189,0.000321147,-0.00153257,9.04253e-05,0.675984,-0.00748756,0.704626,0.000964698,-0.0286421,0.0194106,0.00326988,-2.02329e-05,0.00124907,0.000153455,0.00202081,0.000224877
ERF_Log_File_20250514_0623.csv,ig_zn_diff,13,fmfpe,12,2,filled_square,3.6um_lp,ERF_OSA207_Spectra_20250514_0623.csv,1.43126e+09,5.3571,0.000211332,0.861204,0.00224033,32.5002,5.01784,7.65007e-05,0.0123853,2,0.170411,0.00115429,4.928,0,6.35e-06,0.000289,8.31e-05,7.51e-06,0,6.93e-06,0.000573933,6.18e-05,2.89e-05,5.77e-06,2.54e-05,9.24e-06,2.61691e-05,4.04e-05,0.000662362,0.730438,0.966735,0.000135601,6.26553e-06,0.000427778,0.000567623,1.16359e-05,55.3111,0.032361,-0.00114528,9.87758e-05,7.38819e-05,9.87802e-05,0.00395072,0.000485016,0.0117311,0.000485016,1.66269e-05,2.10071e-06,0.00249729,0.00661526,0.0207367,0.00464658,0.110718,1.03583,228,10,0.994889,0.992449,0.992449,0.99368,2.05185e-07,0.000139274,0.00018433,3.70858e-08,0.000136463,0.97409,0.735996,0.000665765,-0,0,0,0,0,0.000271193,0.000344644,0.000227059,0.000325432,-0.000995417,1.29398e-08,0.000254657,9.66721e-09,0.00378019,1.13129e-07,0.0125554,2.5306e-07,0.000312519,0.00163356,2.07883e-07,1.01553e-07,6.39347e-05,7.8367e-07,0,0,0,0,5.00933,1.16378e-05,0.000567623,0.000432572,6.31398e-06,0.000136463,0,0.000321942,8.19948e-05,-0.000185479,4.17899e-05,0.97409,0,0.973092,0.000334013,0.000997893,2.04149e-05,0.735996,0,0.731578,0.00104812,0.00441701,0.0128526,0.000665765,0,0.000946332,0.000148029,-0.000280567,0.000157538
ERF_Log_File_20250514_1955.csv,ig_zn_diff,13,fmfpe,12,2,filled_square,3.6um_lp,ERF_OSA207_Spectra_20250514_1955.csv,1.43131e+09,5.1623,0.000334776,0.856955,0.00218,32.4994,5.02705,5.15805e-05,0.0123462,2,0.172687,0.00109433,4.936,0,6.35e-06,0.000289,8.31e-05,7.51e-06,0,6.93e-06,0.000575155,6.18e-05,2.89e-05,5.77e-06,2.54e-05,9.24e-06,2.66131e-05,4.04e-05,0.000553901,0.73837,0.966582,0.00014697,6.21644e-06,0.000459836,0.000602933,1.24964e-05,52.825,0.0328803,-0.00102749,9.58188e-05,0.000311806,9.58213e-05,0.00440105,0.000386525,0.0125466,0.000386525,4.98145e-05,1.67481e-06,0.00236733,0.00519032,0.0160769,0.00476408,0.112107,1.03644,228,10,0.994887,0.992437,0.992437,0.99368,1.72031e-07,0.000141235,0.000184887,4.01953e-08,0.000147905,0.973948,0.743997,0.000556748,-0,0,0,0,0,0.000283956,0.000354754,0.000235857,0.000340748,-0.000996584,1.29398e-08,0.000255711,9.66485e-09,0.00377795,1.12917e-07,0.0125546,2.52588e-07,0.000313074,0.00163325,1.34841e-07,1.55262e-08,3.65252e-05,4.96156e-07,0,0,0,0,5.01853,1.24971e-05,0.000602933,0.000461301,6.23606e-06,0.000147905,0,0.000297447,8.13323e-05,-0.000149543,4.02763e-05,0.973948,0,0.973088,0.00033733,0.000859851,4.63762e-06,0.743997,0,0.738644,0.00107834,0.00535241,0.0109099,0.000556748,0,0.000855122,0.0001461,-0.000298374,0.0001482
ERF_Log_File_20240903_2012.csv,ig_zn_diff,12,emfpe,3,0,filled_square,3.6um_lp,ERF_OSA207_Spectra_20240903_2012.csv,1.40945e+09,2.63255,8.36985e-05,0.901119,0.00130869,34.1707,5.02769,0.000110352,0.0213264,2,0.190012,0.00198613,4.875,0,6.35e-06,0.000289,8.31e-05,7.51e-06,0,6.93e-06,0.00069549,6.18e-05,2.89e-05,5.77e-06,2.54e-05,9.24e-06,2.66437e-05,4.04e-05,0.00083965,0.7557,0.969619,0.000262365,1.47669e-05,0.000228897,0.000291467,2.60158e-05,70.8929,0.0212074,-0.00107203,5.65559e-05,0.000144458,5.65691e-05,0.00405417,0.000530401,0.0116289,0.0005304,2.1934e-06,2.27782e-06,0.00752212,0.0183989,0.0144271,0.0132538,0.071692,1.04564,228,10,0.994218,0.990889,0.990889,0.9927,3.16763e-07,0.000190483,0.000244404,8.8556e-08,0.000264294,0.978534,0.762648,0.000844533,-0,0,0,0,0,0.000211587,0.000300454,0.000192159,0.000253904,-0.00102426,5.70657e-09,0.000104603,4.46673e-09,0.00365144,4.85971e-07,0.0115931,1.07118e-06,0.000282216,0.00152445,2.60717e-07,4.14439e-07,4.92807e-05,8.97715e-07,1.59383e-07,0.000319279,0.000609191,5.4045e-07,5.04159,2.60171e-05,0.000291467,0.00023426,1.4794e-05,0.000261456,-2.83797e-06,0.000240063,7.94998e-05,2.13929e-05,3.65675e-05,0.974423,-0.00411152,0.973137,0.000344775,0.0012863,5.81282e-05,0.754294,-0.00835496,0.7518,0.0018711,0.00249328,0.00691198,0.00083934,-5.19356e-06,0.000650556,0.000142269,0.000188784,0.000125911
ERF_Log_File_20250116_1254.csv,ig_zn_diff,12,emfpe,6,1,filled_square,3.6um_lp,ERF_OSA207_Spectra_20250116_1254.csv,1.42109e+09,5.2708,0.000236567,0.849606,0.00183334,34.1713,5.10031,3.96955e-05,0.0115224,2,0.179155,0.000840721,4.961,0,6.35e-06,0.000289,8.31e-05,7.51e-06,0,6.93e-06,0.000705619,6.18e-05,2.89e-05,5.77e-06,2.54e-05,9.24e-06,3.01439e-05,4.04e-05,0.000230225,0.771453,0.967207,0.000119339,1.62942e-05,0.000283819,0.000353996,3.61065e-05,53.9975,0.0197172,-0.00104108,6.67601e-05,0.000175417,6.67679e-05,0.00381412,0.000460699,0.0129818,0.000460698,5.23784e-05,1.99756e-06,0.00632332,0.0134685,0.00929859,0.0140077,0.0663737,1.04578,228,10,0.994202,0.990768,0.990768,0.9927,8.85902e-08,0.000199331,0.000249911,4.02804e-08,0.000120217,0.976219,0.778641,0.000231568,-0,0,0,0,0,0.000277791,0.000349922,0.000234285,0.000333349,-0.00101279,1.02919e-08,0.000127982,7.04847e-09,0.00330098,6.73994e-07,0.0131507,7.87554e-07,0.000285193,0.00164517,7.22902e-08,3.31781e-07,6.2002e-06,2.04678e-07,7.47528e-08,0.000345035,0.000710279,1.52837e-07,5.09485,3.61066e-05,0.000353996,0.000283889,1.62955e-05,0.000119565,-6.5185e-07,0.000128897,7.51153e-05,-9.33212e-06,2.84845e-05,0.973688,-0.00253104,0.97348,0.000345712,0.000208428,0.000130731,0.767333,-0.0113088,0.765925,0.00442069,0.0014081,0.00244306,0.000231817,2.49268e-07,0.000299391,0.000134418,-6.75741e-05,8.06491e-05
ERF_Log_File_20250212_2045.csv,ig_zn_diff,12,emfpe,8,1,filled_square,3.6um_lp,ERF_OSA207_Spectra_20250212_2045.csv,1.42345e+09,5.32117,0.000232508,0.856451,0.00187783,34.1709,5.11688,5.30605e-05,0.0115471,2,0.175564,0.000983542,5,0,6.35e-06,0.000289,8.31e-05,7.51e-06,0,6.93e-06,0.000708036,6.18e-05,2.89e-05,5.77e-06,2.54e-05,9.24e-06,3.09427e-05,4.04e-05,0.000167663,0.774542,0.967501,0.000196421,1.46738e-05,0.000375644,0.000468675,2.90373e-05,54.6873,0.0264508,-0.0010374,8.40869e-05,0.000152343,8.40921e-05,0.000708943,0.000453925,0.0134174,0.000453924,2.62176e-05,1.95813e-06,0.00576762,0.0109774,0.0100413,0.0114116,0.0897534,1.04548,228,10,0.994198,0.990741,0.990741,0.9927,6.48043e-08,0.000201253,0.00025139,6.62979e-08,0.000197865,0.976543,0.781781,0.000168641,-0,0,0,0,0,0.000274287,0.000347186,0.000232286,0.000329144,-0.000929001,3.19773e-08,7.52395e-05,2.80388e-08,0.00127598,5.94276e-07,0.0130821,6.3479e-07,0.00025106,0.00143581,8.82765e-08,4.7037e-07,7.50665e-06,2.3099e-07,1.23036e-07,0.000346445,0.000711484,1.11305e-07,5.11141,2.90374e-05,0.000468675,0.000375721,1.46756e-05,0.000196793,-1.07289e-06,0.000100065,7.38635e-05,9.6727e-05,2.61067e-05,0.974003,-0.00253936,0.973623,0.000349671,0.000380253,0.000139107,0.770523,-0.0112573,0.768372,0.00491632,0.00215131,0.00222,0.000168823,1.81532e-07,0.000220785,0.000132012,-5.19623e-05,6.83126e-05
ERF_Log_File_20240917_1055.csv,ig_zn_diff,12,emfpe,3,0,filled_square,2.4um_lp,ERF_OSA207_Spectra_20240917_1055.csv,1.41063e+09,2.72377,0.000168239,0.966268,0.00254818,34.1714,5.13889,7.49753e-05,0.0317488,2,0.188973,0.00097705,4.961,0,6.35e-06,0.000289,8.31e-05,7.51e-06,0,6.93e-06,0.000710731,6.18e-05,2.89e-05,5.77e-06,2.54e-05,9.24e-06,3.20031e-05,4.04e-05,0.000189887,0.773611,0.968331,0.000175832,1.18027e-05,0.000203157,0.000254032,2.44323e-05,72.6552,0.0188744,-0.00107448,4.96913e-05,0.000259044,4.97088e-05,0.00307389,0.000560716,0.0109129,0.000560714,-2.63052e-05,2.40813e-06,0.00616589,0.0152013,0.0188828,0.0127658,0.0617984,1.0443,228,10,0.994193,0.990704,0.990704,0.9927,7.38271e-08,0.000202505,0.000253476,5.93486e-08,0.000177125,0.977417,0.78087,0.000190996,-0,0,0,0,0,0.000206455,0.000296659,0.000190755,0.000247746,-0.0010272,6.05512e-09,0.000101838,4.74375e-09,0.00362096,5.01155e-07,0.0116516,1.10466e-06,0.000282259,0.00152726,9.66513e-08,6.21015e-07,8.08325e-06,1.9334e-07,1.06815e-07,0.000326852,0.000618099,1.22226e-07,5.1531,2.44325e-05,0.000254033,0.000203321,1.18043e-05,0.000175223,-1.90196e-06,3.86209e-05,7.13569e-05,0.000136602,2.03937e-05,0.973195,-0.00422245,0.97399,0.00038684,-0.000795334,0.000131036,0.772495,-0.00837479,0.773585,0.00437704,-0.00108948,0.00170559,0.000189822,-1.17455e-06,7.75199e-05,0.000126152,0.000112302,4.07953e-05
ERF_Log_File_20240917_1128.csv,ig_zn_diff,12,emfpe,3,0,filled_square,2.4um_lp,ERF_OSA207_Spectra_20240917_1128.csv,1.41063e+09,3.18522,0.000126851,0.50025,0.000131786,34.1721,5.13941,0.000118051,0.017317,2,0.195391,0.00144041,4.961,0,6.35e-06,0.000289,8.31e-05,7.51e-06,0,6.93e-06,0.000710795,6.18e-05,2.89e-05,5.77e-06,2.54e-05,9.24e-06,3.20284e-05,4.04e-05,0.00014891,0.772574,0.967561,-1.11047e-05,2.39799e-05,0.000323362,0.000402489,4.09004e-05,41.277,0.0171045,-0.00123758,7.76422e-05,0.000144768,7.76562e-05,0.00557456,0.00065591,0.0132411,0.000655908,-0.00013646,2.81801e-06,0.00711007,0.0135495,0.010373,0.012137,0.0580489,1.04568,228,10,0.994193,0.990703,0.990703,0.9927,5.79036e-08,0.000202269,0.000253318,-3.74817e-09,-1.11864e-05,0.976641,0.779824,0.00014978,0,0,0,0,0,0.000363399,0.000421152,0.000290599,0.000436078,-0.00102713,6.05512e-09,0.000101789,4.74935e-09,0.00362081,5.01241e-07,0.0116519,1.10482e-06,0.00028223,0.00152727,1.5165e-07,9.75058e-07,1.26743e-05,3.02052e-07,6.74593e-09,0.000326629,0.000617247,9.585e-08,5.15362,4.09007e-05,0.00040249,0.000323616,2.39818e-05,-1.10662e-05,1.20118e-07,3.79473e-05,7.13256e-05,-4.90135e-05,2.03247e-05,0.972421,-0.00421964,0.973994,0.00038739,-0.00157309,0.000130681,0.771461,-0.00836274,0.773641,0.00437029,-0.00217974,0.00169866,0.000148859,-9.21089e-07,7.6169e-05,0.000126079,7.26896e-05,4.04821e-05
ERF_Log_File_20240903_2046.csv,ig_zn_diff,12,emfpe,3,0,filled_square,3.6um_lp,ERF_OSA207_Spectra_20240903_2046.csv,1.40945e+09,2.52608,0.000108444,0.901063,0.00279715,34.1717,5.15437,9.41215e-05,0.0215502,2,0.196975,0.00175259,4.961,0,6.35e-06,0.000289,8.31e-05,7.51e-06,0,6.93e-06,0.00071281,6.18e-05,2.89e-05,5.77e-06,2.54e-05,9.24e-06,3.27493e-05,4.04e-05,0.000127481,0.77631,0.969979,7.27718e-05,1.432e-05,0.00024992,0.000310551,2.78424e-05,66.3315,0.0210788,-0.0010847,6.06575e-05,5.04514e-05,6.0677e-05,0.00342036,0.000658179,0.0119781,0.000658178,1.40492e-05,2.82642e-06,0.00682921,0.0195465,0.0174737,0.0132769,0.071366,1.04475,228,10,0.99419,0.990678,0.990678,0.9927,4.9768e-08,0.000204268,0.000255227,2.45627e-08,7.33069e-05,0.979106,0.783615,0.000128226,0,0,0,0,0,0.000226137,0.000310927,0.000202634,0.000271364,-0.00102768,6.0884e-09,0.000101424,4.78466e-09,0.00361646,5.03426e-07,0.0116596,1.10963e-06,0.000282275,0.00152761,1.08942e-07,6.97068e-07,8.85981e-06,1.8882e-07,4.42077e-08,0.000328524,0.000619366,8.20569e-08,5.16862,2.78426e-05,0.000310552,0.00025008,1.43212e-05,7.25198e-05,-7.87165e-07,1.96372e-05,7.04255e-05,5.28825e-05,1.83663e-05,0.97486,-0.0042458,0.974112,0.000403478,0.000748186,0.000117517,0.775235,-0.00837941,0.775153,0.00417608,8.24162e-05,0.00149365,0.000127437,-7.88542e-07,4.19998e-05,0.00012397,8.54377e-05,3.18326e-05
ERF_Log_File_20250110_1732.csv,ig_zn_diff,12,emfpe,6,1,filled_square,none,ERF_OSA207_Spectra_20250110_1731.csv,1.42059e+09,2.30413,0.000189035,0.852624,0.00156908,34.1712,5.15828,4.19461e-05,0.0122787,2,0.181487,0.000909139,5,0,6.35e-06,0.000289,8.31e-05,7.51e-06,0,6.93e-06,0.000713454,6.18e-05,2.89e-05,5.77e-06,2.54e-05,9.24e-06,3.29381e-05,4.04e-05,6.33702e-05,0.774841,0.965872,0.000128946,1.86642e-05,0.000462247,0.000575253,3.27358e-05,58.8814,0.0350405,-0.000905365,9.71168e-05,0.000184131,9.71206e-05,0.0029314,0.000437611,0.012644,0.00043761,3.71418e-05,1.89487e-06,0.00789815,0.0137469,0.00964763,0.0138498,0.119138,1.04571,228,10,0.994189,0.990672,0.990672,0.9927,2.47651e-08,0.000204149,0.00025448,4.35233e-08,0.000129894,0.974966,0.782137,6.37406e-05,-0,0,0,0,0,0.000254749,0.000331738,0.00022002,0.000305699,-0.00102371,1.04877e-08,0.000133139,7.18323e-09,0.00334893,6.68748e-07,0.0131711,7.81427e-07,0.000289213,0.00165201,5.41949e-08,3.48067e-07,4.53446e-06,1.08711e-07,8.07705e-08,0.000349119,0.00070778,4.20695e-08,5.15276,3.27358e-05,0.000575253,0.00046227,1.86645e-05,0.00012919,-7.04325e-07,3.90562e-05,7.13772e-05,9.01337e-05,2.04383e-05,0.972413,-0.00255387,0.973987,0.000386486,-0.00157453,0.000131265,0.771116,-0.0110212,0.773548,0.0043814,-0.00243267,0.00171007,6.38092e-05,6.86129e-08,7.83926e-05,0.0001262,-1.45834e-05,4.09976e-05
ERF_Log_File_20250513_1425.csv,ig_zn_diff,13,fmfpe,12,2,filled_square,3.6um_lp,ERF_OSA207_Spectra_20250513_1425.csv,1.4312e+09,5.03321,0.000219838,0.854665,0.00542357,32.4998,5.17848,5.41003e-05,0.0132972,2,0.180674,0.00113135,5.063,0,6.35e-06,0.000289,8.31e-05,7.51e-06,0,6.93e-06,0.00059284,6.18e-05,2.89e-05,5.77e-06,2.54e-05,9.24e-06,3.39112e-05,4.04e-05,9.16652e-05,0.774208,0.969554,4.95972e-05,9.33844e-06,0.00130558,0.00163487,8.9956e-06,50.6182,0.0853466,-0.00100015,0.000130129,-6.57931e-06,0.000130129,0.00333346,0.000353864,0.011359,0.000353864,0.000124021,1.53268e-06,0.00341346,0.00848355,0.00672844,0.003286,0.319921,1.03601,228,10,0.994857,0.99223,0.99223,0.99368,2.96767e-08,0.000155912,0.000195252,1.35645e-08,4.99126e-05,0.977146,0.780271,9.21391e-05,-0,0,0,0,0,0.000296336,0.00036512,0.000246397,0.000355603,-0.00101487,1.32493e-08,0.000270175,9.89676e-09,0.00374,1.12392e-07,0.0125444,2.51404e-07,0.000321262,0.00162844,6.21333e-08,3.96666e-07,5.03994e-06,1.06477e-07,0,0,0,0,5.1697,8.99581e-06,0.00163487,0.00130559,9.33905e-06,4.99126e-05,0,1.83955e-05,7.03609e-05,3.15172e-05,1.82275e-05,0.977146,0,0.97412,0.000404637,0.00302624,0.000116367,0.780271,0,0.775254,0.00416213,0.00501682,0.00147853,9.21391e-05,0,3.9862e-05,0.000123818,5.22771e-05,3.12362e-05
ERF_Log_File_20250514_1111.csv,ig_zn_diff,13,fmfpe,12,2,filled_square,3.6um_lp,ERF_OSA207_Spectra_20250514_1110.csv,1.43128e+09,4.09147,0.000187814,0.300076,0.000263215,33.8001,5.17886,7.14183e-05,0.0051644,2,0.173293,0.00163215,5.063,0,6.35e-06,0.000289,8.31e-05,7.51e-06,0,6.93e-06,0.000592892,6.18e-05,2.89e-05,5.77e-06,2.54e-05,9.24e-06,3.39296e-05,4.04e-05,-1.77547e-05,0.777798,0.974775,7.96625e-05,1.54303e-05,0.00352225,0.00441422,3.15094e-05,20.6647,0.0935776,-0.00116406,0.000176152,0.000631443,0.000176153,0.00393747,0.000449305,0.0131433,0.000449305,-2.42884e-06,1.94588e-06,0.00229116,0.00386914,0.00395503,0.00467849,0.317361,1.04586,228,10,0.994857,0.992229,0.992229,0.99368,-5.74869e-09,0.000156655,0.000196328,2.17871e-08,8.01692e-05,0.982409,0.78389,-1.78465e-05,-0,0,0,0,0,0.000725876,0.000756891,0.000544944,0.000871051,-0.00101492,1.32504e-08,0.000270214,9.89676e-09,0.0037399,1.12392e-07,0.0125444,2.51413e-07,0.000321284,0.00162843,8.17968e-08,5.21782e-07,6.62882e-06,1.39605e-07,0,0,0,0,5.17008,3.15095e-05,0.00441422,0.00352226,1.54309e-05,8.01692e-05,0,1.79584e-05,7.03381e-05,6.22108e-05,1.81787e-05,0.982409,0,0.974123,0.000405046,0.00828632,0.000115962,0.78389,0,0.775289,0.00415722,0.00860022,0.0014732,-1.78465e-05,0,3.91094e-05,0.000123765,-5.69559e-05,3.10262e-05
ERF_Log_File_20250513_1644.csv,ig_zn_diff,13,fmfpe,12,2,filled_square,3.6um_lp,ERF_OSA207_Spectra_20250513_1644.csv,1.43121e+09,4.96216,0.000230981,0.839007,0.00235072,32.4999,5.18191,7.49853e-05,0.0134135,2,0.180453,0.00140566,5.063,0,6.35e-06,0.000289,8.31e-05,7.51e-06,0,6.93e-06,0.000593244,6.18e-05,2.89e-05,5.77e-06,2.54e-05,9.24e-06,3.40769e-05,4.04e-05,0.000100339,0.775947,0.970839,2.41013e-05,9.32448e-06,0.000414272,0.000518249,1.1439e-05,49.6612,0.0264914,-0.00110883,8.02146e-05,0.000445183,8.02164e-05,0.00348511,0.000312304,0.0118146,0.000312303,1.77692e-05,1.35319e-06,0.00332749,0.0060588,0.00689193,0.00408172,0.0897667,1.04586,228,10,0.994857,0.992225,0.992225,0.99368,3.25147e-08,0.000156442,0.000195735,6.59153e-09,2.42546e-05,0.978446,0.782027,0.000100858,-0,0,0,0,0,0.000302047,0.000369933,0.000250219,0.000362456,-0.00101528,1.32586e-08,0.000270458,9.90291e-09,0.00373912,1.12443e-07,0.0125442,2.51522e-07,0.000321434,0.00162834,8.39886e-08,5.31348e-07,6.75244e-06,1.38637e-07,0,0,0,0,5.17312,1.14393e-05,0.000518249,0.000414328,9.32551e-06,2.42546e-05,0,1.45125e-05,7.01555e-05,9.74214e-06,1.77883e-05,0.978446,0,0.974145,0.000408308,0.00430154,0.000112537,0.782027,0,0.775568,0.0041178,0.00645976,0.00143013,0.000100858,0,3.33323e-05,0.000123336,6.75254e-05,2.93626e-05
ERF_Log_File_20241010_0814.csv,ig_zn_diff,12,emfpe,5,0,filled_square,3.6um_lp,ERF_OSA207_Spectra_20241010_0814.csv,1.41261e+09,3.31776,0.000744196,0.824151,0.000727165,34.1744,5.24057,6.51995e-05,0.0115079,2,0.201758,0.000940443,5.25,0,6.35e-06,0.000289,8.31e-05,7.51e-06,0,6.93e-06,0.000724571,6.18e-05,2.89e-05,5.77e-06,2.54e-05,9.24e-06,3.6904e-05,4.04e-05,3.59134e-06,0.775306,0.966669,8.07416e-05,1.66018e-05,0.000223996,0.000278975,3.60403e-05,49.6158,0.0140501,-0.0010115,5.48132e-05,7.84375e-05,5.48508e-05,0.00380433,0.000845028,0.0118947,0.000845026,1.82548e-05,3.65441e-06,0.00591913,0.0158039,0.0191372,0.0128482,0.0475911,1.04587,228,10,0.99417,0.990534,0.990534,0.9927,1.43398e-09,0.00020992,0.000261734,2.72527e-08,8.13353e-05,0.975907,0.782715,3.6124e-06,0,0,0,0,0,0.000302323,0.00036963,0.000250354,0.000362788,-0.00107975,7.77365e-09,9.08444e-05,4.45536e-09,0.00408013,6.73108e-07,0.0131012,1.05642e-06,0.000292648,0.00171814,3.24893e-08,6.935e-08,4.70765e-07,2.29941e-08,4.90492e-08,0.000333598,0.000595135,2.31172e-09,5.25506,3.60403e-05,0.000278975,0.000223996,1.66018e-05,8.0462e-05,-8.73373e-07,-5.10415e-05,5.84004e-05,0.000131503,8.03918e-06,0.971586,-0.00432069,0.974396,0.000470949,-0.00280984,1.716e-05,0.77385,-0.0088656,0.779663,0.00420395,-0.00581307,0.000116487,3.59019e-06,-2.22149e-08,-1.9524e-05,0.000111149,2.31142e-05,5.68968e-06
ERF_Log_File_20241010_0921.csv,ig_zn_diff,12,emfpe,5,0,filled_square,3.6um_lp,ERF_OSA207_Spectra_20241010_0921.csv,1.41261e+09,3.39975,0.00068143,0.825246,0.00100082,34.1723,5.24373,6.23042e-05,0.0115713,2,0.200742,0.000831171,5.25,0,6.35e-06,0.000289,8.31e-05,7.51e-06,0,6.93e-06,0.000724967,6.18e-05,2.89e-05,5.77e-06,2.54e-05,9.24e-06,3.70561e-05,4.04e-05,-6.42362e-05,0.776349,0.967868,4.09708e-05,1.55011e-05,0.000235556,0.000289596,3.22909e-05,50.8996,0.0150267,-0.00114948,5.70815e-05,6.15387e-05,5.71173e-05,0.00487486,0.000845922,0.0143367,0.00084592,3.45607e-05,3.65597e-06,0.00567083,0.0199903,0.0170848,0.0118106,0.0506023,1.04555,228,10,0.99417,0.990529,0.990529,0.9927,-2.56697e-08,0.000210421,0.000262331,1.38289e-08,4.12721e-05,0.977122,0.783772,-6.46129e-05,0,0,0,0,0,0.000294698,0.000363574,0.00024549,0.000353637,-0.00108066,7.79208e-09,9.16165e-05,4.46608e-09,0.00408998,6.76318e-07,0.0130961,1.06146e-06,0.000293069,0.00171861,2.96837e-08,8.45364e-08,2.30793e-07,2.57629e-08,2.48891e-08,0.000334239,0.000595106,4.13483e-08,5.25823,3.22909e-05,0.000289596,0.000235556,1.55011e-05,4.08289e-05,-4.43177e-07,-5.25884e-05,5.78829e-05,9.34173e-05,7.69093e-06,0.972793,-0.00432931,0.974392,0.000473255,-0.00159928,2.1903e-05,0.774876,-0.00889591,0.77968,0.00421796,-0.00480424,5.97976e-05,-6.42155e-05,3.97345e-07,-1.83153e-05,0.000110671,-4.59003e-05,6.67507e-06
ERF_Log_File_20240903_2120.csv,ig_zn_diff,12,emfpe,3,0,filled_square,3.6um_lp,ERF_OSA207_Spectra_20240903_2119.csv,1.40946e+09,2.45746,8.92395e-05,0.903748,0.00503244,34.1709,5.26702,0.000111069,0.0205673,2,0.205158,0.00176682,5.05,0,6.35e-06,0.000289,8.31e-05,7.51e-06,0,6.93e-06,0.000728191,6.18e-05,2.89e-05,5.77e-06,2.54e-05,9.24e-06,3.81786e-05,4.04e-05,7.31501e-05,0.779256,0.970729,0.000111074,1.60311e-05,0.000208164,0.000257648,3.06155e-05,63.2205,0.0166623,-0.00101088,5.0271e-05,6.75422e-05,5.02868e-05,0.00236076,0.000538527,0.00929596,0.000538526,5.87702e-06,2.31248e-06,0.00728373,0.0155049,0.0137142,0.0139097,0.05589,1.04554,228,10,0.994164,0.99049,0.99049,0.9927,2.9407e-08,0.000212827,0.000265121,3.74908e-08,0.000111891,0.980049,0.786738,7.35795e-05,-0,0,0,0,0,0.000237265,0.000319222,0.000209611,0.000284718,-0.00103268,6.57842e-09,0.000100189,5.16231e-09,0.00358172,5.20938e-07,0.0117167,1.14827e-06,0.000283216,0.00152984,3.55535e-08,3.78946e-07,2.54434e-06,8.96671e-08,6.74757e-08,0.000336908,0.000591283,4.70864e-08,5.28158,3.06155e-05,0.000257648,0.00020818,1.60313e-05,0.000110689,-1.20148e-06,-6.18623e-05,5.38856e-05,0.000172552,5.19029e-06,0.975683,-0.00436626,0.974336,0.000487935,0.00134691,5.53206e-05,0.777673,-0.00906489,0.779457,0.00409065,-0.00178402,0.000371436,7.3127e-05,-4.52486e-07,-3.83987e-06,0.000107921,7.69669e-05,1.30901e-05
ERF_Log_File_20250513_1751.csv,ig_zn_diff,13,fmfpe,12,2,filled_square,3.6um_lp,ERF_OSA207_Spectra_20250513_1751.csv,1.43122e+09,4.91579,0.0002213,0.831241,0.000960847,32.5,5.31671,6.68843e-05,0.0138087,2,0.186099,0.00125185,5.206,0,6.35e-06,0.000289,8.31e-05,7.51e-06,0,6.93e-06,0.000608293,6.18e-05,2.89e-05,5.77e-06,2.54e-05,9.24e-06,4.05737e-05,4.04e-05,4.37922e-05,0.771822,0.967316,7.42195e-07,6.69223e-06,0.000702949,0.000880892,1.49016e-05,48.3727,0.0440441,-0.0012256,9.2195e-05,0.000167135,9.21953e-05,0.00403393,0.000269115,0.0122411,0.000269114,-1.56306e-05,1.16619e-06,0.00232618,0.0057308,0.00528218,0.00518027,0.149587,1.04567,228,10,0.99483,0.99204,0.99204,0.99368,1.47015e-08,0.000162692,0.0002039,2.02985e-10,7.46916e-07,0.975078,0.778015,4.40198e-05,-0,0,0,0,0,0.000310092,0.000376092,0.000255176,0.000372111,-0.00102979,1.39743e-08,0.000279529,1.04358e-08,0.00370483,1.16526e-07,0.012544,2.60657e-07,0.00032733,0.00162488,1.03773e-08,3.67632e-07,3.6158e-06,7.61137e-08,0,0,0,0,5.3077,1.49016e-05,0.000880892,0.000702958,6.69266e-06,7.46916e-07,0,-6.80447e-05,4.90852e-05,6.87916e-05,2.52816e-06,0.975078,0,0.974219,0.000501325,0.000858325,8.95639e-05,0.778015,0,0.778456,0.00353165,-0.000440665,0.000880897,4.40198e-05,0,2.18179e-05,0.000106236,2.22019e-05,1.85431e-05
ERF_Log_File_20240903_2153.csv,ig_zn_diff,12,emfpe,3,0,filled_square,3.6um_lp,ERF_OSA207_Spectra_20240903_2153.csv,1.40946e+09,2.37219,8.50379e-05,0.901775,0.00626994,34.1719,5.35791,0.000131967,0.0199067,2,0.208696,0.00233624,5.142,0,6.35e-06,0.000289,8.31e-05,7.51e-06,0,6.93e-06,0.000740718,6.18e-05,2.89e-05,5.77e-06,2.54e-05,9.24e-06,4.25594e-05,4.04e-05,2.09381e-05,0.7734,0.970666,3.00711e-05,1.58836e-05,0.000247416,0.00030804,3.67673e-05,60.2676,0.0190682,-0.000987569,5.88324e-05,8.89417e-05,5.88417e-05,0.0038266,0.000461995,0.0129312,0.000461994,4.87788e-05,1.98414e-06,0.00688026,0.0159147,0.0102502,0.0159218,0.0647422,1.04562,228,10,0.994144,0.990338,0.990338,0.9927,8.61247e-09,0.000217537,0.000273023,1.01499e-08,3.02922e-05,0.980136,0.780945,2.10614e-05,0,0,0,0,0,0.00024889,0.000327946,0.000216267,0.000298668,-0.00103812,6.99735e-09,0.000100237,5.50129e-09,0.00355116,5.36075e-07,0.0117623,1.18162e-06,0.000284589,0.00153135,2.79931e-08,1.28644e-06,1.81819e-05,1.95066e-07,1.82677e-08,0.000343448,0.000564857,1.3478e-08,5.37273,3.67673e-05,0.000308043,0.000248079,1.58848e-05,2.9967e-05,-3.25276e-07,-6.58674e-05,4.19527e-05,9.58344e-05,3.4988e-06,0.975676,-0.00445986,0.973717,0.000552086,0.00195969,0.00016079,0.771429,-0.00951671,0.772267,0.00238107,-0.000837781,0.00227251,2.09319e-05,-1.2952e-07,0.000110563,0.000102075,-8.96315e-05,2.43808e-05
ERF_Log_File_20250116_1328.csv,ig_zn_diff,12,emfpe,6,1,filled_square,3.6um_lp,ERF_OSA207_Spectra_20250116_1327.csv,1.4211e+09,4.94946,0.000203295,0.825388,0.00103562,34.1716,5.39584,5.9144e-05,0.012581,2,0.195702,0.00120108,5.25,0,6.35e-06,0.000289,8.31e-05,7.51e-06,0,6.93e-06,0.00074669,6.18e-05,2.89e-05,5.77e-06,2.54e-05,9.24e-06,4.43873e-05,4.04e-05,1.30317e-05,0.770092,0.967772,8.92682e-05,2.01206e-05,0.000520988,0.000653597,3.59886e-05,48.4178,0.0326788,-0.00114432,0.000106791,8.63878e-05,0.000106794,0.00542067,0.000451704,0.0142552,0.000451703,4.29816e-05,1.95854e-06,0.00700236,0.0124218,0.0080089,0.0125215,0.114108,1.04546,228,10,0.994135,0.990274,0.990274,0.9927,5.41085e-09,0.000219249,0.00027553,3.01307e-08,8.99246e-05,0.977277,0.777655,1.31086e-05,0,0,0,0,0,0.000309803,0.000375911,0.000254869,0.000371764,-0.00106405,1.16144e-08,0.00016128,7.95511e-09,0.00350717,6.98512e-07,0.0132705,8.16206e-07,0.000306332,0.00167777,1.7741e-08,6.30716e-07,9.55262e-06,8.61674e-08,5.59168e-08,0.000368525,0.000641619,8.65182e-09,5.39007,3.59886e-05,0.000653597,0.000521076,2.01208e-05,8.94371e-05,-4.87598e-07,-6.14218e-05,4.43336e-05,0.000150859,4.96365e-06,0.974612,-0.00266537,0.973539,0.000568287,0.00107224,0.000176464,0.766438,-0.0112175,0.769673,0.00228655,-0.00323462,0.00267266,1.31227e-05,1.41106e-08,0.00013609,0.000100989,-0.000122967,2.41082e-05
ERF_Log_File_20240904_0954.csv,ig_zn_diff,12,emfpe,3,0,filled_square,3.6um_lp,ERF_OSA207_Spectra_20240904_0954.csv,1.4095e+09,4.99432,0.000142641,0.809583,0.0142043,34.1723,5.44983,0.000137044,0.0154752,2,0.217319,0.00177907,5.238,0,6.35e-06,0.000289,8.31e-05,7.51e-06,0,6.93e-06,0.00075386,6.18e-05,2.89e-05,5.77e-06,2.54e-05,9.24e-06,4.69896e-05,4.04e-05,0.000115699,0.754762,0.965295,1.0043e-05,1.53656e-05,0.000433765,0.000601916,3.20988e-05,50.3119,0.0286277,-0.00117542,0.000110013,-0.000128115,0.000110081,0.00413452,0.00162782,0.010275,0.00162782,8.82086e-05,6.98932e-06,0.00555708,0.0217393,0.0898003,0.0116027,0.0970346,1.04561,228,10,0.994123,0.990184,0.990184,0.9927,4.86754e-08,0.000218589,0.000279562,3.38981e-09,1.01169e-05,0.974864,0.762244,0.000116383,0,0,0,0,0,0.00029814,0.000366042,0.00024621,0.000357768,-0.00104541,7.46834e-09,0.000101076,5.86453e-09,0.00351806,5.51974e-07,0.011809,1.21667e-06,0.000286622,0.00153271,8.67036e-08,1.84293e-06,3.61598e-05,1.18129e-07,6.10096e-09,0.000348147,0.000531929,7.4478e-08,5.4649,3.20989e-05,0.000601919,0.00043525,1.53661e-05,1.00082e-05,-1.08634e-07,-2.60576e-05,5.21638e-05,3.60658e-05,1.06145e-05,0.970335,-0.00452902,0.972625,0.000623417,-0.00228929,0.000225615,0.752452,-0.00979202,0.753717,0.00207918,-0.00126525,0.00442677,0.000115667,-7.15712e-07,0.000227691,0.000101694,-0.000112024,1.44616e-05
ERF_Log_File_20250514_1922.csv,ig_zn_diff,13,fmfpe,12,2,filled_square,3.6um_lp,ERF_OSA207_Spectra_20250514_1921.csv,1.43131e+09,4.59175,0.000295021,0.82565,0.00759204,32.5001,5.4693,6.93331e-05,0.0147583,2,0.192867,0.00124979,5.365,0,6.35e-06,0.000289,8.31e-05,7.51e-06,0,6.93e-06,0.000625636,6.18e-05,2.89e-05,5.77e-06,2.54e-05,9.24e-06,4.79277e-05,4.04e-05,0.000108256,0.750882,0.964148,2.46831e-05,8.90961e-06,0.000599096,0.000757794,1.55219e-05,44.3854,0.034736,-0.00107106,0.000147997,0.000437029,0.000148033,0.00389046,0.00139305,0.0126466,0.00139305,-1.97138e-06,6.03459e-06,0.00284498,0.0387661,0.0212182,0.00495665,0.117734,1.04326,228,10,0.9948,0.99183,0.99183,0.99368,3.77636e-08,0.000166228,0.00021344,6.75066e-09,2.48401e-05,0.97209,0.757067,0.000108822,-0,0,0,0,0,0.000337949,0.000399,0.000272223,0.000405539,-0.00104471,1.50692e-08,0.000285853,1.12555e-08,0.00366728,1.24764e-07,0.012559,2.79083e-07,0.000332641,0.00162263,4.25173e-08,9.24047e-07,1.78457e-05,6.38102e-08,0,0,0,0,5.46003,1.5522e-05,0.000757795,0.000599358,8.90984e-06,2.48401e-05,0,-2.9096e-05,5.20707e-05,5.39361e-05,1.02792e-05,0.97209,0,0.97269,0.000617456,-0.000599822,0.000223402,0.757067,0,0.754988,0.00205782,0.002079,0.00431445,0.000108822,0,0.000223359,0.00010073,-0.000114537,1.5427e-05
ERF_Log_File_20240828_2108.csv,ig_zn_diff,12,emfpe,3,0,filled_square,none,ERF_OSA207_Spectra_20240828_2108.csv,1.40894e+09,2.46494,7.29346e-05,0.878035,0.0138926,34.1722,5.46973,0.000351911,0.0231006,2,0.2027,0.00444792,5.25,0,6.35e-06,0.000289,8.31e-05,7.51e-06,0,6.93e-06,0.000756455,6.18e-05,2.89e-05,5.77e-06,2.54e-05,9.24e-06,4.79483e-05,4.04e-05,0.000107468,0.7545,0.967284,7.06881e-05,2.15844e-05,0.00033761,0.000430204,2.97781e-05,62.7171,0.027783,-0.00112832,8.30863e-05,0.000137538,8.3102e-05,0.00349441,0.000709465,0.011705,0.000709463,-0.000138498,3.04512e-06,0.00972444,0.0216078,0.0170463,0.0134272,0.094265,1.04557,228,10,0.994119,0.99015,0.99015,0.9927,4.54302e-08,0.000219886,0.000281898,2.38593e-08,7.12079e-05,0.976907,0.762006,0.000108104,0,0,0,0,0,0.000239169,0.000320136,0.000208735,0.000287003,-0.00104719,7.57962e-09,0.000101362,5.94107e-09,0.00351059,5.55473e-07,0.0118193,1.22436e-06,0.000287137,0.00153299,2.49573e-07,4.87551e-06,0.000102069,2.24747e-07,4.29419e-08,0.000350295,0.000527889,6.91798e-08,5.48485,2.97791e-05,0.000430234,0.000352517,2.15856e-05,7.04433e-05,-7.64626e-07,-1.26617e-05,5.25449e-05,8.3105e-05,1.19418e-05,0.972348,-0.00455863,0.972352,0.000650229,-3.9914e-06,0.000233287,0.752109,-0.00989674,0.748191,0.0021673,0.00391841,0.00488386,0.000107439,-6.64798e-07,0.000242622,0.000105639,-0.000135183,1.07539e-05
ERF_Log_File_20250513_2134.csv,ig_zn_diff,13,fmfpe,12,2,filled_square,3.6um_lp,ERF_OSA207_Spectra_20250513_2133.csv,1.43123e+09,4.64673,0.000181939,0.814222,0.00157073,32.4995,5.50543,6.53809e-05,0.0156876,2,0.190578,0.00143906,5.406,0,6.35e-06,0.000289,8.31e-05,7.51e-06,0,6.93e-06,0.000629557,6.18e-05,2.89e-05,5.77e-06,2.54e-05,9.24e-06,4.9669e-05,4.04e-05,0.000106945,0.745549,0.967573,1.42143e-05,9.54372e-06,0.000941796,0.00122224,1.50975e-05,44.7135,0.0564759,-0.000764003,0.000106405,0.000266103,0.000106405,0.00427085,0.000294563,0.0131872,0.000294562,3.76819e-05,1.27629e-06,0.00307546,0.00466601,0.00595795,0.00486457,0.213098,1.03967,228,10,0.994792,0.99178,0.99178,0.99368,3.76369e-08,0.000166938,0.000216652,3.88751e-09,1.43047e-05,0.975592,0.751728,0.000107505,-0,0,0,0,0,0.000335469,0.000397305,0.000270236,0.000402563,-0.00104805,1.53536e-08,0.000286778,1.14672e-08,0.00365877,1.27069e-07,0.0125654,2.84236e-07,0.000333708,0.00162241,4.90426e-08,9.16835e-07,1.9914e-05,3.42689e-08,0,0,0,0,5.4961,1.50976e-05,0.00122224,0.000942004,9.54378e-06,1.43047e-05,0,-4.45426e-06,5.27593e-05,1.8759e-05,1.26565e-05,0.975592,0,0.972195,0.000667129,0.00339723,0.00023661,0.751728,0,0.744847,0.00221735,0.00688113,0.00513925,0.000107505,0,0.000249138,0.000107861,-0.000141633,8.84386e-06
ERF_Log_File_20240904_0920.csv,ig_zn_diff,12,emfpe,3,0,filled_square,3.6um_lp,ERF_OSA207_Spectra_20240904_0920.csv,1.4095e+09,4.24712,0.000172107,0.76722,0.0245794,34.1722,5.54299,0.000614329,0.0147743,2,0.214943,0.00486503,5.336,0,6.35e-06,0.000289,8.31e-05,7.51e-06,0,6.93e-06,0.00076612,6.18e-05,2.89e-05,5.77e-06,2.54e-05,9.24e-06,5.14791e-05,4.04e-05,0.000340611,0.723836,0.959893,9.87087e-05,1.92585e-05,0.000502431,0.000589787,2.995e-05,42.6311,0.0253784,-0.00146247,0.000116221,0.000359407,0.000116442,0.00405413,0.00295877,0.010611,0.00295877,-0.00041174,1.26938e-05,0.00590507,0.08318,0.0418076,0.00920636,0.086791,1.04125,228,10,0.994102,0.990027,0.990027,0.9927,1.46518e-07,0.000215816,0.000286198,3.33172e-08,9.94346e-05,0.969562,0.731128,0.000342632,0,0,0,0,0,0.000351856,0.000410363,0.000279941,0.000422227,-0.00105458,7.93685e-09,0.000102972,6.22934e-09,0.00348228,5.68357e-07,0.0118579,1.25277e-06,0.000289387,0.00153401,5.83032e-07,8.72333e-06,0.000234954,1.9466e-08,5.9964e-08,0.000352846,0.000493798,2.19264e-07,5.55832,2.99557e-05,0.000589854,0.000554315,1.92585e-05,9.83669e-05,-1.06772e-06,4.86493e-05,5.56611e-05,4.97176e-05,1.61947e-05,0.964965,-0.00459764,0.97131,0.000749759,-0.00634568,0.000242305,0.721254,-0.00987319,0.72345,0.00208113,-0.00219518,0.00652625,0.000340525,-2.10706e-06,0.000265191,9.20292e-05,7.53338e-05,5.40702e-07
ERF_Log_File_20240909_1945.csv,ig_zn_diff,12,emfpe,3,0,filled_square,3.6um_lp,ERF_OSA207_Spectra_20240909_1945.csv,1.40997e+09,4.23107,0.000229721,0.72059,0.00225846,34.1711,5.58841,0.000138078,0.0143785,2,0.234139,0.00247931,5.439,0,6.35e-06,0.000289,8.31e-05,7.51e-06,0,6.93e-06,0.000773428,6.18e-05,2.89e-05,5.77e-06,2.54e-05,9.24e-06,5.36683e-05,4.04e-05,0.000456175,0.705776,0.966426,2.8767e-05,2.41942e-05,0.00037403,0.000510558,3.8059e-05,42.0714,0.0221087,-0.00110689,9.90998e-05,-0.000191505,9.91212e-05,0.00326808,0.000900193,0.0134349,0.00090019,6.37387e-05,3.87071e-06,0.00738481,0.0162819,0.013341,0.0116126,0.0758575,1.02625,228,10,0.994092,0.98995,0.98995,0.9927,1.98325e-07,0.000213394,0.000292203,9.70972e-09,2.89785e-05,0.976237,0.712941,0.000458886,-0,0,0,0,0,0.000356537,0.000415118,0.00028208,0.000427844,-0.00105972,8.16279e-09,0.000104085,6.40327e-09,0.00346409,5.76337e-07,0.0118825,1.27036e-06,0.00029095,0.00153466,1.47229e-07,1.86881e-06,6.03025e-05,2.52595e-08,1.74755e-08,0.00035851,0.000474606,2.93659e-07,5.60386,3.80593e-05,0.000510561,0.000378851,2.41942e-05,2.86674e-05,-3.1117e-07,9.46328e-05,5.95079e-05,-6.59654e-05,1.8344e-05,0.971562,-0.00467485,0.970676,0.000776835,0.000886243,0.000232844,0.703088,-0.00985338,0.704786,0.0015624,-0.00169868,0.00751341,0.000456064,-2.82198e-06,0.000261286,5.22539e-05,0.000194778,3.14721e-06
ERF_Log_File_20250212_2119.csv,ig_zn_diff,12,emfpe,8,1,filled_square,3.6um_lp,ERF_OSA207_Spectra_20250212_2118.csv,1.42346e+09,4.15645,0.000199058,0.799058,0.0010577,34.1714,5.59487,7.49717e-05,0.0145052,2,0.198708,0.00139178,5.5,0,6.35e-06,0.000289,8.31e-05,7.51e-06,0,6.93e-06,0.000774363,6.18e-05,2.89e-05,5.77e-06,2.54e-05,9.24e-06,5.39797e-05,4.04e-05,0.000214842,0.718567,0.967475,0.000161882,2.28656e-05,0.000555018,0.000746551,3.79294e-05,40.5172,0.0312298,-0.000822467,0.00012938,1.99995e-06,0.000129386,0.00216197,0.000625148,0.01275,0.000625147,1.20596e-05,2.69962e-06,0.00665715,0.0104579,0.0102655,0.0110423,0.105785,1.04585,228,10,0.99409,0.989939,0.989939,0.9927,9.35437e-08,0.000217693,0.0002931,5.464e-08,0.000163072,0.977308,0.72587,0.000216119,-0,0,0,0,0,0.000370213,0.000427037,0.000292103,0.000444256,-0.000977806,3.38975e-08,1.45861e-05,2.97231e-08,0.00123437,6.34444e-07,0.0132462,6.77697e-07,0.000248098,0.00144805,7.72428e-08,1.03713e-06,3.14228e-05,9.40994e-09,1.01401e-07,0.000384065,0.000559511,1.42641e-07,5.58889,3.79295e-05,0.000746552,0.000555906,2.28656e-05,0.000162188,-8.84227e-07,7.89302e-05,5.82427e-05,8.3258e-05,1.76776e-05,0.974556,-0.00275181,0.970881,0.000770467,0.00367464,0.000237356,0.71511,-0.0107599,0.711195,0.00173362,0.00391489,0.00719137,0.000216352,2.32639e-07,0.000263613,6.53272e-05,-4.72613e-05,2.15354e-06
ERF_Log_File_20250513_2241.csv,ig_zn_diff,13,fmfpe,12,2,filled_square,3.6um_lp,ERF_OSA207_Spectra_20250513_2240.csv,1.43123e+09,4.12176,0.00017834,0.800331,0.000879181,32.4998,5.60639,0.000101378,0.0163528,2,0.199487,0.00153963,5.51,0,6.35e-06,0.000289,8.31e-05,7.51e-06,0,6.93e-06,0.000641735,6.18e-05,2.89e-05,5.77e-06,2.54e-05,9.24e-06,5.4535e-05,4.04e-05,0.00021113,0.705176,0.965798,9.71912e-05,8.42223e-06,0.000878793,0.00120348,1.59033e-05,39.6268,0.0493742,-0.00112325,0.000106394,0.000379092,0.000106394,0.00386505,0.000295448,0.0126622,0.000295447,4.14358e-06,1.28015e-06,0.00240242,0.00497981,0.00445495,0.00453826,0.167947,1.04119,228,10,0.994772,0.99164,0.99164,0.99368,7.6123e-08,0.000162937,0.000223156,2.65811e-08,9.78094e-05,0.97394,0.711121,0.00021224,-0,0,0,0,0,0.000378532,0.000434088,0.00029706,0.000454238,-0.00105716,1.61727e-08,0.00028831,1.20776e-08,0.00363599,1.33865e-07,0.0125896,2.99443e-07,0.000336367,0.00162256,1.06429e-07,1.38787e-06,4.34464e-05,1.59975e-08,0,0,0,0,5.59688,1.59037e-05,0.00120348,0.000879864,8.42224e-06,9.78094e-05,0,8.72481e-05,5.89184e-05,1.05613e-05,1.80386e-05,0.97394,0,0.970771,0.000774236,0.00316901,0.000235228,0.711121,0,0.707806,0.00164224,0.00331507,0.00736368,0.00021224,0,0.00026248,5.83439e-05,-5.02402e-05,2.7114e-06
ERF_Log_File_20240904_1031.csv,ig_zn_diff,12,emfpe,3,0,filled_square,3.6um_lp,ERF_OSA207_Spectra_20240904_1031.csv,1.4095e+09,3.58137,0.000159307,0.792113,0.0340092,34.1714,5.64338,0.000207662,0.0151451,2,0.231641,0.0028408,5.439,0,6.35e-06,0.000289,8.31e-05,7.51e-06,0,6.93e-06,0.000780876,6.18e-05,2.89e-05,5.77e-06,2.54e-05,9.24e-06,5.63175e-05,4.04e-05,0.000576406,0.672392,0.954945,0.000145998,2.00861e-05,0.000424763,0.00094248,4.39285e-05,36.39,0.0207195,-0.00135703,0.000111603,-0.000469883,0.000112393,0.00451111,0.00548009,0.0130696,0.00548008,0.000311206,2.34256e-05,0.00525655,0.0476586,0.2024,0.0114762,0.0701179,1.04577,228,10,0.994079,0.989858,0.989858,0.9927,2.5379e-07,0.000206736,0.00029361,4.92787e-08,0.000147072,0.964729,0.679281,0.000579839,-0,0,0,0,0,0.000412201,0.000462652,0.000318663,0.000494641,-0.00106686,8.41701e-09,0.000105985,6.60755e-09,0.00344143,5.85922e-07,0.0119132,1.29149e-06,0.000293212,0.00153547,2.44575e-07,2.04257e-06,0.000103746,5.95999e-08,8.86915e-08,0.000358149,0.000444994,3.71062e-07,5.65898,4.39292e-05,0.000942482,0.000437245,2.00862e-05,0.000145492,-1.57924e-06,0.000156628,6.34913e-05,-1.11357e-05,2.04612e-05,0.960055,-0.00467402,0.970011,0.000771693,-0.0099557,0.000170882,0.669635,-0.00964619,0.678969,0.00120088,-0.00933365,0.00867941,0.000576273,-3.56579e-06,0.000247564,3.79002e-05,0.000328709,4.98615e-06
ERF_Log_File_20250515_0718.csv,ig_zn_diff,13,fmfpe,12,2,filled_square,3.6um_lp,ERF_OSA207_Spectra_20250515_0718.csv,1.43135e+09,3.59865,0.000208002,0.787418,0.0032979,32.5007,5.68567,7.0799e-05,0.0153536,2,0.211053,0.00103108,5.589,0,6.35e-06,0.000289,8.31e-05,7.51e-06,0,6.93e-06,0.000650605,6.18e-05,2.89e-05,5.77e-06,2.54e-05,9.24e-06,5.83561e-05,4.04e-05,0.000268789,0.662554,0.969719,8.83815e-05,9.99602e-06,0.000828285,0.00121105,1.87114e-05,34.2463,0.0427629,-0.00116606,0.00014055,1.61165e-05,0.000140551,0.00481056,0.000429044,0.0122098,0.000429043,4.00087e-05,1.85893e-06,0.00248178,0.0106403,0.00449771,0.00464702,0.150795,1.02653,228,10,0.994757,0.991531,0.991531,0.99368,9.8724e-08,0.000156848,0.000229563,2.41717e-08,8.89436e-05,0.978002,0.668213,0.000270206,-0,0,0,0,0,0.000438004,0.000487196,0.000336226,0.000525604,-0.00106419,1.68165e-08,0.00028856,1.2562e-08,0.00361932,1.39335e-07,0.0126155,3.11674e-07,0.000338188,0.00162349,8.53649e-08,5.51829e-07,3.67049e-05,2.02459e-08,0,0,0,0,5.67603,1.87116e-05,0.00121105,0.000829097,9.99604e-06,8.89436e-05,0,0.000176949,6.46269e-05,-8.80056e-05,2.10105e-05,0.978002,0,0.96986,0.000768817,0.00814149,0.000135819,0.668213,0,0.67029,0.00112989,-0.00207717,0.00903401,0.000270206,0,0.000242656,3.83023e-05,2.75497e-05,4.98303e-06
ERF_Log_File_20240909_1911.csv,ig_zn_diff,12,emfpe,3,0,filled_square,3.6um_lp,ERF_OSA207_Spectra_20240909_1911.csv,1.40997e+09,3.48242,0.000220675,0.689236,0.00241874,34.172,5.69286,0.000297473,0.0124102,2,0.24708,0.003803,5.545,0,6.35e-06,0.000289,8.31e-05,7.51e-06,0,6.93e-06,0.000787569,6.18e-05,2.89e-05,5.77e-06,2.54e-05,9.24e-06,5.87026e-05,4.04e-05,0.00062154,0.652191,0.966871,0.000180674,2.70508e-05,0.000399933,0.000591623,4.40494e-05,34.3812,0.0209273,-0.00110922,0.000114538,0.000116779,0.000114561,0.003642,0.00101405,0.0109376,0.00101405,0.000109701,4.34472e-06,0.00668963,0.0122708,0.0145065,0.0108874,0.0709156,1.04418,228,10,0.994068,0.989774,0.989774,0.9927,2.76754e-07,0.000203541,0.000301749,6.09828e-08,0.000182003,0.97686,0.658929,0.000625249,0,0,0,0,0,0.000436285,0.000485377,0.000334565,0.000523542,-0.00107368,8.66211e-09,0.000107696,6.79528e-09,0.00342048,5.94448e-07,0.011942,1.31029e-06,0.000295343,0.00153624,3.72152e-07,8.22839e-07,0.000163912,7.2068e-08,1.09757e-07,0.000366174,0.000426072,4.00121e-07,5.7086,4.4051e-05,0.000591623,0.000432104,2.70509e-05,0.000180048,-1.95433e-06,0.000216988,6.67976e-05,-3.69394e-05,2.1925e-05,0.972078,-0.00478208,0.969684,0.000770537,0.00239442,4.8477e-05,0.649349,-0.00958039,0.652836,0.000990986,-0.00348671,0.00965677,0.000621404,-3.84505e-06,0.000233898,3.90769e-05,0.000387506,4.24583e-06
ERF_Log_File_20240828_2033.csv,ig_zn_diff,12,emfpe,3,0,filled_square,none,ERF_OSA207_Spectra_20240828_2032.csv,1.40893e+09,3.90147,0.000162377,0.82669,0.0352896,34.1716,5.71052,0.000317862,0.0180163,2,0.238455,0.00298566,5.5,0,6.35e-06,0.000289,8.31e-05,7.51e-06,0,6.93e-06,0.000789966,6.18e-05,2.89e-05,5.77e-06,2.54e-05,9.24e-06,5.95535e-05,4.04e-05,0.000675712,0.656508,0.976184,0.000177104,3.46237e-05,0.000471289,0.000781021,5.07443e-05,39.4302,0.0257464,-0.00104198,0.000127892,-6.7125e-05,0.00012854,0.00119703,0.00530511,0.0119884,0.0053051,-0.000851674,2.26979e-05,0.00978422,0.0550871,0.128307,0.0144147,0.0872747,1.04585,228,10,0.994064,0.989744,0.989744,0.9927,3.02071e-07,0.000205975,0.00030627,5.97779e-08,0.000178406,0.986299,0.663311,0.000679747,0,0,0,0,0,0.000380419,0.000436853,0.000295845,0.000456503,-0.00107617,8.73347e-09,0.000108337,6.85499e-09,0.00341287,5.9745e-07,0.0119525,1.31691e-06,0.000296127,0.00153653,4.0408e-07,1.84124e-07,0.000174641,6.22583e-08,1.07588e-07,0.00037098,0.00042706,4.34997e-07,5.72631,5.07459e-05,0.000781021,0.000502481,3.46238e-05,0.000176491,-1.91572e-06,0.000239327,7.05914e-05,-6.28366e-05,2.23482e-05,0.981453,-0.00484601,0.969664,0.000849965,0.0117895,1.01832e-05,0.653587,-0.00972382,0.643057,0.00103642,0.0105299,0.00965876,0.000675567,-4.18019e-06,0.000229995,4.54158e-05,0.000445572,3.44328e-06
ERF_Log_File_20241009_2126.csv,ig_zn_diff,12,emfpe,5,0,filled_square,3.6um_lp,ERF_OSA207_Spectra_20241009_2126.csv,1.41257e+09,4.4279,0.00150535,0.705438,0.00234314,34.171,5.71702,0.000147682,0.00721491,2,0.231981,0.00156067,5.77,0,6.35e-06,0.000289,8.31e-05,7.51e-06,0,6.93e-06,0.000790857,6.18e-05,2.89e-05,5.77e-06,2.54e-05,9.24e-06,5.98668e-05,4.04e-05,0.000753736,0.65325,0.96514,0.000358467,3.44223e-05,0.000436427,0.00064311,6.48933e-05,26.4476,0.0174761,-0.00133356,0.000126139,0.000310734,0.000126179,0.00249757,0.00137027,0.0112924,0.00137027,-2.45402e-05,5.9219e-06,0.00656156,0.012404,0.0158956,0.012373,0.0492087,1.03915,228,10,0.994062,0.989733,0.989733,0.9927,3.37442e-07,0.00020535,0.000303394,1.20993e-07,0.000361103,0.975152,0.660026,0.000758238,-0,0,0,0,0,0.000567159,0.000605602,0.000427304,0.000680591,-0.00121621,1.52809e-08,0.000205644,8.75696e-09,0.00352898,8.90713e-07,0.0120591,1.39795e-06,0.000355464,0.00155881,1.88723e-07,2.83102e-07,8.02839e-05,2.58215e-08,2.17763e-07,0.000367248,0.000424291,4.85227e-07,5.73283,6.48936e-05,0.00064311,0.000443721,3.44223e-05,0.000357226,-3.8775e-06,0.000247636,7.22207e-05,0.000109589,2.24908e-05,0.970354,-0.00479768,0.969672,0.000886438,0.000681973,3.37383e-05,0.650322,-0.00970481,0.639493,0.00106454,0.0108288,0.00956772,0.000753576,-4.66288e-06,0.000228788,4.82774e-05,0.000524788,3.07724e-06
ERF_Log_File_20241009_2200.csv,ig_zn_diff,12,emfpe,5,0,filled_square,3.6um_lp,ERF_OSA207_Spectra_20241009_2200.csv,1.41257e+09,4.3653,0.00168967,0.697026,0.00242867,34.1724,5.71865,0.000137266,0.00731187,2,0.232807,0.00146342,5.77,0,6.35e-06,0.000289,8.31e-05,7.51e-06,0,6.93e-06,0.00079108,6.18e-05,2.89e-05,5.77e-06,2.54e-05,9.24e-06,5.99452e-05,4.04e-05,0.000696555,0.65354,0.966103,0.000349004,3.06965e-05,0.000490065,0.000722192,6.27012e-05,26.0609,0.0193066,-0.00110213,0.000141723,0.000377614,0.000141774,0.00308551,0.00160278,0.01311,0.00160278,1.04625e-05,6.92899e-06,0.00574763,0.0141821,0.0180292,0.011741,0.0653547,1.04587,228,10,0.994062,0.989731,0.989731,0.9927,3.11956e-07,0.000205541,0.000303844,1.17799e-07,0.00035157,0.976127,0.660321,0.000700716,0,0,0,0,0,0.000575575,0.000613564,0.000433323,0.00069069,-0.00121645,1.52829e-08,0.000205557,8.75782e-09,0.00352184,8.9253e-07,0.0120552,1.4008e-06,0.000355501,0.00155771,1.75633e-07,3.10416e-07,7.43615e-05,2.32311e-08,2.12014e-07,0.000367731,0.000424318,4.48416e-07,5.73446,6.27014e-05,0.000722192,0.000495652,3.06965e-05,0.000347795,-3.77514e-06,0.000249727,7.26293e-05,9.80687e-05,2.25255e-05,0.971323,-0.00480409,0.969676,0.000895623,0.00164705,3.98118e-05,0.650604,-0.00971644,0.638606,0.00107165,0.0119987,0.0095371,0.000696407,-4.30914e-06,0.000228507,4.89951e-05,0.0004679,2.97946e-06
ERF_Log_File_20240904_1105.csv,ig_zn_diff,12,emfpe,3,0,filled_square,3.6um_lp,ERF_OSA207_Spectra_20240904_1104.csv,1.40951e+09,2.87899,0.000192548,0.768913,0.0523795,34.1719,5.75509,0.000426771,0.0145091,2,0.241614,0.0042814,5.545,0,6.35e-06,0.000289,8.31e-05,7.51e-06,0,6.93e-06,0.000796082,6.18e-05,2.89e-05,5.77e-06,2.54e-05,9.24e-06,6.17015e-05,4.04e-05,0.000649046,0.614228,0.954179,0.000292662,4.1195e-05,0.000483946,0.000807336,6.84151e-05,29.2819,0.018121,-0.00150709,0.000121428,-0.000368462,0.000122921,0.00872726,0.00788606,0.0171859,0.00788604,0.00186885,3.35993e-05,0.00871807,0.0635903,0.114378,0.0143177,0.0612271,1.04575,228,10,0.994054,0.989669,0.989669,0.9927,2.93046e-07,0.000195286,0.000303369,9.87821e-08,0.000294814,0.96414,0.62064,0.000652928,0,0,0,0,0,0.000512262,0.000553605,0.000386792,0.000614714,-0.00108326,8.91991e-09,0.000110272,6.99571e-09,0.0033934,6.04947e-07,0.0119797,1.33343e-06,0.000298383,0.00153731,5.58574e-07,4.63659e-06,0.000194242,4.48385e-09,1.77788e-07,0.000365772,0.000395589,4.17834e-07,5.771,6.84174e-05,0.00080735,0.00052136,4.1195e-05,0.000291648,-3.16569e-06,0.000297056,8.17667e-05,-5.40793e-06,2.31887e-05,0.959359,-0.00478075,0.96991,0.00110218,-0.0105513,0.000192484,0.611354,-0.00928551,0.620126,0.0012387,-0.00877152,0.00806377,0.000648913,-4.01526e-06,0.000225022,6.50501e-05,0.000423891,1.86143e-07
ERF_Log_File_20250514_0657.csv,ig_zn_diff,13,fmfpe,12,2,filled_square,3.6um_lp,ERF_OSA207_Spectra_20250514_0657.csv,1.43126e+09,3.22639,0.000182275,0.796849,0.009329,32.4997,5.78562,6.3619e-05,0.0183297,2,0.215156,0.00149709,5.676,0,6.35e-06,0.000289,8.31e-05,7.51e-06,0,6.93e-06,0.000661925,6.18e-05,2.89e-05,5.77e-06,2.54e-05,9.24e-06,6.31729e-05,4.04e-05,0.00034365,0.607967,0.964093,0.000127155,9.76379e-06,0.000722884,0.00114658,2.26426e-05,31.1488,0.0370145,-0.00106339,0.000174701,0.000277531,0.000174705,0.00364418,0.000659738,0.01253,0.000659737,0.000382117,2.85771e-06,0.00218593,0.00556034,0.0103453,0.00506203,0.125398,1.04587,228,10,0.994736,0.991392,0.991392,0.99368,1.29128e-07,0.000148319,0.000235198,3.4776e-08,0.000127964,0.972464,0.613246,0.000345469,-0,0,0,0,0,0.000481559,0.0005262,0.000364729,0.000577871,-0.00107306,1.76218e-08,0.000287801,1.31597e-08,0.00360002,1.46069e-07,0.0126574,3.26744e-07,0.000340215,0.00162574,8.34534e-08,7.71307e-07,2.78326e-05,9.61327e-10,0,0,0,0,5.77581,2.26428e-05,0.00114658,0.000723417,9.76379e-06,0.000127964,0,0.000303355,8.29692e-05,-0.000175392,2.32599e-05,0.972464,0,0.969965,0.00112924,0.00249868,0.000214977,0.613246,0,0.617978,0.00126171,-0.00473244,0.00775744,0.000345469,0,0.000225031,6.71631e-05,0.000120438,2.67939e-07
ERF_Log_File_20250514_1848.csv,ig_zn_diff,13,fmfpe,12,2,filled_square,3.6um_lp,ERF_OSA207_Spectra_20250514_1848.csv,1.43131e+09,2.95815,0.000290961,0.79522,0.0245474,32.4997,5.78669,7.1906e-05,0.0180552,2,0.219764,0.00129242,5.679,0,6.35e-06,0.000289,8.31e-05,7.51e-06,0,6.93e-06,0.000662048,6.18e-05,2.89e-05,5.77e-06,2.54e-05,9.24e-06,6.32246e-05,4.04e-05,0.000290844,0.601607,0.955165,4.81408e-05,1.34504e-05,0.000501255,0.000740701,2.64204e-05,28.6655,0.0213703,-0.000707812,0.000145621,0.000534564,0.000145936,0.00212326,0.00391741,0.0118842,0.00391741,-0.0005705,1.69523e-05,0.00276625,0.0470136,0.0409656,0.00545265,0.0722061,1.04537,228,10,0.994736,0.99139,0.99139,0.99368,1.09312e-07,0.000146814,0.000233095,1.31662e-08,4.8447e-05,0.96346,0.606832,0.000292383,-0,0,0,0,0,0.000523277,0.000563894,0.000394204,0.000627933,-0.00107317,1.76264e-08,0.000287776,1.31678e-08,0.00359982,1.46142e-07,0.0126579,3.26894e-07,0.000340237,0.00162577,9.43696e-08,8.92072e-07,3.11676e-05,1.50217e-09,0,0,0,0,5.77688,2.64206e-05,0.000740702,0.000502219,1.34504e-05,4.8447e-05,0,0.000304756,8.32364e-05,-0.000256309,2.32755e-05,0.96346,0,0.969978,0.00113524,-0.00651764,0.000220022,0.606832,0,0.617508,0.00126684,-0.010676,0.00768724,0.000292383,0,0.000225043,6.76327e-05,6.73402e-05,3.70499e-07
ERF_Log_File_20240909_1838.csv,ig_zn_diff,12,emfpe,3,0,filled_square,3.6um_lp,ERF_OSA207_Spectra_20240909_1837.csv,1.40996e+09,2.88861,0.000211477,0.65677,0.00397634,34.1717,5.81541,0.000700864,0.0129482,2,0.264305,0.00656344,5.655,0,6.35e-06,0.000289,8.31e-05,7.51e-06,0,6.93e-06,0.000804454,6.18e-05,2.89e-05,5.77e-06,2.54e-05,9.24e-06,6.4609e-05,4.04e-05,0.00076494,0.608693,0.96736,0.000139759,2.8771e-05,0.000353858,0.000554817,6.00444e-05,28.1096,0.0160379,-0.00137481,0.000108437,0.000168542,0.000108465,0.00209023,0.00109534,0.0127825,0.00109534,0.000190277,4.70875e-06,0.00581389,0.0136993,0.0113847,0.012121,0.0543259,1.04587,228,10,0.99404,0.989567,0.989567,0.9927,3.49978e-07,0.000196999,0.000313079,4.71728e-08,0.000140787,0.977559,0.61511,0.000769526,0,0,0,0,0,0.000533626,0.000574498,0.000401836,0.000640351,-0.00109329,9.16101e-09,0.000112924,7.19549e-09,0.00336647,6.14825e-07,0.0120182,1.35517e-06,0.000301553,0.00153847,9.32454e-07,1.86112e-05,0.000125581,2.72987e-07,8.49014e-08,0.000375149,0.000387516,4.9245e-07,5.83149,6.00516e-05,0.000555123,0.000375579,2.87723e-05,0.000139275,-1.51176e-06,0.000377044,9.04346e-05,-0.000237769,2.38183e-05,0.972652,-0.00490691,0.971063,0.00127219,0.00158886,0.000475399,0.605659,-0.00945164,0.600777,0.00131524,0.00488136,0.00320781,0.000764794,-4.7323e-06,0.00023563,8.2037e-05,0.000529164,6.97311e-06
ERF_Log_File_20240904_1138.csv,ig_zn_diff,12,emfpe,3,0,filled_square,3.6um_lp,ERF_OSA207_Spectra_20240904_1138.csv,1.40951e+09,4.84859,0.000295407,0.72667,0.0663965,34.1721,5.892,0.000253085,0.0115887,2,0.26743,0.00366587,5.655,0,6.35e-06,0.000289,8.31e-05,7.51e-06,0,6.93e-06,0.000815179,6.18e-05,2.89e-05,5.77e-06,2.54e-05,9.24e-06,6.83003e-05,4.04e-05,0.000605661,0.600118,0.969508,0.000508291,3.81671e-05,0.000944428,0.00151655,7.26956e-05,24.0633,0.0367638,-0.00217661,0.000296833,-0.000605194,0.000297108,0.011873,0.00531209,0.0162241,0.00531208,0.0030647,2.28017e-05,0.00666369,0.039474,0.0555867,0.0124634,0.125036,1.04538,228,10,0.994023,0.989437,0.989437,0.9927,2.81715e-07,0.000198604,0.00032085,1.71564e-07,0.000512029,0.979858,0.606525,0.000609303,0,0,0,0,0,0.000623356,0.000658837,0.000465907,0.000748027,-0.00110751,9.44648e-09,0.000116927,7.40902e-09,0.00333137,6.26837e-07,0.0120702,1.38166e-06,0.00030611,0.00154016,3.32103e-07,8.14311e-06,7.92099e-06,2.85799e-07,3.08779e-07,0.00038148,0.00037774,3.89917e-07,5.90829,7.26964e-05,0.00151657,0.00094446,3.81682e-05,0.000506531,-5.49813e-06,0.000478843,9.13779e-05,2.76874e-05,2.38016e-05,0.974864,-0.00499396,0.973435,0.00124503,0.00142892,0.000583612,0.596897,-0.00962763,0.596448,0.00109513,0.000449272,0.000567693,0.000605556,-3.74698e-06,0.000292324,8.73575e-05,0.000313232,2.0483e-05
ERF_Log_File_20250515_0611.csv,ig_zn_diff,13,fmfpe,12,2,filled_square,3.6um_lp,ERF_OSA207_Spectra_20250515_0611.csv,1.43135e+09,2.90486,0.000216492,0.78427,0.00413358,32.4996,5.89886,5.83159e-05,0.015148,2,0.235133,0.00128714,5.764,0,6.35e-06,0.000289,8.31e-05,7.51e-06,0,6.93e-06,0.000675024,6.18e-05,2.89e-05,5.77e-06,2.54e-05,9.24e-06,6.86307e-05,4.04e-05,0.000301056,0.587638,0.971067,8.93925e-05,1.18102e-05,0.0017803,0.0029418,2.61711e-05,27.3146,0.0827355,-0.00121768,0.000294914,0.000124593,0.000294915,0.00227949,0.000849293,0.0110234,0.000849292,0.000190132,3.68196e-06,0.00231286,0.00699951,0.0101079,0.00513443,0.282801,1.04546,228,10,0.994714,0.991234,0.991234,0.99368,1.15994e-07,0.000148228,0.000244945,2.44482e-08,8.99611e-05,0.979655,0.592835,0.000302656,-0,0,0,0,0,0.000549157,0.000589248,0.000412249,0.000658988,-0.00108343,1.8494e-08,0.000285714,1.3815e-08,0.00358063,1.53159e-07,0.0127172,3.42604e-07,0.000342286,0.00162978,7.70627e-08,1.89298e-06,1.29646e-07,5.35652e-08,0,0,0,0,5.88886,2.61712e-05,0.0029418,0.0017803,1.18103e-05,8.99611e-05,0,0.000453247,9.11856e-05,-0.000363286,2.38906e-05,0.979655,0,0.972805,0.00124089,0.00684938,0.000586851,0.592835,0,0.596141,0.00112688,-0.0033062,4.01923e-05,0.000302656,0,0.000272449,8.70417e-05,3.02069e-05,1.6606e-05
ERF_Log_File_20250116_1221.csv,ig_zn_diff,12,emfpe,6,1,filled_square,3.6um_lp,ERF_OSA207_Spectra_20250116_1220.csv,1.42109e+09,2.81884,0.000220533,0.772088,0.00147083,34.1715,5.95592,0.00019056,0.0124334,2,0.243156,0.00199792,5.77,0,6.35e-06,0.000289,8.31e-05,7.51e-06,0,6.93e-06,0.000824214,6.18e-05,2.89e-05,5.77e-06,2.54e-05,9.24e-06,7.13809e-05,4.04e-05,0.000265195,0.594846,0.966126,0.000149897,4.09659e-05,0.000577466,0.000932029,6.82103e-05,26.8382,0.0258589,-0.000923632,0.00016891,0.000558362,0.000168922,0.00113669,0.000941289,0.0136759,0.000941287,5.3877e-05,4.07968e-06,0.00790279,0.0136969,0.00884777,0.0131546,0.0875139,1.04546,228,10,0.994008,0.989329,0.989329,0.9927,1.25029e-07,0.000200506,0.000325653,5.05946e-08,0.000150999,0.976547,0.601262,0.000266794,-0,0,0,0,0,0.000558905,0.000597956,0.000419463,0.000670686,-0.00113457,1.63837e-08,0.000255211,1.12205e-08,0.00351472,9.89898e-07,0.0136489,1.15669e-06,0.000347446,0.00171636,2.4441e-07,5.31496e-06,1.142e-05,3.10087e-07,9.38941e-08,0.000411764,0.00042843,1.76087e-07,5.94955,6.82107e-05,0.000932043,0.000577576,4.09671e-05,0.000150181,-8.18763e-07,0.000532418,9.16717e-05,-0.000382237,2.34266e-05,0.973645,-0.00290182,0.974692,0.00127914,-0.00104688,0.000509437,0.591935,-0.00932693,0.598532,0.00109248,-0.00659654,0.0010946,0.000267081,2.87187e-07,0.000348957,8.54822e-05,-8.18761e-05,2.97218e-05
ERF_Log_File_20240909_1804.csv,ig_zn_diff,12,emfpe,3,0,filled_square,3.6um_lp,ERF_OSA207_Spectra_20240909_1804.csv,1.40996e+09,5.32563,0.000319742,0.617401,0.00236409,34.1715,5.97763,0.00038515,0.0117864,2,0.265042,0.00474302,5.77,0,6.35e-06,0.000289,8.31e-05,7.51e-06,0,6.93e-06,0.000827305,6.18e-05,2.89e-05,5.77e-06,2.54e-05,9.24e-06,7.2427e-05,4.04e-05,0.000683458,0.605828,0.969819,0.000280996,3.63125e-05,0.000376245,0.000599116,4.95855e-05,25.0167,0.0153966,-0.00156501,0.000115058,-0.000123572,0.000115076,0.00323971,0.000949872,0.00928261,0.00094987,4.05475e-05,4.08065e-06,0.00652792,0.00905375,0.00926431,0.0089124,0.0519966,1.04584,228,10,0.994003,0.989292,0.989292,0.9927,3.23688e-07,0.000205476,0.000328929,9.48446e-08,0.000283062,0.980316,0.612385,0.000687581,-0,0,0,0,0,0.000599599,0.000636429,0.000448999,0.000719519,-0.00112504,9.71913e-09,0.000121594,7.62587e-09,0.00329111,6.3946e-07,0.012133,1.40951e-06,0.000311659,0.00154241,4.75972e-07,6.86781e-06,1.08216e-05,8.33057e-07,1.70701e-07,0.000387743,0.000378222,4.4001e-07,5.99416,4.95878e-05,0.000599154,0.000376396,3.6322e-05,0.000280023,-3.0395e-06,0.000588647,9.22025e-05,-0.000308624,2.27414e-05,0.975236,-0.00508027,0.975733,0.00131031,-0.000496636,0.000328137,0.602322,-0.0100635,0.600738,0.00109322,0.00158417,0.000517043,0.000683353,-4.22837e-06,0.00043396,8.3642e-05,0.000249393,3.98026e-05
ERF_Log_File_20250513_2207.csv,ig_zn_diff,13,fmfpe,12,2,filled_square,3.6um_lp,ERF_OSA207_Spectra_20250513_2207.csv,1.43123e+09,2.97493,0.000130667,0.768422,0.00167643,32.5007,6.00576,7.07691e-05,0.0162108,2,0.238224,0.00148471,5.841,0,6.35e-06,0.000289,8.31e-05,7.51e-06,0,6.93e-06,0.000687237,6.18e-05,2.89e-05,5.77e-06,2.54e-05,9.24e-06,7.35529e-05,4.04e-05,0.000295246,0.586648,0.964689,0.000113897,1.37703e-05,0.000771824,0.00126907,2.44332e-05,27.6737,0.0363982,-0.00144071,0.000142421,-0.000155678,0.000142422,0.0035152,0.000427011,0.0125418,0.00042701,5.61186e-05,1.85018e-06,0.00273842,0.00377646,0.00489778,0.00485914,0.123224,1.04522,228,10,0.994694,0.991085,0.991085,0.99368,1.16257e-07,0.000152622,0.000250973,3.11501e-08,0.000114621,0.973367,0.591925,0.000296821,-0,0,0,0,0,0.000542031,0.000582099,0.000407113,0.000650437,-0.00109383,1.92703e-08,0.000282791,1.43945e-08,0.00356476,1.59067e-07,0.0127859,3.55808e-07,0.000344156,0.00163506,8.73339e-08,1.23275e-06,1.84104e-06,1.54116e-07,0,0,0,0,5.99558,2.44334e-05,0.00126907,0.000771826,1.37712e-05,0.000114621,0,0.000590397,9.24888e-05,-0.000475776,2.27148e-05,0.973367,0,0.975757,0.0013102,-0.00239072,0.000320628,0.591925,0,0.600775,0.00109351,-0.0088497,0.000478839,0.000296821,0,0.000437051,8.38337e-05,-0.00014023,4.00843e-05
ERF_Log_File_20241010_0848.csv,ig_zn_diff,12,emfpe,5,0,filled_square,3.6um_lp,ERF_OSA207_Spectra_20241010_0847.csv,1.41261e+09,3.51301,0.00167195,0.756798,0.00380959,34.1737,6.04048,0.000205136,0.00630012,2,0.273573,0.00188429,6,0,6.35e-06,0.000289,8.31e-05,7.51e-06,0,6.93e-06,0.000834888,6.18e-05,2.89e-05,5.77e-06,2.54e-05,9.24e-06,7.38399e-05,4.04e-05,0.000924296,0.601653,0.966201,0.000402583,4.63792e-05,0.000456864,0.000731399,9.23369e-05,20.582,0.0153195,-0.00089008,0.000143948,-0.000121533,0.000144041,0.00105822,0.00215129,0.00897656,0.00215128,8.59067e-05,9.30297e-06,0.00686012,0.0133573,0.0196533,0.0136523,0.0518872,1.04587,228,10,0.993998,0.989186,0.989186,0.9927,4.39788e-07,0.000207718,0.000333576,1.35884e-07,0.000405543,0.976764,0.60823,0.000929877,0,0,0,0,0,0.000728792,0.000759158,0.000542014,0.000874551,-0.00120896,1.99307e-08,7.86498e-05,1.14224e-08,0.00183675,1.56163e-06,0.0113809,2.45094e-06,0.000321902,0.00132177,2.34859e-07,7.2062e-07,9.65199e-06,5.52505e-07,2.44563e-07,0.00039078,0.000374499,5.95065e-07,6.05718,9.23372e-05,0.000731399,0.000456968,4.63825e-05,0.000401189,-4.3547e-06,0.000663816,0.000104923,-0.000262628,2.129e-05,0.971641,-0.00512295,0.976349,0.00129386,-0.00470795,6.53241e-05,0.597988,-0.010242,0.599846,0.00109988,-0.00185757,0.000874951,0.000924159,-5.7184e-06,0.000588399,9.21557e-05,0.000335759,5.00845e-05
ERF_Log_File_20241010_0955.csv,ig_zn_diff,12,emfpe,5,0,filled_square,3.6um_lp,ERF_OSA207_Spectra_20241010_0954.csv,1.41261e+09,3.48054,0.00193549,0.754636,0.00420748,34.1723,6.04189,0.000210986,0.00631588,2,0.274218,0.00181743,6,0,6.35e-06,0.000289,8.31e-05,7.51e-06,0,6.93e-06,0.000835093,6.18e-05,2.89e-05,5.77e-06,2.54e-05,9.24e-06,7.38516e-05,4.04e-05,0.000968344,0.601252,0.965983,0.000483724,4.66064e-05,0.000509338,0.000801958,7.57139e-05,20.4214,0.016727,-0.00157384,0.000158521,0.000115236,0.000158626,0.00486584,0.00242738,0.0142328,0.00242738,-2.91735e-06,1.04993e-05,0.00683805,0.0190807,0.0191023,0.0111103,0.0565374,1.04583,228,10,0.993998,0.989183,0.989183,0.9927,4.60747e-07,0.000207662,0.000333633,1.63271e-07,0.000487281,0.976546,0.607827,0.000974191,0,0,0,0,0,0.000734524,0.000764649,0.000546149,0.000881428,-0.00120868,2.00146e-08,7.76278e-05,1.14706e-08,0.00182893,1.56536e-06,0.0113786,2.4568e-06,0.000321578,0.00132076,2.41058e-07,7.00057e-07,1.01404e-05,5.70135e-07,2.93855e-07,0.000390792,0.000374236,6.23423e-07,6.0586,7.57143e-05,0.000801958,0.000509441,4.66099e-05,0.000482049,-5.23239e-06,0.000665433,0.000105209,-0.000183384,2.1251e-05,0.971423,-0.00512318,0.976353,0.0012934,-0.00493036,6.17149e-05,0.597586,-0.0102407,0.599778,0.00109996,-0.0021922,0.000893946,0.0009682,-5.99091e-06,0.000592217,9.23467e-05,0.000375984,5.02614e-05
ERF_Log_File_20240828_1956.csv,ig_zn_diff,12,emfpe,3,0,filled_square,none,ERF_OSA207_Spectra_20240828_1955.csv,1.40893e+09,3.23904,0.000170073,0.810036,0.0511181,34.1715,6.04436,0.000243068,0.0188134,2,0.268622,0.00197025,5.75,0,6.35e-06,0.000289,8.31e-05,7.51e-06,0,6.93e-06,0.000835451,6.18e-05,2.89e-05,5.77e-06,2.54e-05,9.24e-06,7.3872e-05,4.04e-05,0.00083936,0.617063,0.983242,0.000208672,3.087e-05,0.00057371,0.00091738,6.27083e-05,31.5758,0.026189,-0.000459861,0.000162399,-0.000212239,0.000163132,0.00103648,0.00634248,0.00969802,0.00634246,-0.00155146,2.71609e-05,0.00697575,0.0607694,0.0916647,0.0143051,0.0881507,1.04451,228,10,0.993998,0.989179,0.989179,0.9927,3.99375e-07,0.00021327,0.000339829,7.0433e-08,0.000210207,0.993998,0.623813,0.000844428,-0,0,0,0,0,0.000475047,0.000521978,0.000360455,0.000570057,-0.00113993,9.89283e-09,0.000125587,7.7686e-09,0.00325908,6.48623e-07,0.0121858,1.42968e-06,0.000316379,0.00154449,2.76703e-07,7.25188e-07,1.21035e-05,6.60571e-07,1.26765e-07,0.000397954,0.000384053,5.40383e-07,6.06107,6.27089e-05,0.00091738,0.00057384,3.08771e-05,0.000207949,-2.25718e-06,0.000668261,0.000105708,-0.000460311,2.11823e-05,0.988781,-0.00521717,0.976361,0.00129261,0.0124194,5.55151e-05,0.613293,-0.01052,0.599658,0.0011001,0.0136351,0.000926557,0.000839235,-5.19292e-06,0.000598919,9.26812e-05,0.000240317,5.05685e-05
ERF_Log_File_20240904_1212.csv,ig_zn_diff,12,emfpe,3,0,filled_square,3.6um_lp,ERF_OSA207_Spectra_20240904_1212.csv,1.40951e+09,4.93386,0.000385966,0.621686,0.0416821,34.1718,6.06,0.000349291,0.0114627,2,0.276765,0.00230223,5.77,0,6.35e-06,0.000289,8.31e-05,7.51e-06,0,6.93e-06,0.000837723,6.18e-05,2.89e-05,5.77e-06,2.54e-05,9.24e-06,7.40012e-05,4.04e-05,0.000733959,0.612979,0.988056,0.000632993,4.93995e-05,0.000963715,0.00151605,8.9029e-05,22.5405,0.0336909,-0.00127697,0.000291061,-0.00112936,0.00029143,0.00545416,0.00598031,0.0144749,0.0059803,0.00162012,2.56554e-05,0.0080405,0.0494048,0.0540761,0.0143542,0.114386,1.0454,228,10,0.993998,0.989153,0.989153,0.9927,3.49224e-07,0.00021279,0.000342995,2.13654e-07,0.000637648,0.998891,0.619701,0.000738391,0,0,0,0,0,0.000665469,0.000700071,0.000496597,0.000798563,-0.00114354,9.93651e-09,0.000126379,7.79819e-09,0.00325152,6.50674e-07,0.0121986,1.43422e-06,0.000317481,0.00154502,3.88062e-07,4.50202e-07,2.04243e-05,9.79852e-07,3.84533e-07,0.000401042,0.000381395,4.72525e-07,6.07676,8.90298e-05,0.00151605,0.000963935,4.94092e-05,0.000630801,-6.84702e-06,0.000685899,0.000108874,-5.50984e-05,2.07264e-05,0.993633,-0.00525835,0.976394,0.00128811,0.0172388,2.40453e-05,0.609188,-0.0105128,0.598803,0.0011012,0.0103855,0.00109086,0.00073385,-4.54083e-06,0.00064226,9.47995e-05,9.15898e-05,5.23339e-05
ERF_Log_File_20240911_1126.csv,ig_zn_diff,12,emfpe,3,0,filled_square,3.6um_lp,ERF_OSA207_Spectra_20240911_1126.csv,1.41011e+09,3.17967,0.000226582,0.579552,0.00212749,34.173,6.15334,0.000235474,0.0108472,2,0.255853,0.00288227,5.889,0,6.35e-06,0.000289,8.31e-05,7.51e-06,0,6.93e-06,0.00085138,6.18e-05,2.89e-05,5.77e-06,2.54e-05,9.24e-06,7.47727e-05,4.04e-05,0.000955883,0.599882,0.968761,0.000616507,2.91194e-05,0.000433371,0.000698228,6.51524e-05,26.7096,0.0191557,-0.00105046,0.000134712,0.000226115,0.000134739,0.00478987,0.00116881,0.0104767,0.00116881,-8.19264e-05,5.01966e-06,0.00558574,0.00999445,0.0132548,0.012507,0.064827,1.04587,228,10,0.993998,0.988994,0.988994,0.9927,4.54818e-07,0.000213711,0.000345125,2.0809e-07,0.000621041,0.979542,0.606558,0.000961655,0,0,0,0,0,0.000561596,0.000600677,0.000421552,0.000673915,-0.00116604,1.01378e-08,0.000132247,7.95566e-09,0.00320588,6.62153e-07,0.0122797,1.45952e-06,0.000324573,0.00154856,2.15227e-07,1.09454e-06,8.79265e-06,7.09577e-07,3.74518e-07,0.000399873,0.000373759,6.15401e-07,6.17035,6.51528e-05,0.000698229,0.000433464,2.9128e-05,0.000614372,-6.66869e-06,0.00078111,0.000145189,-0.000166738,1.73142e-05,0.974295,-0.00524684,0.976494,0.00134634,-0.00219901,8.80514e-05,0.595908,-0.0106495,0.593357,0.00118507,0.00255109,0.000707335,0.000955741,-5.91382e-06,0.00091872,0.000131021,3.70211e-05,5.70827e-05
ERF_Log_File_20240909_1730.csv,ig_zn_diff,12,emfpe,3,0,filled_square,3.6um_lp,ERF_OSA207_Spectra_20240909_1730.csv,1.40996e+09,3.02246,0.000214453,0.581234,0.00236386,34.1715,6.15383,0.000205248,0.010823,2,0.254087,0.00243227,5.889,0,6.35e-06,0.000289,8.31e-05,7.51e-06,0,6.93e-06,0.000851453,6.18e-05,2.89e-05,5.77e-06,2.54e-05,9.24e-06,7.47768e-05,4.04e-05,0.000916384,0.60066,0.969995,0.000680881,3.16114e-05,0.000413604,0.000661287,5.98504e-05,27.1807,0.0185071,-0.00125387,0.000119984,0.000148307,0.000119992,0.00317574,0.000682865,0.0135405,0.000682864,-1.29589e-05,2.93677e-06,0.00617311,0.0120767,0.00639895,0.0116905,0.0626868,1.04567,228,10,0.993998,0.988993,0.988993,0.9927,4.36024e-07,0.000214017,0.000345612,2.29818e-07,0.000685888,0.980791,0.607345,0.000921917,-0,0,0,0,0,0.000551862,0.000591685,0.000414607,0.000662235,-0.00116631,1.01378e-08,0.000132253,7.959e-09,0.00320564,6.62212e-07,0.0122801,1.45964e-06,0.000324641,0.00154858,1.87358e-07,9.69657e-07,7.57629e-06,6.18437e-07,4.13624e-07,0.000400417,0.000374252,5.89971e-07,6.17085,5.98507e-05,0.000661288,0.000413676,3.16174e-05,0.000678523,-7.36502e-06,0.000781559,0.000145394,-0.000103036,1.72932e-05,0.975537,-0.005254,0.976496,0.00134674,-0.000959719,8.94998e-05,0.59668,-0.0106652,0.593339,0.00118559,0.00334108,0.000699295,0.000916248,-5.66945e-06,0.000920201,0.000131231,-3.95284e-06,5.70821e-05
ERF_Log_File_20250515_0645.csv,ig_zn_diff,13,fmfpe,12,2,filled_square,3.6um_lp,ERF_OSA207_Spectra_20250515_0644.csv,1.43135e+09,3.62526,0.000201347,0.753913,0.00366234,32.4995,6.19297,7.18659e-05,0.0122069,2,0.223907,0.00165749,5.972,0,6.35e-06,0.000289,8.31e-05,7.51e-06,0,6.93e-06,0.000708203,6.18e-05,2.89e-05,5.77e-06,2.54e-05,9.24e-06,7.51003e-05,4.04e-05,0.000487169,0.589385,0.972994,0.000310102,1.24325e-05,0.00241367,0.00398476,2.20534e-05,31.7067,0.129844,-0.0009875,0.000169338,0.000473074,0.000169339,0.00341864,0.000433079,0.0116794,0.000433078,9.87547e-05,1.87665e-06,0.00279747,0.00314173,0.00904223,0.00501614,0.441128,1.04522,228,10,0.994694,0.990824,0.990824,0.99368,1.9183e-07,0.000161631,0.000266831,8.48106e-08,0.000312074,0.982005,0.594843,0.000489768,-0,0,0,0,0,0.000473086,0.000519261,0.000358017,0.000567703,-0.00111429,2.05029e-08,0.000276221,1.53133e-08,0.00354253,1.67173e-07,0.0129335,3.73946e-07,0.000347627,0.0016476,6.35651e-08,4.8153e-07,1.85774e-06,2.1578e-07,0,0,0,0,6.18247,2.20535e-05,0.00398476,0.00241367,1.24344e-05,0.000312074,0,0.000792012,0.000150255,-0.000479938,1.67879e-05,0.982005,0,0.976562,0.00135594,0.00544307,0.000127175,0.594843,0,0.592969,0.00119783,0.00187409,0.000490638,0.000489768,0,0.000955176,0.000136206,-0.000465408,5.69886e-05
ERF_Log_File_20250213_0901.csv,ig_zn_diff,12,emfpe,8,1,filled_square,3.6um_lp,ERF_OSA207_Spectra_20250213_0901.csv,1.4235e+09,3.52257,0.000190519,0.746565,0.00175451,34.173,6.22412,0.000102725,0.0123208,2,0.210924,0.00206127,6,0,6.35e-06,0.000289,8.31e-05,7.51e-06,0,6.93e-06,0.000860368,6.18e-05,2.89e-05,5.77e-06,2.54e-05,9.24e-06,7.53578e-05,4.04e-05,0.000576117,0.59247,0.968831,0.000549145,2.79435e-05,0.000438804,0.000714384,4.8241e-05,31.2975,0.0230409,-0.00110754,0.000131153,2.63746e-05,0.000131163,0.00181186,0.000783494,0.0125256,0.000783492,7.4296e-06,3.38012e-06,0.00628362,0.0107951,0.00903725,0.0108483,0.0780033,1.04586,228,10,0.993998,0.988874,0.988874,0.9927,2.74122e-07,0.000215198,0.0003519,1.85353e-07,0.000553183,0.979731,0.599136,0.000579596,0,0,0,0,0,0.000479272,0.000524529,0.000362527,0.000575126,-0.00113331,3.44471e-08,-2.83193e-05,3.02072e-08,0.00128342,7.27139e-07,0.013625,7.76711e-07,0.000290408,0.00149084,8.15871e-08,1.4314e-06,1.64818e-06,3.00369e-07,3.43979e-07,0.000433805,0.000421375,3.8254e-07,6.21746,4.82411e-05,0.000714385,0.000438807,2.79451e-05,0.000550184,-2.99952e-06,0.000821405,0.000144121,-0.000271221,1.51599e-05,0.97671,-0.00302123,0.976922,0.0013956,-0.000212099,0.000265972,0.589551,-0.00958481,0.592776,0.00123563,-0.00322465,0.000306253,0.00058022,6.23899e-07,0.00105908,0.000128182,-0.000478857,5.58124e-05
ERF_Log_File_20250212_2152.csv,ig_zn_diff,12,emfpe,8,1,filled_square,3.6um_lp,ERF_OSA207_Spectra_20250212_2152.csv,1.42346e+09,3.55477,0.000222689,0.752047,0.00128704,34.1713,6.22449,9.49468e-05,0.0124422,2,0.21283,0.00196227,6,0,6.35e-06,0.000289,8.31e-05,7.51e-06,0,6.93e-06,0.000860424,6.18e-05,2.89e-05,5.77e-06,2.54e-05,9.24e-06,7.53609e-05,4.04e-05,0.000592492,0.592129,0.968213,0.000533985,2.73079e-05,0.000625509,0.00102093,4.47284e-05,31.7694,0.0334783,-0.00127228,0.00016657,-0.000275138,0.000166574,0.00108216,0.000703245,0.0141313,0.000703244,2.62709e-05,3.03377e-06,0.00623278,0.00997425,0.00818382,0.0102092,0.114249,1.04583,228,10,0.993998,0.988873,0.988873,0.9927,2.81913e-07,0.000215096,0.000351711,1.80236e-07,0.000537912,0.979108,0.598792,0.00059607,-0,0,0,0,0,0.000472152,0.000517977,0.000357456,0.000566583,-0.00113343,3.44476e-08,-2.83343e-05,3.02081e-08,0.00128344,7.27183e-07,0.0136252,7.76759e-07,0.00029044,0.00149087,7.53148e-08,1.32952e-06,1.56687e-06,2.77509e-07,3.34483e-07,0.000433557,0.000421137,3.93413e-07,6.21783,4.47285e-05,0.00102093,0.000625511,2.73093e-05,0.000534995,-2.91672e-06,0.000821696,0.000144015,-0.000286701,1.51418e-05,0.976088,-0.00301946,0.976928,0.00139602,-0.000839594,0.000267296,0.589212,-0.00957969,0.592783,0.00123602,-0.00357072,0.000315014,0.000596711,6.41633e-07,0.00106015,0.000128051,-0.000463443,5.57922e-05
ERF_Log_File_20240904_1246.csv,ig_zn_diff,12,emfpe,3,0,filled_square,3.6um_lp,ERF_OSA207_Spectra_20240904_1245.csv,1.40951e+09,5.4752,0.000938732,0.558575,0.0227814,34.1714,6.22514,0.000230953,0.0106465,2,0.22282,0.00313819,5.889,0,6.35e-06,0.000289,8.31e-05,7.51e-06,0,6.93e-06,0.000860521,6.18e-05,2.89e-05,5.77e-06,2.54e-05,9.24e-06,7.53663e-05,4.04e-05,0.00144702,0.604207,0.982015,0.00105219,4.51863e-05,0.000528315,0.000715525,6.02706e-05,23.9517,0.0169465,-0.000501952,0.000138119,0.000113197,0.000138378,0.000876759,0.00348483,0.0130023,0.00348482,0.000156096,1.49489e-05,0.00777859,0.0535494,0.029231,0.0103674,0.0573775,1.04585,228,10,0.993998,0.988872,0.988872,0.9927,6.88503e-07,0.000219522,0.000356788,3.55147e-07,0.00105993,0.993066,0.611006,0.00145576,-0,0,0,0,0,0.00062626,0.000662478,0.000468115,0.000751512,-0.0011847,1.02596e-08,0.000136815,8.04866e-09,0.00317038,6.70041e-07,0.0123473,1.47688e-06,0.000330378,0.00155176,1.67592e-07,4.16123e-06,1.07633e-05,6.52891e-07,6.39189e-07,0.000410529,0.000378204,9.31596e-07,6.24235,6.02708e-05,0.000715537,0.000528422,4.5191e-05,0.00104855,-1.13814e-05,0.000840328,0.000136954,0.000208218,1.39065e-05,0.987677,-0.00538932,0.977323,0.00142345,0.0103536,0.000345291,0.600004,-0.0110026,0.593557,0.00126147,0.00644651,0.000893121,0.00144681,-8.95236e-06,0.00113072,0.00011937,0.000316081,5.41756e-05
ERF_Log_File_20240909_0906.csv,ig_zn_diff,12,emfpe,3,0,filled_square,3.6um_lp,ERF_OSA207_Spectra_20240909_0906.csv,1.40993e+09,5.16362,0.000302287,0.586772,0.000971101,34.1719,6.22762,0.000164565,0.0108877,2,0.229599,0.00214095,5.889,0,6.35e-06,0.000289,8.31e-05,7.51e-06,0,6.93e-06,0.000860889,6.18e-05,2.89e-05,5.77e-06,2.54e-05,9.24e-06,7.53868e-05,4.04e-05,0.00108117,0.595777,0.967124,0.000948591,3.97293e-05,0.000501113,0.000807274,7.46766e-05,22.9056,0.0189989,-0.00120559,0.000157949,0.000254598,0.000157995,0.00215826,0.00164579,0.0123236,0.00164579,7.54344e-05,7.05437e-06,0.0065896,0.0148882,0.0131225,0.0123807,0.0648579,1.03021,228,10,0.993998,0.988868,0.988868,0.9927,5.14432e-07,0.000216605,0.000351615,3.20178e-07,0.000955567,0.978011,0.602484,0.0010877,0,0,0,0,0,0.000654862,0.000688559,0.000488476,0.000785834,-0.00118547,1.02694e-08,0.000137021,8.05636e-09,0.00316914,6.70288e-07,0.0123497,1.47745e-06,0.000330623,0.00155188,1.18256e-07,3.01983e-06,8.16526e-06,4.63296e-07,5.76254e-07,0.00040448,0.000373007,6.96061e-07,6.24484,7.46767e-05,0.00080728,0.000501178,3.9732e-05,0.000945306,-1.02608e-05,0.000842117,0.000136238,0.000103188,1.37767e-05,0.972701,-0.00531,0.977368,0.00142623,-0.00466726,0.000351807,0.591625,-0.0108584,0.59368,0.00126404,-0.00205421,0.000951244,0.00108101,-6.68894e-06,0.00113773,0.000118489,-5.67201e-05,5.39736e-05
ERF_Log_File_20250116_1147.csv,ig_zn_diff,12,emfpe,6,1,filled_square,3.6um_lp,ERF_OSA207_Spectra_20250116_1147.csv,1.42109e+09,3.59649,0.00023735,0.752114,0.00147962,34.1716,6.25902,0.000102884,0.0118575,2,0.211383,0.00173182,6,0,6.35e-06,0.000289,8.31e-05,7.51e-06,0,6.93e-06,0.000865561,6.18e-05,2.89e-05,5.77e-06,2.54e-05,9.24e-06,7.56463e-05,4.04e-05,0.00071791,0.592346,0.967909,0.000725476,2.69567e-05,0.000855975,0.00139762,5.35524e-05,31.9188,0.0460644,-0.00125976,0.000217288,0.000348133,0.000217292,0.00276209,0.000847502,0.0138697,0.0008475,5.46625e-05,3.67452e-06,0.0061794,0.0100511,0.010504,0.0122788,0.156538,1.04575,228,10,0.993998,0.988814,0.988814,0.9927,3.41588e-07,0.000217197,0.000354905,2.4487e-07,0.000730811,0.978859,0.599047,0.000722245,0,0,0,0,0,0.000469942,0.000515935,0.000355894,0.000563931,-0.00116612,1.95417e-08,0.000306987,1.33829e-08,0.0032752,1.15026e-06,0.0139485,1.34406e-06,0.000368277,0.00172237,7.17296e-08,1.98507e-06,6.03475e-06,2.85879e-07,4.54431e-07,0.000436098,0.000421805,4.7669e-07,6.25233,5.35524e-05,0.00139762,0.000855996,2.69582e-05,0.000726848,-3.96267e-06,0.000847423,0.000134083,-0.000120575,1.33823e-05,0.975826,-0.00303263,0.977509,0.00143467,-0.00168333,0.000370345,0.589427,-0.00962031,0.594082,0.00127182,-0.00465557,0.00112588,0.000723022,7.77453e-07,0.00115868,0.000115839,-0.000435658,5.33353e-05
ERF_Log_File_20250110_1118.csv,ig_zn_diff,12,emfpe,6,1,filled_square,none,ERF_OSA207_Spectra_20250110_1117.csv,1.42057e+09,3.62656,0.000279413,0.747497,0.00096336,34.1718,6.25934,8.76455e-05,0.0122175,2,0.210295,0.00173559,6,0,6.35e-06,0.000289,8.31e-05,7.51e-06,0,6.93e-06,0.000865608,6.18e-05,2.89e-05,5.77e-06,2.54e-05,9.24e-06,7.56489e-05,4.04e-05,0.000887804,0.591773,0.967878,0.000731361,3.12826e-05,0.000284415,0.000457699,4.83451e-05,32.2041,0.01516,-0.00107569,8.91988e-05,0.000253507,8.92213e-05,0.00296802,0.000862294,0.0129242,0.000862292,1.41656e-05,3.73081e-06,0.00723989,0.0133284,0.0100075,0.0111886,0.0505575,1.04548,228,10,0.993998,0.988814,0.988814,0.9927,4.22425e-07,0.000217005,0.000354924,2.46856e-07,0.000736739,0.978827,0.598467,0.000893165,0,0,0,0,0,0.000465779,0.000512143,0.000352917,0.000558935,-0.00116614,1.95449e-08,0.000307054,1.33852e-08,0.00327486,1.15041e-06,0.0139488,1.34424e-06,0.000368298,0.00172237,6.10244e-08,1.69423e-06,5.17457e-06,2.43391e-07,4.58118e-07,0.000436108,0.000421402,5.89499e-07,6.25264,4.83451e-05,0.000457702,0.000284462,3.12835e-05,0.000732744,-3.99482e-06,0.000847644,0.000133991,-0.0001149,1.33652e-05,0.975795,-0.00303266,0.977515,0.00143504,-0.00172096,0.00037106,0.588856,-0.00961134,0.594102,0.00127216,-0.00524566,0.0011333,0.000894126,9.61437e-07,0.00115956,0.000115726,-0.000265439,5.3306e-05
ERF_Log_File_20240911_1200.csv,ig_zn_diff,12,emfpe,3,0,filled_square,3.6um_lp,ERF_OSA207_Spectra_20240911_1159.csv,1.41011e+09,2.92889,0.000186634,0.551581,0.00196584,34.1721,6.29323,0.000144434,0.0111329,2,0.227459,0.00353462,6.013,0,6.35e-06,0.000289,8.31e-05,7.51e-06,0,6.93e-06,0.000870577,6.18e-05,2.89e-05,5.77e-06,2.54e-05,9.24e-06,7.59291e-05,4.04e-05,0.00167695,0.601853,0.971239,0.00134216,3.33684e-05,0.000572625,0.000917454,7.7626e-05,24.3243,0.0229428,-0.000882413,0.000168212,-9.62756e-05,0.000168226,0.00398888,0.00101,0.0129142,0.00101,-5.06561e-05,4.33768e-06,0.00582477,0.0131328,0.0087428,0.0135679,0.0776385,1.04587,228,10,0.993998,0.988756,0.988756,0.9927,7.97907e-07,0.000222724,0.000359421,4.53019e-07,0.00135203,0.982284,0.608697,0.00168708,0,0,0,0,0,0.000616667,0.000652637,0.000461146,0.000740001,-0.00120341,1.03381e-08,0.000141154,8.11225e-09,0.00313652,6.767e-07,0.0124157,1.49157e-06,0.00033614,0.00155523,7.58329e-08,3.28699e-06,1.83399e-05,3.4546e-07,8.15341e-07,0.00041088,0.000379409,1.07963e-06,6.31063,7.7626e-05,0.00091746,0.000572917,3.33702e-05,0.00133751,-1.4518e-05,0.000883044,0.000128744,0.000454468,1.01718e-05,0.976888,-0.00539619,0.978769,0.00153584,-0.00188091,0.0004409,0.597479,-0.0112179,0.599514,0.00142086,-0.00203469,0.00246002,0.0016767,-1.03749e-05,0.00131027,0.000109818,0.000366429,4.63383e-05
ERF_Log_File_20250514_1815.csv,ig_zn_diff,13,fmfpe,12,2,filled_square,3.6um_lp,ERF_OSA207_Spectra_20250514_1814.csv,1.4313e+09,3.31902,0.000273849,0.765533,0.0166807,32.4998,6.3012,8.01594e-05,0.0136547,2,0.210983,0.00200691,6.107,0,6.35e-06,0.000289,8.31e-05,7.51e-06,0,6.93e-06,0.000720854,6.18e-05,2.89e-05,5.77e-06,2.54e-05,9.24e-06,7.59949e-05,4.04e-05,0.000883983,0.586432,0.963264,0.00068296,1.04912e-05,0.00079876,0.00130552,2.24948e-05,29.3731,0.0396424,-0.00130507,0.000253277,0.000717572,0.000253328,0.00249069,0.00217606,0.0130225,0.00217605,-0.000474904,9.42788e-06,0.00219828,0.0234781,0.024233,0.00475343,0.134473,1.04468,228,10,0.994694,0.990672,0.990672,0.99368,3.48081e-07,0.000165665,0.00027212,1.86785e-07,0.000687304,0.972334,0.591954,0.000888698,-0,0,0,0,0,0.000510671,0.000552896,0.000384685,0.000612806,-0.00112779,2.11349e-08,0.000271959,1.57862e-08,0.00353252,1.7047e-07,0.0130338,3.81319e-07,0.000349938,0.00165663,4.68051e-08,1.78925e-06,8.32175e-06,2.04012e-07,0,0,0,0,6.29052,2.24948e-05,0.00130552,0.000798803,1.04932e-05,0.000687304,0,0.000871894,0.000124537,-0.000184591,1.12762e-05,0.972334,0,0.978314,0.00148454,-0.00597972,0.000431064,0.591954,0,0.597192,0.00132384,-0.00523827,0.00200486,0.000888698,0,0.00126058,0.000104174,-0.000371881,4.91502e-05
ERF_Log_File_20240829_0816.csv,ig_zn_diff,12,emfpe,3,0,filled_square,none,ERF_OSA207_Spectra_20240829_0815.csv,1.40898e+09,3.17871,0.000183771,0.831111,0.047487,34.1723,6.34036,0.000299419,0.016779,2,0.243803,0.00376085,6,0,6.35e-06,0.000289,8.31e-05,7.51e-06,0,6.93e-06,0.000876269,6.18e-05,2.89e-05,5.77e-06,2.54e-05,9.24e-06,7.63186e-05,4.04e-05,0.00255486,0.622014,0.98832,0.00234366,2.83241e-05,0.000710361,0.00121761,5.66316e-05,30.1693,0.0332782,-0.00070035,0.000215353,0.000776015,0.000215772,-0.000125658,0.00550845,0.0100968,0.00550843,-0.000632516,2.3622e-05,0.0060979,0.0392637,0.118899,0.0122893,0.113023,1.04565,228,10,0.993998,0.988676,0.988676,0.9927,1.21563e-06,0.000233104,0.00037038,7.91055e-07,0.00236089,0.99964,0.629138,0.00257029,0,0,0,0,0,0.000497194,0.000542658,0.000376358,0.000596633,-0.00121676,1.03979e-08,0.000144303,8.15907e-09,0.00311302,6.80836e-07,0.0124657,1.50071e-06,0.000340265,0.00155788,1.17771e-07,6.21052e-06,5.38212e-05,5.84586e-07,1.42374e-06,0.00042152,0.000394609,1.64483e-06,6.35789,5.66317e-05,0.00121763,0.0007124,2.83301e-05,0.00233554,-2.53511e-05,0.000904714,0.000138954,0.00143083,7.67731e-06,0.994103,-0.0055374,0.979813,0.00166174,0.0142891,0.000404855,0.617362,-0.0117767,0.606769,0.00165378,0.0105924,0.00350853,0.00255448,-1.58063e-05,0.00141339,0.000123494,0.00114109,3.81084e-05
ERF_Log_File_20240828_1554.csv,ig_zn_diff,12,emfpe,3,0,off,none,ERF_OSA207_Spectra_20240828_1554.csv,1.40892e+09,3.22586,0.000155796,0.830823,0.0448359,34.1713,6.34134,0.000295599,0.0164812,2,0.244842,0.00369743,6,0,6.35e-06,0.000289,8.31e-05,7.51e-06,0,6.93e-06,0.000876417,6.18e-05,2.89e-05,5.77e-06,2.54e-05,9.24e-06,7.63267e-05,4.04e-05,0.00262761,0.621178,0.993299,0.00235751,4.74309e-05,0.000538292,0.00074012,7.27825e-05,30.4632,0.020694,-0.000394697,0.000133069,-0.000381457,0.000133771,0.00573574,0.00562814,0.0148255,0.00562813,0.000245734,2.40837e-05,0.010386,0.0703045,0.0687227,0.0159334,0.0699423,1.04399,228,10,0.993998,0.988674,0.988674,0.9927,1.25024e-06,0.000232851,0.000372342,7.9573e-07,0.00237485,1.00468,0.628294,0.00264348,-0,0,0,0,0,0.000492397,0.00053871,0.000372919,0.000590877,-0.00121709,1.04076e-08,0.000144348,8.16016e-09,0.00311254,6.80916e-07,0.0124668,1.50088e-06,0.00034036,0.00155793,1.15489e-07,6.10484e-06,5.34513e-05,5.7406e-07,1.43215e-06,0.000423715,0.000394135,1.69166e-06,6.35887,7.27826e-05,0.000740145,0.000540943,4.74344e-05,0.00234935,-2.55009e-05,0.000905094,0.000139166,0.00144425,7.62705e-06,0.999112,-0.00556627,0.979834,0.00166436,0.019278,0.000403171,0.616529,-0.0117647,0.606948,0.00165863,0.00958116,0.00352999,0.00262722,-1.62564e-05,0.00141528,0.000123779,0.00121194,3.79117e-05
ERF_Log_File_20240828_1911.csv,ig_zn_diff,12,emfpe,3,0,filled_square,none,ERF_OSA207_Spectra_20240828_1911.csv,1.40893e+09,3.38106,0.0329114,0.951483,0.0447005,34.1709,6.34449,0.000368474,0.0161136,2,0.248028,0.00409511,6,0,6.35e-06,0.000289,8.31e-05,7.51e-06,0,6.93e-06,0.000876896,6.18e-05,2.89e-05,5.77e-06,2.54e-05,9.24e-06,7.63527e-05,4.04e-05,0.00241515,0.599481,0.952244,0.00209212,3.53553e-05,0.000480468,0.000769004,4.94039e-05,33.5999,0.0229429,-0.00185175,0.00013382,0.000477969,0.000134708,-0.002666,0.00636471,0.0122849,0.00636469,-0.000801294,2.72099e-05,0.00854475,0.0511381,0.111772,0.0120514,0.0752762,1.02957,228,10,0.993998,0.988669,0.988669,0.9927,1.14915e-06,0.000224906,0.000357251,7.06152e-07,0.0021075,0.963158,0.606352,0.00242973,-0,0,0,0,0,0.00044643,0.00049314,0.000339507,0.000535716,-0.00121802,1.04007e-08,0.000144697,8.16016e-09,0.00311096,6.81177e-07,0.0124702,1.50146e-06,0.00034068,0.00155812,1.4084e-07,7.50392e-06,6.78979e-05,7.03295e-07,1.27093e-06,0.000406422,0.000380545,1.55488e-06,6.36203,4.94041e-05,0.000769041,0.00048525,3.53623e-05,0.00208487,-2.26302e-05,0.000906318,0.000139849,0.00117856,7.46541e-06,0.957818,-0.00533918,0.979899,0.00167277,-0.0220802,0.000397755,0.594986,-0.0113655,0.607524,0.00167421,-0.0125376,0.00359901,0.00241479,-1.49419e-05,0.00142138,0.000124693,0.000993415,3.72791e-05
ERF_Log_File_20240904_1322.csv,ig_zn_diff,12,emfpe,3,0,filled_square,3.6um_lp,ERF_OSA207_Spectra_20240904_1322.csv,1.40951e+09,3.8842,0.000274596,0.512267,0.0302237,34.1716,6.34595,0.000426233,0.00922949,2,0.250561,0.00520037,6.013,6.41135,6.35e-06,0.000289,8.31e-05,7.51e-06,0,6.93e-06,0.000877119,6.18e-05,2.89e-05,5.77e-06,2.54e-05,9.24e-06,7.63648e-05,4.04e-05,0.00268763,0.624626,0.992365,0.0024465,6.16703e-05,0.00124159,0.0017086,0.000110757,16.5818,0.0271063,-0.00106128,0.000319768,0.000805381,0.000320746,0.00576298,0.0103104,0.0155566,0.0103104,0.000618966,4.41668e-05,0.00734407,0.0830685,0.0644502,0.013165,0.0918911,1.04562,228,10,0.993998,0.988667,0.988667,0.9927,1.2788e-06,0.000234431,0.000372448,8.25768e-07,0.00246449,1.00374,0.631786,0.00270386,0,0,0,0,0,0.000904606,0.000930578,0.000669962,0.00108553,-0.00121842,1.04076e-08,0.000144763,8.15799e-09,0.00311023,6.81306e-07,0.0124718,1.50172e-06,0.000340795,0.0015582,1.61251e-07,8.61995e-06,7.92195e-05,8.0686e-07,1.48621e-06,0.000423652,0.000396592,1.73031e-06,6.3635,0.000110757,0.00170862,0.00124412,6.16756e-05,0.00243803,-2.64635e-05,0.000906873,0.000140165,0.00153115,7.39077e-06,0.998175,-0.00556557,0.979928,0.00167666,0.0182466,0.000395086,0.619938,-0.0118478,0.607795,0.00168143,0.0121431,0.00363094,0.00268723,-1.66277e-05,0.00142415,0.000125117,0.00126308,3.69816e-05
ERF_Log_File_20240909_0833.csv,ig_zn_diff,12,emfpe,3,0,filled_square,3.6um_lp,ERF_OSA207_Spectra_20240909_0832.csv,1.40993e+09,3.96861,0.000383456,0.56439,0.00277629,34.1612,6.3548,0.000254024,0.00964221,2,0.263192,0.0022953,6.013,0,6.35e-06,0.000289,8.31e-05,7.51e-06,0,6.93e-06,0.000878467,6.18e-05,2.89e-05,5.77e-06,2.54e-05,9.24e-06,7.6438e-05,4.04e-05,0.0017138,0.612259,0.967929,0.00198093,3.42048e-05,0.00131038,0.0020779,9.63326e-05,17.4595,0.037283,-0.00108435,0.000387435,0.000333107,0.000387475,0.00499343,0.00254845,0.0125832,0.00254844,9.68694e-05,1.09623e-05,0.00427036,0.0112768,0.0260417,0.0120761,0.126353,1.04486,228,10,0.993998,0.988651,0.988651,0.9927,8.15442e-07,0.00023033,0.000364132,6.68623e-07,0.0019955,0.97904,0.619287,0.00172415,-0,0,0,0,0,0.000859131,0.000885128,0.000636688,0.00103096,-0.00122082,1.04049e-08,0.000145267,8.16342e-09,0.00310582,6.8203e-07,0.0124815,1.50333e-06,0.000341522,0.00155873,9.01263e-08,4.90007e-06,4.96534e-05,4.56231e-07,1.20338e-06,0.000413848,0.00038926,1.10335e-06,6.37237,9.63326e-05,0.00207791,0.00131132,3.42078e-05,0.00197407,-2.14275e-05,0.000910128,0.000142082,0.00106394,6.94091e-06,0.973603,-0.00543703,0.980104,0.00170011,-0.00650076,0.000377369,0.60764,-0.0116469,0.609486,0.00172513,-0.00184599,0.00382396,0.00171355,-1.06029e-05,0.00144054,0.000127685,0.000273008,3.51358e-05
ERF_Log_File_20240909_1014.csv,ig_zn_diff,12,emfpe,3,0,filled_square,3.6um_lp,ERF_OSA207_Spectra_20240909_1013.csv,1.40993e+09,3.87133,0.000416464,0.544552,0.0100478,34.1726,6.35551,0.000304661,0.00965179,2,0.261891,0.0027142,6.013,0,6.35e-06,0.000289,8.31e-05,7.51e-06,0,6.93e-06,0.000878576,6.18e-05,2.89e-05,5.77e-06,2.54e-05,9.24e-06,7.64439e-05,4.04e-05,0.00183145,0.610322,0.965117,0.00186821,4.32411e-05,0.000608318,0.000950399,0.000115314,16.972,0.01661,-0.00143077,0.000186671,0.000455273,0.000186729,0.00207162,0.00200046,0.0121898,0.00200045,-0.000583772,8.57646e-06,0.00526538,0.0143891,0.0124468,0.0141,0.0564659,1.0438,228,10,0.993998,0.98865,0.98865,0.9927,8.71421e-07,0.000229645,0.000363143,6.30576e-07,0.00188195,0.976197,0.617329,0.00184251,0,0,0,0,0,0.000883809,0.000908955,0.00065456,0.00106057,-0.00122108,1.04049e-08,0.000145255,8.17101e-09,0.00310547,6.82084e-07,0.0124823,1.50345e-06,0.000341583,0.00155877,1.07521e-07,5.85224e-06,5.97852e-05,5.44759e-07,1.13491e-06,0.000412695,0.000388071,1.17909e-06,6.37308,0.000115314,0.000950417,0.000611257,4.32445e-05,0.00186174,-2.02082e-05,0.000910381,0.000142236,0.000951359,6.90501e-06,0.970775,-0.00542191,0.980118,0.00170198,-0.00934267,0.000375832,0.605716,-0.0116128,0.609625,0.00172863,-0.00390958,0.00383941,0.00183118,-1.13307e-05,0.00144182,0.000127891,0.000389362,3.49845e-05
ERF_Log_File_20250515_0752.csv,ig_zn_diff,13,fmfpe,12,2,filled_square,3.6um_lp,ERF_OSA207_Spectra_20250515_0751.csv,1.43135e+09,2.7796,0.000223751,0.766485,0.00332738,32.4998,6.38805,0.000112272,0.0124812,2,0.264885,0.00179216,6.206,0,6.35e-06,0.000289,8.31e-05,7.51e-06,0,6.93e-06,0.000730781,6.18e-05,2.89e-05,5.77e-06,2.54e-05,9.24e-06,7.67128e-05,4.04e-05,0.00112425,0.607932,0.970534,0.000920408,1.52318e-05,0.00229335,0.00365898,2.47792e-05,24.742,0.0932684,-0.0010026,0.000386232,0.000173728,0.000386235,0.00322871,0.00113234,0.0137812,0.00113233,1.30726e-05,4.90606e-06,0.0026069,0.0163193,0.00934131,0.0043717,0.317661,1.04111,228,10,0.994694,0.990551,0.990551,0.99368,4.42689e-07,0.000175808,0.000280669,2.51725e-07,0.000926262,0.979792,0.613731,0.00113025,-0,0,0,0,0,0.000606257,0.000642757,0.000453844,0.000727508,-0.00113972,2.15948e-08,0.000268443,1.61282e-08,0.00352575,1.72391e-07,0.0131215,3.85621e-07,0.00035204,0.00166472,3.84062e-08,2.10145e-06,2.25309e-05,1.95512e-07,0,0,0,0,6.37722,2.47792e-05,0.00365898,0.00229346,1.52331e-05,0.000926262,0,0.000911816,0.000143129,1.44461e-05,6.6973e-06,0.979792,0,0.980196,0.00171281,-0.00040392,0.000366451,0.613731,0,0.610447,0.00174895,0.0032841,0.00392895,0.00113025,0,0.00144911,0.000129088,-0.00031886,3.40936e-05
ERF_Log_File_20240911_1457.csv,ig_zn_diff,12,emfpe,3,0,filled_square,3.6um_lp,ERF_OSA207_Spectra_20240911_1456.csv,1.41012e+09,4.3717,0.00034008,0.596848,0.00551688,34.1708,6.41276,0.00072501,0.0106644,2,0.289908,0.00619264,6.141,0,6.35e-06,0.000289,8.31e-05,7.51e-06,0,6.93e-06,0.000887336,6.18e-05,2.89e-05,5.77e-06,2.54e-05,9.24e-06,7.6917e-05,4.04e-05,0.00255282,0.627674,0.968498,0.00251185,4.89323e-05,0.00110202,0.00168565,8.34756e-05,19.764,0.0343435,-0.00128896,0.000312094,0.000551102,0.000312122,-0.000597686,0.00194085,0.0114589,0.00194084,-0.000250187,8.33573e-06,0.00693951,0.0231251,0.0128907,0.0118909,0.118129,1.03826,228,10,0.993998,0.988553,0.988553,0.9927,1.21466e-06,0.000239772,0.000369967,8.47826e-07,0.00253032,0.979713,0.634942,0.00256823,-0,0,0,0,0,0.000758956,0.000788297,0.000564475,0.000910747,-0.00123794,1.04505e-08,0.000148974,8.19807e-09,0.00307694,6.86427e-07,0.0125468,1.51302e-06,0.000346729,0.00156238,1.51093e-07,7.7177e-06,0.000179075,7.7556e-07,1.52591e-06,0.000418199,0.00040293,1.64351e-06,6.43049,8.34757e-05,0.00168567,0.00111659,4.89385e-05,0.00250315,-2.71704e-05,0.000926426,0.000145509,0.00157673,4.11419e-06,0.974217,-0.00549579,0.980985,0.00165567,-0.00676758,0.000210149,0.622777,-0.012165,0.622541,0.00160471,0.000236256,0.0048761,0.00255244,-1.57937e-05,0.00152456,0.000138505,0.00102788,2.1118e-05
ERF_Log_File_20240911_1233.csv,ig_zn_diff,12,emfpe,3,0,filled_square,3.6um_lp,ERF_OSA207_Spectra_20240911_1233.csv,1.41012e+09,4.661,0.000287394,0.585981,0.00391009,34.1718,6.41562,0.0007024,0.0120741,2,0.290161,0.00576674,6.141,0,6.35e-06,0.000289,8.31e-05,7.51e-06,0,6.93e-06,0.000887776,6.18e-05,2.89e-05,5.77e-06,2.54e-05,9.24e-06,7.69407e-05,4.04e-05,0.00250086,0.629443,0.973761,0.0023001,3.99146e-05,0.000621076,0.000956614,8.29361e-05,19.7955,0.0193546,-0.000722202,0.000184096,0.000661502,0.000184137,0.000738858,0.00164201,0.0128255,0.00164201,-4.65832e-05,7.05048e-06,0.00567485,0.0123204,0.0126275,0.0118106,0.0659897,1.04295,228,10,0.993998,0.988548,0.988548,0.9927,1.18993e-06,0.000240629,0.000372258,7.76354e-07,0.00231701,0.985042,0.636735,0.00251596,0,0,0,0,0,0.000757748,0.000787449,0.000563646,0.000909298,-0.00123872,1.04519e-08,0.000149171,8.19158e-09,0.00307551,6.86627e-07,0.0125501,1.51348e-06,0.000346972,0.00156256,1.4154e-07,7.16754e-06,0.000174279,7.23442e-07,1.39727e-06,0.000420675,0.000404274,1.61006e-06,6.43336,8.29362e-05,0.00095664,0.000645254,3.99212e-05,0.00229213,-2.48799e-05,0.000927016,0.000145492,0.00136512,3.9799e-06,0.979513,-0.0055284,0.981015,0.00164939,-0.00150136,0.00020154,0.624525,-0.0122103,0.623251,0.00159047,0.00127372,0.00490045,0.00250049,-1.54722e-05,0.00152759,0.000138917,0.000972902,2.03421e-05
ERF_Log_File_20240911_1001.csv,ig_zn_diff,12,emfpe,3,0,filled_square,3.6um_lp,ERF_OSA207_Spectra_20240911_1000.csv,1.41011e+09,4.37599,0.000323761,0.589398,0.00685951,34.1719,6.41761,0.000681923,0.0113186,2,0.289441,0.00557575,6.141,0,6.35e-06,0.000289,8.31e-05,7.51e-06,0,6.93e-06,0.000888081,6.18e-05,2.89e-05,5.77e-06,2.54e-05,9.24e-06,7.69571e-05,4.04e-05,0.00252755,0.63075,0.976371,0.00246065,4.80477e-05,0.00077022,0.00117866,9.12075e-05,19.6671,0.0236407,-0.000624374,0.000226934,0.000245709,0.000226987,0.0036399,0.00209025,0.0077351,0.00209025,7.44421e-05,8.97541e-06,0.00677974,0.0188113,0.0155569,0.0128825,0.0801003,1.04535,228,10,0.993998,0.988544,0.988544,0.9927,1.20263e-06,0.000241255,0.000373451,8.30543e-07,0.00247874,0.987686,0.63806,0.00254281,0,0,0,0,0,0.000762695,0.000792366,0.000567256,0.000915234,-0.00123935,1.04547e-08,0.000149415,8.20995e-09,0.00307451,6.86768e-07,0.0125524,1.51378e-06,0.000347191,0.0015627,1.34161e-07,6.75086e-06,0.000169638,6.83282e-07,1.49481e-06,0.000421945,0.00040526,1.62725e-06,6.43536,9.12076e-05,0.00117868,0.000788831,4.80526e-05,0.00245213,-2.66166e-05,0.000927412,0.00014548,0.00152472,3.88688e-06,0.982141,-0.00554514,0.981035,0.00164504,0.00110622,0.000195585,0.625816,-0.0122434,0.623747,0.00158057,0.00206918,0.00491472,0.00252717,-1.56373e-05,0.0015296,0.000139203,0.000997573,1.97959e-05
ERF_Log_File_20240911_0853.csv,ig_zn_diff,12,emfpe,3,0,filled_square,3.6um_lp,ERF_OSA207_Spectra_20240911_0853.csv,1.4101e+09,4.4672,0.000434364,0.600029,0.00277253,34.1726,6.41822,0.000653439,0.0117013,2,0.289677,0.00529158,6.141,0,6.35e-06,0.000289,8.31e-05,7.51e-06,0,6.93e-06,0.000888176,6.18e-05,2.89e-05,5.77e-06,2.54e-05,9.24e-06,7.69622e-05,4.04e-05,0.00239683,0.626193,0.967975,0.002385,3.55542e-05,0.000660274,0.00100891,6.94021e-05,20.2239,0.0209983,-0.00121237,0.00019537,8.27137e-05,0.000195409,0.00663276,0.00172893,0.0117859,0.00172892,-3.12133e-05,7.42553e-06,0.00515634,0.0169366,0.0126524,0.0100842,0.0699541,1.04501,228,10,0.993998,0.988543,0.988543,0.9927,1.14043e-06,0.000239551,0.0003703,8.05008e-07,0.00240254,0.979194,0.63345,0.0024113,0,0,0,0,0,0.000741697,0.000771663,0.000551962,0.000890036,-0.00123955,1.04492e-08,0.000149378,8.20347e-09,0.00307421,6.86813e-07,0.0125532,1.51387e-06,0.000347233,0.00156274,1.27604e-07,6.40807e-06,0.000162667,6.49108e-07,1.44885e-06,0.00041836,0.000402376,1.54309e-06,6.43597,6.94022e-05,0.00100893,0.000680178,3.55601e-05,0.00237674,-2.57983e-05,0.00092753,0.000145476,0.00144921,3.85843e-06,0.973696,-0.00549804,0.981041,0.0016437,-0.00734492,0.000193765,0.621293,-0.0121573,0.623899,0.00157754,-0.00260635,0.00491864,0.00239647,-1.48286e-05,0.0015302,0.000139291,0.000866271,1.96275e-05
ERF_Log_File_20240911_1853.csv,ig_zn_diff,12,emfpe,3,0,filled_square,3.6um_lp,ERF_OSA207_Spectra_20240911_1853.csv,1.41014e+09,3.59032,0.000492581,0.58436,0.0183646,34.1715,6.43749,0.00117121,0.0115339,2,0.308556,0.00695857,6.165,0,6.35e-06,0.000289,8.31e-05,7.51e-06,0,6.93e-06,0.00089061,6.18e-05,2.89e-05,5.77e-06,2.54e-05,9.24e-06,7.71214e-05,4.04e-05,0.00313274,0.643475,0.988559,0.00296195,7.96054e-05,0.0012823,0.00188678,9.45187e-05,16.2849,0.0307996,-0.00105746,0.000364836,-0.000105954,0.000365031,0.00622257,0.00502138,0.008909,0.00502137,0.000623133,2.15338e-05,0.00932397,0.049046,0.0282738,0.011039,0.10479,1.04241,228,10,0.993998,0.988511,0.988511,0.9927,1.49059e-06,0.000247408,0.000380089,9.99746e-07,0.00298373,1.00005,0.650954,0.00315166,-0,0,0,0,0,0.000921099,0.000946426,0.000682334,0.00110532,-0.00124527,1.04616e-08,0.000150545,8.20779e-09,0.00306463,6.88128e-07,0.0125757,1.51676e-06,0.000348955,0.00156403,1.75519e-07,8.10228e-06,0.000293914,8.35553e-07,1.79934e-06,0.000428648,0.000414966,2.01687e-06,6.45529,9.45189e-05,0.0018868,0.00131586,7.96098e-05,0.00295169,-3.20391e-05,0.000930866,0.000145359,0.00202083,2.96991e-06,0.994415,-0.00563376,0.981202,0.00160216,0.0132127,0.000137097,0.638385,-0.012569,0.628743,0.00148205,0.00964184,0.00497324,0.00313227,-1.93815e-05,0.00154675,0.000142062,0.00158553,1.41382e-05
ERF_Log_File_20240911_1746.csv,ig_zn_diff,12,emfpe,3,0,filled_square,3.6um_lp,ERF_OSA207_Spectra_20240911_1745.csv,1.41013e+09,3.85468,0.000397113,0.607957,0.0282624,34.1712,6.44057,0.00121797,0.0118129,2,0.308031,0.0069599,6.165,0,6.35e-06,0.000289,8.31e-05,7.51e-06,0,6.93e-06,0.000890991,6.18e-05,2.89e-05,5.77e-06,2.54e-05,9.24e-06,7.71469e-05,4.04e-05,0.00298985,0.642546,0.986328,0.00306854,5.30193e-05,0.000980196,0.00150341,0.000109815,17.5826,0.0260815,-0.000888507,0.000288292,-0.000607778,0.00028858,0.00270352,0.00528788,0.00834169,0.00528787,0.00132721,2.26879e-05,0.00670911,0.0273728,0.0456167,0.0138216,0.0884404,1.04363,228,10,0.993998,0.988505,0.988505,0.9927,1.4226e-06,0.00024725,0.000379536,1.03572e-06,0.00309111,0.997798,0.650018,0.0030079,-0,0,0,0,0,0.000853116,0.00088028,0.000632999,0.00102374,-0.00124604,1.04602e-08,0.000150906,8.20779e-09,0.0030631,6.88327e-07,0.0125794,1.51721e-06,0.000349236,0.00156425,1.73848e-07,7.87617e-06,0.000305151,8.12488e-07,1.86409e-06,0.000427903,0.000414611,1.92488e-06,6.45838,0.000109815,0.00150343,0.00102703,5.30255e-05,0.00305791,-3.31921e-05,0.000931315,0.00014534,0.0021266,2.83005e-06,0.992174,-0.00562404,0.981223,0.00159569,0.010951,0.000128215,0.637455,-0.0125629,0.629518,0.00146689,0.0079373,0.00496753,0.00298941,-1.84975e-05,0.00154886,0.000142504,0.00144054,1.32264e-05
ERF_Log_File_20240911_1638.csv,ig_zn_diff,12,emfpe,3,0,filled_square,3.6um_lp,ERF_OSA207_Spectra_20240911_1638.csv,1.41013e+09,4.13273,0.000357657,0.596363,0.0121912,34.1723,6.4427,0.0011072,0.0118076,2,0.306198,0.0063044,6.165,0,6.35e-06,0.000289,8.31e-05,7.51e-06,0,6.93e-06,0.000891254,6.18e-05,2.89e-05,5.77e-06,2.54e-05,9.24e-06,7.71645e-05,4.04e-05,0.00282912,0.638678,0.978762,0.00281916,4.14116e-05,0.000506538,0.0007185,0.000105028,18.6856,0.0134925,-0.000962342,0.000140346,-0.000184505,0.000140485,0.00459785,0.0025931,0.00904495,0.00259309,0.000264473,1.11282e-05,0.00556376,0.0289182,0.0167606,0.0141001,0.0458522,1.044,228,10,0.993998,0.988502,0.988502,0.9927,1.34612e-06,0.000245898,0.000376834,9.5155e-07,0.00283989,0.990147,0.646107,0.0028462,0,0,0,0,0,0.000802757,0.000831135,0.000596433,0.000963309,-0.00124684,1.0463e-08,0.000151014,8.20995e-09,0.00306205,6.88464e-07,0.0125819,1.51751e-06,0.000349463,0.00156439,1.52596e-07,6.81558e-06,0.000277,7.02938e-07,1.7126e-06,0.000424773,0.000412283,1.8214e-06,6.46051,0.000105028,0.000718529,0.000577976,4.14176e-05,0.0028094,-3.04946e-05,0.000931617,0.000145327,0.00187778,2.73353e-06,0.984564,-0.00558295,0.981236,0.00159124,0.00332751,0.000122091,0.633611,-0.0124956,0.630053,0.00145642,0.00355855,0.00496204,0.0028287,-1.75031e-05,0.00155027,0.000142811,0.00127843,1.2592e-05
ERF_Log_File_20250513_1932.csv,ig_zn_diff,13,fmfpe,12,2,filled_square,3.6um_lp,ERF_OSA207_Spectra_20250513_1931.csv,1.43122e+09,5.0688,0.000220222,0.777204,0.00263811,32.4985,6.45238,0.000260706,0.0146487,2,0.291229,0.00164921,6.257,0,6.35e-06,0.000289,8.31e-05,7.51e-06,0,6.93e-06,0.000738144,6.18e-05,2.89e-05,5.77e-06,2.54e-05,9.24e-06,7.72446e-05,4.04e-05,0.00122245,0.621098,0.966574,0.0010722,1.40689e-05,0.00103965,0.00161776,2.33861e-05,23.101,0.0386587,-0.00158818,0.000165986,0.00031281,0.000165986,0.00248026,0.000480985,0.0132955,0.000480985,6.83103e-05,2.08354e-06,0.00231098,0.00391947,0.00453223,0.0038697,0.130964,1.04587,228,10,0.994694,0.99046,0.99046,0.99368,4.81359e-07,0.000182715,0.000284347,2.9324e-07,0.00107902,0.975884,0.62708,0.00122897,-0,0,0,0,0,0.000649323,0.000683256,0.000485198,0.000779187,-0.00114921,2.19098e-08,0.000265875,1.6362e-08,0.00352133,1.73423e-07,0.0131903,3.8793e-07,0.000353771,0.00167116,4.75206e-08,2.3405e-06,6.52465e-05,2.38734e-07,0,0,0,0,6.44144,2.33861e-05,0.00161776,0.00104171,1.40709e-05,0.00107902,0,0.000928563,0.000145443,0.000150457,3.60456e-06,0.975884,0,0.981092,0.0016318,-0.00520793,0.000177533,0.62708,0,0.625266,0.00155041,0.00181395,0.00494911,0.00122897,0,0.00153543,0.000140076,-0.000306456,1.81086e-05
ERF_Log_File_20240904_1358.csv,ig_zn_diff,12,emfpe,3,0,filled_square,3.6um_lp,ERF_OSA207_Spectra_20240904_1358.csv,1.40952e+09,3.07271,0.000280928,0.501665,0.0404667,34.1716,6.5145,0.00101493,0.0114459,2,0.339768,0.00540148,6.141,6.57532,6.35e-06,0.000289,8.31e-05,7.51e-06,0,6.93e-06,0.000901404,6.18e-05,2.89e-05,5.77e-06,2.54e-05,9.24e-06,7.7758e-05,4.04e-05,0.00347777,0.667887,1.00801,0.00393151,8.97372e-05,0.00174017,0.00158701,0.000144118,13.2201,0.0143086,-0.000801957,0.000212727,0.000333435,0.000219007,0.00686165,0.0217552,0.0232784,0.0217552,-0.000156105,9.15195e-05,0.00853964,0.155348,0.105472,0.0137037,0.0471459,1.04424,228,10,0.993998,0.988379,0.988379,0.9927,1.65475e-06,0.000261985,0.000395402,1.327e-06,0.00396042,1.01986,0.67574,0.00349877,0,0,0,0,0,0.00113464,0.0011561,0.000838076,0.00136156,-0.0012689,1.04878e-08,0.000155499,8.2272e-09,0.00302644,6.9268e-07,0.0126697,1.52682e-06,0.0003561,0.00156962,1.82895e-08,3.6131e-06,0.00018774,5.25031e-07,2.38833e-06,0.000442749,0.000437576,2.239e-06,6.53251,0.000144118,0.00158701,0.00175039,8.97387e-05,0.00391789,-4.25267e-05,0.000935819,0.000161528,0.00298208,3.61398e-07,1.01404,-0.00582099,0.981321,0.00145197,0.0327198,7.13941e-05,0.662381,-0.0133592,0.646329,0.0012136,0.0160511,0.0037097,0.00347725,-2.15161e-05,0.0015546,0.000148964,0.00192265,1.03745e-05
ERF_Log_File_20240909_0940.csv,ig_zn_diff,12,emfpe,3,0,filled_square,3.6um_lp,ERF_OSA207_Spectra_20240909_0940.csv,1.40993e+09,3.27684,0.000370319,0.610789,0.00605625,34.1703,6.52023,0.000513501,0.0121042,2,0.337463,0.00291469,6.141,0,6.35e-06,0.000289,8.31e-05,7.51e-06,0,6.93e-06,0.000902119,6.18e-05,2.89e-05,5.77e-06,2.54e-05,9.24e-06,7.78053e-05,4.04e-05,0.00219112,0.638998,0.960473,0.00235285,3.69177e-05,0.000787545,0.00118089,9.94601e-05,15.238,0.018556,-0.00128263,0.000233142,0.000371999,0.000233227,0.00471528,0.00267774,0.0152822,0.00267774,-3.65106e-05,1.15264e-05,0.0040315,0.0131467,0.0179511,0.0108879,0.062798,1.04563,228,10,0.993998,0.98837,0.98837,0.9927,1.04256e-06,0.000251024,0.000377312,7.94156e-07,0.00237015,0.971775,0.646517,0.00220435,-0,0,0,0,0,0.000984381,0.0010068,0.000728215,0.00118126,-0.00127059,1.04905e-08,0.000155906,8.22935e-09,0.00302362,6.92984e-07,0.012677,1.52748e-06,0.000356624,0.00157006,1.52312e-08,2.19421e-06,9.01041e-05,3.09745e-07,1.42932e-06,0.00042227,0.000419179,1.41065e-06,6.53826,9.94601e-05,0.00118089,0.000792744,3.6919e-05,0.0023447,-2.54505e-05,0.00093568,0.000163882,0.00140902,5.95379e-07,0.966223,-0.00555187,0.981298,0.00144166,-0.0150755,8.57706e-05,0.633713,-0.0128036,0.647364,0.00120129,-0.0136504,0.00352212,0.00219079,-1.35559e-05,0.00155136,0.000149189,0.000639431,1.21077e-05
ERF_Log_File_20250515_0825.csv,ig_zn_diff,13,fmfpe,12,2,filled_square,3.6um_lp,ERF_OSA207_Spectra_20250515_0825.csv,1.43136e+09,4.66466,0.0003462,0.769405,0.00823273,32.4992,6.54801,0.000113348,0.0149378,2,0.312739,0.00136915,6.326,0,6.35e-06,0.000289,8.31e-05,7.51e-06,0,6.93e-06,0.000748997,6.18e-05,2.89e-05,5.77e-06,2.54e-05,9.24e-06,7.8035e-05,4.04e-05,0.00139267,0.641466,0.970313,0.0011271,2.18122e-05,0.00318633,0.00481988,3.93861e-05,21.0952,0.104784,-0.000970457,0.00022116,0.000500735,0.000221161,0.00314115,0.000567721,0.0152286,0.00056772,-0.000376361,2.4598e-06,0.00313311,0.00325755,0.0064943,0.00591822,0.358536,1.0452,228,10,0.994694,0.990326,0.990326,0.99368,5.48385e-07,0.000193503,0.000292702,3.08255e-07,0.00113427,0.979792,0.647732,0.0014001,-0,0,0,0,0,0.000711062,0.000742414,0.000530249,0.000853275,-0.00116441,2.23355e-08,0.000262159,1.66817e-08,0.00351546,1.7439e-07,0.0132981,3.90091e-07,0.000356642,0.00168136,3.05299e-09,4.65428e-07,2.01491e-05,6.61015e-08,0,0,0,0,6.53691,3.93861e-05,0.00481988,0.00318639,2.18123e-05,0.00113427,0,0.000935719,0.000163329,0.00019855,5.40532e-07,0.979792,0,0.981304,0.00144408,-0.00151256,8.24042e-05,0.647732,0,0.647126,0.00120418,0.000606402,0.0035674,0.0014001,0,0.00155217,0.000149136,-0.000152072,1.17033e-05
ERF_Log_File_20240911_2002.csv,ig_zn_diff,12,emfpe,3,0,filled_square,3.6um_lp,ERF_OSA207_Spectra_20240911_2001.csv,1.41014e+09,3.72328,0.000412331,0.602315,0.013751,34.1716,6.55121,0.000348402,0.0125742,2,0.332498,0.00350328,6.237,0,6.35e-06,0.000289,8.31e-05,7.51e-06,0,6.93e-06,0.000905991,6.18e-05,2.89e-05,5.77e-06,2.54e-05,9.24e-06,7.80615e-05,4.04e-05,0.00317118,0.656626,0.982222,0.00312695,6.37176e-05,0.00152968,0.00223107,0.000127298,17.018,0.0385137,-0.00167839,0.000426788,-0.000805693,0.000426876,0.00352311,0.00387667,0.0121977,0.00387666,0.000122426,1.66155e-05,0.00774484,0.044325,0.0232803,0.0155366,0.130438,1.04587,228,10,0.993998,0.988317,0.988317,0.9927,1.50888e-06,0.000260012,0.000388943,1.05544e-06,0.00314994,0.993833,0.664388,0.00319033,0,0,0,0,0,0.00088142,0.000907521,0.000653836,0.0010577,-0.00128032,1.05015e-08,0.000157764,8.2315e-09,0.00300834,6.94487e-07,0.0127167,1.5308e-06,0.000359521,0.0015725,3.15848e-08,2.77906e-06,3.9576e-05,3.61085e-07,1.89957e-06,0.00043405,0.000433788,2.04162e-06,6.56932,0.000127298,0.00223107,0.0015302,6.37186e-05,0.00311612,-3.38239e-05,0.000933803,0.000176611,0.00218232,1.82834e-06,0.988126,-0.00570741,0.981107,0.00138546,0.00701809,0.00016087,0.651108,-0.0132796,0.651904,0.00113461,-0.000795145,0.00229093,0.00317071,-1.96193e-05,0.00152576,0.000150405,0.00164495,2.0902e-05
ERF_Log_File_20240911_1307.csv,ig_zn_diff,12,emfpe,3,0,filled_square,3.6um_lp,ERF_OSA207_Spectra_20240911_1307.csv,1.41012e+09,4.74795,0.000332608,0.629031,0.00548463,34.171,6.60591,0.000279061,0.012372,2,0.316084,0.00339402,6.275,0,6.35e-06,0.000289,8.31e-05,7.51e-06,0,6.93e-06,0.00091411,6.18e-05,2.89e-05,5.77e-06,2.54e-05,9.24e-06,7.85136e-05,4.04e-05,0.00265128,0.656175,0.971897,0.00262909,3.48064e-05,0.000591739,0.000866582,9.51318e-05,20.4629,0.0181809,-0.000854203,0.000166676,-0.000204248,0.000166708,0.00715442,0.00142626,0.0118352,0.00142626,9.23706e-05,6.12507e-06,0.0051079,0.0149917,0.0105986,0.0139807,0.0615879,1.04574,228,10,0.993998,0.988223,0.988223,0.9927,1.2615e-06,0.000263488,0.000390267,8.87396e-07,0.00264842,0.983479,0.663995,0.00266729,-0,0,0,0,0,0.000733034,0.000763581,0.000546495,0.000879641,-0.0012977,1.05043e-08,0.000161018,8.24011e-09,0.00298156,6.96709e-07,0.0127892,1.53569e-06,0.000364679,0.00157708,5.31428e-08,3.7873e-06,7.71725e-06,4.6727e-07,1.59713e-06,0.000433357,0.000439252,1.7069e-06,6.62418,9.51318e-05,0.00086659,0.000591791,3.48095e-05,0.00261998,-2.84386e-05,0.000926043,0.000208721,0.00169394,3.87271e-06,0.97778,-0.00569938,0.980506,0.00132372,-0.00272627,0.000275995,0.650509,-0.0134859,0.654299,0.00113694,-0.0037901,0.000562385,0.00265089,-1.64028e-05,0.00145065,0.000147285,0.00120024,3.40517e-05
ERF_Log_File_20240911_0927.csv,ig_zn_diff,12,emfpe,3,0,filled_square,3.6um_lp,ERF_OSA207_Spectra_20240911_0927.csv,1.4101e+09,4.45765,0.000356011,0.626492,0.00622228,34.1727,6.60809,0.000253962,0.0121555,2,0.313508,0.00300594,6.275,0,6.35e-06,0.000289,8.31e-05,7.51e-06,0,6.93e-06,0.000914384,6.18e-05,2.89e-05,5.77e-06,2.54e-05,9.24e-06,7.85315e-05,4.04e-05,0.00261864,0.658838,0.973386,0.00298182,4.63685e-05,0.000559001,0.000826123,0.000104038,20.2343,0.0169799,-0.00116186,0.000160829,0.000233534,0.000160891,0.000322789,0.00188736,0.0128358,0.00188735,-0.000136832,8.10466e-06,0.00673137,0.0119797,0.0179182,0.0151283,0.0575016,1.04587,228,10,0.993998,0.98822,0.98822,0.9927,1.24597e-06,0.000264703,0.00039108,1.00645e-06,0.00300375,0.984989,0.666692,0.00263445,0,0,0,0,0,0.000741316,0.000771626,0.000552541,0.000889579,-0.00129842,1.05111e-08,0.000161219,8.24011e-09,0.00298049,6.96792e-07,0.0127922,1.53587e-06,0.000364911,0.00157727,4.93233e-08,3.48827e-06,8.35877e-06,4.30906e-07,1.81141e-06,0.000434175,0.000441275,1.68589e-06,6.62636,0.000104038,0.000826131,0.000559065,4.63705e-05,0.00297149,-3.2254e-05,0.000925627,0.0002104,0.00204587,3.95091e-06,0.979279,-0.00571017,0.980477,0.00132293,-0.00119766,0.000279419,0.653142,-0.0135492,0.654239,0.00114209,-0.00109645,0.000669556,0.00261825,-1.62009e-05,0.00144699,0.000146943,0.00117126,3.45166e-05
ERF_Log_File_20250514_2316.csv,ig_zn_diff,13,fmfpe,12,2,filled_square,3.6um_lp,ERF_OSA207_Spectra_20250514_2316.csv,1.43132e+09,4.89381,0.000400443,0.827871,0.0225135,32.4998,6.65368,0.000184385,0.0127102,2,0.289931,0.00158544,6.399,0,6.35e-06,0.000289,8.31e-05,7.51e-06,0,6.93e-06,0.00076105,6.18e-05,2.89e-05,5.77e-06,2.54e-05,9.24e-06,7.89084e-05,4.04e-05,0.00128893,0.644765,0.963766,0.00119939,1.53136e-05,0.00265691,0.00397465,2.94533e-05,22.349,0.0920214,-0.00134246,0.000658548,-0.000181149,0.000658565,0.00572243,0.00284368,0.017569,0.00284368,0.000788401,1.23241e-05,0.00231232,0.0167571,0.0365046,0.00465283,0.312014,1.04564,228,10,0.994694,0.990178,0.990178,0.99368,5.07536e-07,0.000199872,0.00029876,3.28026e-07,0.00120702,0.973326,0.651161,0.00129581,-0,0,0,0,0,0.000671171,0.000703865,0.000501604,0.000805405,-0.00118283,2.27472e-08,0.00025831,1.69874e-08,0.00350959,1.74763e-07,0.0134242,3.90929e-07,0.000360286,0.00169338,4.08272e-08,2.71426e-06,1.26611e-05,3.41458e-07,0,0,0,0,6.6424,2.94533e-05,0.00397465,0.00265694,1.53174e-05,0.00120702,0,0.000922294,0.000222713,0.000284724,4.51531e-06,0.973326,0,0.980248,0.0013157,-0.00692196,0.000300185,0.651161,0,0.653418,0.00117938,-0.00225737,0.00140026,0.00129581,0,0.00141851,0.000144432,-0.000122709,3.77637e-05
ERF_Log_File_20240829_0849.csv,ig_zn_diff,12,emfpe,3,0,filled_square,none,ERF_OSA207_Spectra_20240829_0849.csv,1.40898e+09,5.46629,0.000254173,0.806281,0.0543702,34.1711,6.68083,0.000783383,0.0177441,2,0.296667,0.00719986,6.25,0,6.35e-06,0.000289,8.31e-05,7.51e-06,0,6.93e-06,0.000923602,6.18e-05,2.89e-05,5.77e-06,2.54e-05,9.24e-06,7.91328e-05,4.04e-05,0.00350345,0.66528,0.982857,0.00334091,3.58404e-05,0.000993735,0.00154667,6.44171e-05,25.8876,0.0362458,-0.000350787,0.000273872,0.000769975,0.000274738,-0.000731892,0.00891115,0.0102148,0.00891112,-0.00137987,3.81809e-05,0.00657736,0.0638557,0.13193,0.0120025,0.122936,1.04584,228,10,0.993998,0.988096,0.988096,0.9927,1.66697e-06,0.000272246,0.000402204,1.12766e-06,0.00336548,0.994698,0.673295,0.0035246,-0,0,0,0,0,0.000579428,0.000618459,0.000436475,0.000695314,-0.0013217,1.0485e-08,0.000165473,8.2315e-09,0.00294528,6.98891e-07,0.0128937,1.54049e-06,0.000371794,0.0015839,2.43968e-07,1.2179e-05,0.00012586,1.80022e-06,2.02955e-06,0.000443592,0.000454109,2.25553e-06,6.6993,6.44176e-05,0.00154672,0.00100181,3.58855e-05,0.00332934,-3.61383e-05,0.00090708,0.000266408,0.00242226,6.40511e-06,0.988863,-0.0058353,0.979367,0.00128937,0.00949562,0.000319747,0.659326,-0.0139693,0.64663,0.00131449,0.0126954,0.00330432,0.00350293,-2.1675e-05,0.00129965,0.000135524,0.00220328,4.72629e-05
ERF_Log_File_20240909_1047.csv,ig_zn_diff,12,emfpe,3,0,filled_square,3.6um_lp,ERF_OSA207_Spectra_20240909_1047.csv,1.40994e+09,3.95674,0.000321895,0.614052,0.00702838,34.1728,6.69824,0.000238271,0.0119899,2,0.301308,0.00284854,6.275,0,6.35e-06,0.000289,8.31e-05,7.51e-06,0,6.93e-06,0.00092582,6.18e-05,2.89e-05,5.77e-06,2.54e-05,9.24e-06,7.92767e-05,4.04e-05,0.00183949,0.65089,0.968806,0.00203308,4.07948e-05,0.000594949,0.000878743,9.16199e-05,17.6743,0.0159443,-0.00118069,0.000171122,0.000230261,0.000171167,0.00276604,0.00168034,0.012461,0.00168034,-0.000426983,7.23458e-06,0.0051711,0.0122723,0.0114496,0.0116508,0.0540001,1.04541,228,10,0.993998,0.988066,0.988066,0.9927,8.75248e-07,0.000267521,0.000398188,6.86225e-07,0.00204803,0.980507,0.658752,0.0018506,0,0,0,0,0,0.00084869,0.000875044,0.000629984,0.00101843,-0.00132744,1.04878e-08,0.00016641,8.22827e-09,0.00293693,6.99248e-07,0.0129188,1.54131e-06,0.000373462,0.00158557,8.03114e-08,3.57234e-06,4.24924e-05,5.72638e-07,1.23506e-06,0.000438474,0.000446395,1.18427e-06,6.71676,9.16199e-05,0.00087875,0.000596489,4.07988e-05,0.00202604,-2.19916e-05,0.000901421,0.000260404,0.00112462,6.95032e-06,0.974739,-0.00576825,0.9791,0.00129169,-0.00436054,0.000309158,0.645017,-0.0137341,0.643665,0.00127683,0.00135258,0.00367738,0.00183922,-1.13805e-05,0.0012586,0.000137212,0.000580621,4.95573e-05
ERF_Log_File_20240904_1434.csv,ig_zn_diff,12,emfpe,3,0,filled_square,3.6um_lp,ERF_OSA207_Spectra_20240904_1434.csv,1.40952e+09,3.91542,0.000331722,0.54962,0.0387985,34.172,6.70391,0.000474356,0.0117675,2,0.291845,0.00652049,6.275,6.75502,6.35e-06,0.000289,8.31e-05,7.51e-06,0,6.93e-06,0.000926673,6.18e-05,2.89e-05,5.77e-06,2.54e-05,9.24e-06,7.93236e-05,4.04e-05,0.00265279,0.673431,1.00717,0.00290758,6.20882e-05,0.00156793,0.00272068,0.000107711,16.6573,0.036931,0.000657895,0.000433614,0.00117147,0.00043489,0.00600347,0.013652,0.00350127,0.013652,0.000193793,5.85264e-05,0.00741079,0.053304,0.196245,0.0128917,0.127093,1.04113,228,10,0.993998,0.988056,0.988056,0.9927,1.26222e-06,0.000277178,0.000414542,9.81396e-07,0.00292896,1.01935,0.681572,0.00266881,0,0,0,0,0,0.000900506,0.000927366,0.000668052,0.00108061,-0.00132935,1.04878e-08,0.000166694,8.2272e-09,0.00293423,6.99359e-07,0.012927,1.54152e-06,0.00037401,0.00158613,1.63752e-07,6.98829e-06,8.68282e-05,1.1548e-06,1.76631e-06,0.000456252,0.000462573,1.70788e-06,6.72245,0.000107711,0.00272069,0.00157037,6.20989e-05,0.00289751,-3.1451e-05,0.000899483,0.000256303,0.00199803,7.1244e-06,1.01334,-0.00600221,0.979015,0.00129377,0.0343278,0.000304041,0.667339,-0.0142322,0.642638,0.00125583,0.0247019,0.00377765,0.0026524,-1.64122e-05,0.00124485,0.00013825,0.00140755,5.02422e-05
ERF_Log_File_20250514_1741.csv,ig_zn_diff,13,fmfpe,12,2,filled_square,3.6um_lp,ERF_OSA207_Spectra_20250514_1741.csv,1.4313e+09,5.31771,0.000383829,0.788088,0.0215854,32.5003,6.73648,0.000107024,0.0136367,2,0.270905,0.00183494,6.463,0,6.35e-06,0.000289,8.31e-05,7.51e-06,0,6.93e-06,0.000770819,6.18e-05,2.89e-05,5.77e-06,2.54e-05,9.24e-06,7.95928e-05,4.04e-05,0.0010274,0.643467,0.967938,0.000888094,1.59583e-05,0.0018212,0.00273772,3.04956e-05,23.45,0.0662363,-0.00164619,0.000480387,1.38738e-05,0.000480407,0.000948913,0.00241046,0.0132615,0.00241045,-0.000868385,1.04453e-05,0.00263821,0.0198368,0.0234545,0.00513586,0.22448,1.04539,228,10,0.994694,0.990061,0.990061,0.99368,4.04555e-07,0.000203708,0.000306429,2.42887e-07,0.000893742,0.977655,0.649927,0.00103288,-0,0,0,0,0,0.000639659,0.000674173,0.00047891,0.000767591,-0.00119845,2.30263e-08,0.000255555,1.71967e-08,0.00350515,1.74637e-07,0.0135275,3.90643e-07,0.0003635,0.00170327,3.73416e-08,1.56199e-06,1.97968e-05,2.62003e-07,0,0,0,0,6.72506,3.04956e-05,0.00273772,0.00182131,1.59604e-05,0.000893742,0,0.000898572,0.000254419,-4.82918e-06,7.20355e-06,0.977655,0,0.978977,0.00129486,-0.00132203,0.000301323,0.649927,0,0.642154,0.00124625,0.00777241,0.003819,0.00103288,0,0.00123845,0.000138727,-0.000205571,5.05428e-05
ERF_Log_File_20250213_0935.csv,ig_zn_diff,12,emfpe,8,1,filled_square,3.6um_lp,ERF_OSA207_Spectra_20250213_0934.csv,1.4235e+09,2.92003,0.000267513,0.802617,0.00293908,34.1719,6.77262,0.000150084,0.0136137,2,0.269709,0.00201696,6.5,0,6.35e-06,0.000289,8.31e-05,7.51e-06,0,6.93e-06,0.000936721,6.18e-05,2.89e-05,5.77e-06,2.54e-05,9.24e-06,7.98916e-05,4.04e-05,0.000993564,0.640308,0.966064,0.00103028,2.85322e-05,0.000397864,0.000596848,6.56311e-05,26.0533,0.0160243,-0.00122809,0.000115781,-3.02948e-05,0.000115804,0.000820892,0.00102952,0.0158552,0.00102952,1.73282e-05,4.44121e-06,0.00534051,0.0105821,0.0105016,0.0122854,0.0542843,1.04586,228,10,0.993998,0.987939,0.987939,0.9927,4.72747e-07,0.000268082,0.000404468,3.47752e-07,0.00103786,0.977858,0.648125,0.000999563,0,0,0,0,0,0.000575743,0.000613719,0.000432998,0.000690891,-0.00131663,3.47158e-08,-1.73454e-05,3.04406e-08,0.00127346,7.61722e-07,0.0140394,8.13652e-07,0.000333494,0.00153128,6.05812e-08,1.72729e-06,3.03428e-05,3.93297e-07,6.45358e-07,0.000474674,0.000493397,6.59723e-07,6.76538,6.56311e-05,0.00059685,0.000399033,2.85349e-05,0.00103223,-5.62757e-06,0.000883389,0.000225338,0.00014884,8.38366e-06,0.974626,-0.00323147,0.978444,0.00131802,-0.0038173,0.000239035,0.637153,-0.0109723,0.634263,0.00110223,0.00288926,0.00419906,0.00100064,1.07597e-06,0.00113603,0.000146092,-0.000135387,5.44272e-05
ERF_Log_File_20240911_1341.csv,ig_zn_diff,12,emfpe,3,0,filled_square,3.6um_lp,ERF_OSA207_Spectra_20240911_1341.csv,1.41012e+09,3.09466,0.000252878,0.679409,0.00497868,34.1723,6.77292,0.000268514,0.0146621,2,0.283085,0.00314401,6.415,0,6.35e-06,0.000289,8.31e-05,7.51e-06,0,6.93e-06,0.000936759,6.18e-05,2.89e-05,5.77e-06,2.54e-05,9.24e-06,7.9894e-05,4.04e-05,0.00168035,0.637665,0.971242,0.00152103,3.05488e-05,0.000468286,0.000708069,5.78871e-05,26.1718,0.0190265,-0.00143305,0.000134655,0.00031869,0.000134673,0.00149695,0.0010226,0.0146117,0.00102259,0.000160518,4.39105e-06,0.00574438,0.012558,0.00984607,0.0108811,0.0646211,1.04544,228,10,0.993998,0.987938,0.987938,0.9927,7.99526e-07,0.000266995,0.000406666,5.13394e-07,0.00153222,0.9831,0.64545,0.0016905,0,0,0,0,0,0.000573136,0.000611671,0.000431046,0.000687763,-0.00135173,1.04768e-08,0.000170343,8.21858e-09,0.00290152,7.00214e-07,0.0130301,1.54341e-06,0.000380519,0.00159316,1.17282e-07,2.27468e-06,5.36895e-05,7.23013e-07,9.24002e-07,0.000444831,0.000446628,1.08182e-06,6.79165,5.78872e-05,0.000708073,0.000471376,3.05573e-05,0.00151576,-1.64528e-05,0.000872342,0.000206389,0.00064342,9.10706e-06,0.977247,-0.00585292,0.97818,0.00133564,-0.000932388,0.000176631,0.631716,-0.0137344,0.628957,0.0010108,0.00275942,0.00416904,0.0016801,-1.03959e-05,0.00106615,0.000150892,0.000613946,5.61426e-05
ERF_Log_File_20250515_0057.csv,ig_zn_diff,13,fmfpe,12,2,filled_square,3.6um_lp,ERF_OSA207_Spectra_20250515_0057.csv,1.43133e+09,3.17974,0.000227516,0.80643,0.00744848,32.4997,6.8305,0.000109797,0.0110859,2,0.278191,0.00197507,6.549,0,6.35e-06,0.000289,8.31e-05,7.51e-06,0,6.93e-06,0.000781,6.18e-05,2.89e-05,5.77e-06,2.54e-05,9.24e-06,8.037e-05,4.04e-05,0.000637368,0.617085,0.969648,0.000548131,1.26666e-05,0.00242704,0.0038139,2.34562e-05,27.5009,0.108144,-0.000540531,0.000403032,0.000309323,0.000403035,0.00338497,0.00118173,0.0163474,0.00118173,0.000222035,5.1195e-06,0.00245754,0.00873974,0.0166169,0.0046165,0.37312,1.04403,228,10,0.994694,0.989929,0.989929,0.99368,2.50973e-07,0.000200005,0.000314275,1.4991e-07,0.000551617,0.979513,0.623363,0.000640768,-0,0,0,0,0,0.000545437,0.000585669,0.000410557,0.000654524,-0.00121744,2.33003e-08,0.000252778,1.73991e-08,0.00349994,1.74154e-07,0.0136488,3.89564e-07,0.000367554,0.00171488,5.15087e-08,5.36181e-07,2.084e-05,3.00304e-07,0,0,0,0,6.81892,2.34563e-05,0.0038139,0.00242713,1.26702e-05,0.000551617,0,0.000859985,0.000195153,-0.000308368,9.82074e-06,0.979513,0,0.977998,0.00134866,0.00151434,0.000102229,0.623363,0,0.623637,0.000938791,-0.000274337,0.00397339,0.000640768,0,0.000992064,0.000153998,-0.000351296,5.72565e-05
ERF_Log_File_20240909_1121.csv,ig_zn_diff,12,emfpe,3,0,filled_square,3.6um_lp,ERF_OSA207_Spectra_20240909_1121.csv,1.40994e+09,5.15454,0.000460285,0.67367,0.00311212,34.172,6.84767,0.000186576,0.0115007,2,0.298321,0.00207952,6.415,0,6.35e-06,0.000289,8.31e-05,7.51e-06,0,6.93e-06,0.000946771,6.18e-05,2.89e-05,5.77e-06,2.54e-05,9.24e-06,8.05119e-05,4.04e-05,0.000801465,0.620346,0.971563,0.00101056,4.61296e-05,0.000495037,0.000766365,8.09341e-05,22.7952,0.0179293,-0.00122335,0.000146314,0.000259358,0.000146336,0.00182225,0.00115298,0.0134158,0.00115297,3.04614e-05,4.93844e-06,0.00755648,0.0137564,0.00940247,0.0132558,0.0607573,1.0457,228,10,0.993998,0.987811,0.987811,0.9927,3.81344e-07,0.000264554,0.000414335,3.41095e-07,0.00101799,0.983552,0.628001,0.000806304,0,0,0,0,0,0.000658033,0.000691877,0.000491447,0.00078964,-0.00137661,1.04547e-08,0.000174111,8.19699e-09,0.00286681,7.00227e-07,0.0131472,1.54343e-06,0.000387679,0.0016014,9.7166e-08,3.70855e-08,3.23437e-05,5.09707e-07,6.13899e-07,0.000450226,0.000444206,5.15986e-07,6.8666,8.09342e-05,0.000766365,0.000496085,4.61324e-05,0.00100706,-1.09311e-05,0.000836356,0.000218112,0.000170705,1.09784e-05,0.977627,-0.00592477,0.977886,0.00135105,-0.000259505,4.19014e-06,0.61437,-0.0136304,0.614992,0.000927148,-0.000621472,0.00365438,0.000801346,-4.95847e-06,0.000861321,0.000149937,-5.99751e-05,5.75897e-05
ERF_Log_File_20240904_1511.csv,ig_zn_diff,12,emfpe,3,0,filled_square,3.6um_lp,ERF_OSA207_Spectra_20240904_1510.csv,1.40952e+09,5.37355,0.000546705,0.629221,0.024515,34.1716,6.8518,0.00144724,0.0110102,2,0.282705,0.0120771,6.415,6.88898,6.35e-06,0.000289,8.31e-05,7.51e-06,0,6.93e-06,0.00094745,6.18e-05,2.89e-05,5.77e-06,2.54e-05,9.24e-06,8.0546e-05,4.04e-05,0.00127833,0.626506,0.987481,0.0010998,4.9042e-05,0.000955431,0.00165652,6.74582e-05,23.2281,0.0349618,-0.000433216,0.000291987,0.000519283,0.000292232,0.00169929,0.00492506,0.0133522,0.00492504,-0.000348604,2.11376e-05,0.00817293,0.0251596,0.123847,0.0112706,0.118689,1.04531,228,10,0.993998,0.987804,0.987804,0.9927,6.08239e-07,0.000267451,0.000421548,3.71216e-07,0.00110789,0.999673,0.634241,0.00128605,0,0,0,0,0,0.00064577,0.000681333,0.000482799,0.000774923,-0.001378,1.04547e-08,0.00017428,8.20347e-09,0.00286492,7.00193e-07,0.0131538,1.54339e-06,0.000388069,0.00160187,7.59779e-07,1.5355e-07,0.000249027,3.94677e-06,6.68111e-07,0.000457897,0.000449176,8.22993e-07,6.87075,6.74625e-05,0.00165652,0.000987102,4.92005e-05,0.00109599,-1.18964e-05,0.00083419,0.000220106,0.000261801,1.10736e-05,0.993647,-0.00602576,0.977886,0.00135083,0.0157612,2.23796e-06,0.620461,-0.0137807,0.614276,0.000925835,0.00618405,0.0036295,0.00127814,-7.90872e-06,0.000850016,0.000149584,0.000428124,5.75233e-05
ERF_Log_File_20240909_1657.csv,ig_zn_diff,12,emfpe,3,0,filled_square,3.6um_lp,ERF_OSA207_Spectra_20240909_1656.csv,1.40996e+09,3.39073,0.00018994,0.701866,0.00242449,34.1719,6.8922,0.000187242,0.0125736,2,0.286365,0.00265355,6.516,0,6.35e-06,0.000289,8.31e-05,7.51e-06,0,6.93e-06,0.000953695,6.18e-05,2.89e-05,5.77e-06,2.54e-05,9.24e-06,8.088e-05,4.04e-05,0.00083221,0.608978,0.972113,0.000736968,2.24925e-05,0.000579222,0.000919055,6.01405e-05,30.1829,0.0284862,-0.00142401,0.000169737,0.000257722,0.000169751,0.00240727,0.00106295,0.0153141,0.00106295,-7.24385e-06,4.57282e-06,0.00487824,0.0158303,0.0114299,0.0130513,0.0976481,1.04449,228,10,0.993998,0.987735,0.987735,0.9927,3.95973e-07,0.000262532,0.00041908,2.48749e-07,0.000742387,0.984184,0.61654,0.000837235,0,0,0,0,0,0.00049697,0.000541034,0.000375718,0.000596364,-0.00139134,1.04409e-08,0.000176165,8.18834e-09,0.00284655,6.99798e-07,0.0132196,1.54249e-06,0.000391877,0.00160662,1.05548e-07,4.20779e-07,3.00908e-05,4.94861e-07,4.47696e-07,0.000453603,0.000442018,5.3578e-07,6.91126,6.01406e-05,0.000919055,0.000579993,2.24979e-05,0.000734416,-7.9717e-06,0.000812123,0.000239613,-7.77077e-05,1.19604e-05,0.978214,-0.00596964,0.977939,0.00134852,0.000275369,4.76811e-05,0.603003,-0.0135366,0.607543,0.000913023,-0.00454003,0.00340977,0.000832086,-5.14868e-06,0.000741006,0.000146137,9.10801e-05,5.60758e-05
ERF_Log_File_20250515_0024.csv,ig_zn_diff,13,fmfpe,12,2,filled_square,3.6um_lp,ERF_OSA207_Spectra_20250515_0023.csv,1.43133e+09,3.46772,0.000225695,0.8267,0.0114079,32.5002,6.90055,9.50908e-05,0.01063,2,0.288867,0.00195198,6.609,0,6.35e-06,0.000289,8.31e-05,7.51e-06,0,6.93e-06,0.000789676,6.18e-05,2.89e-05,5.77e-06,2.54e-05,9.24e-06,8.09489e-05,4.04e-05,0.000422145,0.59738,0.967409,0.000335068,1.27668e-05,0.0018806,0.00304531,2.09815e-05,29.893,0.0940803,-0.000920204,0.000343727,0.000718198,0.00034373,0.00409666,0.00103451,0.0154326,0.0010345,0.000358969,4.48189e-06,0.00273058,0.00934453,0.0136081,0.00449667,0.32295,1.04568,228,10,0.994694,0.989831,0.989831,0.99368,1.66226e-07,0.000196995,0.000319018,9.16388e-08,0.000337199,0.977348,0.603517,0.000424397,-0,0,0,0,0,0.00050179,0.000545059,0.000378732,0.000602148,-0.00123248,2.34748e-08,0.000250976,1.75333e-08,0.00349573,1.73638e-07,0.0137416,3.88407e-07,0.000370864,0.00172373,5.16165e-08,1.18854e-07,1.58541e-05,2.56532e-07,0,0,0,0,6.88885,2.09816e-05,0.00304531,0.00188067,1.27694e-05,0.000337199,0,0.000824523,0.000228824,-0.000487324,1.14798e-05,0.977348,0,0.977899,0.00134964,-0.000551235,2.64339e-05,0.603517,0,0.61121,0.000919966,-0.00769327,0.00352604,0.000424397,0,0.000800885,0.000148043,-0.000376488,5.70542e-05
ERF_Log_File_20240911_1423.csv,ig_zn_diff,12,emfpe,3,0,filled_square,3.6um_lp,ERF_OSA207_Spectra_20240911_1422.csv,1.41012e+09,3.51138,0.000276004,0.721406,0.00132829,34.1706,6.94239,0.000115139,0.0129891,2,0.293445,0.00216614,6.561,0,6.35e-06,0.000289,8.31e-05,7.51e-06,0,6.93e-06,0.000960331,6.18e-05,2.89e-05,5.77e-06,2.54e-05,9.24e-06,8.12948e-05,4.04e-05,0.000600754,0.596872,0.969406,0.000434651,2.90575e-05,0.000488405,0.000789852,5.42333e-05,31.2057,0.0253821,-0.00133872,0.000145623,0.00018789,0.000145634,0.00321395,0.000890988,0.0148746,0.000890986,9.57015e-05,3.82574e-06,0.00651758,0.012028,0.0102766,0.0121591,0.0859698,1.0455,228,10,0.993998,0.987649,0.987649,0.9927,2.85844e-07,0.000260444,0.000422999,1.46708e-07,0.000437847,0.981529,0.604336,0.000604381,-0,0,0,0,0,0.000480681,0.000525869,0.000363692,0.000576818,-0.00140789,1.04284e-08,0.000178305,8.17318e-09,0.0028241,6.98941e-07,0.0133037,1.5406e-06,0.00039655,0.00161278,6.97717e-08,3.2725e-07,1.72159e-05,2.81724e-07,2.64044e-07,0.000455844,0.000440028,3.86767e-07,6.96159,5.42333e-05,0.000789852,0.000488704,2.90589e-05,0.000433146,-4.70157e-06,0.000782663,0.000266204,-0.000349517,1.2951e-05,0.975529,-0.00599954,0.978077,0.00137874,-0.00254739,6.0744e-05,0.590897,-0.0134388,0.59975,0.000918334,-0.0088527,0.00319561,0.000600665,-3.71672e-06,0.000612497,0.000169221,-1.18318e-05,5.22936e-05
ERF_Log_File_20240829_0923.csv,ig_zn_diff,12,emfpe,3,0,filled_square,none,ERF_OSA207_Spectra_20240829_0923.csv,1.40898e+09,4.28796,0.000156093,0.855423,0.0275822,34.171,6.95216,0.000128802,0.0177137,2,0.29358,0.00191084,6.5,0,6.35e-06,0.000289,8.31e-05,7.51e-06,0,6.93e-06,0.000961628,6.18e-05,2.89e-05,5.77e-06,2.54e-05,9.24e-06,8.13756e-05,4.04e-05,0.00259479,0.597722,0.972985,0.0026467,2.4302e-05,0.000471209,0.00076502,5.26986e-05,38.8535,0.0294531,-0.00129758,0.000147699,0.000509606,0.0001479,0.000574318,0.00317977,0.011168,0.00317976,-0.000778892,1.36477e-05,0.00675088,0.0374484,0.0542197,0.0147517,0.099427,1.04404,228,10,0.993998,0.987632,0.987632,0.9927,1.23462e-06,0.000261428,0.000425559,8.93341e-07,0.00266616,0.98517,0.605207,0.00261046,-0,0,0,0,0,0.000386066,0.000441437,0.000296972,0.000463279,-0.00141111,1.04187e-08,0.000178712,8.17643e-09,0.00281978,6.98732e-07,0.0133203,1.54016e-06,0.000397455,0.00161401,7.90167e-08,3.47521e-07,1.90261e-05,3.08757e-07,1.60783e-06,0.000458211,0.000442005,1.67053e-06,6.97138,5.26987e-05,0.00076502,0.000471587,2.4304e-05,0.00263753,-2.86291e-05,0.000776688,0.000271502,0.00186085,1.31297e-05,0.979139,-0.00603076,0.978104,0.00138719,0.00103487,5.77452e-05,0.591716,-0.0134911,0.598295,0.000921116,-0.00657845,0.00316143,0.0025944,-1.60533e-05,0.000588771,0.000175133,0.00200563,5.13041e-05
ERF_Log_File_20240909_1155.csv,ig_zn_diff,12,emfpe,3,0,filled_square,3.6um_lp,ERF_OSA207_Spectra_20240909_1154.csv,1.40994e+09,3.03367,0.000238173,0.716197,0.00235819,34.1721,7.02153,0.000149601,0.0114503,2,0.320003,0.00206563,6.561,0,6.35e-06,0.000289,8.31e-05,7.51e-06,0,6.93e-06,0.000970857,6.18e-05,2.89e-05,5.77e-06,2.54e-05,9.24e-06,8.13033e-05,4.04e-05,0.000350678,0.590924,0.972039,0.000146793,3.62745e-05,0.000681041,0.00111936,6.12143e-05,26.6174,0.0305564,-0.00109818,0.00020962,-4.91511e-05,0.000209643,0.00193405,0.00143461,0.0133845,0.00143461,1.3915e-05,6.16817e-06,0.0069379,0.0115655,0.0167328,0.0117076,0.103447,1.04582,228,10,0.993998,0.987514,0.987514,0.9927,1.66856e-07,0.000262765,0.000432234,4.95471e-08,0.000147872,0.984329,0.598396,0.000352795,0,0,0,0,0,0.000563541,0.000602752,0.000422662,0.000676249,-0.00143392,1.03993e-08,0.000181301,8.15582e-09,0.00278962,6.96828e-07,0.0134412,1.53595e-06,0.000403806,0.00162308,9.87559e-08,3.12779e-08,2.04973e-05,2.90486e-07,8.91744e-08,0.000462609,0.000446679,2.25768e-07,7.04095,6.12144e-05,0.00111936,0.000681347,3.62757e-05,0.000146285,-1.58784e-06,0.000732326,0.000303079,-0.000586041,1.42691e-05,0.97824,-0.00608908,0.978211,0.00142789,2.94387e-05,4.51931e-06,0.584826,-0.0135697,0.5884,0.000936341,-0.00357394,0.00296164,0.000350626,-2.16956e-06,0.000436791,0.000212066,-8.61655e-05,4.19721e-05
ERF_Log_File_20240904_1547.csv,ig_zn_diff,12,emfpe,3,0,filled_square,3.6um_lp,ERF_OSA207_Spectra_20240904_1547.csv,1.40952e+09,3.29783,0.000160858,0.682614,0.0205081,34.1715,7.02458,0.000365101,0.0121339,2,0.304919,0.00249493,6.561,7.06233,6.35e-06,0.000289,8.31e-05,7.51e-06,0,6.93e-06,0.000971265,6.18e-05,2.89e-05,5.77e-06,2.54e-05,9.24e-06,8.12369e-05,4.04e-05,0.000488989,0.595845,0.980629,0.000393693,4.86328e-05,0.000568479,0.000969504,7.62625e-05,28.4886,0.0265072,-0.00108562,0.000181204,0.000370564,0.000181434,-0.00124457,0.00377599,0.00930731,0.00377598,-0.000581411,1.61915e-05,0.00993837,0.0253325,0.0678447,0.01564,0.0899401,1.0457,228,10,0.993998,0.987508,0.987508,0.9927,2.32666e-07,0.000265145,0.00043637,1.32883e-07,0.000396588,0.993034,0.603382,0.000491942,-0,0,0,0,0,0.000526526,0.000569011,0.000396329,0.000631832,-0.00143487,1.03951e-08,0.000181401,8.15364e-09,0.00278831,6.96739e-07,0.0134466,1.53575e-06,0.000404067,0.00162349,2.41665e-07,3.71235e-08,4.98524e-05,7.00097e-07,2.39162e-07,0.000466912,0.000450837,3.14813e-07,7.044,7.62629e-05,0.000969504,0.000570643,4.86378e-05,0.00039233,-4.25854e-06,0.000730302,0.000302239,-0.000337972,1.43139e-05,0.986888,-0.00614574,0.978211,0.00142088,0.00867707,2.19884e-06,0.589689,-0.013693,0.587982,0.00093404,0.00170754,0.00295278,0.000488916,-3.02526e-06,0.000430914,0.000211831,5.8002e-05,4.14671e-05
ERF_Log_File_20240913_0920.csv,ig_zn_diff,12,emfpe,3,0,filled_square,3.6um_lp,ERF_OSA207_Spectra_20240913_0920.csv,1.41028e+09,3.80101,0.000260367,0.743639,0.0004697,34.1737,7.04403,0.000105947,0.0116392,2,0.30791,0.00185332,6.644,0,6.35e-06,0.000289,8.31e-05,7.51e-06,0,6.93e-06,0.000973874,6.18e-05,2.89e-05,5.77e-06,2.54e-05,9.24e-06,8.08144e-05,4.04e-05,0.000281778,0.589455,0.973091,0.000251499,2.42981e-05,0.000390372,0.000640687,5.98838e-05,33.3473,0.0218891,-0.00113719,0.000121784,0.000183169,0.000121802,0.00241005,0.000937958,0.0139376,0.000937956,-1.63772e-05,4.02961e-06,0.00582501,0.0125906,0.011732,0.0143578,0.0742843,1.04472,228,10,0.993998,0.987475,0.987475,0.9927,1.34072e-07,0.00026351,0.000435011,8.48884e-08,0.000253348,0.985434,0.596932,0.000283479,0,0,0,0,0,0.000449812,0.000498157,0.000341506,0.000539774,-0.00144108,1.03951e-08,0.000182084,8.15147e-09,0.00278004,6.96072e-07,0.0134813,1.53428e-06,0.00040579,0.00162614,7.12854e-08,5.80509e-08,1.41453e-05,1.86071e-07,1.52782e-07,0.000464681,0.000448786,1.8141e-07,7.06351,5.98838e-05,0.000640687,0.000390627,2.42988e-05,0.000250628,-2.72044e-06,0.000717286,0.000296883,-0.000466658,1.45905e-05,0.979317,-0.00611646,0.978207,0.00137599,0.00111031,1.18817e-05,0.583321,-0.0136106,0.585348,0.000919163,-0.00202677,0.00289523,0.000281736,-1.74329e-06,0.000395037,0.000210335,-0.000113301,3.80845e-05
ERF_Log_File_20250513_1858.csv,ig_zn_diff,13,fmfpe,12,2,filled_square,3.6um_lp,ERF_OSA207_Spectra_20250513_1858.csv,1.43122e+09,3.90933,0.000162979,0.822035,0.000814199,32.4998,7.05727,0.000148096,0.00989947,2,0.303841,0.00246813,6.728,0,6.35e-06,0.000289,8.31e-05,7.51e-06,0,6.93e-06,0.000806995,6.18e-05,2.89e-05,5.77e-06,2.54e-05,9.24e-06,8.05268e-05,4.04e-05,0.000178593,0.577255,0.966735,0.000130132,9.29723e-06,0.00165487,0.00277137,2.30708e-05,33.1101,0.094916,-0.000833371,0.000124774,-0.000134102,0.000124774,0.00282906,0.00031991,0.0144978,0.000319909,-6.26218e-05,1.38627e-06,0.00221003,0.00361384,0.00416633,0.00549378,0.324925,1.04412,228,10,0.994694,0.98961,0.98961,0.99368,7.03237e-08,0.000197725,0.000331133,3.55903e-08,0.00013096,0.976885,0.583316,0.000179546,-0,0,0,0,0,0.000453034,0.000500473,0.000343323,0.000543641,-0.00126856,2.37947e-08,0.000247883,1.777e-08,0.00348446,1.72305e-07,0.0139548,3.8543e-07,0.000379111,0.00174393,9.8139e-08,8.29377e-09,2.01921e-05,2.82456e-07,0,0,0,0,7.0453,2.3071e-05,0.00277137,0.00165499,9.30152e-06,0.00013096,0,0.000729441,0.000301882,-0.000598482,1.4333e-05,0.976885,0,0.978211,0.0014179,-0.00132649,1.21129e-06,0.583316,0,0.587804,0.000933061,-0.00448859,0.00294901,0.000179546,0,0.000428415,0.000211731,-0.000248869,4.12521e-05
ERF_Log_File_20241009_1945.csv,ig_zn_diff,12,emfpe,5,0,filled_square,3.6um_lp,ERF_OSA207_Spectra_20241009_1944.csv,1.41256e+09,2.35774,0.000829463,0.847776,0.000928667,34.1718,7.16664,0.000288265,0.00527455,2,0.318382,0.00332976,7,0,6.35e-06,0.000289,8.31e-05,7.51e-06,0,6.93e-06,0.000990535,6.18e-05,2.89e-05,5.77e-06,2.54e-05,9.24e-06,7.81506e-05,4.04e-05,0.000673556,0.578543,0.966716,0.000867063,2.97632e-05,0.000518496,0.000861489,5.95095e-05,24.1745,0.0214262,-0.001121,0.000167839,0.000147969,0.00016788,0.00301397,0.0016089,0.0143016,0.00160889,1.73932e-05,6.95419e-06,0.00516928,0.0133381,0.015518,0.0103358,0.072513,1.04587,228,10,0.993998,0.987265,0.987265,0.9927,3.20484e-07,0.000266153,0.000444728,2.9266e-07,0.000873439,0.979186,0.586006,0.000677623,0,0,0,0,0,0.000620489,0.000655925,0.000463226,0.000744586,-0.0011504,2.27815e-08,7.47711e-05,1.3051e-08,0.00315344,1.0777e-06,0.0138872,1.69141e-06,0.000306292,0.00170407,2.08263e-07,9.01309e-07,3.24749e-05,1.97832e-07,5.26727e-07,0.000470118,0.000458271,4.33638e-07,7.18646,5.95099e-05,0.000861489,0.000519516,2.97639e-05,0.00086406,-9.37893e-06,0.000631175,0.000259809,0.000232885,1.59395e-05,0.972998,-0.00618837,0.977955,0.00112813,-0.00495701,6.89818e-05,0.572252,-0.0137536,0.570185,0.000905674,0.0020673,0.00248548,0.000673456,-4.16713e-06,0.000247391,0.000201664,0.000426065,1.51411e-05
ERF_Log_File_20241009_2019.csv,ig_zn_diff,12,emfpe,5,0,filled_square,3.6um_lp,ERF_OSA207_Spectra_20241009_2018.csv,1.41256e+09,2.34439,0.000793395,0.8516,0.000936777,34.1713,7.19627,0.000142983,0.00498779,2,0.320686,0.00286412,7.039,0,6.35e-06,0.000289,8.31e-05,7.51e-06,0,6.93e-06,0.000994617,6.18e-05,2.89e-05,5.77e-06,2.54e-05,9.24e-06,7.75069e-05,4.04e-05,0.000537127,0.576749,0.9666,0.000728116,4.11227e-05,0.000681304,0.00113763,8.10874e-05,23.6224,0.0277392,-0.00112414,0.000213581,6.78165e-05,0.000213603,0.00288254,0.00142594,0.0117553,0.00142594,1.76713e-05,6.16226e-06,0.00697975,0.0125651,0.0129567,0.0137624,0.0935331,1.04585,228,10,0.993998,0.987215,0.987215,0.9927,2.5557e-07,0.000267152,0.000447732,2.45761e-07,0.00073347,0.979118,0.584218,0.00054037,-0,0,0,0,0,0.000634991,0.000669652,0.000473628,0.000761989,-0.00118467,2.35829e-08,0.000173034,1.35095e-08,0.00355437,1.11755e-06,0.014115,1.75396e-06,0.000339426,0.00176694,1.04338e-07,4.82803e-07,1.53262e-05,6.84899e-08,4.42319e-07,0.000472105,0.00046127,3.45804e-07,7.21617,8.10875e-05,0.00113763,0.000681477,4.11228e-05,0.000725594,-7.87595e-06,0.000609597,0.000249156,0.000115998,1.6166e-05,0.972903,-0.00621456,0.977858,0.00109083,-0.00495413,7.48049e-05,0.570413,-0.0138051,0.566918,0.000947951,0.00349495,0.00237463,0.000537047,-3.32307e-06,0.000230128,0.00019996,0.00030692,1.06118e-05
ERF_Log_File_20241009_2053.csv,ig_zn_diff,12,emfpe,5,0,filled_square,3.6um_lp,ERF_OSA207_Spectra_20241009_2052.csv,1.41256e+09,2.33284,0.000850775,0.848413,0.00169387,34.1711,7.1965,0.000127277,0.00499915,2,0.321885,0.00264461,7.039,0,6.35e-06,0.000289,8.31e-05,7.51e-06,0,6.93e-06,0.000994649,6.18e-05,2.89e-05,5.77e-06,2.54e-05,9.24e-06,7.75017e-05,4.04e-05,0.000613658,0.576004,0.965544,0.000743132,3.98267e-05,0.000642253,0.00107046,8.2728e-05,23.5347,0.0259998,-0.00128543,0.000206198,0.000181266,0.000206231,0.00460104,0.00167603,0.0169553,0.00167603,1.47623e-05,7.23731e-06,0.00673498,0.0147637,0.0150579,0.0139899,0.0882996,1.0457,228,10,0.993998,0.987214,0.987214,0.9927,2.91984e-07,0.000266821,0.000447267,2.50829e-07,0.000748597,0.978049,0.583464,0.000617363,-0,0,0,0,0,0.000637357,0.000671823,0.000475314,0.000764828,-0.00118495,2.36156e-08,0.000173838,1.35283e-08,0.00355758,1.11814e-06,0.0141168,1.7549e-06,0.000339698,0.00176744,9.28833e-08,4.29957e-07,1.36372e-05,6.07713e-08,4.51441e-07,0.000471605,0.000460709,3.95075e-07,7.2164,8.27281e-05,0.00107046,0.000642399,3.98267e-05,0.000740558,-8.03838e-06,0.000609429,0.000249073,0.00013113,1.61676e-05,0.971841,-0.00620798,0.977857,0.00109054,-0.00601547,7.484e-05,0.569676,-0.013788,0.566893,0.000948281,0.00278281,0.00237375,0.000613567,-3.79655e-06,0.000230014,0.000199946,0.000383553,1.05781e-05
ERF_Log_File_20250515_0859.csv,ig_zn_diff,13,fmfpe,12,2,filled_square,3.6um_lp,ERF_OSA207_Spectra_20250515_0858.csv,1.43136e+09,4.16804,0.000263624,0.832954,0.000791599,32.5002,7.19692,0.000119498,0.00874744,2,0.321687,0.00176571,6.83,0,6.35e-06,0.000289,8.31e-05,7.51e-06,0,6.93e-06,0.000822728,6.18e-05,2.89e-05,5.77e-06,2.54e-05,9.24e-06,7.74928e-05,4.04e-05,9.49963e-05,0.56575,0.967572,2.04272e-05,1.05127e-05,0.00149806,0.00256202,1.90287e-05,34.5989,0.0916106,-0.00121739,0.00013966,0.000618698,0.000139661,0.00296102,0.000362504,0.0137844,0.000362503,-2.24509e-05,1.57059e-06,0.00261267,0.00368549,0.00542532,0.00473106,0.310554,1.04586,228,10,0.994694,0.989413,0.989413,0.99368,3.74062e-08,0.000200296,0.000342555,5.58669e-09,2.05571e-05,0.977925,0.571804,9.5503e-05,-0,0,0,0,0,0.00043354,0.000482979,0.00032906,0.000520248,-0.00130339,2.40162e-08,0.000246274,1.79325e-08,0.00347114,1.7136e-07,0.0141494,3.83311e-07,0.000387415,0.00176205,8.62764e-08,3.71356e-07,1.34999e-05,8.3543e-08,0,0,0,0,7.18472,1.90289e-05,0.00256202,0.00149812,1.0513e-05,2.05571e-05,0,0.000632431,0.000260432,-0.000611873,1.5925e-05,0.977925,0,0.97796,0.00113032,-3.46971e-05,6.85453e-05,0.571804,0,0.570381,0.000903219,0.00142258,0.00249182,9.5503e-05,0,0.000248598,0.000201764,-0.000153095,1.54205e-05
ERF_Log_File_20240909_1228.csv,ig_zn_diff,12,emfpe,3,0,filled_square,3.6um_lp,ERF_OSA207_Spectra_20240909_1228.csv,1.40994e+09,3.52886,0.000374804,0.762823,0.00289077,34.172,7.22814,0.000204848,0.0113545,2,0.345703,0.00254948,6.713,0,6.35e-06,0.000289,8.31e-05,7.51e-06,0,6.93e-06,0.000999021,6.18e-05,2.89e-05,5.77e-06,2.54e-05,9.24e-06,7.68144e-05,4.04e-05,9.5181e-05,0.573441,0.971456,7.15039e-05,3.54651e-05,0.000267802,0.000447267,6.67156e-05,30.7188,0.0140583,-0.0015697,8.73023e-05,0.000181405,8.73283e-05,0.00356581,0.000936917,0.0139409,0.000936915,9.51103e-05,4.02095e-06,0.00783347,0.0119587,0.0105764,0.0147276,0.0476437,1.04507,228,10,0.993998,0.98716,0.98716,0.9927,4.5288e-08,0.000267571,0.000453287,2.41347e-08,7.20297e-05,0.984092,0.5809,9.57557e-05,0,0,0,0,0,0.0004883,0.000533023,0.000368273,0.00058596,-0.0014998,1.03701e-08,0.000186807,8.13079e-09,0.00270576,6.87453e-07,0.0138274,1.51528e-06,0.000421651,0.00165332,1.50677e-07,7.15061e-07,2.07168e-05,5.75059e-08,4.34375e-08,0.000476684,0.000463403,6.12779e-08,7.24813,6.67158e-05,0.000447268,0.000268609,3.54651e-05,7.12563e-05,-7.7345e-07,0.000586177,0.000237698,-0.000514921,1.63674e-05,0.977817,-0.00627483,0.977747,0.00105148,6.94901e-05,7.7674e-05,0.567073,-0.0138263,0.563589,0.000994336,0.00348424,0.00225038,9.51669e-05,-5.88862e-07,0.000218072,0.000198126,-0.000122905,6.24662e-06
ERF_Log_File_20240904_1623.csv,ig_zn_diff,12,emfpe,3,0,filled_square,3.6um_lp,ERF_OSA207_Spectra_20240904_1623.csv,1.40952e+09,3.94286,0.000174327,0.742984,0.0133919,34.1714,7.23287,9.58962e-05,0.0116374,2,0.33263,0.00164426,6.713,7.28663,6.35e-06,0.000289,8.31e-05,7.51e-06,0,6.93e-06,0.000999676,6.18e-05,2.89e-05,5.77e-06,2.54e-05,9.24e-06,7.67117e-05,4.04e-05,0.000198407,0.574826,0.973292,-4.11061e-05,3.90644e-05,0.000299451,0.000508305,5.66363e-05,33.9244,0.0170894,-0.00128376,9.80908e-05,0.000319682,9.82122e-05,0.000108321,0.00202362,0.0126664,0.00202361,-0.000451479,8.67921e-06,0.00951475,0.0190954,0.0316496,0.0138322,0.057631,1.04476,228,10,0.993998,0.987152,0.987152,0.9927,9.44039e-08,0.000268509,0.000454637,-1.38745e-08,-4.14084e-05,0.98596,0.582307,0.000199605,-0,0,0,0,0,0.00044216,0.000491278,0.000335519,0.000530592,-0.00150133,1.03687e-08,0.000186957,8.1297e-09,0.00270395,6.87185e-07,0.0138367,1.51468e-06,0.000422071,0.00165406,7.06038e-08,3.35105e-07,9.61061e-06,2.42996e-08,2.49713e-08,0.000477913,0.000465237,1.27735e-07,7.25287,5.66363e-05,0.000508305,0.000299606,3.90644e-05,-4.09637e-05,4.4464e-07,0.000582687,0.000235998,-0.00062365,1.63936e-05,0.979669,-0.00629101,0.977731,0.00104576,0.00193776,7.78087e-05,0.568433,-0.0138745,0.563112,0.00100131,0.00532142,0.0022315,0.000198378,-1.2275e-06,0.0002168,0.000197854,-1.84227e-05,5.64216e-06
ERF_Log_File_20240913_0846.csv,ig_zn_diff,12,emfpe,3,0,filled_square,3.6um_lp,ERF_OSA207_Spectra_20240913_0846.csv,1.41027e+09,4.3822,0.000244023,0.791799,0.00144895,34.1718,7.28363,0.000172386,0.0113196,2,0.333981,0.00154358,6.813,0,6.35e-06,0.000289,8.31e-05,7.51e-06,0,6.93e-06,0.00100674,6.18e-05,2.89e-05,5.77e-06,2.54e-05,9.24e-06,7.56089e-05,4.04e-05,0.000122149,0.567349,0.971498,0.000104973,2.57611e-05,0.000241167,0.000409494,4.56234e-05,38.0063,0.0159273,-0.00120159,7.96685e-05,0.000276247,7.96905e-05,0.00239354,0.000808282,0.0137293,0.00080828,-3.46837e-05,3.47167e-06,0.00703863,0.0112017,0.0117759,0.0124681,0.0535806,1.04464,228,10,0.993998,0.987065,0.987065,0.9927,5.81197e-08,0.000268103,0.000459084,3.54314e-08,0.000105745,0.984229,0.574784,0.000122887,0,0,0,0,0,0.000394671,0.000448827,0.000301678,0.000473606,-0.00151688,1.03687e-08,0.000187735,8.13297e-09,0.00268493,6.84133e-07,0.0139374,1.50798e-06,0.000426155,0.00166223,1.27742e-07,5.72511e-07,1.55444e-05,9.98715e-10,6.37694e-08,0.000480541,0.000466828,7.86399e-08,7.30377,4.56236e-05,0.000409494,0.000241673,2.57611e-05,0.000104609,-1.13548e-06,0.000545069,0.000235549,-0.000440459,1.66157e-05,0.977903,-0.00632556,0.977556,0.000920447,0.000347746,7.44676e-05,0.560933,-0.0138512,0.558264,0.00101554,0.0026691,0.00202189,0.000122131,-7.55706e-07,0.000210751,0.000186831,-8.86206e-05,1.29905e-07
ERF_Log_File_20240829_0957.csv,ig_zn_diff,12,emfpe,3,0,filled_square,none,ERF_OSA207_Spectra_20240829_0956.csv,1.40898e+09,5.348,0.000144735,0.885293,0.0126266,34.1709,7.28803,0.000148113,0.0143065,2,0.327469,0.00144014,6.75,0,6.35e-06,0.000289,8.31e-05,7.51e-06,0,6.93e-06,0.00100735,6.18e-05,2.89e-05,5.77e-06,2.54e-05,9.24e-06,7.55133e-05,4.04e-05,0.00275959,0.563551,0.969685,0.00312236,2.52729e-05,0.000445263,0.000762959,2.6602e-05,46.9123,0.0368571,-0.00149974,0.000138913,0.000347568,0.000138922,0.00182443,0.000802008,0.0134853,0.000802006,-0.000245208,3.44481e-06,0.00848154,0.0158842,0.0138444,0.00893571,0.125158,1.04586,228,10,0.993998,0.987058,0.987058,0.9927,1.31304e-06,0.000266574,0.000458687,1.05389e-06,0.00314532,0.982399,0.57094,0.00277625,-0,0,0,0,0,0.000319746,0.000384379,0.000249252,0.000383695,-0.00151824,1.03743e-08,0.000187773,8.13188e-09,0.00268331,6.83864e-07,0.0139462,1.50737e-06,0.000426503,0.00166295,1.09782e-07,4.86933e-07,1.32236e-05,3.74839e-09,1.89678e-06,0.000479948,0.000464366,1.77663e-06,7.30818,2.66022e-05,0.000762959,0.000445462,2.52729e-05,0.00311155,-3.37742e-05,0.000541798,0.000235864,0.00256975,1.66297e-05,0.976081,-0.00631773,0.977541,0.000908593,-0.00145966,7.37605e-05,0.557168,-0.0137719,0.557868,0.00101567,-0.000700098,0.00200311,0.00275918,-1.70729e-05,0.000210835,0.000185715,0.00254835,5.67806e-07
ERF_Log_File_20250514_0021.csv,ig_zn_diff,13,fmfpe,12,2,filled_square,3.6um_lp,ERF_OSA207_Spectra_20250514_0021.csv,1.43124e+09,4.51805,0.000134146,0.850553,0.000893057,32.4998,7.39607,0.000143957,0.0083457,2,0.332563,0.00183133,6.966,0,6.35e-06,0.000289,8.31e-05,7.51e-06,0,6.93e-06,0.000845691,6.18e-05,2.89e-05,5.77e-06,2.54e-05,9.24e-06,7.31659e-05,4.04e-05,8.63373e-05,0.545387,0.965993,1.4414e-05,8.36075e-06,0.000632376,0.00111971,1.50237e-05,37.1642,0.0430705,-0.00124612,0.000130245,0.000286316,0.000130246,0.00316062,0.000397283,0.0142525,0.000397282,4.31706e-07,1.7215e-06,0.00223637,0.0055143,0.00537155,0.00401885,0.147513,1.0423,228,10,0.994694,0.989132,0.989132,0.99368,3.39966e-08,0.00020215,0.000358049,3.94213e-09,1.45057e-05,0.976607,0.551379,8.67978e-05,-0,0,0,0,0,0.000403614,0.000456145,0.000307081,0.000484337,-0.00135648,2.42942e-08,0.000245878,1.81452e-08,0.0034444,1.71333e-07,0.0144298,3.83245e-07,0.00040059,0.00178742,1.0637e-07,3.30393e-07,1.05932e-05,4.19497e-08,0,0,0,0,7.38353,1.50241e-05,0.00111971,0.000632466,8.36086e-06,1.45057e-05,0,0.000485972,0.000242458,-0.000471467,1.6749e-05,0.976607,0,0.977326,0.000725274,-0.000718992,5.20236e-05,0.551379,0,0.551727,0.00101206,-0.000347649,0.001668,8.67978e-05,0,0.000223582,0.00016808,-0.000136784,6.60539e-06
ERF_Log_File_20250213_1008.csv,ig_zn_diff,12,emfpe,8,1,filled_square,3.6um_lp,ERF_OSA207_Spectra_20250213_1008.csv,1.4235e+09,4.35475,0.000193615,0.849539,0.00138306,34.1728,7.44086,0.000138374,0.00891276,2,0.335161,0.00214477,7,0,6.35e-06,0.000289,8.31e-05,7.51e-06,0,6.93e-06,0.00102884,6.18e-05,2.89e-05,5.77e-06,2.54e-05,9.24e-06,7.21927e-05,4.04e-05,7.03006e-05,0.548211,0.967412,-8.7003e-06,2.50317e-05,0.0003251,0.000570241,4.53558e-05,36.0602,0.0212094,-0.00139446,0.000107326,-2.95978e-05,0.000107337,0.000317581,0.000731281,0.0155489,0.00073128,4.20788e-05,3.15497e-06,0.00650313,0.010863,0.00998118,0.0117803,0.0555936,1.04063,228,10,0.993998,0.986796,0.986796,0.9927,3.34496e-08,0.000268368,0.000473581,-2.93661e-09,-8.76428e-06,0.980357,0.555546,7.07251e-05,0,0,0,0,0,0.000415971,0.000467257,0.000315935,0.000499165,-0.00152855,3.47582e-08,3.38959e-05,3.0479e-08,0.00113426,7.30844e-07,0.0145418,7.8067e-07,0.000390612,0.00156761,1.01292e-07,1.69158e-07,8.69457e-06,5.50944e-08,5.44979e-09,0.000525662,0.000510247,4.66794e-08,7.4329,4.53559e-05,0.000570241,0.000325217,2.50318e-05,-8.71676e-06,4.75225e-08,0.000449644,0.000261069,-0.000458361,1.67038e-05,0.976867,-0.00348972,0.977237,0.000711084,-0.000370556,2.78955e-05,0.545564,-0.00998232,0.548357,0.000910197,-0.00279301,0.00143381,7.08012e-05,7.61312e-08,0.000240817,0.00017343,-0.000170015,9.08551e-06
ERF_Log_File_20240904_1700.csv,ig_zn_diff,12,emfpe,3,0,filled_square,3.6um_lp,ERF_OSA207_Spectra_20240904_1659.csv,1.40953e+09,4.61597,0.00016018,0.809114,0.00665775,34.1719,7.46921,0.00012282,0.0109706,2,0.347755,0.00124931,6.873,7.5436,6.35e-06,0.000289,8.31e-05,7.51e-06,0,6.93e-06,0.00103286,6.18e-05,2.89e-05,5.77e-06,2.54e-05,9.24e-06,7.15768e-05,4.04e-05,7.17126e-05,0.551782,0.971937,-0.000142881,2.50261e-05,0.000595568,0.0010456,4.04782e-05,39.3085,0.0421945,-0.00115496,0.000194677,6.759e-05,0.000194696,0.00427493,0.00127755,0.0147609,0.00127754,-0.000171519,5.48389e-06,0.00706566,0.0176035,0.0194457,0.0114401,0.145715,1.04567,228,10,0.993998,0.986747,0.986747,0.9927,3.41215e-08,0.000271814,0.000478788,-4.82267e-08,-0.000143932,0.984991,0.559193,7.21456e-05,0,0,0,0,0,0.000381597,0.000437422,0.000291821,0.000457916,-0.00157081,1.04187e-08,0.000188469,8.16559e-09,0.00262111,6.7138e-07,0.0143222,1.47986e-06,0.000439819,0.00169433,8.83094e-08,5.0561e-08,6.14029e-06,5.62139e-08,8.67979e-08,0.00049354,0.000482053,4.61688e-08,7.48986,4.04783e-05,0.0010456,0.0005956,2.50262e-05,-0.000142386,1.54553e-06,0.000408293,0.000282541,-0.000550679,1.65329e-05,0.978495,-0.00649596,0.977212,0.000692752,0.00128265,9.46583e-06,0.545172,-0.014021,0.545142,0.000793652,2.95806e-05,0.00114956,7.17019e-05,-4.43668e-07,0.000265519,0.000179606,-0.000193817,1.05242e-05
ERF_Log_File_20250116_1114.csv,ig_zn_diff,12,emfpe,6,1,filled_square,3.6um_lp,ERF_OSA207_Spectra_20250116_1113.csv,1.42109e+09,4.50378,0.000233606,0.844777,0.00215216,34.1718,7.5523,0.000141885,0.00754301,2,0.351088,0.00222515,7.039,0,6.35e-06,0.000289,8.31e-05,7.51e-06,0,6.93e-06,0.00104477,6.18e-05,2.89e-05,5.77e-06,2.54e-05,9.24e-06,6.97716e-05,4.04e-05,5.18901e-05,0.542309,0.966246,2.36718e-05,2.29515e-05,0.000517655,0.000920559,4.95128e-05,36.9703,0.0351921,-0.00145415,0.000157208,0.000307167,0.000157213,0.000220727,0.000728394,0.0155641,0.000728393,-2.57632e-05,3.15817e-06,0.00609913,0.0103464,0.00992649,0.0131596,0.119108,1.045,228,10,0.993998,0.986605,0.986605,0.9927,2.46898e-08,0.000272063,0.000484742,7.98994e-09,2.38459e-05,0.979365,0.549672,5.22034e-05,0,0,0,0,0,0.000405731,0.000458045,0.000308456,0.000486877,-0.00135894,3.04036e-08,0.000350099,2.0821e-08,0.00108459,1.5348e-06,0.0155382,1.7934e-06,0.00042726,0.00166228,9.95744e-08,2.98308e-07,5.34206e-06,6.4395e-08,1.48278e-08,0.000533291,0.000521913,3.44549e-08,7.54422,4.95129e-05,0.000920559,0.000517683,2.29516e-05,2.37166e-05,-1.29299e-07,0.000369654,0.000289257,-0.000345938,1.62541e-05,0.975838,-0.00352648,0.977282,0.000687949,-0.00144407,4.86947e-05,0.539705,-0.00996706,0.542762,0.000862938,-0.00305757,0.000872018,5.22596e-05,5.61938e-08,0.000290564,0.000179091,-0.000238304,1.05116e-05
ERF_Log_File_20240912_1257.csv,ig_zn_diff,12,emfpe,3,0,filled_square,3.6um_lp,ERF_OSA207_Spectra_20240912_1257.csv,1.4102e+09,5.0364,0.000281247,0.847612,0.000819959,34.171,7.60027,0.000265083,0.00696244,2,0.3637,0.00257667,7.039,0,6.35e-06,0.000289,8.31e-05,7.51e-06,0,6.93e-06,0.00105125,6.18e-05,2.89e-05,5.77e-06,2.54e-05,9.24e-06,6.87296e-05,4.04e-05,8.91593e-05,0.545658,0.972977,4.68592e-05,3.52664e-05,0.000295584,0.000523973,4.54398e-05,43.0901,0.0231452,-0.00156446,9.88926e-05,0.000108482,9.89039e-05,0.00141887,0.000716535,0.014411,0.000716533,9.42669e-06,3.07808e-06,0.0109212,0.0118561,0.0116577,0.0140708,0.0766563,1.04558,228,10,0.993998,0.986523,0.986523,0.9927,4.24228e-08,0.000276609,0.000493229,1.58164e-08,4.72038e-05,0.986269,0.553112,8.96977e-05,-0,0,0,0,0,0.000348108,0.000408655,0.000268079,0.000417729,-0.0016054,1.0474e-08,0.000187311,8.21103e-09,0.00258187,6.61513e-07,0.0146077,1.45812e-06,0.000448177,0.00171895,1.77533e-07,1.03305e-06,5.58458e-06,9.32322e-08,2.84662e-08,0.000503051,0.000496905,5.74011e-08,7.62129,4.54401e-05,0.000523974,0.000295637,3.52665e-05,4.66969e-05,-5.06871e-07,0.00031675,0.000293972,-0.000270053,1.56698e-05,0.979649,-0.00662021,0.977518,0.000673217,0.00213074,9.11815e-05,0.538871,-0.0142416,0.540507,0.000998792,-0.00163622,0.000492919,8.91461e-05,-5.51607e-07,0.000322322,0.000176579,-0.000233176,8.22907e-06
ERF_Log_File_20240829_1030.csv,ig_zn_diff,12,emfpe,3,0,filled_square,none,ERF_OSA207_Spectra_20240829_1030.csv,1.40899e+09,2.32294,9.14451e-05,0.899928,0.00335727,34.1718,7.65819,0.000122059,0.0126144,2,0.34947,0.00152681,7,0,6.35e-06,0.000289,8.31e-05,7.51e-06,0,6.93e-06,0.00105876,6.18e-05,2.89e-05,5.77e-06,2.54e-05,9.24e-06,6.7471e-05,4.04e-05,0.00257682,0.541821,0.971362,0.00316373,1.89713e-05,0.000220929,0.000395175,3.61628e-05,49.4108,0.0199681,-0.00157256,7.66434e-05,5.8403e-05,7.66619e-05,0.00206714,0.000750173,0.0158127,0.000750172,2.53462e-06,3.22108e-06,0.00672738,0.0105188,0.0159851,0.0128338,0.0667842,1.0454,228,10,0.993998,0.986424,0.986424,0.9927,1.22607e-06,0.000278113,0.000498593,1.06785e-06,0.003187,0.984731,0.549278,0.00259238,0,0,0,0,0,0.000303578,0.00037125,0.000236995,0.000364293,-0.0016195,1.05098e-08,0.000186141,8.23688e-09,0.00256616,6.57123e-07,0.0147369,1.44841e-06,0.000451411,0.0017303,7.81081e-08,5.84519e-07,1.13164e-06,2.48417e-08,1.92192e-06,0.000506166,0.000502399,1.65897e-06,7.67937,3.61629e-05,0.000395175,0.000220932,1.89713e-05,0.00315277,-3.42217e-05,0.000278694,0.000268448,0.00287408,1.50866e-05,0.97807,-0.00666067,0.977772,0.000638289,0.000297925,0.0001129,0.534973,-0.0143046,0.539628,0.000832318,-0.00465487,0.000218575,0.00257644,-1.59422e-05,0.000338747,0.00017389,0.00223769,4.79816e-06
ERF_Log_File_20250513_1825.csv,ig_zn_diff,13,fmfpe,12,2,filled_square,3.6um_lp,ERF_OSA207_Spectra_20250513_1824.csv,1.43122e+09,4.74202,0.000149333,0.854772,0.000773058,32.4997,7.66396,0.000184631,0.00773574,2,0.347673,0.00226267,7.225,0,6.35e-06,0.000289,8.31e-05,7.51e-06,0,6.93e-06,0.000876382,6.18e-05,2.89e-05,5.77e-06,2.54e-05,9.24e-06,6.73458e-05,4.04e-05,5.26934e-05,0.531098,0.963999,-3.85733e-06,8.63407e-06,0.00191703,0.00347956,2.05876e-05,38.2021,0.137889,-0.00154021,0.000142804,0.000281332,0.000142804,0.00245202,0.000364502,0.0154127,0.000364501,-1.96477e-05,1.57936e-06,0.00236991,0.00413182,0.00571989,0.00565299,0.472418,1.04538,228,10,0.994694,0.988754,0.988754,0.99368,2.07488e-08,0.000208928,0.000379227,-1.05495e-09,-3.88186e-06,0.974963,0.537139,5.29745e-05,-0,0,0,0,0,0.000392649,0.000446263,0.000298759,0.000471178,-0.00143184,2.48112e-08,0.000248538,1.85271e-08,0.00338922,1.75387e-07,0.0148041,3.92322e-07,0.000420094,0.00181933,1.20948e-07,8.12546e-07,2.76311e-06,5.23265e-08,0,0,0,0,7.65097,2.0588e-05,0.00347956,0.00191703,8.63423e-06,-3.88186e-06,0,0.000297086,0.000281026,-0.000300968,1.53869e-05,0.974963,0,0.977641,0.000655264,-0.00267796,0.000103371,0.537139,0,0.539972,0.000914397,-0.00283376,0.000351518,5.29745e-05,0,0.000331792,0.000175208,-0.000278817,6.65689e-06
ERF_Log_File_20240904_1736.csv,ig_zn_diff,12,emfpe,3,0,filled_square,3.6um_lp,ERF_OSA207_Spectra_20240904_1736.csv,1.40953e+09,4.90878,0.000155041,0.849102,0.0037936,34.1719,7.69363,0.000108829,0.0108967,2,0.356298,0.00159468,7.039,7.80266,6.35e-06,0.000289,8.31e-05,7.51e-06,0,6.93e-06,0.00106398,6.18e-05,2.89e-05,5.77e-06,2.54e-05,9.24e-06,6.6701e-05,4.04e-05,0.000128353,0.54549,0.972238,-6.22593e-05,2.18589e-05,0.000346641,0.000615026,3.59284e-05,41.2139,0.0259992,-0.00141171,0.000116248,0.000256852,0.000116263,0.00293052,0.000848029,0.0177759,0.000848027,-0.000103657,3.63846e-06,0.00647139,0.0123747,0.0134781,0.0106434,0.0881287,1.04584,228,10,0.993998,0.986363,0.986363,0.9927,6.10713e-08,0.000282127,0.000502841,-2.10144e-08,-6.27171e-05,0.98568,0.553032,0.000129128,0,0,0,0,0,0.000363955,0.000422153,0.000279161,0.000436746,-0.00162794,1.05345e-08,0.00018533,8.25515e-09,0.00255706,6.54453e-07,0.0148167,1.44256e-06,0.000453318,0.00173738,6.74088e-08,5.60141e-07,2.54787e-07,9.1345e-09,3.78215e-08,0.000509037,0.000511369,8.26341e-08,7.7149,3.59285e-05,0.000615026,0.000346641,2.18589e-05,-6.20437e-05,6.73452e-07,0.000256313,0.000252708,-0.000318356,1.46704e-05,0.978982,-0.00669811,0.977949,0.00061857,0.0010325,0.000121905,0.53853,-0.0145013,0.539423,0.000730894,-0.000892711,5.54501e-05,0.000128334,-7.94089e-07,0.000343915,0.00017224,-0.000215581,1.98797e-06
ERF_Log_File_20240904_1813.csv,ig_zn_diff,12,emfpe,3,0,filled_square,3.6um_lp,ERF_OSA207_Spectra_20240904_1812.csv,1.40953e+09,4.87421,0.000153713,0.852466,0.00182411,34.1711,7.85582,0.000143991,0.0105198,2,0.373644,0.00175685,7.214,7.8987,6.35e-06,0.000289,8.31e-05,7.51e-06,0,6.93e-06,0.00108664,6.18e-05,2.89e-05,5.77e-06,2.54e-05,9.24e-06,6.31774e-05,4.04e-05,0.00010362,0.550303,0.972066,-6.13423e-05,2.983e-05,0.000202088,0.000349358,4.5917e-05,40.0518,0.0142734,-0.00203037,6.8543e-05,0.000230426,6.85715e-05,0.00077394,0.000871292,0.0126647,0.00087129,-5.0651e-05,3.73756e-06,0.00858448,0.0140299,0.0129851,0.013218,0.0479666,1.04565,228,10,0.993998,0.986085,0.986085,0.9927,4.93031e-08,0.000294515,0.000520237,-2.07049e-08,-6.17934e-05,0.985783,0.558069,0.000104246,-0,0,0,0,0,0.000374515,0.000431272,0.000286781,0.000449418,-0.00166222,1.06544e-08,0.000180023,8.35012e-09,0.00252044,6.42967e-07,0.0151888,1.41724e-06,0.00046056,0.00177092,7.27057e-08,7.32864e-07,3.85073e-06,6.87193e-08,3.72645e-08,0.000519952,0.000541828,6.67109e-08,7.87754,4.59171e-05,0.000349359,0.000202125,2.98301e-05,-6.11299e-05,6.63533e-07,0.000164437,0.000229888,-0.000225567,1.22113e-05,0.978943,-0.00683984,0.978818,0.000667505,0.000125027,0.000123088,0.542984,-0.0150848,0.541464,0.000977918,0.0015193,0.000646751,0.000103605,-6.41072e-07,0.000308489,0.000174014,-0.000204885,1.15418e-05
ERF_Log_File_20240829_1104.csv,ig_zn_diff,12,emfpe,3,0,filled_square,none,ERF_OSA207_Spectra_20240829_1104.csv,1.40899e+09,2.28571,8.65062e-05,0.899866,0.00174745,34.1716,7.89411,0.000109087,0.0115251,2,0.379902,0.00163949,7.25,0,6.35e-06,0.000289,8.31e-05,7.51e-06,0,6.93e-06,0.00109239,6.18e-05,2.89e-05,5.77e-06,2.54e-05,9.24e-06,6.23455e-05,4.04e-05,0.00111212,0.549809,0.971719,0.00131606,2.13107e-05,0.000286606,0.000504131,3.63277e-05,47.031,0.0243027,-0.00177556,9.67566e-05,0.000204225,9.67719e-05,0.00243941,0.000811571,0.0138668,0.000811569,3.97812e-05,3.48479e-06,0.0073043,0.014517,0.0124003,0.0124509,0.0771536,1.01631,228,10,0.993998,0.986019,0.986019,0.9927,5.29156e-07,0.000296598,0.0005242,4.4421e-07,0.00132574,0.985497,0.557605,0.00111884,0,0,0,0,0,0.000318939,0.000383957,0.000248003,0.000382726,-0.00166954,1.06922e-08,0.000178495,8.37872e-09,0.00251303,6.40513e-07,0.0152779,1.41181e-06,0.000462009,0.00177909,5.1754e-08,5.12009e-07,3.60093e-06,6.18371e-08,7.99486e-07,0.000522354,0.000547508,7.15987e-07,7.91594,3.63277e-05,0.000504131,0.000286629,2.13108e-05,0.0013115,-1.42357e-05,0.000145638,0.000249034,0.00116586,1.15295e-05,0.978626,-0.00687093,0.979007,0.000631002,-0.000380299,0.000114063,0.542428,-0.0151774,0.542612,0.000965139,-0.000184553,0.000802198,0.00111195,-6.88042e-06,0.000288391,0.000181699,0.000823563,1.37758e-05
ERF_Log_File_20250213_1042.csv,ig_zn_diff,12,emfpe,8,1,filled_square,3.6um_lp,ERF_OSA207_Spectra_20250213_1041.csv,1.4235e+09,4.43327,0.000239845,0.850441,0.00188727,34.1708,7.92403,0.000224785,0.00765499,2,0.391485,0.002289,7.5,0,6.35e-06,0.000289,8.31e-05,7.51e-06,0,6.93e-06,0.0010963,6.18e-05,2.89e-05,5.77e-06,2.54e-05,9.24e-06,6.16954e-05,4.04e-05,7.28822e-05,0.545491,0.967341,-6.78266e-05,2.9183e-05,0.000377584,0.000667711,4.20413e-05,34.7238,0.0239399,-0.00191023,0.000118893,0.00017147,0.000118897,0.00220324,0.000623673,0.0131671,0.000623671,-5.02176e-05,2.69059e-06,0.00728366,0.00845156,0.0080892,0.0104961,0.0771924,1.04491,228,10,0.993998,0.985968,0.985968,0.9927,3.4678e-08,0.000296095,0.000525078,-2.28935e-08,-6.83254e-05,0.981108,0.553254,7.33223e-05,-0,0,0,0,0,0.00043198,0.000481557,0.000327182,0.000518376,-0.00163811,3.58325e-08,7.22018e-05,3.14187e-08,0.000977998,7.09227e-07,0.0148549,7.57578e-07,0.000427578,0.00158329,1.06712e-07,1.05607e-06,7.40621e-06,1.27237e-07,4.24859e-08,0.000561227,0.000585299,4.83936e-08,7.91555,4.20414e-05,0.000667712,0.000377658,2.91833e-05,-6.79549e-05,3.7048e-07,0.000145821,0.000248843,-0.000213776,1.15363e-05,0.977443,-0.00366479,0.979005,0.000631362,-0.00156168,0.000114168,0.542928,-0.0103259,0.5426,0.000965268,0.000328796,0.000800661,7.34012e-05,7.8927e-08,0.000288607,0.000181622,-0.000215205,1.37551e-05
ERF_Log_File_20240912_1331.csv,ig_zn_diff,12,emfpe,3,0,filled_square,3.6um_lp,ERF_OSA207_Spectra_20240912_1330.csv,1.41021e+09,4.99363,0.000268646,0.851488,0.000489882,34.1714,7.94525,0.000256378,0.00714595,2,0.411091,0.00249104,7.396,0,6.35e-06,0.000289,8.31e-05,7.51e-06,0,6.93e-06,0.00109896,6.18e-05,2.89e-05,5.77e-06,2.54e-05,9.24e-06,6.12343e-05,4.04e-05,0.000137199,0.555208,0.972918,-0.000126364,3.37813e-05,0.00055046,0.000962355,5.27484e-05,40.9425,0.0404739,-0.00174527,0.000156057,-7.2843e-05,0.000156059,0.00172428,0.000657266,0.0147464,0.000657265,1.29798e-05,2.82344e-06,0.00993989,0.0123966,0.00964781,0.0155197,0.139484,1.04559,228,10,0.993998,0.985932,0.985932,0.9927,6.52804e-08,0.000302689,0.000530416,-4.26517e-08,-0.000127293,0.9868,0.56313,0.000138027,-0,0,0,0,0,0.000366367,0.00042431,0.000281281,0.000439641,-0.00167854,1.0738e-08,0.000176183,8.41248e-09,0.00250388,6.37431e-07,0.0153975,1.40506e-06,0.00046368,0.00179014,1.11635e-07,1.01292e-06,1.0522e-05,1.69392e-07,7.67641e-08,0.000526452,0.00056122,8.83292e-08,7.96722,5.27485e-05,0.000962356,0.000550561,3.37817e-05,-0.000125926,1.36687e-06,0.000122317,0.000274607,-0.000248243,1.06504e-05,0.979876,-0.00692412,0.979229,0.000582792,0.00064687,9.66365e-05,0.547661,-0.0154687,0.544512,0.00094717,0.00314899,0.00100383,0.000137179,-8.48817e-07,0.000256788,0.000191966,-0.00011961,1.61606e-05
ERF_Log_File_20250514_0731.csv,ig_zn_diff,13,fmfpe,12,2,filled_square,3.6um_lp,ERF_OSA207_Spectra_20250514_0730.csv,1.43127e+09,4.61656,0.000159504,0.856839,0.00135346,32.4999,8.0107,0.000223777,0.00710435,2,0.421142,0.00221807,7.566,0,6.35e-06,0.000289,8.31e-05,7.51e-06,0,6.93e-06,0.000915842,6.18e-05,2.89e-05,5.77e-06,2.54e-05,9.24e-06,6.00584e-05,4.04e-05,4.79655e-05,0.544886,0.970783,1.87146e-05,1.01461e-05,0.00125549,0.00223673,1.79128e-05,35.3169,0.0813684,-0.00186332,0.000140002,0.000211069,0.000140002,0.00423912,0.000368114,0.0151698,0.000368113,3.5349e-05,1.59435e-06,0.00257543,0.00410513,0.00523838,0.00454618,0.278691,1.04543,228,10,0.994694,0.988265,0.988265,0.99368,1.88871e-08,0.00023072,0.000411057,5.11832e-09,1.88336e-05,0.98231,0.551356,4.82214e-05,-0,0,0,0,0,0.000424726,0.0004754,0.000322011,0.000509671,-0.00152897,2.61283e-08,0.000256068,1.95123e-08,0.00327613,1.88769e-07,0.0152683,4.22254e-07,0.000446259,0.00185444,9.25592e-08,7.62765e-07,1.01925e-05,1.57127e-07,0,0,0,0,7.99712,1.7913e-05,0.00223673,0.00125553,1.01473e-05,1.88336e-05,0,0.000109628,0.000286209,-9.07947e-05,1.01549e-05,0.98231,0,0.979339,0.000556223,0.00297092,8.36849e-05,0.551356,0,0.545808,0.00093597,0.0055485,0.00111825,4.82214e-05,0,0.000236384,0.000196302,-0.000188162,1.72388e-05
ERF_Log_File_20240904_1849.csv,ig_zn_diff,12,emfpe,3,0,filled_square,3.6um_lp,ERF_OSA207_Spectra_20240904_1849.csv,1.40953e+09,4.72825,0.000157754,0.850767,0.00188424,34.172,8.0614,0.000363735,0.00831269,2,0.446378,0.00220815,7.396,8.00973,6.35e-06,0.000289,8.31e-05,7.51e-06,0,6.93e-06,0.00111479,6.18e-05,2.89e-05,5.77e-06,2.54e-05,9.24e-06,6.01223e-05,4.04e-05,4.79067e-05,0.559814,0.97152,-0.000168179,2.84442e-05,0.00037119,0.000636896,5.61305e-05,38.0139,0.0248532,-0.00214122,0.0001213,0.000170977,0.000121313,0.00584979,0.000933893,0.0143301,0.000933891,-7.86675e-05,4.00745e-06,0.0077961,0.0171321,0.0130104,0.0153917,0.0655198,1.03826,228,10,0.993998,0.985733,0.985733,0.9927,2.27944e-08,0.000312511,0.000542344,-5.67656e-08,-0.000169416,0.985581,0.567916,4.8196e-05,0,0,0,0,0,0.000394593,0.00044876,0.000301306,0.000473511,-0.0016965,1.08583e-08,0.000170098,8.50466e-09,0.00248633,6.31532e-07,0.015671,1.39201e-06,0.00046665,0.00181573,1.28819e-07,7.82887e-07,2.00259e-05,2.79904e-07,1.02166e-07,0.000533503,0.000585033,3.08425e-08,8.08369,5.61306e-05,0.000636896,0.000371731,2.84456e-05,-0.000167597,1.81917e-06,7.64333e-05,0.000238819,-0.00024403,8.78907e-06,0.978566,-0.00701507,0.979573,0.000533312,-0.00100719,5.34149e-05,0.551997,-0.0159198,0.550213,0.000905087,0.00178341,0.00136633,4.78996e-05,-2.96387e-07,0.000172118,0.000168476,-0.000124219,1.90973e-05
ERF_Log_File_20250514_1708.csv,ig_zn_diff,13,fmfpe,12,2,filled_square,3.6um_lp,ERF_OSA207_Spectra_20250514_1707.csv,1.4313e+09,4.51508,0.000237417,0.856133,0.000912277,32.4997,8.07386,0.000210775,0.00593447,2,0.441958,0.00199155,7.614,0,6.35e-06,0.000289,8.31e-05,7.51e-06,0,6.93e-06,0.000923564,6.18e-05,2.89e-05,5.77e-06,2.54e-05,9.24e-06,6.0138e-05,4.04e-05,5.22856e-05,0.546065,0.968288,-1.37872e-05,1.03485e-05,0.00119815,0.00212448,2.5551e-05,34.2057,0.0750455,-0.00161605,0.000143782,0.000513078,0.000143783,0.00427335,0.00038137,0.0152465,0.00038137,1.18194e-05,1.65221e-06,0.00255426,0.00433758,0.00479223,0.00630657,0.259591,1.03702,228,10,0.994694,0.988176,0.988176,0.99368,2.05882e-08,0.000234247,0.000415369,-3.77071e-09,-1.38749e-05,0.979874,0.552599,5.25645e-05,-0,0,0,0,0,0.000438523,0.000487526,0.000331851,0.000526228,-0.00154584,2.64734e-08,0.000257728,1.97685e-08,0.0032498,1.92041e-07,0.0153493,4.29576e-07,0.000450892,0.00185991,7.79404e-08,5.06098e-07,1.12053e-05,1.59935e-07,0,0,0,0,8.06017,2.55511e-05,0.00212448,0.0011982,1.03497e-05,-1.38749e-05,0,8.49467e-05,0.000251852,-9.88216e-05,9.1501e-06,0.979874,0,0.97952,0.000540703,0.000354031,5.94153e-05,0.552599,0,0.54894,0.000913825,0.0036593,0.00131548,5.25645e-05,0,0.000190103,0.000176114,-0.000137539,1.87762e-05
ERF_Log_File_20240829_1138.csv,ig_zn_diff,12,emfpe,3,0,filled_square,none,ERF_OSA207_Spectra_20240829_1137.csv,1.40899e+09,2.22907,9.76787e-05,0.901358,0.00101553,34.1718,8.21014,0.000121018,0.00886915,2,0.455568,0.0014253,7.5,0,6.35e-06,0.000289,8.31e-05,7.51e-06,0,6.93e-06,0.00113566,6.18e-05,2.89e-05,5.77e-06,2.54e-05,9.24e-06,6.03099e-05,4.04e-05,0.000176206,0.56567,0.972244,0.000117367,2.34217e-05,0.000172934,0.000295296,4.00243e-05,44.798,0.0133983,-0.00212992,5.7835e-05,0.000247398,5.7869e-05,0.00264532,0.000859489,0.0147412,0.000859487,6.04e-05,3.69042e-06,0.00756585,0.0119897,0.0159411,0.0129245,0.0422928,1.03892,228,10,0.993998,0.985478,0.985478,0.9927,8.38406e-08,0.000325314,0.000559133,3.96148e-08,0.00011823,0.986571,0.574006,0.00017727,0,0,0,0,0,0.000334836,0.000397323,0.000259794,0.000401804,-0.00171421,1.10272e-08,0.000160661,8.64312e-09,0.00247046,6.26657e-07,0.0160228,1.38128e-06,0.000468719,0.00184933,3.19342e-08,2.55145e-07,6.73958e-06,8.63113e-08,7.12986e-08,0.000543853,0.000616021,1.13442e-07,8.23284,4.00243e-05,0.000295296,0.000173065,2.34219e-05,0.000116961,-1.26955e-06,3.05281e-05,0.000174962,8.64324e-05,6.66951e-06,0.979422,-0.0071486,0.979859,0.000525795,-0.000436522,5.32876e-05,0.557508,-0.0164973,0.558712,0.00088059,-0.00120313,0.00140757,0.00017618,-1.09014e-06,5.8927e-05,0.000137332,0.000117253,1.80263e-05
ERF_Log_File_20240904_1926.csv,ig_zn_diff,12,emfpe,3,0,filled_square,3.6um_lp,ERF_OSA207_Spectra_20240904_1925.csv,1.40954e+09,4.49855,0.000141077,0.850516,0.00200643,34.172,8.31366,0.000143849,0.00850436,2,0.455816,0.00225132,7.588,8.2453,6.35e-06,0.000289,8.31e-05,7.51e-06,0,6.93e-06,0.0011497,6.18e-05,2.89e-05,5.77e-06,2.54e-05,9.24e-06,6.04404e-05,4.04e-05,0.00017594,0.571279,0.972928,-5.58399e-05,3.63935e-05,0.00031013,0.000521816,5.44176e-05,36.1011,0.0192804,-0.00226548,0.00010084,0.000107674,0.000100858,0.000925409,0.000929633,0.0160942,0.000929631,-6.66777e-05,3.99131e-06,0.00943874,0.0144185,0.0123859,0.014119,0.0653169,1.04587,228,10,0.993998,0.9853,0.9853,0.9927,8.37139e-08,0.000335289,0.000571021,-1.88476e-08,-5.62505e-05,0.987443,0.579802,0.000177002,0,0,0,0,0,0.0004155,0.000467392,0.00031652,0.0004986,-0.00172284,1.11715e-08,0.000153274,8.75312e-09,0.00246382,6.25365e-07,0.0162672,1.37843e-06,0.000469029,0.00187311,3.01373e-08,5.09e-07,6.51568e-06,7.9922e-08,3.39219e-08,0.000551134,0.000639623,1.13271e-07,8.33665,5.44176e-05,0.000521816,0.000310198,3.63936e-05,-5.56465e-05,6.04014e-07,6.01553e-06,0.000190179,-6.1662e-05,5.362e-06,0.980201,-0.00724234,0.980142,0.000553199,5.90479e-05,9.05609e-05,0.562857,-0.0169455,0.564027,0.000778267,-0.00117031,0.00115926,0.000175914,-1.0885e-06,-7.73521e-06,0.000146055,0.000183649,1.42197e-05
ERF_Log_File_20240912_1404.csv,ig_zn_diff,12,emfpe,3,0,filled_square,3.6um_lp,ERF_OSA207_Spectra_20240912_1404.csv,1.41021e+09,4.44147,0.0002739,0.85177,0.00115606,34.1712,8.4371,0.000281452,0.00720151,2,0.44322,0.00240725,7.79,0,6.35e-06,0.000289,8.31e-05,7.51e-06,0,6.93e-06,0.00116714,6.18e-05,2.89e-05,5.77e-06,2.54e-05,9.24e-06,6.0596e-05,4.04e-05,2.46606e-05,0.576735,0.975246,-0.000115088,3.56272e-05,0.000444884,0.000749318,3.63969e-05,36.3198,0.0278681,-0.00185023,0.000134691,9.89545e-05,0.000134697,0.00336755,0.000754479,0.0152425,0.000754477,-1.55654e-05,3.24084e-06,0.00934182,0.0124932,0.00965626,0.00954448,0.0888293,1.03595,228,10,0.993998,0.985088,0.985088,0.9927,1.17337e-08,0.000346667,0.000586205,-3.88455e-08,-0.000115934,0.990009,0.585465,2.48095e-05,-0,0,0,0,0,0.000412998,0.000465404,0.000314978,0.000495597,-0.00172943,1.13599e-08,0.00014348,8.89967e-09,0.00246064,6.26321e-07,0.0165566,1.38052e-06,0.000468228,0.00190172,4.30748e-08,1.87796e-06,6.27635e-06,7.10479e-08,6.99141e-08,0.000560653,0.000666771,1.58766e-08,8.46043,3.63969e-05,0.00074932,0.000444928,3.56273e-05,-0.000114689,1.24489e-06,-1.63305e-05,0.000218906,-9.8359e-05,3.97511e-06,0.982644,-0.00736492,0.980759,0.00056158,0.0018855,0.000173306,0.56802,-0.0174455,0.568325,0.00069405,-0.000304678,0.000579207,2.46569e-05,-1.52569e-07,-5.89589e-05,0.000176279,8.36158e-05,6.55658e-06
ERF_Log_File_20250514_1028.csv,ig_zn_diff,13,fmfpe,12,2,filled_square,3.6um_lp,ERF_OSA207_Spectra_20250514_1027.csv,1.43128e+09,4.14624,0.000157308,0.862663,0.00150204,33.8003,8.45568,0.000233642,0.00733627,2,0.441887,0.00298094,7.906,0,6.35e-06,0.000289,8.31e-05,7.51e-06,0,6.93e-06,0.000967392,6.18e-05,2.89e-05,5.77e-06,2.54e-05,9.24e-06,6.06195e-05,4.04e-05,-5.05846e-05,0.561775,0.96932,5.74812e-05,1.01732e-05,0.00180481,0.00311402,1.87369e-05,31.7079,0.10186,-0.00171297,0.000190424,-5.01519e-05,0.000190424,0.00384706,0.000499409,0.0152557,0.000499408,8.56606e-07,2.16274e-06,0.00231776,0.00511663,0.00640485,0.00426914,0.344796,1.04568,228,10,0.994694,0.987636,0.987636,0.99368,-1.99184e-08,0.000260067,0.000448735,1.57207e-08,5.78468e-05,0.981455,0.568808,-5.08544e-05,-0,0,0,0,0,0.000473068,0.000518912,0.000357004,0.000567682,-0.00163636,2.91607e-08,0.000267964,2.17769e-08,0.00305087,2.14439e-07,0.0158121,4.79676e-07,0.000476082,0.00188629,3.76592e-08,1.42359e-06,6.20523e-06,7.16146e-08,0,0,0,0,8.44134,1.87369e-05,0.00311402,0.00180482,1.01735e-05,5.78468e-05,0,-1.3332e-05,0.000215217,7.11788e-05,4.17705e-06,0.981455,0,0.980637,0.000564848,0.000817855,0.000157901,0.568808,0,0.567858,0.000701114,0.000949943,0.000688267,-5.08544e-05,0,-5.36221e-05,0.000170359,2.76763e-06,7.94329e-06
ERF_Log_File_20250513_0951.csv,ig_zn_diff,13,fmfpe,12,2,filled_square,7.3um_lp,ERF_OSA207_Spectra_20250513_0951.csv,1.43119e+09,3.96183,0.000243383,0.860906,0.00232224,32.5004,8.53111,0.00158719,0.00622215,2,0.429473,0.018065,7.906,0,6.35e-06,0.000289,8.31e-05,7.51e-06,0,6.93e-06,0.000975788,6.18e-05,2.89e-05,5.77e-06,2.54e-05,9.24e-06,6.07146e-05,4.04e-05,5.04857e-05,0.560252,0.967246,-4.78814e-05,2.38198e-05,0.00202708,0.00349956,2.72133e-05,30.1891,0.109221,-0.00182926,0.00023007,-5.50244e-05,0.00023007,0.00326439,0.000608012,0.0145221,0.000608011,5.37766e-05,2.63421e-06,0.00517005,0.00561618,0.00759349,0.00590475,0.375054,1.04495,228,10,0.994694,0.98753,0.98753,0.99368,1.98795e-08,0.000263171,0.00045435,-1.30952e-08,-4.81859e-05,0.97946,0.567327,5.0755e-05,-0,0,0,0,0,0.000496868,0.000540518,0.000373936,0.000596242,-0.00165112,2.97758e-08,0.00026978,2.22362e-08,0.00300347,2.18945e-07,0.0158979,4.89755e-07,0.000480226,0.00189014,2.06705e-07,1.35413e-05,1.35828e-05,1.65538e-07,0,0,0,0,8.51665,2.72141e-05,0.00349959,0.00202713,2.38204e-05,-4.81859e-05,0,-2.42847e-05,0.00022977,-2.39013e-05,3.40509e-06,0.97946,0,0.981186,0.000544404,-0.00172564,0.000223069,0.567327,0,0.569197,0.000668644,-0.00187017,0.000223752,5.0755e-05,0,-6.88796e-05,0.000193715,0.000119635,2.72694e-06
ERF_Log_File_20240904_2002.csv,ig_zn_diff,12,emfpe,3,0,filled_square,3.6um_lp,ERF_OSA207_Spectra_20240904_2001.csv,1.40954e+09,4.18695,0.00015178,0.854156,0.00231262,34.1714,8.54975,0.000143553,0.00953674,2,0.455316,0.0019438,7.79,8.51641,6.35e-06,0.000289,8.31e-05,7.51e-06,0,6.93e-06,0.00118231,6.18e-05,2.89e-05,5.77e-06,2.54e-05,9.24e-06,6.07381e-05,4.04e-05,9.37477e-05,0.578112,0.974701,1.27756e-05,3.9695e-05,0.000359953,0.000601751,6.03608e-05,33.994,0.0209177,-0.00190868,0.000114894,5.09354e-05,0.00011491,0.00269279,0.000937051,0.0176984,0.000937049,-7.46444e-05,4.02198e-06,0.00969861,0.0135834,0.0117032,0.0147545,0.0711454,1.04485,228,10,0.993998,0.984895,0.984895,0.9927,4.4606e-08,0.00035502,0.000598566,4.31214e-09,1.28695e-05,0.98965,0.586978,9.43138e-05,-0,0,0,0,0,0.000441254,0.000490599,0.000335005,0.000529505,-0.00173142,1.15639e-08,0.000133847,9.06342e-09,0.0024622,6.29656e-07,0.0168172,1.38789e-06,0.000466317,0.00192794,1.56343e-08,1.44061e-06,5.09421e-07,3.33576e-09,7.76097e-09,0.00056779,0.000687566,6.03551e-08,8.57339,6.03608e-05,0.000601753,0.000359953,3.9695e-05,1.27314e-05,-1.38192e-07,-3.10635e-05,0.000170319,4.37949e-05,2.86654e-06,0.982193,-0.00745622,0.981715,0.000549459,0.000478386,0.000264135,0.569186,-0.0177924,0.569325,0.000676464,-0.000139078,9.34018e-05,9.37338e-05,-5.79994e-07,-7.10852e-05,0.000150298,0.000164819,6.11609e-07
ERF_Log_File_20250213_2034.csv,ig_zn_diff,12,emfpe,8,1,filled_square,7.3um_lp,ERF_OSA207_Spectra_20250213_2034.csv,1.42354e+09,3.77019,0.000251689,0.855579,0.000742952,34.1704,8.58215,0.000160255,0.00781159,2,0.460445,0.00209118,8,0,6.35e-06,0.000289,8.31e-05,7.51e-06,0,6.93e-06,0.0011867,6.18e-05,2.89e-05,5.77e-06,2.54e-05,9.24e-06,6.07789e-05,4.04e-05,-5.42668e-05,0.571638,0.970877,8.61445e-05,3.23557e-05,0.00067613,0.00114353,5.86124e-05,28.7611,0.0338471,-0.0017507,0.000197035,7.11249e-05,0.00019704,0.000566573,0.000945378,0.016301,0.000945376,2.60256e-05,4.07877e-06,0.00668851,0.014075,0.00962927,0.0121144,0.112715,1.04547,228,10,0.993998,0.98484,0.98484,0.9927,-2.58206e-08,0.000353194,0.000599869,2.90763e-08,8.6778e-05,0.985822,0.580437,-5.45945e-05,-0,0,0,0,0,0.000521538,0.000563581,0.000391955,0.000625845,-0.00170562,4.19276e-08,9.82335e-05,3.67625e-08,0.00077038,7.25553e-07,0.0151852,7.75016e-07,0.000450963,0.00159556,1.74778e-08,1.60675e-06,5.55913e-07,3.58377e-09,5.39601e-08,0.000610854,0.00073014,3.6033e-08,8.57297,5.86124e-05,0.00114353,0.00067613,3.23557e-05,8.63074e-05,-4.70536e-07,-3.10172e-05,0.000170828,0.000117325,2.87041e-06,0.981914,-0.003908,0.981711,0.000549406,0.000203202,0.000263879,0.569092,-0.0113456,0.569326,0.000676376,-0.00023445,9.12988e-05,-5.46532e-05,-5.87676e-08,-7.1092e-05,0.000150679,1.64387e-05,5.8857e-07
ERF_Log_File_20250213_1228.csv,ig_zn_diff,12,emfpe,8,1,filled_square,7.3um_lp,ERF_OSA207_Spectra_20250213_1227.csv,1.42351e+09,3.63696,0.000257684,0.856814,0.000881139,34.1713,8.62954,0.000192717,0.00617538,2,0.457423,0.00252274,8,0,6.35e-06,0.000289,8.31e-05,7.51e-06,0,6.93e-06,0.00119319,6.18e-05,2.89e-05,5.77e-06,2.54e-05,9.24e-06,6.08387e-05,4.04e-05,7.57144e-05,0.569501,0.967423,0.000182517,2.66954e-05,0.000564916,0.000954969,5.0189e-05,27.8631,0.0274879,-0.00161007,0.000158088,0.000130214,0.000158091,-0.00024855,0.000685249,0.0153519,0.000685247,5.16416e-05,2.95902e-06,0.00534875,0.0119029,0.00650493,0.0100529,0.0939332,1.04461,228,10,0.993998,0.984758,0.984758,0.9927,3.60256e-08,0.000355009,0.000603061,6.16048e-08,0.000183859,0.982397,0.578316,7.61716e-05,-0,0,0,0,0,0.000538346,0.000578891,0.000403924,0.000646016,-0.00170689,4.25199e-08,9.85586e-05,3.7281e-08,0.000757739,7.28276e-07,0.0152048,7.77924e-07,0.000451361,0.00159625,1.78329e-08,2.08866e-06,2.17336e-06,2.1682e-08,1.14327e-07,0.000612046,0.000735845,5.02741e-08,8.62031,5.0189e-05,0.000954971,0.00056492,2.66954e-05,0.000182862,-9.96939e-07,-3.57836e-05,0.000113589,0.000218646,2.44885e-06,0.978487,-0.00391018,0.982206,0.000555577,-0.00371986,0.000286819,0.566976,-0.0113394,0.568968,0.000686477,-0.00199218,0.000298451,7.62536e-05,8.19941e-08,-6.78363e-05,0.000107826,0.00014409,2.97743e-06
ERF_Log_File_20240912_2059.csv,ig_zn_diff,12,emfpe,3,0,filled_square,3.6um_lp,ERF_OSA207_Spectra_20240912_2059.csv,1.41023e+09,3.9907,0.000294992,0.856103,0.000932766,34.1719,8.68378,0.000173617,0.00740653,2,0.466872,0.00247836,8.002,0,6.35e-06,0.000289,8.31e-05,7.51e-06,0,6.93e-06,0.00120068,6.18e-05,2.89e-05,5.77e-06,2.54e-05,9.24e-06,6.09071e-05,4.04e-05,2.6237e-05,0.576576,0.975113,-0.00012757,3.30455e-05,0.00050318,0.000849813,4.78133e-05,32.9257,0.0286599,-0.00158998,0.000148453,0.000195476,0.000148458,0.00515254,0.000751253,0.0171394,0.000751251,5.14261e-06,3.2272e-06,0.00781856,0.00858466,0.00986841,0.0113122,0.097068,1.0458,228,10,0.993998,0.984665,0.984665,0.9927,1.24838e-08,0.000363065,0.000614021,-4.30585e-08,-0.000128508,0.990299,0.585555,2.63954e-05,0,0,0,0,0,0.000455571,0.000503553,0.000345099,0.000546685,-0.00172928,1.18512e-08,0.000121496,9.29124e-09,0.00246954,6.3669e-07,0.0171213,1.40338e-06,0.000462695,0.00195908,1.12685e-08,1.96499e-06,3.54634e-06,4.19475e-08,7.74968e-08,0.000576853,0.000708444,1.68915e-08,8.70779,4.78133e-05,0.000849815,0.000503193,3.30455e-05,-0.000127128,1.37991e-06,-4.26418e-05,6.12569e-05,-8.44864e-05,1.73508e-06,0.982727,-0.00757216,0.983185,0.000542472,-0.000457989,0.000302563,0.567453,-0.0181023,0.567532,0.000699831,-7.86442e-05,0.000546053,2.62331e-05,-1.62322e-07,-5.19909e-05,7.05348e-05,7.8224e-05,6.45893e-06
ERF_Log_File_20250113_1001.csv,ig_zn_diff,12,emfpe,6,1,filled_square,7.3um_lp,ERF_OSA207_Spectra_20250113_1000.csv,1.42082e+09,3.57051,0.000327988,0.862372,0.0033545,34.1726,8.74316,0.000186075,0.0042665,2,0.471793,0.00307029,8,0,6.35e-06,0.000289,8.31e-05,7.51e-06,0,6.93e-06,0.00120895,6.18e-05,2.89e-05,5.77e-06,2.54e-05,9.24e-06,6.0982e-05,4.04e-05,4.86623e-05,0.57142,0.971682,-8.17007e-05,3.3358e-05,0.000663614,0.00112541,5.84361e-05,27.5812,0.0319138,-0.00164023,0.000195323,-4.80752e-05,0.000195329,-4.27394e-05,0.000958683,0.0157309,0.000958681,0.000167487,4.15054e-06,0.00661559,0.0112747,0.0096903,0.0115775,0.110717,1.04548,228,10,0.993998,0.984564,0.984564,0.9927,2.3154e-08,0.000363786,0.000618607,-2.75764e-08,-8.23015e-05,0.986916,0.580379,4.89561e-05,0,0,0,0,0,0.000543849,0.000584354,0.000407929,0.000652618,-0.00157216,3.9822e-08,9.07842e-05,2.72687e-08,-0.000611059,1.89562e-06,0.0161732,2.21501e-06,0.000415737,0.00167843,1.06792e-08,2.08683e-06,4.07025e-06,5.04199e-08,5.11765e-08,0.000622817,0.000758594,3.23116e-08,8.73381,5.84361e-05,0.00112541,0.000663627,3.3358e-05,-8.18552e-05,4.46263e-07,-4.42324e-05,5.93089e-05,-3.76229e-05,1.53883e-06,0.98295,-0.00396591,0.983478,0.000533703,-0.000528342,0.000300706,0.568915,-0.0114639,0.56698,0.000703276,0.00193453,0.000586509,4.90088e-05,5.26983e-08,-4.53149e-05,7.01357e-05,9.43237e-05,7.26533e-06
ERF_Log_File_20240904_2038.csv,ig_zn_diff,12,emfpe,3,0,filled_square,3.6um_lp,ERF_OSA207_Spectra_20240904_2038.csv,1.40954e+09,3.81661,0.000187961,0.852359,0.00290366,34.1706,8.80431,0.000169673,0.00966252,2,0.489344,0.00210829,8.002,8.80822,6.35e-06,0.000289,8.31e-05,7.51e-06,0,6.93e-06,0.00121753,6.18e-05,2.89e-05,5.77e-06,2.54e-05,9.24e-06,6.10591e-05,4.04e-05,9.94606e-05,0.57622,0.979405,-7.06234e-05,4.72561e-05,0.000512237,0.000867923,6.74654e-05,30.8548,0.0273004,-0.0014036,0.000156475,-0.000207266,0.000156485,0.00540524,0.000904193,0.0160425,0.00090419,-7.8453e-05,3.88264e-06,0.0104766,0.0110235,0.0105678,0.014964,0.0936559,1.04547,228,10,0.993998,0.984459,0.984459,0.9927,4.73243e-08,0.000370974,0.000630547,-2.38375e-08,-7.11427e-05,0.994866,0.585316,0.000100061,-0,0,0,0,0,0.000486148,0.000531758,0.000366836,0.000583378,-0.00172319,1.21602e-08,0.000109904,9.53315e-09,0.00248114,6.45723e-07,0.0173877,1.42331e-06,0.000458273,0.00198688,5.53593e-09,1.68451e-06,3.80547e-06,5.84364e-08,4.29026e-08,0.000587319,0.000728314,6.40331e-08,8.82865,6.74654e-05,0.000867925,0.000512251,4.72561e-05,-7.03788e-05,7.63926e-07,-4.84691e-05,5.05388e-05,-2.19097e-05,8.84322e-07,0.98716,-0.00770661,0.984492,0.000520433,0.00266723,0.000269087,0.566909,-0.0184076,0.564821,0.000666387,0.00208771,0.000607895,9.94458e-05,-6.15339e-07,-1.57184e-05,6.27628e-05,0.000115164,9.33476e-06
ERF_Log_File_20240829_1211.csv,ig_zn_diff,12,emfpe,3,0,filled_square,none,ERF_OSA207_Spectra_20240829_1211.csv,1.40899e+09,5.12412,0.000180033,0.90269,0.00170628,34.1714,8.81191,0.000161138,0.0110564,2,0.479746,0.00185082,8,0,6.35e-06,0.000289,8.31e-05,7.51e-06,0,6.93e-06,0.0012186,6.18e-05,2.89e-05,5.77e-06,2.54e-05,9.24e-06,6.10686e-05,4.04e-05,9.10939e-05,0.573865,0.976682,-0.000110945,1.92854e-05,0.000334876,0.000564803,4.16291e-05,41.739,0.0240485,-0.00168277,0.000108073,-0.000170719,0.000108091,0.00350191,0.000923259,0.0163843,0.000923256,0.000121899,3.96421e-06,0.00582014,0.0169378,0.0132319,0.0125542,0.0823024,1.03366,228,10,0.993998,0.984446,0.984446,0.9927,4.33433e-08,0.00036997,0.000629666,-3.74474e-08,-0.000111761,0.992113,0.582932,9.16439e-05,-0,0,0,0,0,0.000359376,0.000418713,0.000277244,0.000431251,-0.00172261,1.21815e-08,0.000109228,9.54894e-09,0.00248202,6.46382e-07,0.0174042,1.42474e-06,0.000457961,0.00198862,4.96472e-09,1.57344e-06,3.57106e-06,5.60911e-08,6.73973e-08,0.000586183,0.000726609,5.86466e-08,8.83628,4.16291e-05,0.000564805,0.000334895,1.92855e-05,-0.000110561,1.20008e-06,-4.87111e-05,4.95154e-05,-6.18497e-05,8.35805e-07,0.984422,-0.00769152,0.984567,0.000520561,-0.000145651,0.000264886,0.56458,-0.0183521,0.564651,0.000652956,-7.12402e-05,0.000601184,9.10804e-05,-5.63576e-07,-1.30797e-05,6.10424e-05,0.00010416,9.44286e-06
ERF_Log_File_20240912_1438.csv,ig_zn_diff,12,emfpe,3,0,filled_square,3.6um_lp,ERF_OSA207_Spectra_20240912_1438.csv,1.41021e+09,3.84999,0.000260988,0.855572,0.000728987,34.1719,8.88251,0.00159012,0.00800258,2,0.483203,0.0246646,8.226,0,6.35e-06,0.000289,8.31e-05,7.51e-06,0,6.93e-06,0.0012286,6.18e-05,2.89e-05,5.77e-06,2.54e-05,9.24e-06,6.11577e-05,4.04e-05,-9.56664e-05,0.57312,0.978857,-0.000168168,4.35936e-05,0.00165101,0.00281916,7.37415e-05,31.4827,0.0906602,-0.00133881,0.000289413,0.000446214,0.000289414,0.00202707,0.00084252,0.0169054,0.000842518,1.35239e-05,3.61834e-06,0.00986479,0.0102058,0.0100903,0.0166856,0.308846,1.04526,228,10,0.993998,0.984325,0.984325,0.9927,-4.5519e-08,0.000374251,0.0006392,-5.67618e-08,-0.000169405,0.994445,0.582247,-9.62441e-05,0,0,0,0,0,0.000476452,0.000522859,0.000359819,0.000571743,-0.00171714,1.23883e-08,0.000102199,9.70356e-09,0.00249114,6.52872e-07,0.0175562,1.43905e-06,0.000454835,0.00200474,2.40604e-08,1.24552e-05,2.78904e-05,5.83729e-07,1.02159e-07,0.00059211,0.000737444,6.15904e-08,8.90707,7.37415e-05,0.00281919,0.00165124,4.35975e-05,-0.000167586,1.81906e-06,-5.03245e-05,4.00416e-05,-0.000117261,4.13758e-07,0.986677,-0.00776752,0.985195,0.000522461,0.00148262,0.000214187,0.563736,-0.0185106,0.563223,0.000535695,0.000513343,0.000479621,-9.56522e-05,5.91865e-07,1.23997e-05,4.51084e-05,-0.000108052,1.00382e-05
ERF_Log_File_20250515_1121.csv,ig_zn_diff,13,fmfpe,12,2,filled_square,3.6um_lp,ERF_OSA207_Spectra_20250515_1120.csv,1.43137e+09,3.61248,0.000245042,0.86908,0.00257343,32.5003,8.90995,0.000302036,0.00773509,2,0.493168,0.00349171,8.365,0,6.35e-06,0.000289,8.31e-05,7.51e-06,0,6.93e-06,0.00101941,6.18e-05,2.89e-05,5.77e-06,2.54e-05,9.24e-06,6.11923e-05,4.04e-05,-3.44603e-06,0.55962,0.976728,-0.00010593,1.44966e-05,0.00105807,0.0018463,2.40442e-05,27.1956,0.0514006,-0.00147404,0.000193978,4.54814e-05,0.000193979,0.00303985,0.000569052,0.0151027,0.000569051,-2.49172e-06,2.46569e-06,0.002834,0.00555887,0.00595652,0.00470039,0.176914,1.045,228,10,0.994694,0.986994,0.986994,0.99368,-1.35693e-09,0.000282219,0.000492569,-2.89712e-08,-0.000106604,0.989599,0.566994,-3.46441e-06,-0,0,0,0,0,0.00055156,0.000591939,0.000413096,0.000661872,-0.00170451,3.28313e-08,0.000276019,2.45168e-08,0.00272764,2.38801e-07,0.0163046,5.34172e-07,0.000495131,0.00190322,5.34243e-09,2.48233e-06,5.6205e-06,1.10467e-07,0,0,0,0,8.89484,2.40442e-05,0.0018463,0.00105808,1.4497e-05,-0.000106604,0,-5.01238e-05,4.16728e-05,-5.64799e-05,4.83011e-07,0.989599,0,0.985097,0.000522348,0.00450213,0.000224428,0.566994,0,0.563444,0.000555019,0.0035503,0.000508151,-3.46441e-06,0,7.9179e-06,4.78527e-05,-1.13823e-05,9.98736e-06
ERF_Log_File_20240904_2114.csv,ig_zn_diff,12,emfpe,3,0,filled_square,3.6um_lp,ERF_OSA207_Spectra_20240904_2114.csv,1.40954e+09,3.68216,0.000160847,0.849889,0.00296866,34.1709,9.01146,0.000235461,0.00979531,2,0.521024,0.0026671,8.226,9.03375,6.35e-06,0.000289,8.31e-05,7.51e-06,0,6.93e-06,0.00124702,6.18e-05,2.89e-05,5.77e-06,2.54e-05,9.24e-06,6.08093e-05,4.04e-05,8.57113e-05,0.572513,0.979357,-0.00016663,3.31605e-05,0.000237425,0.000394209,6.43919e-05,29.4742,0.0117584,-0.00175891,7.68671e-05,0.000219843,7.69038e-05,-0.000456656,0.00102416,0.0185094,0.00102415,-4.83509e-05,4.39436e-06,0.00705811,0.0144272,0.0103485,0.0137096,0.0398848,1.03518,228,10,0.993998,0.984104,0.984104,0.9927,4.07822e-08,0.000382585,0.00065446,-5.62426e-08,-0.000167855,0.995176,0.581761,8.62288e-05,-0,0,0,0,0,0.00050892,0.00055265,0.000382961,0.000610704,-0.00170413,1.28122e-08,8.93087e-05,1.00383e-08,0.00251178,6.66628e-07,0.0178259,1.46939e-06,0.000448359,0.00203377,1.92859e-09,6.27528e-07,6.6322e-08,7.87005e-08,1.01225e-07,0.000600824,0.000758048,5.51812e-08,9.03638,6.43919e-05,0.00039421,0.000237425,3.31606e-05,-0.000166053,1.80242e-06,-5.07011e-05,2.78827e-05,-0.000115352,2.27224e-07,0.987298,-0.00787846,0.985888,0.000526129,0.00140938,7.39344e-05,0.562941,-0.0188201,0.561977,0.000523939,0.000963754,7.81396e-06,8.56986e-05,-5.30275e-07,5.86622e-05,3.59812e-05,2.70363e-05,9.27238e-06
ERF_Log_File_20240905_1033.csv,ig_zn_diff,12,emfpe,3,0,filled_square,7.3um_lp,ERF_OSA207_Spectra_20240905_1033.csv,1.40959e+09,4.20353,0.000382832,0.848136,0.00209826,34.173,9.02148,0.000198133,0.0101262,2,0.507012,0.00272478,8.226,9.03446,6.35e-06,0.000289,8.31e-05,7.51e-06,0,6.93e-06,0.00124826,6.18e-05,2.89e-05,5.77e-06,2.54e-05,9.24e-06,6.03747e-05,4.04e-05,3.80236e-05,0.570082,0.976345,-7.81634e-05,1.74593e-05,0.000504833,0.000862052,5.23918e-05,33.9929,0.0299713,-0.00150999,0.000154596,0.000156876,0.000154604,0.0028673,0.000862086,0.0184701,0.000862084,0.000110122,3.70292e-06,0.00426791,0.0116869,0.0109283,0.0127987,0.101316,1.04491,228,10,0.993998,0.984087,0.984087,0.9927,1.8092e-08,0.000381639,0.000653609,-2.63825e-08,-7.87382e-05,0.992133,0.5793,3.82532e-05,0,0,0,0,0,0.000441269,0.00049077,0.000334705,0.000529522,-0.00170276,1.2846e-08,8.81996e-05,1.00665e-08,0.0025136,6.67794e-07,0.0178464,1.47196e-06,0.000447739,0.002036,1.927e-09,4.5006e-07,2.34946e-07,6.50223e-08,4.7483e-08,0.000599626,0.000756478,2.44797e-08,9.04643,5.23918e-05,0.000862052,0.000504833,1.74594e-05,-7.78927e-05,8.45485e-07,-5.06103e-05,2.70952e-05,-2.72824e-05,2.70109e-07,0.98427,-0.00786248,0.985913,0.000525067,-0.00164274,6.30854e-05,0.560535,-0.0187655,0.561982,0.000527372,-0.00144717,3.29326e-05,3.8018e-05,-2.35243e-07,6.1988e-05,3.58535e-05,-2.397e-05,9.11425e-06
ERF_Log_File_20240829_1245.csv,ig_zn_diff,12,emfpe,3,0,filled_square,none,ERF_OSA207_Spectra_20240829_1245.csv,1.40899e+09,5.06548,0.000162884,0.899174,0.00153373,34.1722,9.04336,0.000254819,0.011685,2,0.512667,0.0033363,8.25,0,6.35e-06,0.000289,8.31e-05,7.51e-06,0,6.93e-06,0.00125095,6.18e-05,2.89e-05,5.77e-06,2.54e-05,9.24e-06,5.94265e-05,4.04e-05,2.62176e-05,0.570496,0.977397,-0.000115937,2.5598e-05,0.000452467,0.000772484,4.66149e-05,40.7384,0.0321566,-0.00150746,0.000137546,-0.000134021,0.000137553,0.00312847,0.000748846,0.0173449,0.000748844,0.000102476,3.21637e-06,0.0075038,0.0131226,0.0110682,0.0136563,0.111113,1.04357,228,10,0.993998,0.984049,0.984049,0.9927,1.24746e-08,0.000383397,0.000656851,-3.91323e-08,-0.00011679,0.99324,0.579743,2.63759e-05,0,0,0,0,0,0.000368203,0.000426392,0.000283251,0.000441844,-0.00170021,1.29255e-08,8.59629e-05,1.01306e-08,0.00251767,6.70379e-07,0.0178909,1.47767e-06,0.000446542,0.00204086,3.2995e-09,3.72321e-07,1.09253e-06,7.98336e-08,7.04299e-08,0.000601692,0.000760627,1.6879e-08,9.06837,4.66149e-05,0.000772484,0.000452468,2.55981e-05,-0.000115535,1.25408e-06,-5.03611e-05,2.53843e-05,-6.51744e-05,3.60482e-07,0.985351,-0.00788899,0.985954,0.000522307,-0.000602667,4.06774e-05,0.560909,-0.0188343,0.562042,0.000534684,-0.00113327,0.000119363,2.62137e-05,-1.62202e-07,6.903e-05,3.55743e-05,-4.28163e-05,8.72211e-06
ERF_Log_File_20250213_1301.csv,ig_zn_diff,12,emfpe,8,1,filled_square,7.3um_lp,ERF_OSA207_Spectra_20250213_1301.csv,1.42351e+09,3.37164,0.000288027,0.865019,0.00385716,34.1716,9.10583,0.00196687,0.00722783,2,0.501848,0.020213,8.5,0,6.35e-06,0.000289,8.31e-05,7.51e-06,0,6.93e-06,0.00125919,6.18e-05,2.89e-05,5.77e-06,2.54e-05,9.24e-06,5.67188e-05,4.04e-05,0.000103843,0.561919,0.969498,9.88869e-05,3.58605e-05,0.000945276,0.00162789,6.87784e-05,25.4802,0.0427676,-0.0020179,0.000243998,0.000353821,0.000243997,0.000390674,0.000908487,0.0169915,0.000908485,0.000139725,3.91878e-06,0.00659323,0.0120148,0.00782782,0.012635,0.144762,1.03798,228,10,0.993998,0.983942,0.983942,0.9927,4.94092e-08,0.00038181,0.00065875,3.33773e-08,9.96141e-05,0.98532,0.57109,0.00010447,0,0,0,0,0,0.000588692,0.00062614,0.000439859,0.000706431,-0.00169752,4.8262e-08,9.1224e-05,4.23161e-08,0.000656625,7.61773e-07,0.0153734,8.13705e-07,0.000447186,0.00160301,3.29707e-08,1.05186e-06,1.57395e-05,5.72831e-07,6.19418e-08,0.000646889,0.000809251,6.89514e-08,9.09609,6.87784e-05,0.00162789,0.000945418,3.58651e-05,9.90739e-05,-5.40137e-07,-4.99487e-05,2.38182e-05,0.000149023,4.68108e-07,0.981243,-0.0040777,0.985981,0.000517968,-0.00473872,1.4934e-05,0.559552,-0.0115375,0.562213,0.000537241,-0.00266115,0.000223464,0.000104582,1.12456e-07,7.74211e-05,3.51665e-05,2.71614e-05,8.13288e-06
ERF_Log_File_20240912_2025.csv,ig_zn_diff,12,emfpe,3,0,filled_square,3.6um_lp,ERF_OSA207_Spectra_20240912_2025.csv,1.41023e+09,3.55776,0.000288799,0.856773,0.00113299,34.1716,9.12021,0.000296459,0.0079276,2,0.531889,0.00352165,8.462,0,6.35e-06,0.000289,8.31e-05,7.51e-06,0,6.93e-06,0.00126127,6.18e-05,2.89e-05,5.77e-06,2.54e-05,9.24e-06,5.60959e-05,4.04e-05,0.000164678,0.571732,0.976689,-2.63714e-05,3.38105e-05,0.000730316,0.00124496,7.27163e-05,28.7955,0.0366767,-0.00119631,0.000208137,-3.15296e-07,0.000208144,0.00233059,0.000940692,0.0180942,0.00094069,2.27347e-05,4.04115e-06,0.0069967,0.011507,0.0100284,0.0150461,0.124379,1.04569,228,10,0.993998,0.983917,0.983917,0.9927,7.83555e-08,0.000389456,0.000665307,-8.90115e-09,-2.65653e-05,0.992654,0.581077,0.000165672,0,0,0,0,0,0.000520915,0.000563491,0.000391512,0.000625098,-0.00168999,1.32181e-08,7.81294e-05,1.03589e-08,0.0025331,6.79954e-07,0.0180445,1.49874e-06,0.000442029,0.00205776,6.775e-09,2.51668e-07,4.16776e-06,7.2094e-08,1.60202e-08,0.000606228,0.00077491,1.0602e-07,9.14543,7.27163e-05,0.00124496,0.000730328,3.38106e-05,-2.62801e-05,2.85257e-07,-4.89682e-05,2.30917e-05,2.26881e-05,6.41634e-07,0.984707,-0.00794638,0.985972,0.000510383,-0.00126476,2.38345e-05,0.562009,-0.0190682,0.56276,0.000519284,-0.000750611,0.000394712,0.000164654,-1.01882e-06,9.0657e-05,3.42431e-05,7.39965e-05,6.82774e-06
ERF_Log_File_20240905_1109.csv,ig_zn_diff,12,emfpe,3,0,filled_square,7.3um_lp,ERF_OSA207_Spectra_20240905_1109.csv,1.40959e+09,4.14987,0.000325876,0.857687,0.00104629,34.1723,9.25446,0.000196839,0.0090928,2,0.558809,0.00246178,8.462,9.26801,6.35e-06,0.000289,8.31e-05,7.51e-06,0,6.93e-06,0.00127967,6.18e-05,2.89e-05,5.77e-06,2.54e-05,9.24e-06,5.02772e-05,4.04e-05,-2.6285e-05,0.575132,0.976524,-3.31052e-05,3.40921e-05,0.000486605,0.000823598,5.19807e-05,33.1929,0.0279548,-0.00126953,0.000147998,6.32323e-05,0.000148007,0.00162871,0.000832716,0.0193125,0.000832714,9.73925e-05,3.57619e-06,0.008135,0.0111716,0.0103686,0.0123963,0.0952016,1.04552,228,10,0.993998,0.983687,0.983687,0.9927,-1.25066e-08,0.000401009,0.000680878,-1.1174e-08,-3.33486e-05,0.992718,0.58467,-2.64437e-05,0,0,0,0,0,0.000451904,0.000500371,0.000342441,0.000542285,-0.00166889,1.37764e-08,6.45703e-05,1.07994e-08,0.00256415,6.98232e-07,0.0183021,1.53904e-06,0.000433366,0.00208663,6.91078e-09,5.85054e-07,5.33776e-06,1.33703e-08,2.01109e-08,0.000614772,0.000801587,1.69224e-08,9.28005,5.19807e-05,0.000823598,0.000486635,3.40921e-05,-3.29905e-05,3.58095e-07,-4.4996e-05,2.51139e-05,1.20055e-05,1.00024e-06,0.984664,-0.00805463,0.985688,0.000533001,-0.00102478,8.46785e-05,0.565153,-0.0195172,0.565588,0.000501645,-0.000435279,0.000772568,-2.62811e-05,1.62619e-07,0.000111941,3.22515e-05,-0.000138222,1.93517e-06
ERF_Log_File_20240829_1319.csv,ig_zn_diff,12,emfpe,3,0,filled_square,none,ERF_OSA207_Spectra_20240829_1319.csv,1.409e+09,4.97324,0.000170233,0.899651,0.00216892,34.1713,9.30146,0.000266364,0.0102684,2,0.565963,0.00305622,8.5,0,6.35e-06,0.000289,8.31e-05,7.51e-06,0,6.93e-06,0.00128628,6.18e-05,2.89e-05,5.77e-06,2.54e-05,9.24e-06,4.82401e-05,4.04e-05,4.76523e-05,0.577948,0.979083,-0.000101575,2.81697e-05,0.000373519,0.000630529,5.32271e-05,39.4875,0.025361,-0.00138839,0.00011792,-2.10799e-06,0.000117933,0.00324101,0.000837478,0.0185707,0.000837475,0.000128801,3.59624e-06,0.00799626,0.0118394,0.0130739,0.0150974,0.0859312,1.04578,228,10,0.993998,0.983606,0.983606,0.9927,2.26734e-08,0.000406235,0.00068819,-3.42847e-08,-0.000102322,0.995402,0.587581,4.794e-05,-0,0,0,0,0,0.000379867,0.000436687,0.000291747,0.00045584,-0.00166086,1.39988e-08,5.98221e-05,1.09687e-08,0.00257622,7.0506e-07,0.0183889,1.55408e-06,0.000430171,0.00209651,1.01125e-08,8.45112e-07,8.13711e-06,3.06794e-09,6.17052e-08,0.000619407,0.000813234,3.06787e-08,9.32718,5.32271e-05,0.00063053,0.000373608,2.81697e-05,-0.000101223,1.09873e-06,-4.32711e-05,2.84949e-05,-5.79521e-05,1.08711e-06,0.987288,-0.00811402,0.985542,0.000554936,0.00174516,9.08505e-05,0.567851,-0.0197297,0.566949,0.000506712,0.00090201,0.000874749,4.76452e-05,-2.94813e-07,0.000113785,3.19243e-05,-6.61394e-05,3.29807e-07
ERF_Log_File_20250513_1027.csv,ig_zn_diff,13,fmfpe,12,2,filled_square,7.3um_lp,ERF_OSA207_Spectra_20250513_1027.csv,1.43119e+09,3.43107,0.000245774,0.913849,0.0232523,32.5006,9.31805,0.000470155,0.00636877,2,0.549903,0.00550417,8.679,0,6.35e-06,0.000289,8.31e-05,7.51e-06,0,6.93e-06,0.001066,6.18e-05,2.89e-05,5.77e-06,2.54e-05,9.24e-06,4.7521e-05,4.04e-05,8.80814e-05,0.556817,0.968581,-6.72132e-05,2.50907e-05,0.000899643,0.00156744,3.68858e-05,25.8085,0.0415602,-0.00184118,0.000296562,0.000342007,0.000296591,0.0028103,0.00215261,0.0172686,0.00215261,0.000833135,9.32771e-06,0.0046647,0.0135898,0.0286551,0.00682364,0.140843,1.04587,228,10,0.994694,0.986418,0.986418,0.99368,3.46834e-08,0.000301966,0.000525269,-1.83823e-08,-6.76407e-05,0.981917,0.564484,8.85513e-05,-0,0,0,0,0,0.000581204,0.000619035,0.000434323,0.000697445,-0.00171556,3.52768e-08,0.000274588,2.63455e-08,0.00237152,2.51594e-07,0.0167105,5.62785e-07,0.000497536,0.0019082,1.71814e-08,1.45778e-06,1.35429e-05,1.90332e-08,0,0,0,0,9.30225,3.68858e-05,0.00156744,0.000899746,2.50907e-05,-6.76407e-05,0,-4.42003e-05,2.67027e-05,-2.34404e-05,1.04362e-06,0.981917,0,0.985621,0.000542936,-0.0037034,8.85476e-05,0.564484,0,0.566209,0.000503557,-0.0017251,0.000822617,8.85513e-05,0,0.000113141,3.20988e-05,-2.459e-05,1.15611e-06
ERF_Log_File_20250513_1230.csv,ig_zn_diff,13,fmfpe,12,2,filled_square,7.3um_lp,ERF_OSA207_Spectra_20250513_1230.csv,1.4312e+09,3.48731,0.000208953,0.867875,0.00280283,32.4996,9.32768,0.000433169,0.00609777,2,0.553251,0.00556349,8.679,0,6.35e-06,0.000289,8.31e-05,7.51e-06,0,6.93e-06,0.00106718,6.18e-05,2.89e-05,5.77e-06,2.54e-05,9.24e-06,4.71036e-05,4.04e-05,4.22719e-05,0.556322,0.967499,-9.4341e-05,2.33524e-05,0.000932957,0.00162207,3.35152e-05,25.8192,0.043282,-0.00173648,0.000168018,0.000300495,0.000168018,0.00359897,0.000488645,0.0173408,0.000488644,0.000118036,2.11676e-06,0.0043346,0.00487813,0.00471109,0.00621657,0.14644,1.04555,228,10,0.994694,0.986404,0.986404,0.99368,1.66452e-08,0.000302202,0.000525558,-2.58016e-08,-9.4941e-05,0.980834,0.56399,4.24974e-05,-0,0,0,0,0,0.000580963,0.000618727,0.000434135,0.000697156,-0.00171519,3.53194e-08,0.000274446,2.63758e-08,0.00236256,2.51779e-07,0.0167199,5.63198e-07,0.000497408,0.00190825,1.60773e-08,1.35901e-06,1.27769e-05,1.25983e-08,0,0,0,0,9.31187,3.35152e-05,0.00162207,0.000933045,2.33524e-05,-9.4941e-05,0,-4.38461e-05,2.7393e-05,-5.10949e-05,1.06104e-06,0.980834,0,0.985591,0.000547493,-0.00475637,8.9689e-05,0.56399,0,0.566489,0.000504674,-0.00249923,0.000843226,4.24974e-05,0,0.000113475,3.20319e-05,-7.09771e-05,8.31435e-07
ERF_Log_File_20240912_1512.csv,ig_zn_diff,12,emfpe,3,0,filled_square,3.6um_lp,ERF_OSA207_Spectra_20240912_1511.csv,1.41021e+09,3.56324,0.000269674,0.858823,0.00063033,34.1718,9.39199,0.000289376,0.00670716,2,0.581501,0.00367536,8.711,0,6.35e-06,0.000289,8.31e-05,7.51e-06,0,6.93e-06,0.00129845,6.18e-05,2.89e-05,5.77e-06,2.54e-05,9.24e-06,4.43163e-05,4.04e-05,6.92309e-05,0.58228,0.978567,-6.40076e-05,4.26857e-05,0.000614987,0.00103122,7.36072e-05,28.5992,0.0301085,-0.000931264,0.000177253,0.00017493,0.000177262,0.00589995,0.000863709,0.0194597,0.000863707,2.68528e-05,3.70983e-06,0.00878228,0.0103085,0.00904933,0.0151417,0.106338,1.04357,228,10,0.993998,0.983451,0.983451,0.9927,3.29407e-08,0.000415632,0.000698501,-2.16045e-08,-6.44783e-05,0.995034,0.592078,6.96489e-05,0,0,0,0,0,0.00052449,0.000566955,0.000394418,0.000629388,-0.00164409,1.44284e-08,5.08405e-05,1.13044e-08,0.00260116,7.18769e-07,0.0185509,1.5843e-06,0.000423732,0.00211521,1.20054e-08,8.13296e-07,1.02969e-05,2.25469e-08,3.88836e-08,0.000624885,0.000834249,4.45711e-08,9.41796,7.36072e-05,0.00103122,0.000615073,4.26857e-05,-6.37859e-05,6.92363e-07,-3.96452e-05,3.06133e-05,-2.41407e-05,1.19952e-06,0.986851,-0.00818317,0.985263,0.000602149,0.00158722,8.12608e-05,0.571975,-0.0201029,0.569966,0.000531651,0.00200903,0.00102882,6.92206e-05,-4.28315e-07,0.000110582,3.00534e-05,-4.13617e-05,2.25278e-06
ERF_Log_File_20240905_1145.csv,ig_zn_diff,12,emfpe,3,0,filled_square,7.3um_lp,ERF_OSA207_Spectra_20240905_1145.csv,1.40959e+09,4.10143,0.000336025,0.860707,0.000797775,34.1723,9.5429,0.000223837,0.0086766,2,0.592163,0.00288199,8.711,9.5412,6.35e-06,0.000289,8.31e-05,7.51e-06,0,6.93e-06,0.00131962,6.18e-05,2.89e-05,5.77e-06,2.54e-05,9.24e-06,3.77757e-05,4.04e-05,8.36154e-05,0.586651,0.976507,6.13062e-05,3.72557e-05,0.000329825,0.000543768,6.40783e-05,32.8519,0.0182388,-0.00154681,0.000103346,-4.86941e-05,0.000103361,0.00177232,0.000819263,0.021006,0.000819261,1.86573e-05,3.51915e-06,0.00879916,0.0124323,0.00974702,0.0151325,0.0618206,1.04488,228,10,0.993998,0.983193,0.983193,0.9927,3.9785e-08,0.000429476,0.000714881,2.06927e-08,6.1757e-05,0.9932,0.596679,8.41203e-05,0,0,0,0,0,0.000456595,0.00050461,0.000346206,0.000547914,-0.00161312,1.51973e-08,3.62757e-05,1.1909e-08,0.00264749,7.43089e-07,0.0188054,1.63789e-06,0.000412348,0.00214529,9.37898e-09,1.40691e-07,9.07876e-06,3.89366e-08,3.72425e-08,0.000633177,0.000865371,5.38319e-08,9.56929,6.40783e-05,0.000543768,0.000329948,3.72557e-05,6.10939e-05,-6.63143e-07,-3.32523e-05,2.45884e-05,9.43462e-05,1.23095e-06,0.984912,-0.00828728,0.984997,0.000638005,-8.46325e-05,1.84651e-05,0.576052,-0.0206277,0.575745,0.000570817,0.000306406,0.00119155,8.3603e-05,-5.17308e-07,9.07131e-05,2.33512e-05,-7.11016e-06,5.11028e-06
ERF_Log_File_20240829_1353.csv,ig_zn_diff,12,emfpe,3,0,filled_square,none,ERF_OSA207_Spectra_20240829_1352.csv,1.409e+09,4.87989,0.000157575,0.899956,0.00288569,34.1713,9.58812,0.000279643,0.0100997,2,0.595604,0.00333102,8.75,0,6.35e-06,0.000289,8.31e-05,7.51e-06,0,6.93e-06,0.00132655,6.18e-05,2.89e-05,5.77e-06,2.54e-05,9.24e-06,3.58157e-05,4.04e-05,4.57883e-05,0.589432,0.978884,-0.000109743,3.99948e-05,0.00057552,0.000954596,3.39284e-05,38.9635,0.0379371,-0.00130014,0.000169755,0.000189664,0.000169765,0.000152049,0.000926099,0.0193687,0.000926097,0.000189317,3.97772e-06,0.0112062,0.0121702,0.0147677,0.00949563,0.128525,1.04542,228,10,0.993998,0.983115,0.983115,0.9927,2.17865e-08,0.000434752,0.000722003,-3.70414e-08,-0.00011055,0.995696,0.599555,4.60648e-05,-0,0,0,0,0,0.000384976,0.000441117,0.000295836,0.000461971,-0.00160329,1.54394e-08,3.21606e-05,1.20964e-08,0.00266248,7.50707e-07,0.0188777,1.6547e-06,0.000408862,0.00215402,1.14024e-08,5.02693e-08,1.18453e-05,5.32873e-08,6.66671e-08,0.000637593,0.000876909,2.94787e-08,9.61463,3.39284e-05,0.000954596,0.00057564,3.99948e-05,-0.000109363,1.18708e-06,-3.13757e-05,2.46298e-05,-7.79873e-05,1.20354e-06,0.987353,-0.00834372,0.984979,0.000640028,0.00237314,5.30603e-06,0.578719,-0.020837,0.577624,0.000585783,0.00109449,0.00125029,4.57815e-05,-2.83281e-07,8.24268e-05,2.09242e-05,-3.66453e-05,5.62459e-06
ERF_Log_File_20250213_2001.csv,ig_zn_diff,12,emfpe,8,1,filled_square,7.3um_lp,ERF_OSA207_Spectra_20250213_2000.csv,1.42354e+09,3.2141,0.000354284,0.862839,0.00161793,34.1718,9.59371,0.000413194,0.00781546,2,0.598305,0.00509085,9,0,6.35e-06,0.000289,8.31e-05,7.51e-06,0,6.93e-06,0.00132733,6.18e-05,2.89e-05,5.77e-06,2.54e-05,9.24e-06,3.55732e-05,4.04e-05,4.23617e-05,0.582702,0.972232,7.55914e-05,2.98487e-05,0.00104164,0.00173531,6.34434e-05,23.9272,0.0426788,-0.00131935,0.000282891,0.000420597,0.000282898,0.00151032,0.00120185,0.0160256,0.00120185,-6.05347e-05,5.18872e-06,0.00513155,0.0118732,0.0107385,0.0109111,0.144603,1.04561,228,10,0.993998,0.983106,0.983106,0.9927,2.01561e-08,0.000430186,0.00071776,2.55144e-08,7.61473e-05,0.988939,0.592715,4.26175e-05,0,0,0,0,0,0.000626902,0.000662386,0.000467963,0.000752282,-0.00165893,5.21339e-08,7.07072e-05,4.57119e-08,0.000600919,8.16899e-07,0.0155043,8.72591e-07,0.00043241,0.00161052,1.71924e-08,1.93681e-07,1.69772e-05,7.42568e-08,4.73497e-08,0.00068248,0.000925955,2.8128e-08,9.58345,6.34434e-05,0.00173531,0.00104178,2.98488e-05,7.57344e-05,-4.12893e-07,-3.26609e-05,2.46019e-05,0.000108395,1.22417e-06,0.984692,-0.00424756,0.984989,0.000638462,-0.000297768,1.37909e-05,0.580398,-0.0123172,0.576323,0.000575183,0.00407472,0.00120885,4.26634e-05,4.58751e-08,8.82071e-05,2.25877e-05,-4.55437e-05,5.2874e-06
ERF_Log_File_20250213_1335.csv,ig_zn_diff,12,emfpe,8,1,filled_square,7.3um_lp,ERF_OSA207_Spectra_20250213_1335.csv,1.42352e+09,3.06765,0.000348111,0.856417,0.00336251,34.1714,9.68043,0.000430927,0.00766164,2,0.598477,0.00458169,9,0,6.35e-06,0.000289,8.31e-05,7.51e-06,0,6.93e-06,0.00133881,6.18e-05,2.89e-05,5.77e-06,2.54e-05,9.24e-06,3.18147e-05,4.04e-05,3.98681e-05,0.582714,0.97384,0.00019207,4.54582e-05,0.00113612,0.00189606,7.99018e-05,22.804,0.0443875,-0.001312,0.000259215,-0.000285972,0.000259218,0.000624682,0.000882625,0.0148628,0.000882623,-0.000155784,3.80781e-06,0.00744793,0.0107884,0.00708506,0.0131033,0.150984,1.04512,228,10,0.993998,0.982957,0.982957,0.9927,1.89696e-08,0.000436361,0.000729252,6.48294e-08,0.000193482,0.990725,0.592817,4.01088e-05,-0,0,0,0,0,0.000657779,0.000691791,0.000490227,0.000789335,-0.0016507,5.258e-08,6.68737e-05,4.61031e-08,0.000594761,8.31352e-07,0.0155243,8.88029e-07,0.000429393,0.00161191,1.66582e-08,5.31431e-08,1.93825e-05,8.77503e-08,1.20311e-07,0.000689551,0.000941173,2.64723e-08,9.67008,7.99018e-05,0.00189606,0.00113628,4.54583e-05,0.000192433,-1.04912e-06,-2.91697e-05,2.4673e-05,0.000221603,1.14761e-06,0.986443,-0.00428227,0.984979,0.000648655,0.00146348,3.6611e-06,0.580439,-0.0123785,0.580043,0.000610914,0.000396154,0.00133529,4.0152e-05,4.31747e-08,7.14626e-05,1.80445e-05,-3.13106e-05,6.04524e-06
ERF_Log_File_20240912_1952.csv,ig_zn_diff,12,emfpe,3,0,filled_square,3.6um_lp,ERF_OSA207_Spectra_20240912_1951.csv,1.41023e+09,3.43128,0.000333866,0.858946,0.00128408,34.1717,9.70553,0.00303256,0.00711945,2,0.577688,0.0329444,8.974,0,6.35e-06,0.000289,8.31e-05,7.51e-06,0,6.93e-06,0.00134215,6.18e-05,2.89e-05,5.77e-06,2.54e-05,9.24e-06,3.0727e-05,4.04e-05,0.000120474,0.595609,0.97746,0.000107297,4.32169e-05,0.00108854,0.00178515,7.23297e-05,27.9881,0.0510849,-0.00113256,0.000277672,-0.000268569,0.000277678,0.00298271,0.00109966,0.0182572,0.00109966,3.73289e-05,4.72378e-06,0.00869228,0.0111506,0.0122512,0.0145446,0.173478,1.04584,228,10,0.993998,0.982914,0.982914,0.9927,5.73224e-08,0.000447846,0.000734964,3.62158e-08,0.000108086,0.994451,0.605962,0.000121201,0,0,0,0,0,0.000535942,0.000577474,0.000403051,0.00064313,-0.00157649,1.6094e-08,2.15613e-05,1.26114e-08,0.00270367,7.71214e-07,0.0190571,1.69991e-06,0.000399513,0.00217608,1.07154e-07,4.58218e-07,0.000146948,6.34179e-07,6.51812e-08,0.000644093,0.000905497,7.75616e-08,9.73237,7.23298e-05,0.00178515,0.00109824,4.32216e-05,0.000106925,-1.16062e-06,-2.68599e-05,2.50372e-05,0.000133785,1.05574e-06,0.986026,-0.00842518,0.984989,0.000674596,0.00103655,4.51461e-06,0.584617,-0.0213454,0.58295,0.000621243,0.0016672,0.00144781,0.000120456,-7.45343e-07,5.85561e-05,1.93205e-05,6.19e-05,6.24827e-06
ERF_Log_File_20250113_1034.csv,ig_zn_diff,12,emfpe,6,1,filled_square,7.3um_lp,ERF_OSA207_Spectra_20250113_1034.csv,1.42083e+09,2.96026,0.00037316,0.860234,0.00127508,34.1722,9.80624,0.000490316,0.00586197,2,0.605201,0.00584112,9,0,6.35e-06,0.000289,8.31e-05,7.51e-06,0,6.93e-06,0.00135689,6.18e-05,2.89e-05,5.77e-06,2.54e-05,9.24e-06,2.63621e-05,4.04e-05,-4.22119e-05,0.585802,0.971698,0.000187728,4.62853e-05,0.00065496,0.00108146,7.72627e-05,22.5385,0.0250448,-0.00168465,0.000197901,0.000220936,0.000197913,0.0010137,0.00118042,0.0170837,0.00118042,0.000104186,5.11024e-06,0.00749853,0.0117455,0.00977678,0.0125093,0.0852668,1.0458,228,10,0.993998,0.982742,0.982742,0.9927,-2.00848e-08,0.000447706,0.000742632,6.33639e-08,0.000189108,0.988762,0.596089,-4.24668e-05,0,0,0,0,0,0.000665528,0.000699018,0.000495901,0.000798633,-0.00156274,3.52252e-08,-0.000177214,2.41224e-08,-0.000919712,1.70242e-06,0.015444,1.98927e-06,0.000434987,0.00163637,1.51844e-08,7.25112e-08,2.57682e-05,1.00556e-07,1.17591e-07,0.000696597,0.000968193,2.80286e-08,9.79575,7.72627e-05,0.00108146,0.00065546,4.62854e-05,0.000188083,-1.0254e-06,-2.47535e-05,2.55299e-05,0.000212837,9.31318e-07,0.984449,-0.00431266,0.984991,0.000716962,-0.0005419,4.44739e-06,0.583557,-0.0125321,0.586148,0.000633371,-0.00259116,0.00158046,-4.25125e-05,-4.57129e-08,4.53775e-05,2.24523e-05,-8.789e-05,6.16747e-06
ERF_Log_File_20240905_1221.csv,ig_zn_diff,12,emfpe,3,0,filled_square,7.3um_lp,ERF_OSA207_Spectra_20240905_1221.csv,1.4096e+09,4.00918,0.000361734,0.861823,0.00174884,34.1718,9.84591,0.000436106,0.00910539,2,0.602698,0.00435487,8.974,9.82503,6.35e-06,0.000289,8.31e-05,7.51e-06,0,6.93e-06,0.00136219,6.18e-05,2.89e-05,5.77e-06,2.54e-05,9.24e-06,2.46427e-05,4.04e-05,-3.2439e-06,0.600314,0.974291,-6.9342e-05,2.09494e-05,0.000485258,0.000783732,5.10177e-05,32.8087,0.0263077,-0.00133903,0.000148823,0.000152167,0.000148844,0.00303575,0.00114964,0.0200709,0.00114963,-3.19918e-05,4.93823e-06,0.00494257,0.0148433,0.0142825,0.0120389,0.0882888,1.04407,228,10,0.993998,0.982674,0.982674,0.9927,-1.54348e-09,0.000461727,0.000749369,-2.3405e-08,-6.98519e-05,0.991469,0.610898,-3.26349e-06,0,0,0,0,0,0.000457196,0.000504947,0.000347159,0.000548635,-0.00154288,1.68939e-08,9.83953e-06,1.32359e-08,0.00275696,7.97095e-07,0.0192553,1.75696e-06,0.000388181,0.00220123,1.06196e-08,4.10367e-07,2.54187e-05,8.1794e-08,4.21242e-08,0.00065081,0.000935817,2.08843e-09,9.87313,5.10177e-05,0.000783732,0.000485915,2.09496e-05,-6.91019e-05,7.50065e-07,-2.26037e-05,2.60298e-05,-4.64982e-05,7.3809e-07,0.982961,-0.00850867,0.984952,0.000771598,-0.00199171,2.85216e-05,0.589039,-0.0218592,0.590432,0.00065924,-0.00139233,0.00176667,-3.24342e-06,2.00692e-08,3.00954e-05,2.45538e-05,-3.33388e-05,5.6849e-06
ERF_Log_File_20250513_1101.csv,ig_zn_diff,13,fmfpe,12,2,filled_square,7.3um_lp,ERF_OSA207_Spectra_20250513_1100.csv,1.43119e+09,3.21268,0.000254759,0.848338,0.00751764,32.5002,9.8698,0.000601885,0.00684717,2,0.602752,0.0064331,9.178,0,6.35e-06,0.000289,8.31e-05,7.51e-06,0,6.93e-06,0.0011292,6.18e-05,2.89e-05,5.77e-06,2.54e-05,9.24e-06,2.36071e-05,4.04e-05,5.15477e-05,0.581822,0.970726,2.96618e-05,2.07754e-05,0.0025448,0.00424581,3.31646e-05,24.029,0.105093,-0.00162365,0.000278296,0.000179127,0.000278296,0.00284652,0.000735514,0.0183265,0.000735513,-0.000281129,3.18643e-06,0.00358485,0.00487542,0.00826911,0.00573253,0.36179,1.04532,228,10,0.994694,0.985639,0.985639,0.99368,2.02977e-08,0.000346099,0.00057744,8.1123e-09,2.98505e-05,0.98487,0.590299,5.18227e-05,-0,0,0,0,0,0.000624246,0.000659765,0.000466025,0.000749095,-0.00164688,3.66402e-08,0.000255651,2.73628e-08,0.00183974,2.58122e-07,0.0172594,5.77388e-07,0.000475634,0.00190992,1.57685e-08,4.16277e-07,3.41419e-05,1.16396e-07,0,0,0,0,9.85307,3.31646e-05,0.00424581,0.00254503,2.07757e-05,2.98505e-05,0,-2.31118e-05,2.59405e-05,5.29623e-05,7.92476e-07,0.98487,0,0.984968,0.000760125,-9.87537e-05,2.09208e-05,0.590299,0,0.589278,0.000651782,0.00102118,0.00171587,5.18227e-05,0,3.3922e-05,2.47659e-05,1.79007e-05,5.84973e-06
ERF_Log_File_20240912_1545.csv,ig_zn_diff,12,emfpe,3,0,filled_square,3.6um_lp,ERF_OSA207_Spectra_20240912_1545.csv,1.41021e+09,3.55506,0.00032053,0.862659,0.000866036,34.1711,9.95227,0.000467059,0.00828863,2,0.605082,0.00515822,9.254,0,6.35e-06,0.000289,8.31e-05,7.51e-06,0,6.93e-06,0.00137647,6.18e-05,2.89e-05,5.77e-06,2.54e-05,9.24e-06,2.00328e-05,4.04e-05,8.39693e-05,0.609701,0.977071,-5.04343e-05,4.04981e-05,0.00042531,0.000675016,7.10573e-05,29.5625,0.0203799,-0.00126878,0.000126196,0.000116531,0.00012621,0.000814225,0.000878048,0.0226659,0.000878047,3.92345e-05,3.77084e-06,0.00860917,0.0139609,0.00921131,0.0151019,0.0685801,1.04454,228,10,0.993998,0.982492,0.982492,0.9927,3.99533e-08,0.000476947,0.000764327,-1.70231e-08,-5.08052e-05,0.994482,0.620566,8.44763e-05,-0,0,0,0,0,0.0005074,0.000551054,0.000383167,0.000608879,-0.0015165,1.75132e-08,1.55575e-06,1.37229e-08,0.0028001,8.17783e-07,0.0193939,1.80256e-06,0.000379513,0.0022194,6.65047e-09,1.29327e-06,3.14951e-05,6.62137e-08,3.0638e-08,0.000659324,0.000968119,5.40597e-08,9.97979,7.10573e-05,0.000675017,0.000426467,4.04982e-05,-5.02596e-05,5.45542e-07,-2.0555e-05,2.64943e-05,-2.97047e-05,4.36255e-07,0.985866,-0.0086166,0.984762,0.000816108,0.00110409,8.48355e-05,0.598102,-0.0224635,0.597124,0.000681725,0.000978627,0.002066,8.39568e-05,-5.19498e-07,1.23178e-05,2.33886e-05,7.1639e-05,4.34346e-06
ERF_Log_File_20240905_1258.csv,ig_zn_diff,12,emfpe,3,0,filled_square,7.3um_lp,ERF_OSA207_Spectra_20240905_1257.csv,1.4096e+09,3.98675,0.000339698,0.861234,0.00195199,34.1716,10.0897,0.000399669,0.010164,2,0.632105,0.00449897,9.254,10.0733,6.35e-06,0.000289,8.31e-05,7.51e-06,0,6.93e-06,0.0013915,6.18e-05,2.89e-05,5.77e-06,2.54e-05,9.24e-06,2.76034e-05,4.04e-05,5.57694e-05,0.617138,0.973886,9.45938e-06,2.52625e-05,0.000580822,0.00091399,5.01716e-05,33.2957,0.0312063,-0.00135183,0.000163432,5.88327e-05,0.000163441,0.00109019,0.000892155,0.0225712,0.000892153,-8.18968e-05,3.83271e-06,0.00604511,0.0128109,0.011061,0.0120116,0.106688,1.04496,228,10,0.993998,0.982256,0.982256,0.9927,2.65356e-08,0.000493276,0.000778423,3.19283e-09,9.52894e-06,0.991479,0.628286,5.61061e-05,0,0,0,0,0,0.000450509,0.000498862,0.000343097,0.00054061,-0.00148216,1.83252e-08,-7.9092e-06,1.43577e-08,0.00285906,8.46081e-07,0.0195584,1.86493e-06,0.000372517,0.00224174,1.23983e-09,2.00453e-06,3.01822e-05,2.06688e-08,5.74642e-09,0.000665706,0.00100283,3.59045e-08,10.1176,5.01716e-05,0.000913992,0.000581607,2.52625e-05,9.42662e-06,-1.02321e-07,-1.93859e-05,2.86536e-05,2.88126e-05,9.63555e-08,0.982783,-0.00869558,0.984202,0.00075824,-0.00141884,0.000155786,0.605209,-0.0230768,0.607117,0.000688174,-0.00190788,0.00234567,5.57611e-05,-3.45032e-07,-1.24895e-06,2.38752e-05,5.70101e-05,1.60632e-06
ERF_Log_File_20240912_1918.csv,ig_zn_diff,12,emfpe,3,0,filled_square,3.6um_lp,ERF_OSA207_Spectra_20240912_1918.csv,1.41023e+09,3.31619,0.000335463,0.861139,0.00147279,34.1705,10.2263,0.000361382,0.00768526,2,0.669311,0.0050961,9.55,0,6.35e-06,0.000289,8.31e-05,7.51e-06,0,6.93e-06,0.00141446,6.18e-05,2.89e-05,5.77e-06,2.54e-05,9.24e-06,4.22925e-05,4.04e-05,9.00106e-05,0.628782,0.974885,-5.16914e-05,3.57195e-05,0.000847262,0.00131273,7.3662e-05,28.3668,0.0381468,-0.000993194,0.000228185,-0.000604387,0.000228197,0.00282995,0.00113712,0.0158751,0.00113712,3.28588e-06,4.88498e-06,0.00728134,0.0109297,0.0136308,0.0150157,0.131232,1.04569,228,10,0.993998,0.982023,0.982023,0.9927,4.28279e-08,0.000513286,0.000795815,-1.74474e-08,-5.20715e-05,0.992731,0.640293,9.05541e-05,-0,0,0,0,0,0.000528787,0.000570627,0.000399083,0.000634545,-0.00144776,1.91208e-08,-1.62168e-05,1.4981e-08,0.00292096,8.76204e-07,0.0197064,1.93131e-06,0.000365994,0.00226273,2.10537e-09,1.86294e-06,2.56391e-05,9.04621e-09,3.14017e-08,0.00067483,0.00104471,5.79491e-08,10.2546,7.3662e-05,0.00131273,0.000847652,3.57195e-05,-5.15124e-05,5.5914e-07,-1.95962e-05,2.98926e-05,-3.19162e-05,1.83408e-07,0.983921,-0.00881027,0.983482,0.000766705,0.000439061,0.000162288,0.616441,-0.0238514,0.617289,0.000677698,-0.000848169,0.00223353,8.99972e-05,-5.56874e-07,-2.77502e-06,2.23128e-05,9.27723e-05,7.88054e-07
ERF_Log_File_20240905_1334.csv,ig_zn_diff,12,emfpe,3,0,filled_square,7.3um_lp,ERF_OSA207_Spectra_20240905_1333.csv,1.4096e+09,3.86378,0.000450993,0.862608,0.00218899,34.1725,10.3587,0.000706943,0.00949247,2,0.692015,0.00571575,9.55,10.3374,6.35e-06,0.000289,8.31e-05,7.51e-06,0,6.93e-06,0.00142753,6.18e-05,2.89e-05,5.77e-06,2.54e-05,9.24e-06,5.65309e-05,4.04e-05,0.000100785,0.635994,0.974193,-0.000125257,3.49563e-05,0.000564267,0.000862341,5.49199e-05,33.0751,0.0292308,-0.00143723,0.000155911,-4.8999e-05,0.00015592,0.00136301,0.000891544,0.0201695,0.000891542,-9.6062e-05,3.82959e-06,0.00830608,0.0118532,0.0114658,0.0130572,0.100102,1.04569,228,10,0.993998,0.981796,0.981796,0.9927,4.79543e-08,0.000529731,0.000811424,-4.22779e-08,-0.000126178,0.992256,0.647786,0.000101394,0,0,0,0,0,0.000453513,0.000501606,0.000345989,0.000544216,-0.00141516,1.9889e-08,-2.30473e-05,1.55856e-08,0.00298376,9.07572e-07,0.0198361,2.00046e-06,0.000359552,0.00228199,8.89945e-09,2.41402e-06,3.90851e-05,5.32869e-08,7.60916e-08,0.000682482,0.00107898,6.48857e-08,10.3873,5.49199e-05,0.000862344,0.000565629,3.49563e-05,-0.000124823,1.35489e-06,-2.08386e-05,2.99997e-05,-0.000103985,4.01441e-07,0.98335,-0.00890578,0.982893,0.000824537,0.000456919,0.000108893,0.623333,-0.0244534,0.625788,0.000718653,-0.00245472,0.00176307,0.00010077,-6.23532e-07,4.14403e-06,1.99738e-05,9.6626e-05,2.40369e-06
ERF_Log_File_20250513_1611.csv,ig_zn_diff,13,fmfpe,12,2,filled_square,3.6um_lp,ERF_OSA207_Spectra_20250513_1610.csv,1.43121e+09,3.36716,0.0001512,0.867348,0.000639311,32.5011,10.3914,0.000642601,0.00846886,2,0.692858,0.0057555,9.785,0,6.35e-06,0.000289,8.31e-05,7.51e-06,0,6.93e-06,0.00118341,6.18e-05,2.89e-05,5.77e-06,2.54e-05,9.24e-06,6.00384e-05,4.04e-05,8.5615e-05,0.62212,0.967672,-7.97862e-05,1.55708e-05,0.00318218,0.00494967,2.97213e-05,26.7012,0.136576,-0.00165772,0.000144992,0.000529428,0.000144992,-0.000105105,0.000366325,0.0187344,0.000366324,2.3728e-05,1.58715e-06,0.00298813,0.00345053,0.0039525,0.0057046,0.464227,1.04471,228,10,0.994694,0.984904,0.984904,0.99368,3.37122e-08,0.000401685,0.000624798,-2.1821e-08,-8.02937e-05,0.982504,0.631655,8.60717e-05,-0,0,0,0,0,0.000561773,0.000600758,0.000422403,0.000674127,-0.00150707,3.88597e-08,0.000222615,2.90218e-08,0.00136081,2.77263e-07,0.0178582,6.20201e-07,0.000432421,0.0019219,7.69827e-09,2.36063e-06,3.68674e-05,4.58017e-08,0,0,0,0,10.3738,2.97213e-05,0.00494967,0.00318239,1.55709e-05,-8.02937e-05,0,-2.06717e-05,3.00504e-05,-5.9622e-05,3.81529e-07,0.982504,0,0.982941,0.00082229,-0.000437439,0.000116993,0.631655,0,0.625024,0.000711214,0.00663112,0.00182716,8.60717e-05,0,3.14745e-06,2.01642e-05,8.29242e-05,2.26995e-06
ERF_Log_File_20250514_0918.csv,ig_zn_diff,13,fmfpe,12,2,filled_square,3.6um_lp,ERF_OSA207_Spectra_20250514_0918.csv,1.43127e+09,3.37769,0.000163664,0.865173,0.00239877,33.8002,10.3977,0.000613467,0.00862999,2,0.691992,0.00562686,9.785,0,6.35e-06,0.000289,8.31e-05,7.51e-06,0,6.93e-06,0.00118393,6.18e-05,2.89e-05,5.77e-06,2.54e-05,9.24e-06,6.07242e-05,4.04e-05,-7.51393e-05,0.624469,0.971671,8.95475e-05,1.35885e-05,0.00214713,0.00334082,2.22405e-05,26.6266,0.0915449,-0.00130693,0.000198126,-4.04052e-05,0.000198126,0.000596609,0.000518181,0.018319,0.00051818,-9.54561e-05,2.2446e-06,0.00260107,0.00498784,0.00545709,0.00425998,0.314042,1.04392,228,10,0.994694,0.984895,0.984895,0.99368,-2.95872e-08,0.000403595,0.000627991,2.44906e-08,9.0117e-05,0.986573,0.634046,-7.55401e-05,-0,0,0,0,0,0.000563346,0.000602541,0.000423607,0.000676016,-0.00150509,3.89169e-08,0.000222163,2.90635e-08,0.00135555,2.77708e-07,0.0178663,6.21202e-07,0.000431812,0.00192218,7.52377e-09,2.18127e-06,3.46106e-05,4.49087e-08,0,0,0,0,10.3801,2.22405e-05,0.00334082,0.00214741,1.35886e-05,9.0117e-05,0,-2.07481e-05,3.00268e-05,0.000110865,3.90826e-07,0.986573,0,0.982919,0.000823378,0.00365455,0.000113307,0.634046,0,0.625382,0.000714705,0.00866456,0.00179786,-7.55401e-05,0,3.60302e-06,2.00756e-05,-7.91431e-05,2.3328e-06
ERF_Log_File_20250513_1134.csv,ig_zn_diff,13,fmfpe,12,2,filled_square,7.3um_lp,ERF_OSA207_Spectra_20250513_1134.csv,1.43119e+09,3.17116,0.000254607,0.861502,0.00240436,32.5007,10.4876,0.00064253,0.00714527,2,0.712118,0.0054962,9.785,0,6.35e-06,0.000289,8.31e-05,7.51e-06,0,6.93e-06,0.00119949,6.18e-05,2.89e-05,5.77e-06,2.54e-05,9.24e-06,7.03806e-05,4.04e-05,8.90822e-05,0.623965,0.971162,-6.98268e-05,2.07316e-05,0.00234987,0.0036573,3.74614e-05,24.7827,0.0933252,-0.000940226,0.000243445,0.000653934,0.000243446,0.000800125,0.000644631,0.0153665,0.00064463,-5.5688e-05,2.79246e-06,0.00369311,0.00558782,0.00651363,0.00667627,0.324656,1.04452,228,10,0.994694,0.984768,0.984768,0.99368,3.50775e-08,0.0004088,0.000636271,-1.90972e-08,-7.02709e-05,0.986184,0.633616,8.95574e-05,-0,0,0,0,0,0.000605261,0.000641864,0.000453619,0.000726313,-0.00147618,3.98386e-08,0.000215735,2.975e-08,0.00128264,2.84784e-07,0.0179844,6.37029e-07,0.000422978,0.0019267,1.02232e-08,9.41978e-07,2.59371e-05,6.13567e-08,0,0,0,0,10.4698,3.74614e-05,0.0036573,0.00235001,2.07317e-05,-7.02709e-05,0,-2.20184e-05,2.97016e-05,-4.82525e-05,5.11412e-07,0.986184,0,0.982688,0.000824451,0.00349598,4.71221e-05,0.633616,0,0.629759,0.000751971,0.00385728,0.0012975,8.95574e-05,0,1.12485e-05,1.88696e-05,7.83089e-05,3.06935e-06
ERF_Log_File_20240912_1619.csv,ig_zn_diff,12,emfpe,3,0,filled_square,3.6um_lp,ERF_OSA207_Spectra_20240912_1619.csv,1.41022e+09,3.19103,0.00030713,0.866698,0.000579728,34.1719,10.588,0.000728356,0.00775698,2,0.75395,0.00635577,9.865,0,6.35e-06,0.000289,8.31e-05,7.51e-06,0,6.93e-06,0.00146062,6.18e-05,2.89e-05,5.77e-06,2.54e-05,9.24e-06,8.11834e-05,4.04e-05,1.79625e-05,0.643893,0.975213,-5.15879e-05,3.69201e-05,0.000682127,0.00103159,5.17164e-05,28.3867,0.0299618,-0.00154829,0.00018946,-0.000197474,0.000189474,0.00361284,0.00117455,0.0181964,0.00117454,1.93836e-05,5.04571e-06,0.00753186,0.0119489,0.0139148,0.0105492,0.0994727,1.04567,228,10,0.993998,0.981403,0.981403,0.9927,8.54673e-09,0.000554937,0.000840483,-1.74125e-08,-5.19673e-05,0.993693,0.656094,1.8071e-05,0,0,0,0,0,0.000528416,0.000570311,0.000399361,0.0006341,-0.00136185,2.11946e-08,-3.18032e-05,1.66066e-08,0.00309817,9.67604e-07,0.0200325,2.13281e-06,0.000348414,0.00231307,1.47713e-08,1.98438e-06,8.24463e-06,8.12522e-08,3.13388e-08,0.000697192,0.00113093,1.15643e-08,10.6173,5.17164e-05,0.00103159,0.000682177,3.69202e-05,-5.14092e-05,5.58021e-07,-2.47109e-05,3.00172e-05,-2.66984e-05,6.61037e-07,0.984603,-0.00908995,0.982785,0.000783628,0.00181747,8.88039e-05,0.630771,-0.0253235,0.633477,0.00072807,-0.00270579,0.00036896,1.79598e-05,-1.1113e-07,2.68203e-05,1.86064e-05,-8.86042e-06,3.63616e-06
ERF_Log_File_20250213_2108.csv,ig_zn_diff,12,emfpe,8,1,filled_square,7.3um_lp,ERF_OSA207_Spectra_20250213_2108.csv,1.42354e+09,2.79886,0.000322262,0.866662,0.00190642,34.1715,10.5985,0.000498037,0.00778165,2,0.771679,0.0062058,10,0,6.35e-06,0.000289,8.31e-05,7.51e-06,0,6.93e-06,0.00146167,6.18e-05,2.89e-05,5.77e-06,2.54e-05,9.24e-06,8.23075e-05,4.04e-05,-5.59476e-05,0.636803,0.969455,-4.2172e-05,3.52155e-05,0.000778964,0.00118256,9.73134e-05,22.7255,0.0276825,-0.00146485,0.000213062,-0.000109138,0.000213073,0.00112834,0.00117673,0.0148228,0.00117673,1.14397e-05,5.07366e-06,0.0057511,0.0116601,0.0100978,0.0158913,0.0927194,1.04572,228,10,0.993998,0.981385,0.981385,0.9927,-2.66204e-08,0.00054967,0.000836806,-1.42343e-08,-4.24821e-05,0.987844,0.648882,-5.62854e-05,-0,0,0,0,0,0.000660051,0.000693654,0.000493373,0.000792062,-0.00159097,6.09379e-08,6.8768e-05,5.34315e-08,0.000505988,1.12144e-06,0.0157048,1.19789e-06,0.000414935,0.00162107,9.73439e-09,9.53178e-07,8.23688e-06,5.49184e-08,2.64161e-08,0.000747801,0.0011991,3.7149e-08,10.5872,9.73134e-05,0.00118256,0.000779007,3.52155e-05,-4.22518e-05,2.30351e-07,-2.41111e-05,2.99139e-05,-1.81407e-05,6.3528e-07,0.983298,-0.004546,0.982715,0.000794999,0.000582245,6.22058e-05,0.634681,-0.0142013,0.633058,0.00073766,0.00162295,0.00053755,-5.6346e-05,-6.05878e-08,2.34776e-05,1.85727e-05,-7.98236e-05,3.58405e-06
ERF_Log_File_20250213_1927.csv,ig_zn_diff,12,emfpe,8,1,filled_square,7.3um_lp,ERF_OSA207_Spectra_20250213_1927.csv,1.42354e+09,2.87639,0.000316874,0.86949,0.00187449,34.1712,10.6111,0.000512718,0.00794162,2,0.776348,0.00710649,10,0,6.35e-06,0.000289,8.31e-05,7.51e-06,0,6.93e-06,0.0014731,6.18e-05,2.89e-05,5.77e-06,2.54e-05,9.24e-06,8.36608e-05,4.04e-05,-2.61768e-05,0.636561,0.967952,0.000231865,3.56544e-05,0.000783426,0.00118854,7.11811e-05,23.3888,0.0286564,-0.00170646,0.000220965,-6.72228e-05,0.000220981,0.00115345,0.00140442,0.0137989,0.00140441,-5.04866e-06,6.059e-06,0.00600037,0.0128634,0.0126387,0.0119794,0.0952234,1.04296,228,10,0.993998,0.981364,0.981364,0.9927,-1.24551e-08,0.000550477,0.000837052,7.82615e-08,0.00023357,0.986333,0.648649,-2.63349e-05,-0,0,0,0,0,0.000641333,0.000675763,0.000479905,0.000769599,-0.00159098,6.11964e-08,6.98067e-05,5.36578e-08,0.000503297,1.12694e-06,0.015707,1.20377e-06,0.000415197,0.00162103,1.01839e-08,1.15686e-06,7.33474e-06,5.68778e-08,1.45238e-07,0.000747467,0.00120091,1.73813e-08,10.5998,7.11811e-05,0.00118854,0.00078346,3.56544e-05,0.000232304,-1.26649e-06,-2.4359e-05,2.99567e-05,0.000256663,6.46355e-07,0.981791,-0.00454272,0.982742,0.000790228,-0.000950968,7.34234e-05,0.634444,-0.0142048,0.633253,0.000733641,0.00119171,0.000465522,-2.63632e-05,-2.83479e-08,2.48697e-05,1.85852e-05,-5.12329e-05,3.60992e-06
ERF_Log_File_20250213_1409.csv,ig_zn_diff,12,emfpe,8,1,filled_square,7.3um_lp,ERF_OSA207_Spectra_20250213_1408.csv,1.42352e+09,5.47206,0.000387511,0.865235,0.00226866,34.1715,10.724,0.000712562,0.00871011,2,0.789237,0.00601593,10,0,6.35e-06,0.000289,8.31e-05,7.51e-06,0,6.93e-06,0.00148459,6.18e-05,2.89e-05,5.77e-06,2.54e-05,9.24e-06,9.57985e-05,4.04e-05,9.25509e-05,0.636008,0.968104,9.49768e-05,3.99431e-05,0.00109199,0.00165985,7.76741e-05,22.2831,0.03818,-0.00160537,0.000271408,6.34849e-05,0.000271412,-0.000194983,0.00115036,0.0144241,0.00115036,5.62011e-05,4.96163e-06,0.00639676,0.0112597,0.00961553,0.0124351,0.129842,1.0458,228,10,0.993998,0.981171,0.981171,0.9927,4.40365e-08,0.000559117,0.000851063,3.20575e-08,9.56752e-05,0.986682,0.648213,9.31097e-05,-0,0,0,0,0,0.000673156,0.000706046,0.000502782,0.000807787,-0.00159268,6.37686e-08,8.10422e-05,5.5913e-08,0.000475657,1.17719e-06,0.0157271,1.25744e-06,0.00041843,0.00162028,1.57426e-08,3.63543e-06,1.81769e-06,7.77787e-08,5.94926e-08,0.00075496,0.00122011,6.14535e-08,10.7125,7.76741e-05,0.00165985,0.00109199,3.99432e-05,9.51564e-05,-5.1878e-07,-2.67352e-05,2.9575e-05,0.000121892,7.26582e-07,0.982105,-0.00457712,0.98316,0.000772834,-0.00105524,0.000167789,0.633942,-0.0142714,0.633862,0.000731141,7.98903e-05,8.38932e-05,9.321e-05,1.00227e-07,3.74096e-05,1.92551e-05,5.58003e-05,3.58979e-06
ERF_Log_File_20240905_1410.csv,ig_zn_diff,12,emfpe,3,0,filled_square,7.3um_lp,ERF_OSA207_Spectra_20240905_1409.csv,1.4096e+09,3.5286,0.000372554,0.863183,0.00243108,34.172,10.745,0.00064331,0.00868247,2,0.795649,0.00569444,9.865,10.7,6.35e-06,0.000289,8.31e-05,7.51e-06,0,6.93e-06,0.00148674,6.18e-05,2.89e-05,5.77e-06,2.54e-05,9.24e-06,9.80634e-05,4.04e-05,-7.60224e-06,0.646335,0.979395,-0.000180082,2.89107e-05,0.000574854,0.000868602,4.88266e-05,31.587,0.0279447,-0.00137111,0.000161216,-9.34314e-05,0.000161233,0.00263598,0.00108915,0.0193178,0.00108915,-0.000107948,4.67857e-06,0.00656654,0.0137293,0.0133942,0.0110971,0.0955274,1.0437,228,10,0.993998,0.981135,0.981135,0.9927,-3.61721e-09,0.00056993,0.000863617,-6.07831e-08,-0.000181406,0.998227,0.658763,-7.64814e-06,0,0,0,0,0,0.000474879,0.000521475,0.000361488,0.000569855,-0.00132889,2.20819e-08,-3.5429e-05,1.72996e-08,0.00317993,1.01321e-06,0.0201501,2.23331e-06,0.00034108,0.002333,1.4714e-08,4.18555e-06,6.12509e-06,6.59278e-08,1.09397e-07,0.00070973,0.00116132,4.89435e-09,10.7747,4.88266e-05,0.000868612,0.000574888,2.89108e-05,-0.000179458,1.94793e-06,-2.81349e-05,2.88026e-05,-0.000151323,7.5658e-07,0.988979,-0.00924801,0.983522,0.000797034,0.00545664,0.000215217,0.63296,-0.0258022,0.633478,0.000768298,-0.000517456,0.000314946,-7.60111e-06,4.70332e-08,4.40107e-05,2.00034e-05,-5.16118e-05,3.38994e-06
ERF_Log_File_20250110_1151.csv,ig_zn_diff,12,emfpe,6,1,filled_square,none,ERF_OSA207_Spectra_20250110_1151.csv,1.42057e+09,5.24074,0.000669358,0.861563,0.00203193,34.171,10.7501,0.000480488,0.00911409,2,0.816563,0.00382616,10,0,6.35e-06,0.000289,8.31e-05,7.51e-06,0,6.93e-06,0.00148725,6.18e-05,2.89e-05,5.77e-06,2.54e-05,9.24e-06,9.86023e-05,4.04e-05,1.19506e-05,0.635562,0.966978,-6.42133e-05,6.19633e-05,0.000435126,0.000656458,8.36066e-05,21.8559,0.0147555,-0.000969503,0.000128194,-0.000650419,0.00012823,0.000241953,0.00127746,0.0146034,0.00127746,2.67669e-05,5.53082e-06,0.00973241,0.0113379,0.0108083,0.0131298,0.0494369,1.04575,228,10,0.993998,0.981126,0.981126,0.9927,5.68618e-09,0.000560836,0.000853287,-2.16739e-08,-6.46855e-05,0.98558,0.647788,1.20228e-05,-0,0,0,0,0,0.000686314,0.000718528,0.000512246,0.000823576,-0.00131246,2.35819e-08,-0.000262094,1.61492e-08,-0.000733915,1.63764e-06,0.0143432,1.91356e-06,0.000393639,0.00150771,1.07907e-08,2.74102e-06,2.72415e-06,5.13334e-08,4.02226e-08,0.00075578,0.00122391,7.93516e-09,10.7386,8.36066e-05,0.000656464,0.000435135,6.19633e-05,-6.43348e-05,3.50744e-07,-2.73161e-05,2.92492e-05,-3.70187e-05,7.40376e-07,0.981,-0.00457955,0.983301,0.000780349,-0.00230102,0.000188068,0.633509,-0.0142795,0.633754,0.000744409,-0.000245109,0.000186911,1.20357e-05,1.29418e-08,4.02271e-05,1.95691e-05,-2.81914e-05,3.52211e-06
ERF_Log_File_20250114_1441.csv,ig_zn_diff,12,emfpe,6,1,filled_square,7.3um_lp,ERF_OSA207_Spectra_20250114_1441.csv,1.42093e+09,5.08851,0.00047592,0.870121,0.00169062,34.171,10.877,0.00047175,0.00685011,2,0.815205,0.00627403,10,0,6.35e-06,0.000289,8.31e-05,7.51e-06,0,6.93e-06,0.00150025,6.18e-05,2.89e-05,5.77e-06,2.54e-05,9.24e-06,0.000112251,4.04e-05,-7.35977e-06,0.633563,0.963785,0.000190646,5.44735e-05,0.000929962,0.00141147,6.77678e-05,21.5107,0.0314686,-0.00157864,0.000248897,-2.06501e-05,0.000248906,-0.000786367,0.00125023,0.0141622,0.00125022,-3.11529e-05,5.42395e-06,0.00842004,0.0118325,0.00998112,0.0104768,0.107055,1.0456,228,10,0.993998,0.980909,0.980909,0.9927,-3.50184e-09,0.000569342,0.000866091,6.43487e-08,0.000192048,0.982543,0.645894,-7.40421e-06,-0,0,0,0,0,0.000697327,0.000728851,0.000520129,0.000836793,-0.00126601,2.52576e-08,-0.000256908,1.72976e-08,-0.000728367,1.71529e-06,0.0142249,2.00429e-06,0.000380729,0.00149533,1.10684e-08,3.94076e-06,7.95539e-06,4.05067e-08,1.19419e-07,0.000761491,0.0012425,4.88686e-09,10.8654,6.77678e-05,0.00141148,0.000929997,5.44735e-05,0.000191007,-1.04134e-06,-3.024e-05,2.92555e-05,0.000221247,7.82629e-07,0.977941,-0.00460181,0.984197,0.00083739,-0.00625623,0.000278644,0.631572,-0.0143219,0.632257,0.000830126,-0.000685225,0.000562513,-7.41218e-06,-7.97018e-09,5.26105e-05,2.14523e-05,-6.00227e-05,2.86416e-06
ERF_Log_File_20250113_1108.csv,ig_zn_diff,12,emfpe,6,1,filled_square,7.3um_lp,ERF_OSA207_Spectra_20250113_1108.csv,1.42083e+09,5.07402,0.000558505,0.86776,0.00104127,34.1725,10.8782,0.000578529,0.00686308,2,0.815674,0.00661852,10,0,6.35e-06,0.000289,8.31e-05,7.51e-06,0,6.93e-06,0.00150038,6.18e-05,2.89e-05,5.77e-06,2.54e-05,9.24e-06,0.000112383,4.04e-05,-1.05205e-05,0.634868,0.966404,1.23413e-06,4.15601e-05,0.000669921,0.00101424,8.27044e-05,21.4312,0.0224652,-0.00172491,0.00018277,-5.44813e-05,0.000182779,-0.00127119,0.000997283,0.0144395,0.000997281,4.67248e-05,4.31856e-06,0.00640101,0.0118378,0.00757895,0.0127344,0.0764605,1.04584,228,10,0.993998,0.980907,0.980907,0.9927,-5.00575e-09,0.000570615,0.000868597,4.16556e-10,1.24321e-06,0.985215,0.647225,-1.0584e-05,0,0,0,0,0,0.000699914,0.000731493,0.00052203,0.000839897,-0.00126556,2.52796e-08,-0.000256822,1.73124e-08,-0.000728366,1.71613e-06,0.0142239,2.00528e-06,0.000380596,0.00149523,1.35756e-08,4.84591e-06,9.79886e-06,4.95155e-08,7.73047e-10,0.000763637,0.00124527,6.98558e-09,10.8666,8.27044e-05,0.00101425,0.000669995,4.15601e-05,1.23646e-06,-6.74103e-09,-3.02681e-05,2.93056e-05,3.15046e-05,7.82827e-07,0.9806,-0.00461467,0.984207,0.000837348,-0.0036072,0.000279435,0.632873,-0.0143522,0.632237,0.000830528,0.000636641,0.000565042,-1.05954e-05,-1.13931e-08,5.27126e-05,2.14819e-05,-6.3308e-05,2.85527e-06
ERF_Log_File_20250113_1648.csv,ig_zn_diff,12,emfpe,6,1,filled_square,7.3um_lp,ERF_OSA207_Spectra_20250113_1648.csv,1.42085e+09,5.11905,0.000533165,0.872594,0.00199603,34.1719,10.896,0.00071133,0.00696797,2,0.819828,0.00801056,10,0,6.35e-06,0.000289,8.31e-05,7.51e-06,0,6.93e-06,0.0015022,6.18e-05,2.89e-05,5.77e-06,2.54e-05,9.24e-06,0.000114293,4.04e-05,5.67934e-05,0.63511,0.96711,2.55541e-06,4.24851e-05,0.000541524,0.000817792,7.79863e-05,21.5872,0.0181814,-0.00118211,0.000158349,-6.75443e-05,0.000158381,-0.00219144,0.00138829,0.0123454,0.00138828,0.000117652,5.99976e-06,0.00660308,0.0134686,0.0108875,0.0121122,0.0618695,1.04249,228,10,0.993998,0.980877,0.980877,0.9927,2.70228e-08,0.000572274,0.000871428,8.62528e-10,2.5742e-06,0.985965,0.647492,5.71363e-05,0,0,0,0,0,0.000694856,0.000726701,0.00051839,0.000833827,-0.00125893,2.56172e-08,-0.000255769,1.75439e-08,-0.000728583,1.72892e-06,0.0142087,2.02023e-06,0.000378674,0.00149373,1.67206e-08,6.19629e-06,1.27954e-05,5.78868e-08,1.60068e-09,0.000765347,0.00124888,3.77106e-08,10.8843,7.79863e-05,0.000817816,0.00054168,4.24851e-05,2.56024e-06,-1.39581e-08,-3.06858e-05,3.00491e-05,3.3246e-05,7.85454e-07,0.981341,-0.00462328,0.984359,0.000836869,-0.00301786,0.000291072,0.633122,-0.0143699,0.631926,0.000836606,0.00119631,0.000601066,5.71978e-05,6.15038e-08,5.41974e-05,2.19204e-05,3.00042e-06,2.71925e-06
ERF_Log_File_20250514_1634.csv,ig_zn_diff,13,fmfpe,12,2,filled_square,3.6um_lp,ERF_OSA207_Spectra_20250514_1634.csv,1.4313e+09,2.92538,0.000276321,0.873089,0.00125224,32.5,10.9225,0.000760171,0.00758946,2,0.809967,0.00831267,10.26,0,6.35e-06,0.000289,8.31e-05,7.51e-06,0,6.93e-06,0.0012535,6.18e-05,2.89e-05,5.77e-06,2.54e-05,9.24e-06,0.000117143,4.04e-05,3.79159e-05,0.627541,0.968181,-0.000110302,1.40356e-05,0.00126851,0.00195671,2.48454e-05,24.6412,0.0497842,-0.00150596,0.000258879,-0.000475255,0.00025888,0.000327371,0.000854767,0.0173382,0.000854765,-7.72874e-05,3.70323e-06,0.00248458,0.00716044,0.00886663,0.00440006,0.168657,1.04582,228,10,0.994694,0.984156,0.984156,0.99368,1.49299e-08,0.000438335,0.000676271,-3.0167e-08,-0.000111004,0.983768,0.637644,3.81182e-05,-0,0,0,0,0,0.000608737,0.000644926,0.000456223,0.000730484,-0.00133289,4.75191e-08,0.000186611,3.54869e-08,0.000998425,3.37377e-07,0.0186411,7.54672e-07,0.000379876,0.00196396,1.78816e-08,6.89492e-06,1.44479e-05,5.80641e-08,0,0,0,0,10.904,2.48454e-05,0.00195672,0.00126859,1.40357e-05,-0.000111004,0,-3.11476e-05,3.08718e-05,-7.9856e-05,7.87441e-07,0.983768,0,0.984534,0.000836598,-0.000765982,0.000303628,0.637644,0,0.631562,0.000843506,0.00608167,0.000636233,3.81182e-05,0,5.57468e-05,2.24011e-05,-1.76286e-05,2.55693e-06
ERF_Log_File_20240828_1629.csv,ig_zn_diff,12,emfpe,3,0,off,none,ERF_OSA207_Spectra_20240828_1629.csv,1.40892e+09,3.83652,0.000171526,0.885984,0.00447078,34.1705,10.9673,0.000542032,0.0101269,2,0.829454,0.00611994,10,0,6.35e-06,0.000289,8.31e-05,7.51e-06,0,6.93e-06,0.00152001,6.18e-05,2.89e-05,5.77e-06,2.54e-05,9.24e-06,0.000121959,4.04e-05,0.00017242,0.642119,0.979408,-0.000165458,3.34645e-05,0.000664657,0.0010123,4.71372e-05,35.2862,0.0363434,-0.00131674,0.000190067,8.6816e-05,0.000190092,0.00319062,0.00140167,0.0162728,0.00140167,-0.00022392,6.0182e-06,0.00851777,0.0181307,0.0192408,0.0120142,0.123572,1.03636,228,10,0.993998,0.980755,0.980755,0.9927,8.20388e-08,0.000584462,0.000891465,-5.5847e-08,-0.000166675,0.998627,0.654719,0.000173461,-0,0,0,0,0,0.000425095,0.000476585,0.000326277,0.000510114,-0.00128901,2.33502e-08,-3.75571e-05,1.82961e-08,0.00329936,1.08392e-06,0.0203005,2.38917e-06,0.000331641,0.00235999,1.25851e-08,5.76807e-06,1.18531e-05,2.58859e-08,1.00513e-07,0.000723158,0.00118993,1.11005e-07,10.9976,4.71372e-05,0.00101232,0.000664765,3.34645e-05,-0.000164885,1.78974e-06,-3.33411e-05,3.48122e-05,-0.000131544,7.83917e-07,0.989211,-0.0094152,0.985459,0.000828808,0.00375277,0.000359288,0.628556,-0.0261631,0.629623,0.00087105,-0.00106658,0.000738317,0.000172394,-1.06672e-06,6.16203e-05,2.46418e-05,0.000110774,1.61241e-06
ERF_Log_File_20240912_1844.csv,ig_zn_diff,12,emfpe,3,0,filled_square,3.6um_lp,ERF_OSA207_Spectra_20240912_1844.csv,1.41022e+09,5.13136,0.000471282,0.866949,0.00136589,34.1717,11.0271,0.000831926,0.00698769,2,0.833577,0.00672956,10.201,0,6.35e-06,0.000289,8.31e-05,7.51e-06,0,6.93e-06,0.00152629,6.18e-05,2.89e-05,5.77e-06,2.54e-05,9.24e-06,0.000124659,4.04e-05,0.000110043,0.638602,0.978047,-0.000179049,3.2544e-05,0.000632948,0.000965468,5.5953e-05,24.6412,0.0242404,-0.0011429,0.000182904,-0.000106741,0.000182932,0.00720489,0.0014349,0.0194011,0.0014349,-1.40944e-05,6.164e-06,0.00576276,0.0137362,0.014152,0.00990876,0.0795437,1.04558,228,10,0.993998,0.980652,0.980652,0.9927,5.23597e-08,0.00058617,0.000897746,-6.04344e-08,-0.000180366,0.997344,0.651201,0.000110707,0,0,0,0,0,0.000608737,0.000645646,0.000456569,0.000730484,-0.00127999,2.36981e-08,-3.74897e-05,1.85677e-08,0.00333206,1.10407e-06,0.020339,2.4336e-06,0.000329369,0.00236711,1.88834e-08,9.51925e-06,1.84708e-05,2.38161e-08,1.08769e-07,0.000725738,0.00119299,7.08461e-08,11.0576,5.5953e-05,0.000965516,0.000633225,3.2544e-05,-0.000178429,1.93675e-06,-3.47192e-05,3.4171e-05,-0.00014371,7.70538e-07,0.987897,-0.0094467,0.986122,0.000829352,0.00177482,0.000388434,0.625042,-0.0261597,0.628296,0.000865879,-0.00325477,0.000753704,0.000110027,-6.80809e-07,6.38992e-05,2.44832e-05,4.61275e-05,9.71819e-07
ERF_Log_File_20240905_1446.csv,ig_zn_diff,12,emfpe,3,0,filled_square,7.3um_lp,ERF_OSA207_Spectra_20240905_1446.csv,1.40961e+09,3.02761,0.000355109,0.862587,0.0033679,34.1717,11.1777,0.000683766,0.00948124,2,0.859354,0.00778614,10.201,11.0717,6.35e-06,0.000289,8.31e-05,7.51e-06,0,6.93e-06,0.00154226,6.18e-05,2.89e-05,5.77e-06,2.54e-05,9.24e-06,0.000120144,4.04e-05,4.65667e-05,0.636085,0.979787,-5.22433e-05,2.46055e-05,0.000524268,0.00080272,6.45926e-05,29.3845,0.0240063,-0.00152882,0.00015108,0.000225157,0.000151099,0.00331228,0.00113261,0.0196721,0.0011326,-0.000226208,4.86476e-06,0.00519564,0.0148802,0.0124206,0.0136578,0.0815367,1.04431,228,10,0.993998,0.980395,0.980395,0.9927,2.21569e-08,0.0005962,0.000918352,-1.76337e-08,-5.26275e-05,0.99938,0.648805,4.68479e-05,0,0,0,0,0,0.000510473,0.000554117,0.000386315,0.000612568,-0.00126053,2.46154e-08,-3.63426e-05,1.92867e-08,0.0034152,1.15664e-06,0.0204349,2.54948e-06,0.000324218,0.00238501,1.38971e-08,8.39651e-06,1.31375e-05,6.18117e-09,3.1737e-08,0.000736034,0.00121212,2.99798e-08,11.2086,6.45926e-05,0.000802765,0.000524437,2.46055e-05,-5.20624e-05,5.6511e-07,-3.79865e-05,3.10902e-05,-1.40758e-05,6.99371e-07,0.989804,-0.0095754,0.987934,0.000877036,0.00187022,0.000422553,0.6224,-0.0264044,0.625102,0.000865068,-0.0027011,0.000661145,4.65598e-05,-2.88097e-07,6.51919e-05,2.29368e-05,-1.86322e-05,3.11066e-07
ERF_Log_File_20240912_1653.csv,ig_zn_diff,12,emfpe,3,0,filled_square,3.6um_lp,ERF_OSA207_Spectra_20240912_1652.csv,1.41022e+09,4.06839,0.000493653,0.870371,0.000659476,34.1712,11.4353,0.00163202,0.00765908,2,0.90382,0.0100307,10.559,0,6.35e-06,0.000289,8.31e-05,7.51e-06,0,6.93e-06,0.00158109,6.18e-05,2.89e-05,5.77e-06,2.54e-05,9.24e-06,0.000112419,4.04e-05,3.64276e-05,0.632504,0.978719,-5.22343e-06,3.82512e-05,0.000787144,0.00121638,8.29728e-05,21.8788,0.0271318,-0.00151612,0.000222304,1.04761e-05,0.00022232,0.00453071,0.00136892,0.0216493,0.00136892,-1.04921e-05,5.88092e-06,0.00601474,0.0104535,0.0126494,0.0130477,0.0879716,1.04537,228,10,0.993998,0.979955,0.979955,0.9927,1.73326e-08,0.000613995,0.000950079,-1.76307e-09,-5.26184e-06,0.998739,0.645442,3.66476e-05,-0,0,0,0,0,0.000685595,0.000718612,0.000511643,0.000822714,-0.00123965,2.63619e-08,-3.1544e-05,2.06535e-08,0.00355903,1.25104e-06,0.0206058,2.75755e-06,0.000317798,0.00241648,2.12551e-08,1.64912e-05,3.97582e-06,6.7391e-08,3.17315e-09,0.000750496,0.00124521,2.34522e-08,11.4669,8.29728e-05,0.00121649,0.000787154,3.82513e-05,-5.20534e-06,5.65013e-08,-4.23773e-05,3.88409e-05,3.71719e-05,4.58483e-07,0.988984,-0.00975432,0.990919,0.00111158,-0.00193429,0.000355724,0.618605,-0.0268371,0.622004,0.00101569,-0.00339917,8.57602e-05,3.64222e-05,-2.25369e-07,5.7856e-05,2.04003e-05,-2.14338e-05,1.45366e-06
ERF_Log_File_20240905_1522.csv,ig_zn_diff,12,emfpe,3,0,filled_square,7.3um_lp,ERF_OSA207_Spectra_20240905_1522.csv,1.40961e+09,4.75194,0.000521706,0.863804,0.00400686,34.1719,11.604,0.0011471,0.0105775,2,0.92618,0.0100135,10.559,11.3179,6.35e-06,0.000289,8.31e-05,7.51e-06,0,6.93e-06,0.00161092,6.18e-05,2.89e-05,5.77e-06,2.54e-05,9.24e-06,0.00010736,4.04e-05,-7.24003e-06,0.636717,0.983052,-4.41575e-05,3.37842e-05,0.000738985,0.00114029,4.78475e-05,26.1939,0.0302933,-0.00165499,0.000210159,-0.000181194,0.000210177,0.00210989,0.00139534,0.0187421,0.00139533,-0.00018049,5.99387e-06,0.00636387,0.0121597,0.0157153,0.0090227,0.10324,1.04306,228,10,0.993998,0.979667,0.979667,0.9927,-3.44487e-09,0.000632124,0.00097596,-1.49045e-08,-4.44822e-05,1.00346,0.649932,-7.28375e-06,0,0,0,0,0,0.000572652,0.000612131,0.000430669,0.000687183,-0.00123563,2.76647e-08,-2.68556e-05,2.16762e-08,0.00365354,1.31451e-06,0.020732,2.89744e-06,0.00031562,0.00243856,7.17225e-09,8.09593e-06,1.36555e-05,4.87558e-08,2.6825e-08,0.000763775,0.00127939,4.66116e-09,11.6361,4.78475e-05,0.00114032,0.000739119,3.37842e-05,-4.40046e-05,4.77647e-07,-4.40289e-05,4.96735e-05,2.43491e-08,2.23357e-07,0.993534,-0.00992084,0.99237,0.00106799,0.00116394,0.000252122,0.62254,-0.0273924,0.622878,0.00100427,-0.000338044,0.000425257,-7.23895e-06,4.47923e-08,5.05578e-05,2.13138e-05,-5.77967e-05,1.51835e-06
ERF_Log_File_20250213_1652.csv,ig_zn_diff,12,emfpe,8,1,filled_square,7.3um_lp,ERF_OSA207_Spectra_20250213_1652.csv,1.42353e+09,3.50081,0.000380407,0.873294,0.00362807,34.1708,11.6407,0.000693669,0.00882486,2,0.949193,0.00685939,11,11.9314,6.35e-06,0.000289,8.31e-05,7.51e-06,0,6.93e-06,0.00161502,6.18e-05,2.89e-05,5.77e-06,2.54e-05,9.24e-06,0.000106257,4.04e-05,-5.04748e-05,0.630472,0.974962,0.000121812,5.55685e-05,0.00160699,0.00248313,0.000102525,18.0407,0.0459144,-0.002108,0.000401543,0.000472479,0.000401542,0.000287943,0.00168925,0.0207436,0.00168925,0.000539014,7.28739e-06,0.00721778,0.0115995,0.0120282,0.0132742,0.155831,1.0451,228,10,0.993998,0.979604,0.979604,0.9927,-2.40164e-08,0.000628962,0.000972628,4.11152e-08,0.000122708,0.995261,0.643599,-5.07796e-05,-0,0,0,0,0,0.000831453,0.000858674,0.000617023,0.000997744,-0.00174996,9.48936e-08,0.000343074,8.32044e-08,-0.000133762,1.56178e-06,0.0158801,1.66825e-06,0.000523259,0.00160138,4.57693e-09,4.99193e-06,7.88569e-06,2.96674e-08,7.63019e-08,0.000819414,0.0013668,3.35151e-08,11.6282,0.000102525,0.00248313,0.00160701,5.55685e-05,0.000122042,-6.65358e-07,-4.39783e-05,4.90737e-05,0.000166021,2.35546e-07,0.990384,-0.00487729,0.992315,0.0010701,-0.00193048,0.000256903,0.628843,-0.0147561,0.622787,0.0010042,0.00605592,0.000405826,-5.08342e-05,-5.46611e-08,5.08922e-05,2.11186e-05,-0.000101726,1.52679e-06
ERF_Log_File_20250513_1314.csv,ig_zn_diff,13,fmfpe,12,2,filled_square,7.3um_lp,ERF_OSA207_Spectra_20250513_1314.csv,1.4312e+09,3.7757,0.000268823,0.872235,0.00151882,32.5009,11.777,0.00054729,0.00786655,2,0.903044,0.00844727,10.95,0,6.35e-06,0.000289,8.31e-05,7.51e-06,0,6.93e-06,0.00134837,6.18e-05,2.89e-05,5.77e-06,2.54e-05,9.24e-06,0.000102171,4.04e-05,7.0614e-05,0.619483,0.965892,-3.11715e-05,1.77494e-05,0.00214376,0.00334223,2.56216e-05,19.5568,0.0676689,-0.00118945,0.000221399,0.000303121,0.000221399,0.00286189,0.000585526,0.0202333,0.000585525,-7.24506e-05,2.53662e-06,0.00249527,0.00497459,0.00422387,0.00360382,0.234028,1.04438,228,10,0.994694,0.982954,0.982954,0.99368,2.78053e-08,0.000486627,0.000758743,-8.52518e-09,-3.13698e-05,0.982642,0.630226,7.09907e-05,-0,0,0,0,0,0.000766997,0.000795889,0.000570088,0.000920396,-0.00118066,7.24137e-08,0.000186922,5.40787e-08,0.000965238,4.93521e-07,0.020487,1.10395e-06,0.000341895,0.00214522,2.95357e-10,2.71945e-06,1.01345e-05,1.89265e-08,0,0,0,0,11.757,2.56216e-05,0.00334223,0.00214379,1.77494e-05,-3.13698e-05,0,-4.44468e-05,5.84416e-05,1.30771e-05,1.94789e-08,0.982642,0,0.993097,0.00106713,-0.0104547,0.00017935,0.630226,0,0.624749,0.0010149,0.00547733,0.000668377,7.09907e-05,0,4.58243e-05,2.41137e-05,2.51663e-05,1.24821e-06
ERF_Log_File_20240912_1811.csv,ig_zn_diff,12,emfpe,3,0,filled_square,3.6um_lp,ERF_OSA207_Spectra_20240912_1810.csv,1.41022e+09,2.66713,0.000428693,0.870549,0.00129397,34.172,11.9162,0.00186605,0.00620446,2,0.965511,0.0221069,10.934,0,6.35e-06,0.000289,8.31e-05,7.51e-06,0,6.93e-06,0.00164585,6.18e-05,2.89e-05,5.77e-06,2.54e-05,9.24e-06,9.79952e-05,4.04e-05,4.05488e-06,0.642608,0.981182,-0.00011861,5.76623e-05,0.00124749,0.00190078,0.00012168,17.0086,0.0329183,-0.000829263,0.000324474,-0.000132079,0.00032449,0.0101502,0.00156268,0.0195049,0.00156268,3.34817e-05,6.71298e-06,0.00704846,0.0118628,0.010075,0.0148708,0.113983,1.04572,228,10,0.993998,0.979134,0.979134,0.9927,1.92935e-09,0.000664385,0.00101443,-4.00345e-08,-0.000119482,1.00209,0.656302,4.07936e-06,0,0,0,0,0,0.000881907,0.00090794,0.000653875,0.00105829,-0.00125014,3.0513e-08,-1.66681e-05,2.39107e-08,0.00382702,1.43269e-06,0.0210246,3.15793e-06,0.000316702,0.00248516,1.84737e-08,3.43295e-06,4.29009e-05,1.51942e-08,7.20537e-08,0.000780544,0.0013387,2.61055e-09,11.9491,0.00012168,0.00190078,0.00124825,5.76623e-05,-0.000118199,1.28299e-06,-4.3573e-05,6.58722e-05,-7.46262e-05,3.63166e-07,0.991964,-0.0101273,0.993747,0.00128006,-0.00178271,6.74869e-05,0.627967,-0.0283357,0.628851,0.0011179,-0.000884035,0.000843371,4.05428e-06,-2.50866e-08,4.14582e-05,2.64968e-05,-3.7404e-05,2.98696e-07
ERF_Log_File_20240905_1558.csv,ig_zn_diff,12,emfpe,3,0,filled_square,7.3um_lp,ERF_OSA207_Spectra_20240905_1558.csv,1.40961e+09,3.28432,0.000418507,0.862627,0.00563554,34.1711,12.0812,0.00138558,0.0107759,2,0.99562,0.0145432,10.943,12.5492,6.35e-06,0.000289,8.31e-05,7.51e-06,0,6.93e-06,0.00166459,6.18e-05,2.89e-05,5.77e-06,2.54e-05,9.24e-06,0.000118673,4.04e-05,2.64328e-05,0.648386,0.985787,0.000175245,3.79847e-05,0.00100144,0.00151371,6.43267e-05,22.2369,0.0340817,-0.00187115,0.000276948,6.54794e-05,0.000276969,0.000539046,0.00177936,0.0190495,0.00177935,-0.000424565,7.64443e-06,0.00620708,0.0228585,0.0109632,0.0105382,0.117797,0.99743,228,10,0.993998,0.978853,0.978853,0.9927,1.25769e-08,0.000684551,0.00104077,5.91503e-08,0.000176534,1.00708,0.662394,2.65924e-05,-0,0,0,0,0,0.000674554,0.00070856,0.000504144,0.000809465,-0.00126955,3.22642e-08,-1.13121e-05,2.52792e-08,0.00391709,1.49578e-06,0.0212246,3.297e-06,0.000320214,0.00251417,2.78728e-08,9.21826e-07,2.96431e-05,2.79052e-08,1.06459e-07,0.000793793,0.00137561,1.70175e-08,12.1146,6.43267e-05,0.00151371,0.00100188,3.79847e-05,0.000174638,-1.89561e-06,-4.11047e-05,5.99981e-05,0.000215743,7.48164e-07,0.996791,-0.0102932,0.993841,0.00158371,0.00294977,2.47437e-05,0.633442,-0.0289515,0.632588,0.00157153,0.000854624,0.000795681,2.64289e-05,-1.63533e-07,4.26027e-05,2.75056e-05,-1.61738e-05,7.49035e-07
ERF_Log_File_20240906_1602.csv,ig_zn_diff,12,emfpe,3,0,filled_square,7.3um_lp,ERF_OSA207_Spectra_20240906_1602.csv,1.4097e+09,3.05233,0.0004494,0.869878,0.00186248,34.1715,12.0941,0.000936926,0.0104198,2,1.00754,0.00899953,10.943,12.553,6.35e-06,0.000289,8.31e-05,7.51e-06,0,6.93e-06,0.00166606,6.18e-05,2.89e-05,5.77e-06,2.54e-05,9.24e-06,0.000122328,4.04e-05,9.24611e-05,0.646464,0.983394,-5.48313e-05,4.12607e-05,0.000742047,0.0011263,6.01733e-05,21.2618,0.024297,-0.0019233,0.00020638,-0.000194705,0.000206394,0.00412181,0.00132174,0.0211005,0.00132173,5.86733e-05,5.67656e-06,0.00630697,0.0106778,0.0115662,0.00919466,0.0780212,1.04515,228,10,0.993998,0.978831,0.978831,0.9927,4.39938e-08,0.000683623,0.00103992,-1.85072e-08,-5.52345e-05,1.00466,0.660445,9.30194e-05,-0,0,0,0,0,0.000705491,0.000737918,0.000526369,0.000846589,-0.00127139,3.24062e-08,-1.09864e-05,2.53914e-08,0.00392407,1.50078e-06,0.0212419,3.30802e-06,0.000320595,0.00251659,1.96373e-08,7.73723e-07,1.97905e-05,2.03792e-08,3.33091e-08,0.000792612,0.00137346,5.95268e-08,12.1275,6.01733e-05,0.0011263,0.000742313,4.12607e-05,-5.46414e-05,5.93104e-07,-4.08396e-05,6.07238e-05,-1.38018e-05,7.80347e-07,0.994384,-0.0102774,0.993831,0.00157558,0.000553032,3.07462e-05,0.631551,-0.0288936,0.632863,0.00158115,-0.00131133,0.000786436,9.24474e-05,-5.72034e-07,4.28728e-05,2.74643e-05,4.95746e-05,8.09829e-07
ERF_Log_File_20240906_1526.csv,ig_zn_diff,12,emfpe,3,0,filled_square,7.3um_lp,ERF_OSA207_Spectra_20240906_1526.csv,1.40969e+09,3.10176,0.000455807,0.876366,0.0031129,34.1714,12.0994,0.000963114,0.0106569,2,0.998681,0.00870597,10.943,12.5557,6.35e-06,0.000289,8.31e-05,7.51e-06,0,6.93e-06,0.00166667,6.18e-05,2.89e-05,5.77e-06,2.54e-05,9.24e-06,0.000123864,4.04e-05,3.46815e-05,0.645907,0.9815,-1.1495e-05,4.15304e-05,0.00115158,0.0017479,7.62389e-05,21.6211,0.0384768,-0.000506003,0.000282289,-6.00365e-05,0.0002823,0.00346234,0.00119974,0.0199704,0.00119974,9.4806e-05,5.15379e-06,0.00645942,0.0108583,0.00990424,0.0118511,0.140732,1.0441,228,10,0.993998,0.978822,0.978822,0.9927,1.65018e-08,0.000683496,0.00103862,-3.87992e-09,-1.15795e-05,1.00274,0.659882,3.48909e-05,-0,0,0,0,0,0.000693767,0.000726593,0.000517905,0.00083252,-0.00127215,3.24641e-08,-1.08849e-05,2.54382e-08,0.00392693,1.50284e-06,0.021249,3.31256e-06,0.000320759,0.0025176,2.05219e-08,8.519e-07,2.02387e-05,2.15517e-08,6.98303e-09,0.00079139,0.00137306,2.23281e-08,12.1329,7.62389e-05,0.0017479,0.00115176,4.15304e-05,-1.14552e-05,1.2434e-07,-4.07267e-05,6.15099e-05,2.92715e-05,7.93673e-07,0.992475,-0.0102613,0.993827,0.00156013,-0.00135203,3.29467e-05,0.631002,-0.0288802,0.632974,0.00157459,-0.00197266,0.000782719,3.46763e-05,-2.14566e-07,4.29912e-05,2.74003e-05,-8.31481e-06,8.33501e-07
ERF_Log_File_20240912_1737.csv,ig_zn_diff,12,emfpe,3,0,filled_square,3.6um_lp,ERF_OSA207_Spectra_20240912_1736.csv,1.41022e+09,3.39641,0.000667129,0.870216,0.00242073,34.1709,12.3374,0.00296995,0.00511159,2,0.994994,0.0161849,11.354,0,6.35e-06,0.000289,8.31e-05,7.51e-06,0,6.93e-06,0.00170601,6.18e-05,2.89e-05,5.77e-06,2.54e-05,9.24e-06,0.000191796,4.04e-05,0.000127686,0.65386,0.985775,-0.000178295,8.41463e-05,0.00129288,0.00193734,0.00012743,13.459,0.0263985,-0.00182339,0.000355971,0.000467676,0.000356,0.00667724,0.0023453,0.0275055,0.0023453,-7.57662e-05,1.00751e-05,0.00813837,0.0159843,0.011608,0.0123303,0.0896696,1.04525,228,10,0.993998,0.978416,0.978416,0.9927,6.07541e-08,0.000712677,0.00107445,-6.01801e-08,-0.000179606,1.00752,0.668284,0.000128457,-0,0,0,0,0,0.0011145,0.0011354,0.000823161,0.0013374,-0.00131584,3.53006e-08,-5.19749e-06,2.76593e-08,0.00405347,1.59982e-06,0.0216217,3.52633e-06,0.000330259,0.00256751,1.12795e-07,7.68646e-07,5.10381e-05,1.01632e-07,1.08311e-07,0.00080855,0.00142556,8.22047e-08,12.3715,0.00012743,0.00193734,0.00129386,8.41464e-05,-0.000177678,1.9286e-06,-3.3692e-05,9.2318e-05,-0.000143986,1.44245e-06,0.997046,-0.0104751,0.993564,0.00118089,0.00348273,9.82965e-06,0.638532,-0.029752,0.637491,0.00129742,0.0010409,0.000652689,0.000127667,-7.89962e-07,5.03762e-05,2.54117e-05,7.72908e-05,1.2997e-06
ERF_Log_File_20240905_1634.csv,ig_zn_diff,12,emfpe,3,0,filled_square,7.3um_lp,ERF_OSA207_Spectra_20240905_1634.csv,1.40961e+09,2.23487,0.000470648,0.871705,0.00408713,34.1712,12.5085,0.00187507,0.0099865,2,0.999156,0.00972327,11.354,12.6777,6.35e-06,0.000289,8.31e-05,7.51e-06,0,6.93e-06,0.00172639,6.18e-05,2.89e-05,5.77e-06,2.54e-05,9.24e-06,0.000240623,4.04e-05,-2.5357e-05,0.653205,0.982407,9.24464e-05,4.91269e-05,0.00146993,0.00220858,0.000101322,18.6723,0.0419227,-0.00133006,0.000383272,-3.7424e-05,0.00038329,0.005012,0.00194538,0.0219682,0.00194537,-0.000247118,8.35715e-06,0.0065881,0.0133817,0.0149728,0.0136077,0.146754,1.04536,228,10,0.993998,0.978124,0.978124,0.9927,-1.20651e-08,0.00072696,0.00109333,3.12034e-08,9.31262e-05,1.00438,0.667814,-2.55101e-05,-0,0,0,0,0,0.000803329,0.000831895,0.0005972,0.000963995,-0.00135721,3.7538e-08,-3.58091e-06,2.94116e-08,0.00414153,1.68045e-06,0.0219598,3.70405e-06,0.000340197,0.00261013,9.48426e-08,7.14058e-06,2.95733e-05,4.5116e-08,5.61597e-08,0.000815537,0.00144931,1.63249e-08,12.5431,0.000101322,0.00220859,0.00147022,4.91269e-05,9.21262e-05,-9.99983e-07,-2.60828e-05,9.77087e-05,0.000118209,1.94773e-06,0.993819,-0.0105594,0.993834,0.00134188,-1.4912e-05,0.000146642,0.637727,-0.0300873,0.640297,0.00119824,-0.00256967,0.00060733,-2.53532e-05,1.56878e-07,5.55888e-05,2.64494e-05,-8.0942e-05,9.26522e-07
ERF_Log_File_20240906_1307.csv,ig_zn_diff,12,emfpe,3,0,filled_square,7.3um_lp,ERF_OSA207_Spectra_20240906_1307.csv,1.40969e+09,4.24213,0.000721294,0.876156,0.0017845,34.1714,12.5166,0.00114465,0.00969452,2,1.00636,0.00664185,11.345,12.6875,6.35e-06,0.000289,8.31e-05,7.51e-06,0,6.93e-06,0.00172737,6.18e-05,2.89e-05,5.77e-06,2.54e-05,9.24e-06,0.000242944,4.04e-05,0.000116909,0.650511,0.979548,0.000365217,5.22364e-05,0.00120243,0.00181077,8.22752e-05,17.8763,0.0329773,-0.00132875,0.000321947,0.000409015,0.000321965,0.00339412,0.00176298,0.0230383,0.00176298,6.74876e-05,7.5732e-06,0.00671237,0.00984408,0.0147322,0.0105678,0.11215,1.04548,228,10,0.993998,0.97811,0.97811,0.9927,5.56263e-08,0.000724675,0.00109122,1.23272e-07,0.000367903,1.00147,0.665069,0.000117615,-0,0,0,0,0,0.0008391,0.000866331,0.000623028,0.00100692,-0.00135936,3.76451e-08,-3.54254e-06,2.94977e-08,0.00414564,1.68465e-06,0.0219775,3.71329e-06,0.000340725,0.00261231,5.85489e-08,4.61204e-06,1.80478e-05,2.65814e-08,2.21864e-07,0.000813623,0.00144451,7.52664e-08,12.5512,8.22752e-05,0.00181078,0.00120256,5.22364e-05,0.000363952,-3.95051e-06,-2.56702e-05,9.76375e-05,0.000389622,1.97093e-06,0.990936,-0.0105343,0.993866,0.0013393,-0.00293007,0.000155255,0.635089,-0.0299803,0.640425,0.00119814,-0.00533547,0.000607542,0.000116892,-7.23288e-07,5.57817e-05,2.65523e-05,6.11099e-05,8.94805e-07
ERF_Log_File_20250213_1735.csv,ig_zn_diff,12,emfpe,8,1,filled_square,7.3um_lp,ERF_OSA207_Spectra_20250213_1735.csv,1.42353e+09,3.29461,0.000561681,0.876863,0.00237451,34.1712,12.5384,0.000519171,0.0104659,2,1.09481,0.0039667,12,12.8487,6.35e-06,0.000289,8.31e-05,7.51e-06,0,6.93e-06,0.00173,6.18e-05,2.89e-05,5.77e-06,2.54e-05,9.24e-06,0.000249173,4.04e-05,-5.01849e-05,0.646127,0.976146,0.000148336,6.54844e-05,0.00134078,0.00201646,0.000125626,13.1183,0.0270672,-0.00239536,0.000358218,0.00121149,0.000358227,-0.00108063,0.00192358,0.0168001,0.00192357,0.00011123,8.29934e-06,0.00617473,0.0134505,0.00914823,0.0118378,0.0915502,1.04586,228,10,0.993998,0.978073,0.978073,0.9927,-2.38784e-08,0.000721689,0.0010903,5.00677e-08,0.000149427,0.99803,0.660612,-5.04879e-05,-0,0,0,0,0,0.00114344,0.00116343,0.000844106,0.00137213,-0.00225275,1.23301e-07,0.00104092,1.08111e-07,-0.00194402,2.10829e-06,0.0159621,2.25202e-06,0.000823417,0.00179061,2.55964e-08,1.71754e-06,8.21096e-06,1.34057e-08,9.29163e-08,0.000876375,0.00154911,3.33226e-08,12.525,0.000125626,0.00201646,0.0013408,6.54844e-05,0.000148617,-8.10237e-07,-2.69864e-05,9.78685e-05,0.000175603,1.89576e-06,0.992896,-0.00513345,0.99377,0.00134644,-0.000873694,0.000127207,0.64492,-0.0156918,0.640011,0.00119781,0.00490964,0.000608134,-5.05423e-05,-5.43472e-08,5.51366e-05,2.62224e-05,-0.000105679,9.92873e-07
ERF_Log_File_20250213_1814.csv,ig_zn_diff,12,emfpe,8,1,filled_square,7.3um_lp,ERF_OSA207_Spectra_20250213_1814.csv,1.42353e+09,3.30067,0.000602023,0.877982,0.00219034,34.1715,12.5405,0.000568619,0.0105255,2,1.09405,0.00431494,12,12.8491,6.35e-06,0.000289,8.31e-05,7.51e-06,0,6.93e-06,0.00173025,6.18e-05,2.89e-05,5.77e-06,2.54e-05,9.24e-06,0.00024975,4.04e-05,0.000270674,0.646597,0.976689,7.20462e-05,7.10622e-05,0.00209181,0.00315662,0.000159645,13.1833,0.0425898,-0.00207818,0.000469584,0.00169833,0.000469591,-0.00345747,0.00174818,0.015821,0.00174818,4.6196e-05,7.54251e-06,0.00673218,0.010475,0.0086841,0.0151211,0.145502,1.04583,228,10,0.993998,0.97807,0.97807,0.9927,1.28789e-07,0.00072239,0.00109118,2.43177e-08,7.2576e-05,0.998588,0.661095,0.000272308,-0,0,0,0,0,0.0011378,0.00115791,0.000840007,0.00136536,-0.00225442,1.23404e-07,0.00104322,1.08201e-07,-0.00195032,2.11108e-06,0.0159621,2.255e-06,0.000824409,0.00179125,2.81189e-08,1.91438e-06,8.98877e-06,1.45709e-08,4.51291e-08,0.00087699,0.00155057,1.79727e-07,12.5271,0.000159645,0.00315662,0.00209183,7.10622e-05,7.21825e-05,-3.93529e-07,-2.68828e-05,9.78499e-05,9.90653e-05,1.90181e-06,0.993451,-0.00513688,0.993777,0.00134601,-0.000325895,0.000129478,0.64539,-0.0157045,0.640044,0.00119791,0.00534635,0.00060795,0.000272602,2.93123e-07,5.51906e-05,2.62486e-05,0.000217411,9.85491e-07
ERF_Log_File_20250514_1549.csv,ig_zn_diff,13,fmfpe,12,2,filled_square,7.3um_lp,ERF_OSA207_Spectra_20250514_1548.csv,1.4313e+09,3.29225,0.000579874,0.885297,0.00250495,32.5001,12.8076,0.00118092,0.0076636,2,1.04921,0.00535636,12,12.8552,6.35e-06,0.000289,8.31e-05,7.51e-06,0,6.93e-06,0.00146817,6.18e-05,2.89e-05,5.77e-06,2.54e-05,9.24e-06,0.000325997,4.04e-05,7.09827e-05,0.641958,0.976672,-0.000304844,2.71835e-05,0.0025368,0.00385948,5.23219e-05,13.7438,0.0543053,-0.00193891,0.000320617,0.000219768,0.000320616,0.00353002,0.000880395,0.0250396,0.000880393,7.36791e-05,3.81411e-06,0.0026866,0.00382696,0.00547081,0.0051677,0.186925,1.04463,228,10,0.994694,0.981508,0.981508,0.99368,2.79505e-08,0.000573657,0.00087276,-8.33726e-08,-0.000306783,0.995073,0.654053,7.13613e-05,-0,0,0,0,0,0.0010914,0.00111235,0.000806133,0.00130968,-0.00180648,1.18043e-07,0.000485928,8.81528e-08,0.00241989,8.54736e-07,0.0240101,1.91194e-06,0.000573101,0.002643,7.83758e-08,1.12251e-05,2.32741e-05,1.69038e-08,0,0,0,0,12.7859,5.2322e-05,0.0038595,0.00253691,2.71835e-05,-0.000306783,0,-1.18347e-05,9.6925e-05,-0.000294948,2.60514e-06,0.995073,0,0.995488,0.00133052,-0.000415057,0.000373112,0.654053,0,0.644437,0.00121319,0.00961579,0.000773608,7.13613e-05,0,5.7316e-05,2.98107e-05,1.40454e-05,5.61865e-07
ERF_Log_File_20250113_1728.csv,ig_zn_diff,12,emfpe,6,1,filled_square,7.3um_lp,ERF_OSA207_Spectra_20250113_1727.csv,1.42085e+09,2.56215,0.000859748,0.879782,0.00178214,34.1715,12.8707,0.00146489,0.0081381,2,1.03225,0.00619707,12,12.8276,6.35e-06,0.000289,8.31e-05,7.51e-06,0,6.93e-06,0.00178295,6.18e-05,2.89e-05,5.77e-06,2.54e-05,9.24e-06,0.000344019,4.04e-05,0.00022589,0.648364,0.974393,3.45302e-06,0.00010144,0.00245723,0.00368913,0.000176956,11.5205,0.0435871,-0.00167155,0.000597665,0.000334772,0.000597675,-0.00767009,0.00252031,0.016425,0.0025203,-8.18914e-05,1.09142e-05,0.00840257,0.0121446,0.0110459,0.0146655,0.148335,1.04396,228,10,0.993998,0.977507,0.977507,0.9927,1.0748e-07,0.000753322,0.00113213,1.1655e-09,3.47841e-06,0.996814,0.663283,0.000227254,-0,0,0,0,0,0.00130203,0.00131956,0.00095976,0.00156243,-0.000904984,1.03837e-07,0.000336924,7.11074e-08,-0.00410589,5.71957e-06,0.0173322,6.68326e-06,0.000310477,0.00214381,1.03319e-07,1.58717e-05,3.27658e-05,4.46148e-08,2.16294e-09,0.000895011,0.00160735,1.4999e-07,12.8569,0.000176956,0.00368916,0.00245745,0.00010144,3.45955e-06,-1.8861e-08,-6.97037e-06,9.76566e-05,1.04299e-05,2.7839e-06,0.9916,-0.00521391,0.996211,0.00135887,-0.00461095,0.000427655,0.647335,-0.0159483,0.645928,0.00124459,0.00140734,0.000882859,0.000227499,2.44625e-07,5.5739e-05,3.08818e-05,0.00017176,1.20212e-06
ERF_Log_File_20240905_1719.csv,ig_zn_diff,12,emfpe,3,0,filled_square,7.3um_lp,ERF_OSA207_Spectra_20240905_1719.csv,1.40961e+09,2.61508,0.000715402,0.864582,0.00529491,34.1723,12.9774,0.0026756,0.00695108,2,0.992212,0.0106395,11.796,12.9543,6.35e-06,0.000289,8.31e-05,7.51e-06,0,6.93e-06,0.00179613,6.18e-05,2.89e-05,5.77e-06,2.54e-05,9.24e-06,0.000374477,4.04e-05,-6.31589e-05,0.663425,0.987511,0.000367708,6.45466e-05,0.00163521,0.00242696,0.000136299,14.4686,0.0355056,-0.00166026,0.000432375,0.000253323,0.000432399,0.00365974,0.00245938,0.0200991,0.00245937,-0.000224721,1.05629e-05,0.00673337,0.0166851,0.0128164,0.0142372,0.124742,1.03739,228,10,0.993998,0.977325,0.977325,0.9927,-3.00516e-08,0.000780447,0.0011617,1.24113e-07,0.000370412,1.01042,0.678817,-6.35403e-05,0,0,0,0,0,0.00103673,0.00105925,0.000766752,0.00124407,-0.00150831,4.46558e-08,-1.69561e-05,3.49869e-08,0.00436689,2.03349e-06,0.02328,4.48223e-06,0.000381317,0.00276469,2.11384e-07,3.44035e-05,7.90597e-05,1.95944e-07,2.23377e-07,0.000846312,0.00154045,4.06619e-08,13.0133,0.000136299,0.0024272,0.00163715,6.45469e-05,0.000366435,-3.97746e-06,4.73191e-06,9.77386e-05,0.000361703,3.15628e-06,0.999482,-0.0109404,0.998093,0.00130807,0.00138933,0.000513696,0.647267,-0.0315503,0.649992,0.00133153,-0.00272535,0.00118048,-6.31495e-05,3.90749e-07,4.77597e-05,3.05068e-05,-0.000110909,2.92574e-06
ERF_Log_File_20240906_1155.csv,ig_zn_diff,12,emfpe,3,0,filled_square,7.3um_lp,ERF_OSA207_Spectra_20240906_1154.csv,1.40968e+09,2.44693,0.000737084,0.872219,0.0028455,34.1719,12.9874,0.00191723,0.00673034,2,1.00403,0.00733755,11.796,12.9676,6.35e-06,0.000289,8.31e-05,7.51e-06,0,6.93e-06,0.00179736,6.18e-05,2.89e-05,5.77e-06,2.54e-05,9.24e-06,0.000377308,4.04e-05,-5.37091e-05,0.663734,0.987506,-3.77226e-05,7.68611e-05,0.00148641,0.0022089,0.000138701,13.7168,0.0306421,-0.00105333,0.000382546,-0.000123164,0.000382566,0.00623611,0.00196099,0.0231428,0.00196098,0.000119103,8.42369e-06,0.00757913,0.0103132,0.0110444,0.0136673,0.106162,1.04564,228,10,0.993998,0.977308,0.977308,0.9927,-2.55553e-08,0.000781706,0.00116303,-1.27325e-08,-3.8e-05,1.01043,0.679145,-5.40334e-05,0,0,0,0,0,0.00109355,0.00111492,0.000808093,0.00131226,-0.00151207,4.48294e-08,-1.76361e-05,3.51237e-08,0.0043714,2.04456e-06,0.0233155,4.50661e-06,0.000382426,0.00276869,1.52452e-07,2.47144e-05,5.74044e-05,1.46292e-07,2.29159e-08,0.000846869,0.0015426,3.45781e-08,13.0233,0.000138701,0.00220904,0.00148754,7.68612e-05,-3.7592e-05,4.08041e-07,5.52669e-06,9.76734e-05,-4.31186e-05,3.1792e-06,0.999488,-0.0109472,0.998222,0.00129795,0.00126583,0.000515389,0.647559,-0.0315858,0.650291,0.001338,-0.00273114,0.0011971,-5.37011e-05,3.32285e-07,4.70103e-05,3.03576e-05,-0.000100711,3.05076e-06
ERF_Log_File_20240906_1231.csv,ig_zn_diff,12,emfpe,3,0,filled_square,7.3um_lp,ERF_OSA207_Spectra_20240906_1230.csv,1.40968e+09,2.46292,0.000813212,0.87837,0.00304815,34.1715,12.9895,0.00229438,0.00679099,2,1.00156,0.00868454,11.796,12.9687,6.35e-06,0.000289,8.31e-05,7.51e-06,0,6.93e-06,0.00179763,6.18e-05,2.89e-05,5.77e-06,2.54e-05,9.24e-06,0.000377922,4.04e-05,-0.000101832,0.659359,0.981819,0.000544765,7.8009e-05,0.00174664,0.00259898,0.000129286,13.8385,0.0365845,-0.00152247,0.00044803,-5.52987e-05,0.000448046,0.00802295,0.00222428,0.0290351,0.00222428,0.000212902,9.55441e-06,0.00776796,0.011078,0.0127911,0.0128569,0.132127,1.04423,228,10,0.993998,0.977305,0.977305,0.9927,-4.84526e-08,0.000776747,0.00115662,1.83874e-07,0.000548771,1.00462,0.674671,-0.000102447,-0,0,0,0,0,0.00108393,0.00110524,0.000801013,0.00130072,-0.00151285,4.48651e-08,-1.77961e-05,3.51534e-08,0.00437234,2.0469e-06,0.0233231,4.51179e-06,0.000382661,0.00276954,1.82687e-07,2.95871e-05,6.88815e-05,1.76563e-07,3.30936e-07,0.000842108,0.00153274,6.55598e-08,13.0254,0.000129286,0.00259915,0.00174802,7.80092e-05,0.000542878,-5.89266e-06,5.69435e-06,9.76599e-05,0.000537184,3.184e-06,0.993733,-0.0108856,0.998249,0.00129575,-0.00451568,0.000515664,0.643289,-0.0313819,0.650354,0.00133938,-0.007065,0.00120051,-0.000101817,6.3001e-07,4.68483e-05,3.03261e-05,-0.000148665,3.07726e-06
ERF_Log_File_20240828_1745.csv,ig_zn_diff,12,emfpe,3,0,filled_square,none,ERF_OSA207_Spectra_20240828_1744.csv,1.40892e+09,2.56511,0.000432517,0.889998,0.00388305,34.172,13.1809,0.00270859,0.00867684,2,1.00879,0.00830082,12,0,6.35e-06,0.000289,8.31e-05,7.51e-06,0,6.93e-06,0.00182137,6.18e-05,2.89e-05,5.77e-06,2.54e-05,9.24e-06,0.000314224,4.04e-05,-3.66816e-05,0.672698,0.988866,4.29723e-05,6.98282e-05,0.00100952,0.0014809,0.00010461,16.7647,0.024968,-0.00118982,0.000280684,0.000227972,0.000280743,-0.00133788,0.00253097,0.0224482,0.00253097,-0.000174461,1.08655e-05,0.00841514,0.0153251,0.0180709,0.01262,0.0852375,1.04393,228,10,0.993998,0.976979,0.976979,0.9927,-1.74534e-08,0.000810031,0.00119075,1.45044e-08,4.32883e-05,1.01217,0.688549,-3.69031e-05,0,0,0,0,0,0.000894737,0.000920806,0.000663854,0.00107368,-0.00158741,4.84931e-08,-3.47516e-05,3.79958e-08,0.00445602,2.30177e-06,0.024075,5.07357e-06,0.000405539,0.0028531,2.40324e-07,2.94568e-05,9.47846e-05,3.58823e-07,2.6105e-08,0.000858864,0.0015914,2.36157e-08,13.2173,0.00010461,0.00148119,0.00101407,6.98291e-05,4.28235e-05,-4.64827e-07,2.18705e-05,0.000100009,2.0953e-05,3.60028e-06,1.00107,-0.0110952,1.00061,0.00119349,0.000464044,0.00044129,0.656132,-0.0324174,0.656668,0.00146764,-0.000536177,0.00141996,-3.66762e-05,2.2694e-07,2.63871e-05,2.96832e-05,-6.30632e-05,5.37551e-06
ERF_Log_File_20240828_1707.csv,ig_zn_diff,12,emfpe,3,0,off,none,ERF_OSA207_Spectra_20240828_1707.csv,1.40892e+09,2.57756,0.000445221,0.890908,0.00453132,34.1714,13.182,0.00314472,0.0085555,2,1.0031,0.00973706,12,0,6.35e-06,0.000289,8.31e-05,7.51e-06,0,6.93e-06,0.00182151,6.18e-05,2.89e-05,5.77e-06,2.54e-05,9.24e-06,0.000313803,4.04e-05,6.25395e-05,0.676685,0.994838,-8.49101e-05,5.42682e-05,0.00149757,0.00219908,0.00011791,16.6968,0.0368273,-0.00168371,0.000394676,-0.000198205,0.000394703,0.0023197,0.00240845,0.0297004,0.00240844,-0.000288161,1.03417e-05,0.00650765,0.0149213,0.0170988,0.0141638,0.125269,1.04509,228,10,0.993998,0.976977,0.976977,0.9927,2.97569e-08,0.000814939,0.00119809,-2.86597e-08,-8.55345e-05,1.01828,0.692631,6.29171e-05,-0,0,0,0,0,0.000898376,0.000924652,0.000666582,0.00107805,-0.00158793,4.85172e-08,-3.49343e-05,3.80139e-08,0.00445648,2.3035e-06,0.0240797,5.07736e-06,0.000405716,0.00285362,2.79174e-07,3.41219e-05,0.000110096,4.17335e-07,5.15815e-08,0.000864113,0.00160099,4.02631e-08,13.2184,0.00011791,0.00219935,0.00150171,5.42698e-05,-8.4616e-05,9.18463e-07,2.19682e-05,0.000100047,-0.000106584,3.60256e-06,1.00712,-0.0111629,1.00062,0.00119415,0.00649899,0.000440321,0.66002,-0.0326118,0.656706,0.00146841,0.00331321,0.00142073,6.25302e-05,-3.86917e-07,2.62418e-05,2.96969e-05,3.62884e-05,5.38545e-06
ERF_Log_File_20240905_1756.csv,ig_zn_diff,12,emfpe,3,0,filled_square,7.3um_lp,ERF_OSA207_Spectra_20240905_1755.csv,1.40962e+09,3.60154,0.00160529,0.873812,0.00386567,34.1715,13.3936,0.200139,0.409254,3,1.27547,0.0189551,12.272,13.3936,6.35e-06,0.000289,8.31e-05,7.51e-06,0,6.93e-06,0.0018481,6.18e-05,2.89e-05,5.77e-06,2.54e-05,9.24e-06,0.000235784,4.04e-05,8.2816e-05,0.68174,0.990735,0.000201467,8.18807e-05,0.00109345,0.00157997,0.000202974,10.6816,0.0169375,-0.0020475,0.000300707,5.40466e-05,0.000300775,0.00749632,0.0029405,0.0240792,0.00294049,-0.000302469,1.26317e-05,0.00627897,0.012613,0.0128726,0.0155933,0.0575349,1.04586,228,10,0.993998,0.976618,0.976618,0.9927,3.94046e-08,0.000840826,0.00122193,6.80012e-08,0.000202949,1.01445,0.698062,8.33161e-05,-0,0,0,0,0,0.00140428,0.0014211,0.00103487,0.00168514,-0.00167572,5.34773e-08,-6.40599e-05,4.1901e-08,0.00454271,2.69829e-06,0.0250798,5.94758e-06,0.000434944,0.00296225,1.92111e-05,0.000987398,0.00712737,3.08126e-05,1.22388e-07,0.00087068,0.00163915,5.33172e-08,13.3936,0.000203877,0.00186315,0.00727369,8.74861e-05,0.000200769,-2.17925e-06,3.81641e-05,0.00010522,0.000162605,0,1.00322,-0.0112368,1.00206,0.00139419,0.00116192,0,0.664839,-0.0332233,0.662944,0.00169091,0.00189503,0,8.28037e-05,-5.12363e-07,6.99283e-07,3.36529e-05,8.21044e-05,0
ERF_Log_File_20240906_1118.csv,ig_zn_diff,12,emfpe,3,0,filled_square,7.3um_lp,ERF_OSA207_Spectra_20240906_1118.csv,1.40968e+09,3.31752,0.0018768,0.875766,0.0036373,34.1714,13.4066,0.200178,0.382083,3,1.29459,0.021448,12.272,13.4066,6.35e-06,0.000289,8.31e-05,7.51e-06,0,6.93e-06,0.00184974,6.18e-05,2.89e-05,5.77e-06,2.54e-05,9.24e-06,0.000231001,4.04e-05,-0.00010895,0.681694,0.989752,0.000387116,0.000111065,0.00248632,0.00360418,0.000158999,10.023,0.0364609,-0.000911331,0.000611635,-0.000167947,0.000611664,-0.000625833,0.00296902,0.0249723,0.00296901,-9.36208e-05,1.27544e-05,0.00799884,0.013089,0.0116176,0.011457,0.123858,1.04531,228,10,0.993998,0.976595,0.976595,0.9927,-5.18396e-08,0.000841985,0.00122248,1.30663e-07,0.000389963,1.01347,0.698031,-0.000109608,-0,0,0,0,0,0.00149656,0.00151232,0.00110223,0.00179587,-0.00168136,5.3825e-08,-6.62187e-05,4.21739e-08,0.00454779,2.72699e-06,0.0251475,6.01084e-06,0.000436895,0.00296953,1.93142e-05,0.000870695,0.00710966,3.09016e-05,2.35167e-07,0.000870536,0.00164091,7.01424e-08,13.4066,0.000160162,0.00370788,0.00758904,0.000115284,0.000385775,-4.18739e-06,3.94151e-05,0.000105416,0.00034636,0,1.00224,-0.0112345,1.00212,0.00140397,0.000121111,0,0.664783,-0.033248,0.663406,0.00171913,0.00137721,0,-0.000108934,6.74047e-07,-1.3052e-06,3.42022e-05,-0.000107629,0
ERF_Log_File_20240906_1042.csv,ig_zn_diff,12,emfpe,3,0,filled_square,7.3um_lp,ERF_OSA207_Spectra_20240906_1042.csv,1.40968e+09,3.34267,0.00176367,0.878772,0.0020529,34.1716,13.4071,0.200171,0.381667,3,1.29703,0.0210165,12.272,13.4071,6.35e-06,0.000289,8.31e-05,7.51e-06,0,6.93e-06,0.00184981,6.18e-05,2.89e-05,5.77e-06,2.54e-05,9.24e-06,0.00023081,4.04e-05,6.81562e-05,0.676337,0.980056,-0.000296722,7.65697e-05,0.00239062,0.00346032,0.000169582,10.1288,0.0357163,-0.000914075,0.000601603,-7.4053e-05,0.000601635,-0.000979117,0.00304796,0.0289383,0.00304795,5.29696e-05,1.30931e-05,0.00557401,0.0120566,0.0126183,0.0123409,0.12118,1.04573,228,10,0.993998,0.976595,0.976595,0.9927,3.24293e-08,0.000835417,0.00121057,-1.00153e-07,-0.000298904,1.00354,0.692546,6.85677e-05,0,0,0,0,0,0.00148093,0.00149654,0.00109074,0.00177711,-0.00168152,5.38389e-08,-6.63096e-05,4.21863e-08,0.00454798,2.72811e-06,0.0251501,6.01329e-06,0.000436956,0.00296981,1.93173e-05,0.000866115,0.00710863,3.09032e-05,1.80254e-07,0.000862035,0.00162808,4.38792e-08,13.4071,0.000170673,0.00356709,0.00755713,8.25705e-05,-0.000295694,3.20961e-06,3.94633e-05,0.000105424,-0.000335158,0,0.992419,-0.0111248,1.00212,0.00140433,-0.00969975,0,0.659558,-0.0329878,0.663424,0.00172021,-0.00386567,0,6.81461e-05,-4.21666e-07,-1.38237e-06,3.42234e-05,6.95284e-05,0
ERF_Log_File_20250213_1854.csv,ig_zn_diff,12,emfpe,8,1,filled_square,7.3um_lp,ERF_OSA207_Spectra_20250213_1853.csv,1.42353e+09,3.24475,0.00162129,0.881463,0.00259543,34.1715,13.4949,0.200108,0.292294,3,1.23559,0.0163954,13,13.4949,6.35e-06,0.000289,8.31e-05,7.51e-06,0,6.93e-06,0.00186101,6.18e-05,2.89e-05,5.77e-06,2.54e-05,9.24e-06,0.000198411,4.04e-05,6.25464e-05,0.671727,0.98303,-0.000555219,8.21629e-05,0.00247992,0.00362535,0.000236,8.48649,0.0312546,-0.00305375,0.000632497,0.00172198,0.000632495,-0.00547921,0.00327127,0.0124024,0.00327127,0.000139292,1.41139e-05,0.0050126,0.0105892,0.0114917,0.0143855,0.105738,1.04577,228,10,0.993998,0.976445,0.976445,0.9927,2.97602e-08,0.000837854,0.00122615,-1.87403e-07,-0.000559302,1.00674,0.687931,6.29241e-05,-0,0,0,0,0,0.00176752,0.0017807,0.00130009,0.00212102,-0.00327486,3.00029e-07,0.00247269,2.63064e-07,-0.00616639,5.15963e-06,0.0157993,5.51139e-06,0.00143689,0.00219656,1.99541e-05,3.56439e-05,0.0068907,3.06346e-05,3.47784e-07,0.000941092,0.00176634,4.15306e-08,13.4949,0.000236838,0.00362553,0.00735701,8.76884e-05,-0.000556269,3.0327e-06,4.8079e-05,0.000106794,-0.000604348,0,1.00131,-0.00542989,1.00231,0.00143885,-0.00100078,0,0.671019,-0.0169118,0.666499,0.00190245,0.00452012,0,6.29918e-05,6.77339e-08,-1.49332e-05,3.81527e-05,7.7925e-05,0
ERF_Log_File_20250113_1807.csv,ig_zn_diff,12,emfpe,6,1,filled_square,7.3um_lp,ERF_OSA207_Spectra_20250113_1807.csv,1.42085e+09,4.65919,0.00340735,0.877076,0.00326433,34.1715,13.5087,0.200084,0.655024,3,1.27645,0.014522,13,13.5087,6.35e-06,0.000289,8.31e-05,7.51e-06,0,6.93e-06,0.00186278,6.18e-05,2.89e-05,5.77e-06,2.54e-05,9.24e-06,0.000193323,4.04e-05,-5.42103e-06,0.677284,0.980479,0.000420767,0.000141279,0.00238426,0.00344868,0.000279001,7.03006,0.0246255,-0.00085782,0.000649643,0.000686026,0.000649747,0.00388439,0.00498701,0.0259967,0.004987,3.95553e-05,2.15897e-05,0.00713757,0.0119319,0.0157673,0.0140919,0.0834022,1.04585,228,10,0.993998,0.976422,0.976422,0.9927,-2.57937e-09,0.000846075,0.00122483,1.42022e-07,0.000423861,1.00415,0.693639,-5.45376e-06,-0,0,0,0,0,0.00213369,0.00214457,0.001568,0.00256043,-0.00136477,1.71008e-07,0.000654514,1.17109e-07,-0.0075232,9.82244e-06,0.0219342,1.14774e-05,0.000504821,0.00294574,2.00484e-05,7.79648e-05,0.00684705,3.04631e-05,2.63564e-07,0.00093947,0.00178313,3.59955e-09,13.5087,0.000279717,0.00344955,0.00728061,0.000144526,0.000421563,-2.2983e-06,4.94586e-05,0.000107017,0.000372104,0,0.998736,-0.00541941,1.00231,0.0014389,-0.00357744,0,0.676579,-0.01706,0.666973,0.00192987,0.00960564,0,-5.45963e-06,-5.87064e-09,-1.70402e-05,3.88005e-05,1.15806e-05,0
ERF_Log_File_20250514_1510.csv,ig_zn_diff,13,fmfpe,12,2,filled_square,7.3um_lp,ERF_OSA207_Spectra_20250514_1510.csv,1.43129e+09,3.42109,0.00278384,0.885673,0.00356041,32.4992,13.8522,0.200239,0.508528,3,1.33902,0.0243991,13.5,13.8522,6.35e-06,0.000289,8.31e-05,7.51e-06,0,6.93e-06,0.00158893,6.18e-05,2.89e-05,5.77e-06,2.54e-05,9.24e-06,6.668e-05,4.04e-05,5.06838e-07,0.686313,0.98558,-0.000102809,5.36184e-05,0.00794011,0.0114014,0.000127207,6.07339,0.0702524,-0.00394694,0.000955811,0.00237346,0.000955793,-0.00229921,0.00263448,0.0258362,0.00263448,0.000273845,1.14088e-05,0.00234254,0.00641749,0.0065129,0.00554822,0.243227,1.04526,228,10,0.994694,0.980046,0.980046,0.99368,1.99575e-10,0.000690561,0.00099168,-2.81174e-08,-0.000103463,1.00565,0.700287,5.09542e-07,-0,0,0,0,0,0.00246979,0.00247929,0.0018141,0.00296375,-0.00439225,3.58439e-07,0.0014896,2.6768e-07,0.00627105,2.41237e-06,0.0292157,5.39619e-06,0.00147046,0.00354867,2.21209e-05,0.000810336,0.00520302,1.59864e-05,0,0,0,0,13.8522,0.000129107,0.0114303,0.00948507,5.59518e-05,-0.000103463,0,8.57367e-05,0.000153066,-0.0001892,0,1.00565,0,1.00099,0.00173404,0.00465913,0,0.700287,0,0.677469,0.00239081,0.0228171,0,5.09542e-07,0,-5.96705e-05,4.89698e-05,6.018e-05,0
ERF_Log_File_20240905_1832.csv,ig_zn_diff,12,emfpe,3,0,filled_square,7.3um_lp,ERF_OSA207_Spectra_20240905_1831.csv,1.40962e+09,3.48573,0.00332964,0.871625,0.00406865,34.1714,13.9682,0.200385,0.213909,3,1.5201,0.0318646,12.787,13.9682,6.35e-06,0.000289,8.31e-05,7.51e-06,0,6.93e-06,0.00193635,6.18e-05,2.89e-05,5.77e-06,2.54e-05,9.24e-06,2.39061e-05,4.04e-05,-0.000332295,0.699038,0.987432,0.000810566,0.000113135,0.00175074,0.00245987,0.000271521,7.26275,0.0180083,-0.00184597,0.000467246,-0.000355457,0.000467334,0.00377467,0.00420566,0.0341131,0.00420566,-0.000202503,1.80646e-05,0.00590042,0.0128542,0.0123553,0.0141781,0.0609953,1.04587,228,10,0.993998,0.975641,0.975641,0.9927,-1.58109e-07,0.000917807,0.00129646,2.7359e-07,0.000816527,1.01209,0.716491,-0.000334301,-0,0,0,0,0,0.00206533,0.00207673,0.0015182,0.0024784,-0.0019161,7.75009e-08,-0.000215487,6.07303e-08,0.00473991,4.5559e-06,0.0288621,1.00421e-05,0.000532898,0.0033602,2.2688e-05,0.000205686,0.00441343,6.91027e-06,4.92406e-07,0.000893752,0.00174822,2.13933e-07,13.9682,0.000272463,0.00246873,0.00473655,0.000113346,0.000807759,-8.76781e-06,9.87142e-05,0.000203467,0.000709045,0,1.00056,-0.0115258,1.00067,0.00183685,-0.000113639,0,0.681517,-0.0349743,0.68026,0.00266042,0.00125716,0,-0.000332246,2.05583e-06,-6.64009e-05,5.40676e-05,-0.000265845,0
ERF_Log_File_20240906_0930.csv,ig_zn_diff,12,emfpe,3,0,filled_square,7.3um_lp,ERF_OSA207_Spectra_20240906_0930.csv,1.40967e+09,3.20402,0.00354408,0.880372,0.00356177,34.1727,13.9838,0.200375,0.206333,3,1.5256,0.0314725,12.787,13.9838,6.35e-06,0.000289,8.31e-05,7.51e-06,0,6.93e-06,0.00193846,6.18e-05,2.89e-05,5.77e-06,2.54e-05,9.24e-06,1.81406e-05,4.04e-05,-0.00023368,0.691116,0.975907,-0.000374338,0.000143402,0.00435317,0.0061472,0.000223989,6.9108,0.0434735,-0.0017514,0.00103912,-0.00136998,0.00103916,0.00290739,0.00481656,0.0237917,0.00481655,0.000133721,2.06921e-05,0.0071236,0.0109742,0.0156098,0.0111179,0.147954,1.04584,228,10,0.993998,0.975614,0.975614,0.9927,-1.11187e-07,0.000908912,0.00128345,-1.2635e-07,-0.000377091,1.0003,0.708391,-0.000235091,0,0,0,0,0,0.00217052,0.00218111,0.00159508,0.00260462,-0.00192211,7.84859e-08,-0.000221415,6.15022e-08,0.00474446,4.62483e-06,0.0289895,1.01941e-05,0.000535881,0.0033734,2.27557e-05,9.49318e-05,0.00429836,5.53655e-06,2.27404e-07,0.000883436,0.00172856,1.50444e-07,13.9838,0.000225136,0.00614799,0.00610967,0.000143509,-0.000373042,4.04917e-06,0.000100483,0.000210285,-0.000473525,0,0.988907,-0.0113938,1.00066,0.00184875,-0.0117552,0,0.67382,-0.0345709,0.680598,0.00269502,-0.00677854,0,-0.000233645,1.44572e-06,-6.68825e-05,5.4731e-05,-0.000166763,0
ERF_Log_File_20240906_1006.csv,ig_zn_diff,12,emfpe,3,0,filled_square,7.3um_lp,ERF_OSA207_Spectra_20240906_1006.csv,1.40967e+09,3.19474,0.00343658,0.877197,0.00578703,34.1724,13.9884,0.200459,0.205273,3,1.55407,0.0348719,12.787,13.9884,6.35e-06,0.000289,8.31e-05,7.51e-06,0,6.93e-06,0.00193907,6.18e-05,2.89e-05,5.77e-06,2.54e-05,9.24e-06,1.64623e-05,4.04e-05,-0.00013232,0.702088,0.990196,4.33426e-05,0.000113189,0.0018094,0.00254123,0.0002831,6.75006,0.0172222,-0.00134786,0.000483356,-0.000438694,0.000483474,0.0194834,0.00466128,0.0245535,0.00466127,-0.000527019,2.00256e-05,0.00548137,0.012354,0.0132622,0.013753,0.058339,1.04587,228,10,0.993998,0.975606,0.975606,0.9927,-6.2959e-08,0.000923787,0.00130287,1.46294e-08,4.36613e-05,1.01495,0.719643,-0.000133119,0,0,0,0,0,0.0022222,0.00223285,0.00163301,0.00266664,-0.00192394,7.87809e-08,-0.000223202,6.17325e-08,0.00474578,4.64536e-06,0.0290274,1.02393e-05,0.000536784,0.00337732,2.27854e-05,6.19391e-05,0.00426616,5.12926e-06,2.63299e-08,0.000896406,0.00175605,8.51881e-08,13.9884,0.000284011,0.00254208,0.00462377,0.000113305,4.31925e-05,-4.68832e-07,0.000101006,0.000212296,-5.78132e-05,0,1.00339,-0.0115614,1.00066,0.00185217,0.00273391,0,0.684525,-0.0351177,0.680697,0.00270517,0.00382809,0,-0.0001323,8.18632e-07,-6.70108e-05,5.49259e-05,-6.52895e-05,0
ERF_Log_File_20240906_0854.csv,ig_zn_diff,12,emfpe,3,0,filled_square,7.3um_lp,ERF_OSA207_Spectra_20240906_0854.csv,1.40967e+09,3.2001,0.00372262,0.877248,0.00332475,34.1723,13.994,0.200516,0.200187,3,1.56613,0.0370361,12.787,13.994,6.35e-06,0.000289,8.31e-05,7.51e-06,0,6.93e-06,0.00193984,6.18e-05,2.89e-05,5.77e-06,2.54e-05,9.24e-06,1.43818e-05,4.04e-05,9.4296e-06,0.698975,0.987064,-0.000247481,0.000120555,0.00244848,0.00344233,0.000303058,6.82308,0.023705,-0.00190325,0.000648979,-0.00165474,0.000649095,0.00861948,0.00531425,0.0238536,0.00531424,0.000178353,2.28261e-05,0.00591367,0.0153302,0.0146231,0.0148502,0.0804897,1.04587,228,10,0.993998,0.975597,0.975597,0.9927,4.48669e-09,0.00092024,0.00129953,-8.35324e-08,-0.000249301,1.01175,0.716459,9.48654e-06,0,0,0,0,0,0.00219842,0.00220912,0.00161558,0.0026381,-0.00192606,7.91419e-08,-0.000225344,6.20158e-08,0.0047474,4.67048e-06,0.0290736,1.02947e-05,0.000537851,0.0033821,2.2805e-05,4.02941e-05,0.00424502,4.85962e-06,1.50341e-07,0.000893612,0.00174832,6.07081e-09,13.994,0.000303911,0.00344261,0.00489106,0.000120653,-0.000246624,2.67698e-06,0.000101643,0.000214746,-0.000348267,0,1.00023,-0.0115258,1.00066,0.00185615,-0.000430712,0,0.681499,-0.0349594,0.680815,0.0027174,0.000684007,0,9.4282e-06,-5.83387e-08,-6.71412e-05,5.51621e-05,7.65694e-05,0
ERF_Log_File_20240905_1908.csv,ig_zn_diff,12,emfpe,3,0,filled_square,7.3um_lp,ERF_OSA207_Spectra_20240905_1908.csv,1.40962e+09,2.98719,0.00756342,0.874461,0.00625137,34.1712,14.7334,0.201039,0.114158,3,1.79459,0.0529288,13.344,14.7334,6.35e-06,0.000289,8.31e-05,7.51e-06,0,6.93e-06,0.00204197,6.18e-05,2.89e-05,5.77e-06,2.54e-05,9.24e-06,2.87801e-05,4.04e-05,7.73235e-05,0.712166,0.995705,0.000633485,0.00014732,0.00381947,0.00532915,0.000426918,4.58111,0.0244021,-0.00195008,0.000998505,-0.00153509,0.000998684,-0.00833014,0.00847335,0.0332916,0.00847334,-0.000285653,3.63952e-05,0.00484528,0.0146178,0.0170463,0.0140648,0.0827134,1.04587,228,10,0.993998,0.975587,0.975587,0.9927,3.67912e-08,0.000938201,0.00131173,2.1382e-07,0.000638143,1.02062,0.729987,7.77904e-05,-0,0,0,0,0,0.00327432,0.00328163,0.00240354,0.00392918,-0.00211987,1.5899e-07,-0.000652417,1.24599e-07,0.00490726,9.3055e-06,0.0369752,2.05112e-05,0.000693073,0.00418824,2.28776e-05,1.88334e-05,0.00423384,4.60198e-06,3.84832e-07,0.000905915,0.00178654,4.97811e-08,14.7334,0.000427528,0.0053292,0.00569408,0.000147392,0.000631291,-6.85234e-06,0.000102326,0.000217372,0.000528965,0,1.00889,-0.0117332,1.00066,0.00186041,0.00823001,0,0.694745,-0.0352422,0.680942,0.00273049,0.0138033,0,7.7312e-05,-4.78382e-07,-6.72786e-05,5.54149e-05,0.000144591,0
ERF_Log_File_20240905_2146.csv,ig_zn_diff,12,emfpe,3,0,filled_square,7.3um_lp,ERF_OSA207_Spectra_20240905_2145.csv,1.40963e+09,2.86174,0.00740031,0.87806,0.00568636,34.1716,14.7536,0.201014,0.111785,3,1.91674,0.0528455,13.344,14.7536,6.35e-06,0.000289,8.31e-05,7.51e-06,0,6.93e-06,0.00204479,6.18e-05,2.89e-05,5.77e-06,2.54e-05,9.24e-06,2.92379e-05,4.04e-05,0.000523972,0.707895,0.994881,-0.000238318,0.000223512,0.00595226,0.00835938,0.000498797,4.46436,0.0374273,0.000538437,0.00149558,-0.000262307,0.00149572,0.00943783,0.00899309,0.0356307,0.00899308,0.000247855,3.86584e-05,0.00717407,0.0146546,0.0179242,0.015989,0.127526,1.04585,228,10,0.993998,0.975587,0.975587,0.9927,2.4931e-07,0.000932574,0.00131065,-8.04395e-08,-0.000240071,1.01978,0.725609,0.000527136,0,0,0,0,0,0.00335994,0.00336707,0.00246625,0.00403193,-0.00212155,1.62238e-07,-0.000668568,1.27144e-07,0.00491007,9.47221e-06,0.037246,2.08787e-05,0.00069753,0.00421561,2.28748e-05,1.8831e-05,0.00423332,4.60141e-06,1.44774e-07,0.000905288,0.00177597,3.37335e-07,14.7536,0.000499319,0.00835941,0.00729789,0.000223559,-0.000237493,2.57786e-06,0.000102326,0.000217372,-0.000339818,0,1.00805,-0.0117264,1.00066,0.00186041,0.00739224,0,0.690588,-0.0350209,0.680942,0.00273049,0.00964676,0,0.000523894,-3.24169e-06,-6.72786e-05,5.54149e-05,0.000591173,0
ERF_Log_File_20240906_0818.csv,ig_zn_diff,12,emfpe,3,0,filled_square,7.3um_lp,ERF_OSA207_Spectra_20240906_0817.csv,1.40967e+09,2.85809,0.00695548,0.878222,0.00574296,34.1737,14.7549,0.201204,0.114833,3,1.87906,0.0574057,13.344,14.7549,6.35e-06,0.000289,8.31e-05,7.51e-06,0,6.93e-06,0.00204498,6.18e-05,2.89e-05,5.77e-06,2.54e-05,9.24e-06,2.9268e-05,4.04e-05,5.68131e-05,0.703726,0.98688,0.000713175,0.000220279,0.00455168,0.00639951,0.00041614,4.49606,0.0289784,-0.00418754,0.00119494,-0.00131134,0.00119492,0.0152277,0.0091272,0.0310662,0.00912718,0.000354482,3.92081e-05,0.00712421,0.0122499,0.0227419,0.0134293,0.0981971,1.04583,228,10,0.993998,0.975587,0.975587,0.9927,2.70322e-08,0.000927081,0.00130011,2.40718e-07,0.000718419,1.01158,0.721336,5.71562e-05,0,0,0,0,0,0.00333625,0.00334331,0.00244886,0.00400351,-0.00212155,1.62448e-07,-0.000669622,1.27309e-07,0.00491026,9.48302e-06,0.0372635,2.09025e-05,0.000697793,0.00421738,2.28964e-05,1.88488e-05,0.00423732,4.60576e-06,4.33243e-07,0.000898016,0.00176552,3.65765e-08,14.7549,0.000416766,0.00639955,0.00621138,0.000220327,0.000710705,-7.71434e-06,0.000102326,0.000217372,0.000608379,0,0.999943,-0.0116322,1.00066,0.00186041,-0.000714858,0,0.686522,-0.034814,0.680942,0.00273049,0.00558032,0,5.68047e-05,-3.51489e-07,-6.72786e-05,5.54149e-05,0.000124083,0
ERF_Log_File_20240905_1957.csv,ig_zn_diff,12,emfpe,3,0,filled_square,7.3um_lp,ERF_OSA207_Spectra_20240905_1957.csv,1.40962e+09,2.96039,0.0181669,0.863533,0.0138893,34.1714,15.5272,0.20126,0.0767688,3,1.64453,0.057494,13.951,15.5272,6.35e-06,0.000289,8.31e-05,7.51e-06,0,6.93e-06,0.00214151,6.18e-05,2.89e-05,5.77e-06,2.54e-05,9.24e-06,4.35478e-05,4.04e-05,0.000335753,0.694002,1.00296,0.000703536,0.000396734,0.0126378,0.018231,0.00060208,2.80998,0.0509654,-0.00104625,0.00326393,0.000619697,0.00326422,-0.00387538,0.020506,0.0139026,0.0205059,0.000354777,8.80686e-05,0.0080183,0.0228386,0.024279,0.0121414,0.172862,1.04584,228,10,0.993998,0.975587,0.975587,0.9927,1.59755e-07,0.000914271,0.00132129,2.37465e-07,0.00070871,1.02806,0.711369,0.00033778,-0,0,0,0,0,0.00533812,0.00534267,0.003916,0.00640574,-0.00193121,3.42402e-07,-0.00151837,2.68344e-07,0.00495249,1.77529e-05,0.0502072,3.91309e-05,0.000862394,0.00551597,2.29028e-05,1.88541e-05,0.0042385,4.60704e-06,4.27387e-07,0.000917457,0.00174644,2.16159e-07,15.5272,0.000602513,0.018231,0.0133262,0.000396761,0.0007011,-7.61007e-06,0.000102326,0.000217372,0.000598774,0,1.01613,-0.0119305,1.00066,0.00186041,0.0154693,0,0.6774,-0.0339684,0.680942,0.00273049,-0.00354145,0,0.000335703,-2.07722e-06,-6.72786e-05,5.54149e-05,0.000402982,0
ERF_Log_File_20240905_2033.csv,ig_zn_diff,12,emfpe,3,0,filled_square,7.3um_lp,ERF_OSA207_Spectra_20240905_2033.csv,1.40963e+09,3.01812,0.0170607,0.883231,0.013998,34.1712,15.5465,0.201937,0.0753375,3,1.81541,0.0722878,13.951,15.5465,6.35e-06,0.000289,8.31e-05,7.51e-06,0,6.93e-06,0.00214436,6.18e-05,2.89e-05,5.77e-06,2.54e-05,9.24e-06,4.38672e-05,4.04e-05,0.000846697,0.67958,0.983664,0.000902244,0.000411998,0.00813294,0.0117337,0.000565656,2.92685,0.0347574,-0.000289116,0.00222685,-0.00254452,0.00222749,-0.0278765,0.0189707,0.0808448,0.0189708,0.000232381,8.14704e-05,0.00866828,0.0211689,0.0232064,0.011886,0.117792,1.04587,228,10,0.993998,0.975587,0.975587,0.9927,4.02866e-07,0.000895272,0.00129587,3.04534e-07,0.000908879,1.00828,0.696586,0.00085181,-0,0,0,0,0,0.00512496,0.00512953,0.00375969,0.00614996,-0.00191871,3.4847e-07,-0.0015459,2.73099e-07,0.00495187,1.80108e-05,0.0506002,3.96995e-05,0.000866152,0.00555522,2.29798e-05,1.89175e-05,0.00425275,4.62254e-06,5.48099e-07,0.000899925,0.00171028,5.45106e-07,15.5465,0.00056612,0.0117337,0.00917271,0.000412024,0.000899119,-9.75948e-06,0.000102326,0.000217372,0.000796794,0,0.996576,-0.0117036,1.00066,0.00186041,-0.0040827,0,0.663332,-0.0332538,0.680942,0.00273049,-0.0176098,0,0.000846571,-5.23831e-06,-6.72786e-05,5.54149e-05,0.00091385,0
ERF_Log_File_20240905_2110.csv,ig_zn_diff,12,emfpe,3,0,filled_square,7.3um_lp,ERF_OSA207_Spectra_20240905_2109.csv,1.40963e+09,3.00846,0.0175573,0.881349,0.0138545,34.1713,15.5587,0.201328,0.0812704,3,1.68441,0.0592177,13.951,15.5587,6.35e-06,0.000289,8.31e-05,7.51e-06,0,6.93e-06,0.00214616,6.18e-05,2.89e-05,5.77e-06,2.54e-05,9.24e-06,4.40685e-05,4.04e-05,-0.000479984,0.690517,0.997946,-0.0010515,0.000451671,0.00427995,0.00609431,0.000564794,2.88765,0.0173384,-0.00303911,0.00116421,0.000699109,0.00116499,0.0132525,0.0190973,0.0670219,0.0190973,0.00025551,8.19831e-05,0.0093789,0.0220126,0.0230038,0.0117094,0.0587308,1.04587,228,10,0.993998,0.975587,0.975587,0.9927,-2.28381e-07,0.00090968,0.00131468,-3.54913e-07,-0.00105923,1.02292,0.707796,-0.000482882,-0,0,0,0,0,0.00519454,0.00519917,0.00381073,0.00623344,-0.00191056,3.52351e-07,-0.00156353,2.7614e-07,0.00495143,1.81753e-05,0.0508506,4.0062e-05,0.000868522,0.00558021,2.29105e-05,1.88604e-05,0.00423993,4.6086e-06,6.3877e-07,0.000913067,0.00173789,3.09015e-07,15.5587,0.000565256,0.00609435,0.00601693,0.000451695,-0.00104786,1.1374e-05,0.000102326,0.000217372,-0.00115018,0,1.01104,-0.0118752,1.00066,0.00186041,0.0103851,0,0.674013,-0.0337835,0.680942,0.00273049,-0.00692868,0,-0.000479913,2.96954e-06,-6.72786e-05,5.54149e-05,-0.000412634,0
