filename,int_sphere,ap_dia_mm,driver,alignment_session,measurement_campaign,beam_dither,filter,spectrum_filename,gps_time_s,monitor_mn,monitor_sd,sigma_delta_output_mean,sigma_delta_output_sd,em_telescope_temp_c,wavelength_um,wavelength_center_um_sd,wavelength_gauss_amp,wavelength_source,wavelength_um_fwhm,wavelength_fwhm_um_sd,wavelength_um_opa,wavelength_um_grating,u_pbrr_ap_align,u_pbrr_stray,u_pbrr_ap_d,u_pbrr_det_ap,u_pbrr_det_ap_diff,u_pbrr_ent_ap,u_pbrr_ent_ap_diff,u_pbrr_nonequiv,u_pbrr_nonlinear,u_pbrr_rhtr,u_pbrr_rtop,u_pbrr_rtrace,u_pbrr_vacnt,u_pbrr_vref,gf_resp,u_resp_noise_lst,gf_l0,gf_l0_sd,gf_gx,gf_gx_sd,gf_gy,gf_gy_sd,gf_gp,gf_gp_sd,gf_gw,gf_gw_sd,gf_gt,gf_gt_sd,gf_sigma_lst,gf_sigma_pbrr,gf_rel_sigma_lst,gf_redchi,gf_ndata,gf_nvarys,c_scirad_out_of_field,u_scirad_out_of_field,srf_lst,u_scirad_nonlinear_lst,gf_gx_smooth,gf_gx_sd_smooth,gf_gy_smooth,gf_gy_sd_smooth,gf_gp_smooth,gf_gp_sd_smooth,gf_gw_smooth,gf_gw_sd_smooth,u_spatial_unif,u_angular_unif,u_wavelength_dsrf_dwl_lst,u_lst_campaign_correction,u_random_lst,srf_lst_corrected,srf_lst_campaign_correction,srf_fit_lst,srf_fit_lst_sd,srf_fit_lst_res
ERF_Log_File_20250603_1403.csv,sp,13,p02,2,0,filled_square,prism,CCS200_Spectrum_1433016251.csv,1.43302e+09,2.33758,0.00032531,0.416308,0.0108277,29.1468,0.266672,0.00012832,0.370828,1,0.00150689,6.4642e-05,0.267,0,6.35e-06,0.000289,8.31e-05,7.51e-06,0,6.93e-06,3.05015e-05,6.18e-05,2.89e-05,5.77e-06,2.54e-05,9.24e-06,0.000123406,4.04e-05,0.0494501,0.000374742,6.23802,0.0193631,-0.000883919,0.000619332,0.00120339,0.000742544,-0.2588,0.146669,-0.301933,0.146672,0.000556655,0.00072314,0.0148216,0.0633203,0.0480511,1.11864,66,7,0.981195,1.43286e-05,0.0503978,0.00240463,0.000177863,1.62634e-07,4.07518e-05,1.33102e-07,0.00516431,0.00115572,0.0941093,0.00325862,5.46538e-05,0.00994578,0.00035821,1.30928e-05,0.000518407,0.0503498,-4.80766e-05,0.049569,0.000428537,0.000780715
ERF_Log_File_20251022_0839.csv,sp,13,p02,4,1,filled_square,prism,CCS200_Spectrum_1445179189.csv,1.44518e+09,3.14483,0.00117533,0.405759,0.00348067,29.1044,0.274133,0.000130147,0.307022,1,0.00168059,8.35677e-05,0.275,0,6.35e-06,0.000289,8.31e-05,7.51e-06,0,6.93e-06,3.14077e-05,6.18e-05,2.89e-05,5.77e-06,2.54e-05,9.24e-06,0.000123406,4.04e-05,0.0310159,0.000224385,7.0195,0.029324,0.000522593,0.000823266,-0.000620658,0.000901236,0.0773178,0.12519,-0.16967,0.125193,-0.000510061,0.000644709,0.00892679,0.0957591,0.0409994,1.11864,66,7,0.981379,8.5382e-06,0.0316044,0.00213692,0.000696779,1.86565e-07,-4.76851e-05,1.44956e-07,0.0421163,0.000815832,0.0379479,0.00100544,0.000186116,0.00800854,0.000273537,9.06427e-06,0.000353795,0.0315648,-3.96446e-05,0.0312752,0.00035476,0.000289588
ERF_Log_File_20251021_2140.csv,sp,13,p02,4,1,filled_square,prism,CCS200_Spectrum_1445139647.csv,1.44514e+09,3.33347,0.000814086,0.41086,0.00629048,29.1842,0.274139,0.00012988,0.323431,1,0.00168857,8.10996e-05,0.275,0,6.35e-06,0.000289,8.31e-05,7.51e-06,0,6.93e-06,3.14084e-05,6.18e-05,2.89e-05,5.77e-06,2.54e-05,9.24e-06,0.000123406,4.04e-05,0.0313161,0.000172904,7.46079,0.0305631,0.000756489,0.000804639,-1.21721e-06,0.000839615,-0.039394,0.0784284,-0.11709,0.0784291,-0.00123621,0.000421291,0.00600151,0.0999256,0.0256832,1.11864,66,7,0.981379,8.6205e-06,0.0319103,0.00201052,0.000697169,1.86511e-07,-4.79189e-05,1.44916e-07,0.042108,0.000815672,0.0379403,0.00100524,0.000186272,0.00800695,0.0002729,9.152e-06,0.000323064,0.0318703,-4.00283e-05,0.0312626,0.000354736,0.000607696
ERF_Log_File_20260210_1548.csv,sp,13,p02,5,2,filled_square,prism,CCS200_Spectrum_1454798928.csv,1.4548e+09,3.69878,0.00022094,0.403908,0.00285777,29.1032,0.274184,0.000132715,0.228705,1,0.00150807,0.000104297,0.275,0,6.35e-06,0.000289,8.31e-05,7.51e-06,0,6.93e-06,3.14133e-05,6.18e-05,2.89e-05,5.77e-06,2.54e-05,9.24e-06,0.000123406,4.04e-05,0.0313981,0.000215827,7.34606,0.0360607,0.00022866,0.00096507,8.57377e-05,0.00101369,0.0120359,0.101998,-0.462008,0.102022,-9.50518e-05,0.000544857,0.0077048,0.117967,0.0334039,1.11864,66,7,0.98138,8.64043e-06,0.0319938,0.00204192,-0.000136937,1.10842e-07,-0.000728391,1.16284e-07,0.0217653,0.000717994,0.0556862,0.00124548,0.000216332,0.00774773,0.00027828,9.26424e-06,0.000352167,0.032034,4.01509e-05,0.0311681,0.000354558,0.000865866
ERF_Log_File_20250603_1424.csv,sp,13,p02,2,0,filled_square,prism,CCS200_Spectrum_1433017458.csv,1.43302e+09,2.9999,0.000322131,0.410172,0.00537745,29.139,0.274511,0.000130534,0.307439,1,0.00169523,8.70754e-05,0.275,0,6.35e-06,0.000289,8.31e-05,7.51e-06,0,6.93e-06,3.14487e-05,6.18e-05,2.89e-05,5.77e-06,2.54e-05,9.24e-06,0.000123406,4.04e-05,0.0287859,0.000211698,8.48246,0.0306564,-0.000355741,0.000717596,0.000426538,0.000822864,0.193805,0.135884,-0.27696,0.135889,0.000981892,0.000710805,0.0108606,0.100645,0.0444814,1.11862,66,7,0.981388,7.90395e-06,0.0293318,0.00176837,0.000920522,1.04702e-07,-0.000365853,8.87024e-08,0.00392363,0.000940854,0.0727688,0.00252233,0.000321594,0.00768473,0.000269577,7.6201e-06,0.000342765,0.0293038,-2.79809e-05,0.0304873,0.000353328,-0.00118345
ERF_Log_File_20251021_2119.csv,sp,13,p02,4,1,filled_square,prism,CCS200_Spectrum_1445138374.csv,1.44514e+09,4.29577,0.000723774,0.401416,0.00126853,29.1851,0.28215,0.000130581,0.301744,1,0.00178437,8.7603e-05,0.283,0,6.35e-06,0.000289,8.31e-05,7.51e-06,0,6.93e-06,3.22888e-05,6.18e-05,2.89e-05,5.77e-06,2.54e-05,9.24e-06,0.000123406,4.04e-05,0.0166943,0.000101183,9.89324,0.0326487,0.00076961,0.000650727,0.000396127,0.000721666,0.0358751,0.107726,0.186036,0.10773,-0.00120149,0.000547839,0.00582777,0.106501,0.03528,1.11864,66,7,0.981582,4.35428e-06,0.0170075,0.00151619,0.00102421,1.28229e-07,-0.0003155,1.01207e-07,0.0322495,0.000624947,0.028919,0.00077019,0.000334927,0.00611848,0.00016942,4.87783e-06,0.000197335,0.0169862,-2.13343e-05,0.0176109,0.000333355,-0.000624646
ERF_Log_File_20260210_1527.csv,sp,13,p02,5,2,filled_square,prism,CCS200_Spectrum_1454797654.csv,1.4548e+09,2.78586,0.00014551,0.401613,0.00135384,29.1001,0.282341,0.000132119,0.244145,1,0.001621,9.99462e-05,0.283,0,6.35e-06,0.000289,8.31e-05,7.51e-06,0,6.93e-06,3.23101e-05,6.18e-05,2.89e-05,5.77e-06,2.54e-05,9.24e-06,0.000123406,4.04e-05,0.0172062,0.000100779,11.1951,0.0261843,0.0012137,0.000463429,-0.00107642,0.000552747,-0.252612,0.113792,0.013718,0.113784,-0.00224505,0.00052938,0.00717883,0.085174,0.0372613,1.11864,66,7,0.981587,4.48216e-06,0.017529,0.00133988,0.00052074,7.09561e-08,-0.000725801,7.63907e-08,0.0169771,0.000542046,0.0427318,0.000940272,0.000311635,0.00597279,0.000168794,5.07574e-06,0.00019659,0.017551,2.19981e-05,0.0173649,0.000330413,0.000186053
ERF_Log_File_20250603_1444.csv,sp,13,p02,2,0,filled_square,prism,CCS200_Spectrum_1433018665.csv,1.43302e+09,3.79661,0.000284791,0.400431,0.000305287,29.128,0.282627,0.000132298,0.27442,1,0.00186602,0.000101818,0.283,0,6.35e-06,0.000289,8.31e-05,7.51e-06,0,6.93e-06,3.23422e-05,6.18e-05,2.89e-05,5.77e-06,2.54e-05,9.24e-06,0.000123406,4.04e-05,0.0148283,0.000251143,10.5432,0.0221288,0.000901632,0.000431145,-0.000544373,0.000632082,0.636993,0.356685,0.728688,0.356735,-0.000998393,0.000815843,0.0182566,0.0724272,0.116761,1.11864,66,7,0.981594,3.85544e-06,0.0151063,0.00142272,0.00126103,6.81315e-08,-0.0005626,6.00385e-08,0.00283454,0.000756833,0.0551082,0.00192133,0.000455907,0.00580756,0.000165086,3.92447e-06,0.000300543,0.0150919,-1.44106e-05,0.0170037,0.000326025,-0.00191181
ERF_Log_File_20251021_2058.csv,sp,13,p02,4,1,filled_square,prism,CCS200_Spectrum_1445137101.csv,1.44514e+09,4.04148,0.000716014,0.39852,0.000820128,29.1839,0.289103,0.000138866,0.181085,1,0.00173292,0.00014411,0.29,0,6.35e-06,0.000289,8.31e-05,7.51e-06,0,6.93e-06,3.30743e-05,6.18e-05,2.89e-05,5.77e-06,2.54e-05,9.24e-06,0.000123406,4.04e-05,0.0112982,0.00013257,9.2188,0.0779214,0.00172403,0.00166127,-0.000266657,0.00174213,-0.116947,0.172477,0.39429,0.172504,-0.000696335,0.000922717,0.00588361,0.254784,0.0564837,1.11864,66,7,0.981761,2.81509e-06,0.0115081,0.00162711,0.00109569,9.55379e-08,-0.00040977,7.64648e-08,0.0254015,0.000492794,0.0225896,0.000607324,0.000376365,0.0048004,7.74919e-05,3.30057e-06,0.000153557,0.0114937,-1.44358e-05,0.01114,0.000238282,0.000353636
ERF_Log_File_20260210_1506.csv,sp,13,p02,5,2,filled_square,prism,CCS200_Spectrum_1454796380.csv,1.4548e+09,2.82388,0.000205289,0.398781,0.000600024,29.099,0.289346,0.000141258,0.15259,1,0.00153212,0.000156551,0.29,0,6.35e-06,0.000289,8.31e-05,7.51e-06,0,6.93e-06,3.31019e-05,6.18e-05,2.89e-05,5.77e-06,2.54e-05,9.24e-06,0.000123406,4.04e-05,0.0116283,0.000122518,11.2062,0.0152428,0.00040833,0.000274653,-0.000866657,0.000399742,-0.221886,0.221629,0.459434,0.221668,-0.00106815,0.000510383,0.00945847,0.0491067,0.0725795,1.11864,66,7,0.981767,2.8928e-06,0.0118443,0.00133855,0.000772348,4.8509e-08,-0.000660233,5.36132e-08,0.0135974,0.00042291,0.0336593,0.000733609,0.000358145,0.00472713,7.50928e-05,3.42966e-06,0.000143699,0.0118591,1.4864e-05,0.0110078,0.000235404,0.000851361
ERF_Log_File_20250603_1504.csv,sp,13,p02,2,0,filled_square,prism,CCS200_Spectrum_1433019872.csv,1.43302e+09,3.89357,0.000323869,0.400916,0.00048354,29.1219,0.289753,0.000142237,0.167772,1,0.00183722,0.000162616,0.29,0,6.35e-06,0.000289,8.31e-05,7.51e-06,0,6.93e-06,3.3148e-05,6.18e-05,2.89e-05,5.77e-06,2.54e-05,9.24e-06,0.000123406,4.04e-05,0.0096935,0.000158226,10.2698,0.0105829,0.0021956,0.000212874,-0.0014145,0.000321318,-0.145149,0.345592,0.0165023,0.345585,-0.000989212,0.000424983,0.011268,0.0346427,0.113193,1.11864,66,7,0.981778,2.40516e-06,0.00987341,0.00146059,0.00132319,4.94446e-08,-0.000610971,4.46782e-08,0.0020233,0.000622438,0.0426685,0.00150286,0.00048354,0.00448118,6.93044e-05,2.56501e-06,0.000172738,0.00986399,-9.41867e-06,0.0108004,0.000230565,-0.000936439
ERF_Log_File_20251021_2036.csv,sp,13,p02,4,1,filled_square,prism,CCS200_Spectrum_1445135827.csv,1.44514e+09,3.16736,0.000715497,0.538918,0.00103108,29.1806,0.302761,0.000133397,0.24555,1,0.00192619,0.000109972,0.304,0,6.35e-06,0.000289,8.31e-05,7.51e-06,0,6.93e-06,3.46743e-05,6.18e-05,2.89e-05,5.77e-06,2.54e-05,9.24e-06,0.000119414,4.04e-05,0.0101253,7.06262e-05,13.7134,0.0290631,0.000660124,0.000422297,-0.000305014,0.000537443,0.0556143,0.140891,0.0569034,0.140891,-0.000759464,0.000584291,0.00640762,0.0943154,0.0461448,1.11864,66,7,0.982121,2.31266e-06,0.0103096,0.00109382,0.000910872,5.95845e-08,-0.000377286,4.8504e-08,0.0155339,0.000302615,0.0133613,0.000372945,0.00032204,0.00289034,2.05108e-05,2.95684e-06,7.35442e-05,0.0102967,-1.29324e-05,0.0103181,0.000164602,-2.14128e-05
ERF_Log_File_20250603_1524.csv,sp,13,p02,2,0,filled_square,prism,CCS200_Spectrum_1433021079.csv,1.43302e+09,3.27029,0.000181041,0.542775,0.000328017,29.115,0.303254,0.000131114,0.292357,1,0.00183352,9.21549e-05,0.304,0,6.35e-06,0.000289,8.31e-05,7.51e-06,0,6.93e-06,3.47334e-05,6.18e-05,2.89e-05,5.77e-06,2.54e-05,9.24e-06,0.000118702,4.04e-05,0.00922972,0.000132522,15.6397,0.0137927,0.00104896,0.000182189,-0.000430239,0.000275177,0.0895541,0.304017,-0.793307,0.304226,-0.000633574,0.000364064,0.0143745,0.0451352,0.0995873,1.11864,66,7,0.982134,2.10161e-06,0.00939762,0.0009591,0.00110216,3.27228e-08,-0.000522344,2.93587e-08,0.000804713,0.000424199,0.0252757,0.000924677,0.000406125,0.00262023,1.95119e-05,2.4414e-06,0.000133951,0.00938865,-8.96479e-06,0.0103928,0.000164527,-0.00100417
ERF_Log_File_20260210_1444.csv,sp,13,p02,5,2,filled_square,prism,CCS200_Spectrum_1454795106.csv,1.4548e+09,4.9166,0.000361902,0.54255,0.00113868,29.1,0.303566,0.000129773,0.282779,1,0.00151451,7.97438e-05,0.304,0,6.35e-06,0.000289,8.31e-05,7.51e-06,0,6.93e-06,3.47709e-05,6.18e-05,2.89e-05,5.77e-06,2.54e-05,9.24e-06,0.000118251,4.04e-05,0.0106923,7.04149e-05,18.6729,0.0176588,0.00037671,0.000190749,-0.000254941,0.000274956,-0.192155,0.138237,0.181875,0.138237,-0.000290555,0.000347927,0.00903981,0.0569164,0.0452761,1.11864,66,7,0.982142,2.42992e-06,0.0108867,0.000803307,0.000772139,2.43831e-08,-0.000445151,2.8211e-08,0.00840452,0.000249677,0.0198816,0.000433107,0.000304322,0.00282945,1.87695e-05,3.15239e-06,7.28735e-05,0.0109004,1.36624e-05,0.0104386,0.000164488,0.000461812
ERF_Log_File_20251021_2015.csv,sp,13,p02,4,1,filled_square,prism,CCS200_Spectrum_1445134554.csv,1.44514e+09,3.00258,0.000287748,0.430791,0.000306968,29.1811,0.311166,0.000127548,0.464093,1,0.00182729,5.52401e-05,0.312,0,6.35e-06,0.000289,8.31e-05,7.51e-06,0,6.93e-06,3.55731e-05,6.18e-05,2.89e-05,5.77e-06,2.54e-05,9.24e-06,0.000107262,4.04e-05,0.00998197,7.76271e-05,13.2067,0.0248259,0.000565476,0.000376174,4.93392e-05,0.00050261,-0.130898,0.160011,-0.0551825,0.160008,-0.00078935,0.000585486,0.00690889,0.0803745,0.0524052,1.11864,66,7,0.982345,2.16509e-06,0.0101614,0.00113579,0.000694618,4.70008e-08,-0.000284175,3.82895e-08,0.011273,0.000220393,0.00933242,0.000271614,0.000244698,0.00206116,2.34708e-05,2.91432e-06,8.10983e-05,0.0101486,-1.27464e-05,0.0105592,0.000165573,-0.000410558
ERF_Log_File_20260210_1423.csv,sp,13,p02,5,2,filled_square,prism,CCS200_Spectrum_1454793831.csv,1.45479e+09,4.03281,0.000216773,0.433816,0.00104057,29.0964,0.311357,0.000127836,0.40065,1,0.00167544,5.88665e-05,0.312,0,6.35e-06,0.000289,8.31e-05,7.51e-06,0,6.93e-06,3.55964e-05,6.18e-05,2.89e-05,5.77e-06,2.54e-05,9.24e-06,0.000106986,4.04e-05,0.0104312,8.16614e-05,15.7578,0.0347698,0.00072643,0.000440222,-0.0013537,0.00056964,0.103721,0.159236,-0.222754,0.159242,-0.00150557,0.000635384,0.00859121,0.111632,0.0522523,1.1184,66,7,0.98235,2.25993e-06,0.0106186,0.000951912,0.000623177,1.83765e-08,-0.00031573,2.13219e-08,0.00631648,0.00018412,0.0144218,0.000319386,0.000234727,0.00207445,2.52587e-05,3.07476e-06,8.54791e-05,0.0106319,1.33259e-05,0.0105231,0.000165864,0.000108863
ERF_Log_File_20250603_1544.csv,sp,13,p02,2,0,filled_square,prism,CCS200_Spectrum_1433022286.csv,1.43302e+09,2.86003,0.000195702,0.431737,0.00113343,29.1089,0.311878,0.000127522,0.483414,1,0.00192805,5.49819e-05,0.312,0,6.35e-06,0.000289,8.31e-05,7.51e-06,0,6.93e-06,3.56602e-05,6.18e-05,2.89e-05,5.77e-06,2.54e-05,9.24e-06,0.000106233,4.04e-05,0.00953776,0.000136748,13.6113,0.0194321,0.000974021,0.000293989,-0.000420405,0.000436826,0.0298578,0.30264,0.0674569,0.302642,-0.000811947,0.00057028,0.0128683,0.0636113,0.0991288,1.11864,66,7,0.982364,2.0599e-06,0.00970899,0.00110203,0.000853018,2.72237e-08,-0.000406675,2.37942e-08,0.000211708,0.000328617,0.0174522,0.000666932,0.000314923,0.00178558,3.0086e-05,2.52229e-06,0.000140019,0.00969973,-9.26182e-06,0.0104101,0.000166722,-0.000710359
ERF_Log_File_20250603_1611.csv,sp,13,p02,2,0,filled_square,prism,CCS200_Spectrum_1433023899.csv,1.43302e+09,3.25788,0.000125256,0.415272,0.000271221,29.1033,0.314876,0.000126431,0.726426,1,0.00196378,3.72528e-05,0.315,0,6.35e-06,0.000289,8.31e-05,7.51e-06,0,6.93e-06,3.60321e-05,6.18e-05,2.89e-05,5.77e-06,2.54e-05,9.24e-06,0.000101898,4.04e-05,0.00997506,9.49176e-05,15.6444,0.0174223,0.000421425,0.000228919,-0.00058937,0.000336938,0.102183,0.200476,0.296097,0.200493,-0.00101526,0.000436374,0.0102465,0.057037,0.0656574,1.11864,66,7,0.982445,2.11582e-06,0.0101533,0.000958812,0.000759983,2.56192e-08,-0.000362232,2.21802e-08,3.48276e-05,0.000300061,0.0152104,0.000593238,0.000280554,0.00155241,5.34857e-05,2.63772e-06,0.000108951,0.0101436,-9.68567e-06,0.00940031,0.000174095,0.000743304
ERF_Log_File_20260210_1402.csv,sp,13,p02,5,2,filled_square,prism,CCS200_Spectrum_1454792557.csv,1.45479e+09,2.31051,0.000134019,0.343829,0.000166289,29.0949,0.326769,0.000125612,1.08547,1,0.00191783,1.29069e-05,0.327,0,6.35e-06,0.000289,8.31e-05,7.51e-06,0,6.93e-06,3.74153e-05,6.18e-05,2.89e-05,5.77e-06,2.54e-05,9.24e-06,8.6962e-05,4.04e-05,0.00360842,2.39453e-05,49.114,0.0146985,0.000260536,6.07183e-05,5.45276e-05,9.21076e-05,0.0301842,0.140625,-0.0756984,0.140626,-7.56433e-05,0.000121664,0.00816312,0.047208,0.046061,1.11864,66,7,0.982766,7.13768e-07,0.0036717,0.000305413,0.000243821,1.24931e-08,-8.63149e-05,1.3914e-08,0.00335971,9.66377e-05,0.00682269,0.000167634,8.25339e-05,0.00101858,4.54145e-05,1.06319e-06,5.13359e-05,0.00367631,4.60782e-06,0.00352883,0.000154539,0.000147478
ERF_Log_File_20251021_1954.csv,sp,13,p02,4,1,filled_square,prism,CCS200_Spectrum_1445133281.csv,1.44513e+09,2.48182,0.000258592,0.344459,0.000374124,29.1785,0.326949,0.000125627,1.14688,1,0.00205942,1.373e-05,0.327,0,6.35e-06,0.000289,8.31e-05,7.51e-06,0,6.93e-06,3.74384e-05,6.18e-05,2.89e-05,5.77e-06,2.54e-05,9.24e-06,8.69316e-05,4.04e-05,0.0031154,3.08198e-05,28.0439,0.0261077,0.000138339,0.000188424,-0.000493134,0.000280089,-0.330346,0.20895,0.0432367,0.208925,-0.000924821,0.000364126,0.00597922,0.0839416,0.0684392,1.11864,66,7,0.98277,6.15614e-07,0.00317002,0.000534876,0.000255438,3.09623e-08,-7.23204e-05,2.49366e-08,0.00588879,0.00011593,0.00420825,0.000142873,8.19396e-05,0.00101006,4.40655e-05,9.09174e-07,5.37694e-05,0.00316604,-3.97647e-06,0.00346463,0.000154559,-0.000298585
ERF_Log_File_20250603_1631.csv,sp,13,p02,2,0,filled_square,prism,CCS200_Spectrum_1433025086.csv,1.43303e+09,4.98537,0.000532394,0.343435,0.00062452,29.0965,0.327142,0.000125672,1.17518,1,0.00208601,1.60142e-05,0.327,0,6.35e-06,0.000289,8.31e-05,7.51e-06,0,6.93e-06,3.74634e-05,6.18e-05,2.89e-05,5.77e-06,2.54e-05,9.24e-06,8.6899e-05,4.04e-05,0.00358736,6.91148e-05,24.0765,0.0174392,0.000213358,0.000149808,-0.000404416,0.000227769,0.896127,0.408777,0.221878,0.408435,-0.000321849,0.000302831,0.0115535,0.0570871,0.133779,1.11864,66,7,0.982776,7.08091e-07,0.00365023,0.000623015,0.000385131,1.97433e-08,-0.000180719,1.64792e-08,-0.000552079,0.000204177,0.00810879,0.000359548,0.000141463,0.000870538,4.24151e-05,9.48292e-07,8.10889e-05,0.00364675,-3.48211e-06,0.00339763,0.000154737,0.000249123
ERF_Log_File_20260210_1341.csv,sp,13,p02,5,2,filled_square,prism,CCS200_Spectrum_1454791310.csv,1.45479e+09,2.72915,8.29618e-05,0.308345,0.000657369,29.0951,0.334789,0.000125555,0.988115,1,0.0019161,9.00916e-06,0.335,0,6.35e-06,0.000289,8.31e-05,7.51e-06,0,6.93e-06,3.83345e-05,6.18e-05,2.89e-05,5.77e-06,2.54e-05,9.24e-06,8.56058e-05,4.04e-05,0.0138435,3.26566e-05,58.5799,0.031812,-0.000149981,0.000108763,-0.000129955,0.000146651,-0.123838,0.0486812,0.0593054,0.0486804,-0.000378061,0.000172798,0.0129297,0.102967,0.0159432,1.11864,66,7,0.982982,2.6165e-06,0.0140832,0.000256079,5.5553e-05,1.06322e-08,9.2815e-06,1.14797e-08,0.00229922,6.72927e-05,0.00415834,0.00011673,1.62086e-05,0.000646018,0.000558302,4.07797e-06,0.000559272,0.0141008,1.76738e-05,0.0138787,0.000278884,0.000222146
ERF_Log_File_20251021_1933.csv,sp,13,p02,4,1,filled_square,prism,CCS200_Spectrum_1445132033.csv,1.44513e+09,2.77737,0.000220829,0.306506,0.000417566,29.1757,0.334893,0.000125542,0.986697,1,0.00204174,7.93255e-06,0.335,0,6.35e-06,0.000289,8.31e-05,7.51e-06,0,6.93e-06,3.83482e-05,6.18e-05,2.89e-05,5.77e-06,2.54e-05,9.24e-06,8.55883e-05,4.04e-05,0.0137727,3.09966e-05,31.63,0.0263698,-0.000108164,0.000165512,0.000435584,0.000201065,0.10068,0.0443243,0.0792939,0.044324,4.59804e-05,0.000200568,0.00632962,0.0854513,0.0145299,1.11861,66,7,0.982985,2.60162e-06,0.0140111,0.000474243,5.79305e-05,2.49489e-08,2.68232e-05,1.98831e-08,0.00412468,8.13787e-05,0.00252974,0.000100292,2.11884e-05,0.00066572,0.000573441,4.01844e-06,0.000574294,0.0139935,-1.75755e-05,0.0143551,0.000280658,-0.000361618
ERF_Log_File_20250603_1650.csv,sp,13,p02,2,0,filled_square,prism,CCS200_Spectrum_1433026263.csv,1.43303e+09,2.36387,0.000208717,0.308381,0.000628098,29.095,0.335075,0.00012556,1.05903,1,0.00208786,9.43288e-06,0.335,0,6.35e-06,0.000289,8.31e-05,7.51e-06,0,6.93e-06,3.83691e-05,6.18e-05,2.89e-05,5.77e-06,2.54e-05,9.24e-06,8.55574e-05,4.04e-05,0.0155728,6.33253e-05,28.4949,0.0156623,-1.8307e-07,0.000112767,-0.000312648,0.000164182,-0.0876154,0.0854708,-0.136427,0.0854718,-0.000182307,0.000210648,0.0124219,0.0512763,0.0279934,1.11864,66,7,0.98299,2.93866e-06,0.0158423,0.000526421,0.000169128,1.63858e-08,-7.38071e-05,1.33578e-08,-0.000829777,0.000157203,0.0049463,0.00025466,6.07338e-05,0.000579739,0.000600273,4.11566e-06,0.00060362,0.0158272,-1.51126e-05,0.0151999,0.000283789,0.000627232
ERF_Log_File_20250604_0831.csv,sp,13,p02,2,0,filled_square,prism,CCS200_Spectrum_1433082717.csv,1.43308e+09,2.33695,0.000188197,0.310502,0.00142529,28.9909,0.33513,0.000125554,1.04516,1,0.00209279,8.92466e-06,0.335,0,6.35e-06,0.000289,8.31e-05,7.51e-06,0,6.93e-06,3.8374e-05,6.18e-05,2.89e-05,5.77e-06,2.54e-05,9.24e-06,8.55481e-05,4.04e-05,0.0158244,5.18774e-05,28.1725,0.0189458,5.00843e-05,0.000136829,0.000173778,0.000189657,-0.0980754,0.0680656,-0.0859783,0.0680653,0.000234082,0.000231769,0.00993842,0.0620314,0.0222928,1.11864,66,7,0.982992,2.98525e-06,0.0160982,0.000532445,0.000167749,1.6365e-08,-7.30984e-05,1.33376e-08,-0.000831456,0.000156912,0.00492758,0.000254036,6.02119e-05,0.000578026,0.000608521,4.18214e-06,0.000610745,0.0160828,-1.53568e-05,0.0154693,0.000284771,0.000613584
ERF_Log_File_20260210_1320.csv,sp,13,p02,5,2,filled_square,prism,CCS200_Spectrum_1454790069.csv,1.45479e+09,2.51954,0.000225576,0.288626,0.00017098,29.0914,0.339866,0.000125565,1.02908,1,0.00194559,9.80762e-06,0.34,0,6.35e-06,0.000289,8.31e-05,7.51e-06,0,6.93e-06,3.88781e-05,6.18e-05,2.89e-05,5.77e-06,2.54e-05,9.24e-06,8.47473e-05,4.04e-05,0.0539387,4.72576e-05,54.3407,0.0420218,2.56396e-05,0.000151661,0.000294333,0.000154083,-0.023315,0.00872996,0.0121934,0.00872992,-2.13818e-05,4.78332e-05,0.00838057,0.13757,0.00285921,1.11864,66,7,0.98312,9.9113e-06,0.0548648,0.000276291,-5.10906e-05,9.64143e-09,5.97827e-05,1.01899e-08,0.00176039,5.29647e-05,0.00282513,9.18761e-05,2.77183e-05,0.000458782,0.00149516,1.58868e-05,0.00149593,0.0549337,6.8853e-05,0.0540297,0.000562067,0.000903923
ERF_Log_File_20251021_1912.csv,sp,13,p02,4,1,filled_square,prism,CCS200_Spectrum_1445130792.csv,1.44513e+09,2.63341,0.000170154,0.288396,0.000208052,29.1764,0.34016,0.000125541,1.04822,1,0.00209231,7.78213e-06,0.34,0,6.35e-06,0.000289,8.31e-05,7.51e-06,0,6.93e-06,3.89176e-05,6.18e-05,2.89e-05,5.77e-06,2.54e-05,9.24e-06,8.46976e-05,4.04e-05,0.0561111,8.20067e-05,30.0973,0.0388059,0.000151837,0.000252863,-9.32444e-05,0.000256916,-0.015271,0.0145869,0.00107981,0.0145868,-8.04427e-05,7.99358e-05,0.00806821,0.127036,0.00477745,1.11864,66,7,0.983128,1.0294e-05,0.0570741,0.000498536,-5.71763e-05,2.15655e-08,8.49049e-05,1.70299e-08,0.00321431,6.34459e-05,0.00166846,7.81912e-05,3.55203e-05,0.000488523,0.0015602,1.63691e-05,0.00156238,0.0570025,-7.15937e-05,0.0576046,0.00060035,-0.000602179
ERF_Log_File_20250604_0851.csv,sp,13,p02,2,0,filled_square,prism,CCS200_Spectrum_1433083891.csv,1.43308e+09,2.23941,0.000329047,0.292812,0.000528585,28.9907,0.340319,0.000125549,1.13041,1,0.00211343,8.50483e-06,0.34,0,6.35e-06,0.000289,8.31e-05,7.51e-06,0,6.93e-06,3.8939e-05,6.18e-05,2.89e-05,5.77e-06,2.54e-05,9.24e-06,8.46707e-05,4.04e-05,0.0594554,6.17304e-05,27.0588,0.0140355,-0.00015131,0.000102945,0.00031644,0.000117578,-0.0223808,0.0190796,-0.00717139,0.0190795,0.000141841,0.000100278,0.0100532,0.0459653,0.00624893,1.11864,66,7,0.983132,1.08981e-05,0.0604755,0.000554503,4.38669e-05,1.43809e-08,-1.09885e-05,1.15231e-08,-0.000975879,0.000131474,0.00333704,0.000200703,1.37139e-05,0.000432777,0.0015949,1.57109e-05,0.00159613,0.0604178,-5.76902e-05,0.0596172,0.000622519,0.000800593
ERF_Log_File_20260210_1300.csv,sp,13,p02,5,2,filled_square,prism,CCS200_Spectrum_1454788830.csv,1.45479e+09,2.46635,0.000113303,0.275285,0.000664309,29.0894,0.345686,0.000125591,1.08173,1,0.00196383,1.15798e-05,0.346,0,6.35e-06,0.000289,8.31e-05,7.51e-06,0,6.93e-06,3.95325e-05,6.18e-05,2.89e-05,5.77e-06,2.54e-05,9.24e-06,8.37631e-05,4.04e-05,0.142997,9.33246e-05,53.6674,0.0342544,-1.71723e-05,0.000124482,0.000184441,0.000124811,0.0012931,0.00288618,0.000671202,0.00288617,-1.46604e-05,1.59584e-05,0.00725431,0.112181,0.000945278,1.11864,66,7,0.983277,2.54559e-05,0.145429,0.000281264,-0.000157888,8.64619e-09,0.000108457,8.89601e-09,0.00124998,3.98845e-05,0.0015806,6.91861e-05,6.65864e-05,0.000283273,0.0023917,4.21109e-05,0.00239461,0.145612,0.000182507,0.147305,0.00106452,-0.00169378
ERF_Log_File_20250604_0910.csv,sp,13,p02,2,0,filled_square,prism,CCS200_Spectrum_1433085062.csv,1.43309e+09,2.61812,0.000146007,0.276395,0.00067148,28.9934,0.345985,0.000125529,1.1814,1,0.00212174,6.60804e-06,0.346,0,6.35e-06,0.000289,8.31e-05,7.51e-06,0,6.93e-06,3.95733e-05,6.18e-05,2.89e-05,5.77e-06,2.54e-05,9.24e-06,8.37126e-05,4.04e-05,0.149294,0.000110617,31.7815,0.0214388,-0.00022784,0.000132281,-6.72351e-05,0.000134028,0.00157764,0.006502,-0.00495682,0.00650198,0.000116208,3.81058e-05,0.0101041,0.0702175,0.00212952,1.11864,66,7,0.983285,2.65345e-05,0.151832,0.000473114,-7.41752e-05,1.24374e-08,4.90541e-05,9.75697e-09,-0.00110403,0.000107797,0.00195502,0.000153755,3.08073e-05,0.000307034,0.00242086,3.94443e-05,0.00242449,0.151687,-0.000144839,0.153036,0.00105969,-0.00134931
ERF_Log_File_20251021_1852.csv,sp,13,p02,4,1,filled_square,prism,CCS200_Spectrum_1445129553.csv,1.44513e+09,2.92838,0.000201163,0.274865,0.000162507,29.1735,0.346059,0.000125531,1.05871,1,0.00209283,6.79656e-06,0.346,0,6.35e-06,0.000289,8.31e-05,7.51e-06,0,6.93e-06,3.95835e-05,6.18e-05,2.89e-05,5.77e-06,2.54e-05,9.24e-06,8.37e-05,4.04e-05,0.148512,8.6172e-05,33.745,0.0179121,8.12705e-06,0.000104032,0.00016477,0.000105185,-0.000302227,0.00496739,0.0106531,0.00496737,-1.68062e-05,2.73157e-05,0.00815333,0.0586485,0.00162691,1.11864,66,7,0.983287,2.63849e-05,0.151036,0.000445709,-0.000169305,1.834e-08,0.000141431,1.4298e-08,0.00239592,4.7281e-05,0.000901444,5.82694e-05,7.76842e-05,0.000329971,0.00242851,4.33178e-05,0.00243114,0.150847,-0.00018946,0.154466,0.00105917,-0.00361969
ERF_Log_File_20260210_1239.csv,sp,13,p02,5,2,filled_square,prism,CCS200_Spectrum_1454787592.csv,1.45479e+09,2.72888,9.52479e-05,0.271014,0.000261584,29.0909,0.350684,0.000125551,1.02274,1,0.00197067,8.71646e-06,0.351,0,6.35e-06,0.000289,8.31e-05,7.51e-06,0,6.93e-06,4.00807e-05,6.18e-05,2.89e-05,5.77e-06,2.54e-05,9.24e-06,8.32973e-05,4.04e-05,0.250533,0.000127616,60.3574,0.0301898,-8.87596e-05,9.74245e-05,-3.79438e-05,9.76341e-05,-0.00638619,0.00204209,-0.000217416,0.00204208,7.86757e-05,1.12949e-05,0.0101135,0.0988804,0.00066882,1.11864,66,7,0.983411,4.34218e-05,0.254759,0.000254558,-0.000236032,7.9011e-09,0.000142548,7.93145e-09,0.000891126,3.10911e-05,0.000720543,5.39326e-05,9.46449e-05,0.000161423,0.0029611,7.37689e-05,0.00296176,0.255079,0.000319712,0.253551,0.00139392,0.00152812
ERF_Log_File_20250604_0930.csv,sp,13,p02,2,0,filled_square,prism,CCS200_Spectrum_1433086233.csv,1.43309e+09,2.9423,0.000223722,0.272103,0.000499077,28.9937,0.350863,0.000125518,1.11101,1,0.00213749,5.18477e-06,0.351,0,6.35e-06,0.000289,8.31e-05,7.51e-06,0,6.93e-06,4.01054e-05,6.18e-05,2.89e-05,5.77e-06,2.54e-05,9.24e-06,8.33663e-05,4.04e-05,0.254548,0.000141559,36.0835,0.0192653,-8.33418e-05,0.000104443,0.000129332,0.00010502,-0.00260831,0.00330071,0.00798614,0.0033007,6.54786e-05,1.94453e-05,0.00992935,0.0630987,0.00108104,1.11864,66,7,0.983416,4.40756e-05,0.258841,0.000419458,-0.000160709,1.09678e-08,9.38275e-05,8.42006e-09,-0.00119208,9.04601e-05,0.00101776,0.000121381,6.36341e-05,0.000222048,0.00297654,6.72441e-05,0.00297768,0.258594,-0.000246919,0.257784,0.00138992,0.000810102
ERF_Log_File_20251021_1831.csv,sp,13,p02,4,1,filled_square,prism,CCS200_Spectrum_1445128316.csv,1.44513e+09,3.31009,0.000260503,0.267987,0.000332808,29.1718,0.351066,0.000125519,1.01116,1,0.00209632,5.36672e-06,0.351,0,6.35e-06,0.000289,8.31e-05,7.51e-06,0,6.93e-06,4.01335e-05,6.18e-05,2.89e-05,5.77e-06,2.54e-05,9.24e-06,8.34447e-05,4.04e-05,0.257166,0.00024503,38.5756,0.0366159,-0.000128138,0.000179977,-0.000181318,0.000180057,0.00569044,0.00175622,-0.00204268,0.00175622,2.34571e-05,9.72741e-06,0.00570486,0.120046,0.000575068,1.11864,66,7,0.983422,4.44814e-05,0.261501,0.000392941,-0.000249896,1.60784e-08,0.000181846,1.2365e-08,0.00184177,3.63703e-05,0.000389724,4.4823e-05,0.000107936,0.000223442,0.00299263,7.49996e-05,0.0030003,0.261173,-0.000328027,0.262615,0.00138384,-0.00144189
ERF_Log_File_20260206_1629.csv,sp,13,p02,5,2,filled_square,prism,CCS200_Spectrum_1454455808.csv,1.45446e+09,3.16715,0.000113796,0.275181,0.00135708,29.1235,0.356583,0.000125546,1.00619,1,0.00200673,8.25631e-06,0.357,0,6.35e-06,0.000289,8.31e-05,7.51e-06,0,6.93e-06,4.0788e-05,6.18e-05,2.89e-05,5.77e-06,2.54e-05,9.24e-06,8.55715e-05,4.04e-05,0.387799,0.000288236,71.4256,0.0529691,-3.53554e-05,0.000137506,8.21708e-05,0.000137542,0.0041579,0.00105354,-0.00381498,0.00105353,2.21076e-05,5.83546e-06,0.00955307,0.173852,0.000344892,1.11862,66,7,0.98357,6.5161e-05,0.394277,0.000226677,-0.000311283,7.15079e-09,0.000174105,6.96133e-09,0.000548839,2.31924e-05,-8.2943e-05,4.02308e-05,0.000121347,6.41513e-05,0.0027567,0.000114168,0.00277374,0.394772,0.000494801,0.392855,0.00134003,0.00191696
ERF_Log_File_20250604_0949.csv,sp,13,p02,2,0,filled_square,prism,CCS200_Spectrum_1433087402.csv,1.43309e+09,3.32066,0.000186741,0.273768,0.000968803,28.9976,0.356913,0.000125519,1.05818,1,0.0021791,5.3061e-06,0.357,0,6.35e-06,0.000289,8.31e-05,7.51e-06,0,6.93e-06,4.08194e-05,6.18e-05,2.89e-05,5.77e-06,2.54e-05,9.24e-06,8.56985e-05,4.04e-05,0.395565,0.000257979,41.4111,0.0268603,-3.49221e-05,0.000124249,0.000208356,0.00012434,-0.00260636,0.00144213,0.00170476,0.00144212,9.47858e-05,8.52409e-06,0.00773643,0.0880044,0.000472288,1.11864,66,7,0.983579,6.63533e-05,0.402169,0.000372529,-0.000248829,9.42011e-09,0.00014028,7.01729e-09,-0.00127566,7.24297e-05,0.00012798,8.99819e-05,9.72773e-05,0.000143416,0.00272803,0.000104479,0.00274238,0.401785,-0.000383646,0.400061,0.00132367,0.00172475
ERF_Log_File_20251021_1811.csv,sp,13,p02,4,1,filled_square,prism,CCS200_Spectrum_1445127080.csv,1.44513e+09,3.74572,0.000204923,0.274308,0.000387124,29.1723,0.356982,0.000125518,1.17491,1,0.00213838,5.20905e-06,0.357,0,6.35e-06,0.000289,8.31e-05,7.51e-06,0,6.93e-06,4.0826e-05,6.18e-05,2.89e-05,5.77e-06,2.54e-05,9.24e-06,8.57253e-05,4.04e-05,0.394263,0.000192939,44.6976,0.0214311,-0.000350832,9.3462e-05,0.00020163,9.36878e-05,0.00206998,0.00207568,0.000756845,0.00207567,1.59302e-05,1.14805e-05,0.0119834,0.0701049,0.000680004,1.11863,66,7,0.98358,6.61113e-05,0.400845,0.000346617,-0.000327862,1.39709e-08,0.000220336,1.05471e-08,0.00132545,2.63951e-05,-7.62749e-05,3.25294e-05,0.000137049,0.000140864,0.00272236,0.000114964,0.0027314,0.400342,-0.00050282,0.401558,0.00132076,-0.00121562
ERF_Log_File_20260206_1609.csv,sp,13,p02,5,2,filled_square,prism,CCS200_Spectrum_1454454572.csv,1.45446e+09,3.52934,0.000127162,0.280084,0.000769816,29.1211,0.362442,0.000125549,1.0902,1,0.00204877,8.52937e-06,0.363,0,6.35e-06,0.000289,8.31e-05,7.51e-06,0,6.93e-06,4.14591e-05,6.18e-05,2.89e-05,5.77e-06,2.54e-05,9.24e-06,8.78301e-05,4.04e-05,0.504839,0.000202399,82.1531,0.0327523,-0.000206508,7.64143e-05,0.000247173,7.64648e-05,0.00107531,0.000898006,0.000318058,0.000898002,6.00094e-05,4.97173e-06,0.0121975,0.107297,0.0002941,1.11864,66,7,0.983726,8.23054e-05,0.513191,0.000213712,-0.000367743,6.53323e-09,0.000197,6.16449e-09,0.00028346,1.76349e-05,-0.000688497,3.05905e-05,0.000141186,9.73184e-05,0.00232481,0.000148601,0.00233121,0.513835,0.000644032,0.512435,0.0011288,0.00139943
ERF_Log_File_20251021_1750.csv,sp,13,p02,4,1,filled_square,prism,CCS200_Spectrum_1445125845.csv,1.44513e+09,4.34912,0.000815112,0.279933,0.000614775,29.1686,0.362777,0.000125523,1.09082,1,0.00217219,5.87978e-06,0.363,0,6.35e-06,0.000289,8.31e-05,7.51e-06,0,6.93e-06,4.15069e-05,6.18e-05,2.89e-05,5.77e-06,2.54e-05,9.24e-06,8.79592e-05,4.04e-05,0.50848,0.000348898,53.1456,0.0344356,-0.000210412,0.000126856,3.15153e-05,0.00012774,0.00799743,0.00478582,-0.00799026,0.0047858,-5.35521e-05,2.63915e-05,0.0423578,0.112761,0.00156743,1.11864,66,7,0.983735,8.2759e-05,0.516887,0.000303604,-0.000386753,1.24771e-08,0.000248748,9.24371e-09,0.000940263,1.94086e-05,-0.000410867,2.39192e-05,0.000158875,0.000135203,0.00227334,0.000148245,0.0022976,0.516239,-0.000648384,0.518576,0.00111189,-0.0023372
ERF_Log_File_20250604_1009.csv,sp,13,p02,2,0,filled_square,prism,CCS200_Spectrum_1433088569.csv,1.43309e+09,3.9928,0.000178916,0.284258,0.00105361,28.997,0.362925,0.00012552,1.03206,1,0.00220943,5.44902e-06,0.363,0,6.35e-06,0.000289,8.31e-05,7.51e-06,0,6.93e-06,4.1528e-05,6.18e-05,2.89e-05,5.77e-06,2.54e-05,9.24e-06,8.80161e-05,4.04e-05,0.513731,0.000219515,50.7167,0.0214855,-0.000175782,8.18527e-05,0.000130885,8.19464e-05,-0.000627825,0.00118375,0.0020274,0.00118375,5.2413e-05,6.99406e-06,0.0101014,0.070371,0.000387699,1.11864,66,7,0.983739,8.35511e-05,0.522223,0.00031662,-0.000316135,8.19616e-09,0.000177218,5.90349e-09,-0.0013337,5.79006e-05,-0.000507399,6.69053e-05,0.000123338,0.000184675,0.00224914,0.000135668,0.00225749,0.521725,-0.000498171,0.521242,0.00110675,0.000482217
ERF_Log_File_20260206_1548.csv,sp,13,p02,5,2,filled_square,prism,CCS200_Spectrum_1454453336.csv,1.45445e+09,3.96884,7.63178e-05,0.286923,0.000421868,29.1177,0.367527,0.000125549,1.16297,1,0.00208662,8.53125e-06,0.368,0,6.35e-06,0.000289,8.31e-05,7.51e-06,0,6.93e-06,4.20472e-05,6.18e-05,2.89e-05,5.77e-06,2.54e-05,9.24e-06,8.97902e-05,4.04e-05,0.578037,0.000366887,93.6467,0.0593846,-9.90369e-05,0.000109363,1.9733e-05,0.000109375,-0.00112346,0.00057392,0.00059433,0.000573918,-3.12399e-05,3.17904e-06,0.0101668,0.1952,0.000187817,1.11859,66,7,0.983862,9.18479e-05,0.587518,0.00020452,-0.00040327,6.09217e-09,0.000210336,5.60417e-09,0.000104441,1.43859e-05,-0.00108298,2.49546e-05,0.000153402,0.000118869,0.00144897,0.000170124,0.00149693,0.588256,0.00073731,0.58695,0.000815717,0.00130604
ERF_Log_File_20251021_1729.csv,sp,13,p02,4,1,filled_square,prism,CCS200_Spectrum_1445124611.csv,1.44513e+09,2.63208,0.000108324,0.286414,0.000156554,29.167,0.36766,0.000125518,1.00976,1,0.00220713,5.19209e-06,0.368,0,6.35e-06,0.000289,8.31e-05,7.51e-06,0,6.93e-06,4.20666e-05,6.18e-05,2.89e-05,5.77e-06,2.54e-05,9.24e-06,8.98417e-05,4.04e-05,0.579784,0.000190767,64.467,0.0211232,-0.000347613,6.23169e-05,0.000357056,6.23477e-05,0.000506913,0.000636591,-0.00011918,0.000636589,-1.2208e-05,3.52563e-06,0.00790379,0.0645673,0.000211461,1.1091,66,7,0.983865,9.20632e-05,0.589292,0.000265346,-0.000423619,1.16148e-08,0.000265723,8.49319e-09,0.000692091,1.55332e-05,-0.0006149,1.91432e-05,0.000172335,0.000130746,0.00144548,0.000169011,0.00146032,0.588553,-0.000739209,0.588479,0.000808329,7.35643e-05
ERF_Log_File_20250604_1028.csv,sp,13,p02,2,0,filled_square,prism,CCS200_Spectrum_1433089738.csv,1.43309e+09,2.54128,0.000120581,0.287522,0.00040412,29.0012,0.36803,0.000125516,1.0149,1,0.00224443,4.82931e-06,0.368,0,6.35e-06,0.000289,8.31e-05,7.51e-06,0,6.93e-06,4.21204e-05,6.18e-05,2.89e-05,5.77e-06,2.54e-05,9.24e-06,8.99844e-05,4.04e-05,0.585222,0.000226816,64.4739,0.0248316,-0.000474149,7.40049e-05,0.00012824,7.40667e-05,-0.00110049,0.0009193,-0.00253637,0.000919296,4.37456e-05,5.43327e-06,0.0113623,0.0812705,0.000301136,1.11864,66,7,0.983875,9.2753e-05,0.594813,0.000265901,-0.000358121,7.39542e-09,0.000201536,5.18201e-09,-0.00136567,4.7938e-05,-0.00088667,5.26791e-05,0.000139914,0.000225475,0.00144247,0.000154526,0.00146252,0.594246,-0.000567418,0.592729,0.000794006,0.00151646
ERF_Log_File_20251021_1709.csv,sp,13,p02,4,1,filled_square,prism,CCS200_Spectrum_1445123378.csv,1.44512e+09,2.91531,9.22094e-05,0.291651,0.000137402,29.167,0.373519,0.000125517,1.13387,1,0.0022498,5.02252e-06,0.374,0,6.35e-06,0.000289,8.31e-05,7.51e-06,0,6.93e-06,4.2704e-05,6.18e-05,2.89e-05,5.77e-06,2.54e-05,9.24e-06,9.21003e-05,4.04e-05,0.649788,0.000330568,69.7479,0.0353765,-0.000408319,9.53443e-05,0.000112167,9.5378e-05,-6.22304e-05,0.000834432,-0.000305571,0.000834428,-5.55453e-06,4.62247e-06,0.0124939,0.111209,0.000275673,1.11569,66,7,0.984021,0.00010022,0.66034,0.000258237,-0.000453385,1.09837e-08,0.000278265,7.94698e-09,0.000469921,1.30949e-05,-0.000781984,1.61382e-05,0.000182912,0.000125225,0.0017209,0.000189388,0.00175242,0.659511,-0.00082833,0.66282,0.000934565,-0.00330865
ERF_Log_File_20260206_1528.csv,sp,13,p02,5,2,filled_square,prism,CCS200_Spectrum_1454452101.csv,1.45445e+09,4.60162,0.000170779,0.291697,0.00107995,29.1162,0.373681,0.000125538,1.12859,1,0.0021368,7.47258e-06,0.374,0,6.35e-06,0.000289,8.31e-05,7.51e-06,0,6.93e-06,4.272e-05,6.18e-05,2.89e-05,5.77e-06,2.54e-05,9.24e-06,9.21628e-05,4.04e-05,0.653353,0.000220224,106.877,0.0357669,-0.000275319,6.44614e-05,0.000118997,6.45159e-05,0.00223843,0.000853046,-0.000683145,0.000853043,-5.7673e-05,4.7232e-06,0.0195088,0.117149,0.000279381,1.11864,66,7,0.984025,0.000100689,0.66396,0.000200893,-0.000430167,5.66765e-09,0.000219356,5.07959e-09,-5.82981e-05,1.20222e-05,-0.00142423,2.08544e-05,0.000162381,0.000148391,0.00172327,0.000192258,0.0017373,0.664793,0.000833241,0.665042,0.000931482,-0.000249229
ERF_Log_File_20250604_1048.csv,sp,13,p02,2,0,filled_square,prism,CCS200_Spectrum_1433090906.csv,1.43309e+09,2.99355,0.000158472,0.292654,0.00036985,29.0011,0.373869,0.000125514,1.20756,1,0.00228424,4.64585e-06,0.374,0,6.35e-06,0.000289,8.31e-05,7.51e-06,0,6.93e-06,4.27385e-05,6.18e-05,2.89e-05,5.77e-06,2.54e-05,9.24e-06,9.22352e-05,4.04e-05,0.656469,0.000221601,73.4717,0.0246286,-0.000279093,6.4544e-05,0.00037404,6.46042e-05,-0.00223818,0.000844081,-0.00229115,0.000844078,4.2126e-05,4.98793e-06,0.0133383,0.0805407,0.000276546,1.11863,66,7,0.98403,0.000101075,0.667123,0.000250079,-0.000390642,6.74384e-09,0.000221988,4.60185e-09,-0.00138504,3.89631e-05,-0.00117288,4.14559e-05,0.000153157,0.00025592,0.00172462,0.000173312,0.00173876,0.666487,-0.000636397,0.667625,0.000927618,-0.00113851
ERF_Log_File_20251021_1648.csv,sp,13,p02,4,1,filled_square,prism,CCS200_Spectrum_1445122145.csv,1.44512e+09,3.27048,0.000109766,0.298167,0.000154612,29.163,0.380492,0.000125519,1.29363,1,0.00230081,5.36397e-06,0.381,0,6.35e-06,0.000289,8.31e-05,7.51e-06,0,6.93e-06,4.3521e-05,6.18e-05,2.89e-05,5.77e-06,2.54e-05,9.24e-06,8.66602e-05,4.04e-05,0.741361,0.000312099,73.6776,0.0309037,-0.000568495,7.94295e-05,0.000293008,7.94637e-05,-0.000863287,0.000761616,-0.00137507,0.000761613,-1.59981e-05,4.21911e-06,0.0136651,0.0998654,0.000250176,1.11772,66,7,0.984204,0.000110527,0.753259,0.000260864,-0.000470523,1.06551e-08,0.000283246,7.6728e-09,0.000291677,1.24979e-05,-0.000891582,1.54024e-05,0.000188442,0.000118366,0.00143561,0.000216038,0.0014685,0.752315,-0.000944889,0.753923,0.000828738,-0.00160837
ERF_Log_File_20250604_1107.csv,sp,13,p02,2,0,filled_square,prism,CCS200_Spectrum_1433092074.csv,1.43309e+09,3.28107,7.31956e-05,0.298568,0.00034088,29.0059,0.380663,0.000125516,1.08897,1,0.00234918,4.88377e-06,0.381,0,6.35e-06,0.000289,8.31e-05,7.51e-06,0,6.93e-06,4.35466e-05,6.18e-05,2.89e-05,5.77e-06,2.54e-05,9.24e-06,8.64725e-05,4.04e-05,0.743416,8.67967e-05,75.6134,0.00853465,-0.000326288,2.20635e-05,0.000223368,2.21641e-05,-0.00046395,0.000633332,-0.00110552,0.00063333,3.08686e-05,3.73327e-06,0.0116691,0.0278536,0.000207591,1.11829,66,7,0.984209,0.000110743,0.755344,0.000257105,-0.000409557,6.30346e-09,0.000236778,4.22268e-09,-0.00138738,3.14562e-05,-0.00134692,3.37069e-05,0.000161584,0.000273509,0.00142097,0.00019623,0.00142297,0.754623,-0.000720554,0.755874,0.000826378,-0.00125055
ERF_Log_File_20260206_1507.csv,sp,13,p02,5,2,filled_square,prism,CCS200_Spectrum_1454450867.csv,1.45445e+09,4.88344,0.000580426,0.298398,0.001081,29.115,0.38094,0.00012553,1.25111,1,0.00219449,6.69253e-06,0.381,0,6.35e-06,0.000289,8.31e-05,7.51e-06,0,6.93e-06,4.35878e-05,6.18e-05,2.89e-05,5.77e-06,2.54e-05,9.24e-06,8.61697e-05,4.04e-05,0.747078,0.000160467,106.841,0.0227517,-0.000366291,4.11439e-05,0.000174934,4.11856e-05,-0.00037913,0.000595321,-0.00166853,0.000595318,7.94413e-06,3.29559e-06,0.0155648,0.0744747,0.000195002,1.11863,66,7,0.984216,0.000111142,0.759059,0.000216158,-0.000441757,5.28499e-09,0.000221545,4.63845e-09,-0.000187367,1.0725e-05,-0.00167011,1.86041e-05,0.000165825,0.000185788,0.00139766,0.000219796,0.00140622,0.760012,0.000952586,0.758986,0.000821496,0.00102567
ERF_Log_File_20251021_1628.csv,sp,13,p02,4,1,filled_square,prism,CCS200_Spectrum_1445120911.csv,1.44512e+09,3.64019,9.47497e-05,0.301364,0.00035446,29.1611,0.38667,0.000125529,1.02996,1,0.00244076,6.54223e-06,0.387,0,6.35e-06,0.000289,8.31e-05,7.51e-06,0,6.93e-06,4.42211e-05,6.18e-05,2.89e-05,5.77e-06,2.54e-05,9.24e-06,7.98976e-05,4.04e-05,0.800216,0.000361096,77.6161,0.0349224,-0.000413953,8.44696e-05,0.000158301,8.44985e-05,2.39279e-05,0.000728688,-0.00039345,0.000728684,8.00963e-06,4.03626e-06,0.014823,0.114377,0.000238659,1.11864,66,7,0.984366,0.000115841,0.812925,0.000261422,-0.0004708,1.05934e-08,0.000279659,7.64058e-09,0.000194634,1.29672e-05,-0.000925233,1.59809e-05,0.000187615,0.000112044,0.000960703,0.00023315,0.00102613,0.811906,-0.00101973,0.81246,0.000571084,-0.000553999
ERF_Log_File_20260206_1446.csv,sp,13,p02,5,2,filled_square,prism,CCS200_Spectrum_1454449633.csv,1.45445e+09,5.36454,0.000224781,0.301274,0.000452678,29.1115,0.386807,0.000125544,1.01059,1,0.00232676,8.14789e-06,0.387,0,6.35e-06,0.000289,8.31e-05,7.51e-06,0,6.93e-06,4.42351e-05,6.18e-05,2.89e-05,5.77e-06,2.54e-05,9.24e-06,7.97473e-05,4.04e-05,0.801417,0.000374551,111.696,0.0518383,-0.000370655,8.93578e-05,0.000243606,8.94314e-05,0.00310326,0.00116833,-0.00178036,0.00116833,1.89118e-05,6.46822e-06,0.0342568,0.169698,0.000382692,1.11864,66,7,0.984369,0.00011594,0.814143,0.000221631,-0.000437427,5.05541e-09,0.000217345,4.39678e-09,-0.000251218,1.02855e-05,-0.00176967,1.78418e-05,0.000163693,0.000202119,0.000951458,0.000235725,0.00102234,0.815164,0.00102136,0.813504,0.000565623,0.00166022
ERF_Log_File_20250602_1559.csv,sp,13,p02,2,0,filled_square,prism,CCS200_Spectrum_1432936778.csv,1.43294e+09,3.76481,9.25579e-05,0.302643,0.000610899,28.995,0.387195,0.000125525,1.14998,1,0.00245865,6.08227e-06,0.387,0,6.35e-06,0.000289,8.31e-05,7.51e-06,0,6.93e-06,4.42744e-05,6.18e-05,2.89e-05,5.77e-06,2.54e-05,9.24e-06,7.93231e-05,4.04e-05,0.806507,0.000305889,83.5215,0.0315415,-0.00051746,7.18928e-05,0.000165887,7.19339e-05,-0.000952627,0.000745423,-0.000882848,0.00074542,-2.0763e-05,4.40325e-06,0.0164586,0.10293,0.000244336,1.11852,66,7,0.984379,0.000116466,0.819305,0.00025246,-0.000411014,6.14068e-09,0.000243138,4.10169e-09,-0.00137208,2.68388e-05,-0.00138931,2.98745e-05,0.000163538,0.000276198,0.000925106,0.000212657,0.000974207,0.818524,-0.000781407,0.816401,0.000551477,0.00212266
ERF_Log_File_20251021_1607.csv,sp,13,p02,4,1,filled_square,prism,CCS200_Spectrum_1445119678.csv,1.44512e+09,3.90827,0.000161214,0.301279,0.00193714,29.1602,0.392702,0.000125527,1.32268,1,0.00241697,6.31195e-06,0.393,0,6.35e-06,0.000289,8.31e-05,7.51e-06,0,6.93e-06,4.49445e-05,6.18e-05,2.89e-05,5.77e-06,2.54e-05,9.24e-06,7.32952e-05,4.04e-05,0.836824,0.000307965,79.3987,0.0290701,-0.000489986,7.00292e-05,0.000310259,7.00716e-05,0.00112122,0.000789179,-0.00176721,0.000789176,1.44869e-05,4.37112e-06,0.0171735,0.0952111,0.000258471,1.11864,66,7,0.984522,0.000117773,0.84998,0.000263788,-0.000459655,1.06316e-08,0.000269832,7.69912e-09,0.000141952,1.362e-05,-0.000914071,1.67854e-05,0.000182372,0.000105683,0.000600049,0.000237672,0.000674678,0.848953,-0.0010266,0.849497,0.000532962,-0.000543617
ERF_Log_File_20260206_1426.csv,sp,13,p02,5,2,filled_square,prism,CCS200_Spectrum_1454448399.csv,1.45445e+09,2.89095,0.000111481,0.306055,0.000766167,29.1076,0.392782,0.000125542,1.23766,1,0.00231405,7.9141e-06,0.393,0,6.35e-06,0.000289,8.31e-05,7.51e-06,0,6.93e-06,4.49527e-05,6.18e-05,2.89e-05,5.77e-06,2.54e-05,9.24e-06,7.32076e-05,4.04e-05,0.83657,0.00019641,114.745,0.0267456,-0.000484905,4.49038e-05,0.000184929,4.49419e-05,-0.00116752,0.000596363,-0.00164346,0.000596361,-4.19115e-05,3.30183e-06,0.0187495,0.0875874,0.000195323,1.11864,66,7,0.984524,0.000117693,0.84972,0.000225747,-0.000421829,4.87137e-09,0.000208732,4.22455e-09,-0.000286271,1.0041e-05,-0.0017991,1.74178e-05,0.00015764,0.000208563,0.000596221,0.000237877,0.000627971,0.850746,0.0010262,0.849876,0.00053276,0.000870496
ERF_Log_File_20250602_1539.csv,sp,13,p02,2,0,filled_square,prism,CCS200_Spectrum_1432935609.csv,1.43294e+09,4.1571,0.000125392,0.306956,0.000130992,28.9951,0.393405,0.000125525,1.15481,1,0.00245158,6.11393e-06,0.393,0,6.35e-06,0.000289,8.31e-05,7.51e-06,0,6.93e-06,4.50173e-05,6.18e-05,2.89e-05,5.77e-06,2.54e-05,9.24e-06,7.25254e-05,4.04e-05,0.840113,0.000275595,87.5345,0.0285157,-0.000371601,6.27215e-05,0.000380689,6.27797e-05,-0.000578515,0.000819063,0.00133876,0.00081906,2.45035e-05,4.83619e-06,0.0197276,0.0933908,0.000268261,1.11864,66,7,0.98454,0.000117855,0.853305,0.000252041,-0.000399386,6.15969e-09,0.000242812,4.13691e-09,-0.001344,2.43526e-05,-0.00134409,2.80211e-05,0.00016055,0.00026886,0.000566447,0.000215707,0.000630178,0.852508,-0.000797534,0.85276,0.000530563,-0.000252565
ERF_Log_File_20251020_1341.csv,sp,13,p02,4,1,filled_square,prism,CCS200_Spectrum_1445024532.csv,1.44503e+09,3.43729,0.000701919,0.309952,0.00298342,29.1861,0.400491,0.000125523,1.16321,1,0.00248671,5.8557e-06,0.401,0,6.35e-06,0.000289,8.31e-05,7.51e-06,0,6.93e-06,4.58375e-05,6.18e-05,2.89e-05,5.77e-06,2.54e-05,9.24e-06,6.519e-05,4.04e-05,0.856843,0.00171209,75.7357,0.0799103,-0.0011175,0.000209116,-6.58385e-06,0.000235706,-0.000107585,0.0359947,-0.00482325,0.0359946,-0.000631542,0.000191118,0.767268,0.258218,0.0118235,1.11832,66,7,0.984723,0.000116374,0.870136,0.000273425,-0.000431208,1.07218e-08,0.000249656,7.80731e-09,0.000119264,1.42927e-05,-0.000852281,1.76144e-05,0.000170216,9.72581e-05,0.000329752,0.000235477,0.00174361,0.869136,-0.000999581,0.877204,0.000423892,-0.00806707
ERF_Log_File_20260206_1405.csv,sp,13,p02,5,2,filled_square,prism,CCS200_Spectrum_1454447165.csv,1.45445e+09,2.74722,0.000168682,0.313442,0.00105484,29.1061,0.400768,0.000125541,1.3014,1,0.00239893,7.81653e-06,0.401,0,6.35e-06,0.000289,8.31e-05,7.51e-06,0,6.93e-06,4.58811e-05,6.18e-05,2.89e-05,5.77e-06,2.54e-05,9.24e-06,6.51243e-05,4.04e-05,0.864072,0.000170755,102.882,0.019952,-0.00057309,3.7781e-05,0.000286199,3.7865e-05,-0.000326043,0.000805196,-0.00231012,0.000805193,-8.33022e-06,4.45418e-06,0.0239657,0.0583477,0.000269589,1.08954,66,7,0.98473,0.00011721,0.877471,0.000239569,-0.000387408,4.70196e-09,0.000191792,4.08885e-09,-0.000295857,9.76125e-06,-0.00175114,1.69324e-05,0.0001448,0.000204724,0.000323793,0.000234865,0.000366282,0.878478,0.00100661,0.877924,0.000419935,0.000553541
ERF_Log_File_20250604_1127.csv,sp,13,p02,2,0,filled_square,prism,CCS200_Spectrum_1433093243.csv,1.43309e+09,3.98887,0.000212279,0.312379,0.000524244,29.0057,0.401129,0.000125524,1.1994,1,0.00253126,5.98073e-06,0.401,0,6.35e-06,0.000289,8.31e-05,7.51e-06,0,6.93e-06,4.59315e-05,6.18e-05,2.89e-05,5.77e-06,2.54e-05,9.24e-06,6.50385e-05,4.04e-05,0.864463,0.000352785,77.2063,0.0313097,-0.00062049,7.79266e-05,0.000156939,7.79916e-05,-0.00263134,0.000969032,-0.00246253,0.000969029,3.67715e-05,5.72605e-06,0.0211875,0.102432,0.000317454,1.11863,66,7,0.984739,0.000117072,0.87786,0.000271874,-0.000370484,6.34043e-09,0.000235714,4.28887e-09,-0.00129374,2.30387e-05,-0.0012042,2.67606e-05,0.00015155,0.000249845,0.000316043,0.000214792,0.000473806,0.87706,-0.000800432,0.878844,0.000414236,-0.00178485
ERF_Log_File_20250605_1650.csv,sp,13,p02,2,0,filled_square,prism,CCS200_Spectrum_1433199052.csv,1.4332e+09,3.95145,0.000123838,0.315044,0.000281952,29.0028,0.401151,0.000125524,1.18808,1,0.00253892,6.04855e-06,0.401,0,6.35e-06,0.000289,8.31e-05,7.51e-06,0,6.93e-06,4.59338e-05,6.18e-05,2.89e-05,5.77e-06,2.54e-05,9.24e-06,6.50333e-05,4.04e-05,0.866524,0.000438584,76.5632,0.038702,-0.000472994,9.02444e-05,0.000191044,9.02603e-05,-0.00213518,0.000544583,-0.00154458,0.000544581,2.84828e-05,3.22015e-06,0.01184,0.126428,0.000178464,1.11863,66,7,0.984739,0.000117339,0.879953,0.000273359,-0.000370349,6.34657e-09,0.000235765,4.28787e-09,-0.00129358,2.30369e-05,-0.0012037,2.67578e-05,0.000151529,0.000249778,0.000315575,0.000215284,0.000540458,0.879151,-0.000802284,0.8789,0.00041389,0.000250519
ERF_Log_File_20250530_1146.csv,sp,13,p02,2,0,filled_square,prism,CCS200_Spectrum_1432662388.csv,1.43266e+09,3.9775,0.000233698,0.313537,0.000991943,28.9916,0.401209,0.000125522,1.19555,1,0.00253708,5.70056e-06,0.401,0,6.35e-06,0.000289,8.31e-05,7.51e-06,0,6.93e-06,4.594e-05,6.18e-05,2.89e-05,5.77e-06,2.54e-05,9.24e-06,6.50196e-05,4.04e-05,0.866104,0.000280297,78.5226,0.025181,-0.000542241,6.20165e-05,0.000269822,6.20917e-05,-2.26358e-05,0.000924012,-0.00366851,0.000924008,4.17228e-05,5.45547e-06,0.0205815,0.0824739,0.00030263,1.11864,66,7,0.984741,0.000117252,0.879525,0.000269811,-0.000370112,6.3435e-09,0.000235661,4.28887e-09,-0.00129314,2.30322e-05,-0.00120238,2.67506e-05,0.000151443,0.000249602,0.000314342,0.000215127,0.000421338,0.878723,-0.000801746,0.879047,0.000412983,-0.000323635
ERF_Log_File_20250603_1147.csv,sp,13,p02,2,0,filled_square,prism,CCS200_Spectrum_1433008053.csv,1.43301e+09,4.03748,0.000188957,0.31421,0.000543042,29.2508,0.401223,0.000125524,1.21686,1,0.00252918,5.98623e-06,0.401,0,6.35e-06,0.000289,8.31e-05,7.51e-06,0,6.93e-06,4.59415e-05,6.18e-05,2.89e-05,5.77e-06,2.54e-05,9.24e-06,6.50161e-05,4.04e-05,0.867276,0.000493263,79.7639,0.0452422,-0.000538632,0.00010619,0.000165018,0.000106228,-0.000393499,0.000889547,-0.0016247,0.000889543,-1.88079e-05,5.25996e-06,0.0201671,0.147754,0.000291528,1.11858,66,7,0.984741,0.000117402,0.880715,0.000267898,-0.000370066,6.34657e-09,0.00023559,4.29086e-09,-0.00129304,2.3031e-05,-0.00120206,2.67488e-05,0.000151414,0.00024956,0.000314054,0.000215405,0.000584882,0.879912,-0.000802795,0.879081,0.000412771,0.000830771
ERF_Log_File_20251020_1421.csv,sp,13,p02,4,1,filled_square,prism,CCS200_Spectrum_1445026878.csv,1.44503e+09,3.53363,0.000475282,0.331041,0.000851943,29.191,0.40694,0.000125561,1.01461,1,0.0024301,9.55882e-06,0.408,0,6.35e-06,0.000289,8.31e-05,7.51e-06,0,6.93e-06,4.65522e-05,6.18e-05,2.89e-05,5.77e-06,2.54e-05,9.24e-06,6.36583e-05,4.04e-05,0.875465,0.000677814,74.4197,0.0560793,-0.000362062,0.000147148,0.000333569,0.000147682,0.00437945,0.0037705,0.00711128,0.00377048,0.000204723,2.21396e-05,0.0804552,0.183686,0.00123489,1.11864,66,7,0.984887,0.000115521,0.888899,0.000278786,-0.000398049,1.07747e-08,0.00022779,7.87652e-09,0.000127907,1.4595e-05,-0.000772763,1.7987e-05,0.00015646,9.0171e-05,0.000211262,0.000234169,0.000709996,0.88792,-0.000979142,0.890911,0.00033767,-0.00299092
ERF_Log_File_20251020_1401.csv,sp,13,p02,4,1,filled_square,prism,CCS200_Spectrum_1445025704.csv,1.44503e+09,3.58109,0.00041131,0.335088,0.00109946,29.19,0.40694,0.000125573,0.977794,1,0.00242712,1.04336e-05,0.408,0,6.35e-06,0.000289,8.31e-05,7.51e-06,0,6.93e-06,4.65522e-05,6.18e-05,2.89e-05,5.77e-06,2.54e-05,9.24e-06,6.36583e-05,4.04e-05,0.872949,0.00119097,75.036,0.100044,-0.000510148,0.000260127,0.00100584,0.000260927,-0.00338703,0.00613709,-0.00502618,0.00613706,0.000728893,3.60479e-05,0.13166,0.327687,0.00201002,1.11864,66,7,0.984887,0.000115189,0.886344,0.000277208,-0.000398049,1.07747e-08,0.00022779,7.87652e-09,0.000127907,1.4595e-05,-0.000772763,1.7987e-05,0.00015646,9.0171e-05,0.000211282,0.000233496,0.00120958,0.885368,-0.000976328,0.890911,0.00033767,-0.00554271
ERF_Log_File_20251020_1440.csv,sp,13,p02,4,1,filled_square,prism,CCS200_Spectrum_1445028050.csv,1.44503e+09,3.52484,0.000468002,0.331771,0.000650213,29.1907,0.406984,0.000125543,1.26434,1,0.0024794,8.00752e-06,0.408,0,6.35e-06,0.000289,8.31e-05,7.51e-06,0,6.93e-06,4.65569e-05,6.18e-05,2.89e-05,5.77e-06,2.54e-05,9.24e-06,6.36478e-05,4.04e-05,0.879128,0.00122819,74.1904,0.10275,-0.00133851,0.000267649,0.000607204,0.000267953,0.00506542,0.00389368,-0.00434699,0.00389367,0.000199636,2.28996e-05,0.0831776,0.336494,0.00127529,1.11864,66,7,0.984888,0.000115982,0.892617,0.000279794,-0.000397735,1.07756e-08,0.000227619,7.87589e-09,0.00012803,1.45963e-05,-0.000772158,1.79885e-05,0.000156338,9.01227e-05,0.000210566,0.000235106,0.00124612,0.891634,-0.000982955,0.890985,0.000337103,0.000649003
ERF_Log_File_20260206_1345.csv,sp,13,p02,5,2,filled_square,prism,CCS200_Spectrum_1454445931.csv,1.45445e+09,5.41467,0.000558694,0.331659,0.00110974,29.1036,0.407358,0.000125584,1.08722,1,0.00231338,1.11611e-05,0.408,0,6.35e-06,0.000289,8.31e-05,7.51e-06,0,6.93e-06,4.6597e-05,6.18e-05,2.89e-05,5.77e-06,2.54e-05,9.24e-06,6.35591e-05,4.04e-05,0.878084,0.000513559,97.0646,0.0567139,-0.000337909,0.000101575,8.98913e-05,0.000101588,-0.000414375,0.000548272,-0.00282909,0.00054827,1.14937e-05,3.03685e-06,0.0153579,0.182827,0.000180192,1.11829,66,7,0.984897,0.000115653,0.891549,0.000247385,-0.000349377,4.60221e-09,0.000173985,4.02245e-09,-0.00027919,9.49425e-06,-0.00165586,1.64693e-05,0.00013084,0.00019353,0.000205101,0.000229986,0.000553024,0.892529,0.000979756,0.891604,0.000335771,0.000924875
ERF_Log_File_20250530_1205.csv,sp,13,p02,2,0,filled_square,prism,CCS200_Spectrum_1432663568.csv,1.43266e+09,3.99042,0.000172563,0.332612,0.000375647,28.9943,0.407637,0.000125612,1.02489,1,0.00243718,1.29719e-05,0.408,0,6.35e-06,0.000289,8.31e-05,7.51e-06,0,6.93e-06,4.6627e-05,6.18e-05,2.89e-05,5.77e-06,2.54e-05,9.24e-06,6.34929e-05,4.04e-05,0.879469,0.000307763,75.1403,0.0262424,-0.000553806,6.43367e-05,6.80463e-05,6.43538e-05,-0.00133289,0.000468192,-0.00138954,0.000468191,3.34697e-05,2.76597e-06,0.0101341,0.0859216,0.000153353,1.11864,66,7,0.984904,0.000115692,0.892949,0.000278005,-0.000336223,6.56827e-09,0.000224811,4.46439e-09,-0.00124057,2.27986e-05,-0.00103719,2.60492e-05,0.000140259,0.00022783,0.000201106,0.000212604,0.000367674,0.892151,-0.00079768,0.892055,0.000335237,9.58763e-05
ERF_Log_File_20251020_1500.csv,sp,13,p02,4,1,filled_square,prism,CCS200_Spectrum_1445029223.csv,1.44503e+09,3.94699,0.000532597,0.351948,0.000718155,29.1949,0.413644,0.000125524,1.223,1,0.00262778,5.9713e-06,0.415,0,6.35e-06,0.000289,8.31e-05,7.51e-06,0,6.93e-06,4.72755e-05,6.18e-05,2.89e-05,5.77e-06,2.54e-05,9.24e-06,6.2066e-05,4.04e-05,0.885693,0.00122052,79.6164,0.108345,-0.000318391,0.000264192,-0.00014924,0.000264634,-0.00831383,0.0046039,-0.00252411,0.00460388,-0.000503725,2.707e-05,0.106327,0.35486,0.00150783,1.11864,66,7,0.985056,0.000113485,0.89913,0.000271041,-0.000356371,1.07846e-08,0.000201284,7.9059e-09,0.000154355,1.46694e-05,-0.000672556,1.80787e-05,0.000139414,8.27849e-05,0.00013246,0.000230373,0.00122768,0.898182,-0.000947607,0.899894,0.000314931,-0.00171187
ERF_Log_File_20260206_1324.csv,sp,13,p02,5,2,filled_square,prism,CCS200_Spectrum_1454444697.csv,1.45445e+09,3.0669,0.000108615,0.352803,0.000346255,29.0993,0.414316,0.000125543,1.05155,1,0.0025623,8.03632e-06,0.415,0,6.35e-06,0.000289,8.31e-05,7.51e-06,0,6.93e-06,4.73489e-05,6.18e-05,2.89e-05,5.77e-06,2.54e-05,9.24e-06,6.19064e-05,4.04e-05,0.886555,0.000249519,105.283,0.0295297,-0.00054411,5.30041e-05,0.000179241,5.30256e-05,-0.000146957,0.000494402,-0.00190445,0.0004944,-6.9418e-06,2.73796e-06,0.0151163,0.0966492,0.00016195,1.11863,66,7,0.985073,0.000113265,0.899989,0.000241537,-0.000302284,4.53701e-09,0.000152718,3.98061e-09,-0.000243921,9.18147e-06,-0.00151714,1.59268e-05,0.00011375,0.000176132,0.000126929,0.000223319,0.000279927,0.900934,0.000944643,0.900588,0.00031232,0.000345971
ERF_Log_File_20250530_1225.csv,sp,13,p02,2,0,filled_square,prism,CCS200_Spectrum_1432664736.csv,1.43267e+09,4.43598,0.00054536,0.352181,0.00037327,28.9957,0.41448,0.000125525,1.20068,1,0.00268469,6.16992e-06,0.415,0,6.35e-06,0.000289,8.31e-05,7.51e-06,0,6.93e-06,4.73668e-05,6.18e-05,2.89e-05,5.77e-06,2.54e-05,9.24e-06,6.18676e-05,4.04e-05,0.887332,0.000331502,80.0156,0.0296981,-0.000469124,7.13754e-05,0.000292904,7.14375e-05,-0.0040168,0.000904329,-0.00265601,0.000904325,1.03137e-05,5.34022e-06,0.0210296,0.0972586,0.00029619,1.11864,66,7,0.985077,0.000113283,0.900774,0.000270649,-0.000292693,6.84418e-09,0.000209674,4.65441e-09,-0.00117613,2.29113e-05,-0.000831795,2.54903e-05,0.000125592,0.000200853,0.000125615,0.000208445,0.000354487,0.899986,-0.000787801,0.900753,0.000311689,-0.0007666
ERF_Log_File_20251022_1118.csv,sp,13,p02,4,1,filled_square,prism,CCS200_Spectrum_1445188745.csv,1.44519e+09,4.65537,0.000315555,0.366454,0.00213749,29.1037,0.418823,0.000125526,1.19424,1,0.00269149,6.19902e-06,0.42,0,6.35e-06,0.000289,8.31e-05,7.51e-06,0,6.93e-06,4.79533e-05,6.18e-05,2.89e-05,5.77e-06,2.54e-05,9.24e-06,6.08359e-05,4.04e-05,0.892779,0.000383869,76.3954,0.0318198,-0.000476535,8.13928e-05,0.000196358,8.17012e-05,-0.0018217,0.00226256,-0.00245431,0.00226255,0.000232454,1.25017e-05,0.0505413,0.104219,0.000741047,1.11864,66,7,0.985185,0.000111864,0.906204,0.000277722,-0.000320511,1.0755e-08,0.000178933,7.89529e-09,0.000182681,1.45846e-05,-0.000587703,1.7974e-05,0.000124861,7.7124e-05,0.00010011,0.000227283,0.000396691,0.905282,-0.000922652,0.90461,0.000297086,0.000672143
ERF_Log_File_20251020_1519.csv,sp,13,p02,4,1,filled_square,prism,CCS200_Spectrum_1445030396.csv,1.44503e+09,4.21075,0.00111809,0.376407,0.00205128,29.1933,0.420689,0.00012553,0.772904,1,0.00272151,6.76849e-06,0.422,0,6.35e-06,0.000289,8.31e-05,7.51e-06,0,6.93e-06,4.81604e-05,6.18e-05,2.89e-05,5.77e-06,2.54e-05,9.24e-06,6.03928e-05,4.04e-05,0.892692,0.000461741,81.4523,0.0361912,-0.000629857,8.72416e-05,0.000297377,8.91846e-05,0.00306986,0.00561746,-0.0027087,0.00561744,0.0003171,3.25559e-05,0.133802,0.118434,0.00184018,1.11864,66,7,0.985231,0.000110971,0.906074,0.000269228,-0.000306891,1.07362e-08,0.000170553,7.88152e-09,0.00019401,1.45281e-05,-0.000556184,1.79046e-05,0.000119361,7.51025e-05,9.39609e-05,0.000225516,0.00047119,0.905163,-0.000911033,0.906049,0.000292362,-0.000886347
ERF_Log_File_20260206_1304.csv,sp,13,p02,5,2,filled_square,prism,CCS200_Spectrum_1454443464.csv,1.45444e+09,3.25492,0.000133522,0.374496,0.00127158,29.0963,0.421514,0.000125536,1.18968,1,0.00265075,7.40051e-06,0.422,0,6.35e-06,0.000289,8.31e-05,7.51e-06,0,6.93e-06,4.82524e-05,6.18e-05,2.89e-05,5.77e-06,2.54e-05,9.24e-06,6.01968e-05,4.04e-05,0.893573,0.000195668,107.205,0.0232264,-0.000478928,4.19799e-05,0.000194606,4.20325e-05,2.53138e-05,0.000673619,-0.00141879,0.000673616,-2.43819e-05,3.72838e-06,0.0212191,0.0746835,0.000221505,1.11648,66,7,0.985252,0.000110691,0.906949,0.000241295,-0.000248566,4.50676e-09,0.000128792,3.95953e-09,-0.000193869,8.8591e-06,-0.00134635,1.53674e-05,9.43397e-05,0.000154051,9.15647e-05,0.000216217,0.000216003,0.907856,0.000907182,0.906659,0.000290031,0.00119688
ERF_Log_File_20250530_1244.csv,sp,13,p02,2,0,filled_square,prism,CCS200_Spectrum_1432665904.csv,1.43267e+09,4.57789,0.00067005,0.374341,0.00138569,28.9997,0.421556,0.000125529,1.01008,1,0.00275416,6.6292e-06,0.422,0,6.35e-06,0.000289,8.31e-05,7.51e-06,0,6.93e-06,4.82571e-05,6.18e-05,2.89e-05,5.77e-06,2.54e-05,9.24e-06,6.01869e-05,4.04e-05,0.895006,0.000380309,78.9263,0.0329756,-0.000538516,8.13364e-05,0.000269553,8.15192e-05,0.000424456,0.00164334,-0.00266817,0.00164333,8.52766e-06,9.69644e-06,0.0380638,0.107438,0.000538845,1.11833,66,7,0.985253,0.000110849,0.908402,0.000273659,-0.000242107,7.12991e-09,0.00019107,4.84403e-09,-0.00110224,2.31288e-05,-0.00060269,2.51305e-05,0.000108294,0.00017057,9.14387e-05,0.000204153,0.000391131,0.907625,-0.00077755,0.90669,0.000289918,0.000935081
ERF_Log_File_20251021_1506.csv,sp,13,p02,4,1,filled_square,prism,CCS200_Spectrum_1445115980.csv,1.44512e+09,4.0925,0.000262435,0.396137,0.00274486,29.1518,0.42794,0.000125528,1.16211,1,0.00284063,6.51376e-06,0.429,0,6.35e-06,0.000289,8.31e-05,7.51e-06,0,6.93e-06,4.89724e-05,6.18e-05,2.89e-05,5.77e-06,2.54e-05,9.24e-06,5.85845e-05,4.04e-05,0.898986,0.000291299,66.2199,0.0211839,-0.000374639,6.21164e-05,0.000272005,6.22102e-05,-0.00103813,0.00109284,-0.00242962,0.00109284,-1.42357e-05,6.0489e-06,0.0213083,0.0693675,0.000357938,1.11864,66,7,0.98541,0.000108397,0.912296,0.000300709,-0.000251945,1.06243e-08,0.000137035,7.80098e-09,0.000241222,1.42024e-05,-0.000431768,1.75031e-05,9.72448e-05,6.73762e-05,7.43814e-05,0.000220434,0.000300629,0.911423,-0.000873287,0.910895,0.000277769,0.000528103
ERF_Log_File_20260206_1243.csv,sp,13,p02,5,2,filled_square,prism,CCS200_Spectrum_1454442230.csv,1.45444e+09,3.09406,0.000100198,0.401562,0.000372184,29.0949,0.428327,0.000125547,1.18033,1,0.00274971,8.37407e-06,0.429,0,6.35e-06,0.000289,8.31e-05,7.51e-06,0,6.93e-06,4.90163e-05,6.18e-05,2.89e-05,5.77e-06,2.54e-05,9.24e-06,5.84812e-05,4.04e-05,0.897972,0.000452365,98.1463,0.0493841,-0.000421384,8.91226e-05,8.62365e-05,8.91351e-05,-0.000733049,0.000518547,-0.00249977,0.000518545,1.74178e-05,2.87204e-06,0.0149679,0.161743,0.000169835,1.11864,66,7,0.98542,0.000108099,0.911258,0.000249771,-0.000195044,4.49047e-09,0.000105402,3.95769e-09,-0.000138096,8.58806e-06,-0.00116985,1.48974e-05,7.51115e-05,0.000130831,7.3441e-05,0.000209202,0.000458277,0.912128,0.000870283,0.911123,0.000277683,0.00100554
ERF_Log_File_20250530_1304.csv,sp,13,p02,2,0,filled_square,prism,CCS200_Spectrum_1432667072.csv,1.43267e+09,4.11069,0.000178747,0.401325,0.000634755,29.0001,0.428758,0.000125528,1.24612,1,0.00285703,6.54333e-06,0.429,0,6.35e-06,0.000289,8.31e-05,7.51e-06,0,6.93e-06,4.90653e-05,6.18e-05,2.89e-05,5.77e-06,2.54e-05,9.24e-06,5.83663e-05,4.04e-05,0.899197,0.00036454,67.9811,0.0275165,-0.000406197,7.34287e-05,0.000186193,7.34443e-05,-0.000671683,0.000482626,0.000471076,0.000482624,3.92681e-07,2.85126e-06,0.00967517,0.0895881,0.000158276,1.11843,66,7,0.98543,0.000108052,0.912492,0.000296345,-0.000186884,7.40331e-09,0.000169984,5.01544e-09,-0.00102136,2.33048e-05,-0.000365047,2.50337e-05,8.9217e-05,0.000138753,7.23815e-05,0.000199106,0.000371643,0.911728,-0.000764423,0.911373,0.00027759,0.000354573
ERF_Log_File_20251020_1558.csv,sp,13,p02,4,1,filled_square,prism,CCS200_Spectrum_1445032741.csv,1.44503e+09,3.75904,0.000507884,0.454405,0.000726459,29.1968,0.439684,0.000125533,0.891006,1,0.00297847,7.03753e-06,0.441,0,6.35e-06,0.000289,8.31e-05,7.51e-06,0,6.93e-06,5.03146e-05,6.18e-05,2.89e-05,5.77e-06,2.54e-05,9.24e-06,5.54515e-05,4.04e-05,0.900612,0.000817853,65.8817,0.0573392,-0.000125882,0.000170282,0.000349579,0.000171263,-0.0011697,0.00549826,-0.00503876,0.00549824,0.000279153,3.22364e-05,0.106845,0.187817,0.00180075,1.11864,66,7,0.985695,0.000103496,0.913682,0.000301821,-0.000158939,1.03188e-08,8.11197e-05,7.57117e-09,0.000319402,1.34097e-05,-0.000234588,1.65262e-05,6.00148e-05,5.54852e-05,4.9404e-05,0.000210519,0.00081934,0.912876,-0.000806279,0.916624,0.000329359,-0.00374793
ERF_Log_File_20260206_1223.csv,sp,13,p02,5,2,filled_square,prism,CCS200_Spectrum_1454440996.csv,1.45444e+09,3.04788,0.000147216,0.450568,0.000552916,29.0903,0.440642,0.000125545,1.05291,1,0.00291595,8.24663e-06,0.441,0,6.35e-06,0.000289,8.31e-05,7.51e-06,0,6.93e-06,5.04261e-05,6.18e-05,2.89e-05,5.77e-06,2.54e-05,9.24e-06,5.51958e-05,4.04e-05,0.903284,0.000222064,91.1905,0.0223212,-0.000117882,4.66063e-05,0.000136188,4.66303e-05,2.40483e-05,0.000484705,-9.75304e-05,0.000484703,2.67034e-05,2.68427e-06,0.013076,0.0731169,0.000158745,1.11864,66,7,0.985718,0.000103408,0.916372,0.000257969,-9.63834e-05,4.51326e-09,6.26855e-05,3.96504e-09,-2.70503e-05,8.24359e-06,-0.000839539,1.42998e-05,3.97672e-05,8.67939e-05,4.77088e-05,0.000196595,0.000227119,0.917175,0.000803471,0.916994,0.000338193,0.000180827
ERF_Log_File_20250530_1323.csv,sp,13,p02,2,0,filled_square,prism,CCS200_Spectrum_1432668239.csv,1.43267e+09,3.95247,0.000291523,0.453479,0.00121449,29.0038,0.440827,0.000125534,1.05663,1,0.00303414,7.16139e-06,0.441,0,6.35e-06,0.000289,8.31e-05,7.51e-06,0,6.93e-06,5.04476e-05,6.18e-05,2.89e-05,5.77e-06,2.54e-05,9.24e-06,5.51466e-05,4.04e-05,0.905647,0.000426822,61.5093,0.0289152,-0.0001271,8.77176e-05,0.00015458,8.77475e-05,-0.00151241,0.000711133,0.00092462,0.00071113,9.20712e-06,4.20136e-06,0.0129743,0.0947046,0.000232908,1.11864,66,7,0.985722,0.000103602,0.918765,0.000314909,-9.09201e-05,7.77544e-09,0.000132503,5.24098e-09,-0.000877498,2.33713e-05,1.65457e-05,2.54555e-05,5.58557e-05,9.08169e-05,4.73815e-05,0.000190896,0.000429438,0.918022,-0.000743075,0.917064,0.000339678,0.000957616
ERF_Log_File_20250605_1611.csv,sp,13,p02,2,0,filled_square,prism,CCS200_Spectrum_1433196718.csv,1.4332e+09,3.97929,0.000177406,0.447002,0.00249731,28.9999,0.440981,0.000125527,1.06597,1,0.0030179,6.35442e-06,0.441,0,6.35e-06,0.000289,8.31e-05,7.51e-06,0,6.93e-06,5.04655e-05,6.18e-05,2.89e-05,5.77e-06,2.54e-05,9.24e-06,5.51055e-05,4.04e-05,0.903338,0.00026327,61.1784,0.0177508,-6.78297e-05,5.52839e-05,0.000116325,5.53167e-05,-0.000351453,0.000581434,6.46699e-05,0.000581432,1.49603e-05,3.43709e-06,0.0105231,0.0581627,0.000190412,1.11864,66,7,0.985726,0.000103274,0.916419,0.000315612,-8.97714e-05,7.78295e-09,0.000132023,5.2426e-09,-0.000875618,2.33703e-05,2.11644e-05,2.54646e-05,5.54487e-05,9.09042e-05,4.7112e-05,0.000190291,0.000267442,0.915678,-0.000740851,0.917122,0.00034034,-0.00144417
ERF_Log_File_20251022_1139.csv,sp,13,p02,4,1,filled_square,prism,CCS200_Spectrum_1445189978.csv,1.44519e+09,4.32899,0.000307968,0.516662,0.000854139,29.1037,0.45211,0.000125531,1.20452,1,0.00315299,6.92118e-06,0.454,0,6.35e-06,0.000289,8.31e-05,7.51e-06,0,6.93e-06,5.17455e-05,6.18e-05,2.89e-05,5.77e-06,2.54e-05,9.24e-06,5.24014e-05,4.04e-05,0.90649,0.000524878,61.3,0.0354319,0.00016097,0.00010562,-0.000200005,0.000105642,0.000611007,0.000726246,-0.000170253,0.000726242,4.06904e-05,4.02245e-06,0.0132012,0.116685,0.00023757,1.11855,66,7,0.98599,9.91875e-05,0.91937,0.000315672,-6.15866e-05,9.85452e-09,2.34695e-05,7.21205e-09,0.000391643,1.23573e-05,-4.75777e-05,1.52292e-05,2.1264e-05,4.41794e-05,3.09291e-05,0.000201568,0.000525786,0.918628,-0.000742426,0.920537,0.000309837,-0.00190917
ERF_Log_File_20251020_1618.csv,sp,13,p02,4,1,filled_square,prism,CCS200_Spectrum_1445033914.csv,1.44503e+09,3.86641,0.00112781,0.512107,0.00675249,29.1968,0.452118,0.000125529,0.944426,1,0.00314569,6.62904e-06,0.454,0,6.35e-06,0.000289,8.31e-05,7.51e-06,0,6.93e-06,5.17462e-05,6.18e-05,2.89e-05,5.77e-06,2.54e-05,9.24e-06,5.24003e-05,4.04e-05,0.905449,0.00121668,63.782,0.0830566,0.000704371,0.000254442,0.00118573,0.000255527,0.0113066,0.0070318,0.00508586,0.00703176,-0.00127197,4.12681e-05,0.133002,0.272023,0.00230296,1.11864,66,7,0.98599,9.90707e-05,0.918315,0.000308201,-6.14861e-05,9.85746e-09,2.34336e-05,7.21342e-09,0.000391688,1.23565e-05,-4.74672e-05,1.52282e-05,2.12299e-05,4.41733e-05,3.09191e-05,0.00020133,0.00121707,0.917573,-0.000741531,0.920539,0.000309791,-0.00296604
ERF_Log_File_20260206_1202.csv,sp,13,p02,5,2,filled_square,prism,CCS200_Spectrum_1454439764.csv,1.45444e+09,3.11773,0.000158285,0.50907,0.00101746,29.0862,0.452561,0.00012553,0.892693,1,0.00308375,6.70587e-06,0.453,0,6.35e-06,0.000289,8.31e-05,7.51e-06,0,6.93e-06,5.17862e-05,6.18e-05,2.89e-05,5.77e-06,2.54e-05,9.24e-06,5.23377e-05,4.04e-05,0.907145,0.000179708,88.8747,0.0174704,0.000168512,3.79154e-05,4.68678e-05,3.79499e-05,-0.000613181,0.00052071,-0.00081608,0.000520708,8.3349e-06,2.88263e-06,0.0137511,0.0571876,0.000170563,1.11864,66,7,0.986001,9.90859e-05,0.920024,0.000261371,-4.36418e-06,4.54454e-09,2.33129e-05,3.97329e-09,8.1683e-05,8.09467e-06,-0.000532428,1.40415e-05,6.91926e-06,6.14696e-05,3.03969e-05,0.000184968,0.000182253,0.920765,0.000740736,0.920647,0.000307228,0.00011783
ERF_Log_File_20250530_1343.csv,sp,13,p02,2,0,filled_square,prism,CCS200_Spectrum_1432669407.csv,1.43267e+09,3.9534,0.000198766,0.515331,0.000413244,29.0052,0.452881,0.00012553,1.11773,1,0.00318834,6.74371e-06,0.454,0,6.35e-06,0.000289,8.31e-05,7.51e-06,0,6.93e-06,5.1815e-05,6.18e-05,2.89e-05,5.77e-06,2.54e-05,9.24e-06,5.22926e-05,4.04e-05,0.908238,0.000409587,58.5842,0.0263845,0.000228667,8.06336e-05,0.000156601,8.06482e-05,-0.000614696,0.000493464,0.00023445,0.000493462,6.86416e-06,2.91541e-06,0.00859961,0.086408,0.000161621,1.11864,66,7,0.986008,9.90823e-05,0.921126,0.00032478,2.50836e-06,8.01717e-09,9.49036e-05,5.37445e-09,-0.000728993,2.31755e-05,0.000350562,2.63077e-05,2.4353e-05,0.000108091,3.00252e-05,0.000182376,0.000410683,0.920406,-0.000720059,0.920724,0.000305377,-0.000318014
ERF_Log_File_20251020_1637.csv,sp,13,p02,4,1,filled_square,prism,CCS200_Spectrum_1445035087.csv,1.44504e+09,4.30962,0.00126838,0.594914,0.00481534,29.2006,0.465416,0.000125581,1.18763,1,0.00328825,1.10983e-05,0.467,0,6.35e-06,0.000289,8.31e-05,7.51e-06,0,6.93e-06,5.32691e-05,6.18e-05,2.89e-05,5.77e-06,2.54e-05,9.24e-06,5.05219e-05,4.04e-05,0.910641,0.00133336,67.0854,0.0957332,0.000591641,0.000278581,0.000429152,0.000279541,0.00117191,0.00695381,0.00268584,0.00695378,4.54782e-05,4.08319e-05,0.139134,0.313547,0.0022775,1.11864,66,7,0.986298,9.47204e-05,0.923292,0.000300219,3.5075e-05,9.24924e-09,-3.30029e-05,6.75201e-09,0.000447541,1.11101e-05,0.000115426,1.36921e-05,1.70195e-05,5.63915e-05,1.89248e-05,0.000192092,0.00133349,0.922616,-0.000675671,0.923113,0.000296899,-0.000497023
ERF_Log_File_20260206_1141.csv,sp,13,p02,5,2,filled_square,prism,CCS200_Spectrum_1454438530.csv,1.45444e+09,3.21417,0.000299273,0.588204,0.00250168,29.0847,0.466083,0.000125528,1.27183,1,0.0032857,6.48839e-06,0.467,0,6.35e-06,0.000289,8.31e-05,7.51e-06,0,6.93e-06,5.33509e-05,6.18e-05,2.89e-05,5.77e-06,2.54e-05,9.24e-06,5.04277e-05,4.04e-05,0.909948,0.00072322,87.5448,0.0695379,0.000525571,0.000129734,-0.000137484,0.000129744,0.000358601,0.000585686,0.00114469,0.000585683,6.91351e-06,3.24407e-06,0.0152862,0.227393,0.00019189,1.11863,66,7,0.986314,9.44154e-05,0.922574,0.000263502,8.98342e-05,4.56277e-09,-1.71094e-05,3.97146e-09,0.000195349,8.06595e-06,-0.000223761,1.39916e-05,2.67359e-05,4.19714e-05,1.85037e-05,0.000172462,0.000723456,0.923246,0.000671924,0.923213,0.000297615,3.35205e-05
ERF_Log_File_20250530_1402.csv,sp,13,p02,2,0,filled_square,prism,CCS200_Spectrum_1432670575.csv,1.43267e+09,4.20515,0.00020504,0.597535,0.000427379,29.0083,0.466875,0.000125529,1.27677,1,0.00340345,6.65598e-06,0.467,0,6.35e-06,0.000289,8.31e-05,7.51e-06,0,6.93e-06,5.34479e-05,6.18e-05,2.89e-05,5.77e-06,2.54e-05,9.24e-06,5.03159e-05,4.04e-05,0.912634,0.000467827,59.2929,0.0303359,0.000369529,9.4043e-05,0.000147422,9.40673e-05,-0.00118859,0.000673424,0.000372779,0.000673421,6.53656e-06,3.97856e-06,0.0119363,0.099308,0.000220583,1.11864,66,7,0.986332,9.44169e-05,0.925281,0.000322974,0.000101099,8.10896e-09,5.4472e-05,5.4148e-09,-0.000557325,2.27503e-05,0.000657105,2.72453e-05,3.88927e-05,0.000121546,1.80362e-05,0.000173374,0.000468174,0.924584,-0.000696242,0.923328,0.00029849,0.00125652
ERF_Log_File_20251020_1657.csv,sp,13,p02,4,1,filled_square,prism,CCS200_Spectrum_1445036259.csv,1.44504e+09,3.36081,0.000596941,0.796929,0.00326102,29.1993,0.478439,0.000125528,1.51309,1,0.00344305,6.56606e-06,0.481,0,6.35e-06,0.000289,8.31e-05,7.51e-06,0,6.93e-06,5.47641e-05,6.18e-05,2.89e-05,5.77e-06,2.54e-05,9.24e-06,4.85315e-05,4.04e-05,0.912356,0.00048034,100.686,0.0320741,0.000415374,6.29462e-05,-0.000277236,6.87854e-05,0.00292205,0.00889214,0.00588028,0.00889211,0.000124541,4.87366e-05,0.267533,0.105046,0.00291234,1.11864,66,7,0.986592,9.04834e-05,0.924755,0.000249965,0.000117576,8.58465e-09,-8.05022e-05,6.24641e-09,0.000477165,9.84999e-06,0.000232011,1.21392e-05,4.95196e-05,7.09594e-05,1.37932e-05,0.000182925,0.000480538,0.924143,-0.000612069,0.924758,0.00040568,-0.000614734
ERF_Log_File_20250530_1422.csv,sp,13,p02,2,0,filled_square,prism,CCS200_Spectrum_1432671743.csv,1.43267e+09,3.2044,0.000328513,0.801968,0.00263392,29.0111,0.479249,0.000125539,1.24345,1,0.00351083,7.74166e-06,0.481,0,6.35e-06,0.000289,8.31e-05,7.51e-06,0,6.93e-06,5.48659e-05,6.18e-05,2.89e-05,5.77e-06,2.54e-05,9.24e-06,4.83815e-05,4.04e-05,0.914233,0.000260512,87.5029,0.024769,0.000500099,5.44495e-05,-3.49485e-05,5.44975e-05,-0.000967723,0.000694327,0.0018809,0.000694325,1.36686e-05,4.10025e-06,0.018192,0.0811233,0.000227405,1.11864,66,7,0.98661,9.04059e-05,0.926641,0.000264272,0.000175419,8.02931e-09,2.3104e-05,5.35217e-09,-0.000410825,2.2298e-05,0.000848189,2.76396e-05,4.96309e-05,0.000126007,1.3669e-05,0.000165502,0.00026087,0.925966,-0.000674969,0.924846,0.000399121,0.00111938
ERF_Log_File_20260206_1121.csv,sp,13,p02,5,2,filled_square,prism,CCS200_Spectrum_1454437296.csv,1.45444e+09,4.43432,0.000168531,0.794219,0.000479068,29.0836,0.480302,0.000125535,1.13007,1,0.00345973,7.33688e-06,0.481,0,6.35e-06,0.000289,8.31e-05,7.51e-06,0,6.93e-06,5.49891e-05,6.18e-05,2.89e-05,5.77e-06,2.54e-05,9.24e-06,4.81865e-05,4.04e-05,0.910863,0.000175766,116.184,0.0222851,0.000446871,3.68198e-05,-0.000194266,3.68458e-05,0.000142001,0.00044744,0.000775039,0.000447438,8.76356e-06,2.47733e-06,0.0155255,0.072628,0.000146705,1.11819,66,7,0.986634,8.97313e-05,0.923203,0.000238379,0.000172388,4.52946e-09,-5.27263e-05,3.92908e-09,0.000295672,8.07497e-06,3.92581e-05,1.40074e-05,5.62787e-05,3.37465e-05,1.35381e-05,0.000160068,0.000176286,0.923805,0.000602243,0.92496,0.000390609,-0.00115567
ERF_Log_File_20251020_1716.csv,sp,13,p02,4,1,filled_square,prism,CCS200_Spectrum_1445037432.csv,1.44504e+09,4.30905,0.000734649,0.898209,0.00503364,29.2023,0.494437,0.000125552,1.22476,1,0.00391125,9.02761e-06,0.496,0,6.35e-06,0.000289,8.31e-05,7.51e-06,0,6.93e-06,5.65549e-05,6.18e-05,2.89e-05,5.77e-06,2.54e-05,9.24e-06,4.55691e-05,4.04e-05,0.918105,0.00227901,61.6715,0.152628,-0.000300989,0.000465246,-0.00110157,0.000465438,-0.00345534,0.00407405,-0.000654977,0.00407404,-0.000215552,2.39725e-05,0.0755502,0.499899,0.00133431,1.11864,66,7,0.986943,8.60822e-05,0.930251,0.000316157,0.000198594,7.73934e-09,-0.000126392,5.61673e-09,0.00048035,8.34603e-06,0.00031664,1.02857e-05,8.12467e-05,7.97229e-05,1.27533e-05,0.000173149,0.00227905,0.929711,-0.000540681,0.926443,0.000287847,0.00326741
ERF_Log_File_20251021_1526.csv,sp,13,p02,4,1,filled_square,prism,CCS200_Spectrum_1445117212.csv,1.44512e+09,4.78702,0.000390805,0.908868,0.0056664,29.1536,0.494455,0.000125529,0.95179,1,0.00388718,6.69751e-06,0.496,0,6.35e-06,0.000289,8.31e-05,7.51e-06,0,6.93e-06,5.65572e-05,6.18e-05,2.89e-05,5.77e-06,2.54e-05,9.24e-06,4.55658e-05,4.04e-05,0.913882,0.000426754,61.2464,0.0285625,0.00043674,8.34016e-05,-2.64713e-05,8.34147e-05,0.00212489,0.000507549,0.000899648,0.000507547,2.25369e-05,2.81156e-06,0.00930431,0.0935501,0.000166232,1.11864,66,7,0.986944,8.5681e-05,0.925971,0.000316867,0.000198582,7.74183e-09,-0.000126464,5.6141e-09,0.000480332,8.3444e-06,0.000316698,1.02837e-05,8.12615e-05,7.97269e-05,1.27495e-05,0.000172341,0.000426945,0.925433,-0.000538113,0.926445,0.000287755,-0.00101165
ERF_Log_File_20260206_1100.csv,sp,13,p02,5,2,filled_square,prism,CCS200_Spectrum_1454436062.csv,1.45444e+09,2.78849,0.000264715,0.904045,0.00141093,29.0807,0.494908,0.000125569,1.21135,1,0.00394329,1.03776e-05,0.496,0,6.35e-06,0.000289,8.31e-05,7.51e-06,0,6.93e-06,5.66179e-05,6.18e-05,2.89e-05,5.77e-06,2.54e-05,9.24e-06,4.5482e-05,4.04e-05,0.91346,0.000317877,70.1613,0.0243167,0.000471428,6.58553e-05,-6.13052e-05,6.58867e-05,0.000953334,0.000663122,0.000115915,0.00066312,3.2094e-06,3.67215e-06,0.0139842,0.0779476,0.000218198,1.11671,66,7,0.986953,8.55084e-05,0.925535,0.000293416,0.000237386,4.42803e-09,-8.10291e-05,3.83534e-09,0.000373633,8.03378e-06,0.000236937,1.39359e-05,7.96039e-05,6.11066e-05,1.27173e-05,0.00014878,0.000318132,0.926071,0.000535931,0.926491,0.000285448,-0.000419572
ERF_Log_File_20250530_1441.csv,sp,13,p02,2,0,filled_square,prism,CCS200_Spectrum_1432672910.csv,1.43267e+09,3.6223,0.000405082,0.906553,0.00214992,29.0129,0.495993,0.000125548,1.17096,1,0.00404563,8.70322e-06,0.496,0,6.35e-06,0.000289,8.31e-05,7.51e-06,0,6.93e-06,5.67632e-05,6.18e-05,2.89e-05,5.77e-06,2.54e-05,9.24e-06,4.52811e-05,4.04e-05,0.915739,0.000388967,47.1536,0.0199388,0.000554894,8.05994e-05,-0.00014094,8.06475e-05,0.00143514,0.000853229,0.000382796,0.000853226,-8.47543e-06,5.03989e-06,0.0120845,0.064869,0.00027986,1.11828,66,7,0.986977,8.54022e-05,0.927822,0.000376538,0.000252756,7.734e-09,-1.07782e-05,5.14896e-09,-0.000226076,2.16659e-05,0.000990122,2.7284e-05,6.58835e-05,0.000121761,1.26251e-05,0.000155502,0.000389172,0.927174,-0.000647928,0.9266,0.000279901,0.000573623
ERF_Log_File_20251022_1159.csv,sp,13,p02,4,1,filled_square,prism,CCS200_Spectrum_1445191210.csv,1.44519e+09,3.12265,0.000318162,0.904356,0.00332304,29.1087,0.509281,0.000125548,1.41688,1,0.00374497,8.60093e-06,0.51,0,6.35e-06,0.000289,8.31e-05,7.51e-06,0,6.93e-06,5.82612e-05,6.18e-05,2.89e-05,5.77e-06,2.54e-05,9.24e-06,4.33035e-05,4.04e-05,0.917661,0.000261146,75.8083,0.0214884,0.000319661,5.38142e-05,-0.000396559,5.38393e-05,0.000268426,0.00053483,0.000179437,0.000534828,3.06336e-05,2.96197e-06,0.0121963,0.0701047,0.000175319,1.11852,66,7,0.987258,8.18638e-05,0.929505,0.000282682,0.000252045,7.01025e-09,-0.000156143,5.07107e-09,0.000454946,7.10571e-06,0.000342076,8.75709e-06,0.000102047,7.97189e-05,1.11432e-05,0.000163716,0.000261385,0.92903,-0.000475158,0.927864,0.000373308,0.00116534
ERF_Log_File_20250530_1501.csv,sp,13,p02,2,0,filled_square,prism,CCS200_Spectrum_1432674078.csv,1.43267e+09,3.09994,0.000264101,0.905183,0.00075809,29.0163,0.512958,0.000125707,1.12385,1,0.00395749,1.79452e-05,0.512,0,6.35e-06,0.000289,8.31e-05,7.51e-06,0,6.93e-06,5.86908e-05,6.18e-05,2.89e-05,5.77e-06,2.54e-05,9.24e-06,4.28141e-05,4.04e-05,0.917252,0.000336825,38.7601,0.0139815,0.000441058,7.02529e-05,4.75513e-05,7.04197e-05,-0.00310308,0.00145825,0.000920834,0.00145825,1.79741e-05,8.60338e-06,0.0169803,0.0457901,0.000477609,1.11864,66,7,0.987335,8.0852e-05,0.929018,0.000436448,0.000302746,7.28262e-09,-3.4577e-05,4.85547e-09,-5.93256e-05,2.10527e-05,0.0010127,2.60126e-05,8.43308e-05,0.000107598,1.06325e-05,0.000146218,0.000336994,0.928395,-0.000622955,0.928183,0.000327263,0.000212012
ERF_Log_File_20251021_1547.csv,sp,13,p02,4,1,filled_square,prism,CCS200_Spectrum_1445118445.csv,1.44512e+09,4.28638,0.000289325,0.906914,0.0008878,29.1557,0.513232,0.000125576,0.911948,1,0.00391871,1.08972e-05,0.512,0,6.35e-06,0.000289,8.31e-05,7.51e-06,0,6.93e-06,5.87187e-05,6.18e-05,2.89e-05,5.77e-06,2.54e-05,9.24e-06,4.27776e-05,4.04e-05,0.917485,0.000709581,52.1824,0.0403409,0.000405687,0.00011837,-0.000198688,0.000118376,0.000380767,0.000473456,0.0010468,0.000473455,6.76988e-06,2.62301e-06,0.00742418,0.132114,0.000155069,1.11864,66,7,0.98734,8.08016e-05,0.929249,0.000351243,0.000262776,6.82922e-09,-0.000161952,4.94197e-09,0.000444343,6.81784e-06,0.000341176,8.40237e-06,0.000106182,7.85675e-05,1.05805e-05,0.000161318,0.00070966,0.928791,-0.00045839,0.928206,0.000323688,0.000584727
ERF_Log_File_20260206_1040.csv,sp,13,p02,5,2,filled_square,prism,CCS200_Spectrum_1454434828.csv,1.45444e+09,4.62268,0.000373394,0.892336,0.00731426,29.0794,0.513336,0.000125688,1.10804,1,0.00401518,1.71344e-05,0.512,0,6.35e-06,0.000289,8.31e-05,7.51e-06,0,6.93e-06,5.87294e-05,6.18e-05,2.89e-05,5.77e-06,2.54e-05,9.24e-06,4.27637e-05,4.04e-05,0.916597,0.000683651,55.5335,0.041398,0.000624696,0.000119366,-7.76073e-05,0.000119373,0.00141551,0.000516651,0.000384471,0.000516649,8.45808e-06,2.86203e-06,0.00863414,0.134099,0.000169623,1.11844,66,7,0.987343,8.06963e-05,0.928347,0.000337077,0.000289913,4.20626e-09,-0.00010524,3.64062e-09,0.000433837,7.86297e-06,0.000383746,1.36397e-05,9.87882e-05,8.17896e-05,1.05743e-05,0.000136053,0.000683733,0.928805,0.000457592,0.928215,0.000322331,0.000589742
ERF_Log_File_20260206_1019.csv,sp,13,p02,5,2,filled_square,prism,CCS200_Spectrum_1454433594.csv,1.45443e+09,2.53738,0.00023732,0.901907,0.00743454,29.0805,0.526721,0.00012551,0.988582,1,0.002519,3.84041e-06,0.528,0,6.35e-06,0.000289,8.31e-05,7.51e-06,0,6.93e-06,6.02318e-05,6.18e-05,2.89e-05,5.77e-06,2.54e-05,9.24e-06,4.09819e-05,4.04e-05,0.916598,0.000218749,147.64,0.0350357,0.000372901,4.5493e-05,-0.000167741,4.55232e-05,0.000836731,0.000536918,0.000672141,0.000536916,1.48119e-05,2.97301e-06,0.0244186,0.100161,0.000180443,1.09779,66,7,0.987616,7.73467e-05,0.928091,0.0002258,0.000308692,3.99787e-09,-0.000115039,3.46232e-09,0.000452067,7.67092e-06,0.000425608,1.33064e-05,0.000105933,8.77948e-05,8.2692e-06,0.000127507,0.000218906,0.928495,0.000403201,0.929224,0.000240026,-0.000729097
ERF_Log_File_20250530_1520.csv,sp,13,p02,2,0,filled_square,prism,CCS200_Spectrum_1432675246.csv,1.43268e+09,4.29897,0.000210699,0.907392,0.00445993,29.0169,0.526762,0.000125648,1.32496,1,0.00253188,1.48014e-05,0.528,0,6.35e-06,0.000289,8.31e-05,7.51e-06,0,6.93e-06,6.02374e-05,6.18e-05,2.89e-05,5.77e-06,2.54e-05,9.24e-06,4.09764e-05,4.04e-05,0.918001,0.00349503,51.724,0.196918,-0.000136274,0.00024998,0.000189386,0.000249982,0.000181729,0.000663215,0.00110562,0.000663213,4.96214e-06,3.91897e-06,0.010312,0.645497,0.000217174,1.11864,66,7,0.987617,7.74554e-05,0.929511,0.000353395,0.000323067,6.87258e-09,-4.61359e-05,4.58792e-09,5.9059e-05,2.05987e-05,0.000957497,2.45966e-05,9.23008e-05,0.000102036,8.27044e-06,0.000139179,0.00349504,0.928907,-0.000603982,0.929226,0.000239572,-0.000319326
ERF_Log_File_20251021_0909.csv,sp,13,p02,4,1,filled_square,prism,CCS200_Spectrum_1445094603.csv,1.4451e+09,3.83405,0.00112985,0.89505,0.00435405,29.1253,0.527058,0.000125509,1.55912,1,0.00252536,3.5921e-06,0.528,0,6.35e-06,0.000289,8.31e-05,7.51e-06,0,6.93e-06,6.02784e-05,6.18e-05,2.89e-05,5.77e-06,2.54e-05,9.24e-06,4.0937e-05,4.04e-05,0.920267,0.00064088,101.865,0.0633726,0.00073296,0.000122051,-0.000858212,0.000124013,-0.000183267,0.0066389,-0.00831759,0.00663887,-0.000212488,3.86407e-05,0.203834,0.207544,0.00217438,1.11864,66,7,0.987623,7.75756e-05,0.9318,0.000250346,0.000289062,6.28704e-09,-0.000175861,4.54136e-09,0.000397072,6.00848e-06,0.000316058,7.40485e-06,0.000116231,7.13262e-05,8.20464e-06,0.000153885,0.000640933,0.931396,-0.000403416,0.929246,0.000236301,0.00215056
ERF_Log_File_20251022_1220.csv,sp,13,p02,4,1,filled_square,prism,CCS200_Spectrum_1445192443.csv,1.44519e+09,2.95335,0.00015232,0.89802,0.00118234,29.1133,0.529487,0.000125511,1.63511,1,0.0026628,3.9576e-06,0.53,0,6.35e-06,0.000289,8.31e-05,7.51e-06,0,6.93e-06,6.05982e-05,6.18e-05,2.89e-05,5.77e-06,2.54e-05,9.24e-06,4.06135e-05,4.04e-05,0.918765,0.000162613,170.037,0.0299675,0.000319525,3.35349e-05,-0.000236125,3.35517e-05,0.0001213,0.000345041,0.000623634,0.00034504,2.31186e-05,1.91082e-06,0.0176672,0.0978291,0.00011309,1.11854,66,7,0.987671,7.68673e-05,0.930234,0.00022054,0.000292039,6.20528e-09,-0.000177416,4.4867e-09,0.000387393,5.90343e-06,0.000308486,7.27544e-06,0.000117364,6.96009e-05,7.73048e-06,0.000152305,0.000162798,0.929841,-0.000393209,0.9294,0.000209613,0.000440495
ERF_Log_File_20250530_1539.csv,sp,13,p02,2,0,filled_square,prism,CCS200_Spectrum_1432676414.csv,1.43268e+09,4.41187,0.000233035,0.897749,0.00159838,29.0211,0.543822,0.000125507,1.29712,1,0.00295847,3.12929e-06,0.545,0,6.35e-06,0.000289,8.31e-05,7.51e-06,0,6.93e-06,6.22292e-05,6.18e-05,2.89e-05,5.77e-06,2.54e-05,9.24e-06,3.87052e-05,4.04e-05,0.91991,0.000215878,102.455,0.0239598,0.000234866,4.4214e-05,-7.79262e-05,4.42345e-05,0.000548509,0.00041481,0.00155347,0.000414808,2.41746e-05,2.45009e-06,0.0128043,0.0784794,0.000135856,1.11864,66,7,0.987953,7.37234e-05,0.931127,0.000249785,0.000325825,6.39244e-09,-5.21071e-05,4.26592e-09,0.000182741,2.01351e-05,0.000820658,2.28596e-05,9.4483e-05,0.000100482,4.6229e-06,0.000131309,0.000215928,0.930544,-0.000583088,0.93011,0.000155803,0.000433802
ERF_Log_File_20260206_0959.csv,sp,13,p02,5,2,filled_square,prism,CCS200_Spectrum_1454432360.csv,1.45443e+09,2.73222,0.000255555,0.901772,0.0011375,29.0758,0.54543,0.000125507,1.46793,1,0.00287309,3.24212e-06,0.545,0,6.35e-06,0.000289,8.31e-05,7.51e-06,0,6.93e-06,6.24017e-05,6.18e-05,2.89e-05,5.77e-06,2.54e-05,9.24e-06,3.84911e-05,4.04e-05,0.918559,0.00023314,151.224,0.038241,0.000370496,4.79022e-05,-0.000109524,4.79231e-05,0.000137823,0.000461292,-0.000247386,0.00046129,1.11532e-05,2.55448e-06,0.0211005,0.122137,0.000151903,1.11659,66,7,0.987984,7.32696e-05,0.929731,0.000225114,0.000311507,3.67045e-09,-0.000119184,3.18531e-09,0.000445728,7.35992e-06,0.000408036,1.27669e-05,0.000107673,8.54025e-05,4.24406e-06,0.000117218,0.000233179,0.930064,0.000332875,0.930167,0.000155423,-0.000103711
ERF_Log_File_20251021_0929.csv,sp,13,p02,4,1,filled_square,prism,CCS200_Spectrum_1445095776.csv,1.4451e+09,2.22524,0.00114565,0.90478,0.0032374,29.1309,0.545927,0.000125509,1.00594,1,0.00291294,3.68821e-06,0.545,0,6.35e-06,0.000289,8.31e-05,7.51e-06,0,6.93e-06,6.24549e-05,6.18e-05,2.89e-05,5.77e-06,2.54e-05,9.24e-06,3.8425e-05,4.04e-05,0.918636,0.00038497,141.307,0.050119,0.000263527,6.96592e-05,-0.000273205,7.13801e-05,0.00724789,0.00473495,0.00524668,0.00473492,0.000351049,2.7392e-05,0.201306,0.164154,0.00155078,1.11864,66,7,0.987994,7.31691e-05,0.929799,0.000228282,0.000299139,5.81901e-09,-0.000180095,4.19575e-09,0.000314079,5.52211e-06,0.00023693,6.80545e-06,0.000119808,5.51156e-05,4.12586e-06,0.000143739,0.000384992,0.929468,-0.000331043,0.930184,0.000155313,-0.000715662
ERF_Log_File_20251022_1241.csv,sp,13,p02,4,1,filled_square,prism,CCS200_Spectrum_1445193675.csv,1.44519e+09,2.56563,0.000137223,0.897723,0.000343714,29.1154,0.551764,0.000125516,0.897239,1,0.00298936,4.95061e-06,0.55,0,6.35e-06,0.000289,8.31e-05,7.51e-06,0,6.93e-06,6.3087e-05,6.18e-05,2.89e-05,5.77e-06,2.54e-05,9.24e-06,3.76307e-05,4.04e-05,0.920155,0.000133744,139.371,0.0201825,0.000254413,2.74365e-05,-7.22668e-05,2.74485e-05,9.30634e-05,0.000264864,-0.000233419,0.000264863,1.39105e-05,1.46686e-06,0.0111248,0.0661014,8.67483e-05,1.11864,66,7,0.988106,7.20673e-05,0.931231,0.000229266,0.000296801,5.74904e-09,-0.000178378,4.14131e-09,0.000285679,5.52216e-06,0.00020446,6.80551e-06,0.000118795,4.90306e-05,2.69812e-06,0.000141121,0.000133771,0.930921,-0.000310515,0.930343,0.000154192,0.00057781
ERF_Log_File_20260206_0938.csv,sp,13,p02,5,2,filled_square,prism,CCS200_Spectrum_1454431126.csv,1.45443e+09,3.3395,0.000169763,0.898419,0.00111214,29.074,0.564086,0.000125512,1.66908,1,0.00308509,4.2011e-06,0.564,0,6.35e-06,0.000289,8.31e-05,7.51e-06,0,6.93e-06,6.45574e-05,6.18e-05,2.89e-05,5.77e-06,2.54e-05,9.24e-06,3.58698e-05,4.04e-05,0.919271,9.19502e-05,176.528,0.0174781,0.000230455,1.91746e-05,-0.000119097,1.91976e-05,0.000548201,0.000301205,0.000677008,0.000301204,1.27524e-05,1.66715e-06,0.0160264,0.0569568,9.87599e-05,1.11828,66,7,0.988336,6.95636e-05,0.93012,0.000219365,0.00029172,3.32846e-09,-0.000114496,2.90319e-09,0.000408728,7.06038e-06,0.000321947,1.22473e-05,0.000101554,7.30969e-05,3.86336e-07,0.000108297,9.1951e-05,0.930387,0.000267447,0.930455,0.000163765,-6.74159e-05
ERF_Log_File_20250530_1559.csv,sp,13,p02,2,0,filled_square,prism,CCS200_Spectrum_1432677581.csv,1.43268e+09,5.20144,0.00029446,0.902818,0.00194909,29.0215,0.564754,0.000125507,1.48596,1,0.0031349,3.29271e-06,0.564,0,6.35e-06,0.000289,8.31e-05,7.51e-06,0,6.93e-06,6.46311e-05,6.18e-05,2.89e-05,5.77e-06,2.54e-05,9.24e-06,3.57743e-05,4.04e-05,0.920438,0.000149149,114.878,0.01846,0.000230751,3.10346e-05,-1.59471e-05,3.1069e-05,4.01687e-05,0.000442697,0.0011497,0.000442695,1.29505e-05,2.6138e-06,0.0153597,0.0599498,0.000145262,1.11823,66,7,0.988349,6.95239e-05,0.931288,0.000240944,0.000300835,5.90295e-09,-4.89017e-05,3.93602e-09,0.000300231,1.98081e-05,0.000584622,2.15035e-05,8.74342e-05,8.85901e-05,5.46767e-07,0.000122358,0.00014915,0.930729,-0.000558972,0.930452,0.000165639,0.000277158
ERF_Log_File_20251021_0948.csv,sp,13,p02,4,1,filled_square,prism,CCS200_Spectrum_1445096948.csv,1.4451e+09,2.58102,0.00124183,0.900002,0.00186883,29.1319,0.566156,0.000125507,2.08799,1,0.00318826,3.29035e-06,0.564,0,6.35e-06,0.000289,8.31e-05,7.51e-06,0,6.93e-06,6.47857e-05,6.18e-05,2.89e-05,5.77e-06,2.54e-05,9.24e-06,3.55739e-05,4.04e-05,0.919597,0.000376418,156.342,0.0562396,0.000272951,7.05976e-05,-2.22808e-05,7.19125e-05,-0.00461372,0.00414345,-0.00552025,0.00414343,4.06254e-05,2.40719e-05,0.195105,0.184197,0.00135705,1.11864,66,7,0.988375,6.91988e-05,0.930413,0.000223909,0.000281774,5.68499e-09,-0.000168884,4.1018e-09,0.000212986,5.76465e-06,0.000113041,7.10432e-06,0.000112664,3.26327e-05,8.80924e-07,0.000134394,0.000376419,0.930153,-0.000260534,0.930444,0.000169578,-0.000291831
ERF_Log_File_20251021_1107.csv,sp,13,p02,4,1,filled_square,prism,CCS200_Spectrum_1445101681.csv,1.4451e+09,3.08002,0.000205675,0.911905,0.00784631,29.1377,0.56649,0.000125511,0.978369,1,0.003106,4.15149e-06,0.564,0,6.35e-06,0.000289,8.31e-05,7.51e-06,0,6.93e-06,6.48225e-05,6.18e-05,2.89e-05,5.77e-06,2.54e-05,9.24e-06,3.55262e-05,4.04e-05,0.919598,0.00016159,162.761,0.0285028,0.000204345,3.30822e-05,-0.00013411,3.30973e-05,4.74036e-05,0.000307135,0.000299485,0.000307134,6.19385e-06,1.80715e-06,0.0151114,0.0917946,0.000100962,1.11769,66,7,0.988381,6.91365e-05,0.930408,0.000222314,0.000281171,5.68838e-09,-0.000168605,4.103e-09,0.000211274,5.7735e-06,0.000110767,7.11521e-06,0.000112444,3.22348e-05,9.60019e-07,0.000134246,0.000161593,0.930149,-0.000259414,0.930442,0.000170517,-0.000292868
ERF_Log_File_20250530_1618.csv,sp,13,p02,2,0,filled_square,prism,CCS200_Spectrum_1432678748.csv,1.43268e+09,4.5696,0.000210338,0.898107,0.00222262,29.0257,0.581499,0.000125507,1.27877,1,0.00342068,3.32612e-06,0.583,0,6.35e-06,0.000289,8.31e-05,7.51e-06,0,6.93e-06,6.65335e-05,6.18e-05,2.89e-05,5.77e-06,2.54e-05,9.24e-06,3.33813e-05,4.04e-05,0.919809,0.000350564,96.6845,0.0367807,0.000137319,6.97757e-05,-0.00010666,6.97933e-05,9.41885e-05,0.000492129,0.00136132,0.000492127,1.28563e-05,2.9077e-06,0.0143311,0.120575,0.000161149,1.11864,66,7,0.988652,6.64735e-05,0.930367,0.000254987,0.000263769,5.63107e-09,-4.015e-05,3.75057e-09,0.000368061,1.98178e-05,0.000368114,2.14172e-05,7.59797e-05,7.3733e-05,4.31935e-06,0.000115787,0.000350591,0.929826,-0.000541031,0.930122,0.000149956,-0.000296692
ERF_Log_File_20250605_1552.csv,sp,13,p02,2,0,filled_square,prism,CCS200_Spectrum_1433195551.csv,1.4332e+09,5.2917,0.000342299,0.91557,0.00825746,28.9992,0.581501,0.000125508,1.43973,1,0.00341541,3.39007e-06,0.583,0,6.35e-06,0.000289,8.31e-05,7.51e-06,0,6.93e-06,6.65337e-05,6.18e-05,2.89e-05,5.77e-06,2.54e-05,9.24e-06,3.3381e-05,4.04e-05,0.919643,0.000145999,112.108,0.0176893,0.000257855,3.03012e-05,-7.3914e-06,3.03259e-05,0.00128505,0.000371315,-0.000853887,0.000371314,3.72637e-05,2.19506e-06,0.0125381,0.0579372,0.000121612,1.11864,66,7,0.988652,6.64611e-05,0.930199,0.000242562,0.000263757,5.62242e-09,-4.01832e-05,3.7483e-09,0.000368067,1.98178e-05,0.000368083,2.14172e-05,7.5985e-05,7.37306e-05,4.31981e-06,0.000115765,0.000146063,0.929658,-0.000540932,0.930122,0.000149951,-0.000464429
ERF_Log_File_20250603_1206.csv,sp,13,p02,2,0,filled_square,prism,CCS200_Spectrum_1433009218.csv,1.43301e+09,5.20253,0.000272614,0.929827,0.0145283,29.2319,0.581654,0.000125508,1.39913,1,0.00340842,3.42376e-06,0.583,0,6.35e-06,0.000289,8.31e-05,7.51e-06,0,6.93e-06,6.65512e-05,6.18e-05,2.89e-05,5.77e-06,2.54e-05,9.24e-06,3.33592e-05,4.04e-05,0.920078,0.000195444,110.23,0.0232681,0.000264792,4.05615e-05,-9.37273e-05,4.05956e-05,0.000735566,0.00050423,-0.000342289,0.000504228,5.04478e-05,2.98006e-06,0.0167487,0.0762122,0.000165143,1.11864,66,7,0.988655,6.64665e-05,0.930636,0.000243906,0.000263304,5.62242e-09,-3.99357e-05,3.7483e-09,0.000368585,1.98192e-05,0.000366059,2.14209e-05,7.58098e-05,7.35802e-05,4.35218e-06,0.000115763,0.000195493,0.930095,-0.000541035,0.930117,0.000149565,-2.20918e-05
ERF_Log_File_20260206_0917.csv,sp,13,p02,5,2,filled_square,prism,CCS200_Spectrum_1454429892.csv,1.45443e+09,2.56187,0.000155563,0.901983,0.0025514,29.073,0.58307,0.000125518,1.21583,1,0.00344525,5.24115e-06,0.583,0,6.35e-06,0.000289,8.31e-05,7.51e-06,0,6.93e-06,6.67131e-05,6.18e-05,2.89e-05,5.77e-06,2.54e-05,9.24e-06,3.31568e-05,4.04e-05,0.919287,0.000212155,128.96,0.0296475,0.000181906,4.36083e-05,-7.29643e-05,4.3628e-05,0.000103732,0.000428066,-0.000389323,0.000428065,5.48176e-06,2.37057e-06,0.0166214,0.0970875,0.000140204,1.11864,66,7,0.98868,6.61677e-05,0.929812,0.000233306,0.000254386,3.02072e-09,-0.000102762,2.63232e-09,0.000347182,6.80698e-06,0.000185948,1.18078e-05,8.92872e-05,5.33571e-05,4.6503e-06,0.000100568,0.000212206,0.930018,0.00020564,0.930066,0.000145992,-4.82261e-05
ERF_Log_File_20251021_1155.csv,sp,13,p02,4,1,filled_square,prism,CCS200_Spectrum_1445104570.csv,1.44511e+09,2.26902,0.000196387,0.910603,0.00640715,29.1372,0.584185,0.000125512,0.964356,1,0.00347137,4.1998e-06,0.583,0,6.35e-06,0.000289,8.31e-05,7.51e-06,0,6.93e-06,6.68411e-05,6.18e-05,2.89e-05,5.77e-06,2.54e-05,9.24e-06,3.29975e-05,4.04e-05,0.919339,0.000233991,114.481,0.0290199,0.000157414,4.81697e-05,-9.55308e-05,4.81958e-05,0.000176904,0.000485451,0.000274435,0.000485448,-9.34089e-06,2.85624e-06,0.0167337,0.0950448,0.000158994,1.11864,66,7,0.988699,6.59863e-05,0.929847,0.000240987,0.000247095,5.81901e-09,-0.000148627,4.1981e-09,0.000121026,6.35643e-06,-1.58494e-05,7.83373e-06,9.89304e-05,1.38872e-05,4.88233e-06,0.00012679,0.000234042,0.929645,-0.000202153,0.930024,0.000143189,-0.000378942
ERF_Log_File_20260206_0857.csv,sp,13,p02,5,2,filled_square,prism,CCS200_Spectrum_1454428658.csv,1.45443e+09,2.51808,0.000233943,0.909816,0.00383602,29.0685,0.603856,0.000125518,1.04177,1,0.00381387,5.28431e-06,0.604,0,6.35e-06,0.000289,8.31e-05,7.51e-06,0,6.93e-06,6.90371e-05,6.18e-05,2.89e-05,5.77e-06,2.54e-05,9.24e-06,3.0481e-05,4.04e-05,0.918118,0.000175991,120.888,0.0230181,0.00017154,3.66296e-05,-0.000142902,3.66584e-05,-0.000122023,0.00046848,0.000170906,0.000468478,5.64332e-06,2.59382e-06,0.0170797,0.0743852,0.000153886,1.11787,66,7,0.989038,6.28176e-05,0.928294,0.000237054,0.000200769,2.73559e-09,-8.46609e-05,2.39184e-09,0.000260866,6.59673e-06,4.54198e-06,1.14431e-05,7.13575e-05,2.73261e-05,8.68049e-06,9.35027e-05,0.000176206,0.928437,0.000143107,0.928954,0.000143694,-0.000516909
ERF_Log_File_20250602_0932.csv,sp,13,p02,2,0,filled_square,prism,CCS200_Spectrum_1432913582.csv,1.43291e+09,4.32567,0.000230804,0.902158,0.00287631,28.9743,0.604315,0.000125508,1.52067,1,0.00382427,3.59433e-06,0.604,0,6.35e-06,0.000289,8.31e-05,7.51e-06,0,6.93e-06,6.90885e-05,6.18e-05,2.89e-05,5.77e-06,2.54e-05,9.24e-06,3.04505e-05,4.04e-05,0.918887,0.00048135,86.7519,0.0454071,6.05381e-05,8.91216e-05,-4.40635e-05,8.91317e-05,-0.00103568,0.000448778,-0.000220017,0.000448776,2.12537e-05,2.65163e-06,0.0117125,0.148963,0.000146929,1.11863,66,7,0.989046,6.28032e-05,0.929064,0.000266014,0.000196758,5.3817e-09,-2.20782e-05,3.57582e-09,0.000425986,2.02879e-05,6.73295e-05,2.26496e-05,5.4709e-05,4.97506e-05,8.76198e-06,0.000107796,0.00048143,0.928545,-0.000519172,0.928922,0.000144037,-0.000377282
ERF_Log_File_20251017_1537.csv,sp,13,p02,4,1,filled_square,prism,CCS200_Spectrum_1444772236.csv,1.44477e+09,1.81817,0.000578956,0.916275,0.00772575,29.1489,0.605897,0.000125509,1.32052,1,0.00384368,3.71345e-06,0.604,0,6.35e-06,0.000289,8.31e-05,7.51e-06,0,6.93e-06,6.92772e-05,6.18e-05,2.89e-05,5.77e-06,2.54e-05,9.24e-06,3.03453e-05,4.04e-05,0.915975,0.00153878,97.7135,0.163648,0.00054875,0.00031517,-3.17873e-05,0.0003153,0.00480054,0.00279158,-0.000811011,0.00279157,0.00042207,1.64267e-05,0.0818227,0.536275,0.000914195,1.11864,66,7,0.989073,6.23738e-05,0.926094,0.000253325,0.000188857,6.10666e-09,-0.000115648,4.41129e-09,1.59778e-05,7.14207e-06,-0.000177265,8.80194e-06,7.61262e-05,1.94984e-05,9.0432e-06,0.000118283,0.00153881,0.925957,-0.000136946,0.92881,0.000145235,-0.0028524
ERF_Log_File_20251021_1445.csv,sp,13,p02,4,1,filled_square,prism,CCS200_Spectrum_1445114747.csv,1.44512e+09,4.76124,0.000287305,0.902864,0.000650561,29.1463,0.606274,0.000125511,1.54352,1,0.00388355,4.16377e-06,0.604,0,6.35e-06,0.000289,8.31e-05,7.51e-06,0,6.93e-06,6.93222e-05,6.18e-05,2.89e-05,5.77e-06,2.54e-05,9.24e-06,3.03202e-05,4.04e-05,0.919017,0.000329042,91.4507,0.0326968,7.12472e-05,6.42869e-05,-0.000195711,6.42979e-05,0.000303356,0.000402161,-0.000503524,0.000402159,-1.89393e-06,2.22787e-06,0.0110725,0.106977,0.000131746,1.11864,66,7,0.989079,6.25258e-05,0.929164,0.000260349,0.000187676,6.10824e-09,-0.000114902,4.41129e-09,1.42426e-05,7.15469e-06,-0.000180041,8.81742e-06,7.56443e-05,1.96196e-05,9.10983e-06,0.000118546,0.000329169,0.929028,-0.000136328,0.928783,0.000145524,0.000245477
ERF_Log_File_20250602_0952.csv,sp,13,p02,2,0,filled_square,prism,CCS200_Spectrum_1432914750.csv,1.43292e+09,5.33753,0.000679012,0.87912,0.00864822,28.9763,0.629501,0.000125717,1.0247,1,0.00659613,1.90872e-05,0.626,0,6.35e-06,0.000289,8.31e-05,7.51e-06,0,6.93e-06,7.20247e-05,6.18e-05,2.89e-05,5.77e-06,2.54e-05,9.24e-06,2.87759e-05,4.04e-05,0.917633,0.000282336,101.611,0.0309042,9.59243e-05,5.89941e-05,2.76717e-05,5.90847e-05,-0.000284219,0.000986821,-0.000688861,0.000986817,-3.58113e-06,5.82519e-06,0.030136,0.101218,0.000323202,1.11864,66,7,0.989457,5.93214e-05,0.927411,0.000250095,0.000111527,5.19197e-09,2.05162e-06,3.45069e-09,0.000449132,2.13709e-05,-0.000236974,2.50133e-05,2.83946e-05,6.87931e-05,1.289e-05,0.000100141,0.00028263,0.926913,-0.000498095,0.926739,0.000154714,0.000173658
ERF_Log_File_20260206_0836.csv,sp,13,p02,5,2,filled_square,prism,CCS200_Spectrum_1454427424.csv,1.45443e+09,2.33948,0.000441805,0.933161,0.00898921,29.0659,0.630603,0.000125724,1.06327,1,0.00658995,1.93869e-05,0.626,0,6.35e-06,0.000289,8.31e-05,7.51e-06,0,6.93e-06,7.21341e-05,6.18e-05,2.89e-05,5.77e-06,2.54e-05,9.24e-06,2.87027e-05,4.04e-05,0.916746,0.000137822,211.417,0.0313175,3.93102e-05,2.88032e-05,-1.63717e-05,2.88534e-05,0.000418876,0.000544016,-0.00104504,0.000544014,2.73709e-05,3.01016e-06,0.0345329,0.102572,0.000178175,1.11864,66,7,0.989475,5.91279e-05,0.926497,0.0002138,0.000122082,2.45516e-09,-5.67462e-05,2.14815e-09,0.000134071,6.3913e-06,-0.000245236,1.10867e-05,4.4707e-05,3.79709e-05,1.30537e-05,8.65035e-05,0.000138439,0.926568,7.02975e-05,0.926625,0.000156935,-5.75426e-05
ERF_Log_File_20251017_1556.csv,sp,13,p02,4,1,filled_square,prism,CCS200_Spectrum_1444773409.csv,1.44477e+09,2.52919,0.000582406,0.895822,0.00150375,29.154,0.631411,0.000125655,1.43186,1,0.00641103,1.60943e-05,0.626,0,6.35e-06,0.000289,8.31e-05,7.51e-06,0,6.93e-06,7.22143e-05,6.18e-05,2.89e-05,5.77e-06,2.54e-05,9.24e-06,2.86489e-05,4.04e-05,0.918441,0.000343405,129.999,0.0454206,3.94677e-05,6.84575e-05,-0.000188131,6.9098e-05,-0.00199764,0.0028243,-0.00546114,0.00282428,0.000124866,1.65169e-05,0.110442,0.148767,0.000925004,1.11864,66,7,0.989488,5.9137e-05,0.928198,0.000232682,0.000107009,6.40698e-09,-7.07111e-05,4.63385e-09,-9.24082e-05,7.83764e-06,-0.000356357,9.65915e-06,4.443e-05,4.49228e-05,1.31652e-05,0.000110469,0.000343657,0.92813,-6.83493e-05,0.926541,0.000158559,0.00158893
ERF_Log_File_20260206_0816.csv,sp,13,p02,5,2,filled_square,prism,CCS200_Spectrum_1454426190.csv,1.45443e+09,2.82904,0.000412169,0.622738,0.00295984,29.0641,0.650332,0.000125567,1.31217,1,0.0055688,1.03967e-05,0.65,0,6.35e-06,0.000289,8.31e-05,7.51e-06,0,6.93e-06,7.44196e-05,6.18e-05,2.89e-05,5.77e-06,2.54e-05,9.24e-06,2.73917e-05,4.04e-05,0.914834,7.73731e-05,245.677,0.0195992,2.96692e-05,1.562e-05,5.40568e-06,1.5731e-05,-0.000423276,0.000595364,-0.00109101,0.000595361,5.17658e-06,3.28215e-06,0.0438255,0.0641791,0.000194993,1.11864,66,7,0.989779,5.67402e-05,0.924281,0.000210321,6.2551e-05,2.30958e-09,-3.51249e-05,2.01348e-09,3.72369e-05,6.24917e-06,-0.00042259,1.08402e-05,2.4419e-05,4.60486e-05,1.5711e-05,8.25464e-05,7.89501e-05,0.924303,2.15642e-05,0.92436,0.000173867,-5.76987e-05
ERF_Log_File_20251017_1616.csv,sp,13,p02,4,1,filled_square,prism,CCS200_Spectrum_1444774581.csv,1.44478e+09,3.43939,0.00087021,0.60818,0.00338781,29.1551,0.650526,0.000125537,1.48189,1,0.0054607,7.71701e-06,0.65,0,6.35e-06,0.000289,8.31e-05,7.51e-06,0,6.93e-06,7.44444e-05,6.18e-05,2.89e-05,5.77e-06,2.54e-05,9.24e-06,2.73794e-05,4.04e-05,0.916054,0.000210144,170.859,0.0344682,4.11757e-05,3.95912e-05,3.28423e-05,4.03248e-05,-5.9722e-06,0.00231682,-0.0033978,0.00231682,3.66817e-05,1.34626e-05,0.118764,0.112891,0.000758801,1.11864,66,7,0.989782,5.6795e-05,0.925511,0.000219824,4.22244e-05,6.51732e-09,-3.60328e-05,4.72662e-09,-0.000160737,8.10684e-06,-0.000473456,9.99091e-06,1.95643e-05,6.34503e-05,1.5731e-05,0.000104979,0.000210731,0.92549,-2.11334e-05,0.924336,0.000174238,0.00115368
ERF_Log_File_20250602_1011.csv,sp,13,p02,2,0,filled_square,prism,CCS200_Spectrum_1432915917.csv,1.43292e+09,3.12055,0.000204048,0.619245,0.000499685,28.9762,0.650992,0.000125544,1.03553,1,0.0056195,8.44859e-06,0.65,0,6.35e-06,0.000289,8.31e-05,7.51e-06,0,6.93e-06,7.45043e-05,6.18e-05,2.89e-05,5.77e-06,2.54e-05,9.24e-06,2.73495e-05,4.04e-05,0.91535,0.0001737,144.673,0.0270091,3.75633e-05,3.6334e-05,2.90141e-05,3.6413e-05,0.00270209,0.00072137,-0.0011073,0.000721367,1.72122e-05,4.25665e-06,0.0312871,0.0884617,0.000236261,1.11864,66,7,0.989789,5.67013e-05,0.924793,0.000226501,3.67807e-05,5.02032e-09,2.34029e-05,3.3388e-09,0.00044036,2.26108e-05,-0.000452764,2.71551e-05,1.50459e-05,8.94518e-05,1.57889e-05,9.43848e-05,0.000174415,0.924311,-0.000481853,0.924278,0.00017513,3.3641e-05
ERF_Log_File_20260206_0755.csv,sp,13,p02,5,2,filled_square,prism,CCS200_Spectrum_1454424957.csv,1.45443e+09,3.03653,0.000515656,0.502202,0.00128091,29.0595,0.675227,0.000125574,1.319,1,0.00533348,1.08115e-05,0.675,0,6.35e-06,0.000289,8.31e-05,7.51e-06,0,6.93e-06,7.72598e-05,6.18e-05,2.89e-05,5.77e-06,2.54e-05,9.24e-06,2.57995e-05,4.04e-05,0.912365,0.000127026,251.278,0.0234893,-2.07547e-05,1.83914e-05,2.52324e-05,1.95356e-05,0.00314265,0.00218726,-0.0024179,0.00218725,1.9458e-05,1.15755e-05,0.164233,0.0767995,0.00071637,1.11864,66,7,0.990144,5.41393e-05,0.921447,0.000209409,-8.39408e-06,2.17225e-09,-9.08477e-06,1.8962e-09,-8.10574e-05,6.04918e-06,-0.000621494,1.04933e-05,4.36971e-06,7.02865e-05,1.83951e-05,7.88379e-05,0.000128348,0.921412,-3.4327e-05,0.920968,0.000176596,0.000444915
ERF_Log_File_20260205_1526.csv,sp,13,p02,5,2,filled_square,prism,CCS200_Spectrum_1454365577.csv,1.45437e+09,3.04063,0.000123806,0.501161,0.00139117,29.0767,0.675327,0.000125577,1.42439,1,0.00532409,1.10256e-05,0.675,0,6.35e-06,0.000289,8.31e-05,7.51e-06,0,6.93e-06,7.72704e-05,6.18e-05,2.89e-05,5.77e-06,2.54e-05,9.24e-06,2.57931e-05,4.04e-05,0.911976,0.000129486,251.608,0.0353052,-1.0273e-05,2.7222e-05,-3.09432e-05,2.72598e-05,0.000935157,0.000459635,7.71761e-05,0.000459633,4.66175e-06,2.544e-06,0.0345426,0.115629,0.000150539,1.11864,66,7,0.990145,5.41073e-05,0.921053,0.000209305,-8.65849e-06,2.1745e-09,-8.85855e-06,1.8962e-09,-8.15254e-05,6.04826e-06,-0.00062222,1.04916e-05,4.37926e-06,7.04058e-05,1.84049e-05,7.87928e-05,0.000130785,0.921018,-3.45253e-05,0.920953,0.000176438,6.55608e-05
ERF_Log_File_20251017_1635.csv,sp,13,p02,4,1,filled_square,prism,CCS200_Spectrum_1444775753.csv,1.44478e+09,3.84237,0.00048902,0.498801,0.00161644,29.1599,0.675483,0.000125549,1.48312,1,0.00540127,8.85184e-06,0.675,0,6.35e-06,0.000289,8.31e-05,7.51e-06,0,6.93e-06,7.7287e-05,6.18e-05,2.89e-05,5.77e-06,2.54e-05,9.24e-06,2.57831e-05,4.04e-05,0.911787,0.000483178,182.563,0.0943095,6.03937e-05,0.000100842,-5.86149e-06,0.000101187,-0.00541883,0.00250622,-0.00475443,0.00250621,0.000192651,1.47163e-05,0.136633,0.3089,0.000820828,1.11864,66,7,0.990147,5.40822e-05,0.92086,0.000216768,-4.04274e-05,6.46835e-09,6.85419e-06,4.6973e-09,-0.000233413,8.12378e-06,-0.000596794,1.00118e-05,1.18204e-05,8.30432e-05,1.84153e-05,9.8758e-05,0.000483528,0.920895,3.48499e-05,0.92093,0.000176193,-3.49136e-05
ERF_Log_File_20250602_1031.csv,sp,13,p02,2,0,filled_square,prism,CCS200_Spectrum_1432917085.csv,1.43292e+09,3.56004,0.000290949,0.498396,0.000351904,28.9793,0.676053,0.000125551,1.1905,1,0.00541215,8.99108e-06,0.675,0,6.35e-06,0.000289,8.31e-05,7.51e-06,0,6.93e-06,7.73476e-05,6.18e-05,2.89e-05,5.77e-06,2.54e-05,9.24e-06,2.57466e-05,4.04e-05,0.911964,0.000218475,159.224,0.0367839,-5.2011e-05,4.51715e-05,3.59389e-05,4.53929e-05,-0.00433989,0.00134523,0.00148675,0.00134523,1.51069e-05,7.92267e-06,0.0639761,0.120477,0.000440587,1.11864,66,7,0.990155,5.40421e-05,0.921032,0.000221649,-4.57768e-05,4.76146e-09,4.68097e-05,3.1844e-09,0.000403478,2.41841e-05,-0.000640171,2.93047e-05,2.31466e-05,0.000104504,1.84687e-05,8.85624e-05,0.000219253,0.920566,-0.000465081,0.920846,0.000175297,-0.000279796
ERF_Log_File_20260205_1502.csv,sp,13,p02,5,2,filled_square,prism,CCS200_Spectrum_1454364159.csv,1.45436e+09,2.99863,0.000141672,0.424903,0.00251987,29.0736,0.70201,0.000125562,1.24292,1,0.00547189,9.94813e-06,0.702,0,6.35e-06,0.000289,8.31e-05,7.51e-06,0,6.93e-06,8.02825e-05,6.18e-05,2.89e-05,5.77e-06,2.54e-05,9.24e-06,2.40799e-05,4.04e-05,0.907974,0.000158486,230.38,0.0400129,-5.1154e-05,3.31924e-05,5.68434e-06,3.32119e-05,0.000159965,0.000368263,-0.00040616,0.000368261,2.05727e-06,2.03912e-06,0.0252297,0.13105,0.000120613,1.11864,66,7,0.990512,5.16929e-05,0.916671,0.000210098,-7.56434e-05,2.07331e-09,1.6392e-05,1.8138e-09,-0.000196678,5.79981e-06,-0.000792289,1.00606e-05,2.30088e-05,9.89116e-05,2.05454e-05,7.59717e-05,0.00015981,0.916583,-8.79522e-05,0.916802,0.000149682,-0.000218908
ERF_Log_File_20250602_1050.csv,sp,13,p02,2,0,filled_square,prism,CCS200_Spectrum_1432918252.csv,1.43292e+09,3.84801,0.000133604,0.425566,0.000148268,28.9797,0.702135,0.000125553,1.10991,1,0.00555418,9.17291e-06,0.702,0,6.35e-06,0.000289,8.31e-05,7.51e-06,0,6.93e-06,8.02962e-05,6.18e-05,2.89e-05,5.77e-06,2.54e-05,9.24e-06,2.40715e-05,4.04e-05,0.908561,0.000188411,161.293,0.0330707,-9.03822e-05,3.97615e-05,6.34745e-05,3.98215e-05,-0.000718021,0.000658658,-0.000426853,0.000658655,2.07651e-05,3.88813e-06,0.0316129,0.108315,0.000215722,1.11864,66,7,0.990514,5.17172e-05,0.917262,0.000220459,-0.000121133,4.43532e-09,6.8072e-05,2.9694e-09,0.000341851,2.57178e-05,-0.000757356,3.09425e-05,4.73013e-05,0.000110081,2.05524e-05,8.35053e-05,0.000189527,0.916812,-0.000450313,0.916782,0.000149721,2.995e-05
ERF_Log_File_20250605_1631.csv,sp,13,p02,2,0,filled_square,prism,CCS200_Spectrum_1433197885.csv,1.4332e+09,3.60293,0.000467356,0.422092,0.00149727,29.0032,0.70233,0.000125572,1.05151,1,0.00557424,1.06682e-05,0.702,0,6.35e-06,0.000289,8.31e-05,7.51e-06,0,6.93e-06,8.03176e-05,6.18e-05,2.89e-05,5.77e-06,2.54e-05,9.24e-06,2.40584e-05,4.04e-05,0.908405,0.000219267,150.216,0.0342874,-6.07198e-05,4.46972e-05,6.78468e-05,4.50395e-05,0.00262396,0.00166528,0.00168481,0.00166528,-2.79214e-05,9.79771e-06,0.0744255,0.112296,0.000545412,1.11864,66,7,0.990516,5.16942e-05,0.917103,0.000223408,-0.000121655,4.43532e-09,6.81853e-05,2.9694e-09,0.00034132,2.57283e-05,-0.00075794,3.09522e-05,4.74601e-05,0.000110086,2.05687e-05,8.3459e-05,0.000220228,0.916653,-0.000450147,0.91675,0.000149782,-9.72939e-05
ERF_Log_File_20251017_1655.csv,sp,13,p02,4,1,filled_square,prism,CCS200_Spectrum_1444776926.csv,1.44478e+09,4.12631,0.000441254,0.423343,0.00215033,29.1634,0.70238,0.000125559,1.3797,1,0.00548665,9.63793e-06,0.702,0,6.35e-06,0.000289,8.31e-05,7.51e-06,0,6.93e-06,8.03231e-05,6.18e-05,2.89e-05,5.77e-06,2.54e-05,9.24e-06,2.40551e-05,4.04e-05,0.90781,0.000304804,182.019,0.0565462,-0.000107865,6.08907e-05,-0.000138718,6.15478e-05,-0.00122466,0.00270188,0.000567173,0.00270187,0.000115729,1.57846e-05,0.146222,0.185203,0.000884915,1.11864,66,7,0.990517,5.16567e-05,0.916501,0.000216052,-0.00012127,6.20528e-09,4.74575e-05,4.51083e-09,-0.000293467,7.7774e-06,-0.000688352,9.58488e-06,4.21818e-05,9.81989e-05,2.05699e-05,9.33572e-05,0.000305496,0.91659,8.86401e-05,0.916742,0.000149797,-0.000151935
ERF_Log_File_20260205_1441.csv,sp,13,p02,5,2,filled_square,prism,CCS200_Spectrum_1454362925.csv,1.45436e+09,3.18289,0.000109006,0.468961,0.00149158,29.0694,0.719746,0.000125585,1.07272,1,0.00573078,1.16491e-05,0.72,0,6.35e-06,0.000289,8.31e-05,7.51e-06,0,6.93e-06,8.22795e-05,6.18e-05,2.89e-05,5.77e-06,2.54e-05,9.24e-06,2.28879e-05,4.04e-05,0.905197,0.00013212,228.398,0.0332319,-9.8043e-05,2.73992e-05,-2.44902e-05,2.74094e-05,-0.000907361,0.000244708,-0.00108601,0.000244707,-4.56409e-06,1.35533e-06,0.0165736,0.10873,8.01645e-05,1.11864,66,7,0.990743,5.03085e-05,0.913655,0.000209693,-0.000113606,2.03526e-09,3.09828e-05,1.78141e-09,-0.000264104,5.62362e-06,-0.000877401,9.75519e-06,3.61472e-05,0.000114162,2.1622e-05,7.46389e-05,0.000133875,0.913535,-0.000120083,0.913821,0.000152925,-0.000286847
ERF_Log_File_20251017_1714.csv,sp,13,p02,4,1,filled_square,prism,CCS200_Spectrum_1444778099.csv,1.44478e+09,2.2267,0.000387807,0.468344,0.000762942,29.1644,0.72022,0.000125563,1.36319,1,0.00570735,9.97994e-06,0.72,0,6.35e-06,0.000289,8.31e-05,7.51e-06,0,6.93e-06,8.23347e-05,6.18e-05,2.89e-05,5.77e-06,2.54e-05,9.24e-06,2.2856e-05,4.04e-05,0.903705,0.000261874,183.205,0.0402086,2.3137e-06,4.31848e-05,0.000123177,4.51042e-05,-0.00849071,0.00401389,-0.00384884,0.00401387,-0.000159032,2.28842e-05,0.217653,0.131689,0.00131462,1.11864,66,7,0.990749,5.01955e-05,0.912143,0.000215014,-0.000168087,5.9273e-09,7.00249e-05,4.30487e-09,-0.000325048,7.38856e-06,-0.000725501,9.10572e-06,5.95279e-05,0.000105069,2.16434e-05,9.02606e-05,0.000262766,0.912264,0.000120721,0.91374,0.000152901,-0.00147584
ERF_Log_File_20250602_1110.csv,sp,13,p02,2,0,filled_square,prism,CCS200_Spectrum_1432919420.csv,1.43292e+09,4.20183,0.000136933,0.466784,0.000727837,28.9833,0.720583,0.000125581,1.01193,1,0.0058204,1.13804e-05,0.72,0,6.35e-06,0.000289,8.31e-05,7.51e-06,0,6.93e-06,8.23772e-05,6.18e-05,2.89e-05,5.77e-06,2.54e-05,9.24e-06,2.28316e-05,4.04e-05,0.90522,0.000144049,165.963,0.0256109,-0.000129603,3.01519e-05,4.82856e-05,3.02763e-05,0.000269657,0.00082404,-0.0003746,0.000824037,-4.52655e-06,4.85608e-06,0.0405466,0.0838776,0.000269891,1.11864,66,7,0.990754,5.02565e-05,0.913668,0.000218698,-0.000166285,4.18217e-09,8.05275e-05,2.81141e-09,0.000287894,2.66303e-05,-0.000794005,3.17295e-05,6.17031e-05,0.000108376,2.16657e-05,8.039e-05,0.000145667,0.913227,-0.000440873,0.913677,0.000152883,-0.000450298
ERF_Log_File_20251017_1734.csv,sp,13,p02,4,1,filled_square,prism,CCS200_Spectrum_1444779271.csv,1.44478e+09,2.64246,0.000650607,0.534089,0.00141592,29.17,0.739633,0.000125579,1.27602,1,0.00597278,1.12687e-05,0.74,0,6.35e-06,0.000289,8.31e-05,7.51e-06,0,6.93e-06,8.45725e-05,6.18e-05,2.89e-05,5.77e-06,2.54e-05,9.24e-06,2.15513e-05,4.04e-05,0.900792,0.000264487,200.614,0.0516163,-9.4111e-05,5.04978e-05,-3.55953e-05,5.14612e-05,-0.00518273,0.00300083,-0.0047222,0.00300081,-4.76171e-05,1.74304e-05,0.177607,0.169054,0.000982822,1.11864,66,7,0.99099,4.88738e-05,0.908982,0.00021181,-0.000211837,5.57891e-09,9.04344e-05,4.05218e-09,-0.000353989,6.86774e-06,-0.000745997,8.46384e-06,7.5568e-05,0.00011001,2.24807e-05,8.75632e-05,0.00026544,0.909135,0.000152953,0.910322,0.000154561,-0.00118714
ERF_Log_File_20251020_1026.csv,sp,13,p02,4,1,filled_square,prism,CCS200_Spectrum_1445012805.csv,1.44501e+09,2.63175,0.000674648,0.528895,0.00212494,29.1603,0.739678,0.000125583,1.13465,1,0.00600642,1.15294e-05,0.74,0,6.35e-06,0.000289,8.31e-05,7.51e-06,0,6.93e-06,8.45778e-05,6.18e-05,2.89e-05,5.77e-06,2.54e-05,9.24e-06,2.15482e-05,4.04e-05,0.903208,0.000444045,200.931,0.09217,-0.000224511,8.98805e-05,0.00036111,9.0741e-05,0.0132037,0.00375185,-0.00499947,0.00375183,-0.000221059,2.19374e-05,0.223005,0.301874,0.00122879,1.11864,66,7,0.990991,4.90024e-05,0.911419,0.000212266,-0.000211913,5.572e-09,9.05063e-05,4.05583e-09,-0.000354045,6.86646e-06,-0.000746023,8.46221e-06,7.56048e-05,0.000110018,2.24822e-05,8.7793e-05,0.000444614,0.911572,0.000153436,0.910314,0.00015456,0.00125845
ERF_Log_File_20251020_1006.csv,sp,13,p02,4,1,filled_square,prism,CCS200_Spectrum_1445011620.csv,1.44501e+09,2.62383,0.000755238,0.529457,0.000707409,29.158,0.739706,0.000125559,1.31107,1,0.00592607,9.69632e-06,0.74,0,6.35e-06,0.000289,8.31e-05,7.51e-06,0,6.93e-06,8.4581e-05,6.18e-05,2.89e-05,5.77e-06,2.54e-05,9.24e-06,2.15464e-05,4.04e-05,0.900952,0.000329238,200.601,0.0646655,-0.000140988,6.32601e-05,4.04296e-05,6.4401e-05,-0.000687109,0.00365131,-0.0126384,0.0036513,7.67396e-05,2.12255e-05,0.216131,0.211795,0.00119587,1.11864,66,7,0.990991,4.88784e-05,0.909142,0.000211845,-0.000211913,5.57891e-09,9.04524e-05,4.05218e-09,-0.000354086,6.86561e-06,-0.000746043,8.46127e-06,7.55913e-05,0.000110024,2.24785e-05,8.75706e-05,0.000330004,0.909296,0.000153098,0.910309,0.000154559,-0.00101338
ERF_Log_File_20251021_1127.csv,sp,13,p02,4,1,filled_square,prism,CCS200_Spectrum_1445102866.csv,1.4451e+09,2.90368,0.00023733,0.525748,0.00201899,29.1349,0.739733,0.000125588,1.74785,1,0.00597698,1.18491e-05,0.74,0,6.35e-06,0.000289,8.31e-05,7.51e-06,0,6.93e-06,8.45843e-05,6.18e-05,2.89e-05,5.77e-06,2.54e-05,9.24e-06,2.15445e-05,4.04e-05,0.902106,0.000456963,194.007,0.0982054,-0.000166975,8.45919e-05,6.62976e-05,8.46003e-05,-0.000325156,0.000403896,-0.000847405,0.000403894,7.94795e-06,2.37713e-06,0.0231917,0.319121,0.000132513,1.11854,66,7,0.990991,4.89395e-05,0.910307,0.000212992,-0.000212039,5.57719e-09,9.05962e-05,4.05218e-09,-0.000354122,6.86479e-06,-0.000746055,8.46021e-06,7.56587e-05,0.000110029,2.24842e-05,8.76798e-05,0.000457516,0.91046,0.000153338,0.910304,0.000154558,0.000156183
ERF_Log_File_20260205_1421.csv,sp,13,p02,5,2,filled_square,prism,CCS200_Spectrum_1454361691.csv,1.45436e+09,3.6209,0.000103727,0.530232,0.00113755,29.0639,0.740167,0.00012558,1.0692,1,0.00603124,1.1341e-05,0.74,0,6.35e-06,0.000289,8.31e-05,7.51e-06,0,6.93e-06,8.46351e-05,6.18e-05,2.89e-05,5.77e-06,2.54e-05,9.24e-06,2.15154e-05,4.04e-05,0.902415,6.58131e-05,238.546,0.0171252,-8.08855e-05,1.39666e-05,-1.21427e-05,1.39926e-05,-0.00030031,0.000272274,-0.00107,0.000272272,9.37247e-06,1.50628e-06,0.0191997,0.0560434,8.91899e-05,1.11864,66,7,0.990997,4.89322e-05,0.910613,0.000208252,-0.000150769,2.01112e-09,4.51139e-05,1.75672e-09,-0.000331444,5.42458e-06,-0.000947119,9.40992e-06,4.89707e-05,0.000127865,2.24907e-05,7.35434e-05,6.9549e-05,0.910459,-0.000154085,0.910226,0.000154546,0.000232766
ERF_Log_File_20250602_1129.csv,sp,13,p02,2,0,filled_square,prism,CCS200_Spectrum_1432920588.csv,1.43292e+09,2.59433,0.000107382,0.535498,0.000347774,28.9843,0.741073,0.000125581,1.09591,1,0.00603113,1.14219e-05,0.74,0,6.35e-06,0.000289,8.31e-05,7.51e-06,0,6.93e-06,8.47412e-05,6.18e-05,2.89e-05,5.77e-06,2.54e-05,9.24e-06,2.14545e-05,4.04e-05,0.901802,0.000198746,189.766,0.0405363,-0.000171332,4.17408e-05,5.97063e-05,4.1916e-05,-0.000959546,0.00115032,-0.00216572,0.00115032,3.48281e-05,6.77726e-06,0.0644737,0.132767,0.00037675,1.11864,66,7,0.991008,4.88487e-05,0.909985,0.000213563,-0.000207567,3.90771e-09,9.16621e-05,2.63105e-09,0.00022111,2.74153e-05,-0.000793997,3.22894e-05,7.48072e-05,0.000101746,2.25049e-05,7.74337e-05,0.000200016,0.909553,-0.000431837,0.910064,0.000154518,-0.000511337
ERF_Log_File_20251020_1046.csv,sp,13,p02,4,1,filled_square,prism,CCS200_Spectrum_1445013978.csv,1.44501e+09,2.81613,0.000936972,0.614677,0.0034549,29.1627,0.759103,0.000125754,1.27556,1,0.00612361,2.01694e-05,0.76,0,6.35e-06,0.000289,8.31e-05,7.51e-06,0,6.93e-06,8.6855e-05,6.18e-05,2.89e-05,5.77e-06,2.54e-05,9.24e-06,2.05849e-05,4.04e-05,0.898601,0.000569493,199.928,0.122052,-0.000503532,0.00011938,0.000279525,0.000119984,-0.00213926,0.00360987,0.00637621,0.00360985,-0.000249529,2.11729e-05,0.212406,0.399744,0.00118229,1.11864,66,7,0.991221,4.77521e-05,0.90656,0.00021145,-0.000247647,5.19616e-09,0.000106438,3.77089e-09,-0.000379162,6.28703e-06,-0.00074783,7.74817e-06,8.85214e-05,0.000112708,2.21729e-05,8.54097e-05,0.000569925,0.906742,0.000182676,0.906845,0.00013485,-0.00010236
ERF_Log_File_20250602_1149.csv,sp,13,p02,2,0,filled_square,prism,CCS200_Spectrum_1432921755.csv,1.43292e+09,2.7745,0.000366045,0.610463,0.000753413,28.9863,0.759642,0.00012571,0.991911,1,0.00630907,1.84153e-05,0.76,0,6.35e-06,0.000289,8.31e-05,7.51e-06,0,6.93e-06,8.69101e-05,6.18e-05,2.89e-05,5.77e-06,2.54e-05,9.24e-06,2.0569e-05,4.04e-05,0.89938,0.000113682,188.812,0.021084,-0.000261468,2.1913e-05,9.91797e-05,2.23026e-05,-0.00172383,0.00125638,0.00261334,0.00125638,7.34745e-05,7.33292e-06,0.069876,0.0690547,0.000411487,1.11864,66,7,0.991227,4.77676e-05,0.90734,0.000213217,-0.000236877,3.69244e-09,9.94864e-05,2.49279e-09,0.000156644,2.78941e-05,-0.000761551,3.2558e-05,8.40909e-05,9.21354e-05,2.21364e-05,7.52007e-05,0.000115818,0.906915,-0.00042506,0.90675,0.000133916,0.000165285
ERF_Log_File_20260205_1400.csv,sp,13,p02,5,2,filled_square,prism,CCS200_Spectrum_1454360457.csv,1.45436e+09,3.8035,0.000147109,0.609705,0.00181823,29.0594,0.760564,0.000125643,1.10413,1,0.00643126,1.52339e-05,0.76,0,6.35e-06,0.000289,8.31e-05,7.51e-06,0,6.93e-06,8.70042e-05,6.18e-05,2.89e-05,5.77e-06,2.54e-05,9.24e-06,2.05417e-05,4.04e-05,0.898776,0.000120229,232.79,0.0304,-0.00014318,2.54807e-05,7.76424e-05,2.55535e-05,-0.00055443,0.000614529,-0.00122788,0.000614526,-5.62949e-06,3.39806e-06,0.0421162,0.0995007,0.000201296,1.11863,66,7,0.991238,4.76911e-05,0.906721,0.000207965,-0.000180143,2.00869e-09,5.6859e-05,1.74842e-09,-0.000387207,5.24498e-06,-0.000987553,9.09833e-06,5.92504e-05,0.000137484,2.20732e-05,7.26979e-05,0.000122239,0.906536,-0.000184863,0.906588,0.00013332,-5.17455e-05
ERF_Log_File_20251020_1105.csv,sp,13,p02,4,1,filled_square,prism,CCS200_Spectrum_1445015150.csv,1.44502e+09,3.17825,0.000854131,0.72804,0.00180599,29.1684,0.780673,0.000125625,1.31499,1,0.00670543,1.42571e-05,0.781,0,6.35e-06,0.000289,8.31e-05,7.51e-06,0,6.93e-06,8.92633e-05,6.18e-05,2.89e-05,5.77e-06,2.54e-05,9.24e-06,1.99462e-05,4.04e-05,0.892933,0.000402362,213.87,0.075178,-0.000359603,6.91298e-05,-0.000101089,7.18216e-05,0.00818034,0.00598065,-0.00922203,0.00598062,-0.000247987,3.424e-05,0.374069,0.246216,0.00195876,1.11864,66,7,0.991464,4.65085e-05,0.900621,0.00020859,-0.000278306,4.76268e-09,0.000119152,3.45545e-09,-0.000404596,5.63165e-06,-0.000731174,6.94033e-06,9.93643e-05,0.000113584,2.0271e-05,8.3218e-05,0.000402873,0.900833,0.000211907,0.903182,0.000136183,-0.00234937
ERF_Log_File_20260205_1340.csv,sp,13,p02,5,2,filled_square,prism,CCS200_Spectrum_1454359224.csv,1.45436e+09,4.21602,0.000917963,0.726922,0.00142074,29.0558,0.781375,0.000125595,1.63251,1,0.00683997,1.24324e-05,0.781,0,6.35e-06,0.000289,8.31e-05,7.51e-06,0,6.93e-06,8.93509e-05,6.18e-05,2.89e-05,5.77e-06,2.54e-05,9.24e-06,1.99254e-05,4.04e-05,0.89574,0.000117947,245.403,0.031438,-0.000179754,2.50141e-05,6.86765e-05,2.50958e-05,-0.0005345,0.000645321,-0.00095027,0.000645319,1.38377e-06,3.56729e-06,0.0464846,0.102706,0.000211469,1.11852,66,7,0.991472,4.66269e-05,0.903445,0.000206325,-0.000203363,2.03286e-09,6.59854e-05,1.75672e-09,-0.000432271,5.09492e-06,-0.00100096,8.83786e-06,6.7337e-05,0.00014333,2.01814e-05,7.21168e-05,0.000119663,0.903231,-0.000213506,0.903069,0.000136523,0.000162156
ERF_Log_File_20250602_1208.csv,sp,13,p02,2,0,filled_square,prism,CCS200_Spectrum_1432922923.csv,1.43292e+09,3.19541,0.00032622,0.72898,0.000784888,28.9888,0.782275,0.000125605,1.31889,1,0.00678114,1.30875e-05,0.781,0,6.35e-06,0.000289,8.31e-05,7.51e-06,0,6.93e-06,8.94632e-05,6.18e-05,2.89e-05,5.77e-06,2.54e-05,9.24e-06,1.98988e-05,4.04e-05,0.896422,0.000113683,204.357,0.0236957,-0.000229466,2.27352e-05,8.81016e-05,2.30203e-05,0.0021042,0.00108958,-0.00108937,0.00108958,5.56498e-05,6.38351e-06,0.0653774,0.0775845,0.000356883,1.11864,66,7,0.991482,4.66269e-05,0.904123,0.00021043,-0.000262762,3.46381e-09,0.000106166,2.33362e-09,7.5753e-05,2.81697e-05,-0.000687486,3.26356e-05,9.22321e-05,7.69082e-05,2.00721e-05,7.29189e-05,0.000115443,0.903705,-0.000418074,0.902925,0.000136961,0.000780515
ERF_Log_File_20251020_1125.csv,sp,13,p02,4,1,filled_square,prism,CCS200_Spectrum_1445016323.csv,1.44502e+09,3.2267,0.000882328,0.884766,0.00263198,29.1689,0.803259,0.000125625,0.835441,1,0.00718549,1.43295e-05,0.804,0,6.35e-06,0.000289,8.31e-05,7.51e-06,0,6.93e-06,9.18396e-05,6.18e-05,2.89e-05,5.77e-06,2.54e-05,9.24e-06,1.91509e-05,4.04e-05,0.891415,0.000276751,213.75,0.055738,-0.000396888,5.12208e-05,0.000324578,5.25512e-05,0.00655609,0.00357439,-0.00259317,0.00357437,0.000396572,2.06608e-05,0.223058,0.182565,0.00117067,1.11864,66,7,0.991706,4.5603e-05,0.89887,0.000208289,-0.00030047,4.35915e-09,0.000127477,3.15543e-09,-0.000430456,5.00245e-06,-0.000696849,6.1651e-06,0.000106987,0.000112736,1.68764e-05,8.18246e-05,0.000277266,0.899111,0.00024044,0.899823,0.00013073,-0.00071199
ERF_Log_File_20251022_1301.csv,sp,13,p02,4,1,filled_square,prism,CCS200_Spectrum_1445194908.csv,1.4452e+09,3.46067,0.00018507,0.864744,0.00296731,29.1217,0.803385,0.000125634,1.14499,1,0.00719847,1.48224e-05,0.804,0,6.35e-06,0.000289,8.31e-05,7.51e-06,0,6.93e-06,9.18557e-05,6.18e-05,2.89e-05,5.77e-06,2.54e-05,9.24e-06,1.91423e-05,4.04e-05,0.892281,0.0001817,200.106,0.0406712,-0.0003046,3.73317e-05,5.85977e-05,3.73401e-05,-0.000119518,0.000265936,-0.000347918,0.000265935,-2.69927e-06,1.47301e-06,0.0155516,0.133205,8.7099e-05,1.11864,66,7,0.991707,4.56431e-05,0.899743,0.000210127,-0.000300596,4.36136e-09,0.000127531,3.15386e-09,-0.000430602,4.99925e-06,-0.000696618,6.16104e-06,0.000107032,0.000112728,1.68551e-05,8.18984e-05,0.000182481,0.899983,0.000240827,0.899806,0.00013058,0.000177673
ERF_Log_File_20260205_1319.csv,sp,13,p02,5,2,filled_square,prism,CCS200_Spectrum_1454357990.csv,1.45436e+09,4.3325,0.000986992,0.878914,0.00154635,29.0504,0.804417,0.000125614,1.36592,1,0.00735081,1.37043e-05,0.804,0,6.35e-06,0.000289,8.31e-05,7.51e-06,0,6.93e-06,9.19872e-05,6.18e-05,2.89e-05,5.77e-06,2.54e-05,9.24e-06,1.90716e-05,4.04e-05,0.892488,0.000113907,247.8,0.031214,-0.000244662,2.44649e-05,7.53837e-05,2.45027e-05,-0.000442326,0.000435546,-0.00117387,0.000435544,1.86443e-06,2.41008e-06,0.0315555,0.102121,0.000142683,1.1186,66,7,0.991718,4.56188e-05,0.899941,0.000205467,-0.000221502,2.05675e-09,7.32155e-05,1.77732e-09,-0.000468827,4.97654e-06,-0.000986729,8.6326e-06,7.36794e-05,0.000145562,1.66662e-05,7.16511e-05,0.000115121,0.899699,-0.000242121,0.899668,0.000129354,3.11376e-05
ERF_Log_File_20250602_1227.csv,sp,13,p02,2,0,filled_square,prism,CCS200_Spectrum_1432924091.csv,1.43292e+09,3.27012,0.000408009,0.875889,0.000692567,28.9898,0.804914,0.000125607,1.14076,1,0.00726378,1.32921e-05,0.804,0,6.35e-06,0.000289,8.31e-05,7.51e-06,0,6.93e-06,9.20506e-05,6.18e-05,2.89e-05,5.77e-06,2.54e-05,9.24e-06,1.90376e-05,4.04e-05,0.893031,0.000108894,204.805,0.0242472,-0.000252262,2.31281e-05,0.000131087,2.32197e-05,-0.000303193,0.000619276,-0.00218715,0.000619274,-3.8393e-05,3.64962e-06,0.0370985,0.0793893,0.000202838,1.11864,66,7,0.991723,4.56298e-05,0.900484,0.000209674,-0.000278487,3.29376e-09,0.000110114,2.23268e-09,-5.04301e-06,2.81199e-05,-0.000583962,3.24875e-05,9.71503e-05,6.13434e-05,1.65747e-05,7.10268e-05,0.00011015,0.900072,-0.000412175,0.899602,0.000128765,0.000469865
ERF_Log_File_20251021_1424.csv,sp,13,p02,4,1,filled_square,prism,CCS200_Spectrum_1445113514.csv,1.44511e+09,3.35289,0.000191179,0.895732,0.00112265,29.1443,0.826386,0.000125671,1.2093,1,0.00770112,1.68559e-05,0.828,0,6.35e-06,0.000289,8.31e-05,7.51e-06,0,6.93e-06,9.45077e-05,6.18e-05,2.89e-05,5.77e-06,2.54e-05,9.24e-06,1.75682e-05,4.04e-05,0.889602,0.000176013,197.663,0.0389821,-0.000295428,3.71859e-05,9.62514e-05,3.72001e-05,-9.17169e-05,0.000337298,-0.00115667,0.000337296,-4.58632e-06,1.8684e-06,0.0194366,0.127342,0.000110535,1.11856,66,7,0.991939,4.48076e-05,0.896831,0.00020991,-0.000313613,4.03306e-09,0.000131289,2.90296e-09,-0.000457787,4.50774e-06,-0.00064856,5.55537e-06,0.000111226,0.000110639,1.21464e-05,8.08112e-05,0.000176432,0.897098,0.00026667,0.897134,0.000163936,-3.57726e-05
ERF_Log_File_20251021_1311.csv,sp,13,p02,4,1,filled_square,prism,CCS200_Spectrum_1445109094.csv,1.44511e+09,3.35145,0.00015764,0.895862,0.000600027,29.1382,0.826394,0.00012568,1.68449,1,0.00769572,1.73134e-05,0.828,0,6.35e-06,0.000289,8.31e-05,7.51e-06,0,6.93e-06,9.45085e-05,6.18e-05,2.89e-05,5.77e-06,2.54e-05,9.24e-06,1.75677e-05,4.04e-05,0.889719,0.00012109,197.576,0.0267821,-0.000397356,2.57512e-05,0.000149672,2.57649e-05,-0.000980527,0.000258368,-0.000226265,0.000258366,8.40268e-06,1.52011e-06,0.0149576,0.0854945,8.50892e-05,1.11506,66,7,0.99194,4.48133e-05,0.896948,0.000209946,-0.000313688,4.02828e-09,0.000131325,2.90296e-09,-0.000457794,4.50765e-06,-0.000648538,5.55513e-06,0.000111253,0.000110638,1.21455e-05,8.08215e-05,0.000121699,0.897215,0.000266713,0.897133,0.000163945,8.20881e-05
ERF_Log_File_20251021_1403.csv,sp,13,p02,4,1,filled_square,prism,CCS200_Spectrum_1445112215.csv,1.44511e+09,3.35614,0.000160158,0.8966,0.000556375,29.1429,0.826436,0.000125647,1.22296,1,0.00772716,1.5632e-05,0.828,0,6.35e-06,0.000289,8.31e-05,7.51e-06,0,6.93e-06,9.45132e-05,6.18e-05,2.89e-05,5.77e-06,2.54e-05,9.24e-06,1.75648e-05,4.04e-05,0.890001,0.000131903,197.767,0.0291679,-0.000274131,2.817e-05,0.000136275,2.81871e-05,-0.000470505,0.000309186,-0.000569007,0.000309184,-1.30555e-05,1.76418e-06,0.0178584,0.0946886,0.000101461,1.11804,66,7,0.99194,4.48264e-05,0.897233,0.000209977,-0.000313688,4.02589e-09,0.000131289,2.90636e-09,-0.000457848,4.50695e-06,-0.000648449,5.55438e-06,0.000111244,0.000110634,1.21326e-05,8.0846e-05,0.000132461,0.8975,0.000266844,0.897129,0.00016399,0.000370555
ERF_Log_File_20260205_1259.csv,sp,13,p02,5,2,filled_square,prism,CCS200_Spectrum_1454356756.csv,1.45436e+09,4.00494,0.000343775,0.896874,0.000669038,29.0441,0.827795,0.000125698,1.36378,1,0.00788524,1.81945e-05,0.828,0,6.35e-06,0.000289,8.31e-05,7.51e-06,0,6.93e-06,9.46644e-05,6.18e-05,2.89e-05,5.77e-06,2.54e-05,9.24e-06,1.74718e-05,4.04e-05,0.88995,8.21456e-05,234.037,0.021301,-0.000234474,1.76888e-05,0.000146469,1.77181e-05,-0.000946786,0.000325765,-0.000640017,0.000325764,-2.22887e-06,1.80261e-06,0.022237,0.0695556,0.000106764,1.11834,66,7,0.991953,4.47869e-05,0.89717,0.000206013,-0.000232481,2.06623e-09,7.77409e-05,1.79363e-09,-0.000492733,4.90786e-06,-0.000945896,8.51332e-06,7.75556e-05,0.000143869,1.18243e-05,7.13394e-05,8.29937e-05,0.896901,-0.000268294,0.896999,0.000165434,-9.82254e-05
ERF_Log_File_20250602_1247.csv,sp,13,p02,2,0,filled_square,prism,CCS200_Spectrum_1432925259.csv,1.43293e+09,3.0421,0.000444868,0.901921,0.00163445,28.9937,0.827946,0.000125661,1.19606,1,0.00773086,1.63682e-05,0.828,0,6.35e-06,0.000289,8.31e-05,7.51e-06,0,6.93e-06,9.46813e-05,6.18e-05,2.89e-05,5.77e-06,2.54e-05,9.24e-06,1.74614e-05,4.04e-05,0.889163,0.000977209,197.669,0.217031,7.81975e-05,0.000190758,0.000146546,0.000190784,0.00125417,0.00102737,5.22262e-05,0.00102736,0.000107857,6.07012e-06,0.0591371,0.710988,0.000336466,1.11864,66,7,0.991955,4.47432e-05,0.896374,0.000209819,-0.000285493,3.20079e-09,0.000111623,2.16277e-09,-8.47072e-05,2.77682e-05,-0.000457565,3.21367e-05,9.9279e-05,5.47835e-05,1.17858e-05,6.94456e-05,0.00097728,0.895967,-0.000407192,0.896985,0.000165595,-0.00101814
ERF_Log_File_20251020_1204.csv,sp,13,p02,4,1,filled_square,prism,CCS200_Spectrum_1445018668.csv,1.44502e+09,2.85456,0.000954549,0.904225,0.00282641,29.1752,0.85156,0.000125684,1.75146,1,0.00824918,1.75981e-05,0.853,0,6.35e-06,0.000289,8.31e-05,7.51e-06,0,6.93e-06,9.74151e-05,6.18e-05,2.89e-05,5.77e-06,2.54e-05,9.24e-06,1.59748e-05,4.04e-05,0.885786,0.000621965,205.98,0.13201,-0.000498008,0.000125673,0.000380124,0.000127283,0.00671204,0.00608581,-0.00636276,0.00608578,0.000629293,3.55078e-05,0.363668,0.432381,0.00199323,1.11864,66,7,0.992179,4.39913e-05,0.892768,0.000208035,-0.000318413,3.7713e-09,0.000131235,2.7132e-09,-0.000489808,4.2533e-06,-0.000586442,5.24184e-06,0.000112412,0.000107629,5.9118e-06,7.9962e-05,0.000621993,0.89306,0.000291515,0.895315,0.000122316,-0.00225526
ERF_Log_File_20251022_1322.csv,sp,13,p02,4,1,filled_square,prism,CCS200_Spectrum_1445196141.csv,1.4452e+09,3.08973,0.000263853,0.896793,0.000540687,29.1257,0.851589,0.000125669,1.28123,1,0.0082776,1.68764e-05,0.853,0,6.35e-06,0.000289,8.31e-05,7.51e-06,0,6.93e-06,9.74183e-05,6.18e-05,2.89e-05,5.77e-06,2.54e-05,9.24e-06,1.59752e-05,4.04e-05,0.888236,0.000177607,195.057,0.0386799,-0.000351642,3.82914e-05,0.000136766,3.83288e-05,0.00030785,0.000544038,-0.000704609,0.000544036,-6.00446e-06,3.01173e-06,0.0308723,0.126662,0.000178189,1.11864,66,7,0.99218,4.41123e-05,0.895237,0.000209999,-0.000318438,3.76875e-09,0.000131343,2.70592e-09,-0.000489849,4.25321e-06,-0.000586355,5.24161e-06,0.000112445,0.000107625,5.90395e-06,8.01828e-05,0.000177705,0.895529,0.000292349,0.895314,0.000122318,0.000215364
ERF_Log_File_20260205_1238.csv,sp,13,p02,5,2,filled_square,prism,CCS200_Spectrum_1454355522.csv,1.45436e+09,3.80131,0.000178189,0.894584,0.00100654,29.0404,0.853145,0.000125698,1.43013,1,0.00844532,1.83247e-05,0.853,0,6.35e-06,0.000289,8.31e-05,7.51e-06,0,6.93e-06,9.75945e-05,6.18e-05,2.89e-05,5.77e-06,2.54e-05,9.24e-06,1.59978e-05,4.04e-05,0.888878,9.3225e-05,239.138,0.0247436,-0.000294372,2.01018e-05,0.000119501,2.01339e-05,-0.000425436,0.000363212,-0.000842176,0.00036321,-1.70766e-05,2.00988e-06,0.0253344,0.0803406,0.000119184,1.11774,66,7,0.992194,4.411e-05,0.895871,0.000205367,-0.000237522,2.10603e-09,7.99363e-05,1.8138e-09,-0.000505409,4.88079e-06,-0.000877724,8.46649e-06,7.93645e-05,0.00013832,5.52457e-06,7.11794e-05,9.33889e-05,0.895577,-0.00029405,0.895243,0.000122466,0.000334099
ERF_Log_File_20250602_1306.csv,sp,13,p02,2,0,filled_square,prism,CCS200_Spectrum_1432926426.csv,1.43293e+09,2.78193,0.000602935,0.897483,0.000614536,28.9945,0.853657,0.000125698,1.23898,1,0.00832015,1.82864e-05,0.853,0,6.35e-06,0.000289,8.31e-05,7.51e-06,0,6.93e-06,9.7651e-05,6.18e-05,2.89e-05,5.77e-06,2.54e-05,9.24e-06,1.60052e-05,4.04e-05,0.888418,0.000111835,198.985,0.0191788,-0.000303548,1.89614e-05,0.000172017,1.97646e-05,-0.00115401,0.00171767,-0.00276037,0.00171766,3.94859e-05,9.84633e-06,0.0994892,0.062707,0.00056278,1.11861,66,7,0.992199,4.40761e-05,0.895403,0.000209485,-0.000284369,3.12691e-09,0.000110947,2.13096e-09,-0.000168244,2.70743e-05,-0.000301874,3.15223e-05,9.88288e-05,4.73923e-05,5.40019e-06,6.83363e-05,0.000111966,0.894998,-0.000404568,0.895221,0.000122513,-0.000222263
ERF_Log_File_20250603_1226.csv,sp,13,p02,2,0,filled_square,prism,CCS200_Spectrum_1433010384.csv,1.43301e+09,2.80124,0.000770112,0.891918,0.00153038,29.2178,0.853769,0.000125703,1.24356,1,0.00827166,1.84801e-05,0.853,0,6.35e-06,0.000289,8.31e-05,7.51e-06,0,6.93e-06,9.76633e-05,6.18e-05,2.89e-05,5.77e-06,2.54e-05,9.24e-06,1.60068e-05,4.04e-05,0.887835,0.000103776,199.373,0.0178215,-0.000336217,1.7586e-05,0.000109771,1.83359e-05,-0.00192999,0.0015977,-0.00215731,0.00159769,0.000212901,9.16636e-06,0.0926315,0.0583504,0.000523314,1.11864,66,7,0.9922,4.40448e-05,0.894815,0.000209313,-0.000284329,3.13003e-09,0.000111132,2.11891e-09,-0.000168592,2.70707e-05,-0.000301177,3.15192e-05,9.88653e-05,4.73573e-05,5.37327e-06,6.82876e-05,0.000103915,0.89441,-0.000404295,0.895216,0.000122523,-0.000805687
ERF_Log_File_20251021_1235.csv,sp,13,p02,4,1,filled_square,prism,CCS200_Spectrum_1445106916.csv,1.44511e+09,2.63254,0.000134006,0.777376,0.000832497,29.1372,0.879167,0.000125927,1.13572,1,0.00886327,2.70143e-05,0.88,0,6.35e-06,0.000289,8.31e-05,7.51e-06,0,6.93e-06,0.000100559,6.18e-05,2.89e-05,5.77e-06,2.54e-05,9.24e-06,1.63748e-05,4.04e-05,0.886854,0.000720171,192.047,0.155925,-8.25056e-05,9.99775e-05,0.000103544,9.99803e-05,-0.00107933,0.000321105,-0.000587631,0.000321103,2.54556e-06,1.88975e-06,0.0179118,0.510693,0.000105167,1.11864,66,7,0.992426,4.34961e-05,0.893622,0.000210161,-0.000314266,3.65188e-09,0.000127387,2.63009e-09,-0.000528386,4.40838e-06,-0.000513359,5.43287e-06,0.000110413,0.000104179,2.34244e-07,7.99144e-05,0.000720171,0.893939,0.000317124,0.894715,0.00012207,-0.000775273
ERF_Log_File_20260205_1148.csv,sp,13,p02,5,2,filled_square,prism,CCS200_Spectrum_1454352501.csv,1.45435e+09,3.19269,0.000113796,0.777742,0.00161589,29.034,0.88099,0.000126,0.978401,1,0.00908828,2.93647e-05,0.88,0,6.35e-06,0.000289,8.31e-05,7.51e-06,0,6.93e-06,0.00010077,6.18e-05,2.89e-05,5.77e-06,2.54e-05,9.24e-06,1.64012e-05,4.04e-05,0.888006,9.1011e-05,232.935,0.0237278,-0.000254579,1.95603e-05,-1.3306e-06,1.95743e-05,-0.00028245,0.000239478,-0.000754059,0.000239477,-1.06425e-05,1.32598e-06,0.0162262,0.0776613,7.84449e-05,1.11863,66,7,0.992442,4.35208e-05,0.894769,0.000205701,-0.000236659,2.1199e-09,7.94951e-05,1.84168e-09,-0.000505997,4.88598e-06,-0.000781915,8.47568e-06,7.90386e-05,0.000128798,5.97842e-07,7.10233e-05,9.1013e-05,0.89445,-0.000319062,0.894721,0.000121996,-0.00027117
ERF_Log_File_20250602_1500.csv,sp,13,p02,2,0,filled_square,prism,CCS200_Spectrum_1432933273.csv,1.43293e+09,2.25313,0.000258751,0.775186,0.000810673,28.9907,0.881374,0.000126042,1.07628,1,0.00888155,3.04711e-05,0.88,0,6.35e-06,0.000289,8.31e-05,7.51e-06,0,6.93e-06,0.000100815,6.18e-05,2.89e-05,5.77e-06,2.54e-05,9.24e-06,1.64068e-05,4.04e-05,0.888294,0.000233836,189.006,0.0491035,-0.000260528,5.04631e-05,0.000154564,5.05515e-05,0.00157072,0.000900143,0.00248003,0.00090014,-6.99223e-05,5.31322e-06,0.0494969,0.160825,0.000294812,1.11864,66,7,0.992445,4.35284e-05,0.895056,0.000210925,-0.000274799,3.1113e-09,0.00010845,2.10273e-09,-0.000249678,2.60555e-05,-0.000128452,3.06027e-05,9.58123e-05,3.83081e-05,6.74082e-07,6.75584e-05,0.000233837,0.894653,-0.000403438,0.894723,0.000121981,-6.99026e-05
ERF_Log_File_20251022_1058.csv,sp,13,p02,4,1,filled_square,prism,CCS200_Spectrum_1445187512.csv,1.44519e+09,2.40101,0.000217343,0.690201,0.000825349,29.1045,0.900282,0.000125855,1.29055,1,0.00946824,2.48458e-05,0.903,0,6.35e-06,0.000289,8.31e-05,7.51e-06,0,6.93e-06,0.000103032,6.18e-05,2.89e-05,5.77e-06,2.54e-05,9.24e-06,1.66569e-05,4.04e-05,0.888698,8.10674e-05,202.242,0.0182159,-0.000286706,1.74876e-05,0.000103888,1.75137e-05,-0.000136518,0.000306178,-0.000494723,0.000306176,2.10382e-05,1.69448e-06,0.0180337,0.0595045,0.000100337,1.1185,66,7,0.992604,4.32457e-05,0.89532,0.000209109,-0.000305948,3.68341e-09,0.000122496,2.64319e-09,-0.000560315,4.8236e-06,-0.000457891,5.94468e-06,0.000107111,0.000101827,4.13989e-06,8.02038e-05,8.11731e-05,0.895655,0.000335,0.895091,0.000121291,0.000564085
ERF_Log_File_20251020_1243.csv,sp,13,p02,4,1,filled_square,prism,CCS200_Spectrum_1445021013.csv,1.44502e+09,3.94722,0.000562083,0.642418,0.00156807,29.1819,0.924202,0.00012591,1.244,1,0.0100609,2.68929e-05,0.926,0,6.35e-06,0.000289,8.31e-05,7.51e-06,0,6.93e-06,0.000105715,6.18e-05,2.89e-05,5.77e-06,2.54e-05,9.24e-06,1.49804e-05,4.04e-05,0.889406,0.000469306,230.695,0.106724,-0.000417291,9.07972e-05,-0.000155619,9.25227e-05,-0.0112027,0.00538388,0.000138405,0.00538386,0.000205056,3.12722e-05,0.361799,0.349548,0.00176332,1.11864,66,7,0.992794,4.29613e-05,0.895862,0.00020619,-0.000292403,3.79423e-09,0.000115771,2.72771e-09,-0.000598555,5.5339e-06,-0.000398906,6.82006e-06,0.000102044,9.97545e-05,7.83611e-06,8.0604e-05,0.000469371,0.896214,0.000352706,0.89624,0.000162105,-2.57699e-05
ERF_Log_File_20251020_1322.csv,sp,13,p02,4,1,filled_square,prism,CCS200_Spectrum_1445023359.csv,1.44502e+09,3.93542,0.000737752,0.643064,0.00110542,29.1873,0.924281,0.00012592,1.02547,1,0.0100892,2.72555e-05,0.926,0,6.35e-06,0.000289,8.31e-05,7.51e-06,0,6.93e-06,0.000105723,6.18e-05,2.89e-05,5.77e-06,2.54e-05,9.24e-06,1.49748e-05,4.04e-05,0.888524,0.000785915,231.61,0.19937,1.68839e-05,0.000168089,0.00028974,0.000168703,0.00096396,0.00431609,-0.00815656,0.00431607,-7.5362e-05,2.53412e-05,0.290905,0.652982,0.00141359,1.11864,66,7,0.992795,4.29178e-05,0.894972,0.000205925,-0.000292328,3.80184e-09,0.000115771,2.72771e-09,-0.000598685,5.53657e-06,-0.000398721,6.82333e-06,0.000102025,9.9749e-05,7.84776e-06,8.05254e-05,0.000785954,0.895325,0.00035241,0.896245,0.000162109,-0.000920285
ERF_Log_File_20251020_1302.csv,sp,13,p02,4,1,filled_square,prism,CCS200_Spectrum_1445022186.csv,1.44502e+09,3.93873,0.000554551,0.642649,0.000789493,29.182,0.924313,0.000125921,1.07628,1,0.0100689,2.72649e-05,0.926,0,6.35e-06,0.000289,8.31e-05,7.51e-06,0,6.93e-06,0.000105726,6.18e-05,2.89e-05,5.77e-06,2.54e-05,9.24e-06,1.49726e-05,4.04e-05,0.889336,0.000468058,231.102,0.114614,-6.47677e-05,9.71358e-05,0.000111999,9.79276e-05,-0.00911885,0.00373691,-0.00424974,0.00373689,0.000177247,2.1875e-05,0.251542,0.375415,0.00122389,1.11864,66,7,0.992795,4.29567e-05,0.89579,0.000206139,-0.000292378,3.79423e-09,0.000115717,2.73132e-09,-0.000598741,5.53767e-06,-0.000398649,6.82466e-06,0.000102024,9.97474e-05,7.85228e-06,8.05996e-05,0.000468124,0.896143,0.000352754,0.896247,0.000162111,-0.00010404
ERF_Log_File_20260205_1018.csv,sp,13,p02,5,2,filled_square,prism,CCS200_Spectrum_1454347098.csv,1.45435e+09,2.6451,6.32716e-05,0.644128,0.00100819,29.0386,0.926215,0.000125788,1.04606,1,0.0103809,2.26756e-05,0.926,0,6.35e-06,0.000289,8.31e-05,7.51e-06,0,6.93e-06,0.000105924,6.18e-05,2.89e-05,5.77e-06,2.54e-05,9.24e-06,1.48393e-05,4.04e-05,0.890135,9.74104e-05,270.787,0.029482,-0.000248543,2.08214e-05,0.000129519,2.0834e-05,-2.85025e-05,0.000233912,-0.00044684,0.000233912,4.6339e-05,1.2953e-06,0.0184624,0.0966463,7.65961e-05,1.11864,66,7,0.99281,4.2973e-05,0.896581,0.000203514,-0.000224813,2.15646e-09,7.42839e-05,1.87885e-09,-0.000484696,4.91021e-06,-0.000599682,8.51749e-06,7.47743e-05,0.000108446,8.10669e-06,7.09642e-05,9.77474e-05,0.896227,-0.00035433,0.896368,0.000162202,-0.000140457
ERF_Log_File_20250602_1520.csv,sp,13,p02,2,0,filled_square,prism,CCS200_Spectrum_1432934441.csv,1.43293e+09,3.88847,0.000288265,0.641412,0.000990033,28.9914,0.926921,0.000125829,1.1117,1,0.0100397,2.41003e-05,0.926,0,6.35e-06,0.000289,8.31e-05,7.51e-06,0,6.93e-06,0.000105998,6.18e-05,2.89e-05,5.77e-06,2.54e-05,9.24e-06,1.47898e-05,4.04e-05,0.890043,6.84775e-05,218.536,0.0158924,-0.000225339,1.4241e-05,8.33991e-05,1.43507e-05,0.0003294,0.000532796,0.00127967,0.000532794,2.77168e-06,3.13173e-06,0.0339637,0.0518975,0.000174615,1.11825,66,7,0.992815,4.29603e-05,0.896484,0.000207491,-0.000246669,3.1019e-09,0.000101336,2.10881e-09,-0.000359876,2.40337e-05,0.000142006,2.85437e-05,8.70012e-05,5.05525e-05,8.20578e-06,6.7073e-05,6.89677e-05,0.896079,-0.000405261,0.896413,0.000162237,-0.000334334
ERF_Log_File_20251021_1215.csv,sp,13,p02,4,1,filled_square,prism,CCS200_Spectrum_1445105743.csv,1.44511e+09,2.37705,9.64689e-05,0.591688,0.00269823,29.1379,0.947837,0.000125744,1.01932,1,0.0109733,2.10338e-05,0.95,0,6.35e-06,0.000289,8.31e-05,7.51e-06,0,6.93e-06,0.000108434,6.18e-05,2.89e-05,5.77e-06,2.54e-05,9.24e-06,1.33238e-05,4.04e-05,0.891443,7.28713e-05,303.56,0.0246067,-0.000278578,1.56567e-05,0.000125587,1.56742e-05,-0.000629912,0.00022402,-0.00036651,0.000224019,-2.68908e-05,1.31753e-06,0.0198631,0.0804358,7.34022e-05,1.11859,66,7,0.992972,4.28025e-05,0.897752,0.000202247,-0.000276069,3.95586e-09,0.000108614,2.84805e-09,-0.00063775,6.40596e-06,-0.000347348,7.89475e-06,9.61708e-05,9.8522e-05,1.07994e-05,8.12866e-05,7.36677e-05,0.898121,0.000368756,0.898,0.00013164,0.000120917
ERF_Log_File_20260211_0953.csv,sp,13,p02,5,2,filled_square,prism,CCS200_Spectrum_1454864051.csv,1.45486e+09,2.60377,9.91485e-05,0.596907,0.000675988,29.0721,0.950674,0.000125767,1.07718,1,0.0110533,2.20346e-05,0.95,0,6.35e-06,0.000289,8.31e-05,7.51e-06,0,6.93e-06,0.000108737,6.18e-05,2.89e-05,5.77e-06,2.54e-05,9.24e-06,1.31489e-05,4.04e-05,0.892299,0.000103046,337.684,0.0386514,-0.000204217,2.21258e-05,3.53617e-05,2.2149e-05,-0.000603353,0.000325141,-0.000152096,0.00032514,5.3577e-05,1.79968e-06,0.0320869,0.126594,0.00010649,1.11864,66,7,0.992993,4.28162e-05,0.898595,0.000201269,-0.000214658,2.18794e-09,6.99434e-05,1.8962e-09,-0.00046536,4.90923e-06,-0.000496121,8.51597e-06,7.11503e-05,9.6158e-05,1.11175e-05,7.09583e-05,0.000103644,0.898225,-0.000370772,0.898247,0.000124473,-2.27745e-05
ERF_Log_File_20250605_1532.csv,sp,13,p02,2,0,filled_square,prism,CCS200_Spectrum_1433194384.csv,1.43319e+09,5.45103,0.000215307,0.54042,0.00124428,28.9977,0.98503,0.000126259,1.01042,1,0.0115917,3.73896e-05,0.985,0,6.35e-06,0.000289,8.31e-05,7.51e-06,0,6.93e-06,0.000112712,6.18e-05,2.89e-05,5.77e-06,2.54e-05,9.24e-06,1.19579e-05,4.04e-05,0.896201,0.000119705,231.443,0.0305405,-0.000213605,2.56098e-05,6.00565e-05,2.56512e-05,-0.000492663,0.00043901,0.000578295,0.000439008,4.04769e-05,2.59376e-06,0.029824,0.100021,0.000143786,1.11864,66,7,0.993232,4.2714e-05,0.902308,0.000207543,-0.00020038,3.12068e-09,8.97135e-05,2.13096e-09,-0.000453599,2.14154e-05,0.00041774,2.52152e-05,7.25233e-05,8.72604e-05,1.43185e-05,6.7588e-05,0.000120559,0.901894,-0.000413783,0.901745,0.00018304,0.00014891
ERF_Log_File_20260211_1014.csv,sp,13,p02,5,2,filled_square,prism,CCS200_Spectrum_1454865287.csv,1.45487e+09,2.48998,0.00021271,0.530698,0.00102089,29.0763,0.991716,0.0001258,1.18197,1,0.0123749,2.38551e-05,0.992,0,6.35e-06,0.000289,8.31e-05,7.51e-06,0,6.93e-06,0.00011345,6.18e-05,2.89e-05,5.77e-06,2.54e-05,9.24e-06,1.17261e-05,4.04e-05,0.897157,0.000107538,272.978,0.0324473,-0.000153362,2.29562e-05,3.56787e-05,2.29788e-05,-0.00024279,0.000327733,-0.000741473,0.000327731,1.2974e-05,1.81427e-06,0.0262921,0.106189,0.000107357,1.11864,66,7,0.993276,4.27122e-05,0.90323,0.000204881,-0.000194279,2.23214e-09,6.09128e-05,1.93984e-09,-0.000426434,4.87189e-06,-0.000326675,8.45097e-06,6.37981e-05,7.53246e-05,1.47038e-05,7.09892e-05,0.000108539,0.902836,-0.000394645,0.902515,0.000175001,0.000320456
ERF_Log_File_20260209_0930.csv,sp,13,p02,5,2,filled_square,prism,ERF_OSA207_Spectra_20260209_0930.csv,1.45469e+09,4.93942,0.000292418,0.502583,0.000293385,29.0729,1.01021,6.1459e-06,0.00317863,2,0.0103495,2.54627e-05,1.01,0,6.35e-06,0.000289,8.31e-05,7.51e-06,0,6.93e-06,0.000115987,6.18e-05,2.89e-05,5.77e-06,2.54e-05,9.24e-06,1.12947e-05,4.04e-05,0.899196,9.94316e-05,269.051,0.0240233,-0.000180214,1.75313e-05,6.97983e-05,1.80438e-05,-0.00134794,0.00138274,0.00302708,0.00138274,3.61227e-06,7.50419e-06,0.109573,0.0785888,0.000452913,1.11864,66,7,0.993395,4.2689e-05,0.905175,0.000205529,-0.000184387,2.25392e-09,5.6558e-05,1.95665e-09,-0.00040778,4.84244e-06,-0.00025488,8.40003e-06,6.02364e-05,6.62827e-05,7.62961e-07,7.09869e-05,9.94345e-05,0.904771,-0.000403736,0.904749,0.000143508,2.17876e-05
ERF_Log_File_20251016_1045.csv,sp,13,p02,4,1,filled_square,prism,ERF_OSA207_Spectra_20251016_1045.csv,1.44467e+09,4.18933,0.000990361,0.499857,0.00247286,29.3006,1.01027,3.338e-05,0.000546014,2,0.0103748,0.000139233,1.01,0,6.35e-06,0.000289,8.31e-05,7.51e-06,0,6.93e-06,0.000115992,6.18e-05,2.89e-05,5.77e-06,2.54e-05,9.24e-06,1.12939e-05,4.04e-05,0.900515,0.000699137,246.63,0.188252,0.000435648,0.0001486,0.000387711,0.000148937,-0.000686999,0.00300998,-0.00420392,0.00300997,-0.000190381,1.76891e-05,0.218944,0.616564,0.000985817,1.11864,66,7,0.993395,4.27513e-05,0.906502,0.000207239,-0.000226413,4.48553e-09,9.02905e-05,3.24333e-09,-0.000740508,9.08384e-06,-0.000257576,1.11949e-05,7.91758e-05,9.98383e-05,4.14444e-06,8.3997e-05,0.000699149,0.906907,0.000404401,0.904757,0.000143393,0.00215024
ERF_Log_File_20250604_1212.csv,sp,13,p02,2,0,filled_square,prism,ERF_OSA207_Spectra_20250604_1212.csv,1.4331e+09,3.88089,0.000515132,0.502373,0.000498199,29.0099,1.01185,1.28915e-05,0.00100486,2,0.0104625,7.92175e-05,1.01,0,6.35e-06,0.000289,8.31e-05,7.51e-06,0,6.93e-06,0.00011612,6.18e-05,2.89e-05,5.77e-06,2.54e-05,9.24e-06,1.12716e-05,4.04e-05,0.898925,0.000130286,222.782,0.0194416,-0.000172559,1.72454e-05,4.58775e-05,1.88659e-05,0.00104967,0.00245473,0.00126468,0.00245473,-5.84979e-05,1.35033e-05,0.161075,0.0635496,0.000804311,1.11862,66,7,0.993405,4.26664e-05,0.904893,0.000208911,-0.000178418,3.14554e-09,8.42851e-05,2.12695e-09,-0.000479246,2.03735e-05,0.000510054,2.36253e-05,6.56757e-05,9.9028e-05,1.60662e-06,6.80458e-05,0.000130296,0.904474,-0.000419134,0.904953,0.000140345,-0.000479518
ERF_Log_File_20260209_0958.csv,sp,13,p02,5,2,filled_square,prism,ERF_OSA207_Spectra_20260209_0958.csv,1.45469e+09,2.88545,5.722e-05,0.4365,0.000189584,29.0746,1.05468,2.43147e-06,0.00511746,2,0.00862644,5.91343e-05,1.056,0,6.35e-06,0.000289,8.31e-05,7.51e-06,0,6.93e-06,0.000120452,6.18e-05,2.89e-05,5.77e-06,2.54e-05,9.24e-06,1.06667e-05,4.04e-05,0.905457,0.000168345,289.103,0.0535866,-0.000187879,3.48703e-05,2.44201e-05,3.4883e-05,-0.000354651,0.000307934,-0.000297227,0.000307932,-8.26615e-06,1.70548e-06,0.0264318,0.17457,0.000100973,1.11852,66,7,0.993659,4.27513e-05,0.911235,0.000205847,-0.00015952,2.29047e-09,4.56616e-05,1.98619e-09,-0.000364029,4.75807e-06,-9.97902e-05,8.25367e-06,5.12954e-05,4.64191e-05,3.14076e-07,7.1158e-05,0.000168345,0.910813,-0.000422504,0.910442,0.000162095,0.00037091
ERF_Log_File_20250604_1253.csv,sp,13,p02,2,0,filled_square,prism,ERF_OSA207_Spectra_20250604_1253.csv,1.4331e+09,4.34126,0.000112903,0.43635,0.000230296,29.0123,1.05571,1.02927e-05,0.000852867,2,0.00856743,0.000246217,1.056,0,6.35e-06,0.000289,8.31e-05,7.51e-06,0,6.93e-06,0.000120538,6.18e-05,2.89e-05,5.77e-06,2.54e-05,9.24e-06,1.0652e-05,4.04e-05,0.905766,0.00011428,225.018,0.0279652,-0.00013229,2.41713e-05,9.99727e-05,2.42199e-05,-0.000922501,0.000461503,0.000122163,0.000461501,-1.07052e-05,2.72525e-06,0.030833,0.0912373,0.00015128,1.1185,66,7,0.993665,4.27611e-05,0.911541,0.000210123,-0.000144499,3.18859e-09,7.52804e-05,2.14692e-09,-0.000499186,1.90497e-05,0.000610815,2.1358e-05,5.49448e-05,0.000111074,1.32882e-06,6.92088e-05,0.000114288,0.91111,-0.0004308,0.910575,0.000161233,0.000535071
ERF_Log_File_20251016_1126.csv,sp,13,p02,4,1,filled_square,prism,ERF_OSA207_Spectra_20251016_1126.csv,1.44467e+09,4.91624,0.000676694,0.436754,0.000758718,29.2819,1.05685,2.57973e-05,0.000324411,2,0.00853428,0.000561701,1.056,0,6.35e-06,0.000289,8.31e-05,7.51e-06,0,6.93e-06,0.000120632,6.18e-05,2.89e-05,5.77e-06,2.54e-05,9.24e-06,1.0636e-05,4.04e-05,0.9031,0.000207627,267.498,0.0565255,-0.000190622,4.14264e-05,0.000172027,4.19142e-05,-0.0042645,0.00192138,-0.00459399,0.00192137,7.73524e-05,1.12184e-05,0.152024,0.185123,0.000629296,1.11864,66,7,0.993671,4.263e-05,0.908852,0.000206444,-0.000189774,4.825e-09,7.9861e-05,3.49379e-09,-0.000807564,1.11237e-05,-0.000243012,1.37089e-05,6.74086e-05,0.000105104,3.32837e-06,8.59742e-05,0.000207654,0.909274,0.0004221,0.910722,0.000160281,-0.00144765
ERF_Log_File_20251017_1352.csv,sp,13,p02,4,1,filled_square,prism,ERF_OSA207_Spectra_20251017_1352.csv,1.44477e+09,4.89432,0.000621998,0.436272,0.000684693,29.1395,1.05709,3.71412e-05,0.000317177,2,0.0086564,0.000602163,1.056,0,6.35e-06,0.000289,8.31e-05,7.51e-06,0,6.93e-06,0.000120653,6.18e-05,2.89e-05,5.77e-06,2.54e-05,9.24e-06,1.06326e-05,4.04e-05,0.904521,0.000205948,266.876,0.0531954,-0.000120121,3.91221e-05,8.11139e-05,3.98749e-05,-0.00190318,0.00233448,-0.00401096,0.00233447,4.142e-05,1.35579e-05,0.184566,0.174227,0.000764584,1.11864,66,7,0.993672,4.2696e-05,0.910281,0.00020678,-0.000189673,4.83298e-09,7.9825e-05,3.49521e-09,-0.000807877,1.1134e-05,-0.000243057,1.37214e-05,6.73745e-05,0.00010514,4.79128e-06,8.6119e-05,0.000206004,0.910704,0.000422835,0.910753,0.000160081,-4.87454e-05
ERF_Log_File_20251017_1332.csv,sp,13,p02,4,1,filled_square,prism,ERF_OSA207_Spectra_20251017_1332.csv,1.44477e+09,4.81532,0.000516126,0.433886,0.00187387,29.1324,1.05709,3.6885e-05,0.000317496,2,0.00851731,0.00064248,1.056,0,6.35e-06,0.000289,8.31e-05,7.51e-06,0,6.93e-06,0.000120652,6.18e-05,2.89e-05,5.77e-06,2.54e-05,9.24e-06,1.06326e-05,4.04e-05,0.904498,0.000254353,262.322,0.0709754,-0.000225032,5.29169e-05,7.44283e-06,5.31928e-05,-2.03701e-05,0.00162567,0.00052942,0.00162566,7.24695e-05,9.53539e-06,0.126333,0.232444,0.000532445,1.11864,66,7,0.993672,4.26949e-05,0.910258,0.000207042,-0.000189673,4.83298e-09,7.9825e-05,3.49521e-09,-0.000807877,1.1134e-05,-0.000243057,1.37214e-05,6.73745e-05,0.00010514,4.75823e-06,8.61168e-05,0.000254398,0.910681,0.000422824,0.910753,0.000160081,-7.19026e-05
ERF_Log_File_20250604_1313.csv,sp,13,p02,2,0,filled_square,prism,ERF_OSA207_Spectra_20250604_1313.csv,1.4331e+09,3.58865,0.000135318,0.406579,0.000244912,29.0126,1.07685,1.43735e-05,0.000796701,2,0.0092619,0.00027274,1.081,0,6.35e-06,0.000289,8.31e-05,7.51e-06,0,6.93e-06,0.000123155,6.18e-05,2.89e-05,5.77e-06,2.54e-05,9.24e-06,1.03535e-05,4.04e-05,0.9087,0.000158829,176.774,0.0302809,-9.68861e-05,3.33906e-05,3.60222e-05,3.34806e-05,0.000129353,0.00073723,0.00170068,0.000737227,-3.06183e-05,4.35115e-06,0.0387855,0.0991839,0.000241452,1.11864,66,7,0.99378,4.28071e-05,0.914387,0.000217177,-0.000129479,3.21899e-09,7.09894e-05,2.17064e-09,-0.000499998,1.85986e-05,0.000638148,2.05444e-05,5.0117e-05,0.000113882,1.81252e-06,6.98287e-05,0.000158839,0.91395,-0.000436994,0.913278,0.000155113,0.000672906
ERF_Log_File_20260209_1019.csv,sp,13,p02,5,2,filled_square,prism,ERF_OSA207_Spectra_20260209_1019.csv,1.45469e+09,4.76346,0.000336449,0.406797,0.000457693,29.0747,1.08131,3.37707e-06,0.0039792,2,0.00949166,8.05573e-05,1.081,0,6.35e-06,0.000289,8.31e-05,7.51e-06,0,6.93e-06,0.000123535,6.18e-05,2.89e-05,5.77e-06,2.54e-05,9.24e-06,1.02905e-05,4.04e-05,0.90857,0.000208112,225.206,0.0454606,-0.000113293,3.95909e-05,5.33823e-07,4.02316e-05,0.00249956,0.0022946,0.00121218,0.00229459,1.6276e-05,1.25707e-05,0.153775,0.148825,0.00075153,1.11864,66,7,0.993804,4.27827e-05,0.914235,0.000210691,-0.000144161,2.2926e-09,3.91086e-05,1.9935e-09,-0.000340335,4.71195e-06,-2.07776e-05,8.17376e-06,4.58173e-05,3.62695e-05,4.22449e-07,7.13131e-05,0.000208112,0.913803,-0.000431119,0.913838,0.000155468,-3.43193e-05
ERF_Log_File_20251016_1146.csv,sp,13,p02,4,1,filled_square,prism,ERF_OSA207_Spectra_20251016_1146.csv,1.44467e+09,3.98836,0.000795378,0.406845,0.000694035,29.2771,1.08261,2.85233e-05,0.000310772,2,0.00935806,0.000550773,1.081,0,6.35e-06,0.000289,8.31e-05,7.51e-06,0,6.93e-06,0.000123646,6.18e-05,2.89e-05,5.77e-06,2.54e-05,9.24e-06,1.02721e-05,4.04e-05,0.907466,0.000217727,204.937,0.0433995,-0.000348384,4.15576e-05,6.98063e-05,4.23035e-05,-0.00272377,0.00239244,-0.00142529,0.00239243,6.47808e-05,1.3908e-05,0.145728,0.142116,0.000783599,1.11864,66,7,0.993811,4.27254e-05,0.913117,0.000212637,-0.000171379,4.97446e-09,7.56892e-05,3.59678e-09,-0.000838235,1.2191e-05,-0.000254949,1.50241e-05,6.17669e-05,0.000109371,3.55904e-06,8.74245e-05,0.000217756,0.913548,0.000430953,0.914,0.000155995,-0.000451994
ERF_Log_File_20260209_1040.csv,sp,13,p02,5,2,filled_square,prism,ERF_OSA207_Spectra_20260209_1040.csv,1.45469e+09,3.04484,0.000144646,0.379666,0.000245348,29.0789,1.10695,2.33748e-06,0.00465354,2,0.00959574,5.68443e-05,1.107,0,6.35e-06,0.000289,8.31e-05,7.51e-06,0,6.93e-06,0.000126625,6.18e-05,2.89e-05,5.77e-06,2.54e-05,9.24e-06,9.98271e-06,4.04e-05,0.911832,9.5994e-05,270.162,0.0282782,-0.00016175,2.00734e-05,-5.54383e-07,2.0087e-05,-0.000611523,0.000238802,-0.000165997,0.000238801,-7.07137e-06,1.32234e-06,0.0193843,0.0900334,7.86883e-05,1.11646,66,7,0.993935,4.28359e-05,0.917396,0.000208145,-0.000129565,2.2926e-09,3.31342e-05,1.98985e-09,-0.000320278,4.67968e-06,4.4801e-05,8.11765e-06,4.06748e-05,3.65842e-05,2.73495e-07,7.16021e-05,9.59944e-05,0.916958,-0.000438011,0.91695,0.000164408,8.40336e-06
ERF_Log_File_20250604_1333.csv,sp,13,p02,2,0,filled_square,prism,ERF_OSA207_Spectra_20250604_1333.csv,1.4331e+09,4.46051,0.000208876,0.379162,0.000262971,29.0154,1.10871,9.3152e-06,0.000920021,2,0.00951285,0.000218506,1.107,0,6.35e-06,0.000289,8.31e-05,7.51e-06,0,6.93e-06,0.000126779,6.18e-05,2.89e-05,5.77e-06,2.54e-05,9.24e-06,9.97161e-06,4.04e-05,0.912485,8.89727e-05,203.215,0.0195097,-0.000122595,1.86766e-05,6.65391e-05,1.87153e-05,-0.000549925,0.000361498,0.000327548,0.000361496,2.10817e-05,2.13463e-06,0.0219544,0.0638992,0.000118397,1.11864,66,7,0.993943,4.286e-05,0.918046,0.000213887,-0.000108744,3.25509e-09,6.49112e-05,2.18436e-09,-0.000491874,1.81409e-05,0.000655987,1.97828e-05,4.34138e-05,0.000114849,1.08349e-06,7.0805e-05,8.89793e-05,0.917599,-0.00044686,0.917155,0.000164831,0.000443827
ERF_Log_File_20251016_1206.csv,sp,13,p02,4,1,filled_square,prism,ERF_OSA207_Spectra_20251016_1206.csv,1.44467e+09,4.96208,0.000706658,0.378913,0.000814343,29.2669,1.112,2.97522e-05,0.000345209,2,0.00936948,0.000551134,1.107,0,6.35e-06,0.000289,8.31e-05,7.51e-06,0,6.93e-06,0.000127069,6.18e-05,2.89e-05,5.77e-06,2.54e-05,9.24e-06,9.95086e-06,4.04e-05,0.910106,0.000359031,237.516,0.0917524,-2.87016e-05,7.53207e-05,-2.95072e-05,7.55319e-05,-0.000418969,0.00169679,0.000450189,0.00169678,7.76491e-06,9.96896e-06,0.120129,0.300511,0.000555729,1.11864,66,7,0.993959,4.27358e-05,0.915637,0.000209947,-0.000152481,5.09504e-09,7.22906e-05,3.69289e-09,-0.000866314,1.33228e-05,-0.000285144,1.64191e-05,5.61929e-05,0.000115203,3.42091e-06,8.89025e-05,0.000359047,0.916075,0.000438113,0.917535,0.000165609,-0.00145992
ERF_Log_File_20260209_1102.csv,sp,13,p02,5,2,filled_square,prism,ERF_OSA207_Spectra_20260209_1101.csv,1.4547e+09,3.49402,8.75133e-05,0.355516,0.000155803,29.079,1.13365,2.97577e-06,0.00503218,2,0.00997548,7.27257e-05,1.134,0,6.35e-06,0.000289,8.31e-05,7.51e-06,0,6.93e-06,0.000129889,6.18e-05,2.89e-05,5.77e-06,2.54e-05,9.24e-06,9.81434e-06,4.04e-05,0.914861,0.00011268,289.63,0.0354722,-0.000130935,2.34761e-05,0.00010736,2.34917e-05,-0.000561044,0.000276357,2.29196e-05,0.000276357,6.90864e-07,1.53023e-06,0.0240923,0.113766,9.09243e-05,1.11685,66,7,0.994062,4.28803e-05,0.920326,0.000207826,-0.000114448,2.27978e-09,2.71809e-05,1.98068e-09,-0.00030282,4.6631e-06,0.000102158,8.08892e-06,3.54072e-05,4.05333e-05,3.15679e-07,7.20388e-05,0.00011268,0.919882,-0.000443513,0.919927,0.000183733,-4.44718e-05
ERF_Log_File_20250604_1354.csv,sp,13,p02,2,0,filled_square,prism,ERF_OSA207_Spectra_20250604_1354.csv,1.4331e+09,2.76699,0.000136495,0.355381,0.000297016,29.0148,1.13529,7.98212e-06,0.00115278,2,0.00975357,0.000213665,1.134,0,6.35e-06,0.000289,8.31e-05,7.51e-06,0,6.93e-06,0.000130038,6.18e-05,2.89e-05,5.77e-06,2.54e-05,9.24e-06,9.80399e-06,4.04e-05,0.915235,0.000104845,236.007,0.0267216,-7.70023e-05,2.19646e-05,0.000100593,2.19988e-05,-0.0010579,0.000369368,0.00105716,0.000369367,1.10049e-06,2.18164e-06,0.0261321,0.0874997,0.000120981,1.11864,66,7,0.99407,4.2892e-05,0.920695,0.000211145,-9.32302e-05,3.273e-09,5.96918e-05,2.19022e-09,-0.000477713,1.79388e-05,0.000652188,1.95957e-05,3.82305e-05,0.000113053,8.41708e-07,7.16632e-05,0.000104848,0.920239,-0.000455606,0.9201,0.000182259,0.00013881
ERF_Log_File_20251016_1226.csv,sp,13,p02,4,1,filled_square,prism,ERF_OSA207_Spectra_20251016_1226.csv,1.44467e+09,3.01228,0.000823654,0.357144,0.000977103,29.2618,1.13931,2.67529e-05,0.000386153,2,0.010133,0.000650614,1.134,0,6.35e-06,0.000289,8.31e-05,7.51e-06,0,6.93e-06,0.000130401,6.18e-05,2.89e-05,5.77e-06,2.54e-05,9.24e-06,9.77865e-06,4.04e-05,0.912448,0.000187035,268.384,0.0470901,-0.000282563,3.44521e-05,0.000123041,3.52394e-05,-0.000612115,0.00224823,-0.00208708,0.00224822,5.65687e-05,1.30241e-05,0.180325,0.154205,0.000736363,1.11864,66,7,0.994088,4.27471e-05,0.917874,0.000208374,-0.000137026,5.17944e-09,7.00968e-05,3.7591e-09,-0.000885207,1.42761e-05,-0.000327842,1.75938e-05,5.17807e-05,0.000121364,2.78015e-06,9.02983e-05,0.000187056,0.918318,0.000443061,0.920521,0.00017691,-0.00220362
ERF_Log_File_20250604_1414.csv,sp,13,p02,2,0,filled_square,prism,ERF_OSA207_Spectra_20250604_1414.csv,1.4331e+09,5.19065,0.000146202,0.332731,0.000239162,29.018,1.16053,9.64458e-06,0.00119585,2,0.0101669,0.000194,1.163,0,6.35e-06,0.000289,8.31e-05,7.51e-06,0,6.93e-06,0.000133232,6.18e-05,2.89e-05,5.77e-06,2.54e-05,9.24e-06,9.64488e-06,4.04e-05,0.917387,0.000169581,205.6,0.0378626,-0.000139478,3.49121e-05,5.13982e-06,3.49297e-05,-3.32362e-05,0.000339849,-0.000447711,0.000339848,1.96757e-05,2.00875e-06,0.0209926,0.124045,0.000111299,1.11864,66,7,0.994183,4.29038e-05,0.922755,0.000214607,-7.97783e-05,3.30851e-09,5.48496e-05,2.21155e-09,-0.000459166,1.78675e-05,0.000635683,1.97504e-05,3.3657e-05,0.00010955,9.29789e-07,7.25006e-05,0.000169584,0.92229,-0.000464239,0.922645,0.000159399,-0.000354544
ERF_Log_File_20260209_1123.csv,sp,13,p02,5,2,filled_square,prism,ERF_OSA207_Spectra_20260209_1123.csv,1.4547e+09,3.33533,7.50855e-05,0.332513,0.0002571,29.0799,1.16304,6.50169e-06,0.00483014,2,0.0103713,0.000100247,1.163,0,6.35e-06,0.000289,8.31e-05,7.51e-06,0,6.93e-06,0.000133466,6.18e-05,2.89e-05,5.77e-06,2.54e-05,9.24e-06,9.629e-06,4.04e-05,0.918296,0.000195698,254.215,0.0540334,-5.07687e-05,3.97282e-05,-3.38599e-05,3.97407e-05,0.000174842,0.000327471,0.000121289,0.00032747,-6.81864e-07,1.8139e-06,0.0250381,0.176954,0.000107255,1.11864,66,7,0.994193,4.29375e-05,0.92366,0.000210466,-9.8093e-05,2.25175e-09,2.12526e-05,1.95665e-09,-0.000288048,4.66685e-06,0.000152905,8.09534e-06,2.98364e-05,4.41205e-05,6.21407e-07,7.27701e-05,0.000195699,0.923212,-0.000447956,0.922886,0.000159326,0.000325849
ERF_Log_File_20251016_1246.csv,sp,13,p02,4,1,filled_square,prism,ERF_OSA207_Spectra_20251016_1246.csv,1.44468e+09,5.48594,0.000859254,0.332244,0.000860422,29.2549,1.16632,2.72503e-05,0.000389127,2,0.0102588,0.000622065,1.163,0,6.35e-06,0.000289,8.31e-05,7.51e-06,0,6.93e-06,0.00013377,6.18e-05,2.89e-05,5.77e-06,2.54e-05,9.24e-06,9.60838e-06,4.04e-05,0.916458,0.000284917,226.028,0.0653083,5.31973e-05,5.66241e-05,3.0607e-05,5.71983e-05,-0.00137851,0.00243412,0.00186114,0.00243411,8.73286e-05,1.42271e-05,0.165139,0.213902,0.000797216,1.11864,66,7,0.994208,4.28403e-05,0.921797,0.000212262,-0.000123707,5.257e-09,6.89639e-05,3.80865e-09,-0.000896876,1.51164e-05,-0.000382454,1.86295e-05,4.81678e-05,0.000127991,2.57545e-06,9.1873e-05,0.000284929,0.922244,0.000447317,0.923198,0.000159237,-0.000953252
ERF_Log_File_20250604_1434.csv,sp,13,p02,2,0,filled_square,prism,ERF_OSA207_Spectra_20250604_1434.csv,1.43311e+09,5.14002,0.000208675,0.311617,0.000207628,29.0183,1.19214,8.89856e-06,0.00117977,2,0.0110299,0.000240556,1.193,0,6.35e-06,0.000289,8.31e-05,7.51e-06,0,6.93e-06,0.000136176,6.18e-05,2.89e-05,5.77e-06,2.54e-05,9.24e-06,9.44558e-06,4.04e-05,0.9214,0.00017078,187.075,0.0339898,-5.9207e-05,3.54138e-05,7.49288e-05,3.55081e-05,-0.000767633,0.000777171,0.00106628,0.000777168,-2.65578e-05,4.58654e-06,0.0438747,0.111325,0.000254537,1.11864,66,7,0.994314,4.29811e-05,0.926669,0.00021799,-6.47745e-05,3.32026e-09,4.88962e-05,2.22502e-09,-0.000430481,1.78968e-05,0.000601433,2.02672e-05,2.84177e-05,0.000103263,7.72539e-07,7.37314e-05,0.000170782,0.926193,-0.000476441,0.925536,0.000154139,0.000656631
ERF_Log_File_20260209_1144.csv,sp,13,p02,5,2,filled_square,prism,ERF_OSA207_Spectra_20260209_1144.csv,1.4547e+09,3.33267,8.55365e-05,0.311868,0.000147319,29.0835,1.19232,3.29612e-06,0.00454451,2,0.011176,7.977e-05,1.193,0,6.35e-06,0.000289,8.31e-05,7.51e-06,0,6.93e-06,0.000136193,6.18e-05,2.89e-05,5.77e-06,2.54e-05,9.24e-06,9.44441e-06,4.04e-05,0.920884,0.000119582,235.457,0.0300094,-0.000103856,2.48284e-05,8.94701e-06,2.48832e-05,-0.000915315,0.000527257,0.000375217,0.000527255,-3.62051e-06,2.91629e-06,0.0374435,0.0982794,0.000172687,1.11864,66,7,0.994315,4.29563e-05,0.926149,0.000212375,-8.19617e-05,2.22557e-09,1.58141e-05,1.92666e-09,-0.000278156,4.69011e-06,0.000191554,8.13558e-06,2.44439e-05,4.69922e-05,2.85993e-07,7.37345e-05,0.000119582,0.925699,-0.000450348,0.925552,0.000154224,0.000147202
ERF_Log_File_20251016_1306.csv,sp,13,p02,4,1,filled_square,prism,ERF_OSA207_Spectra_20251016_1306.csv,1.44468e+09,5.32067,0.000651365,0.3114,0.000754548,29.2474,1.19711,2.35622e-05,0.000402962,2,0.010963,0.000561741,1.193,0,6.35e-06,0.000289,8.31e-05,7.51e-06,0,6.93e-06,0.000136646,6.18e-05,2.89e-05,5.77e-06,2.54e-05,9.24e-06,9.41422e-06,4.04e-05,0.919318,0.000291304,202.644,0.0598659,-0.000143027,5.78878e-05,8.6895e-06,5.84486e-05,-0.00088575,0.00243083,-0.000351922,0.00243082,-1.21576e-05,1.42122e-05,0.148319,0.196061,0.000796151,1.11864,66,7,0.994334,4.28666e-05,0.924557,0.00021537,-0.000110891,5.31896e-09,6.83705e-05,3.87288e-09,-0.000901897,1.59479e-05,-0.000457588,1.96542e-05,4.48154e-05,0.000136005,2.01384e-06,9.35237e-05,0.000291311,0.925006,0.000449671,0.925964,0.000156494,-0.00095789
ERF_Log_File_20260209_1205.csv,sp,13,p02,5,2,filled_square,prism,ERF_OSA207_Spectra_20260209_1205.csv,1.4547e+09,3.86103,6.67342e-05,0.308976,9.86791e-05,29.0876,1.22363,2.91197e-06,0.00478126,2,0.0117018,7.62396e-05,1.225,0,6.35e-06,0.000289,8.31e-05,7.51e-06,0,6.93e-06,0.000140153,6.18e-05,2.89e-05,5.77e-06,2.54e-05,9.24e-06,9.05249e-06,4.04e-05,0.923208,0.000132843,251.606,0.0359595,-0.000127373,2.75012e-05,-6.26779e-06,2.75232e-05,-0.000545893,0.000354112,-0.000186494,0.00035411,-3.83876e-06,1.96049e-06,0.0269401,0.11777,0.000115979,1.11864,66,7,0.994435,4.29542e-05,0.928374,0.000211675,-6.5319e-05,2.20794e-09,1.06844e-05,1.90959e-09,-0.000272846,4.72888e-06,0.00022122,8.20303e-06,1.90009e-05,4.94259e-05,2.29919e-07,7.51132e-05,0.000132843,0.927923,-0.00045101,0.928142,0.000158969,-0.000218508
ERF_Log_File_20250604_1454.csv,sp,13,p02,2,0,filled_square,prism,ERF_OSA207_Spectra_20250604_1454.csv,1.43311e+09,3.03507,8.06337e-05,0.308704,0.000197276,29.0201,1.22718,8.92343e-06,0.00124597,2,0.0116188,0.000208002,1.225,0,6.35e-06,0.000289,8.31e-05,7.51e-06,0,6.93e-06,0.000140497,6.18e-05,2.89e-05,5.77e-06,2.54e-05,9.24e-06,9.00097e-06,4.04e-05,0.923759,0.000118765,201.762,0.0254611,-6.44267e-05,2.45851e-05,0.000128511,2.46463e-05,-0.000445293,0.0005217,0.00110864,0.000521698,2.451e-05,3.07922e-06,0.0318459,0.083391,0.000170866,1.11864,66,7,0.994448,4.29672e-05,0.928916,0.000216399,-4.97438e-05,3.31145e-09,4.20699e-05,2.22502e-09,-0.000393772,1.80189e-05,0.000551797,2.10315e-05,2.29534e-05,9.46382e-05,6.97516e-07,7.50266e-05,0.000118767,0.928427,-0.000489752,0.928421,0.000158206,5.7855e-06
ERF_Log_File_20251016_1327.csv,sp,13,p02,4,1,filled_square,prism,ERF_OSA207_Spectra_20251016_1327.csv,1.44468e+09,3.08196,0.000326272,0.308928,0.000407751,29.2439,1.23068,2.18572e-05,0.000456082,2,0.0117169,0.000505262,1.225,0,6.35e-06,0.000289,8.31e-05,7.51e-06,0,6.93e-06,0.000140837,6.18e-05,2.89e-05,5.77e-06,2.54e-05,9.24e-06,8.95007e-06,4.04e-05,0.922368,0.000164841,214.992,0.0335128,-3.37439e-05,3.05967e-05,6.82315e-05,3.12033e-05,-0.00233955,0.0018543,-0.00121718,0.00185429,1.68075e-05,1.0766e-05,0.120433,0.109756,0.000607323,1.11864,66,7,0.994461,4.289e-05,0.927505,0.00021458,-9.92561e-05,5.39986e-09,6.82626e-05,3.92854e-09,-0.000898233,1.67088e-05,-0.000552087,2.0592e-05,4.18797e-05,0.000145086,1.69189e-06,9.53433e-05,0.00016485,0.927956,0.000450316,0.928693,0.000159394,-0.000737271
ERF_Log_File_20250604_1514.csv,sp,13,p02,2,0,filled_square,prism,ERF_OSA207_Spectra_20250604_1514.csv,1.43311e+09,3.32746,7.16029e-05,0.310713,0.000130722,29.0219,1.25604,8.83166e-06,0.00136439,2,0.0121476,0.000227457,1.259,0,6.35e-06,0.000289,8.31e-05,7.51e-06,0,6.93e-06,0.000143311,6.18e-05,2.89e-05,5.77e-06,2.54e-05,9.24e-06,8.58135e-06,4.04e-05,0.926514,0.000112989,204.885,0.0244711,-6.05792e-05,2.32868e-05,3.40237e-05,2.33516e-05,-0.000450019,0.00052242,0.000505098,0.000522418,1.79879e-06,3.08293e-06,0.0324801,0.0801488,0.000171102,1.11864,66,7,0.99455,4.2991e-05,0.931591,0.000216582,-3.8469e-05,3.31439e-09,3.6425e-05,2.2231e-09,-0.000361387,1.81445e-05,0.000506438,2.16405e-05,1.87235e-05,8.68743e-05,6.39491e-07,7.62363e-05,0.000112991,0.931089,-0.000501769,0.930591,0.000154779,0.000498571
ERF_Log_File_20260209_1226.csv,sp,13,p02,5,2,filled_square,prism,ERF_OSA207_Spectra_20260209_1226.csv,1.4547e+09,4.20879,7.00138e-05,0.310758,0.000120936,29.0898,1.25713,3.35629e-06,0.0049094,2,0.0122991,8.65296e-05,1.259,0,6.35e-06,0.000289,8.31e-05,7.51e-06,0,6.93e-06,0.00014342,6.18e-05,2.89e-05,5.77e-06,2.54e-05,9.24e-06,8.56549e-06,4.04e-05,0.926289,8.66951e-05,250.801,0.0232478,-4.30415e-05,1.79385e-05,1.74173e-05,1.79589e-05,-0.000136852,0.000274445,0.000691262,0.000274444,3.40991e-06,1.51923e-06,0.0208817,0.0761399,8.98858e-05,1.11864,66,7,0.994554,4.29765e-05,0.931361,0.000212379,-4.79735e-05,2.18794e-09,6.09479e-06,1.90386e-09,-0.000272853,4.77446e-06,0.000241674,8.28209e-06,1.35171e-05,5.14711e-05,2.42369e-07,7.71239e-05,8.66954e-05,0.930911,-0.000450214,0.93067,0.000152524,0.000241332
ERF_Log_File_20251016_1347.csv,sp,13,p02,4,1,filled_square,prism,ERF_OSA207_Spectra_20251016_1347.csv,1.44468e+09,3.31888,0.00041705,0.309347,0.00107851,29.2354,1.26221,2.62466e-05,0.000503156,2,0.0121619,0.00050327,1.259,0,6.35e-06,0.000289,8.31e-05,7.51e-06,0,6.93e-06,0.000143925,6.18e-05,2.89e-05,5.77e-06,2.54e-05,9.24e-06,8.49171e-06,4.04e-05,0.922713,0.000595522,212.348,0.102412,5.25792e-05,9.49155e-05,-0.000435242,9.93807e-05,0.0176092,0.00909787,-0.00042462,0.00909783,-0.000709497,5.17641e-05,0.583357,0.336634,0.00297724,1.11852,66,7,0.994571,4.27922e-05,0.92775,0.000214936,-9.02597e-05,5.47606e-09,6.83346e-05,3.99331e-09,-0.000887546,1.73025e-05,-0.000649634,2.13236e-05,3.96486e-05,0.00015377,1.87198e-06,9.68125e-05,0.000595525,0.928198,0.000448025,0.931034,0.000142053,-0.00283644
ERF_Log_File_20250604_1535.csv,sp,13,p02,2,0,filled_square,prism,ERF_OSA207_Spectra_20250604_1535.csv,1.43311e+09,3.70354,0.000180608,0.312122,0.000284339,29.0215,1.2916,7.65163e-06,0.00148363,2,0.0128806,0.000187204,1.295,0,6.35e-06,0.000289,8.31e-05,7.51e-06,0,6.93e-06,0.000147911,6.18e-05,2.89e-05,5.77e-06,2.54e-05,9.24e-06,8.06448e-06,4.04e-05,0.92908,0.000173313,207.769,0.0382184,-1.84613e-05,3.57516e-05,2.58514e-05,3.58184e-05,-0.00065629,0.000657852,0.00139864,0.00065785,1.8711e-05,3.88515e-06,0.0415908,0.125175,0.000215458,1.11864,66,7,0.994666,4.29786e-05,0.934062,0.000216773,-2.53908e-05,3.30262e-09,2.97888e-05,2.20962e-09,-0.000320915,1.82852e-05,0.000450635,2.22012e-05,1.37949e-05,7.72617e-05,5.10773e-07,7.77567e-05,0.000173314,0.933545,-0.000516848,0.933061,0.000134471,0.000484296
ERF_Log_File_20260209_1247.csv,sp,13,p02,5,2,filled_square,prism,ERF_OSA207_Spectra_20260209_1247.csv,1.4547e+09,4.66269,0.000115877,0.312365,0.000356693,29.0915,1.29425,3.20927e-06,0.00512583,2,0.0130469,8.06779e-05,1.295,0,6.35e-06,0.000289,8.31e-05,7.51e-06,0,6.93e-06,0.000148184,6.18e-05,2.89e-05,5.77e-06,2.54e-05,9.24e-06,8.02598e-06,4.04e-05,0.928787,0.000101657,251.95,0.0271894,2.56578e-05,2.09744e-05,4.64569e-05,2.10093e-05,0.000264734,0.000387246,0.000654951,0.000387244,3.7828e-07,2.14261e-06,0.0296834,0.0889921,0.000126848,1.11864,66,7,0.994674,4.29551e-05,0.93376,0.00021283,-2.94326e-05,2.21457e-09,1.81518e-06,1.9153e-09,-0.000279002,4.81513e-06,0.000253535,8.35238e-06,7.81194e-06,5.32716e-05,2.13003e-07,7.9908e-05,0.000101657,0.933313,-0.000446876,0.933238,0.000135967,7.5793e-05
ERF_Log_File_20251016_1407.csv,sp,13,p02,4,1,filled_square,prism,ERF_OSA207_Spectra_20251016_1407.csv,1.44468e+09,3.70662,0.000532008,0.314733,0.000593225,29.233,1.29779,0.000255302,0.000563133,2,0.0150322,0.00364964,1.295,0,6.35e-06,0.000289,8.31e-05,7.51e-06,0,6.93e-06,0.000148548,6.18e-05,2.89e-05,5.77e-06,2.54e-05,9.24e-06,7.97453e-06,4.04e-05,0.92697,0.000273358,215.741,0.0611354,-0.000172571,5.54296e-05,1.21921e-05,5.57283e-05,-3.53157e-05,0.00173144,0.00150153,0.00173143,0.000268617,1.01541e-05,0.113404,0.200263,0.000567062,1.11864,66,7,0.994685,4.28579e-05,0.931923,0.00021546,-8.13889e-05,5.56335e-09,6.81368e-05,4.05705e-09,-0.000869403,1.78618e-05,-0.000766069,2.20129e-05,3.73814e-05,0.000163597,1.68152e-05,9.89035e-05,0.000273874,0.932369,0.000445512,0.933472,0.000137961,-0.0011029
ERF_Log_File_20250604_1555.csv,sp,13,p02,2,0,filled_square,prism,ERF_OSA207_Spectra_20250604_1555.csv,1.43311e+09,4.39142,0.000309142,0.316363,0.000249887,29.0244,1.3299,8.75334e-06,0.00165852,2,0.0134879,0.000219077,1.332,0,6.35e-06,0.000289,8.31e-05,7.51e-06,0,6.93e-06,0.000151849,6.18e-05,2.89e-05,5.77e-06,2.54e-05,9.24e-06,7.50775e-06,4.04e-05,0.93146,0.000112715,225.571,0.0235825,3.61e-06,2.05245e-05,-1.55271e-06,2.09629e-05,-0.00270945,0.00129265,-0.00183325,0.00129265,5.27369e-06,7.52976e-06,0.0889534,0.0772376,0.000423366,1.11864,66,7,0.994779,4.2945e-05,0.936349,0.000215441,-1.17806e-05,3.26107e-09,2.25312e-05,2.20188e-09,-0.00027908,1.83799e-05,0.000396938,2.24515e-05,8.57796e-06,6.77257e-05,5.37835e-07,7.94854e-05,0.000112716,0.935815,-0.000533681,0.935515,0.000118439,0.000300335
ERF_Log_File_20260209_1308.csv,sp,13,p02,5,2,filled_square,prism,ERF_OSA207_Spectra_20260209_1308.csv,1.4547e+09,5.38255,0.000179076,0.316186,0.000362837,29.0944,1.33168,7.20419e-06,0.00561828,2,0.0136505,0.000184044,1.332,0,6.35e-06,0.000289,8.31e-05,7.51e-06,0,6.93e-06,0.000152032,6.18e-05,2.89e-05,5.77e-06,2.54e-05,9.24e-06,7.48193e-06,4.04e-05,0.931055,8.47626e-05,266.831,0.0239996,4.34184e-05,1.74541e-05,5.22659e-06,1.7479e-05,-0.000934069,0.000298562,0.000237551,0.000298561,6.98383e-07,1.65222e-06,0.0242933,0.0785978,9.77856e-05,1.11864,66,7,0.994783,4.29197e-05,0.935938,0.000212406,-1.20148e-05,2.26473e-09,-1.24023e-06,1.96408e-09,-0.000290693,4.83306e-06,0.000257174,8.38375e-06,3.31377e-06,5.48044e-05,4.40951e-07,8.33902e-05,8.47637e-05,0.935496,-0.000441415,0.935624,0.000117229,-0.000127435
ERF_Log_File_20251016_1447.csv,sp,13,p02,4,1,filled_square,prism,ERF_OSA207_Spectra_20251016_1447.csv,1.44468e+09,4.31934,0.000396371,0.315199,0.00127787,29.2233,1.33598,2.4765e-05,0.000678859,2,0.0136354,0.000474526,1.332,0,6.35e-06,0.000289,8.31e-05,7.51e-06,0,6.93e-06,0.000152478,6.18e-05,2.89e-05,5.77e-06,2.54e-05,9.24e-06,7.41931e-06,4.04e-05,0.932201,0.000849041,230.608,0.20941,0.000555991,0.000170666,-7.83576e-05,0.000170733,-0.000456114,0.00148988,0.00196628,0.00148987,2.02379e-05,8.76609e-06,0.104898,0.685868,0.000487961,1.11864,66,7,0.994795,4.29563e-05,0.937078,0.000215152,-7.28196e-05,5.65611e-09,6.72916e-05,4.13654e-09,-0.000846194,1.83741e-05,-0.000893889,2.26442e-05,3.50278e-05,0.000174057,1.50179e-06,0.000101264,0.000849042,0.93752,0.00044113,0.935886,0.000117117,0.00163384
ERF_Log_File_20251016_1507.csv,sp,13,p02,4,1,filled_square,prism,ERF_OSA207_Spectra_20251016_1507.csv,1.44468e+09,4.32222,0.00042152,0.316185,0.000513151,29.2214,1.33604,2.42449e-05,0.000675108,2,0.013684,0.000527516,1.332,0,6.35e-06,0.000289,8.31e-05,7.51e-06,0,6.93e-06,0.000152484,6.18e-05,2.89e-05,5.77e-06,2.54e-05,9.24e-06,7.41844e-06,4.04e-05,0.930346,0.000211849,231.507,0.0502546,-7.39295e-05,4.24877e-05,-1.08912e-05,4.27642e-05,-0.000280328,0.00145895,-0.000358078,0.00145894,4.97318e-05,8.54898e-06,0.102916,0.164597,0.000477832,1.11864,66,7,0.994796,4.28706e-05,0.935213,0.000214687,-7.27694e-05,5.65611e-09,6.72916e-05,4.13415e-09,-0.000846152,1.83749e-05,-0.000894088,2.26452e-05,3.50152e-05,0.000174073,1.47006e-06,0.000101065,0.000211854,0.935653,0.000440239,0.935889,0.000117116,-0.000236334
ERF_Log_File_20251016_1427.csv,sp,13,p02,4,1,filled_square,prism,ERF_OSA207_Spectra_20251016_1427.csv,1.44468e+09,4.33546,0.00049851,0.316423,0.000433911,29.2278,1.33608,2.28012e-05,0.000675187,2,0.0135589,0.000469453,1.332,0,6.35e-06,0.000289,8.31e-05,7.51e-06,0,6.93e-06,0.000152488,6.18e-05,2.89e-05,5.77e-06,2.54e-05,9.24e-06,7.41793e-06,4.04e-05,0.929418,0.000222929,232.002,0.0511829,-2.02715e-05,4.32494e-05,0.00012337,4.37541e-05,-0.0017384,0.00199693,-0.00248728,0.00199692,0.000147383,1.166e-05,0.14102,0.167671,0.000654001,1.11864,66,7,0.994796,4.28278e-05,0.93428,0.00021445,-7.28447e-05,5.65611e-09,6.72916e-05,4.13534e-09,-0.00084613,1.83754e-05,-0.000894228,2.26458e-05,3.50341e-05,0.000174084,1.3824e-06,0.000100966,0.000222933,0.93472,0.000439792,0.935892,0.000117115,-0.00117206
ERF_Log_File_20251016_1527.csv,sp,13,p02,4,1,filled_square,prism,ERF_OSA207_Spectra_20251016_1527.csv,1.44469e+09,1.72894,0.000356027,0.315067,0.000539133,29.2158,1.33611,2.35289e-05,0.000680267,2,0.0135636,0.00057276,1.332,0,6.35e-06,0.000289,8.31e-05,7.51e-06,0,6.93e-06,0.000152491,6.18e-05,2.89e-05,5.77e-06,2.54e-05,9.24e-06,7.41748e-06,4.04e-05,0.930484,0.000264189,230.896,0.0622182,-0.000190447,5.27562e-05,0.000131608,5.31328e-05,-0.000448523,0.00189779,-0.00111199,0.00189778,-6.70576e-05,1.11156e-05,0.133539,0.203778,0.000621557,1.11864,66,7,0.994796,4.28767e-05,0.935352,0.000214768,-7.27694e-05,5.6527e-09,6.72556e-05,4.13654e-09,-0.000846117,1.83757e-05,-0.000894323,2.26462e-05,3.50062e-05,0.000174093,1.42643e-06,0.000101083,0.000264193,0.935792,0.00044029,0.935894,0.000117114,-0.000101808
ERF_Log_File_20260209_1329.csv,sp,13,p02,5,2,filled_square,prism,ERF_OSA207_Spectra_20260209_1329.csv,1.4547e+09,5.04015,9.59775e-05,0.318276,0.00092463,29.0979,1.3715,1.11079e-05,0.00608972,2,0.0141164,0.000177797,1.372,0,6.35e-06,0.000289,8.31e-05,7.51e-06,0,6.93e-06,0.000157398,6.18e-05,2.89e-05,5.77e-06,2.54e-05,9.24e-06,6.90299e-06,4.04e-05,0.933911,9.81104e-05,238.128,0.0247146,-4.10891e-05,2.01407e-05,-4.83651e-05,2.01695e-05,0.000310988,0.000344721,-0.000257253,0.000344719,-1.42447e-05,1.90783e-06,0.0251083,0.0809429,0.000112902,1.11864,66,7,0.994889,4.29031e-05,0.938709,0.0002149,5.1144e-06,2.3598e-09,-3.77264e-06,2.04042e-09,-0.000307778,4.82119e-06,0.000255285,8.36342e-06,2.22176e-06,5.63237e-05,6.2388e-07,8.79061e-05,9.81124e-05,0.938275,-0.000433805,0.937959,0.000147714,0.000315697
ERF_Log_File_20250605_0912.csv,sp,13,p02,2,0,filled_square,prism,ERF_OSA207_Spectra_20250605_0912.csv,1.43317e+09,3.87067,0.000321382,0.320041,0.000877609,28.9691,1.37172,2.06053e-05,0.00156008,2,0.0134813,0.000287907,1.372,0,6.35e-06,0.000289,8.31e-05,7.51e-06,0,6.93e-06,0.000157422,6.18e-05,2.89e-05,5.77e-06,2.54e-05,9.24e-06,6.8998e-06,4.04e-05,0.933582,0.000110715,192.683,0.0218267,-1.3236e-05,2.21686e-05,-1.96397e-05,2.23068e-05,0.000140018,0.000744635,0.00157464,0.000744631,0.00013468,4.38533e-06,0.0438705,0.0714895,0.00024388,1.11864,66,7,0.99489,4.28872e-05,0.938377,0.000219646,2.69515e-06,3.22202e-09,1.50252e-05,2.18436e-09,-0.000238409,1.83862e-05,0.000352792,2.22602e-05,4.43008e-06,5.92611e-05,1.15676e-06,8.14832e-05,0.000110721,0.937824,-0.000552644,0.937972,0.000148072,-0.000147134
ERF_Log_File_20251016_1547.csv,sp,13,p02,4,1,filled_square,prism,ERF_OSA207_Spectra_20251016_1547.csv,1.44469e+09,4.04939,0.000434921,0.317474,0.000787338,29.2156,1.37659,2.1664e-05,0.000756402,2,0.0147947,0.000571062,1.372,0,6.35e-06,0.000289,8.31e-05,7.51e-06,0,6.93e-06,0.000157943,6.18e-05,2.89e-05,5.77e-06,2.54e-05,9.24e-06,6.82903e-06,4.04e-05,0.933029,0.000179632,207.075,0.0365701,6.93901e-06,3.46239e-05,0.000110138,3.5042e-05,-2.53853e-05,0.00162632,-0.0028345,0.00162632,3.25089e-05,9.49351e-06,0.102911,0.119775,0.000532649,1.11864,66,7,0.994902,4.28441e-05,0.93781,0.000217673,-6.34965e-05,5.75742e-09,6.52596e-05,4.21687e-09,-0.000821937,1.88692e-05,-0.00102769,2.32544e-05,3.2189e-05,0.00018501,1.20348e-06,0.000103309,0.000179636,0.938242,0.000432152,0.938244,0.00014878,-1.45701e-06
ERF_Log_File_20250605_0932.csv,sp,13,p02,2,0,filled_square,prism,ERF_OSA207_Spectra_20250605_0932.csv,1.43317e+09,4.20042,0.000254929,0.319501,0.00100849,28.9693,1.41258,4.16816e-06,0.00449329,2,0.0151416,0.000110482,1.415,0,6.35e-06,0.000289,8.31e-05,7.51e-06,0,6.93e-06,0.000161927,6.18e-05,2.89e-05,5.77e-06,2.54e-05,9.24e-06,6.43041e-06,4.04e-05,0.936465,0.000221932,196.55,0.0463411,8.06227e-05,4.50989e-05,-3.25488e-05,4.51304e-05,-0.000161665,0.000508705,-0.000344373,0.000508703,-7.25323e-05,3.03617e-06,0.030666,0.15179,0.000166607,1.11864,66,7,0.994986,4.28744e-05,0.941184,0.000219703,1.69078e-05,3.20687e-09,8.4549e-06,2.18241e-09,-0.000206378,1.82858e-05,0.000329699,2.16654e-05,6.34067e-06,5.37596e-05,2.14246e-07,8.36652e-05,0.000221932,0.940612,-0.000572446,0.940167,0.000124795,0.000444442
ERF_Log_File_20260209_1350.csv,sp,13,p02,5,2,filled_square,prism,ERF_OSA207_Spectra_20260209_1350.csv,1.45471e+09,2.20579,6.21708e-05,0.319561,0.000135122,29.1,1.41492,4.12004e-06,0.00561088,2,0.0152295,9.21924e-05,1.415,0,6.35e-06,0.000289,8.31e-05,7.51e-06,0,6.93e-06,0.000162191,6.18e-05,2.89e-05,5.77e-06,2.54e-05,9.24e-06,6.41958e-06,4.04e-05,0.936066,0.000131122,245.758,0.0341475,3.78608e-05,2.68199e-05,-2.43172e-05,2.68455e-05,-0.000972957,0.000376373,0.000213578,0.000376372,4.96185e-06,2.08368e-06,0.0283574,0.11184,0.000123269,1.11864,66,7,0.994992,4.28481e-05,0.940777,0.000214789,2.18816e-05,2.473e-09,-5.56354e-06,2.13626e-09,-0.000330089,4.77658e-06,0.000250189,8.28569e-06,6.86129e-06,5.80451e-05,2.10706e-07,9.36177e-05,0.000131122,0.940355,-0.000422893,0.940287,0.000124934,6.73358e-05
ERF_Log_File_20251016_1607.csv,sp,13,p02,4,1,filled_square,prism,ERF_OSA207_Spectra_20251016_1607.csv,1.44469e+09,4.24196,0.000520377,0.319855,0.000815972,29.2134,1.41874,1.99671e-05,0.000787834,2,0.0151005,0.000370475,1.415,0,6.35e-06,0.000289,8.31e-05,7.51e-06,0,6.93e-06,0.000162622,6.18e-05,2.89e-05,5.77e-06,2.54e-05,9.24e-06,6.40189e-06,4.04e-05,0.934318,0.000315422,204.981,0.0512316,-7.89149e-05,4.91974e-05,-2.08205e-05,5.16004e-05,0.00172344,0.00481423,0.00259113,0.00481421,-0.000133159,2.73508e-05,0.301948,0.167856,0.00157661,1.11864,66,7,0.995,4.27553e-05,0.939013,0.000218187,-5.27409e-05,5.86355e-09,6.1861e-05,4.30487e-09,-0.000802753,1.93732e-05,-0.00115862,2.38755e-05,2.86505e-05,0.000196185,1.01276e-06,0.000105533,0.000315424,0.939434,0.000420993,0.940482,0.000125172,-0.0010477
ERF_Log_File_20250605_0952.csv,sp,13,p02,2,0,filled_square,prism,ERF_OSA207_Spectra_20250605_0952.csv,1.43317e+09,4.93613,0.000319434,0.317758,0.00080335,28.9748,1.45603,4.47202e-06,0.00475348,2,0.0161052,0.000111829,1.461,0,6.35e-06,0.000289,8.31e-05,7.51e-06,0,6.93e-06,0.000166865,6.18e-05,2.89e-05,5.77e-06,2.54e-05,9.24e-06,6.22905e-06,4.04e-05,0.938094,8.20553e-05,209.803,0.0127555,3.4692e-05,1.19809e-05,8.90224e-06,1.27193e-05,-0.000689959,0.00133402,0.00456435,0.00133402,-3.74218e-05,7.53937e-06,0.0859917,0.0417751,0.000436917,1.11864,66,7,0.995078,4.28101e-05,0.942734,0.000218414,3.2143e-05,3.22504e-09,2.25803e-06,2.20382e-09,-0.000183152,1.80775e-05,0.000330819,2.07599e-05,8.60025e-06,5.15512e-05,2.09258e-07,8.60353e-05,8.20556e-05,0.942141,-0.000593396,0.942299,0.000150001,-0.000158199
ERF_Log_File_20260209_1412.csv,sp,13,p02,5,2,filled_square,prism,ERF_OSA207_Spectra_20260209_1412.csv,1.45471e+09,2.53031,6.52814e-05,0.319735,0.000142695,29.1013,1.45887,4.14299e-06,0.0057301,2,0.0161127,9.96321e-05,1.461,0,6.35e-06,0.000289,8.31e-05,7.51e-06,0,6.93e-06,0.000167195,6.18e-05,2.89e-05,5.77e-06,2.54e-05,9.24e-06,6.21588e-06,4.04e-05,0.938442,0.000200757,257.19,0.0548722,2.84043e-05,3.99107e-05,-5.18183e-05,3.99233e-05,-0.000126486,0.000331628,0.00046274,0.000331627,4.40113e-06,1.83665e-06,0.0262195,0.179577,0.000108633,1.11864,66,7,0.995084,4.28176e-05,0.943078,0.000214537,3.64402e-05,2.6485e-09,-6.68482e-06,2.28285e-09,-0.000354666,4.71389e-06,0.000245202,8.17684e-06,1.07813e-05,6.00035e-05,1.92673e-07,0.000100293,0.000200757,0.942668,-0.000409833,0.942431,0.000147322,0.0002369
ERF_Log_File_20251016_1627.csv,sp,13,p02,4,1,filled_square,prism,ERF_OSA207_Spectra_20251016_1627.csv,1.44469e+09,1.94385,0.000436299,0.318088,0.00103373,29.2111,1.46295,1.90634e-05,0.000834058,2,0.0163496,0.00044087,1.461,0,6.35e-06,0.000289,8.31e-05,7.51e-06,0,6.93e-06,0.000167664,6.18e-05,2.89e-05,5.77e-06,2.54e-05,9.24e-06,6.19701e-06,4.04e-05,0.936519,0.00043972,213.074,0.0486835,-0.00014676,4.53774e-05,0.000181157,5.21509e-05,-0.00510778,0.00870156,0.000293397,0.00870153,0.000460296,4.51746e-05,0.569726,0.158134,0.0028551,1.11845,66,7,0.995092,4.2718e-05,0.941138,0.000217729,-3.92714e-05,6.01284e-09,5.6934e-05,4.44361e-09,-0.000795266,1.99158e-05,-0.00128162,2.45442e-05,2.40513e-05,0.000207737,8.78758e-07,0.000108035,0.000439721,0.941546,0.000407616,0.94262,0.000143464,-0.00107461
ERF_Log_File_20250605_1012.csv,sp,13,p02,2,0,filled_square,prism,ERF_OSA207_Spectra_20250605_1012.csv,1.43318e+09,2.27442,0.000202404,0.319838,0.000271667,28.9726,1.50253,4.9515e-06,0.00521271,2,0.0172031,0.000123036,1.509,0,6.35e-06,0.000289,8.31e-05,7.51e-06,0,6.93e-06,0.000172331,6.18e-05,2.89e-05,5.77e-06,2.54e-05,9.24e-06,6.01356e-06,4.04e-05,0.940712,0.00011476,216.067,0.0260884,8.23927e-05,2.33878e-05,1.09196e-05,2.34199e-05,0.000243669,0.000369607,-4.9731e-05,0.000369606,-1.7656e-05,2.18384e-06,0.0246048,0.0854459,0.000121053,1.11864,66,7,0.995164,4.28089e-05,0.945283,0.00021829,4.81772e-05,3.35817e-09,-2.71791e-06,2.28183e-09,-0.000172961,1.77833e-05,0.000363368,1.97613e-05,1.27238e-05,5.37778e-05,2.09528e-07,8.88602e-05,0.00011476,0.944666,-0.000617157,0.944369,0.000196975,0.000297386
ERF_Log_File_20260209_1433.csv,sp,13,p02,5,2,filled_square,prism,ERF_OSA207_Spectra_20260209_1433.csv,1.45471e+09,2.87511,5.78877e-05,0.319642,0.000223127,29.1045,1.50678,3.3041e-06,0.00601042,2,0.0172617,8.54257e-05,1.509,0,6.35e-06,0.000289,8.31e-05,7.51e-06,0,6.93e-06,0.000172839,6.18e-05,2.89e-05,5.77e-06,2.54e-05,9.24e-06,5.99386e-06,4.04e-05,0.940267,0.000112613,260.957,0.0310919,5.31424e-05,2.27944e-05,4.07947e-06,2.28084e-05,-0.000703333,0.000258138,0.000178353,0.000258137,-1.12192e-05,1.42939e-06,0.0207447,0.101832,8.45448e-05,1.11864,66,7,0.995171,4.27794e-05,0.94483,0.000214696,4.89743e-05,2.89521e-09,-7.56515e-06,2.50481e-09,-0.000381616,4.65324e-06,0.000243035,8.07202e-06,1.41349e-05,6.24813e-05,1.38546e-07,0.0001084,0.000112613,0.944437,-0.000393071,0.944548,0.000196855,-0.000111346
ERF_Log_File_20251016_1648.csv,sp,13,p02,4,1,filled_square,prism,ERF_OSA207_Spectra_20251016_1648.csv,1.44469e+09,2.21646,0.000433487,0.318243,0.00096889,29.2122,1.50983,1.62566e-05,0.000922702,2,0.0172708,0.000368838,1.509,0,6.35e-06,0.000289,8.31e-05,7.51e-06,0,6.93e-06,0.000173203,6.18e-05,2.89e-05,5.77e-06,2.54e-05,9.24e-06,5.97971e-06,4.04e-05,0.939714,0.00027004,217.81,0.0603737,2.42215e-05,5.41969e-05,4.1013e-05,5.44607e-05,-0.0014621,0.00160808,-0.00179146,0.00160807,3.11081e-05,9.43306e-06,0.107799,0.197739,0.000526672,1.11864,66,7,0.995177,4.27477e-05,0.944268,0.000217906,-2.18313e-05,6.26862e-09,5.03616e-05,4.64236e-09,-0.0008077,2.05013e-05,-0.00139037,2.52658e-05,1.80482e-05,0.000219856,6.77214e-07,0.000110886,0.000270041,0.94466,0.000391676,0.944675,0.000196771,-1.54613e-05
ERF_Log_File_20250605_1032.csv,sp,13,p02,2,0,filled_square,prism,ERF_OSA207_Spectra_20250605_1032.csv,1.43318e+09,2.49802,7.4163e-05,0.320819,0.000288737,28.9774,1.55342,4.86105e-06,0.00507944,2,0.018657,0.000125667,1.561,0,6.35e-06,0.000289,8.31e-05,7.51e-06,0,6.93e-06,0.000177264,6.18e-05,2.89e-05,5.77e-06,2.54e-05,9.24e-06,5.77769e-06,4.04e-05,0.942752,0.000133183,209.826,0.0294801,6.54936e-05,2.69161e-05,-5.09193e-05,2.69358e-05,-0.000140382,0.000313083,0.000663848,0.000313082,8.57243e-06,1.85064e-06,0.0202839,0.0965537,0.00010254,1.11864,66,7,0.995246,4.28175e-05,0.947255,0.00021938,6.5032e-05,3.64198e-09,-6.19654e-06,2.44787e-09,-0.000181278,1.74688e-05,0.000435558,1.90168e-05,1.78071e-05,6.18091e-05,1.8454e-07,9.21258e-05,0.000133183,0.946612,-0.000643461,0.946409,0.000202574,0.00020255
ERF_Log_File_20260209_1454.csv,sp,13,p02,5,2,filled_square,prism,ERF_OSA207_Spectra_20260209_1454.csv,1.45471e+09,3.13512,7.3786e-05,0.320385,0.000228259,29.1079,1.55813,4.12815e-06,0.0067112,2,0.018598,0.000105862,1.561,0,6.35e-06,0.000289,8.31e-05,7.51e-06,0,6.93e-06,0.000177826,6.18e-05,2.89e-05,5.77e-06,2.54e-05,9.24e-06,5.75588e-06,4.04e-05,0.941972,9.59642e-05,251.608,0.0254588,1.18368e-05,1.94717e-05,6.28023e-06,1.94873e-05,-0.000365499,0.000251179,0.000554469,0.000251178,-3.0298e-06,1.39065e-06,0.0194974,0.0833856,8.22648e-05,1.11864,66,7,0.995253,4.27772e-05,0.946465,0.000215639,5.86273e-05,3.25426e-09,-8.85933e-06,2.81407e-09,-0.000408663,4.62904e-06,0.000246917,8.02993e-06,1.68717e-05,6.55737e-05,1.55164e-07,0.000117994,9.59643e-05,0.946092,-0.000372712,0.946587,0.000202684,-0.000494997
ERF_Log_File_20251016_1708.csv,sp,13,p02,4,1,filled_square,prism,ERF_OSA207_Spectra_20251016_1708.csv,1.44469e+09,2.4694,0.000311084,0.320229,0.000492585,29.2078,1.56158,2.86291e-05,0.00070013,2,0.0202778,0.000609944,1.561,0,6.35e-06,0.000289,8.31e-05,7.51e-06,0,6.93e-06,0.000178238,6.18e-05,2.89e-05,5.77e-06,2.54e-05,9.24e-06,5.7399e-06,4.04e-05,0.941184,0.000734217,215.117,0.166517,0.000244078,0.000149313,-2.90992e-05,0.000149467,-0.00192726,0.00205196,-0.00159459,0.00205195,-2.06206e-05,1.20686e-05,0.136069,0.545343,0.000672064,1.11864,66,7,0.995258,4.27383e-05,0.945668,0.000218486,1.86604e-06,6.70821e-09,4.24405e-05,4.96488e-09,-0.000851914,2.11178e-05,-0.00147871,2.60256e-05,1.10766e-05,0.000233111,1.06826e-06,0.000113922,0.000734218,0.946039,0.000370927,0.946716,0.0002029,-0.000677073
ERF_Log_File_20260209_1515.csv,sp,13,p02,5,2,filled_square,prism,ERF_OSA207_Spectra_20260209_1515.csv,1.45471e+09,3.43048,4.9107e-05,0.325888,8.53622e-05,29.1097,1.61311,4.57665e-06,0.00730912,2,0.0200407,0.000102538,1.617,0,6.35e-06,0.000289,8.31e-05,7.51e-06,0,6.93e-06,0.000184706,6.18e-05,2.89e-05,5.77e-06,2.54e-05,9.24e-06,6.32076e-06,4.04e-05,0.944214,0.000277438,242.564,0.0712032,0.000103798,5.09969e-05,-3.70283e-05,5.10029e-05,-3.7495e-05,0.000274602,0.000185447,0.000274601,6.75705e-06,1.52107e-06,0.0205972,0.233274,8.99315e-05,1.11864,66,7,0.995326,4.28704e-05,0.948648,0.000216736,6.46832e-05,3.75856e-09,-1.14831e-05,3.23969e-09,-0.000433868,4.66965e-06,0.00025955,8.10009e-06,1.90416e-05,6.9357e-05,1.53302e-07,0.000129256,0.000277438,0.948299,-0.000348704,0.948539,0.000222377,-0.000239495
ERF_Log_File_20250605_1052.csv,sp,13,p02,2,0,filled_square,prism,ERF_OSA207_Spectra_20250605_1052.csv,1.43318e+09,2.62138,5.35867e-05,0.326084,9.81965e-05,28.9789,1.61416,4.95752e-06,0.00562407,2,0.0202666,0.000124372,1.617,0,6.35e-06,0.000289,8.31e-05,7.51e-06,0,6.93e-06,0.000184843,6.18e-05,2.89e-05,5.77e-06,2.54e-05,9.24e-06,6.3817e-06,4.04e-05,0.944324,0.000114855,191.872,0.0230993,3.96569e-05,2.33172e-05,-9.83717e-06,2.33489e-05,0.000147942,0.000367226,0.000781788,0.000367225,-1.59303e-05,2.17024e-06,0.0217921,0.0756575,0.000120272,1.11864,66,7,0.995327,4.28763e-05,0.948758,0.000221974,8.28847e-05,4.12119e-09,-7.10135e-06,2.75157e-09,-0.000219745,1.72886e-05,0.000566189,1.89998e-05,2.24965e-05,7.86932e-05,1.65698e-07,9.62797e-05,0.000114855,0.948082,-0.000675239,0.948574,0.000222999,-0.000491593
ERF_Log_File_20251017_1432.csv,sp,13,p02,4,1,filled_square,prism,ERF_OSA207_Spectra_20251017_1432.csv,1.44477e+09,2.63366,0.000292653,0.325717,0.000389096,29.1455,1.62037,2.06141e-05,0.000816595,2,0.0220636,0.000486704,1.617,0,6.35e-06,0.000289,8.31e-05,7.51e-06,0,6.93e-06,0.000185646,6.18e-05,2.89e-05,5.77e-06,2.54e-05,9.24e-06,6.74062e-06,4.04e-05,0.944984,0.000493615,200.329,0.103685,-0.000124316,0.000100099,0.000123358,0.000100221,7.20141e-05,0.00149506,-0.000621662,0.00149505,-7.21045e-05,8.79275e-06,0.0926844,0.339778,0.000489597,1.11864,66,7,0.995334,4.29115e-05,0.949414,0.000220969,3.43086e-05,7.42933e-09,3.35664e-05,5.48608e-09,-0.000945837,2.17063e-05,-0.00153238,2.67509e-05,1.69687e-05,0.00024787,6.80176e-07,0.000117812,0.000493615,0.94976,0.000345547,0.94878,0.00022667,0.000979392
ERF_Log_File_20251017_1412.csv,sp,13,p02,4,1,filled_square,prism,ERF_OSA207_Spectra_20251017_1412.csv,1.44477e+09,2.62654,0.000253295,0.32517,0.000452253,29.1426,1.62037,2.17176e-05,0.000796847,2,0.0221359,0.000510807,1.617,0,6.35e-06,0.000289,8.31e-05,7.51e-06,0,6.93e-06,0.000185647,6.18e-05,2.89e-05,5.77e-06,2.54e-05,9.24e-06,6.74105e-06,4.04e-05,0.944522,0.000545633,199.839,0.113857,-0.000196258,0.000110721,0.000238333,0.000110925,-0.00402979,0.00202449,-0.00207898,0.00202448,-6.83542e-05,1.19012e-05,0.125153,0.372908,0.000663053,1.11864,66,7,0.995334,4.28905e-05,0.94895,0.000220936,3.43086e-05,7.42933e-09,3.35664e-05,5.48608e-09,-0.000945837,2.17063e-05,-0.00153238,2.67509e-05,1.69687e-05,0.00024787,7.16587e-07,0.000117754,0.000545633,0.949295,0.000345378,0.94878,0.00022667,0.000515057
ERF_Log_File_20251017_0850.csv,sp,13,p02,4,1,filled_square,prism,ERF_OSA207_Spectra_20251017_0850.csv,1.44475e+09,2.62151,0.000283318,0.324111,0.000709033,29.1142,1.6213,2.1844e-05,0.000728138,2,0.0224936,0.000515069,1.617,0,6.35e-06,0.000289,8.31e-05,7.51e-06,0,6.93e-06,0.00018577,6.18e-05,2.89e-05,5.77e-06,2.54e-05,9.24e-06,6.79446e-06,4.04e-05,0.945826,0.000149634,198.071,0.0240647,4.52067e-05,2.39009e-05,2.64693e-05,2.49006e-05,-0.00387719,0.00214954,-0.000129359,0.00214953,8.85494e-05,1.22794e-05,0.13189,0.0788166,0.000704014,1.11864,66,7,0.995336,4.29506e-05,0.950258,0.000221434,3.48614e-05,7.4397e-09,3.34585e-05,5.49417e-09,-0.000947709,2.17143e-05,-0.00153279,2.67607e-05,1.708e-05,0.000248098,7.19369e-07,0.000117973,0.000149636,0.950603,0.000345409,0.948811,0.000227219,0.00179264
ERF_Log_File_20250605_1112.csv,sp,13,p02,2,0,filled_square,prism,ERF_OSA207_Spectra_20250605_1112.csv,1.43318e+09,2.87413,7.10439e-05,0.347043,0.000122858,28.9837,1.67375,4.37225e-06,0.00623369,2,0.0218593,0.000107972,1.678,0,6.35e-06,0.000289,8.31e-05,7.51e-06,0,6.93e-06,0.000191274,6.18e-05,2.89e-05,5.77e-06,2.54e-05,9.24e-06,9.83092e-06,4.04e-05,0.946216,0.000187686,177.469,0.0351348,0.000113539,3.63676e-05,4.3264e-05,3.6377e-05,-0.00080006,0.000259254,0.00107882,0.000259253,1.01667e-05,1.53299e-06,0.0142583,0.115082,8.49091e-05,1.11864,66,7,0.995392,4.30668e-05,0.950596,0.000224672,9.68196e-05,4.7348e-09,-4.68351e-06,3.14393e-09,-0.000288381,1.75338e-05,0.000730455,1.98961e-05,2.53758e-05,0.000101964,1.29269e-07,0.000100746,0.000187686,0.949889,-0.000707552,0.950448,0.00024393,-0.000559162
ERF_Log_File_20260209_1536.csv,sp,13,p02,5,2,filled_square,prism,ERF_OSA207_Spectra_20260209_1536.csv,1.45471e+09,3.87893,8.04771e-05,0.34705,0.000136404,29.1105,1.67513,4.09837e-06,0.00826375,2,0.0217404,0.000104964,1.678,0,6.35e-06,0.000289,8.31e-05,7.51e-06,0,6.93e-06,0.00019146,6.18e-05,2.89e-05,5.77e-06,2.54e-05,9.24e-06,9.91041e-06,4.04e-05,0.945942,0.00019267,229.223,0.0466206,6.83593e-05,3.66645e-05,-3.91202e-05,3.66709e-05,4.7983e-05,0.000232552,4.7888e-05,0.000232551,1.67873e-06,1.28812e-06,0.0165667,0.150524,7.64033e-05,1.11831,66,7,0.995393,4.3058e-05,0.95032,0.000218153,6.63081e-05,4.42583e-09,-1.71928e-05,3.82298e-09,-0.000456835,4.78751e-06,0.000284248,8.30482e-06,2.08752e-05,7.41229e-05,1.20831e-07,0.000142841,0.00019267,0.950001,-0.000318692,0.950489,0.000245537,-0.000487268
ERF_Log_File_20251017_0910.csv,sp,13,p02,4,1,filled_square,prism,ERF_OSA207_Spectra_20251017_0910.csv,1.44475e+09,2.91553,0.000532064,0.346375,0.000884896,29.1158,1.68185,1.61348e-05,0.000949239,2,0.0236123,0.000380046,1.678,0,6.35e-06,0.000289,8.31e-05,7.51e-06,0,6.93e-06,0.000192371,6.18e-05,2.89e-05,5.77e-06,2.54e-05,9.24e-06,1.02997e-05,4.04e-05,0.948687,0.000461987,184.745,0.0885498,0.000306597,9.32613e-05,-0.000206302,9.34585e-05,-0.000157638,0.00182577,-0.000760709,0.00182576,-5.93449e-05,1.07307e-05,0.104807,0.28998,0.000597989,1.11864,66,7,0.9954,4.32036e-05,0.953071,0.000223948,7.35864e-05,8.38017e-09,2.60589e-05,6.1541e-09,-0.00109387,2.21396e-05,-0.0015298,2.72849e-05,2.49113e-05,0.000262414,4.69234e-07,0.000122082,0.000461987,0.953387,0.000316143,0.950685,0.000253339,0.0027018
ERF_Log_File_20250605_1132.csv,sp,13,p02,2,0,filled_square,prism,ERF_OSA207_Spectra_20250605_1132.csv,1.43318e+09,3.18029,9.20948e-05,0.373157,0.000263533,28.984,1.73334,6.22294e-06,0.00669816,2,0.0235987,0.000133745,1.743,0,6.35e-06,0.000289,8.31e-05,7.51e-06,0,6.93e-06,0.000197974,6.18e-05,2.89e-05,5.77e-06,2.54e-05,9.24e-06,3.67955e-05,4.04e-05,0.948079,0.000105464,171.811,0.0188791,0.000105317,2.13279e-05,-5.37705e-06,2.13628e-05,-1.86074e-05,0.000367372,-6.59427e-05,0.000367369,5.7028e-06,2.17018e-06,0.0195996,0.0618256,0.000120324,1.11864,66,7,0.995444,4.33908e-05,0.952418,0.000226112,0.000106019,5.46252e-09,4.48656e-07,3.62324e-09,-0.000386955,1.83319e-05,0.000915493,2.12884e-05,2.66169e-05,0.000130313,1.63125e-07,0.000105552,0.000105464,0.951678,-0.000740618,0.952108,0.000287044,-0.000429969
ERF_Log_File_20260210_0840.csv,sp,13,p02,5,2,filled_square,prism,ERF_OSA207_Spectra_20260210_0840.csv,1.45477e+09,2.25773,0.000127853,0.372662,0.000608458,29.0638,1.74055,4.9426e-06,0.0086541,2,0.023351,0.000126289,1.743,0,6.35e-06,0.000289,8.31e-05,7.51e-06,0,6.93e-06,0.000198924,6.18e-05,2.89e-05,5.77e-06,2.54e-05,9.24e-06,4.22932e-05,4.04e-05,0.948632,0.00027224,231.578,0.0663912,9.13317e-05,5.00337e-05,-6.84611e-05,5.00399e-05,-0.000893252,0.000274024,0.000147778,0.000274023,-6.73642e-06,1.51789e-06,0.0196817,0.219138,8.95919e-05,1.11854,66,7,0.995449,4.34559e-05,0.952969,0.00021852,6.40895e-05,5.19268e-09,-2.7772e-05,4.48528e-09,-0.000475895,4.95597e-06,0.000320244,8.59699e-06,2.29654e-05,7.96281e-05,1.27711e-07,0.00015826,0.00027224,0.952684,-0.000284625,0.952295,0.000300532,0.000389128
ERF_Log_File_20251017_0930.csv,sp,13,p02,4,1,filled_square,prism,ERF_OSA207_Spectra_20251017_0930.csv,1.44475e+09,3.31788,0.000325568,0.373213,0.000338791,29.1181,1.74398,2.2566e-05,0.00104898,2,0.0253487,0.000461881,1.743,0,6.35e-06,0.000289,8.31e-05,7.51e-06,0,6.93e-06,0.000199396,6.18e-05,2.89e-05,5.77e-06,2.54e-05,9.24e-06,4.49151e-05,4.04e-05,0.949155,0.00113522,185.083,0.220998,-9.81575e-05,0.000217403,0.000209719,0.000217452,0.000721539,0.00146081,-0.00265991,0.0014608,0.00012554,8.59718e-06,0.083897,0.729688,0.000477577,1.11847,66,7,0.995451,4.34988e-05,0.953492,0.00022399,0.000117036,9.48278e-09,2.17433e-05,6.9209e-09,-0.00128755,2.2422e-05,-0.00146222,2.76329e-05,3.46948e-05,0.000275023,5.79106e-07,0.000126221,0.00113522,0.953775,0.000282879,0.952384,0.000306982,0.00139178
ERF_Log_File_20250605_1152.csv,sp,13,p02,2,0,filled_square,prism,ERF_OSA207_Spectra_20250605_1152.csv,1.43318e+09,3.32001,0.000321894,0.410136,0.00398529,28.988,1.80722,5.99398e-06,0.00711607,2,0.0255286,0.00015158,1.814,0,6.35e-06,0.000289,8.31e-05,7.51e-06,0,6.93e-06,0.000206972,6.18e-05,2.89e-05,5.77e-06,2.54e-05,9.24e-06,9.31764e-05,4.04e-05,0.950365,0.000190535,160.239,0.0290437,9.94863e-05,3.55492e-05,4.93135e-05,3.60561e-05,-0.00202329,0.00181774,0.00317763,0.00181773,-9.19933e-07,1.06464e-05,0.0906632,0.0951193,0.000595348,1.11864,66,7,0.995491,4.40014e-05,0.95467,0.00022908,0.000109994,6.74962e-09,9.30441e-06,4.48633e-09,-0.000547816,2.00197e-05,0.00114784,2.3069e-05,2.98247e-05,0.000169626,1.35809e-07,0.000111966,0.000190535,0.953887,-0.000782524,0.953909,0.000341987,-2.20005e-05
ERF_Log_File_20260210_0901.csv,sp,13,p02,5,2,filled_square,prism,ERF_OSA207_Spectra_20260210_0901.csv,1.45478e+09,2.5089,4.92903e-05,0.417697,0.00117314,29.0682,1.81427,7.45388e-06,0.00931334,2,0.0254289,0.000131635,1.814,0,6.35e-06,0.000289,8.31e-05,7.51e-06,0,6.93e-06,0.000207946,6.18e-05,2.89e-05,5.77e-06,2.54e-05,9.24e-06,9.8555e-05,4.04e-05,0.950103,0.000304209,226.341,0.0724309,0.000128273,5.153e-05,-3.30713e-05,5.15336e-05,-0.000458806,0.000225605,0.000499104,0.000225604,9.42253e-06,1.24974e-06,0.0158137,0.242272,7.35363e-05,1.11799,66,7,0.995495,4.405e-05,0.954403,0.000219277,5.88547e-05,6.10418e-09,-4.67297e-05,5.27017e-09,-0.000495698,5.17662e-06,0.000368647,8.97971e-06,2.63961e-05,8.64482e-05,1.66587e-07,0.000176339,0.000304209,0.95416,-0.000242856,0.954068,0.00034275,9.20004e-05
ERF_Log_File_20251017_0951.csv,sp,13,p02,4,1,filled_square,prism,ERF_OSA207_Spectra_20251017_0951.csv,1.44475e+09,3.59851,0.000541583,0.409131,0.00113367,29.1173,1.81518,0.000273157,0.00115128,2,0.0269653,0.00399835,1.814,0,6.35e-06,0.000289,8.31e-05,7.51e-06,0,6.93e-06,0.000208067,6.18e-05,2.89e-05,5.77e-06,2.54e-05,9.24e-06,9.92455e-05,4.04e-05,0.950407,0.00031367,177.729,0.0558693,-7.55461e-05,6.15308e-05,6.4526e-05,6.19389e-05,7.82732e-06,0.00213276,-0.00390871,0.00213276,8.48983e-06,1.24948e-05,0.11799,0.182985,0.000698518,1.11864,66,7,0.995495,4.4072e-05,0.954708,0.000225481,0.000167471,1.09292e-08,2.19411e-05,7.91962e-09,-0.00154221,2.2745e-05,-0.00130143,2.8031e-05,4.73531e-05,0.000284411,6.09402e-06,0.000131362,0.000313729,0.95495,0.000242389,0.954088,0.000342852,0.000862292
ERF_Log_File_20250605_1212.csv,sp,13,p02,2,0,filled_square,prism,ERF_OSA207_Spectra_20250605_1212.csv,1.43318e+09,3.08408,0.000321331,0.50246,0.00231462,28.9886,1.88073,7.75854e-06,0.00923614,2,0.0278653,0.00016285,1.89,0,6.35e-06,0.000289,8.31e-05,7.51e-06,0,6.93e-06,0.00021471,6.18e-05,2.89e-05,5.77e-06,2.54e-05,9.24e-06,0.000149269,4.04e-05,0.952,0.000285706,135.501,0.0401854,0.00013645,5.75432e-05,4.86849e-06,5.76342e-05,0.0022559,0.000975178,0.00295776,0.000975174,0.000138809,5.76129e-06,0.0411998,0.131619,0.000319388,1.11864,66,7,0.995523,4.4817e-05,0.956281,0.000236896,0.000106454,8.87064e-09,1.80878e-05,5.89626e-09,-0.000744982,2.20938e-05,0.00135017,2.46378e-05,3.11354e-05,0.00020957,1.52658e-07,0.00011874,0.000285706,0.955457,-0.000824538,0.955462,0.00034921,-5.21161e-06
ERF_Log_File_20251017_1011.csv,sp,13,p02,4,1,filled_square,prism,ERF_OSA207_Spectra_20251017_1011.csv,1.44475e+09,3.59026,0.000414755,0.5001,0.000587243,29.1181,1.88697,1.63151e-05,0.00160022,2,0.0283479,0.000409742,1.89,0,6.35e-06,0.000289,8.31e-05,7.51e-06,0,6.93e-06,0.000215626,6.18e-05,2.89e-05,5.77e-06,2.54e-05,9.24e-06,0.000154035,4.04e-05,0.950795,0.000301683,160.71,0.0487832,0.000292049,5.93974e-05,3.99825e-05,5.97545e-05,-0.00200515,0.00195979,-0.00115004,0.00195978,7.20503e-05,1.1488e-05,0.098079,0.159773,0.000641869,1.11864,66,7,0.995525,4.48344e-05,0.955069,0.000229054,0.000213735,1.2771e-08,2.76503e-05,9.20948e-09,-0.00179572,2.3364e-05,-0.00104747,2.87938e-05,6.03464e-05,0.000284374,3.17256e-07,0.000136753,0.000301683,0.955268,0.000198904,0.955584,0.000334058,-0.000316166
ERF_Log_File_20260210_0923.csv,sp,13,p02,5,2,filled_square,prism,ERF_OSA207_Spectra_20260210_0922.csv,1.45478e+09,2.58918,7.36215e-05,0.500487,0.000252763,29.0697,1.887,6.13528e-06,0.01118,2,0.027181,0.000158494,1.89,0,6.35e-06,0.000289,8.31e-05,7.51e-06,0,6.93e-06,0.000215631,6.18e-05,2.89e-05,5.77e-06,2.54e-05,9.24e-06,0.000154059,4.04e-05,0.950887,0.000304255,213.424,0.0682104,5.40155e-05,5.64775e-05,6.14469e-05,5.64854e-05,-0.000641484,0.000325344,0.000886018,0.000325343,-4.18555e-05,1.80219e-06,0.0215983,0.224624,0.000106426,1.11854,66,7,0.995525,4.48391e-05,0.955161,0.000220686,5.46136e-05,7.16921e-09,-7.34232e-05,6.19394e-09,-0.000522202,5.49493e-06,0.000419164,9.53191e-06,3.20092e-05,9.41503e-05,1.19297e-07,0.000194835,0.000304255,0.954962,-0.000198917,0.955585,0.000333986,-0.000622157
ERF_Log_File_20250605_1232.csv,sp,13,p02,2,0,filled_square,prism,ERF_OSA207_Spectra_20250605_1232.csv,1.43318e+09,3.74417,0.000156446,0.654265,0.000377929,28.9904,1.96922,7.43789e-06,0.0113055,2,0.0310017,0.000165429,1.975,0,6.35e-06,0.000289,8.31e-05,7.51e-06,0,6.93e-06,0.000225141,6.18e-05,2.89e-05,5.77e-06,2.54e-05,9.24e-06,0.000216801,4.04e-05,0.953379,0.000385187,157.37,0.0635234,9.81384e-05,6.96191e-05,3.50802e-05,6.96279e-05,-0.000986419,0.000365414,0.00113689,0.000365413,-4.79295e-05,2.16067e-06,0.0179494,0.208394,0.000119636,1.11863,66,7,0.995543,4.60814e-05,0.957647,0.000230386,9.66822e-05,1.28714e-08,2.34371e-05,8.54484e-09,-0.00102096,2.44828e-05,0.00150857,2.66844e-05,3.00298e-05,0.000253005,1.24034e-07,0.000127378,0.000385187,0.956772,-0.00087547,0.957067,0.000315711,-0.000294905
ERF_Log_File_20251017_1031.csv,sp,13,p02,4,1,filled_square,prism,ERF_OSA207_Spectra_20251017_1031.csv,1.44475e+09,4.28006,0.000556863,0.653181,0.00251507,29.1174,1.97283,1.17277e-05,0.00235681,2,0.0310689,0.000274173,1.975,0,6.35e-06,0.000289,8.31e-05,7.51e-06,0,6.93e-06,0.0002257,6.18e-05,2.89e-05,5.77e-06,2.54e-05,9.24e-06,0.000219555,4.04e-05,0.955393,0.000535085,184.756,0.102285,0.000719386,0.000107387,-0.000261148,0.000107552,-0.00155999,0.00179728,-0.0026738,0.00179728,-0.000132221,1.05666e-05,0.103904,0.335,0.000588642,1.11864,66,7,0.995543,4.62344e-05,0.95967,0.000225322,0.000253239,1.58411e-08,3.8952e-05,1.13792e-08,-0.00201665,2.47069e-05,-0.000621514,3.04488e-05,7.30478e-05,0.000263906,1.94198e-07,0.000144249,0.000535085,0.959815,0.000144804,0.957127,0.000313446,0.0026884
ERF_Log_File_20260210_0944.csv,sp,13,p02,5,2,filled_square,prism,ERF_OSA207_Spectra_20260210_0944.csv,1.45478e+09,3.23188,0.000131944,0.658457,0.00113916,29.0734,1.97298,7.15731e-06,0.0139052,2,0.0304702,0.000161224,1.975,0,6.35e-06,0.000289,8.31e-05,7.51e-06,0,6.93e-06,0.000225723,6.18e-05,2.89e-05,5.77e-06,2.54e-05,9.24e-06,0.000219667,4.04e-05,0.953546,0.000331817,253.126,0.0880356,5.45564e-06,5.57959e-05,-0.000134397,5.57997e-05,-0.000646449,0.000242426,0.000199731,0.000242425,2.34665e-05,1.34294e-06,0.0188397,0.309363,7.80543e-05,1.11316,66,7,0.995543,4.61473e-05,0.957815,0.000217989,5.37645e-05,8.95316e-09,-0.000114391,7.73164e-09,-0.000579875,6.18434e-06,0.000476082,1.07276e-05,4.20388e-05,0.000105611,1.18482e-07,0.000217881,0.000331817,0.957671,-0.000144441,0.957129,0.000313352,0.000541402
ERF_Log_File_20250605_1252.csv,sp,13,p02,2,0,filled_square,prism,ERF_OSA207_Spectra_20250605_1252.csv,1.43319e+09,3.10877,0.000190201,0.885689,0.00180441,28.9926,2.05388,9.03855e-06,0.0153579,2,0.0347632,0.00017558,2.067,0,6.35e-06,0.000289,8.31e-05,7.51e-06,0,6.93e-06,0.000235092,6.18e-05,2.89e-05,5.77e-06,2.54e-05,9.24e-06,0.000256982,4.04e-05,0.954495,0.000634824,106.867,0.0710529,0.000163303,9.70125e-05,-9.26766e-05,9.70174e-05,-0.0014148,0.000362903,0.00149167,0.000362901,-2.63189e-05,2.14608e-06,0.0121056,0.234293,0.000118677,1.11848,66,7,0.995546,4.75776e-05,0.958765,0.00025258,9.00215e-05,1.77884e-08,1.6789e-05,1.17969e-08,-0.00131136,2.66064e-05,0.00152846,2.96253e-05,2.67026e-05,0.000284038,1.25235e-07,0.000136119,0.000634824,0.957841,-0.00092469,0.95836,0.000363014,-0.00051945
ERF_Log_File_20260210_1005.csv,sp,13,p02,5,2,filled_square,prism,ERF_OSA207_Spectra_20260210_1005.csv,1.45478e+09,2.88169,0.000102809,0.885495,0.0022045,29.0776,2.05909,1.0038e-05,0.0185349,2,0.0338411,0.000173796,2.067,0,6.35e-06,0.000289,8.31e-05,7.51e-06,0,6.93e-06,0.000235518,6.18e-05,2.89e-05,5.77e-06,2.54e-05,9.24e-06,0.000258598,4.04e-05,0.954272,0.000749132,185.108,0.145277,0.000209278,0.000108436,-0.000181143,0.00010844,-0.00121814,0.000381915,0.00113959,0.000381914,1.59724e-05,2.11549e-06,0.0220835,0.476956,0.000125018,1.11862,66,7,0.995546,4.76651e-05,0.958541,0.000225036,6.14341e-05,1.14075e-08,-0.000161506,9.84925e-09,-0.000691803,7.26116e-06,0.000526269,1.25955e-05,5.5735e-05,0.000121826,1.37297e-07,0.000241228,0.000749132,0.958454,-8.68975e-05,0.958432,0.000362423,2.26253e-05
ERF_Log_File_20251017_1151.csv,sp,13,p02,4,1,filled_square,prism,ERF_OSA207_Spectra_20251017_1151.csv,1.44476e+09,3.52759,0.000869675,0.871872,0.00451444,29.1164,2.05991,1.12603e-05,0.00304732,2,0.0346289,0.000244675,2.067,0,6.35e-06,0.000289,8.31e-05,7.51e-06,0,6.93e-06,0.000235585,6.18e-05,2.89e-05,5.77e-06,2.54e-05,9.24e-06,0.00025885,4.04e-05,0.953328,0.000728608,124.54,0.0946208,0.000227236,0.000145803,0.000208062,0.000145918,-0.0065131,0.00175957,-0.00244154,0.00175956,7.40673e-06,1.03508e-05,0.0684214,0.309907,0.00057629,1.11864,66,7,0.995546,4.76333e-05,0.957593,0.000241856,0.000262763,2.01968e-08,4.81858e-05,1.44978e-08,-0.00203178,2.64402e-05,-5.24361e-05,3.25849e-05,7.77372e-05,0.000209369,1.537e-07,0.000151303,0.000728608,0.957679,8.62372e-05,0.958443,0.000362344,-0.000763663
ERF_Log_File_20251017_1131.csv,sp,13,p02,4,1,filled_square,prism,ERF_OSA207_Spectra_20251017_1131.csv,1.44476e+09,3.55582,0.000688813,0.886304,0.0029135,29.1144,2.06003,9.39934e-06,0.00309162,2,0.0345342,0.000213676,2.067,0,6.35e-06,0.000289,8.31e-05,7.51e-06,0,6.93e-06,0.000235595,6.18e-05,2.89e-05,5.77e-06,2.54e-05,9.24e-06,0.000258889,4.04e-05,0.953937,0.000653011,125.45,0.0853193,0.000188169,0.00013077,0.000130324,0.000130883,-0.00093109,0.00165108,0.00232441,0.00165108,4.91429e-05,9.71335e-06,0.0647134,0.279443,0.000540758,1.11864,66,7,0.995546,4.76661e-05,0.958205,0.000241538,0.000262763,2.02025e-08,4.82217e-05,1.45022e-08,-0.00203159,2.64426e-05,-5.1553e-05,3.25879e-05,7.77462e-05,0.000209275,1.2826e-07,0.00015141,0.000653011,0.958291,8.62104e-05,0.958445,0.000362332,-0.000153604
ERF_Log_File_20251017_1111.csv,sp,13,p02,4,1,filled_square,prism,ERF_OSA207_Spectra_20251017_1111.csv,1.44476e+09,3.57204,0.000855296,0.883466,0.00238465,29.1186,2.0603,1.03246e-05,0.00311215,2,0.0344903,0.000236998,2.067,0,6.35e-06,0.000289,8.31e-05,7.51e-06,0,6.93e-06,0.000235617,6.18e-05,2.89e-05,5.77e-06,2.54e-05,9.24e-06,0.000258972,4.04e-05,0.952856,0.000814943,125.899,0.103815,0.000216621,0.000161235,1.54684e-05,0.00016203,0.0151132,0.00481558,-0.0067196,0.00481556,-8.69346e-05,2.82474e-05,0.189205,0.340022,0.00157718,1.11864,66,7,0.995546,4.76171e-05,0.957119,0.000241121,0.000262587,2.02159e-08,4.81858e-05,1.45128e-08,-0.00203116,2.64479e-05,-4.95737e-05,3.25945e-05,7.76933e-05,0.000209066,1.4079e-07,0.000151262,0.000814943,0.957205,8.59287e-05,0.958448,0.000362306,-0.00124341
ERF_Log_File_20251017_1051.csv,sp,13,p02,4,1,filled_square,prism,ERF_OSA207_Spectra_20251017_1051.csv,1.44476e+09,3.60388,0.000591741,0.885024,0.00227716,29.1195,2.0605,1.12894e-05,0.00314791,2,0.0344196,0.000252527,2.067,0,6.35e-06,0.000289,8.31e-05,7.51e-06,0,6.93e-06,0.000235633,6.18e-05,2.89e-05,5.77e-06,2.54e-05,9.24e-06,0.000259035,4.04e-05,0.954197,0.000775511,126.729,0.102625,0.00025008,0.000153314,6.85094e-05,0.000153388,-0.00342468,0.00146493,0.00242834,0.00146492,2.54965e-05,8.61843e-06,0.0580184,0.336124,0.000479789,1.11864,66,7,0.995546,4.7688e-05,0.958466,0.000240993,0.000262638,2.02302e-08,4.81947e-05,1.4523e-08,-0.00203084,2.64519e-05,-4.81017e-05,3.25994e-05,7.77081e-05,0.000208912,1.53869e-07,0.000151492,0.000775511,0.958552,8.59131e-05,0.958451,0.000362287,0.000100843
ERF_Log_File_20250605_1312.csv,sp,13,p02,2,0,filled_square,prism,ERF_OSA207_Spectra_20250605_1312.csv,1.43319e+09,4.94133,0.000415703,0.902105,0.00167727,28.994,2.15229,1.18947e-05,0.0148193,2,0.0391932,0.000226688,2.169,0,6.35e-06,0.000289,8.31e-05,7.51e-06,0,6.93e-06,0.000246628,6.18e-05,2.89e-05,5.77e-06,2.54e-05,9.24e-06,0.000287474,4.04e-05,0.954998,0.000775242,64.8024,0.0525814,4.34545e-05,0.000125987,3.60516e-05,0.000125995,-0.00298337,0.000515445,0.00178279,0.000515443,6.67235e-06,3.04817e-06,0.0103839,0.176858,0.000167789,1.1178,66,7,0.995533,4.96061e-05,0.959283,0.000312604,0.00010293,2.35259e-08,-1.42897e-05,1.55954e-08,-0.00166193,3.12124e-05,0.00134198,3.54484e-05,2.93049e-05,0.000300468,1.24168e-07,0.000146699,0.000775242,0.958301,-0.000981721,0.959556,0.000548417,-0.00125499
ERF_Log_File_20260210_1026.csv,sp,13,p02,5,2,filled_square,prism,ERF_OSA207_Spectra_20260210_1026.csv,1.45478e+09,2.23682,0.000127716,0.903843,0.00103436,29.0785,2.16198,1.4335e-05,0.0179305,2,0.0380812,0.00017591,2.169,0,6.35e-06,0.000289,8.31e-05,7.51e-06,0,6.93e-06,0.000247468,6.18e-05,2.89e-05,5.77e-06,2.54e-05,9.24e-06,0.000290476,4.04e-05,0.956031,0.000932743,139.263,0.135846,0.000147802,0.000121711,-0.000473468,0.000121715,-0.0015963,0.00039435,7.21787e-06,0.000394349,1.28241e-06,2.18438e-06,0.0171722,0.447677,0.000128979,1.11854,66,7,0.99553,4.98752e-05,0.960324,0.000236302,8.18258e-05,1.4495e-08,-0.000214791,1.2515e-08,-0.000942025,8.57171e-06,0.0005799,1.48689e-05,7.41541e-05,0.000152215,1.44748e-07,0.000270041,0.000932743,0.960308,-1.53127e-05,0.959656,0.000552604,0.00065245
ERF_Log_File_20251017_1211.csv,sp,13,p02,4,1,filled_square,prism,ERF_OSA207_Spectra_20251017_1211.csv,1.44476e+09,2.41361,0.000733174,0.903191,0.00253429,29.1203,2.16424,1.32002e-05,0.00314189,2,0.0382941,0.000249194,2.169,0,6.35e-06,0.000289,8.31e-05,7.51e-06,0,6.93e-06,0.000247664,6.18e-05,2.89e-05,5.77e-06,2.54e-05,9.24e-06,0.000291177,4.04e-05,0.955489,0.000706887,81.1723,0.0595128,-3.97495e-05,0.000141761,0.000150666,0.000141931,-0.000850664,0.00209959,0.00257702,0.00209958,7.56513e-05,1.23478e-05,0.0533311,0.194964,0.000687619,1.11864,66,7,0.99553,4.98974e-05,0.959779,0.000279885,0.000212315,2.85153e-08,3.86193e-05,2.04538e-08,-0.00156197,2.8606e-05,0.000814579,3.5254e-05,6.27336e-05,0.000237757,1.32237e-07,0.000161047,0.000706887,0.959793,1.3689e-05,0.959679,0.000553539,0.000114289
ERF_Log_File_20250605_1332.csv,sp,13,p02,2,0,filled_square,prism,ERF_OSA207_Spectra_20250605_1332.csv,1.43319e+09,4.38283,0.000597703,0.9035,0.00172567,28.9971,2.26245,1.55398e-05,0.0123529,2,0.044165,0.000278504,2.282,0,6.35e-06,0.000289,8.31e-05,7.51e-06,0,6.93e-06,0.000258876,6.18e-05,2.89e-05,5.77e-06,2.54e-05,9.24e-06,0.000246311,4.04e-05,0.956904,0.000804448,61.688,0.051821,0.000160465,0.000141429,-0.000257775,0.000141444,-0.000421647,0.000689045,0.000609308,0.000689043,1.28105e-06,4.07491e-06,0.0133488,0.16815,0.000226138,1.11852,66,7,0.995499,5.23158e-05,0.96123,0.000321628,0.000174782,2.8678e-08,-8.9731e-05,1.90079e-08,-0.00204327,4.65842e-05,0.000823164,5.02647e-05,6.61283e-05,0.00028685,1.02069e-07,0.000159334,0.000804448,0.960183,-0.00104752,0.960492,0.000427352,-0.000308873
ERF_Log_File_20260210_1047.csv,sp,13,p02,5,2,filled_square,prism,ERF_OSA207_Spectra_20260210_1047.csv,1.45478e+09,2.23526,0.000125415,0.903971,0.00113145,29.0813,2.27066,1.49017e-05,0.0164576,2,0.0436538,0.000236922,2.282,0,6.35e-06,0.000289,8.31e-05,7.51e-06,0,6.93e-06,0.000259621,6.18e-05,2.89e-05,5.77e-06,2.54e-05,9.24e-06,0.000238957,4.04e-05,0.95681,0.000848132,146.441,0.129778,1.8749e-05,0.000117988,-0.000211355,0.000117991,-0.00067634,0.000401666,0.000263483,0.000401665,1.44847e-06,2.22497e-06,0.0183921,0.429231,0.000131264,1.11851,66,7,0.995496,5.25202e-05,0.961139,0.000234097,0.000105626,1.63826e-08,-0.000243267,1.41498e-08,-0.00141104,9.16798e-06,0.000646008,1.59032e-05,8.72232e-05,0.000205727,9.39733e-08,0.000300778,0.000848132,0.961202,6.31654e-05,0.960545,0.000440225,0.000657436
ERF_Log_File_20251017_1231.csv,sp,13,p02,4,1,filled_square,prism,ERF_OSA207_Spectra_20251017_1231.csv,1.44476e+09,2.187,0.000422458,0.897755,0.00252142,29.121,2.27923,1.67512e-05,0.00269476,2,0.0429784,0.000330137,2.282,0,6.35e-06,0.000289,8.31e-05,7.51e-06,0,6.93e-06,0.000260398,6.18e-05,2.89e-05,5.77e-06,2.54e-05,9.24e-06,0.000231284,4.04e-05,0.955307,0.00146489,78.0762,0.119603,0.000372586,0.000267202,-0.000210325,0.000267239,0.000142737,0.00146039,0.000883982,0.00146038,-1.34473e-05,8.59403e-06,0.035713,0.389839,0.000478812,1.11861,66,7,0.995492,5.26559e-05,0.959633,0.000284746,4.6019e-05,5.01555e-08,-3.27961e-05,3.59261e-08,-9.16521e-05,3.59272e-05,0.00201393,4.42767e-05,1.97038e-05,0.000211286,1.01216e-07,0.000172017,0.00146489,0.959564,-6.93446e-05,0.960598,0.000453792,-0.00103392
ERF_Log_File_20260210_1108.csv,sp,13,p02,5,2,filled_square,prism,ERF_OSA207_Spectra_20260210_1108.csv,1.45478e+09,3.137,0.000105727,0.904657,0.00156064,29.0859,2.342,1.31265e-05,0.0150522,2,0.0475025,0.000247502,2.35,0,6.35e-06,0.000289,8.31e-05,7.51e-06,0,6.93e-06,0.000267942,6.18e-05,2.89e-05,5.77e-06,2.54e-05,9.24e-06,0.000175055,4.04e-05,0.957862,0.00106351,99.9954,0.111012,-3.70581e-05,0.000120807,-0.000308019,0.000120809,-0.00144121,0.000363003,0.00130874,0.000363001,-3.46408e-06,2.01085e-06,0.0113153,0.373792,0.000118136,1.11753,66,7,0.995464,5.44671e-05,0.962227,0.000258668,0.000110746,1.72539e-08,-0.000228792,1.48997e-08,-0.00187226,9.662e-06,0.000711074,1.67603e-05,8.48845e-05,0.000258356,5.76304e-08,0.000321374,0.00106351,0.962343,0.000116034,0.960923,0.000457482,0.00142017
ERF_Log_File_20250605_1352.csv,sp,13,p02,2,0,filled_square,prism,ERF_OSA207_Spectra_20250605_1352.csv,1.43319e+09,3.7231,0.000677899,0.903677,0.00260507,28.9964,2.39821,2.25425e-05,0.00913384,2,0.0517381,0.000378632,2.408,0,6.35e-06,0.000289,8.31e-05,7.51e-06,0,6.93e-06,0.000274153,6.18e-05,2.89e-05,5.77e-06,2.54e-05,9.24e-06,0.0001247,4.04e-05,0.957351,0.000808035,25.9195,0.0217997,0.000476159,0.000159098,-0.000134072,0.000159173,-0.000247081,0.00150308,0.00265582,0.00150307,3.32617e-05,8.88655e-06,0.0122356,0.0708711,0.00049309,1.11853,66,7,0.995435,5.60159e-05,0.961741,0.000615849,0.000411875,4.41633e-08,-0.000255435,2.92493e-08,-0.00245048,9.0518e-05,-0.000292433,0.000102983,0.000166827,0.000276219,7.42009e-08,0.000175282,0.000808035,0.960614,-0.00112702,0.961137,0.000454549,-0.000522527
ERF_Log_File_20260210_1129.csv,sp,13,p02,5,2,filled_square,prism,ERF_OSA207_Spectra_20260210_1129.csv,1.45478e+09,2.53055,0.000182023,0.903695,0.00121635,29.0864,2.40218,1.37635e-05,0.0141381,2,0.0514854,0.000251055,2.408,0,6.35e-06,0.000289,8.31e-05,7.51e-06,0,6.93e-06,0.000274531,6.18e-05,2.89e-05,5.77e-06,2.54e-05,9.24e-06,0.000121142,4.04e-05,0.958225,0.000830221,82.2794,0.0712486,0.000329703,0.000139532,5.91444e-06,0.000139541,-0.00144587,0.000611737,0.000612973,0.000611734,-1.74124e-06,3.38876e-06,0.0158118,0.23233,0.00020055,1.11859,66,7,0.995433,5.61816e-05,0.962621,0.000278704,9.93331e-05,2.06495e-08,-0.000184379,1.78251e-08,-0.00237747,1.1958e-05,0.000791392,2.07429e-05,7.09279e-05,0.000316916,4.44059e-08,0.000338693,0.000830221,0.962783,0.000161269,0.96115,0.000455796,0.00163277
ERF_Log_File_20251017_1252.csv,sp,13,p02,4,1,filled_square,prism,ERF_OSA207_Spectra_20251017_1252.csv,1.44476e+09,5.04005,0.00112395,0.901806,0.00156879,29.1266,2.41814,2.24676e-05,0.00251546,2,0.0506436,0.000318195,2.408,0,6.35e-06,0.000289,8.31e-05,7.51e-06,0,6.93e-06,0.000276824,6.18e-05,2.89e-05,5.77e-06,2.54e-05,9.24e-06,0.000106851,4.04e-05,0.956333,0.00183142,35.7345,0.0683293,-0.000459422,0.000345977,-0.000307741,0.000346048,0.00392363,0.00223976,0.00425754,0.00223975,8.84139e-05,1.3181e-05,0.0249563,0.228259,0.000730269,1.11806,66,7,0.995424,5.65329e-05,0.960729,0.000469538,-0.00036729,1.19193e-07,-0.000278007,8.53826e-08,0.00361819,7.33185e-05,0.00383153,9.03578e-05,0.000161324,0.000745153,6.69429e-08,0.000186285,0.00183142,0.960556,-0.000172976,0.961199,0.000450748,-0.000642958
ERF_Log_File_20250605_1412.csv,sp,13,p02,2,0,filled_square,prism,ERF_OSA207_Spectra_20250605_1412.csv,1.43319e+09,4.0822,0.00119721,0.902688,0.00218093,29,2.47847,2.5483e-05,0.0067732,2,0.054263,0.000410691,2.5,0,6.35e-06,0.000289,8.31e-05,7.51e-06,0,6.93e-06,0.000283823,6.18e-05,2.89e-05,5.77e-06,2.54e-05,9.24e-06,5.2801e-05,4.04e-05,0.9578,0.00132444,15.6271,0.0215709,0.000540471,0.000252381,-0.000383216,0.000252441,-0.00536741,0.00174225,-0.00407856,0.00174224,-3.96896e-05,1.03017e-05,0.00854032,0.0706684,0.000570584,1.11864,66,7,0.995388,5.84231e-05,0.962238,0.000982728,0.000664814,7.35837e-08,-0.00039412,4.87523e-08,-0.00263688,0.000131627,-0.00118943,0.000164695,0.000264733,0.000384094,5.75334e-08,0.000185027,0.00132444,0.961064,-0.00117434,0.961356,0.000389323,-0.000292132
ERF_Log_File_20260210_1150.csv,sp,13,p02,5,2,filled_square,prism,ERF_OSA207_Spectra_20260210_1150.csv,1.45479e+09,4.42468,0.000284702,0.905113,0.00129824,29.0881,2.48226,2.14839e-05,0.0122016,2,0.0565273,0.000294712,2.5,0,6.35e-06,0.000289,8.31e-05,7.51e-06,0,6.93e-06,0.000284195,6.18e-05,2.89e-05,5.77e-06,2.54e-05,9.24e-06,4.9412e-05,4.04e-05,0.95817,0.0010302,63.2921,0.0680309,-2.1026e-05,0.000150904,-9.63435e-05,0.000150909,-0.00441558,0.0005402,0.000736485,0.000540197,2.06488e-05,2.99245e-06,0.0106241,0.23242,0.000175186,1.11612,66,7,0.995385,5.85616e-05,0.962612,0.00031718,4.45455e-05,3.53974e-08,-6.22615e-05,3.05605e-08,-0.00324254,2.05965e-05,0.00095331,3.57279e-05,2.67017e-05,0.000419658,4.77557e-08,0.000361653,0.0010302,0.962835,0.000222167,0.961364,0.000384084,0.0014705
ERF_Log_File_20251013_1435.csv,ig_zn_diff,13,p02,3,1,filled_square,2.4um_lp,ERF_OSA207_Spectra_20251013_1434.csv,1.44442e+09,5.14034,0.000405382,0.691584,0.000676404,29.1465,2.49801,1.85993e-05,0.00680581,2,0.039955,0.000398429,2.5,0,6.35e-06,0.000289,8.31e-05,7.51e-06,0,6.93e-06,0.000285746,6.18e-05,2.89e-05,5.77e-06,2.54e-05,9.24e-06,3.53041e-05,4.04e-05,0.958173,0.000313594,83.8555,0.0251511,-0.000618936,5.88038e-05,0.000121088,5.95217e-05,0.00696131,0.00277832,0.0103085,0.00277831,-0.000351573,1.62119e-05,0.0731127,0.0823725,0.000909945,1.11864,66,7,0.995375,5.90469e-05,0.962625,0.000276466,-0.00071403,9.0306e-09,0.000207372,5.59184e-09,0.00823404,7.69123e-06,0.0134245,4.46372e-06,0.00023035,0.00216586,3.88813e-08,0.000193401,0.000313594,0.962401,-0.000223861,0.961398,0.000392319,0.00100321
ERF_Log_File_20251013_1456.csv,ig_zn_diff,13,p02,3,1,filled_square,2.4um_lp,ERF_OSA207_Spectra_20251013_1456.csv,1.44442e+09,5.11381,0.000343062,0.689628,0.000289658,29.1516,2.49816,1.49413e-05,0.00664621,2,0.0398182,0.000354545,2.5,0,6.35e-06,0.000289,8.31e-05,7.51e-06,0,6.93e-06,0.000285761,6.18e-05,2.89e-05,5.77e-06,2.54e-05,9.24e-06,3.51639e-05,4.04e-05,0.956701,0.000199588,83.5727,0.0144478,-0.000780649,3.39647e-05,0.00022367,3.49242e-05,0.00997784,0.00247721,0.0121516,0.0024772,2.45273e-05,1.4293e-05,0.0649751,0.0469696,0.000812656,1.11758,66,7,0.995375,5.8961e-05,0.961146,0.000276612,-0.000713968,9.02158e-09,0.000207491,5.5856e-09,0.00823214,7.68574e-06,0.013422,4.46054e-06,0.000230365,0.00216542,3.1217e-08,0.000193104,0.000199588,0.960923,-0.000223533,0.961398,0.00039245,-0.000475611
ERF_Log_File_20251013_1518.csv,ig_zn_diff,13,p02,3,1,filled_square,2.4um_lp,ERF_OSA207_Spectra_20251013_1518.csv,1.44443e+09,5.12737,0.000362047,0.690965,0.000282972,29.1571,2.49825,1.55699e-05,0.00662281,2,0.0398273,0.00036275,2.5,0,6.35e-06,0.000289,8.31e-05,7.51e-06,0,6.93e-06,0.00028577,6.18e-05,2.89e-05,5.77e-06,2.54e-05,9.24e-06,3.50869e-05,4.04e-05,0.957648,0.00030558,83.6203,0.0245823,-0.000609956,5.76281e-05,0.000240551,5.82865e-05,0.00902847,0.00263248,0.0176313,0.00263247,3.96426e-05,1.53735e-05,0.0690428,0.0805123,0.000862186,1.11864,66,7,0.995375,5.90221e-05,0.962098,0.000276704,-0.000713953,9.01632e-09,0.000207604,5.58248e-09,0.008231,7.68245e-06,0.0134205,4.45863e-06,0.000230389,0.00216515,3.25194e-08,0.000193295,0.00030558,0.961874,-0.000223765,0.961399,0.000392529,0.00047537
ERF_Log_File_20250520_0951.csv,ig_zn_diff,13,p02,1,0,filled_square,2.4um_lp,ERF_OSA207_Spectra_20250520_0950.csv,1.43179e+09,5.28672,0.000391676,0.689656,0.00060424,29.057,2.51554,3.28597e-05,0.00352025,2,0.0421013,0.000554224,2.5,0,6.35e-06,0.000289,8.31e-05,7.51e-06,0,6.93e-06,0.000287483,6.18e-05,2.89e-05,5.77e-06,2.54e-05,9.24e-06,3.46994e-05,4.04e-05,0.956689,0.000374425,88.0854,0.0323624,-0.000808105,7.1971e-05,0.00022423,7.25958e-05,-0.000817055,0.00286135,0.016184,0.00286134,-3.02427e-05,1.68085e-05,0.0789735,0.105993,0.000937144,1.11864,66,7,0.995364,5.95007e-05,0.961145,0.000270734,-0.000790152,3.25604e-08,0.000252476,2.14146e-08,-0.000489233,7.63983e-06,0.0157606,9.42668e-06,0.000260657,0.00162499,6.46062e-08,0.000185618,0.000374425,0.959972,-0.00117274,0.961434,0.000407983,-0.00146146
ERF_Log_File_20251013_1540.csv,ig_zn_diff,13,p02,3,1,filled_square,2.4um_lp,ERF_OSA207_Spectra_20251013_1539.csv,1.44443e+09,2.29272,0.00105577,0.73104,0.000989755,29.1599,2.67692,4.19314e-05,0.0114025,2,0.0587989,0.000349732,2.696,0,6.35e-06,0.000289,8.31e-05,7.51e-06,0,6.93e-06,0.000306088,6.18e-05,2.89e-05,5.77e-06,2.54e-05,9.24e-06,4.69559e-05,4.04e-05,0.957914,0.000488719,97.1585,0.0382751,-0.0007078,7.74917e-05,0.000299316,8.06553e-05,-0.0292291,0.00687737,0.0185693,0.00687734,0.000251267,3.93121e-05,0.209646,0.125331,0.00225258,1.11864,66,7,0.995245,6.48909e-05,0.962491,0.000261241,-0.000690203,2.00846e-08,0.000267002,1.24522e-08,0.00617996,4.32387e-06,0.0112292,2.50942e-06,0.000239301,0.00174092,7.73119e-08,0.000193359,0.000488719,0.962246,-0.000244754,0.961717,0.000388631,0.000528763
ERF_Log_File_20250520_1012.csv,ig_zn_diff,13,p02,1,0,filled_square,2.4um_lp,ERF_OSA207_Spectra_20250520_1012.csv,1.43179e+09,2.38535,0.000777571,0.732179,0.000961436,29.057,2.70984,0.000141899,0.00699445,2,0.0495592,0.00271507,2.696,0,6.35e-06,0.000289,8.31e-05,7.51e-06,0,6.93e-06,0.000309591,6.18e-05,2.89e-05,5.77e-06,2.54e-05,9.24e-06,4.94558e-05,4.04e-05,0.957862,0.000413342,98.0402,0.0360002,-0.000633626,7.21095e-05,0.000370979,7.38244e-05,0.00175363,0.00480845,0.0126648,0.00480844,7.17927e-05,2.79461e-05,0.147894,0.117903,0.00157487,1.11864,66,7,0.995218,6.60319e-05,0.962465,0.000260414,-0.000669194,1.86603e-08,0.000209175,1.23239e-08,0.00276701,3.31105e-06,0.011955,4.08546e-06,0.000219592,0.00147221,2.87116e-07,0.000188158,0.000413342,0.961305,-0.00115914,0.961781,0.000355001,-0.000475245
ERF_Log_File_20250522_1401.csv,ig_zn_diff,13,p02,1,0,filled_square,2.4um_lp,ERF_OSA207_Spectra_20250522_1401.csv,1.43198e+09,2.65308,0.000319622,0.770308,0.000498591,29.0712,2.88391,2.16659e-05,0.00850449,2,0.0639751,0.000387183,2.86,0,6.35e-06,0.000289,8.31e-05,7.51e-06,0,6.93e-06,0.000329934,6.18e-05,2.89e-05,5.77e-06,2.54e-05,9.24e-06,6.26769e-05,4.04e-05,0.958984,0.000190563,95.5913,0.0173385,-0.000698226,3.55655e-05,0.00011732,3.60205e-05,0.00528949,0.00172176,0.00587848,0.00172175,-9.55522e-05,1.00841e-05,0.0517017,0.0567473,0.000563994,1.11861,66,7,0.995065,7.24761e-05,0.96374,0.000262934,-0.000713591,1.2546e-08,0.000188,8.27997e-09,0.00413042,1.84504e-06,0.0104447,2.27656e-06,0.000225398,0.00145751,8.34648e-08,0.000190911,0.000190563,0.962594,-0.0011461,0.962273,0.00025957,0.000321453
ERF_Log_File_20251013_1601.csv,ig_zn_diff,13,p02,3,1,filled_square,2.4um_lp,ERF_OSA207_Spectra_20251013_1601.csv,1.44443e+09,3.64873,0.000372699,0.80779,0.00132358,29.1644,3.00684,2.99354e-05,0.0130503,2,0.0800906,0.000543434,3.017,0,6.35e-06,0.000289,8.31e-05,7.51e-06,0,6.93e-06,0.000344259,6.18e-05,2.89e-05,5.77e-06,2.54e-05,9.24e-06,7.18908e-05,4.04e-05,0.958169,0.000219435,135.417,0.0308267,-0.000716411,4.37001e-05,0.000158115,4.37348e-05,0.00424662,0.000531217,0.00950752,0.000531214,-8.87428e-05,3.12495e-06,0.0225759,0.100941,0.000173991,1.11864,66,7,0.994946,7.72027e-05,0.963036,0.000238129,-0.000721385,1.28205e-08,0.000177596,7.82475e-09,0.00393825,2.4394e-06,0.00971618,1.41574e-06,0.000224745,0.00136544,1.72069e-07,0.000194166,0.000219435,0.962748,-0.000288456,0.962862,0.000246991,-0.000113991
ERF_Log_File_20250520_1034.csv,ig_zn_diff,13,p02,1,0,filled_square,2.4um_lp,ERF_OSA207_Spectra_20250520_1034.csv,1.43179e+09,4.02787,0.000293502,0.805199,0.00129174,29.0595,3.04089,2.87096e-05,0.00966365,2,0.0807701,0.000506793,3.017,0,6.35e-06,0.000289,8.31e-05,7.51e-06,0,6.93e-06,0.0003483,6.18e-05,2.89e-05,5.77e-06,2.54e-05,9.24e-06,7.38689e-05,4.04e-05,0.959275,0.000193374,143.626,0.0286512,-0.000806521,3.86481e-05,0.000239713,3.87015e-05,0.00410541,0.000615442,0.0105724,0.00061544,-1.35472e-05,3.6332e-06,0.027791,0.0935398,0.000201711,1.1185,66,7,0.994912,7.86608e-05,0.964181,0.000235468,-0.000766232,9.65525e-09,0.000189311,6.32822e-09,0.00466689,1.18642e-06,0.00996368,1.4639e-06,0.000238886,0.00146306,1.78135e-07,0.000193648,0.000193374,0.963048,-0.0011329,0.963065,0.000230194,-1.75327e-05
ERF_Log_File_20250522_1423.csv,ig_zn_diff,13,p02,1,0,filled_square,2.4um_lp,ERF_OSA207_Spectra_20250522_1422.csv,1.43198e+09,2.56152,0.000100467,0.832856,0.000210484,29.0734,3.24851,3.90816e-05,0.0134141,2,0.0904882,0.000699265,3.21,0,6.35e-06,0.000289,8.31e-05,7.51e-06,0,6.93e-06,0.000371682,6.18e-05,2.89e-05,5.77e-06,2.54e-05,9.24e-06,8.59273e-05,4.04e-05,0.960282,0.000155161,178.045,0.0285987,-0.000798347,3.08239e-05,0.000220666,3.08479e-05,0.00550472,0.000371515,0.0103535,0.000371514,9.31794e-05,2.19413e-06,0.0208048,0.0936446,0.000121685,1.11864,66,7,0.994693,8.7464e-05,0.965405,0.000227441,-0.000810747,8.81284e-09,0.000214665,5.75278e-09,0.00483515,7.2982e-07,0.00999767,9.00516e-07,0.000256353,0.00148328,3.09316e-07,0.000197983,0.000155161,0.96429,-0.00111553,0.964561,0.000353781,-0.000270683
ERF_Log_File_20251013_1623.csv,ig_zn_diff,13,p02,3,1,filled_square,2.4um_lp,ERF_OSA207_Spectra_20251013_1623.csv,1.44443e+09,2.73048,0.000148805,0.862633,0.000481519,29.1713,3.387,3.51556e-05,0.0167474,2,0.104143,0.000564858,3.394,0,6.35e-06,0.000289,8.31e-05,7.51e-06,0,6.93e-06,0.000387223,6.18e-05,2.89e-05,5.77e-06,2.54e-05,9.24e-06,9.3971e-05,4.04e-05,0.95994,0.000836266,190.262,0.165677,-0.000647711,0.000134613,0.00022272,0.000134621,0.00303733,0.000546723,0.00988145,0.00054672,5.23323e-05,3.21753e-06,0.0326971,0.543128,0.000179025,1.11864,66,7,0.994538,9.35824e-05,0.965212,0.000225423,-0.000787401,7.72826e-09,0.000184885,4.69347e-09,0.00333053,9.54918e-07,0.00960712,5.54202e-07,0.000243072,0.00129377,2.89338e-07,0.000197094,0.000836266,0.964867,-0.000344762,0.965685,0.000297498,-0.000817728
ERF_Log_File_20250520_1056.csv,ig_zn_diff,13,p02,1,0,filled_square,2.4um_lp,ERF_OSA207_Spectra_20250520_1055.csv,1.4318e+09,2.45484,0.000175951,0.862139,0.000339248,29.0616,3.43709,3.22099e-05,0.0131412,2,0.106393,0.000466517,3.394,0,6.35e-06,0.000289,8.31e-05,7.51e-06,0,6.93e-06,0.000393211,6.18e-05,2.89e-05,5.77e-06,2.54e-05,9.24e-06,9.68799e-05,4.04e-05,0.961522,0.000164346,163.014,0.0275989,-0.000835498,3.276e-05,0.000255843,3.28012e-05,0.00359735,0.000497831,0.0102207,0.00049783,4.01958e-05,2.93915e-06,0.0255634,0.0902825,0.000163093,1.11861,66,7,0.99448,9.60281e-05,0.966859,0.000230682,-0.000826771,7.79392e-09,0.000251803,5.08964e-09,0.00471656,5.91927e-07,0.0103158,7.30371e-07,0.000269643,0.00150323,2.64819e-07,0.000202565,0.000164346,0.965759,-0.00109962,0.966097,0.000270316,-0.000337733
ERF_Log_File_20251013_1645.csv,ig_zn_diff,13,p02,3,1,filled_square,2.4um_lp,ERF_OSA207_Spectra_20251013_1645.csv,1.44443e+09,2.68877,0.000140878,0.876441,0.000494148,29.1761,3.47455,2.57229e-05,0.0165852,2,0.11199,0.000396236,3.483,0,6.35e-06,0.000289,8.31e-05,7.51e-06,0,6.93e-06,0.000397537,6.18e-05,2.89e-05,5.77e-06,2.54e-05,9.24e-06,9.9056e-05,4.04e-05,0.960624,0.000788492,183.073,0.150249,-0.000905946,9.19963e-05,0.000246163,9.19979e-05,0.00340021,0.000280263,0.0099636,0.000280261,4.07588e-05,1.64959e-06,0.0160288,0.507436,9.11433e-05,1.1161,66,7,0.994437,9.76724e-05,0.965998,0.000226664,-0.000803806,6.30221e-09,0.000201665,3.83112e-09,0.00334779,8.09052e-07,0.00967791,4.69546e-07,0.000251368,0.00130257,2.10715e-07,0.000198126,0.000788492,0.965639,-0.000358423,0.966405,0.000299232,-0.00076523
ERF_Log_File_20250520_1117.csv,ig_zn_diff,13,p02,1,0,filled_square,2.4um_lp,ERF_OSA207_Spectra_20250520_1117.csv,1.4318e+09,2.39196,0.000184065,0.88556,0.00287403,29.066,3.52623,2.99271e-05,0.0128469,2,0.11497,0.000436923,3.483,0,6.35e-06,0.000289,8.31e-05,7.51e-06,0,6.93e-06,0.000403517,6.18e-05,2.89e-05,5.77e-06,2.54e-05,9.24e-06,9.77788e-05,4.04e-05,0.963355,0.00017795,154.773,0.0282813,-0.0008084,3.54165e-05,0.000202509,3.54672e-05,0.00400851,0.000573852,0.00980577,0.00057385,-0.00017195,3.38754e-06,0.028023,0.0926289,0.000187945,1.11864,66,7,0.994377,0.000100377,0.968803,0.000233046,-0.000829739,7.70122e-09,0.000271508,5.0283e-09,0.0046151,5.7738e-07,0.0104957,7.12421e-07,0.000275312,0.00151108,2.43054e-07,0.000205183,0.00017795,0.967709,-0.00109338,0.966826,0.000280884,0.000882864
ERF_Log_File_20251013_1707.csv,ig_zn_diff,13,p02,3,1,filled_square,2.4um_lp,ERF_OSA207_Spectra_20251013_1706.csv,1.44443e+09,2.6162,0.000146838,0.879801,0.000237984,29.1788,3.55603,2.28966e-05,0.0157569,2,0.120909,0.00035221,3.575,0,6.35e-06,0.000289,8.31e-05,7.51e-06,0,6.93e-06,0.000406946,6.18e-05,2.89e-05,5.77e-06,2.54e-05,9.24e-06,9.46487e-05,4.04e-05,0.962687,0.000113678,174.719,0.0204138,-0.000815774,2.264e-05,0.000197369,2.26718e-05,0.00342772,0.00036296,0.00939459,0.000362958,-9.54172e-06,2.13408e-06,0.0199951,0.0668551,0.000118878,1.11864,66,7,0.994341,0.000101723,0.968166,0.00022853,-0.000819114,5.28617e-09,0.000219071,3.21117e-09,0.00338772,7.37306e-07,0.00975924,4.27906e-07,0.000259546,0.0013147,1.84703e-07,0.000199489,0.000113678,0.967794,-0.00037185,0.967068,0.000256338,0.000726441
ERF_Log_File_20250520_1139.csv,ig_zn_diff,13,p02,1,0,filled_square,2.4um_lp,ERF_OSA207_Spectra_20250520_1139.csv,1.4318e+09,4.35169,0.000208957,0.873069,0.00161092,29.0725,3.61107,3.71735e-05,0.0121622,2,0.124328,0.000499058,3.575,0,6.35e-06,0.000289,8.31e-05,7.51e-06,0,6.93e-06,0.00041309,6.18e-05,2.89e-05,5.77e-06,2.54e-05,9.24e-06,8.88667e-05,4.04e-05,0.962744,0.00023216,139.854,0.033324,-0.000881315,4.62369e-05,0.000376391,4.631e-05,0.00506074,0.000786585,0.0110378,0.000786582,0.000122014,4.64302e-06,0.0346874,0.10914,0.000257624,1.11864,66,7,0.994276,0.000104371,0.968286,0.000237412,-0.000831487,8.05809e-09,0.00029073,5.25761e-09,0.00450358,5.75821e-07,0.0106671,7.10498e-07,0.000280554,0.00151707,2.95181e-07,0.00020728,0.00023216,0.967202,-0.00108471,0.967508,0.000214667,-0.000306467
ERF_Log_File_20251013_1728.csv,ig_zn_diff,13,p02,3,1,filled_square,2.4um_lp,ERF_OSA207_Spectra_20251013_1728.csv,1.44443e+09,2.47406,0.000140008,0.880333,0.000479126,29.1848,3.63843,3.10707e-05,0.0152657,2,0.129948,0.000407853,3.669,0,6.35e-06,0.000289,8.31e-05,7.51e-06,0,6.93e-06,0.000416588,6.18e-05,2.89e-05,5.77e-06,2.54e-05,9.24e-06,8.59926e-05,4.04e-05,0.962512,0.000127262,163.036,0.0213686,-0.000827716,2.53306e-05,0.000297607,2.53599e-05,0.00340447,0.000369411,0.00936897,0.000369409,9.38062e-06,2.1721e-06,0.0189955,0.0698293,0.000121049,1.11854,66,7,0.994243,0.000105673,0.968085,0.000230876,-0.000834562,4.83308e-09,0.000237012,2.93549e-09,0.00344161,7.16005e-07,0.00985207,4.15544e-07,0.000267894,0.00132937,2.44418e-07,0.000200505,0.000127262,0.967701,-0.000384704,0.967724,0.000203142,-2.39293e-05
ERF_Log_File_20250520_1201.csv,ig_zn_diff,13,p02,1,0,filled_square,2.4um_lp,ERF_OSA207_Spectra_20250520_1200.csv,1.4318e+09,3.86051,0.000186055,0.877987,0.000968836,29.0775,3.69507,3.46364e-05,0.0126596,2,0.131378,0.000496934,3.669,0,6.35e-06,0.000289,8.31e-05,7.51e-06,0,6.93e-06,0.000423112,6.18e-05,2.89e-05,5.77e-06,2.54e-05,9.24e-06,8.00432e-05,4.04e-05,0.963887,0.000339431,122.855,0.0431873,-0.000847189,6.42563e-05,0.000292148,6.42712e-05,0.00441131,0.000442773,0.0101146,0.000442772,5.66516e-05,2.61621e-06,0.0171723,0.141462,0.000145013,1.11864,66,7,0.994175,0.000108607,0.969535,0.000244693,-0.000833047,8.76575e-09,0.000309698,5.71941e-09,0.00438445,5.79599e-07,0.0108296,7.15159e-07,0.000285686,0.00152141,2.66387e-07,0.000209833,0.000339431,0.968457,-0.00107803,0.968165,0.000200232,0.000291291
ERF_Log_File_20251013_1750.csv,ig_zn_diff,13,p02,3,1,filled_square,2.4um_lp,ERF_OSA207_Spectra_20251013_1750.csv,1.44444e+09,2.23423,0.000150263,0.878389,0.000659425,29.1905,3.73374,3.28423e-05,0.0152214,2,0.13874,0.00046947,3.767,0,6.35e-06,0.000289,8.31e-05,7.51e-06,0,6.93e-06,0.000426901,6.18e-05,2.89e-05,5.77e-06,2.54e-05,9.24e-06,7.59812e-05,4.04e-05,0.962041,0.000464469,145.984,0.0703803,-0.000901568,8.67769e-05,-3.19885e-05,8.6793e-05,0.00336205,0.000545798,0.0100367,0.000545795,2.86575e-05,3.2118e-06,0.025162,0.228155,0.000179162,1.11854,66,7,0.994127,0.000110317,0.967724,0.000235272,-0.000852202,5.10072e-09,0.000256934,3.09338e-09,0.00351042,7.36034e-07,0.00996814,4.27169e-07,0.000277284,0.00134786,2.48129e-07,0.000201756,0.000464469,0.967325,-0.000399594,0.96846,0.000205014,-0.00113519
ERF_Log_File_20251013_1834.csv,ig_zn_diff,13,p02,3,1,filled_square,2.4um_lp,ERF_OSA207_Spectra_20251013_1833.csv,1.44444e+09,2.23526,0.000159535,0.880152,0.000373583,29.1962,3.73377,2.7068e-05,0.015266,2,0.138859,0.000384644,3.767,0,6.35e-06,0.000289,8.31e-05,7.51e-06,0,6.93e-06,0.000426904,6.18e-05,2.89e-05,5.77e-06,2.54e-05,9.24e-06,7.59784e-05,4.04e-05,0.962176,0.000465099,145.982,0.0705302,-0.000920502,7.64289e-05,0.000207292,7.64339e-05,0.00306378,0.000323152,0.0104963,0.000323151,-8.09316e-06,1.90192e-06,0.0148477,0.23228,0.000105708,1.11854,66,7,0.994127,0.000110334,0.96786,0.0002353,-0.000852198,5.10205e-09,0.00025691,3.09338e-09,0.00351045,7.36046e-07,0.00996818,4.27173e-07,0.000277277,0.00134786,2.045e-07,0.000201784,0.000465099,0.967461,-0.000399655,0.96846,0.000205019,-0.000999676
ERF_Log_File_20251013_1812.csv,ig_zn_diff,13,p02,3,1,filled_square,2.4um_lp,ERF_OSA207_Spectra_20251013_1811.csv,1.44444e+09,2.23148,0.000153313,0.877176,0.000890124,29.1924,3.73389,2.82979e-05,0.0152455,2,0.138654,0.000403619,3.767,0,6.35e-06,0.000289,8.31e-05,7.51e-06,0,6.93e-06,0.000426916,6.18e-05,2.89e-05,5.77e-06,2.54e-05,9.24e-06,7.59655e-05,4.04e-05,0.962583,0.000235888,145.742,0.0356178,-0.00078482,4.57561e-05,0.000356453,4.57726e-05,0.00421612,0.000383457,0.00949875,0.000383455,3.19136e-05,2.25633e-06,0.0176186,0.116658,0.000125589,1.11864,66,7,0.994127,0.000110387,0.96827,0.000235454,-0.000852223,5.10205e-09,0.000256951,3.09499e-09,0.00351053,7.3609e-07,0.00996833,4.272e-07,0.000277294,0.00134789,2.13779e-07,0.000201872,0.000235888,0.96787,-0.000399843,0.968461,0.000205039,-0.000591366
ERF_Log_File_20250520_1222.csv,ig_zn_diff,13,p02,1,0,filled_square,2.4um_lp,ERF_OSA207_Spectra_20250520_1222.csv,1.4318e+09,3.4851,0.000202094,0.877795,0.000811139,29.0802,3.78969,4.62379e-05,0.0127609,2,0.136447,0.000686358,3.767,0,6.35e-06,0.000289,8.31e-05,7.51e-06,0,6.93e-06,0.00043344,6.18e-05,2.89e-05,5.77e-06,2.54e-05,9.24e-06,7.01039e-05,4.04e-05,0.963272,0.000290785,109.865,0.0330872,-0.000843387,5.59933e-05,0.000343446,5.60107e-05,0.00404501,0.00043916,0.0113034,0.000439158,9.76648e-06,2.59452e-06,0.0152235,0.108316,0.000143848,1.11864,66,7,0.994059,0.000113269,0.969029,0.000252093,-0.00083556,9.77429e-09,0.000330641,6.37708e-09,0.00424504,5.86926e-07,0.0109982,7.242e-07,0.00029155,0.00152433,3.39285e-07,0.000212409,0.000290785,0.967961,-0.00106834,0.968877,0.000231072,-0.000916118
ERF_Log_File_20251014_0824.csv,ig_zn_diff,13,p02,3,1,filled_square,2.4um_lp,ERF_OSA207_Spectra_20251014_0823.csv,1.44449e+09,3.82824,0.000267251,0.876066,0.00092254,29.1392,3.82758,4.89305e-05,0.0135695,2,0.147988,0.000549641,3.867,0,6.35e-06,0.000289,8.31e-05,7.51e-06,0,6.93e-06,0.000438249,6.18e-05,2.89e-05,5.77e-06,2.54e-05,9.24e-06,6.61248e-05,4.04e-05,0.963472,0.000259831,124.361,0.0332714,-0.000978589,5.16329e-05,0.000156306,5.1687e-05,0.00329157,0.000719907,0.00992724,0.000719904,0.000253756,4.23405e-06,0.028251,0.108974,0.000235783,1.11864,66,7,0.994012,0.000115218,0.969276,0.000243879,-0.00086918,5.82341e-09,0.000274356,3.53335e-09,0.00357591,7.82345e-07,0.0100876,4.54044e-07,0.000285884,0.00136635,3.51209e-07,0.000203523,0.000259831,0.968861,-0.000415182,0.969152,0.000264983,-0.000290965
ERF_Log_File_20250520_1244.csv,ig_zn_diff,13,p02,1,0,filled_square,2.4um_lp,ERF_OSA207_Spectra_20250520_1244.csv,1.4318e+09,2.99742,0.000173861,0.884436,0.00267544,29.0868,3.88082,5.40348e-05,0.0117643,2,0.143976,0.00063228,3.867,0,6.35e-06,0.000289,8.31e-05,7.51e-06,0,6.93e-06,0.000443704,6.18e-05,2.89e-05,5.77e-06,2.54e-05,9.24e-06,6.05314e-05,4.04e-05,0.964774,0.000310591,92.1866,0.0295811,-0.00076961,6.05188e-05,0.000413404,6.0545e-05,0.00463013,0.000550476,0.0108984,0.000550474,-0.000187898,3.25207e-06,0.016034,0.0969093,0.00018028,1.11864,66,7,0.993946,0.000118111,0.97065,0.000267443,-0.000839369,1.07426e-08,0.000350027,7.00999e-09,0.0041095,5.96052e-07,0.0111425,7.35461e-07,0.000297349,0.0015252,3.74819e-07,0.000215462,0.000310591,0.969589,-0.00106127,0.969528,0.000279458,6.14262e-05
ERF_Log_File_20251014_0846.csv,ig_zn_diff,13,p02,3,1,filled_square,2.4um_lp,ERF_OSA207_Spectra_20251014_0845.csv,1.44449e+09,3.19682,0.000201645,0.877562,0.000851377,29.1365,3.92409,9.69447e-05,0.0133886,2,0.152965,0.00134606,3.971,0,6.35e-06,0.000289,8.31e-05,7.51e-06,0,6.93e-06,0.000449141,6.18e-05,2.89e-05,5.77e-06,2.54e-05,9.24e-06,5.59864e-05,4.04e-05,0.964958,0.000234452,102.409,0.0246888,-0.00089719,4.6508e-05,0.000246297,4.65558e-05,0.00347773,0.000641187,0.0104529,0.000641184,6.80065e-05,3.77128e-06,0.020753,0.0808503,0.000210007,1.11864,66,7,0.993891,0.000120385,0.970889,0.000257917,-0.000886129,6.61309e-09,0.00028907,4.01842e-09,0.00363359,8.40895e-07,0.0102124,4.88023e-07,0.0002938,0.0013846,6.52315e-07,0.000205489,0.000234453,0.970458,-0.000431379,0.969823,0.000357394,0.000634494
ERF_Log_File_20250520_1306.csv,ig_zn_diff,13,p02,1,0,filled_square,2.4um_lp,ERF_OSA207_Spectra_20250520_1305.csv,1.4318e+09,2.39649,0.000167301,0.878237,0.00108746,29.0925,3.98006,5.17025e-05,0.0112957,2,0.151705,0.000747473,3.971,0,6.35e-06,0.000289,8.31e-05,7.51e-06,0,6.93e-06,0.000454977,6.18e-05,2.89e-05,5.77e-06,2.54e-05,9.24e-06,5.01075e-05,4.04e-05,0.965338,0.000379944,71.0066,0.0278503,-0.000780052,7.41475e-05,0.000257084,7.41815e-05,0.00515291,0.0006946,0.0102554,0.000694597,6.95128e-05,4.1029e-06,0.0155928,0.0912389,0.000227482,1.11864,66,7,0.993821,0.000123376,0.97134,0.000299547,-0.000845597,1.16369e-08,0.000369944,7.59371e-09,0.00396397,6.07842e-07,0.0112776,7.50007e-07,0.000303885,0.00152415,3.34799e-07,0.000218671,0.000379944,0.970288,-0.00105235,0.970193,0.000398693,9.48923e-05
ERF_Log_File_20250520_1327.csv,ig_zn_diff,13,p02,1,0,filled_square,2.4um_lp,ERF_OSA207_Spectra_20250520_1327.csv,1.43181e+09,3.7798,0.000526069,0.892347,0.00453486,29.0958,4.12286,6.06925e-05,0.0127647,2,0.108347,0.00138606,4.077,0,6.35e-06,0.000289,8.31e-05,7.51e-06,0,6.93e-06,0.000471282,6.18e-05,2.89e-05,5.77e-06,2.54e-05,9.24e-06,6.06943e-05,4.04e-05,0.965933,0.000622559,44.2855,0.0283204,-0.000914762,0.000123376,0.000582432,0.000123503,0.0020175,0.00170324,0.00999332,0.00170324,0.000199293,1.0058e-05,0.023861,0.0927876,0.000557803,1.11864,66,7,0.993639,0.000131132,0.972117,0.000399855,-0.000858827,1.24632e-08,0.000396332,8.13184e-09,0.00376372,6.26306e-07,0.0114316,7.72791e-07,0.00031379,0.00151954,3.61347e-07,0.000223446,0.000622559,0.971077,-0.00103921,0.971078,0.000365636,-6.75476e-07
ERF_Log_File_20250520_1349.csv,ig_zn_diff,13,p02,1,0,filled_square,2.4um_lp,ERF_OSA207_Spectra_20250520_1349.csv,1.43181e+09,3.82735,0.000512457,0.883401,0.00339652,29.0973,4.20131,8.57186e-05,0.0148711,2,0.156427,0.000874355,4.187,0,6.35e-06,0.000289,8.31e-05,7.51e-06,0,6.93e-06,0.000480993,6.18e-05,2.89e-05,5.77e-06,2.54e-05,9.24e-06,6.87922e-05,4.04e-05,0.966575,0.00115141,24.0829,0.0286676,-0.000771001,0.000199336,0.0007731,0.000199357,0.00389399,0.00095695,0.0140153,0.000956947,6.83372e-05,5.65483e-06,0.00729499,0.0939356,0.000313387,1.11864,66,7,0.993537,0.000135538,0.972863,0.000658148,-0.000868281,1.26763e-08,0.00040951,8.2731e-09,0.00366019,6.35767e-07,0.0114974,7.84465e-07,0.000319448,0.00151576,4.91558e-07,0.000226242,0.00115141,0.97183,-0.0010323,0.971536,0.000714009,0.000294028
ERF_Log_File_20251014_0907.csv,ig_zn_diff,13,p02,3,1,filled_square,2.4um_lp,ERF_OSA207_Spectra_20251014_0907.csv,1.44449e+09,3.95964,0.000588245,0.893083,0.00739771,29.1373,4.30324,0.000704065,0.0090023,2,0.183855,0.00220788,4.077,0,6.35e-06,0.000289,8.31e-05,7.51e-06,0,6.93e-06,0.000492424,6.18e-05,2.89e-05,5.77e-06,2.54e-05,9.24e-06,7.93132e-05,4.04e-05,0.963123,0.00115058,26.6514,0.0318195,-0.00117688,0.00019489,0.000304545,0.000194905,0.00478544,0.000878636,0.0101009,0.000878632,0.000206155,5.17069e-06,0.00738266,0.104468,0.000287616,1.11861,66,7,0.993405,0.000140745,0.969517,0.000601386,-0.000946025,7.74404e-09,0.000309961,4.70672e-09,0.00369346,1.00123e-06,0.0106794,5.81077e-07,0.000313996,0.00143729,3.8807e-06,0.000212918,0.00115059,0.969025,-0.000492353,0.972109,0.000563633,-0.00308428
ERF_Log_File_20250520_1411.csv,ig_zn_diff,13,p02,1,0,filled_square,2.4um_lp,ERF_OSA207_Spectra_20250520_1410.csv,1.43181e+09,2.76928,0.000352559,0.879067,0.00308116,29.099,4.37683,9.76281e-05,0.0142414,2,0.115392,0.00141119,4.301,0,6.35e-06,0.000289,8.31e-05,7.51e-06,0,6.93e-06,0.000500846,6.18e-05,2.89e-05,5.77e-06,2.54e-05,9.24e-06,8.69086e-05,4.04e-05,0.968103,0.000806071,33.186,0.0275875,-0.00118242,0.000150944,0.000317624,0.000150975,0.00162888,0.000997364,0.0137639,0.000997361,0.000131936,5.89295e-06,0.0104729,0.0911925,0.00032598,1.11844,66,7,0.993308,0.000145673,0.974625,0.000499664,-0.000894646,1.26398e-08,0.000435738,8.2493e-09,0.00344934,6.50691e-07,0.0116033,8.02881e-07,0.000332596,0.00150526,5.26231e-07,0.000232757,0.000806071,0.973608,-0.00101688,0.97251,0.00052446,0.00109847
ERF_Log_File_20251014_0929.csv,ig_zn_diff,13,p02,3,1,filled_square,2.4um_lp,ERF_OSA207_Spectra_20251014_0929.csv,1.44449e+09,4.30374,0.000342089,0.878099,0.00269442,29.1387,4.40935,0.000114056,0.0133346,2,0.120359,0.0011277,4.187,0,6.35e-06,0.000289,8.31e-05,7.51e-06,0,6.93e-06,0.000504615,6.18e-05,2.89e-05,5.77e-06,2.54e-05,9.24e-06,9.02662e-05,4.04e-05,0.967175,0.000364566,52.051,0.0195311,-0.000772492,7.15422e-05,0.000301915,7.1585e-05,0.00354439,0.000760672,0.012397,0.000760669,0.000147052,4.47475e-06,0.012542,0.0639699,0.000249134,1.11864,66,7,0.993265,0.000147406,0.973733,0.00035822,-0.000960823,7.57222e-09,0.000305899,4.60232e-09,0.00365766,1.00163e-06,0.0107955,5.81312e-07,0.000316681,0.00144532,6.09735e-07,0.000216376,0.000364567,0.973221,-0.000511946,0.972684,0.000495743,0.000536749
ERF_Log_File_20250520_1432.csv,ig_zn_diff,13,p02,1,0,filled_square,2.4um_lp,ERF_OSA207_Spectra_20250520_1432.csv,1.43181e+09,4.57964,0.000272068,0.86544,0.00173238,29.1023,4.45963,7.42592e-05,0.0120279,2,0.134498,0.00145422,4.418,0,6.35e-06,0.000289,8.31e-05,7.51e-06,0,6.93e-06,0.000510501,6.18e-05,2.89e-05,5.77e-06,2.54e-05,9.24e-06,9.54553e-05,4.04e-05,0.96895,0.000565962,51.5488,0.030067,-0.000883465,0.000104941,0.000292105,0.00010496,0.004112,0.000658541,0.0121318,0.000658538,5.0817e-05,3.89049e-06,0.0107724,0.0985021,0.000215672,1.11864,66,7,0.993199,0.000150599,0.975585,0.000360713,-0.000909273,1.24584e-08,0.000446655,8.13057e-09,0.00336098,6.53792e-07,0.0116369,8.06706e-07,0.000338982,0.00149979,3.92707e-07,0.00023597,0.000565962,0.974575,-0.00100971,0.972952,0.000429594,0.00162356
ERF_Log_File_20251014_0951.csv,ig_zn_diff,13,p02,3,1,filled_square,2.4um_lp,ERF_OSA207_Spectra_20251014_0950.csv,1.44449e+09,2.20878,0.000247556,0.865985,0.00259988,29.1361,4.50587,4.68385e-05,0.0125248,2,0.14413,0.000792699,4.301,0,6.35e-06,0.000289,8.31e-05,7.51e-06,0,6.93e-06,0.000515965,6.18e-05,2.89e-05,5.77e-06,2.54e-05,9.24e-06,9.87498e-05,4.04e-05,0.967827,0.000490017,64.1347,0.0324247,-0.000855417,9.11463e-05,0.000246966,9.11636e-05,0.00244166,0.000578271,0.00915373,0.000578268,-3.24342e-05,3.40273e-06,0.0117602,0.106024,0.000189463,1.11864,66,7,0.993138,0.000153133,0.974514,0.000316286,-0.000973605,7.36977e-09,0.000299474,4.4755e-09,0.00360749,9.83668e-07,0.0108939,5.70887e-07,0.00031827,0.00145014,2.45718e-07,0.000218983,0.000490017,0.973986,-0.000528276,0.973195,0.000385981,0.000790633
ERF_Log_File_20250520_1454.csv,ig_zn_diff,13,p02,1,0,filled_square,2.4um_lp,ERF_OSA207_Spectra_20250520_1453.csv,1.43181e+09,5.0776,0.000407016,0.860726,0.00238848,29.1035,4.5787,7.37851e-05,0.0119659,2,0.146757,0.00131882,4.538,0,6.35e-06,0.000289,8.31e-05,7.51e-06,0,6.93e-06,0.000523494,6.18e-05,2.89e-05,5.77e-06,2.54e-05,9.24e-06,8.79258e-05,4.04e-05,0.970629,0.000503593,55.6517,0.0288276,-0.000941583,9.40795e-05,0.00048007,9.40995e-05,0.00407591,0.000622625,0.0123398,0.000622623,-6.91404e-05,3.6789e-06,0.0110085,0.0946744,0.000203797,1.11862,66,7,0.993041,0.000157898,0.977431,0.000343871,-0.000932304,1.21316e-08,0.000460784,7.91522e-09,0.00324742,6.54346e-07,0.0116718,8.07386e-07,0.000348272,0.00149192,3.81435e-07,0.00024082,0.000503593,0.976431,-0.000999853,0.973575,0.000404077,0.00285643
ERF_Log_File_20251014_1013.csv,ig_zn_diff,13,p02,3,1,filled_square,2.4um_lp,ERF_OSA207_Spectra_20251014_1012.csv,1.44449e+09,2.30967,0.000208078,0.866831,0.000349795,29.1387,4.64108,6.77911e-05,0.0126004,2,0.154648,0.00094375,4.418,0,6.35e-06,0.000289,8.31e-05,7.51e-06,0,6.93e-06,0.000531074,6.18e-05,2.89e-05,5.77e-06,2.54e-05,9.24e-06,7.86549e-05,4.04e-05,0.967009,0.000334984,66.0726,0.0228331,-0.0010697,6.43298e-05,0.00044011,6.43499e-05,0.00302891,0.000510054,0.0111903,0.000510052,4.52607e-05,3.00105e-06,0.0106838,0.0744565,0.000167214,1.11857,66,7,0.992958,0.000161039,0.973867,0.000311125,-0.000990608,7.13979e-09,0.000287161,4.33062e-09,0.00351376,9.35329e-07,0.0110194,5.42831e-07,0.000319442,0.00145332,3.44597e-07,0.000222443,0.000334984,0.973317,-0.000550243,0.973895,0.000408445,-0.000577809
ERF_Log_File_20251014_1336.csv,ig_zn_diff,13,p02,3,1,filled_square,2.4um_lp,ERF_OSA207_Spectra_20251014_1336.csv,1.44451e+09,2.35081,0.000215886,0.8712,0.00166907,29.1352,4.64245,4.30896e-05,0.0126274,2,0.154644,0.000831246,4.418,0,6.35e-06,0.000289,8.31e-05,7.51e-06,0,6.93e-06,0.000531242,6.18e-05,2.89e-05,5.77e-06,2.54e-05,9.24e-06,7.84514e-05,4.04e-05,0.9673,0.000257903,67.2972,0.0178713,-0.00101672,5.04411e-05,0.0003753,5.04674e-05,0.00359079,0.00050489,0.0119401,0.000504887,6.95239e-05,2.97025e-06,0.0107644,0.0585322,0.000165361,1.11864,66,7,0.992956,0.00016117,0.974162,0.000308167,-0.000990801,7.13599e-09,0.000287035,4.32947e-09,0.0035127,9.34745e-07,0.0110206,5.42491e-07,0.000319459,0.00145333,2.18943e-07,0.000222548,0.000257903,0.973611,-0.000550636,0.973901,0.000408509,-0.000290138
ERF_Log_File_20251014_1314.csv,ig_zn_diff,13,p02,3,1,filled_square,2.4um_lp,ERF_OSA207_Spectra_20251014_1314.csv,1.44451e+09,2.3722,0.000548303,0.874587,0.00202633,29.1302,4.64388,4.32597e-05,0.0125638,2,0.15489,0.000743742,4.418,0,6.35e-06,0.000289,8.31e-05,7.51e-06,0,6.93e-06,0.000531418,6.18e-05,2.89e-05,5.77e-06,2.54e-05,9.24e-06,7.82379e-05,4.04e-05,0.967435,0.000218659,67.8865,0.0152259,-0.000976498,4.32596e-05,0.000151004,4.33034e-05,0.00446488,0.000592963,0.0107392,0.00059296,8.85481e-05,3.48722e-06,0.0127547,0.0498671,0.000194207,1.11864,66,7,0.992954,0.000161279,0.9743,0.000306792,-0.000990976,7.13124e-09,0.00028684,4.33004e-09,0.00351158,9.34133e-07,0.0110218,5.42136e-07,0.000319454,0.00145334,2.19713e-07,0.000222619,0.000218659,0.973749,-0.00055095,0.973909,0.000408575,-0.000159798
ERF_Log_File_20250520_1523.csv,ig_zn_diff,13,p02,1,0,filled_square,3.6um_lp,ERF_OSA207_Spectra_20250520_1522.csv,1.43181e+09,5.35299,0.000281361,0.870005,0.00335587,29.1073,4.71762,4.83137e-05,0.0123871,2,0.154185,0.000976918,4.663,0,6.35e-06,0.000289,8.31e-05,7.51e-06,0,6.93e-06,0.000539281,6.18e-05,2.89e-05,5.77e-06,2.54e-05,9.24e-06,6.72792e-05,4.04e-05,0.968961,0.000219722,57.6008,0.0129686,-0.000928015,4.3368e-05,0.000451992,4.34088e-05,0.00275689,0.000572828,0.0125975,0.000572826,5.27993e-05,3.38238e-06,0.0104732,0.0424378,0.000187648,1.11863,66,7,0.992855,0.000166004,0.975934,0.000336537,-0.000961583,1.18268e-08,0.00047528,7.71601e-09,0.00313578,6.52731e-07,0.0116983,8.05398e-07,0.000359216,0.00148341,2.39324e-07,0.000245724,0.000219722,0.974949,-0.00098463,0.974279,0.000408147,0.000670614
ERF_Log_File_20251014_1358.csv,ig_zn_diff,13,p02,3,1,filled_square,2.4um_lp,ERF_OSA207_Spectra_20251014_1357.csv,1.44451e+09,2.36803,0.000198837,0.868729,0.00252237,29.1396,4.78443,5.26713e-05,0.0127636,2,0.160162,0.000834364,4.538,0,6.35e-06,0.000289,8.31e-05,7.51e-06,0,6.93e-06,0.000547655,6.18e-05,2.89e-05,5.77e-06,2.54e-05,9.24e-06,5.73491e-05,4.04e-05,0.96766,0.000283621,66.4627,0.0193753,-0.000984951,5.58284e-05,0.000358146,5.5868e-05,0.00466964,0.000644426,0.0116035,0.000644423,-7.85627e-07,3.79045e-06,0.0135759,0.0634197,0.00021109,1.11863,66,7,0.992765,0.000169873,0.974712,0.000310252,-0.00100796,7.07778e-09,0.000271614,4.29247e-09,0.00339231,8.71173e-07,0.0111365,5.056e-07,0.000319893,0.00145288,2.53924e-07,0.0002267,0.000283621,0.974138,-0.000574421,0.974605,0.000348313,-0.000467794
ERF_Log_File_20250520_1544.csv,ig_zn_diff,13,p02,1,0,filled_square,3.6um_lp,ERF_OSA207_Spectra_20250520_1544.csv,1.43181e+09,2.19134,0.000178388,0.862049,0.00201629,29.1102,4.8543,5.11699e-05,0.012401,2,0.16124,0.00117443,4.792,0,6.35e-06,0.000289,8.31e-05,7.51e-06,0,6.93e-06,0.000555258,6.18e-05,2.89e-05,5.77e-06,2.54e-05,9.24e-06,4.69636e-05,4.04e-05,0.968716,0.000422681,57.5969,0.0250887,-0.00104991,7.94371e-05,0.000589988,7.94547e-05,0.00181542,0.00053918,0.011209,0.000539178,3.40403e-05,3.1854e-06,0.00985559,0.0820707,0.000176639,1.11863,66,7,0.992671,0.00017439,0.975868,0.000336516,-0.000992183,1.18165e-08,0.000487656,7.70864e-09,0.00304826,6.55658e-07,0.0117165,8.09007e-07,0.00036996,0.00147648,2.38691e-07,0.000251033,0.000422681,0.974897,-0.000971118,0.974937,0.000370036,-3.98751e-05
ERF_Log_File_20251010_1258.csv,ig_zn_diff,13,p02,3,1,filled_square,3.6um_lp,ERF_OSA207_Spectra_20251010_1258.csv,1.44416e+09,2.3436,0.000154768,0.859728,0.00042148,29.3747,4.92082,4.4679e-05,0.0125329,2,0.166484,0.000874708,4.663,0,6.35e-06,0.000289,8.31e-05,7.51e-06,0,6.93e-06,0.000562548,6.18e-05,2.89e-05,5.77e-06,2.54e-05,9.24e-06,3.70777e-05,4.04e-05,0.966461,0.000358605,64.2473,0.0238024,-0.00104482,6.70707e-05,0.000190961,6.70839e-05,0.00296369,0.000435537,0.0110442,0.000435535,3.69781e-05,2.56344e-06,0.0088574,0.0779527,0.000142648,1.11864,66,7,0.992581,0.000178141,0.973685,0.000315781,-0.00102409,7.24353e-09,0.000256195,4.39516e-09,0.00326441,8.24477e-07,0.011233,4.78494e-07,0.000320071,0.00144974,2.01091e-07,0.000230536,0.000358605,0.973088,-0.000596339,0.975242,0.000368554,-0.00215339
ERF_Log_File_20250520_1606.csv,ig_zn_diff,13,p02,1,0,filled_square,3.6um_lp,ERF_OSA207_Spectra_20250520_1606.csv,1.43181e+09,5.18891,0.000292685,0.856707,0.0018189,29.1152,5.00748,5.6863e-05,0.0126709,2,0.171803,0.00112191,4.925,0,6.35e-06,0.000289,8.31e-05,7.51e-06,0,6.93e-06,0.000572645,6.18e-05,2.89e-05,5.77e-06,2.54e-05,9.24e-06,2.56697e-05,4.04e-05,0.968182,0.000310314,53.3231,0.0170023,-0.0010083,6.10032e-05,0.000464928,6.10446e-05,0.00189398,0.000690524,0.01027,0.000690521,7.31996e-05,4.07852e-06,0.0116767,0.055667,0.000226177,1.11864,66,7,0.992463,0.000183945,0.975535,0.000352847,-0.00102777,1.23238e-08,0.000499806,8.03972e-09,0.00297634,6.74433e-07,0.0117352,8.32172e-07,0.000381895,0.00147116,2.42659e-07,0.000257059,0.000310314,0.974579,-0.000955763,0.975622,0.000409089,-0.00104306
ERF_Log_File_20251010_1320.csv,ig_zn_diff,13,p02,3,1,filled_square,3.6um_lp,ERF_OSA207_Spectra_20251010_1320.csv,1.44416e+09,2.19135,0.00018995,0.856945,0.000422291,29.3581,5.0691,5.19501e-05,0.0123854,2,0.175629,0.000949766,4.792,0,6.35e-06,0.000289,8.31e-05,7.51e-06,0,6.93e-06,0.000579791,6.18e-05,2.89e-05,5.77e-06,2.54e-05,9.24e-06,2.86398e-05,4.04e-05,0.969092,0.00087181,58.139,0.052289,-0.000974949,0.000124271,0.000173397,0.000124275,0.00394635,0.000437709,0.0117849,0.000437707,-6.94302e-06,2.57617e-06,0.00805694,0.173165,0.000143001,1.1183,66,7,0.992379,0.000188065,0.976534,0.000334693,-0.00104184,7.65507e-09,0.00024057,4.64651e-09,0.00312148,8.25494e-07,0.0113226,4.79085e-07,0.000320603,0.00144441,2.12434e-07,0.000235873,0.00087181,0.975912,-0.000622621,0.975879,0.000509172,3.21252e-05
ERF_Log_File_20250521_0828.csv,ig_zn_diff,13,p02,1,0,filled_square,3.6um_lp,ERF_OSA207_Spectra_20250521_0828.csv,1.43187e+09,5.15507,0.00024032,0.865133,0.00962073,29.0963,5.17885,5.61444e-05,0.0135473,2,0.18195,0.00117128,5.063,0,6.35e-06,0.000289,8.31e-05,7.51e-06,0,6.93e-06,0.000592891,6.18e-05,2.89e-05,5.77e-06,2.54e-05,9.24e-06,3.39292e-05,4.04e-05,0.969276,0.000683578,51.6173,0.0363603,-0.00135188,0.000124712,0.000145593,0.000124729,0.00478846,0.000724013,0.0114823,0.000724011,0.000306013,4.27751e-06,0.0117875,0.122478,0.000235604,1.1174,66,7,0.992229,0.00019522,0.976867,0.000360444,-0.00106844,1.36332e-08,0.000511528,8.89264e-09,0.00292758,7.24704e-07,0.0117624,8.94202e-07,0.000394991,0.001469,2.10507e-07,0.000264419,0.000683578,0.975927,-0.0009403,0.97631,0.000621627,-0.000382871
ERF_Log_File_20251010_1342.csv,ig_zn_diff,13,p02,3,1,filled_square,3.6um_lp,ERF_OSA207_Spectra_20251010_1341.csv,1.44416e+09,5.17652,0.000337773,0.852809,0.00243181,29.3459,5.24836,4.99466e-05,0.0115134,2,0.185614,0.00093951,4.925,0,6.35e-06,0.000289,8.31e-05,7.51e-06,0,6.93e-06,0.000600108,6.18e-05,2.89e-05,5.77e-06,2.54e-05,9.24e-06,3.72792e-05,4.04e-05,0.971238,0.000784232,53.3394,0.043046,-0.00114596,0.00012941,0.000460258,0.000129419,0.00146522,0.000561735,0.0102993,0.000561733,4.21104e-05,3.30618e-06,0.00952769,0.141209,0.000183914,1.11863,66,7,0.992134,0.000200189,0.978938,0.000353185,-0.00106432,8.43409e-09,0.000225483,5.12493e-09,0.00295667,9.3007e-07,0.0114123,5.39782e-07,0.000322451,0.0014369,1.75867e-07,0.000242386,0.000784232,0.978284,-0.000653832,0.976563,0.000630303,0.00172195
ERF_Log_File_20250521_0850.csv,ig_zn_diff,13,p02,1,0,filled_square,3.6um_lp,ERF_OSA207_Spectra_20250521_0849.csv,1.43187e+09,4.91281,0.000281334,0.834343,0.00169526,29.0983,5.31506,5.38986e-05,0.0139954,2,0.188833,0.00114486,5.206,0,6.35e-06,0.000289,8.31e-05,7.51e-06,0,6.93e-06,0.00060812,6.18e-05,2.89e-05,5.77e-06,2.54e-05,9.24e-06,4.04941e-05,4.04e-05,0.969396,0.000382465,48.0857,0.0188697,-0.00124831,7.51494e-05,0.000736875,7.52022e-05,0.00333814,0.000866845,0.012449,0.000866841,0.00010988,5.11884e-06,0.0132628,0.0611954,0.000284524,1.11828,66,7,0.992042,0.000204229,0.977172,0.000377877,-0.00110097,1.51763e-08,0.000519804,9.90056e-09,0.00291133,7.87814e-07,0.0117935,9.72075e-07,0.000405194,0.00147048,1.77524e-07,0.000270181,0.000382465,0.976245,-0.000927316,0.97679,0.000725009,-0.000544838
ERF_Log_File_20251010_1148.csv,ig_zn_diff,13,p02,3,1,filled_square,3.6um_lp,ERF_OSA207_Spectra_20251010_1148.csv,1.44415e+09,5.15998,0.000302885,0.855689,0.00154639,29.4361,5.35766,5.76032e-05,0.0117992,2,0.190156,0.000928055,5,0,6.35e-06,0.000289,8.31e-05,7.51e-06,0,6.93e-06,0.000612607,6.18e-05,2.89e-05,5.77e-06,2.54e-05,9.24e-06,4.25472e-05,4.04e-05,0.969087,0.000805325,52.4661,0.0435511,-0.00118949,0.000146358,0.000292257,0.000146378,0.00246532,0.000834922,0.0119729,0.000834918,9.65345e-05,4.91365e-06,0.0138996,0.142821,0.000273376,1.11863,66,7,0.991984,0.000207007,0.976918,0.00035664,-0.00107897,9.07256e-09,0.000219239,5.51421e-09,0.00286629,1.04348e-06,0.0114588,6.05598e-07,0.000324551,0.00143251,1.81134e-07,0.000245633,0.000805325,0.976247,-0.000670499,0.976927,0.000817457,-0.000679528
ERF_Log_File_20251010_1210.csv,ig_zn_diff,13,p02,3,1,filled_square,3.6um_lp,ERF_OSA207_Spectra_20251010_1210.csv,1.44416e+09,5.14335,0.000279713,0.848699,0.00192103,29.4143,5.35865,5.85302e-05,0.0117821,2,0.190845,0.000971536,5,0,6.35e-06,0.000289,8.31e-05,7.51e-06,0,6.93e-06,0.000612712,6.18e-05,2.89e-05,5.77e-06,2.54e-05,9.24e-06,4.25949e-05,4.04e-05,0.969989,0.000392658,52.2325,0.0211198,-0.00112035,7.14458e-05,0.000440567,7.14562e-05,0.00315652,0.000411324,0.0120145,0.000411322,1.91017e-05,2.42086e-06,0.00682537,0.069173,0.000134716,1.11864,66,7,0.991983,0.000207266,0.977828,0.000357784,-0.0010791,9.08078e-09,0.000219182,5.51737e-09,0.00286552,1.04464e-06,0.0114592,6.0627e-07,0.00032457,0.00143247,1.83844e-07,0.000245896,0.000392658,0.977157,-0.000671287,0.97693,0.000818809,0.000226847
ERF_Log_File_20251010_1237.csv,ig_zn_diff,13,p02,3,1,filled_square,3.6um_lp,ERF_OSA207_Spectra_20251010_1236.csv,1.44416e+09,5.15638,0.00029968,0.85264,0.00258723,29.3927,5.35895,5.49986e-05,0.0118242,2,0.190755,0.000915083,5,0,6.35e-06,0.000289,8.31e-05,7.51e-06,0,6.93e-06,0.000612743,6.18e-05,2.89e-05,5.77e-06,2.54e-05,9.24e-06,4.26094e-05,4.04e-05,0.968472,0.000610019,52.4542,0.0330073,-0.000958751,0.000109443,0.000182263,0.000109457,0.00235319,0.000591699,0.0104041,0.000591696,7.64857e-05,3.48255e-06,0.00984018,0.10833,0.000193703,1.11862,66,7,0.991982,0.000206962,0.9763,0.000356611,-0.00107913,9.08302e-09,0.000219144,5.51918e-09,0.00286528,1.04499e-06,0.0114593,6.06473e-07,0.000324568,0.00143246,1.72693e-07,0.000245522,0.000610019,0.97563,-0.000670287,0.976931,0.000819219,-0.00130137
ERF_Log_File_20251010_1403.csv,ig_zn_diff,13,p02,3,1,filled_square,3.6um_lp,ERF_OSA207_Spectra_20251010_1403.csv,1.44416e+09,4.96386,0.000304884,0.842492,0.00306945,29.3334,5.41121,8.22875e-05,0.0118645,2,0.195267,0.000995015,5.063,0,6.35e-06,0.000289,8.31e-05,7.51e-06,0,6.93e-06,0.000619373,6.18e-05,2.89e-05,5.77e-06,2.54e-05,9.24e-06,4.5128e-05,4.04e-05,0.971056,0.000438482,50.0818,0.0225509,-0.00110818,8.4425e-05,0.000214064,8.44558e-05,0.00276652,0.000718128,0.010927,0.000718125,-7.98957e-05,4.22501e-06,0.0114387,0.0738465,0.000235208,1.11864,66,7,0.99191,0.000211031,0.978976,0.000367893,-0.00108645,9.43751e-09,0.000217041,5.73485e-09,0.00282584,1.10872e-06,0.0114797,6.43462e-07,0.000325874,0.00143055,2.43001e-07,0.000248026,0.000438482,0.978295,-0.000680743,0.97709,0.000859345,0.00120488
ERF_Log_File_20250521_0912.csv,ig_zn_diff,13,p02,1,0,filled_square,3.6um_lp,ERF_OSA207_Spectra_20250521_0911.csv,1.43188e+09,4.67613,0.000244491,0.820268,0.00196973,29.0967,5.45742,7.09325e-05,0.0140883,2,0.194511,0.00131649,5.355,0,6.35e-06,0.000289,8.31e-05,7.51e-06,0,6.93e-06,0.00062435,6.18e-05,2.89e-05,5.77e-06,2.54e-05,9.24e-06,4.7355e-05,4.04e-05,0.968989,0.000967658,45.0724,0.0449813,-0.00122115,0.000164827,0.000319887,0.00016484,0.00331791,0.00076379,0.0107114,0.000763788,0.000148017,4.51207e-06,0.010878,0.150172,0.000249069,1.1179,66,7,0.991846,0.000213705,0.976955,0.00039522,-0.0011349,1.7161e-08,0.000527566,1.11938e-08,0.00291388,8.71e-07,0.011838,1.07471e-06,0.000415616,0.00147519,1.97519e-07,0.000276145,0.000967658,0.976042,-0.000913293,0.977223,0.000876492,-0.00118107
ERF_Log_File_20250521_0933.csv,ig_zn_diff,13,p02,1,0,filled_square,3.6um_lp,ERF_OSA207_Spectra_20250521_0933.csv,1.43188e+09,4.50679,0.00018077,0.810046,0.00421307,29.0977,5.5041,7.32712e-05,0.0154712,2,0.195224,0.00147061,5.406,0,6.35e-06,0.000289,8.31e-05,7.51e-06,0,6.93e-06,0.000629413,6.18e-05,2.89e-05,5.77e-06,2.54e-05,9.24e-06,4.96052e-05,4.04e-05,0.971097,0.000462155,43.2103,0.0204774,-0.000909872,9.0168e-05,0.000511657,9.02182e-05,0.00251798,0.00092656,0.00965619,0.000926557,6.47445e-05,5.47194e-06,0.0127341,0.0670608,0.000303473,1.11864,66,7,0.991782,0.00021735,0.979144,0.000407613,-0.00114598,1.78726e-08,0.000529947,1.16578e-08,0.00291873,9.00913e-07,0.0118557,1.11162e-06,0.000418981,0.00147744,1.91357e-07,0.000278761,0.000462155,0.978233,-0.000910812,0.977349,0.000849394,0.000883964
ERF_Log_File_20251010_1425.csv,ig_zn_diff,13,p02,3,1,filled_square,3.6um_lp,ERF_OSA207_Spectra_20251010_1425.csv,1.44416e+09,4.6172,0.000256519,0.847202,0.00942881,29.3181,5.5335,0.000136053,0.0122864,2,0.198617,0.00116245,5.206,0,6.35e-06,0.000289,8.31e-05,7.51e-06,0,6.93e-06,0.000632614,6.18e-05,2.89e-05,5.77e-06,2.54e-05,9.24e-06,5.10217e-05,4.04e-05,0.969261,0.000526543,46.3976,0.0250932,-0.00134435,0.000103059,0.00021251,0.000103118,0.003733,0.00108507,0.012537,0.00108506,0.000365287,6.38343e-06,0.0159817,0.0821918,0.000355376,1.11864,66,7,0.991741,0.000218945,0.977333,0.000387283,-0.00110445,1.03898e-08,0.000214704,6.31434e-09,0.00274467,1.27249e-06,0.0115238,7.38508e-07,0.000329789,0.00142684,3.40312e-07,0.000251969,0.000526543,0.976633,-0.000699698,0.977424,0.000837685,-0.000790898
ERF_Log_File_20250521_0955.csv,ig_zn_diff,13,p02,1,0,filled_square,3.6um_lp,ERF_OSA207_Spectra_20250521_0955.csv,1.43188e+09,3.95946,0.000212655,0.797331,0.00457114,29.0996,5.60038,7.53608e-05,0.0160594,2,0.203407,0.00143388,5.51,0,6.35e-06,0.000289,8.31e-05,7.51e-06,0,6.93e-06,0.000641067,6.18e-05,2.89e-05,5.77e-06,2.54e-05,9.24e-06,5.42454e-05,4.04e-05,0.966708,0.000760797,38.0338,0.0298339,-0.00125142,0.000148011,0.000517801,0.000148074,0.00401251,0.00135405,0.0127658,0.00135404,-0.000130069,7.99695e-06,0.0163064,0.0976882,0.000443499,1.11864,66,7,0.991649,0.000222953,0.974849,0.000448075,-0.00116877,1.94136e-08,0.000534683,1.2663e-08,0.00293447,9.64943e-07,0.011897,1.19063e-06,0.000425863,0.00148314,1.69323e-07,0.000281666,0.000760797,0.973951,-0.000897542,0.977583,0.00100886,-0.00363138
ERF_Log_File_20251010_1447.csv,ig_zn_diff,13,p02,3,1,filled_square,3.6um_lp,ERF_OSA207_Spectra_20251010_1446.csv,1.44416e+09,3.73137,0.0003154,0.801105,0.0113137,29.3056,5.66648,5.74608e-05,0.0134506,2,0.211122,0.00114077,5.355,0,6.35e-06,0.000289,8.31e-05,7.51e-06,0,6.93e-06,0.000648443,6.18e-05,2.89e-05,5.77e-06,2.54e-05,9.24e-06,5.74309e-05,4.04e-05,0.974943,0.000322344,37.3477,0.0118546,-0.00101916,6.2093e-05,1.04908e-05,6.2435e-05,0.0034727,0.00196313,0.0103354,0.00196312,5.17275e-05,1.15097e-05,0.0234114,0.0388268,0.000642961,1.11864,66,7,0.991557,0.000229455,0.983245,0.000455316,-0.00112569,1.16305e-08,0.00021632,7.06635e-09,0.00267628,1.46067e-06,0.0115678,8.4772e-07,0.000335504,0.00142441,1.14399e-07,0.000258384,0.000322344,0.982519,-0.00072585,0.977723,0.00104042,0.00479581
ERF_Log_File_20251010_1508.csv,ig_zn_diff,13,p02,3,1,filled_square,3.6um_lp,ERF_OSA207_Spectra_20251010_1508.csv,1.44417e+09,3.3742,0.000304314,0.795312,0.0166242,29.2936,5.71594,0.00013844,0.0118136,2,0.214383,0.00144045,5.406,0,6.35e-06,0.000289,8.31e-05,7.51e-06,0,6.93e-06,0.000654019,6.18e-05,2.89e-05,5.77e-06,2.54e-05,9.24e-06,5.98148e-05,4.04e-05,0.966973,0.00115771,33.9416,0.0405517,-0.00127355,0.000220722,0.000542957,0.000220783,0.00231736,0.00164212,0.00995151,0.00164211,-0.000629617,9.66344e-06,0.0176516,0.132815,0.000537814,1.11864,66,7,0.991489,0.000231019,0.975274,0.000490472,-0.00113402,1.21395e-08,0.000217947,7.37724e-09,0.00265657,1.53049e-06,0.0115836,8.88241e-07,0.000337992,0.00142401,2.48759e-07,0.000258124,0.00115771,0.974546,-0.000728033,0.977817,0.00102119,-0.00327103
ERF_Log_File_20250521_1017.csv,ig_zn_diff,13,p02,1,0,filled_square,3.6um_lp,ERF_OSA207_Spectra_20250521_1017.csv,1.43188e+09,3.10741,0.000275901,0.805151,0.00820691,29.0972,5.77481,6.20867e-05,0.0170928,2,0.221083,0.00130874,5.672,0,6.35e-06,0.000289,8.31e-05,7.51e-06,0,6.93e-06,0.000660696,6.18e-05,2.89e-05,5.77e-06,2.54e-05,9.24e-06,6.26523e-05,4.04e-05,0.967082,0.000916652,29.9278,0.0282878,-0.00116313,0.000177183,0.000753057,0.000177246,0.00462494,0.00150301,0.0131883,0.00150301,0.000570402,8.87753e-06,0.0142474,0.0926536,0.000492268,1.11864,66,7,0.991407,0.000235168,0.975464,0.000544494,-0.00120974,2.23614e-08,0.000542512,1.45856e-08,0.00298051,1.08257e-06,0.0119894,1.33577e-06,0.000438063,0.00149699,9.71101e-08,0.000289406,0.000916652,0.974583,-0.000881375,0.977915,0.00107237,-0.00333269
ERF_Log_File_20251010_1530.csv,ig_zn_diff,13,p02,3,1,filled_square,3.6um_lp,ERF_OSA207_Spectra_20251010_1530.csv,1.44417e+09,3.00093,0.000614646,0.86255,0.0266693,29.2784,5.82619,0.000180728,0.0132655,2,0.227062,0.00162847,5.51,0,6.35e-06,0.000289,8.31e-05,7.51e-06,0,6.93e-06,0.000666581,6.18e-05,2.89e-05,5.77e-06,2.54e-05,9.24e-06,6.51282e-05,4.04e-05,0.961121,0.00109029,30.759,0.0347211,-0.00120816,0.000215724,9.5669e-05,0.000215862,0.0057047,0.00238493,0.0113412,0.00238492,0.00166862,1.40311e-05,0.0230914,0.113746,0.000781108,1.11864,66,7,0.991335,0.000237315,0.969522,0.00053153,-0.00115362,1.33604e-08,0.000223949,8.11798e-09,0.00262428,1.68168e-06,0.0116185,9.75987e-07,0.000344393,0.00142428,2.48587e-07,0.000260723,0.00109029,0.96878,-0.000741579,0.977991,0.0010822,-0.00921057
ERF_Log_File_20250521_1039.csv,ig_zn_diff,13,p02,1,0,filled_square,3.6um_lp,ERF_OSA207_Spectra_20250521_1039.csv,1.43188e+09,5.45261,0.000327366,0.751025,0.00925547,29.099,6.00491,7.31692e-05,0.0166932,2,0.245949,0.00150458,5.841,0,6.35e-06,0.000289,8.31e-05,7.51e-06,0,6.93e-06,0.000687156,6.18e-05,2.89e-05,5.77e-06,2.54e-05,9.24e-06,7.35459e-05,4.04e-05,0.973956,0.00129765,25.2534,0.0335679,-0.000748731,0.000247008,0.000438108,0.000247085,-0.000257826,0.00192853,0.0152704,0.00192852,-0.000135812,1.13926e-05,0.0155332,0.110009,0.00063154,1.11864,66,7,0.991086,0.000253322,0.982716,0.000631445,-0.00126316,2.62963e-08,0.000551603,1.71492e-08,0.00306843,1.2244e-06,0.0121457,1.51077e-06,0.000453692,0.00152142,6.40004e-08,0.000301741,0.00129765,0.98185,-0.000865854,0.978189,0.00180749,0.00366154
ERF_Log_File_20251010_1618.csv,ig_zn_diff,13,p02,3,1,filled_square,3.6um_lp,ERF_OSA207_Spectra_20251010_1618.csv,1.44417e+09,5.18052,0.000505226,0.774215,0.0190576,29.2616,6.03301,0.000112796,0.01294,2,0.243755,0.00132278,5.672,0,6.35e-06,0.000289,8.31e-05,7.51e-06,0,6.93e-06,0.000689821,6.18e-05,2.89e-05,5.77e-06,2.54e-05,9.24e-06,7.37782e-05,4.04e-05,0.961617,0.0014945,25.3379,0.0391838,-0.00190001,0.000295536,-0.000143856,0.000295721,-0.00121024,0.00327726,0.0115492,0.00327724,-0.000908311,1.92838e-05,0.0261527,0.12833,0.00107334,1.11864,66,7,0.991047,0.000252129,0.970304,0.000628664,-0.00119401,1.58354e-08,0.000242717,9.62315e-09,0.00260774,1.93485e-06,0.0116873,1.12292e-06,0.000359182,0.00142951,9.20638e-08,0.000268857,0.0014945,0.969529,-0.000775513,0.978212,0.00189025,-0.00868366
ERF_Log_File_20251010_1640.csv,ig_zn_diff,13,p02,3,1,filled_square,3.6um_lp,ERF_OSA207_Spectra_20251010_1639.csv,1.44417e+09,3.44267,0.000263448,0.796196,0.0200017,29.2511,6.23341,8.28543e-05,0.0115175,2,0.207326,0.00161616,5.841,0,6.35e-06,0.000289,8.31e-05,7.51e-06,0,6.93e-06,0.000712752,6.18e-05,2.89e-05,5.77e-06,2.54e-05,9.24e-06,7.54346e-05,4.04e-05,0.968075,0.00090878,31.9399,0.02975,-0.00142551,0.000179713,-0.000191327,0.000179895,0.0035765,0.00248108,0.0125976,0.00248107,0.000910894,1.4594e-05,0.0251254,0.0974504,0.000812598,1.11864,66,7,0.990767,0.000268461,0.977097,0.000515668,-0.00123756,1.82435e-08,0.000269286,1.1087e-08,0.00264458,2.12607e-06,0.0117654,1.2339e-06,0.000376712,0.001441,4.47075e-08,0.000278679,0.00090878,0.976283,-0.000813261,0.978344,0.00350633,-0.0020609
ERF_Log_File_20250521_1101.csv,ig_zn_diff,13,p02,1,0,filled_square,3.6um_lp,ERF_OSA207_Spectra_20250521_1100.csv,1.43188e+09,4.64128,0.000392436,0.776421,0.00629301,29.0987,6.4451,0.000243707,0.0140925,2,0.299222,0.00154072,6.257,0,6.35e-06,0.000289,8.31e-05,7.51e-06,0,6.93e-06,0.000737401,6.18e-05,2.89e-05,5.77e-06,2.54e-05,9.24e-06,7.71844e-05,4.04e-05,0.966048,0.00152623,21.2614,0.0335078,-0.00137958,0.000293605,0.000316183,0.000293697,0.00443201,0.002345,0.0130573,0.002345,-0.000331723,1.38517e-05,0.0157746,0.109757,0.000768007,1.11864,66,7,0.990471,0.000283646,0.975342,0.000736821,-0.00136322,3.27947e-08,0.00056468,2.13846e-08,0.00328057,1.39892e-06,0.01254,1.72611e-06,0.000481976,0.00158206,1.17278e-07,0.000319119,0.00152623,0.974524,-0.000818003,0.978448,0.00295588,-0.00392434
ERF_Log_File_20251010_1702.csv,ig_zn_diff,13,p02,3,1,filled_square,3.6um_lp,ERF_OSA207_Spectra_20251010_1701.csv,1.44417e+09,5.17625,0.000489261,0.738206,0.0229384,29.2487,6.76196,0.000163902,0.0111121,2,0.267075,0.00223946,6.257,0,6.35e-06,0.000289,8.31e-05,7.51e-06,0,6.93e-06,0.00077364,6.18e-05,2.89e-05,5.77e-06,2.54e-05,9.24e-06,7.98035e-05,4.04e-05,0.973152,0.000779882,23.7694,0.0183025,-0.00111103,0.000150603,0.000874631,0.000151422,0.000337894,0.00471126,0.0105512,0.00471124,-0.00144079,2.76309e-05,0.0356918,0.0599398,0.00154298,1.11864,66,7,0.990026,0.000310061,0.982956,0.000666391,-0.00136897,2.28343e-08,0.000364302,1.38826e-08,0.0029375,2.32825e-06,0.0120805,1.35123e-06,0.000433317,0.0015018,1.23251e-07,0.000302189,0.000779882,0.982053,-0.000902803,0.978634,0.00176274,0.00341952
ERF_Log_File_20250521_1122.csv,ig_zn_diff,13,p02,1,0,filled_square,3.6um_lp,ERF_OSA207_Spectra_20250521_1122.csv,1.43188e+09,3.80105,0.000254224,0.835143,0.00516843,29.0969,7.05128,0.000105579,0.00956463,2,0.307701,0.00193056,6.728,0,6.35e-06,0.000289,8.31e-05,7.51e-06,0,6.93e-06,0.000806324,6.18e-05,2.89e-05,5.77e-06,2.54e-05,9.24e-06,8.06568e-05,4.04e-05,0.970443,0.000720079,32.1835,0.0238225,-0.0014791,0.000137845,0.00068546,0.000137887,0.0033658,0.0010965,0.0169344,0.00109649,0.000256291,6.47693e-06,0.0111992,0.0785546,0.000358581,1.11852,66,7,0.989618,0.000331926,0.980624,0.000512649,-0.00149203,3.71709e-08,0.000571311,2.42404e-08,0.00353073,1.39672e-06,0.013214,1.72339e-06,0.000515836,0.00167447,1.36124e-07,0.000348415,0.000720079,0.979857,-0.000766447,0.978923,0.00203928,0.000934157
ERF_Log_File_20251010_1723.csv,ig_zn_diff,13,p02,3,1,filled_square,3.6um_lp,ERF_OSA207_Spectra_20251010_1723.csv,1.44417e+09,4.10582,0.000301592,0.834785,0.00414291,29.242,7.3903,0.000157663,0.00747342,2,0.33216,0.00229178,6.728,0,6.35e-06,0.000289,8.31e-05,7.51e-06,0,6.93e-06,0.000845012,6.18e-05,2.89e-05,5.77e-06,2.54e-05,9.24e-06,7.32913e-05,4.04e-05,0.968514,0.000830051,35.5216,0.0304091,-0.00126223,0.000150979,0.000420721,0.000151,0.00340197,0.000862154,0.0155535,0.00086215,0.000228123,5.07418e-06,0.00968571,0.100914,0.000281536,1.11826,66,7,0.98914,0.000358514,0.979148,0.00047299,-0.00153373,2.2943e-08,0.000479679,1.3942e-08,0.00341777,2.1219e-06,0.0127695,1.23148e-06,0.000503352,0.00161873,3.43461e-07,0.00032787,0.000830051,0.97815,-0.000997362,0.979504,0.00112804,-0.00135416
ERF_Log_File_20250521_1209.csv,ig_zn_diff,13,p02,1,0,filled_square,7.3um_lp,ERF_OSA207_Spectra_20250521_1209.csv,1.43189e+09,3.24159,0.000217604,0.85426,0.00167604,29.0993,7.76691,0.000235785,0.00515184,2,0.298886,0.00256911,7.225,0,6.35e-06,0.000289,8.31e-05,7.51e-06,0,6.93e-06,0.000888403,6.18e-05,2.89e-05,5.77e-06,2.54e-05,9.24e-06,6.5109e-05,4.04e-05,0.962169,0.0100294,25.7821,0.268747,-0.00189059,0.000304624,-0.000353245,0.000304625,0.00223942,0.000770157,0.0143107,0.000770155,9.13636e-05,4.54964e-06,0.00625182,0.883696,0.000252021,1.11821,66,7,0.988609,0.000387018,0.973255,0.00061911,-0.00160781,3.64987e-08,0.000557,2.38001e-08,0.00353634,1.2267e-06,0.0140544,1.5136e-06,0.000541202,0.00175907,6.91509e-07,0.000378221,0.0100294,0.972558,-0.000697023,0.980487,0.00109756,-0.00792846
ERF_Log_File_20250522_1256.csv,ig_zn_diff,13,p02,1,0,filled_square,7.3um_lp,ERF_OSA207_Spectra_20250522_1255.csv,1.43198e+09,3.29544,0.000206322,0.854919,0.00112467,29.0665,7.77269,0.000306273,0.00521295,2,0.301731,0.00316981,7.225,0,6.35e-06,0.000289,8.31e-05,7.51e-06,0,6.93e-06,0.000888996,6.18e-05,2.89e-05,5.77e-06,2.54e-05,9.24e-06,6.49834e-05,4.04e-05,0.970691,0.00091604,25.9412,0.0244422,-0.00104152,0.000170909,0.000451878,0.000170944,0.00488875,0.00112253,0.0128482,0.00112252,2.1258e-05,6.63197e-06,0.0092603,0.0799518,0.000367751,1.11864,66,7,0.988601,0.00039093,0.981883,0.000616405,-0.00160849,3.64894e-08,0.000556793,2.3794e-08,0.00353461,1.22559e-06,0.014061,1.51224e-06,0.00054132,0.00175956,9.00335e-07,0.000381838,0.00091604,0.981181,-0.000702692,0.980504,0.00110396,0.000677042
ERF_Log_File_20251013_0917.csv,ig_zn_diff,13,p02,3,1,filled_square,7.3um_lp,ERF_OSA207_Spectra_20251013_0917.csv,1.4444e+09,3.19035,0.000485724,0.847133,0.00316539,29.1354,7.83536,0.000407812,0.00360889,2,0.341168,0.00249908,6.966,0,6.35e-06,0.000289,8.31e-05,7.51e-06,0,6.93e-06,0.000896195,6.18e-05,2.89e-05,5.77e-06,2.54e-05,9.24e-06,6.36219e-05,4.04e-05,0.969781,0.000940434,26.4473,0.0255956,-0.00126958,0.000178359,0.00046506,0.000178404,0.00234509,0.00130189,0.0123339,0.00130188,2.50607e-05,7.65967e-06,0.0109375,0.083782,0.000426447,1.11864,66,7,0.988512,0.000395818,0.981051,0.000605967,-0.00163364,2.15557e-08,0.000533414,1.30811e-08,0.00364043,1.9107e-06,0.0134977,1.1089e-06,0.000541763,0.00171381,1.22577e-06,0.000347937,0.000940435,0.979984,-0.00106738,0.98069,0.00117407,-0.000706192
ERF_Log_File_20251013_0939.csv,ig_zn_diff,13,p02,3,1,filled_square,7.3um_lp,ERF_OSA207_Spectra_20251013_0939.csv,1.44441e+09,3.55576,0.000274009,0.856315,0.00228111,29.1342,8.11405,0.000357784,0.00261466,2,0.449485,0.00258326,7.225,0,6.35e-06,0.000289,8.31e-05,7.51e-06,0,6.93e-06,0.000927852,6.18e-05,2.89e-05,5.77e-06,2.54e-05,9.24e-06,6.01887e-05,4.04e-05,0.967722,0.000838291,28.6583,0.024804,-0.00191317,0.00014831,0.000898786,0.000148323,0.0028141,0.000761698,0.0126075,0.000761694,0.000127609,4.48279e-06,0.00687241,0.0836371,0.000247805,1.11763,66,7,0.988119,0.000418551,0.979358,0.000565051,-0.00168131,2.18966e-08,0.000548793,1.32772e-08,0.0036677,1.84152e-06,0.0140464,1.06875e-06,0.000557526,0.00177141,1.12064e-06,0.000359565,0.000838292,0.97825,-0.00110744,0.981551,0.000971873,-0.00330115
ERF_Log_File_20250522_0951.csv,ig_zn_diff,13,p02,1,0,filled_square,7.3um_lp,ERF_OSA207_Spectra_20250522_0950.csv,1.43196e+09,4.15866,0.000198025,0.85612,0.001148,29.0569,8.11766,0.000291691,0.00363156,2,0.441751,0.00279063,7.57,0,6.35e-06,0.000289,8.31e-05,7.51e-06,0,6.93e-06,0.000928236,6.18e-05,2.89e-05,5.77e-06,2.54e-05,9.24e-06,6.01933e-05,4.04e-05,0.971784,0.000912871,31.2678,0.0293121,-0.0021565,0.000172977,0.000585931,0.000173016,0.0026949,0.00127379,0.0118123,0.00127379,7.45497e-05,7.52562e-06,0.0128874,0.0884615,0.000424131,1.11093,66,7,0.988114,0.000420617,0.983474,0.000525209,-0.00163828,3.65307e-08,0.000540778,2.38177e-08,0.00337571,1.18485e-06,0.0144478,1.46197e-06,0.000544764,0.00178235,9.13621e-07,0.000398188,0.000912871,0.9828,-0.000673581,0.981563,0.000964862,0.00123722
ERF_Log_File_20251013_1044.csv,ig_zn_diff,13,p02,3,1,filled_square,7.3um_lp,ERF_OSA207_Spectra_20251013_1044.csv,1.44441e+09,3.52055,0.000428771,0.853825,0.00161847,29.1372,8.31722,0.000199177,0.00359603,2,0.434887,0.00292768,7.4,0,6.35e-06,0.000289,8.31e-05,7.51e-06,0,6.93e-06,0.000951362,6.18e-05,2.89e-05,5.77e-06,2.54e-05,9.24e-06,6.04449e-05,4.04e-05,0.972594,0.0011051,28.0511,0.0318356,-0.00179291,0.000200766,0.000407739,0.000200791,0.00284018,0.00116145,0.0134293,0.00116144,5.0801e-06,6.83436e-06,0.010412,0.10272,0.00038164,1.1183,66,7,0.987832,0.000438186,0.984574,0.000575959,-0.0017067,2.31218e-08,0.000550458,1.40176e-08,0.00361856,1.83781e-06,0.0144829,1.0666e-06,0.00056429,0.00181015,6.12165e-07,0.000370463,0.0011051,0.983431,-0.00114374,0.982184,0.000877224,0.00124674
ERF_Log_File_20251013_1022.csv,ig_zn_diff,13,p02,3,1,filled_square,7.3um_lp,ERF_OSA207_Spectra_20251013_1022.csv,1.44441e+09,3.51958,0.000360336,0.858196,0.00139263,29.1391,8.31734,0.000203071,0.00363745,2,0.434669,0.00301057,7.4,0,6.35e-06,0.000289,8.31e-05,7.51e-06,0,6.93e-06,0.000951377,6.18e-05,2.89e-05,5.77e-06,2.54e-05,9.24e-06,6.0445e-05,4.04e-05,0.971027,0.0011585,28.0824,0.0334763,-0.0017759,0.000203582,0.000727907,0.0002036,0.0032734,0.00103449,0.0142436,0.00103449,6.93167e-05,6.08793e-06,0.00923722,0.109741,0.000338748,1.11864,66,7,0.987832,0.00043749,0.982988,0.000575277,-0.0017067,2.3123e-08,0.000550455,1.4018e-08,0.00361851,1.83783e-06,0.0144832,1.06661e-06,0.000564288,0.00181017,6.2412e-07,0.000369871,0.0011585,0.981846,-0.00114191,0.982184,0.000877232,-0.000338109
ERF_Log_File_20251013_1001.csv,ig_zn_diff,13,p02,3,1,filled_square,7.3um_lp,ERF_OSA207_Spectra_20251013_1000.csv,1.44441e+09,3.50803,0.000441116,0.852049,0.00174967,29.1353,8.3174,0.000207962,0.00362892,2,0.436088,0.00321382,7.4,0,6.35e-06,0.000289,8.31e-05,7.51e-06,0,6.93e-06,0.000951384,6.18e-05,2.89e-05,5.77e-06,2.54e-05,9.24e-06,6.04451e-05,4.04e-05,0.969791,0.000750451,27.9942,0.0216398,-0.0020252,0.000135446,0.000415848,0.00013546,0.0055221,0.000753131,0.0153985,0.000753128,-6.30066e-05,4.43239e-06,0.00669682,0.070863,0.000246674,1.11864,66,7,0.987832,0.000436938,0.981737,0.00057674,-0.00170671,2.3123e-08,0.000550446,1.40192e-08,0.00361848,1.83783e-06,0.0144833,1.06661e-06,0.000564288,0.00181018,6.39145e-07,0.000369403,0.000750451,0.980596,-0.00114047,0.982184,0.000877236,-0.00158807
ERF_Log_File_20250521_1231.csv,ig_zn_diff,13,p02,1,0,filled_square,7.3um_lp,ERF_OSA207_Spectra_20250521_1231.csv,1.43189e+09,3.95286,0.000214464,0.858324,0.000925693,29.0976,8.53879,0.000242863,0.0054043,2,0.439688,0.00346653,7.906,0,6.35e-06,0.000289,8.31e-05,7.51e-06,0,6.93e-06,0.000976651,6.18e-05,2.89e-05,5.77e-06,2.54e-05,9.24e-06,6.07243e-05,4.04e-05,0.972114,0.00119502,29.7233,0.0365127,-0.00166038,0.000205651,0.000535078,0.000205667,0.00273127,0.000986453,0.0136198,0.000986449,5.88735e-05,5.8256e-06,0.00933454,0.11963,0.000323057,1.11864,66,7,0.987519,0.000457311,0.9844,0.000548101,-0.00164359,3.89149e-08,0.000514596,2.53701e-08,0.00303713,1.20325e-06,0.0148972,1.48468e-06,0.000539547,0.00179344,7.01284e-07,0.000417672,0.00119502,0.983762,-0.000637908,0.982846,0.000766283,0.000915999
ERF_Log_File_20251013_1106.csv,ig_zn_diff,13,p02,3,1,filled_square,7.3um_lp,ERF_OSA207_Spectra_20251013_1106.csv,1.44441e+09,3.115,0.000407027,0.857266,0.000961148,29.1408,8.87893,0.000281645,0.00484707,2,0.480225,0.00341563,7.906,0,6.35e-06,0.000289,8.31e-05,7.51e-06,0,6.93e-06,0.00101577,6.18e-05,2.89e-05,5.77e-06,2.54e-05,9.24e-06,6.11531e-05,4.04e-05,0.973381,0.00123372,25.2061,0.0319253,-0.00167833,0.000211335,0.000226746,0.00021135,0.00296745,0.00100484,0.0129411,0.00100484,-1.66181e-05,5.91452e-06,0.00807485,0.104548,0.000329113,1.11864,66,7,0.987038,0.000488103,0.986164,0.000632451,-0.00172943,2.90963e-08,0.000515175,1.76548e-08,0.00314523,2.00019e-06,0.0157848,1.16084e-06,0.000561152,0.001893,6.75174e-07,0.000395954,0.00123372,0.984935,-0.00122839,0.983752,0.000914949,0.00118372
ERF_Log_File_20250522_1012.csv,ig_zn_diff,13,p02,1,0,filled_square,7.3um_lp,ERF_OSA207_Spectra_20250522_1012.csv,1.43197e+09,3.69082,0.000300194,0.859684,0.001059,29.056,8.93049,0.000344806,0.00609277,2,0.482088,0.00412616,8.29,0,6.35e-06,0.000289,8.31e-05,7.51e-06,0,6.93e-06,0.00102183,6.18e-05,2.89e-05,5.77e-06,2.54e-05,9.24e-06,6.12182e-05,4.04e-05,0.975362,0.00150051,27.6283,0.0424846,-0.00221209,0.000239251,0.00068771,0.000239258,0.00409089,0.000982081,0.0161288,0.000982078,3.95169e-05,5.80277e-06,0.0086562,0.139977,0.000321223,1.11855,66,7,0.986965,0.00049373,0.988244,0.000583788,-0.00161439,4.29602e-08,0.00048599,2.80078e-08,0.00260038,1.26003e-06,0.0153014,1.55474e-06,0.000525094,0.00179018,7.94566e-07,0.000437001,0.00150051,0.987637,-0.000607133,0.983873,0.000919732,0.00376385
ERF_Log_File_20250521_1253.csv,ig_zn_diff,13,p02,1,0,filled_square,7.3um_lp,ERF_OSA207_Spectra_20250521_1253.csv,1.43189e+09,3.39428,0.000188135,0.86414,0.00139797,29.0983,9.33246,0.00047497,0.00552387,2,0.560554,0.00591654,8.679,0,6.35e-06,0.000289,8.31e-05,7.51e-06,0,6.93e-06,0.00106773,6.18e-05,2.89e-05,5.77e-06,2.54e-05,9.24e-06,4.68965e-05,4.04e-05,0.974103,0.00128552,24.9289,0.0328768,-0.00149644,0.000218268,0.000709697,0.000218285,0.00211032,0.00101655,0.0171672,0.00101655,-1.15633e-05,6.00512e-06,0.00808469,0.107688,0.000332932,1.11864,66,7,0.986398,0.000529583,0.987535,0.000638735,-0.0015503,4.70702e-08,0.000455769,3.06891e-08,0.00207102,1.32833e-06,0.0157207,1.63901e-06,0.000501517,0.00177918,6.85736e-07,0.000454667,0.00128552,0.986962,-0.000573205,0.984634,0.00162685,0.00232856
ERF_Log_File_20251013_1128.csv,ig_zn_diff,13,p02,3,1,filled_square,7.3um_lp,ERF_OSA207_Spectra_20251013_1127.csv,1.44441e+09,2.7622,0.000308579,0.867083,0.00315774,29.1414,9.63675,0.000501103,0.00490693,2,0.595398,0.00598128,8.679,0,6.35e-06,0.000289,8.31e-05,7.51e-06,0,6.93e-06,0.00110249,6.18e-05,2.89e-05,5.77e-06,2.54e-05,9.24e-06,3.3708e-05,4.04e-05,0.971686,0.00195312,21.8791,0.0439654,-0.00105637,0.00028295,-1.53956e-05,0.00028296,0.00213211,0.00101604,0.0189852,0.00101604,0.00016797,5.98018e-06,0.00691364,0.157904,0.000325201,1.1088,66,7,0.985968,0.000556291,0.985515,0.000718141,-0.00164876,3.39887e-08,0.000402587,2.06348e-08,0.00176911,2.36438e-06,0.0174579,1.37221e-06,0.000512836,0.0019227,3.95805e-07,0.000429101,0.00195312,0.984179,-0.00133608,0.984964,0.00191359,-0.000785685
ERF_Log_File_20250521_1315.csv,ig_zn_diff,13,p02,1,0,filled_square,7.3um_lp,ERF_OSA207_Spectra_20250521_1315.csv,1.43189e+09,3.23538,0.00023214,0.863902,0.0014738,29.1009,9.88454,0.000785794,0.00652892,2,0.608823,0.00788433,9.178,0,6.35e-06,0.000289,8.31e-05,7.51e-06,0,6.93e-06,0.00113086,6.18e-05,2.89e-05,5.77e-06,2.54e-05,9.24e-06,2.29686e-05,4.04e-05,0.971358,0.00150155,24.0792,0.0372019,-0.00104012,0.000248485,0.000389963,0.000248503,0.00301869,0.00108516,0.0151899,0.00108516,9.73827e-05,6.40979e-06,0.00829914,0.122749,0.000354823,1.11846,66,7,0.985619,0.000579195,0.985531,0.000658579,-0.00141578,4.97892e-08,0.000421022,3.24637e-08,0.00131864,1.44683e-06,0.0163519,1.78522e-06,0.000459202,0.00176706,4.94994e-07,0.000478076,0.00150155,0.985004,-0.000527127,0.985133,0.00138125,-0.000129338
ERF_Log_File_20251013_1149.csv,ig_zn_diff,13,p02,3,1,filled_square,7.3um_lp,ERF_OSA207_Spectra_20251013_1149.csv,1.44441e+09,5.30476,0.000623446,0.86159,0.0012967,29.1404,10.1121,0.000737927,0.00580589,2,0.62819,0.00678637,9.178,0,6.35e-06,0.000289,8.31e-05,7.51e-06,0,6.93e-06,0.00116085,6.18e-05,2.89e-05,5.77e-06,2.54e-05,9.24e-06,3.00176e-05,4.04e-05,0.972383,0.00194641,21.6604,0.043343,-0.00104954,0.000293065,0.000533835,0.000293078,0.000199147,0.00110139,0.0219284,0.00110139,-2.09998e-05,6.4822e-06,0.00753365,0.147223,0.000357685,1.11659,66,7,0.985297,0.000601256,0.986893,0.000724797,-0.00154996,3.21501e-08,0.000322958,1.95109e-08,0.000627319,2.55765e-06,0.0182008,1.48437e-06,0.00046823,0.00188281,5.65003e-07,0.000450498,0.00194641,0.985489,-0.00140432,0.985287,0.000821975,0.000201828
ERF_Log_File_20250521_1337.csv,ig_zn_diff,13,p02,1,0,filled_square,7.3um_lp,ERF_OSA207_Spectra_20250521_1336.csv,1.43189e+09,3.10296,0.000262796,0.861786,0.00133599,29.1001,10.5066,0.000754134,0.00669636,2,0.722624,0.00614757,9.785,0,6.35e-06,0.000289,8.31e-05,7.51e-06,0,6.93e-06,0.00120106,6.18e-05,2.89e-05,5.77e-06,2.54e-05,9.24e-06,7.2429e-05,4.04e-05,0.971192,0.00139366,24.1846,0.0346846,-0.000698778,0.000233157,0.000401132,0.000233175,-1.67246e-05,0.00104177,0.0173285,0.00104177,-5.62073e-05,6.15378e-06,0.00798505,0.115434,0.000339964,1.11812,66,7,0.984741,0.000638122,0.986241,0.000656,-0.00123399,4.92674e-08,0.000407581,3.21238e-08,0.000660372,1.69105e-06,0.0172311,2.08657e-06,0.000410394,0.00178915,1.16067e-06,0.000505388,0.00139366,0.985763,-0.000478187,0.985721,0.000865379,4.16694e-05
ERF_Log_File_20251013_1211.csv,ig_zn_diff,13,p02,3,1,filled_square,7.3um_lp,ERF_OSA207_Spectra_20251013_1211.csv,1.44441e+09,4.81467,0.000610176,0.866441,0.0023865,29.144,10.728,0.000772494,0.0056165,2,0.762845,0.00719855,9.785,0,6.35e-06,0.000289,8.31e-05,7.51e-06,0,6.93e-06,0.00122818,6.18e-05,2.89e-05,5.77e-06,2.54e-05,9.24e-06,9.62334e-05,4.04e-05,0.971954,0.0010967,20.7914,0.0234291,-0.00146723,0.000201542,0.000383047,0.000201574,0.000335828,0.00122686,0.0162195,0.00122686,-5.31837e-05,7.21934e-06,0.00811998,0.0767405,0.000401814,1.11864,66,7,0.984429,0.00065999,0.987328,0.000752474,-0.00141189,2.69215e-08,0.000249738,1.63253e-08,-0.000840863,2.71897e-06,0.0184631,1.578e-06,0.000415408,0.0019304,1.71853e-06,0.000477361,0.0010967,0.985839,-0.00148901,0.986135,0.00084005,-0.000296177
ERF_Log_File_20251013_1255.csv,ig_zn_diff,13,p02,3,1,filled_square,7.3um_lp,ERF_OSA207_Spectra_20251013_1254.csv,1.44442e+09,4.38765,0.000556738,0.866024,0.00205087,29.1428,11.0367,0.00146139,0.00616984,2,0.789728,0.0129322,10,0,6.35e-06,0.000289,8.31e-05,7.51e-06,0,6.93e-06,0.0012634,6.18e-05,2.89e-05,5.77e-06,2.54e-05,9.24e-06,0.000124373,4.04e-05,0.972339,0.000910129,19.8798,0.0185793,-0.00119399,0.000169208,0.000366989,0.000169241,0.000212452,0.00109934,0.0184866,0.00109934,-7.26821e-05,6.46933e-06,0.00695952,0.0608624,0.000360039,1.11864,66,7,0.983995,0.000690346,0.988154,0.000784272,-0.00135957,2.6581e-08,0.000238248,1.61192e-08,-0.0014318,2.85502e-06,0.0181787,1.65696e-06,0.000399455,0.00196105,5.0117e-06,0.000490996,0.000910143,0.986623,-0.00153161,0.987001,0.000858246,-0.000377875
ERF_Log_File_20251013_1233.csv,ig_zn_diff,13,p02,3,1,filled_square,7.3um_lp,ERF_OSA207_Spectra_20251013_1233.csv,1.44442e+09,4.4004,0.000626952,0.874434,0.00334163,29.1435,11.0375,0.00108806,0.00614516,2,0.792228,0.00895461,10,0,6.35e-06,0.000289,8.31e-05,7.51e-06,0,6.93e-06,0.00126347,6.18e-05,2.89e-05,5.77e-06,2.54e-05,9.24e-06,0.000124348,4.04e-05,0.971457,0.000548477,19.9662,0.011217,-0.00150295,0.000107364,0.000209517,0.000107432,-0.00325328,0.00118919,0.0174935,0.00118918,0.000185364,6.9962e-06,0.00755445,0.0367394,0.00038948,1.11864,66,7,0.983994,0.000689802,0.987259,0.000781078,-0.00135946,2.65854e-08,0.000238243,1.61224e-08,-0.00143312,2.8556e-06,0.0181775,1.65729e-06,0.000399427,0.00196106,3.73516e-06,0.000490585,0.00054849,0.985729,-0.00153033,0.987003,0.000858324,-0.00127467
ERF_Log_File_20251013_1316.csv,ig_zn_diff,13,p02,3,1,filled_square,7.3um_lp,ERF_OSA207_Spectra_20251013_1316.csv,1.44442e+09,4.38876,0.000531563,0.869814,0.0015273,29.1459,11.0385,0.00136438,0.00617996,2,0.789521,0.0116297,10,0,6.35e-06,0.000289,8.31e-05,7.51e-06,0,6.93e-06,0.00126356,6.18e-05,2.89e-05,5.77e-06,2.54e-05,9.24e-06,0.000124319,4.04e-05,0.97207,0.00131508,19.885,0.0268577,-0.00124449,0.000245717,0.000123274,0.000245767,-0.00465611,0.00164268,0.0163753,0.00164268,-3.38953e-05,9.66663e-06,0.0103994,0.087969,0.000538002,1.11864,66,7,0.983992,0.000690332,0.987884,0.000784066,-0.00135934,2.6591e-08,0.000238217,1.6126e-08,-0.00143476,2.85633e-06,0.0181761,1.65772e-06,0.000399388,0.00196108,4.68961e-06,0.000490938,0.00131509,0.986353,-0.00153143,0.987007,0.000858421,-0.000654215
ERF_Log_File_20250522_1034.csv,ig_zn_diff,13,p02,1,0,filled_square,7.3um_lp,ERF_OSA207_Spectra_20250522_1034.csv,1.43197e+09,5.23548,0.000362997,0.870495,0.00175285,29.0605,11.1649,0.000906744,0.00662943,2,0.826724,0.00830717,10.36,0,6.35e-06,0.000289,8.31e-05,7.51e-06,0,6.93e-06,0.0012746,6.18e-05,2.89e-05,5.77e-06,2.54e-05,9.24e-06,0.000120527,4.04e-05,0.972986,0.000863147,22.315,0.0197426,-0.0012276,0.000165564,0.000244653,0.000165621,-0.00276349,0.00138074,0.0193844,0.00138074,-7.61009e-05,8.15633e-06,0.00981848,0.0646654,0.00045221,1.11864,66,7,0.983815,0.000703405,0.988993,0.000705453,-0.00107934,5.44382e-08,0.000448018,3.54949e-08,0.000534859,2.0658e-06,0.0184834,2.54897e-06,0.000381841,0.00190183,3.63042e-06,0.000534851,0.000863155,0.988564,-0.000428643,0.987477,0.000871493,0.0010875
ERF_Log_File_20250521_1359.csv,ig_zn_diff,13,p02,1,0,filled_square,7.3um_lp,ERF_OSA207_Spectra_20250521_1358.csv,1.43189e+09,3.66312,0.000373601,0.871049,0.00210236,29.1009,11.7834,0.00112258,0.00754597,2,0.91545,0.00938411,10.95,0,6.35e-06,0.000289,8.31e-05,7.51e-06,0,6.93e-06,0.00134897,6.18e-05,2.89e-05,5.77e-06,2.54e-05,9.24e-06,0.000101979,4.04e-05,0.979621,0.00154175,18.7727,0.029517,-0.00115939,0.0002723,0.000874386,0.000272335,0.00137625,0.00144971,0.0189452,0.0014497,-0.000177491,8.56357e-06,0.00872064,0.0972254,0.0004742,1.11854,66,7,0.982945,0.000770178,0.996618,0.000827587,-0.00106425,7.17589e-08,0.000564141,4.67891e-08,0.00132456,2.4435e-06,0.0200773,3.015e-06,0.000407097,0.00214018,8.15284e-06,0.00056499,0.00154177,0.996233,-0.000385086,0.990923,0.00110444,0.00531016
ERF_Log_File_20251013_1338.csv,ig_zn_diff,13,p02,3,1,filled_square,7.3um_lp,ERF_OSA207_Spectra_20251013_1338.csv,1.44442e+09,4.27442,0.000743436,0.874877,0.00203653,29.143,12.2012,0.000797529,0.00603054,2,0.964348,0.00840326,10.95,0,6.35e-06,0.000289,8.31e-05,7.51e-06,0,6.93e-06,0.00139789,6.18e-05,2.89e-05,5.77e-06,2.54e-05,9.24e-06,0.000152919,4.04e-05,0.97747,0.00165356,13.9582,0.0235869,-0.00143086,0.00029712,0.000360274,0.000297159,-0.00056555,0.00167553,0.0143024,0.00167553,3.89501e-05,9.86012e-06,0.00748722,0.0772534,0.000548767,1.11864,66,7,0.982358,0.000810947,0.995024,0.00109594,-0.00151157,9.93653e-08,0.000431657,6.02403e-08,-0.00129698,8.07512e-06,0.0135449,4.68654e-06,0.000485806,0.00148419,7.80961e-06,0.000543735,0.00165358,0.99333,-0.00169471,0.994482,0.00203066,-0.00115259
ERF_Log_File_20250521_1436.csv,ig_zn_diff,13,p02,1,0,filled_square,7.3um_lp,ERF_OSA207_Spectra_20250521_1436.csv,1.4319e+09,3.24967,0.00053177,0.877389,0.00139065,29.1012,12.7893,0.00105916,0.0076009,2,1.03528,0.00520509,12,12.8549,6.35e-06,0.000289,8.31e-05,7.51e-06,0,6.93e-06,0.00146631,6.18e-05,2.89e-05,5.77e-06,2.54e-05,9.24e-06,0.000320788,4.04e-05,0.981788,0.00249073,13.4178,0.0340194,-0.0018188,0.00041456,0.00109259,0.000414589,0.00954641,0.00187604,0.0249733,0.00187603,-0.000199143,1.1085e-05,0.00798466,0.117972,0.000606116,1.11541,66,7,0.981534,0.000875427,1.00026,0.00113859,-0.0015965,1.21178e-07,0.000985268,7.9012e-08,0.00543109,4.45561e-06,0.0237638,5.49771e-06,0.000645442,0.00291949,1.3393e-05,0.000603816,0.00249077,0.999871,-0.00038731,1.00114,0.00410696,-0.00126544
ERF_Log_File_20250521_1503.csv,ig_zn_diff,13,p02,1,0,filled_square,7.3um_lp,ERF_OSA207_Spectra_20250521_1502.csv,1.4319e+09,3.35735,0.00245861,0.877804,0.00305206,29.1014,13.8166,0.200226,0.524134,3,1.33088,0.0237159,13.5,13.8166,6.35e-06,0.000289,8.31e-05,7.51e-06,0,6.93e-06,0.00158498,6.18e-05,2.89e-05,5.77e-06,2.54e-05,9.24e-06,7.97913e-05,4.04e-05,0.99456,0.00404972,5.87911,0.0238355,-0.00276422,0.000771983,0.00159246,0.000772388,-0.0102899,0.00802135,0.0214795,0.00802133,-0.000284134,4.7375e-05,0.0153618,0.0780518,0.00262723,1.11864,66,7,0.980096,0.000996859,1.01476,0.00256077,-0.00332397,3.08667e-07,0.00181834,2.013e-07,0.0145611,1.25121e-05,0.0291453,1.54385e-05,0.00128558,0.00437064,0.00305884,0.000646315,0.00507808,1.01431,-0.000447809,1.0157,0.0041604,-0.00138831
