log_file,gps_time_s,type,photodiode,detector_index,l,l_sd,npts,monitor,manip_x_mm,manip_y_mm,manip_pitch_deg,manip_yaw_deg,wavelength_um,opa_wavelength_um,rad_angle_deg,signal,l_center,l_center_sd,det_name,signal_uc,azimuth_deg,wavenum
ERF_Log_File_20250227_1801,1424739792,1d,0,4,-0.001946510786,0.009080593423,23,3.021210085,0,0,0,-10,0.36,0.36,10,-2.792211181e-05,69.71216217,0.02059846863,SW,0.000135299329,-90,27777.77778
ERF_Log_File_20250227_1801,1424739893,1d,0,4,0.002624660902,0.01149322596,23,3.022012766,0,0,0,-9,0.36,0.36,9,3.764997126e-05,69.71216217,0.02059846863,SW,0.0001353229,-90,27777.77778
ERF_Log_File_20250227_1801,1424739994,1d,0,4,0.00109783917,0.01069389264,23,3.022350383,0,0,0,-8,0.36,0.36,8,1.574817272e-05,69.71216217,0.02059846863,SW,0.0001352796806,-90,27777.77778
ERF_Log_File_20250227_1801,1424740095,1d,0,4,0.004212824546,0.0119090002,23,3.021168128,0,0,0,-7,0.36,0.36,7,6.043170108e-05,69.71216217,0.02059846863,SW,0.0001354054362,-90,27777.77778
ERF_Log_File_20250227_1801,1424740184,1d,0,4,0.007597308681,0.01085124262,17,3.019253486,0,0,0,-6,0.36,0.36,6,0.0001089811081,69.71216217,0.02059846863,SW,0.0001357088125,-90,27777.77778
ERF_Log_File_20250227_1801,1424740245,1d,0,4,0.007145459693,0.01095092411,9,3.019668105,0,0,0,-5,0.36,0.36,5,0.0001024994703,69.71216217,0.02059846863,SW,0.0001356582996,-90,27777.77778
ERF_Log_File_20250227_1801,1424740282,1d,0,4,0.2616495283,0.006633088091,5,3.018335455,0,0,0,-4,0.36,0.36,4,0.003753283791,69.71216217,0.02059846863,SW,0.0003989620709,-90,27777.77778
ERF_Log_File_20250227_1801,1424740307,1d,0,4,0.06974224609,0.01027158639,3,3.019382857,0,0,0,-3,0.36,0.36,3,0.001000431545,69.71216217,0.02059846863,SW,0.0001682463434,-90,27777.77778
ERF_Log_File_20250227_1801,1424740327,1d,0,4,0.1177281566,0.01245222806,3,3.019757143,0,0,0,-2.5,0.36,0.36,2.5,0.001688775,69.71216217,0.02059846863,SW,0.0002163746078,-90,27777.77778
ERF_Log_File_20250227_1801,1424740347,1d,0,4,0.2214673247,0.00665531559,3,3.018433429,0,0,0,-2,0.36,0.36,2,0.003176882166,69.71216217,0.02059846863,SW,0.000345289438,-90,27777.77778
ERF_Log_File_20250227_1801,1424740508,1d,0,4,0.2378094614,0.01037737695,3,3.02127,0,0,0,2,0.36,0.36,2,0.003411305202,69.71216217,0.02059846863,SW,0.0003669729686,90,27777.77778
ERF_Log_File_20250227_1801,1424740529,1d,0,4,0.1189546319,0.01009941892,3,3.018297143,0,0,0,2.5,0.36,0.36,2.5,0.001706368419,69.71216217,0.02059846863,SW,0.0002177505406,90,27777.77778
ERF_Log_File_20250227_1801,1424740549,1d,0,4,0.06781988378,0.008776115945,3,3.017484286,0,0,0,3,0.36,0.36,3,0.0009728558356,69.71216217,0.02059846863,SW,0.0001666213652,90,27777.77778
ERF_Log_File_20250227_1801,1424740574,1d,0,4,0.2718753912,0.006465045231,5,3.017593455,0,0,0,4,0.36,0.36,4,0.003899970719,69.71216217,0.02059846863,SW,0.000412791904,90,27777.77778
ERF_Log_File_20250227_1801,1424740611,1d,0,4,0.01358781089,0.01414436617,9,3.017751474,0,0,0,5,0.36,0.36,5,0.0001949130606,69.71216217,0.02059846863,SW,0.0001366675757,90,27777.77778
ERF_Log_File_20250227_1801,1424740672,1d,0,4,0.005706647617,0.009730890279,17,3.014645029,0,0,0,6,0.36,0.36,6,8.186014377e-05,69.71216217,0.02059846863,SW,0.0001355179816,90,27777.77778
ERF_Log_File_20250227_1801,1424740761,1d,0,4,0.0004557932062,0.01308320706,23,3.016804851,0,0,0,7,0.36,0.36,7,6.53821646e-06,69.71216217,0.02059846863,SW,0.000135272094,90,27777.77778
ERF_Log_File_20250227_1801,1424740862,1d,0,4,-0.002367063419,0.01153601954,23,3.016800766,0,0,0,8,0.36,0.36,8,-3.395481284e-05,69.71216217,0.02059846863,SW,0.0001353131232,90,27777.77778
ERF_Log_File_20250227_1801,1424740963,1d,0,4,-0.001004086398,0.01488007104,23,3.018377702,0,0,0,9,0.36,0.36,9,-1.44033174e-05,69.71216217,0.02059846863,SW,0.0001352781819,90,27777.77778
ERF_Log_File_20250227_1801,1424741064,1d,0,4,-0.005335713452,0.01055470763,23,3.017262681,0,0,0,10,0.36,0.36,10,-7.653920472e-05,69.71216217,0.02059846863,SW,0.000135486881,90,27777.77778
ERF_Log_File_20250227_1830,1424741481,1d,0,4,0.01055622113,0.008509873723,3,3.021198286,0,0,0,-8,0.36,0.36,8,0.0001511796137,69.82569195,0.0520612734,SW,0.0001358941642,-90,27777.77778
ERF_Log_File_20250227_1830,1424741501,1d,0,4,0.008276089516,0.007613520758,3,3.021410286,0,0,0,-7.6,0.36,0.36,7.6,0.0001185249911,69.82569195,0.0520612734,SW,0.0001355697162,-90,27777.77778
ERF_Log_File_20250227_1830,1424741521,1d,0,4,0.007509867474,0.01201765332,3,3.019371143,0,0,0,-7.2,0.36,0.36,7.2,0.000107551637,69.82569195,0.0520612734,SW,0.0001354781841,-90,27777.77778
ERF_Log_File_20250227_1830,1424741541,1d,0,4,0.01054294836,0.01068298498,3,3.019378571,0,0,0,-6.8,0.36,0.36,6.8,0.0001509895293,69.82569195,0.0520612734,SW,0.0001358920507,-90,27777.77778
ERF_Log_File_20250227_1830,1424741562,1d,0,4,0.004338367876,0.00620818315,3,3.023233714,0,0,0,-6.4,0.36,0.36,6.4,6.213139827e-05,69.82569195,0.0520612734,SW,0.0001351934305,-90,27777.77778
ERF_Log_File_20250227_1830,1424741582,1d,0,4,0.008777227944,0.005629439999,3,3.022989143,0,0,0,-6,0.36,0.36,6,0.000125701983,69.82569195,0.0520612734,SW,0.0001356343506,-90,27777.77778
ERF_Log_File_20250227_1830,1424741602,1d,0,4,0.01106980055,0.007783435824,3,3.020929429,0,0,0,-5.6,0.36,0.36,5.6,0.0001585347777,69.82569195,0.0520612734,SW,0.0001359779582,-90,27777.77778
ERF_Log_File_20250227_1830,1424741622,1d,0,4,0.0119209671,0.01516904979,3,3.021656286,0,0,0,-5.2,0.36,0.36,5.2,0.000170724654,69.82569195,0.0520612734,SW,0.0001361254703,-90,27777.77778
ERF_Log_File_20250227_1830,1424741642,1d,0,4,0.01290818589,0.009314923764,3,3.021282857,0,0,0,-4.8,0.36,0.36,4.8,0.0001848629857,69.82569195,0.0520612734,SW,0.0001363100166,-90,27777.77778
ERF_Log_File_20250227_1830,1424741662,1d,0,4,0.1425452283,0.003523834054,3,3.022633714,0,0,0,-4.4,0.36,0.36,4.4,0.002041443834,69.82569195,0.0520612734,SW,0.0002447772547,-90,27777.77778
ERF_Log_File_20250227_1830,1424741682,1d,0,4,0.2679550875,0.012293459,3,3.018715429,0,0,0,-4,0.36,0.36,4,0.003837485602,69.82569195,0.0520612734,SW,0.0004068289595,-90,27777.77778
ERF_Log_File_20250227_1830,1424741703,1d,0,4,0.3215416763,0.0050652076,3,3.022302571,0,0,0,-3.6,0.36,0.36,3.6,0.004604919298,69.82569195,0.0520612734,SW,0.0004798992226,-90,27777.77778
ERF_Log_File_20250227_1830,1424741723,1d,0,4,0.0779699097,0.00487952281,3,3.021836571,0,0,0,-3.2,0.36,0.36,3.2,0.001116636406,69.82569195,0.0520612734,SW,0.0001752373253,-90,27777.77778
ERF_Log_File_20250227_1830,1424741743,1d,0,4,0.08046169355,0.004575390084,3,3.020801429,0,0,0,-2.8,0.36,0.36,2.8,0.00115232218,69.82569195,0.0520612734,SW,0.0001775327029,-90,27777.77778
ERF_Log_File_20250227_1830,1424741763,1d,0,4,0.1391490582,0.005795879487,3,3.019942,0,0,0,-2.4,0.36,0.36,2.4,0.001992806005,69.82569195,0.0520612734,SW,0.000240735589,-90,27777.77778
ERF_Log_File_20250227_1830,1424741783,1d,0,4,0.234130945,0.008492331022,3,3.021678286,0,0,0,-2,0.36,0.36,2,0.003353077334,69.82569195,0.0520612734,SW,0.0003614916106,-90,27777.77778
ERF_Log_File_20250227_1830,1424741985,1d,0,4,0.2347805851,0.006327172115,3,3.017115429,0,0,0,2,0.36,0.36,2,0.003362381074,69.82569195,0.0520612734,SW,0.0003623548097,90,27777.77778
ERF_Log_File_20250227_1830,1424742005,1d,0,4,0.1391476883,0.006070705966,3,3.018021714,0,0,0,2.4,0.36,0.36,2.4,0.001992786385,69.82569195,0.0520612734,SW,0.0002407339647,90,27777.77778
ERF_Log_File_20250227_1830,1424742025,1d,0,4,0.09933936691,0.01031532268,3,3.020174571,0,0,0,2.8,0.36,0.36,2.8,0.001422676441,69.82569195,0.0520612734,SW,0.0001961628561,90,27777.77778
ERF_Log_File_20250227_1830,1424742045,1d,0,4,0.06611776516,0.01026431925,3,3.021254286,0,0,0,3.2,0.36,0.36,3.2,0.0009468973857,69.82569195,0.0520612734,SW,0.0001649403026,90,27777.77778
ERF_Log_File_20250227_1830,1424742065,1d,0,4,0.3045652851,0.009724049619,3,3.018024286,0,0,0,3.6,0.36,0.36,3.6,0.004361794014,69.82569195,0.0520612734,SW,0.000456619869,90,27777.77778
ERF_Log_File_20250227_1830,1424742085,1d,0,4,0.2735050489,0.007442060727,3,3.016346857,0,0,0,4,0.36,0.36,4,0.003916968688,69.82569195,0.0520612734,SW,0.0004143351595,90,27777.77778
ERF_Log_File_20250227_1830,1424742105,1d,0,4,0.1359988761,0.01210364922,3,3.020169429,0,0,0,4.4,0.36,0.36,4.4,0.001947691061,69.82569195,0.0520612734,SW,0.0002370142863,90,27777.77778
ERF_Log_File_20250227_1830,1424742125,1d,0,4,0.01787367194,0.01118018365,3,3.017633143,0,0,0,4.8,0.36,0.36,4.8,0.0002559755792,69.82569195,0.0520612734,SW,0.000137455192,90,27777.77778
ERF_Log_File_20250227_1830,1424742146,1d,0,4,0.007867389831,0.007633274924,3,3.018686286,0,0,0,5.2,0.36,0.36,5.2,0.0001126718492,69.82569195,0.0520612734,SW,0.0001355197953,90,27777.77778
ERF_Log_File_20250227_1830,1424742166,1d,0,4,0.002121969024,0.005398400802,3,3.017485429,0,0,0,5.6,0.36,0.36,5.6,3.03895166e-05,69.82569195,0.0520612734,SW,0.0001350847665,90,27777.77778
ERF_Log_File_20250227_1830,1424742186,1d,0,4,0.003185953977,0.008186981467,3,3.018469714,0,0,0,6,0.36,0.36,6,4.562724533e-05,69.82569195,0.0520612734,SW,0.000135127636,90,27777.77778
ERF_Log_File_20250227_1830,1424742206,1d,0,4,-0.003971760675,0.009169329562,3,3.021138286,0,0,0,6.4,0.36,0.36,6.4,-5.688107865e-05,69.82569195,0.0520612734,SW,0.0001351703176,90,27777.77778
ERF_Log_File_20250227_1830,1424742226,1d,0,4,-0.001423833143,0.01494260617,3,3.018682571,0,0,0,6.8,0.36,0.36,6.8,-2.039125003e-05,69.82569195,0.0520612734,SW,0.0001350659715,90,27777.77778
ERF_Log_File_20250227_1830,1424742247,1d,0,4,-0.0002027375806,0.00723466683,3,3.020263714,0,0,0,7.2,0.36,0.36,7.2,-2.903481154e-06,69.82569195,0.0520612734,SW,0.0001350508893,90,27777.77778
ERF_Log_File_20250227_1830,1424742267,1d,0,4,-0.001801110368,0.004660579548,3,3.017862286,0,0,0,7.6,0.36,0.36,7.6,-2.579437909e-05,69.82569195,0.0520612734,SW,0.0001350752097,90,27777.77778
ERF_Log_File_20250227_1830,1424742287,1d,0,4,0.001065104916,0.005952946078,3,3.018680571,0,0,0,8,0.36,0.36,8,1.525376815e-05,69.82569195,0.0520612734,SW,0.0001350591919,90,27777.77778
ERF_Log_File_20250226_1253,1424634876,1d,0,4,-0.004526019957,0.02102698417,3,3.009545714,0,0,0,-8.125,0.36,0.36,8.125,-6.274749171e-05,72.13069135,0.0383551686,SW,0.0001308854167,-90,27777.77778
ERF_Log_File_20250226_1253,1424634897,1d,0,4,0.002971970782,0.008803163027,3,3.008928571,0,0,0,-7.5,0.36,0.36,7.5,4.120258279e-05,72.13069135,0.0383551686,SW,0.0001307998307,-90,27777.77778
ERF_Log_File_20250226_1253,1424634917,1d,0,4,-0.003208140435,0.006371073344,3,3.014894857,0,0,0,-6.875,0.36,0.36,6.875,-4.447677368e-05,72.13069135,0.0383551686,SW,0.0001308105543,-90,27777.77778
ERF_Log_File_20250226_1253,1424634938,1d,0,4,0.005956954253,0.004935790525,3,2.996591143,0,0,0,-6.25,0.36,0.36,6.25,8.258556991e-05,72.13069135,0.0383551686,SW,0.0001309955129,-90,27777.77778
ERF_Log_File_20250226_1253,1424634958,1d,0,4,-0.003382976358,0.006407771039,3,3.000825143,0,0,0,-5.625,0.36,0.36,5.625,-4.690065068e-05,72.13069135,0.0383551686,SW,0.0001308190202,-90,27777.77778
ERF_Log_File_20250226_1253,1424634978,1d,0,4,0.001126363643,0.006444959295,3,3.003482857,0,0,0,-5,0.36,0.36,5,1.561559472e-05,72.13069135,0.0383551686,SW,0.0001307442437,-90,27777.77778
ERF_Log_File_20250226_1253,1424634999,1d,0,4,0.13941519,0.008359712123,3,3.008028,0,0,0,-4.375,0.36,0.36,4.375,0.001932813721,72.13069135,0.0383551686,SW,0.0002333460174,-90,27777.77778
ERF_Log_File_20250226_1253,1424635019,1d,0,4,0.3416950842,0.003441108199,3,3.000448571,0,0,0,-3.75,0.36,0.36,3.75,0.004737166355,72.13069135,0.0383551686,SW,0.0004914320041,-90,27777.77778
ERF_Log_File_20250226_1253,1424635039,1d,0,4,0.06903269524,0.009479002299,3,3.011549429,0,0,0,-3.125,0.36,0.36,3.125,0.0009570502367,72.13069135,0.0383551686,SW,0.0001620226196,-90,27777.77778
ERF_Log_File_20250226_1253,1424635060,1d,0,4,0.1288596454,0.009710028185,3,3.005018,0,0,0,-2.5,0.36,0.36,2.5,0.001786474565,72.13069135,0.0383551686,SW,0.0002213762291,-90,27777.77778
ERF_Log_File_20250226_1253,1424635080,1d,0,4,0.2672433771,0.009299291419,3,3.003926857,0,0,0,-1.875,0.36,0.36,1.875,0.003704988433,72.13069135,0.0383551686,SW,0.000392892979,-90,27777.77778
ERF_Log_File_20250226_1253,1424635202,1d,0,4,0.3020486938,0.007387902414,3,3.008636571,0,0,0,1.875,0.36,0.36,1.875,0.004187519739,72.13069135,0.0383551686,SW,0.0004386909989,90,27777.77778
ERF_Log_File_20250226_1253,1424635223,1d,0,4,0.116222663,0.004079199346,3,3.005941714,0,0,0,2.5,0.36,0.36,2.5,0.001611278927,72.13069135,0.0383551686,SW,0.000207495905,90,27777.77778
ERF_Log_File_20250226_1253,1424635243,1d,0,4,0.06757340699,0.009049307764,3,3.006506286,0,0,0,3.125,0.36,0.36,3.125,0.0009368190673,72.13069135,0.0383551686,SW,0.0001608358372,90,27777.77778
ERF_Log_File_20250226_1253,1424635263,1d,0,4,0.3574588101,0.01914028799,3,3.008548,0,0,0,3.75,0.36,0.36,3.75,0.0049557103,72.13069135,0.0383551686,SW,0.0005125321537,90,27777.77778
ERF_Log_File_20250226_1253,1424635284,1d,0,4,0.156443458,0.006928424935,3,3.004488571,0,0,0,4.375,0.36,0.36,4.375,0.002168888931,72.13069135,0.0383551686,SW,0.0002532464032,90,27777.77778
ERF_Log_File_20250226_1253,1424635304,1d,0,4,0.01469958289,0.01081653931,3,3.014494857,0,0,0,5,0.36,0.36,5,0.0002037909608,72.13069135,0.0383551686,SW,0.0001323137862,90,27777.77778
ERF_Log_File_20250226_1253,1424635324,1d,0,4,-0.002836170878,0.005588270491,3,3.011342286,0,0,0,5.625,0.36,0.36,5.625,-3.93198904e-05,72.13069135,0.0383551686,SW,0.0001307940354,90,27777.77778
ERF_Log_File_20250226_1253,1424635345,1d,0,4,-0.000726924326,0.01241565657,3,3.024992571,0,0,0,6.25,0.36,0.36,6.25,-1.007787826e-05,72.13069135,0.0383551686,SW,0.0001307388021,90,27777.77778
ERF_Log_File_20250226_1253,1424635365,1d,0,4,-0.007166075622,0.006181792608,3,3.018104857,0,0,0,6.875,0.36,0.36,6.875,-9.93484949e-05,72.13069135,0.0383551686,SW,0.0001311118711,90,27777.77778
ERF_Log_File_20250226_1253,1424635385,1d,0,4,0.0007030988334,0.006652201897,3,3.016771714,0,0,0,7.5,0.36,0.36,7.5,9.747568202e-06,72.13069135,0.0383551686,SW,0.0001307385517,90,27777.77778
ERF_Log_File_20250226_1253,1424635406,1d,0,4,0.007490793979,0.004979650359,3,3.008603143,0,0,0,8.125,0.36,0.36,8.125,0.0001038503006,72.13069135,0.0383551686,SW,0.0001311467522,90,27777.77778
ERF_Log_File_20250227_1904,1424743496,1d,0,4,-0.002092408232,0.01114530532,3,3.219871429,0,0,0,-8,0.38,0.38,8,-1.605831627e-05,130.3005992,0.08026275016,SW,7.238893195e-05,-90,26315.78947
ERF_Log_File_20250227_1904,1424743516,1d,0,4,0.005393388069,0.008826437518,3,3.219374286,0,0,0,-7.6,0.38,0.38,7.6,4.139189e-05,130.3005992,0.08026275016,SW,7.248939378e-05,-90,26315.78947
ERF_Log_File_20250227_1904,1424743536,1d,0,4,-0.0002486413748,0.005638754047,3,3.219979714,0,0,0,-7.2,0.38,0.38,7.2,-1.908213595e-06,130.3005992,0.08026275016,SW,7.237136927e-05,-90,26315.78947
ERF_Log_File_20250227_1904,1424743556,1d,0,4,0.005026622326,0.00685237141,3,3.220080571,0,0,0,-6.8,0.38,0.38,6.8,3.857712364e-05,130.3005992,0.08026275016,SW,7.247386553e-05,-90,26315.78947
ERF_Log_File_20250227_1904,1424743577,1d,0,4,0.01098557209,0.006223487232,3,3.220955714,0,0,0,-6.4,0.38,0.38,6.4,8.430945181e-05,130.3005992,0.08026275016,SW,7.28605669e-05,-90,26315.78947
ERF_Log_File_20250227_1904,1424743597,1d,0,4,0.01428134385,0.003559436658,3,3.222180571,0,0,0,-6,0.38,0.38,6,0.0001096030559,130.3005992,0.08026275016,SW,7.319639016e-05,-90,26315.78947
ERF_Log_File_20250227_1904,1424743617,1d,0,4,0.01195133191,0.01240562314,3,3.222641714,0,0,0,-5.6,0.38,0.38,5.6,9.172123522e-05,130.3005992,0.08026275016,SW,7.295004947e-05,-90,26315.78947
ERF_Log_File_20250227_1904,1424743637,1d,0,4,0.004388401111,0.013618322,3,3.223503714,0,0,0,-5.2,0.38,0.38,5.2,3.367905549e-05,130.3005992,0.08026275016,SW,7.244944371e-05,-90,26315.78947
ERF_Log_File_20250227_1904,1424743657,1d,0,4,0.04680951418,0.003754464962,3,3.224844571,0,0,0,-4.8,0.38,0.38,4.8,0.000359242509,130.3005992,0.08026275016,SW,8.079714999e-05,-90,26315.78947
ERF_Log_File_20250227_1904,1424743677,1d,0,4,0.2984439165,0.007836072035,3,3.22394,0,0,0,-4.4,0.38,0.38,4.4,0.002290426278,130.3005992,0.08026275016,SW,0.0002402084398,-90,26315.78947
ERF_Log_File_20250227_1904,1424743697,1d,0,4,0.4837707442,0.006223416522,3,3.223161143,0,0,0,-4,0.38,0.38,4,0.003712728469,130.3005992,0.08026275016,SW,0.0003782675452,-90,26315.78947
ERF_Log_File_20250227_1904,1424743717,1d,0,4,0.328303348,0.007929751284,3,3.224286286,0,0,0,-3.6,0.38,0.38,3.6,0.002519584331,130.3005992,0.08026275016,SW,0.0002621507952,-90,26315.78947
ERF_Log_File_20250227_1904,1424743738,1d,0,4,0.1033602885,0.01011379006,3,3.224704857,0,0,0,-3.2,0.38,0.38,3.2,0.0007932449209,130.3005992,0.08026275016,SW,0.0001073787338,-90,26315.78947
ERF_Log_File_20250227_1904,1424743758,1d,0,4,0.1441232128,0.01084407859,3,3.224668857,0,0,0,-2.8,0.38,0.38,2.8,0.001106082502,130.3005992,0.08026275016,SW,0.0001321825552,-90,26315.78947
ERF_Log_File_20250227_1904,1424743778,1d,0,4,0.2323901984,0.008017588343,3,3.224244286,0,0,0,-2.4,0.38,0.38,2.4,0.001783492937,130.3005992,0.08026275016,SW,0.000192476638,-90,26315.78947
ERF_Log_File_20250227_1904,1424743798,1d,0,4,0.3907215978,0.005944005952,3,3.225922857,0,0,0,-2,0.38,0.38,2,0.002998617046,130.3005992,0.08026275016,SW,0.0003084769559,-90,26315.78947
ERF_Log_File_20250227_1904,1424743999,1d,0,4,0.4187033998,0.005417172153,3,3.227376571,0,0,0,2,0.38,0.38,2,0.003213365114,130.3005992,0.08026275016,SW,0.0003293913328,90,26315.78947
ERF_Log_File_20250227_1904,1424744019,1d,0,4,0.245005361,0.01235718051,3,3.228029714,0,0,0,2.4,0.38,0.38,2.4,0.001880308782,130.3005992,0.08026275016,SW,0.0002014808461,90,26315.78947
ERF_Log_File_20250227_1904,1424744040,1d,0,4,0.1589589435,0.009615061095,3,3.227255714,0,0,0,2.8,0.38,0.38,2.8,0.001219940234,130.3005992,0.08026275016,SW,0.0001418474008,90,26315.78947
ERF_Log_File_20250227_1904,1424744060,1d,0,4,0.09029843008,0.009432711691,3,3.227698,0,0,0,3.2,0.38,0.38,3.2,0.0006930008813,130.3005992,0.08026275016,SW,0.0001002011133,90,26315.78947
ERF_Log_File_20250227_1904,1424744080,1d,0,4,0.3054561448,0.01193583675,3,3.228394857,0,0,0,3.6,0.38,0.38,3.6,0.002344242058,130.3005992,0.08026275016,SW,0.0002453454138,90,26315.78947
ERF_Log_File_20250227_1904,1424744100,1d,0,4,0.4818353754,0.01165338563,3,3.229209714,0,0,0,4,0.38,0.38,4,0.003697875361,130.3005992,0.08026275016,SW,0.0003768097518,90,26315.78947
ERF_Log_File_20250227_1904,1424744120,1d,0,4,0.2858539971,0.005525562801,3,3.230161714,0,0,0,4.4,0.38,0.38,4.4,0.002193804164,130.3005992,0.08026275016,SW,0.0002310133587,90,26315.78947
ERF_Log_File_20250227_1904,1424744140,1d,0,4,0.08344975456,0.008065465665,3,3.229249429,0,0,0,4.8,0.38,0.38,4.8,0.0006404402978,130.3005992,0.08026275016,SW,9.664042661e-05,90,26315.78947
ERF_Log_File_20250227_1904,1424744160,1d,0,4,0.02504587403,0.01870254214,3,3.229027714,0,0,0,5.2,0.38,0.38,5.2,0.0001922161079,130.3005992,0.08026275016,SW,7.488032462e-05,90,26315.78947
ERF_Log_File_20250227_1904,1424744181,1d,0,4,0.009476919986,0.01416781906,3,3.229060857,0,0,0,5.6,0.38,0.38,5.6,7.273120802e-05,130.3005992,0.08026275016,SW,7.273567879e-05,90,26315.78947
ERF_Log_File_20250227_1904,1424744201,1d,0,4,0.02185756296,0.004899445277,3,3.229608571,0,0,0,6,0.38,0.38,6,0.0001677472176,130.3005992,0.08026275016,SW,7.428984212e-05,90,26315.78947
ERF_Log_File_20250227_1904,1424744221,1d,0,4,0.008922788684,0.006172050591,3,3.22879,0,0,0,6.4,0.38,0.38,6.4,6.84784931e-05,130.3005992,0.08026275016,SW,7.269438421e-05,90,26315.78947
ERF_Log_File_20250227_1904,1424744241,1d,0,4,0.003986069011,0.008824362858,3,3.230221143,0,0,0,6.8,0.38,0.38,6.8,3.059133293e-05,130.3005992,0.08026275016,SW,7.24357462e-05,90,26315.78947
ERF_Log_File_20250227_1904,1424744261,1d,0,4,0.00153214606,0.008239436297,3,3.229667429,0,0,0,7.2,0.38,0.38,7.2,1.175854961e-05,130.3005992,0.08026275016,SW,7.238066981e-05,90,26315.78947
ERF_Log_File_20250227_1904,1424744281,1d,0,4,0.01499391279,0.008121180409,3,3.228990571,0,0,0,7.6,0.38,0.38,7.6,0.0001150717102,130.3005992,0.08026275016,SW,7.328027487e-05,90,26315.78947
ERF_Log_File_20250227_1904,1424744301,1d,0,4,-0.006386657169,0.008899971416,3,3.229473429,0,0,0,8,0.38,0.38,8,-4.901479508e-05,130.3005992,0.08026275016,SW,7.253691535e-05,90,26315.78947
ERF_Log_File_20250224_1326,1424464081,1d,0,4,0.004752338373,0.01047674576,23,2.413798213,0,0,0,-10,0.401,0.4,10,1.16749186e-05,407.0553755,0.06714903707,SW,2.319578106e-05,-90,24937.65586
ERF_Log_File_20250224_1326,1424464182,1d,0,4,0.007644140176,0.009240520759,23,2.405501191,0,0,0,-9,0.401,0.4,9,1.877911615e-05,407.0553755,0.06714903707,SW,2.324237036e-05,-90,24937.65586
ERF_Log_File_20250224_1326,1424464283,1d,0,4,0.009778525825,0.01389847559,23,2.413096596,0,0,0,-8,0.401,0.4,8,2.402259352e-05,407.0553755,0.06714903707,SW,2.329060076e-05,-90,24937.65586
ERF_Log_File_20250224_1326,1424464384,1d,0,4,0.02414722822,0.0118466884,23,2.409810851,0,0,0,-7,0.401,0.4,7,5.932172789e-05,407.0553755,0.06714903707,SW,2.391384511e-05,-90,24937.65586
ERF_Log_File_20250224_1326,1424464473,1d,0,4,0.03532367938,0.01073764264,17,2.402766514,0,0,0,-6,0.401,0.4,6,8.677856015e-05,407.0553755,0.06714903707,SW,2.473836308e-05,-90,24937.65586
ERF_Log_File_20250224_1326,1424464534,1d,0,4,0.1279406861,0.01207441993,9,2.401136632,0,0,0,-5,0.401,0.4,5,0.0003143078162,407.0553755,0.06714903707,SW,3.904584408e-05,-90,24937.65586
ERF_Log_File_20250224_1326,1424464571,1d,0,4,1.048200664,0.01571344011,5,2.429345273,0,0,0,-4,0.401,0.4,4,0.002575081248,407.0553755,0.06714903707,SW,0.0002585484403,-90,24937.65586
ERF_Log_File_20250224_1326,1424464596,1d,0,4,0.3485432402,0.01257897333,3,2.408495429,0,0,0,-3,0.401,0.4,3,0.0008562550973,407.0553755,0.06714903707,SW,8.870416612e-05,-90,24937.65586
ERF_Log_File_20250224_1326,1424464616,1d,0,4,0.6119200492,0.01043071128,3,2.407499429,0,0,0,-2.5,0.401,0.4,2.5,0.001503284531,407.0553755,0.06714903707,SW,0.0001521032101,-90,24937.65586
ERF_Log_File_20250224_1326,1424464636,1d,0,4,1.123372366,0.01318865823,3,2.372495429,0,0,0,-2,0.401,0.4,2,0.002759753178,407.0553755,0.06714903707,SW,0.0002769463207,-90,24937.65586
ERF_Log_File_20250224_1326,1424464798,1d,0,4,1.199749107,0.01247955614,3,2.409313429,0,0,0,2,0.401,0.4,2,0.002947385489,407.0553755,0.06714903707,SW,0.0002956479829,90,24937.65586
ERF_Log_File_20250224_1326,1424464818,1d,0,4,0.6258464792,0.005986310542,3,2.407509429,0,0,0,2.5,0.401,0.4,2.5,0.001537497149,407.0553755,0.06714903707,SW,0.0001554854346,90,24937.65586
ERF_Log_File_20250224_1326,1424464838,1d,0,4,0.3502041194,0.01463495373,3,2.396598857,0,0,0,3,0.401,0.4,3,0.0008603353265,407.0553755,0.06714903707,SW,8.909809258e-05,90,24937.65586
ERF_Log_File_20250224_1326,1424464863,1d,0,4,1.004394177,0.01549923482,5,2.399436182,0,0,0,4,0.401,0.4,4,0.002467463243,407.0553755,0.06714903707,SW,0.0002478317886,90,24937.65586
ERF_Log_File_20250224_1326,1424464900,1d,0,4,0.2405426991,0.01265587697,9,2.409775158,0,0,0,5,0.401,0.4,5,0.0005909336015,407.0553755,0.06714903707,SW,6.347216662e-05,90,24937.65586
ERF_Log_File_20250224_1326,1424464960,1d,0,4,0.02975901498,0.01319465085,17,2.401675886,0,0,0,6,0.401,0.4,6,7.310802602e-05,407.0553755,0.06714903707,SW,2.429257496e-05,90,24937.65586
ERF_Log_File_20250224_1326,1424465049,1d,0,4,0.01666997126,0.01180190651,23,2.407144681,0,0,0,7,0.401,0.4,7,4.095258842e-05,407.0553755,0.06714903707,SW,2.352556926e-05,90,24937.65586
ERF_Log_File_20250224_1326,1424465151,1d,0,4,0.008462521526,0.01209680764,23,2.39902983,0,0,0,8,0.401,0.4,8,2.07896076e-05,407.0553755,0.06714903707,SW,2.32594778e-05,90,24937.65586
ERF_Log_File_20250224_1326,1424465252,1d,0,4,0.006472087575,0.01237482079,23,2.399663021,0,0,0,9,0.401,0.4,9,1.589977179e-05,407.0553755,0.06714903707,SW,2.322087967e-05,90,24937.65586
ERF_Log_File_20250224_1326,1424465353,1d,0,4,0.00407960006,0.009412692765,23,2.401618468,0,0,0,10,0.401,0.4,10,1.002222377e-05,407.0553755,0.06714903707,SW,2.318805017e-05,90,24937.65586
ERF_Log_File_20250226_0900,1424620865,2d,0,4,0.006473817236,0.007990198071,3,4.232940571,0,0,-3,-8.125,0.401,0.4,8.661156101,2.113685758e-05,306.2809696,1.249676011,SW,3.086131206e-05,-110.2656975,24937.65586
ERF_Log_File_20250226_0900,1424620885,2d,0,4,0.0057741205,0.01208567394,3,4.259500571,0,0,-3,-7.5,0.401,0.4,8.077747211,1.885236457e-05,306.2809696,1.249676011,SW,3.084648295e-05,-111.8014095,24937.65586
ERF_Log_File_20250226_0900,1424620906,2d,0,4,0.002442167919,0.007760311704,3,4.234008286,0,0,-3,-6.875,0.401,0.4,7.501041594,7.973619524e-06,306.2809696,1.249676011,SW,3.079906365e-05,-113.5747062,24937.65586
ERF_Log_File_20250226_0900,1424620926,2d,0,4,0.01709032968,0.01216180183,3,4.227784571,0,0,-3,-6.25,0.401,0.4,6.932712312,5.579951539e-05,306.2809696,1.249676011,SW,3.12911037e-05,-115.6410058,24937.65586
ERF_Log_File_20250226_0900,1424620946,2d,0,4,0.006571313556,0.007870088457,3,4.227611429,0,0,-3,-5.625,0.401,0.4,6.375,2.145518072e-05,306.2809696,1.249676011,SW,3.086351225e-05,-118.0724869,24937.65586
ERF_Log_File_20250226_0900,1424620967,2d,0,4,0.02282319581,0.01206552733,3,4.226458571,0,0,-3,-5,0.401,0.4,5.830951895,7.451718544e-05,306.2809696,1.249676011,SW,3.167911028e-05,-120.9637565,24937.65586
ERF_Log_File_20250226_0900,1424620987,2d,0,4,0.03878942827,0.009035038451,3,4.174732857,0,0,-3,-4.375,0.401,0.4,5.304773793,0.0001266465504,306.2809696,1.249676011,SW,3.329573521e-05,-124.4389893,24937.65586
ERF_Log_File_20250226_0900,1424621007,2d,0,4,0.4040923778,0.009576262451,3,4.184540286,0,0,-3,-3.75,0.401,0.4,4.802343178,0.001319351895,306.2809696,1.249676011,SW,0.0001355869398,-128.6598083,24937.65586
ERF_Log_File_20250226_0900,1424621028,2d,0,4,0.6452667362,0.01005009982,3,4.223813429,0,0,-3,-3.125,0.401,0.4,4.331930863,0.002106780375,306.2809696,1.249676011,SW,0.0002130893528,-133.8308607,24937.65586
ERF_Log_File_20250226_0900,1424621048,2d,0,4,0.6103393997,0.01019994501,3,4.205982,0,0,-3,-2.5,0.401,0.4,3.905124838,0.001992743462,306.2809696,1.249676011,SW,0.0002018026736,-140.1944289,24937.65586
ERF_Log_File_20250226_0900,1424621068,2d,0,4,0.4540316015,0.00547787411,3,4.211354286,0,0,-3,-1.875,0.401,0.4,3.537742925,0.00148240226,306.2809696,1.249676011,SW,0.0001515245647,-147.9946168,24937.65586
ERF_Log_File_20250226_0900,1424621089,2d,0,4,0.3459121473,0.007809991561,3,4.2173,0,0,-3,-1.25,0.401,0.4,3.25,0.001129394842,306.2809696,1.249676011,SW,0.0001171516422,-157.3801351,24937.65586
ERF_Log_File_20250226_0900,1424621109,2d,0,4,0.3171429521,0.005383600925,3,4.186130571,0,0,-3,-0.625,0.401,0.4,3.064412668,0.001035464112,306.2809696,1.249676011,SW,0.0001081094547,-168.2317111,24937.65586
ERF_Log_File_20250226_0900,1424621129,2d,0,4,0.3454538504,0.007501395836,3,4.258685429,0,0,-3,0,0.401,0.4,3,0.001127898514,306.2809696,1.249676011,SW,0.0001170071559,180,24937.65586
ERF_Log_File_20250226_0900,1424621150,2d,0,4,0.3189606469,0.006809278606,3,4.259431714,0,0,-3,0.625,0.401,0.4,3.064412668,0.001041398841,306.2809696,1.249676011,SW,0.0001086789565,168.2317111,24937.65586
ERF_Log_File_20250226_0900,1424621170,2d,0,4,0.332296454,0.0144895606,3,4.226373143,0,0,-3,1.25,0.401,0.4,3.25,0.001084939931,306.2809696,1.249676011,SW,0.0001128649102,157.3801351,24937.65586
ERF_Log_File_20250226_0900,1424621190,2d,0,4,0.4980304682,0.01064098508,3,4.221638,0,0,-3,1.875,0.401,0.4,3.537742925,0.001626057501,306.2809696,1.249676011,SW,0.0001656278753,147.9946168,24937.65586
ERF_Log_File_20250226_0900,1424621211,2d,0,4,0.5638040604,0.01228069423,3,4.240151714,0,0,-3,2.5,0.401,0.4,3.905124838,0.001840806698,306.2809696,1.249676011,SW,0.0001867887856,140.1944289,24937.65586
ERF_Log_File_20250226_0900,1424621231,2d,0,4,0.6162841388,0.01421029591,3,4.231114571,0,0,-3,3.125,0.401,0.4,4.331930863,0.002012152892,306.2809696,1.249676011,SW,0.0002037227054,133.8308607,24937.65586
ERF_Log_File_20250226_0900,1424621252,2d,0,4,0.4184029555,0.01815170588,3,4.215834286,0,0,-3,3.75,0.401,0.4,4.802343178,0.001366075588,306.2809696,1.249676011,SW,0.0001401450604,128.6598083,24937.65586
ERF_Log_File_20250226_0900,1424621272,2d,0,4,0.04219371233,0.009907972389,3,4.255831429,0,0,-3,4.375,0.401,0.4,5.304773793,0.000137761456,306.2809696,1.249676011,SW,3.373490194e-05,124.4389893,24937.65586
ERF_Log_File_20250226_0900,1424621292,2d,0,4,0.02764595166,0.007871400394,3,4.21331,0,0,-3,5,0.401,0.4,5.830951895,9.026336729e-05,306.2809696,1.249676011,SW,3.208669302e-05,120.9637565,24937.65586
ERF_Log_File_20250226_0900,1424621313,2d,0,4,0.01811016898,0.01018544127,3,4.219493714,0,0,-3,5.625,0.401,0.4,6.375,5.91292662e-05,306.2809696,1.249676011,SW,3.135229471e-05,118.0724869,24937.65586
ERF_Log_File_20250226_0900,1424621333,2d,0,4,0.008168399295,0.006199720448,3,4.263092857,0,0,-3,6.25,0.401,0.4,6.932712312,2.666962725e-05,306.2809696,1.249676011,SW,3.090420697e-05,115.6410058,24937.65586
ERF_Log_File_20250226_0900,1424621353,2d,0,4,0.0107823353,0.01138978075,3,4.223739429,0,0,-3,6.875,0.401,0.4,7.501041594,3.520406543e-05,306.2809696,1.249676011,SW,3.098966556e-05,113.5747062,24937.65586
ERF_Log_File_20250226_0900,1424621374,2d,0,4,0.007159744749,0.00872850206,3,4.201229429,0,0,-3,7.5,0.401,0.4,8.077747211,2.337639442e-05,306.2809696,1.249676011,SW,3.087748585e-05,111.8014095,24937.65586
ERF_Log_File_20250226_0900,1424621394,2d,0,4,0.01897522001,0.004955847923,3,4.227077429,0,0,-3,8.125,0.401,0.4,8.661156101,6.1953637e-05,306.2809696,1.249676011,SW,3.140687674e-05,110.2656975,24937.65586
ERF_Log_File_20250226_0900,1424621430,2d,0,4,0.01578945122,0.0123464292,3,4.246086571,0,0,-2,-8.125,0.401,0.4,8.367533986,5.155217851e-05,306.2809696,1.249676011,SW,3.121803952e-05,-103.828651,24937.65586
ERF_Log_File_20250226_0900,1424621450,2d,0,4,0.008218857849,0.01215079687,3,4.250167143,0,0,-2,-7.5,0.401,0.4,7.762087348,2.683437322e-05,306.2809696,1.249676011,SW,3.090563542e-05,-104.9314172,24937.65586
ERF_Log_File_20250226_0900,1424621471,2d,0,4,0.02272784616,0.0119706952,3,4.254866286,0,0,-2,-6.875,0.401,0.4,7.160001746,7.420587111e-05,306.2809696,1.249676011,SW,3.167178967e-05,-106.2201937,24937.65586
ERF_Log_File_20250226_0900,1424621491,2d,0,4,0.02047076617,0.01308556051,3,4.222006857,0,0,-2,-6.25,0.401,0.4,6.562202374,6.683655924e-05,306.2809696,1.249676011,SW,3.150700083e-05,-107.7446716,24937.65586
ERF_Log_File_20250226_0900,1424621511,2d,0,4,0.01720004348,0.003756809217,3,4.222167714,0,0,-2,-5.625,0.401,0.4,5.969976968,5.61577283e-05,306.2809696,1.249676011,SW,3.1297522e-05,-109.5731258,24937.65586
ERF_Log_File_20250226_0900,1424621532,2d,0,4,0.03705061027,0.01092228744,3,4.215762286,0,0,-2,-5,0.401,0.4,5.385164807,0.0001209693515,306.2809696,1.249676011,SW,3.30836052e-05,-111.8014095,24937.65586
ERF_Log_File_20250226_0900,1424621552,2d,0,4,0.4478651961,0.006816435494,3,4.231683714,0,0,-2,-4.375,0.401,0.4,4.810470351,0.001462269094,306.2809696,1.249676011,SW,0.0001495521688,-114.5671713,24937.65586
ERF_Log_File_20250226_0900,1424621572,2d,0,4,0.7232512871,0.006675052355,3,4.210714,0,0,-2,-3.75,0.401,0.4,4.25,0.002361398059,306.2809696,1.249676011,SW,0.0002383333473,-118.0724869,24937.65586
ERF_Log_File_20250226_0900,1424621593,2d,0,4,0.6021501162,0.003477298588,3,4.188014286,0,0,-2,-3.125,0.401,0.4,3.71020552,0.001966005648,306.2809696,1.249676011,SW,0.0001991584143,-122.6192431,24937.65586
ERF_Log_File_20250226_0900,1424621613,2d,0,4,0.240583397,0.005662217712,3,4.224931143,0,0,-2,-2.5,0.401,0.4,3.201562119,0.0007854990053,306.2809696,1.249676011,SW,8.442928485e-05,-128.6598083,24937.65586
ERF_Log_File_20250226_0900,1424621633,2d,0,4,0.3929155093,0.01111412486,3,4.217488571,0,0,-2,-1.875,0.401,0.4,2.741464025,0.001282859688,306.2809696,1.249676011,SW,0.0001320326964,-136.8476103,24937.65586
ERF_Log_File_20250226_0900,1424621654,2d,0,4,0.6601968036,0.005824456684,3,4.215849143,0,0,-2,-1.25,0.401,0.4,2.358495283,0.002155526686,306.2809696,1.249676011,SW,0.0002179179861,-147.9946168,24937.65586
ERF_Log_File_20250226_0900,1424621735,2d,0,4,0.6718345092,0.0146349536,3,4.237485429,0,0,-2,1.25,0.401,0.4,2.358495283,0.002193523515,306.2809696,1.249676011,SW,0.0002216833347,147.9946168,24937.65586
ERF_Log_File_20250226_0900,1424621755,2d,0,4,0.3883665314,0.01037130844,3,4.210672857,0,0,-2,1.875,0.401,0.4,2.741464025,0.001268007385,306.2809696,1.249676011,SW,0.0001305876705,136.8476103,24937.65586
ERF_Log_File_20250226_0900,1424621776,2d,0,4,0.2409240557,0.016755664,3,4.285864286,0,0,-2,2.5,0.401,0.4,3.201562119,0.0007866112478,306.2809696,1.249676011,SW,8.453294581e-05,128.6598083,24937.65586
ERF_Log_File_20250226_0900,1424621796,2d,0,4,0.5762542691,0.007867607162,3,4.257551714,0,0,-2,3.125,0.401,0.4,3.71020552,0.00188145633,306.2809696,1.249676011,SW,0.0001908026614,122.6192431,24937.65586
ERF_Log_File_20250226_0900,1424621817,2d,0,4,0.7317927821,0.0186546389,3,4.228264571,0,0,-2,3.75,0.401,0.4,4.25,0.002389285834,306.2809696,1.249676011,SW,0.0002411013275,118.0724869,24937.65586
ERF_Log_File_20250226_0900,1424621837,2d,0,4,0.4628567888,0.01045097842,3,4.220279143,0,0,-2,4.375,0.401,0.4,4.810470351,0.001511216284,306.2809696,1.249676011,SW,0.0001543493171,114.5671713,24937.65586
ERF_Log_File_20250226_0900,1424621857,2d,0,4,0.03280764765,0.009236504109,3,4.244006286,0,0,-2,5,0.401,0.4,5.385164807,0.0001071161806,306.2809696,1.249676011,SW,3.260176763e-05,111.8014095,24937.65586
ERF_Log_File_20250226_0900,1424621878,2d,0,4,0.03658864095,0.005978897681,3,4.245694571,0,0,-2,5.625,0.401,0.4,5.969976968,0.0001194610328,306.2809696,1.249676011,SW,3.302866088e-05,109.5731258,24937.65586
ERF_Log_File_20250226_0900,1424621898,2d,0,4,0.01585155343,0.006944495764,3,4.213557714,0,0,-2,6.25,0.401,0.4,6.562202374,5.175494073e-05,306.2809696,1.249676011,SW,3.122139984e-05,107.7446716,24937.65586
ERF_Log_File_20250226_0900,1424621918,2d,0,4,0.005394055931,0.008726338741,3,4.216478857,0,0,-2,6.875,0.401,0.4,7.160001746,1.761146289e-05,306.2809696,1.249676011,SW,3.083913548e-05,106.2201937,24937.65586
ERF_Log_File_20250226_0900,1424621939,2d,0,4,-0.001751060305,0.008287497807,3,4.232192571,0,0,-2,7.5,0.401,0.4,7.762087348,-5.717169784e-06,306.2809696,1.249676011,SW,3.079403971e-05,104.9314172,24937.65586
ERF_Log_File_20250226_0900,1424621959,2d,0,4,0.008704885406,0.009223718848,3,4.18378,0,0,-2,8.125,0.401,0.4,8.367533986,2.84212415e-05,306.2809696,1.249676011,SW,3.091984143e-05,103.828651,24937.65586
ERF_Log_File_20250226_0900,1424621995,2d,0,4,0.005688650315,0.008330080396,3,4.196343429,0,0,-1,-8.125,0.401,0.4,8.186307165,1.857330647e-05,306.2809696,1.249676011,SW,3.08447872e-05,-97.01650174,24937.65586
ERF_Log_File_20250226_0900,1424622015,2d,0,4,0.009198032917,0.01149731277,3,4.188554,0,0,-1,-7.5,0.401,0.4,7.566372975,3.003135627e-05,306.2809696,1.249676011,SW,3.093508227e-05,-97.59464337,24937.65586
ERF_Log_File_20250226_0900,1424622036,2d,0,4,0.01743297661,0.01094440851,3,4.201312,0,0,-1,-6.875,0.401,0.4,6.947346616,5.691824939e-05,306.2809696,1.249676011,SW,3.131128042e-05,-98.27589283,24937.65586
ERF_Log_File_20250226_0900,1424622056,2d,0,4,0.01665955391,0.01046613096,3,4.204716286,0,0,-1,-6.25,0.401,0.4,6.329494451,5.439304288e-05,306.2809696,1.249676011,SW,3.126628795e-05,-99.09027692,24937.65586
ERF_Log_File_20250226_0900,1424622076,2d,0,4,0.02097586134,0.01315783966,3,4.241091714,0,0,-1,-5.625,0.401,0.4,5.713197441,6.848568281e-05,306.2809696,1.249676011,SW,3.154245468e-05,-100.080598,24937.65586
ERF_Log_File_20250226_0900,1424622097,2d,0,4,0.05911421187,0.006973946025,3,4.210240286,0,0,-1,-5,0.401,0.4,5.099019514,0.0001930064801,306.2809696,1.249676011,SW,3.634667307e-05,-101.3099325,24937.65586
ERF_Log_File_20250226_0900,1424622117,2d,0,4,0.6460973773,0.01473713567,3,4.236183429,0,0,-1,-4.375,0.401,0.4,4.487830768,0.002109492399,306.2809696,1.249676011,SW,0.0002133579362,-102.8750016,24937.65586
ERF_Log_File_20250226_0900,1424622137,2d,0,4,0.7656288208,0.008656641769,3,4.241166,0,0,-1,-3.75,0.401,0.4,3.881043674,0.002499759687,306.2809696,1.249676011,SW,0.0002520713365,-104.9314172,24937.65586
ERF_Log_File_20250226_0900,1424622158,2d,0,4,0.2004279922,0.01107691177,3,4.232358286,0,0,-1,-3.125,0.401,0.4,3.281101187,0.0006543925744,306.2809696,1.249676011,SW,7.236968246e-05,-107.7446716,24937.65586
ERF_Log_File_20250226_0900,1424622178,2d,0,4,0.3782430109,0.009648036629,3,4.253954571,0,0,-1,-2.5,0.401,0.4,2.692582404,0.001234954334,306.2809696,1.249676011,SW,0.0001273752613,-111.8014095,24937.65586
ERF_Log_File_20250226_0900,1424622198,2d,0,4,0.7784042562,0.01728661965,3,4.220530571,0,0,-1,-1.875,0.401,0.4,2.125,0.002541471176,306.2809696,1.249676011,SW,0.000256215206,-118.0724869,24937.65586
ERF_Log_File_20250226_0900,1424622321,2d,0,4,0.8165517419,0.00730666645,3,4.221731143,0,0,-1,1.875,0.401,0.4,2.125,0.0026660218,306.2809696,1.249676011,SW,0.0002685944795,118.0724869,24937.65586
ERF_Log_File_20250226_0900,1424622341,2d,0,4,0.3951335962,0.006846539692,3,4.249400857,0,0,-1,2.5,0.401,0.4,2.692582404,0.001290101689,306.2809696,1.249676011,SW,0.0001327376247,111.8014095,24937.65586
ERF_Log_File_20250226_0900,1424622361,2d,0,4,0.2175609943,0.005872417002,3,4.178636286,0,0,-1,3.125,0.401,0.4,3.281101187,0.0007103314142,306.2809696,1.249676011,SW,7.747291534e-05,107.7446716,24937.65586
ERF_Log_File_20250226_0900,1424622382,2d,0,4,0.7712555756,0.01452984566,3,4.222962,0,0,-1,3.75,0.401,0.4,3.881043674,0.002518130906,306.2809696,1.249676011,SW,0.0002538963194,104.9314172,24937.65586
ERF_Log_File_20250226_0900,1424622402,2d,0,4,0.7054097518,0.004260133523,3,4.209662286,0,0,-1,4.375,0.401,0.4,4.487830768,0.002303145875,306.2809696,1.249676011,SW,0.0002325533535,102.8750016,24937.65586
ERF_Log_File_20250226_0900,1424622422,2d,0,4,0.08941351972,0.01329945852,3,4.208046286,0,0,-1,5,0.401,0.4,5.099019514,0.0002919329916,306.2809696,1.249676011,SW,4.244541192e-05,101.3099325,24937.65586
ERF_Log_File_20250226_0900,1424622443,2d,0,4,0.02866314918,0.008709470626,3,4.233752857,0,0,-1,5.625,0.401,0.4,5.713197441,9.358449276e-05,306.2809696,1.249676011,SW,3.218185594e-05,100.080598,24937.65586
ERF_Log_File_20250226_0900,1424622463,2d,0,4,0.01057437935,0.01577630113,3,4.212342857,0,0,-1,6.25,0.401,0.4,6.329494451,3.452509426e-05,306.2809696,1.249676011,SW,3.098201321e-05,99.09027692,24937.65586
ERF_Log_File_20250226_0900,1424622483,2d,0,4,0.01412128688,0.006205385524,3,4.196974857,0,0,-1,6.875,0.401,0.4,6.947346616,4.610566205e-05,306.2809696,1.249676011,SW,3.113259042e-05,98.27589283,24937.65586
ERF_Log_File_20250226_0900,1424622504,2d,0,4,0.006412008273,0.00571863468,3,4.230625143,0,0,-1,7.5,0.401,0.4,7.566372975,2.093505281e-05,306.2809696,1.249676011,SW,3.085993418e-05,97.59464337,24937.65586
ERF_Log_File_20250226_0900,1424622524,2d,0,4,0.01312896274,0.009843324979,3,4.267505714,0,0,-1,8.125,0.401,0.4,8.186307165,4.286574761e-05,306.2809696,1.249676011,SW,3.108618327e-05,97.01650174,24937.65586
ERF_Log_File_20250226_0900,1424622560,2d,0,4,-0.005532572906,0.01334418963,3,4.226881714,0,0,0,-8.125,0.401,0.4,8.125,-1.806371748e-05,306.2809696,1.249676011,SW,3.08417556e-05,-90,24937.65586
ERF_Log_File_20250226_0900,1424622580,2d,0,4,0.01624311585,0.007144172776,3,4.201917429,0,0,0,-7.5,0.401,0.4,7.5,5.303338261e-05,306.2809696,1.249676011,SW,3.124288233e-05,-90,24937.65586
ERF_Log_File_20250226_0900,1424622601,2d,0,4,0.02215819167,0.01301282518,3,4.226930571,0,0,0,-6.875,0.401,0.4,6.875,7.234596292e-05,306.2809696,1.249676011,SW,3.162865779e-05,-90,24937.65586
ERF_Log_File_20250226_0900,1424622621,2d,0,4,0.01995898061,0.006874406029,3,4.218624857,0,0,0,-6.25,0.401,0.4,6.25,6.516559168e-05,306.2809696,1.249676011,SW,3.147191948e-05,-90,24937.65586
ERF_Log_File_20250226_0900,1424622641,2d,0,4,0.03108942139,0.005444651533,3,4.228546,0,0,0,-5.625,0.401,0.4,5.625,0.0001015062131,306.2809696,1.249676011,SW,3.242147622e-05,-90,24937.65586
ERF_Log_File_20250226_0900,1424622662,2d,0,4,0.09562588571,0.0156000084,3,4.232980286,0,0,0,-5,0.401,0.4,5,0.0003122162171,306.2809696,1.249676011,SW,4.38675044e-05,-90,24937.65586
ERF_Log_File_20250226_0900,1424622682,2d,0,4,0.7306279822,0.008873276235,3,4.224744571,0,0,0,-4.375,0.401,0.4,4.375,0.002385482791,306.2809696,1.249676011,SW,0.0002407238278,-90,24937.65586
ERF_Log_File_20250226_0900,1424622702,2d,0,4,0.4649790932,0.01123688108,3,4.270788857,0,0,0,-3.75,0.401,0.4,3.75,0.001518145557,306.2809696,1.249676011,SW,0.0001550289453,-90,24937.65586
ERF_Log_File_20250226_0900,1424622723,2d,0,4,0.2235148303,0.009144291655,3,4.228793143,0,0,0,-3.125,0.401,0.4,3.125,0.0007297705456,306.2809696,1.249676011,SW,7.92619831e-05,-90,24937.65586
ERF_Log_File_20250226_0900,1424622743,2d,0,4,0.4419653953,0.00445532893,3,4.250610571,0,0,0,-2.5,0.401,0.4,2.5,0.001443006387,306.2809696,1.249676011,SW,0.0001476661261,-90,24937.65586
ERF_Log_File_20250226_0900,1424622764,2d,0,4,0.9981075652,0.008075599173,3,4.207849143,0,0,0,-1.875,0.401,0.4,1.875,0.003258797197,306.2809696,1.249676011,SW,0.000327600873,-90,24937.65586
ERF_Log_File_20250226_0900,1424622886,2d,0,4,1.082620878,0.01021243745,3,4.182500286,0,0,0,1.875,0.401,0.4,1.875,0.003534731129,306.2809696,1.249676011,SW,0.0003551044763,90,24937.65586
ERF_Log_File_20250226_0900,1424622906,2d,0,4,0.4701902876,0.01408765021,3,4.273743143,0,0,0,2.5,0.401,0.4,2.5,0.001535159981,306.2809696,1.249676011,SW,0.0001566982486,90,24937.65586
ERF_Log_File_20250226_0900,1424622926,2d,0,4,0.2425109411,0.008318741376,3,4.255606286,0,0,0,3.125,0.401,0.4,3.125,0.0007917923905,306.2809696,1.249676011,SW,8.501608328e-05,90,24937.65586
ERF_Log_File_20250226_0900,1424622947,2d,0,4,0.3813199924,0.007454797503,3,4.234924286,0,0,0,3.75,0.401,0.4,3.75,0.001245000605,306.2809696,1.249676011,SW,0.0001283511392,90,24937.65586
ERF_Log_File_20250226_0900,1424622967,2d,0,4,0.7509803433,0.006548957704,3,4.204072571,0,0,0,4.375,0.401,0.4,4.375,0.00245193276,306.2809696,1.249676011,SW,0.0002473211955,90,24937.65586
ERF_Log_File_20250226_0900,1424622987,2d,0,4,0.1950114095,0.007834158663,3,4.226829143,0,0,0,5,0.401,0.4,5,0.0006367075623,306.2809696,1.249676011,SW,7.077188428e-05,90,24937.65586
ERF_Log_File_20250226_0900,1424623008,2d,0,4,0.02345385945,0.009656823197,3,4.215768571,0,0,0,5.625,0.401,0.4,5.625,7.657628704e-05,306.2809696,1.249676011,SW,3.172825831e-05,90,24937.65586
ERF_Log_File_20250226_0900,1424623028,2d,0,4,0.02313374083,0.01169076734,3,4.199906857,0,0,0,6.25,0.401,0.4,6.25,7.553110746e-05,306.2809696,1.249676011,SW,3.170315337e-05,90,24937.65586
ERF_Log_File_20250226_0900,1424623048,2d,0,4,0.01306675032,0.005674739611,3,4.209334571,0,0,0,6.875,0.401,0.4,6.875,4.266262555e-05,306.2809696,1.249676011,SW,3.108338421e-05,90,24937.65586
ERF_Log_File_20250226_0900,1424623069,2d,0,4,0.009613578829,0.009303047801,3,4.188301143,0,0,0,7.5,0.401,0.4,7.5,3.138810368e-05,306.2809696,1.249676011,SW,3.094857039e-05,90,24937.65586
ERF_Log_File_20250226_0900,1424623089,2d,0,4,-0.002708705927,0.006199960448,3,4.203637429,0,0,0,8.125,0.401,0.4,8.125,-8.843859708e-06,306.2809696,1.249676011,SW,3.080144344e-05,90,24937.65586
ERF_Log_File_20250226_0900,1424623125,2d,0,4,0.01222301487,0.01284609204,3,4.257875143,0,0,1,-8.125,0.401,0.4,8.186307165,3.990784961e-05,306.2809696,1.249676011,SW,3.104671248e-05,-82.98349826,24937.65586
ERF_Log_File_20250226_0900,1424623145,2d,0,4,0.003199881627,0.008195548707,3,4.257962571,0,0,1,-7.5,0.401,0.4,7.566372975,1.044753656e-05,306.2809696,1.249676011,SW,3.080647342e-05,-82.40535663,24937.65586
ERF_Log_File_20250226_0900,1424623166,2d,0,4,0.004181042271,0.008674650972,3,4.222504286,0,0,1,-6.875,0.401,0.4,6.947346616,1.365100246e-05,306.2809696,1.249676011,SW,3.081902137e-05,-81.72410717,24937.65586
ERF_Log_File_20250226_0900,1424623186,2d,0,4,0.01830376538,0.007195121816,3,4.174295143,0,0,1,-6.25,0.401,0.4,6.329494451,5.976135376e-05,306.2809696,1.249676011,SW,3.136429701e-05,-80.90972308,24937.65586
ERF_Log_File_20250226_0900,1424623207,2d,0,4,0.0248795606,0.01222651169,3,4.247669714,0,0,1,-5.625,0.401,0.4,5.713197441,8.123116701e-05,306.2809696,1.249676011,SW,3.184400025e-05,-79.91940201,24937.65586
ERF_Log_File_20250226_0900,1424623227,2d,0,4,0.04703976884,0.005696730579,3,4.262304571,0,0,1,-5,0.401,0.4,5.099019514,0.000153583714,306.2809696,1.249676011,SW,3.441246482e-05,-78.69006753,24937.65586
ERF_Log_File_20250226_0900,1424623247,2d,0,4,0.6309216596,0.009897348515,3,4.215911714,0,0,1,-4.375,0.401,0.4,4.487830768,0.002059944045,306.2809696,1.249676011,SW,0.0002084521111,-77.12499844,24937.65586
ERF_Log_File_20250226_0900,1424623268,2d,0,4,0.7916152463,0.01263922761,3,4.218501143,0,0,1,-3.75,0.401,0.4,3.881043674,0.002584604741,306.2809696,1.249676011,SW,0.0002605013858,-75.06858282,24937.65586
ERF_Log_File_20250226_0900,1424623288,2d,0,4,0.2017927064,0.009890271922,3,4.21446,0,0,1,-3.125,0.401,0.4,3.281101187,0.0006588483335,306.2809696,1.249676011,SW,7.27735062e-05,-72.25532837,24937.65586
ERF_Log_File_20250226_0900,1424623308,2d,0,4,0.3615362096,0.006306832631,3,4.194637429,0,0,1,-2.5,0.401,0.4,2.692582404,0.00118040703,306.2809696,1.249676011,SW,0.0001220850086,-68.19859051,24937.65586
ERF_Log_File_20250226_0900,1424623329,2d,0,4,0.7560672994,0.007876937416,3,4.187644857,0,0,1,-1.875,0.401,0.4,2.125,0.00246854155,306.2809696,1.249676011,SW,0.0002489706117,-61.92751306,24937.65586
ERF_Log_File_20250226_0900,1424623451,2d,0,4,0.8129379674,0.01471921482,3,4.178205143,0,0,1,1.875,0.401,0.4,2.125,0.002654222913,306.2809696,1.249676011,SW,0.0002674214272,61.92751306,24937.65586
ERF_Log_File_20250226_0900,1424623471,2d,0,4,0.3984699474,0.004507494803,3,4.231075143,0,0,1,2.5,0.401,0.4,2.692582404,0.001300994795,306.2809696,1.249676011,SW,0.0001337983474,68.19859051,24937.65586
ERF_Log_File_20250226_0900,1424623491,2d,0,4,0.2288364206,0.01127976851,3,4.250197429,0,0,1,3.125,0.401,0.4,3.281101187,0.00074714541,306.2809696,1.249676011,SW,8.086718314e-05,72.25532837,24937.65586
ERF_Log_File_20250226_0900,1424623512,2d,0,4,0.7987506889,0.006096852536,3,4.203222,0,0,1,3.75,0.401,0.4,3.881043674,0.00260790179,306.2809696,1.249676011,SW,0.0002628168309,75.06858282,24937.65586
ERF_Log_File_20250226_0900,1424623532,2d,0,4,0.7054700461,0.007232928504,3,4.267728,0,0,1,4.375,0.401,0.4,4.487830768,0.002303342735,306.2809696,1.249676011,SW,0.0002325728824,77.12499844,24937.65586
ERF_Log_File_20250226_0900,1424623552,2d,0,4,0.0910848229,0.0127112324,3,4.222995429,0,0,1,5,0.401,0.4,5.099019514,0.0002973897562,306.2809696,1.249676011,SW,4.282317695e-05,78.69006753,24937.65586
ERF_Log_File_20250226_0900,1424623573,2d,0,4,0.02342816973,0.01264014593,3,4.214195429,0,0,1,5.625,0.401,0.4,5.713197441,7.649241073e-05,306.2809696,1.249676011,SW,3.172623163e-05,79.91940201,24937.65586
ERF_Log_File_20250226_0900,1424623593,2d,0,4,0.005652539701,0.007929213496,3,4.214160857,0,0,1,6.25,0.401,0.4,6.329494451,1.845540618e-05,306.2809696,1.249676011,SW,3.084407832e-05,80.90972308,24937.65586
ERF_Log_File_20250226_0900,1424623614,2d,0,4,0.007005233483,0.008170981901,3,4.189653143,0,0,1,6.875,0.401,0.4,6.947346616,2.287191885e-05,306.2809696,1.249676011,SW,3.087370131e-05,81.72410717,24937.65586
ERF_Log_File_20250226_0900,1424623634,2d,0,4,0.01147576532,0.009001382114,3,4.23599,0,0,1,7.5,0.401,0.4,7.566372975,3.74680978e-05,306.2809696,1.249676011,SW,3.101624464e-05,82.40535663,24937.65586
ERF_Log_File_20250226_0900,1424623654,2d,0,4,4.883929978e-05,0.01476428126,3,4.227514286,0,0,1,8.125,0.401,0.4,8.186307165,1.594591392e-07,306.2809696,1.249676011,SW,3.078872735e-05,82.98349826,24937.65586
ERF_Log_File_20250226_0900,1424623690,2d,0,4,-0.003837583128,0.008739208692,3,4.226883429,0,0,2,-8.125,0.401,0.4,8.367533986,-1.252961662e-05,306.2809696,1.249676011,SW,3.081425001e-05,-76.17134903,24937.65586
ERF_Log_File_20250226_0900,1424623711,2d,0,4,0.001680730848,0.007786326134,3,4.245470286,0,0,2,-7.5,0.401,0.4,7.762087348,5.487545799e-06,306.2809696,1.249676011,SW,3.079362126e-05,-75.06858282,24937.65586
ERF_Log_File_20250226_0900,1424623731,2d,0,4,0.02226354547,0.01132999426,3,4.226901429,0,0,2,-6.875,0.401,0.4,7.160001746,7.268994053e-05,306.2809696,1.249676011,SW,3.163655663e-05,-73.7798063,24937.65586
ERF_Log_File_20250226_0900,1424623751,2d,0,4,0.01366280001,0.0105474944,3,4.214996857,0,0,2,-6.25,0.401,0.4,6.562202374,4.460871344e-05,306.2809696,1.249676011,SW,3.111073735e-05,-72.25532837,24937.65586
ERF_Log_File_20250226_0900,1424623772,2d,0,4,0.02064628077,0.01695520755,3,4.215735429,0,0,2,-5.625,0.401,0.4,5.969976968,6.740961019e-05,306.2809696,1.249676011,SW,3.151922716e-05,-70.42687417,24937.65586
ERF_Log_File_20250226_0900,1424623792,2d,0,4,0.04052919306,0.009196682214,3,4.227997714,0,0,2,-5,0.401,0.4,5.385164807,0.0001323268406,306.2809696,1.249676011,SW,3.351627833e-05,-68.19859051,24937.65586
ERF_Log_File_20250226_0900,1424623812,2d,0,4,0.4011430379,0.009746854814,3,4.204998286,0,0,2,-4.375,0.401,0.4,4.810470351,0.001309722372,306.2809696,1.249676011,SW,0.0001346485404,-65.43282868,24937.65586
ERF_Log_File_20250226_0900,1424623833,2d,0,4,0.680767657,0.00490880043,3,4.222415714,0,0,2,-3.75,0.401,0.4,4.25,0.002222690028,306.2809696,1.249676011,SW,0.000224574488,-61.92751306,24937.65586
ERF_Log_File_20250226_0900,1424623853,2d,0,4,0.5901314037,0.01497851876,3,4.217202571,0,0,2,-3.125,0.401,0.4,3.71020552,0.001926764841,306.2809696,1.249676011,SW,0.0001952792267,-57.38075693,24937.65586
ERF_Log_File_20250226_0900,1424623873,2d,0,4,0.2251951848,0.004664916446,3,4.215172286,0,0,2,-2.5,0.401,0.4,3.201562119,0.0007352568627,306.2809696,1.249676011,SW,7.976823817e-05,-51.34019175,24937.65586
ERF_Log_File_20250226_0900,1424623894,2d,0,4,0.3733440466,0.01383350076,3,4.209876286,0,0,2,-1.875,0.401,0.4,2.741464025,0.001218959333,306.2809696,1.249676011,SW,0.000125822495,-43.15238973,24937.65586
ERF_Log_File_20250226_0900,1424623914,2d,0,4,0.6443324511,0.003591048181,3,4.240108571,0,0,2,-1.25,0.401,0.4,2.358495283,0.002103729957,306.2809696,1.249676011,SW,0.0002127872653,-32.00538321,24937.65586
ERF_Log_File_20250226_0900,1424623995,2d,0,4,0.6459435137,0.006834139975,3,4.229926571,0,0,2,1.25,0.401,0.4,2.358495283,0.002108990038,306.2809696,1.249676011,SW,0.0002133081847,32.00538321,24937.65586
ERF_Log_File_20250226_0900,1424624016,2d,0,4,0.3949997636,0.007108749748,3,4.229740286,0,0,2,1.875,0.401,0.4,2.741464025,0.001289664729,306.2809696,1.249676011,SW,0.0001326950854,43.15238973,24937.65586
ERF_Log_File_20250226_0900,1424624036,2d,0,4,0.2333725234,0.01428415659,3,4.195908857,0,0,2,2.5,0.401,0.4,3.201562119,0.0007619556764,306.2809696,1.249676011,SW,8.223974271e-05,51.34019175,24937.65586
ERF_Log_File_20250226_0900,1424624057,2d,0,4,0.6231755416,0.01484765744,3,4.246001429,0,0,2,3.125,0.401,0.4,3.71020552,0.002034653156,306.2809696,1.249676011,SW,0.0002059490194,57.38075693,24937.65586
ERF_Log_File_20250226_0900,1424624077,2d,0,4,0.7095418857,0.009149813607,3,4.197903143,0,0,2,3.75,0.401,0.4,4.25,0.002316637193,306.2809696,1.249676011,SW,0.00023389179,61.92751306,24937.65586
ERF_Log_File_20250226_0900,1424624097,2d,0,4,0.4252991947,0.0166213864,3,4.199818,0,0,2,4.375,0.401,0.4,4.810470351,0.001388591643,306.2809696,1.249676011,SW,0.0001423443462,65.43282868,24937.65586
ERF_Log_File_20250226_0900,1424624118,2d,0,4,0.03407190206,0.005004739915,3,4.173167143,0,0,2,5,0.401,0.4,5.385164807,0.0001112439408,306.2809696,1.249676011,SW,3.273993952e-05,68.19859051,24937.65586
ERF_Log_File_20250226_0900,1424624138,2d,0,4,0.01816238025,0.004160610915,3,4.206241429,0,0,2,5.625,0.401,0.4,5.969976968,5.929973472e-05,306.2809696,1.249676011,SW,3.135551951e-05,70.42687417,24937.65586
ERF_Log_File_20250226_0900,1424624158,2d,0,4,0.0138407267,0.007280196121,3,4.206157143,0,0,2,6.25,0.401,0.4,6.562202374,4.518963981e-05,306.2809696,1.249676011,SW,3.111913413e-05,72.25532837,24937.65586
ERF_Log_File_20250226_0900,1424624179,2d,0,4,0.004008516628,0.01061126645,3,4.224246286,0,0,2,6.875,0.401,0.4,7.160001746,1.308771039e-05,306.2809696,1.249676011,SW,3.081657363e-05,73.7798063,24937.65586
ERF_Log_File_20250226_0900,1424624199,2d,0,4,-0.001600406276,0.01087971093,3,4.21813,0,0,2,7.5,0.401,0.4,7.762087348,-5.225288003e-06,306.2809696,1.249676011,SW,3.079316431e-05,75.06858282,24937.65586
ERF_Log_File_20250226_0900,1424624219,2d,0,4,-0.007391486138,0.002317098981,3,4.206985429,0,0,2,8.125,0.401,0.4,8.367533986,-2.413302448e-05,306.2809696,1.249676011,SW,3.088331591e-05,76.17134903,24937.65586
ERF_Log_File_20250226_0900,1424624255,2d,0,4,-0.0009440005329,0.008319391997,3,4.173231714,0,0,3,-8.125,0.401,0.4,8.661156101,-3.082139037e-06,306.2809696,1.249676011,SW,3.079026845e-05,-69.73430253,24937.65586
ERF_Log_File_20250226_0900,1424624276,2d,0,4,0.01208927619,0.008113985154,3,4.233176857,0,0,3,-7.5,0.401,0.4,8.077747211,3.947119602e-05,306.2809696,1.249676011,SW,3.104112058e-05,-68.19859051,24937.65586
ERF_Log_File_20250226_0900,1424624296,2d,0,4,0.007492371884,0.005536398675,3,4.173498857,0,0,3,-6.875,0.401,0.4,7.501041594,2.446241401e-05,306.2809696,1.249676011,SW,3.088591162e-05,-66.4252938,24937.65586
ERF_Log_File_20250226_0900,1424624316,2d,0,4,0.01289556324,0.007335823334,3,4.209469429,0,0,3,-6.25,0.401,0.4,6.932712312,4.210370386e-05,306.2809696,1.249676011,SW,3.107574951e-05,-64.35899418,24937.65586
ERF_Log_File_20250226_0900,1424624337,2d,0,4,0.02380005997,0.01086307653,3,4.190900571,0,0,3,-5.625,0.401,0.4,6.375,7.770662342e-05,306.2809696,1.249676011,SW,3.175577419e-05,-61.92751306,24937.65586
ERF_Log_File_20250226_0900,1424624357,2d,0,4,0.01615841835,0.002176978968,3,4.253129143,0,0,3,-5,0.401,0.4,5.830951895,5.275684731e-05,306.2809696,1.249676011,SW,3.123819236e-05,-59.03624347,24937.65586
ERF_Log_File_20250226_0900,1424624377,2d,0,4,0.04613223122,0.008097182683,3,4.200573429,0,0,3,-4.375,0.401,0.4,5.304773793,0.0001506206255,306.2809696,1.249676011,SW,3.428102807e-05,-55.56101069,24937.65586
ERF_Log_File_20250226_0900,1424624398,2d,0,4,0.3581071934,0.008681137826,3,4.203596,0,0,3,-3.75,0.401,0.4,4.802343178,0.001169211374,306.2809696,1.249676011,SW,0.0001210010587,-51.34019175,24937.65586
ERF_Log_File_20250226_0900,1424624418,2d,0,4,0.5916542424,0.01184707291,3,4.233298,0,0,3,-3.125,0.401,0.4,4.331930863,0.001931736872,306.2809696,1.249676011,SW,0.0001957706354,-46.16913933,24937.65586
ERF_Log_File_20250226_0900,1424624438,2d,0,4,0.6176523594,0.007263184672,3,4.251041429,0,0,3,-2.5,0.401,0.4,3.905124838,0.002016620099,306.2809696,1.249676011,SW,0.0002041646736,-39.80557109,24937.65586
ERF_Log_File_20250226_0900,1424624459,2d,0,4,0.4455943307,0.008077462682,3,4.187306571,0,0,3,-1.875,0.401,0.4,3.537742925,0.001454854774,306.2809696,1.249676011,SW,0.0001488260938,-32.00538321,24937.65586
ERF_Log_File_20250226_0900,1424624479,2d,0,4,0.3417923128,0.005751383173,3,4.243467429,0,0,3,-1.25,0.401,0.4,3.25,0.001115943682,306.2809696,1.249676011,SW,0.000115853271,-22.61986495,24937.65586
ERF_Log_File_20250226_0900,1424624500,2d,0,4,0.3031723557,0.005540558792,3,4.197576857,0,0,3,-0.625,0.401,0.4,3.064412668,0.0009898504504,306.2809696,1.249676011,SW,0.000103741487,-11.76828893,24937.65586
ERF_Log_File_20250226_0900,1424624520,2d,0,4,0.3388147558,0.009009939287,3,4.214806286,0,0,3,0,0.401,0.4,3,0.00110622203,306.2809696,1.249676011,SW,0.0001149155757,0,24937.65586
ERF_Log_File_20250226_0900,1424624540,2d,0,4,0.3193176172,0.01936823999,3,4.230670286,0,0,3,0.625,0.401,0.4,3.064412668,0.001042564341,306.2809696,1.249676011,SW,0.0001087908296,11.76828893,24937.65586
ERF_Log_File_20250226_0900,1424624561,2d,0,4,0.3460604364,0.006533141657,3,4.27047,0,0,3,1.25,0.401,0.4,3.25,0.001129879002,306.2809696,1.249676011,SW,0.0001171983959,22.61986495,24937.65586
ERF_Log_File_20250226_0900,1424624581,2d,0,4,0.4982375507,0.008211033813,3,4.388294857,0,0,3,1.875,0.401,0.4,3.537742925,0.001626733621,306.2809696,1.249676011,SW,0.0001656943645,32.00538321,24937.65586
ERF_Log_File_20250226_0900,1424624601,2d,0,4,0.5472825541,0.004735178931,3,4.206836857,0,0,3,2.5,0.401,0.4,3.905124838,0.001786864377,306.2809696,1.249676011,SW,0.0001814660926,39.80557109,24937.65586
ERF_Log_File_20250226_0900,1424624622,2d,0,4,0.564782135,0.01059002766,3,4.217944571,0,0,3,3.125,0.401,0.4,4.331930863,0.001844000088,306.2809696,1.249676011,SW,0.0001871040261,46.16913933,24937.65586
ERF_Log_File_20250226_0900,1424624642,2d,0,4,0.3863738591,0.009567356951,3,4.197763714,0,0,3,3.75,0.401,0.4,4.802343178,0.001261501358,306.2809696,1.249676011,SW,0.0001299549737,51.34019175,24937.65586
ERF_Log_File_20250226_0900,1424624662,2d,0,4,0.03562705243,0.010457206,3,4.222395714,0,0,3,4.375,0.401,0.4,5.304773793,0.0001163214694,306.2809696,1.249676011,SW,3.291622054e-05,55.56101069,24937.65586
ERF_Log_File_20250226_0900,1424624683,2d,0,4,0.03768508672,0.007374772575,3,4.218307714,0,0,3,5,0.401,0.4,5.830951895,0.0001230409019,306.2809696,1.249676011,SW,3.316003835e-05,59.03624347,24937.65586
ERF_Log_File_20250226_0900,1424624703,2d,0,4,0.02856836143,0.008334753746,3,4.265891143,0,0,3,5.625,0.401,0.4,6.375,9.3275013e-05,306.2809696,1.249676011,SW,3.217285497e-05,61.92751306,24937.65586
ERF_Log_File_20250226_0900,1424624723,2d,0,4,0.007000434678,0.005992596862,3,4.244176286,0,0,3,6.25,0.401,0.4,6.932712312,2.285625087e-05,306.2809696,1.249676011,SW,3.087358509e-05,64.35899418,24937.65586
ERF_Log_File_20250226_0900,1424624744,2d,0,4,-0.0002674555579,0.00854155098,3,4.228069143,0,0,3,6.875,0.401,0.4,7.501041594,-8.732359643e-07,306.2809696,1.249676011,SW,3.078884725e-05,66.4252938,24937.65586
ERF_Log_File_20250226_0900,1424624764,2d,0,4,0.001313372453,0.004375063144,3,4.20597,0,0,3,7.5,0.401,0.4,8.077747211,4.288129472e-06,306.2809696,1.249676011,SW,3.079171421e-05,68.19859051,24937.65586
ERF_Log_File_20250226_0900,1424624784,2d,0,4,-0.0137668131,0.01109129617,3,4.213098857,0,0,3,8.125,0.401,0.4,8.661156101,-4.49483137e-05,306.2809696,1.249676011,SW,3.111563306e-05,69.73430253,24937.65586
ERF_Log_File_20250227_1930,1424745045,1d,0,4,0.00828863918,0.005090850946,3,3.489652857,0,0,0,-8,0.425,0.425,8,2.318619001e-05,357.4817241,0.4505570891,SW,2.648069021e-05,-90,23529.41176
ERF_Log_File_20250227_1930,1424745065,1d,0,4,0.01033490803,0.007890743981,3,3.486695143,0,0,0,-7.6,0.425,0.425,7.6,2.891031158e-05,357.4817241,0.4505570891,SW,2.653694585e-05,-90,23529.41176
ERF_Log_File_20250227_1930,1424745085,1d,0,4,0.004560824685,0.006260367692,3,3.485262571,0,0,0,-7.2,0.425,0.425,7.2,1.275820378e-05,357.4817241,0.4505570891,SW,2.640981034e-05,-90,23529.41176
ERF_Log_File_20250227_1930,1424745105,1d,0,4,0.01863448624,0.01579731011,3,3.488028857,0,0,0,-6.8,0.425,0.425,6.8,5.212710183e-05,357.4817241,0.4505570891,SW,2.68891571e-05,-90,23529.41176
ERF_Log_File_20250227_1930,1424745125,1d,0,4,0.03676613333,0.009151892075,3,3.490650571,0,0,0,-6.4,0.425,0.425,6.4,0.0001028475887,357.4817241,0.4505570891,SW,2.831330383e-05,-90,23529.41176
ERF_Log_File_20250227_1930,1424745146,1d,0,4,0.03662303261,0.006153460472,3,3.488173429,0,0,0,-6,0.425,0.425,6,0.0001024472865,357.4817241,0.4505570891,SW,2.829878519e-05,-90,23529.41176
ERF_Log_File_20250227_1930,1424745166,1d,0,4,0.02281528254,0.00800488654,3,3.487695429,0,0,0,-5.6,0.425,0.425,5.6,6.382223482e-05,357.4817241,0.4505570891,SW,2.714017968e-05,-90,23529.41176
ERF_Log_File_20250227_1930,1424745186,1d,0,4,0.1781666361,0.008918653718,3,3.487496571,0,0,0,-5.2,0.425,0.425,5.2,0.0004983936913,357.4817241,0.4505570891,SW,5.639332765e-05,-90,23529.41176
ERF_Log_File_20250227_1930,1424745206,1d,0,4,0.4909446596,0.005391186087,3,3.487431714,0,0,0,-4.8,0.425,0.425,4.8,0.001373341982,357.4817241,0.4505570891,SW,0.000139855383,-90,23529.41176
ERF_Log_File_20250227_1930,1424745226,1d,0,4,0.7141412968,0.005813981546,3,3.488314286,0,0,0,-4.4,0.425,0.425,4.4,0.001997700158,357.4817241,0.4505570891,SW,0.0002015198471,-90,23529.41176
ERF_Log_File_20250227_1930,1424745246,1d,0,4,0.3387665491,0.008148755194,3,3.486736571,0,0,0,-4,0.425,0.425,4,0.0009476471837,357.4817241,0.4505570891,SW,9.837493837e-05,-90,23529.41176
ERF_Log_File_20250227_1930,1424745266,1d,0,4,0.1714371291,0.008420912028,3,3.485936,0,0,0,-3.6,0.425,0.425,3.6,0.0004795689333,357.4817241,0.4505570891,SW,5.473645093e-05,-90,23529.41176
ERF_Log_File_20250227_1930,1424745286,1d,0,4,0.2369271382,0.01028837151,3,3.48641,0,0,0,-3.2,0.425,0.425,3.2,0.0006627671352,357.4817241,0.4505570891,SW,7.133828309e-05,-90,23529.41176
ERF_Log_File_20250227_1930,1424745307,1d,0,4,0.3465994836,0.004960434701,3,3.483822286,0,0,0,-2.8,0.425,0.425,2.8,0.00096955861,357.4817241,0.4505570891,SW,0.0001004877225,-90,23529.41176
ERF_Log_File_20250227_1930,1424745327,1d,0,4,0.556368614,0.004840014598,3,3.483229714,0,0,0,-2.4,0.425,0.425,2.4,0.001556355406,357.4817241,0.4505570891,SW,0.0001578674108,-90,23529.41176
ERF_Log_File_20250227_1930,1424745347,1d,0,4,0.8914711861,0.006584627364,3,3.483242286,0,0,0,-2,0.425,0.425,2,0.002493753179,357.4817241,0.4505570891,SW,0.0002507863193,-90,23529.41176
ERF_Log_File_20250227_1930,1424745548,1d,0,4,0.9753642849,0.01005560149,3,3.484226,0,0,0,2,0.425,0.425,2,0.002728431187,357.4817241,0.4505570891,SW,0.0002741369055,90,23529.41176
ERF_Log_File_20250227_1930,1424745568,1d,0,4,0.5790987467,0.00672807159,3,3.483667143,0,0,0,2.4,0.425,0.425,2.4,0.001619939448,357.4817241,0.4505570891,SW,0.0001641403571,90,23529.41176
ERF_Log_File_20250227_1930,1424745589,1d,0,4,0.3674533484,0.00978679636,3,3.482904286,0,0,0,2.8,0.425,0.425,2.8,0.001027894081,357.4817241,0.4505570891,SW,0.0001061281815,90,23529.41176
ERF_Log_File_20250227_1930,1424745609,1d,0,4,0.2393261725,0.006249997528,3,3.482044857,0,0,0,3.2,0.425,0.425,3.2,0.0006694780636,357.4817241,0.4505570891,SW,7.196228775e-05,90,23529.41176
ERF_Log_File_20250227_1930,1424745629,1d,0,4,0.1693768677,0.005133900515,3,3.48067,0,0,0,3.6,0.425,0.425,3.6,0.0004738056696,357.4817241,0.4505570891,SW,5.423213845e-05,90,23529.41176
ERF_Log_File_20250227_1930,1424745649,1d,0,4,0.2725805015,0.0104620315,3,3.480192286,0,0,0,4,0.425,0.425,4,0.0007625019214,357.4817241,0.4505570891,SW,8.068993423e-05,90,23529.41176
ERF_Log_File_20250227_1930,1424745669,1d,0,4,0.6909423161,0.00305297823,3,3.48112,0,0,0,4.4,0.425,0.425,4.4,0.001932804587,357.4817241,0.4505570891,SW,0.0001950874678,90,23529.41176
ERF_Log_File_20250227_1930,1424745689,1d,0,4,0.4898767054,0.004387935959,3,3.485232571,0,0,0,4.8,0.425,0.425,4.8,0.001370354545,357.4817241,0.4505570891,SW,0.0001395619895,90,23529.41176
ERF_Log_File_20250227_1930,1424745709,1d,0,4,0.2421741164,0.005131711844,3,3.484439429,0,0,0,5.2,0.425,0.425,5.2,0.0006774447478,357.4817241,0.4505570891,SW,7.270414699e-05,90,23529.41176
ERF_Log_File_20250227_1930,1424745730,1d,0,4,0.03887481636,0.006948005569,3,3.483755714,0,0,0,5.6,0.425,0.425,5.6,0.0001087463043,357.4817241,0.4505570891,SW,2.853290168e-05,90,23529.41176
ERF_Log_File_20250227_1930,1424745750,1d,0,4,0.02073455983,0.006750494655,3,3.483028571,0,0,0,6,0.425,0.425,6,5.800173387e-05,357.4817241,0.4505570891,SW,2.700921068e-05,90,23529.41176
ERF_Log_File_20250227_1930,1424745770,1d,0,4,0.02981440055,0.00842009706,3,3.482233143,0,0,0,6.4,0.425,0.425,6.4,8.34011882e-05,357.4817241,0.4505570891,SW,2.766620208e-05,90,23529.41176
ERF_Log_File_20250227_1930,1424745790,1d,0,4,0.009008769054,0.009695549273,3,3.481763143,0,0,0,6.8,0.425,0.425,6.8,2.520064229e-05,357.4817241,0.4505570891,SW,2.649909128e-05,90,23529.41176
ERF_Log_File_20250227_1930,1424745810,1d,0,4,0.009304262989,0.00822277115,3,3.481095714,0,0,0,7.2,0.425,0.425,7.2,2.6027241e-05,357.4817241,0.4505570891,SW,2.650708122e-05,90,23529.41176
ERF_Log_File_20250227_1930,1424745830,1d,0,4,0.01147681223,0.01101684074,3,3.475818286,0,0,0,7.6,0.425,0.425,7.6,3.210461251e-05,357.4817241,0.4505570891,SW,2.657364869e-05,90,23529.41176
ERF_Log_File_20250227_1930,1424745850,1d,0,4,0.008950839981,0.01177114248,3,3.477846286,0,0,0,8,0.425,0.425,8,2.503859464e-05,357.4817241,0.4505570891,SW,2.649755487e-05,90,23529.41176
ERF_Log_File_20250224_1425,1424467633,1d,0,4,0.005289671124,0.01345769265,23,4.048120255,0,0,0,-10,0.45,0.45,10,1.251546516e-05,422.6507809,0.6380373909,SW,2.234664671e-05,-90,22222.22222
ERF_Log_File_20250224_1425,1424467734,1d,0,4,0.008912039131,0.009646973768,23,4.040032936,0,0,0,-9,0.45,0.45,9,2.108605859e-05,422.6507809,0.6380373909,SW,2.241100456e-05,-90,22222.22222
ERF_Log_File_20250224_1425,1424467835,1d,0,4,0.01026166216,0.01110607014,23,4.039101021,0,0,0,-8,0.45,0.45,8,2.427929302e-05,422.6507809,0.6380373909,SW,2.244330808e-05,-90,22222.22222
ERF_Log_File_20250224_1425,1424467936,1d,0,4,0.02379747956,0.01261131675,23,4.039728468,0,0,0,-7,0.45,0.45,7,5.63053013e-05,422.6507809,0.6380373909,SW,2.301121439e-05,-90,22222.22222
ERF_Log_File_20250224_1425,1424468025,1d,0,4,0.03587876276,0.012207823,17,4.037225771,0,0,0,-6,0.45,0.45,6,8.488985322e-05,422.6507809,0.6380373909,SW,2.387226818e-05,-90,22222.22222
ERF_Log_File_20250224_1425,1424468086,1d,0,4,0.4557621791,0.01155236786,9,4.043058947,0,0,0,-5,0.45,0.45,5,0.001078342215,422.6507809,0.6380373909,SW,0.0001101302646,-90,22222.22222
ERF_Log_File_20250224_1425,1424468123,1d,0,4,0.1191941344,0.01087425557,5,4.038678,0,0,0,-4,0.45,0.45,4,0.0002820156494,422.6507809,0.6380373909,SW,3.596269466e-05,-90,22222.22222
ERF_Log_File_20250224_1425,1424468148,1d,0,4,0.3040992568,0.0104239768,3,4.037084571,0,0,0,-3,0.45,0.45,3,0.0007195047791,422.6507809,0.6380373909,SW,7.533828331e-05,-90,22222.22222
ERF_Log_File_20250224_1425,1424468168,1d,0,4,0.5411642171,0.006421770574,3,4.047844857,0,0,0,-2.5,0.45,0.45,2.5,0.001280405104,422.6507809,0.6380373909,SW,0.000129984285,-90,22222.22222
ERF_Log_File_20250224_1425,1424468188,1d,0,4,0.9820992713,0.007834686443,3,4.030824,0,0,0,-2,0.45,0.45,2,0.002323666051,422.6507809,0.6380373909,SW,0.0002334616669,-90,22222.22222
ERF_Log_File_20250224_1425,1424468350,1d,0,4,1.063850961,0.005768130476,3,4.024582571,0,0,0,2,0.45,0.45,2,0.002517092145,422.6507809,0.6380373909,SW,0.0002527246985,90,22222.22222
ERF_Log_File_20250224_1425,1424468370,1d,0,4,0.5446278536,0.01250097684,3,4.023732,0,0,0,2.5,0.45,0.45,2.5,0.001288600135,422.6507809,0.6380373909,SW,0.000130791793,90,22222.22222
ERF_Log_File_20250224_1425,1424468390,1d,0,4,0.3179501615,0.004818568925,3,4.032085429,0,0,0,3,0.45,0.45,3,0.00075227629,422.6507809,0.6380373909,SW,7.847478412e-05,90,22222.22222
ERF_Log_File_20250224_1425,1424468415,1d,0,4,0.1424954264,0.01138164747,5,4.024848545,0,0,0,4,0.45,0.45,4,0.000337146961,422.6507809,0.6380373909,SW,4.043198817e-05,90,22222.22222
ERF_Log_File_20250224_1425,1424468452,1d,0,4,0.4626929106,0.006939049118,9,4.025406105,0,0,0,5,0.45,0.45,5,0.001094740461,422.6507809,0.6380373909,SW,0.0001117367614,90,22222.22222
ERF_Log_File_20250224_1425,1424468513,1d,0,4,0.03272189018,0.01188992685,17,4.0223952,0,0,0,6,0.45,0.45,6,7.742063105e-05,422.6507809,0.6380373909,SW,2.36169239e-05,90,22222.22222
ERF_Log_File_20250224_1425,1424468602,1d,0,4,0.01193583733,0.009920781381,23,4.022727489,0,0,0,7,0.45,0.45,7,2.824042418e-05,422.6507809,0.6380373909,SW,2.24896182e-05,90,22222.22222
ERF_Log_File_20250224_1425,1424468703,1d,0,4,0.005529264736,0.01123529617,23,4.022809447,0,0,0,8,0.45,0.45,8,1.308234832e-05,422.6507809,0.6380373909,SW,2.2349894e-05,90,22222.22222
ERF_Log_File_20250224_1425,1424468804,1d,0,4,0.009143408979,0.0121172663,23,4.025227745,0,0,0,9,0.45,0.45,9,2.163348417e-05,422.6507809,0.6380373909,SW,2.241622262e-05,90,22222.22222
ERF_Log_File_20250224_1425,1424468905,1d,0,4,0.0008639753195,0.01141498842,23,4.022932681,0,0,0,10,0.45,0.45,10,2.044182475e-06,422.6507809,0.6380373909,SW,2.231250075e-05,90,22222.22222
ERF_Log_File_20250226_1134,1424630127,2d,0,4,-0.0001968105514,0.00334823988,3,6.347177429,0,0,-3,-8.125,0.474,0.474,8.661156101,-7.416610643e-07,265.3645458,1.405099977,SW,3.553609834e-05,-110.2656975,21097.04641
ERF_Log_File_20250226_1134,1424630148,2d,0,4,0.01082166166,0.0117245345,3,6.306232286,0,0,-3,-7.5,0.474,0.474,8.077747211,4.078035983e-05,265.3645458,1.405099977,SW,3.576990038e-05,-111.8014095,21097.04641
ERF_Log_File_20250226_1134,1424630168,2d,0,4,0.002291903051,0.00678623634,3,6.297306,0,0,-3,-6.875,0.474,0.474,7.501041594,8.636809578e-06,265.3645458,1.405099977,SW,3.554654421e-05,-113.5747062,21097.04641
ERF_Log_File_20250226_1134,1424630188,2d,0,4,0.01471436176,0.01335323176,3,6.348526286,0,0,-3,-6.25,0.474,0.474,6.932712312,5.544961448e-05,265.3645458,1.405099977,SW,3.596722912e-05,-115.6410058,21097.04641
ERF_Log_File_20250226_1134,1424630209,2d,0,4,0.01038238066,0.007517989263,3,6.331701714,0,0,-3,-5.625,0.474,0.474,6.375,3.91249729e-05,265.3645458,1.405099977,SW,3.575135413e-05,-118.0724869,21097.04641
ERF_Log_File_20250226_1134,1424630229,2d,0,4,0.07139857391,0.006996166452,3,6.342306286,0,0,-3,-5,0.474,0.474,5.830951895,0.000269058452,265.3645458,1.405099977,SW,4.459554831e-05,-120.9637565,21097.04641
ERF_Log_File_20250226_1134,1424630249,2d,0,4,0.1634861548,0.008367442471,3,6.314908857,0,0,-3,-4.375,0.474,0.474,5.304773793,0.0006160813771,265.3645458,1.405099977,SW,7.119700099e-05,-124.4389893,21097.04641
ERF_Log_File_20250226_1134,1424630270,2d,0,4,0.2151725003,0.01183919059,3,6.313436857,0,0,-3,-3.75,0.474,0.474,4.802343178,0.0008108562495,265.3645458,1.405099977,SW,8.863476298e-05,-128.6598083,21097.04641
ERF_Log_File_20250226_1134,1424630290,2d,0,4,0.1513566435,0.007677106322,3,6.321998857,0,0,-3,-3.125,0.474,0.474,4.331930863,0.0005703725157,265.3645458,1.405099977,SW,6.726944259e-05,-133.8308607,21097.04641
ERF_Log_File_20250226_1134,1424630310,2d,0,4,0.08607338655,0.009115053649,3,6.306654286,0,0,-3,-2.5,0.474,0.474,3.905124838,0.0003243590296,265.3645458,1.405099977,SW,4.814401613e-05,-140.1944289,21097.04641
ERF_Log_File_20250226_1134,1424630331,2d,0,4,0.1295338275,0.01275975913,3,6.303822571,0,0,-3,-1.875,0.474,0.474,3.537742925,0.0004881353955,265.3645458,1.405099977,SW,6.043385572e-05,-147.9946168,21097.04641
ERF_Log_File_20250226_1134,1424630351,2d,0,4,0.1910690402,0.01040802057,3,6.333740571,0,0,-3,-1.25,0.474,0.474,3.25,0.0007200247481,265.3645458,1.405099977,SW,8.038470273e-05,-157.3801351,21097.04641
ERF_Log_File_20250226_1134,1424630371,2d,0,4,0.2130444129,0.01121505773,3,6.296051429,0,0,-3,-0.625,0.474,0.474,3.064412668,0.0008028367627,265.3645458,1.405099977,SW,8.789965008e-05,-168.2317111,21097.04641
ERF_Log_File_20250226_1134,1424630392,2d,0,4,0.2321085858,0.007409781368,3,6.309163429,0,0,-3,0,0.474,0.474,3,0.0008746782095,265.3645458,1.405099977,SW,9.452448557e-05,180,21097.04641
ERF_Log_File_20250226_1134,1424630412,2d,0,4,0.2307361612,0.006142154489,3,6.298403714,0,0,-3,0.625,0.474,0.474,3.064412668,0.0008695063636,265.3645458,1.405099977,SW,9.404477084e-05,168.2317111,21097.04641
ERF_Log_File_20250226_1134,1424630433,2d,0,4,0.1756695864,0.01088048688,3,6.318873143,0,0,-3,1.25,0.474,0.474,3.25,0.0006619934321,265.3645458,1.405099977,SW,7.521601248e-05,157.3801351,21097.04641
ERF_Log_File_20250226_1134,1424630453,2d,0,4,0.1163798454,0.009625300904,3,6.328817143,0,0,-3,1.875,0.474,0.474,3.537742925,0.000438565917,265.3645458,1.405099977,SW,5.649426526e-05,147.9946168,21097.04641
ERF_Log_File_20250226_1134,1424630473,2d,0,4,0.08336750799,0.01354678873,3,6.284230571,0,0,-3,2.5,0.474,0.474,3.905124838,0.0003141621943,265.3645458,1.405099977,SW,4.746108708e-05,140.1944289,21097.04641
ERF_Log_File_20250226_1134,1424630494,2d,0,4,0.1428723063,0.01045938918,3,6.307148,0,0,-3,3.125,0.474,0.474,4.331930863,0.0005384001315,265.3645458,1.405099977,SW,6.457308223e-05,133.8308607,21097.04641
ERF_Log_File_20250226_1134,1424630514,2d,0,4,0.2246168855,0.008936379926,3,6.320027429,0,0,-3,3.75,0.474,0.474,4.802343178,0.0008464464791,265.3645458,1.405099977,SW,9.191089583e-05,128.6598083,21097.04641
ERF_Log_File_20250226_1134,1424630534,2d,0,4,0.1779191605,0.002597426662,3,6.334505714,0,0,-3,4.375,0.474,0.474,5.304773793,0.0006704707291,265.3645458,1.405099977,SW,7.596526951e-05,124.4389893,21097.04641
ERF_Log_File_20250226_1134,1424630555,2d,0,4,0.07876760446,0.0113493716,3,6.308335429,0,0,-3,5,0.474,0.474,5.830951895,0.0002968279136,265.3645458,1.405099977,SW,4.632868557e-05,120.9637565,21097.04641
ERF_Log_File_20250226_1134,1424630575,2d,0,4,0.01108296326,0.01233679729,3,6.303267143,0,0,-3,5.625,0.474,0.474,6.375,4.1765049e-05,265.3645458,1.405099977,SW,3.578129215e-05,118.0724869,21097.04641
ERF_Log_File_20250226_1134,1424630595,2d,0,4,0.01281080691,0.00565594033,3,6.230193429,0,0,-3,6.25,0.474,0.474,6.932712312,4.82762566e-05,265.3645458,1.405099977,SW,3.58633529e-05,115.6410058,21097.04641
ERF_Log_File_20250226_1134,1424630616,2d,0,4,0.01553274494,0.01341464972,3,6.272000857,0,0,-3,6.875,0.474,0.474,7.501041594,5.853361041e-05,265.3645458,1.405099977,SW,3.601620002e-05,113.5747062,21097.04641
ERF_Log_File_20250226_1134,1424630636,2d,0,4,-0.005530217502,0.01414254477,3,6.300857429,0,0,-3,7.5,0.474,0.474,8.077747211,-2.084007675e-05,265.3645458,1.405099977,SW,3.559724756e-05,111.8014095,21097.04641
ERF_Log_File_20250226_1134,1424630657,2d,0,4,0.01038006919,0.00436089285,3,6.302586857,0,0,-3,8.125,0.474,0.474,8.661156101,3.911626235e-05,265.3645458,1.405099977,SW,3.575125855e-05,110.2656975,21097.04641
ERF_Log_File_20250226_1134,1424630693,2d,0,4,0.009197154623,0.01169818528,3,6.300402571,0,0,-2,-8.125,0.474,0.474,8.367533986,3.4658566e-05,265.3645458,1.405099977,SW,3.570510621e-05,-103.828651,21097.04641
ERF_Log_File_20250226_1134,1424630713,2d,0,4,0.003873284175,0.0106573863,3,6.312605429,0,0,-2,-7.5,0.474,0.474,7.762087348,1.459608767e-05,265.3645458,1.405099977,SW,3.55660681e-05,-104.9314172,21097.04641
ERF_Log_File_20250226_1134,1424630733,2d,0,4,0.018315577,0.007161051663,3,6.306156571,0,0,-2,-6.875,0.474,0.474,7.160001746,6.902043734e-05,265.3645458,1.405099977,SW,3.62019411e-05,-106.2201937,21097.04641
ERF_Log_File_20250226_1134,1424630754,2d,0,4,0.01310566325,0.009913719047,3,6.300599714,0,0,-2,-6.25,0.474,0.474,6.562202374,4.938739353e-05,265.3645458,1.405099977,SW,3.587852144e-05,-107.7446716,21097.04641
ERF_Log_File_20250226_1134,1424630774,2d,0,4,0.02571971941,0.007984800014,3,6.339736286,0,0,-2,-5.625,0.474,0.474,5.969976968,9.692221443e-05,265.3645458,1.405099977,SW,3.683763431e-05,-109.5731258,21097.04641
ERF_Log_File_20250226_1134,1424630795,2d,0,4,0.1749101901,0.01432686362,3,6.299048571,0,0,-2,-5,0.474,0.474,5.385164807,0.0006591317224,265.3645458,1.405099977,SW,7.496356293e-05,-111.8014095,21097.04641
ERF_Log_File_20250226_1134,1424630815,2d,0,4,0.2623649919,0.01481206323,3,6.317978857,0,0,-2,-4.375,0.474,0.474,4.810470351,0.0009886964786,265.3645458,1.405099977,SW,0.0001051923125,-114.5671713,21097.04641
ERF_Log_File_20250226_1134,1424630835,2d,0,4,0.07216499716,0.009578813317,3,6.301738286,0,0,-2,-3.75,0.474,0.474,4.25,0.0002719466421,265.3645458,1.405099977,SW,4.477088332e-05,-118.0724869,21097.04641
ERF_Log_File_20250226_1134,1424630856,2d,0,4,0.1040081852,0.005416805941,3,6.307456571,0,0,-2,-3.125,0.474,0.474,3.71020552,0.0003919445413,265.3645458,1.405099977,SW,5.294639774e-05,-122.6192431,21097.04641
ERF_Log_File_20250226_1134,1424630876,2d,0,4,0.1718178161,0.005576989572,3,6.311260857,0,0,-2,-2.5,0.474,0.474,3.201562119,0.0006474784173,265.3645458,1.405099977,SW,7.39381201e-05,-128.6598083,21097.04641
ERF_Log_File_20250226_1134,1424630896,2d,0,4,0.2765541169,0.01259136572,3,6.302381714,0,0,-2,-1.875,0.474,0.474,2.741464025,0.00104216679,265.3645458,1.405099977,SW,0.0001102468869,-136.8476103,21097.04641
ERF_Log_File_20250226_1134,1424630917,2d,0,4,0.4630528883,0.007268091293,3,6.303653143,0,0,-2,-1.25,0.474,0.474,2.358495283,0.001744968933,265.3645458,1.405099977,SW,0.0001783180986,-147.9946168,21097.04641
ERF_Log_File_20250226_1134,1424630998,2d,0,4,0.4712410085,0.01020010616,3,6.313204571,0,0,-2,1.25,0.474,0.474,2.358495283,0.001775825053,265.3645458,1.405099977,SW,0.0001813470997,147.9946168,21097.04641
ERF_Log_File_20250226_1134,1424631018,2d,0,4,0.2756088179,0.005724515736,3,6.336544286,0,0,-2,1.875,0.474,0.474,2.741464025,0.001038604525,265.3645458,1.405099977,SW,0.000109909261,136.8476103,21097.04641
ERF_Log_File_20250226_1134,1424631039,2d,0,4,0.1934289082,0.01207392316,3,6.290011143,0,0,-2,2.5,0.474,0.474,3.201562119,0.0007289176769,265.3645458,1.405099977,SW,8.118445118e-05,128.6598083,21097.04641
ERF_Log_File_20250226_1134,1424631059,2d,0,4,0.1049046407,0.01093395318,3,6.296336857,0,0,-2,3.125,0.474,0.474,3.71020552,0.0003953227452,265.3645458,1.405099977,SW,5.31976606e-05,122.6192431,21097.04641
ERF_Log_File_20250226_1134,1424631080,2d,0,4,0.07718834904,0.006939114746,3,6.308738286,0,0,-2,3.75,0.474,0.474,4.25,0.000290876646,265.3645458,1.405099977,SW,4.594859274e-05,118.0724869,21097.04641
ERF_Log_File_20250226_1134,1424631100,2d,0,4,0.2601566892,0.009596521706,3,6.306176571,0,0,-2,4.375,0.474,0.474,4.810470351,0.0009803747084,265.3645458,1.405099977,SW,0.0001044083407,114.5671713,21097.04641
ERF_Log_File_20250226_1134,1424631120,2d,0,4,0.1775270624,0.004771680226,3,6.312897143,0,0,-2,5,0.474,0.474,5.385164807,0.0006689931462,265.3645458,1.405099977,SW,7.583452376e-05,111.8014095,21097.04641
ERF_Log_File_20250226_1134,1424631141,2d,0,4,0.02334135124,0.01231418708,3,6.294997143,0,0,-2,5.625,0.474,0.474,5.969976968,8.795956962e-05,265.3645458,1.405099977,SW,3.661139913e-05,109.5731258,21097.04641
ERF_Log_File_20250226_1134,1424631161,2d,0,4,0.01247486723,0.004817825493,3,6.328336286,0,0,-2,6.25,0.474,0.474,6.562202374,4.701030123e-05,265.3645458,1.405099977,SW,3.584648399e-05,107.7446716,21097.04641
ERF_Log_File_20250226_1134,1424631181,2d,0,4,0.01731099884,0.01014974274,3,6.323167429,0,0,-2,6.875,0.474,0.474,7.160001746,6.523478406e-05,265.3645458,1.405099977,SW,3.613148008e-05,106.2201937,21097.04641
ERF_Log_File_20250226_1134,1424631202,2d,0,4,0.003790659524,0.008949959362,3,6.308499143,0,0,-2,7.5,0.474,0.474,7.762087348,1.428472486e-05,265.3645458,1.405099977,SW,3.556480035e-05,104.9314172,21097.04641
ERF_Log_File_20250226_1134,1424631222,2d,0,4,0.008005765631,0.009839779218,3,6.311763143,0,0,-2,8.125,0.474,0.474,8.367533986,3.016893462e-05,265.3645458,1.405099977,SW,3.566421082e-05,103.828651,21097.04641
ERF_Log_File_20250226_1134,1424631258,2d,0,4,0.003015886477,0.009499983458,3,6.324472571,0,0,-1,-8.125,0.474,0.474,8.186307165,1.136506939e-05,265.3645458,1.405099977,SW,3.55542408e-05,-97.01650174,21097.04641
ERF_Log_File_20250226_1134,1424631278,2d,0,4,-0.005530039442,0.01422602784,3,6.346440286,0,0,-1,-7.5,0.474,0.474,7.566372975,-2.083940575e-05,265.3645458,1.405099977,SW,3.559724362e-05,-97.59464337,21097.04641
ERF_Log_File_20250226_1134,1424631299,2d,0,4,0.01271910018,0.008105421496,3,6.344735143,0,0,-1,-6.875,0.474,0.474,6.947346616,4.793066888e-05,265.3645458,1.405099977,SW,3.585870424e-05,-98.27589283,21097.04641
ERF_Log_File_20250226_1134,1424631319,2d,0,4,0.01289641262,0.007438715434,3,6.330805429,0,0,-1,-6.25,0.474,0.474,6.329494451,4.859885327e-05,265.3645458,1.405099977,SW,3.586772189e-05,-99.09027692,21097.04641
ERF_Log_File_20250226_1134,1424631339,2d,0,4,0.07266322107,0.0146692135,3,6.319383429,0,0,-1,-5.625,0.474,0.474,5.713197441,0.0002738241496,265.3645458,1.405099977,SW,4.488549442e-05,-100.080598,21097.04641
ERF_Log_File_20250226_1134,1424631360,2d,0,4,0.2319252524,0.0115280617,3,6.331874857,0,0,-1,-5,0.474,0.474,5.099019514,0.0008739873358,265.3645458,1.405099977,SW,9.446038021e-05,-101.3099325,21097.04641
ERF_Log_File_20250226_1134,1424631380,2d,0,4,0.1045610564,0.007265090029,3,6.379374857,0,0,-1,-4.375,0.474,0.474,4.487830768,0.0003940279819,265.3645458,1.405099977,SW,5.310124495e-05,-102.8750016,21097.04641
ERF_Log_File_20250226_1134,1424631401,2d,0,4,0.07742387202,0.008989342994,3,6.287383143,0,0,-1,-3.75,0.474,0.474,3.881043674,0.000291764191,265.3645458,1.405099977,SW,4.600498747e-05,-104.9314172,21097.04641
ERF_Log_File_20250226_1134,1424631421,2d,0,4,0.1419667319,0.007666731253,3,6.326002,0,0,-1,-3.125,0.474,0.474,3.281101187,0.000534987564,265.3645458,1.405099977,SW,6.428802509e-05,-107.7446716,21097.04641
ERF_Log_File_20250226_1134,1424631441,2d,0,4,0.2635911177,0.006868793763,3,6.314539143,0,0,-1,-2.5,0.474,0.474,2.692582404,0.0009933170122,265.3645458,1.405099977,SW,0.000105627927,-111.8014095,21097.04641
ERF_Log_File_20250226_1134,1424631462,2d,0,4,0.5327473269,0.0138738685,3,6.312018857,0,0,-1,-1.875,0.474,0.474,2.125,0.00200760552,265.3645458,1.405099977,SW,0.000204158296,-118.0724869,21097.04641
ERF_Log_File_20250226_1134,1424631584,2d,0,4,0.5676786662,0.01238579495,3,6.305685143,0,0,-1,1.875,0.474,0.474,2.125,0.002139240812,265.3645458,1.405099977,SW,0.000217151163,118.0724869,21097.04641
ERF_Log_File_20250226_1134,1424631604,2d,0,4,0.2781179808,0.007842013114,3,6.292360857,0,0,-1,2.5,0.474,0.474,2.692582404,0.001048060056,265.3645458,1.405099977,SW,0.0001108057041,111.8014095,21097.04641
ERF_Log_File_20250226_1134,1424631624,2d,0,4,0.1572275558,0.009029336166,3,6.289124857,0,0,-1,3.125,0.474,0.474,3.281101187,0.0005924964668,265.3645458,1.405099977,SW,6.916047847e-05,107.7446716,21097.04641
ERF_Log_File_20250226_1134,1424631645,2d,0,4,0.08520980176,0.003593522736,3,6.309141714,0,0,-1,3.75,0.474,0.474,3.881043674,0.0003211046959,265.3645458,1.405099977,SW,4.792475198e-05,104.9314172,21097.04641
ERF_Log_File_20250226_1134,1424631665,2d,0,4,0.09258227286,0.008189798701,3,6.303506286,0,0,-1,4.375,0.474,0.474,4.487830768,0.0003488871228,265.3645458,1.405099977,SW,4.983416215e-05,102.8750016,21097.04641
ERF_Log_File_20250226_1134,1424631685,2d,0,4,0.2463971211,0.01152005099,3,6.284996286,0,0,-1,5,0.474,0.474,5.099019514,0.0009285231393,265.3645458,1.405099977,SW,9.95416147e-05,101.3099325,21097.04641
ERF_Log_File_20250226_1134,1424631706,2d,0,4,0.08557164115,0.006495881475,3,6.305548857,0,0,-1,5.625,0.474,0.474,5.713197441,0.0003224682517,265.3645458,1.405099977,SW,4.801647564e-05,100.080598,21097.04641
ERF_Log_File_20250226_1134,1424631726,2d,0,4,0.01718727378,0.01132707981,3,6.306861714,0,0,-1,6.25,0.474,0.474,6.329494451,6.476853843e-05,265.3645458,1.405099977,SW,3.612306768e-05,99.09027692,21097.04641
ERF_Log_File_20250226_1134,1424631747,2d,0,4,0.005335062007,0.003415461027,3,6.309728857,0,0,-1,6.875,0.474,0.474,6.947346616,2.010465261e-05,265.3645458,1.405099977,SW,3.559300595e-05,98.27589283,21097.04641
ERF_Log_File_20250226_1134,1424631767,2d,0,4,0.004438416052,0.01233655361,3,6.312356,0,0,-1,7.5,0.474,0.474,7.566372975,1.672573116e-05,265.3645458,1.405099977,SW,3.557547067e-05,97.59464337,21097.04641
ERF_Log_File_20250226_1134,1424631787,2d,0,4,0.005002006626,0.005931092832,3,6.288698857,0,0,-1,8.125,0.474,0.474,8.186307165,1.88495664e-05,265.3645458,1.405099977,SW,3.558611798e-05,97.01650174,21097.04641
ERF_Log_File_20250226_1134,1424631823,2d,0,4,-0.002880655847,0.01515324556,3,6.321068857,0,0,0,-8.125,0.474,0.474,8.125,-1.085546616e-05,265.3645458,1.405099977,SW,3.555264385e-05,-90,21097.04641
ERF_Log_File_20250226_1134,1424631844,2d,0,4,0.001033511625,0.01559759322,3,6.325516,0,0,0,-7.5,0.474,0.474,7.5,3.894686166e-06,265.3645458,1.405099977,SW,3.55381609e-05,-90,21097.04641
ERF_Log_File_20250226_1134,1424631864,2d,0,4,0.01926015159,0.006360799438,3,6.319629429,0,0,0,-6.875,0.474,0.474,6.875,7.257997308e-05,265.3645458,1.405099977,SW,3.627168301e-05,-90,21097.04641
ERF_Log_File_20250226_1134,1424631884,2d,0,4,0.02853034273,0.01090255036,3,6.312871429,0,0,0,-6.25,0.474,0.474,6.25,0.00010751377,265.3645458,1.405099977,SW,3.713118582e-05,-90,21097.04641
ERF_Log_File_20250226_1134,1424631905,2d,0,4,0.09852935246,0.003118342944,3,6.299047143,0,0,0,-5.625,0.474,0.474,5.625,0.000371298103,265.3645458,1.405099977,SW,5.143244892e-05,-90,21097.04641
ERF_Log_File_20250226_1134,1424631925,2d,0,4,0.2610669647,0.01311995198,3,6.328460571,0,0,0,-5,0.474,0.474,5,0.0009838049916,265.3645458,1.405099977,SW,0.0001047314062,-90,21097.04641
ERF_Log_File_20250226_1134,1424631945,2d,0,4,0.06645807735,0.0112683257,3,6.346441429,0,0,0,-4.375,0.474,0.474,4.375,0.0002504406802,265.3645458,1.405099977,SW,4.349451226e-05,-90,21097.04641
ERF_Log_File_20250226_1134,1424631966,2d,0,4,0.08601288483,0.009519181121,3,6.289723143,0,0,0,-3.75,0.474,0.474,3.75,0.0003241310348,265.3645458,1.405099977,SW,4.81286154e-05,-90,21097.04641
ERF_Log_File_20250226_1134,1424631986,2d,0,4,0.1612383175,0.009431536428,3,6.311544857,0,0,0,-3.125,0.474,0.474,3.125,0.0006076106248,265.3645458,1.405099977,SW,7.046322738e-05,-90,21097.04641
ERF_Log_File_20250226_1134,1424632006,2d,0,4,0.3201077541,0.00944470757,3,6.304162286,0,0,0,-2.5,0.474,0.474,2.5,0.001206294357,265.3645458,1.405099977,SW,0.0001259169059,-90,21097.04641
ERF_Log_File_20250226_1134,1424632027,2d,0,4,0.6556459972,0.007492344002,3,6.296491143,0,0,0,-1.875,0.474,0.474,1.875,0.002470736983,265.3645458,1.405099977,SW,0.0002499587427,-90,21097.04641
ERF_Log_File_20250226_1134,1424632149,2d,0,4,0.7150723139,0.01135233235,3,6.314722286,0,0,0,1.875,0.474,0.474,1.875,0.00269467917,265.3645458,1.405099977,SW,0.0002721752205,90,21097.04641
ERF_Log_File_20250226_1134,1424632169,2d,0,4,0.3319556518,0.01313196021,3,6.328248857,0,0,0,2.5,0.474,0.474,2.5,0.001250941986,265.3645458,1.405099977,SW,0.0001302122915,90,21097.04641
ERF_Log_File_20250226_1134,1424632190,2d,0,4,0.1676286786,0.008378687931,3,6.313700857,0,0,0,3.125,0.474,0.474,3.125,0.0006316920676,265.3645458,1.405099977,SW,7.255580693e-05,90,21097.04641
ERF_Log_File_20250226_1134,1424632210,2d,0,4,0.09579186691,0.007563868509,3,6.311934857,0,0,0,3.75,0.474,0.474,3.75,0.0003609821599,265.3645458,1.405099977,SW,5.069066375e-05,90,21097.04641
ERF_Log_File_20250226_1134,1424632230,2d,0,4,0.04609775004,0.009102473416,3,6.293678857,0,0,0,4.375,0.474,0.474,4.375,0.0001737148039,265.3645458,1.405099977,SW,3.956542888e-05,90,21097.04641
ERF_Log_File_20250226_1134,1424632251,2d,0,4,0.2519890683,0.004917132464,3,6.293282857,0,0,0,5,0.474,0.474,5,0.0009495958381,265.3645458,1.405099977,SW,0.0001015155802,90,21097.04641
ERF_Log_File_20250226_1134,1424632271,2d,0,4,0.1191908227,0.006252894588,3,6.304182,0,0,0,5.625,0.474,0.474,5.625,0.0004491588066,265.3645458,1.405099977,SW,5.732278215e-05,90,21097.04641
ERF_Log_File_20250226_1134,1424632291,2d,0,4,0.02783490189,0.007567186107,3,6.294570286,0,0,0,6.25,0.474,0.474,6.25,0.0001048930701,265.3645458,1.405099977,SW,3.705594159e-05,90,21097.04641
ERF_Log_File_20250226_1134,1424632312,2d,0,4,0.01081318939,0.00314115336,3,6.184853429,0,0,0,6.875,0.474,0.474,6.875,4.074843292e-05,265.3645458,1.405099977,SW,3.576953551e-05,90,21097.04641
ERF_Log_File_20250226_1134,1424632332,2d,0,4,0.001208581361,0.006359786972,3,6.313190571,0,0,0,7.5,0.474,0.474,7.5,4.554419121e-06,265.3645458,1.405099977,SW,3.553894734e-05,90,21097.04641
ERF_Log_File_20250226_1134,1424632352,2d,0,4,0.001804800744,0.009452575622,3,6.316112571,0,0,0,8.125,0.474,0.474,8.125,6.801212796e-06,265.3645458,1.405099977,SW,3.554254678e-05,90,21097.04641
ERF_Log_File_20250226_1134,1424632388,2d,0,4,0.003445190523,0.005804345849,3,6.30992,0,0,1,-8.125,0.474,0.474,8.186307165,1.298285916e-05,265.3645458,1.405099977,SW,3.55597953e-05,-82.98349826,21097.04641
ERF_Log_File_20250226_1134,1424632409,2d,0,4,0.01012370858,0.01094229135,3,6.313959714,0,0,1,-7.5,0.474,0.474,7.566372975,3.81501928e-05,265.3645458,1.405099977,SW,3.574078829e-05,-82.40535663,21097.04641
ERF_Log_File_20250226_1134,1424632429,2d,0,4,0.007857654548,0.006010497936,3,6.282278571,0,0,1,-6.875,0.474,0.474,6.947346616,2.961079267e-05,265.3645458,1.405099977,SW,3.565951966e-05,-81.72410717,21097.04641
ERF_Log_File_20250226_1134,1424632449,2d,0,4,0.01709015946,0.01023903471,3,6.35458,0,0,1,-6.25,0.474,0.474,6.329494451,6.440257274e-05,265.3645458,1.405099977,SW,3.611650552e-05,-80.90972308,21097.04641
ERF_Log_File_20250226_1134,1424632470,2d,0,4,0.08147733382,0.008618393587,3,6.439899429,0,0,1,-5.625,0.474,0.474,5.713197441,0.0003070392602,265.3645458,1.405099977,SW,4.699130728e-05,-79.91940201,21097.04641
ERF_Log_File_20250226_1134,1424632490,2d,0,4,0.2178382388,0.007016673098,3,6.297544857,0,0,1,-5,0.474,0.474,5.099019514,0.0008209018207,265.3645458,1.405099977,SW,8.955724541e-05,-78.69006753,21097.04641
ERF_Log_File_20250226_1134,1424632510,2d,0,4,0.1156726817,0.0166111738,3,6.288920857,0,0,1,-4.375,0.474,0.474,4.487830768,0.0004359010409,265.3645458,1.405099977,SW,5.628706078e-05,-77.12499844,21097.04641
ERF_Log_File_20250226_1134,1424632531,2d,0,4,0.07087197331,0.009069918449,3,6.297834286,0,0,1,-3.75,0.474,0.474,3.881043674,0.0002670740098,265.3645458,1.405099977,SW,4.447576712e-05,-75.06858282,21097.04641
ERF_Log_File_20250226_1134,1424632551,2d,0,4,0.1460408256,0.0104899766,3,6.301912857,0,0,1,-3.125,0.474,0.474,3.281101187,0.0005503403823,265.3645458,1.405099977,SW,6.557473424e-05,-72.25532837,21097.04641
ERF_Log_File_20250226_1134,1424632571,2d,0,4,0.2581839716,0.01025226367,3,6.297176286,0,0,1,-2.5,0.474,0.474,2.692582404,0.0009729407175,265.3645458,1.405099977,SW,0.0001037086554,-68.19859051,21097.04641
ERF_Log_File_20250226_1134,1424632592,2d,0,4,0.5085183681,0.007546873899,3,6.314115429,0,0,1,-1.875,0.474,0.474,2.125,0.001916301089,265.3645458,1.405099977,SW,0.0001951611244,-61.92751306,21097.04641
ERF_Log_File_20250226_1134,1424632714,2d,0,4,0.5573889937,0.008713362297,3,6.300960286,0,0,1,1.875,0.474,0.474,2.125,0.0021004652,265.3645458,1.405099977,SW,0.0002133214627,61.92751306,21097.04641
ERF_Log_File_20250226_1134,1424632734,2d,0,4,0.2646080452,0.007017957473,3,6.302703429,0,0,1,2.5,0.474,0.474,2.692582404,0.0009971492026,265.3645458,1.405099977,SW,0.0001059893923,68.19859051,21097.04641
ERF_Log_File_20250226_1134,1424632755,2d,0,4,0.1678561725,0.008032785313,3,6.307061429,0,0,1,3.125,0.474,0.474,3.281101187,0.0006325493561,265.3645458,1.405099977,SW,7.26306664e-05,72.25532837,21097.04641
ERF_Log_File_20250226_1134,1424632775,2d,0,4,0.09335573458,0.005676741149,3,6.325570286,0,0,1,3.75,0.474,0.474,3.881043674,0.0003518018366,265.3645458,1.405099977,SW,5.003922517e-05,75.06858282,21097.04641
ERF_Log_File_20250226_1134,1424632795,2d,0,4,0.1192110685,0.005442672351,3,6.302676,0,0,1,4.375,0.474,0.474,4.487830768,0.0004492351009,265.3645458,1.405099977,SW,5.732877723e-05,77.12499844,21097.04641
ERF_Log_File_20250226_1134,1424632816,2d,0,4,0.2493332368,0.0131575473,3,6.319975714,0,0,1,5,0.474,0.474,5.099019514,0.0009395876004,265.3645458,1.405099977,SW,0.0001005773779,78.69006753,21097.04641
ERF_Log_File_20250226_1134,1424632836,2d,0,4,0.07949969476,0.005351256816,3,6.320818571,0,0,1,5.625,0.474,0.474,5.713197441,0.0002995867234,265.3645458,1.405099977,SW,4.650642088e-05,79.91940201,21097.04641
ERF_Log_File_20250226_1134,1424632856,2d,0,4,0.004890823745,0.01175480042,3,6.321396,0,0,1,6.25,0.474,0.474,6.329494451,1.843058473e-05,265.3645458,1.405099977,SW,3.558391712e-05,80.90972308,21097.04641
ERF_Log_File_20250226_1134,1424632877,2d,0,4,0.009002072638,0.01035173551,3,6.338601714,0,0,1,6.875,0.474,0.474,6.947346616,3.392341886e-05,265.3645458,1.405099977,SW,3.56980254e-05,81.72410717,21097.04641
ERF_Log_File_20250226_1134,1424632897,2d,0,4,-0.0003928396877,0.009979786848,3,6.318109429,0,0,1,7.5,0.474,0.474,7.566372975,-1.480377443e-06,265.3645458,1.405099977,SW,3.553632995e-05,82.40535663,21097.04641
ERF_Log_File_20250226_1134,1424632917,2d,0,4,-0.003518900263,0.004797579328,3,6.301563143,0,0,1,8.125,0.474,0.474,8.186307165,-1.326062701e-05,265.3645458,1.405099977,SW,3.556082313e-05,82.98349826,21097.04641
ERF_Log_File_20250226_1134,1424632953,2d,0,4,0.00109078303,0.004813246941,3,6.311704571,0,0,2,-8.125,0.474,0.474,8.367533986,4.110507782e-06,265.3645458,1.405099977,SW,3.553840466e-05,-76.17134903,21097.04641
ERF_Log_File_20250226_1134,1424632974,2d,0,4,0.005610100468,0.01392592967,3,6.327343429,0,0,2,-7.5,0.474,0.474,7.762087348,2.11411078e-05,265.3645458,1.405099977,SW,3.559902758e-05,-75.06858282,21097.04641
ERF_Log_File_20250226_1134,1424632994,2d,0,4,0.006189580762,0.01264428475,3,6.336857429,0,0,2,-6.875,0.474,0.474,7.160001746,2.332482188e-05,265.3645458,1.405099977,SW,3.561270133e-05,-73.7798063,21097.04641
ERF_Log_File_20250226_1134,1424633015,2d,0,4,0.008291171524,0.005980986924,3,6.336098571,0,0,2,-6.25,0.474,0.474,6.562202374,3.124445845e-05,265.3645458,1.405099977,SW,3.567349578e-05,-72.25532837,21097.04641
ERF_Log_File_20250226_1134,1424633035,2d,0,4,0.01579009155,0.005289432863,3,6.327980857,0,0,2,-5.625,0.474,0.474,5.969976968,5.950339561e-05,265.3645458,1.405099977,SW,3.603213259e-05,-70.42687417,21097.04641
ERF_Log_File_20250226_1134,1424633055,2d,0,4,0.1588694282,0.007121716324,3,6.313508,0,0,2,-5,0.474,0.474,5.385164807,0.0005986837005,265.3645458,1.405099977,SW,6.969275083e-05,-68.19859051,21097.04641
ERF_Log_File_20250226_1134,1424633076,2d,0,4,0.2429463874,0.005518282459,3,6.333144571,0,0,2,-4.375,0.474,0.474,4.810470351,0.0009155193913,265.3645458,1.405099977,SW,9.832632458e-05,-65.43282868,21097.04641
ERF_Log_File_20250226_1134,1424633096,2d,0,4,0.07755265249,0.00966307698,3,6.313456571,0,0,2,-3.75,0.474,0.474,4.25,0.0002922494874,265.3645458,1.405099977,SW,4.603586663e-05,-61.92751306,21097.04641
ERF_Log_File_20250226_1134,1424633116,2d,0,4,0.1053904844,0.0105688096,3,6.323437429,0,0,2,-3.125,0.474,0.474,3.71020552,0.0003971535992,265.3645458,1.405099977,SW,5.333423719e-05,-57.38075693,21097.04641
ERF_Log_File_20250226_1134,1424633137,2d,0,4,0.1700024628,0.01018652842,3,6.324416857,0,0,2,-2.5,0.474,0.474,3.201562119,0.0006406374382,265.3645458,1.405099977,SW,7.333811293e-05,-51.34019175,21097.04641
ERF_Log_File_20250226_1134,1424633157,2d,0,4,0.2629160444,0.006898178118,3,6.293754,0,0,2,-1.875,0.474,0.474,2.741464025,0.0009907730652,265.3645458,1.405099977,SW,0.0001053880603,-43.15238973,21097.04641
ERF_Log_File_20250226_1134,1424633177,2d,0,4,0.4434124041,0.006618668187,3,6.324318286,0,0,2,-1.25,0.474,0.474,2.358495283,0.001670955714,265.3645458,1.405099977,SW,0.0001710614514,-32.00538321,21097.04641
ERF_Log_File_20250226_1134,1424633259,2d,0,4,0.4520284438,0.005401198845,3,6.321754286,0,0,2,1.25,0.474,0.474,2.358495283,0.001703424406,265.3645458,1.405099977,SW,0.0001742432467,32.00538321,21097.04641
ERF_Log_File_20250226_1134,1424633279,2d,0,4,0.2723064014,0.009880641078,3,6.309052571,0,0,2,1.875,0.474,0.474,2.741464025,0.001026159695,265.3645458,1.405099977,SW,0.0001087307171,43.15238973,21097.04641
ERF_Log_File_20250226_1134,1424633299,2d,0,4,0.1697087774,0.007075495814,3,6.325903714,0,0,2,2.5,0.474,0.474,3.201562119,0.0006395307138,265.3645458,1.405099977,SW,7.324118481e-05,51.34019175,21097.04641
ERF_Log_File_20250226_1134,1424633320,2d,0,4,0.104011952,0.01575712855,3,6.312644857,0,0,2,3.125,0.474,0.474,3.71020552,0.0003919587361,265.3645458,1.405099977,SW,5.294745149e-05,57.38075693,21097.04641
ERF_Log_File_20250226_1134,1424633340,2d,0,4,0.08850772284,0.008827297436,3,6.299738571,0,0,2,3.75,0.474,0.474,4.25,0.0003335325847,265.3645458,1.405099977,SW,4.876850979e-05,61.92751306,21097.04641
ERF_Log_File_20250226_1134,1424633361,2d,0,4,0.2648955971,0.01356372297,3,6.337862857,0,0,2,4.375,0.474,0.474,4.810470351,0.0009982328134,265.3645458,1.405099977,SW,0.0001060916306,65.43282868,21097.04641
ERF_Log_File_20250226_1134,1424633381,2d,0,4,0.1766003183,0.0162225257,3,6.353051714,0,0,2,5,0.474,0.474,5.385164807,0.000665500803,265.3645458,1.405099977,SW,7.552575203e-05,68.19859051,21097.04641
ERF_Log_File_20250226_1134,1424633401,2d,0,4,0.03963705623,0.01263912116,3,6.317329429,0,0,2,5.625,0.474,0.474,5.969976968,0.0001493683194,265.3645458,1.405099977,SW,3.85557161e-05,70.42687417,21097.04641
ERF_Log_File_20250226_1134,1424633422,2d,0,4,0.004790643979,0.01123176439,3,6.313594857,0,0,2,6.25,0.474,0.474,6.562202374,1.805306721e-05,265.3645458,1.405099977,SW,3.558197633e-05,72.25532837,21097.04641
ERF_Log_File_20250226_1134,1424633442,2d,0,4,0.002733622404,0.004458267583,3,6.317780286,0,0,2,6.875,0.474,0.474,7.160001746,1.03013852e-05,265.3645458,1.405099977,SW,3.555099056e-05,73.7798063,21097.04641
ERF_Log_File_20250226_1134,1424633462,2d,0,4,0.001191785791,0.009587564372,3,6.313046571,0,0,2,7.5,0.474,0.474,7.762087348,4.491126678e-06,265.3645458,1.405099977,SW,3.553886657e-05,75.06858282,21097.04641
ERF_Log_File_20250226_1134,1424633483,2d,0,4,0.006865286117,0.006830802554,3,6.321355143,0,0,2,8.125,0.474,0.474,8.367533986,2.587115056e-05,265.3645458,1.405099977,SW,3.563033398e-05,76.17134903,21097.04641
ERF_Log_File_20250226_1134,1424633519,2d,0,4,-0.00459667081,0.00407807647,3,6.278100571,0,0,3,-8.125,0.474,0.474,8.661156101,-1.732209854e-05,265.3645458,1.405099977,SW,3.557833235e-05,-69.73430253,21097.04641
ERF_Log_File_20250226_1134,1424633539,2d,0,4,-0.009357093248,0.01026912107,3,6.330262571,0,0,3,-7.5,0.474,0.474,8.077747211,-3.526127886e-05,265.3645458,1.405099977,SW,3.571102361e-05,-68.19859051,21097.04641
ERF_Log_File_20250226_1134,1424633559,2d,0,4,0.002672766706,0.006989703499,3,6.337184857,0,0,3,-6.875,0.474,0.474,7.501041594,1.007205653e-05,265.3645458,1.405099977,SW,3.55503316e-05,-66.4252938,21097.04641
ERF_Log_File_20250226_1134,1424633580,2d,0,4,0.01081340502,0.007579674805,3,6.341045143,0,0,3,-6.25,0.474,0.474,6.932712312,4.074924548e-05,265.3645458,1.405099977,SW,3.576954479e-05,-64.35899418,21097.04641
ERF_Log_File_20250226_1134,1424633600,2d,0,4,0.004807983182,0.01435025073,3,6.333474286,0,0,3,-5.625,0.474,0.474,6.375,1.811840828e-05,265.3645458,1.405099977,SW,3.558230937e-05,-61.92751306,21097.04641
ERF_Log_File_20250226_1134,1424633620,2d,0,4,0.0360678718,0.009209344691,3,6.307926286,0,0,3,-5,0.474,0.474,5.830951895,0.0001359182015,265.3645458,1.405099977,SW,3.805343992e-05,-59.03624347,21097.04641
ERF_Log_File_20250226_1134,1424633641,2d,0,4,0.1551784078,0.009640026245,3,6.307296857,0,0,3,-4.375,0.474,0.474,5.304773793,0.0005847744558,265.3645458,1.405099977,SW,6.849823291e-05,-55.56101069,21097.04641
ERF_Log_File_20250226_1134,1424633661,2d,0,4,0.1991934501,0.01118443037,3,6.315647429,0,0,3,-3.75,0.474,0.474,4.802343178,0.0007506407818,265.3645458,1.405099977,SW,8.314578925e-05,-51.34019175,21097.04641
ERF_Log_File_20250226_1134,1424633681,2d,0,4,0.1612008443,0.008764945314,3,6.322452857,0,0,3,-3.125,0.474,0.474,4.331930863,0.0006074694108,265.3645458,1.405099977,SW,7.045101659e-05,-46.16913933,21097.04641
ERF_Log_File_20250226_1134,1424633702,2d,0,4,0.08689793982,0.007452766676,3,6.331920857,0,0,3,-2.5,0.474,0.474,3.905124838,0.0003274662769,265.3645458,1.405099977,SW,4.835449202e-05,-39.80557109,21097.04641
ERF_Log_File_20250226_1134,1424633722,2d,0,4,0.1225449266,0.01164106252,3,6.312456286,0,0,3,-1.875,0.474,0.474,3.537742925,0.0004617984147,265.3645458,1.405099977,SW,5.832122766e-05,-32.00538321,21097.04641
ERF_Log_File_20250226_1134,1424633743,2d,0,4,0.1590097835,0.01127550214,3,6.316463429,0,0,3,-1.25,0.474,0.474,3.25,0.0005992126155,265.3645458,1.405099977,SW,6.973831898e-05,-22.61986495,21097.04641
ERF_Log_File_20250226_1134,1424633763,2d,0,4,0.2174337264,0.009902333265,3,6.315235714,0,0,3,-0.625,0.474,0.474,3.064412668,0.0008193774561,265.3645458,1.405099977,SW,8.941714748e-05,-11.76828893,21097.04641
ERF_Log_File_20250226_1134,1424633783,2d,0,4,0.230344569,0.007142358092,3,6.290207429,0,0,3,0,0.474,0.474,3,0.0008680306871,265.3645458,1.405099977,SW,9.390796883e-05,0,21097.04641
ERF_Log_File_20250226_1134,1424633804,2d,0,4,0.2155983669,0.006342497696,3,6.328472,0,0,3,0.625,0.474,0.474,3.064412668,0.0008124610855,265.3645458,1.405099977,SW,8.878201298e-05,11.76828893,21097.04641
ERF_Log_File_20250226_1134,1424633824,2d,0,4,0.1710208337,0.02078109977,3,6.322216286,0,0,3,1.25,0.474,0.474,3.25,0.0006444750682,265.3645458,1.405099977,SW,7.367452031e-05,22.61986495,21097.04641
ERF_Log_File_20250226_1134,1424633844,2d,0,4,0.1218029737,0.01891079829,3,6.303363714,0,0,3,1.875,0.474,0.474,3.537742925,0.0004590024388,265.3645458,1.405099977,SW,5.809946682e-05,32.00538321,21097.04641
ERF_Log_File_20250226_1134,1424633865,2d,0,4,0.08993527636,0.005285209407,3,6.306286286,0,0,3,2.5,0.474,0.474,3.905124838,0.0003389121787,265.3645458,1.405099977,SW,4.913902489e-05,39.80557109,21097.04641
ERF_Log_File_20250226_1134,1424633885,2d,0,4,0.1597710863,0.01205277051,3,6.306547714,0,0,3,3.125,0.474,0.474,4.331930863,0.0006020815095,265.3645458,1.405099977,SW,6.998566721e-05,46.16913933,21097.04641
ERF_Log_File_20250226_1134,1424633905,2d,0,4,0.2298537323,0.00609426113,3,6.320759714,0,0,3,3.75,0.474,0.474,4.802343178,0.0008661810175,265.3645458,1.405099977,SW,9.373654297e-05,51.34019175,21097.04641
ERF_Log_File_20250226_1134,1424633926,2d,0,4,0.1762069707,0.008627169027,3,6.324144286,0,0,3,4.375,0.474,0.474,5.304773793,0.0006640185117,265.3645458,1.405099977,SW,7.539480497e-05,55.56101069,21097.04641
ERF_Log_File_20250226_1134,1424633946,2d,0,4,0.07428889764,0.01084778037,3,6.323474857,0,0,3,5,0.474,0.474,5.830951895,0.0002799503507,265.3645458,1.405099977,SW,4.526287733e-05,59.03624347,21097.04641
ERF_Log_File_20250226_1134,1424633966,2d,0,4,0.02185942185,0.006816572454,3,6.296545143,0,0,3,5.625,0.474,0.474,6.375,8.237506554e-05,265.3645458,1.405099977,SW,3.648089269e-05,61.92751306,21097.04641
ERF_Log_File_20250226_1134,1424633987,2d,0,4,0.00504019317,0.01131190238,3,6.307263143,0,0,3,6.25,0.474,0.474,6.932712312,1.899346861e-05,265.3645458,1.405099977,SW,3.558688526e-05,64.35899418,21097.04641
ERF_Log_File_20250226_1134,1424634007,2d,0,4,0.009389361407,0.00961322388,3,6.319868857,0,0,3,6.875,0.474,0.474,7.501041594,3.538287822e-05,265.3645458,1.405099977,SW,3.571222971e-05,66.4252938,21097.04641
ERF_Log_File_20250226_1134,1424634028,2d,0,4,-0.005708822897,0.01335880783,3,6.325864286,0,0,3,7.5,0.474,0.474,8.077747211,-2.151313349e-05,265.3645458,1.405099977,SW,3.560126254e-05,68.19859051,21097.04641
ERF_Log_File_20250226_1134,1424634048,2d,0,4,0.01359536734,0.0087211745,3,6.315172286,0,0,3,8.125,0.474,0.474,8.661156101,5.123279489e-05,265.3645458,1.405099977,SW,3.590446147e-05,69.73430253,21097.04641
ERF_Log_File_20250227_1948,1424746120,1d,0,4,0.01815752892,0.01308723858,3,4.846531714,0,0,0,-8,0.489,0.49,8,4.275333772e-05,424.7043597,1.522077184,SW,2.2612063e-05,-90,20449.89775
ERF_Log_File_20250227_1948,1424746140,1d,0,4,0.01941990961,0.005566982827,3,4.844960286,0,0,0,-7.6,0.489,0.49,7.6,4.572571288e-05,424.7043597,1.522077184,SW,2.267021615e-05,-90,20449.89775
ERF_Log_File_20250227_1948,1424746160,1d,0,4,0.01332457821,0.01116712399,3,4.849397714,0,0,0,-7.2,0.489,0.49,7.2,3.137377308e-05,424.7043597,1.522077184,SW,2.242452265e-05,-90,20449.89775
ERF_Log_File_20250227_1948,1424746180,1d,0,4,0.02391142469,0.008266088007,3,4.846788571,0,0,0,-6.8,0.489,0.49,6.8,5.630134032e-05,424.7043597,1.522077184,SW,2.290725998e-05,-90,20449.89775
ERF_Log_File_20250227_1948,1424746200,1d,0,4,0.01957960041,0.009832954085,3,4.845019429,0,0,0,-6.4,0.489,0.49,6.4,4.610171749e-05,424.7043597,1.522077184,SW,2.267783982e-05,-90,20449.89775
ERF_Log_File_20250227_1948,1424746220,1d,0,4,0.06145733288,0.01346400743,3,4.844498,0,0,0,-6,0.489,0.49,6,0.0001447061502,424.7043597,1.522077184,SW,2.650794386e-05,-90,20449.89775
ERF_Log_File_20250227_1948,1424746240,1d,0,4,0.2048717851,0.008196513128,3,4.842133429,0,0,0,-5.6,0.489,0.49,5.6,0.000482386819,424.7043597,1.522077184,SW,5.313155961e-05,-90,20449.89775
ERF_Log_File_20250227_1948,1424746261,1d,0,4,0.3367672952,0.01047664005,3,4.841631429,0,0,0,-5.2,0.489,0.49,5.2,0.0007929452277,424.7043597,1.522077184,SW,8.23935713e-05,-90,20449.89775
ERF_Log_File_20250227_1948,1424746281,1d,0,4,0.2257643275,0.01148829196,3,4.838707143,0,0,0,-4.8,0.489,0.49,4.8,0.0005315799624,424.7043597,1.522077184,SW,5.764031073e-05,-90,20449.89775
ERF_Log_File_20250227_1948,1424746301,1d,0,4,0.08319369933,0.007236196583,3,4.835216286,0,0,0,-4.4,0.489,0.49,4.4,0.0001958861439,424.7043597,1.522077184,SW,2.961773274e-05,-90,20449.89775
ERF_Log_File_20250227_1948,1424746321,1d,0,4,0.09890306187,0.005280567635,3,4.833036,0,0,0,-4,0.489,0.49,4,0.0002328750803,424.7043597,1.522077184,SW,3.218707827e-05,-90,20449.89775
ERF_Log_File_20250227_1948,1424746341,1d,0,4,0.1418051516,0.004778840142,3,4.831216,0,0,0,-3.6,0.489,0.49,3.6,0.0003338914433,424.7043597,1.522077184,SW,4.011571125e-05,-90,20449.89775
ERF_Log_File_20250227_1948,1424746361,1d,0,4,0.2294855698,0.01182675376,3,4.82791,0,0,0,-3.2,0.489,0.49,3.2,0.0005403419215,424.7043597,1.522077184,SW,5.845038418e-05,-90,20449.89775
ERF_Log_File_20250227_1948,1424746381,1d,0,4,0.3417986942,0.005661432834,3,4.824018286,0,0,0,-2.8,0.489,0.49,2.8,0.0008047920546,424.7043597,1.522077184,SW,8.353577003e-05,-90,20449.89775
ERF_Log_File_20250227_1948,1424746401,1d,0,4,0.5407430092,0.0178443024,3,4.820174286,0,0,0,-2.4,0.489,0.49,2.4,0.001273222176,424.7043597,1.522077184,SW,0.0001293242895,-90,20449.89775
ERF_Log_File_20250227_1948,1424746422,1d,0,4,0.8424847472,0.008595171019,3,4.816237143,0,0,0,-2,0.489,0.49,2,0.00198369696,424.7043597,1.522077184,SW,0.0001997350283,-90,20449.89775
ERF_Log_File_20250227_1948,1424746623,1d,0,4,0.9309470338,0.009320912778,3,4.788106571,0,0,0,2,0.489,0.49,2,0.002191988409,424.7043597,1.522077184,SW,0.0002204605368,90,20449.89775
ERF_Log_File_20250227_1948,1424746643,1d,0,4,0.5890676499,0.01251660242,3,4.788224571,0,0,0,2.4,0.489,0.49,2.4,0.001387006365,424.7043597,1.522077184,SW,0.0001405545413,90,20449.89775
ERF_Log_File_20250227_1948,1424746663,1d,0,4,0.3676122026,0.007164818735,3,4.786067429,0,0,0,2.8,0.489,0.49,2.8,0.0008655720013,424.7043597,1.522077184,SW,8.941350703e-05,90,20449.89775
ERF_Log_File_20250227_1948,1424746683,1d,0,4,0.2533043791,0.007437132481,3,4.782959143,0,0,0,3.2,0.489,0.49,3.2,0.0005964251916,424.7043597,1.522077184,SW,6.36773306e-05,90,20449.89775
ERF_Log_File_20250227_1948,1424746704,1d,0,4,0.1696346628,0.01164000155,3,4.782374,0,0,0,3.6,0.489,0.49,3.6,0.0003994182281,424.7043597,1.522077184,SW,4.57209111e-05,90,20449.89775
ERF_Log_File_20250227_1948,1424746724,1d,0,4,0.1300820343,0.01165282463,3,4.779369714,0,0,0,4,0.489,0.49,4,0.0003062884366,424.7043597,1.522077184,SW,3.784619438e-05,90,20449.89775
ERF_Log_File_20250227_1948,1424746744,1d,0,4,0.08124468198,0.006451243631,3,4.77915,0,0,0,4.4,0.489,0.49,4.4,0.0001912970285,424.7043597,1.522077184,SW,2.931584876e-05,90,20449.89775
ERF_Log_File_20250227_1948,1424746764,1d,0,4,0.1677220392,0.004527095274,3,4.780199714,0,0,0,4.8,0.489,0.49,4.8,0.0003949148047,424.7043597,1.522077184,SW,4.532751467e-05,90,20449.89775
ERF_Log_File_20250227_1948,1424746784,1d,0,4,0.3279163005,0.01101066514,3,4.775878571,0,0,0,5.2,0.489,0.49,5.2,0.0007721048609,424.7043597,1.522077184,SW,8.038730927e-05,90,20449.89775
ERF_Log_File_20250227_1948,1424746804,1d,0,4,0.1995237636,0.01065555003,3,4.775303714,0,0,0,5.6,0.489,0.49,5.6,0.0004697944796,424.7043597,1.522077184,SW,5.198948667e-05,90,20449.89775
ERF_Log_File_20250227_1948,1424746824,1d,0,4,0.05986293021,0.01059378696,3,4.774661429,0,0,0,6,0.489,0.49,6,0.0001409520031,424.7043597,1.522077184,SW,2.630462481e-05,90,20449.89775
ERF_Log_File_20250227_1948,1424746845,1d,0,4,0.02244604002,0.01073808264,3,4.773195429,0,0,0,6.4,0.489,0.49,6.4,5.285097623e-05,424.7043597,1.522077184,SW,2.282480165e-05,90,20449.89775
ERF_Log_File_20250227_1948,1424746865,1d,0,4,0.007253497178,0.007663567252,3,4.772094,0,0,0,6.8,0.489,0.49,6.8,1.707893271e-05,424.7043597,1.522077184,SW,2.2269353e-05,90,20449.89775
ERF_Log_File_20250227_1948,1424746885,1d,0,4,0.01320376832,0.003150328448,3,4.770789429,0,0,0,7.2,0.489,0.49,7.2,3.108931666e-05,424.7043597,1.522077184,SW,2.242055547e-05,90,20449.89775
ERF_Log_File_20250227_1948,1424746905,1d,0,4,0.004190181469,0.01407871155,3,4.770153714,0,0,0,7.6,0.489,0.49,7.6,9.866113624e-06,424.7043597,1.522077184,SW,2.222561787e-05,90,20449.89775
ERF_Log_File_20250227_1948,1424746925,1d,0,4,0.005374188747,0.01344562109,3,4.768708286,0,0,0,8,0.489,0.49,8,1.265395239e-05,424.7043597,1.522077184,SW,2.223975537e-05,90,20449.89775
ERF_Log_File_20250227_2007,1424747281,1d,0,4,0.01959216505,0.001883930625,3,5.048290571,0,0,0,-8,0.511,0.51,8,4.726194249e-05,414.5442192,1.169816412,SW,2.32340377e-05,-90,19569.47162
ERF_Log_File_20250227_2007,1424747301,1d,0,4,0.01597372159,0.01039452353,3,5.050898286,0,0,0,-7.6,0.511,0.51,7.6,3.853321516e-05,414.5442192,1.169816412,SW,2.307218496e-05,-90,19569.47162
ERF_Log_File_20250227_2007,1424747321,1d,0,4,0.02832093697,0.01229956955,3,5.053503714,0,0,0,-7.2,0.511,0.51,7.2,6.83182533e-05,414.5442192,1.169816412,SW,2.375240647e-05,-90,19569.47162
ERF_Log_File_20250227_2007,1424747341,1d,0,4,0.0255917858,0.00763679906,3,5.051168857,0,0,0,-6.8,0.511,0.51,6.8,6.173475497e-05,414.5442192,1.169816412,SW,2.357133763e-05,-90,19569.47162
ERF_Log_File_20250227_2007,1424747361,1d,0,4,0.03702363975,0.01111090038,3,5.052524571,0,0,0,-6.4,0.511,0.51,6.4,8.931167782e-05,414.5442192,1.169816412,SW,2.443962123e-05,-90,19569.47162
ERF_Log_File_20250227_2007,1424747381,1d,0,4,0.1089114709,0.007570755712,3,5.050662286,0,0,0,-6,0.511,0.51,6,0.0002627258225,414.5442192,1.169816412,SW,3.476009281e-05,-90,19569.47162
ERF_Log_File_20250227_2007,1424747401,1d,0,4,0.2169671663,0.006659399324,3,5.049036571,0,0,0,-5.6,0.511,0.51,5.6,0.0005233872678,414.5442192,1.169816412,SW,5.70875604e-05,-90,19569.47162
ERF_Log_File_20250227_2007,1424747422,1d,0,4,0.2179984158,0.006445052695,3,5.047546857,0,0,0,-5.2,0.511,0.51,5.2,0.0005258749386,414.5442192,1.169816412,SW,5.731590118e-05,-90,19569.47162
ERF_Log_File_20250227_2007,1424747442,1d,0,4,0.06383432759,0.008786019663,3,5.046194,0,0,0,-4.8,0.511,0.51,4.8,0.0001539867754,414.5442192,1.169816412,SW,2.747314878e-05,-90,19569.47162
ERF_Log_File_20250227_2007,1424747462,1d,0,4,0.06685080894,0.008748255532,3,5.043821714,0,0,0,-4.4,0.511,0.51,4.4,0.0001612633969,414.5442192,1.169816412,SW,2.788784202e-05,-90,19569.47162
ERF_Log_File_20250227_2007,1424747482,1d,0,4,0.1060046335,0.0166718649,3,5.041262,0,0,0,-4,0.511,0.51,4,0.0002557136937,414.5442192,1.169816412,SW,3.423275415e-05,-90,19569.47162
ERF_Log_File_20250227_2007,1424747502,1d,0,4,0.1449544949,0.0084921856,3,5.039928286,0,0,0,-3.6,0.511,0.51,3.6,0.0003496719726,414.5442192,1.169816412,SW,4.172702206e-05,-90,19569.47162
ERF_Log_File_20250227_2007,1424747522,1d,0,4,0.2258810828,0.01064822384,3,5.03864,0,0,0,-3.2,0.511,0.51,3.2,0.0005448902008,414.5442192,1.169816412,SW,5.906677126e-05,-90,19569.47162
ERF_Log_File_20250227_2007,1424747542,1d,0,4,0.3193592558,0.01260580016,3,5.036632,0,0,0,-2.8,0.511,0.51,2.8,0.0007703864655,414.5442192,1.169816412,SW,8.03563629e-05,-90,19569.47162
ERF_Log_File_20250227_2007,1424747563,1d,0,4,0.5124221286,0.008633242508,3,5.034761429,0,0,0,-2.4,0.511,0.51,2.4,0.001236109696,414.5442192,1.169816412,SW,0.0001257350599,-90,19569.47162
ERF_Log_File_20250227_2007,1424747583,1d,0,4,0.7750616555,0.01237765179,3,5.031058,0,0,0,-2,0.511,0.51,2,0.001869671846,414.5442192,1.169816412,SW,0.0001884198266,-90,19569.47162
ERF_Log_File_20250227_2007,1424747784,1d,0,4,0.8525840669,0.01261682235,3,5.013914,0,0,0,2,0.511,0.51,2,0.00205667822,414.5442192,1.169816412,SW,0.0002070033889,90,19569.47162
ERF_Log_File_20250227_2007,1424747804,1d,0,4,0.5320365644,0.004741773866,3,5.012852857,0,0,0,2.4,0.511,0.51,2.4,0.001283425362,414.5442192,1.169816412,SW,0.0001303932107,90,19569.47162
ERF_Log_File_20250227_2007,1424747824,1d,0,4,0.3433666708,0.00534188549,3,5.009531429,0,0,0,2.8,0.511,0.51,2.8,0.0008282992619,414.5442192,1.169816412,SW,8.592860959e-05,90,19569.47162
ERF_Log_File_20250227_2007,1424747845,1d,0,4,0.2263957612,0.009159005618,3,5.005447143,0,0,0,3.2,0.511,0.51,3.2,0.0005461317532,414.5442192,1.169816412,SW,5.918141485e-05,90,19569.47162
ERF_Log_File_20250227_2007,1424747865,1d,0,4,0.1566481016,0.009139719336,3,5.006078286,0,0,0,3.6,0.511,0.51,3.6,0.0003778803186,414.5442192,1.169816412,SW,4.411959054e-05,90,19569.47162
ERF_Log_File_20250227_2007,1424747885,1d,0,4,0.1160852604,0.007161827322,3,5.002963714,0,0,0,4,0.511,0.51,4,0.0002800310679,414.5442192,1.169816412,SW,3.608689874e-05,90,19569.47162
ERF_Log_File_20250227_2007,1424747905,1d,0,4,0.09586767348,0.008429510111,3,5.002038571,0,0,0,4.4,0.511,0.51,4.4,0.0002312604278,414.5442192,1.169816412,SW,3.24454242e-05,90,19569.47162
ERF_Log_File_20250227_2007,1424747925,1d,0,4,0.05500339965,0.00649022284,3,4.998177143,0,0,0,4.8,0.511,0.51,4.8,0.0001326840349,414.5442192,1.169816412,SW,2.633736004e-05,90,19569.47162
ERF_Log_File_20250227_2007,1424747945,1d,0,4,0.220618372,0.007846040565,3,4.999144286,0,0,0,5.2,0.511,0.51,5.2,0.0005321950272,414.5442192,1.169816412,SW,5.789677659e-05,90,19569.47162
ERF_Log_File_20250227_2007,1424747965,1d,0,4,0.2095741884,0.005429918311,3,5.000549143,0,0,0,5.6,0.511,0.51,5.6,0.0005055532767,414.5442192,1.169816412,SW,5.54557685e-05,90,19569.47162
ERF_Log_File_20250227_2007,1424747986,1d,0,4,0.1005310411,0.009298495952,3,4.997184286,0,0,0,6,0.511,0.51,6,0.000242509813,414.5442192,1.169816412,SW,3.325724331e-05,90,19569.47162
ERF_Log_File_20250227_2007,1424748006,1d,0,4,0.03948701707,0.0146270016,3,4.996344286,0,0,0,6.4,0.511,0.51,6.4,9.525405311e-05,414.5442192,1.169816412,SW,2.466315893e-05,90,19569.47162
ERF_Log_File_20250227_2007,1424748026,1d,0,4,0.01059297943,0.01409092628,3,4.995326,0,0,0,6.8,0.511,0.51,6.8,2.555331601e-05,414.5442192,1.169816412,SW,2.289106218e-05,90,19569.47162
ERF_Log_File_20250227_2007,1424748046,1d,0,4,0.01109600665,0.007834369462,3,4.995083143,0,0,0,7.2,0.511,0.51,7.2,2.676676246e-05,414.5442192,1.169816412,SW,2.290493635e-05,90,19569.47162
ERF_Log_File_20250227_2007,1424748066,1d,0,4,0.01042948435,0.007232977956,3,4.99393,0,0,0,7.6,0.511,0.51,7.6,2.51589188e-05,414.5442192,1.169816412,SW,2.28866896e-05,90,19569.47162
ERF_Log_File_20250227_2007,1424748086,1d,0,4,0.004609100515,0.006788579869,3,4.99104,0,0,0,8,0.511,0.51,8,1.111847736e-05,414.5442192,1.169816412,SW,2.27750521e-05,90,19569.47162
ERF_Log_File_20250224_1519,1424470866,1d,0,4,0.004911445982,0.01130205349,23,4.279295149,0,0,0,-10,0.528,0.53,10,7.141056998e-06,687.7757708,0.1006309723,SW,1.372944782e-05,-90,18939.39394
ERF_Log_File_20250224_1519,1424470967,1d,0,4,0.01117178122,0.01099497015,23,4.281985532,0,0,0,-9,0.528,0.53,9,1.624334804e-05,687.7757708,0.1006309723,SW,1.380674685e-05,-90,18939.39394
ERF_Log_File_20250224_1519,1424471068,1d,0,4,0.02153500113,0.009444690248,23,4.28178566,0,0,0,-8,0.528,0.53,8,3.131107847e-05,687.7757708,0.1006309723,SW,1.406384182e-05,-90,18939.39394
ERF_Log_File_20250224_1519,1424471169,1d,0,4,0.03102755377,0.01330962221,23,4.276661319,0,0,0,-7,0.528,0.53,7,4.511289156e-05,687.7757708,0.1006309723,SW,1.443397252e-05,-90,18939.39394
ERF_Log_File_20250224_1519,1424471258,1d,0,4,0.2038489465,0.01168596965,17,4.280771943,0,0,0,-6,0.528,0.53,6,0.0002963886707,687.7757708,0.1006309723,SW,3.265657838e-05,-90,18939.39394
ERF_Log_File_20250224_1519,1424471319,1d,0,4,0.09310797405,0.01202229784,9,4.280699263,0,0,0,-5,0.528,0.53,5,0.0001353754785,687.7757708,0.1006309723,SW,1.926793667e-05,-90,18939.39394
ERF_Log_File_20250224_1519,1424471356,1d,0,4,0.1646947026,0.009564478654,5,4.279866909,0,0,0,-4,0.528,0.53,4,0.0002394598787,687.7757708,0.1006309723,SW,2.759346574e-05,-90,18939.39394
ERF_Log_File_20250224_1519,1424471381,1d,0,4,0.4076418693,0.009368009377,3,4.296015143,0,0,0,-3,0.528,0.53,3,0.0005926958852,687.7757708,0.1006309723,SW,6.083485377e-05,-90,18939.39394
ERF_Log_File_20250224_1519,1424471401,1d,0,4,0.7182097747,0.01152064954,3,4.285089714,0,0,0,-2.5,0.528,0.53,2.5,0.001044249892,687.7757708,0.1006309723,SW,0.000105321363,-90,18939.39394
ERF_Log_File_20250224_1519,1424471421,1d,0,4,1.239273354,0.005541170716,3,4.297855429,0,0,0,-2,0.528,0.53,2,0.001801856662,687.7757708,0.1006309723,SW,0.0001807067558,-90,18939.39394
ERF_Log_File_20250224_1519,1424471583,1d,0,4,1.325832357,0.01092865947,3,4.290218571,0,0,0,2,0.528,0.53,2,0.001927710183,687.7757708,0.1006309723,SW,0.0001932582025,90,18939.39394
ERF_Log_File_20250224_1519,1424471603,1d,0,4,0.7666020811,0.007479461276,3,4.278888857,0,0,0,2.5,0.528,0.53,2.5,0.001114610479,687.7757708,0.1006309723,SW,0.0001123012893,90,18939.39394
ERF_Log_File_20250224_1519,1424471623,1d,0,4,0.4427269624,0.004073253111,3,4.277166286,0,0,0,3,0.528,0.53,3,0.0006437082857,687.7757708,0.1006309723,SW,6.581489368e-05,90,18939.39394
ERF_Log_File_20250224_1519,1424471648,1d,0,4,0.1807090307,0.007230510631,5,4.272756182,0,0,0,4,0.528,0.53,4,0.000262744107,687.7757708,0.1006309723,SW,2.963669895e-05,90,18939.39394
ERF_Log_File_20250224_1519,1424471685,1d,0,4,0.1016486067,0.00973204933,9,4.283480737,0,0,0,5,0.528,0.53,5,0.0001477932358,687.7757708,0.1006309723,SW,2.015977833e-05,90,18939.39394
ERF_Log_File_20250224_1519,1424471746,1d,0,4,0.1821533641,0.015417855,17,4.281889029,0,0,0,6,0.528,0.53,6,0.0002648441131,687.7757708,0.1006309723,SW,2.982303361e-05,90,18939.39394
ERF_Log_File_20250224_1519,1424471835,1d,0,4,0.02279798041,0.009133358482,23,4.280381149,0,0,0,7,0.528,0.53,7,3.314740265e-05,687.7757708,0.1006309723,SW,1.410586105e-05,90,18939.39394
ERF_Log_File_20250224_1519,1424471936,1d,0,4,0.01286141975,0.009661612789,23,4.271438213,0,0,0,8,0.528,0.53,8,1.870001866e-05,687.7757708,0.1006309723,SW,1.383779982e-05,90,18939.39394
ERF_Log_File_20250224_1519,1424472037,1d,0,4,0.01644559489,0.01056876209,23,4.278205021,0,0,0,9,0.528,0.53,9,2.391127398e-05,687.7757708,0.1006309723,SW,1.391780485e-05,90,18939.39394
ERF_Log_File_20250224_1519,1424472138,1d,0,4,0.001122383086,0.01277746194,23,4.275272936,0,0,0,10,0.528,0.53,10,1.631902625e-06,687.7757708,0.1006309723,SW,1.371183505e-05,90,18939.39394
ERF_Log_File_20250225_0828,1424532617,1d,0,4,0.0009371163116,0.00770611616,23,3.987600553,0,0,0,-10,0.547,0.547,10,1.575300859e-06,594.8808485,0.08996197926,SW,1.585269663e-05,-90,18281.53565
ERF_Log_File_20250225_0828,1424532718,1d,0,4,0.00616348877,0.009892320395,23,3.974823064,0,0,0,-9,0.547,0.547,9,1.036087947e-05,594.8808485,0.08996197926,SW,1.588573749e-05,-90,18281.53565
ERF_Log_File_20250225_0828,1424532819,1d,0,4,0.0183476348,0.01139700148,23,3.976388681,0,0,0,-8,0.547,0.547,8,3.084253737e-05,594.8808485,0.08996197926,SW,1.61491739e-05,-90,18281.53565
ERF_Log_File_20250225_0828,1424532921,1d,0,4,0.03278060342,0.00994576512,23,3.973122809,0,0,0,-7,0.547,0.547,7,5.510448606e-05,594.8808485,0.08996197926,SW,1.678238029e-05,-90,18281.53565
ERF_Log_File_20250225_0828,1424533010,1d,0,4,0.1987261413,0.0109820989,17,3.974370686,0,0,0,-6,0.547,0.547,6,0.0003340604119,594.8808485,0.08996197926,SW,3.697633453e-05,-90,18281.53565
ERF_Log_File_20250225_0828,1424533071,1d,0,4,0.05751429342,0.01001724452,9,3.981794947,0,0,0,-5,0.547,0.547,5,9.668203905e-05,594.8808485,0.08996197926,SW,1.856764808e-05,-90,18281.53565
ERF_Log_File_20250225_0828,1424533107,1d,0,4,0.1358402575,0.009348600034,5,3.976696182,0,0,0,-4,0.547,0.547,4,0.0002283486817,594.8808485,0.08996197926,SW,2.779776199e-05,-90,18281.53565
ERF_Log_File_20250225_0828,1424533132,1d,0,4,0.3538565181,0.01123701698,3,3.972531714,0,0,0,-3,0.547,0.547,3,0.0005948359558,594.8808485,0.08996197926,SW,6.155964108e-05,-90,18281.53565
ERF_Log_File_20250225_0828,1424533152,1d,0,4,0.5970363527,0.008232127913,3,3.993085143,0,0,0,-2.5,0.547,0.547,2.5,0.001003623422,594.8808485,0.08996197926,SW,0.0001016066235,-90,18281.53565
ERF_Log_File_20250225_0828,1424533172,1d,0,4,1.004615262,0.01342188892,3,3.974277143,0,0,0,-2,0.547,0.547,2,0.001688767195,594.8808485,0.08996197926,SW,0.0001696192642,-90,18281.53565
ERF_Log_File_20250225_0828,1424533334,1d,0,4,1.089324355,0.01112721873,3,3.988898571,0,0,0,2,0.547,0.547,2,0.001831163934,594.8808485,0.08996197926,SW,0.000183801451,90,18281.53565
ERF_Log_File_20250225_0828,1424533354,1d,0,4,0.6364091675,0.008075509698,3,3.976451429,0,0,0,2.5,0.547,0.547,2.5,0.001069809474,594.8808485,0.08996197926,SW,0.0001081491214,90,18281.53565
ERF_Log_File_20250225_0828,1424533374,1d,0,4,0.3859538052,0.01228530921,3,3.978289429,0,0,0,3,0.547,0.547,3,0.000648791781,594.8808485,0.08996197926,SW,6.678772756e-05,90,18281.53565
ERF_Log_File_20250225_0828,1424533399,1d,0,4,0.1501450283,0.01034231034,5,3.960974,0,0,0,4,0.547,0.547,4,0.0002523951286,594.8808485,0.08996197926,SW,2.980465804e-05,90,18281.53565
ERF_Log_File_20250225_0828,1424533436,1d,0,4,0.06692910474,0.007227653243,9,3.977630632,0,0,0,5,0.547,0.547,5,0.0001125084207,594.8808485,0.08996197926,SW,1.943874768e-05,90,18281.53565
ERF_Log_File_20250225_0828,1424533497,1d,0,4,0.172123772,0.01154635979,17,3.9746772,0,0,0,6,0.547,0.547,6,0.0002893415924,594.8808485,0.08996197926,SW,3.299197872e-05,90,18281.53565
ERF_Log_File_20250225_0828,1424533586,1d,0,4,0.01635274878,0.01123307478,23,3.980729404,0,0,0,7,0.547,0.547,7,2.748911621e-05,594.8808485,0.08996197926,SW,1.608849611e-05,90,18281.53565
ERF_Log_File_20250225_0828,1424533687,1d,0,4,0.009932687407,0.01139928999,23,3.976569191,0,0,0,8,0.547,0.547,8,1.669693592e-05,594.8808485,0.08996197926,SW,1.593960658e-05,90,18281.53565
ERF_Log_File_20250225_0828,1424533788,1d,0,4,0.01019853424,0.009462238915,23,3.981689447,0,0,0,9,0.547,0.547,9,1.714382681e-05,594.8808485,0.08996197926,SW,1.594434977e-05,90,18281.53565
ERF_Log_File_20250225_0828,1424533889,1d,0,4,0.005106144278,0.01128799085,23,3.979216553,0,0,0,10,0.547,0.547,10,8.583473969e-06,594.8808485,0.08996197926,SW,1.58751358e-05,90,18281.53565
ERF_Log_File_20250225_1036,1424540222,2d,0,4,0.1451800311,0.008970811678,3,3.990402857,0,0,-3,-5,0.547,0.547,5.830951895,0.0002360158666,615.1282675,0.4396263211,SW,2.814385217e-05,-120.9637565,18281.53565
ERF_Log_File_20250225_1036,1424540242,2d,0,4,0.1379311869,0.01266159244,3,3.971232,0,0,-3,-4.375,0.547,0.547,5.304773793,0.0002242315859,615.1282675,0.4396263211,SW,2.716315138e-05,-124.4389893,18281.53565
ERF_Log_File_20250225_1036,1424540262,2d,0,4,0.08647655057,0.01376582502,3,3.99221,0,0,-3,-3.75,0.547,0.547,4.802343178,0.0001405829567,615.1282675,0.4396263211,SW,2.080045292e-05,-128.6598083,18281.53565
ERF_Log_File_20250225_1036,1424540283,2d,0,4,0.1113043754,0.008694558511,3,3.988280571,0,0,-3,-3.125,0.547,0.547,4.331930863,0.0001809449855,615.1282675,0.4396263211,SW,2.371583166e-05,-133.8308607,18281.53565
ERF_Log_File_20250225_1036,1424540303,2d,0,4,0.1758134577,0.004076698286,3,3.983489429,0,0,-3,-2.5,0.547,0.547,3.905124838,0.0002858159298,615.1282675,0.4396263211,SW,3.243396759e-05,-140.1944289,18281.53565
ERF_Log_File_20250225_1036,1424540324,2d,0,4,0.2386202295,0.005384295517,3,3.974232286,0,0,-3,-1.875,0.547,0.547,3.537742925,0.0003879194668,615.1282675,0.4396263211,SW,4.171216922e-05,-147.9946168,18281.53565
ERF_Log_File_20250225_1036,1424540344,2d,0,4,0.3367798669,0.01278936426,3,3.993635143,0,0,-3,-1.25,0.547,0.547,3.25,0.0005474953513,615.1282675,0.4396263211,SW,5.68566423e-05,-157.3801351,18281.53565
ERF_Log_File_20250225_1036,1424540364,2d,0,4,0.432173349,0.005663206124,3,3.986663429,0,0,-3,-0.625,0.547,0.547,3.064412668,0.0007025743602,615.1282675,0.4396263211,SW,7.191225566e-05,-168.2317111,18281.53565
ERF_Log_File_20250225_1036,1424540385,2d,0,4,0.4693284179,0.007491925108,3,3.989907714,0,0,-3,0,0.547,0.547,3,0.0007629765086,615.1282675,0.4396263211,SW,7.782443023e-05,180,18281.53565
ERF_Log_File_20250225_1036,1424540405,2d,0,4,0.4167745228,0.007157460984,3,4.006128857,0,0,-3,0.625,0.547,0.547,3.064412668,0.0006775408396,615.1282675,0.4396263211,SW,6.946843487e-05,168.2317111,18281.53565
ERF_Log_File_20250225_1036,1424540425,2d,0,4,0.3381065046,0.01143842446,3,3.991224571,0,0,-3,1.25,0.547,0.547,3.25,0.000549652036,615.1282675,0.4396263211,SW,5.706435835e-05,157.3801351,18281.53565
ERF_Log_File_20250225_1036,1424540446,2d,0,4,0.2343391817,0.009969452059,3,3.998956857,0,0,-3,1.875,0.547,0.547,3.537742925,0.000380959865,615.1282675,0.4396263211,SW,4.106569599e-05,147.9946168,18281.53565
ERF_Log_File_20250225_1036,1424540466,2d,0,4,0.1621429694,0.01254552407,3,3.989935143,0,0,-3,2.5,0.547,0.547,3.905124838,0.0002635921286,615.1282675,0.4396263211,SW,3.049355116e-05,140.1944289,18281.53565
ERF_Log_File_20250225_1036,1424540486,2d,0,4,0.1143307843,0.01133510913,3,3.97345,0,0,-3,3.125,0.547,0.547,4.331930863,0.0001858649495,615.1282675,0.4396263211,SW,2.409332915e-05,133.8308607,18281.53565
ERF_Log_File_20250225_1036,1424540507,2d,0,4,0.07855770823,0.007201378848,3,4.011981429,0,0,-3,3.75,0.547,0.547,4.802343178,0.0001277094752,615.1282675,0.4396263211,SW,1.995290709e-05,128.6598083,18281.53565
ERF_Log_File_20250225_1036,1424540527,2d,0,4,0.1555493045,0.009421382632,3,4.002696571,0,0,-3,4.375,0.547,0.547,5.304773793,0.0002528729579,615.1282675,0.4396263211,SW,2.957182883e-05,124.4389893,18281.53565
ERF_Log_File_20250225_1036,1424540547,2d,0,4,0.1818320833,0.008329838942,3,3.998738571,0,0,-3,5,0.547,0.547,5.830951895,0.0002956002721,615.1282675,0.4396263211,SW,3.32994431e-05,120.9637565,18281.53565
ERF_Log_File_20250225_1036,1424540577,2d,0,4,0.1141883794,0.01678641368,3,4.007475714,0,0,-2,-5,0.547,0.547,5.385164807,0.000185633445,615.1282675,0.4396263211,SW,2.407547363e-05,-111.8014095,18281.53565
ERF_Log_File_20250225_1036,1424540597,2d,0,4,0.07462288855,0.005381979081,3,3.989912571,0,0,-2,-4.375,0.547,0.547,4.810470351,0.0001213127286,615.1282675,0.4396263211,SW,1.954963857e-05,-114.5671713,18281.53565
ERF_Log_File_20250225_1036,1424540618,2d,0,4,0.1305882391,0.007996767599,3,4.017988286,0,0,-2,-3.75,0.547,0.547,4.25,0.000212294323,615.1282675,0.4396263211,SW,2.618634923e-05,-118.0724869,18281.53565
ERF_Log_File_20250225_1036,1424540638,2d,0,4,0.2037245724,0.008018629383,3,3.995003429,0,0,-2,-3.125,0.547,0.547,3.71020552,0.0003311903926,615.1282675,0.4396263211,SW,3.649575123e-05,-122.6192431,18281.53565
ERF_Log_File_20250225_1036,1424540658,2d,0,4,0.3453132922,0.004030412997,3,4.011375143,0,0,-2,-2.5,0.547,0.547,3.201562119,0.0005613679463,615.1282675,0.4396263211,SW,5.819376037e-05,-128.6598083,18281.53565
ERF_Log_File_20250225_1036,1424540679,2d,0,4,0.5243433239,0.01020912695,3,3.996553143,0,0,-2,-1.875,0.547,0.547,2.741464025,0.000852412987,615.1282675,0.4396263211,SW,8.661098783e-05,-136.8476103,18281.53565
ERF_Log_File_20250225_1036,1424540699,2d,0,4,0.8474122152,0.01187691467,3,3.996474,0,0,-2,-1.25,0.547,0.547,2.358495283,0.001377618718,615.1282675,0.4396263211,SW,0.0001386157126,-147.9946168,18281.53565
ERF_Log_File_20250225_1036,1424540780,2d,0,4,0.8720617391,0.01025611417,3,4.004673714,0,0,-2,1.25,0.547,0.547,2.358495283,0.001417690887,615.1282675,0.4396263211,SW,0.0001425991381,147.9946168,18281.53565
ERF_Log_File_20250225_1036,1424540801,2d,0,4,0.5607857559,0.009203586987,3,4.010173714,0,0,-2,1.875,0.547,0.547,2.741464025,0.0009116566179,615.1282675,0.4396263211,SW,9.244790685e-05,136.8476103,18281.53565
ERF_Log_File_20250225_1036,1424540821,2d,0,4,0.3467226802,0.01118870254,3,4.011881143,0,0,-2,2.5,0.547,0.547,3.201562119,0.0005636591563,615.1282675,0.4396263211,SW,5.841482514e-05,128.6598083,18281.53565
ERF_Log_File_20250225_1036,1424540842,2d,0,4,0.1988108989,0.008345981957,3,4.015176,0,0,-2,3.125,0.547,0.547,3.71020552,0.0003232023457,615.1282675,0.4396263211,SW,3.577239143e-05,122.6192431,18281.53565
ERF_Log_File_20250225_1036,1424540862,2d,0,4,0.1256235373,0.01219049193,3,4.016785143,0,0,-2,3.75,0.547,0.547,4.25,0.0002042233204,615.1282675,0.4396263211,SW,2.55363666e-05,118.0724869,18281.53565
ERF_Log_File_20250225_1036,1424540882,2d,0,4,0.08245729994,0.008650393861,3,4.017902286,0,0,-2,4.375,0.547,0.547,4.810470351,0.0001340489526,615.1282675,0.4396263211,SW,2.036451485e-05,114.5671713,18281.53565
ERF_Log_File_20250225_1036,1424540903,2d,0,4,0.1135150886,0.007266231596,3,4.008430286,0,0,-2,5,0.547,0.547,5.385164807,0.0001845388915,615.1282675,0.4396263211,SW,2.399117523e-05,111.8014095,18281.53565
ERF_Log_File_20250225_1036,1424540932,2d,0,4,0.06514713791,0.01427951,3,4.013394857,0,0,-1,-5,0.547,0.547,5.099019514,0.0001059082168,615.1282675,0.4396263211,SW,1.86328823e-05,-101.3099325,18281.53565
ERF_Log_File_20250225_1036,1424540953,2d,0,4,0.09877430698,0.01271942903,3,3.960897143,0,0,-1,-4.375,0.547,0.547,4.487830768,0.0001605751389,615.1282675,0.4396263211,SW,2.220067549e-05,-102.8750016,18281.53565
ERF_Log_File_20250225_1036,1424540973,2d,0,4,0.155597699,0.007667936589,3,4.040169143,0,0,-1,-3.75,0.547,0.547,3.881043674,0.0002529516317,615.1282675,0.4396263211,SW,2.957855696e-05,-104.9314172,18281.53565
ERF_Log_File_20250225_1036,1424540993,2d,0,4,0.2941154429,0.006794680212,3,4.007255143,0,0,-1,-3.125,0.547,0.547,3.281101187,0.0004781367699,615.1282675,0.4396263211,SW,5.021232467e-05,-107.7446716,18281.53565
ERF_Log_File_20250225_1036,1424541014,2d,0,4,0.5151805067,0.00775518044,3,4.024273429,0,0,-1,-2.5,0.547,0.547,2.692582404,0.0008375172041,615.1282675,0.4396263211,SW,8.514529947e-05,-111.8014095,18281.53565
ERF_Log_File_20250225_1036,1424541034,2d,0,4,0.9865166424,0.006631021596,3,4.022841714,0,0,-1,-1.875,0.547,0.547,2.125,0.001603757614,615.1282675,0.4396263211,SW,0.0001611108676,-118.0724869,18281.53565
ERF_Log_File_20250225_1036,1424541156,2d,0,4,1.018026459,0.01220520984,3,4.011905714,0,0,-1,1.875,0.547,0.547,2.125,0.001654982405,615.1282675,0.4396263211,SW,0.0001662109494,118.0724869,18281.53565
ERF_Log_File_20250225_1036,1424541176,2d,0,4,0.5579163898,0.0158895466,3,4.022018286,0,0,-1,2.5,0.547,0.547,2.692582404,0.0009069919548,615.1282675,0.4396263211,SW,9.198791942e-05,111.8014095,18281.53565
ERF_Log_File_20250225_1036,1424541197,2d,0,4,0.3320234368,0.009436498876,3,4.007607429,0,0,-1,3.125,0.547,0.547,3.281101187,0.0005397629314,615.1282675,0.4396263211,SW,5.611240598e-05,107.7446716,18281.53565
ERF_Log_File_20250225_1036,1424541217,2d,0,4,0.1675616576,0.006232289863,3,3.984154,0,0,-1,3.75,0.547,0.547,3.881043674,0.0002724011665,615.1282675,0.4396263211,SW,3.125819775e-05,104.9314172,18281.53565
ERF_Log_File_20250225_1036,1424541237,2d,0,4,0.1107521242,0.01777834745,3,4.007591429,0,0,-1,4.375,0.547,0.547,4.487830768,0.0001800472033,615.1282675,0.4396263211,SW,2.364740117e-05,102.8750016,18281.53565
ERF_Log_File_20250225_1036,1424541258,2d,0,4,0.0730337284,0.01102571175,3,4.015056286,0,0,-1,5,0.547,0.547,5.099019514,0.0001187292672,615.1282675,0.4396263211,SW,1.939037542e-05,101.3099325,18281.53565
ERF_Log_File_20250225_1036,1424541287,2d,0,4,0.04928266446,0.01818461992,3,4.005209143,0,0,0,-5,0.547,0.547,5,8.011770401e-05,615.1282675,0.4396263211,SW,1.729753779e-05,-90,18281.53565
ERF_Log_File_20250225_1036,1424541308,2d,0,4,0.1026195906,0.007085860833,3,3.997323143,0,0,0,-4.375,0.547,0.547,4.375,0.0001668263288,615.1282675,0.4396263211,SW,2.265695313e-05,-90,18281.53565
ERF_Log_File_20250225_1036,1424541328,2d,0,4,0.1565664931,0.01341556624,3,4.008275429,0,0,0,-3.75,0.547,0.547,3.75,0.0002545265783,615.1282675,0.4396263211,SW,2.971336317e-05,-90,18281.53565
ERF_Log_File_20250225_1036,1424541348,2d,0,4,0.3167778952,0.005801607388,3,4.017372857,0,0,0,-3.125,0.547,0.547,3.125,0.000514978602,615.1282675,0.4396263211,SW,5.373246817e-05,-90,18281.53565
ERF_Log_File_20250225_1036,1424541369,2d,0,4,0.6143349175,0.007500966836,3,4.004055143,0,0,0,-2.5,0.547,0.547,2.5,0.000998710269,615.1282675,0.4396263211,SW,0.0001010432806,-90,18281.53565
ERF_Log_File_20250225_1036,1424541389,2d,0,4,1.209654942,0.007828129463,3,4.003306571,0,0,0,-1.875,0.547,0.547,1.875,0.001966508461,615.1282675,0.4396263211,SW,0.0001972524869,-90,18281.53565
ERF_Log_File_20250225_1036,1424541511,2d,0,4,1.290187091,0.006330924766,3,4.014026571,0,0,0,1.875,0.547,0.547,1.875,0.002097427739,615.1282675,0.4396263211,SW,0.0002103076112,90,18281.53565
ERF_Log_File_20250225_1036,1424541532,2d,0,4,0.6521908393,0.008634374213,3,3.998686571,0,0,0,2.5,0.547,0.547,2.5,0.001060251778,615.1282675,0.4396263211,SW,0.0001071304139,90,18281.53565
ERF_Log_File_20250225_1036,1424541552,2d,0,4,0.3471517685,0.004416805858,3,4.017691714,0,0,0,3.125,0.547,0.547,3.125,0.0005643567153,615.1282675,0.4396263211,SW,5.848214064e-05,90,18281.53565
ERF_Log_File_20250225_1036,1424541572,2d,0,4,0.1782530948,0.01137576464,3,4.005097714,0,0,0,3.75,0.547,0.547,3.75,0.0002897819921,615.1282675,0.4396263211,SW,3.278402037e-05,90,18281.53565
ERF_Log_File_20250225_1036,1424541593,2d,0,4,0.1145406319,0.01352425141,3,4.006906286,0,0,0,4.375,0.547,0.547,4.375,0.0001862060938,615.1282675,0.4396263211,SW,2.411965742e-05,90,18281.53565
ERF_Log_File_20250225_1036,1424541613,2d,0,4,0.07604442295,0.01264544124,3,4.003863714,0,0,0,5,0.547,0.547,5,0.0001236236846,615.1282675,0.4396263211,SW,1.969388306e-05,90,18281.53565
ERF_Log_File_20250225_1036,1424541643,2d,0,4,0.06144288466,0.009413534455,3,4.002248,0,0,1,-5,0.547,0.547,5.099019514,9.988629674e-05,615.1282675,0.4396263211,SW,1.829729185e-05,-78.69006753,18281.53565
ERF_Log_File_20250225_1036,1424541663,2d,0,4,0.09812423835,0.009811088677,3,4.001203714,0,0,1,-4.375,0.547,0.547,4.487830768,0.0001595183371,615.1282675,0.4396263211,SW,2.212435459e-05,-77.12499844,18281.53565
ERF_Log_File_20250225_1036,1424541683,2d,0,4,0.1597038898,0.006278964233,3,4.006815429,0,0,1,-3.75,0.547,0.547,3.881043674,0.0002596269726,615.1282675,0.4396263211,SW,3.015143693e-05,-75.06858282,18281.53565
ERF_Log_File_20250225_1036,1424541704,2d,0,4,0.2715714047,0.01279919126,3,4.005571714,0,0,1,-3.125,0.547,0.547,3.281101187,0.000441487441,615.1282675,0.4396263211,SW,4.673568479e-05,-72.25532837,18281.53565
ERF_Log_File_20250225_1036,1424541724,2d,0,4,0.4743222934,0.009441483677,3,4.023069429,0,0,1,-2.5,0.547,0.547,2.692582404,0.0007710949382,615.1282675,0.4396263211,SW,7.862054956e-05,-68.19859051,18281.53565
ERF_Log_File_20250225_1036,1424541744,2d,0,4,0.9169232811,0.01160087924,3,4.008700571,0,0,1,-1.875,0.547,0.547,2.125,0.001490621273,615.1282675,0.4396263211,SW,0.0001498521465,-61.92751306,18281.53565
ERF_Log_File_20250225_1036,1424541866,2d,0,4,1.033534447,0.01233129046,3,4.004873429,0,0,1,1.875,0.547,0.547,2.125,0.001680193387,615.1282675,0.4396263211,SW,0.0001687215257,61.92751306,18281.53565
ERF_Log_File_20250225_1036,1424541887,2d,0,4,0.5493507481,0.01688701351,3,4.004736857,0,0,1,2.5,0.547,0.547,2.692582404,0.0008930669865,615.1282675,0.4396263211,SW,9.06151581e-05,68.19859051,18281.53565
ERF_Log_File_20250225_1036,1424541907,2d,0,4,0.3150087887,0.01086796116,3,4.011637714,0,0,1,3.125,0.547,0.547,3.281101187,0.0005121026058,615.1282675,0.4396263211,SW,5.345687805e-05,72.25532837,18281.53565
ERF_Log_File_20250225_1036,1424541927,2d,0,4,0.1716013238,0.01169733918,3,4.00623,0,0,1,3.75,0.547,0.547,3.881043674,0.0002789683597,615.1282675,0.4396263211,SW,3.183215792e-05,75.06858282,18281.53565
ERF_Log_File_20250225_1036,1424541948,2d,0,4,0.10991901,0.009908828402,3,3.993252857,0,0,1,4.375,0.547,0.547,4.487830768,0.0001786928284,615.1282675,0.4396263211,SW,2.354443988e-05,77.12499844,18281.53565
ERF_Log_File_20250225_1036,1424541968,2d,0,4,0.07415790866,0.006392891257,3,4.011075714,0,0,1,5,0.547,0.547,5.099019514,0.0001205568214,615.1282675,0.4396263211,SW,1.950281942e-05,78.69006753,18281.53565
ERF_Log_File_20250225_1036,1424541998,2d,0,4,0.1362767494,0.00464739232,3,4.018465714,0,0,2,-5,0.547,0.547,5.385164807,0.0002215420045,615.1282675,0.4396263211,SW,2.694154296e-05,-68.19859051,18281.53565
ERF_Log_File_20250225_1036,1424542018,2d,0,4,0.08214164829,0.009757617058,3,4.025457143,0,0,2,-4.375,0.547,0.547,4.810470351,0.0001335358049,615.1282675,0.4396263211,SW,2.033077199e-05,-65.43282868,18281.53565
ERF_Log_File_20250225_1036,1424542039,2d,0,4,0.108986488,0.01198223806,3,4.029107714,0,0,2,-3.75,0.547,0.547,4.25,0.0001771768488,615.1282675,0.4396263211,SW,2.342958518e-05,-61.92751306,18281.53565
ERF_Log_File_20250225_1036,1424542059,2d,0,4,0.1813312099,0.01330353677,3,4.014875429,0,0,2,-3.125,0.547,0.547,3.71020552,0.0002947860137,615.1282675,0.4396263211,SW,3.322717856e-05,-57.38075693,18281.53565
ERF_Log_File_20250225_1036,1424542079,2d,0,4,0.3201749602,0.008515243114,3,4.012760857,0,0,2,-2.5,0.547,0.547,3.201562119,0.000520501133,615.1282675,0.4396263211,SW,5.426201016e-05,-51.34019175,18281.53565
ERF_Log_File_20250225_1036,1424542100,2d,0,4,0.5034477904,0.01659613754,3,4.011662,0,0,2,-1.875,0.547,0.547,2.741464025,0.0008184435947,615.1282675,0.4396263211,SW,8.326976879e-05,-43.15238973,18281.53565
ERF_Log_File_20250225_1036,1424542120,2d,0,4,0.7981392103,0.01117107097,3,4.014218286,0,0,2,-1.25,0.547,0.547,2.358495283,0.001297516717,615.1282675,0.4396263211,SW,0.0001306574503,-32.00538321,18281.53565
ERF_Log_File_20250225_1036,1424542201,2d,0,4,0.8379611889,0.004212208272,3,4.007077714,0,0,2,1.25,0.547,0.547,2.358495283,0.0013622544,615.1282675,0.4396263211,SW,0.0001370887721,32.00538321,18281.53565
ERF_Log_File_20250225_1036,1424542222,2d,0,4,0.5324239579,0.007613731508,3,4.000455714,0,0,2,1.875,0.547,0.547,2.741464025,0.0008655494895,615.1282675,0.4396263211,SW,8.790423723e-05,43.15238973,18281.53565
ERF_Log_File_20250225_1036,1424542242,2d,0,4,0.3461951081,0.00623590253,3,4.017669714,0,0,2,2.5,0.547,0.547,3.201562119,0.0005628014942,615.1282675,0.4396263211,SW,5.833206731e-05,51.34019175,18281.53565
ERF_Log_File_20250225_1036,1424542262,2d,0,4,0.2196586656,0.01209586839,3,4.005273429,0,0,2,3.125,0.547,0.547,3.71020552,0.0003570940847,615.1282675,0.4396263211,SW,3.886180716e-05,57.38075693,18281.53565
ERF_Log_File_20250225_1036,1424542283,2d,0,4,0.1487799488,0.005610713444,3,4.007571429,0,0,2,3.75,0.547,0.547,4.25,0.0002418681707,615.1282675,0.4396263211,SW,2.863642909e-05,61.92751306,18281.53565
ERF_Log_File_20250225_1036,1424542303,2d,0,4,0.1020714199,0.005627217541,3,4.016651143,0,0,2,4.375,0.547,0.547,4.810470351,0.0001659351802,615.1282675,0.4396263211,SW,2.259141373e-05,65.43282868,18281.53565
ERF_Log_File_20250225_1036,1424542324,2d,0,4,0.1229134937,0.00738147589,3,4.020641714,0,0,2,5,0.547,0.547,5.385164807,0.0001998176643,615.1282675,0.4396263211,SW,2.51854016e-05,68.19859051,18281.53565
ERF_Log_File_20250225_1036,1424542353,2d,0,4,0.1284416941,0.01179580615,3,4.010249429,0,0,3,-5,0.547,0.547,5.830951895,0.0002088047337,615.1282675,0.4396263211,SW,2.590423726e-05,-59.03624347,18281.53565
ERF_Log_File_20250225_1036,1424542374,2d,0,4,0.1544547876,0.009292714085,3,4.012805429,0,0,3,-4.375,0.547,0.547,5.304773793,0.0002510936268,615.1282675,0.4396263211,SW,2.94198125e-05,-55.56101069,18281.53565
ERF_Log_File_20250225_1036,1424542394,2d,0,4,0.07654775155,0.01010721344,3,4.022974286,0,0,3,-3.75,0.547,0.547,4.802343178,0.0001244419345,615.1282675,0.4396263211,SW,1.974535212e-05,-51.34019175,18281.53565
ERF_Log_File_20250225_1036,1424542414,2d,0,4,0.1242673371,0.009020657048,3,4.002428857,0,0,3,-3.125,0.547,0.547,4.331930863,0.0002020185767,615.1282675,0.4396263211,SW,2.536038188e-05,-46.16913933,18281.53565
ERF_Log_File_20250225_1036,1424542435,2d,0,4,0.1689120185,0.008445643696,3,4.014726571,0,0,3,-2.5,0.547,0.547,3.905124838,0.0002745964174,615.1282675,0.4396263211,SW,3.144969808e-05,-39.80557109,18281.53565
ERF_Log_File_20250225_1036,1424542455,2d,0,4,0.2361912748,0.006829627214,3,4.027907429,0,0,3,-1.875,0.547,0.547,3.537742925,0.0003839707706,615.1282675,0.4396263211,SW,4.134517992e-05,-32.00538321,18281.53565
ERF_Log_File_20250225_1036,1424542475,2d,0,4,0.3288964609,0.006181368052,3,4.022009143,0,0,3,-1.25,0.547,0.547,3.25,0.0005346794779,615.1282675,0.4396263211,SW,5.562356097e-05,-22.61986495,18281.53565
ERF_Log_File_20250225_1036,1424542496,2d,0,4,0.4176932554,0.0126607847,3,4.016733714,0,0,3,-0.625,0.547,0.547,3.064412668,0.0006790344023,615.1282675,0.4396263211,SW,6.961412055e-05,-11.76828893,18281.53565
ERF_Log_File_20250225_1036,1424542516,2d,0,4,0.4540679218,0.005635802984,3,4.018809143,0,0,3,0,0.547,0.547,3,0.0007381678681,615.1282675,0.4396263211,SW,7.539369606e-05,0,18281.53565
ERF_Log_File_20250225_1036,1424542537,2d,0,4,0.4279273325,0.01160245411,3,4.031457429,0,0,3,0.625,0.547,0.547,3.064412668,0.000695671708,615.1282675,0.4396263211,SW,7.123799212e-05,11.76828893,18281.53565
ERF_Log_File_20250225_1036,1424542557,2d,0,4,0.3390537369,0.009518107579,3,4.014236286,0,0,3,1.25,0.547,0.547,3.25,0.0005511919299,615.1282675,0.4396263211,SW,5.721270565e-05,22.61986495,18281.53565
ERF_Log_File_20250225_1036,1424542577,2d,0,4,0.2495412262,0.01192499333,3,4.033413714,0,0,3,1.875,0.547,0.547,3.537742925,0.0004056734822,615.1282675,0.4396263211,SW,4.336827033e-05,32.00538321,18281.53565
ERF_Log_File_20250225_1036,1424542598,2d,0,4,0.1846529643,0.01062635775,3,4.001055429,0,0,3,2.5,0.547,0.547,3.905124838,0.0003001861142,615.1282675,0.4396263211,SW,3.370721182e-05,39.80557109,18281.53565
ERF_Log_File_20250225_1036,1424542618,2d,0,4,0.1303120366,0.01228641724,3,4.025836571,0,0,3,3.125,0.547,0.547,4.331930863,0.0002118453069,615.1282675,0.4396263211,SW,2.614995857e-05,46.16913933,18281.53565
ERF_Log_File_20250225_1036,1424542638,2d,0,4,0.09637071495,0.009232567309,3,4.032252286,0,0,3,3.75,0.547,0.547,4.802343178,0.0001566676741,615.1282675,0.4396263211,SW,2.191969909e-05,51.34019175,18281.53565
ERF_Log_File_20250225_1036,1424542659,2d,0,4,0.173397858,0.008763427955,3,4.049814,0,0,3,4.375,0.547,0.547,5.304773793,0.0002818889445,615.1282675,0.4396263211,SW,3.208843137e-05,55.56101069,18281.53565
ERF_Log_File_20250225_1036,1424542679,2d,0,4,0.1758526578,0.01197579382,3,4.011294857,0,0,3,5,0.547,0.547,5.830951895,0.0002858796566,615.1282675,0.4396263211,SW,3.243958377e-05,59.03624347,18281.53565
ERF_Log_File_20250225_1506,1424556480,2d,0,4,0.02152688279,0.008227837722,3,4.042400286,0,0,-3,-8.125,0.547,0.547,8.661156101,3.54014493e-05,608.0791384,0.6495009758,SW,1.590683703e-05,-110.2656975,18281.53565
ERF_Log_File_20250225_1506,1424556501,2d,0,4,0.006996600786,0.009020736454,3,4.043434286,0,0,-3,-7.5,0.547,0.547,8.077747211,1.150606943e-05,608.0791384,0.6495009758,SW,1.555048088e-05,-111.8014095,18281.53565
ERF_Log_File_20250225_1506,1424556521,2d,0,4,0.009662022172,0.009536405804,3,4.035507714,0,0,-3,-6.875,0.547,0.547,7.501041594,1.588941564e-05,608.0791384,0.6495009758,SW,1.558904845e-05,-113.5747062,18281.53565
ERF_Log_File_20250225_1506,1424556542,2d,0,4,0.01859328194,0.006619121954,3,4.020623143,0,0,-3,-6.25,0.547,0.547,6.932712312,3.057707585e-05,608.0791384,0.6495009758,SW,1.580645598e-05,-115.6410058,18281.53565
ERF_Log_File_20250225_1506,1424556562,2d,0,4,0.07769596798,0.01256489448,3,4.034376,0,0,-3,-5.625,0.547,0.547,6.375,0.0001277727899,608.0791384,0.6495009758,SW,2.009405117e-05,-118.0724869,18281.53565
ERF_Log_File_20250225_1506,1424556582,2d,0,4,0.1572398079,0.008677640835,3,4.027525143,0,0,-3,-5,0.547,0.547,5.830951895,0.0002585844473,608.0791384,0.6495009758,SW,3.015342199e-05,-120.9637565,18281.53565
ERF_Log_File_20250225_1506,1424556603,2d,0,4,0.1423077249,0.004664634132,3,4.043139143,0,0,-3,-4.375,0.547,0.547,5.304773793,0.0002340282966,608.0791384,0.6495009758,SW,2.807576053e-05,-124.4389893,18281.53565
ERF_Log_File_20250225_1506,1424556623,2d,0,4,0.08585914298,0.01075258791,3,4.039512,0,0,-3,-3.75,0.547,0.547,4.802343178,0.0001411973172,608.0791384,0.6495009758,SW,2.097338736e-05,-128.6598083,18281.53565
ERF_Log_File_20250225_1506,1424556643,2d,0,4,0.1171091593,0.006950975629,3,4.048874286,0,0,-3,-3.125,0.547,0.547,4.331930863,0.0001925886811,608.0791384,0.6495009758,SW,2.472730727e-05,-133.8308607,18281.53565
ERF_Log_File_20250225_1506,1424556664,2d,0,4,0.177124279,0.01058772865,3,4.052359143,0,0,-3,-2.5,0.547,0.547,3.905124838,0.0002912849131,608.0791384,0.6495009758,SW,3.300089717e-05,-140.1944289,18281.53565
ERF_Log_File_20250225_1506,1424556684,2d,0,4,0.2390109086,0.01053218703,3,4.034853714,0,0,-3,-1.875,0.547,0.547,3.537742925,0.0003930588857,608.0791384,0.6495009758,SW,4.225662723e-05,-147.9946168,18281.53565
ERF_Log_File_20250225_1506,1424556704,2d,0,4,0.3447383363,0.01027908796,3,4.044832857,0,0,-3,-1.25,0.547,0.547,3.25,0.0005669300499,608.0791384,0.6495009758,SW,5.877888151e-05,-157.3801351,18281.53565
ERF_Log_File_20250225_1506,1424556725,2d,0,4,0.4292996662,0.01214710911,3,4.041476571,0,0,-3,-0.625,0.547,0.547,3.064412668,0.0007059930838,608.0791384,0.6495009758,SW,7.228640533e-05,-168.2317111,18281.53565
ERF_Log_File_20250225_1506,1424556745,2d,0,4,0.4695009163,0.0101993943,3,4.038839143,0,0,-3,0,0.547,0.547,3,0.0007721049558,608.0791384,0.6495009758,SW,7.875680394e-05,180,18281.53565
ERF_Log_File_20250225_1506,1424556765,2d,0,4,0.441597233,0.008649700998,3,4.049721429,0,0,-3,0.625,0.547,0.547,3.064412668,0.0007262167128,608.0791384,0.6495009758,SW,7.426306104e-05,168.2317111,18281.53565
ERF_Log_File_20250225_1506,1424556786,2d,0,4,0.3487478405,0.01228151304,3,4.028107429,0,0,-3,1.25,0.547,0.547,3.25,0.0005735237709,608.0791384,0.6495009758,SW,5.941518185e-05,157.3801351,18281.53565
ERF_Log_File_20250225_1506,1424556806,2d,0,4,0.2353211072,0.01559290282,3,4.059078286,0,0,-3,1.875,0.547,0.547,3.537742925,0.0003869909232,608.0791384,0.6495009758,SW,4.169273336e-05,147.9946168,18281.53565
ERF_Log_File_20250225_1506,1424556826,2d,0,4,0.1596803923,0.009991025081,3,4.043334571,0,0,-3,2.5,0.547,0.547,3.905124838,0.0002625980439,608.0791384,0.6495009758,SW,3.04983509e-05,140.1944289,18281.53565
ERF_Log_File_20250225_1506,1424556847,2d,0,4,0.1207783384,0.005833086159,3,4.044766571,0,0,-3,3.125,0.547,0.547,4.331930863,0.0001986227298,608.0791384,0.6495009758,SW,2.520016478e-05,133.8308607,18281.53565
ERF_Log_File_20250225_1506,1424556867,2d,0,4,0.09387028426,0.01701091891,3,4.033102857,0,0,-3,3.75,0.547,0.547,4.802343178,0.0001543718216,608.0791384,0.6495009758,SW,2.188212031e-05,128.6598083,18281.53565
ERF_Log_File_20250225_1506,1424556887,2d,0,4,0.1515699396,0.01051036426,3,4.055601429,0,0,-3,4.375,0.547,0.547,5.304773793,0.0002492602197,608.0791384,0.6495009758,SW,2.935763721e-05,124.4389893,18281.53565
ERF_Log_File_20250225_1506,1424556908,2d,0,4,0.1834260402,0.01124833414,3,4.055932,0,0,-3,5,0.547,0.547,5.830951895,0.0003016483029,608.0791384,0.6495009758,SW,3.391923061e-05,120.9637565,18281.53565
ERF_Log_File_20250225_1506,1424556928,2d,0,4,0.07763972535,0.0129805079,3,4.057765429,0,0,-3,5.625,0.547,0.547,6.375,0.0001276802976,608.0791384,0.6495009758,SW,2.008817042e-05,118.0724869,18281.53565
ERF_Log_File_20250225_1506,1424556949,2d,0,4,0.0214028661,0.002860665969,3,4.030829143,0,0,-3,6.25,0.547,0.547,6.932712312,3.519750103e-05,608.0791384,0.6495009758,SW,1.590230997e-05,115.6410058,18281.53565
ERF_Log_File_20250225_1506,1424556969,2d,0,4,0.01512850775,0.007807614549,3,4.047140286,0,0,-3,6.875,0.547,0.547,7.501041594,2.487917574e-05,608.0791384,0.6495009758,SW,1.57061723e-05,113.5747062,18281.53565
ERF_Log_File_20250225_1506,1424556989,2d,0,4,0.01971329408,0.01072529843,3,4.043270857,0,0,-3,7.5,0.547,0.547,8.077747211,3.241896134e-05,608.0791384,0.6495009758,SW,1.584312147e-05,111.8014095,18281.53565
ERF_Log_File_20250225_1506,1424557010,2d,0,4,0.009954327867,0.00632182693,3,4.044185714,0,0,-3,8.125,0.547,0.547,8.661156101,1.637011902e-05,608.0791384,0.6495009758,SW,1.559402199e-05,110.2656975,18281.53565
ERF_Log_File_20250225_1506,1424557046,2d,0,4,0.01243664801,0.01613301792,3,4.055914286,0,0,-2,-8.125,0.547,0.547,8.367533986,2.045235106e-05,608.0791384,0.6495009758,SW,1.564215049e-05,-103.828651,18281.53565
ERF_Log_File_20250225_1506,1424557066,2d,0,4,0.003616407595,0.009839491141,3,4.042786286,0,0,-2,-7.5,0.547,0.547,7.762087348,5.947264701e-06,608.0791384,0.6495009758,SW,1.551925089e-05,-104.9314172,18281.53565
ERF_Log_File_20250225_1506,1424557086,2d,0,4,0.01529964914,0.005921329966,3,4.052924571,0,0,-2,-6.875,0.547,0.547,7.160001746,2.516062165e-05,608.0791384,0.6495009758,SW,1.57106556e-05,-106.2201937,18281.53565
ERF_Log_File_20250225_1506,1424557107,2d,0,4,0.04967448096,0.01001172707,3,4.046256857,0,0,-2,-6.25,0.547,0.547,6.562202374,8.169081592e-05,608.0791384,0.6495009758,SW,1.752811786e-05,-107.7446716,18281.53565
ERF_Log_File_20250225_1506,1424557127,2d,0,4,0.1547513699,0.005918348765,3,4.053135714,0,0,-2,-5.625,0.547,0.547,5.969976968,0.0002544921542,608.0791384,0.6495009758,SW,2.980318547e-05,-109.5731258,18281.53565
ERF_Log_File_20250225_1506,1424557147,2d,0,4,0.1464026161,0.007958349506,3,4.054872571,0,0,-2,-5,0.547,0.547,5.385164807,0.0002407624383,608.0791384,0.6495009758,SW,2.863957154e-05,-111.8014095,18281.53565
ERF_Log_File_20250225_1506,1424557168,2d,0,4,0.08094784076,0.01717940759,3,4.044617429,0,0,-2,-4.375,0.547,0.547,4.810470351,0.0001331205688,608.0791384,0.6495009758,SW,2.043830923e-05,-114.5671713,18281.53565
ERF_Log_File_20250225_1506,1424557188,2d,0,4,0.1281133458,0.01257610199,3,4.054674286,0,0,-2,-3.75,0.547,0.547,4.25,0.0002106853165,608.0791384,0.6495009758,SW,2.616155721e-05,-118.0724869,18281.53565
ERF_Log_File_20250225_1506,1424557208,2d,0,4,0.2005286229,0.006284995849,3,4.045236857,0,0,-2,-3.125,0.547,0.547,3.71020552,0.00032977389,608.0791384,0.6495009758,SW,3.644345847e-05,-122.6192431,18281.53565
ERF_Log_File_20250225_1506,1424557229,2d,0,4,0.3360210875,0.009926465496,3,4.046308857,0,0,-2,-2.5,0.547,0.547,3.201562119,0.0005525943356,608.0791384,0.6495009758,SW,5.739727158e-05,-128.6598083,18281.53565
ERF_Log_File_20250225_1506,1424557249,2d,0,4,0.5416029582,0.01112061223,3,4.041191714,0,0,-2,-1.875,0.547,0.547,2.741464025,0.0008906784067,608.0791384,0.6495009758,SW,9.041282386e-05,-136.8476103,18281.53565
ERF_Log_File_20250225_1506,1424557269,2d,0,4,0.8699703757,0.005980790391,3,4.056964571,0,0,-2,-1.25,0.547,0.547,2.358495283,0.001430686108,608.0791384,0.6495009758,SW,0.0001439147526,-147.9946168,18281.53565
ERF_Log_File_20250225_1506,1424557351,2d,0,4,0.8891855916,0.009095156145,3,4.052374,0,0,-2,1.25,0.547,0.547,2.358495283,0.001462285968,608.0791384,0.6495009758,SW,0.0001470569123,147.9946168,18281.53565
ERF_Log_File_20250225_1506,1424557371,2d,0,4,0.5709357865,0.01644039774,3,4.078755143,0,0,-2,1.875,0.547,0.547,2.741464025,0.0009389169113,608.0791384,0.6495009758,SW,9.516905395e-05,136.8476103,18281.53565
ERF_Log_File_20250225_1506,1424557391,2d,0,4,0.3581116255,0.01343158248,3,4.056750857,0,0,-2,2.5,0.547,0.547,3.201562119,0.0005889227287,608.0791384,0.6495009758,SW,6.090311078e-05,128.6598083,18281.53565
ERF_Log_File_20250225_1506,1424557412,2d,0,4,0.2066722367,0.008847884911,3,4.050875714,0,0,-2,3.125,0.547,0.547,3.71020552,0.0003398772028,608.0791384,0.6495009758,SW,3.736027741e-05,122.6192431,18281.53565
ERF_Log_File_20250225_1506,1424557432,2d,0,4,0.1134119527,0.01071510046,3,4.053406,0,0,-2,3.75,0.547,0.547,4.25,0.0001865085407,608.0791384,0.6495009758,SW,2.425669911e-05,118.0724869,18281.53565
ERF_Log_File_20250225_1506,1424557452,2d,0,4,0.08356008548,0.008382295101,3,4.049523429,0,0,-2,4.375,0.547,0.547,4.810470351,0.0001374164647,608.0791384,0.6495009758,SW,2.072070944e-05,114.5671713,18281.53565
ERF_Log_File_20250225_1506,1424557473,2d,0,4,0.1196792075,0.009354115283,3,4.054252,0,0,-2,5,0.547,0.547,5.385164807,0.000196815184,608.0791384,0.6495009758,SW,2.505792825e-05,111.8014095,18281.53565
ERF_Log_File_20250225_1506,1424557493,2d,0,4,0.1593116038,0.01438670218,3,4.060382857,0,0,-2,5.625,0.547,0.547,5.969976968,0.0002619915628,608.0791384,0.6495009758,SW,3.044614109e-05,109.5731258,18281.53565
ERF_Log_File_20250225_1506,1424557513,2d,0,4,0.02501172404,0.01106349758,3,4.046953429,0,0,-2,6.25,0.547,0.547,6.562202374,4.113235014e-05,608.0791384,0.6495009758,SW,1.604412792e-05,107.7446716,18281.53565
ERF_Log_File_20250225_1506,1424557534,2d,0,4,0.02190950315,0.008772008572,3,4.046751143,0,0,-2,6.875,0.547,0.547,7.160001746,3.60306772e-05,608.0791384,0.6495009758,SW,1.59209606e-05,106.2201937,18281.53565
ERF_Log_File_20250225_1506,1424557554,2d,0,4,0.009792301732,0.008039146137,3,4.046218857,0,0,-2,7.5,0.547,0.547,7.762087348,1.610366334e-05,608.0791384,0.6495009758,SW,1.559124702e-05,104.9314172,18281.53565
ERF_Log_File_20250225_1506,1424557575,2d,0,4,0.01677648325,0.008573197696,3,4.039047429,0,0,-2,8.125,0.547,0.547,8.367533986,2.758930901e-05,608.0791384,0.6495009758,SW,1.575138014e-05,103.828651,18281.53565
ERF_Log_File_20250225_1506,1424557611,2d,0,4,0.01225161317,0.007534345694,3,4.046042286,0,0,-1,-8.125,0.547,0.547,8.186307165,2.014805705e-05,608.0791384,0.6495009758,SW,1.563820045e-05,-97.01650174,18281.53565
ERF_Log_File_20250225_1506,1424557631,2d,0,4,0.01744335759,0.007876796182,3,4.05649,0,0,-1,-7.5,0.547,0.547,7.566372975,2.868599906e-05,608.0791384,0.6495009758,SW,1.577096105e-05,-97.59464337,18281.53565
ERF_Log_File_20250225_1506,1424557651,2d,0,4,0.03419575465,0.007721171963,3,4.052248286,0,0,-1,-6.875,0.547,0.547,6.947346616,5.623569778e-05,608.0791384,0.6495009758,SW,1.649610721e-05,-98.27589283,18281.53565
ERF_Log_File_20250225_1506,1424557672,2d,0,4,0.1040107606,0.01197038156,3,4.051476571,0,0,-1,-6.25,0.547,0.547,6.329494451,0.000171048066,608.0791384,0.6495009758,SW,2.308898431e-05,-99.09027692,18281.53565
ERF_Log_File_20250225_1506,1424557692,2d,0,4,0.1838064279,0.01361065807,3,4.043181714,0,0,-1,-5.625,0.547,0.547,5.713197441,0.0003022738593,608.0791384,0.6495009758,SW,3.397488057e-05,-100.080598,18281.53565
ERF_Log_File_20250225_1506,1424557712,2d,0,4,0.06358375406,0.01047887232,3,4.050536857,0,0,-1,-5,0.547,0.547,5.099019514,0.0001045649325,608.0791384,0.6495009758,SW,1.870412076e-05,-101.3099325,18281.53565
ERF_Log_File_20250225_1506,1424557733,2d,0,4,0.09576897187,0.00889487353,3,4.041113714,0,0,-1,-4.375,0.547,0.547,4.487830768,0.0001574942566,608.0791384,0.6495009758,SW,2.210353175e-05,-102.8750016,18281.53565
ERF_Log_File_20250225_1506,1424557753,2d,0,4,0.1679788622,0.006560776342,3,4.061733143,0,0,-1,-3.75,0.547,0.547,3.881043674,0.0002762450668,608.0791384,0.6495009758,SW,3.16811275e-05,-104.9314172,18281.53565
ERF_Log_File_20250225_1506,1424557773,2d,0,4,0.2995167862,0.0196076727,3,4.049724286,0,0,-1,-3.125,0.547,0.547,3.281101187,0.0004925621802,608.0791384,0.6495009758,SW,5.164247495e-05,-107.7446716,18281.53565
ERF_Log_File_20250225_1506,1424557794,2d,0,4,0.5158289121,0.01005288573,3,4.072618,0,0,-1,-2.5,0.547,0.547,2.692582404,0.0008482924005,608.0791384,0.6495009758,SW,8.623986521e-05,-111.8014095,18281.53565
ERF_Log_File_20250225_1506,1424557814,2d,0,4,0.9873907955,0.008422843082,3,4.085449143,0,0,-1,-1.875,0.547,0.547,2.125,0.001623786664,608.0791384,0.6495009758,SW,0.0001631267386,-118.0724869,18281.53565
ERF_Log_File_20250225_1506,1424557936,2d,0,4,1.027380526,0.009703175806,3,4.042479429,0,0,-1,1.875,0.547,0.547,2.125,0.001689550686,608.0791384,0.6495009758,SW,0.0001696748813,118.0724869,18281.53565
ERF_Log_File_20250225_1506,1424557956,2d,0,4,0.5546070106,0.006892909637,3,4.061291143,0,0,-1,2.5,0.547,0.547,2.692582404,0.0009120638673,608.0791384,0.6495009758,SW,9.252052443e-05,111.8014095,18281.53565
ERF_Log_File_20250225_1506,1424557977,2d,0,4,0.3189132148,0.01081825816,3,4.049253143,0,0,-1,3.125,0.547,0.547,3.281101187,0.0005244600491,608.0791384,0.6495009758,SW,5.469360701e-05,107.7446716,18281.53565
ERF_Log_File_20250225_1506,1424557997,2d,0,4,0.1623518236,0.006582681838,3,4.066528571,0,0,-1,3.75,0.547,0.547,3.881043674,0.0002669912736,608.0791384,0.6495009758,SW,3.087746972e-05,104.9314172,18281.53565
ERF_Log_File_20250225_1506,1424558017,2d,0,4,0.1048548406,0.006932595257,3,4.051322,0,0,-1,4.375,0.547,0.547,4.487830768,0.0001724361748,608.0791384,0.6495009758,SW,2.319201749e-05,102.8750016,18281.53565
ERF_Log_File_20250225_1506,1424558038,2d,0,4,0.07727625672,0.01505909716,3,4.078334571,0,0,-1,5,0.547,0.547,5.099019514,0.0001270825651,608.0791384,0.6495009758,SW,2.005022735e-05,101.3099325,18281.53565
ERF_Log_File_20250225_1506,1424558058,2d,0,4,0.2047078755,0.006019245811,3,4.030496857,0,0,-1,5.625,0.547,0.547,5.713197441,0.0003366467661,608.0791384,0.6495009758,SW,3.706660433e-05,100.080598,18281.53565
ERF_Log_File_20250225_1506,1424558078,2d,0,4,0.09016737481,0.01192890767,3,4.054609143,0,0,-1,6.25,0.547,0.547,6.329494451,0.0001482823026,608.0791384,0.6495009758,SW,2.145681491e-05,99.09027692,18281.53565
ERF_Log_File_20250225_1506,1424558099,2d,0,4,0.02496026422,0.009692054577,3,4.034714,0,0,-1,6.875,0.547,0.547,6.947346616,4.104772329e-05,608.0791384,0.6495009758,SW,1.604196018e-05,98.27589283,18281.53565
ERF_Log_File_20250225_1506,1424558119,2d,0,4,0.01218599941,0.00636008511,3,4.042776857,0,0,-1,7.5,0.547,0.547,7.566372975,2.004015373e-05,608.0791384,0.6495009758,SW,1.563681374e-05,97.59464337,18281.53565
ERF_Log_File_20250225_1506,1424558140,2d,0,4,0.008091004374,0.0090513433,3,4.039879429,0,0,-1,8.125,0.547,0.547,8.186307165,1.330584107e-05,608.0791384,0.6495009758,SW,1.556483422e-05,97.01650174,18281.53565
ERF_Log_File_20250225_1506,1424558175,2d,0,4,0.02448963428,0.009963921647,3,4.036938,0,0,0,-8.125,0.547,0.547,8.125,4.027376164e-05,608.0791384,0.6495009758,SW,1.602232871e-05,-90,18281.53565
ERF_Log_File_20250225_1506,1424558196,2d,0,4,0.02474015686,0.009065447187,3,4.053520571,0,0,0,-7.5,0.547,0.547,7.5,4.068575172e-05,608.0791384,0.6495009758,SW,1.603273528e-05,-90,18281.53565
ERF_Log_File_20250225_1506,1424558216,2d,0,4,0.02889632484,0.006008962637,3,4.032579714,0,0,0,-6.875,0.547,0.547,6.875,4.752066468e-05,608.0791384,0.6495009758,SW,1.621968311e-05,-90,18281.53565
ERF_Log_File_20250225_1506,1424558237,2d,0,4,0.1438680108,0.006946496932,3,4.044945429,0,0,0,-6.25,0.547,0.547,6.25,0.0002365942222,608.0791384,0.6495009758,SW,2.829002529e-05,-90,18281.53565
ERF_Log_File_20250225_1506,1424558257,2d,0,4,0.1789763298,0.006053550819,3,4.036993143,0,0,0,-5.625,0.547,0.547,5.625,0.0002943306528,608.0791384,0.6495009758,SW,3.327007025e-05,-90,18281.53565
ERF_Log_File_20250225_1506,1424558277,2d,0,4,0.06400998047,0.00462349883,3,4.046835143,0,0,0,-5,0.547,0.547,5,0.0001052658715,608.0791384,0.6495009758,SW,1.874340117e-05,-90,18281.53565
ERF_Log_File_20250225_1506,1424558298,2d,0,4,0.09875131853,0.007814459388,3,4.048501429,0,0,0,-4.375,0.547,0.547,4.375,0.0001623987936,608.0791384,0.6495009758,SW,2.245567142e-05,-90,18281.53565
ERF_Log_File_20250225_1506,1424558318,2d,0,4,0.1595317856,0.0105354816,3,4.060150286,0,0,0,-3.75,0.547,0.547,3.75,0.0002623536567,608.0791384,0.6495009758,SW,3.047730871e-05,-90,18281.53565
ERF_Log_File_20250225_1506,1424558338,2d,0,4,0.3170521883,0.007810575461,3,4.034340571,0,0,0,-3.125,0.547,0.547,3.125,0.0005213995485,608.0791384,0.6495009758,SW,5.440016964e-05,-90,18281.53565
ERF_Log_File_20250225_1506,1424558359,2d,0,4,0.5936414221,0.01341036184,3,4.043531714,0,0,0,-2.5,0.547,0.547,2.5,0.0009762568465,608.0791384,0.6495009758,SW,9.885522271e-05,-90,18281.53565
ERF_Log_File_20250225_1506,1424558379,2d,0,4,1.192956872,0.01328570369,3,4.044688857,0,0,0,-1.875,0.547,0.547,1.875,0.001961844761,608.0791384,0.6495009758,SW,0.0001968076043,-90,18281.53565
ERF_Log_File_20250225_1506,1424558501,2d,0,4,1.294123757,0.0181638864,3,4.065391143,0,0,0,1.875,0.547,0.547,1.875,0.002128216008,608.0791384,0.6495009758,SW,0.0002133979723,90,18281.53565
ERF_Log_File_20250225_1506,1424558521,2d,0,4,0.6642542283,0.008838817727,3,4.055806,0,0,0,2.5,0.547,0.547,2.5,0.001092381215,608.0791384,0.6495009758,SW,0.0001103395759,90,18281.53565
ERF_Log_File_20250225_1506,1424558542,2d,0,4,0.3458011129,0.008951329879,3,4.062272286,0,0,0,3.125,0.547,0.547,3.125,0.0005686778103,608.0791384,0.6495009758,SW,5.894749258e-05,90,18281.53565
ERF_Log_File_20250225_1506,1424558562,2d,0,4,0.1942627323,0.007381572385,3,4.059352857,0,0,0,3.75,0.547,0.547,3.75,0.0003194694901,608.0791384,0.6495009758,SW,3.551362271e-05,90,18281.53565
ERF_Log_File_20250225_1506,1424558582,2d,0,4,0.1160275412,0.003111864936,3,4.045961143,0,0,0,4.375,0.547,0.547,4.375,0.0001908099355,608.0791384,0.6495009758,SW,2.45890069e-05,90,18281.53565
ERF_Log_File_20250225_1506,1424558603,2d,0,4,0.08153111321,0.0121917191,3,4.051920857,0,0,0,5,0.547,0.547,5,0.0001340797736,608.0791384,0.6495009758,SW,2.050092132e-05,90,18281.53565
ERF_Log_File_20250225_1506,1424558623,2d,0,4,0.1906591894,0.01703494577,3,4.060740571,0,0,0,5.625,0.547,0.547,5.625,0.0003135433816,608.0791384,0.6495009758,SW,3.498142491e-05,90,18281.53565
ERF_Log_File_20250225_1506,1424558643,2d,0,4,0.09834816774,0.00605804528,3,4.059171143,0,0,0,6.25,0.547,0.547,6.25,0.000161735803,608.0791384,0.6495009758,SW,2.240776543e-05,90,18281.53565
ERF_Log_File_20250225_1506,1424558664,2d,0,4,0.008441357541,0.0065298058,3,4.059636571,0,0,0,6.875,0.547,0.547,6.875,1.388200484e-05,608.0791384,0.6495009758,SW,1.556986604e-05,90,18281.53565
ERF_Log_File_20250225_1506,1424558684,2d,0,4,0.01470192002,0.01117997782,3,4.062936,0,0,0,7.5,0.547,0.547,7.5,2.41776425e-05,608.0791384,0.6495009758,SW,1.569521134e-05,90,18281.53565
ERF_Log_File_20250225_1506,1424558705,2d,0,4,0.002556745981,0.007598672836,3,4.057084571,0,0,0,8.125,0.547,0.547,8.125,4.204627029e-06,608.0791384,0.6495009758,SW,1.551354947e-05,90,18281.53565
ERF_Log_File_20250225_1506,1424558740,2d,0,4,0.0150944593,0.006813390607,3,4.050945714,0,0,1,-8.125,0.547,0.547,8.186307165,2.482318229e-05,608.0791384,0.6495009758,SW,1.570528621e-05,-82.98349826,18281.53565
ERF_Log_File_20250225_1506,1424558761,2d,0,4,0.01437999653,0.008580821372,3,4.086839143,0,0,1,-7.5,0.547,0.547,7.566372975,2.364823198e-05,608.0791384,0.6495009758,SW,1.568714235e-05,-82.40535663,18281.53565
ERF_Log_File_20250225_1506,1424558781,2d,0,4,0.02983896384,0.008731148229,3,4.066595714,0,0,1,-6.875,0.547,0.547,6.947346616,4.907085601e-05,608.0791384,0.6495009758,SW,1.62657814e-05,-81.72410717,18281.53565
ERF_Log_File_20250225_1506,1424558802,2d,0,4,0.08048947481,0.01244873165,3,4.057052571,0,0,1,-6.25,0.547,0.547,6.329494451,0.0001323667755,608.0791384,0.6495009758,SW,2.038928714e-05,-80.90972308,18281.53565
ERF_Log_File_20250225_1506,1424558822,2d,0,4,0.1586366269,0.01104174593,3,4.055089429,0,0,1,-5.625,0.547,0.547,5.713197441,0.0002608815479,608.0791384,0.6495009758,SW,3.035066516e-05,-79.91940201,18281.53565
ERF_Log_File_20250225_1506,1424558842,2d,0,4,0.07030729654,0.01011425681,3,4.071247429,0,0,1,-5,0.547,0.547,5.099019514,0.0001156219513,608.0791384,0.6495009758,SW,1.934406928e-05,-78.69006753,18281.53565
ERF_Log_File_20250225_1506,1424558863,2d,0,4,0.1026279675,0.006109754321,3,4.048632286,0,0,1,-4.375,0.547,0.547,4.487830768,0.0001687740312,608.0791384,0.6495009758,SW,2.292100874e-05,-77.12499844,18281.53565
ERF_Log_File_20250225_1506,1424558883,2d,0,4,0.155596298,0.006951034463,3,4.061531714,0,0,1,-3.75,0.547,0.547,3.881043674,0.0002558816577,608.0791384,0.6495009758,SW,2.992193736e-05,-75.06858282,18281.53565
ERF_Log_File_20250225_1506,1424558903,2d,0,4,0.2923717197,0.01817929913,3,4.062762571,0,0,1,-3.125,0.547,0.547,3.281101187,0.0004808119555,608.0791384,0.6495009758,SW,5.052285149e-05,-72.25532837,18281.53565
ERF_Log_File_20250225_1506,1424558924,2d,0,4,0.4961045401,0.008557896097,3,4.043654,0,0,1,-2.5,0.547,0.547,2.692582404,0.0008158552214,608.0791384,0.6495009758,SW,8.305088935e-05,-68.19859051,18281.53565
ERF_Log_File_20250225_1506,1424558944,2d,0,4,0.9602728238,0.009733982424,3,4.052305429,0,0,1,-1.875,0.547,0.547,2.125,0.001579190541,608.0791384,0.6495009758,SW,0.0001586876373,-61.92751306,18281.53565
ERF_Log_File_20250225_1506,1424559066,2d,0,4,1.054078813,0.008793271059,3,4.069196571,0,0,1,1.875,0.547,0.547,2.125,0.001733456628,608.0791384,0.6495009758,SW,0.0001740478107,61.92751306,18281.53565
ERF_Log_File_20250225_1506,1424559086,2d,0,4,0.5655778294,0.01251891296,3,4.060728,0,0,1,2.5,0.547,0.547,2.692582404,0.0009301056288,608.0791384,0.6495009758,SW,9.429976238e-05,68.19859051,18281.53565
ERF_Log_File_20250225_1506,1424559107,2d,0,4,0.3268624602,0.008343543028,3,4.060807714,0,0,1,3.125,0.547,0.547,3.281101187,0.0005375327642,608.0791384,0.6495009758,SW,5.594852797e-05,72.25532837,18281.53565
ERF_Log_File_20250225_1506,1424559127,2d,0,4,0.170651185,0.008370131239,3,4.058547714,0,0,1,3.75,0.547,0.547,3.881043674,0.0002806397626,608.0791384,0.6495009758,SW,3.206509045e-05,75.06858282,18281.53565
ERF_Log_File_20250225_1506,1424559147,2d,0,4,0.1203640218,0.01134409714,3,4.059787429,0,0,1,4.375,0.547,0.547,4.487830768,0.0001979413768,608.0791384,0.6495009758,SW,2.514649071e-05,77.12499844,18281.53565
ERF_Log_File_20250225_1506,1424559168,2d,0,4,0.08001934936,0.01062046456,3,4.062949714,0,0,1,5,0.547,0.547,5.099019514,0.0001315936435,608.0791384,0.6495009758,SW,2.033917488e-05,78.69006753,18281.53565
ERF_Log_File_20250225_1506,1424559188,2d,0,4,0.2029314417,0.006729608898,3,4.082334571,0,0,1,5.625,0.547,0.547,5.713197441,0.0003337253803,608.0791384,0.6495009758,SW,3.680145059e-05,79.91940201,18281.53565
ERF_Log_File_20250225_1506,1424559208,2d,0,4,0.07212046502,0.009647908786,3,4.069403429,0,0,1,6.25,0.547,0.547,6.329494451,0.0001186037482,608.0791384,0.6495009758,SW,1.952377903e-05,80.90972308,18281.53565
ERF_Log_File_20250225_1506,1424559229,2d,0,4,0.02215239624,0.007652709768,3,4.079553714,0,0,1,6.875,0.547,0.547,6.947346616,3.643012043e-05,608.0791384,0.6495009758,SW,1.593004893e-05,81.72410717,18281.53565
ERF_Log_File_20250225_1506,1424559249,2d,0,4,0.009244274271,0.00763624983,3,4.043718571,0,0,1,7.5,0.547,0.547,7.566372975,1.52024197e-05,608.0791384,0.6495009758,SW,1.558219521e-05,82.40535663,18281.53565
ERF_Log_File_20250225_1506,1424559270,2d,0,4,0.01422550188,0.007031248425,3,4.062809143,0,0,1,8.125,0.547,0.547,8.186307165,2.339416201e-05,608.0791384,0.6495009758,SW,1.568333194e-05,82.98349826,18281.53565
ERF_Log_File_20250225_1506,1424559306,2d,0,4,0.01478370249,0.005840981669,3,4.056169143,0,0,2,-8.125,0.547,0.547,8.367533986,2.431213563e-05,608.0791384,0.6495009758,SW,1.5697289e-05,-76.17134903,18281.53565
ERF_Log_File_20250225_1506,1424559326,2d,0,4,0.01642711869,0.01056874167,3,4.05955,0,0,2,-7.5,0.547,0.547,7.762087348,2.701477102e-05,608.0791384,0.6495009758,SW,1.574141732e-05,-75.06858282,18281.53565
ERF_Log_File_20250225_1506,1424559346,2d,0,4,0.01686870847,0.007403046788,3,4.060026,0,0,2,-6.875,0.547,0.547,7.160001746,2.774097547e-05,608.0791384,0.6495009758,SW,1.575404403e-05,-73.7798063,18281.53565
ERF_Log_File_20250225_1506,1424559367,2d,0,4,0.02671350746,0.009638850115,3,4.064918857,0,0,2,-6.25,0.547,0.547,6.562202374,4.393097177e-05,608.0791384,0.6495009758,SW,1.611815476e-05,-72.25532837,18281.53565
ERF_Log_File_20250225_1506,1424559387,2d,0,4,0.130318083,0.01018630195,3,4.052927714,0,0,2,-5.625,0.547,0.547,5.969976968,0.0002143110572,608.0791384,0.6495009758,SW,2.645445332e-05,-70.42687417,18281.53565
ERF_Log_File_20250225_1506,1424559407,2d,0,4,0.1334825867,0.005255616435,3,4.059342857,0,0,2,-5,0.547,0.547,5.385164807,0.0002195151555,608.0791384,0.6495009758,SW,2.687782392e-05,-68.19859051,18281.53565
ERF_Log_File_20250225_1506,1424559428,2d,0,4,0.07953985668,0.01909597335,3,4.074039714,0,0,2,-4.375,0.547,0.547,4.810470351,0.0001308051068,608.0791384,0.6495009758,SW,2.028824015e-05,-65.43282868,18281.53565
ERF_Log_File_20250225_1506,1424559448,2d,0,4,0.1236251119,0.005268009033,3,4.052587143,0,0,2,-3.75,0.547,0.547,4.25,0.0002033043136,608.0791384,0.6495009758,SW,2.557082328e-05,-61.92751306,18281.53565
ERF_Log_File_20250225_1506,1424559468,2d,0,4,0.2081747768,0.01063873986,3,4.049735429,0,0,2,-3.125,0.547,0.547,3.71020552,0.0003423481643,608.0791384,0.6495009758,SW,3.75852335e-05,-57.38075693,18281.53565
ERF_Log_File_20250225_1506,1424559489,2d,0,4,0.3379194759,0.009277917058,3,4.066488,0,0,2,-2.5,0.547,0.547,3.201562119,0.0005557162785,608.0791384,0.6495009758,SW,5.769793373e-05,-51.34019175,18281.53565
ERF_Log_File_20250225_1506,1424559509,2d,0,4,0.5121379778,0.008845466165,3,4.049122857,0,0,2,-1.875,0.547,0.547,2.741464025,0.000842222575,608.0791384,0.6495009758,SW,8.564281252e-05,-43.15238973,18281.53565
ERF_Log_File_20250225_1506,1424559529,2d,0,4,0.791190119,0.009779147007,3,4.061148857,0,0,2,-1.25,0.547,0.547,2.358495283,0.00130113018,608.0791384,0.6495009758,SW,0.0001310413,-32.00538321,18281.53565
ERF_Log_File_20250225_1506,1424559611,2d,0,4,0.8501202349,0.006968628674,3,4.070880286,0,0,2,1.25,0.547,0.547,2.358495283,0.001398042099,608.0791384,0.6495009758,SW,0.0001406696143,32.00538321,18281.53565
ERF_Log_File_20250225_1506,1424559631,2d,0,4,0.5331822709,0.01082744806,3,4.057000286,0,0,2,1.875,0.547,0.547,2.741464025,0.0008768303945,608.0791384,0.6495009758,SW,8.904878416e-05,43.15238973,18281.53565
ERF_Log_File_20250225_1506,1424559651,2d,0,4,0.3547405869,0.004878401547,3,4.061184857,0,0,2,2.5,0.547,0.547,3.201562119,0.000583378979,608.0791384,0.6495009758,SW,6.036714351e-05,51.34019175,18281.53565
ERF_Log_File_20250225_1506,1424559672,2d,0,4,0.2139289384,0.002798915161,3,4.060187429,0,0,2,3.125,0.547,0.547,3.71020552,0.0003518110141,608.0791384,0.6495009758,SW,3.844924593e-05,57.38075693,18281.53565
ERF_Log_File_20250225_1506,1424559692,2d,0,4,0.1515868651,0.009382400181,3,4.049964571,0,0,2,3.75,0.547,0.547,4.25,0.000249288054,608.0791384,0.6495009758,SW,2.936000078e-05,61.92751306,18281.53565
ERF_Log_File_20250225_1506,1424559712,2d,0,4,0.104623132,0.01276622276,3,4.059534286,0,0,2,4.375,0.547,0.547,4.810470351,0.0001720551248,608.0791384,0.6495009758,SW,2.316369662e-05,65.43282868,18281.53565
ERF_Log_File_20250225_1506,1424559733,2d,0,4,0.1450780958,0.007492383211,3,4.053457429,0,0,2,5,0.547,0.547,5.385164807,0.0002385842345,608.0791384,0.6495009758,SW,2.845668145e-05,68.19859051,18281.53565
ERF_Log_File_20250225_1506,1424559753,2d,0,4,0.1450774201,0.007905688923,3,4.045176,0,0,2,5.625,0.547,0.547,5.969976968,0.0002385831233,608.0791384,0.6495009758,SW,2.845658828e-05,70.42687417,18281.53565
ERF_Log_File_20250225_1506,1424559773,2d,0,4,0.03185026504,0.01105699301,3,4.053328571,0,0,2,6.25,0.547,0.547,6.562202374,5.237848666e-05,608.0791384,0.6495009758,SW,1.636861622e-05,72.25532837,18281.53565
ERF_Log_File_20250225_1506,1424559794,2d,0,4,0.01313137162,0.01225788685,3,4.05244,0,0,2,6.875,0.547,0.547,7.160001746,2.159483987e-05,608.0791384,0.6495009758,SW,1.565750016e-05,73.7798063,18281.53565
ERF_Log_File_20250225_1506,1424559814,2d,0,4,0.01827889734,0.01243683704,3,4.049264,0,0,2,7.5,0.547,0.547,7.762087348,3.006006321e-05,608.0791384,0.6495009758,SW,1.579653484e-05,75.06858282,18281.53565
ERF_Log_File_20250225_1506,1424559834,2d,0,4,0.01359848019,0.01604261413,3,4.048436,0,0,2,8.125,0.547,0.547,8.367533986,2.236301055e-05,608.0791384,0.6495009758,SW,1.566828073e-05,76.17134903,18281.53565
ERF_Log_File_20250225_1506,1424559870,2d,0,4,0.004928045134,0.01120824852,3,4.024849429,0,0,3,-8.125,0.547,0.547,8.661156101,8.104282522e-06,608.0791384,0.6495009758,SW,1.552901404e-05,-69.73430253,18281.53565
ERF_Log_File_20250225_1506,1424559891,2d,0,4,0.02304103027,0.0125157848,3,4.061417429,0,0,3,-7.5,0.547,0.547,8.077747211,3.789149933e-05,608.0791384,0.6495009758,SW,1.596410672e-05,-68.19859051,18281.53565
ERF_Log_File_20250225_1506,1424559911,2d,0,4,0.02464176385,0.01272648514,3,4.059854857,0,0,3,-6.875,0.547,0.547,7.501041594,4.052394219e-05,608.0791384,0.6495009758,SW,1.602863627e-05,-66.4252938,18281.53565
ERF_Log_File_20250225_1506,1424559931,2d,0,4,0.02682265312,0.005187392468,3,4.056242,0,0,3,-6.25,0.547,0.547,6.932712312,4.411046429e-05,608.0791384,0.6495009758,SW,1.612305674e-05,-64.35899418,18281.53565
ERF_Log_File_20250225_1506,1424559952,2d,0,4,0.04943032641,0.007065720956,3,4.058978286,0,0,3,-5.625,0.547,0.547,6.375,8.128929819e-05,608.0791384,0.6495009758,SW,1.75094388e-05,-61.92751306,18281.53565
ERF_Log_File_20250225_1506,1424559972,2d,0,4,0.1201683439,0.006596638496,3,4.055572571,0,0,3,-5,0.547,0.547,5.830951895,0.0001976195798,608.0791384,0.6495009758,SW,2.512116532e-05,-59.03624347,18281.53565
ERF_Log_File_20250225_1506,1424559992,2d,0,4,0.1533902633,0.00875211109,3,4.061192857,0,0,3,-4.375,0.547,0.547,5.304773793,0.0002522537834,608.0791384,0.6495009758,SW,2.961225619e-05,-55.56101069,18281.53565
ERF_Log_File_20250225_1506,1424560013,2d,0,4,0.07653508027,0.002695293635,3,4.064414,0,0,3,-3.75,0.547,0.547,4.802343178,0.0001258636836,608.0791384,0.6495009758,SW,1.997318578e-05,-51.34019175,18281.53565
ERF_Log_File_20250225_1506,1424560033,2d,0,4,0.1082266524,0.007691372304,3,4.059672857,0,0,3,-3.125,0.547,0.547,4.331930863,0.0001779811961,608.0791384,0.6495009758,SW,2.360725756e-05,-46.16913933,18281.53565
ERF_Log_File_20250225_1506,1424560054,2d,0,4,0.1539176722,0.01158883152,3,4.064568857,0,0,3,-2.5,0.547,0.547,3.905124838,0.0002531211194,608.0791384,0.6495009758,SW,2.968618391e-05,-39.80557109,18281.53565
ERF_Log_File_20250225_1506,1424560074,2d,0,4,0.2285160055,0.005255084336,3,4.077166286,0,0,3,-1.875,0.547,0.547,3.537742925,0.0003757997785,608.0791384,0.6495009758,SW,4.065598682e-05,-32.00538321,18281.53565
ERF_Log_File_20250225_1506,1424560094,2d,0,4,0.3327096378,0.006756471046,3,4.082427714,0,0,3,-1.25,0.547,0.547,3.25,0.0005471485811,608.0791384,0.6495009758,SW,5.68731101e-05,-22.61986495,18281.53565
ERF_Log_File_20250225_1506,1424560115,2d,0,4,0.4222128554,0.008204023916,3,4.039263714,0,0,3,-0.625,0.547,0.547,3.064412668,0.000694338662,608.0791384,0.6495009758,SW,7.114847298e-05,-11.76828893,18281.53565
ERF_Log_File_20250225_1506,1424560135,2d,0,4,0.4511611346,0.004875245273,3,4.051838286,0,0,3,0,0.547,0.547,3,0.0007419447668,608.0791384,0.6495009758,SW,7.580199081e-05,0,18281.53565
ERF_Log_File_20250225_1506,1424560155,2d,0,4,0.435225713,0.006331104691,3,4.058091143,0,0,3,0.625,0.547,0.547,3.064412668,0.0007157386029,608.0791384,0.6495009758,SW,7.323861916e-05,11.76828893,18281.53565
ERF_Log_File_20250225_1506,1424560176,2d,0,4,0.342100144,0.009524091924,3,4.054379429,0,0,3,1.25,0.547,0.547,3.25,0.0005625914826,608.0791384,0.6495009758,SW,5.836048551e-05,22.61986495,18281.53565
ERF_Log_File_20250225_1506,1424560196,2d,0,4,0.2433008817,0.008610933691,3,4.064789714,0,0,3,1.875,0.547,0.547,3.537742925,0.0004001138443,608.0791384,0.6495009758,SW,4.291371502e-05,32.00538321,18281.53565
ERF_Log_File_20250225_1506,1424560216,2d,0,4,0.1712516522,0.01028905869,3,4.054931143,0,0,3,2.5,0.547,0.547,3.905124838,0.0002816272446,608.0791384,0.6495009758,SW,3.215156209e-05,39.80557109,18281.53565
ERF_Log_File_20250225_1506,1424560237,2d,0,4,0.1266403455,0.01999885797,3,4.051606286,0,0,3,3.125,0.547,0.547,4.331930863,0.000208262934,608.0791384,0.6495009758,SW,2.596685173e-05,46.16913933,18281.53565
ERF_Log_File_20250225_1506,1424560257,2d,0,4,0.09553767319,0.007987989023,3,4.057065143,0,0,3,3.75,0.547,0.547,4.802343178,0.0001571138807,608.0791384,0.6495009758,SW,2.207644187e-05,51.34019175,18281.53565
ERF_Log_File_20250225_1506,1424560277,2d,0,4,0.1889482352,0.01026429879,3,4.061537714,0,0,3,4.375,0.547,0.547,5.304773793,0.0003107296785,608.0791384,0.6495009758,SW,3.472942404e-05,55.56101069,18281.53565
ERF_Log_File_20250225_1506,1424560298,2d,0,4,0.1821153323,0.006913028627,3,4.061936571,0,0,3,5,0.547,0.547,5.830951895,0.0002994928139,608.0791384,0.6495009758,SW,3.372766218e-05,59.03624347,18281.53565
ERF_Log_File_20250225_1506,1424560318,2d,0,4,0.0725563007,0.00907577674,3,4.042379143,0,0,3,5.625,0.547,0.547,6.375,0.0001193204899,608.0791384,0.6495009758,SW,1.956740771e-05,61.92751306,18281.53565
ERF_Log_File_20250225_1506,1424560338,2d,0,4,0.01956539508,0.01812208216,3,4.070603429,0,0,3,6.25,0.547,0.547,6.932712312,3.217573807e-05,608.0791384,0.6495009758,SW,1.583816184e-05,64.35899418,18281.53565
ERF_Log_File_20250225_1506,1424560359,2d,0,4,0.0002939165616,0.00708208051,3,4.053360571,0,0,3,6.875,0.547,0.547,7.501041594,4.833524833e-07,608.0791384,0.6495009758,SW,1.550792522e-05,66.4252938,18281.53565
ERF_Log_File_20250225_1506,1424560379,2d,0,4,-0.000460259105,0.006086157061,3,4.071486,0,0,3,7.5,0.547,0.547,8.077747211,-7.569065865e-07,608.0791384,0.6495009758,SW,1.550803462e-05,68.19859051,18281.53565
ERF_Log_File_20250225_1506,1424560399,2d,0,4,0.00563805473,0.0105898033,3,4.055941429,0,0,3,8.125,0.547,0.547,8.661156101,9.271909483e-06,608.0791384,0.6495009758,SW,1.553554599e-05,69.73430253,18281.53565
ERF_Log_File_20250224_1747,1424479741,1d,0,4,0.003242292392,0.01273509914,23,2.243961106,0,0,0,-10,0.565,0.565,10,5.149713628e-06,629.6063483,0.00370473853,SW,1.498646309e-05,-90,17699.11504
ERF_Log_File_20250224_1747,1424479842,1d,0,4,0.008737262216,0.01009286772,23,2.244937745,0,0,0,-9,0.565,0.565,9,1.387734136e-05,629.6063483,0.00370473853,SW,1.504176474e-05,-90,17699.11504
ERF_Log_File_20250224_1747,1424479944,1d,0,4,0.01305176285,0.01067428667,23,2.243388894,0,0,0,-8,0.565,0.565,8,2.073003693e-05,629.6063483,0.00370473853,SW,1.512039102e-05,-90,17699.11504
ERF_Log_File_20250224_1747,1424480045,1d,0,4,0.02980498043,0.01132142957,23,2.244104979,0,0,0,-7,0.565,0.565,7,4.733907227e-05,629.6063483,0.00370473853,SW,1.570792023e-05,-90,17699.11504
ERF_Log_File_20250224_1747,1424480134,1d,0,4,0.187496978,0.01140882533,17,2.241100629,0,0,0,-6,0.565,0.565,6,0.0002978003295,629.6063483,0.00370473853,SW,3.333435534e-05,-90,17699.11504
ERF_Log_File_20250224_1747,1424480195,1d,0,4,0.06440386842,0.005789186022,9,2.242633789,0,0,0,-5,0.565,0.565,5,0.0001022922793,629.6063483,0.00370473853,SW,1.813741946e-05,-90,17699.11504
ERF_Log_File_20250224_1747,1424480232,1d,0,4,0.1247379891,0.01076027485,5,2.244842182,0,0,0,-4,0.565,0.565,4,0.0001981206025,629.6063483,0.00370473853,SW,2.483639694e-05,-90,17699.11504
ERF_Log_File_20250224_1747,1424480256,1d,0,4,0.3575361771,0.007912810368,3,2.239399143,0,0,0,-3,0.565,0.565,3,0.0005678725731,629.6063483,0.00370473853,SW,5.872922173e-05,-90,17699.11504
ERF_Log_File_20250224_1747,1424480277,1d,0,4,0.6102646642,0.01416653023,3,2.245385429,0,0,0,-2.5,0.565,0.565,2.5,0.0009692797187,629.6063483,0.00370473853,SW,9.807833932e-05,-90,17699.11504
ERF_Log_File_20250224_1747,1424480297,1d,0,4,1.021692725,0.00529565707,3,2.237571714,0,0,0,-2,0.565,0.565,2,0.001622748448,629.6063483,0.00370473853,SW,0.0001629645797,-90,17699.11504
ERF_Log_File_20250224_1747,1424480458,1d,0,4,1.104309142,0.004121617503,3,2.240207429,0,0,0,2,0.565,0.565,2,0.00175396761,629.6063483,0.00370473853,SW,0.0001760350895,90,17699.11504
ERF_Log_File_20250224_1747,1424480478,1d,0,4,0.6569001779,0.005588821419,3,2.245754,0,0,0,2.5,0.565,0.565,2.5,0.001043350626,629.6063483,0.00370473853,SW,0.0001054046214,90,17699.11504
ERF_Log_File_20250224_1747,1424480499,1d,0,4,0.3885383277,0.006329548347,3,2.241495429,0,0,0,3,0.565,0.565,3,0.0006171131036,629.6063483,0.00370473853,SW,6.350287175e-05,90,17699.11504
ERF_Log_File_20250224_1747,1424480523,1d,0,4,0.1556318164,0.0139433435,5,2.246127636,0,0,0,4,0.565,0.565,4,0.0002471890838,629.6063483,0.00370473853,SW,2.890247938e-05,90,17699.11504
ERF_Log_File_20250224_1747,1424480560,1d,0,4,0.07750183899,0.009378305154,9,2.241482947,0,0,0,5,0.565,0.565,5,0.0001230957077,629.6063483,0.00370473853,SW,1.938696504e-05,90,17699.11504
ERF_Log_File_20250224_1747,1424480621,1d,0,4,0.1487868624,0.01326711053,17,2.243964571,0,0,0,6,0.565,0.565,6,0.0002363172843,629.6063483,0.00370473853,SW,2.797833932e-05,90,17699.11504
ERF_Log_File_20250224_1747,1424480710,1d,0,4,0.01899305621,0.0147556297,23,2.246113447,0,0,0,7,0.565,0.565,7,3.016655767e-05,629.6063483,0.00370473853,SW,1.527838645e-05,90,17699.11504
ERF_Log_File_20250224_1747,1424480811,1d,0,4,0.009642138667,0.009220811755,23,2.246219489,0,0,0,8,0.565,0.565,8,1.531455122e-05,629.6063483,0.00370473853,SW,1.505570441e-05,90,17699.11504
ERF_Log_File_20250224_1747,1424480913,1d,0,4,0.01134836334,0.009925687115,23,2.249851319,0,0,0,9,0.565,0.565,9,1.802453766e-05,629.6063483,0.00370473853,SW,1.50856793e-05,90,17699.11504
ERF_Log_File_20250224_1747,1424481014,1d,0,4,0.00307081935,0.01016728112,23,2.248124,0,0,0,10,0.565,0.565,10,4.87736402e-06,629.6063483,0.00370473853,SW,1.498555195e-05,90,17699.11504
ERF_Log_File_20250227_2024,1424748329,1d,0,4,0.01045681693,0.01085521609,3,5.088767143,0,0,0,-8,0.58,0.58,8,2.159208452e-05,484.2893662,0.672481816,SW,1.959120279e-05,-90,17241.37931
ERF_Log_File_20250227_2024,1424748349,1d,0,4,0.01441677852,0.00787195698,3,5.091741143,0,0,0,-7.6,0.58,0.58,7.6,2.97689347e-05,484.2893662,0.672481816,SW,1.96981154e-05,-90,17241.37931
ERF_Log_File_20250227_2024,1424748369,1d,0,4,0.02700022121,0.006276402524,3,5.094760571,0,0,0,-7.2,0.58,0.58,7.2,5.575224876e-05,484.2893662,0.672481816,SW,2.025441366e-05,-90,17241.37931
ERF_Log_File_20250227_2024,1424748389,1d,0,4,0.04566624467,0.009790960405,3,5.097056,0,0,0,-6.8,0.58,0.58,6.8,9.429536938e-05,484.2893662,0.672481816,SW,2.163528272e-05,-90,17241.37931
ERF_Log_File_20250227_2024,1424748409,1d,0,4,0.08037829732,0.01001375439,3,5.10226,0,0,0,-6.4,0.58,0.58,6.4,0.0001659716338,484.2893662,0.672481816,SW,2.558654127e-05,-90,17241.37931
ERF_Log_File_20250227_2024,1424748429,1d,0,4,0.1038015292,0.007702183954,3,5.105113143,0,0,0,-6,0.58,0.58,6,0.0002143378246,484.2893662,0.672481816,SW,2.895941574e-05,-90,17241.37931
ERF_Log_File_20250227_2024,1424748449,1d,0,4,0.03828232267,0.006913755639,3,5.112104,0,0,0,-5.6,0.58,0.58,5.6,7.904844778e-05,484.2893662,0.672481816,SW,2.101548873e-05,-90,17241.37931
ERF_Log_File_20250227_2024,1424748470,1d,0,4,0.04393760121,0.004330461484,3,5.116632857,0,0,0,-5.2,0.58,0.58,5.2,9.072592602e-05,484.2893662,0.672481816,SW,2.14820845e-05,-90,17241.37931
ERF_Log_File_20250227_2024,1424748490,1d,0,4,0.05441565179,0.01019191619,3,5.115974857,0,0,0,-4.8,0.58,0.58,4.8,0.0001123618555,484.2893662,0.672481816,SW,2.248173384e-05,-90,17241.37931
ERF_Log_File_20250227_2024,1424748510,1d,0,4,0.07494102881,0.009850480862,3,5.118829714,0,0,0,-4.4,0.58,0.58,4.4,0.0001547443203,484.2893662,0.672481816,SW,2.487280374e-05,-90,17241.37931
ERF_Log_File_20250227_2024,1424748530,1d,0,4,0.1004898424,0.006422598778,3,5.120124571,0,0,0,-4,0.58,0.58,4,0.0002074995847,484.2893662,0.672481816,SW,2.845691382e-05,-90,17241.37931
ERF_Log_File_20250227_2024,1424748550,1d,0,4,0.1439022115,0.008350928521,3,5.125124,0,0,0,-3.6,0.58,0.58,3.6,0.0002971409689,484.2893662,0.672481816,SW,3.552815709e-05,-90,17241.37931
ERF_Log_File_20250227_2024,1424748570,1d,0,4,0.2212718278,0.01537345796,3,5.129150571,0,0,0,-3.2,0.58,0.58,3.2,0.0004569000338,484.2893662,0.672481816,SW,4.967022329e-05,-90,17241.37931
ERF_Log_File_20250227_2024,1424748590,1d,0,4,0.318843912,0.006402961773,3,5.131018,0,0,0,-2.8,0.58,0.58,2.8,0.0006583747947,484.2893662,0.672481816,SW,6.866266555e-05,-90,17241.37931
ERF_Log_File_20250227_2024,1424748611,1d,0,4,0.4925773445,0.008665218865,3,5.131236857,0,0,0,-2.4,0.58,0.58,2.4,0.001017113691,484.2893662,0.672481816,SW,0.0001035680911,-90,17241.37931
ERF_Log_File_20250227_2024,1424748631,1d,0,4,0.7535530131,0.009167149027,3,5.131687429,0,0,0,-2,0.58,0.58,2,0.001555997438,484.2893662,0.672481816,SW,0.0001568282527,-90,17241.37931
ERF_Log_File_20250227_2024,1424748832,1d,0,4,0.791077878,0.01037942873,3,5.140826,0,0,0,2,0.58,0.58,2,0.001633481826,484.2893662,0.672481816,SW,0.00016452029,90,17241.37931
ERF_Log_File_20250227_2024,1424748852,1d,0,4,0.5447367046,0.003191344946,3,5.144071143,0,0,0,2.4,0.58,0.58,2.4,0.001124816572,484.2893662,0.672481816,SW,0.0001141652965,90,17241.37931
ERF_Log_File_20250227_2024,1424748872,1d,0,4,0.3458635805,0.01224890436,3,5.15044,0,0,0,2.8,0.58,0.58,2.8,0.0007141671998,484.2893662,0.672481816,SW,7.403028763e-05,90,17241.37931
ERF_Log_File_20250227_2024,1424748892,1d,0,4,0.2382509649,0.005915496905,3,5.154016,0,0,0,3.2,0.58,0.58,3.2,0.0004919599346,484.2893662,0.672481816,SW,5.291374671e-05,90,17241.37931
ERF_Log_File_20250227_2024,1424748913,1d,0,4,0.1597897884,0.006258262995,3,5.150502286,0,0,0,3.6,0.58,0.58,3.6,0.0003299469275,484.2893662,0.672481816,SW,3.831464224e-05,90,17241.37931
ERF_Log_File_20250227_2024,1424748933,1d,0,4,0.1173825144,0.005776784627,3,5.154408,0,0,0,4,0.58,0.58,4,0.0002423809454,484.2893662,0.672481816,SW,3.109261412e-05,90,17241.37931
ERF_Log_File_20250227_2024,1424748953,1d,0,4,0.09847960699,0.01103983337,3,5.157177429,0,0,0,4.4,0.58,0.58,4.4,0.0002033486875,484.2893662,0.672481816,SW,2.815561696e-05,90,17241.37931
ERF_Log_File_20250227_2024,1424748973,1d,0,4,0.0675209737,0.01187844794,3,5.164651714,0,0,0,4.8,0.58,0.58,4.8,0.0001394227882,484.2893662,0.672481816,SW,2.394946277e-05,90,17241.37931
ERF_Log_File_20250227_2024,1424748993,1d,0,4,0.03843294439,0.01030666563,3,5.162198857,0,0,0,5.2,0.58,0.58,5.2,7.935946373e-05,484.2893662,0.672481816,SW,2.10272094e-05,90,17241.37931
ERF_Log_File_20250227_2024,1424749013,1d,0,4,0.04589107877,0.006742416175,3,5.160070571,0,0,0,5.6,0.58,0.58,5.6,9.47596251e-05,484.2893662,0.672481816,SW,2.165556109e-05,90,17241.37931
ERF_Log_File_20250227_2024,1424749033,1d,0,4,0.08143846038,0.0137391495,3,5.163007714,0,0,0,6,0.58,0.58,6,0.0001681607445,484.2893662,0.672481816,SW,2.572910866e-05,90,17241.37931
ERF_Log_File_20250227_2024,1424749054,1d,0,4,0.06454661045,0.01097469711,3,5.164093714,0,0,0,6.4,0.58,0.58,6.4,0.0001332810814,484.2893662,0.672481816,SW,2.359713681e-05,90,17241.37931
ERF_Log_File_20250227_2024,1424749074,1d,0,4,0.01431886891,0.01556645374,3,5.164934,0,0,0,6.8,0.58,0.58,6.8,2.956676301e-05,484.2893662,0.672481816,SW,1.969506962e-05,90,17241.37931
ERF_Log_File_20250227_2024,1424749094,1d,0,4,0.01479830903,0.004540142722,3,5.164811143,0,0,0,7.2,0.58,0.58,7.2,3.055674988e-05,484.2893662,0.672481816,SW,1.971017749e-05,90,17241.37931
ERF_Log_File_20250227_2024,1424749114,1d,0,4,-0.001483526571,0.006293994935,3,5.169396,0,0,0,7.6,0.58,0.58,7.6,-3.063306103e-06,484.2893662,0.672481816,SW,1.947423948e-05,90,17241.37931
ERF_Log_File_20250227_2024,1424749134,1d,0,4,-0.002512357821,0.005656267469,3,5.168626286,0,0,0,8,0.58,0.58,8,-5.187720393e-06,484.2893662,0.672481816,SW,1.947874029e-05,90,17241.37931
ERF_Log_File_20250225_1301,1424548989,2d,0,4,0.036298962,0.004996299452,3,4.124957714,0,0,-3,-5,0.6,0.6,5.830951895,7.680320216e-05,472.6230285,0.2011571586,SW,2.137965661e-05,-120.9637565,16666.66667
ERF_Log_File_20250225_1301,1424549009,2d,0,4,0.0298029191,0.007076471014,3,4.127828857,0,0,-3,-4.375,0.6,0.6,5.304773793,6.305854203e-05,472.6230285,0.2011571586,SW,2.092524425e-05,-124.4389893,16666.66667
ERF_Log_File_20250225_1301,1424549030,2d,0,4,0.05373120185,0.008229406489,3,4.131334286,0,0,-3,-3.75,0.6,0.6,4.802343178,0.0001136872277,472.6230285,0.2011571586,SW,2.29641357e-05,-128.6598083,16666.66667
ERF_Log_File_20250225_1301,1424549050,2d,0,4,0.09125939492,0.009848047515,3,4.131087143,0,0,-3,-3.125,0.6,0.6,4.331930863,0.0001930912999,472.6230285,0.2011571586,SW,2.776599691e-05,-133.8308607,16666.66667
ERF_Log_File_20250225_1301,1424549070,2d,0,4,0.1195542829,0.005879206259,3,4.126655714,0,0,-3,-2.5,0.6,0.6,3.905124838,0.0002529590725,472.6230285,0.2011571586,SW,3.22179429e-05,-140.1944289,16666.66667
ERF_Log_File_20250225_1301,1424549091,2d,0,4,0.163002083,0.004029324974,3,4.121994286,0,0,-3,-1.875,0.6,0.6,3.537742925,0.0003448881523,472.6230285,0.2011571586,SW,3.984471425e-05,-147.9946168,16666.66667
ERF_Log_File_20250225_1301,1424549111,2d,0,4,0.2348288324,0.009502143014,3,4.141315714,0,0,-3,-1.25,0.6,0.6,3.25,0.0004968628659,472.6230285,0.2011571586,SW,5.354318936e-05,-157.3801351,16666.66667
ERF_Log_File_20250225_1301,1424549131,2d,0,4,0.3043043266,0.01197163838,3,4.120739714,0,0,-3,-0.625,0.6,0.6,3.064412668,0.0006438626734,472.6230285,0.2011571586,SW,6.740747621e-05,-168.2317111,16666.66667
ERF_Log_File_20250225_1301,1424549152,2d,0,4,0.3264951455,0.006703319962,3,4.118481143,0,0,-3,0,0.6,0.6,3,0.000690815144,472.6230285,0.2011571586,SW,7.19057954e-05,180,16666.66667
ERF_Log_File_20250225_1301,1424549172,2d,0,4,0.300627964,0.01193615965,3,4.125437714,0,0,-3,0.625,0.6,0.6,3.064412668,0.0006360840371,472.6230285,0.2011571586,SW,6.666486066e-05,168.2317111,16666.66667
ERF_Log_File_20250225_1301,1424549192,2d,0,4,0.233948338,0.009453734537,3,4.134160286,0,0,-3,1.25,0.6,0.6,3.25,0.0004949998708,472.6230285,0.2011571586,SW,5.337035166e-05,157.3801351,16666.66667
ERF_Log_File_20250225_1301,1424549213,2d,0,4,0.1605259649,0.01085283148,3,4.129433143,0,0,-3,1.875,0.6,0.6,3.537742925,0.0003396490549,472.6230285,0.2011571586,SW,3.939209352e-05,147.9946168,16666.66667
ERF_Log_File_20250225_1301,1424549233,2d,0,4,0.1232812062,0.009881237145,3,4.114708,0,0,-3,2.5,0.6,0.6,3.905124838,0.0002608446876,472.6230285,0.2011571586,SW,3.284072419e-05,140.1944289,16666.66667
ERF_Log_File_20250225_1301,1424549253,2d,0,4,0.0720371227,0.004951654297,3,4.126105143,0,0,-3,3.125,0.6,0.6,4.331930863,0.0001524198322,472.6230285,0.2011571586,SW,2.51082375e-05,133.8308607,16666.66667
ERF_Log_File_20250225_1301,1424549274,2d,0,4,0.05313547019,0.01147421958,3,4.119480857,0,0,-3,3.75,0.6,0.6,4.802343178,0.0001124267481,472.6230285,0.2011571586,SW,2.290199459e-05,128.6598083,16666.66667
ERF_Log_File_20250225_1301,1424549294,2d,0,4,0.04182898367,0.003834876983,3,4.127740286,0,0,-3,4.375,0.6,0.6,5.304773793,8.850390513e-05,472.6230285,0.2011571586,SW,2.182732601e-05,124.4389893,16666.66667
ERF_Log_File_20250225_1301,1424549314,2d,0,4,0.03644793076,0.0146749806,3,4.125033429,0,0,-3,5,0.6,0.6,5.830951895,7.711839789e-05,472.6230285,0.2011571586,SW,2.139099997e-05,120.9637565,16666.66667
ERF_Log_File_20250225_1301,1424549344,2d,0,4,0.04314063523,0.006644134987,3,4.112824,0,0,-2,-5,0.6,0.6,5.385164807,9.127916464e-05,472.6230285,0.2011571586,SW,2.194132398e-05,-111.8014095,16666.66667
ERF_Log_File_20250225_1301,1424549364,2d,0,4,0.05875054466,0.006391825084,3,4.124001143,0,0,-2,-4.375,0.6,0.6,4.810470351,0.0001243074102,472.6230285,0.2011571586,SW,2.35080295e-05,-114.5671713,16666.66667
ERF_Log_File_20250225_1301,1424549385,2d,0,4,0.07529053156,0.004685291122,3,4.120859714,0,0,-2,-3.75,0.6,0.6,4.25,0.0001593035612,472.6230285,0.2011571586,SW,2.553198333e-05,-118.0724869,16666.66667
ERF_Log_File_20250225_1301,1424549405,2d,0,4,0.1405242413,0.008728418473,3,4.125092286,0,0,-2,-3.125,0.6,0.6,3.71020552,0.0002973283841,472.6230285,0.2011571586,SW,3.58072482e-05,-122.6192431,16666.66667
ERF_Log_File_20250225_1301,1424549426,2d,0,4,0.2371160183,0.00408297774,3,4.130756,0,0,-2,-2.5,0.6,0.6,3.201562119,0.000501702211,472.6230285,0.2011571586,SW,5.399257367e-05,-128.6598083,16666.66667
ERF_Log_File_20250225_1301,1424549446,2d,0,4,0.3690468205,0.01041844459,3,4.126918286,0,0,-2,-1.875,0.6,0.6,2.741464025,0.0007808481566,472.6230285,0.2011571586,SW,8.0594356e-05,-136.8476103,16666.66667
ERF_Log_File_20250225_1301,1424549466,2d,0,4,0.5672001636,0.01159557401,3,4.125218857,0,0,-2,-1.25,0.6,0.6,2.358495283,0.001200111145,472.6230285,0.2011571586,SW,0.0001216594831,-147.9946168,16666.66667
ERF_Log_File_20250225_1301,1424549548,2d,0,4,0.569072114,0.002211097608,3,4.122343143,0,0,-2,1.25,0.6,0.6,2.358495283,0.001204071913,472.6230285,0.2011571586,SW,0.0001220502179,147.9946168,16666.66667
ERF_Log_File_20250225_1301,1424549568,2d,0,4,0.3789895884,0.01076141555,3,4.132644571,0,0,-2,1.875,0.6,0.6,2.741464025,0.0008018855738,472.6230285,0.2011571586,SW,8.263426982e-05,136.8476103,16666.66667
ERF_Log_File_20250225_1301,1424549589,2d,0,4,0.2461782067,0.01037779486,3,4.144204571,0,0,-2,2.5,0.6,0.6,3.201562119,0.000520876453,472.6230285,0.2011571586,SW,5.577878872e-05,128.6598083,16666.66667
ERF_Log_File_20250225_1301,1424549609,2d,0,4,0.1430443652,0.005133341264,3,4.133676571,0,0,-2,3.125,0.6,0.6,3.71020552,0.0003026605912,472.6230285,0.2011571586,SW,3.625123802e-05,122.6192431,16666.66667
ERF_Log_File_20250225_1301,1424549629,2d,0,4,0.08619171906,0.007898977177,3,4.125948571,0,0,-2,3.75,0.6,0.6,4.25,0.0001823688518,472.6230285,0.2011571586,SW,2.703130288e-05,118.0724869,16666.66667
ERF_Log_File_20250225_1301,1424549650,2d,0,4,0.07149853077,0.01627670479,3,4.127775429,0,0,-2,4.375,0.6,0.6,4.810470351,0.0001512802518,472.6230285,0.2011571586,SW,2.503922166e-05,114.5671713,16666.66667
ERF_Log_File_20250225_1301,1424549670,2d,0,4,0.0363119237,0.01094074693,3,4.134495429,0,0,-2,5,0.6,0.6,5.385164807,7.683062718e-05,472.6230285,0.2011571586,SW,2.138064198e-05,111.8014095,16666.66667
ERF_Log_File_20250225_1301,1424549700,2d,0,4,0.0396712026,0.008508664183,3,4.116381429,0,0,-1,-5,0.6,0.6,5.099019514,8.393836146e-05,472.6230285,0.2011571586,SW,2.164622579e-05,-101.3099325,16666.66667
ERF_Log_File_20250225_1301,1424549720,2d,0,4,0.06690513186,0.005169549764,3,4.117224286,0,0,-1,-4.375,0.6,0.6,4.487830768,0.0001415613033,472.6230285,0.2011571586,SW,2.446427979e-05,-102.8750016,16666.66667
ERF_Log_File_20250225_1301,1424549740,2d,0,4,0.09982918149,0.00727383801,3,4.125232,0,0,-1,-3.75,0.6,0.6,3.881043674,0.0002112236931,472.6230285,0.2011571586,SW,2.905621959e-05,-104.9314172,16666.66667
ERF_Log_File_20250225_1301,1424549761,2d,0,4,0.1954523703,0.007727371221,3,4.119471714,0,0,-1,-3.125,0.6,0.6,3.281101187,0.0004135481314,472.6230285,0.2011571586,SW,4.59168039e-05,-107.7446716,16666.66667
ERF_Log_File_20250225_1301,1424549781,2d,0,4,0.3550264476,0.007488181233,3,4.130729714,0,0,-1,-2.5,0.6,0.6,2.692582404,0.0007511831337,472.6230285,0.2011571586,SW,7.772364217e-05,-111.8014095,16666.66667
ERF_Log_File_20250225_1301,1424549801,2d,0,4,0.6645493863,0.007527362623,3,4.137906857,0,0,-1,-1.875,0.6,0.6,2.125,0.001406087614,472.6230285,0.2011571586,SW,0.0001420186018,-118.0724869,16666.66667
ERF_Log_File_20250225_1301,1424549923,2d,0,4,0.6792727562,0.008876847285,3,4.142252857,0,0,-1,1.875,0.6,0.6,2.125,0.001437240074,472.6230285,0.2011571586,SW,0.0001451036382,118.0724869,16666.66667
ERF_Log_File_20250225_1301,1424549944,2d,0,4,0.3729566552,0.008621477278,3,4.135286,0,0,-1,2.5,0.6,0.6,2.692582404,0.000789120785,472.6230285,0.2011571586,SW,8.139613177e-05,111.8014095,16666.66667
ERF_Log_File_20250225_1301,1424549964,2d,0,4,0.2148722991,0.003634994499,3,4.138530286,0,0,-1,3.125,0.6,0.6,3.281101187,0.000454637811,472.6230285,0.2011571586,SW,4.964971464e-05,107.7446716,16666.66667
ERF_Log_File_20250225_1301,1424549984,2d,0,4,0.1106297067,0.01048860792,3,4.125158,0,0,-1,3.75,0.6,0.6,3.881043674,0.0002340759972,472.6230285,0.2011571586,SW,3.075755159e-05,104.9314172,16666.66667
ERF_Log_File_20250225_1301,1424550005,2d,0,4,0.05971164132,0.01373577457,3,4.146198857,0,0,-1,4.375,0.6,0.6,4.487830768,0.0001263409477,472.6230285,0.2011571586,SW,2.3616193e-05,102.8750016,16666.66667
ERF_Log_File_20250225_1301,1424550025,2d,0,4,0.04708772338,0.01467570998,3,4.138656286,0,0,-1,5,0.6,0.6,5.099019514,9.963061582e-05,472.6230285,0.2011571586,SW,2.230169778e-05,101.3099325,16666.66667
ERF_Log_File_20250225_1301,1424550055,2d,0,4,0.03514813428,0.0140905284,3,4.129715429,0,0,0,-5,0.6,0.6,5,7.436822195e-05,472.6230285,0.2011571586,SW,2.129339465e-05,-90,16666.66667
ERF_Log_File_20250225_1301,1424550075,2d,0,4,0.06748870192,0.007473634291,3,4.131242571,0,0,0,-4.375,0.6,0.6,4.375,0.0001427960507,472.6230285,0.2011571586,SW,2.453593577e-05,-90,16666.66667
ERF_Log_File_20250225_1301,1424550096,2d,0,4,0.1098389223,0.009180821585,3,4.147050286,0,0,0,-3.75,0.6,0.6,3.75,0.000232402815,472.6230285,0.2011571586,SW,3.063040643e-05,-90,16666.66667
ERF_Log_File_20250225_1301,1424550116,2d,0,4,0.2327573557,0.01062654818,3,4.125246,0,0,0,-3.125,0.6,0.6,3.125,0.0004924799293,472.6230285,0.2011571586,SW,5.313671116e-05,-90,16666.66667
ERF_Log_File_20250225_1301,1424550136,2d,0,4,0.412066363,0.006982999022,3,4.126614857,0,0,0,-2.5,0.6,0.6,2.5,0.0008718711071,472.6230285,0.2011571586,SW,8.944177607e-05,-90,16666.66667
ERF_Log_File_20250225_1301,1424550157,2d,0,4,0.7998450879,0.008776493081,3,4.140214857,0,0,0,-1.875,0.6,0.6,1.875,0.001692353186,472.6230285,0.2011571586,SW,0.0001704089587,-90,16666.66667
ERF_Log_File_20250225_1301,1424550279,2d,0,4,0.8531488407,0.007474151448,3,4.146166,0,0,0,1.875,0.6,0.6,1.875,0.001805135995,472.6230285,0.2011571586,SW,0.0001816145677,90,16666.66667
ERF_Log_File_20250225_1301,1424550299,2d,0,4,0.443624755,0.01015279003,3,4.140698,0,0,0,2.5,0.6,0.6,2.5,0.0009386439683,472.6230285,0.2011571586,SW,9.596241934e-05,90,16666.66667
ERF_Log_File_20250225_1301,1424550319,2d,0,4,0.2376378512,0.0121632725,3,4.139356286,0,0,0,3.125,0.6,0.6,3.125,0.0005028063317,472.6230285,0.2011571586,SW,5.409518647e-05,90,16666.66667
ERF_Log_File_20250225_1301,1424550340,2d,0,4,0.1353830634,0.008415525265,3,4.128633429,0,0,0,3.75,0.6,0.6,3.75,0.0002864504166,472.6230285,0.2011571586,SW,3.490923382e-05,90,16666.66667
ERF_Log_File_20250225_1301,1424550360,2d,0,4,0.08902987922,0.01130595169,3,4.137865714,0,0,0,4.375,0.6,0.6,4.375,0.0001883739764,472.6230285,0.2011571586,SW,2.744003111e-05,90,16666.66667
ERF_Log_File_20250225_1301,1424550380,2d,0,4,0.05451060894,0.005292601798,3,4.139620857,0,0,0,5,0.6,0.6,5,0.0001153363371,472.6230285,0.2011571586,SW,2.304622411e-05,90,16666.66667
ERF_Log_File_20250225_1301,1424550410,2d,0,4,0.02985308066,0.009082659043,3,4.139352857,0,0,1,-5,0.6,0.6,5.099019514,6.316467642e-05,472.6230285,0.2011571586,SW,2.092844514e-05,-78.69006753,16666.66667
ERF_Log_File_20250225_1301,1424550430,2d,0,4,0.07054080498,0.0067567051,3,4.135679143,0,0,1,-4.375,0.6,0.6,4.487830768,0.0001492538466,472.6230285,0.2011571586,SW,2.49173127e-05,-77.12499844,16666.66667
ERF_Log_File_20250225_1301,1424550451,2d,0,4,0.09971106617,0.01345827202,3,4.130199143,0,0,1,-3.75,0.6,0.6,3.881043674,0.0002109737786,472.6230285,0.2011571586,SW,2.903805684e-05,-75.06858282,16666.66667
ERF_Log_File_20250225_1301,1424550471,2d,0,4,0.2103976227,0.01033914286,3,4.142352286,0,0,1,-3.125,0.6,0.6,3.281101187,0.0004451700616,472.6230285,0.2011571586,SW,4.87842297e-05,-72.25532837,16666.66667
ERF_Log_File_20250225_1301,1424550491,2d,0,4,0.325537304,0.006099205963,3,4.141039714,0,0,1,-2.5,0.6,0.6,2.692582404,0.0006887884941,472.6230285,0.2011571586,SW,7.171110911e-05,-68.19859051,16666.66667
ERF_Log_File_20250225_1301,1424550512,2d,0,4,0.6195487865,0.003794203244,3,4.133761143,0,0,1,-1.875,0.6,0.6,2.125,0.001310873041,472.6230285,0.2011571586,SW,0.0001325982425,-61.92751306,16666.66667
ERF_Log_File_20250225_1301,1424550634,2d,0,4,0.6957145624,0.01031871387,3,4.132498286,0,0,1,1.875,0.6,0.6,2.125,0.001472028489,472.6230285,0.2011571586,SW,0.0001485502359,61.92751306,16666.66667
ERF_Log_File_20250225_1301,1424550654,2d,0,4,0.3804817294,0.007073494449,3,4.141988857,0,0,1,2.5,0.6,0.6,2.692582404,0.0008050427222,472.6230285,0.2011571586,SW,8.294068108e-05,68.19859051,16666.66667
ERF_Log_File_20250225_1301,1424550675,2d,0,4,0.2167269402,0.008480584667,3,4.122289143,0,0,1,3.125,0.6,0.6,3.281101187,0.0004585619557,472.6230285,0.2011571586,SW,5.000930007e-05,72.25532837,16666.66667
ERF_Log_File_20250225_1301,1424550695,2d,0,4,0.1315022802,0.01227131672,3,4.129186286,0,0,1,3.75,0.6,0.6,3.881043674,0.0002782392569,472.6230285,0.2011571586,SW,3.42386652e-05,75.06858282,16666.66667
ERF_Log_File_20250225_1301,1424550715,2d,0,4,0.08087535599,0.01400787541,3,4.130910857,0,0,1,4.375,0.6,0.6,4.487830768,0.0001711202187,472.6230285,0.2011571586,SW,2.628550792e-05,77.12499844,16666.66667
ERF_Log_File_20250225_1301,1424550736,2d,0,4,0.05275727517,0.01039511636,3,4.137388857,0,0,1,5,0.6,0.6,5.099019514,0.0001116265438,472.6230285,0.2011571586,SW,2.286281784e-05,78.69006753,16666.66667
ERF_Log_File_20250225_1301,1424550765,2d,0,4,0.03854267066,0.009159841738,3,4.129663143,0,0,2,-5,0.6,0.6,5.385164807,8.15505558e-05,472.6230285,0.2011571586,SW,2.155475506e-05,-68.19859051,16666.66667
ERF_Log_File_20250225_1301,1424550786,2d,0,4,0.06107357478,0.01052249735,3,4.115766571,0,0,2,-4.375,0.6,0.6,4.810470351,0.0001292225962,472.6230285,0.2011571586,SW,2.377160382e-05,-65.43282868,16666.66667
ERF_Log_File_20250225_1301,1424550806,2d,0,4,0.07798829562,0.003156108545,3,4.129386857,0,0,2,-3.75,0.6,0.6,4.25,0.0001650116286,472.6230285,0.2011571586,SW,2.589198018e-05,-61.92751306,16666.66667
ERF_Log_File_20250225_1301,1424550826,2d,0,4,0.1314515405,0.006834114961,3,4.127357714,0,0,2,-3.125,0.6,0.6,3.71020552,0.0002781318991,472.6230285,0.2011571586,SW,3.422994122e-05,-57.38075693,16666.66667
ERF_Log_File_20250225_1301,1424550847,2d,0,4,0.2254893796,0.008971276808,3,4.129063714,0,0,2,-2.5,0.6,0.6,3.201562119,0.0004771019735,472.6230285,0.2011571586,SW,5.171465455e-05,-51.34019175,16666.66667
ERF_Log_File_20250225_1301,1424550867,2d,0,4,0.3541381556,0.006919770921,3,4.118610857,0,0,2,-1.875,0.6,0.6,2.741464025,0.0007493036401,472.6230285,0.2011571586,SW,7.754200467e-05,-43.15238973,16666.66667
ERF_Log_File_20250225_1301,1424550887,2d,0,4,0.5184504656,0.01339400662,3,4.134233714,0,0,2,-1.25,0.6,0.6,2.358495283,0.001096964038,472.6230285,0.2011571586,SW,0.0001114971763,-32.00538321,16666.66667
ERF_Log_File_20250225_1301,1424550969,2d,0,4,0.5693197764,0.007205589232,3,4.128324,0,0,2,1.25,0.6,0.6,2.358495283,0.00120459593,472.6230285,0.2011571586,SW,0.0001221019153,32.00538321,16666.66667
ERF_Log_File_20250225_1301,1424550989,2d,0,4,0.3753150079,0.00759386506,3,4.112027143,0,0,2,1.875,0.6,0.6,2.741464025,0.0007941107084,472.6230285,0.2011571586,SW,8.187999595e-05,43.15238973,16666.66667
ERF_Log_File_20250225_1301,1424551009,2d,0,4,0.2357611876,0.008503262518,3,4.104066286,0,0,2,2.5,0.6,0.6,3.201562119,0.0004988355907,472.6230285,0.2011571586,SW,5.372630521e-05,51.34019175,16666.66667
ERF_Log_File_20250225_1301,1424551030,2d,0,4,0.1505725434,0.006645844653,3,4.138178286,0,0,2,3.125,0.6,0.6,3.71020552,0.0003185890961,472.6230285,0.2011571586,SW,3.759135323e-05,57.38075693,16666.66667
ERF_Log_File_20250225_1301,1424551050,2d,0,4,0.1162446585,0.00544833844,3,4.118497714,0,0,2,3.75,0.6,0.6,4.25,0.0002459563997,472.6230285,0.2011571586,SW,3.167108766e-05,61.92751306,16666.66667
ERF_Log_File_20250225_1301,1424551070,2d,0,4,0.06950007942,0.01553755707,3,4.123208571,0,0,2,4.375,0.6,0.6,4.810470351,0.0001470518262,472.6230285,0.2011571586,SW,2.478603725e-05,65.43282868,16666.66667
ERF_Log_File_20250225_1301,1424551091,2d,0,4,0.0352018332,0.008913378221,3,4.108082286,0,0,2,5,0.6,0.6,5.385164807,7.448184088e-05,472.6230285,0.2011571586,SW,2.129736558e-05,68.19859051,16666.66667
ERF_Log_File_20250225_1301,1424551120,2d,0,4,0.02274459258,0.007175658176,3,4.112952,0,0,3,-5,0.6,0.6,5.830951895,4.812417341e-05,472.6230285,0.2011571586,SW,2.05246464e-05,-59.03624347,16666.66667
ERF_Log_File_20250225_1301,1424551141,2d,0,4,0.0290211721,0.01025975761,3,4.128423429,0,0,3,-4.375,0.6,0.6,5.304773793,6.14044817e-05,472.6230285,0.2011571586,SW,2.087599378e-05,-55.56101069,16666.66667
ERF_Log_File_20250225_1301,1424551161,2d,0,4,0.054198484,0.00741149896,3,4.117536571,0,0,3,-3.75,0.6,0.6,4.802343178,0.0001146759272,472.6230285,0.2011571586,SW,2.301324389e-05,-51.34019175,16666.66667
ERF_Log_File_20250225_1301,1424551182,2d,0,4,0.07964182128,0.009464964778,3,4.123564857,0,0,3,-3.125,0.6,0.6,4.331930863,0.0001685102428,472.6230285,0.2011571586,SW,2.611634532e-05,-46.16913933,16666.66667
ERF_Log_File_20250225_1301,1424551202,2d,0,4,0.1000484963,0.01015655321,3,4.111272571,0,0,3,-2.5,0.6,0.6,3.905124838,0.0002116877306,472.6230285,0.2011571586,SW,2.908997078e-05,-39.80557109,16666.66667
ERF_Log_File_20250225_1301,1424551222,2d,0,4,0.1596906551,0.009529130435,3,4.106377714,0,0,3,-1.875,0.6,0.6,3.537742925,0.0003378816636,472.6230285,0.2011571586,SW,3.923980373e-05,-32.00538321,16666.66667
ERF_Log_File_20250225_1301,1424551243,2d,0,4,0.2292310124,0.0121791223,3,4.130116571,0,0,3,-1.25,0.6,0.6,3.25,0.0004850187118,472.6230285,0.2011571586,SW,5.244592884e-05,-22.61986495,16666.66667
ERF_Log_File_20250225_1301,1424551263,2d,0,4,0.2837340336,0.006225694345,3,4.125258571,0,0,3,-0.625,0.6,0.6,3.064412668,0.0006003389944,472.6230285,0.2011571586,SW,6.326322549e-05,-11.76828893,16666.66667
ERF_Log_File_20250225_1301,1424551283,2d,0,4,0.3010326377,0.01165290333,3,4.132464286,0,0,3,0,0.6,0.6,3,0.0006369402665,472.6230285,0.2011571586,SW,6.674656435e-05,0,16666.66667
ERF_Log_File_20250225_1301,1424551304,2d,0,4,0.28888543,0.006834296386,3,4.123692857,0,0,3,0.625,0.6,0.6,3.064412668,0.0006112385825,472.6230285,0.2011571586,SW,6.42984841e-05,11.76828893,16666.66667
ERF_Log_File_20250225_1301,1424551324,2d,0,4,0.2361635603,0.009514321785,3,4.133155429,0,0,3,1.25,0.6,0.6,3.25,0.0004996869515,472.6230285,0.2011571586,SW,5.380536271e-05,22.61986495,16666.66667
ERF_Log_File_20250225_1301,1424551344,2d,0,4,0.1825652013,0.01297604395,3,4.126256286,0,0,3,1.875,0.6,0.6,3.537742925,0.0003862807994,472.6230285,0.2011571586,SW,4.3477085e-05,32.00538321,16666.66667
ERF_Log_File_20250225_1301,1424551365,2d,0,4,0.1462965552,0.01450213682,3,4.124618571,0,0,3,2.5,0.6,0.6,3.905124838,0.0003095417412,472.6230285,0.2011571586,SW,3.682770129e-05,39.80557109,16666.66667
ERF_Log_File_20250225_1301,1424551385,2d,0,4,0.0923865949,0.01341757731,3,4.125734857,0,0,3,3.125,0.6,0.6,4.331930863,0.0001954762873,472.6230285,0.2011571586,SW,2.793238337e-05,46.16913933,16666.66667
ERF_Log_File_20250225_1301,1424551405,2d,0,4,0.07746194554,0.007023119394,3,4.140396571,0,0,3,3.75,0.6,0.6,4.802343178,0.0001638979501,472.6230285,0.2011571586,SW,2.582114591e-05,51.34019175,16666.66667
ERF_Log_File_20250225_1301,1424551426,2d,0,4,0.04376681043,0.01418138345,3,4.134766571,0,0,3,4.375,0.6,0.6,5.304773793,9.260405818e-05,472.6230285,0.2011571586,SW,2.199677247e-05,55.56101069,16666.66667
ERF_Log_File_20250225_1301,1424551446,2d,0,4,0.03959851665,0.001860050893,3,4.131902286,0,0,3,5,0.6,0.6,5.830951895,8.378456882e-05,472.6230285,0.2011571586,SW,2.164026666e-05,59.03624347,16666.66667
ERF_Log_File_20250224_1611,1424473945,1d,0,4,-0.0001094835292,0.01288287524,23,3.820306128,0,0,0,-10,0.6,0.6,10,-2.534206824e-07,432.0228648,0.04600350485,SW,2.182756313e-05,-90,16666.66667
ERF_Log_File_20250224_1611,1424474046,1d,0,4,0.009497206738,0.01107935528,23,3.818687617,0,0,0,-9,0.6,0.6,9,2.198311134e-05,432.0228648,0.04600350485,SW,2.193796817e-05,-90,16666.66667
ERF_Log_File_20250224_1611,1424474148,1d,0,4,0.01025513158,0.0120679674,23,3.817409617,0,0,0,-8,0.6,0.6,8,2.373747414e-05,432.0228648,0.04600350485,SW,2.195624178e-05,-90,16666.66667
ERF_Log_File_20250224_1611,1424474249,1d,0,4,0.02585767059,0.01113330093,23,3.816238894,0,0,0,-7,0.6,0.6,7,5.98525511e-05,432.0228648,0.04600350485,SW,2.263327615e-05,-90,16666.66667
ERF_Log_File_20250224_1611,1424474338,1d,0,4,0.05670022802,0.01230792413,17,3.815793714,0,0,0,-6,0.6,0.6,6,0.0001312435814,432.0228648,0.04600350485,SW,2.546940992e-05,-90,16666.66667
ERF_Log_File_20250224_1611,1424474399,1d,0,4,0.04462625913,0.01091584842,9,3.805025684,0,0,0,-5,0.6,0.6,5,0.0001032960585,432.0228648,0.04600350485,SW,2.414834876e-05,-90,16666.66667
ERF_Log_File_20250224_1611,1424474436,1d,0,4,0.08537457419,0.01153664341,5,3.818112545,0,0,0,-4,0.6,0.6,4,0.0001976158698,432.0228648,0.04600350485,SW,2.944422919e-05,-90,16666.66667
ERF_Log_File_20250224_1611,1424474460,1d,0,4,0.2082389994,0.009575932486,3,3.814736286,0,0,0,-3,0.6,0.6,3,0.0004820092091,432.0228648,0.04600350485,SW,5.291288389e-05,-90,16666.66667
ERF_Log_File_20250224_1611,1424474481,1d,0,4,0.3822022998,0.01566053079,3,3.825315714,0,0,0,-2.5,0.6,0.6,2.5,0.0008846807215,432.0228648,0.04600350485,SW,9.112107623e-05,-90,16666.66667
ERF_Log_File_20250224_1611,1424474501,1d,0,4,0.6411836501,0.005435665078,3,3.819401714,0,0,0,-2,0.6,0.6,2,0.00148414286,432.0228648,0.04600350485,SW,0.00015001089,-90,16666.66667
ERF_Log_File_20250224_1611,1424474662,1d,0,4,0.6746028813,0.01670755365,3,3.803870857,0,0,0,2,0.6,0.6,2,0.001561498097,432.0228648,0.04600350485,SW,0.000157668109,90,16666.66667
ERF_Log_File_20250224_1611,1424474682,1d,0,4,0.405664954,0.004204545123,3,3.823867429,0,0,0,2.5,0.6,0.6,2.5,0.0009389895467,432.0228648,0.04600350485,SW,9.640262214e-05,90,16666.66667
ERF_Log_File_20250224_1611,1424474703,1d,0,4,0.2447204191,0.007000835508,3,3.812989429,0,0,0,3,0.6,0.6,3,0.0005664524706,432.0228648,0.04600350485,SW,6.070526767e-05,90,16666.66667
ERF_Log_File_20250224_1611,1424474727,1d,0,4,0.1017307853,0.01250728101,5,3.816157091,0,0,0,4,0.6,0.6,4,0.0002354754658,432.0228648,0.04600350485,SW,3.210809008e-05,90,16666.66667
ERF_Log_File_20250224_1611,1424474764,1d,0,4,0.05648820249,0.009004767404,9,3.812302316,0,0,0,5,0.6,0.6,5,0.0001307528075,432.0228648,0.04600350485,SW,2.544415513e-05,90,16666.66667
ERF_Log_File_20250224_1611,1424474825,1d,0,4,0.02676852178,0.01243052519,17,3.809652914,0,0,0,6,0.6,0.6,6,6.196089133e-05,432.0228648,0.04600350485,SW,2.268994125e-05,90,16666.66667
ERF_Log_File_20250224_1611,1424474914,1d,0,4,0.008887824667,0.0105912311,23,3.814200894,0,0,0,7,0.6,0.6,7,2.057257935e-05,432.0228648,0.04600350485,SW,2.1924283e-05,90,16666.66667
ERF_Log_File_20250224_1611,1424475015,1d,0,4,0.005661484708,0.01171201146,23,3.81240017,0,0,0,8,0.6,0.6,8,1.310459508e-05,432.0228648,0.04600350485,SW,2.186685108e-05,90,16666.66667
ERF_Log_File_20250224_1611,1424475117,1d,0,4,0.008811962674,0.01202635885,23,3.831756043,0,0,0,9,0.6,0.6,9,2.039698218e-05,432.0228648,0.04600350485,SW,2.192264226e-05,90,16666.66667
ERF_Log_File_20250224_1611,1424475218,1d,0,4,0.005432052311,0.008749745222,23,3.820961021,0,0,0,10,0.6,0.6,10,1.257352967e-05,432.0228648,0.04600350485,SW,2.186373271e-05,90,16666.66667
ERF_Log_File_20250224_1231,1424460761,1d,0,4,0.00596351203,0.01150593467,23,5.670974894,0,0,0,-10,0.6,0.6,10,9.558758044e-06,623.8793787,0.2074907175,SW,1.514529615e-05,-90,16666.66667
ERF_Log_File_20250224_1231,1424460862,1d,0,4,0.01119529646,0.01202802537,23,5.667852468,0,0,0,-9,0.6,0.6,9,1.794464898e-05,623.8793787,0.2074907175,SW,1.522124919e-05,-90,16666.66667
ERF_Log_File_20250224_1231,1424460964,1d,0,4,0.01654661652,0.01122663798,23,5.666645617,0,0,0,-8,0.6,0.6,8,2.652214048e-05,623.8793787,0.2074907175,SW,1.534602893e-05,-90,16666.66667
ERF_Log_File_20250224_1231,1424461065,1d,0,4,0.03787495581,0.009200402974,23,5.657934809,0,0,0,-7,0.6,0.6,7,6.070877977e-05,623.8793787,0.2074907175,SW,1.628871554e-05,-90,16666.66667
ERF_Log_File_20250224_1231,1424461154,1d,0,4,0.08286192923,0.008173417778,17,5.651176229,0,0,0,-6,0.6,0.6,6,0.0001328172273,623.8793787,0.2074907175,SW,2.012144122e-05,-90,16666.66667
ERF_Log_File_20250224_1231,1424461215,1d,0,4,0.0579784109,0.008785646373,9,5.644639368,0,0,0,-5,0.6,0.6,5,9.293208412e-05,623.8793787,0.2074907175,SW,1.774347668e-05,-90,16666.66667
ERF_Log_File_20250224_1231,1424461252,1d,0,4,0.1301082288,0.01306455071,5,5.643882545,0,0,0,-4,0.6,0.6,4,0.0002085470897,623.8793787,0.2074907175,SW,2.575635813e-05,-90,16666.66667
ERF_Log_File_20250224_1231,1424461276,1d,0,4,0.3274013925,0.01175618807,3,5.648181714,0,0,0,-3,0.6,0.6,3,0.0005247831611,623.8793787,0.2074907175,SW,5.461199878e-05,-90,16666.66667
ERF_Log_File_20250224_1231,1424461297,1d,0,4,0.5524620306,0.007014845866,3,5.656875714,0,0,0,-2.5,0.6,0.6,2.5,0.0008855269936,623.8793787,0.2074907175,SW,8.983392225e-05,-90,16666.66667
ERF_Log_File_20250224_1231,1424461317,1d,0,4,0.9261178221,0.008714626442,3,5.656179429,0,0,0,-2,0.6,0.6,2,0.001484450126,623.8793787,0.2074907175,SW,0.0001492133767,-90,16666.66667
ERF_Log_File_20250224_1231,1424461478,1d,0,4,0.9620380942,0.01339179043,3,5.635851429,0,0,0,2,0.6,0.6,2,0.001542025794,623.8793787,0.2074907175,SW,0.0001549424564,90,16666.66667
ERF_Log_File_20250224_1231,1424461498,1d,0,4,0.5937511145,0.009743111545,3,5.629458286,0,0,0,2.5,0.6,0.6,2.5,0.0009517081903,623.8793787,0.2074907175,SW,9.636415966e-05,90,16666.66667
ERF_Log_File_20250224_1231,1424461518,1d,0,4,0.3563458248,0.009279809181,3,5.640866571,0,0,0,3,0.6,0.6,3,0.0005711774373,623.8793787,0.2074907175,SW,5.908416896e-05,90,16666.66667
ERF_Log_File_20250224_1231,1424461543,1d,0,4,0.1430943419,0.006939412537,5,5.651711091,0,0,0,4,0.6,0.6,4,0.0002293621921,623.8793787,0.2074907175,SW,2.746893259e-05,90,16666.66667
ERF_Log_File_20250224_1231,1424461580,1d,0,4,0.07558592477,0.01030111852,9,5.645948421,0,0,0,5,0.6,0.6,5,0.0001211547093,623.8793787,0.2074907175,SW,1.937143635e-05,90,16666.66667
ERF_Log_File_20250224_1231,1424461641,1d,0,4,0.05058467914,0.01160943651,17,5.633185714,0,0,0,6,0.6,0.6,6,8.108086413e-05,623.8793787,0.2074907175,SW,1.715249484e-05,90,16666.66667
ERF_Log_File_20250224_1231,1424461730,1d,0,4,0.01444419876,0.01019334227,23,5.634895702,0,0,0,7,0.6,0.6,7,2.315222983e-05,623.8793787,0.2074907175,SW,1.529138985e-05,90,16666.66667
ERF_Log_File_20250224_1231,1424461831,1d,0,4,0.0077571125,0.01135911214,23,5.637688383,0,0,0,8,0.6,0.6,8,1.24336735e-05,623.8793787,0.2074907175,SW,1.516615529e-05,90,16666.66667
ERF_Log_File_20250224_1231,1424461932,1d,0,4,0.01086131945,0.01170910509,23,5.636701745,0,0,0,9,0.6,0.6,9,1.740932593e-05,623.8793787,0.2074907175,SW,1.521503095e-05,90,16666.66667
ERF_Log_File_20250224_1231,1424462033,1d,0,4,0.001786714457,0.01006543941,23,5.640281149,0,0,0,10,0.6,0.6,10,2.863878048e-06,623.8793787,0.2074907175,SW,1.511781419e-05,90,16666.66667
ERF_Log_File_20250227_2043,1424749444,1d,0,4,0.01121753245,0.005383312628,3,3.376466571,0,0,0,-8,0.651,0.65,8,1.965775612e-05,570.6415513,4.053447475,SW,1.664235529e-05,-90,15360.9831
ERF_Log_File_20250227_2043,1424749464,1d,0,4,0.0141625056,0.01146468392,3,3.374756,0,0,0,-7.6,0.651,0.65,7.6,2.481856705e-05,570.6415513,4.053447475,SW,1.671152029e-05,-90,15360.9831
ERF_Log_File_20250227_2043,1424749484,1d,0,4,0.01094797392,0.01717967979,3,3.374390286,0,0,0,-7.2,0.651,0.65,7.2,1.91853781e-05,570.6415513,4.053447475,SW,1.663681392e-05,-90,15360.9831
ERF_Log_File_20250227_2043,1424749504,1d,0,4,0.04482108712,0.01208112939,3,3.372460571,0,0,0,-6.8,0.651,0.65,6.8,7.854508143e-05,570.6415513,4.053447475,SW,1.830543096e-05,-90,15360.9831
ERF_Log_File_20250227_2043,1424749525,1d,0,4,0.04766496257,0.01152557241,3,3.371677714,0,0,0,-6.4,0.651,0.65,6.4,8.352872738e-05,570.6415513,4.053447475,SW,1.852583986e-05,-90,15360.9831
ERF_Log_File_20250227_2043,1424749545,1d,0,4,0.05611071009,0.01605338735,3,3.369257429,0,0,0,-6,0.651,0.65,6,9.832916998e-05,570.6415513,4.053447475,SW,1.924209774e-05,-90,15360.9831
ERF_Log_File_20250227_2043,1424749565,1d,0,4,0.0480316593,0.007633539125,3,3.367274857,0,0,0,-5.6,0.651,0.65,5.6,8.41713317e-05,570.6415513,4.053447475,SW,1.855504858e-05,-90,15360.9831
ERF_Log_File_20250227_2043,1424749585,1d,0,4,0.03909523904,0.01571130214,3,3.368027143,0,0,0,-5.2,0.651,0.65,5.2,6.851102754e-05,570.6415513,4.053447475,SW,1.789577214e-05,-90,15360.9831
ERF_Log_File_20250227_2043,1424749605,1d,0,4,0.06745082306,0.01252625132,3,3.368241143,0,0,0,-4.8,0.651,0.65,4.8,0.0001182017379,570.6415513,4.053447475,SW,2.033483945e-05,-90,15360.9831
ERF_Log_File_20250227_2043,1424749625,1d,0,4,0.06651972131,0.006675084476,3,3.367089143,0,0,0,-4.4,0.651,0.65,4.4,0.0001165700625,570.6415513,4.053447475,SW,2.02399519e-05,-90,15360.9831
ERF_Log_File_20250227_2043,1424749645,1d,0,4,0.09721106229,0.01437384988,3,3.368488571,0,0,0,-4,0.651,0.65,4,0.000170353985,570.6415513,4.053447475,SW,2.376453891e-05,-90,15360.9831
ERF_Log_File_20250227_2043,1424749666,1d,0,4,0.147481836,0.00578069826,3,3.367386571,0,0,0,-3.6,0.651,0.65,3.6,0.0002584491712,570.6415513,4.053447475,SW,3.073132425e-05,-90,15360.9831
ERF_Log_File_20250227_2043,1424749686,1d,0,4,0.2162821991,0.009563214468,3,3.368551429,0,0,0,-3.2,0.651,0.65,3.2,0.0003790158614,570.6415513,4.053447475,SW,4.143504272e-05,-90,15360.9831
ERF_Log_File_20250227_2043,1424749706,1d,0,4,0.3268990897,0.00517687592,3,3.367912857,0,0,0,-2.8,0.651,0.65,2.8,0.0005728624019,570.6415513,4.053447475,SW,5.976082419e-05,-90,15360.9831
ERF_Log_File_20250227_2043,1424749726,1d,0,4,0.4956766995,0.007224415481,3,3.368103714,0,0,0,-2.4,0.651,0.65,2.4,0.0008686305762,570.6415513,4.053447475,SW,8.863603017e-05,-90,15360.9831
ERF_Log_File_20250227_2043,1424749746,1d,0,4,0.7364452804,0.01458984788,3,3.368547143,0,0,0,-2,0.651,0.65,2,0.001290556705,570.6415513,4.053447475,SW,0.0001304319304,-90,15360.9831
ERF_Log_File_20250227_2043,1424749948,1d,0,4,0.7787344563,0.01326919901,3,3.367714,0,0,0,2,0.651,0.65,2,0.001364664831,570.6415513,4.053447475,SW,0.0001378047605,90,15360.9831
ERF_Log_File_20250227_2043,1424749968,1d,0,4,0.5269427959,0.009619897501,3,3.368312,0,0,0,2.4,0.651,0.65,2.4,0.0009234217079,570.6415513,4.053447475,SW,9.403821502e-05,90,15360.9831
ERF_Log_File_20250227_2043,1424749988,1d,0,4,0.3617046062,0.007808075244,3,3.372645143,0,0,0,2.8,0.651,0.65,2.8,0.0006338560614,570.6415513,4.053447475,SW,6.565890352e-05,90,15360.9831
ERF_Log_File_20250227_2043,1424750008,1d,0,4,0.2523004048,0.01399108417,3,3.366267714,0,0,0,3.2,0.651,0.65,3.2,0.0004421346539,570.6415513,4.053447475,SW,4.730516091e-05,90,15360.9831
ERF_Log_File_20250227_2043,1424750028,1d,0,4,0.1671710431,0.00863877622,3,3.371369429,0,0,0,3.6,0.651,0.65,3.6,0.0002929528049,570.6415513,4.053447475,SW,3.369907971e-05,90,15360.9831
ERF_Log_File_20250227_2043,1424750048,1d,0,4,0.1304894952,0.01244441656,3,3.370077143,0,0,0,4,0.651,0.65,4,0.0002286715626,570.6415513,4.053447475,SW,2.826003344e-05,90,15360.9831
ERF_Log_File_20250227_2043,1424750068,1d,0,4,0.09948730639,0.005478615234,3,3.369370571,0,0,0,4.4,0.651,0.65,4.4,0.0001743429061,570.6415513,4.053447475,SW,2.405353141e-05,90,15360.9831
ERF_Log_File_20250227_2043,1424750089,1d,0,4,0.0758637568,0.01112173606,3,3.363869429,0,0,0,4.8,0.651,0.65,4.8,0.0001329446771,570.6415513,4.053447475,SW,2.123014091e-05,90,15360.9831
ERF_Log_File_20250227_2043,1424750109,1d,0,4,0.0562111283,0.01198969046,3,3.369542857,0,0,0,5.2,0.651,0.65,5.2,9.850514421e-05,570.6415513,4.053447475,SW,1.925114155e-05,90,15360.9831
ERF_Log_File_20250227_2043,1424750129,1d,0,4,0.04503090962,0.009591809269,3,3.370889429,0,0,0,5.6,0.651,0.65,5.6,7.891277724e-05,570.6415513,4.053447475,SW,1.832131791e-05,90,15360.9831
ERF_Log_File_20250227_2043,1424750149,1d,0,4,0.04152349172,0.005573122107,3,3.369384857,0,0,0,6,0.651,0.65,6,7.276633051e-05,570.6415513,4.053447475,SW,1.806379732e-05,90,15360.9831
ERF_Log_File_20250227_2043,1424750169,1d,0,4,0.02021633245,0.008278492309,3,3.369128286,0,0,0,6.4,0.651,0.65,6.4,3.542737539e-05,570.6415513,4.053447475,SW,1.69026192e-05,90,15360.9831
ERF_Log_File_20250227_2043,1424750189,1d,0,4,0.01866210753,0.01219336375,3,3.369030571,0,0,0,6.8,0.651,0.65,6.8,3.270373054e-05,570.6415513,4.053447475,SW,1.684735954e-05,90,15360.9831
ERF_Log_File_20250227_2043,1424750209,1d,0,4,0.01918623919,0.01115336873,3,3.368651429,0,0,0,7.2,0.651,0.65,7.2,3.362222598e-05,570.6415513,4.053447475,SW,1.686552099e-05,90,15360.9831
ERF_Log_File_20250227_2043,1424750230,1d,0,4,0.02259146951,0.006081180676,3,3.368,0,0,0,7.6,0.651,0.65,7.6,3.958959781e-05,570.6415513,4.053447475,SW,1.699519531e-05,90,15360.9831
ERF_Log_File_20250227_2043,1424750250,1d,0,4,-0.002097870238,0.007578127686,3,3.367765429,0,0,0,8,0.651,0.65,8,-3.676336281e-06,570.6415513,4.053447475,SW,1.652936945e-05,90,15360.9831
ERF_Log_File_20250224_1129,1424457055,1d,0,4,0.006606212982,0.01265317416,23,2.553977532,0,0,0,-10,0.701,0.7,10,8.714578563e-06,758.0645391,0.7226263545,SW,1.247006461e-05,-90,14265.33524
ERF_Log_File_20250224_1129,1424457156,1d,0,4,0.010955308,0.01380089474,23,2.554741447,0,0,0,-9,0.701,0.7,9,1.445168246e-05,758.0645391,0.7226263545,SW,1.252324657e-05,-90,14265.33524
ERF_Log_File_20250224_1129,1424457258,1d,0,4,0.02006280259,0.01240810821,23,2.555450383,0,0,0,-8,0.701,0.7,8,2.646582389e-05,758.0645391,0.7226263545,SW,1.271802022e-05,-90,14265.33524
ERF_Log_File_20250224_1129,1424457359,1d,0,4,0.03836792703,0.01073601712,23,2.556212851,0,0,0,-7,0.701,0.7,7,5.061300859e-05,758.0645391,0.7226263545,SW,1.342989567e-05,-90,14265.33524
ERF_Log_File_20250224_1129,1424457448,1d,0,4,0.08552769977,0.01456442854,17,2.555716286,0,0,0,-6,0.701,0.7,6,0.0001128237708,758.0645391,0.7226263545,SW,1.679424315e-05,-90,14265.33524
ERF_Log_File_20250224_1129,1424457509,1d,0,4,0.05829441048,0.01251354501,9,2.5553,0,0,0,-5,0.701,0.7,5,7.689900724e-05,758.0645391,0.7226263545,SW,1.462473761e-05,-90,14265.33524
ERF_Log_File_20250224_1129,1424457546,1d,0,4,0.1333901769,0.007912538773,5,2.556290182,0,0,0,-4,0.701,0.7,4,0.0001759615046,758.0645391,0.7226263545,SW,2.154984106e-05,-90,14265.33524
ERF_Log_File_20250224_1129,1424457571,1d,0,4,0.3135826225,0.00760198521,3,2.556921429,0,0,0,-3,0.701,0.7,3,0.0004136621704,758.0645391,0.7226263545,SW,4.319794448e-05,-90,14265.33524
ERF_Log_File_20250224_1129,1424457591,1d,0,4,0.5259317137,0.01001755905,3,2.553088,0,0,0,-2.5,0.701,0.7,2.5,0.0006937822397,758.0645391,0.7226263545,SW,7.048771771e-05,-90,14265.33524
ERF_Log_File_20250224_1129,1424457611,1d,0,4,0.8561512704,0.004473782967,3,2.554110286,0,0,0,-2,0.701,0.7,2,0.001129391003,758.0645391,0.7226263545,SW,0.0001136272082,-90,14265.33524
ERF_Log_File_20250224_1129,1424457772,1d,0,4,0.9083433935,0.008745761155,3,2.551921714,0,0,0,2,0.701,0.7,2,0.001198240185,758.0645391,0.7226263545,SW,0.0001204734124,90,14265.33524
ERF_Log_File_20250224_1129,1424457792,1d,0,4,0.5718582163,0.01493836057,3,2.553228,0,0,0,2.5,0.701,0.7,2.5,0.0007543661349,758.0645391,0.7226263545,SW,7.645876512e-05,90,14265.33524
ERF_Log_File_20250224_1129,1424457813,1d,0,4,0.3567986193,0.004117629331,3,2.552782571,0,0,0,3,0.701,0.7,3,0.0004706705048,758.0645391,0.7226263545,SW,4.868522925e-05,90,14265.33524
ERF_Log_File_20250224_1129,1424457837,1d,0,4,0.1587737303,0.01185450444,5,2.551327636,0,0,0,4,0.701,0.7,4,0.0002094461911,758.0645391,0.7226263545,SW,2.436103313e-05,90,14265.33524
ERF_Log_File_20250224_1129,1424457874,1d,0,4,0.08188727287,0.01018684133,9,2.551684,0,0,0,5,0.701,0.7,5,0.0001080215056,758.0645391,0.7226263545,SW,1.647543819e-05,90,14265.33524
ERF_Log_File_20250224_1129,1424457935,1d,0,4,0.04494906039,0.009292413976,17,2.550636629,0,0,0,6,0.701,0.7,6,5.92945034e-05,758.0645391,0.7226263545,SW,1.378058706e-05,90,14265.33524
ERF_Log_File_20250224_1129,1424458024,1d,0,4,0.02202744452,0.009589836639,23,2.549631745,0,0,0,7,0.701,0.7,7,2.905747912e-05,758.0645391,0.7226263545,SW,1.277447227e-05,90,14265.33524
ERF_Log_File_20250224_1129,1424458125,1d,0,4,0.008731606765,0.009829269263,23,2.548662213,0,0,0,8,0.701,0.7,8,1.151828943e-05,758.0645391,0.7226263545,SW,1.249279128e-05,90,14265.33524
ERF_Log_File_20250224_1129,1424458227,1d,0,4,0.007008807223,0.01088762159,23,2.549468511,0,0,0,9,0.701,0.7,9,9.245660312e-06,758.0645391,0.7226263545,SW,1.247388887e-05,90,14265.33524
ERF_Log_File_20250224_1129,1424458328,1d,0,4,0.003105402462,0.01372801767,23,2.549669957,0,0,0,10,0.701,0.7,10,4.096488231e-06,758.0645391,0.7226263545,SW,1.244631797e-05,90,14265.33524
ERF_Log_File_20250227_2102,1424750616,1d,0,4,0.008668078111,0.01299274776,3,2.447642857,0,0,0,-8,0.751,0.75,8,9.923688342e-06,873.4734316,3.494144354,SW,1.084156419e-05,-90,13315.57923
ERF_Log_File_20250227_2102,1424750637,1d,0,4,0.02974382902,0.01093590384,3,2.447123143,0,0,0,-7.6,0.751,0.75,7.6,3.405235688e-05,873.4734316,3.494144354,SW,1.1321101e-05,-90,13315.57923
ERF_Log_File_20250227_2102,1424750657,1d,0,4,0.04228270568,0.007185277952,3,2.448692,0,0,0,-7.2,0.751,0.75,7.2,4.840754641e-05,873.4734316,3.494144354,SW,1.183315451e-05,-90,13315.57923
ERF_Log_File_20250227_2102,1424750677,1d,0,4,0.06138866421,0.01664522224,3,2.450111714,0,0,0,-6.8,0.751,0.75,6.8,7.028108925e-05,873.4734316,3.494144354,SW,1.288512707e-05,-90,13315.57923
ERF_Log_File_20250227_2102,1424750697,1d,0,4,0.07625475294,0.003672708439,3,2.451230286,0,0,0,-6.4,0.751,0.75,6.4,8.730059803e-05,873.4734316,3.494144354,SW,1.38884501e-05,-90,13315.57923
ERF_Log_File_20250227_2102,1424750717,1d,0,4,0.1072823955,0.00890125081,3,2.450962,0,0,0,-6,0.751,0.75,6,0.0001228227346,873.4734316,3.494144354,SW,1.635997509e-05,-90,13315.57923
ERF_Log_File_20250227_2102,1424750737,1d,0,4,0.06194761966,0.01460919512,3,2.450974857,0,0,0,-5.6,0.751,0.75,5.6,7.092101193e-05,873.4734316,3.494144354,SW,1.292019852e-05,-90,13315.57923
ERF_Log_File_20250227_2102,1424750757,1d,0,4,0.06136056833,0.01376878998,3,2.451369143,0,0,0,-5.2,0.751,0.75,5.2,7.024892356e-05,873.4734316,3.494144354,SW,1.288337008e-05,-90,13315.57923
ERF_Log_File_20250227_2102,1424750777,1d,0,4,0.07544493344,0.006369316183,3,2.451113429,0,0,0,-4.8,0.751,0.75,4.8,8.637347252e-05,873.4734316,3.494144354,SW,1.383026727e-05,-90,13315.57923
ERF_Log_File_20250227_2102,1424750798,1d,0,4,0.09562381412,0.01273219209,3,2.452554571,0,0,0,-4.4,0.751,0.75,4.4,0.0001094753551,873.4734316,3.494144354,SW,1.538159488e-05,-90,13315.57923
ERF_Log_File_20250227_2102,1424750818,1d,0,4,0.1396102558,0.005695417395,3,2.452608286,0,0,0,-4,0.751,0.75,4,0.0001598334314,873.4734316,3.494144354,SW,1.929842497e-05,-90,13315.57923
ERF_Log_File_20250227_2102,1424750838,1d,0,4,0.186289094,0.008173144589,3,2.452127429,0,0,0,-3.6,0.751,0.75,3.6,0.0002132739099,873.4734316,3.494144354,SW,2.391941942e-05,-90,13315.57923
ERF_Log_File_20250227_2102,1424750858,1d,0,4,0.2867686161,0.01121693179,3,2.452595429,0,0,0,-3.2,0.751,0.75,3.2,0.0003283083443,873.4734316,3.494144354,SW,3.458528099e-05,-90,13315.57923
ERF_Log_File_20250227_2102,1424750878,1d,0,4,0.403212512,0.01093477114,3,2.451936857,0,0,0,-2.8,0.751,0.75,2.8,0.000461619664,873.4734316,3.494144354,SW,4.744354811e-05,-90,13315.57923
ERF_Log_File_20250227_2102,1424750898,1d,0,4,0.5802286164,0.01025015738,3,2.452991714,0,0,0,-2.4,0.751,0.75,2.4,0.00066427735,873.4734316,3.494144354,SW,6.7351751e-05,-90,13315.57923
ERF_Log_File_20250227_2102,1424750918,1d,0,4,0.8784932403,0.01683743725,3,2.452476286,0,0,0,-2,0.751,0.75,2,0.001005746951,873.4734316,3.494144354,SW,0.0001012324512,-90,13315.57923
ERF_Log_File_20250227_2102,1424751119,1d,0,4,0.9532887804,0.01053779284,3,2.453046857,0,0,0,2,0.751,0.75,2,0.001091376962,873.4734316,3.494144354,SW,0.0001097572333,90,13315.57923
ERF_Log_File_20250227_2102,1424751140,1d,0,4,0.6513179882,0.01119085415,3,2.454604286,0,0,0,2.4,0.751,0.75,2.4,0.0007456643381,873.4734316,3.494144354,SW,7.540294235e-05,90,13315.57923
ERF_Log_File_20250227_2102,1424751160,1d,0,4,0.4445415976,0.00175476626,3,2.452319143,0,0,0,2.8,0.751,0.75,2.8,0.0005089354541,873.4734316,3.494144354,SW,5.206583281e-05,90,13315.57923
ERF_Log_File_20250227_2102,1424751180,1d,0,4,0.3306501462,0.01443866625,3,2.452581714,0,0,0,3.2,0.751,0.75,3.2,0.000378546312,873.4734316,3.494144354,SW,3.939313813e-05,90,13315.57923
ERF_Log_File_20250227_2102,1424751200,1d,0,4,0.2375812624,0.003781665142,3,2.452451429,0,0,0,3.6,0.751,0.75,3.6,0.0002719959804,873.4734316,3.494144354,SW,2.928404266e-05,90,13315.57923
ERF_Log_File_20250227_2102,1424751220,1d,0,4,0.1711932057,0.005894286476,3,2.452488,0,0,0,4,0.751,0.75,4,0.0001959913142,873.4734316,3.494144354,SW,2.238959098e-05,90,13315.57923
ERF_Log_File_20250227_2102,1424751240,1d,0,4,0.13261208,0.005970045621,3,2.452108571,0,0,0,4.4,0.751,0.75,4.4,0.0001518215382,873.4734316,3.494144354,SW,1.863920026e-05,90,13315.57923
ERF_Log_File_20250227_2102,1424751260,1d,0,4,0.09401484235,0.01060654664,3,2.451924571,0,0,0,4.8,0.751,0.75,4.8,0.0001076333165,873.4734316,3.494144354,SW,1.525083066e-05,90,13315.57923
ERF_Log_File_20250227_2102,1424751281,1d,0,4,0.08622114932,0.0128656221,3,2.452933714,0,0,0,5.2,0.751,0.75,5.2,9.87106719e-05,873.4734316,3.494144354,SW,1.463376345e-05,90,13315.57923
ERF_Log_File_20250227_2102,1424751301,1d,0,4,0.06876501331,0.01091478843,3,2.452692286,0,0,0,5.6,0.751,0.75,5.6,7.872593581e-05,873.4734316,3.494144354,SW,1.336525535e-05,90,13315.57923
ERF_Log_File_20250227_2102,1424751321,1d,0,4,0.05251284505,0.002677633684,3,2.453283714,0,0,0,6,0.751,0.75,6,6.011956763e-05,873.4734316,3.494144354,SW,1.235939337e-05,90,13315.57923
ERF_Log_File_20250227_2102,1424751341,1d,0,4,0.04327243217,0.007347621768,3,2.454214857,0,0,0,6.4,0.751,0.75,6.4,4.954063924e-05,873.4734316,3.494144354,SW,1.188003222e-05,90,13315.57923
ERF_Log_File_20250227_2102,1424751361,1d,0,4,0.01688258762,0.003560370462,3,2.452603714,0,0,0,6.8,0.751,0.75,6.8,1.932810662e-05,873.4734316,3.494144354,SW,1.096790214e-05,90,13315.57923
ERF_Log_File_20250227_2102,1424751381,1d,0,4,0.02405616793,0.009596393259,3,2.453137429,0,0,0,7.2,0.751,0.75,7.2,2.754081241e-05,873.4734316,3.494144354,SW,1.114227281e-05,90,13315.57923
ERF_Log_File_20250227_2102,1424751401,1d,0,4,0.0209289394,0.007411900282,3,2.453430286,0,0,0,7.6,0.751,0.75,7.6,2.396059072e-05,873.4734316,3.494144354,SW,1.105908804e-05,90,13315.57923
ERF_Log_File_20250227_2102,1424751421,1d,0,4,0.009553224656,0.009226426596,3,2.451872857,0,0,0,8,0.751,0.75,8,1.093705236e-05,873.4734316,3.494144354,SW,1.085132469e-05,90,13315.57923
ERF_Log_File_20250227_1634,1424734583,1d,0,4,0.004341878291,0.01082371918,23,2.69530583,0,0,0,-10,0.802,0.8,10,5.046495695e-06,860.3749124,0.09547045677,SW,1.097194989e-05,-90,12468.82793
ERF_Log_File_20250227_1634,1424734685,1d,0,4,0.01604446773,0.01168423018,23,2.694690511,0,0,0,-9,0.802,0.8,9,1.864822823e-05,860.3749124,0.09547045677,SW,1.111784968e-05,-90,12468.82793
ERF_Log_File_20250227_1634,1424734786,1d,0,4,0.0177660375,0.01095892099,23,2.694150894,0,0,0,-8,0.802,0.8,8,2.064918124e-05,860.3749124,0.09547045677,SW,1.115315673e-05,-90,12468.82793
ERF_Log_File_20250227_1634,1424734887,1d,0,4,0.04794939614,0.01267626072,23,2.693671702,0,0,0,-7,0.802,0.8,7,5.573081624e-05,860.3749124,0.09547045677,SW,1.229586475e-05,-90,12468.82793
ERF_Log_File_20250227_1634,1424734976,1d,0,4,0.09212999672,0.01260595073,17,2.693115371,0,0,0,-6,0.802,0.8,6,0.0001070812217,860.3749124,0.09547045677,SW,1.532295776e-05,-90,12468.82793
ERF_Log_File_20250227_1634,1424735037,1d,0,4,0.05803608607,0.007918748026,9,2.693054737,0,0,0,-5,0.802,0.8,5,6.745441463e-05,860.3749124,0.09547045677,SW,1.286973386e-05,-90,12468.82793
ERF_Log_File_20250227_1634,1424735074,1d,0,4,0.1243643538,0.01196641876,5,2.693215091,0,0,0,-4,0.802,0.8,4,0.0001445466994,860.3749124,0.09547045677,SW,1.814019717e-05,-90,12468.82793
ERF_Log_File_20250227_1634,1424735099,1d,0,4,0.3026616746,0.0111238729,3,2.694537714,0,0,0,-3,0.802,0.8,3,0.0003517788236,860.3749124,0.09547045677,SW,3.684581312e-05,-90,12468.82793
ERF_Log_File_20250227_1634,1424735119,1d,0,4,0.4666590059,0.005162540003,3,2.692583714,0,0,0,-2.5,0.802,0.8,2.5,0.0005423902989,860.3749124,0.09547045677,SW,5.53353865e-05,-90,12468.82793
ERF_Log_File_20250227_1634,1424735139,1d,0,4,0.7644990316,0.005669754247,3,2.692696286,0,0,0,-2,0.802,0.8,2,0.0008885649972,860.3749124,0.09547045677,SW,8.952997418e-05,-90,12468.82793
ERF_Log_File_20250227_1634,1424735300,1d,0,4,0.8364507996,0.01098181823,3,2.693576857,0,0,0,2,0.802,0.8,2,0.0009721933864,860.3749124,0.09547045677,SW,9.783527205e-05,90,12468.82793
ERF_Log_File_20250227_1634,1424735321,1d,0,4,0.5355062377,0.01184574845,3,2.693408286,0,0,0,2.5,0.802,0.8,2.5,0.0006224103354,860.3749124,0.09547045677,SW,6.319873447e-05,90,12468.82793
ERF_Log_File_20250227_1634,1424735341,1d,0,4,0.3554144408,0.01020821215,3,2.693527143,0,0,0,3,0.802,0.8,3,0.0004130925201,860.3749124,0.09547045677,SW,4.273857059e-05,90,12468.82793
ERF_Log_File_20250227_1634,1424735366,1d,0,4,0.1541959367,0.009167468287,5,2.692855091,0,0,0,4,0.802,0.8,4,0.000179219471,860.3749124,0.09547045677,SW,2.100775086e-05,90,12468.82793
ERF_Log_File_20250227_1634,1424735402,1d,0,4,0.08447683469,0.01258289599,9,2.693787158,0,0,0,5,0.802,0.8,5,9.818607385e-05,860.3749124,0.09547045677,SW,1.47151005e-05,90,12468.82793
ERF_Log_File_20250227_1634,1424735463,1d,0,4,0.055594582,0.01350135001,17,2.69357,0,0,0,6,0.802,0.8,6,6.461669349e-05,860.3749124,0.09547045677,SW,1.272329498e-05,90,12468.82793
ERF_Log_File_20250227_1634,1424735553,1d,0,4,0.02425696403,0.009870367697,23,2.69488234,0,0,0,7,0.802,0.8,7,2.819348133e-05,860.3749124,0.09547045677,SW,1.131714393e-05,90,12468.82793
ERF_Log_File_20250227_1634,1424735654,1d,0,4,0.01028625891,0.01135711542,23,2.695850681,0,0,0,8,0.802,0.8,8,1.195555422e-05,860.3749124,0.09547045677,SW,1.102535113e-05,90,12468.82793
ERF_Log_File_20250227_1634,1424735755,1d,0,4,0.01431789433,0.01186474422,23,2.695558766,0,0,0,9,0.802,0.8,9,1.664145958e-05,860.3749124,0.09547045677,SW,1.1085955e-05,90,12468.82793
ERF_Log_File_20250227_1634,1424735856,1d,0,4,0.002320961798,0.01516353837,23,2.695265277,0,0,0,10,0.802,0.8,10,2.697616776e-06,860.3749124,0.09547045677,SW,1.096365744e-05,90,12468.82793
ERF_Log_File_20250224_0959,1424451646,1d,0,4,0.002005348859,0.008037437851,23,7.182275319,0,0,0,-10,0.901,0.9,10,2.854010637e-06,702.6423915,0.2748846363,SW,1.342380158e-05,-90,11098.77913
ERF_Log_File_20250224_0959,1424451747,1d,0,4,0.01442132349,0.01161926357,23,7.182741319,0,0,0,-9,0.901,0.9,9,2.052441421e-05,702.6423915,0.2748846363,SW,1.357680279e-05,-90,11098.77913
ERF_Log_File_20250224_0959,1424451848,1d,0,4,0.02198547218,0.01526236968,23,7.182883532,0,0,0,-8,0.901,0.9,8,3.128970362e-05,702.6423915,0.2748846363,SW,1.378069661e-05,-90,11098.77913
ERF_Log_File_20250224_0959,1424451949,1d,0,4,0.04266719489,0.007928428423,23,7.179965191,0,0,0,-7,0.901,0.9,7,6.072391221e-05,702.6423915,0.2748846363,SW,1.473063112e-05,-90,11098.77913
ERF_Log_File_20250224_0959,1424452038,1d,0,4,0.07397691903,0.008523171941,17,7.177477543,0,0,0,-6,0.901,0.9,6,0.0001052838826,702.6423915,0.2748846363,SW,1.705771525e-05,-90,11098.77913
ERF_Log_File_20250224_0959,1424452099,1d,0,4,0.04702099385,0.008279175266,9,7.177577684,0,0,0,-5,0.901,0.9,5,6.692023484e-05,702.6423915,0.2748846363,SW,1.499669488e-05,-90,11098.77913
ERF_Log_File_20250224_0959,1424452136,1d,0,4,0.09003931645,0.00836367056,5,7.175890182,0,0,0,-4,0.901,0.9,4,0.0001281438717,702.6423915,0.2748846363,SW,1.855607786e-05,-90,11098.77913
ERF_Log_File_20250224_0959,1424452161,1d,0,4,0.2106816524,0.01062898246,3,7.179458857,0,0,0,-3,0.901,0.9,3,0.0002998419323,702.6423915,0.2748846363,SW,3.285091471e-05,-90,11098.77913
ERF_Log_File_20250224_0959,1424452181,1d,0,4,0.3272792387,0.00757664511,3,7.176514857,0,0,0,-2.5,0.901,0.9,2.5,0.000465783509,702.6423915,0.2748846363,SW,4.847363171e-05,-90,11098.77913
ERF_Log_File_20250224_0959,1424452201,1d,0,4,0.5512100995,0.007431770198,3,7.173396286,0,0,0,-2,0.901,0.9,2,0.0007844817025,702.6423915,0.2748846363,SW,7.958848282e-05,-90,11098.77913
ERF_Log_File_20250224_0959,1424452363,1d,0,4,0.5810865906,0.009170713984,3,7.168699714,0,0,0,2,0.901,0.9,2,0.0008270018969,702.6423915,0.2748846363,SW,8.378271328e-05,90,11098.77913
ERF_Log_File_20250224_0959,1424452383,1d,0,4,0.3635185519,0.003915745761,3,7.171586286,0,0,0,2.5,0.901,0.9,2.5,0.000517359266,702.6423915,0.2748846363,SW,5.344870494e-05,90,11098.77913
ERF_Log_File_20250224_0959,1424452403,1d,0,4,0.2490140498,0.005252091425,3,7.172187714,0,0,0,3,0.901,0.9,3,0.0003543965648,702.6423915,0.2748846363,SW,3.789598221e-05,90,11098.77913
ERF_Log_File_20250224_0959,1424452428,1d,0,4,0.1191979171,0.008196067019,5,7.167464727,0,0,0,4,0.901,0.9,4,0.000169642365,702.6423915,0.2748846363,SW,2.163115157e-05,90,11098.77913
ERF_Log_File_20250224_0959,1424452465,1d,0,4,0.0608288575,0.008679759621,9,7.167442105,0,0,0,5,0.901,0.9,5,8.657157358e-05,702.6423915,0.2748846363,SW,1.597073932e-05,90,11098.77913
ERF_Log_File_20250224_0959,1424452526,1d,0,4,0.03811171628,0.009847369521,17,7.1646212,0,0,0,6,0.901,0.9,6,5.424055927e-05,702.6423915,0.2748846363,SW,1.447542147e-05,90,11098.77913
ERF_Log_File_20250224_0959,1424452615,1d,0,4,0.02150612515,0.01319788616,23,7.164132383,0,0,0,7,0.901,0.9,7,3.060749737e-05,702.6423915,0.2748846363,SW,1.376536691e-05,90,11098.77913
ERF_Log_File_20250224_0959,1424452716,1d,0,4,0.01149994668,0.01418914544,23,7.163566936,0,0,0,8,0.901,0.9,8,1.636671344e-05,702.6423915,0.2748846363,SW,1.352019703e-05,90,11098.77913
ERF_Log_File_20250224_0959,1424452817,1d,0,4,0.009524974087,0.01095310541,23,7.164745021,0,0,0,9,0.901,0.9,9,1.355593429e-05,702.6423915,0.2748846363,SW,1.348905688e-05,90,11098.77913
ERF_Log_File_20250224_0959,1424452918,1d,0,4,0.001447350021,0.01016461747,23,7.16491634,0,0,0,10,0.901,0.9,10,2.059867208e-06,702.6423915,0.2748846363,SW,1.342234797e-05,90,11098.77913
ERF_Log_File_20250225_1715,1424564199,2d,0,4,0.001680108254,0.006966398707,3,3.536932,0,0,-3,-8.125,0.901,0.9,8.661156101,2.354394544e-06,713.6052275,1.075213339,SW,1.321668697e-05,-110.2656975,11098.77913
ERF_Log_File_20250225_1715,1424564219,2d,0,4,0.01653827871,0.008486827088,3,3.537289714,0,0,-3,-7.5,0.901,0.9,8.077747211,2.317566923e-05,713.6052275,1.075213339,SW,1.341632237e-05,-111.8014095,11098.77913
ERF_Log_File_20250225_1715,1424564239,2d,0,4,0.01235584205,0.01338520858,3,3.536689429,0,0,-3,-6.875,0.901,0.9,7.501041594,1.731467423e-05,713.6052275,1.075213339,SW,1.332756656e-05,-113.5747062,11098.77913
ERF_Log_File_20250225_1715,1424564260,2d,0,4,0.0136195457,0.007937394556,3,3.536373714,0,0,-3,-6.25,0.901,0.9,6.932712312,1.908554643e-05,713.6052275,1.075213339,SW,1.335173315e-05,-115.6410058,11098.77913
ERF_Log_File_20250225_1715,1424564280,2d,0,4,0.0274361464,0.01250167793,3,3.536525143,0,0,-3,-5.625,0.901,0.9,6.375,3.844723293e-05,713.6052275,1.075213339,SW,1.376265321e-05,-118.0724869,11098.77913
ERF_Log_File_20250225_1715,1424564300,2d,0,4,0.03244607029,0.01054993904,3,3.535899429,0,0,-3,-5,0.901,0.9,5.830951895,4.546781475e-05,713.6052275,1.075213339,SW,1.397509518e-05,-120.9637565,11098.77913
ERF_Log_File_20250225_1715,1424564321,2d,0,4,0.0456658061,0.008391079476,3,3.535892286,0,0,-3,-4.375,0.901,0.9,5.304773793,6.399309358e-05,713.6052275,1.075213339,SW,1.468284126e-05,-124.4389893,11098.77913
ERF_Log_File_20250225_1715,1424564341,2d,0,4,0.05823247175,0.009712439791,3,3.534086857,0,0,-3,-3.75,0.901,0.9,4.802343178,8.160320232e-05,713.6052275,1.075213339,SW,1.553162304e-05,-128.6598083,11098.77913
ERF_Log_File_20250225_1715,1424564361,2d,0,4,0.07556389457,0.009701060712,3,3.534723714,0,0,-3,-3.125,0.901,0.9,4.331930863,0.0001058903322,713.6052275,1.075213339,SW,1.693453426e-05,-133.8308607,11098.77913
ERF_Log_File_20250225_1715,1424564382,2d,0,4,0.1164293378,0.007856455381,3,3.533136,0,0,-3,-2.5,0.901,0.9,3.905124838,0.0001631565091,713.6052275,1.075213339,SW,2.099729194e-05,-140.1944289,11098.77913
ERF_Log_File_20250225_1715,1424564402,2d,0,4,0.1752636141,0.009033825085,3,3.532382571,0,0,-3,-1.875,0.901,0.9,3.537742925,0.0002456030412,713.6052275,1.075213339,SW,2.789212886e-05,-147.9946168,11098.77913
ERF_Log_File_20250225_1715,1424564422,2d,0,4,0.2378586277,0.003999365557,3,3.531139714,0,0,-3,-1.25,0.901,0.9,3.25,0.0003333196262,713.6052275,1.075213339,SW,3.585941064e-05,-157.3801351,11098.77913
ERF_Log_File_20250225_1715,1424564443,2d,0,4,0.2820286397,0.005708808049,3,3.531650857,0,0,-3,-0.625,0.901,0.9,3.064412668,0.0003952166112,713.6052275,1.075213339,SW,4.16766322e-05,-168.2317111,11098.77913
ERF_Log_File_20250225_1715,1424564463,2d,0,4,0.3153462455,0.01142798811,3,3.531334857,0,0,-3,0,0.901,0.9,3,0.0004419057391,713.6052275,1.075213339,SW,4.612890123e-05,180,11098.77913
ERF_Log_File_20250225_1715,1424564483,2d,0,4,0.2822488244,0.008623316433,3,3.531078286,0,0,-3,0.625,0.901,0.9,3.064412668,0.0003955251637,713.6052275,1.075213339,SW,4.170589981e-05,168.2317111,11098.77913
ERF_Log_File_20250225_1715,1424564504,2d,0,4,0.2125733253,0.01220498133,3,3.529973714,0,0,-3,1.25,0.901,0.9,3.25,0.0002978864464,713.6052275,1.075213339,SW,3.259125915e-05,157.3801351,11098.77913
ERF_Log_File_20250225_1715,1424564524,2d,0,4,0.1544695345,0.01477487308,3,3.529318,0,0,-3,1.875,0.901,0.9,3.537742925,0.0002164635692,713.6052275,1.075213339,SW,2.536329068e-05,147.9946168,11098.77913
ERF_Log_File_20250225_1715,1424564544,2d,0,4,0.108287565,0.01087931991,3,3.527891714,0,0,-3,2.5,0.901,0.9,3.905124838,0.0001517471578,713.6052275,1.075213339,SW,2.012336072e-05,140.1944289,11098.77913
ERF_Log_File_20250225_1715,1424564565,2d,0,4,0.08063209534,0.004543054013,3,3.528110857,0,0,-3,3.125,0.901,0.9,4.331930863,0.0001129925794,713.6052275,1.075213339,SW,1.738756985e-05,133.8308607,11098.77913
ERF_Log_File_20250225_1715,1424564585,2d,0,4,0.05627280681,0.009481648403,3,3.528312857,0,0,-3,3.75,0.901,0.9,4.802343178,7.88570552e-05,713.6052275,1.075213339,SW,1.538908182e-05,128.6598083,11098.77913
ERF_Log_File_20250225_1715,1424564606,2d,0,4,0.040600631,0.005633858374,3,3.526527429,0,0,-3,4.375,0.901,0.9,5.304773793,5.689508631e-05,713.6052275,1.075213339,SW,1.438760674e-05,124.4389893,11098.77913
ERF_Log_File_20250225_1715,1424564626,2d,0,4,0.04095645997,0.01005303831,3,3.526068857,0,0,-3,5,0.901,0.9,5.830951895,5.739372189e-05,713.6052275,1.075213339,SW,1.440740232e-05,120.9637565,11098.77913
ERF_Log_File_20250225_1715,1424564646,2d,0,4,0.03335745611,0.01205598405,3,3.524716571,0,0,-3,5.625,0.901,0.9,6.375,4.674497162e-05,713.6052275,1.075213339,SW,1.401717713e-05,118.0724869,11098.77913
ERF_Log_File_20250225_1715,1424564667,2d,0,4,0.02022947971,0.006725806591,3,3.523488857,0,0,-3,6.25,0.901,0.9,6.932712312,2.834827848e-05,713.6052275,1.075213339,SW,1.351530405e-05,115.6410058,11098.77913
ERF_Log_File_20250225_1715,1424564687,2d,0,4,0.01533695732,0.01166961373,3,3.526447429,0,0,-3,6.875,0.901,0.9,7.501041594,2.149221548e-05,713.6052275,1.075213339,SW,1.338826248e-05,113.5747062,11098.77913
ERF_Log_File_20250225_1715,1424564707,2d,0,4,0.01403718404,0.01068153939,3,3.524854857,0,0,-3,7.5,0.901,0.9,8.077747211,1.967079767e-05,713.6052275,1.075213339,SW,1.336022648e-05,111.8014095,11098.77913
ERF_Log_File_20250225_1715,1424564728,2d,0,4,0.01467534541,0.01375097713,3,3.523887429,0,0,-3,8.125,0.901,0.9,8.661156101,2.056507554e-05,713.6052275,1.075213339,SW,1.337368886e-05,110.2656975,11098.77913
ERF_Log_File_20250225_1715,1424564764,2d,0,4,0.01241611164,0.01366994698,3,3.522995429,0,0,-2,-8.125,0.901,0.9,8.367533986,1.739913213e-05,713.6052275,1.075213339,SW,1.332866668e-05,-103.828651,11098.77913
ERF_Log_File_20250225_1715,1424564784,2d,0,4,0.02176275866,0.007590192605,3,3.522004571,0,0,-2,-7.5,0.901,0.9,7.762087348,3.049691598e-05,713.6052275,1.075213339,SW,1.356200946e-05,-104.9314172,11098.77913
ERF_Log_File_20250225_1715,1424564804,2d,0,4,0.01662462422,0.007435457907,3,3.521462857,0,0,-2,-6.875,0.901,0.9,7.160001746,2.329666821e-05,713.6052275,1.075213339,SW,1.341841831e-05,-106.2201937,11098.77913
ERF_Log_File_20250225_1715,1424564825,2d,0,4,0.02551287758,0.009608023521,3,3.522451714,0,0,-2,-6.25,0.901,0.9,6.562202374,3.575208897e-05,713.6052275,1.075213339,SW,1.368979148e-05,-107.7446716,11098.77913
ERF_Log_File_20250225_1715,1424564845,2d,0,4,0.0350628067,0.01155027072,3,3.522438,0,0,-2,-5.625,0.901,0.9,5.969976968,4.913473913e-05,713.6052275,1.075213339,SW,1.409869061e-05,-109.5731258,11098.77913
ERF_Log_File_20250225_1715,1424564865,2d,0,4,0.02436004528,0.007150103937,3,3.522275429,0,0,-2,-5,0.901,0.9,5.385164807,3.413658468e-05,713.6052275,1.075213339,SW,1.36484827e-05,-111.8014095,11098.77913
ERF_Log_File_20250225_1715,1424564886,2d,0,4,0.05423176907,0.01377946945,3,3.521976286,0,0,-2,-4.375,0.901,0.9,4.810470351,7.599687752e-05,713.6052275,1.075213339,SW,1.524446575e-05,-114.5671713,11098.77913
ERF_Log_File_20250225_1715,1424564906,2d,0,4,0.08158637989,0.01221696387,3,3.521568857,0,0,-2,-3.75,0.901,0.9,4.25,0.0001143298518,713.6052275,1.075213339,SW,1.747478742e-05,-118.0724869,11098.77913
ERF_Log_File_20250225_1715,1424564927,2d,0,4,0.1246038504,0.01220027561,3,3.521317429,0,0,-2,-3.125,0.901,0.9,3.71020552,0.00017461174,713.6052275,1.075213339,SW,2.189947912e-05,-122.6192431,11098.77913
ERF_Log_File_20250225_1715,1424564947,2d,0,4,0.2307356505,0.01351659903,3,3.522981714,0,0,-2,-2.5,0.901,0.9,3.201562119,0.0003233379488,713.6052275,1.075213339,SW,3.493332235e-05,-128.6598083,11098.77913
ERF_Log_File_20250225_1715,1424564967,2d,0,4,0.3037785415,0.01295496627,3,3.523737714,0,0,-2,-1.875,0.901,0.9,2.741464025,0.0004256955103,713.6052275,1.075213339,SW,4.457806021e-05,-136.8476103,11098.77913
ERF_Log_File_20250225_1715,1424564988,2d,0,4,0.4419838819,0.004763452343,3,3.523032286,0,0,-2,-1.25,0.901,0.9,2.358495283,0.0006193674946,713.6052275,1.075213339,SW,6.333764448e-05,-147.9946168,11098.77913
ERF_Log_File_20250225_1715,1424565069,2d,0,4,0.4783866226,0.007881275964,3,3.5195,0,0,-2,1.25,0.901,0.9,2.358495283,0.0006703799303,713.6052275,1.075213339,SW,6.833548236e-05,147.9946168,11098.77913
ERF_Log_File_20250225_1715,1424565089,2d,0,4,0.3160786858,0.01776860369,3,3.521770857,0,0,-2,1.875,0.901,0.9,2.741464025,0.0004429321334,713.6052275,1.075213339,SW,4.622725944e-05,136.8476103,11098.77913
ERF_Log_File_20250225_1715,1424565110,2d,0,4,0.2146877783,0.009141263723,3,3.521563429,0,0,-2,2.5,0.901,0.9,3.201562119,0.0003008495034,713.6052275,1.075213339,SW,3.286236584e-05,128.6598083,11098.77913
ERF_Log_File_20250225_1715,1424565130,2d,0,4,0.1443182306,0.008615042145,3,3.52258,0,0,-2,3.125,0.901,0.9,3.71020552,0.0002022381914,713.6052275,1.075213339,SW,2.416032046e-05,122.6192431,11098.77913
ERF_Log_File_20250225_1715,1424565150,2d,0,4,0.1020956111,0.01374072489,3,3.520296857,0,0,-2,3.75,0.901,0.9,4.25,0.0001430701558,713.6052275,1.075213339,SW,1.947723119e-05,118.0724869,11098.77913
ERF_Log_File_20250225_1715,1424565171,2d,0,4,0.05786554261,0.01188412977,3,3.522404857,0,0,-2,4.375,0.901,0.9,4.810470351,8.108901165e-05,713.6052275,1.075213339,SW,1.550466305e-05,114.5671713,11098.77913
ERF_Log_File_20250225_1715,1424565191,2d,0,4,0.04937617696,0.01095358097,3,3.522383143,0,0,-2,5,0.901,0.9,5.385164807,6.919256623e-05,713.6052275,1.075213339,SW,1.491684791e-05,111.8014095,11098.77913
ERF_Log_File_20250225_1715,1424565211,2d,0,4,0.03968434183,0.00612084133,3,3.521739429,0,0,-2,5.625,0.901,0.9,5.969976968,5.561105819e-05,713.6052275,1.075213339,SW,1.433730411e-05,109.5731258,11098.77913
ERF_Log_File_20250225_1715,1424565232,2d,0,4,0.03447467644,0.005633253054,3,3.522318571,0,0,-2,6.25,0.901,0.9,6.562202374,4.831057161e-05,713.6052275,1.075213339,SW,1.407017349e-05,107.7446716,11098.77913
ERF_Log_File_20250225_1715,1424565252,2d,0,4,0.0146617784,0.007733826041,3,3.522726857,0,0,-2,6.875,0.901,0.9,7.160001746,2.054606362e-05,713.6052275,1.075213339,SW,1.337339657e-05,106.2201937,11098.77913
ERF_Log_File_20250225_1715,1424565272,2d,0,4,0.02351427594,0.005589081785,3,3.521034857,0,0,-2,7.5,0.901,0.9,7.762087348,3.295137849e-05,713.6052275,1.075213339,SW,1.361931601e-05,104.9314172,11098.77913
ERF_Log_File_20250225_1715,1424565293,2d,0,4,0.03042742498,0.01444141634,3,3.523526857,0,0,-2,8.125,0.901,0.9,8.367533986,4.263901638e-05,713.6052275,1.075213339,SW,1.388561684e-05,103.828651,11098.77913
ERF_Log_File_20250225_1715,1424565329,2d,0,4,0.007612497637,0.007206085424,3,3.523427429,0,0,-1,-8.125,0.901,0.9,8.186307165,1.066765957e-05,713.6052275,1.075213339,SW,1.325758719e-05,-97.01650174,11098.77913
ERF_Log_File_20250225_1715,1424565349,2d,0,4,0.02074252698,0.00689016426,3,3.523966571,0,0,-1,-7.5,0.901,0.9,7.566372975,2.906722958e-05,713.6052275,1.075213339,SW,1.353057008e-05,-97.59464337,11098.77913
ERF_Log_File_20250225_1715,1424565369,2d,0,4,0.03967186217,0.009347764912,3,3.522728,0,0,-1,-6.875,0.901,0.9,6.947346616,5.559357001e-05,713.6052275,1.075213339,SW,1.433662572e-05,-98.27589283,11098.77913
ERF_Log_File_20250225_1715,1424565390,2d,0,4,0.04842489961,0.00457421842,3,3.522628571,0,0,-1,-6.25,0.901,0.9,6.329494451,6.785950796e-05,713.6052275,1.075213339,SW,1.485546878e-05,-99.09027692,11098.77913
ERF_Log_File_20250225_1715,1424565410,2d,0,4,0.03968512798,0.006443951026,3,3.521695143,0,0,-1,-5.625,0.901,0.9,5.713197441,5.561215986e-05,713.6052275,1.075213339,SW,1.433734685e-05,-100.080598,11098.77913
ERF_Log_File_20250225_1715,1424565430,2d,0,4,0.04428095435,0.007613150737,3,3.524698286,0,0,-1,-5,0.901,0.9,5.099019514,6.205245231e-05,713.6052275,1.075213339,SW,1.459928698e-05,-101.3099325,11098.77913
ERF_Log_File_20250225_1715,1424565451,2d,0,4,0.07251442828,0.007961061823,3,3.547257714,0,0,-1,-4.375,0.901,0.9,4.487830768,0.0001016170082,713.6052275,1.075213339,SW,1.667060216e-05,-102.8750016,11098.77913
ERF_Log_File_20250225_1715,1424565471,2d,0,4,0.09732258096,0.007080018319,3,3.539981429,0,0,-1,-3.75,0.901,0.9,3.881043674,0.0001363815415,713.6052275,1.075213339,SW,1.899123075e-05,-104.9314172,11098.77913
ERF_Log_File_20250225_1715,1424565491,2d,0,4,0.1898491484,0.005705121807,3,3.532706286,0,0,-1,-3.125,0.901,0.9,3.281101187,0.0002660422613,713.6052275,1.075213339,SW,2.97080949e-05,-107.7446716,11098.77913
ERF_Log_File_20250225_1715,1424565512,2d,0,4,0.2967896829,0.01057025066,3,3.527751143,0,0,-1,-2.5,0.901,0.9,2.692582404,0.0004159017781,713.6052275,1.075213339,SW,4.364356716e-05,-111.8014095,11098.77913
ERF_Log_File_20250225_1715,1424565532,2d,0,4,0.5334951034,0.00826851146,3,3.52796,0,0,-1,-1.875,0.901,0.9,2.125,0.0007476053747,713.6052275,1.075213339,SW,7.592780917e-05,-118.0724869,11098.77913
ERF_Log_File_20250225_1715,1424565654,2d,0,4,0.5717202652,0.008149074406,3,3.526844857,0,0,-1,1.875,0.901,0.9,2.125,0.0008011716327,713.6052275,1.075213339,SW,8.120863524e-05,118.0724869,11098.77913
ERF_Log_File_20250225_1715,1424565675,2d,0,4,0.3300648204,0.004795324467,3,3.526490286,0,0,-1,2.5,0.901,0.9,2.692582404,0.0004625313937,713.6052275,1.075213339,SW,4.810887608e-05,111.8014095,11098.77913
ERF_Log_File_20250225_1715,1424565695,2d,0,4,0.2224236922,0.00892657863,3,3.527351714,0,0,-1,3.125,0.901,0.9,3.281101187,0.0003116901105,713.6052275,1.075213339,SW,3.385783774e-05,107.7446716,11098.77913
ERF_Log_File_20250225_1715,1424565715,2d,0,4,0.123318953,0.00443623576,3,3.525787714,0,0,-1,3.75,0.901,0.9,3.881043674,0.0001728111683,713.6052275,1.075213339,SW,2.175615239e-05,104.9314172,11098.77913
ERF_Log_File_20250225_1715,1424565736,2d,0,4,0.07535217764,0.00591008106,3,3.525978571,0,0,-1,4.375,0.901,0.9,4.487830768,0.0001055936458,713.6052275,1.075213339,SW,1.691599432e-05,102.8750016,11098.77913
ERF_Log_File_20250225_1715,1424565756,2d,0,4,0.06174768958,0.004033214208,3,3.527884,0,0,-1,5,0.901,0.9,5.099019514,8.652920018e-05,713.6052275,1.075213339,SW,1.579605625e-05,101.3099325,11098.77913
ERF_Log_File_20250225_1715,1424565776,2d,0,4,0.03305262581,0.01470160939,3,3.52828,0,0,-1,5.625,0.901,0.9,5.713197441,4.631780224e-05,713.6052275,1.075213339,SW,1.400298642e-05,100.080598,11098.77913
ERF_Log_File_20250225_1715,1424565797,2d,0,4,0.03254905412,0.005784777047,3,3.527045143,0,0,-1,6.25,0.901,0.9,6.329494451,4.56121296e-05,713.6052275,1.075213339,SW,1.397979818e-05,99.09027692,11098.77913
ERF_Log_File_20250225_1715,1424565817,2d,0,4,0.02822082456,0.01718194961,3,3.526339429,0,0,-1,6.875,0.901,0.9,6.947346616,3.954682993e-05,713.6052275,1.075213339,SW,1.37937826e-05,98.27589283,11098.77913
ERF_Log_File_20250225_1715,1424565837,2d,0,4,0.01592560741,0.005754328115,3,3.526028571,0,0,-1,7.5,0.901,0.9,7.566372975,2.231711147e-05,713.6052275,1.075213339,SW,1.340175494e-05,97.59464337,11098.77913
ERF_Log_File_20250225_1715,1424565858,2d,0,4,0.01569136083,0.00731201227,3,3.526129429,0,0,-1,8.125,0.901,0.9,8.186307165,2.198885353e-05,713.6052275,1.075213339,SW,1.339632654e-05,97.01650174,11098.77913
ERF_Log_File_20250225_1715,1424565894,2d,0,4,0.01181709969,0.01087258743,3,3.525165714,0,0,0,-8.125,0.901,0.9,8.125,1.655971571e-05,713.6052275,1.075213339,SW,1.331796661e-05,-90,11098.77913
ERF_Log_File_20250225_1715,1424565914,2d,0,4,0.02299794598,0.002348557864,3,3.525742286,0,0,0,-7.5,0.901,0.9,7.5,3.222782723e-05,713.6052275,1.075213339,SW,1.360198723e-05,-90,11098.77913
ERF_Log_File_20250225_1715,1424565934,2d,0,4,0.05313260011,0.01124315181,3,3.526955714,0,0,0,-6.875,0.901,0.9,6.875,7.445657355e-05,713.6052275,1.075213339,SW,1.516824873e-05,-90,11098.77913
ERF_Log_File_20250225_1715,1424565955,2d,0,4,0.06742683125,0.007127043,3,3.525369714,0,0,0,-6.25,0.901,0.9,6.25,9.448758033e-05,713.6052275,1.075213339,SW,1.624575844e-05,-90,11098.77913
ERF_Log_File_20250225_1715,1424565975,2d,0,4,0.06591537202,0.01115230285,3,3.524838286,0,0,0,-5.625,0.901,0.9,5.625,9.236951956e-05,713.6052275,1.075213339,SW,1.612346184e-05,-90,11098.77913
ERF_Log_File_20250225_1715,1424565995,2d,0,4,0.03200927551,0.01227933748,3,3.526579714,0,0,0,-5,0.901,0.9,5,4.485571893e-05,713.6052275,1.075213339,SW,1.395529624e-05,-90,11098.77913
ERF_Log_File_20250225_1715,1424566016,2d,0,4,0.07599231442,0.01191564307,3,3.526621429,0,0,0,-4.375,0.901,0.9,4.375,0.0001064906919,713.6052275,1.075213339,SW,1.697214748e-05,-90,11098.77913
ERF_Log_File_20250225_1715,1424566036,2d,0,4,0.1163427348,0.008467511658,3,3.525979143,0,0,0,-3.75,0.901,0.9,3.75,0.0001630351493,713.6052275,1.075213339,SW,2.09878611e-05,-90,11098.77913
ERF_Log_File_20250225_1715,1424566056,2d,0,4,0.200737276,0.01034982501,3,3.524027714,0,0,0,-3.125,0.901,0.9,3.125,0.0002813001759,713.6052275,1.075213339,SW,3.108219593e-05,-90,11098.77913
ERF_Log_File_20250225_1715,1424566077,2d,0,4,0.330362348,0.005387815731,3,3.525376571,0,0,0,-2.5,0.901,0.9,2.5,0.0004629483295,713.6052275,1.075213339,SW,4.814897185e-05,-90,11098.77913
ERF_Log_File_20250225_1715,1424566097,2d,0,4,0.654840201,0.006375436743,3,3.526214286,0,0,0,-1.875,0.901,0.9,1.875,0.0009176505102,713.6052275,1.075213339,SW,9.272195907e-05,-90,11098.77913
ERF_Log_File_20250225_1715,1424566219,2d,0,4,0.7174502027,0.01009189934,3,3.524971429,0,0,0,1.875,0.901,0.9,1.875,0.001005388099,713.6052275,1.075213339,SW,0.0001014148531,90,11098.77913
ERF_Log_File_20250225_1715,1424566240,2d,0,4,0.3804084413,0.004230627122,3,3.524048571,0,0,0,2.5,0.901,0.9,2.5,0.0005330796729,713.6052275,1.075213339,SW,5.492731463e-05,90,11098.77913
ERF_Log_File_20250225_1715,1424566260,2d,0,4,0.2465878314,0.006645044068,3,3.524983143,0,0,0,3.125,0.901,0.9,3.125,0.0003455521651,713.6052275,1.075213339,SW,3.699945189e-05,90,11098.77913
ERF_Log_File_20250225_1715,1424566280,2d,0,4,0.1447584397,0.008602460106,3,3.523569143,0,0,0,3.75,0.901,0.9,3.75,0.0002028550719,713.6052275,1.075213339,SW,2.421199276e-05,90,11098.77913
ERF_Log_File_20250225_1715,1424566301,2d,0,4,0.08956672032,0.009005226467,3,3.524200857,0,0,0,4.375,0.901,0.9,4.375,0.0001255129824,713.6052275,1.075213339,SW,1.82262509e-05,90,11098.77913
ERF_Log_File_20250225_1715,1424566321,2d,0,4,0.06705887333,0.0114712141,3,3.524032,0,0,0,5,0.901,0.9,5,9.397194801e-05,713.6052275,1.075213339,SW,1.621581599e-05,90,11098.77913
ERF_Log_File_20250225_1715,1424566341,2d,0,4,0.04090415965,0.01151481981,3,3.524073429,0,0,0,5.625,0.901,0.9,5.625,5.732043162e-05,713.6052275,1.075213339,SW,1.440448362e-05,90,11098.77913
ERF_Log_File_20250225_1715,1424566362,2d,0,4,0.03867888923,0.007649953669,3,3.523004286,0,0,0,6.25,0.901,0.9,6.25,5.420208225e-05,713.6052275,1.075213339,SW,1.428323133e-05,90,11098.77913
ERF_Log_File_20250225_1715,1424566382,2d,0,4,0.01024874388,0.009136231562,3,3.522743143,0,0,0,6.875,0.901,0.9,6.875,1.436192378e-05,713.6052275,1.075213339,SW,1.329242217e-05,90,11098.77913
ERF_Log_File_20250225_1715,1424566402,2d,0,4,0.01514273182,0.01215376904,3,3.522318571,0,0,0,7.5,0.901,0.9,7.5,2.122004049e-05,713.6052275,1.075213339,SW,1.338391922e-05,90,11098.77913
ERF_Log_File_20250225_1715,1424566423,2d,0,4,0.01577788824,0.01103890451,3,3.522939143,0,0,0,8.125,0.901,0.9,8.125,2.211010743e-05,713.6052275,1.075213339,SW,1.33983226e-05,90,11098.77913
ERF_Log_File_20250225_1715,1424566459,2d,0,4,0.01574832837,0.007790418246,3,3.524179429,0,0,1,-8.125,0.901,0.9,8.186307165,2.206868414e-05,713.6052275,1.075213339,SW,1.33976395e-05,-82.98349826,11098.77913
ERF_Log_File_20250225_1715,1424566479,2d,0,4,0.01422014104,0.005400854997,3,3.524308286,0,0,1,-7.5,0.901,0.9,7.566372975,1.992718171e-05,713.6052275,1.075213339,SW,1.336402624e-05,-82.40535663,11098.77913
ERF_Log_File_20250225_1715,1424566499,2d,0,4,0.02731414428,0.009480831563,3,3.522665429,0,0,1,-6.875,0.901,0.9,6.947346616,3.827626708e-05,713.6052275,1.075213339,SW,1.375788583e-05,-81.72410717,11098.77913
ERF_Log_File_20250225_1715,1424566520,2d,0,4,0.0433503795,0.004161594831,3,3.522331429,0,0,1,-6.25,0.901,0.9,6.329494451,6.074840518e-05,713.6052275,1.075213339,SW,1.454432658e-05,-80.90972308,11098.77913
ERF_Log_File_20250225_1715,1424566540,2d,0,4,0.04271163388,0.01147118412,3,3.522875143,0,0,1,-5.625,0.901,0.9,5.713197441,5.985330857e-05,713.6052275,1.075213339,SW,1.450715991e-05,-79.91940201,11098.77913
ERF_Log_File_20250225_1715,1424566560,2d,0,4,0.0433449859,0.005270809297,3,3.522075429,0,0,1,-5,0.901,0.9,5.099019514,6.074084695e-05,713.6052275,1.075213339,SW,1.454401083e-05,-78.69006753,11098.77913
ERF_Log_File_20250225_1715,1424566581,2d,0,4,0.06332052067,0.007139750152,3,3.522945143,0,0,1,-4.375,0.901,0.9,4.487830768,8.873326348e-05,713.6052275,1.075213339,SW,1.591788823e-05,-77.12499844,11098.77913
ERF_Log_File_20250225_1715,1424566601,2d,0,4,0.1103851603,0.006589019297,3,3.523442571,0,0,1,-3.75,0.901,0.9,3.881043674,0.0001546865915,713.6052275,1.075213339,SW,2.034598507e-05,-75.06858282,11098.77913
ERF_Log_File_20250225_1715,1424566621,2d,0,4,0.1909302338,0.002994792649,3,3.525248571,0,0,1,-3.125,0.901,0.9,3.281101187,0.0002675572242,713.6052275,1.075213339,SW,2.984386993e-05,-72.25532837,11098.77913
ERF_Log_File_20250225_1715,1424566642,2d,0,4,0.2950852227,0.0126330459,3,3.524061429,0,0,1,-2.5,0.901,0.9,2.692582404,0.0004135132583,713.6052275,1.075213339,SW,4.341596152e-05,-68.19859051,11098.77913
ERF_Log_File_20250225_1715,1424566662,2d,0,4,0.5168165277,0.01028399434,3,3.524211143,0,0,1,-1.875,0.901,0.9,2.125,0.0007242331023,713.6052275,1.075213339,SW,7.362711465e-05,-61.92751306,11098.77913
ERF_Log_File_20250225_1715,1424566784,2d,0,4,0.601282353,0.007380825485,3,3.526563714,0,0,1,1.875,0.901,0.9,2.125,0.0008425980218,713.6052275,1.075213339,SW,8.529918783e-05,61.92751306,11098.77913
ERF_Log_File_20250225_1715,1424566804,2d,0,4,0.3543480677,0.00550428058,3,3.526139429,0,0,1,2.5,0.901,0.9,2.692582404,0.0004965603586,713.6052275,1.075213339,SW,5.138975625e-05,68.19859051,11098.77913
ERF_Log_File_20250225_1715,1424566825,2d,0,4,0.2446904868,0.005249113531,3,3.526506286,0,0,1,3.125,0.901,0.9,3.281101187,0.0003428933498,713.6052275,1.075213339,SW,3.67512012e-05,72.25532837,11098.77913
ERF_Log_File_20250225_1715,1424566845,2d,0,4,0.1583311228,0.00927485725,3,3.525795143,0,0,1,3.75,0.901,0.9,3.881043674,0.0002218749482,713.6052275,1.075213339,SW,2.582677017e-05,75.06858282,11098.77913
ERF_Log_File_20250225_1715,1424566865,2d,0,4,0.09610116409,0.01452762526,3,3.526836286,0,0,1,4.375,0.901,0.9,4.487830768,0.0001346699273,713.6052275,1.075213339,SW,1.886866282e-05,77.12499844,11098.77913
ERF_Log_File_20250225_1715,1424566886,2d,0,4,0.06509581804,0.004366123666,3,3.526616286,0,0,1,5,0.901,0.9,5.099019514,9.122104987e-05,713.6052275,1.075213339,SW,1.605792829e-05,78.69006753,11098.77913
ERF_Log_File_20250225_1715,1424566906,2d,0,4,0.03867909514,0.01086202637,3,3.525497714,0,0,1,5.625,0.901,0.9,5.713197441,5.42023708e-05,713.6052275,1.075213339,SW,1.428324228e-05,79.91940201,11098.77913
ERF_Log_File_20250225_1715,1424566926,2d,0,4,0.04029317909,0.00910734292,3,3.527867714,0,0,1,6.25,0.901,0.9,6.329494451,5.646424317e-05,713.6052275,1.075213339,SW,1.437061988e-05,80.90972308,11098.77913
ERF_Log_File_20250225_1715,1424566947,2d,0,4,0.01685676579,0.01221083307,3,3.531180857,0,0,1,6.875,0.901,0.9,6.947346616,2.362197632e-05,713.6052275,1.075213339,SW,1.342410573e-05,81.72410717,11098.77913
ERF_Log_File_20250225_1715,1424566967,2d,0,4,0.008752991613,0.01280984897,3,3.531723714,0,0,1,7.5,0.901,0.9,7.566372975,1.226587373e-05,713.6052275,1.075213339,SW,1.327140642e-05,82.40535663,11098.77913
ERF_Log_File_20250225_1715,1424566988,2d,0,4,0.0132860596,0.01142946096,3,3.53015,0,0,1,8.125,0.901,0.9,8.186307165,1.861822067e-05,713.6052275,1.075213339,SW,1.334513164e-05,82.98349826,11098.77913
ERF_Log_File_20250225_1715,1424567024,2d,0,4,0.02037796142,0.009231783699,3,3.529486571,0,0,2,-8.125,0.901,0.9,8.367533986,2.85563511e-05,713.6052275,1.075213339,SW,1.351968466e-05,-76.17134903,11098.77913
ERF_Log_File_20250225_1715,1424567044,2d,0,4,0.01375453539,0.007867858174,3,3.530234286,0,0,2,-7.5,0.901,0.9,7.762087348,1.927471221e-05,713.6052275,1.075213339,SW,1.335445091e-05,-75.06858282,11098.77913
ERF_Log_File_20250225_1715,1424567064,2d,0,4,0.01114526522,0.01169675431,3,3.531054571,0,0,2,-6.875,0.901,0.9,7.160001746,1.561825052e-05,713.6052275,1.075213339,SW,1.330658564e-05,-73.7798063,11098.77913
ERF_Log_File_20250225_1715,1424567085,2d,0,4,0.02270604868,0.01065469025,3,3.533621143,0,0,2,-6.25,0.901,0.9,6.562202374,3.181878132e-05,713.6052275,1.075213339,SW,1.359235142e-05,-72.25532837,11098.77913
ERF_Log_File_20250225_1715,1424567105,2d,0,4,0.01588806044,0.009069095053,3,3.532221429,0,0,2,-5.625,0.901,0.9,5.969976968,2.226449559e-05,713.6052275,1.075213339,SW,1.340087957e-05,-70.42687417,11098.77913
ERF_Log_File_20250225_1715,1424567125,2d,0,4,0.0417063155,0.008621371255,3,3.531852286,0,0,2,-5,0.901,0.9,5.385164807,5.844452072e-05,713.6052275,1.075213339,SW,1.444959324e-05,-68.19859051,11098.77913
ERF_Log_File_20250225_1715,1424567146,2d,0,4,0.05137881932,0.01245758292,3,3.531025429,0,0,2,-4.375,0.901,0.9,4.810470351,7.199893911e-05,713.6052275,1.075213339,SW,1.504910666e-05,-65.43282868,11098.77913
ERF_Log_File_20250225_1715,1424567166,2d,0,4,0.08718799807,0.01568716135,3,3.532006,0,0,2,-3.75,0.901,0.9,4.25,0.0001221795955,713.6052275,1.075213339,SW,1.799827202e-05,-61.92751306,11098.77913
ERF_Log_File_20250225_1715,1424567186,2d,0,4,0.1374542725,0.008922855072,3,3.530634286,0,0,2,-3.125,0.901,0.9,3.71020552,0.0001926194866,713.6052275,1.075213339,SW,2.336091325e-05,-57.38075693,11098.77913
ERF_Log_File_20250225_1715,1424567207,2d,0,4,0.2137550275,0.009751920347,3,3.532331714,0,0,2,-2.5,0.901,0.9,3.201562119,0.0002995424071,713.6052275,1.075213339,SW,3.274271837e-05,-51.34019175,11098.77913
ERF_Log_File_20250225_1715,1424567227,2d,0,4,0.3113585894,0.01042791747,3,3.533041429,0,0,2,-1.875,0.901,0.9,2.741464025,0.000436317697,713.6052275,1.075213339,SW,4.559373741e-05,-43.15238973,11098.77913
ERF_Log_File_20250225_1715,1424567247,2d,0,4,0.429167192,0.006068702353,3,3.53168,0,0,2,-1.25,0.901,0.9,2.358495283,0.0006014070182,713.6052275,1.075213339,SW,6.158206324e-05,-32.00538321,11098.77913
ERF_Log_File_20250225_1715,1424567329,2d,0,4,0.5059347563,0.006074766578,3,3.531941143,0,0,2,1.25,0.901,0.9,2.358495283,0.0007089840949,713.6052275,1.075213339,SW,7.21273249e-05,32.00538321,11098.77913
ERF_Log_File_20250225_1715,1424567349,2d,0,4,0.3610781254,0.006931891904,3,3.530718286,0,0,2,1.875,0.901,0.9,2.741464025,0.0005059914243,713.6052275,1.075213339,SW,5.230181479e-05,43.15238973,11098.77913
ERF_Log_File_20250225_1715,1424567370,2d,0,4,0.2703742373,0.01143027015,3,3.532021429,0,0,2,2.5,0.901,0.9,3.201562119,0.0003788848889,713.6052275,1.075213339,SW,4.013089662e-05,51.34019175,11098.77913
ERF_Log_File_20250225_1715,1424567390,2d,0,4,0.174365643,0.01208416138,3,3.531476,0,0,2,3.125,0.901,0.9,3.71020552,0.0002443446828,713.6052275,1.075213339,SW,2.778136343e-05,57.38075693,11098.77913
ERF_Log_File_20250225_1715,1424567410,2d,0,4,0.1282460984,0.005909066577,3,3.533867429,0,0,2,3.75,0.901,0.9,4.25,0.0001797157496,713.6052275,1.075213339,SW,2.230865753e-05,61.92751306,11098.77913
ERF_Log_File_20250225_1715,1424567431,2d,0,4,0.0939326333,0.008381236072,3,3.531263429,0,0,2,4.375,0.901,0.9,4.810470351,0.0001316310891,713.6052275,1.075213339,SW,1.865293925e-05,65.43282868,11098.77913
ERF_Log_File_20250225_1715,1424567451,2d,0,4,0.06777079485,0.005181416166,3,3.533623714,0,0,2,5,0.901,0.9,5.385164807,9.496958857e-05,713.6052275,1.075213339,SW,1.627384631e-05,68.19859051,11098.77913
ERF_Log_File_20250225_1715,1424567471,2d,0,4,0.06085547491,0.01082542336,3,3.530288571,0,0,2,5.625,0.901,0.9,5.969976968,8.527890852e-05,713.6052275,1.075213339,SW,1.572789887e-05,70.42687417,11098.77913
ERF_Log_File_20250225_1715,1424567492,2d,0,4,0.03603353915,0.00417994091,3,3.532796571,0,0,2,6.25,0.901,0.9,6.562202374,5.049506052e-05,713.6052275,1.075213339,SW,1.414668407e-05,72.25532837,11098.77913
ERF_Log_File_20250225_1715,1424567512,2d,0,4,0.01778790853,0.009445309082,3,3.532776571,0,0,2,6.875,0.901,0.9,7.160001746,2.492681927e-05,713.6052275,1.075213339,SW,1.344768545e-05,73.7798063,11098.77913
ERF_Log_File_20250225_1715,1424567532,2d,0,4,0.0112146407,0.005866339695,3,3.531522,0,0,2,7.5,0.901,0.9,7.762087348,1.571546882e-05,713.6052275,1.075213339,SW,1.330773048e-05,75.06858282,11098.77913
ERF_Log_File_20250225_1715,1424567553,2d,0,4,0.01241920291,0.0114675899,3,3.532990286,0,0,2,8.125,0.901,0.9,8.367533986,1.740346404e-05,713.6052275,1.075213339,SW,1.332872325e-05,76.17134903,11098.77913
ERF_Log_File_20250225_1715,1424567589,2d,0,4,0.009901461744,0.007566245532,3,3.531376571,0,0,3,-8.125,0.901,0.9,8.661156101,1.387526515e-05,713.6052275,1.075213339,SW,1.328725093e-05,-69.73430253,11098.77913
ERF_Log_File_20250225_1715,1424567609,2d,0,4,0.009207513178,0.0058992968,3,3.529731143,0,0,3,-7.5,0.901,0.9,8.077747211,1.290281072e-05,713.6052275,1.075213339,SW,1.327744604e-05,-68.19859051,11098.77913
ERF_Log_File_20250225_1715,1424567629,2d,0,4,0.01744952795,0.01330823232,3,3.530658571,0,0,3,-6.875,0.901,0.9,7.501041594,2.44526347e-05,713.6052275,1.075213339,SW,1.343897471e-05,-66.4252938,11098.77913
ERF_Log_File_20250225_1715,1424567650,2d,0,4,0.01995734402,0.01005985103,3,3.53149,0,0,3,-6.25,0.901,0.9,6.932712312,2.79669252e-05,713.6052275,1.075213339,SW,1.350735485e-05,-64.35899418,11098.77913
ERF_Log_File_20250225_1715,1424567670,2d,0,4,0.03139838647,0.008138717084,3,3.530786571,0,0,3,-5.625,0.901,0.9,6.375,4.399965873e-05,713.6052275,1.075213339,SW,1.392801009e-05,-61.92751306,11098.77913
ERF_Log_File_20250225_1715,1424567690,2d,0,4,0.03564800181,0.01478450636,3,3.530748286,0,0,3,-5,0.901,0.9,5.830951895,4.995479354e-05,713.6052275,1.075213339,SW,1.412748561e-05,-59.03624347,11098.77913
ERF_Log_File_20250225_1715,1424567711,2d,0,4,0.04431834235,0.00459625667,3,3.530550571,0,0,3,-4.375,0.901,0.9,5.304773793,6.210484543e-05,713.6052275,1.075213339,SW,1.460151516e-05,-55.56101069,11098.77913
ERF_Log_File_20250225_1715,1424567731,2d,0,4,0.05524337291,0.003536160697,3,3.530174,0,0,3,-3.75,0.901,0.9,4.802343178,7.741447341e-05,713.6052275,1.075213339,SW,1.531564503e-05,-51.34019175,11098.77913
ERF_Log_File_20250225_1715,1424567751,2d,0,4,0.07882433699,0.00478110384,3,3.530018286,0,0,3,-3.125,0.901,0.9,4.331930863,0.0001104593043,713.6052275,1.075213339,SW,1.722398471e-05,-46.16913933,11098.77913
ERF_Log_File_20250225_1715,1424567772,2d,0,4,0.1174175054,0.008478347244,3,3.529059429,0,0,3,-2.5,0.901,0.9,3.905124838,0.000164541263,713.6052275,1.075213339,SW,2.110509671e-05,-39.80557109,11098.77913
ERF_Log_File_20250225_1715,1424567792,2d,0,4,0.1536577589,0.01051144091,3,3.529716286,0,0,3,-1.875,0.901,0.9,3.537742925,0.0002153259996,713.6052275,1.075213339,SW,2.526625203e-05,-32.00538321,11098.77913
ERF_Log_File_20250225_1715,1424567812,2d,0,4,0.2075529703,0.01108433525,3,3.528765143,0,0,3,-1.25,0.901,0.9,3.25,0.000290851247,713.6052275,1.075213339,SW,3.194936462e-05,-22.61986495,11098.77913
ERF_Log_File_20250225_1715,1424567833,2d,0,4,0.2441146882,0.009014393487,3,3.528400571,0,0,3,-0.625,0.901,0.9,3.064412668,0.0003420864629,713.6052275,1.075213339,SW,3.667591203e-05,-11.76828893,11098.77913
ERF_Log_File_20250225_1715,1424567853,2d,0,4,0.2998196785,0.005972410506,3,3.530543143,0,0,3,0,0.901,0.9,3,0.0004201478169,713.6052275,1.075213339,SW,4.404847335e-05,0,11098.77913
ERF_Log_File_20250225_1715,1424567873,2d,0,4,0.286062622,0.006185458092,3,3.530132,0,0,3,0.625,0.901,0.9,3.064412668,0.0004008695718,713.6052275,1.075213339,SW,4.221320086e-05,11.76828893,11098.77913
ERF_Log_File_20250225_1715,1424567894,2d,0,4,0.2446300845,0.008933170124,3,3.529447714,0,0,3,1.25,0.901,0.9,3.25,0.0003428087058,713.6052275,1.075213339,SW,3.674330215e-05,22.61986495,11098.77913
ERF_Log_File_20250225_1715,1424567914,2d,0,4,0.1867593219,0.00878032804,3,3.528852,0,0,3,1.875,0.901,0.9,3.537742925,0.0002617123792,713.6052275,1.075213339,SW,2.932088951e-05,32.00538321,11098.77913
ERF_Log_File_20250225_1715,1424567934,2d,0,4,0.1433387567,0.01560932078,3,3.527632286,0,0,3,2.5,0.901,0.9,3.905124838,0.0002008656204,713.6052275,1.075213339,SW,2.404551814e-05,39.80557109,11098.77913
ERF_Log_File_20250225_1715,1424567955,2d,0,4,0.1284055308,0.01252020218,3,3.528541714,0,0,3,3.125,0.901,0.9,4.331930863,0.0001799391678,713.6052275,1.075213339,SW,2.232666383e-05,46.16913933,11098.77913
ERF_Log_File_20250225_1715,1424567975,2d,0,4,0.08906596311,0.01231862141,3,3.527849429,0,0,3,3.75,0.901,0.9,4.802343178,0.0001248112537,713.6052275,1.075213339,SW,1.817798741e-05,51.34019175,11098.77913
ERF_Log_File_20250225_1715,1424567995,2d,0,4,0.06882119338,0.02115877172,3,3.528658857,0,0,3,4.375,0.901,0.9,5.304773793,9.644154882e-05,713.6052275,1.075213339,SW,1.636020199e-05,55.56101069,11098.77913
ERF_Log_File_20250225_1715,1424568016,2d,0,4,0.05433605139,0.003709976096,3,3.528639429,0,0,3,5,0.901,0.9,5.830951895,7.614301199e-05,713.6052275,1.075213339,SW,1.525175778e-05,59.03624347,11098.77913
ERF_Log_File_20250225_1715,1424568036,2d,0,4,0.04462484874,0.01079792985,3,3.504728,0,0,3,5.625,0.901,0.9,6.375,6.253436357e-05,713.6052275,1.075213339,SW,1.461983975e-05,61.92751306,11098.77913
ERF_Log_File_20250225_1715,1424568057,2d,0,4,0.01559300475,0.01318621405,3,3.517958,0,0,3,6.25,0.901,0.9,6.932712312,2.185102371e-05,713.6052275,1.075213339,SW,1.339407058e-05,64.35899418,11098.77913
ERF_Log_File_20250225_1715,1424568077,2d,0,4,0.02211657767,0.007496308695,3,3.520876,0,0,3,6.875,0.901,0.9,7.501041594,3.099273495e-05,713.6052275,1.075213339,SW,1.357324748e-05,66.4252938,11098.77913
ERF_Log_File_20250225_1715,1424568097,2d,0,4,0.01426770869,0.005889154171,3,3.522557143,0,0,3,7.5,0.901,0.9,8.077747211,1.999383993e-05,713.6052275,1.075213339,SW,1.336502204e-05,68.19859051,11098.77913
ERF_Log_File_20250225_1715,1424568118,2d,0,4,0.01400004685,0.008072767785,3,3.522958857,0,0,3,8.125,0.901,0.9,8.661156101,1.961875601e-05,713.6052275,1.075213339,SW,1.335946106e-05,69.73430253,11098.77913
ERF_Log_File_20250227_1445,1424728026,1d,0,4,0.007482955142,0.01007925167,23,2.219073702,0,0,0,-10,1.199,1.2,10,1.056174792e-05,708.4959044,0.2936208576,SW,1.335172649e-05,-90,8340.28357
ERF_Log_File_20250227_1445,1424728127,1d,0,4,0.008181716306,0.01333828372,23,2.217889915,0,0,0,-9,1.199,1.2,9,1.154800791e-05,708.4959044,0.2936208576,SW,1.335989011e-05,-90,8340.28357
ERF_Log_File_20250227_1445,1424728228,1d,0,4,0.0226661646,0.01300023896,23,2.218027021,0,0,0,-8,1.199,1.2,8,3.199194866e-05,708.4959044,0.2936208576,SW,1.36889773e-05,-90,8340.28357
ERF_Log_File_20250227_1445,1424728329,1d,0,4,0.05388270651,0.01016821273,23,2.217403191,0,0,0,-7,1.199,1.2,7,7.605224839e-05,708.4959044,0.2936208576,SW,1.532949817e-05,-90,8340.28357
ERF_Log_File_20250227_1445,1424728418,1d,0,4,0.1036267796,0.008319146467,17,2.218813429,0,0,0,-6,1.199,1.2,6,0.0001462630608,708.4959044,0.2936208576,SW,1.977588379e-05,-90,8340.28357
ERF_Log_File_20250227_1445,1424728479,1d,0,4,0.04367746608,0.008027436597,9,2.218503579,0,0,0,-5,1.199,1.2,5,6.164815605e-05,708.4959044,0.2936208576,SW,1.466828825e-05,-90,8340.28357
ERF_Log_File_20250227_1445,1424728516,1d,0,4,0.07569695109,0.006639476022,5,2.218176909,0,0,0,-4,1.199,1.2,4,0.0001068417624,708.4959044,0.2936208576,SW,1.706770806e-05,-90,8340.28357
ERF_Log_File_20250227_1445,1424728541,1d,0,4,0.1610033386,0.009435248701,3,2.220961143,0,0,0,-3,1.199,1.2,3,0.0002272466751,708.4959044,0.2936208576,SW,2.633576387e-05,-90,8340.28357
ERF_Log_File_20250227_1445,1424728561,1d,0,4,0.2444074965,0.004724068306,3,2.220733714,0,0,0,-2.5,1.199,1.2,2.5,0.0003449667033,708.4959044,0.2936208576,SW,3.697558355e-05,-90,8340.28357
ERF_Log_File_20250227_1445,1424728581,1d,0,4,0.4061073807,0.007409312415,3,2.219968,0,0,0,-2,1.199,1.2,2,0.0005731965114,708.4959044,0.2936208576,SW,5.884515198e-05,-90,8340.28357
ERF_Log_File_20250227_1445,1424728743,1d,0,4,0.458395378,0.01784722763,3,2.220255714,0,0,0,2,1.199,1.2,2,0.0006469979222,708.4959044,0.2936208576,SW,6.605518969e-05,90,8340.28357
ERF_Log_File_20250227_1445,1424728763,1d,0,4,0.283207242,0.007567478061,3,2.219268,0,0,0,2.5,1.199,1.2,2.5,0.0003997302458,708.4959044,0.2936208576,SW,4.213102435e-05,90,8340.28357
ERF_Log_File_20250227_1445,1424728783,1d,0,4,0.1947185747,0.008776843922,3,2.218419429,0,0,0,3,1.199,1.2,3,0.0002748337337,708.4959044,0.2936208576,SW,3.053689344e-05,90,8340.28357
ERF_Log_File_20250227_1445,1424728808,1d,0,4,0.1141665553,0.009689323582,5,2.219966727,0,0,0,4,1.199,1.2,4,0.00016113933,708.4959044,0.2936208576,SW,2.090015245e-05,90,8340.28357
ERF_Log_File_20250227_1445,1424728845,1d,0,4,0.07146680251,0.01068042254,9,2.220421158,0,0,0,5,1.199,1.2,5,0.0001008711583,708.4959044,0.2936208576,SW,1.670044099e-05,90,8340.28357
ERF_Log_File_20250227_1445,1424728906,1d,0,4,0.04148916347,0.0140155195,17,2.219886057,0,0,0,6,1.199,1.2,6,5.855949654e-05,708.4959044,0.2936208576,SW,1.45411764e-05,90,8340.28357
ERF_Log_File_20250227_1445,1424728995,1d,0,4,0.02454099103,0.009101437555,23,2.219747915,0,0,0,7,1.199,1.2,7,3.463815511e-05,708.4959044,0.2936208576,SW,1.375322871e-05,90,8340.28357
ERF_Log_File_20250227_1445,1424729096,1d,0,4,0.004126015302,0.01253570254,23,2.218957064,0,0,0,8,1.199,1.2,8,5.823626187e-06,708.4959044,0.2936208576,SW,1.332262091e-05,90,8340.28357
ERF_Log_File_20250227_1445,1424729197,1d,0,4,0.01097320589,0.01000851236,23,2.219308043,0,0,0,9,1.199,1.2,9,1.54880301e-05,708.4959044,0.2936208576,SW,1.339969805e-05,90,8340.28357
ERF_Log_File_20250227_1445,1424729298,1d,0,4,0.002236049188,0.01190529997,23,2.217895064,0,0,0,10,1.199,1.2,10,3.156050972e-06,708.4959044,0.2936208576,SW,1.331362776e-05,90,8340.28357
ERF_Log_File_20250227_1148,1424717388,2d,0,4,0.01059100471,0.006791675046,3,4.021334286,0,0,-3,-8.125,1.541,1.55,8.661156101,1.393483319e-05,760.0381411,1.108222248,SW,1.24852957e-05,-110.2656975,6489.292667
ERF_Log_File_20250227_1148,1424717409,2d,0,4,0.008361549455,0.004593223362,3,4.019786571,0,0,-3,-7.5,1.541,1.55,8.077747211,1.100148664e-05,760.0381411,1.108222248,SW,1.245596181e-05,-111.8014095,6489.292667
ERF_Log_File_20250227_1148,1424717429,2d,0,4,0.01022470931,0.01178621331,3,4.018379429,0,0,-3,-6.875,1.541,1.55,7.501041594,1.345288975e-05,760.0381411,1.108222248,SW,1.248000751e-05,-113.5747062,6489.292667
ERF_Log_File_20250227_1148,1424717449,2d,0,4,0.01951135674,0.006380693021,3,4.018984571,0,0,-3,-6.25,1.541,1.55,6.932712312,2.567154948e-05,760.0381411,1.108222248,SW,1.267012573e-05,-115.6410058,6489.292667
ERF_Log_File_20250227_1148,1424717470,2d,0,4,0.02286343176,0.01333935849,3,4.019202,0,0,-3,-5.625,1.541,1.55,6.375,3.008195316e-05,760.0381411,1.108222248,SW,1.276681492e-05,-118.0724869,6489.292667
ERF_Log_File_20250227_1148,1424717490,2d,0,4,0.0323903666,0.006226281432,3,4.026532,0,0,-3,-5,1.541,1.55,5.830951895,4.261676468e-05,760.0381411,1.108222248,SW,1.311892328e-05,-120.9637565,6489.292667
ERF_Log_File_20250227_1148,1424717510,2d,0,4,0.0355084391,0.004214240454,3,4.020868,0,0,-3,-4.375,1.541,1.55,5.304773793,4.671928577e-05,760.0381411,1.108222248,SW,1.32579017e-05,-124.4389893,6489.292667
ERF_Log_File_20250227_1148,1424717531,2d,0,4,0.03911994676,0.008006353506,3,4.023320286,0,0,-3,-3.75,1.541,1.55,4.802343178,5.147103105e-05,760.0381411,1.108222248,SW,1.343274742e-05,-128.6598083,6489.292667
ERF_Log_File_20250227_1148,1424717551,2d,0,4,0.05158641268,0.00996972348,3,4.021362857,0,0,-3,-3.125,1.541,1.55,4.331930863,6.787345252e-05,760.0381411,1.108222248,SW,1.414278086e-05,-133.8308607,6489.292667
ERF_Log_File_20250227_1148,1424717571,2d,0,4,0.06906954187,0.00580974949,3,4.019877714,0,0,-3,-2.5,1.541,1.55,3.905124838,9.087641546e-05,760.0381411,1.108222248,SW,1.537996058e-05,-140.1944289,6489.292667
ERF_Log_File_20250227_1148,1424717592,2d,0,4,0.1090852365,0.01212846749,3,4.022427429,0,0,-3,-1.875,1.541,1.55,3.537742925,0.0001435260029,760.0381411,1.108222248,SW,1.897317402e-05,-147.9946168,6489.292667
ERF_Log_File_20250227_1148,1424717612,2d,0,4,0.178817266,0.009791465857,3,4.021282857,0,0,-3,-1.25,1.541,1.55,3.25,0.0002352740689,760.0381411,1.108222248,SW,2.660069478e-05,-157.3801351,6489.292667
ERF_Log_File_20250227_1148,1424717632,2d,0,4,0.2213695666,0.005231309383,3,4.020657143,0,0,-3,-0.625,1.541,1.55,3.064412668,0.0002912611284,760.0381411,1.108222248,SW,3.166150996e-05,-168.2317111,6489.292667
ERF_Log_File_20250227_1148,1424717653,2d,0,4,0.2422857134,0.009171655768,3,4.023099429,0,0,-3,0,1.541,1.55,3,0.000318780993,760.0381411,1.108222248,SW,3.421066606e-05,180,6489.292667
ERF_Log_File_20250227_1148,1424717673,2d,0,4,0.2015815983,0.01181433325,3,4.024648857,0,0,-3,0.625,1.541,1.55,3.064412668,0.0002652256346,760.0381411,1.108222248,SW,2.928372129e-05,168.2317111,6489.292667
ERF_Log_File_20250227_1148,1424717693,2d,0,4,0.1654565251,0.007429459976,3,4.024174857,0,0,-3,1.25,1.541,1.55,3.25,0.000217695029,760.0381411,1.108222248,SW,2.505897872e-05,157.3801351,6489.292667
ERF_Log_File_20250227_1148,1424717714,2d,0,4,0.1044872297,0.01187931402,3,4.021407429,0,0,-3,1.875,1.541,1.55,3.537742925,0.0001374762977,760.0381411,1.108222248,SW,1.851966271e-05,147.9946168,6489.292667
ERF_Log_File_20250227_1148,1424717734,2d,0,4,0.0722694898,0.006803942986,3,4.019993714,0,0,-3,2.5,1.541,1.55,3.905124838,9.508666197e-05,760.0381411,1.108222248,SW,1.563247761e-05,140.1944289,6489.292667
ERF_Log_File_20250227_1148,1424717754,2d,0,4,0.06513969894,0.01148596566,3,4.023003429,0,0,-3,3.125,1.541,1.55,4.331930863,8.570582898e-05,760.0381411,1.108222248,SW,1.508014949e-05,133.8308607,6489.292667
ERF_Log_File_20250227_1148,1424717775,2d,0,4,0.0612493118,0.008116864546,3,4.018641714,0,0,-3,3.75,1.541,1.55,4.802343178,8.058715543e-05,760.0381411,1.108222248,SW,1.479517164e-05,128.6598083,6489.292667
ERF_Log_File_20250227_1148,1424717795,2d,0,4,0.04518888384,0.007488038536,3,4.026296571,0,0,-3,4.375,1.541,1.55,5.304773793,5.945607385e-05,760.0381411,1.108222248,SW,1.37585669e-05,124.4389893,6489.292667
ERF_Log_File_20250227_1148,1424717816,2d,0,4,0.03941468811,0.01215330802,3,4.023591714,0,0,-3,5,1.541,1.55,5.830951895,5.185882915e-05,760.0381411,1.108222248,SW,1.344765777e-05,120.9637565,6489.292667
ERF_Log_File_20250227_1148,1424717836,2d,0,4,0.03782069507,0.01142430898,3,4.023918571,0,0,-3,5.625,1.541,1.55,6.375,4.976157514e-05,760.0381411,1.108222248,SW,1.336816399e-05,118.0724869,6489.292667
ERF_Log_File_20250227_1148,1424717856,2d,0,4,0.02655726992,0.008581579438,3,4.023226,0,0,-3,6.25,1.541,1.55,6.932712312,3.494202262e-05,760.0381411,1.108222248,SW,1.28900134e-05,115.6410058,6489.292667
ERF_Log_File_20250227_1148,1424717877,2d,0,4,0.01223434142,0.008605405651,3,4.023215143,0,0,-3,6.875,1.541,1.55,7.501041594,1.609700983e-05,760.0381411,1.108222248,SW,1.251127845e-05,113.5747062,6489.292667
ERF_Log_File_20250227_1148,1424717897,2d,0,4,8.548703753e-05,0.01131128089,3,4.018047429,0,0,-3,7.5,1.541,1.55,8.077747211,1.124772994e-07,760.0381411,1.108222248,SW,1.240727717e-05,111.8014095,6489.292667
ERF_Log_File_20250227_1148,1424717917,2d,0,4,0.02595356309,0.00706535346,3,4.015283143,0,0,-3,8.125,1.541,1.55,8.661156101,3.41477114e-05,760.0381411,1.108222248,SW,1.286870395e-05,110.2656975,6489.292667
ERF_Log_File_20250227_1148,1424717953,2d,0,4,0.0284145489,0.009738916179,3,4.015737429,0,0,-2,-8.125,1.541,1.55,8.367533986,3.738568811e-05,760.0381411,1.108222248,SW,1.295840533e-05,-103.828651,6489.292667
ERF_Log_File_20250227_1148,1424717974,2d,0,4,0.01582446254,0.008850086049,3,4.016463143,0,0,-2,-7.5,1.541,1.55,7.762087348,2.082061634e-05,760.0381411,1.108222248,SW,1.258079101e-05,-104.9314172,6489.292667
ERF_Log_File_20250227_1148,1424717994,2d,0,4,0.03575558151,0.005435649594,3,4.020281714,0,0,-2,-6.875,1.541,1.55,7.160001746,4.704445682e-05,760.0381411,1.108222248,SW,1.326939768e-05,-106.2201937,6489.292667
ERF_Log_File_20250227_1148,1424718014,2d,0,4,0.03125833295,0.009988705153,3,4.019280857,0,0,-2,-6.25,1.541,1.55,6.562202374,4.112732147e-05,760.0381411,1.108222248,SW,1.30712877e-05,-107.7446716,6489.292667
ERF_Log_File_20250227_1148,1424718035,2d,0,4,0.02870079244,0.01531177408,3,4.016674857,0,0,-2,-5.625,1.541,1.55,5.969976968,3.776230545e-05,760.0381411,1.108222248,SW,1.296932339e-05,-109.5731258,6489.292667
ERF_Log_File_20250227_1148,1424718055,2d,0,4,0.03664154815,0.004463538585,3,4.017024286,0,0,-2,-5,1.541,1.55,5.385164807,4.82101439e-05,760.0381411,1.108222248,SW,1.331118032e-05,-111.8014095,6489.292667
ERF_Log_File_20250227_1148,1424718075,2d,0,4,0.04371321758,0.01180984793,3,4.021202,0,0,-2,-4.375,1.541,1.55,4.810470351,5.751450516e-05,760.0381411,1.108222248,SW,1.367576748e-05,-114.5671713,6489.292667
ERF_Log_File_20250227_1148,1424718096,2d,0,4,0.06175279626,0.01440119059,3,4.027462,0,0,-2,-3.75,1.541,1.55,4.25,8.124960173e-05,760.0381411,1.108222248,SW,1.483136587e-05,-118.0724869,6489.292667
ERF_Log_File_20250227_1148,1424718116,2d,0,4,0.08233707006,0.010146262,3,4.021963143,0,0,-2,-3.125,1.541,1.55,3.71020552,0.0001083328133,760.0381411,1.108222248,SW,1.647195606e-05,-122.6192431,6489.292667
ERF_Log_File_20250227_1148,1424718136,2d,0,4,0.1542623339,0.008174583547,3,4.024794571,0,0,-2,-2.5,1.541,1.55,3.201562119,0.0002029665691,760.0381411,1.108222248,SW,2.379038182e-05,-128.6598083,6489.292667
ERF_Log_File_20250227_1148,1424718157,2d,0,4,0.1984084993,0.005955535866,3,4.022925143,0,0,-2,-1.875,1.541,1.55,2.741464025,0.0002610507139,760.0381411,1.108222248,SW,2.890605543e-05,-136.8476103,6489.292667
ERF_Log_File_20250227_1148,1424718177,2d,0,4,0.2782163248,0.0128047667,3,4.02257,0,0,-2,-1.25,1.541,1.55,2.358495283,0.0003660557409,760.0381411,1.108222248,SW,3.865479717e-05,-147.9946168,6489.292667
ERF_Log_File_20250227_1148,1424718259,2d,0,4,0.2981256818,0.01084083784,3,4.014297714,0,0,-2,1.25,1.541,1.55,2.358495283,0.0003922509485,760.0381411,1.108222248,SW,4.114456938e-05,147.9946168,6489.292667
ERF_Log_File_20250227_1148,1424718279,2d,0,4,0.222989409,0.01463958168,3,4.012811714,0,0,-2,1.875,1.541,1.55,2.741464025,0.0002933923931,760.0381411,1.108222248,SW,3.185772082e-05,136.8476103,6489.292667
ERF_Log_File_20250227_1148,1424718299,2d,0,4,0.1502242417,0.006372185367,3,4.014263429,0,0,-2,2.5,1.541,1.55,3.201562119,0.0001976535565,760.0381411,1.108222248,SW,2.333865344e-05,128.6598083,6489.292667
ERF_Log_File_20250227_1148,1424718320,2d,0,4,0.08389515947,0.006881082765,3,4.019338,0,0,-2,3.125,1.541,1.55,3.71020552,0.0001103828281,760.0381411,1.108222248,SW,1.660752819e-05,122.6192431,6489.292667
ERF_Log_File_20250227_1148,1424718340,2d,0,4,0.07461266614,0.01142553884,3,4.017840571,0,0,-2,3.75,1.541,1.55,4.25,9.816963401e-05,760.0381411,1.108222248,SW,1.582193605e-05,118.0724869,6489.292667
ERF_Log_File_20250227_1148,1424718360,2d,0,4,0.04897756559,0.007380391159,3,4.016163143,0,0,-2,4.375,1.541,1.55,4.810470351,6.444093124e-05,760.0381411,1.108222248,SW,1.398125764e-05,114.5671713,6489.292667
ERF_Log_File_20250227_1148,1424718381,2d,0,4,0.04390188968,0.00710009954,3,4.019035429,0,0,-2,5,1.541,1.55,5.385164807,5.776274545e-05,760.0381411,1.108222248,SW,1.368622817e-05,111.8014095,6489.292667
ERF_Log_File_20250227_1148,1424718401,2d,0,4,0.03077276314,0.01674369863,3,4.023197714,0,0,-2,5.625,1.541,1.55,5.969976968,4.048844588e-05,760.0381411,1.108222248,SW,1.305132285e-05,109.5731258,6489.292667
ERF_Log_File_20250227_1148,1424718422,2d,0,4,0.02689693736,0.01080105962,3,4.023992,0,0,-2,6.25,1.541,1.55,6.562202374,3.538893103e-05,760.0381411,1.108222248,SW,1.290220242e-05,107.7446716,6489.292667
ERF_Log_File_20250227_1148,1424718442,2d,0,4,0.000107683885,0.008723480088,3,4.022406857,0,0,-2,6.875,1.541,1.55,7.160001746,1.41682212e-07,760.0381411,1.108222248,SW,1.240728016e-05,106.2201937,6489.292667
ERF_Log_File_20250227_1148,1424718462,2d,0,4,0.009865137271,0.01321314755,3,4.025010286,0,0,-2,7.5,1.541,1.55,7.762087348,1.297979238e-05,760.0381411,1.108222248,SW,1.247499533e-05,104.9314172,6489.292667
ERF_Log_File_20250227_1148,1424718483,2d,0,4,0.03743976653,0.008915563352,3,4.022767714,0,0,-2,8.125,1.541,1.55,8.367533986,4.926037853e-05,760.0381411,1.108222248,SW,1.334958457e-05,103.828651,6489.292667
ERF_Log_File_20250227_1148,1424718519,2d,0,4,0.0214188456,0.01080826154,3,4.022696,0,0,-1,-8.125,1.541,1.55,8.186307165,2.818127729e-05,760.0381411,1.108222248,SW,1.272336169e-05,-97.01650174,6489.292667
ERF_Log_File_20250227_1148,1424718539,2d,0,4,0.03038728619,0.01192661108,3,4.022674571,0,0,-1,-7.5,1.541,1.55,7.566372975,3.998126482e-05,760.0381411,1.108222248,SW,1.303567467e-05,-97.59464337,6489.292667
ERF_Log_File_20250227_1148,1424718559,2d,0,4,0.04489399044,0.0108632807,3,4.022763429,0,0,-1,-6.875,1.541,1.55,6.947346616,5.906807568e-05,760.0381411,1.108222248,SW,1.374184099e-05,-98.27589283,6489.292667
ERF_Log_File_20250227_1148,1424718580,2d,0,4,0.05559756561,0.006938620816,3,4.021965714,0,0,-1,-6.25,1.541,1.55,6.329494451,7.315102047e-05,760.0381411,1.108222248,SW,1.440355842e-05,-99.09027692,6489.292667
ERF_Log_File_20250227_1148,1424718600,2d,0,4,0.04295318095,0.007064085781,3,4.020792857,0,0,-1,-5.625,1.541,1.55,5.713197441,5.651450714e-05,760.0381411,1.108222248,SW,1.363400476e-05,-100.080598,6489.292667
ERF_Log_File_20250227_1148,1424718620,2d,0,4,0.03614094554,0.006774912878,3,4.018453714,0,0,-1,-5,1.541,1.55,5.099019514,4.755148931e-05,760.0381411,1.108222248,SW,1.32874621e-05,-101.3099325,6489.292667
ERF_Log_File_20250227_1148,1424718641,2d,0,4,0.0596207681,0.007291760075,3,4.017660857,0,0,-1,-4.375,1.541,1.55,4.487830768,7.844444229e-05,760.0381411,1.108222248,SW,1.467953639e-05,-102.8750016,6489.292667
ERF_Log_File_20250227_1148,1424718661,2d,0,4,0.0693765771,0.00980506063,3,4.016975714,0,0,-1,-3.75,1.541,1.55,3.881043674,9.128038891e-05,760.0381411,1.108222248,SW,1.540386994e-05,-104.9314172,6489.292667
ERF_Log_File_20250227_1148,1424718681,2d,0,4,0.1253410657,0.01071186415,3,4.017786571,0,0,-1,-3.125,1.541,1.55,3.281101187,0.0001649141786,760.0381411,1.108222248,SW,2.063892163e-05,-107.7446716,6489.292667
ERF_Log_File_20250227_1148,1424718702,2d,0,4,0.19158556,0.006751924001,3,4.021054571,0,0,-1,-2.5,1.541,1.55,2.692582404,0.0002520736127,760.0381411,1.108222248,SW,2.809780342e-05,-111.8014095,6489.292667
ERF_Log_File_20250227_1148,1424718722,2d,0,4,0.3409363078,0.007477117005,3,4.018757714,0,0,-1,-1.875,1.541,1.55,2.125,0.0004485778929,760.0381411,1.108222248,SW,4.654663766e-05,-118.0724869,6489.292667
ERF_Log_File_20250227_1148,1424718844,2d,0,4,0.3762303215,0.007910921645,3,4.028322857,0,0,-1,1.875,1.541,1.55,2.125,0.0004950150541,760.0381411,1.108222248,SW,5.103783319e-05,118.0724869,6489.292667
ERF_Log_File_20250227_1148,1424718865,2d,0,4,0.2199862796,0.01261225651,3,4.028846571,0,0,-1,2.5,1.541,1.55,2.692582404,0.0002894411052,760.0381411,1.108222248,SW,3.149412724e-05,111.8014095,6489.292667
ERF_Log_File_20250227_1148,1424718885,2d,0,4,0.1577023281,0.009765252502,3,4.026686857,0,0,-1,3.125,1.541,1.55,3.281101187,0.0002074926501,760.0381411,1.108222248,SW,2.417775701e-05,107.7446716,6489.292667
ERF_Log_File_20250227_1148,1424718905,2d,0,4,0.08785743352,0.008229414508,3,4.02674,0,0,-1,3.75,1.541,1.55,3.881043674,0.000115596085,760.0381411,1.108222248,SW,1.695857773e-05,104.9314172,6489.292667
ERF_Log_File_20250227_1148,1424718926,2d,0,4,0.06994080655,0.006641508548,3,4.027098286,0,0,-1,4.375,1.541,1.55,4.487830768,9.202275882e-05,760.0381411,1.108222248,SW,1.544798647e-05,102.8750016,6489.292667
ERF_Log_File_20250227_1148,1424718946,2d,0,4,0.04623878979,0.01161860885,3,4.027268571,0,0,-1,5,1.541,1.55,5.099019514,6.083745972e-05,760.0381411,1.108222248,SW,1.381883622e-05,101.3099325,6489.292667
ERF_Log_File_20250227_1148,1424718966,2d,0,4,0.03941286765,0.004988230753,3,4.024532571,0,0,-1,5.625,1.541,1.55,5.713197441,5.185643394e-05,760.0381411,1.108222248,SW,1.344756539e-05,100.080598,6489.292667
ERF_Log_File_20250227_1148,1424718987,2d,0,4,0.03005226257,0.01560605033,3,4.023750571,0,0,-1,6.25,1.541,1.55,6.329494451,3.954046638e-05,760.0381411,1.108222248,SW,1.302221982e-05,99.09027692,6489.292667
ERF_Log_File_20250227_1148,1424719007,2d,0,4,0.01696607869,0.003905043513,3,4.022226571,0,0,-1,6.875,1.541,1.55,6.947346616,2.232266747e-05,760.0381411,1.108222248,SW,1.260652508e-05,98.27589283,6489.292667
ERF_Log_File_20250227_1148,1424719027,2d,0,4,0.02604006603,0.02121027522,3,4.022138571,0,0,-1,7.5,1.541,1.55,7.566372975,3.426152535e-05,760.0381411,1.108222248,SW,1.287172938e-05,97.59464337,6489.292667
ERF_Log_File_20250227_1148,1424719048,2d,0,4,0.004932270853,0.00699474182,3,4.020604571,0,0,-1,8.125,1.541,1.55,8.186307165,6.48950439e-06,760.0381411,1.108222248,SW,1.242423545e-05,97.01650174,6489.292667
ERF_Log_File_20250227_1148,1424719084,2d,0,4,0.01302814333,0.01106079017,3,4.023082286,0,0,0,-8.125,1.541,1.55,8.125,1.71414336e-05,760.0381411,1.108222248,SW,1.25251472e-05,-90,6489.292667
ERF_Log_File_20250227_1148,1424719104,2d,0,4,0.02953307086,0.01031451976,3,4.022031429,0,0,0,-7.5,1.541,1.55,7.5,3.885735368e-05,760.0381411,1.108222248,SW,1.300163643e-05,-90,6489.292667
ERF_Log_File_20250227_1148,1424719124,2d,0,4,0.0618337732,0.008997162022,3,4.019907429,0,0,0,-6.875,1.541,1.55,6.875,8.135614499e-05,760.0381411,1.108222248,SW,1.483720647e-05,-90,6489.292667
ERF_Log_File_20250227_1148,1424719145,2d,0,4,0.1079574652,0.01069677968,3,4.019201143,0,0,0,-6.25,1.541,1.55,6.25,0.0001420421678,760.0381411,1.108222248,SW,1.886115242e-05,-90,6489.292667
ERF_Log_File_20250227_1148,1424719165,2d,0,4,0.07216936306,0.009633140056,3,4.023389143,0,0,0,-5.625,1.541,1.55,5.625,9.495492287e-05,760.0381411,1.108222248,SW,1.562446619e-05,-90,6489.292667
ERF_Log_File_20250227_1148,1424719185,2d,0,4,0.04597440423,0.005844565662,3,4.031004286,0,0,0,-5,1.541,1.55,5,6.048960143e-05,760.0381411,1.108222248,SW,1.380355383e-05,-90,6489.292667
ERF_Log_File_20250227_1148,1424719206,2d,0,4,0.04287124491,0.008571469695,3,4.029966,0,0,0,-4.375,1.541,1.55,4.375,5.640670197e-05,760.0381411,1.108222248,SW,1.36295387e-05,-90,6489.292667
ERF_Log_File_20250227_1148,1424719226,2d,0,4,0.06840877613,0.00367823079,3,4.025885429,0,0,0,-3.75,1.541,1.55,3.75,9.000703048e-05,760.0381411,1.108222248,SW,1.532874032e-05,-90,6489.292667
ERF_Log_File_20250227_1148,1424719246,2d,0,4,0.1221309724,0.01054456524,3,4.025468571,0,0,0,-3.125,1.541,1.55,3.125,0.0001606905835,760.0381411,1.108222248,SW,2.030295386e-05,-90,6489.292667
ERF_Log_File_20250227_1148,1424719267,2d,0,4,0.2291156381,0.007436467008,3,4.025113429,0,0,0,-2.5,1.541,1.55,2.5,0.0003014528162,760.0381411,1.108222248,SW,3.260171178e-05,-90,6489.292667
ERF_Log_File_20250227_1148,1424719287,2d,0,4,0.4431314677,0.009363753131,3,4.025524571,0,0,0,-1.875,1.541,1.55,1.875,0.0005830384605,760.0381411,1.108222248,SW,5.961544764e-05,-90,6489.292667
ERF_Log_File_20250227_1148,1424719409,2d,0,4,0.5106207435,0.009315315936,3,4.021916571,0,0,0,1.875,1.541,1.55,1.875,0.0006718356828,760.0381411,1.108222248,SW,6.832665577e-05,90,6489.292667
ERF_Log_File_20250227_1148,1424719430,2d,0,4,0.2443542155,0.008388593494,3,4.022302,0,0,0,2.5,1.541,1.55,2.5,0.0003215025699,760.0381411,1.108222248,SW,3.446446266e-05,90,6489.292667
ERF_Log_File_20250227_1148,1424719450,2d,0,4,0.1775304741,0.01192784022,3,4.020012571,0,0,0,3.125,1.541,1.55,3.125,0.0002335810067,760.0381411,1.108222248,SW,2.645103527e-05,90,6489.292667
ERF_Log_File_20250227_1148,1424719470,2d,0,4,0.09451690021,0.008292860129,3,4.020201714,0,0,0,3.75,1.541,1.55,3.75,0.0001243581014,760.0381411,1.108222248,SW,1.756765932e-05,90,6489.292667
ERF_Log_File_20250227_1148,1424719491,2d,0,4,0.1085093934,0.01103893159,3,4.017425429,0,0,0,4.375,1.541,1.55,4.375,0.0001427683527,760.0381411,1.108222248,SW,1.891591292e-05,90,6489.292667
ERF_Log_File_20250227_1148,1424719511,2d,0,4,0.07846206069,0.008134469569,3,4.028063143,0,0,0,5,1.541,1.55,5,0.0001032343727,760.0381411,1.108222248,SW,1.614114047e-05,90,6489.292667
ERF_Log_File_20250227_1148,1424719531,2d,0,4,0.05061012954,0.0085989599,3,4.028034286,0,0,0,5.625,1.541,1.55,5.625,6.65889339e-05,760.0381411,1.108222248,SW,1.408157266e-05,90,6489.292667
ERF_Log_File_20250227_1148,1424719552,2d,0,4,0.03549149065,0.00783224341,3,4.025612286,0,0,0,6.25,1.541,1.55,6.25,4.669698628e-05,760.0381411,1.108222248,SW,1.325711589e-05,90,6489.292667
ERF_Log_File_20250227_1148,1424719572,2d,0,4,0.01254248605,0.01750362717,3,4.027501714,0,0,0,6.875,1.541,1.55,6.875,1.650244293e-05,760.0381411,1.108222248,SW,1.251656045e-05,90,6489.292667
ERF_Log_File_20250227_1148,1424719592,2d,0,4,0.009954955345,0.008206982204,3,4.022746571,0,0,0,7.5,1.541,1.55,7.5,1.309796812e-05,760.0381411,1.108222248,SW,1.247623071e-05,90,6489.292667
ERF_Log_File_20250227_1148,1424719613,2d,0,4,0.004842194588,0.004425899103,3,4.019510286,0,0,0,8.125,1.541,1.55,8.125,6.370988936e-06,760.0381411,1.108222248,SW,1.242362192e-05,90,6489.292667
ERF_Log_File_20250227_1148,1424719649,2d,0,4,0.006019392066,0.01376601101,3,4.017957714,0,0,1,-8.125,1.541,1.55,8.186307165,7.919855255e-06,760.0381411,1.108222248,SW,1.243252889e-05,-82.98349826,6489.292667
ERF_Log_File_20250227_1148,1424719669,2d,0,4,0.02130885783,0.01473517604,3,4.016032286,0,0,1,-7.5,1.541,1.55,7.566372975,2.80365638e-05,760.0381411,1.108222248,SW,1.272016354e-05,-82.40535663,6489.292667
ERF_Log_File_20250227_1148,1424719689,2d,0,4,0.03178855559,0.01462066137,3,4.017057143,0,0,1,-6.875,1.541,1.55,6.947346616,4.182494781e-05,760.0381411,1.108222248,SW,1.309340987e-05,-81.72410717,6489.292667
ERF_Log_File_20250227_1148,1424719710,2d,0,4,0.04847391381,0.00577211974,3,4.019984,0,0,1,-6.25,1.541,1.55,6.329494451,6.377826479e-05,760.0381411,1.108222248,SW,1.39508322e-05,-80.90972308,6489.292667
ERF_Log_File_20250227_1148,1424719730,2d,0,4,0.05177114227,0.01556640836,3,4.019274,0,0,1,-5.625,1.541,1.55,5.713197441,6.811650557e-05,760.0381411,1.108222248,SW,1.41544639e-05,-79.91940201,6489.292667
ERF_Log_File_20250227_1148,1424719750,2d,0,4,0.04131438353,0.007812990584,3,4.015724286,0,0,1,-5,1.541,1.55,5.099019514,5.435830296e-05,760.0381411,1.108222248,SW,1.354603017e-05,-78.69006753,6489.292667
ERF_Log_File_20250227_1148,1424719771,2d,0,4,0.04377423994,0.009095020005,3,4.017149143,0,0,1,-4.375,1.541,1.55,4.487830768,5.75947937e-05,760.0381411,1.108222248,SW,1.367914674e-05,-77.12499844,6489.292667
ERF_Log_File_20250227_1148,1424719791,2d,0,4,0.08017683818,0.004944233432,3,4.016159714,0,0,1,-3.75,1.541,1.55,3.881043674,0.0001054905456,760.0381411,1.108222248,SW,1.628639346e-05,-75.06858282,6489.292667
ERF_Log_File_20250227_1148,1424719811,2d,0,4,0.1499829188,0.01067806947,3,4.022763143,0,0,1,-3.125,1.541,1.55,3.281101187,0.0001973360424,760.0381411,1.108222248,SW,2.331176377e-05,-72.25532837,6489.292667
ERF_Log_File_20250227_1148,1424719832,2d,0,4,0.2020608949,0.006867588767,3,4.026367143,0,0,1,-2.5,1.541,1.55,2.692582404,0.0002658562564,760.0381411,1.108222248,SW,2.934086165e-05,-68.19859051,6489.292667
ERF_Log_File_20250227_1148,1424719852,2d,0,4,0.356788297,0.004357065347,3,4.023891143,0,0,1,-1.875,1.541,1.55,2.125,0.0004694347266,760.0381411,1.108222248,SW,4.856025691e-05,-61.92751306,6489.292667
ERF_Log_File_20250227_1148,1424719974,2d,0,4,0.4249491256,0.00774522938,3,4.020756571,0,0,1,1.875,1.541,1.55,2.125,0.0005591155268,760.0381411,1.108222248,SW,5.727745422e-05,61.92751306,6489.292667
ERF_Log_File_20250227_1148,1424719995,2d,0,4,0.2645330188,0.00716577459,3,4.016485429,0,0,1,2.5,1.541,1.55,2.692582404,0.0003480522944,760.0381411,1.108222248,SW,3.695405191e-05,68.19859051,6489.292667
ERF_Log_File_20250227_1148,1424720015,2d,0,4,0.183046805,0.008342514356,3,4.018098,0,0,1,3.125,1.541,1.55,3.281101187,0.0002408389725,760.0381411,1.108222248,SW,2.709423975e-05,72.25532837,6489.292667
ERF_Log_File_20250227_1148,1424720035,2d,0,4,0.1524175833,0.008501242709,3,4.019782571,0,0,1,3.75,1.541,1.55,3.881043674,0.0002005393876,760.0381411,1.108222248,SW,2.358360369e-05,75.06858282,6489.292667
ERF_Log_File_20250227_1148,1424720056,2d,0,4,0.1281978231,0.007571110822,3,4.017945714,0,0,1,4.375,1.541,1.55,4.487830768,0.0001686728812,760.0381411,1.108222248,SW,2.094054195e-05,77.12499844,6489.292667
ERF_Log_File_20250227_1148,1424720076,2d,0,4,0.08565725754,0.00743528244,3,4.016195429,0,0,1,5,1.541,1.55,5.099019514,0.0001127012618,760.0381411,1.108222248,SW,1.676255199e-05,78.69006753,6489.292667
ERF_Log_File_20250227_1148,1424720096,2d,0,4,0.04583863965,0.01338458368,3,4.017958,0,0,1,5.625,1.541,1.55,5.713197441,6.03109728e-05,760.0381411,1.108222248,SW,1.379573369e-05,79.91940201,6489.292667
ERF_Log_File_20250227_1148,1424720117,2d,0,4,0.04255250717,0.01170418574,3,4.017184857,0,0,1,6.25,1.541,1.55,6.329494451,5.598733125e-05,760.0381411,1.108222248,SW,1.361223263e-05,80.90972308,6489.292667
ERF_Log_File_20250227_1148,1424720137,2d,0,4,0.008628410409,0.00884803042,3,4.023905429,0,0,1,6.875,1.541,1.55,6.947346616,1.135260185e-05,760.0381411,1.108222248,SW,1.245911273e-05,81.72410717,6489.292667
ERF_Log_File_20250227_1148,1424720157,2d,0,4,0.01617045144,0.0141751995,3,4.022041429,0,0,1,7.5,1.541,1.55,7.566372975,2.127584205e-05,760.0381411,1.108222248,SW,1.258840646e-05,82.40535663,6489.292667
ERF_Log_File_20250227_1148,1424720178,2d,0,4,0.02511979564,0.01354904561,3,4.023696286,0,0,1,8.125,1.541,1.55,8.186307165,3.305070401e-05,760.0381411,1.108222248,SW,1.284002387e-05,82.98349826,6489.292667
ERF_Log_File_20250227_1148,1424720214,2d,0,4,0.01880486499,0.007937872229,3,4.027544857,0,0,2,-8.125,1.541,1.55,8.367533986,2.474200172e-05,760.0381411,1.108222248,SW,1.265161524e-05,-76.17134903,6489.292667
ERF_Log_File_20250227_1148,1424720234,2d,0,4,0.006484054228,0.008909911154,3,4.025325714,0,0,2,-7.5,1.541,1.55,7.762087348,8.531222155e-06,760.0381411,1.108222248,SW,1.243657398e-05,-75.06858282,6489.292667
ERF_Log_File_20250227_1148,1424720254,2d,0,4,0.02101166068,0.01195540386,3,4.02448,0,0,2,-6.875,1.541,1.55,7.160001746,2.764553454e-05,760.0381411,1.108222248,SW,1.271160025e-05,-73.7798063,6489.292667
ERF_Log_File_20250227_1148,1424720275,2d,0,4,0.01275038833,0.01286109746,3,4.026392,0,0,2,-6.25,1.541,1.55,6.562202374,1.677598484e-05,760.0381411,1.108222248,SW,1.252019709e-05,-72.25532837,6489.292667
ERF_Log_File_20250227_1148,1424720295,2d,0,4,0.02097924527,0.01496553591,3,4.023824,0,0,2,-5.625,1.541,1.55,5.969976968,2.760288482e-05,760.0381411,1.108222248,SW,1.271067318e-05,-70.42687417,6489.292667
ERF_Log_File_20250227_1148,1424720315,2d,0,4,0.03579086696,0.00863535808,3,4.024554857,0,0,2,-5,1.541,1.55,5.385164807,4.709088272e-05,760.0381411,1.108222248,SW,1.32710447e-05,-68.19859051,6489.292667
ERF_Log_File_20250227_1148,1424720336,2d,0,4,0.04317764361,0.005130823096,3,4.023758857,0,0,2,-4.375,1.541,1.55,4.810470351,5.680983792e-05,760.0381411,1.108222248,SW,1.364627564e-05,-65.43282868,6489.292667
ERF_Log_File_20250227_1148,1424720356,2d,0,4,0.06415449577,0.01194441853,3,4.022292571,0,0,2,-3.75,1.541,1.55,4.25,8.440957408e-05,760.0381411,1.108222248,SW,1.500684213e-05,-61.92751306,6489.292667
ERF_Log_File_20250227_1148,1424720377,2d,0,4,0.09934604587,0.006141519844,3,4.020929143,0,0,2,-3.125,1.541,1.55,3.71020552,0.0001307119215,760.0381411,1.108222248,SW,1.802311822e-05,-57.38075693,6489.292667
ERF_Log_File_20250227_1148,1424720397,2d,0,4,0.1529620703,0.01256030752,3,4.021596286,0,0,2,-2.5,1.541,1.55,3.201562119,0.0002012557819,760.0381411,1.108222248,SW,2.364456413e-05,-51.34019175,6489.292667
ERF_Log_File_20250227_1148,1424720417,2d,0,4,0.22194515,0.004837873379,3,4.026083714,0,0,2,-1.875,1.541,1.55,2.741464025,0.000292018437,760.0381411,1.108222248,SW,3.173120512e-05,-43.15238973,6489.292667
ERF_Log_File_20250227_1148,1424720438,2d,0,4,0.2707604322,0.006084272609,3,4.022559429,0,0,2,-1.25,1.541,1.55,2.358495283,0.0003562458482,760.0381411,1.108222248,SW,3.772693029e-05,-32.00538321,6489.292667
ERF_Log_File_20250227_1148,1424720519,2d,0,4,0.3269484995,0.008390687023,3,4.032083143,0,0,2,1.25,1.541,1.55,2.358495283,0.0004301738056,760.0381411,1.108222248,SW,4.477531534e-05,32.00538321,6489.292667
ERF_Log_File_20250227_1148,1424720539,2d,0,4,0.2599360932,0.004426012102,3,4.032784571,0,0,2,1.875,1.541,1.55,2.741464025,0.0003420040116,760.0381411,1.108222248,SW,3.638483918e-05,43.15238973,6489.292667
ERF_Log_File_20250227_1148,1424720560,2d,0,4,0.2092453432,0.005121919549,3,4.033117714,0,0,2,2.5,1.541,1.55,3.201562119,0.0002753090034,760.0381411,1.108222248,SW,3.020019903e-05,51.34019175,6489.292667
ERF_Log_File_20250227_1148,1424720580,2d,0,4,0.159969367,0.00817328529,3,4.033293429,0,0,2,3.125,1.541,1.55,3.71020552,0.0002104754463,760.0381411,1.108222248,SW,2.44342735e-05,57.38075693,6489.292667
ERF_Log_File_20250227_1148,1424720601,2d,0,4,0.1601451535,0.007930576498,3,4.031899143,0,0,2,3.75,1.541,1.55,4.25,0.0002107067328,760.0381411,1.108222248,SW,2.445420343e-05,61.92751306,6489.292667
ERF_Log_File_20250227_1148,1424720621,2d,0,4,0.1361784972,0.01641806786,3,4.029549429,0,0,2,4.375,1.541,1.55,4.810470351,0.0001791732412,760.0381411,1.108222248,SW,2.179539305e-05,65.43282868,6489.292667
ERF_Log_File_20250227_1148,1424720641,2d,0,4,0.07894414866,0.01129246959,3,4.029267429,0,0,2,5,1.541,1.55,5.385164807,0.0001038686671,760.0381411,1.108222248,SW,1.618179032e-05,68.19859051,6489.292667
ERF_Log_File_20250227_1148,1424720662,2d,0,4,0.04279775279,0.01073286833,3,4.029059429,0,0,2,5.625,1.541,1.55,5.969976968,5.631000667e-05,760.0381411,1.108222248,SW,1.36255389e-05,70.42687417,6489.292667
ERF_Log_File_20250227_1148,1424720682,2d,0,4,0.03200940725,0.01338028218,3,4.028486571,0,0,2,6.25,1.541,1.55,6.562202374,4.211552753e-05,760.0381411,1.108222248,SW,1.310272292e-05,72.25532837,6489.292667
ERF_Log_File_20250227_1148,1424720702,2d,0,4,0.01304355435,0.01285562964,3,4.026623429,0,0,2,6.875,1.541,1.55,7.160001746,1.716171025e-05,760.0381411,1.108222248,SW,1.252542492e-05,73.7798063,6489.292667
ERF_Log_File_20250227_1148,1424720723,2d,0,4,0.005064495291,0.005474261964,3,4.025431714,0,0,2,7.5,1.541,1.55,7.762087348,6.663475183e-06,760.0381411,1.108222248,SW,1.242515648e-05,75.06858282,6489.292667
ERF_Log_File_20250227_1148,1424720743,2d,0,4,0.01151206768,0.00743496287,3,4.023108,0,0,2,8.125,1.541,1.55,8.367533986,1.514669732e-05,760.0381411,1.108222248,SW,1.249940448e-05,76.17134903,6489.292667
ERF_Log_File_20250227_1148,1424720779,2d,0,4,0.00605649337,0.005837188431,3,4.026316571,0,0,3,-8.125,1.541,1.55,8.661156101,7.968670311e-06,760.0381411,1.108222248,SW,1.243284088e-05,-69.73430253,6489.292667
ERF_Log_File_20250227_1148,1424720799,2d,0,4,-0.002072295499,0.006717847485,3,4.024947714,0,0,3,-7.5,1.541,1.55,8.077747211,-2.726567769e-06,760.0381411,1.108222248,SW,1.241026824e-05,-68.19859051,6489.292667
ERF_Log_File_20250227_1148,1424720820,2d,0,4,0.01140166567,0.004819939663,3,4.023352571,0,0,3,-6.875,1.541,1.55,7.501041594,1.500143882e-05,760.0381411,1.108222248,SW,1.249765219e-05,-66.4252938,6489.292667
ERF_Log_File_20250227_1148,1424720840,2d,0,4,0.0273578317,0.006566713515,3,4.023653143,0,0,3,-6.25,1.541,1.55,6.932712312,3.599534053e-05,760.0381411,1.108222248,SW,1.291897056e-05,-64.35899418,6489.292667
ERF_Log_File_20250227_1148,1424720860,2d,0,4,0.04306665361,0.01202560824,3,4.027369714,0,0,3,-5.625,1.541,1.55,6.375,5.666380578e-05,760.0381411,1.108222248,SW,1.364020145e-05,-61.92751306,6489.292667
ERF_Log_File_20250227_1148,1424720881,2d,0,4,0.03177596804,0.003183755283,3,4.031489714,0,0,3,-5,1.541,1.55,5.830951895,4.180838608e-05,760.0381411,1.108222248,SW,1.309288081e-05,-59.03624347,6489.292667
ERF_Log_File_20250227_1148,1424720901,2d,0,4,0.04826987183,0.01168413767,3,4.030376,0,0,3,-4.375,1.541,1.55,5.304773793,6.350980198e-05,760.0381411,1.108222248,SW,1.393857687e-05,-55.56101069,6489.292667
ERF_Log_File_20250227_1148,1424720921,2d,0,4,0.03487790956,0.008847647425,3,4.030341714,0,0,3,-3.75,1.541,1.55,4.802343178,4.588968326e-05,760.0381411,1.108222248,SW,1.322888914e-05,-51.34019175,6489.292667
ERF_Log_File_20250227_1148,1424720942,2d,0,4,0.05745960698,0.01204620899,3,4.029789143,0,0,3,-3.125,1.541,1.55,4.331930863,7.560095194e-05,760.0381411,1.108222248,SW,1.452954202e-05,-46.16913933,6489.292667
ERF_Log_File_20250227_1148,1424720962,2d,0,4,0.06457351124,0.01193225704,3,4.025814,0,0,3,-2.5,1.541,1.55,3.905124838,8.496088256e-05,760.0381411,1.108222248,SW,1.503792748e-05,-39.80557109,6489.292667
ERF_Log_File_20250227_1148,1424720982,2d,0,4,0.09253429886,0.009620894839,3,4.026710286,0,0,3,-1.875,1.541,1.55,3.537742925,0.0001217495463,760.0381411,1.108222248,SW,1.738394189e-05,-32.00538321,6489.292667
ERF_Log_File_20250227_1148,1424721003,2d,0,4,0.1602899295,0.008488964655,3,4.022706857,0,0,3,-1.25,1.541,1.55,3.25,0.000210897218,760.0381411,1.108222248,SW,2.447062177e-05,-22.61986495,6489.292667
ERF_Log_File_20250227_1148,1424721023,2d,0,4,0.1738404342,0.01228437592,3,4.023394857,0,0,3,-0.625,1.541,1.55,3.064412668,0.0002287259347,760.0381411,1.108222248,SW,2.602320426e-05,-11.76828893,6489.292667
ERF_Log_File_20250227_1148,1424721043,2d,0,4,0.2156682112,0.01254934367,3,4.021809714,0,0,3,0,1.541,1.55,3,0.0002837597214,760.0381411,1.108222248,SW,3.097268777e-05,0,6489.292667
ERF_Log_File_20250227_1148,1424721064,2d,0,4,0.2015667722,0.009326189412,3,4.023099143,0,0,3,0.625,1.541,1.55,3.064412668,0.0002652061276,760.0381411,1.108222248,SW,2.928195415e-05,11.76828893,6489.292667
ERF_Log_File_20250227_1148,1424721084,2d,0,4,0.1847597643,0.01171045899,3,4.026756857,0,0,3,1.25,1.541,1.55,3.25,0.0002430927532,760.0381411,1.108222248,SW,2.729481465e-05,22.61986495,6489.292667
ERF_Log_File_20250227_1148,1424721104,2d,0,4,0.1465247378,0.009632504704,3,4.023565714,0,0,3,1.875,1.541,1.55,3.537742925,0.0001927860326,760.0381411,1.108222248,SW,2.292779892e-05,32.00538321,6489.292667
ERF_Log_File_20250227_1148,1424721125,2d,0,4,0.1249125637,0.01039399516,3,4.021832,0,0,3,2.5,1.541,1.55,3.905124838,0.0001643503884,760.0381411,1.108222248,SW,2.05938906e-05,39.80557109,6489.292667
ERF_Log_File_20250227_1148,1424721145,2d,0,4,0.1592379252,0.01069075459,3,4.019346857,0,0,3,3.125,1.541,1.55,4.331930863,0.0002095130712,760.0381411,1.108222248,SW,2.435140646e-05,46.16913933,6489.292667
ERF_Log_File_20250227_1148,1424721165,2d,0,4,0.1747001727,0.001777718961,3,4.021006857,0,0,3,3.75,1.541,1.55,4.802343178,0.0002298571127,760.0381411,1.108222248,SW,2.61227038e-05,51.34019175,6489.292667
ERF_Log_File_20250227_1148,1424721186,2d,0,4,0.1099802071,0.006915104743,3,4.022440857,0,0,3,4.375,1.541,1.55,5.304773793,0.0001447035367,760.0381411,1.108222248,SW,1.906242519e-05,55.56101069,6489.292667
ERF_Log_File_20250227_1148,1424721206,2d,0,4,0.06273250551,0.008825730479,3,4.02599,0,0,3,5,1.541,1.55,5.830951895,8.253862816e-05,760.0381411,1.108222248,SW,1.490238692e-05,59.03624347,6489.292667
ERF_Log_File_20250227_1148,1424721226,2d,0,4,0.03938930126,0.01042376455,3,4.031698,0,0,3,5.625,1.541,1.55,6.375,5.182542708e-05,760.0381411,1.108222248,SW,1.344636975e-05,61.92751306,6489.292667
ERF_Log_File_20250227_1148,1424721247,2d,0,4,0.02330669005,0.007324293887,3,4.030535429,0,0,3,6.25,1.541,1.55,6.932712312,3.066515849e-05,760.0381411,1.108222248,SW,1.278068539e-05,64.35899418,6489.292667
ERF_Log_File_20250227_1148,1424721267,2d,0,4,0.01993967795,0.006151287709,3,4.029557143,0,0,3,6.875,1.541,1.55,7.501041594,2.623510173e-05,760.0381411,1.108222248,SW,1.268166666e-05,66.4252938,6489.292667
ERF_Log_File_20250227_1148,1424721288,2d,0,4,0.01538534946,0.007980033778,3,4.024113429,0,0,3,7.5,1.541,1.55,8.077747211,2.024286497e-05,760.0381411,1.108222248,SW,1.257135662e-05,68.19859051,6489.292667
ERF_Log_File_20250227_1148,1424721308,2d,0,4,0.01237887929,0.005787329004,3,4.023433429,0,0,3,8.125,1.541,1.55,8.661156101,1.628718168e-05,760.0381411,1.108222248,SW,1.251373993e-05,69.73430253,6489.292667
ERF_Log_File_20250226_1750,1424652715,2d,0,4,0.01315463021,0.009724206545,3,2.859183143,0,0,-3,-8.125,2.175,2.2,8.661156101,1.757167533e-05,748.6269783,1.350082761,SW,1.271840285e-05,-110.2656975,4597.701149
ERF_Log_File_20250226_1750,1424652735,2d,0,4,0.01278648519,0.008930031923,3,2.859869429,0,0,-3,-7.5,2.175,2.2,8.077747211,1.707991505e-05,748.6269783,1.350082761,SW,1.271169984e-05,-111.8014095,4597.701149
ERF_Log_File_20250226_1750,1424652756,2d,0,4,0.0124789417,0.007787213215,3,2.859869429,0,0,-3,-6.875,2.175,2.2,7.501041594,1.666910498e-05,748.6269783,1.350082761,SW,1.270624348e-05,-113.5747062,4597.701149
ERF_Log_File_20250226_1750,1424652776,2d,0,4,0.02335367752,0.006814341348,3,2.859494857,0,0,-3,-6.25,2.175,2.2,6.932712312,3.119534587e-05,748.6269783,1.350082761,SW,1.297704859e-05,-115.6410058,4597.701149
ERF_Log_File_20250226_1750,1424652796,2d,0,4,0.02962070201,0.003468119822,3,2.858614286,0,0,-3,-5.625,2.175,2.2,6.375,3.956670394e-05,748.6269783,1.350082761,SW,1.320338825e-05,-118.0724869,4597.701149
ERF_Log_File_20250226_1750,1424652817,2d,0,4,0.03806544856,0.006331504808,3,2.859372286,0,0,-3,-5,2.175,2.2,5.830951895,5.084701681e-05,748.6269783,1.350082761,SW,1.358424561e-05,-120.9637565,4597.701149
ERF_Log_File_20250226_1750,1424652837,2d,0,4,0.02412366421,0.006264725228,3,2.859438286,0,0,-3,-4.375,2.175,2.2,5.304773793,3.222387772e-05,748.6269783,1.350082761,SW,1.300216479e-05,-124.4389893,4597.701149
ERF_Log_File_20250226_1750,1424652857,2d,0,4,0.03453579767,0.008668875853,3,2.85979,0,0,-3,-3.75,2.175,2.2,4.802343178,4.613218421e-05,748.6269783,1.350082761,SW,1.341483637e-05,-128.6598083,4597.701149
ERF_Log_File_20250226_1750,1424652878,2d,0,4,0.04295672749,0.006762335006,3,2.860221714,0,0,-3,-3.125,2.175,2.2,4.331930863,5.738068321e-05,748.6269783,1.350082761,SW,1.384215538e-05,-133.8308607,4597.701149
ERF_Log_File_20250226_1750,1424652898,2d,0,4,0.07142458296,0.01095895107,3,2.860488,0,0,-3,-2.5,2.175,2.2,3.905124838,9.540743925e-05,748.6269783,1.350082761,SW,1.580267471e-05,-140.1944289,4597.701149
ERF_Log_File_20250226_1750,1424652918,2d,0,4,0.09609746649,0.01040181028,3,2.859697429,0,0,-3,-1.875,2.175,2.2,3.537742925,0.0001283649525,748.6269783,1.350082761,SW,1.79860593e-05,-147.9946168,4597.701149
ERF_Log_File_20250226_1750,1424652939,2d,0,4,0.1696843287,0.00460586273,3,2.861292286,0,0,-3,-1.25,2.175,2.2,3.25,0.0002266607184,748.6269783,1.350082761,SW,2.593428288e-05,-157.3801351,4597.701149
ERF_Log_File_20250226_1750,1424652959,2d,0,4,0.2154237472,0.01575833421,3,2.860491429,0,0,-3,-0.625,2.175,2.2,3.064412668,0.0002877584611,748.6269783,1.350082761,SW,3.141636125e-05,-168.2317111,4597.701149
ERF_Log_File_20250226_1750,1424652979,2d,0,4,0.2632351736,0.007351612694,3,2.860184286,0,0,-3,0,2.175,2.2,3,0.0003516239479,748.6269783,1.350082761,SW,3.735592654e-05,180,4597.701149
ERF_Log_File_20250226_1750,1424653000,2d,0,4,0.1944711514,0.002637020522,3,2.861876286,0,0,-3,0.625,2.175,2.2,3.064412668,0.0002597704291,748.6269783,1.350082761,SW,2.887378316e-05,168.2317111,4597.701149
ERF_Log_File_20250226_1750,1424653020,2d,0,4,0.1722092275,0.005743383436,3,2.861562857,0,0,-3,1.25,2.175,2.2,3.25,0.0002300334244,748.6269783,1.350082761,SW,2.622965858e-05,157.3801351,4597.701149
ERF_Log_File_20250226_1750,1424653040,2d,0,4,0.08698287747,0.007266550607,3,2.859906,0,0,-3,1.875,2.175,2.2,3.537742925,0.0001161898783,748.6269783,1.350082761,SW,1.713808372e-05,147.9946168,4597.701149
ERF_Log_File_20250226_1750,1424653061,2d,0,4,0.0689821994,0.01586518109,3,2.861534571,0,0,-3,2.5,2.175,2.2,3.905124838,9.214495523e-05,748.6269783,1.350082761,SW,1.560780802e-05,140.1944289,4597.701149
ERF_Log_File_20250226_1750,1424653081,2d,0,4,0.06461835015,0.004133644966,3,2.861316857,0,0,-3,3.125,2.175,2.2,4.331930863,8.631581819e-05,748.6269783,1.350082761,SW,1.52708076e-05,133.8308607,4597.701149
ERF_Log_File_20250226_1750,1424653101,2d,0,4,0.05383120825,0.01112414116,3,2.861085429,0,0,-3,3.75,2.175,2.2,4.802343178,7.19065834e-05,748.6269783,1.350082761,SW,1.450487892e-05,128.6598083,4597.701149
ERF_Log_File_20250226_1750,1424653122,2d,0,4,0.04003508503,0.004116710706,3,2.860317714,0,0,-3,4.375,2.175,2.2,5.304773793,5.347801534e-05,748.6269783,1.350082761,SW,1.368493374e-05,124.4389893,4597.701149
ERF_Log_File_20250226_1750,1424653142,2d,0,4,0.04027213416,0.007696684734,3,2.861357429,0,0,-3,5,2.175,2.2,5.830951895,5.379466052e-05,748.6269783,1.350082761,SW,1.369734265e-05,120.9637565,4597.701149
ERF_Log_File_20250226_1750,1424653162,2d,0,4,0.02599789116,0.01242001321,3,2.858853143,0,0,-3,5.625,2.175,2.2,6.375,3.472743024e-05,748.6269783,1.350082761,SW,1.306648367e-05,118.0724869,4597.701149
ERF_Log_File_20250226_1750,1424653183,2d,0,4,0.02154019148,0.01060919026,3,2.860108,0,0,-3,6.25,2.175,2.2,6.932712312,2.877292978e-05,748.6269783,1.350082761,SW,1.292093791e-05,115.6410058,4597.701149
ERF_Log_File_20250226_1750,1424653203,2d,0,4,0.009795518229,0.006610068628,3,2.861044571,0,0,-3,6.875,2.175,2.2,7.501041594,1.308464497e-05,748.6269783,1.350082761,SW,1.266419225e-05,113.5747062,4597.701149
ERF_Log_File_20250226_1750,1424653224,2d,0,4,0.007436937048,0.007060083375,3,2.860260286,0,0,-3,7.5,2.175,2.2,8.077747211,9.934102382e-06,748.6269783,1.350082761,SW,1.263551795e-05,111.8014095,4597.701149
ERF_Log_File_20250226_1750,1424653244,2d,0,4,0.01050602803,0.00773378815,3,2.859651429,0,0,-3,8.125,2.175,2.2,8.661156101,1.403372886e-05,748.6269783,1.350082761,SW,1.267435304e-05,110.2656975,4597.701149
ERF_Log_File_20250226_1750,1424653280,2d,0,4,0.01768984328,0.004853807016,3,2.859523714,0,0,-2,-8.125,2.175,2.2,8.367533986,2.362971653e-05,748.6269783,1.350082761,SW,1.28161843e-05,-103.828651,4597.701149
ERF_Log_File_20250226_1750,1424653300,2d,0,4,0.004293705881,0.007670174721,3,2.859052571,0,0,-2,-7.5,2.175,2.2,7.762087348,5.735441021e-06,748.6269783,1.350082761,SW,1.26094484e-05,-104.9314172,4597.701149
ERF_Log_File_20250226_1750,1424653321,2d,0,4,0.01098538581,0.01013223905,3,2.859048286,0,0,-2,-6.875,2.175,2.2,7.160001746,1.467404479e-05,748.6269783,1.350082761,SW,1.2681605e-05,-106.2201937,4597.701149
ERF_Log_File_20250226_1750,1424653341,2d,0,4,0.03993968977,0.0149346801,3,2.860124286,0,0,-2,-6.25,2.175,2.2,6.562202374,5.335058838e-05,748.6269783,1.350082761,SW,1.367995756e-05,-107.7446716,4597.701149
ERF_Log_File_20250226_1750,1424653361,2d,0,4,0.02491635996,0.008598126532,3,2.857850857,0,0,-2,-5.625,2.175,2.2,5.969976968,3.328274386e-05,748.6269783,1.350082761,SW,1.302881968e-05,-109.5731258,4597.701149
ERF_Log_File_20250226_1750,1424653382,2d,0,4,0.02873693802,0.01155006706,3,2.858521429,0,0,-2,-5,2.175,2.2,5.385164807,3.838619079e-05,748.6269783,1.350082761,SW,1.316848198e-05,-111.8014095,4597.701149
ERF_Log_File_20250226_1750,1424653402,2d,0,4,0.05186902112,0.004386544178,3,2.856904286,0,0,-2,-4.375,2.175,2.2,4.810470351,6.928553555e-05,748.6269783,1.350082761,SW,1.437670324e-05,-114.5671713,4597.701149
ERF_Log_File_20250226_1750,1424653422,2d,0,4,0.0584197372,0.009935586297,3,2.857158857,0,0,-2,-3.75,2.175,2.2,4.25,7.80358428e-05,748.6269783,1.350082761,SW,1.481839606e-05,-118.0724869,4597.701149
ERF_Log_File_20250226_1750,1424653443,2d,0,4,0.07692940321,0.01117259172,3,2.85788,0,0,-2,-3.125,2.175,2.2,3.71020552,0.0001027606611,748.6269783,1.350082761,SW,1.625733703e-05,-122.6192431,4597.701149
ERF_Log_File_20250226_1750,1424653463,2d,0,4,0.1569640779,0.005619801163,3,2.858970857,0,0,-2,-2.5,2.175,2.2,3.201562119,0.0002096692778,748.6269783,1.350082761,SW,2.446270967e-05,-128.6598083,4597.701149
ERF_Log_File_20250226_1750,1424653483,2d,0,4,0.1818804788,0.0136847474,3,2.858660857,0,0,-2,-1.875,2.175,2.2,2.741464025,0.0002429520763,748.6269783,1.350082761,SW,2.737002397e-05,-136.8476103,4597.701149
ERF_Log_File_20250226_1750,1424653504,2d,0,4,0.247652297,0.01043219264,3,2.855994286,0,0,-2,-1.25,2.175,2.2,2.358495283,0.0003308086726,748.6269783,1.350082761,SW,3.540294932e-05,-147.9946168,4597.701149
ERF_Log_File_20250226_1750,1424653585,2d,0,4,0.2842584766,0.01351320032,3,2.855325143,0,0,-2,1.25,2.175,2.2,2.358495283,0.000379706429,748.6269783,1.350082761,SW,4.001134536e-05,147.9946168,4597.701149
ERF_Log_File_20250226_1750,1424653605,2d,0,4,0.208949999,0.01438585711,3,2.855225429,0,0,-2,1.875,2.175,2.2,2.741464025,0.0002791109659,748.6269783,1.350082761,SW,3.062599885e-05,136.8476103,4597.701149
ERF_Log_File_20250226_1750,1424653626,2d,0,4,0.1620168328,0.004414335544,3,2.854261143,0,0,-2,2.5,2.175,2.2,3.201562119,0.0002164186404,748.6269783,1.350082761,SW,2.504379636e-05,128.6598083,4597.701149
ERF_Log_File_20250226_1750,1424653646,2d,0,4,0.08927412499,0.00590113489,3,2.855054857,0,0,-2,3.125,2.175,2.2,3.71020552,0.000119250478,748.6269783,1.350082761,SW,1.734710765e-05,122.6192431,4597.701149
ERF_Log_File_20250226_1750,1424653666,2d,0,4,0.055903229,0.01672253206,3,2.856273714,0,0,-2,3.75,2.175,2.2,4.25,7.467434466e-05,748.6269783,1.350082761,SW,1.464410606e-05,118.0724869,4597.701149
ERF_Log_File_20250226_1750,1424653687,2d,0,4,0.0514013509,0.01279536611,3,2.855812857,0,0,-2,4.375,2.175,2.2,4.810470351,6.866083161e-05,748.6269783,1.350082761,SW,1.434669158e-05,114.5671713,4597.701149
ERF_Log_File_20250226_1750,1424653707,2d,0,4,0.04332222882,0.003535876061,3,2.856637714,0,0,-2,5,2.175,2.2,5.385164807,5.786891212e-05,748.6269783,1.350082761,SW,1.386247201e-05,111.8014095,4597.701149
ERF_Log_File_20250226_1750,1424653727,2d,0,4,0.03600630231,0.01266906442,3,2.854392,0,0,-2,5.625,2.175,2.2,5.969976968,4.809645305e-05,748.6269783,1.350082761,SW,1.34836694e-05,109.5731258,4597.701149
ERF_Log_File_20250226_1750,1424653748,2d,0,4,0.02883985719,0.006974864763,3,2.855337429,0,0,-2,6.25,2.175,2.2,6.562202374,3.852366803e-05,748.6269783,1.350082761,SW,1.317249732e-05,107.7446716,4597.701149
ERF_Log_File_20250226_1750,1424653768,2d,0,4,0.005602379173,0.01404643661,3,2.855185429,0,0,-2,6.875,2.175,2.2,7.160001746,7.483538979e-06,748.6269783,1.350082761,SW,1.261861105e-05,106.2201937,4597.701149
ERF_Log_File_20250226_1750,1424653788,2d,0,4,0.01044664253,0.01035692164,3,2.856444286,0,0,-2,7.5,2.175,2.2,7.762087348,1.395440297e-05,748.6269783,1.350082761,SW,1.267347687e-05,104.9314172,4597.701149
ERF_Log_File_20250226_1750,1424653809,2d,0,4,0.03047689521,0.008401194052,3,2.855336857,0,0,-2,8.125,2.175,2.2,8.367533986,4.071038861e-05,748.6269783,1.350082761,SW,1.32381221e-05,103.828651,4597.701149
ERF_Log_File_20250226_1750,1424653845,2d,0,4,0.01121380254,0.007399950343,3,2.854814571,0,0,-1,-8.125,2.175,2.2,8.186307165,1.4979159e-05,748.6269783,1.350082761,SW,1.268517287e-05,-97.01650174,4597.701149
ERF_Log_File_20250226_1750,1424653865,2d,0,4,0.03452860645,0.01600612586,3,2.855492571,0,0,-1,-7.5,2.175,2.2,7.566372975,4.612257833e-05,748.6269783,1.350082761,SW,1.341450595e-05,-97.59464337,4597.701149
ERF_Log_File_20250226_1750,1424653885,2d,0,4,0.04754404804,0.01406106906,3,2.855179143,0,0,-1,-6.875,2.175,2.2,6.947346616,6.350832846e-05,748.6269783,1.350082761,SW,1.410727913e-05,-98.27589283,4597.701149
ERF_Log_File_20250226_1750,1424653906,2d,0,4,0.0541991549,0.00852688042,3,2.855579429,0,0,-1,-6.25,2.175,2.2,6.329494451,7.239807871e-05,748.6269783,1.350082761,SW,1.452931498e-05,-99.09027692,4597.701149
ERF_Log_File_20250226_1750,1424653926,2d,0,4,0.04403552452,0.008974042971,3,2.854473714,0,0,-1,-5.625,2.175,2.2,5.713197441,5.882171736e-05,748.6269783,1.350082761,SW,1.390252949e-05,-100.080598,4597.701149
ERF_Log_File_20250226_1750,1424653946,2d,0,4,0.02961819611,0.005215819616,3,2.854965429,0,0,-1,-5,2.175,2.2,5.099019514,3.95633566e-05,748.6269783,1.350082761,SW,1.320328791e-05,-101.3099325,4597.701149
ERF_Log_File_20250226_1750,1424653967,2d,0,4,0.04265160545,0.01033560633,3,2.85446,0,0,-1,-4.375,2.175,2.2,4.487830768,5.697310768e-05,748.6269783,1.350082761,SW,1.382530418e-05,-102.8750016,4597.701149
ERF_Log_File_20250226_1750,1424653987,2d,0,4,0.06396226516,0.0114844554,3,2.853900571,0,0,-1,-3.75,2.175,2.2,3.881043674,8.543943381e-05,748.6269783,1.350082761,SW,1.522142697e-05,-104.9314172,4597.701149
ERF_Log_File_20250226_1750,1424654008,2d,0,4,0.1246558813,0.01782562608,3,2.854066,0,0,-1,-3.125,2.175,2.2,3.281101187,0.0001665126758,748.6269783,1.350082761,SW,2.088118808e-05,-107.7446716,4597.701149
ERF_Log_File_20250226_1750,1424654028,2d,0,4,0.1594509427,0.01821185547,3,2.855947143,0,0,-1,-2.5,2.175,2.2,2.692582404,0.0002129911789,748.6269783,1.350082761,SW,2.474811292e-05,-111.8014095,4597.701149
ERF_Log_File_20250226_1750,1424654048,2d,0,4,0.3202917497,0.01590621417,3,2.854998857,0,0,-1,-1.875,2.175,2.2,2.125,0.0004278389091,748.6269783,1.350082761,SW,4.460634226e-05,-118.0724869,4597.701149
ERF_Log_File_20250226_1750,1424654170,2d,0,4,0.3574290486,0.001610271013,3,2.855332,0,0,-1,1.875,2.175,2.2,2.125,0.0004774461233,748.6269783,1.350082761,SW,4.938581286e-05,118.0724869,4597.701149
ERF_Log_File_20250226_1750,1424654191,2d,0,4,0.2018394653,0.007478478152,3,2.854581429,0,0,-1,2.5,2.175,2.2,2.692582404,0.0002696128661,748.6269783,1.350082761,SW,2.976266987e-05,111.8014095,4597.701149
ERF_Log_File_20250226_1750,1424654211,2d,0,4,0.1579860743,0.004609581303,3,2.854307429,0,0,-1,3.125,2.175,2.2,3.281101187,0.0002110344389,748.6269783,1.350082761,SW,2.45798559e-05,107.7446716,4597.701149
ERF_Log_File_20250226_1750,1424654231,2d,0,4,0.07732073414,0.01496570442,3,2.855522857,0,0,-1,3.75,2.175,2.2,3.881043674,0.0001032833926,748.6269783,1.350082761,SW,1.629043937e-05,104.9314172,4597.701149
ERF_Log_File_20250226_1750,1424654252,2d,0,4,0.06772235088,0.01004551302,3,2.854484571,0,0,-1,4.375,2.175,2.2,4.487830768,9.046207636e-05,748.6269783,1.350082761,SW,1.550901726e-05,102.8750016,4597.701149
ERF_Log_File_20250226_1750,1424654272,2d,0,4,0.05425323315,0.006384423754,3,2.855152286,0,0,-1,5,2.175,2.2,5.099019514,7.247031528e-05,748.6269783,1.350082761,SW,1.453291698e-05,101.3099325,4597.701149
ERF_Log_File_20250226_1750,1424654292,2d,0,4,0.04006410163,0.007559606807,3,2.855509714,0,0,-1,5.625,2.175,2.2,5.713197441,5.351677509e-05,748.6269783,1.350082761,SW,1.368644936e-05,100.080598,4597.701149
ERF_Log_File_20250226_1750,1424654313,2d,0,4,0.04029231472,0.0138600881,3,2.855454286,0,0,-1,6.25,2.175,2.2,6.329494451,5.382161729e-05,748.6269783,1.350082761,SW,1.369840192e-05,99.09027692,4597.701149
ERF_Log_File_20250226_1750,1424654333,2d,0,4,0.02336592613,0.009732131335,3,2.856319143,0,0,-1,6.875,2.175,2.2,6.947346616,3.121170731e-05,748.6269783,1.350082761,SW,1.297744212e-05,98.27589283,4597.701149
ERF_Log_File_20250226_1750,1424654353,2d,0,4,0.004192242189,0.0126084827,3,2.855965714,0,0,-1,7.5,2.175,2.2,7.566372975,5.599907978e-06,748.6269783,1.350082761,SW,1.260883899e-05,97.59464337,4597.701149
ERF_Log_File_20250226_1750,1424654374,2d,0,4,0.004048420378,0.007591629286,3,2.856451143,0,0,-1,8.125,2.175,2.2,8.186307165,5.407793862e-06,748.6269783,1.350082761,SW,1.26080001e-05,97.01650174,4597.701149
ERF_Log_File_20250226_1750,1424654410,2d,0,4,0.01834659131,0.01186899657,3,2.833611714,0,0,0,-8.125,2.175,2.2,8.125,2.450698658e-05,748.6269783,1.350082761,SW,1.283265391e-05,-90,4597.701149
ERF_Log_File_20250226_1750,1424654430,2d,0,4,0.03655797831,0.002868114233,3,2.843024,0,0,0,-7.5,2.175,2.2,7.5,4.883337012e-05,748.6269783,1.350082761,SW,1.351013935e-05,-90,4597.701149
ERF_Log_File_20250226_1750,1424654450,2d,0,4,0.1036531515,0.008451282121,3,2.843966571,0,0,0,-6.875,2.175,2.2,6.875,0.0001384576758,748.6269783,1.350082761,SW,1.871995612e-05,-90,4597.701149
ERF_Log_File_20250226_1750,1424654471,2d,0,4,0.08304987651,0.007405040033,3,2.847478571,0,0,0,-6.25,2.175,2.2,6.25,0.0001109362592,748.6269783,1.350082761,SW,1.678623515e-05,-90,4597.701149
ERF_Log_File_20250226_1750,1424654491,2d,0,4,0.07248961211,0.0160300001,3,2.848084571,0,0,0,-5.625,2.175,2.2,5.625,9.683008254e-05,748.6269783,1.350082761,SW,1.588899845e-05,-90,4597.701149
ERF_Log_File_20250226_1750,1424654512,2d,0,4,0.03650751987,0.01232582988,3,2.847046,0,0,0,-5,2.175,2.2,5,4.876596881e-05,748.6269783,1.350082761,SW,1.350770375e-05,-90,4597.701149
ERF_Log_File_20250226_1750,1424654532,2d,0,4,0.04554377396,0.01223774412,3,2.847983143,0,0,0,-4.375,2.175,2.2,4.375,6.083640489e-05,748.6269783,1.350082761,SW,1.398899023e-05,-90,4597.701149
ERF_Log_File_20250226_1750,1424654552,2d,0,4,0.06864098608,0.007513945713,3,2.846900857,0,0,0,-3.75,2.175,2.2,3.75,9.168916973e-05,748.6269783,1.350082761,SW,1.558093416e-05,-90,4597.701149
ERF_Log_File_20250226_1750,1424654573,2d,0,4,0.1249294297,0.004927923797,3,2.848554,0,0,0,-3.125,2.175,2.2,3.125,0.0001668780759,748.6269783,1.350082761,SW,2.091034725e-05,-90,4597.701149
ERF_Log_File_20250226_1750,1424654593,2d,0,4,0.1815260693,0.01268499101,3,2.849838571,0,0,0,-2.5,2.175,2.2,2.5,0.0002424786637,748.6269783,1.350082761,SW,2.732799616e-05,-90,4597.701149
ERF_Log_File_20250226_1750,1424654613,2d,0,4,0.4151156815,0.006489678538,3,2.848279143,0,0,0,-1.875,2.175,2.2,1.875,0.000554502701,748.6269783,1.350082761,SW,5.687179949e-05,-90,4597.701149
ERF_Log_File_20250226_1750,1424654735,2d,0,4,0.4927387008,0.01827386995,3,2.849761429,0,0,0,1.875,2.175,2.2,1.875,0.0006581898796,748.6269783,1.350082761,SW,6.702400499e-05,90,4597.701149
ERF_Log_File_20250226_1750,1424654756,2d,0,4,0.2193922991,0.009834825374,3,2.849672286,0,0,0,2.5,2.175,2.2,2.5,0.0002930595684,748.6269783,1.350082761,SW,3.190278287e-05,90,4597.701149
ERF_Log_File_20250226_1750,1424654776,2d,0,4,0.1680478013,0.01282952315,3,2.850872,0,0,0,3.125,2.175,2.2,3.125,0.0002244746798,748.6269783,1.350082761,SW,2.574338415e-05,90,4597.701149
ERF_Log_File_20250226_1750,1424654796,2d,0,4,0.1097213204,0.006824805717,3,2.851117429,0,0,0,3.75,2.175,2.2,3.75,0.0001465634069,748.6269783,1.350082761,SW,1.932737213e-05,90,4597.701149
ERF_Log_File_20250226_1750,1424654817,2d,0,4,0.1098462563,0.008841523198,3,2.851244857,0,0,0,4.375,2.175,2.2,4.375,0.0001467302936,748.6269783,1.350082761,SW,1.934003466e-05,90,4597.701149
ERF_Log_File_20250226_1750,1424654837,2d,0,4,0.09542603036,0.007867582501,3,2.851183429,0,0,0,5,2.175,2.2,5,0.0001274680624,748.6269783,1.350082761,SW,1.792213832e-05,90,4597.701149
ERF_Log_File_20250226_1750,1424654857,2d,0,4,0.04963924414,0.008328713996,3,2.850397143,0,0,0,5.625,2.175,2.2,5.625,6.630704687e-05,748.6269783,1.350082761,SW,1.423550747e-05,90,4597.701149
ERF_Log_File_20250226_1750,1424654878,2d,0,4,0.03972767727,0.01108272472,3,2.852644286,0,0,0,6.25,2.175,2.2,6.25,5.306738658e-05,748.6269783,1.350082761,SW,1.366893424e-05,90,4597.701149
ERF_Log_File_20250226_1750,1424654898,2d,0,4,0.01947866615,0.006777505172,3,2.851760286,0,0,0,6.875,2.175,2.2,6.875,2.601918807e-05,748.6269783,1.350082761,SW,1.286239917e-05,90,4597.701149
ERF_Log_File_20250226_1750,1424654918,2d,0,4,0.01384113961,0.01366375438,3,2.850817429,0,0,0,7.5,2.175,2.2,7.5,1.848869999e-05,748.6269783,1.350082761,SW,1.273140059e-05,90,4597.701149
ERF_Log_File_20250226_1750,1424654939,2d,0,4,0.01255834628,0.005415985463,3,2.851219143,0,0,0,8.125,2.175,2.2,8.125,1.677517194e-05,748.6269783,1.350082761,SW,1.270763976e-05,90,4597.701149
ERF_Log_File_20250226_1750,1424654975,2d,0,4,0.02522959276,0.008898467223,3,2.850627143,0,0,1,-8.125,2.175,2.2,8.186307165,3.370115356e-05,748.6269783,1.350082761,SW,1.30395744e-05,-82.98349826,4597.701149
ERF_Log_File_20250226_1750,1424654995,2d,0,4,0.02758878261,0.007111371372,3,2.851810286,0,0,1,-7.5,2.175,2.2,7.566372975,3.68525092e-05,748.6269783,1.350082761,SW,1.312458077e-05,-82.40535663,4597.701149
ERF_Log_File_20250226_1750,1424655015,2d,0,4,0.04209977065,0.01093467712,3,2.851828857,0,0,1,-6.875,2.175,2.2,6.947346616,5.623597849e-05,748.6269783,1.350082761,SW,1.379508127e-05,-81.72410717,4597.701149
ERF_Log_File_20250226_1750,1424655036,2d,0,4,0.04478441147,0.01723438298,3,2.852572286,0,0,1,-6.25,2.175,2.2,6.329494451,5.982206461e-05,748.6269783,1.350082761,SW,1.394516268e-05,-80.90972308,4597.701149
ERF_Log_File_20250226_1750,1424655056,2d,0,4,0.04211156193,0.01029414453,3,2.852222571,0,0,1,-5.625,2.175,2.2,5.713197441,5.625172902e-05,748.6269783,1.350082761,SW,1.379572363e-05,-79.91940201,4597.701149
ERF_Log_File_20250226_1750,1424655076,2d,0,4,0.02750959492,0.009307432563,3,2.851233714,0,0,1,-5,2.175,2.2,5.099019514,3.674673197e-05,748.6269783,1.350082761,SW,1.312161361e-05,-78.69006753,4597.701149
ERF_Log_File_20250226_1750,1424655097,2d,0,4,0.03965423465,0.01124426277,3,2.851262286,0,0,1,-4.375,2.175,2.2,4.487830768,5.29692835e-05,748.6269783,1.350082761,SW,1.36651273e-05,-77.12499844,4597.701149
ERF_Log_File_20250226_1750,1424655117,2d,0,4,0.06452263782,0.005870489262,3,2.850355143,0,0,1,-3.75,2.175,2.2,3.881043674,8.618796769e-05,748.6269783,1.350082761,SW,1.526358235e-05,-75.06858282,4597.701149
ERF_Log_File_20250226_1750,1424655137,2d,0,4,0.1503255583,0.0109941254,3,2.850175714,0,0,1,-3.125,2.175,2.2,3.281101187,0.0002008016845,748.6269783,1.350082761,SW,2.370682245e-05,-72.25532837,4597.701149
ERF_Log_File_20250226_1750,1424655158,2d,0,4,0.1957618333,0.01264518349,3,2.851830286,0,0,1,-2.5,2.175,2.2,2.692582404,0.0002614944945,748.6269783,1.350082761,SW,2.902904107e-05,-68.19859051,4597.701149
ERF_Log_File_20250226_1750,1424655178,2d,0,4,0.3272913556,0.002315282882,3,2.850302571,0,0,1,-1.875,2.175,2.2,2.125,0.0004371888338,748.6269783,1.350082761,SW,4.550419231e-05,-61.92751306,4597.701149
ERF_Log_File_20250226_1750,1424655300,2d,0,4,0.4155478928,0.005492329945,3,2.850055143,0,0,1,1.875,2.175,2.2,2.125,0.0005550800397,748.6269783,1.350082761,SW,5.692811002e-05,61.92751306,4597.701149
ERF_Log_File_20250226_1750,1424655320,2d,0,4,0.26609634,0.004596209981,3,2.849316286,0,0,1,2.5,2.175,2.2,2.692582404,0.0003554458331,748.6269783,1.350082761,SW,3.771601029e-05,68.19859051,4597.701149
ERF_Log_File_20250226_1750,1424655341,2d,0,4,0.2234528883,0.006947422005,3,2.849597714,0,0,1,3.125,2.175,2.2,3.281101187,0.000298483617,748.6269783,1.350082761,SW,3.240190705e-05,72.25532837,4597.701149
ERF_Log_File_20250226_1750,1424655361,2d,0,4,0.1922784835,0.003401414844,3,2.849223429,0,0,1,3.75,2.175,2.2,3.881043674,0.0002568415099,748.6269783,1.350082761,SW,2.861047513e-05,75.06858282,4597.701149
ERF_Log_File_20250226_1750,1424655382,2d,0,4,0.1676974588,0.01207516464,3,2.848823429,0,0,1,4.375,2.175,2.2,4.487830768,0.0002240066999,748.6269783,1.350082761,SW,2.570257461e-05,77.12499844,4597.701149
ERF_Log_File_20250226_1750,1424655402,2d,0,4,0.1098088886,0.008057074127,3,2.847987429,0,0,1,5,2.175,2.2,5.099019514,0.0001466803786,748.6269783,1.350082761,SW,1.933624672e-05,78.69006753,4597.701149
ERF_Log_File_20250226_1750,1424655422,2d,0,4,0.039023845,0.005594496914,3,2.848726571,0,0,1,5.625,2.175,2.2,5.713197441,5.212722241e-05,748.6269783,1.350082761,SW,1.363269744e-05,79.91940201,4597.701149
ERF_Log_File_20250226_1750,1424655443,2d,0,4,0.04238132131,0.009861557596,3,2.848426571,0,0,1,6.25,2.175,2.2,6.329494451,5.661206787e-05,748.6269783,1.350082761,SW,1.381046034e-05,80.90972308,4597.701149
ERF_Log_File_20250226_1750,1424655463,2d,0,4,0.0167836979,0.009384449944,3,2.849877143,0,0,1,6.875,2.175,2.2,6.947346616,2.241930679e-05,748.6269783,1.350082761,SW,1.27944135e-05,81.72410717,4597.701149
ERF_Log_File_20250226_1750,1424655483,2d,0,4,0.002213392054,0.00290606318,3,2.849085714,0,0,1,7.5,2.175,2.2,7.566372975,2.956602044e-06,748.6269783,1.350082761,SW,1.259986399e-05,82.40535663,4597.701149
ERF_Log_File_20250226_1750,1424655504,2d,0,4,0.01074043781,0.003515728681,3,2.847519143,0,0,1,8.125,2.175,2.2,8.186307165,1.434684846e-05,748.6269783,1.350082761,SW,1.267785941e-05,82.98349826,4597.701149
ERF_Log_File_20250226_1750,1424655540,2d,0,4,0.01611455794,0.006524454804,3,2.846944286,0,0,2,-8.125,2.175,2.2,8.367533986,2.152548386e-05,748.6269783,1.350082761,SW,1.277904928e-05,-76.17134903,4597.701149
ERF_Log_File_20250226_1750,1424655560,2d,0,4,0.0005886770587,0.01373674848,3,2.847481143,0,0,2,-7.5,2.175,2.2,7.762087348,7.863422982e-07,748.6269783,1.350082761,SW,1.259663901e-05,-75.06858282,4597.701149
ERF_Log_File_20250226_1750,1424655580,2d,0,4,0.01011035431,0.00628127687,3,2.846924857,0,0,2,-6.875,2.175,2.2,7.160001746,1.350519631e-05,748.6269783,1.350082761,SW,1.266860788e-05,-73.7798063,4597.701149
ERF_Log_File_20250226_1750,1424655601,2d,0,4,0.03003597069,0.007243629116,3,2.846968,0,0,2,-6.25,2.175,2.2,6.562202374,4.012141101e-05,748.6269783,1.350082761,SW,1.322012256e-05,-72.25532837,4597.701149
ERF_Log_File_20250226_1750,1424655621,2d,0,4,0.02150412976,0.01319950743,3,2.846483143,0,0,2,-5.625,2.175,2.2,5.969976968,2.87247593e-05,748.6269783,1.350082761,SW,1.291986573e-05,-70.42687417,4597.701149
ERF_Log_File_20250226_1750,1424655641,2d,0,4,0.03468558992,0.008988534331,3,2.845396571,0,0,2,-5,2.175,2.2,5.385164807,4.633227352e-05,748.6269783,1.350082761,SW,1.342173262e-05,-68.19859051,4597.701149
ERF_Log_File_20250226_1750,1424655662,2d,0,4,0.04674515412,0.009297473494,3,2.845267429,0,0,2,-4.375,2.175,2.2,4.810470351,6.244118296e-05,748.6269783,1.350082761,SW,1.405954561e-05,-65.43282868,4597.701149
ERF_Log_File_20250226_1750,1424655682,2d,0,4,0.05992829451,0.00680477958,3,2.845596571,0,0,2,-3.75,2.175,2.2,4.25,8.005094159e-05,748.6269783,1.350082761,SW,1.492553191e-05,-61.92751306,4597.701149
ERF_Log_File_20250226_1750,1424655702,2d,0,4,0.08617115286,0.008894836489,3,2.84501,0,0,2,-3.125,2.175,2.2,3.71020552,0.0001151055938,748.6269783,1.350082761,SW,1.706473548e-05,-57.38075693,4597.701149
ERF_Log_File_20250226_1750,1424655723,2d,0,4,0.1566641803,0.01123200471,3,2.847408286,0,0,2,-2.5,2.175,2.2,3.201562119,0.000209268681,748.6269783,1.350082761,SW,2.442837216e-05,-51.34019175,4597.701149
ERF_Log_File_20250226_1750,1424655743,2d,0,4,0.2119093348,0.0101018973,3,2.845200286,0,0,2,-1.875,2.175,2.2,2.741464025,0.0002830639837,748.6269783,1.350082761,SW,3.098680217e-05,-43.15238973,4597.701149
ERF_Log_File_20250226_1750,1424655763,2d,0,4,0.2400517576,0.009234919658,3,2.844949429,0,0,2,-1.25,2.175,2.2,2.358495283,0.0003206560337,748.6269783,1.350082761,SW,3.445586235e-05,-32.00538321,4597.701149
ERF_Log_File_20250226_1750,1424655845,2d,0,4,0.2814899628,0.008192473004,3,2.844048286,0,0,2,1.25,2.175,2.2,2.358495283,0.0003760083072,748.6269783,1.350082761,SW,3.966045154e-05,32.00538321,4597.701149
ERF_Log_File_20250226_1750,1424655865,2d,0,4,0.253207593,0.01009602256,3,2.84469,0,0,2,1.875,2.175,2.2,2.741464025,0.0003382293189,748.6269783,1.350082761,SW,3.60975333e-05,43.15238973,4597.701149
ERF_Log_File_20250226_1750,1424655885,2d,0,4,0.2096191015,0.01219893212,3,2.844645429,0,0,2,2.5,2.175,2.2,3.201562119,0.0002800047387,748.6269783,1.350082761,SW,3.07075016e-05,51.34019175,4597.701149
ERF_Log_File_20250226_1750,1424655906,2d,0,4,0.210464262,0.01290365942,3,2.845282857,0,0,2,3.125,2.175,2.2,3.71020552,0.0002811336862,748.6269783,1.350082761,SW,3.081051238e-05,57.38075693,4597.701149
ERF_Log_File_20250226_1750,1424655926,2d,0,4,0.2185387425,0.008199939921,3,2.845524286,0,0,2,3.75,2.175,2.2,4.25,0.0002919194055,748.6269783,1.350082761,SW,3.179804511e-05,61.92751306,4597.701149
ERF_Log_File_20250226_1750,1424655946,2d,0,4,0.1851306247,0.007768514651,3,2.846868286,0,0,2,4.375,2.175,2.2,4.810470351,0.0002472935521,748.6269783,1.350082761,SW,2.775624307e-05,65.43282868,4597.701149
ERF_Log_File_20250226_1750,1424655967,2d,0,4,0.1055189168,0.01134986059,3,2.844939429,0,0,2,5,2.175,2.2,5.385164807,0.0001409499255,748.6269783,1.350082761,SW,1.890509341e-05,68.19859051,4597.701149
ERF_Log_File_20250226_1750,1424655987,2d,0,4,0.05248279113,0.007713994058,3,2.844936,0,0,2,5.625,2.175,2.2,5.969976968,7.010539648e-05,748.6269783,1.350082761,SW,1.441640661e-05,70.42687417,4597.701149
ERF_Log_File_20250226_1750,1424656007,2d,0,4,0.0324094914,0.01029203571,3,2.845958571,0,0,2,6.25,2.175,2.2,6.562202374,4.32919095e-05,748.6269783,1.350082761,SW,1.331980175e-05,72.25532837,4597.701149
ERF_Log_File_20250226_1750,1424656028,2d,0,4,0.007526504148,0.007591298252,3,2.844173714,0,0,2,6.875,2.175,2.2,7.160001746,1.005374421e-05,748.6269783,1.350082761,SW,1.263646452e-05,73.7798063,4597.701149
ERF_Log_File_20250226_1750,1424656048,2d,0,4,0.01966323477,0.007307445214,3,2.842847429,0,0,2,7.5,2.175,2.2,7.762087348,2.626573092e-05,748.6269783,1.350082761,SW,1.286741073e-05,75.06858282,4597.701149
ERF_Log_File_20250226_1750,1424656069,2d,0,4,0.01517201211,0.01003901984,3,2.844523143,0,0,2,8.125,2.175,2.2,8.367533986,2.026645119e-05,748.6269783,1.350082761,SW,1.275843859e-05,76.17134903,4597.701149
ERF_Log_File_20250226_1750,1424656104,2d,0,4,0.01759240623,0.007120563985,3,2.846785429,0,0,3,-8.125,2.175,2.2,8.661156101,2.349956219e-05,748.6269783,1.350082761,SW,1.28137902e-05,-69.73430253,4597.701149
ERF_Log_File_20250226_1750,1424656125,2d,0,4,0.002044848213,0.004132451442,3,2.843900286,0,0,3,-7.5,2.175,2.2,8.077747211,2.731464764e-06,748.6269783,1.350082761,SW,1.259935563e-05,-68.19859051,4597.701149
ERF_Log_File_20250226_1750,1424656145,2d,0,4,0.01607343418,0.01094476767,3,2.844780286,0,0,3,-6.875,2.175,2.2,7.501041594,2.147055162e-05,748.6269783,1.350082761,SW,1.277812483e-05,-66.4252938,4597.701149
ERF_Log_File_20250226_1750,1424656165,2d,0,4,0.01297609101,0.007817636179,3,2.845390286,0,0,3,-6.25,2.175,2.2,6.932712312,1.733318647e-05,748.6269783,1.350082761,SW,1.271512877e-05,-64.35899418,4597.701149
ERF_Log_File_20250226_1750,1424656186,2d,0,4,0.02878572768,0.0109187328,3,2.845544286,0,0,3,-5.625,2.175,2.2,6.375,3.845136298e-05,748.6269783,1.350082761,SW,1.317038385e-05,-61.92751306,4597.701149
ERF_Log_File_20250226_1750,1424656206,2d,0,4,0.02716701869,0.008920444975,3,2.843945429,0,0,3,-5,2.175,2.2,5.830951895,3.628912592e-05,748.6269783,1.350082761,SW,1.310886794e-05,-59.03624347,4597.701149
ERF_Log_File_20250226_1750,1424656227,2d,0,4,0.0296045993,0.007882602039,3,2.844445714,0,0,3,-4.375,2.175,2.2,5.304773793,3.954519428e-05,748.6269783,1.350082761,SW,1.320274362e-05,-55.56101069,4597.701149
ERF_Log_File_20250226_1750,1424656247,2d,0,4,0.04726115875,0.01273650988,3,2.844982857,0,0,3,-3.75,2.175,2.2,4.802343178,6.313045097e-05,748.6269783,1.350082761,SW,1.409030267e-05,-51.34019175,4597.701149
ERF_Log_File_20250226_1750,1424656267,2d,0,4,0.05963417649,0.007261434087,3,2.845328857,0,0,3,-3.125,2.175,2.2,4.331930863,7.965806498e-05,748.6269783,1.350082761,SW,1.490449058e-05,-46.16913933,4597.701149
ERF_Log_File_20250226_1750,1424656288,2d,0,4,0.07204768753,0.01271191294,3,2.847243714,0,0,3,-2.5,2.175,2.2,3.905124838,9.62397691e-05,748.6269783,1.350082761,SW,1.585308121e-05,-39.80557109,4597.701149
ERF_Log_File_20250226_1750,1424656308,2d,0,4,0.0959310465,0.007191247582,3,2.847083143,0,0,3,-1.875,2.175,2.2,3.537742925,0.0001281426522,748.6269783,1.350082761,SW,1.797019551e-05,-32.00538321,4597.701149
ERF_Log_File_20250226_1750,1424656328,2d,0,4,0.159392362,0.005302337439,3,2.846084286,0,0,3,-1.25,2.175,2.2,3.25,0.000212912928,748.6269783,1.350082761,SW,2.47413765e-05,-22.61986495,4597.701149
ERF_Log_File_20250226_1750,1424656349,2d,0,4,0.1776408969,0.01886730131,3,2.846560571,0,0,3,-0.625,2.175,2.2,3.064412668,0.000237288933,748.6269783,1.350082761,SW,2.686843185e-05,-11.76828893,4597.701149
ERF_Log_File_20250226_1750,1424656369,2d,0,4,0.2278177173,0.007587854899,3,2.847069143,0,0,3,0,2.175,2.2,3,0.0003043140628,748.6269783,1.350082761,SW,3.293995753e-05,0,4597.701149
ERF_Log_File_20250226_1750,1424656389,2d,0,4,0.2019715796,0.01568873354,3,2.847740571,0,0,3,0.625,2.175,2.2,3.064412668,0.0002697893416,748.6269783,1.350082761,SW,2.97786625e-05,11.76828893,4597.701149
ERF_Log_File_20250226_1750,1424656410,2d,0,4,0.1956002575,0.0119198705,3,2.848740286,0,0,3,1.25,2.175,2.2,3.25,0.000261278665,748.6269783,1.350082761,SW,2.900959427e-05,22.61986495,4597.701149
ERF_Log_File_20250226_1750,1424656430,2d,0,4,0.1367170868,0.006423289548,3,2.846957429,0,0,3,1.875,2.175,2.2,3.537742925,0.0001826237776,748.6269783,1.350082761,SW,2.218765511e-05,32.00538321,4597.701149
ERF_Log_File_20250226_1750,1424656450,2d,0,4,0.1543223901,0.01412241963,3,2.848275429,0,0,3,2.5,2.175,2.2,3.905124838,0.0002061405674,748.6269783,1.350082761,SW,2.416084988e-05,39.80557109,4597.701149
ERF_Log_File_20250226_1750,1424656471,2d,0,4,0.2061563985,0.005353607018,3,2.851813714,0,0,3,3.125,2.175,2.2,4.331930863,0.0002753793338,748.6269783,1.350082761,SW,3.028619384e-05,46.16913933,4597.701149
ERF_Log_File_20250226_1750,1424656491,2d,0,4,0.2164891432,0.009798136233,3,2.850465429,0,0,3,3.75,2.175,2.2,4.802343178,0.0002891815944,748.6269783,1.350082761,SW,3.15468073e-05,51.34019175,4597.701149
ERF_Log_File_20250226_1750,1424656511,2d,0,4,0.1487070626,0.00740674461,3,2.851985143,0,0,3,4.375,2.175,2.2,5.304773793,0.0001986397324,748.6269783,1.350082761,SW,2.352392166e-05,55.56101069,4597.701149
ERF_Log_File_20250226_1750,1424656532,2d,0,4,0.07448930927,0.008886294867,3,2.851322571,0,0,3,5,2.175,2.2,5.830951895,9.95012355e-05,748.6269783,1.350082761,SW,1.605323292e-05,59.03624347,4597.701149
ERF_Log_File_20250226_1750,1424656552,2d,0,4,0.04722395503,0.005903655494,3,2.850739143,0,0,3,5.625,2.175,2.2,6.375,6.308075503e-05,748.6269783,1.350082761,SW,1.408807606e-05,61.92751306,4597.701149
ERF_Log_File_20250226_1750,1424656572,2d,0,4,0.02200922826,0.007499671207,3,2.849922286,0,0,3,6.25,2.175,2.2,6.932712312,2.939945915e-05,748.6269783,1.350082761,SW,1.293503854e-05,64.35899418,4597.701149
ERF_Log_File_20250226_1750,1424656593,2d,0,4,0.01478396774,0.01209591545,3,2.851285714,0,0,3,6.875,2.175,2.2,7.501041594,1.974810977e-05,748.6269783,1.350082761,SW,1.275030493e-05,66.4252938,4597.701149
ERF_Log_File_20250226_1750,1424656613,2d,0,4,0.008029919751,0.006942377109,3,2.851140286,0,0,3,7.5,2.175,2.2,8.077747211,1.072619607e-05,748.6269783,1.350082761,SW,1.264199415e-05,68.19859051,4597.701149
ERF_Log_File_20250226_1750,1424656634,2d,0,4,0.01046397406,0.01207830077,3,2.851517429,0,0,3,8.125,2.175,2.2,8.661156101,1.397755406e-05,748.6269783,1.350082761,SW,1.267373207e-05,69.73430253,4597.701149
ERF_Log_File_20250226_2041,1424662969,1d,0,4,0.005509957074,0.00920585383,23,2.841858426,0,0,0,-10,2.175,2.2,10,7.344173922e-06,750.2487185,0.0203691228,SW,1.259060284e-05,-90,4597.701149
ERF_Log_File_20250226_2041,1424663070,1d,0,4,0.01196896851,0.01269609216,23,2.840325447,0,0,0,-9,2.175,2.2,9,1.595333416e-05,750.2487185,0.0203691228,SW,1.267000394e-05,-90,4597.701149
ERF_Log_File_20250226_2041,1424663171,1d,0,4,0.02319705777,0.01086179685,23,2.840638596,0,0,0,-8,2.175,2.2,8,3.09191568e-05,750.2487185,0.0203691228,SW,1.294387323e-05,-90,4597.701149
ERF_Log_File_20250226_2041,1424663272,1d,0,4,0.09907963929,0.01024234945,23,2.841729532,0,0,0,-7,2.175,2.2,7,0.0001320623906,750.2487185,0.0203691228,SW,1.823152966e-05,-90,4597.701149
ERF_Log_File_20250226_2041,1424663361,1d,0,4,0.1066901575,0.0120373673,17,2.844240229,0,0,0,-6,2.175,2.2,6,0.0001422063842,750.2487185,0.0203691228,SW,1.897921186e-05,-90,4597.701149
ERF_Log_File_20250226_2041,1424663422,1d,0,4,0.02756249084,0.007818948978,9,2.843115263,0,0,0,-5,2.175,2.2,5,3.673780462e-05,750.2487185,0.0203691228,SW,1.309505918e-05,-90,4597.701149
ERF_Log_File_20250226_2041,1424663459,1d,0,4,0.04670083215,0.01490714057,5,2.843665273,0,0,0,-4,2.175,2.2,4,6.224713351e-05,750.2487185,0.0203691228,SW,1.402608178e-05,-90,4597.701149
ERF_Log_File_20250226_2041,1424663484,1d,0,4,0.126748348,0.01730350945,3,2.845786,0,0,0,-3,2.175,2.2,3,0.0001689417721,750.2487185,0.0203691228,SW,2.105699779e-05,-90,4597.701149
ERF_Log_File_20250226_2041,1424663504,1d,0,4,0.1748718459,0.01358146546,3,2.845004286,0,0,0,-2.5,2.175,2.2,2.5,0.0002330851644,750.2487185,0.0203691228,SW,2.648151977e-05,-90,4597.701149
ERF_Log_File_20250226_2041,1424663524,1d,0,4,0.3457924512,0.009671132764,3,2.844588,0,0,0,-2,2.175,2.2,2,0.0004609037545,750.2487185,0.0203691228,SW,4.77734945e-05,-90,4597.701149
ERF_Log_File_20250226_2041,1424663685,1d,0,4,0.3813435256,0.005401030598,3,2.844635429,0,0,0,2,2.175,2.2,2,0.0005082894727,750.2487185,0.0203691228,SW,5.235996545e-05,90,4597.701149
ERF_Log_File_20250226_2041,1424663705,1d,0,4,0.2204638384,0.006102461377,3,2.851397429,0,0,0,2.5,2.175,2.2,2.5,0.0002938543351,750.2487185,0.0203691228,SW,3.196072085e-05,90,4597.701149
ERF_Log_File_20250226_2041,1424663726,1d,0,4,0.1734229905,0.009253655428,3,2.849052857,0,0,0,3,2.175,2.2,3,0.0002311539977,750.2487185,0.0203691228,SW,2.63117019e-05,90,4597.701149
ERF_Log_File_20250226_2041,1424663750,1d,0,4,0.1115065763,0.01940537593,5,2.84841,0,0,0,4,2.175,2.2,4,0.0001486261469,750.2487185,0.0203691228,SW,1.946487202e-05,90,4597.701149
ERF_Log_File_20250226_2041,1424663787,1d,0,4,0.08513820389,0.00950716253,9,2.849001368,0,0,0,5,2.175,2.2,5,0.0001134799724,750.2487185,0.0203691228,SW,1.693401789e-05,90,4597.701149
ERF_Log_File_20250226_2041,1424663848,1d,0,4,0.04376903214,0.009576722445,17,2.849023486,0,0,0,6,2.175,2.2,6,5.833936275e-05,750.2487185,0.0203691228,SW,1.385708216e-05,90,4597.701149
ERF_Log_File_20250226_2041,1424663937,1d,0,4,0.01876919825,0.01211589894,23,2.849507489,0,0,0,7,2.175,2.2,7,2.501730132e-05,750.2487185,0.0203691228,SW,1.281571555e-05,90,4597.701149
ERF_Log_File_20250226_2041,1424664039,1d,0,4,0.005986803944,0.0107786561,23,2.849713064,0,0,0,8,2.175,2.2,8,7.979758974e-06,750.2487185,0.0203691228,SW,1.259447008e-05,90,4597.701149
ERF_Log_File_20250226_2041,1424664140,1d,0,4,0.01494974136,0.01423188934,23,2.849771872,0,0,0,9,2.175,2.2,9,1.99263804e-05,750.2487185,0.0203691228,SW,1.272613522e-05,90,4597.701149
ERF_Log_File_20250226_2041,1424664241,1d,0,4,0.002662900104,0.01393628712,23,2.848926638,0,0,0,10,2.175,2.2,10,3.549356417e-06,750.2487185,0.0203691228,SW,1.257417553e-05,90,4597.701149
ERF_Log_File_20250226_1542,1424645054,1d,0,4,0.00550481978,0.009510784489,23,3.76443583,0,0,0,-10,2.376,2.4,10,2.089363502e-05,263.4687442,0.07221563329,SW,3.585265434e-05,-90,4208.754209
ERF_Log_File_20250226_1542,1424645155,1d,0,4,0.005977920515,0.01079883117,23,3.761302723,0,0,0,-9,2.376,2.4,9,2.268929672e-05,263.4687442,0.07221563329,SW,3.58635669e-05,-90,4208.754209
ERF_Log_File_20250226_1542,1424645256,1d,0,4,0.004766450466,0.01155066745,23,3.760581319,0,0,0,-8,2.376,2.4,8,1.809114201e-05,263.4687442,0.07221563329,SW,3.583741438e-05,-90,4208.754209
ERF_Log_File_20250226_1542,1424645357,1d,0,4,0.02571820758,0.01128422498,23,3.760934936,0,0,0,-7,2.376,2.4,7,9.761388455e-05,263.4687442,0.07221563329,SW,3.709895916e-05,-90,4208.754209
ERF_Log_File_20250226_1542,1424645446,1d,0,4,0.0440079246,0.01008757569,17,3.763537771,0,0,0,-6,2.376,2.4,6,0.0001670328097,263.4687442,0.07221563329,SW,3.949745614e-05,-90,4208.754209
ERF_Log_File_20250226_1542,1424645507,1d,0,4,0.01769508409,0.01270274975,9,3.759554737,0,0,0,-5,2.376,2.4,5,6.716198592e-05,263.4687442,0.07221563329,SW,3.641641131e-05,-90,4208.754209
ERF_Log_File_20250226_1542,1424645544,1d,0,4,0.0256138296,0.01089637273,5,3.760766364,0,0,0,-4,2.376,2.4,4,9.721771618e-05,263.4687442,0.07221563329,SW,3.708855489e-05,-90,4208.754209
ERF_Log_File_20250226_1542,1424645569,1d,0,4,0.04273585996,0.005169248766,3,3.761163429,0,0,0,-3,2.376,2.4,3,0.0001622046671,263.4687442,0.07221563329,SW,3.929571055e-05,-90,4208.754209
ERF_Log_File_20250226_1542,1424645589,1d,0,4,0.0568845357,0.01048615041,3,3.759468,0,0,0,-2.5,2.376,2.4,2.5,0.0002159062012,263.4687442,0.07221563329,SW,4.179959007e-05,-90,4208.754209
ERF_Log_File_20250226_1542,1424645609,1d,0,4,0.1234772124,0.007666193188,3,3.762153714,0,0,0,-2,2.376,2.4,2,0.0004686598129,263.4687442,0.07221563329,SW,5.897019632e-05,-90,4208.754209
ERF_Log_File_20250226_1542,1424645770,1d,0,4,0.1347560996,0.006295071237,3,3.763541714,0,0,0,2,2.376,2.4,2,0.0005114690171,263.4687442,0.07221563329,SW,6.24265373e-05,90,4208.754209
ERF_Log_File_20250226_1542,1424645791,1d,0,4,0.08168474075,0.01008022491,3,3.764236286,0,0,0,2.5,2.376,2.4,2.5,0.0003100357919,263.4687442,0.07221563329,SW,4.735268202e-05,90,4208.754209
ERF_Log_File_20250226_1542,1424645811,1d,0,4,0.05937236035,0.01278397555,3,3.763651143,0,0,0,3,2.376,2.4,3,0.000225348781,263.4687442,0.07221563329,SW,4.229505759e-05,90,4208.754209
ERF_Log_File_20250226_1542,1424645836,1d,0,4,0.04700438736,0.006250217104,5,3.762397455,0,0,0,4,2.376,2.4,4,0.0001784059339,263.4687442,0.07221563329,SW,3.999170557e-05,90,4208.754209
ERF_Log_File_20250226_1542,1424645873,1d,0,4,0.02423589013,0.009363087153,9,3.764976632,0,0,0,5,2.376,2.4,5,9.1987724e-05,263.4687442,0.07221563329,SW,3.695491036e-05,90,4208.754209
ERF_Log_File_20250226_1542,1424645934,1d,0,4,0.01566688665,0.01276817431,17,3.766425086,0,0,0,6,2.376,2.4,6,5.94639288e-05,263.4687442,0.07221563329,SW,3.628232634e-05,90,4208.754209
ERF_Log_File_20250226_1542,1424646023,1d,0,4,0.004523958805,0.01412566751,23,3.767610723,0,0,0,7,2.376,2.4,7,1.717076088e-05,263.4687442,0.07221563329,SW,3.583288605e-05,90,4208.754209
ERF_Log_File_20250226_1542,1424646124,1d,0,4,0.003665580373,0.01280759858,23,3.769231702,0,0,0,8,2.376,2.4,8,1.391277126e-05,263.4687442,0.07221563329,SW,3.581875231e-05,90,4208.754209
ERF_Log_File_20250226_1542,1424646225,1d,0,4,0.00344840227,0.01128881168,23,3.768907319,0,0,0,9,2.376,2.4,9,1.308846816e-05,263.4687442,0.07221563329,SW,3.581564523e-05,90,4208.754209
ERF_Log_File_20250226_1542,1424646326,1d,0,4,0.002794785192,0.01321139229,23,3.767867489,0,0,0,10,2.376,2.4,10,1.060765367e-05,263.4687442,0.07221563329,SW,3.580743753e-05,90,4208.754209
ERF_Log_File_20250226_1420,1424640139,1d,0,4,-0.001648200287,0.01247031,23,2.759997489,0,0,0,-10,2.464,2.5,10,-3.106939267e-05,53.04900242,0.03772300926,SW,0.0001777873271,-90,4058.441558
ERF_Log_File_20250226_1420,1424640240,1d,0,4,-0.00312560894,0.01164048479,23,2.759939404,0,0,0,-9,2.464,2.5,9,-5.891927836e-05,53.04900242,0.03772300926,SW,0.0001778577991,-90,4058.441558
ERF_Log_File_20250226_1420,1424640341,1d,0,4,0.0008119142368,0.009063693185,23,2.759997191,0,0,0,-8,2.464,2.5,8,1.530498595e-05,53.04900242,0.03772300926,SW,0.0001777667648,-90,4058.441558
ERF_Log_File_20250226_1420,1424640443,1d,0,4,0.006222176278,0.009972041551,23,2.759906851,0,0,0,-7,2.464,2.5,7,0.0001172911081,53.04900242,0.03772300926,SW,0.0001781467348,-90,4058.441558
ERF_Log_File_20250226_1420,1424640532,1d,0,4,0.007469861875,0.01144626144,17,2.759954286,0,0,0,-6,2.464,2.5,6,0.0001408106003,53.04900242,0.03772300926,SW,0.000178317039,-90,4058.441558
ERF_Log_File_20250226_1420,1424640593,1d,0,4,0.003204998584,0.009247464501,9,2.760010737,0,0,0,-5,2.464,2.5,5,6.041581252e-05,53.04900242,0.03772300926,SW,0.0001778628198,-90,4058.441558
ERF_Log_File_20250226_1420,1424640630,1d,0,4,-0.004595025673,0.00462250924,5,2.759972,0,0,0,-4,2.464,2.5,4,-8.661851239e-05,53.04900242,0.03772300926,SW,0.0001779710976,-90,4058.441558
ERF_Log_File_20250226_1420,1424640655,1d,0,4,0.01297168457,0.01299897412,3,2.759942857,0,0,0,-3,2.464,2.5,3,0.0002445226863,53.04900242,0.03772300926,SW,0.0001794341768,-90,4058.441558
ERF_Log_File_20250226_1420,1424640675,1d,0,4,0.01804596504,0.01054141018,3,2.759864857,0,0,0,-2.5,2.464,2.5,2.5,0.0003401753891,53.04900242,0.03772300926,SW,0.0001809859984,-90,4058.441558
ERF_Log_File_20250226_1420,1424640695,1d,0,4,0.01423381159,0.01059222424,3,2.76006,0,0,0,-2,2.464,2.5,2,0.0002683144063,53.04900242,0.03772300926,SW,0.0001797738656,-90,4058.441558
ERF_Log_File_20250226_1420,1424640856,1d,0,4,0.03872725914,0.01330945336,3,2.760083143,0,0,0,2,2.464,2.5,2,0.0007300280377,53.04900242,0.03772300926,SW,0.0001921675284,90,4058.441558
ERF_Log_File_20250226_1420,1424640877,1d,0,4,0.01447769409,0.004958413744,3,2.760022857,0,0,0,2.5,2.464,2.5,2.5,0.0002729117124,53.04900242,0.03772300926,SW,0.0001798430589,90,4058.441558
ERF_Log_File_20250226_1420,1424640897,1d,0,4,0.007894508682,0.01842734145,3,2.760159143,0,0,0,3,2.464,2.5,3,0.0001488154032,53.04900242,0.03772300926,SW,0.0001783820383,90,4058.441558
ERF_Log_File_20250226_1420,1424640922,1d,0,4,0.008455547098,0.01056313556,5,2.759951636,0,0,0,4,2.464,2.5,4,0.0001593912555,53.04900242,0.03772300926,SW,0.0001784733837,90,4058.441558
ERF_Log_File_20250226_1420,1424640958,1d,0,4,0.002121746525,0.008399731426,9,2.759951053,0,0,0,5,2.464,2.5,5,3.999597407e-05,53.04900242,0.03772300926,SW,0.0001778051679,90,4058.441558
ERF_Log_File_20250226_1420,1424641019,1d,0,4,0.00388323761,0.008887771945,17,2.760014457,0,0,0,6,2.464,2.5,6,7.320095446e-05,53.04900242,0.03772300926,SW,0.000177910839,90,4058.441558
ERF_Log_File_20250226_1420,1424641109,1d,0,4,0.0009286053234,0.01110405757,23,2.759995574,0,0,0,7,2.464,2.5,7,1.75046708e-05,53.04900242,0.03772300926,SW,0.0001777687948,90,4058.441558
ERF_Log_File_20250226_1420,1424641210,1d,0,4,0.0001997297233,0.01034391707,23,2.758889319,0,0,0,8,2.464,2.5,8,3.765004321e-06,53.04900242,0.03772300926,SW,0.0001777605746,90,4058.441558
ERF_Log_File_20250226_1420,1424641311,1d,0,4,0.00751887207,0.0119690998,23,2.755675064,0,0,0,9,2.464,2.5,9,0.0001417344668,53.04900242,0.03772300926,SW,0.0001783243586,90,4058.441558
ERF_Log_File_20250226_1420,1424641412,1d,0,4,-5.713746088e-05,0.01282862478,23,2.752476936,0,0,0,10,2.464,2.5,10,-1.077069469e-06,53.04900242,0.03772300926,SW,0.0001777602085,90,4058.441558
