log_file,gps_time_s,type,photodiode,detector_index,l,l_sd,npts,monitor,manip_x_mm,manip_y_mm,manip_pitch_deg,manip_yaw_deg,wavelength_um,opa_wavelength_um,rad_angle_deg,signal,l_center,l_center_sd,det_name,signal_uc,azimuth_deg,wavenum
ERF_Log_File_20250227_1737,1424738343,1d,0,3,-0.001641996636,0.005331485565,23,2.998350511,0,0,0,-10,0.36,0.36,10,-1.767420917e-05,92.90354212,0.01135968059,Total,5.836684517e-05,-90,27777.77778
ERF_Log_File_20250227_1737,1424738445,1d,0,3,0.005670238814,0.006182025007,23,3.006157617,0,0,0,-9,0.36,0.36,9,6.103361276e-05,92.90354212,0.01135968059,Total,5.865846835e-05,-90,27777.77778
ERF_Log_File_20250227_1737,1424738546,1d,0,3,0.0005507705761,0.00675171659,23,3.011005574,0,0,0,-8,0.36,0.36,8,5.928413099e-06,92.90354212,0.01135968059,Total,5.834309124e-05,-90,27777.77778
ERF_Log_File_20250227_1737,1424738647,1d,0,3,-0.002179620678,0.00725235497,23,3.012476894,0,0,0,-7,0.36,0.36,7,-2.346111492e-05,92.90354212,0.01135968059,Total,5.838723389e-05,-90,27777.77778
ERF_Log_File_20250227_1737,1424738736,1d,0,3,0.01282901734,0.006809046357,17,3.015624286,0,0,0,-6,0.36,0.36,6,0.000138089647,92.90354212,0.01135968059,Total,5.995208608e-05,-90,27777.77778
ERF_Log_File_20250227_1737,1424738797,1d,0,3,0.01579015116,0.006255190742,9,3.015677684,0,0,0,-5,0.36,0.36,5,0.000169962854,92.90354212,0.01135968059,Total,6.076544235e-05,-90,27777.77778
ERF_Log_File_20250227_1737,1424738834,1d,0,3,0.02913336391,0.004241211039,5,3.014658364,0,0,0,-4,0.36,0.36,4,0.0003135872244,92.90354212,0.01135968059,Total,6.623394732e-05,-90,27777.77778
ERF_Log_File_20250227_1737,1424738859,1d,0,3,0.09687972056,0.003159728444,3,3.018118286,0,0,0,-3,0.36,0.36,3,0.001042798997,92.90354212,0.01135968059,Total,0.0001194900773,-90,27777.77778
ERF_Log_File_20250227_1737,1424738879,1d,0,3,0.1645870399,0.003411989109,3,3.019467429,0,0,0,-2.5,0.36,0.36,2.5,0.001771590578,92.90354212,0.01135968059,Total,0.0001865179443,-90,27777.77778
ERF_Log_File_20250227_1737,1424738899,1d,0,3,0.3022871824,0.002768914139,3,3.019140857,0,0,0,-2,0.36,0.36,2,0.003253774565,92.90354212,0.01135968059,Total,0.0003305665021,-90,27777.77778
ERF_Log_File_20250227_1737,1424739060,1d,0,3,0.3314800287,0.008936197522,3,3.018286,0,0,0,2,0.36,0.36,2,0.00356800205,92.90354212,0.01135968059,Total,0.0003615385753,90,27777.77778
ERF_Log_File_20250227_1737,1424739081,1d,0,3,0.1712380231,0.001637731763,3,3.017134857,0,0,0,2.5,0.36,0.36,2.5,0.001843180778,92.90354212,0.01135968059,Total,0.0001933307256,90,27777.77778
ERF_Log_File_20250227_1737,1424739101,1d,0,3,0.1077923054,0.005915128793,3,3.016748286,0,0,0,3,0.36,0.36,3,0.001160260448,92.90354212,0.01135968059,Total,0.0001298677329,90,27777.77778
ERF_Log_File_20250227_1737,1424739126,1d,0,3,0.0305858848,0.004785713831,5,3.020861818,0,0,0,4,0.36,0.36,4,0.0003292219446,92.90354212,0.01135968059,Total,6.698833736e-05,90,27777.77778
ERF_Log_File_20250227_1737,1424739162,1d,0,3,0.01006693331,0.006118904367,9,3.018836421,0,0,0,5,0.36,0.36,5,0.0001083589826,92.90354212,0.01135968059,Total,5.93378606e-05,90,27777.77778
ERF_Log_File_20250227_1737,1424739223,1d,0,3,0.004398096083,0.007527888303,17,3.018071886,0,0,0,6,0.36,0.36,6,4.734045637e-05,92.90354212,0.01135968059,Total,5.853183797e-05,90,27777.77778
ERF_Log_File_20250227_1737,1424739312,1d,0,3,0.007936629807,0.006689756955,23,3.019613064,0,0,0,7,0.36,0.36,7,8.542871052e-05,92.90354212,0.01135968059,Total,5.896223867e-05,90,27777.77778
ERF_Log_File_20250227_1737,1424739414,1d,0,3,0.001994008784,0.006185222005,23,3.018121617,0,0,0,8,0.36,0.36,8,2.146321592e-05,92.90354212,0.01135968059,Total,5.837954725e-05,90,27777.77778
ERF_Log_File_20250227_1737,1424739515,1d,0,3,-0.003113282235,0.005814860634,23,3.019509745,0,0,0,9,0.36,0.36,9,-3.351090996e-05,92.90354212,0.01135968059,Total,5.843624442e-05,90,27777.77778
ERF_Log_File_20250227_1737,1424739616,1d,0,3,0.00279464663,0.0080057649,23,3.020031702,0,0,0,10,0.36,0.36,10,3.008116339e-05,92.90354212,0.01135968059,Total,5.841757965e-05,90,27777.77778
ERF_Log_File_20250227_1846,1424742423,1d,0,3,2.411779704e-05,0.004803267187,3,3.020689143,0,0,0,-8,0.36,0.36,8,2.583496916e-07,93.35330301,0.06782584623,Total,5.805901197e-05,-90,27777.77778
ERF_Log_File_20250227_1846,1424742443,1d,0,3,-0.0007740267181,0.007862901785,3,3.019856571,0,0,0,-7.6,0.36,0.36,7.6,-8.291369379e-06,93.35330301,0.06782584623,Total,5.806492665e-05,-90,27777.77778
ERF_Log_File_20250227_1846,1424742463,1d,0,3,0.002082472336,0.003944572145,3,3.0172,0,0,0,-7.2,0.36,0.36,7.2,2.230743069e-05,93.35330301,0.06782584623,Total,5.810184748e-05,-90,27777.77778
ERF_Log_File_20250227_1846,1424742483,1d,0,3,0.002885359624,0.005909641905,3,3.015165143,0,0,0,-6.8,0.36,0.36,6.8,3.090795431e-05,93.35330301,0.06782584623,Total,5.814122224e-05,-90,27777.77778
ERF_Log_File_20250227_1846,1424742503,1d,0,3,0.005553759353,0.003643657812,3,3.017472286,0,0,0,-6.4,0.36,0.36,6.4,5.949183557e-05,93.35330301,0.06782584623,Total,5.836302645e-05,-90,27777.77778
ERF_Log_File_20250227_1846,1424742523,1d,0,3,0.004320785224,0.007372413449,3,3.015814857,0,0,0,-6,0.36,0.36,6,4.628422439e-05,93.35330301,0.06782584623,Total,5.8243211e-05,-90,27777.77778
ERF_Log_File_20250227_1846,1424742544,1d,0,3,0.004754252455,0.006290910777,3,3.019348,0,0,0,-5.6,0.36,0.36,5.6,5.092752266e-05,93.35330301,0.06782584623,Total,5.828195002e-05,-90,27777.77778
ERF_Log_File_20250227_1846,1424742564,1d,0,3,0.01423136218,0.002462382506,3,3.015988571,0,0,0,-5.2,0.36,0.36,5.2,0.000152446263,93.35330301,0.06782584623,Total,6.002715304e-05,-90,27777.77778
ERF_Log_File_20250227_1846,1424742584,1d,0,3,0.01914506755,0.003414940374,3,3.017425714,0,0,0,-4.8,0.36,0.36,4.8,0.0002050818442,93.35330301,0.06782584623,Total,6.157480031e-05,-90,27777.77778
ERF_Log_File_20250227_1846,1424742604,1d,0,3,0.02504948111,0.003461181763,3,3.016776,0,0,0,-4.4,0.36,0.36,4.4,0.0002683298855,93.35330301,0.06782584623,Total,6.396010854e-05,-90,27777.77778
ERF_Log_File_20250227_1846,1424742624,1d,0,3,0.03564979956,0.005573635818,3,3.018560857,0,0,0,-4,0.36,0.36,4,0.0003818804307,93.35330301,0.06782584623,Total,6.949281846e-05,-90,27777.77778
ERF_Log_File_20250227_1846,1424742644,1d,0,3,0.05307539405,0.005860582178,3,3.01686,0,0,0,-3.6,0.36,0.36,3.6,0.0005685432903,93.35330301,0.06782584623,Total,8.126151342e-05,-90,27777.77778
ERF_Log_File_20250227_1846,1424742664,1d,0,3,0.07453908164,0.008371992996,3,3.016926857,0,0,0,-3.2,0.36,0.36,3.2,0.0007984621779,93.35330301,0.06782584623,Total,9.872488663e-05,-90,27777.77778
ERF_Log_File_20250227_1846,1424742685,1d,0,3,0.1220466378,0.004096517521,3,3.018064,0,0,0,-2.8,0.36,0.36,2.8,0.001307362823,93.35330301,0.06782584623,Total,0.0001430514801,-90,27777.77778
ERF_Log_File_20250227_1846,1424742705,1d,0,3,0.1959100826,0.005283046469,3,3.017339714,0,0,0,-2.4,0.36,0.36,2.4,0.002098587584,93.35330301,0.06782584623,Total,0.0002177472652,-90,27777.77778
ERF_Log_File_20250227_1846,1424742725,1d,0,3,0.3113628859,0.004542225435,3,3.018208857,0,0,0,-2,0.36,0.36,2,0.003335317293,93.35330301,0.06782584623,Total,0.0003385559554,-90,27777.77778
ERF_Log_File_20250227_1846,1424742926,1d,0,3,0.3206444706,0.003776581461,3,3.022049429,0,0,0,2,0.36,0.36,2,0.003434741571,93.35330301,0.06782584623,Total,0.0003483555258,90,27777.77778
ERF_Log_File_20250227_1846,1424742947,1d,0,3,0.1933929748,0.003645445167,3,3.020311714,0,0,0,2.4,0.36,0.36,2.4,0.002071624341,93.35330301,0.06782584623,Total,0.0002151496868,90,27777.77778
ERF_Log_File_20250227_1846,1424742967,1d,0,3,0.1214117031,0.004777292862,3,3.017512571,0,0,0,2.8,0.36,0.36,2.8,0.001300561407,93.35330301,0.06782584623,Total,0.0001424301261,90,27777.77778
ERF_Log_File_20250227_1846,1424742987,1d,0,3,0.07826561714,0.0033259081,3,3.020960857,0,0,0,3.2,0.36,0.36,3.2,0.0008383808029,93.35330301,0.06782584623,Total,0.0001019806008,90,27777.77778
ERF_Log_File_20250227_1846,1424743007,1d,0,3,0.04669644068,0.006371531142,3,3.019890571,0,0,0,3.6,0.36,0.36,3.6,0.0005002119815,93.35330301,0.06782584623,Total,7.663615692e-05,90,27777.77778
ERF_Log_File_20250227_1846,1424743027,1d,0,3,0.02678603501,0.004434065935,3,3.021571143,0,0,0,4,0.36,0.36,4,0.0002869318401,93.35330301,0.06782584623,Total,6.476256999e-05,90,27777.77778
ERF_Log_File_20250227_1846,1424743047,1d,0,3,0.02598356943,0.004639699639,3,3.019957143,0,0,0,4.4,0.36,0.36,4.4,0.0002783358338,93.35330301,0.06782584623,Total,6.438631424e-05,90,27777.77778
ERF_Log_File_20250227_1846,1424743067,1d,0,3,0.02587662361,0.005711052403,3,3.019775143,0,0,0,4.8,0.36,0.36,4.8,0.0002771902308,93.35330301,0.06782584623,Total,6.433687125e-05,90,27777.77778
ERF_Log_File_20250227_1846,1424743088,1d,0,3,0.01084129502,0.004482510534,3,3.022378,0,0,0,5.2,0.36,0.36,5.2,0.0001161318847,93.35330301,0.06782584623,Total,5.920913332e-05,90,27777.77778
ERF_Log_File_20250227_1846,1424743108,1d,0,3,0.008917183841,0.004797803056,3,3.022243143,0,0,0,5.6,0.36,0.36,5.6,9.552081772e-05,93.35330301,0.06782584623,Total,5.883957245e-05,90,27777.77778
ERF_Log_File_20250227_1846,1424743128,1d,0,3,0.009083252271,0.003334057572,3,3.021837714,0,0,0,6,0.36,0.36,6,9.729974172e-05,93.35330301,0.06782584623,Total,5.886871493e-05,90,27777.77778
ERF_Log_File_20250227_1846,1424743148,1d,0,3,0.006590688466,0.003324533504,3,3.021153143,0,0,0,6.4,0.36,0.36,6.4,7.059941377e-05,93.35330301,0.06782584623,Total,5.848669598e-05,90,27777.77778
ERF_Log_File_20250227_1846,1424743168,1d,0,3,0.01102142548,0.005678806592,3,3.020539143,0,0,0,6.8,0.36,0.36,6.8,0.0001180614411,93.35330301,0.06782584623,Total,5.924728348e-05,90,27777.77778
ERF_Log_File_20250227_1846,1424743188,1d,0,3,0.0056276568,0.006543098299,3,3.023239714,0,0,0,7.2,0.36,0.36,7.2,6.028342456e-05,93.35330301,0.06782584623,Total,5.837114899e-05,90,27777.77778
ERF_Log_File_20250227_1846,1424743208,1d,0,3,0.009541131319,0.004380854317,3,3.021530571,0,0,0,7.6,0.36,0.36,7.6,0.0001022045392,93.35330301,0.06782584623,Total,5.895177177e-05,90,27777.77778
ERF_Log_File_20250227_1846,1424743229,1d,0,3,0.006766132883,0.004316309246,3,3.022276286,0,0,0,8,0.36,0.36,8,7.247877327e-05,93.35330301,0.06782584623,Total,5.850968041e-05,90,27777.77778
ERF_Log_File_20250224_1300,1424462509,1d,0,3,0.002139415867,0.006135965262,23,2.37455634,0,0,0,-10,0.401,0.4,10,4.704656594e-06,454.7443208,0.5490956404,Total,1.192806846e-05,-90,24937.65586
ERF_Log_File_20250224_1300,1424462610,1d,0,3,-0.00217264421,0.007490655289,23,2.377570638,0,0,0,-9,0.401,0.4,9,-4.77772698e-06,454.7443208,0.5490956404,Total,1.192835894e-05,-90,24937.65586
ERF_Log_File_20250224_1300,1424462711,1d,0,3,0.01105002228,0.0055907448,23,2.392934596,0,0,0,-8,0.401,0.4,8,2.429941788e-05,454.7443208,0.5490956404,Total,1.216400119e-05,-90,24937.65586
ERF_Log_File_20250224_1300,1424462812,1d,0,3,0.0125909801,0.006619878324,23,2.382883319,0,0,0,-7,0.401,0.4,7,2.768804254e-05,454.7443208,0.5490956404,Total,1.223621027e-05,-90,24937.65586
ERF_Log_File_20250224_1300,1424462901,1d,0,3,0.02171300188,0.0046243235,17,2.396383257,0,0,0,-6,0.401,0.4,6,4.774771424e-05,454.7443208,0.5490956404,Total,1.283975129e-05,-90,24937.65586
ERF_Log_File_20250224_1300,1424462962,1d,0,3,0.06097630856,0.00587533698,9,2.394703474,0,0,0,-5,0.401,0.4,5,0.000134089214,454.7443208,0.5490956404,Total,1.794109347e-05,-90,24937.65586
ERF_Log_File_20250224_1300,1424462999,1d,0,3,0.1456078964,0.004963288926,5,2.392775455,0,0,0,-4,0.401,0.4,4,0.0003201972839,454.7443208,0.5490956404,Total,3.416825922e-05,-90,24937.65586
ERF_Log_File_20250224_1300,1424463024,1d,0,3,0.421167472,0.006328712283,3,2.371232286,0,0,0,-3,0.401,0.4,3,0.0009261632367,454.7443208,0.5490956404,Total,9.338678445e-05,-90,24937.65586
ERF_Log_File_20250224_1300,1424463044,1d,0,3,0.7205242005,0.00675585922,3,2.391592857,0,0,0,-2.5,0.401,0.4,2.5,0.001584460031,454.7443208,0.5490956404,Total,0.000158905172,-90,24937.65586
ERF_Log_File_20250224_1300,1424463064,1d,0,3,1.229583029,0.009681863886,3,2.392207714,0,0,0,-2,0.401,0.4,2,0.002703899691,454.7443208,0.5490956404,Total,0.0002706722233,-90,24937.65586
ERF_Log_File_20250224_1300,1424463225,1d,0,3,1.326059411,0.008648210182,3,2.38878,0,0,0,2,0.401,0.4,2,0.002916054914,454.7443208,0.5490956404,Total,0.0002918702076,90,24937.65586
ERF_Log_File_20250224_1300,1424463246,1d,0,3,0.7363026182,0.004902170057,3,2.388123429,0,0,0,2.5,0.401,0.4,2.5,0.00161915737,454.7443208,0.5490956404,Total,0.0001623655929,90,24937.65586
ERF_Log_File_20250224_1300,1424463266,1d,0,3,0.4372083317,0.005138924314,3,2.392524857,0,0,0,3,0.401,0.4,3,0.0009614376953,454.7443208,0.5490956404,Total,9.688668432e-05,90,24937.65586
ERF_Log_File_20250224_1300,1424463291,1d,0,3,0.1544853429,0.00665334587,5,2.393240364,0,0,0,4,0.401,0.4,4,0.0003397191254,454.7443208,0.5490956404,Total,3.600439635e-05,90,24937.65586
ERF_Log_File_20250224_1300,1424463327,1d,0,3,0.06703002058,0.006697616079,9,2.389666632,0,0,0,5,0.401,0.4,5,0.0001474015563,454.7443208,0.5490956404,Total,1.895682762e-05,90,24937.65586
ERF_Log_File_20250224_1300,1424463388,1d,0,3,0.02887121789,0.005944038328,17,2.392813486,0,0,0,6,0.401,0.4,6,6.348890261e-05,454.7443208,0.5490956404,Total,1.350450782e-05,90,24937.65586
ERF_Log_File_20250224_1300,1424463477,1d,0,3,0.007435485928,0.005979351396,23,2.391444766,0,0,0,7,0.401,0.4,7,1.635091542e-05,454.7443208,0.5490956404,Total,1.203043478e-05,90,24937.65586
ERF_Log_File_20250224_1300,1424463579,1d,0,3,0.008452231927,0.007188702277,23,2.40515834,0,0,0,8,0.401,0.4,8,1.858677842e-05,454.7443208,0.5490956404,Total,1.206286176e-05,90,24937.65586
ERF_Log_File_20250224_1300,1424463680,1d,0,3,0.005609772854,0.005498482926,23,2.395982043,0,0,0,9,0.401,0.4,9,1.233610316e-05,454.7443208,0.5490956404,Total,1.198246482e-05,90,24937.65586
ERF_Log_File_20250224_1300,1424463781,1d,0,3,-0.004759020775,0.007407285292,23,2.39893966,0,0,0,10,0.401,0.4,10,-1.046526709e-05,454.7443208,0.5490956404,Total,1.196464896e-05,90,24937.65586
ERF_Log_File_20250226_1006,1424624887,2d,0,3,0.01486396165,0.006245184514,3,4.201203143,0,0,-3,-8.125,0.401,0.4,8.661156101,3.865063449e-05,384.5722545,0.6692956125,Total,1.461411132e-05,-110.2656975,24937.65586
ERF_Log_File_20250226_1006,1424624907,2d,0,3,0.003953582019,0.003652674954,3,4.182778,0,0,-3,-7.5,0.401,0.4,8.077747211,1.028046608e-05,384.5722545,0.6692956125,Total,1.413103709e-05,-111.8014095,24937.65586
ERF_Log_File_20250226_1006,1424624928,2d,0,3,0.0112897865,0.007056518971,3,4.219707429,0,0,-3,-6.875,0.401,0.4,7.501041594,2.935673692e-05,384.5722545,0.6692956125,Total,1.439617309e-05,-113.5747062,24937.65586
ERF_Log_File_20250226_1006,1424624948,2d,0,3,0.01146538838,0.008100692582,3,4.233912286,0,0,-3,-6.25,0.401,0.4,6.932712312,2.981335301e-05,384.5722545,0.6692956125,Total,1.440555663e-05,-115.6410058,24937.65586
ERF_Log_File_20250226_1006,1424624968,2d,0,3,0.02309165825,0.003732988183,3,4.209721143,0,0,-3,-5.625,0.401,0.4,6.375,6.00450448e-05,384.5722545,0.6692956125,Total,1.531972597e-05,-118.0724869,24937.65586
ERF_Log_File_20250226_1006,1424624989,2d,0,3,0.01887930905,0.007724444297,3,4.237216857,0,0,-3,-5,0.401,0.4,5.830951895,4.909170858e-05,384.5722545,0.6692956125,Total,1.492435149e-05,-120.9637565,24937.65586
ERF_Log_File_20250226_1006,1424625009,2d,0,3,0.04059515435,0.002284890944,3,4.226254857,0,0,-3,-4.375,0.401,0.4,5.304773793,0.0001055592386,384.5722545,0.6692956125,Total,1.760938067e-05,-124.4389893,24937.65586
ERF_Log_File_20250226_1006,1424625030,2d,0,3,0.05746720668,0.005818960041,3,4.213502571,0,0,-3,-3.75,0.401,0.4,4.802343178,0.0001494314944,384.5722545,0.6692956125,Total,2.054250127e-05,-128.6598083,24937.65586
ERF_Log_File_20250226_1006,1424625050,2d,0,3,0.09985678695,0.007677471699,3,4.228128286,0,0,-3,-3.125,0.401,0.4,4.331930863,0.0002596567635,384.5722545,0.6692956125,Total,2.954741222e-05,-133.8308607,24937.65586
ERF_Log_File_20250226_1006,1424625070,2d,0,3,0.1338508994,0.003315447406,3,4.201492,0,0,-3,-2.5,0.401,0.4,3.905124838,0.0003480513683,384.5722545,0.6692956125,Total,3.75552057e-05,-140.1944289,24937.65586
ERF_Log_File_20250226_1006,1424625091,2d,0,3,0.2144887107,0.003891884485,3,4.219198286,0,0,-3,-1.875,0.401,0.4,3.537742925,0.0005577331912,384.5722545,0.6692956125,Total,5.753463577e-05,-147.9946168,24937.65586
ERF_Log_File_20250226_1006,1424625111,2d,0,3,0.3053236153,0.005415158317,3,4.235769429,0,0,-3,-1.25,0.401,0.4,3.25,0.0007939304299,384.5722545,0.6692956125,Total,8.064610006e-05,-157.3801351,24937.65586
ERF_Log_File_20250226_1006,1424625131,2d,0,3,0.3755986511,0.003297386543,3,4.201972571,0,0,-3,-0.625,0.401,0.4,3.064412668,0.0009766660146,384.5722545,0.6692956125,Total,9.869287317e-05,-168.2317111,24937.65586
ERF_Log_File_20250226_1006,1424625152,2d,0,3,0.4240866899,0.004576454391,3,4.211503429,0,0,-3,0,0.401,0.4,3,0.001102749054,384.5722545,0.6692956125,Total,0.0001111884303,180,24937.65586
ERF_Log_File_20250226_1006,1424625172,2d,0,3,0.3940194852,0.005883175925,3,4.205014286,0,0,-3,0.625,0.401,0.4,3.064412668,0.001024565554,384.5722545,0.6692956125,Total,0.0001034367162,168.2317111,24937.65586
ERF_Log_File_20250226_1006,1424625192,2d,0,3,0.3099090371,0.004197429555,3,4.233299143,0,0,-3,1.25,0.401,0.4,3.25,0.0008058538636,384.5722545,0.6692956125,Total,8.182053808e-05,157.3801351,24937.65586
ERF_Log_File_20250226_1006,1424625213,2d,0,3,0.2266213437,0.009250226524,3,4.429970571,0,0,-3,1.875,0.401,0.4,3.537742925,0.0005892815748,384.5722545,0.6692956125,Total,6.059875028e-05,147.9946168,24937.65586
ERF_Log_File_20250226_1006,1424625233,2d,0,3,0.1402083443,0.003685679347,3,4.270844,0,0,-3,2.5,0.401,0.4,3.905124838,0.0003645825789,384.5722545,0.6692956125,Total,3.909266141e-05,140.1944289,24937.65586
ERF_Log_File_20250226_1006,1424625253,2d,0,3,0.100228633,0.006553787625,3,4.232942571,0,0,-3,3.125,0.401,0.4,4.331930863,0.0002606236717,384.5722545,0.6692956125,Total,2.963244382e-05,133.8308607,24937.65586
ERF_Log_File_20250226_1006,1424625274,2d,0,3,0.0595987629,0.006035858606,3,4.218034,0,0,-3,3.75,0.401,0.4,4.802343178,0.0001549741621,384.5722545,0.6692956125,Total,2.094926401e-05,128.6598083,24937.65586
ERF_Log_File_20250226_1006,1424625294,2d,0,3,0.03493959256,0.004676327634,3,4.230492571,0,0,-3,4.375,0.401,0.4,5.304773793,9.085312876e-05,384.5722545,0.6692956125,Total,1.676892723e-05,124.4389893,24937.65586
ERF_Log_File_20250226_1006,1424625314,2d,0,3,0.01963481415,0.004101573475,3,4.194668286,0,0,-3,5,0.401,0.4,5.830951895,5.105624216e-05,384.5722545,0.6692956125,Total,1.499014021e-05,120.9637565,24937.65586
ERF_Log_File_20250226_1006,1424625335,2d,0,3,0.01865645095,0.004590292446,3,4.213844286,0,0,-3,5.625,0.401,0.4,6.375,4.851221254e-05,384.5722545,0.6692956125,Total,1.490538444e-05,118.0724869,24937.65586
ERF_Log_File_20250226_1006,1424625355,2d,0,3,0.01953321478,0.003316960067,3,4.212523429,0,0,-3,6.25,0.401,0.4,6.932712312,5.079205416e-05,384.5722545,0.6692956125,Total,1.498115987e-05,115.6410058,24937.65586
ERF_Log_File_20250226_1006,1424625376,2d,0,3,0.01354680613,0.005555123067,3,4.230815714,0,0,-3,6.875,0.401,0.4,7.501041594,3.522564609e-05,384.5722545,0.6692956125,Total,1.452725814e-05,113.5747062,24937.65586
ERF_Log_File_20250226_1006,1424625396,2d,0,3,0.006529534945,0.008739050252,3,4.266054,0,0,-3,7.5,0.401,0.4,8.077747211,1.697869482e-05,384.5722545,0.6692956125,Total,1.41955149e-05,111.8014095,24937.65586
ERF_Log_File_20250226_1006,1424625416,2d,0,3,0.01574679467,0.008632844161,3,4.243132286,0,0,-3,8.125,0.401,0.4,8.661156101,4.094625778e-05,384.5722545,0.6692956125,Total,1.467651348e-05,110.2656975,24937.65586
ERF_Log_File_20250226_1006,1424625452,2d,0,3,0.008513288491,0.005362817957,3,4.206975714,0,0,-2,-8.125,0.401,0.4,8.367533986,2.213703248e-05,384.5722545,0.6692956125,Total,1.426642827e-05,-103.828651,24937.65586
ERF_Log_File_20250226_1006,1424625473,2d,0,3,-0.0007095733217,0.004911400021,3,4.229593714,0,0,-2,-7.5,0.401,0.4,7.762087348,-1.845097542e-06,384.5722545,0.6692956125,Total,1.409478852e-05,-104.9314172,24937.65586
ERF_Log_File_20250226_1006,1424625493,2d,0,3,0.01193569457,0.004233673482,3,4.182086571,0,0,-2,-6.875,0.401,0.4,7.160001746,3.103628624e-05,384.5722545,0.6692956125,Total,1.443136991e-05,-106.2201937,24937.65586
ERF_Log_File_20250226_1006,1424625513,2d,0,3,0.01617937594,0.007374303018,3,4.206844857,0,0,-2,-6.25,0.401,0.4,6.562202374,4.207109523e-05,384.5722545,0.6692956125,Total,1.470830177e-05,-107.7446716,24937.65586
ERF_Log_File_20250226_1006,1424625534,2d,0,3,0.01741319555,0.003850937376,3,4.202650571,0,0,-2,-5.625,0.401,0.4,5.969976968,4.527938598e-05,384.5722545,0.6692956125,Total,1.480329177e-05,-109.5731258,24937.65586
ERF_Log_File_20250226_1006,1424625554,2d,0,3,0.04282264273,0.006607825373,3,4.278378286,0,0,-2,-5,0.401,0.4,5.385164807,0.0001113513579,384.5722545,0.6692956125,Total,1.796267835e-05,-111.8014095,24937.65586
ERF_Log_File_20250226_1006,1424625574,2d,0,3,0.05976621908,0.002762478297,3,4.249360286,0,0,-2,-4.375,0.401,0.4,4.810470351,0.000155409597,384.5722545,0.6692956125,Total,2.098150593e-05,-114.5671713,24937.65586
ERF_Log_File_20250226_1006,1424625595,2d,0,3,0.1037194586,0.002711003854,3,4.248649143,0,0,-2,-3.75,0.401,0.4,4.25,0.0002697008363,384.5722545,0.6692956125,Total,3.043410481e-05,-118.0724869,24937.65586
ERF_Log_File_20250226_1006,1424625615,2d,0,3,0.1835988925,0.006295321467,3,4.226243714,0,0,-2,-3.125,0.401,0.4,3.71020552,0.0004774106565,384.5722545,0.6692956125,Total,4.9784824e-05,-122.6192431,24937.65586
ERF_Log_File_20250226_1006,1424625635,2d,0,3,0.3136261063,0.009252431119,3,4.189099143,0,0,-2,-2.5,0.401,0.4,3.201562119,0.0008155193273,384.5722545,0.6692956125,Total,8.277294941e-05,-128.6598083,24937.65586
ERF_Log_File_20250226_1006,1424625656,2d,0,3,0.4850364454,0.004621486586,3,4.232419143,0,0,-2,-1.875,0.401,0.4,2.741464025,0.001261236191,384.5722545,0.6692956125,Total,0.000126927595,-136.8476103,24937.65586
ERF_Log_File_20250226_1006,1424625676,2d,0,3,0.8011898814,0.001745692647,3,4.243292,0,0,-2,-1.25,0.401,0.4,2.358495283,0.002083327312,384.5722545,0.6692956125,Total,0.0002088403743,-147.9946168,24937.65586
ERF_Log_File_20250226_1006,1424625758,2d,0,3,0.855286098,0.005188618045,3,4.232716286,0,0,-2,1.25,0.401,0.4,2.358495283,0.00222399325,384.5722545,0.6692956125,Total,0.0002228790478,147.9946168,24937.65586
ERF_Log_File_20250226_1006,1424625778,2d,0,3,0.5085582543,0.002340219258,3,4.181765429,0,0,-2,1.875,0.401,0.4,2.741464025,0.001322399753,384.5722545,0.6692956125,Total,0.0001330087846,136.8476103,24937.65586
ERF_Log_File_20250226_1006,1424625798,2d,0,3,0.3196178307,0.008185472325,3,4.208905429,0,0,-2,2.5,0.401,0.4,3.201562119,0.000831099558,384.5722545,0.6692956125,Total,8.43088719e-05,128.6598083,24937.65586
ERF_Log_File_20250226_1006,1424625819,2d,0,3,0.177218402,0.004861592329,3,4.249222857,0,0,-2,3.125,0.401,0.4,3.71020552,0.0004608195208,384.5722545,0.6692956125,Total,4.81956275e-05,122.6192431,24937.65586
ERF_Log_File_20250226_1006,1424625839,2d,0,3,0.09976934171,0.00639349536,3,4.200452,0,0,-2,3.75,0.401,0.4,4.25,0.0002594293804,384.5722545,0.6692956125,Total,2.952742619e-05,118.0724869,24937.65586
ERF_Log_File_20250226_1006,1424625859,2d,0,3,0.06477371784,0.007164475081,3,4.234579143,0,0,-2,4.375,0.401,0.4,4.810470351,0.0001684305539,384.5722545,0.6692956125,Total,2.196368479e-05,114.5671713,24937.65586
ERF_Log_File_20250226_1006,1424625880,2d,0,3,0.03874082406,0.001691237952,3,4.179200857,0,0,-2,5,0.401,0.4,5.385164807,0.0001007374391,384.5722545,0.6692956125,Total,1.732455087e-05,111.8014095,24937.65586
ERF_Log_File_20250226_1006,1424625900,2d,0,3,0.03493648764,0.003497960772,3,4.206743429,0,0,-2,5.625,0.401,0.4,5.969976968,9.084505507e-05,384.5722545,0.6692956125,Total,1.676848969e-05,109.5731258,24937.65586
ERF_Log_File_20250226_1006,1424625920,2d,0,3,0.0202348622,0.007560429694,3,4.203689143,0,0,-2,6.25,0.401,0.4,6.562202374,5.261654204e-05,384.5722545,0.6692956125,Total,1.504401541e-05,107.7446716,24937.65586
ERF_Log_File_20250226_1006,1424625941,2d,0,3,0.008527092853,0.005031252915,3,4.229391429,0,0,-2,6.875,0.401,0.4,7.160001746,2.217292785e-05,384.5722545,0.6692956125,Total,1.426698587e-05,106.2201937,24937.65586
ERF_Log_File_20250226_1006,1424625961,2d,0,3,0.004767599541,0.005077177806,3,4.195418571,0,0,-2,7.5,0.401,0.4,7.762087348,1.2397149e-05,384.5722545,0.6692956125,Total,1.414801639e-05,104.9314172,24937.65586
ERF_Log_File_20250226_1006,1424625981,2d,0,3,0.004262565693,0.004186455474,3,4.166464,0,0,-2,8.125,0.401,0.4,8.367533986,1.108391373e-05,384.5722545,0.6692956125,Total,1.413711119e-05,103.828651,24937.65586
ERF_Log_File_20250226_1006,1424626017,2d,0,3,0.003184539999,0.007353352749,3,4.199310571,0,0,-1,-8.125,0.401,0.4,8.186307165,8.280732584e-06,384.5722545,0.6692956125,Total,1.411789369e-05,-97.01650174,24937.65586
ERF_Log_File_20250226_1006,1424626038,2d,0,3,0.006085540046,0.003646924306,3,4.202778857,0,0,-1,-7.5,0.401,0.4,7.566372975,1.582417861e-05,384.5722545,0.6692956125,Total,1.418216535e-05,-97.59464337,24937.65586
ERF_Log_File_20250226_1006,1424626058,2d,0,3,-0.002697458982,0.008447495,3,4.209241714,0,0,-1,-6.875,0.401,0.4,6.947346616,-7.014179911e-06,384.5722545,0.6692956125,Total,1.411102922e-05,-98.27589283,24937.65586
ERF_Log_File_20250226_1006,1424626078,2d,0,3,0.02144823229,0.005346766013,3,4.196321714,0,0,-1,-6.25,0.401,0.4,6.329494451,5.577165809e-05,384.5722545,0.6692956125,Total,1.515728238e-05,-99.09027692,24937.65586
ERF_Log_File_20250226_1006,1424626099,2d,0,3,0.03134020928,0.004705499793,3,4.226203429,0,0,-1,-5.625,0.401,0.4,5.713197441,8.149368269e-05,384.5722545,0.6692956125,Total,1.628070416e-05,-100.080598,24937.65586
ERF_Log_File_20250226_1006,1424626119,2d,0,3,0.04634783813,0.006428025545,3,4.164596857,0,0,-1,-5,0.401,0.4,5.099019514,0.0001205178938,384.5722545,0.6692956125,Total,1.854504326e-05,-101.3099325,24937.65586
ERF_Log_File_20250226_1006,1424626140,2d,0,3,0.08479681248,0.004171014791,3,4.231912286,0,0,-1,-4.375,0.401,0.4,4.487830768,0.0002204964385,384.5722545,0.6692956125,Total,2.6171799e-05,-102.8750016,24937.65586
ERF_Log_File_20250226_1006,1424626160,2d,0,3,0.1477681203,0.007654077712,3,4.203960857,0,0,-1,-3.75,0.401,0.4,3.881043674,0.0003842402009,384.5722545,0.6692956125,Total,4.093264605e-05,-104.9314172,24937.65586
ERF_Log_File_20250226_1006,1424626180,2d,0,3,0.277621367,0.01113443262,3,4.185494571,0,0,-1,-3.125,0.401,0.4,3.281101187,0.0007218965064,384.5722545,0.6692956125,Total,7.356325927e-05,-107.7446716,24937.65586
ERF_Log_File_20250226_1006,1424626201,2d,0,3,0.490796977,0.008658888914,3,4.197056571,0,0,-1,-2.5,0.401,0.4,2.692582404,0.001276215253,384.5722545,0.6692956125,Total,0.0001284165718,-111.8014095,24937.65586
ERF_Log_File_20250226_1006,1424626221,2d,0,3,0.9363967127,0.0047491635,3,4.204237143,0,0,-1,-1.875,0.401,0.4,2.125,0.002434904499,384.5722545,0.6692956125,Total,0.0002439347979,-118.0724869,24937.65586
ERF_Log_File_20250226_1006,1424626343,2d,0,3,1.024836126,0.005095188787,3,4.222508857,0,0,-1,1.875,0.401,0.4,2.125,0.002664872761,384.5722545,0.6692956125,Total,0.0002668999943,118.0724869,24937.65586
ERF_Log_File_20250226_1006,1424626363,2d,0,3,0.522106713,0.003016235372,3,4.179666286,0,0,-1,2.5,0.401,0.4,2.692582404,0.001357629696,384.5722545,0.6692956125,Total,0.000136512987,111.8014095,24937.65586
ERF_Log_File_20250226_1006,1424626384,2d,0,3,0.2894846355,0.00473139395,3,4.201988857,0,0,-1,3.125,0.401,0.4,3.281101187,0.0007527444637,384.5722545,0.6692956125,Total,7.659365192e-05,107.7446716,24937.65586
ERF_Log_File_20250226_1006,1424626404,2d,0,3,0.1388739492,0.00568195883,3,4.221690857,0,0,-1,3.75,0.401,0.4,3.881043674,0.0003611127626,384.5722545,0.6692956125,Total,3.876916628e-05,104.9314172,24937.65586
ERF_Log_File_20250226_1006,1424626424,2d,0,3,0.08836907765,0.003643931452,3,4.256117429,0,0,-1,4.375,0.401,0.4,4.487830768,0.0002297853696,384.5722545,0.6692956125,Total,2.695926739e-05,102.8750016,24937.65586
ERF_Log_File_20250226_1006,1424626445,2d,0,3,0.04663075784,0.004120483979,3,4.191995143,0,0,-1,5,0.401,0.4,5.099019514,0.0001212535675,384.5722545,0.6692956125,Total,1.859295075e-05,101.3099325,24937.65586
ERF_Log_File_20250226_1006,1424626465,2d,0,3,0.02717424784,0.005231669107,3,4.195472,0,0,-1,5.625,0.401,0.4,5.713197441,7.066096818e-05,384.5722545,0.6692956125,Total,1.576622519e-05,100.080598,24937.65586
ERF_Log_File_20250226_1006,1424626485,2d,0,3,0.013975471,0.004294795359,3,4.200052,0,0,-1,6.25,0.401,0.4,6.329494451,3.634029975e-05,384.5722545,0.6692956125,Total,1.455469626e-05,99.09027692,24937.65586
ERF_Log_File_20250226_1006,1424626506,2d,0,3,-0.0001249188119,0.003896996045,3,4.218381429,0,0,-1,6.875,0.401,0.4,6.947346616,-3.248253363e-07,384.5722545,0.6692956125,Total,1.409361787e-05,98.27589283,24937.65586
ERF_Log_File_20250226_1006,1424626526,2d,0,3,0.006058892714,0.002782010576,3,4.190512286,0,0,-1,7.5,0.401,0.4,7.566372975,1.575488778e-05,384.5722545,0.6692956125,Total,1.418139366e-05,97.59464337,24937.65586
ERF_Log_File_20250226_1006,1424626547,2d,0,3,-0.005857152266,0.006253995269,3,4.216824857,0,0,-1,8.125,0.401,0.4,8.186307165,-1.523030379e-05,384.5722545,0.6692956125,Total,1.417565989e-05,97.01650174,24937.65586
ERF_Log_File_20250226_1006,1424626583,2d,0,3,0.0003890571721,0.005081611299,3,4.212657429,0,0,0,-8.125,0.401,0.4,8.125,1.011662093e-06,384.5722545,0.6692956125,Total,1.409394363e-05,-90,24937.65586
ERF_Log_File_20250226_1006,1424626603,2d,0,3,0.008350401684,0.005142952159,3,4.215282571,0,0,0,-7.5,0.401,0.4,7.5,2.171347929e-05,384.5722545,0.6692956125,Total,1.425991547e-05,-90,24937.65586
ERF_Log_File_20250226_1006,1424626623,2d,0,3,0.01205720365,0.005121964991,3,4.215505143,0,0,0,-6.875,0.401,0.4,6.875,3.135224527e-05,384.5722545,0.6692956125,Total,1.443820001e-05,-90,24937.65586
ERF_Log_File_20250226_1006,1424626644,2d,0,3,0.02227435783,0.00608300836,3,4.154002857,0,0,0,-6.25,0.401,0.4,6.25,5.79198254e-05,384.5722545,0.6692956125,Total,1.523765835e-05,-90,24937.65586
ERF_Log_File_20250226_1006,1424626664,2d,0,3,0.04401248358,0.003422411131,3,4.200785143,0,0,0,-5.625,0.401,0.4,5.625,0.000114445291,384.5722545,0.6692956125,Total,1.815615397e-05,-90,24937.65586
ERF_Log_File_20250226_1006,1424626684,2d,0,3,0.06028715973,0.006965021344,3,4.213159714,0,0,0,-5,0.401,0.4,5,0.0001567641946,384.5722545,0.6692956125,Total,2.108206752e-05,-90,24937.65586
ERF_Log_File_20250226_1006,1424626705,2d,0,3,0.08783627845,0.00353129853,3,4.211043429,0,0,0,-4.375,0.401,0.4,4.375,0.0002283999363,384.5722545,0.6692956125,Total,2.684124297e-05,-90,24937.65586
ERF_Log_File_20250226_1006,1424626725,2d,0,3,0.147665821,0.004516229043,3,4.173843143,0,0,0,-3.75,0.401,0.4,3.75,0.0003839741929,384.5722545,0.6692956125,Total,4.090766898e-05,-90,24937.65586
ERF_Log_File_20250226_1006,1424626745,2d,0,3,0.3101571173,0.00381181544,3,4.221978286,0,0,0,-3.125,0.401,0.4,3.125,0.0008064989443,384.5722545,0.6692956125,Total,8.188409234e-05,-90,24937.65586
ERF_Log_File_20250226_1006,1424626766,2d,0,3,0.5924740783,0.004334999995,3,4.268166571,0,0,0,-2.5,0.401,0.4,2.5,0.001540605365,384.5722545,0.6692956125,Total,0.000154727072,-90,24937.65586
ERF_Log_File_20250226_1006,1424626786,2d,0,3,1.20551463,0.006690421341,3,4.229139429,0,0,0,-1.875,0.401,0.4,1.875,0.003134689556,384.5722545,0.6692956125,Total,0.000313833041,-90,24937.65586
ERF_Log_File_20250226_1006,1424626908,2d,0,3,1.316999511,0.004054394663,3,4.214268,0,0,0,1.875,0.401,0.4,1.875,0.003424582756,384.5722545,0.6692956125,Total,0.0003427999728,90,24937.65586
ERF_Log_File_20250226_1006,1424626928,2d,0,3,0.621270344,0.008549963071,3,4.225309429,0,0,0,2.5,0.401,0.4,2.5,0.001615484052,384.5722545,0.6692956125,Total,0.0001621863771,90,24937.65586
ERF_Log_File_20250226_1006,1424626949,2d,0,3,0.325839842,0.004623523467,3,4.227359429,0,0,0,3.125,0.401,0.4,3.125,0.0008472786015,384.5722545,0.6692956125,Total,8.590467776e-05,90,24937.65586
ERF_Log_File_20250226_1006,1424626969,2d,0,3,0.1511632649,0.003602131975,3,4.213627429,0,0,0,3.75,0.401,0.4,3.75,0.0003930685667,384.5722545,0.6692956125,Total,4.17627341e-05,90,24937.65586
ERF_Log_File_20250226_1006,1424626990,2d,0,3,0.08319306091,0.005028610741,3,4.240143429,0,0,0,4.375,0.401,0.4,4.375,0.0002163262168,384.5722545,0.6692956125,Total,2.582132979e-05,90,24937.65586
ERF_Log_File_20250226_1006,1424627010,2d,0,3,0.0503608934,0.005425006158,3,4.221357429,0,0,0,5,0.401,0.4,5,0.0001309530077,384.5722545,0.6692956125,Total,1.923974669e-05,90,24937.65586
ERF_Log_File_20250226_1006,1424627030,2d,0,3,0.0296873327,0.005338864435,3,4.201011714,0,0,0,5.625,0.401,0.4,5.625,7.719572162e-05,384.5722545,0.6692956125,Total,1.606981186e-05,90,24937.65586
ERF_Log_File_20250226_1006,1424627051,2d,0,3,0.01883637845,0.003929258236,3,4.267099143,0,0,0,6.25,0.401,0.4,6.25,4.898007652e-05,384.5722545,0.6692956125,Total,1.492068211e-05,90,24937.65586
ERF_Log_File_20250226_1006,1424627071,2d,0,3,0.01575472494,0.004101466522,3,4.245655714,0,0,0,6.875,0.401,0.4,6.875,4.09668788e-05,384.5722545,0.6692956125,Total,1.467708909e-05,90,24937.65586
ERF_Log_File_20250226_1006,1424627091,2d,0,3,0.008951034464,0.006187633584,3,4.219799714,0,0,0,7.5,0.401,0.4,7.5,2.327529966e-05,384.5722545,0.6692956125,Total,1.42845387e-05,90,24937.65586
ERF_Log_File_20250226_1006,1424627112,2d,0,3,0.01320059926,0.005805381999,3,4.187089429,0,0,0,8.125,0.401,0.4,8.125,3.432540726e-05,384.5722545,0.6692956125,Total,1.450568557e-05,90,24937.65586
ERF_Log_File_20250226_1006,1424627148,2d,0,3,0.00161146424,0.007499084444,3,4.240072857,0,0,1,-8.125,0.401,0.4,8.186307165,4.190276915e-06,384.5722545,0.6692956125,Total,1.409981017e-05,-82.98349826,24937.65586
ERF_Log_File_20250226_1006,1424627168,2d,0,3,0.01720630697,0.002472772293,3,4.227495714,0,0,1,-7.5,0.401,0.4,7.566372975,4.474141534e-05,384.5722545,0.6692956125,Total,1.47869204e-05,-82.40535663,24937.65586
ERF_Log_File_20250226_1006,1424627188,2d,0,3,0.01709946755,0.007373436791,3,4.229764,0,0,1,-6.875,0.401,0.4,6.947346616,4.44636017e-05,384.5722545,0.6692956125,Total,1.477853566e-05,-81.72410717,24937.65586
ERF_Log_File_20250226_1006,1424627209,2d,0,3,0.01734527169,0.005526855843,3,4.214037143,0,0,1,-6.25,0.401,0.4,6.329494451,4.510276415e-05,384.5722545,0.6692956125,Total,1.479789729e-05,-80.90972308,24937.65586
ERF_Log_File_20250226_1006,1424627229,2d,0,3,0.03266987026,0.006356233721,3,4.229984286,0,0,1,-5.625,0.401,0.4,5.713197441,8.495118896e-05,384.5722545,0.6692956125,Total,1.64565462e-05,-79.91940201,24937.65586
ERF_Log_File_20250226_1006,1424627249,2d,0,3,0.04893109984,0.009217225465,3,4.192806571,0,0,1,-5,0.401,0.4,5.099019514,0.0001272351275,384.5722545,0.6692956125,Total,1.898857077e-05,-78.69006753,24937.65586
ERF_Log_File_20250226_1006,1424627270,2d,0,3,0.07789209066,0.005848558526,3,4.253514286,0,0,1,-4.375,0.401,0.4,4.487830768,0.0002025421484,384.5722545,0.6692956125,Total,2.467765148e-05,-77.12499844,24937.65586
ERF_Log_File_20250226_1006,1424627290,2d,0,3,0.1324847222,0.005367590914,3,4.217134571,0,0,1,-3.75,0.401,0.4,3.881043674,0.0003444989093,384.5722545,0.6692956125,Total,3.722611259e-05,-75.06858282,24937.65586
ERF_Log_File_20250226_1006,1424627310,2d,0,3,0.2607830312,0.005158369307,3,4.241881714,0,0,1,-3.125,0.401,0.4,3.281101187,0.0006781119234,384.5722545,0.6692956125,Total,6.927033706e-05,-72.25532837,24937.65586
ERF_Log_File_20250226_1006,1424627331,2d,0,3,0.4896651435,0.007926899165,3,4.192910857,0,0,1,-2.5,0.401,0.4,2.692582404,0.001273272156,384.5722545,0.6692956125,Total,0.0001281239997,-68.19859051,24937.65586
ERF_Log_File_20250226_1006,1424627351,2d,0,3,0.9739685763,0.005795280339,3,4.214102857,0,0,1,-1.875,0.401,0.4,2.125,0.0025326023,384.5722545,0.6692956125,Total,0.0002536903634,-61.92751306,24937.65586
ERF_Log_File_20250226_1006,1424627473,2d,0,3,1.024013759,0.008057029516,3,4.254322857,0,0,1,1.875,0.401,0.4,2.125,0.002662734368,384.5722545,0.6692956125,Total,0.0002666864213,61.92751306,24937.65586
ERF_Log_File_20250226_1006,1424627494,2d,0,3,0.5155688318,0.007348659325,3,4.226552,0,0,1,2.5,0.401,0.4,2.692582404,0.001340629299,384.5722545,0.6692956125,Total,0.0001348218896,68.19859051,24937.65586
ERF_Log_File_20250226_1006,1424627514,2d,0,3,0.2816737076,0.001801428219,3,4.211713143,0,0,1,3.125,0.401,0.4,3.281101187,0.0007324337737,384.5722545,0.6692956125,Total,7.459789676e-05,72.25532837,24937.65586
ERF_Log_File_20250226_1006,1424627534,2d,0,3,0.1372260594,0.003072616757,3,4.196182571,0,0,1,3.75,0.401,0.4,3.881043674,0.0003568277684,384.5722545,0.6692956125,Total,3.83702388e-05,75.06858282,24937.65586
ERF_Log_File_20250226_1006,1424627555,2d,0,3,0.08004561185,0.007376967679,3,4.208967714,0,0,1,4.375,0.401,0.4,4.487830768,0.0002081419315,384.5722545,0.6692956125,Total,2.513942851e-05,77.12499844,24937.65586
ERF_Log_File_20250226_1006,1424627575,2d,0,3,0.04775240386,0.008325345885,3,4.282789714,0,0,1,5,0.401,0.4,5.099019514,0.0001241701743,384.5722545,0.6692956125,Total,1.878451572e-05,78.69006753,24937.65586
ERF_Log_File_20250226_1006,1424627595,2d,0,3,0.03131180849,0.002292547178,3,4.227380857,0,0,1,5.625,0.401,0.4,5.713197441,8.141983236e-05,384.5722545,0.6692956125,Total,1.627700769e-05,79.91940201,24937.65586
ERF_Log_File_20250226_1006,1424627616,2d,0,3,0.02498834517,0.005401884288,3,4.245145714,0,0,1,6.25,0.401,0.4,6.329494451,6.497698386e-05,384.5722545,0.6692956125,Total,1.551972556e-05,80.90972308,24937.65586
ERF_Log_File_20250226_1006,1424627636,2d,0,3,0.01408225982,0.009162066217,3,4.197290286,0,0,1,6.875,0.401,0.4,6.947346616,3.661798182e-05,384.5722545,0.6692956125,Total,1.456165638e-05,81.72410717,24937.65586
ERF_Log_File_20250226_1006,1424627656,2d,0,3,0.005490164502,0.004503798295,3,4.220369143,0,0,1,7.5,0.401,0.4,7.566372975,1.427602859e-05,384.5722545,0.6692956125,Total,1.416572189e-05,82.40535663,24937.65586
ERF_Log_File_20250226_1006,1424627677,2d,0,3,0.01194298354,0.004689161185,3,4.208093714,0,0,1,8.125,0.401,0.4,8.186307165,3.105523967e-05,384.5722545,0.6692956125,Total,1.443177777e-05,82.98349826,24937.65586
ERF_Log_File_20250226_1006,1424627713,2d,0,3,0.005215884384,0.007568245734,3,4.221869714,0,0,2,-8.125,0.401,0.4,8.367533986,1.356282031e-05,384.5722545,0.6692956125,Total,1.415870995e-05,-76.17134903,24937.65586
ERF_Log_File_20250226_1006,1424627733,2d,0,3,0.001125105407,0.007108153174,3,4.188259143,0,0,2,-7.5,0.401,0.4,7.762087348,2.92560213e-06,384.5722545,0.6692956125,Total,1.409661756e-05,-75.06858282,24937.65586
ERF_Log_File_20250226_1006,1424627753,2d,0,3,0.006291767799,0.004656065035,3,4.193125714,0,0,2,-6.875,0.401,0.4,7.160001746,1.636043091e-05,384.5722545,0.6692956125,Total,1.418825067e-05,-73.7798063,24937.65586
ERF_Log_File_20250226_1006,1424627774,2d,0,3,0.01419031803,0.003714019887,3,4.173203714,0,0,2,-6.25,0.401,0.4,6.562202374,3.689896466e-05,384.5722545,0.6692956125,Total,1.456874975e-05,-72.25532837,24937.65586
ERF_Log_File_20250226_1006,1424627794,2d,0,3,0.01880979809,0.003845878996,3,4.220696,0,0,2,-5.625,0.401,0.4,5.969976968,4.891095982e-05,384.5722545,0.6692956125,Total,1.491841396e-05,-70.42687417,24937.65586
ERF_Log_File_20250226_1006,1424627814,2d,0,3,0.03884890664,0.00218516142,3,4.220759429,0,0,2,-5,0.401,0.4,5.385164807,0.0001010184853,384.5722545,0.6692956125,Total,1.734091295e-05,-68.19859051,24937.65586
ERF_Log_File_20250226_1006,1424627835,2d,0,3,0.06426301387,0.006525155529,3,4.224254571,0,0,2,-4.375,0.401,0.4,4.810470351,0.0001671025747,384.5722545,0.6692956125,Total,2.186198275e-05,-65.43282868,24937.65586
ERF_Log_File_20250226_1006,1424627855,2d,0,3,0.1135690586,0.006247037988,3,4.192050286,0,0,2,-3.75,0.401,0.4,4.25,0.0002953126683,384.5722545,0.6692956125,Total,3.272596639e-05,-61.92751306,24937.65586
ERF_Log_File_20250226_1006,1424627875,2d,0,3,0.1741675871,0.00526054618,3,4.214495714,0,0,2,-3.125,0.401,0.4,3.71020552,0.0004528865123,384.5722545,0.6692956125,Total,4.743745544e-05,-57.38075693,24937.65586
ERF_Log_File_20250226_1006,1424627896,2d,0,3,0.3239064733,0.002830469257,3,4.292244,0,0,2,-2.5,0.401,0.4,3.201562119,0.0008422512791,384.5722545,0.6692956125,Total,8.540872215e-05,-51.34019175,24937.65586
ERF_Log_File_20250226_1006,1424627916,2d,0,3,0.5223282486,0.006814662386,3,4.237868286,0,0,2,-1.875,0.401,0.4,2.741464025,0.001358205753,384.5722545,0.6692956125,Total,0.0001365702936,-43.15238973,24937.65586
ERF_Log_File_20250226_1006,1424627937,2d,0,3,0.8332473763,0.009237534458,3,4.214560571,0,0,2,-1.25,0.401,0.4,2.358495283,0.002166686147,384.5722545,0.6692956125,Total,0.0002171592427,-32.00538321,24937.65586
ERF_Log_File_20250226_1006,1424628018,2d,0,3,0.8265043488,0.005744991762,3,4.155703143,0,0,2,1.25,0.401,0.4,2.358495283,0.002149152309,384.5722545,0.6692956125,Total,0.0002154093206,32.00538321,24937.65586
ERF_Log_File_20250226_1006,1424628038,2d,0,3,0.5009865259,0.008203888626,3,4.204521714,0,0,2,1.875,0.401,0.4,2.741464025,0.001302711051,384.5722545,0.6692956125,Total,0.0001310508679,43.15238973,24937.65586
ERF_Log_File_20250226_1006,1424628059,2d,0,3,0.3090850407,0.004789641666,3,4.242795143,0,0,2,2.5,0.401,0.4,3.201562119,0.0008037112325,384.5722545,0.6692956125,Total,8.160945389e-05,51.34019175,24937.65586
ERF_Log_File_20250226_1006,1424628079,2d,0,3,0.180203031,0.004603890646,3,4.210813143,0,0,2,3.125,0.401,0.4,3.71020552,0.0004685804264,384.5722545,0.6692956125,Total,4.893843285e-05,57.38075693,24937.65586
ERF_Log_File_20250226_1006,1424628099,2d,0,3,0.1021870459,0.004585316293,3,4.19512,0,0,2,3.75,0.401,0.4,4.25,0.0002657161164,384.5722545,0.6692956125,Total,3.008144623e-05,61.92751306,24937.65586
ERF_Log_File_20250226_1006,1424628120,2d,0,3,0.0633245687,0.005246148203,3,4.200019429,0,0,2,4.375,0.401,0.4,4.810470351,0.0001646623436,384.5722545,0.6692956125,Total,2.167597765e-05,65.43282868,24937.65586
ERF_Log_File_20250226_1006,1424628140,2d,0,3,0.0479615943,0.004954763595,3,4.198775714,0,0,2,5,0.401,0.4,5.385164807,0.0001247141304,384.5722545,0.6692956125,Total,1.882052769e-05,68.19859051,24937.65586
ERF_Log_File_20250226_1006,1424628160,2d,0,3,0.02997123598,0.006519429001,3,4.249400857,0,0,2,5.625,0.401,0.4,5.969976968,7.793395292e-05,384.5722545,0.6692956125,Total,1.610541573e-05,70.42687417,24937.65586
ERF_Log_File_20250226_1006,1424628181,2d,0,3,0.01850593014,0.004571440652,3,4.245372857,0,0,2,6.25,0.401,0.4,6.562202374,4.812081456e-05,384.5722545,0.6692956125,Total,1.489268784e-05,72.25532837,24937.65586
ERF_Log_File_20250226_1006,1424628201,2d,0,3,0.01076189667,0.006912017275,3,4.186982857,0,0,2,6.875,0.401,0.4,7.160001746,2.798406942e-05,384.5722545,0.6692956125,Total,1.436880171e-05,73.7798063,24937.65586
ERF_Log_File_20250226_1006,1424628221,2d,0,3,0.008212450856,0.01243986413,3,4.200268,0,0,2,7.5,0.401,0.4,7.762087348,2.135476691e-05,384.5722545,0.6692956125,Total,1.425449583e-05,75.06858282,24937.65586
ERF_Log_File_20250226_1006,1424628242,2d,0,3,0.007929926154,0.006060323061,3,4.205138571,0,0,2,8.125,0.401,0.4,8.367533986,2.062012031e-05,384.5722545,0.6692956125,Total,1.424367196e-05,76.17134903,24937.65586
ERF_Log_File_20250226_1006,1424628278,2d,0,3,0.005544031316,0.008960563301,3,4.235223143,0,0,3,-8.125,0.401,0.4,8.661156101,1.441609802e-05,384.5722545,0.6692956125,Total,1.416714077e-05,-69.73430253,24937.65586
ERF_Log_File_20250226_1006,1424628298,2d,0,3,0.003765560189,0.003602808784,3,4.212579714,0,0,3,-7.5,0.401,0.4,8.077747211,9.791554501e-06,384.5722545,0.6692956125,Total,1.412756331e-05,-68.19859051,24937.65586
ERF_Log_File_20250226_1006,1424628318,2d,0,3,-0.0009177277112,0.006043890273,3,4.228315714,0,0,3,-6.875,0.401,0.4,7.501041594,-2.386359651e-06,384.5722545,0.6692956125,Total,1.409560122e-05,-66.4252938,24937.65586
ERF_Log_File_20250226_1006,1424628339,2d,0,3,0.005567876231,0.00575405836,3,4.236698571,0,0,3,-6.25,0.401,0.4,6.932712312,1.447810175e-05,384.5722545,0.6692956125,Total,1.416777324e-05,-64.35899418,24937.65586
ERF_Log_File_20250226_1006,1424628359,2d,0,3,0.01973160226,0.005763175858,3,4.271226,0,0,3,-5.625,0.401,0.4,6.375,5.130791945e-05,384.5722545,0.6692956125,Total,1.499873357e-05,-61.92751306,24937.65586
ERF_Log_File_20250226_1006,1424628379,2d,0,3,0.03595555572,0.004380451173,3,4.226946286,0,0,3,-5,0.401,0.4,5.830951895,9.349492922e-05,384.5722545,0.6692956125,Total,1.691355975e-05,-59.03624347,24937.65586
ERF_Log_File_20250226_1006,1424628400,2d,0,3,0.05574614347,0.00688745133,3,4.225694857,0,0,3,-4.375,0.401,0.4,5.304773793,0.0001449562282,384.5722545,0.6692956125,Total,2.021919221e-05,-55.56101069,24937.65586
ERF_Log_File_20250226_1006,1424628420,2d,0,3,0.06920755241,0.004913134782,3,4.237076,0,0,3,-3.75,0.401,0.4,4.802343178,0.0001799598167,384.5722545,0.6692956125,Total,2.286006249e-05,-51.34019175,24937.65586
ERF_Log_File_20250226_1006,1424628440,2d,0,3,0.1030762713,0.003263553564,3,4.215120286,0,0,3,-3.125,0.401,0.4,4.331930863,0.0002680283617,384.5722545,0.6692956125,Total,3.028594769e-05,-46.16913933,24937.65586
ERF_Log_File_20250226_1006,1424628461,2d,0,3,0.1486739167,0.005138827773,3,4.225351714,0,0,3,-2.5,0.401,0.4,3.905124838,0.0003865955356,384.5722545,0.6692956125,Total,4.115389135e-05,-39.80557109,24937.65586
ERF_Log_File_20250226_1006,1424628481,2d,0,3,0.2286045331,0.005635899142,3,4.185349143,0,0,3,-1.875,0.401,0.4,3.537742925,0.0005944384454,384.5722545,0.6692956125,Total,6.110049046e-05,-32.00538321,24937.65586
ERF_Log_File_20250226_1006,1424628501,2d,0,3,0.3147305573,0.001185392105,3,4.189552,0,0,3,-1.25,0.401,0.4,3.25,0.0008183912219,384.5722545,0.6692956125,Total,8.305600253e-05,-22.61986495,24937.65586
ERF_Log_File_20250226_1006,1424628522,2d,0,3,0.3923319517,0.004866006759,3,4.225765143,0,0,3,-0.625,0.401,0.4,3.064412668,0.001020177475,384.5722545,0.6692956125,Total,0.0001030019522,-11.76828893,24937.65586
ERF_Log_File_20250226_1006,1424628542,2d,0,3,0.424462412,0.007141017476,3,4.231882857,0,0,3,0,0.401,0.4,3,0.001103726041,384.5722545,0.6692956125,Total,0.0001112853564,0,24937.65586
ERF_Log_File_20250226_1006,1424628562,2d,0,3,0.3889117165,0.005920018986,3,4.215667714,0,0,3,0.625,0.401,0.4,3.064412668,0.001011283866,384.5722545,0.6692956125,Total,0.000102120895,11.76828893,24937.65586
ERF_Log_File_20250226_1006,1424628583,2d,0,3,0.31017639,0.006412443884,3,4.203208857,0,0,3,1.25,0.401,0.4,3.25,0.000806549059,384.5722545,0.6692956125,Total,8.188902977e-05,22.61986495,24937.65586
ERF_Log_File_20250226_1006,1424628603,2d,0,3,0.2235452397,0.006775902212,3,4.218142,0,0,3,1.875,0.401,0.4,3.537742925,0.0005812828073,384.5722545,0.6692956125,Total,5.982097836e-05,32.00538321,24937.65586
ERF_Log_File_20250226_1006,1424628623,2d,0,3,0.1405239291,0.006881746312,3,4.246649714,0,0,3,2.5,0.401,0.4,3.905124838,0.0003654031913,384.5722545,0.6692956125,Total,3.9169227e-05,39.80557109,24937.65586
ERF_Log_File_20250226_1006,1424628644,2d,0,3,0.09869613364,0.006369229872,3,4.269255429,0,0,3,3.125,0.401,0.4,4.331930863,0.0002566387265,384.5722545,0.6692956125,Total,2.928246677e-05,46.16913933,24937.65586
ERF_Log_File_20250226_1006,1424628664,2d,0,3,0.06373363587,0.00147416873,3,4.203082571,0,0,3,3.75,0.401,0.4,4.802343178,0.0001657260375,384.5722545,0.6692956125,Total,2.175691597e-05,51.34019175,24937.65586
ERF_Log_File_20250226_1006,1424628685,2d,0,3,0.04817096503,0.008489273751,3,4.213284286,0,0,3,4.375,0.401,0.4,5.304773793,0.0001252585554,384.5722545,0.6692956125,Total,1.885665899e-05,55.56101069,24937.65586
ERF_Log_File_20250226_1006,1424628705,2d,0,3,0.02712749504,0.004209775392,3,4.235259143,0,0,3,5,0.401,0.4,5.830951895,7.053939728e-05,384.5722545,0.6692956125,Total,1.576077873e-05,59.03624347,24937.65586
ERF_Log_File_20250226_1006,1424628725,2d,0,3,0.01348986972,0.00150133479,3,4.213442286,0,0,3,5.625,0.401,0.4,6.375,3.507759482e-05,384.5722545,0.6692956125,Total,1.452367422e-05,61.92751306,24937.65586
ERF_Log_File_20250226_1006,1424628746,2d,0,3,0.006963680966,0.006021268349,3,4.177970857,0,0,3,6.25,0.401,0.4,6.932712312,1.810760107e-05,384.5722545,0.6692956125,Total,1.420946356e-05,64.35899418,24937.65586
ERF_Log_File_20250226_1006,1424628766,2d,0,3,0.005429466531,0.003174234133,3,4.158542857,0,0,3,6.875,0.401,0.4,7.501041594,1.411819617e-05,384.5722545,0.6692956125,Total,1.41641395e-05,66.4252938,24937.65586
ERF_Log_File_20250226_1006,1424628786,2d,0,3,-0.003037961758,0.002558472877,3,4.218358571,0,0,3,7.5,0.401,0.4,8.077747211,-7.899586416e-06,384.5722545,0.6692956125,Total,1.411570873e-05,68.19859051,24937.65586
ERF_Log_File_20250226_1006,1424628807,2d,0,3,0.003549949202,0.003302723489,3,4.225191429,0,0,3,8.125,0.401,0.4,8.661156101,9.230903063e-06,384.5722545,0.6692956125,Total,1.412378714e-05,69.73430253,24937.65586
ERF_Log_File_20250224_1358,1424466019,1d,0,3,0.006988956517,0.007139386119,23,4.099159277,0,0,0,-10,0.45,0.45,10,1.401691744e-05,498.6086667,0.5342539052,Total,1.096025834e-05,-90,22222.22222
ERF_Log_File_20250224_1358,1424466120,1d,0,3,0.007400007481,0.005942771419,23,4.094126298,0,0,0,-9,0.45,0.45,9,1.484131339e-05,498.6086667,0.5342539052,Total,1.097110734e-05,-90,22222.22222
ERF_Log_File_20250224_1358,1424466221,1d,0,3,0.002636075111,0.006005995088,23,4.100123574,0,0,0,-8,0.45,0.45,8,5.286861796e-06,498.6086667,0.5342539052,Total,1.088309877e-05,-90,22222.22222
ERF_Log_File_20250224_1358,1424466322,1d,0,3,0.01483800232,0.006579577513,23,4.087340468,0,0,0,-7,0.45,0.45,7,2.97588135e-05,498.6086667,0.5342539052,Total,1.12702788e-05,-90,22222.22222
ERF_Log_File_20250224_1358,1424466411,1d,0,3,0.03379524412,0.004755146814,17,4.087669429,0,0,0,-6,0.45,0.45,6,6.777909485e-05,498.6086667,0.5342539052,Total,1.281044999e-05,-90,22222.22222
ERF_Log_File_20250224_1358,1424466472,1d,0,3,0.06220170191,0.007206371602,9,4.081309368,0,0,0,-5,0.45,0.45,5,0.000124750543,498.6086667,0.5342539052,Total,1.654711892e-05,-90,22222.22222
ERF_Log_File_20250224_1358,1424466509,1d,0,3,0.1390597921,0.004582611353,5,4.083530909,0,0,0,-4,0.45,0.45,4,0.0002788956579,498.6086667,0.5342539052,Total,2.993458667e-05,-90,22222.22222
ERF_Log_File_20250224_1358,1424466534,1d,0,3,0.3995324071,0.004684531136,3,4.083538571,0,0,0,-3,0.45,0.45,3,0.0008012945498,498.6086667,0.5342539052,Total,8.086797271e-05,-90,22222.22222
ERF_Log_File_20250224_1358,1424466554,1d,0,3,0.6455404415,0.005547887382,3,4.070729714,0,0,0,-2.5,0.45,0.45,2.5,0.001294683556,498.6086667,0.5342539052,Total,0.0001299312966,-90,22222.22222
ERF_Log_File_20250224_1358,1424466574,1d,0,3,1.143216669,0.003871515579,3,4.071684857,0,0,0,-2,0.45,0.45,2,0.002292813473,498.6086667,0.5342539052,Total,0.0002295520289,-90,22222.22222
ERF_Log_File_20250224_1358,1424466736,1d,0,3,1.21562656,0.009994088061,3,4.058188571,0,0,0,2,0.45,0.45,2,0.002438037366,498.6086667,0.5342539052,Total,0.0002440599282,90,22222.22222
ERF_Log_File_20250224_1358,1424466756,1d,0,3,0.6624843461,0.002054654482,3,4.104430857,0,0,0,2.5,0.45,0.45,2.5,0.001328665926,498.6086667,0.5342539052,Total,0.0001333181178,90,22222.22222
ERF_Log_File_20250224_1358,1424466776,1d,0,3,0.3965304712,0.003562148131,3,4.049507714,0,0,0,3,0.45,0.45,3,0.0007952739245,498.6086667,0.5342539052,Total,8.027138076e-05,90,22222.22222
ERF_Log_File_20250224_1358,1424466801,1d,0,3,0.1369740986,0.007263349703,5,4.053989091,0,0,0,4,0.45,0.45,4,0.0002747126308,498.6086667,0.5342539052,Total,2.954520665e-05,90,22222.22222
ERF_Log_File_20250224_1358,1424466838,1d,0,3,0.06107877857,0.006000892045,9,4.054050211,0,0,0,5,0.45,0.45,5,0.0001224984294,498.6086667,0.5342539052,Total,1.637797844e-05,90,22222.22222
ERF_Log_File_20250224_1358,1424466899,1d,0,3,0.03277275693,0.006834402896,17,4.046942571,0,0,0,6,0.45,0.45,6,6.572841412e-05,498.6086667,0.5342539052,Total,1.270312961e-05,90,22222.22222
ERF_Log_File_20250224_1358,1424466988,1d,0,3,0.01457953345,0.007081331157,23,4.045975617,0,0,0,7,0.45,0.45,7,2.924043327e-05,498.6086667,0.5342539052,Total,1.125670061e-05,90,22222.22222
ERF_Log_File_20250224_1358,1424467089,1d,0,3,-0.0007020422581,0.005884812189,23,4.041171277,0,0,0,8,0.45,0.45,8,-1.408002518e-06,498.6086667,0.5342539052,Total,1.087116022e-05,90,22222.22222
ERF_Log_File_20250224_1358,1424467190,1d,0,3,0.005171004952,0.005478040765,23,4.038805745,0,0,0,9,0.45,0.45,9,1.037086857e-05,498.6086667,0.5342539052,Total,1.091961401e-05,90,22222.22222
ERF_Log_File_20250224_1358,1424467292,1d,0,3,0.004291999944,0.006846551763,23,4.036289319,0,0,0,10,0.45,0.45,10,8.60795295e-06,498.6086667,0.5342539052,Total,1.090428132e-05,90,22222.22222
ERF_Log_File_20250224_1456,1424469447,1d,0,3,0.009991959208,0.005881927582,23,4.230327404,0,0,0,-10,0.528,0.53,10,1.236684446e-05,807.9635222,0.08322000189,Total,6.821264872e-06,-90,18939.39394
ERF_Log_File_20250224_1456,1424469549,1d,0,3,0.005989577869,0.007405247305,23,4.254471702,0,0,0,-9,0.528,0.53,9,7.413178572e-06,807.9635222,0.08322000189,Total,6.749060465e-06,-90,18939.39394
ERF_Log_File_20250224_1456,1424469650,1d,0,3,0.006781057216,0.006358913522,23,4.253250979,0,0,0,-8,0.528,0.53,8,8.392776444e-06,807.9635222,0.08322000189,Total,6.760521586e-06,-90,18939.39394
ERF_Log_File_20250224_1456,1424469751,1d,0,3,0.02863013807,0.00658570356,23,4.263188255,0,0,0,-7,0.528,0.53,7,3.543493894e-05,807.9635222,0.08322000189,Total,7.58660838e-06,-90,18939.39394
ERF_Log_File_20250224_1456,1424469840,1d,0,3,0.04603313636,0.007720825772,17,4.269096743,0,0,0,-6,0.528,0.53,6,5.697427557e-05,807.9635222,0.08322000189,Total,8.801191943e-06,-90,18939.39394
ERF_Log_File_20250224_1456,1424469901,1d,0,3,0.08758010997,0.004965783105,9,4.268872947,0,0,0,-5,0.528,0.53,5,0.0001083961188,807.9635222,0.08322000189,Total,1.274745366e-05,-90,18939.39394
ERF_Log_File_20250224_1456,1424469938,1d,0,3,0.2096004991,0.004656500057,5,4.280241273,0,0,0,-4,0.528,0.53,4,0.00025941827,807.9635222,0.08322000189,Total,2.679513699e-05,-90,18939.39394
ERF_Log_File_20250224_1456,1424469963,1d,0,3,0.5140778812,0.001840848758,3,4.282897714,0,0,0,-3,0.528,0.53,3,0.0006362637261,807.9635222,0.08322000189,Total,6.397905791e-05,-90,18939.39394
ERF_Log_File_20250224_1456,1424469983,1d,0,3,0.8540577698,0.005319968109,3,4.280731714,0,0,0,-2.5,0.528,0.53,2.5,0.001057049912,807.9635222,0.08322000189,Total,0.000105917691,-90,18939.39394
ERF_Log_File_20250224_1456,1424470003,1d,0,3,1.446961543,0.006082688053,3,4.265330286,0,0,0,-2,0.528,0.53,2,0.001790874839,807.9635222,0.08322000189,Total,0.0001792131724,-90,18939.39394
ERF_Log_File_20250224_1456,1424470164,1d,0,3,1.517881748,0.002695748823,3,4.279296,0,0,0,2,0.528,0.53,2,0.001878651332,807.9635222,0.08322000189,Total,0.0001879849622,90,18939.39394
ERF_Log_File_20250224_1456,1424470185,1d,0,3,0.8570739873,0.004833357615,3,4.274469143,0,0,0,2.5,0.528,0.53,2.5,0.001060783023,807.9635222,0.08322000189,Total,0.0001062902555,90,18939.39394
ERF_Log_File_20250224_1456,1424470205,1d,0,3,0.4974284435,0.004598925204,3,4.270783429,0,0,0,3,0.528,0.53,3,0.000615657056,807.9635222,0.08322000189,Total,6.193012508e-05,90,18939.39394
ERF_Log_File_20250224_1456,1424470230,1d,0,3,0.2180554675,0.002707582982,5,4.275803273,0,0,0,4,0.528,0.53,4,0.0002698828121,807.9635222,0.08322000189,Total,2.780950125e-05,90,18939.39394
ERF_Log_File_20250224_1456,1424470267,1d,0,3,0.09348536272,0.005278475123,9,4.273508526,0,0,0,5,0.528,0.53,5,0.0001157049299,807.9635222,0.08322000189,Total,1.337447997e-05,90,18939.39394
ERF_Log_File_20250224_1456,1424470328,1d,0,3,0.0497836899,0.006447990988,17,4.278193829,0,0,0,6,0.528,0.53,6,6.161625932e-05,807.9635222,0.08322000189,Total,9.108564037e-06,90,18939.39394
ERF_Log_File_20250224_1456,1424470417,1d,0,3,0.01973068389,0.005666654502,23,4.278547149,0,0,0,7,0.528,0.53,7,2.44202657e-05,807.9635222,0.08322000189,Total,7.138890986e-06,90,18939.39394
ERF_Log_File_20250224_1456,1424470518,1d,0,3,0.007834526646,0.00855065005,23,4.283120809,0,0,0,8,0.528,0.53,8,9.696634107e-06,807.9635222,0.08322000189,Total,6.77794309e-06,90,18939.39394
ERF_Log_File_20250224_1456,1424470619,1d,0,3,0.007936028275,0.004990452238,23,4.27851583,0,0,0,9,0.528,0.53,9,9.822260606e-06,807.9635222,0.08322000189,Total,6.779751726e-06,90,18939.39394
ERF_Log_File_20250224_1456,1424470720,1d,0,3,0.003889122506,0.007248342514,23,4.280123532,0,0,0,10,0.528,0.53,10,4.813487737e-06,807.9635222,0.08322000189,Total,6.725471084e-06,90,18939.39394
ERF_Log_File_20250225_0805,1424531197,1d,0,3,-0.00173324146,0.00581885965,23,3.973185702,0,0,0,-10,0.547,0.547,10,-2.416851137e-06,717.1486212,0.04743626498,Total,7.561571572e-06,-90,18281.53565
ERF_Log_File_20250225_0805,1424531298,1d,0,3,0.007400487489,0.006179267085,23,3.977292681,0,0,0,-9,0.547,0.547,9,1.031932192e-05,717.1486212,0.04743626498,Total,7.627833076e-06,-90,18281.53565
ERF_Log_File_20250225_0805,1424531400,1d,0,3,0.01427360767,0.005649247464,23,3.984540809,0,0,0,-8,0.547,0.547,8,1.990327702e-05,717.1486212,0.04743626498,Total,7.815392442e-06,-90,18281.53565
ERF_Log_File_20250225_0805,1424531501,1d,0,3,0.01766598995,0.005878124084,23,3.990192553,0,0,0,-7,0.547,0.547,7,2.463365254e-05,717.1486212,0.04743626498,Total,7.949032894e-06,-90,18281.53565
ERF_Log_File_20250225_0805,1424531590,1d,0,3,0.03681556961,0.007317164322,17,3.987901371,0,0,0,-6,0.547,0.547,6,5.133603904e-05,717.1486212,0.04743626498,Total,9.13634793e-06,-90,18281.53565
ERF_Log_File_20250225_0805,1424531651,1d,0,3,0.08066110354,0.004171867215,9,3.986450526,0,0,0,-5,0.547,0.547,5,0.0001124747384,717.1486212,0.04743626498,Total,1.355081828e-05,-90,18281.53565
ERF_Log_File_20250225_0805,1424531688,1d,0,3,0.1941578532,0.003301988164,5,3.984680727,0,0,0,-4,0.547,0.547,4,0.0002707358662,717.1486212,0.04743626498,Total,2.810868845e-05,-90,18281.53565
ERF_Log_File_20250225_0805,1424531712,1d,0,3,0.4251125002,0.003737432149,3,3.985162,0,0,0,-3,0.547,0.547,3,0.0005927815904,717.1486212,0.04743626498,Total,5.975801728e-05,-90,18281.53565
ERF_Log_File_20250225_0805,1424531733,1d,0,3,0.7043927161,0.00364731252,3,3.994084,0,0,0,-2.5,0.547,0.547,2.5,0.0009822130244,717.1486212,0.04743626498,Total,9.851166137e-05,-90,18281.53565
ERF_Log_File_20250225_0805,1424531753,1d,0,3,1.212144319,0.004284169495,3,3.991611143,0,0,0,-2,0.547,0.547,2,0.001690227498,717.1486212,0.04743626498,Total,0.0001691916706,-90,18281.53565
ERF_Log_File_20250225_0805,1424531914,1d,0,3,1.281635844,0.004957381418,3,3.995879714,0,0,0,2,0.547,0.547,2,0.001787127251,717.1486212,0.04743626498,Total,0.0001788724994,90,18281.53565
ERF_Log_File_20250225_0805,1424531934,1d,0,3,0.7398795099,0.003547574284,3,3.976799714,0,0,0,2.5,0.547,0.547,2.5,0.001031696204,717.1486212,0.04743626498,Total,0.0001034460931,90,18281.53565
ERF_Log_File_20250225_0805,1424531954,1d,0,3,0.4277263689,0.00561220572,3,3.972263714,0,0,0,3,0.547,0.547,3,0.0005964263979,717.1486212,0.04743626498,Total,6.011958908e-05,90,18281.53565
ERF_Log_File_20250225_0805,1424531979,1d,0,3,0.1862200204,0.01055512318,5,3.999211818,0,0,0,4,0.547,0.547,4,0.0002596672641,717.1486212,0.04743626498,Total,2.704422541e-05,90,18281.53565
ERF_Log_File_20250225_0805,1424532016,1d,0,3,0.08065683384,0.004682150472,9,3.995972211,0,0,0,5,0.547,0.547,5,0.0001124687847,717.1486212,0.04743626498,Total,1.355032411e-05,90,18281.53565
ERF_Log_File_20250225_0805,1424532077,1d,0,3,0.03551844901,0.007176999478,17,3.988558514,0,0,0,6,0.547,0.547,6,4.952731967e-05,717.1486212,0.04743626498,Total,9.035956927e-06,90,18281.53565
ERF_Log_File_20250225_0805,1424532166,1d,0,3,0.01349307702,0.006977294444,23,3.988011872,0,0,0,7,0.547,0.547,7,1.881489641e-05,717.1486212,0.04743626498,Total,7.788386081e-06,90,18281.53565
ERF_Log_File_20250225_0805,1424532267,1d,0,3,0.01361143461,0.008414726458,23,3.984257787,0,0,0,8,0.547,0.547,8,1.897993555e-05,717.1486212,0.04743626498,Total,7.792389494e-06,90,18281.53565
ERF_Log_File_20250225_0805,1424532368,1d,0,3,0.004042529129,0.006988742467,23,3.979858851,0,0,0,9,0.547,0.547,9,5.636947502e-06,717.1486212,0.04743626498,Total,7.578700735e-06,90,18281.53565
ERF_Log_File_20250225_0805,1424532469,1d,0,3,-0.001338305394,0.005694545551,23,3.982794681,0,0,0,10,0.547,0.547,10,-1.866147901e-06,717.1486212,0.04743626498,Total,7.560011774e-06,90,18281.53565
ERF_Log_File_20250225_1121,1424542964,2d,0,3,0.04969899105,0.005121911426,3,4.042045143,0,0,-3,-5,0.547,0.547,5.830951895,6.901916477e-05,720.0752314,0.1698842782,Total,1.021236085e-05,-120.9637565,18281.53565
ERF_Log_File_20250225_1121,1424542985,2d,0,3,0.06813436461,0.007958659195,3,4.017848857,0,0,-3,-4.375,0.547,0.547,5.304773793,9.462117517e-05,720.0752314,0.1698842782,Total,1.209081322e-05,-124.4389893,18281.53565
ERF_Log_File_20250225_1121,1424543005,2d,0,3,0.1053014314,0.002679381318,3,4.032302857,0,0,-3,-3.75,0.547,0.547,4.802343178,0.0001462367081,720.0752314,0.1698842782,Total,1.644714371e-05,-128.6598083,18281.53565
ERF_Log_File_20250225_1121,1424543025,2d,0,3,0.1453352968,0.003052009287,3,4.019519714,0,0,-3,-3.125,0.547,0.547,4.331930863,0.0002018334897,720.0752314,0.1698842782,Total,2.154124976e-05,-133.8308607,18281.53565
ERF_Log_File_20250225_1121,1424543046,2d,0,3,0.1962377199,0.004447010613,3,4.026888857,0,0,-3,-2.5,0.547,0.547,3.905124838,0.0002725239132,720.0752314,0.1698842782,Total,2.827282378e-05,-140.1944289,18281.53565
ERF_Log_File_20250225_1121,1424543066,2d,0,3,0.2821214761,0.002353888225,3,4.027835143,0,0,-3,-1.875,0.547,0.547,3.537742925,0.0003917944456,720.0752314,0.1698842782,Total,3.98960276e-05,-147.9946168,18281.53565
ERF_Log_File_20250225_1121,1424543086,2d,0,3,0.3826400879,0.008196630639,3,4.015133714,0,0,-3,-1.25,0.547,0.547,3.25,0.0005313890427,720.0752314,0.1698842782,Total,5.366949284e-05,-157.3801351,18281.53565
ERF_Log_File_20250225_1121,1424543107,2d,0,3,0.4801460355,0.00320763186,3,4.028138571,0,0,-3,-0.625,0.547,0.547,3.064412668,0.0006667998212,720.0752314,0.1698842782,Total,6.710365386e-05,-168.2317111,18281.53565
ERF_Log_File_20250225_1121,1424543127,2d,0,3,0.538160521,0.003242471698,3,4.037878,0,0,-3,0,0.547,0.547,3,0.0007473670771,720.0752314,0.1698842782,Total,7.511499296e-05,180,18281.53565
ERF_Log_File_20250225_1121,1424543147,2d,0,3,0.4962551371,0.01055361037,3,4.031869429,0,0,-3,0.625,0.547,0.547,3.064412668,0.0006891712357,720.0752314,0.1698842782,Total,6.932713723e-05,168.2317111,18281.53565
ERF_Log_File_20250225_1121,1424543168,2d,0,3,0.4041469522,0.004259345615,3,4.026171714,0,0,-3,1.25,0.547,0.547,3.25,0.0005612565667,720.0752314,0.1698842782,Total,5.662828329e-05,157.3801351,18281.53565
ERF_Log_File_20250225_1121,1424543188,2d,0,3,0.2878078621,0.004463775975,3,4.030406857,0,0,-3,1.875,0.547,0.547,3.537742925,0.0003996913788,720.0752314,0.1698842782,Total,4.067181423e-05,147.9946168,18281.53565
ERF_Log_File_20250225_1121,1424543208,2d,0,3,0.2094558237,0.005618469504,3,4.033345429,0,0,-3,2.5,0.547,0.547,3.905124838,0.0002908804727,720.0752314,0.1698842782,Total,3.00462111e-05,140.1944289,18281.53565
ERF_Log_File_20250225_1121,1424543229,2d,0,3,0.1467789915,0.009336956362,3,4.063260571,0,0,-3,3.125,0.547,0.547,4.331930863,0.0002038384118,720.0752314,0.1698842782,Total,2.172921747e-05,133.8308607,18281.53565
ERF_Log_File_20250225_1121,1424543249,2d,0,3,0.0963610676,0.003476292971,3,4.018631429,0,0,-3,3.75,0.547,0.547,4.802343178,0.0001338208334,720.0752314,0.1698842782,Total,1.535372103e-05,128.6598083,18281.53565
ERF_Log_File_20250225_1121,1424543269,2d,0,3,0.05462808743,0.006241212349,3,4.045495429,0,0,-3,4.375,0.547,0.547,5.304773793,7.586441673e-05,720.0752314,0.1698842782,Total,1.068690861e-05,124.4389893,18281.53565
ERF_Log_File_20250225_1121,1424543290,2d,0,3,0.04387895506,0.01003808269,3,4.022481143,0,0,-3,5,0.547,0.547,5.830951895,6.093662598e-05,720.0752314,0.1698842782,Total,9.684447766e-06,120.9637565,18281.53565
ERF_Log_File_20250225_1121,1424543320,2d,0,3,0.07165035845,0.004249143919,3,4.05446,0,0,-2,-5,0.547,0.547,5.385164807,9.950398976e-05,720.0752314,0.1698842782,Total,1.247664173e-05,-111.8014095,18281.53565
ERF_Log_File_20250225_1121,1424543340,2d,0,3,0.1098846026,0.004274646503,3,4.040330571,0,0,-2,-4.375,0.547,0.547,4.810470351,0.0001526015585,720.0752314,0.1698842782,Total,1.701555908e-05,-114.5671713,18281.53565
ERF_Log_File_20250225_1121,1424543360,2d,0,3,0.1645212805,0.006669094238,3,4.01938,0,0,-2,-3.75,0.547,0.547,4.25,0.0002284779053,720.0752314,0.1698842782,Total,2.405576928e-05,-118.0724869,18281.53565
ERF_Log_File_20250225_1121,1424543381,2d,0,3,0.2509726304,0.006002495011,3,4.043053429,0,0,-2,-3.125,0.547,0.547,3.71020552,0.0003485366799,720.0752314,0.1698842782,Total,3.565726479e-05,-122.6192431,18281.53565
ERF_Log_File_20250225_1121,1424543401,2d,0,3,0.3948590683,0.008852756797,3,4.034451429,0,0,-2,-2.5,0.547,0.547,3.201562119,0.0005483580758,720.0752314,0.1698842782,Total,5.535014118e-05,-128.6598083,18281.53565
ERF_Log_File_20250225_1121,1424543421,2d,0,3,0.5786527333,0.003858009294,3,4.036699714,0,0,-2,-1.875,0.547,0.547,2.741464025,0.0008036003852,720.0752314,0.1698842782,Total,8.071200241e-05,-136.8476103,18281.53565
ERF_Log_File_20250225_1121,1424543442,2d,0,3,0.9205418345,0.00626723261,3,4.041281143,0,0,-2,-1.25,0.547,0.547,2.358495283,0.001278396749,720.0752314,0.1698842782,Total,0.0001280614268,-147.9946168,18281.53565
ERF_Log_File_20250225_1121,1424543523,2d,0,3,1.007669771,0.006936313734,3,4.022473714,0,0,-2,1.25,0.547,0.547,2.358495283,0.001399395129,720.0752314,0.1698842782,Total,0.0001401421845,147.9946168,18281.53565
ERF_Log_File_20250225_1121,1424543543,2d,0,3,0.6207021727,0.004924424289,3,4.020009429,0,0,-2,1.875,0.547,0.547,2.741464025,0.0008619962826,720.0752314,0.1698842782,Total,8.652787336e-05,136.8476103,18281.53565
ERF_Log_File_20250225_1121,1424543564,2d,0,3,0.4044889581,0.004817572346,3,4.023924857,0,0,-2,2.5,0.547,0.547,3.201562119,0.0005617315254,720.0752314,0.1698842782,Total,5.66753582e-05,128.6598083,18281.53565
ERF_Log_File_20250225_1121,1424543584,2d,0,3,0.2445742773,0.006366114622,3,4.035734,0,0,-2,3.125,0.547,0.547,3.71020552,0.0003396510068,720.0752314,0.1698842782,Total,3.478922366e-05,122.6192431,18281.53565
ERF_Log_File_20250225_1121,1424543604,2d,0,3,0.1558530057,0.002852515299,3,4.029483143,0,0,-2,3.75,0.547,0.547,4.25,0.0002164398926,720.0752314,0.1698842782,Total,2.291550734e-05,118.0724869,18281.53565
ERF_Log_File_20250225_1121,1424543625,2d,0,3,0.08959002748,0.004364892815,3,4.011798286,0,0,-2,4.375,0.547,0.547,4.810470351,0.0001244175936,720.0752314,0.1698842782,Total,1.454145232e-05,114.5671713,18281.53565
ERF_Log_File_20250225_1121,1424543645,2d,0,3,0.05719535725,0.006318050594,3,4.02307,0,0,-2,5,0.547,0.547,5.385164807,7.942969673e-05,720.0752314,0.1698842782,Total,1.094288428e-05,111.8014095,18281.53565
ERF_Log_File_20250225_1121,1424543675,2d,0,3,0.08204725738,0.001940896163,3,4.026110857,0,0,-1,-5,0.547,0.547,5.099019514,0.0001139426185,720.0752314,0.1698842782,Total,1.365597026e-05,-101.3099325,18281.53565
ERF_Log_File_20250225_1121,1424543695,2d,0,3,0.1303588763,0.00644675115,3,4.031701429,0,0,-1,-4.375,0.547,0.547,4.487830768,0.0001810350789,720.0752314,0.1698842782,Total,1.960597919e-05,-102.8750016,18281.53565
ERF_Log_File_20250225_1121,1424543715,2d,0,3,0.2158877681,0.006179237002,3,4.039586571,0,0,-1,-3.75,0.547,0.547,3.881043674,0.0002998127954,720.0752314,0.1698842782,Total,3.091177323e-05,-104.9314172,18281.53565
ERF_Log_File_20250225_1121,1424543736,2d,0,3,0.3585975932,0.009822634032,3,4.032871714,0,0,-1,-3.125,0.547,0.547,3.281101187,0.0004980001777,720.0752314,0.1698842782,Total,5.036577382e-05,-107.7446716,18281.53565
ERF_Log_File_20250225_1121,1424543756,2d,0,3,0.5930166157,0.004003846762,3,4.032521429,0,0,-1,-2.5,0.547,0.547,2.692582404,0.0008235481375,720.0752314,0.1698842782,Total,8.269829923e-05,-111.8014095,18281.53565
ERF_Log_File_20250225_1121,1424543776,2d,0,3,1.110645415,0.00784265313,3,4.054786286,0,0,-1,-1.875,0.547,0.547,2.125,0.001542401913,720.0752314,0.1698842782,Total,0.0001544241712,-118.0724869,18281.53565
ERF_Log_File_20250225_1121,1424543899,2d,0,3,1.190781751,0.004820268518,3,4.039615429,0,0,-1,1.875,0.547,0.547,2.125,0.001653690752,720.0752314,0.1698842782,Total,0.0001655407468,118.0724869,18281.53565
ERF_Log_File_20250225_1121,1424543919,2d,0,3,0.6051924039,0.004677847152,3,4.037268571,0,0,-1,2.5,0.547,0.547,2.692582404,0.0008404571877,720.0752314,0.1698842782,Total,8.438233084e-05,111.8014095,18281.53565
ERF_Log_File_20250225_1121,1424543939,2d,0,3,0.358134765,0.004444127227,3,4.024732286,0,0,-1,3.125,0.547,0.547,3.281101187,0.0004973574279,720.0752314,0.1698842782,Total,5.03022214e-05,107.7446716,18281.53565
ERF_Log_File_20250225_1121,1424543960,2d,0,3,0.2130182178,0.002983314669,3,4.027324,0,0,-1,3.75,0.547,0.547,3.881043674,0.0002958277254,720.0752314,0.1698842782,Total,3.0525414e-05,104.9314172,18281.53565
ERF_Log_File_20250225_1121,1424543980,2d,0,3,0.1222310394,0.008985013544,3,4.022854571,0,0,-1,4.375,0.547,0.547,4.487830768,0.0001697475959,720.0752314,0.1698842782,Total,1.8568782e-05,102.8750016,18281.53565
ERF_Log_File_20250225_1121,1424544000,2d,0,3,0.07522294423,0.005041293514,3,4.023444571,0,0,-1,5,0.547,0.547,5.099019514,0.000104465396,720.0752314,0.1698842782,Total,1.287580658e-05,101.3099325,18281.53565
ERF_Log_File_20250225_1121,1424544030,2d,0,3,0.07905451733,0.006714930104,3,4.033902,0,0,0,-5,0.547,0.547,5,0.0001097864694,720.0752314,0.1698842782,Total,1.331115913e-05,-90,18281.53565
ERF_Log_File_20250225_1121,1424544050,2d,0,3,0.1285951832,0.003279890936,3,4.034826,0,0,0,-4.375,0.547,0.547,4.375,0.0001785857611,720.0752314,0.1698842782,Total,1.938004421e-05,-90,18281.53565
ERF_Log_File_20250225_1121,1424544071,2d,0,3,0.2297149494,0.004986230528,3,4.027209143,0,0,0,-3.75,0.547,0.547,3.75,0.0003190152075,720.0752314,0.1698842782,Total,3.27775577e-05,-90,18281.53565
ERF_Log_File_20250225_1121,1424544091,2d,0,3,0.3903317867,0.003298785292,3,4.032315143,0,0,0,-3.125,0.547,0.547,3.125,0.0005420708416,720.0752314,0.1698842782,Total,5.47273234e-05,-90,18281.53565
ERF_Log_File_20250225_1121,1424544111,2d,0,3,0.714131335,0.005363508708,3,4.024789143,0,0,0,-2.5,0.547,0.547,2.5,0.0009917454509,720.0752314,0.1698842782,Total,9.946004593e-05,-90,18281.53565
ERF_Log_File_20250225_1121,1424544132,2d,0,3,1.410295015,0.006941940072,3,4.033355429,0,0,0,-1.875,0.547,0.547,1.875,0.001958538433,720.0752314,0.1698842782,Total,0.000195998972,-90,18281.53565
ERF_Log_File_20250225_1121,1424544254,2d,0,3,1.505122424,0.005668856736,3,4.035133143,0,0,0,1.875,0.547,0.547,1.875,0.002090229408,720.0752314,0.1698842782,Total,0.000209159003,90,18281.53565
ERF_Log_File_20250225_1121,1424544274,2d,0,3,0.7406429207,0.006171671337,3,4.062175714,0,0,0,2.5,0.547,0.547,2.5,0.001028563251,720.0752314,0.1698842782,Total,0.0001031316542,90,18281.53565
ERF_Log_File_20250225_1121,1424544294,2d,0,3,0.3851634055,0.001770342482,3,4.052571429,0,0,0,3.125,0.547,0.547,3.125,0.0005348932844,720.0752314,0.1698842782,Total,5.401647693e-05,90,18281.53565
ERF_Log_File_20250225_1121,1424544315,2d,0,3,0.2242266094,0.009434232726,3,4.059351429,0,0,0,3.75,0.547,0.547,3.75,0.0003113933095,720.0752314,0.1698842782,Total,3.203621275e-05,90,18281.53565
ERF_Log_File_20250225_1121,1424544335,2d,0,3,0.1420226461,0.005343489721,3,3.996042857,0,0,0,4.375,0.547,0.547,4.375,0.0001972330667,720.0752314,0.1698842782,Total,2.111081687e-05,90,18281.53565
ERF_Log_File_20250225_1121,1424544356,2d,0,3,0.08001739111,0.003385272348,3,4.040635143,0,0,0,5,0.547,0.547,5,0.0001111236543,720.0752314,0.1698842782,Total,1.342165976e-05,90,18281.53565
ERF_Log_File_20250225_1121,1424544385,2d,0,3,0.06879017972,0.003830959646,3,4.036314,0,0,1,-5,0.547,0.547,5.099019514,9.553193433e-05,720.0752314,0.1698842782,Total,1.216222063e-05,-78.69006753,18281.53565
ERF_Log_File_20250225_1121,1424544406,2d,0,3,0.1190374065,0.009661641125,3,4.049386571,0,0,1,-4.375,0.547,0.547,4.487830768,0.0001653124581,720.0752314,0.1698842782,Total,1.816422878e-05,-77.12499844,18281.53565
ERF_Log_File_20250225_1121,1424544426,2d,0,3,0.1946000555,0.003534462104,3,4.044455714,0,0,1,-3.75,0.547,0.547,3.881043674,0.000270249617,720.0752314,0.1698842782,Total,2.805366675e-05,-75.06858282,18281.53565
ERF_Log_File_20250225_1121,1424544446,2d,0,3,0.3479743063,0.00244950821,3,4.061802857,0,0,1,-3.125,0.547,0.547,3.281101187,0.000483247154,720.0752314,0.1698842782,Total,4.89075323e-05,-72.25532837,18281.53565
ERF_Log_File_20250225_1121,1424544467,2d,0,3,0.5861469689,0.006505000412,3,4.028076286,0,0,1,-2.5,0.547,0.547,2.692582404,0.0008140079583,720.0752314,0.1698842782,Total,8.174828464e-05,-68.19859051,18281.53565
ERF_Log_File_20250225_1121,1424544487,2d,0,3,1.148480836,0.006252130739,3,4.066558857,0,0,1,-1.875,0.547,0.547,2.125,0.001594945619,720.0752314,0.1698842782,Total,0.0001596725163,-61.92751306,18281.53565
ERF_Log_File_20250225_1121,1424544609,2d,0,3,1.192561094,0.005694847115,3,4.035094,0,0,1,1.875,0.547,0.547,2.125,0.001656161804,720.0752314,0.1698842782,Total,0.0001657875974,61.92751306,18281.53565
ERF_Log_File_20250225_1121,1424544629,2d,0,3,0.6129307302,0.008112711765,3,4.046602571,0,0,1,2.5,0.547,0.547,2.692582404,0.0008512037402,720.0752314,0.1698842782,Total,8.545275888e-05,68.19859051,18281.53565
ERF_Log_File_20250225_1121,1424544650,2d,0,3,0.354977399,0.006411076835,3,4.040112,0,0,1,3.125,0.547,0.547,3.281101187,0.0004929726556,720.0752314,0.1698842782,Total,4.986872282e-05,72.25532837,18281.53565
ERF_Log_File_20250225_1121,1424544670,2d,0,3,0.2035943569,0.006827530942,3,4.047342,0,0,1,3.75,0.547,0.547,3.881043674,0.0002827403971,720.0752314,0.1698842782,Total,2.925886821e-05,75.06858282,18281.53565
ERF_Log_File_20250225_1121,1424544690,2d,0,3,0.1307762415,0.005161878069,3,4.055808,0,0,1,4.375,0.547,0.547,4.487830768,0.0001816146922,720.0752314,0.1698842782,Total,1.965951165e-05,77.12499844,18281.53565
ERF_Log_File_20250225_1121,1424544711,2d,0,3,0.07523852488,0.003112884428,3,4.027994,0,0,1,5,0.547,0.547,5.099019514,0.0001044870336,720.0752314,0.1698842782,Total,1.287756217e-05,78.69006753,18281.53565
ERF_Log_File_20250225_1121,1424544740,2d,0,3,0.0656547517,0.007303799794,3,4.039189429,0,0,2,-5,0.547,0.547,5.385164807,9.117762816e-05,720.0752314,0.1698842782,Total,1.182326772e-05,-68.19859051,18281.53565
ERF_Log_File_20250225_1121,1424544761,2d,0,3,0.09851903312,0.00341586615,3,4.055639714,0,0,2,-4.375,0.547,0.547,4.810470351,0.0001368176946,720.0752314,0.1698842782,Total,1.561561576e-05,-65.43282868,18281.53565
ERF_Log_File_20250225_1121,1424544781,2d,0,3,0.152332563,0.00189788405,3,4.038252857,0,0,2,-3.75,0.547,0.547,4.25,0.0002115508996,720.0752314,0.1698842782,Total,2.245430739e-05,-61.92751306,18281.53565
ERF_Log_File_20250225_1121,1424544801,2d,0,3,0.2524928722,0.00549862722,3,4.047377429,0,0,2,-3.125,0.547,0.547,3.71020552,0.0003506479062,720.0752314,0.1698842782,Total,3.586365825e-05,-57.38075693,18281.53565
ERF_Log_File_20250225_1121,1424544822,2d,0,3,0.4082043375,0.004074647011,3,4.038908571,0,0,2,-2.5,0.547,0.547,3.201562119,0.0005668912354,720.0752314,0.1698842782,Total,5.718680104e-05,-51.34019175,18281.53565
ERF_Log_File_20250225_1121,1424544842,2d,0,3,0.6277765401,0.002202348127,3,4.056603143,0,0,2,-1.875,0.547,0.547,2.741464025,0.0008718207663,720.0752314,0.1698842782,Total,8.750664198e-05,-43.15238973,18281.53565
ERF_Log_File_20250225_1121,1424544862,2d,0,3,1.004857737,0.005172661582,3,4.050869429,0,0,2,-1.25,0.547,0.547,2.358495283,0.001395489933,720.0752314,0.1698842782,Total,0.0001397522291,-32.00538321,18281.53565
ERF_Log_File_20250225_1121,1424544944,2d,0,3,1.002957476,0.009076563424,3,4.057491143,0,0,2,1.25,0.547,0.547,2.358495283,0.001392850958,720.0752314,0.1698842782,Total,0.0001394887146,32.00538321,18281.53565
ERF_Log_File_20250225_1121,1424544964,2d,0,3,0.6081734042,0.006734731467,3,4.059433143,0,0,2,1.875,0.547,0.547,2.741464025,0.0008445970333,720.0752314,0.1698842782,Total,8.47946743e-05,43.15238973,18281.53565
ERF_Log_File_20250225_1121,1424544985,2d,0,3,0.3934685415,0.006519602265,3,4.054854857,0,0,2,2.5,0.547,0.547,3.201562119,0.0005464269903,720.0752314,0.1698842782,Total,5.515883224e-05,51.34019175,18281.53565
ERF_Log_File_20250225_1121,1424545005,2d,0,3,0.2474271504,0.004392602391,3,4.049050286,0,0,2,3.125,0.547,0.547,3.71020552,0.0003436129166,720.0752314,0.1698842782,Total,3.517613586e-05,57.38075693,18281.53565
ERF_Log_File_20250225_1121,1424545025,2d,0,3,0.1482618045,0.005347093218,3,4.038910857,0,0,2,3.75,0.547,0.547,4.25,0.0002058976591,720.0752314,0.1698842782,Total,2.192250939e-05,61.92751306,18281.53565
ERF_Log_File_20250225_1121,1424545046,2d,0,3,0.09640216159,0.007950009274,3,4.046925429,0,0,2,4.375,0.547,0.547,4.810470351,0.0001338779024,720.0752314,0.1698842782,Total,1.535869536e-05,65.43282868,18281.53565
ERF_Log_File_20250225_1121,1424545066,2d,0,3,0.06325471465,0.004533788626,3,4.028480571,0,0,2,5,0.547,0.547,5.385164807,8.784459164e-05,720.0752314,0.1698842782,Total,1.156817835e-05,68.19859051,18281.53565
ERF_Log_File_20250225_1121,1424545096,2d,0,3,0.05198268291,0.007674752992,3,4.044553429,0,0,3,-5,0.547,0.547,5.830951895,7.219062765e-05,720.0752314,0.1698842782,Total,1.04293219e-05,-59.03624347,18281.53565
ERF_Log_File_20250225_1121,1424545116,2d,0,3,0.07725935368,0.002345794163,3,4.053521714,0,0,3,-4.375,0.547,0.547,5.304773793,0.000107293447,720.0752314,0.1698842782,Total,1.310629911e-05,-55.56101069,18281.53565
ERF_Log_File_20250225_1121,1424545136,2d,0,3,0.1045017531,0.00614489424,3,4.042098571,0,0,3,-3.75,0.547,0.547,4.802343178,0.0001451261598,720.0752314,0.1698842782,Total,1.634847984e-05,-51.34019175,18281.53565
ERF_Log_File_20250225_1121,1424545157,2d,0,3,0.1579007407,0.004080323387,3,4.038864286,0,0,3,-3.125,0.547,0.547,4.331930863,0.0002192836717,720.0752314,0.1698842782,Total,2.318429558e-05,-46.16913933,18281.53565
ERF_Log_File_20250225_1121,1424545177,2d,0,3,0.2233497011,0.00508571611,3,4.042005143,0,0,3,-2.5,0.547,0.547,3.905124838,0.0003101755085,720.0752314,0.1698842782,Total,3.191785415e-05,-39.80557109,18281.53565
ERF_Log_File_20250225_1121,1424545197,2d,0,3,0.286464327,0.004711816283,3,4.064926286,0,0,3,-1.875,0.547,0.547,3.537742925,0.0003978255528,720.0752314,0.1698842782,Total,4.048846888e-05,-32.00538321,18281.53565
ERF_Log_File_20250225_1121,1424545218,2d,0,3,0.4008034603,0.008323277739,3,4.061773143,0,0,3,-1.25,0.547,0.547,3.25,0.0005566133132,720.0752314,0.1698842782,Total,5.616811059e-05,-22.61986495,18281.53565
ERF_Log_File_20250225_1121,1424545238,2d,0,3,0.4723223627,0.003187455312,3,4.090091143,0,0,3,-0.625,0.547,0.547,3.064412668,0.0006559347442,720.0752314,0.1698842782,Total,6.60241125e-05,-11.76828893,18281.53565
ERF_Log_File_20250225_1121,1424545258,2d,0,3,0.5323574028,0.004803875446,3,4.045090857,0,0,3,0,0.547,0.547,3,0.0007393080328,720.0752314,0.1698842782,Total,7.431318655e-05,0,18281.53565
ERF_Log_File_20250225_1121,1424545279,2d,0,3,0.4924126052,0.003707958676,3,4.050818857,0,0,3,0.625,0.547,0.547,3.064412668,0.0006838349435,720.0752314,0.1698842782,Total,6.879668543e-05,11.76828893,18281.53565
ERF_Log_File_20250225_1121,1424545299,2d,0,3,0.3841849382,0.005998548915,3,4.037138857,0,0,3,1.25,0.547,0.547,3.25,0.000533534444,720.0752314,0.1698842782,Total,5.388192156e-05,22.61986495,18281.53565
ERF_Log_File_20250225_1121,1424545319,2d,0,3,0.2788134366,0.005227794181,3,4.028592571,0,0,3,1.875,0.547,0.547,3.537742925,0.0003872004264,720.0752314,0.1698842782,Total,3.944496983e-05,32.00538321,18281.53565
ERF_Log_File_20250225_1121,1424545340,2d,0,3,0.2112848358,0.003063695768,3,4.039694,0,0,3,2.5,0.547,0.547,3.905124838,0.0002934205019,720.0752314,0.1698842782,Total,3.029218215e-05,39.80557109,18281.53565
ERF_Log_File_20250225_1121,1424545360,2d,0,3,0.150708838,0.005651864947,3,4.030978,0,0,3,3.125,0.547,0.547,4.331930863,0.0002092959617,720.0752314,0.1698842782,Total,2.224198804e-05,46.16913933,18281.53565
ERF_Log_File_20250225_1121,1424545380,2d,0,3,0.09329128576,0.003724386914,3,4.065529143,0,0,3,3.75,0.547,0.547,4.802343178,0.000129557693,720.0752314,0.1698842782,Total,1.498360739e-05,51.34019175,18281.53565
ERF_Log_File_20250225_1121,1424545401,2d,0,3,0.06394993137,0.002827748306,3,4.041142,0,0,3,4.375,0.547,0.547,5.304773793,8.881006954e-05,720.0752314,0.1698842782,Total,1.164166318e-05,55.56101069,18281.53565
ERF_Log_File_20250225_1121,1424545421,2d,0,3,0.03781131792,0.005962633619,3,4.05125,0,0,3,5,0.547,0.547,5.830951895,5.251023264e-05,720.0752314,0.1698842782,Total,9.177635686e-06,59.03624347,18281.53565
ERF_Log_File_20250225_1359,1424552405,2d,0,3,0.00778354583,0.004844636736,3,4.044565143,0,0,-3,-8.125,0.547,0.547,8.661156101,1.075008859e-05,724.0448081,0.2474909066,Total,7.562521385e-06,-110.2656975,18281.53565
ERF_Log_File_20250225_1359,1424552425,2d,0,3,0.007295560944,0.008317100434,3,4.027183143,0,0,-3,-7.5,0.547,0.547,8.077747211,1.007611803e-05,724.0448081,0.2474909066,Total,7.553235436e-06,-111.8014095,18281.53565
ERF_Log_File_20250225_1359,1424552445,2d,0,3,0.009982040916,0.00864684665,3,4.036944571,0,0,-3,-6.875,0.547,0.547,7.501041594,1.378649609e-05,724.0448081,0.2474909066,Total,7.611620662e-06,-113.5747062,18281.53565
ERF_Log_File_20250225_1359,1424552466,2d,0,3,0.01293533568,0.005409986985,3,4.041105143,0,0,-3,-6.25,0.547,0.547,6.932712312,1.786538007e-05,724.0448081,0.2474909066,Total,7.695961765e-06,-115.6410058,18281.53565
ERF_Log_File_20250225_1359,1424552486,2d,0,3,0.02572302444,0.001961127228,3,4.031775143,0,0,-3,-5.625,0.547,0.547,6.375,3.552684053e-05,724.0448081,0.2474909066,Total,8.285999251e-06,-118.0724869,18281.53565
ERF_Log_File_20250225_1359,1424552506,2d,0,3,0.04677939488,0.006647500965,3,4.044026,0,0,-3,-5,0.547,0.547,5.830951895,6.460842528e-05,724.0448081,0.2474909066,Total,9.888328778e-06,-120.9637565,18281.53565
ERF_Log_File_20250225_1359,1424552527,2d,0,3,0.0771527477,0.002927139356,3,4.023317714,0,0,-3,-4.375,0.547,0.547,5.304773793,0.0001065579738,724.0448081,0.2474909066,Total,1.302241977e-05,-124.4389893,18281.53565
ERF_Log_File_20250225_1359,1424552547,2d,0,3,0.1049113075,0.004351074669,3,4.045977714,0,0,-3,-3.75,0.547,0.547,4.802343178,0.0001448961534,724.0448081,0.2474909066,Total,1.630912253e-05,-128.6598083,18281.53565
ERF_Log_File_20250225_1359,1424552567,2d,0,3,0.149836853,0.004519129242,3,4.048551143,0,0,-3,-3.125,0.547,0.547,4.331930863,0.0002069441716,724.0448081,0.2474909066,Total,2.200681662e-05,-133.8308607,18281.53565
ERF_Log_File_20250225_1359,1424552588,2d,0,3,0.2012847558,0.005579113666,3,4.031729714,0,0,-3,-2.5,0.547,0.547,3.905124838,0.0002780004132,724.0448081,0.2474909066,Total,2.879040464e-05,-140.1944289,18281.53565
ERF_Log_File_20250225_1359,1424552608,2d,0,3,0.2834631284,0.004975356494,3,4.033092,0,0,-3,-1.875,0.547,0.547,3.537742925,0.0003914994283,724.0448081,0.2474909066,Total,3.985940296e-05,-147.9946168,18281.53565
ERF_Log_File_20250225_1359,1424552628,2d,0,3,0.3766429238,0.00950217935,3,4.024893429,0,0,-3,-1.25,0.547,0.547,3.25,0.0005201928383,724.0448081,0.2474909066,Total,5.255543339e-05,-157.3801351,18281.53565
ERF_Log_File_20250225_1359,1424552649,2d,0,3,0.4776548955,0.01225322291,3,4.032088286,0,0,-3,-0.625,0.547,0.547,3.064412668,0.000659703502,724.0448081,0.2474909066,Total,6.639408126e-05,-168.2317111,18281.53565
ERF_Log_File_20250225_1359,1424552669,2d,0,3,0.5201661614,0.005070966698,3,4.019311143,0,0,-3,0,0.547,0.547,3,0.0007184170863,724.0448081,0.2474909066,Total,7.223107001e-05,180,18281.53565
ERF_Log_File_20250225_1359,1424552690,2d,0,3,0.4776408229,0.00562471754,3,4.035203714,0,0,-3,0.625,0.547,0.547,3.064412668,0.000659684066,724.0448081,0.2474909066,Total,6.639215004e-05,168.2317111,18281.53565
ERF_Log_File_20250225_1359,1424552710,2d,0,3,0.3910349713,0.004210936609,3,4.030599714,0,0,-3,1.25,0.547,0.547,3.25,0.0005400701269,724.0448081,0.2474909066,Total,5.452364231e-05,157.3801351,18281.53565
ERF_Log_File_20250225_1359,1424552730,2d,0,3,0.2760728364,0.00200147044,3,4.035676857,0,0,-3,1.875,0.547,0.547,3.537742925,0.0003812924743,724.0448081,0.2474909066,Total,3.885733609e-05,147.9946168,18281.53565
ERF_Log_File_20250225_1359,1424552751,2d,0,3,0.2042514884,0.002369657712,3,4.028252286,0,0,-3,2.5,0.547,0.547,3.905124838,0.0002820978565,724.0448081,0.2474909066,Total,2.918625321e-05,140.1944289,18281.53565
ERF_Log_File_20250225_1359,1424552771,2d,0,3,0.1594146667,0.005659860987,3,4.019371714,0,0,-3,3.125,0.547,0.547,4.331930863,0.0002201723774,724.0448081,0.2474909066,Total,2.325511758e-05,133.8308607,18281.53565
ERF_Log_File_20250225_1359,1424552791,2d,0,3,0.1059112624,0.006175743416,3,4.029180286,0,0,-3,3.75,0.547,0.547,4.802343178,0.0001462772211,724.0448081,0.2474909066,Total,1.643194529e-05,128.6598083,18281.53565
ERF_Log_File_20250225_1359,1424552812,2d,0,3,0.06844300803,0.00302039166,3,4.027624,0,0,-3,4.375,0.547,0.547,5.304773793,9.452869114e-05,724.0448081,0.2474909066,Total,1.205793725e-05,124.4389893,18281.53565
ERF_Log_File_20250225_1359,1424552832,2d,0,3,0.05208152275,0.004795704996,3,4.026204857,0,0,-3,5,0.547,0.547,5.830951895,7.193135311e-05,724.0448081,0.2474909066,Total,1.038161222e-05,120.9637565,18281.53565
ERF_Log_File_20250225_1359,1424552852,2d,0,3,0.03420792383,0.008740927779,3,4.030773429,0,0,-3,5.625,0.547,0.547,6.375,4.724558957e-05,724.0448081,0.2474909066,Total,8.851993577e-06,118.0724869,18281.53565
ERF_Log_File_20250225_1359,1424552873,2d,0,3,0.01670622202,0.006571785205,3,4.030971714,0,0,-3,6.25,0.547,0.547,6.932712312,2.307346429e-05,724.0448081,0.2474909066,Total,7.833261255e-06,115.6410058,18281.53565
ERF_Log_File_20250225_1359,1424552893,2d,0,3,0.004864308905,0.006023677433,3,4.036255714,0,0,-3,6.875,0.547,0.547,7.501041594,6.718242919e-06,724.0448081,0.2474909066,Total,7.515811686e-06,113.5747062,18281.53565
ERF_Log_File_20250225_1359,1424552913,2d,0,3,0.004071204516,0.003832655667,3,4.040784571,0,0,-3,7.5,0.547,0.547,8.077747211,5.622862662e-06,724.0448081,0.2474909066,Total,7.506813018e-06,111.8014095,18281.53565
ERF_Log_File_20250225_1359,1424552934,2d,0,3,0.002140434555,0.002789709236,3,4.020991714,0,0,-3,8.125,0.547,0.547,8.661156101,2.95621836e-06,724.0448081,0.2474909066,Total,7.491559613e-06,110.2656975,18281.53565
ERF_Log_File_20250225_1359,1424552970,2d,0,3,0.002738832398,0.005463055676,3,4.044502857,0,0,-2,-8.125,0.547,0.547,8.367533986,3.782683568e-06,724.0448081,0.2474909066,Total,7.495275896e-06,-103.828651,18281.53565
ERF_Log_File_20250225_1359,1424552990,2d,0,3,0.006453310887,0.006751369613,3,4.034209429,0,0,-2,-7.5,0.547,0.547,7.762087348,8.912861215e-06,724.0448081,0.2474909066,Total,7.538598834e-06,-104.9314172,18281.53565
ERF_Log_File_20250225_1359,1424553010,2d,0,3,0.02194038788,0.005261937125,3,4.026445714,0,0,-2,-6.875,0.547,0.547,7.160001746,3.030252774e-05,724.0448081,0.2474909066,Total,8.075804066e-06,-106.2201937,18281.53565
ERF_Log_File_20250225_1359,1424553031,2d,0,3,0.03258855827,0.002850405806,3,4.024107143,0,0,-2,-6.25,0.547,0.547,6.562202374,4.500903523e-05,724.0448081,0.2474909066,Total,8.734668932e-06,-107.7446716,18281.53565
ERF_Log_File_20250225_1359,1424553051,2d,0,3,0.05046852015,0.004552285787,3,4.015787429,0,0,-2,-5.625,0.547,0.547,5.969976968,6.970358683e-05,724.0448081,0.2474909066,Total,1.022851602e-05,-109.5731258,18281.53565
ERF_Log_File_20250225_1359,1424553071,2d,0,3,0.06802236561,0.0048642167,3,4.035436571,0,0,-2,-5,0.547,0.547,5.385164807,9.394772927e-05,724.0448081,0.2474909066,Total,1.201244612e-05,-111.8014095,18281.53565
ERF_Log_File_20250225_1359,1424553092,2d,0,3,0.1109129002,0.00682479184,3,4.035540286,0,0,-2,-4.375,0.547,0.547,4.810470351,0.0001531851329,724.0448081,0.2474909066,Total,1.704979951e-05,-114.5671713,18281.53565
ERF_Log_File_20250225_1359,1424553112,2d,0,3,0.1679058288,0.002984933288,3,4.049466857,0,0,-2,-3.75,0.547,0.547,4.25,0.0002318997761,724.0448081,0.2474909066,Total,2.436836919e-05,-118.0724869,18281.53565
ERF_Log_File_20250225_1359,1424553132,2d,0,3,0.2466586672,0.007181243309,3,4.037636286,0,0,-2,-3.125,0.547,0.547,3.71020552,0.000340667683,724.0448081,0.2474909066,Total,3.487971236e-05,-122.6192431,18281.53565
ERF_Log_File_20250225_1359,1424553153,2d,0,3,0.4000433289,0.003380810552,3,4.070662286,0,0,-2,-2.5,0.547,0.547,3.201562119,0.0005525118396,724.0448081,0.2474909066,Total,5.575630071e-05,-128.6598083,18281.53565
ERF_Log_File_20250225_1359,1424553173,2d,0,3,0.578675493,0.00729321874,3,4.046070857,0,0,-2,-1.875,0.547,0.547,2.741464025,0.0007992260791,724.0448081,0.2474909066,Total,8.027287188e-05,-136.8476103,18281.53565
ERF_Log_File_20250225_1359,1424553194,2d,0,3,0.933882411,0.008037657268,3,4.044064286,0,0,-2,-1.25,0.547,0.547,2.358495283,0.001289813007,724.0448081,0.2474909066,Total,0.0001291990959,-147.9946168,18281.53565
ERF_Log_File_20250225_1359,1424553275,2d,0,3,1.009187275,0.009731756618,3,4.039642857,0,0,-2,1.25,0.547,0.547,2.358495283,0.001393818813,724.0448081,0.2474909066,Total,0.000139583566,147.9946168,18281.53565
ERF_Log_File_20250225_1359,1424553295,2d,0,3,0.6183447687,0.006271643477,3,4.037586571,0,0,-2,1.875,0.547,0.547,2.741464025,0.0008540145055,724.0448081,0.2474909066,Total,8.572939428e-05,136.8476103,18281.53565
ERF_Log_File_20250225_1359,1424553316,2d,0,3,0.4046928557,0.008434446152,3,4.030826,0,0,-2,2.5,0.547,0.547,3.201562119,0.0005589334406,724.0448081,0.2474909066,Total,5.639271658e-05,128.6598083,18281.53565
ERF_Log_File_20250225_1359,1424553336,2d,0,3,0.2434456843,0.005298142532,3,4.043135714,0,0,-2,3.125,0.547,0.547,3.71020552,0.000336230136,724.0448081,0.2474909066,Total,3.444642687e-05,122.6192431,18281.53565
ERF_Log_File_20250225_1359,1424553356,2d,0,3,0.1620200528,0.00908398708,3,4.039000857,0,0,-2,3.75,0.547,0.547,4.25,0.0002237707543,724.0448081,0.2474909066,Total,2.359608924e-05,118.0724869,18281.53565
ERF_Log_File_20250225_1359,1424553377,2d,0,3,0.09933881499,0.003070765905,3,4.028741143,0,0,-2,4.375,0.547,0.547,4.810470351,0.0001371998168,724.0448081,0.2474909066,Total,1.56293368e-05,114.5671713,18281.53565
ERF_Log_File_20250225_1359,1424553397,2d,0,3,0.05538355638,0.004724915799,3,4.039957714,0,0,-2,5,0.547,0.547,5.385164807,7.649189078e-05,724.0448081,0.2474909066,Total,1.070265618e-05,111.8014095,18281.53565
ERF_Log_File_20250225_1359,1424553417,2d,0,3,0.03920626999,0.003288453372,3,4.053884286,0,0,-2,5.625,0.547,0.547,5.969976968,5.414895536e-05,724.0448081,0.2474909066,Total,9.238912728e-06,109.5731258,18281.53565
ERF_Log_File_20250225_1359,1424553438,2d,0,3,0.02492672224,0.004906180801,3,4.055285143,0,0,-2,6.25,0.547,0.547,6.562202374,3.442704369e-05,724.0448081,0.2474909066,Total,8.239443185e-06,107.7446716,18281.53565
ERF_Log_File_20250225_1359,1424553458,2d,0,3,0.01054001301,0.005057091952,3,4.042898286,0,0,-2,6.875,0.547,0.547,7.160001746,1.455712809e-05,724.0448081,0.2474909066,Total,7.62595546e-06,106.2201937,18281.53565
ERF_Log_File_20250225_1359,1424553478,2d,0,3,0.009439809651,0.003901749512,3,4.030697143,0,0,-2,7.5,0.547,0.547,7.762087348,1.303760423e-05,724.0448081,0.2474909066,Total,7.598413206e-06,104.9314172,18281.53565
ERF_Log_File_20250225_1359,1424553499,2d,0,3,0.008809556799,0.004649619151,3,4.049751143,0,0,-2,8.125,0.547,0.547,8.367533986,1.216714311e-05,724.0448081,0.2474909066,Total,7.583962233e-06,103.828651,18281.53565
ERF_Log_File_20250225_1359,1424553535,2d,0,3,0.02015117976,0.004548162936,3,4.046057143,0,0,-1,-8.125,0.547,0.547,8.186307165,2.783139874e-05,724.0448081,0.2474909066,Total,7.986365269e-06,-97.01650174,18281.53565
ERF_Log_File_20250225_1359,1424553555,2d,0,3,0.01453903178,0.003352948421,3,4.060233714,0,0,-1,-7.5,0.547,0.547,7.566372975,2.008029285e-05,724.0448081,0.2474909066,Total,7.75037424e-06,-97.59464337,18281.53565
ERF_Log_File_20250225_1359,1424553575,2d,0,3,0.03553406561,0.003586765116,3,4.042038571,0,0,-1,-6.875,0.547,0.547,6.947346616,4.907716375e-05,724.0448081,0.2474909066,Total,8.951091195e-06,-98.27589283,18281.53565
ERF_Log_File_20250225_1359,1424553596,2d,0,3,0.04055731928,0.004734163264,3,4.042673714,0,0,-1,-6.25,0.547,0.547,6.329494451,5.601493005e-05,724.0448081,0.2474909066,Total,9.349500662e-06,-99.09027692,18281.53565
ERF_Log_File_20250225_1359,1424553616,2d,0,3,0.04610265625,0.005210787904,3,4.038681429,0,0,-1,-5.625,0.547,0.547,5.713197441,6.367376126e-05,724.0448081,0.2474909066,Total,9.827513652e-06,-100.080598,18281.53565
ERF_Log_File_20250225_1359,1424553636,2d,0,3,0.08085364837,0.005261805024,3,4.046060286,0,0,-1,-5,0.547,0.547,5.099019514,0.0001116693987,724.0448081,0.2474909066,Total,1.344388617e-05,-101.3099325,18281.53565
ERF_Log_File_20250225_1359,1424553657,2d,0,3,0.1249974928,0.004437465965,3,4.044366,0,0,-1,-4.375,0.547,0.547,4.487830768,0.0001726377863,724.0448081,0.2474909066,Total,1.881694999e-05,-102.8750016,18281.53565
ERF_Log_File_20250225_1359,1424553677,2d,0,3,0.2071582996,0.009416516602,3,4.062175429,0,0,-1,-3.75,0.547,0.547,3.881043674,0.0002861125407,724.0448081,0.2474909066,Total,2.957447373e-05,-104.9314172,18281.53565
ERF_Log_File_20250225_1359,1424553697,2d,0,3,0.3620147967,0.004522895829,3,4.068554286,0,0,-1,-3.125,0.547,0.547,3.281101187,0.0004999894932,724.0448081,0.2474909066,Total,5.055650516e-05,-107.7446716,18281.53565
ERF_Log_File_20250225_1359,1424553718,2d,0,3,0.5950581955,0.007572823313,3,4.044931714,0,0,-1,-2.5,0.547,0.547,2.692582404,0.0008218527209,724.0448081,0.2474909066,Total,8.252595918e-05,-111.8014095,18281.53565
ERF_Log_File_20250225_1359,1424553738,2d,0,3,1.131876819,0.006646799724,3,4.036952571,0,0,-1,-1.875,0.547,0.547,2.125,0.001563269022,724.0448081,0.2474909066,Total,0.000156506939,-118.0724869,18281.53565
ERF_Log_File_20250225_1359,1424553860,2d,0,3,1.206370527,0.005342693662,3,4.055235429,0,0,-1,1.875,0.547,0.547,2.125,0.001666154516,724.0448081,0.2474909066,Total,0.0001667844991,118.0724869,18281.53565
ERF_Log_File_20250225_1359,1424553881,2d,0,3,0.6175845853,0.00604200544,3,4.051505714,0,0,-1,2.5,0.547,0.547,2.692582404,0.0008529645934,724.0448081,0.2474909066,Total,8.562480397e-05,111.8014095,18281.53565
ERF_Log_File_20250225_1359,1424553901,2d,0,3,0.358847265,0.00728056928,3,4.051616571,0,0,-1,3.125,0.547,0.547,3.281101187,0.0004956147202,724.0448081,0.2474909066,Total,5.012388932e-05,107.7446716,18281.53565
ERF_Log_File_20250225_1359,1424553921,2d,0,3,0.2127160152,0.004633596035,3,4.063623714,0,0,-1,3.75,0.547,0.547,3.881043674,0.0002937884684,724.0448081,0.2474909066,Total,3.031769777e-05,104.9314172,18281.53565
ERF_Log_File_20250225_1359,1424553942,2d,0,3,0.1194330369,0.005835461235,3,4.043692857,0,0,-1,4.375,0.547,0.547,4.487830768,0.0001649525493,724.0448081,0.2474909066,Total,1.811443309e-05,102.8750016,18281.53565
ERF_Log_File_20250225_1359,1424553962,2d,0,3,0.06816907628,0.006576631077,3,4.042671714,0,0,-1,5,0.547,0.547,5.099019514,9.415035578e-05,724.0448081,0.2474909066,Total,1.202830008e-05,101.3099325,18281.53565
ERF_Log_File_20250225_1359,1424553982,2d,0,3,0.0517899805,0.005719310397,3,4.042345714,0,0,-1,5.625,0.547,0.547,5.713197441,7.152869536e-05,724.0448081,0.2474909066,Total,1.035375355e-05,100.080598,18281.53565
ERF_Log_File_20250225_1359,1424554003,2d,0,3,0.03167912502,0.005576250656,3,4.043173143,0,0,-1,6.25,0.547,0.547,6.329494451,4.375298969e-05,724.0448081,0.2474909066,Total,8.670613408e-06,99.09027692,18281.53565
ERF_Log_File_20250225_1359,1424554023,2d,0,3,0.01845970258,0.005903944507,3,4.047952571,0,0,-1,6.875,0.547,0.547,6.947346616,2.549524888e-05,724.0448081,0.2474909066,Total,7.907984904e-06,98.27589283,18281.53565
ERF_Log_File_20250225_1359,1424554043,2d,0,3,0.01278401328,0.004965050653,3,4.047423143,0,0,-1,7.5,0.547,0.547,7.566372975,1.765638416e-05,724.0448081,0.2474909066,Total,7.69113695e-06,97.59464337,18281.53565
ERF_Log_File_20250225_1359,1424554064,2d,0,3,0.009382899681,0.00609243919,3,4.039994286,0,0,-1,8.125,0.547,0.547,8.186307165,1.295900416e-05,724.0448081,0.2474909066,Total,7.597068491e-06,97.01650174,18281.53565
ERF_Log_File_20250225_1359,1424554100,2d,0,3,0.008421380686,0.002735521731,3,4.057934857,0,0,0,-8.125,0.547,0.547,8.125,1.163102144e-05,724.0448081,0.2474909066,Total,7.575545825e-06,-90,18281.53565
ERF_Log_File_20250225_1359,1424554120,2d,0,3,0.01765553641,0.003973031931,3,4.023310857,0,0,0,-7.5,0.547,0.547,7.5,2.438459087e-05,724.0448081,0.2474909066,Total,7.872879037e-06,-90,18281.53565
ERF_Log_File_20250225_1359,1424554140,2d,0,3,0.01860345832,0.003259232936,3,4.059647143,0,0,0,-6.875,0.547,0.547,6.875,2.569379424e-05,724.0448081,0.2474909066,Total,7.914408373e-06,-90,18281.53565
ERF_Log_File_20250225_1359,1424554161,2d,0,3,0.03223915486,0.005387270997,3,4.058162571,0,0,0,-6.25,0.547,0.547,6.25,4.45264637e-05,724.0448081,0.2474909066,Total,8.709900314e-06,-90,18281.53565
ERF_Log_File_20250225_1359,1424554181,2d,0,3,0.04875453552,0.002172809665,3,4.045776286,0,0,0,-5.625,0.547,0.547,5.625,6.733635125e-05,724.0448081,0.2474909066,Total,1.00686863e-05,-90,18281.53565
ERF_Log_File_20250225_1359,1424554201,2d,0,3,0.07743828457,0.003916368385,3,4.040143143,0,0,0,-5,0.547,0.547,5,0.0001069523374,724.0448081,0.2474909066,Total,1.305470924e-05,-90,18281.53565
ERF_Log_File_20250225_1359,1424554222,2d,0,3,0.1301007084,0.00599037131,3,4.047905714,0,0,0,-4.375,0.547,0.547,4.375,0.0001796859903,724.0448081,0.2474909066,Total,1.946562087e-05,-90,18281.53565
ERF_Log_File_20250225_1359,1424554242,2d,0,3,0.2194577978,0.001448330561,3,4.038581429,0,0,0,-3.75,0.547,0.547,3.75,0.0003030997465,724.0448081,0.2474909066,Total,3.122084831e-05,-90,18281.53565
ERF_Log_File_20250225_1359,1424554262,2d,0,3,0.394004127,0.004599141689,3,4.046664,0,0,0,-3.125,0.547,0.547,3.125,0.0005441709168,724.0448081,0.2474909066,Total,5.492986927e-05,-90,18281.53565
ERF_Log_File_20250225_1359,1424554283,2d,0,3,0.7236335573,0.006837892946,3,4.034590857,0,0,0,-2.5,0.547,0.547,2.5,0.0009994320092,724.0448081,0.2474909066,Total,0.0001002237307,-90,18281.53565
ERF_Log_File_20250225_1359,1424554303,2d,0,3,1.422871561,0.004330983595,3,4.028422286,0,0,0,-1.875,0.547,0.547,1.875,0.001965170587,724.0448081,0.2474909066,Total,0.0001966607273,-90,18281.53565
ERF_Log_File_20250225_1359,1424554425,2d,0,3,1.507365375,0.005570086498,3,4.032920286,0,0,0,1.875,0.547,0.547,1.875,0.002081867529,724.0448081,0.2474909066,Total,0.0002083225061,90,18281.53565
ERF_Log_File_20250225_1359,1424554446,2d,0,3,0.736381652,0.003234530938,3,4.034075143,0,0,0,2.5,0.547,0.547,2.5,0.001017038785,724.0448081,0.2474909066,Total,0.0001019795854,90,18281.53565
ERF_Log_File_20250225_1359,1424554466,2d,0,3,0.3800858282,0.008556234738,3,4.041144857,0,0,0,3.125,0.547,0.547,3.125,0.0005249479369,724.0448081,0.2474909066,Total,5.302614105e-05,90,18281.53565
ERF_Log_File_20250225_1359,1424554486,2d,0,3,0.2163186392,0.008560453815,3,4.025353429,0,0,0,3.75,0.547,0.547,3.75,0.0002987641604,724.0448081,0.2474909066,Total,3.080010936e-05,90,18281.53565
ERF_Log_File_20250225_1359,1424554507,2d,0,3,0.1420908243,0.003368292271,3,4.029095143,0,0,0,4.375,0.547,0.547,4.375,0.000196245899,724.0448081,0.2474909066,Total,2.10039306e-05,90,18281.53565
ERF_Log_File_20250225_1359,1424554527,2d,0,3,0.07895455902,0.006762197363,3,4.027761429,0,0,0,5,0.547,0.547,5,0.0001090465095,724.0448081,0.2474909066,Total,1.322682402e-05,90,18281.53565
ERF_Log_File_20250225_1359,1424554547,2d,0,3,0.05355227271,0.003507801731,3,4.026284857,0,0,0,5.625,0.547,0.547,5.625,7.396264999e-05,724.0448081,0.2474909066,Total,1.052337623e-05,90,18281.53565
ERF_Log_File_20250225_1359,1424554568,2d,0,3,0.03469566131,0.005586406202,3,4.049445714,0,0,0,6.25,0.547,0.547,6.25,4.791921843e-05,724.0448081,0.2474909066,Total,8.888130027e-06,90,18281.53565
ERF_Log_File_20250225_1359,1424554588,2d,0,3,0.02712768741,0.003593365925,3,4.044714571,0,0,0,6.875,0.547,0.547,6.875,3.74668627e-05,724.0448081,0.2474909066,Total,8.371015121e-06,90,18281.53565
ERF_Log_File_20250225_1359,1424554608,2d,0,3,0.009506615672,0.002628988118,3,4.030164,0,0,0,7.5,0.547,0.547,7.5,1.312987203e-05,724.0448081,0.2474909066,Total,7.600001821e-06,90,18281.53565
ERF_Log_File_20250225_1359,1424554629,2d,0,3,0.004695889233,0.005808980136,3,4.043623714,0,0,0,8.125,0.547,0.547,8.125,6.485633459e-06,724.0448081,0.2474909066,Total,7.513768127e-06,90,18281.53565
ERF_Log_File_20250225_1359,1424554665,2d,0,3,0.004425612397,0.004309127023,3,4.056570857,0,0,1,-8.125,0.547,0.547,8.186307165,6.112346015e-06,724.0448081,0.2474909066,Total,7.510638072e-06,-82.98349826,18281.53565
ERF_Log_File_20250225_1359,1424554685,2d,0,3,0.009869842645,0.00387214655,3,4.030086,0,0,1,-7.5,0.547,0.547,7.566372975,1.363153569e-05,724.0448081,0.2474909066,Total,7.608829181e-06,-82.40535663,18281.53565
ERF_Log_File_20250225_1359,1424554705,2d,0,3,0.01321042149,0.004627895122,3,4.037606571,0,0,1,-6.875,0.547,0.547,6.947346616,1.824530932e-05,724.0448081,0.2474909066,Total,7.704870159e-06,-81.72410717,18281.53565
ERF_Log_File_20250225_1359,1424554726,2d,0,3,0.02677443328,0.003516814475,3,4.033345429,0,0,1,-6.25,0.547,0.547,6.329494451,3.697897282e-05,724.0448081,0.2474909066,Total,8.349291959e-06,-80.90972308,18281.53565
ERF_Log_File_20250225_1359,1424554746,2d,0,3,0.0447520963,0.003816435502,3,4.041344857,0,0,1,-5.625,0.547,0.547,5.713197441,6.180846241e-05,724.0448081,0.2474909066,Total,9.707696882e-06,-79.91940201,18281.53565
ERF_Log_File_20250225_1359,1424554766,2d,0,3,0.0715131547,0.005211144135,3,4.037318857,0,0,1,-5,0.547,0.547,5.099019514,9.876896278e-05,724.0448081,0.2474909066,Total,1.239315505e-05,-78.69006753,18281.53565
ERF_Log_File_20250225_1359,1424554787,2d,0,3,0.1222493638,0.009465183081,3,4.031331143,0,0,1,-4.375,0.547,0.547,4.487830768,0.0001688422628,724.0448081,0.2474909066,Total,1.846933946e-05,-77.12499844,18281.53565
ERF_Log_File_20250225_1359,1424554807,2d,0,3,0.2082891008,0.002465899709,3,4.034511143,0,0,1,-3.75,0.547,0.547,3.881043674,0.0002876743242,724.0448081,0.2474909066,Total,2.97255935e-05,-75.06858282,18281.53565
ERF_Log_File_20250225_1359,1424554827,2d,0,3,0.3512668208,0.005839749784,3,4.041138571,0,0,1,-3.125,0.547,0.547,3.281101187,0.0004851451414,724.0448081,0.2474909066,Total,4.90889158e-05,-72.25532837,18281.53565
ERF_Log_File_20250225_1359,1424554848,2d,0,3,0.5875808818,0.003965041515,3,4.033094571,0,0,1,-2.5,0.547,0.547,2.692582404,0.0008115255786,724.0448081,0.2474909066,Total,8.149755007e-05,-68.19859051,18281.53565
ERF_Log_File_20250225_1359,1424554868,2d,0,3,1.134230732,0.005749587557,3,4.049169143,0,0,1,-1.875,0.547,0.547,2.125,0.001566520082,724.0448081,0.2474909066,Total,0.0001568316756,-61.92751306,18281.53565
ERF_Log_File_20250225_1359,1424554990,2d,0,3,1.191493595,0.006218598887,3,4.054761429,0,0,1,1.875,0.547,0.547,2.125,0.001645607539,724.0448081,0.2474909066,Total,0.0001647318858,61.92751306,18281.53565
ERF_Log_File_20250225_1359,1424555011,2d,0,3,0.6092557714,0.005729876557,3,4.050615429,0,0,1,2.5,0.547,0.547,2.692582404,0.0008414614187,724.0448081,0.2474909066,Total,8.447894408e-05,68.19859051,18281.53565
ERF_Log_File_20250225_1359,1424555031,2d,0,3,0.3469280541,0.00844124321,3,4.040887143,0,0,1,3.125,0.547,0.547,3.281101187,0.0004791527406,724.0448081,0.2474909066,Total,4.849676675e-05,72.25532837,18281.53565
ERF_Log_File_20250225_1359,1424555051,2d,0,3,0.218128981,0.006214811896,3,4.044296571,0,0,1,3.75,0.547,0.547,3.881043674,0.0003012644778,724.0448081,0.2474909066,Total,3.104270498e-05,75.06858282,18281.53565
ERF_Log_File_20250225_1359,1424555072,2d,0,3,0.132125248,0.004916834666,3,4.048585429,0,0,1,4.375,0.547,0.547,4.487830768,0.0001824821427,724.0448081,0.2474909066,Total,1.972402816e-05,77.12499844,18281.53565
ERF_Log_File_20250225_1359,1424555092,2d,0,3,0.07855857156,0.008273822751,3,4.057654,0,0,1,5,0.547,0.547,5.099019514,0.0001084995993,724.0448081,0.2474909066,Total,1.318177067e-05,78.69006753,18281.53565
ERF_Log_File_20250225_1359,1424555112,2d,0,3,0.05216433762,0.005857121701,3,4.05051,0,0,1,5.625,0.547,0.547,5.713197441,7.20457312e-05,724.0448081,0.2474909066,Total,1.038954053e-05,79.91940201,18281.53565
ERF_Log_File_20250225_1359,1424555133,2d,0,3,0.02812498383,0.004914936722,3,4.050338,0,0,1,6.25,0.547,0.547,6.329494451,3.884425869e-05,724.0448081,0.2474909066,Total,8.433564654e-06,80.90972308,18281.53565
ERF_Log_File_20250225_1359,1424555153,2d,0,3,0.01232214362,0.009155267666,3,4.053715714,0,0,1,6.875,0.547,0.547,6.947346616,1.701848212e-05,724.0448081,0.2474909066,Total,7.676743666e-06,81.72410717,18281.53565
ERF_Log_File_20250225_1359,1424555173,2d,0,3,0.00493157922,0.003936538768,3,4.059399143,0,0,1,7.5,0.547,0.547,7.566372975,6.811151969e-06,724.0448081,0.2474909066,Total,7.516647888e-06,82.40535663,18281.53565
ERF_Log_File_20250225_1359,1424555194,2d,0,3,-0.005334882927,0.00635611972,3,4.040515714,0,0,1,8.125,0.547,0.547,8.186307165,-7.368166815e-06,724.0448081,0.2474909066,Total,7.521899847e-06,82.98349826,18281.53565
ERF_Log_File_20250225_1359,1424555230,2d,0,3,0.001089720413,0.006718830084,3,4.067732286,0,0,2,-8.125,0.547,0.547,8.367533986,1.505045545e-06,724.0448081,0.2474909066,Total,7.48723741e-06,-76.17134903,18281.53565
ERF_Log_File_20250225_1359,1424555250,2d,0,3,0.009090349274,0.007623308693,3,4.052955429,0,0,2,-7.5,0.547,0.547,7.762087348,1.255495402e-05,724.0448081,0.2474909066,Total,7.590280579e-06,-75.06858282,18281.53565
ERF_Log_File_20250225_1359,1424555270,2d,0,3,0.02080034423,0.004885991641,3,4.031477429,0,0,2,-6.875,0.547,0.547,7.160001746,2.872797927e-05,724.0448081,0.2474909066,Total,8.018050667e-06,-73.7798063,18281.53565
ERF_Log_File_20250225_1359,1424555291,2d,0,3,0.03106257287,0.003530264919,3,4.045518286,0,0,2,-6.25,0.547,0.547,6.562202374,4.290145102e-05,724.0448081,0.2474909066,Total,8.627956432e-06,-72.25532837,18281.53565
ERF_Log_File_20250225_1359,1424555311,2d,0,3,0.04674671867,0.003778936958,3,4.047681714,0,0,2,-5.625,0.547,0.547,5.969976968,6.456329519e-05,724.0448081,0.2474909066,Total,9.885380621e-06,-70.42687417,18281.53565
ERF_Log_File_20250225_1359,1424555331,2d,0,3,0.06679108754,0.008312466579,3,4.055612,0,0,2,-5,0.547,0.547,5.385164807,9.22471742e-05,724.0448081,0.2474909066,Total,1.18799191e-05,-68.19859051,18281.53565
ERF_Log_File_20250225_1359,1424555352,2d,0,3,0.1056014455,0.006136918427,3,4.048002286,0,0,2,-4.375,0.547,0.547,4.810470351,0.0001458493235,724.0448081,0.2474909066,Total,1.639386499e-05,-65.43282868,18281.53565
ERF_Log_File_20250225_1359,1424555372,2d,0,3,0.1608015326,0.004124800988,3,4.031631143,0,0,2,-3.75,0.547,0.547,4.25,0.0002220878195,724.0448081,0.2474909066,Total,2.343654904e-05,-61.92751306,18281.53565
ERF_Log_File_20250225_1359,1424555392,2d,0,3,0.2525035668,0.002212383788,3,4.049588286,0,0,2,-3.125,0.547,0.547,3.71020552,0.0003487402492,724.0448081,0.2474909066,Total,3.566858416e-05,-57.38075693,18281.53565
ERF_Log_File_20250225_1359,1424555413,2d,0,3,0.4095590544,0.003315205752,3,4.048481714,0,0,2,-2.5,0.547,0.547,3.201562119,0.0005656542936,724.0448081,0.2474909066,Total,5.705892792e-05,-51.34019175,18281.53565
ERF_Log_File_20250225_1359,1424555433,2d,0,3,0.6238505249,0.005925825138,3,4.118946857,0,0,2,-1.875,0.547,0.547,2.741464025,0.0008616186705,724.0448081,0.2474909066,Total,8.648693627e-05,-43.15238973,18281.53565
ERF_Log_File_20250225_1359,1424555454,2d,0,3,0.998798937,0.00497008945,3,4.032274286,0,0,2,-1.25,0.547,0.547,2.358495283,0.001379471168,724.0448081,0.2474909066,Total,0.0001381508793,-32.00538321,18281.53565
ERF_Log_File_20250225_1359,1424555535,2d,0,3,0.9981214085,0.004558527861,3,4.045203429,0,0,2,1.25,0.547,0.547,2.358495283,0.001378535413,724.0448081,0.2474909066,Total,0.0001380574408,32.00538321,18281.53565
ERF_Log_File_20250225_1359,1424555555,2d,0,3,0.6086391102,0.006165230229,3,4.054418286,0,0,2,1.875,0.547,0.547,2.741464025,0.0008406097294,724.0448081,0.2474909066,Total,8.439411001e-05,43.15238973,18281.53565
ERF_Log_File_20250225_1359,1424555576,2d,0,3,0.4032143252,0.006406147994,3,4.054725143,0,0,2,2.5,0.547,0.547,3.201562119,0.0005568913978,724.0448081,0.2474909066,Total,5.619032476e-05,51.34019175,18281.53565
ERF_Log_File_20250225_1359,1424555596,2d,0,3,0.2498044402,0.006395379427,3,4.038051143,0,0,2,3.125,0.547,0.547,3.71020552,0.0003450124045,724.0448081,0.2474909066,Total,3.530418633e-05,57.38075693,18281.53565
ERF_Log_File_20250225_1359,1424555616,2d,0,3,0.1612285497,0.004871979108,3,4.033678,0,0,2,3.75,0.547,0.547,4.25,0.0002226775855,724.0448081,0.2474909066,Total,2.349244425e-05,61.92751306,18281.53565
ERF_Log_File_20250225_1359,1424555637,2d,0,3,0.1009878544,0.004807858123,3,4.049477143,0,0,2,4.375,0.547,0.547,4.810470351,0.0001394773545,724.0448081,0.2474909066,Total,1.582964527e-05,65.43282868,18281.53565
ERF_Log_File_20250225_1359,1424555657,2d,0,3,0.0607104291,0.00415460937,3,4.040365714,0,0,2,5,0.547,0.547,5.385164807,8.384899447e-05,724.0448081,0.2474909066,Total,1.124025944e-05,68.19859051,18281.53565
ERF_Log_File_20250225_1359,1424555677,2d,0,3,0.03824963675,0.003262169529,3,4.044079714,0,0,2,5.625,0.547,0.547,5.969976968,5.28277205e-05,724.0448081,0.2474909066,Total,9.162100127e-06,70.42687417,18281.53565
ERF_Log_File_20250225_1359,1424555698,2d,0,3,0.01567882375,0.002433203665,3,4.054352857,0,0,2,6.25,0.547,0.547,6.562202374,2.165449372e-05,724.0448081,0.2474909066,Total,7.792643833e-06,72.25532837,18281.53565
ERF_Log_File_20250225_1359,1424555718,2d,0,3,0.0160300815,0.006594248442,3,4.06026,0,0,2,6.875,0.547,0.547,7.160001746,2.213962633e-05,724.0448081,0.2474909066,Total,7.806264148e-06,73.7798063,18281.53565
ERF_Log_File_20250225_1359,1424555738,2d,0,3,0.0050904038,0.001666594114,3,4.04568,0,0,2,7.5,0.547,0.547,7.762087348,7.03050936e-06,724.0448081,0.2474909066,Total,7.518667338e-06,75.06858282,18281.53565
ERF_Log_File_20250225_1359,1424555759,2d,0,3,0.0111614865,0.006005433271,3,4.044076286,0,0,2,8.125,0.547,0.547,8.367533986,1.541546377e-05,724.0448081,0.2474909066,Total,7.642804795e-06,76.17134903,18281.53565
ERF_Log_File_20250225_1359,1424555795,2d,0,3,0.01124921869,0.007250772953,3,4.050058857,0,0,3,-8.125,0.547,0.547,8.661156101,1.553663332e-05,724.0448081,0.2474909066,Total,7.645258014e-06,-69.73430253,18281.53565
ERF_Log_File_20250225_1359,1424555815,2d,0,3,0.01164015327,0.008162560783,3,4.051663714,0,0,3,-7.5,0.547,0.547,8.077747211,1.60765648e-05,724.0448081,0.2474909066,Total,7.656413109e-06,-68.19859051,18281.53565
ERF_Log_File_20250225_1359,1424555835,2d,0,3,0.01933679993,0.008166215585,3,4.053393714,0,0,3,-6.875,0.547,0.547,7.501041594,2.670663434e-05,724.0448081,0.2474909066,Total,7.947867554e-06,-66.4252938,18281.53565
ERF_Log_File_20250225_1359,1424555856,2d,0,3,0.02484279269,0.004815421855,3,4.02168,0,0,3,-6.25,0.547,0.547,6.932712312,3.431112606e-05,724.0448081,0.2474909066,Total,8.234606451e-06,-64.35899418,18281.53565
ERF_Log_File_20250225_1359,1424555876,2d,0,3,0.0399451937,0.003429860549,3,4.030398857,0,0,3,-5.625,0.547,0.547,6.375,5.516950506e-05,724.0448081,0.2474909066,Total,9.299095152e-06,-61.92751306,18281.53565
ERF_Log_File_20250225_1359,1424555896,2d,0,3,0.04792473046,0.00242361004,3,4.047278571,0,0,3,-5,0.547,0.547,5.830951895,6.61902826e-05,724.0448081,0.2474909066,Total,9.992403072e-06,-59.03624347,18281.53565
ERF_Log_File_20250225_1359,1424555917,2d,0,3,0.07073396213,0.006227513775,3,4.054340571,0,0,3,-4.375,0.547,0.547,5.304773793,9.769279655e-05,724.0448081,0.2474909066,Total,1.230755915e-05,-55.56101069,18281.53565
ERF_Log_File_20250225_1359,1424555937,2d,0,3,0.1075294358,0.005758939675,3,4.059796571,0,0,3,-3.75,0.547,0.547,4.802343178,0.0001485121287,724.0448081,0.2474909066,Total,1.663121081e-05,-51.34019175,18281.53565
ERF_Log_File_20250225_1359,1424555958,2d,0,3,0.1540596288,0.003555131555,3,4.049433714,0,0,3,-3.125,0.547,0.547,4.331930863,0.0002127763739,724.0448081,0.2474909066,Total,2.255613475e-05,-46.16913933,18281.53565
ERF_Log_File_20250225_1359,1424555978,2d,0,3,0.2164738686,0.008350704042,3,4.037719429,0,0,3,-2.5,0.547,0.547,3.905124838,0.0002989785524,724.0448081,0.2474909066,Total,3.082090629e-05,-39.80557109,18281.53565
ERF_Log_File_20250225_1359,1424555998,2d,0,3,0.2886408784,0.00964768901,3,4.050892571,0,0,3,-1.875,0.547,0.547,3.537742925,0.0003986505741,724.0448081,0.2474909066,Total,4.05620197e-05,-32.00538321,18281.53565
ERF_Log_File_20250225_1359,1424556019,2d,0,3,0.4020605459,0.004669670538,3,4.031063143,0,0,3,-1.25,0.547,0.547,3.25,0.0005552978786,724.0448081,0.2474909066,Total,5.603239634e-05,-22.61986495,18281.53565
ERF_Log_File_20250225_1359,1424556039,2d,0,3,0.4918581944,0.004271320999,3,4.043490857,0,0,3,-0.625,0.547,0.547,3.064412668,0.0006793201042,724.0448081,0.2474909066,Total,6.83436027e-05,-11.76828893,18281.53565
ERF_Log_File_20250225_1359,1424556059,2d,0,3,0.5245739365,0.002739916283,3,4.048087714,0,0,3,0,0.547,0.547,3,0.0007245047967,724.0448081,0.2474909066,Total,7.283659387e-05,0,18281.53565
ERF_Log_File_20250225_1359,1424556080,2d,0,3,0.495426533,0.005566393367,3,4.046914286,0,0,3,0.625,0.547,0.547,3.064412668,0.0006842484435,724.0448081,0.2474909066,Total,6.883349548e-05,11.76828893,18281.53565
ERF_Log_File_20250225_1359,1424556100,2d,0,3,0.3877543678,0.007309518787,3,4.054419714,0,0,3,1.25,0.547,0.547,3.25,0.0005355391869,724.0448081,0.2474909066,Total,5.407487207e-05,22.61986495,18281.53565
ERF_Log_File_20250225_1359,1424556120,2d,0,3,0.2802362498,0.008596224494,3,4.040772,0,0,3,1.875,0.547,0.547,3.537742925,0.0003870426895,724.0448081,0.2474909066,Total,3.942174539e-05,32.00538321,18281.53565
ERF_Log_File_20250225_1359,1424556141,2d,0,3,0.2068060807,0.005542240231,3,4.046739143,0,0,3,2.5,0.547,0.547,3.905124838,0.0002856260806,724.0448081,0.2474909066,Total,2.95274141e-05,39.80557109,18281.53565
ERF_Log_File_20250225_1359,1424556161,2d,0,3,0.1431152873,0.002491422425,3,4.051920286,0,0,3,3.125,0.547,0.547,4.331930863,0.0001976608156,724.0448081,0.2474909066,Total,2.113619212e-05,46.16913933,18281.53565
ERF_Log_File_20250225_1359,1424556182,2d,0,3,0.09798264174,0.00606063446,3,4.039258857,0,0,3,3.75,0.547,0.547,4.802343178,0.0001353267652,724.0448081,0.2474909066,Total,1.546517202e-05,51.34019175,18281.53565
ERF_Log_File_20250225_1359,1424556202,2d,0,3,0.06695090802,0.005640154509,3,4.033351714,0,0,3,4.375,0.547,0.547,5.304773793,9.246790707e-05,724.0448081,0.2474909066,Total,1.189706727e-05,55.56101069,18281.53565
ERF_Log_File_20250225_1359,1424556222,2d,0,3,0.04436882025,0.006627725015,3,4.051726571,0,0,3,5,0.547,0.547,5.830951895,6.127910836e-05,724.0448081,0.2474909066,Total,9.674078876e-06,59.03624347,18281.53565
ERF_Log_File_20250225_1359,1424556243,2d,0,3,0.02947709983,0.006227155283,3,4.052088,0,0,3,5.625,0.547,0.547,6.375,4.071170665e-05,724.0448081,0.2474909066,Total,8.521191019e-06,61.92751306,18281.53565
ERF_Log_File_20250225_1359,1424556263,2d,0,3,0.02042197451,0.005739661253,3,4.036931143,0,0,3,6.25,0.547,0.547,6.932712312,2.820540149e-05,724.0448081,0.2474909066,Total,7.999475722e-06,64.35899418,18281.53565
ERF_Log_File_20250225_1359,1424556283,2d,0,3,0.02011038222,0.005373171452,3,4.046226857,0,0,3,6.875,0.547,0.547,7.501041594,2.777505204e-05,724.0448081,0.2474909066,Total,7.984403386e-06,66.4252938,18281.53565
ERF_Log_File_20250225_1359,1424556304,2d,0,3,0.01208207132,0.004555428464,3,4.059098286,0,0,3,7.5,0.547,0.547,8.077747211,1.668691107e-05,724.0448081,0.2474909066,Total,7.669461173e-06,68.19859051,18281.53565
ERF_Log_File_20250225_1359,1424556324,2d,0,3,0.01773189836,0.004514751243,3,4.027414857,0,0,3,8.125,0.547,0.547,8.661156101,2.449005664e-05,724.0448081,0.2474909066,Total,7.87615204e-06,69.73430253,18281.53565
ERF_Log_File_20250224_1718,1424477996,1d,0,3,-0.001333797667,0.006967282876,23,2.239365404,0,0,0,-10,0.565,0.565,10,-1.772028989e-06,752.6951736,0.09503824345,Total,7.20297021e-06,-90,17699.11504
ERF_Log_File_20250224_1718,1424478097,1d,0,3,0.01473456091,0.005128637627,23,2.244370638,0,0,0,-9,0.565,0.565,9,1.957573454e-05,752.6951736,0.09503824345,Total,7.462136348e-06,-90,17699.11504
ERF_Log_File_20250224_1718,1424478198,1d,0,3,0.006305127885,0.00698483274,23,2.245580511,0,0,0,-8,0.565,0.565,8,8.376734841e-06,752.6951736,0.09503824345,Total,7.249350103e-06,-90,17699.11504
ERF_Log_File_20250224_1718,1424478299,1d,0,3,0.01425841651,0.006675302091,23,2.247761745,0,0,0,-7,0.565,0.565,7,1.894314857e-05,752.6951736,0.09503824345,Total,7.445791659e-06,-90,17699.11504
ERF_Log_File_20250224_1718,1424478388,1d,0,3,0.04575539251,0.006329535285,17,2.246303943,0,0,0,-6,0.565,0.565,6,6.078874172e-05,752.6951736,0.09503824345,Total,9.423595336e-06,-90,17699.11504
ERF_Log_File_20250224_1718,1424478449,1d,0,3,0.08601957443,0.005908348401,9,2.245744316,0,0,0,-5,0.565,0.565,5,0.0001142820858,752.6951736,0.09503824345,Total,1.350761039e-05,-90,17699.11504
ERF_Log_File_20250224_1718,1424478486,1d,0,3,0.1849729449,0.005416919679,5,2.243793091,0,0,0,-4,0.565,0.565,4,0.0002457474837,752.6951736,0.09503824345,Total,2.560801826e-05,-90,17699.11504
ERF_Log_File_20250224_1718,1424478511,1d,0,3,0.4190145605,0.005459063456,3,2.249996571,0,0,0,-3,0.565,0.565,3,0.0005566855949,752.6951736,0.09503824345,Total,5.613238668e-05,-90,17699.11504
ERF_Log_File_20250224_1718,1424478531,1d,0,3,0.7094436559,0.007912935783,3,2.245758571,0,0,0,-2.5,0.565,0.565,2.5,0.0009425378039,752.6951736,0.09503824345,Total,9.452851771e-05,-90,17699.11504
ERF_Log_File_20250224_1718,1424478552,1d,0,3,1.207633361,0.004410008494,3,2.249326571,0,0,0,-2,0.565,0.565,2,0.001604412256,752.6951736,0.09503824345,Total,0.000160602862,-90,17699.11504
ERF_Log_File_20250224_1718,1424478713,1d,0,3,1.274890879,0.006204551497,3,2.247952571,0,0,0,2,0.565,0.565,2,0.001693767841,752.6951736,0.09503824345,Total,0.000169529915,90,17699.11504
ERF_Log_File_20250224_1718,1424478733,1d,0,3,0.7439370417,0.002504316745,3,2.245427429,0,0,0,2.5,0.565,0.565,2.5,0.0009883643044,752.6951736,0.09503824345,Total,9.90984709e-05,90,17699.11504
ERF_Log_File_20250224_1718,1424478753,1d,0,3,0.4338819195,0.004173004602,3,2.244794571,0,0,0,3,0.565,0.565,3,0.0005764377596,752.6951736,0.09503824345,Total,5.809183749e-05,90,17699.11504
ERF_Log_File_20250224_1718,1424478778,1d,0,3,0.1833481422,0.008139567469,5,2.237533455,0,0,0,4,0.565,0.565,4,0.0002435888373,752.6951736,0.09503824345,Total,2.540093584e-05,90,17699.11504
ERF_Log_File_20250224_1718,1424478815,1d,0,3,0.07336019479,0.008163870439,9,2.246177579,0,0,0,5,0.565,0.565,5,9.746335217e-05,752.6951736,0.09503824345,Total,1.211786204e-05,90,17699.11504
ERF_Log_File_20250224_1718,1424478876,1d,0,3,0.03682437482,0.007313902492,17,2.248722114,0,0,0,6,0.565,0.565,6,4.892335718e-05,752.6951736,0.09503824345,Total,8.705536506e-06,90,17699.11504
ERF_Log_File_20250224_1718,1424478965,1d,0,3,0.02544356958,0.005246505459,23,2.249288426,0,0,0,7,0.565,0.565,7,3.380328514e-05,752.6951736,0.09503824345,Total,7.954748143e-06,90,17699.11504
ERF_Log_File_20250224_1718,1424479066,1d,0,3,0.009444114143,0.006524343121,23,2.246835149,0,0,0,8,0.565,0.565,8,1.25470635e-05,752.6951736,0.09503824345,Total,7.309286523e-06,90,17699.11504
ERF_Log_File_20250224_1718,1424479167,1d,0,3,-0.001356168768,0.00628277008,23,2.246778298,0,0,0,9,0.565,0.565,9,-1.801750317e-06,752.6951736,0.09503824345,Total,7.203043942e-06,90,17699.11504
ERF_Log_File_20250224_1718,1424479269,1d,0,3,0.003846343885,0.005539306503,23,2.245773447,0,0,0,10,0.565,0.565,10,5.110095056e-06,752.6951736,0.09503824345,Total,7.218899505e-06,90,17699.11504
ERF_Log_File_20250225_1214,1424546099,2d,0,3,0.04003643641,0.003954495716,3,4.127560571,0,0,-3,-5,0.6,0.6,5.830951895,7.297938172e-05,548.5992819,0.3656495351,Total,1.228295046e-05,-120.9637565,16666.66667
ERF_Log_File_20250225_1214,1424546119,2d,0,3,0.05990762252,0.006887878611,3,4.141231714,0,0,-3,-4.375,0.6,0.6,5.304773793,0.0001092010589,548.5992819,0.3656495351,Total,1.472625596e-05,-124.4389893,16666.66667
ERF_Log_File_20250225_1214,1424546140,2d,0,3,0.08583585576,0.004441229562,3,4.127422286,0,0,-3,-3.75,0.6,0.6,4.802343178,0.0001564636677,548.5992819,0.3656495351,Total,1.850481756e-05,-128.6598083,16666.66667
ERF_Log_File_20250225_1214,1424546160,2d,0,3,0.1125613071,0.004647896293,3,4.126598286,0,0,-3,-3.125,0.6,0.6,4.331930863,0.0002051794648,548.5992819,0.3656495351,Total,2.277308574e-05,-133.8308607,16666.66667
ERF_Log_File_20250225_1214,1424546180,2d,0,3,0.1394629865,0.004347240787,3,4.140710286,0,0,-3,-2.5,0.6,0.6,3.905124838,0.0002542164949,548.5992819,0.3656495351,Total,2.727448582e-05,-140.1944289,16666.66667
ERF_Log_File_20250225_1214,1424546201,2d,0,3,0.189408869,0.002933910884,3,4.140350857,0,0,-3,-1.875,0.6,0.6,3.537742925,0.0003452590538,548.5992819,0.3656495351,Total,3.591238925e-05,-147.9946168,16666.66667
ERF_Log_File_20250225_1214,1424546221,2d,0,3,0.2450074842,0.003190001222,3,4.129221429,0,0,-3,-1.25,0.6,0.6,3.25,0.0004466055503,548.5992819,0.3656495351,Total,4.574125476e-05,-157.3801351,16666.66667
ERF_Log_File_20250225_1214,1424546241,2d,0,3,0.3180769843,0.005237424988,3,4.137168571,0,0,-3,-0.625,0.6,0.6,3.064412668,0.0005797983971,548.5992819,0.3656495351,Total,5.881683225e-05,-168.2317111,16666.66667
ERF_Log_File_20250225_1214,1424546262,2d,0,3,0.3481646886,0.004856456182,3,4.128498,0,0,-3,0,0.6,0.6,3,0.00063464299,548.5992819,0.3656495351,Total,6.423009248e-05,180,16666.66667
ERF_Log_File_20250225_1214,1424546282,2d,0,3,0.3163637397,0.004275779808,3,4.136602571,0,0,-3,0.625,0.6,0.6,3.064412668,0.0005766754535,548.5992819,0.3656495351,Total,5.850899183e-05,168.2317111,16666.66667
ERF_Log_File_20250225_1214,1424546302,2d,0,3,0.2594171302,0.005462272765,3,4.159428,0,0,-3,1.25,0.6,0.6,3.25,0.0004728718005,548.5992819,0.3656495351,Total,4.830926762e-05,157.3801351,16666.66667
ERF_Log_File_20250225_1214,1424546323,2d,0,3,0.1878284944,0.003161446165,3,4.12584,0,0,-3,1.875,0.6,0.6,3.537742925,0.0003423783089,548.5992819,0.3656495351,Total,3.56355124e-05,147.9946168,16666.66667
ERF_Log_File_20250225_1214,1424546343,2d,0,3,0.1395941414,0.003716223201,3,4.141199143,0,0,-3,2.5,0.6,0.6,3.905124838,0.0002544555671,548.5992819,0.3656495351,Total,2.729677131e-05,140.1944289,16666.66667
ERF_Log_File_20250225_1214,1424546363,2d,0,3,0.108674892,0.006462259205,3,4.133873714,0,0,-3,3.125,0.6,0.6,4.331930863,0.0001980952137,548.5992819,0.3656495351,Total,2.21369188e-05,133.8308607,16666.66667
ERF_Log_File_20250225_1214,1424546384,2d,0,3,0.07495419719,0.003223514431,3,4.138666857,0,0,-3,3.75,0.6,0.6,4.802343178,0.0001366283181,548.5992819,0.3656495351,Total,1.686089767e-05,128.6598083,16666.66667
ERF_Log_File_20250225_1214,1424546404,2d,0,3,0.04843004085,0.005970047592,3,4.129845143,0,0,-3,4.375,0.6,0.6,5.304773793,8.827944631e-05,548.5992819,0.3656495351,Total,1.324932726e-05,124.4389893,16666.66667
ERF_Log_File_20250225_1214,1424546424,2d,0,3,0.03048229144,0.005002263125,3,4.141692286,0,0,-3,5,0.6,0.6,5.830951895,5.556385588e-05,548.5992819,0.3656495351,Total,1.133505169e-05,120.9637565,16666.66667
ERF_Log_File_20250225_1214,1424546454,2d,0,3,0.04464655884,0.008007128894,3,4.148387143,0,0,-2,-5,0.6,0.6,5.385164807,8.138282406e-05,548.5992819,0.3656495351,Total,1.28001245e-05,-111.8014095,16666.66667
ERF_Log_File_20250225_1214,1424546474,2d,0,3,0.0782748581,0.004305173156,3,4.156058,0,0,-2,-4.375,0.6,0.6,4.810470351,0.0001426812989,548.5992819,0.3656495351,Total,1.735503324e-05,-114.5671713,16666.66667
ERF_Log_File_20250225_1214,1424546495,2d,0,3,0.113888759,0.004670815087,3,4.140932,0,0,-2,-3.75,0.6,0.6,4.25,0.0002075991762,548.5992819,0.3656495351,Total,2.299134467e-05,-118.0724869,16666.66667
ERF_Log_File_20250225_1214,1424546515,2d,0,3,0.1742966499,0.008390459512,3,4.150145714,0,0,-2,-3.125,0.6,0.6,3.71020552,0.0003177121364,548.5992819,0.3656495351,Total,3.327256322e-05,-122.6192431,16666.66667
ERF_Log_File_20250225_1214,1424546536,2d,0,3,0.2756170927,0.004773509619,3,4.126134571,0,0,-2,-2.5,0.6,0.6,3.201562119,0.0005024014827,548.5992819,0.3656495351,Total,5.120344942e-05,-128.6598083,16666.66667
ERF_Log_File_20250225_1214,1424546556,2d,0,3,0.3973929236,0.005333476666,3,4.126873429,0,0,-2,-1.875,0.6,0.6,2.741464025,0.0007243774038,548.5992819,0.3656495351,Total,7.310997155e-05,-136.8476103,16666.66667
ERF_Log_File_20250225_1214,1424546576,2d,0,3,0.6293137606,0.003844555258,3,4.148877143,0,0,-2,-1.25,0.6,0.6,2.358495283,0.001147128298,548.5992819,0.3656495351,Total,0.00011514003,-147.9946168,16666.66667
ERF_Log_File_20250225_1214,1424546658,2d,0,3,0.6669365083,0.00588522621,3,4.142707714,0,0,-2,1.25,0.6,0.6,2.358495283,0.00121570795,548.5992819,0.3656495351,Total,0.0001219742733,147.9946168,16666.66667
ERF_Log_File_20250225_1214,1424546678,2d,0,3,0.4159949022,0.007311565607,3,4.144397714,0,0,-2,1.875,0.6,0.6,2.741464025,0.000758285539,548.5992819,0.3656495351,Total,7.647112938e-05,136.8476103,16666.66667
ERF_Log_File_20250225_1214,1424546698,2d,0,3,0.2712620982,0.006223422507,3,4.130566286,0,0,-2,2.5,0.6,0.6,3.201562119,0.0004944630938,548.5992819,0.3656495351,Total,5.042474324e-05,128.6598083,16666.66667
ERF_Log_File_20250225_1214,1424546719,2d,0,3,0.167523887,0.003272733015,3,4.156451429,0,0,-2,3.125,0.6,0.6,3.71020552,0.0003053665809,548.5992819,0.3656495351,Total,3.209575543e-05,122.6192431,16666.66667
ERF_Log_File_20250225_1214,1424546739,2d,0,3,0.1151125778,0.003826636382,3,4.135408286,0,0,-2,3.75,0.6,0.6,4.25,0.0002098299827,548.5992819,0.3656495351,Total,2.319298127e-05,118.0724869,16666.66667
ERF_Log_File_20250225_1214,1424546759,2d,0,3,0.08029699269,0.005764204947,3,4.133659429,0,0,-2,4.375,0.6,0.6,4.810470351,0.0001463672946,548.5992819,0.3656495351,Total,1.765933098e-05,114.5671713,16666.66667
ERF_Log_File_20250225_1214,1424546780,2d,0,3,0.04627634373,0.002218184463,3,4.148428,0,0,-2,5,0.6,0.6,5.385164807,8.435363526e-05,548.5992819,0.3656495351,Total,1.299104011e-05,111.8014095,16666.66667
ERF_Log_File_20250225_1214,1424546809,2d,0,3,0.05461036546,0.006300842717,3,4.148598286,0,0,-1,-5,0.6,0.6,5.099019514,9.954509102e-05,548.5992819,0.3656495351,Total,1.402516517e-05,-101.3099325,16666.66667
ERF_Log_File_20250225_1214,1424546830,2d,0,3,0.08822400884,0.006300590491,3,4.147157714,0,0,-1,-4.375,0.6,0.6,4.487830768,0.0001608168507,548.5992819,0.3656495351,Total,1.887433941e-05,-102.8750016,16666.66667
ERF_Log_File_20250225_1214,1424546850,2d,0,3,0.1444467864,0.002828449275,3,4.131281143,0,0,-1,-3.75,0.6,0.6,3.881043674,0.0002633010855,548.5992819,0.3656495351,Total,2.812319361e-05,-104.9314172,16666.66667
ERF_Log_File_20250225_1214,1424546870,2d,0,3,0.2424558674,0.004754886619,3,4.148781143,0,0,-1,-3.125,0.6,0.6,3.281101187,0.0004419544016,548.5992819,0.3656495351,Total,4.528722012e-05,-107.7446716,16666.66667
ERF_Log_File_20250225_1214,1424546891,2d,0,3,0.4044869977,0.002550535399,3,4.144384286,0,0,-1,-2.5,0.6,0.6,2.692582404,0.0007373086532,548.5992819,0.3656495351,Total,7.439146864e-05,-111.8014095,16666.66667
ERF_Log_File_20250225_1214,1424546911,2d,0,3,0.7376138216,0.00387402847,3,4.139344571,0,0,-1,-1.875,0.6,0.6,2.125,0.001344540261,548.5992819,0.3656495351,Total,0.0001348194972,-118.0724869,16666.66667
ERF_Log_File_20250225_1214,1424547033,2d,0,3,0.7788463419,0.005703928051,3,4.135198857,0,0,-1,1.875,0.6,0.6,2.125,0.001419699893,548.5992819,0.3656495351,Total,0.0001423164848,118.0724869,16666.66667
ERF_Log_File_20250225_1214,1424547053,2d,0,3,0.4080888592,0.005741628897,3,4.150021714,0,0,-1,2.5,0.6,0.6,2.692582404,0.0007438742131,548.5992819,0.3656495351,Total,7.504227391e-05,111.8014095,16666.66667
ERF_Log_File_20250225_1214,1424547074,2d,0,3,0.2340949386,0.004543465858,3,4.135596857,0,0,-1,3.125,0.6,0.6,3.281101187,0.000426713899,548.5992819,0.3656495351,Total,4.380110741e-05,107.7446716,16666.66667
ERF_Log_File_20250225_1214,1424547094,2d,0,3,0.1338230859,0.003740352423,3,4.144053429,0,0,-1,3.75,0.6,0.6,3.881043674,0.000243935948,548.5992819,0.3656495351,Total,2.631886217e-05,104.9314172,16666.66667
ERF_Log_File_20250225_1214,1424547115,2d,0,3,0.09038743462,0.002490003025,3,4.142554857,0,0,-1,4.375,0.6,0.6,4.487830768,0.0001647603954,548.5992819,0.3656495351,Total,1.921146904e-05,102.8750016,16666.66667
ERF_Log_File_20250225_1214,1424547135,2d,0,3,0.05590133889,0.004203489785,3,4.142601429,0,0,-1,5,0.6,0.6,5.099019514,0.0001018983085,548.5992819,0.3656495351,Total,1.419316279e-05,101.3099325,16666.66667
ERF_Log_File_20250225_1214,1424547165,2d,0,3,0.05497297507,0.007581286701,3,4.141877143,0,0,0,-5,0.6,0.6,5,0.0001002060646,548.5992819,0.3656495351,Total,1.407215758e-05,-90,16666.66667
ERF_Log_File_20250225_1214,1424547185,2d,0,3,0.09467248225,0.003026852292,3,4.140142,0,0,0,-4.375,0.6,0.6,4.375,0.0001725712836,548.5992819,0.3656495351,Total,1.988542968e-05,-90,16666.66667
ERF_Log_File_20250225_1214,1424547205,2d,0,3,0.1456255814,0.007794744947,3,4.146114,0,0,0,-3.75,0.6,0.6,3.75,0.0002654498214,548.5992819,0.3656495351,Total,2.832447677e-05,-90,16666.66667
ERF_Log_File_20250225_1214,1424547226,2d,0,3,0.2516248597,0.00697629389,3,4.147829143,0,0,0,-3.125,0.6,0.6,3.125,0.0004586678619,548.5992819,0.3656495351,Total,4.691976276e-05,-90,16666.66667
ERF_Log_File_20250225_1214,1424547246,2d,0,3,0.4698588318,0.003065917884,3,4.132404,0,0,0,-2.5,0.6,0.6,2.5,0.0008564700088,548.5992819,0.3656495351,Total,8.621683846e-05,-90,16666.66667
ERF_Log_File_20250225_1214,1424547266,2d,0,3,0.9256263462,0.007130159989,3,4.138034571,0,0,0,-1.875,0.6,0.6,1.875,0.001687254024,548.5992819,0.3656495351,Total,0.0001690181491,-90,16666.66667
ERF_Log_File_20250225_1214,1424547388,2d,0,3,0.9933147004,0.006583739339,3,4.145059143,0,0,0,1.875,0.6,0.6,1.875,0.001810637989,548.5992819,0.3656495351,Total,0.0001813371563,90,16666.66667
ERF_Log_File_20250225_1214,1424547409,2d,0,3,0.4926293208,0.00501893387,3,4.145611714,0,0,0,2.5,0.6,0.6,2.5,0.0008979766051,548.5992819,0.3656495351,Total,9.034150019e-05,90,16666.66667
ERF_Log_File_20250225_1214,1424547429,2d,0,3,0.2497534603,0.005386378264,3,4.139423714,0,0,0,3.125,0.6,0.6,3.125,0.0004552566299,548.5992819,0.3656495351,Total,4.658633564e-05,90,16666.66667
ERF_Log_File_20250225_1214,1424547449,2d,0,3,0.1416672649,0.008679394877,3,4.118776,0,0,0,3.75,0.6,0.6,3.75,0.0002582345067,548.5992819,0.3656495351,Total,2.764939119e-05,90,16666.66667
ERF_Log_File_20250225_1214,1424547470,2d,0,3,0.09108872309,0.004046054535,3,4.145247143,0,0,0,4.375,0.6,0.6,4.375,0.000166038721,548.5992819,0.3656495351,Total,1.932121684e-05,90,16666.66667
ERF_Log_File_20250225_1214,1424547490,2d,0,3,0.05712731186,0.00526972227,3,4.150354571,0,0,0,5,0.6,0.6,5,0.0001041330416,548.5992819,0.3656495351,Total,1.435445315e-05,90,16666.66667
ERF_Log_File_20250225_1214,1424547520,2d,0,3,0.05657250852,0.006291671811,3,4.147150286,0,0,1,-5,0.6,0.6,5.099019514,0.0001031217327,548.5992819,0.3656495351,Total,1.428125506e-05,-78.69006753,16666.66667
ERF_Log_File_20250225_1214,1424547540,2d,0,3,0.09138669694,0.003145200378,3,4.149891714,0,0,1,-4.375,0.6,0.6,4.487830768,0.0001665818749,548.5992819,0.3656495351,Total,1.936791528e-05,-77.12499844,16666.66667
ERF_Log_File_20250225_1214,1424547560,2d,0,3,0.1385110718,0.007129025984,3,4.137741429,0,0,1,-3.75,0.6,0.6,3.881043674,0.0002524813217,548.5992819,0.3656495351,Total,2.711282172e-05,-75.06858282,16666.66667
ERF_Log_File_20250225_1214,1424547581,2d,0,3,0.2384330383,0.006502037506,3,4.137199143,0,0,1,-3.125,0.6,0.6,3.281101187,0.0004346214918,548.5992819,0.3656495351,Total,4.457186255e-05,-72.25532837,16666.66667
ERF_Log_File_20250225_1214,1424547601,2d,0,3,0.3881108596,0.006941278138,3,4.141011429,0,0,1,-2.5,0.6,0.6,2.692582404,0.0007074578338,548.5992819,0.3656495351,Total,7.14338632e-05,-68.19859051,16666.66667
ERF_Log_File_20250225_1214,1424547621,2d,0,3,0.7445668269,0.006212937824,3,4.139605143,0,0,1,-1.875,0.6,0.6,2.125,0.001357214367,548.5992819,0.3656495351,Total,0.0001360835599,-61.92751306,16666.66667
ERF_Log_File_20250225_1214,1424547743,2d,0,3,0.791626375,0.005585199849,3,4.143234857,0,0,1,1.875,0.6,0.6,2.125,0.001442995646,548.5992819,0.3656495351,Total,0.000144640582,61.92751306,16666.66667
ERF_Log_File_20250225_1214,1424547764,2d,0,3,0.4105321164,0.003601184336,3,4.128533714,0,0,1,2.5,0.6,0.6,2.692582404,0.0007483278413,548.5992819,0.3656495351,Total,7.548379269e-05,68.19859051,16666.66667
ERF_Log_File_20250225_1214,1424547784,2d,0,3,0.232050315,0.004285337455,3,4.131866286,0,0,1,3.125,0.6,0.6,3.281101187,0.0004229869098,548.5992819,0.3656495351,Total,4.343808635e-05,72.25532837,16666.66667
ERF_Log_File_20250225_1214,1424547805,2d,0,3,0.1396409127,0.003264682005,3,4.141492571,0,0,1,3.75,0.6,0.6,3.881043674,0.0002545408229,548.5992819,0.3656495351,Total,2.730471924e-05,75.06858282,16666.66667
ERF_Log_File_20250225_1214,1424547825,2d,0,3,0.08592003711,0.002631649653,3,4.140541714,0,0,1,4.375,0.6,0.6,4.487830768,0.0001566171155,548.5992819,0.3656495351,Total,1.851779441e-05,77.12499844,16666.66667
ERF_Log_File_20250225_1214,1424547845,2d,0,3,0.04690467842,0.001956764019,3,4.138234571,0,0,1,5,0.6,0.6,5.099019514,8.549897888e-05,548.5992819,0.3656495351,Total,1.306570342e-05,78.69006753,16666.66667
ERF_Log_File_20250225_1214,1424547875,2d,0,3,0.04949217368,0.007291859259,3,4.122162857,0,0,2,-5,0.6,0.6,5.385164807,9.021552763e-05,548.5992819,0.3656495351,Total,1.337911187e-05,-68.19859051,16666.66667
ERF_Log_File_20250225_1214,1424547895,2d,0,3,0.07647825048,0.004278523468,3,4.147786571,0,0,2,-4.375,0.6,0.6,4.810470351,0.0001394063992,548.5992819,0.3656495351,Total,1.708679839e-05,-65.43282868,16666.66667
ERF_Log_File_20250225_1214,1424547916,2d,0,3,0.1215357786,0.004296129228,3,4.142930857,0,0,2,-3.75,0.6,0.6,4.25,0.0002215383479,548.5992819,0.3656495351,Total,2.425742779e-05,-61.92751306,16666.66667
ERF_Log_File_20250225_1214,1424547936,2d,0,3,0.1663482309,0.005295173306,3,4.133997143,0,0,2,-3.125,0.6,0.6,3.71020552,0.0003032235665,548.5992819,0.3656495351,Total,3.189192316e-05,-57.38075693,16666.66667
ERF_Log_File_20250225_1214,1424547956,2d,0,3,0.2607124681,0.006206383097,3,4.145386857,0,0,2,-2.5,0.6,0.6,3.201562119,0.0004752329736,548.5992819,0.3656495351,Total,4.854042364e-05,-51.34019175,16666.66667
ERF_Log_File_20250225_1214,1424547977,2d,0,3,0.4111820562,0.002621456951,3,4.130419714,0,0,2,-1.875,0.6,0.6,2.741464025,0.0007495125673,548.5992819,0.3656495351,Total,7.560125033e-05,-43.15238973,16666.66667
ERF_Log_File_20250225_1214,1424547997,2d,0,3,0.6552983668,0.004913746754,3,4.149698,0,0,2,-1.25,0.6,0.6,2.358495283,0.001194493665,548.5992819,0.3656495351,Total,0.0001198598916,-32.00538321,16666.66667
ERF_Log_File_20250225_1214,1424548078,2d,0,3,0.6572407024,0.003651566579,3,4.146118286,0,0,2,1.25,0.6,0.6,2.358495283,0.001198034201,548.5992819,0.3656495351,Total,0.0001202127518,32.00538321,16666.66667
ERF_Log_File_20250225_1214,1424548099,2d,0,3,0.410670632,0.003910349385,3,4.147732286,0,0,2,1.875,0.6,0.6,2.741464025,0.0007485803309,548.5992819,0.3656495351,Total,7.550882508e-05,43.15238973,16666.66667
ERF_Log_File_20250225_1214,1424548119,2d,0,3,0.2621382687,0.004989901542,3,4.144353143,0,0,2,2.5,0.6,0.6,3.201562119,0.0004778319574,548.5992819,0.3656495351,Total,4.879491603e-05,51.34019175,16666.66667
ERF_Log_File_20250225_1214,1424548139,2d,0,3,0.1678788276,0.005157491025,3,4.145891714,0,0,2,3.125,0.6,0.6,3.71020552,0.0003060135752,548.5992819,0.3656495351,Total,3.21573209e-05,57.38075693,16666.66667
ERF_Log_File_20250225_1214,1424548160,2d,0,3,0.1099423677,0.003829622977,3,4.153590571,0,0,2,3.75,0.6,0.6,4.25,0.0002004055991,548.5992819,0.3656495351,Total,2.234391388e-05,61.92751306,16666.66667
ERF_Log_File_20250225_1214,1424548180,2d,0,3,0.07077040493,0.002911007649,3,4.154481714,0,0,2,4.375,0.6,0.6,4.810470351,0.0001290020007,548.5992819,0.3656495351,Total,1.624903563e-05,65.43282868,16666.66667
ERF_Log_File_20250225_1214,1424548200,2d,0,3,0.03821187593,0.002658134234,3,4.151352857,0,0,2,5,0.6,0.6,5.385164807,6.965352889e-05,548.5992819,0.3656495351,Total,1.208829602e-05,68.19859051,16666.66667
ERF_Log_File_20250225_1214,1424548230,2d,0,3,0.0280546629,0.00478006415,3,4.122052286,0,0,3,-5,0.6,0.6,5.830951895,5.113871604e-05,548.5992819,0.3656495351,Total,1.112481231e-05,-59.03624347,16666.66667
ERF_Log_File_20250225_1214,1424548250,2d,0,3,0.04868937779,0.007799179264,3,4.150956,0,0,3,-4.375,0.6,0.6,5.304773793,8.875217193e-05,548.5992819,0.3656495351,Total,1.328087286e-05,-55.56101069,16666.66667
ERF_Log_File_20250225_1214,1424548271,2d,0,3,0.07389651208,0.006803704525,3,4.157257143,0,0,3,-3.75,0.6,0.6,4.802343178,0.0001347003442,548.5992819,0.3656495351,Total,1.670504391e-05,-51.34019175,16666.66667
ERF_Log_File_20250225_1214,1424548291,2d,0,3,0.1139694605,0.006511770372,3,4.153179429,0,0,3,-3.125,0.6,0.6,4.331930863,0.0002077462809,548.5992819,0.3656495351,Total,2.300462887e-05,-46.16913933,16666.66667
ERF_Log_File_20250225_1214,1424548312,2d,0,3,0.1522828155,0.004636153772,3,4.166094857,0,0,3,-2.5,0.6,0.6,3.905124838,0.0002775847882,548.5992819,0.3656495351,Total,2.946482617e-05,-39.80557109,16666.66667
ERF_Log_File_20250225_1214,1424548332,2d,0,3,0.2003599035,0.008170044539,3,4.139160857,0,0,3,-1.875,0.6,0.6,3.537742925,0.0003652208635,548.5992819,0.3656495351,Total,3.783557389e-05,-32.00538321,16666.66667
ERF_Log_File_20250225_1214,1424548352,2d,0,3,0.2692209173,0.003470069969,3,4.15099,0,0,3,-1.25,0.6,0.6,3.25,0.0004907423801,548.5992819,0.3656495351,Total,5.005992835e-05,-22.61986495,16666.66667
ERF_Log_File_20250225_1214,1424548373,2d,0,3,0.3246503472,0.00720621614,3,4.142979429,0,0,3,-0.625,0.6,0.6,3.064412668,0.0005917804814,548.5992819,0.3656495351,Total,5.999837966e-05,-11.76828893,16666.66667
ERF_Log_File_20250225_1214,1424548393,2d,0,3,0.3496508413,0.003784814154,3,4.142026286,0,0,3,0,0.6,0.6,3,0.0006373519849,548.5992819,0.3656495351,Total,6.449778748e-05,0,16666.66667
ERF_Log_File_20250225_1214,1424548413,2d,0,3,0.3233874165,0.004078262059,3,4.140497143,0,0,3,0.625,0.6,0.6,3.064412668,0.0005894783809,548.5992819,0.3656495351,Total,5.977131911e-05,11.76828893,16666.66667
ERF_Log_File_20250225_1214,1424548434,2d,0,3,0.2532846977,0.004543271969,3,4.152314,0,0,3,1.25,0.6,0.6,3.25,0.0004616934546,548.5992819,0.3656495351,Total,4.72155881e-05,22.61986495,16666.66667
ERF_Log_File_20250225_1214,1424548454,2d,0,3,0.179776973,0.003352674607,3,4.159866571,0,0,3,1.875,0.6,0.6,3.537742925,0.0003277018016,548.5992819,0.3656495351,Total,3.422778138e-05,32.00538321,16666.66667
ERF_Log_File_20250225_1214,1424548474,2d,0,3,0.1321528103,0.003818800199,3,4.160969429,0,0,3,2.5,0.6,0.6,3.905124838,0.0002408913293,548.5992819,0.3656495351,Total,2.60369105e-05,39.80557109,16666.66667
ERF_Log_File_20250225_1214,1424548495,2d,0,3,0.1038117114,0.009091961274,3,4.139372286,0,0,3,3.125,0.6,0.6,4.331930863,0.0001892304909,548.5992819,0.3656495351,Total,2.134727849e-05,46.16913933,16666.66667
ERF_Log_File_20250225_1214,1424548515,2d,0,3,0.08072837206,0.006401744173,3,4.134993714,0,0,3,3.75,0.6,0.6,4.802343178,0.0001471536233,548.5992819,0.3656495351,Total,1.772456241e-05,51.34019175,16666.66667
ERF_Log_File_20250225_1214,1424548535,2d,0,3,0.05274539526,0.003724173983,3,4.148370286,0,0,3,4.375,0.6,0.6,5.304773793,9.614557837e-05,548.5992819,0.3656495351,Total,1.378595058e-05,55.56101069,16666.66667
ERF_Log_File_20250225_1214,1424548556,2d,0,3,0.02606357879,0.006369250567,3,4.147659429,0,0,3,5,0.6,0.6,5.830951895,4.750931992e-05,548.5992819,0.3656495351,Total,1.096270778e-05,59.03624347,16666.66667
ERF_Log_File_20250224_1634,1424475389,1d,0,3,0.004500219817,0.004528211471,23,3.81451634,0,0,0,-10,0.6,0.6,10,8.861204413e-06,507.8564501,0.004015603716,Total,1.070903116e-05,-90,16666.66667
ERF_Log_File_20250224_1634,1424475490,1d,0,3,0.008594599753,0.006303923746,23,3.817211489,0,0,0,-9,0.6,0.6,9,1.692328561e-05,507.8564501,0.004015603716,Total,1.080565199e-05,-90,16666.66667
ERF_Log_File_20250224_1634,1424475591,1d,0,3,0.001168801086,0.006706557103,23,3.813466085,0,0,0,-8,0.6,0.6,8,2.301439877e-06,507.8564501,0.004015603716,Total,1.06747883e-05,-90,16666.66667
ERF_Log_File_20250224_1634,1424475692,1d,0,3,0.01080196311,0.007576044244,23,3.81423634,0,0,0,-7,0.6,0.6,7,2.126971728e-05,507.8564501,0.004015603716,Total,1.088219407e-05,-90,16666.66667
ERF_Log_File_20250224_1634,1424475781,1d,0,3,0.03383250165,0.006147929645,17,3.807066457,0,0,0,-6,0.6,0.6,6,6.661823759e-05,507.8564501,0.004015603716,Total,1.258085987e-05,-90,16666.66667
ERF_Log_File_20250224_1634,1424475842,1d,0,3,0.05535965285,0.005332939036,9,3.806806105,0,0,0,-5,0.6,0.6,5,0.0001090064975,507.8564501,0.004015603716,Total,1.52552386e-05,-90,16666.66667
ERF_Log_File_20250224_1634,1424475879,1d,0,3,0.1126329924,0.003921155133,5,3.807020545,0,0,0,-4,0.6,0.6,4,0.0002217811595,507.8564501,0.004015603716,Total,2.461233368e-05,-90,16666.66667
ERF_Log_File_20250224_1634,1424475904,1d,0,3,0.2522619518,0.005653582328,3,3.796679429,0,0,0,-3,0.6,0.6,3,0.0004967190074,507.8564501,0.004015603716,Total,5.080547094e-05,-90,16666.66667
ERF_Log_File_20250224_1634,1424475924,1d,0,3,0.4398622718,0.008250552841,3,3.811219143,0,0,0,-2.5,0.6,0.6,2.5,0.0008661153593,507.8564501,0.004015603716,Total,8.726658205e-05,-90,16666.66667
ERF_Log_File_20250224_1634,1424475944,1d,0,3,0.7511896506,0.006021979093,3,3.808840857,0,0,0,-2,0.6,0.6,2,0.001479137757,507.8564501,0.004015603716,Total,0.0001482982917,-90,16666.66667
ERF_Log_File_20250224_1634,1424476105,1d,0,3,0.7837814914,0.00548221818,3,3.795124857,0,0,0,2,0.6,0.6,2,0.001543313059,507.8564501,0.004015603716,Total,0.0001546998716,90,16666.66667
ERF_Log_File_20250224_1634,1424476125,1d,0,3,0.4664343361,0.00595149182,3,3.798695143,0,0,0,2.5,0.6,0.6,2.5,0.0009184373577,507.8564501,0.004015603716,Total,9.246172176e-05,90,16666.66667
ERF_Log_File_20250224_1634,1424476146,1d,0,3,0.2766017093,0.007319076579,3,3.798219143,0,0,0,3,0.6,0.6,3,0.0005446454589,507.8564501,0.004015603716,Total,5.550031457e-05,90,16666.66667
ERF_Log_File_20250224_1634,1424476170,1d,0,3,0.1132779214,0.006425034314,5,3.800432,0,0,0,4,0.6,0.6,4,0.0002230510638,507.8564501,0.004015603716,Total,2.472682577e-05,90,16666.66667
ERF_Log_File_20250224_1634,1424476207,1d,0,3,0.04656763309,0.004480360713,9,3.804175263,0,0,0,5,0.6,0.6,5,9.169447996e-05,507.8564501,0.004015603716,Total,1.4070427e-05,90,16666.66667
ERF_Log_File_20250224_1634,1424476268,1d,0,3,0.02812000833,0.005144758523,17,3.805097029,0,0,0,6,0.6,0.6,6,5.536999349e-05,507.8564501,0.004015603716,Total,1.202316518e-05,90,16666.66667
ERF_Log_File_20250224_1634,1424476357,1d,0,3,0.01956536247,0.006925752921,23,3.806048894,0,0,0,7,0.6,0.6,7,3.85253795e-05,507.8564501,0.004015603716,Total,1.134637333e-05,90,16666.66667
ERF_Log_File_20250224_1634,1424476458,1d,0,3,0.003330236984,0.007954547702,23,3.813099489,0,0,0,8,0.6,0.6,8,6.557437604e-06,507.8564501,0.004015603716,Total,1.069243372e-05,90,16666.66667
ERF_Log_File_20250224_1634,1424476560,1d,0,3,-0.0006067712202,0.00484767379,23,3.806462681,0,0,0,9,0.6,0.6,9,-1.194769152e-06,507.8564501,0.004015603716,Total,1.067297586e-05,90,16666.66667
ERF_Log_File_20250224_1634,1424476661,1d,0,3,0.005544360011,0.005451414166,23,3.807262426,0,0,0,10,0.6,0.6,10,1.091717947e-05,507.8564501,0.004015603716,Total,1.072800014e-05,90,16666.66667
ERF_Log_File_20250221_1606,1424214505,1d,0,3,0.001584823192,0.004943400721,23,3.301928983,0,0,0,-10,0.6,0.6,10,3.049439095e-06,519.7097375,0.2384292205,Total,1.043335577e-05,-90,16666.66667
ERF_Log_File_20250221_1606,1424214655,1d,0,3,0.007218781156,0.007269759854,23,3.298216667,0,0,0,-9,0.6,0.6,9,1.389002482e-05,519.7097375,0.2384292205,Total,1.052099274e-05,-90,16666.66667
ERF_Log_File_20250221_1606,1424214805,1d,0,3,0.006593241422,0.006850836233,23,3.288960189,0,0,0,-8,0.6,0.6,8,1.268639193e-05,519.7097375,0.2384292205,Total,1.050577932e-05,-90,16666.66667
ERF_Log_File_20250221_1606,1424214956,1d,0,3,0.01388414324,0.006265834983,23,3.277686501,0,0,0,-7,0.6,0.6,7,2.67151878e-05,519.7097375,0.2384292205,Total,1.076564362e-05,-90,16666.66667
ERF_Log_File_20250221_1606,1424215106,1d,0,3,0.02565355584,0.006120389212,23,3.274581844,0,0,0,-6,0.6,0.6,6,4.936131457e-05,519.7097375,0.2384292205,Total,1.153810324e-05,-90,16666.66667
ERF_Log_File_20250221_1606,1424215220,1d,0,3,0.05784117778,0.006768815961,11,3.275675845,0,0,0,-5,0.6,0.6,5,0.0001112951588,519.7097375,0.2384292205,Total,1.525223428e-05,-90,16666.66667
ERF_Log_File_20250221_1606,1424215280,1d,0,3,0.1227913333,0.009491744807,5,3.277812121,0,0,0,-4,0.6,0.6,4,0.0002362690641,519.7097375,0.2384292205,Total,2.582642785e-05,-90,16666.66667
ERF_Log_File_20250221_1606,1424215315,1d,0,3,0.2822621814,0.005438980947,3,3.273047619,0,0,0,-3,0.6,0.6,3,0.0005431150525,519.7097375,0.2384292205,Total,5.530428199e-05,-90,16666.66667
ERF_Log_File_20250221_1606,1424215345,1d,0,3,0.4628958588,0.004689294757,3,3.27117,0,0,0,-2.5,0.6,0.6,2.5,0.0008906815196,519.7097375,0.2384292205,Total,8.967755899e-05,-90,16666.66667
ERF_Log_File_20250221_1606,1424215374,1d,0,3,0.7724425587,0.008168530044,3,3.268838254,0,0,0,-2,0.6,0.6,2,0.001486296105,519.7097375,0.2384292205,Total,0.000148996604,-90,16666.66667
ERF_Log_File_20250221_1606,1424215493,1d,0,3,0.797629156,0.008480128769,3,3.26852254,0,0,0,2,0.6,0.6,2,0.001534758921,519.7097375,0.2384292205,Total,0.0001538314244,90,16666.66667
ERF_Log_File_20250221_1606,1424215522,1d,0,3,0.4622133453,0.007989087664,3,3.271194444,0,0,0,2.5,0.6,0.6,2.5,0.0008893682605,519.7097375,0.2384292205,Total,8.954712406e-05,90,16666.66667
ERF_Log_File_20250221_1606,1424215551,1d,0,3,0.271350552,0.003526326866,3,3.269172857,0,0,0,3,0.6,0.6,3,0.0005221194301,519.7097375,0.2384292205,Total,5.324383804e-05,90,16666.66667
ERF_Log_File_20250221_1606,1424215587,1d,0,3,0.1177655774,0.005339672147,5,3.259573939,0,0,0,4,0.6,0.6,4,0.0002265987509,519.7097375,0.2384292205,Total,2.494479237e-05,90,16666.66667
ERF_Log_File_20250221_1606,1424215647,1d,0,3,0.05110053045,0.007470926936,11,3.268737633,0,0,0,5,0.6,0.6,5,9.832513566e-05,519.7097375,0.2384292205,Total,1.433325775e-05,90,16666.66667
ERF_Log_File_20250221_1606,1424215761,1d,0,3,0.02942031922,0.005640124782,23,3.268254917,0,0,0,6,0.6,0.6,6,5.660913601e-05,519.7097375,0.2384292205,Total,1.186627731e-05,90,16666.66667
ERF_Log_File_20250221_1606,1424215911,1d,0,3,0.01273536063,0.005809771239,23,3.268433546,0,0,0,7,0.6,0.6,7,2.450475662e-05,519.7097375,0.2384292205,Total,1.071293037e-05,90,16666.66667
ERF_Log_File_20250221_1606,1424216061,1d,0,3,0.003669993329,0.004815080776,23,3.270131135,0,0,0,8,0.6,0.6,8,7.061621255e-06,519.7097375,0.2384292205,Total,1.045277931e-05,90,16666.66667
ERF_Log_File_20250221_1606,1424216211,1d,0,3,0.002408288707,0.007468509344,23,3.268527612,0,0,0,9,0.6,0.6,9,4.633911072e-06,519.7097375,0.2384292205,Total,1.043918846e-05,90,16666.66667
ERF_Log_File_20250221_1606,1424216362,1d,0,3,0.003630084828,0.006978588275,23,3.261295792,0,0,0,10,0.6,0.6,10,6.984831273e-06,519.7097375,0.2384292205,Total,1.045226333e-05,90,16666.66667
ERF_Log_File_20250224_1200,1424458902,1d,0,3,0.002566130343,0.007302095553,23,5.856611447,0,0,0,-10,0.6,0.6,10,3.425184622e-06,749.194752,0.08854352735,Total,7.242537858e-06,-90,16666.66667
ERF_Log_File_20250224_1200,1424459003,1d,0,3,0.01189717433,0.008825865057,23,5.840254596,0,0,0,-9,0.6,0.6,9,1.587994884e-05,749.194752,0.08854352735,Total,7.406670428e-06,-90,16666.66667
ERF_Log_File_20250224_1200,1424459104,1d,0,3,0.006703662277,0.005724385137,23,5.810145319,0,0,0,-8,0.6,0.6,8,8.947823325e-06,749.194752,0.08854352735,Total,7.289559116e-06,-90,16666.66667
ERF_Log_File_20250224_1200,1424459206,1d,0,3,0.01844540088,0.005553775809,23,5.794614936,0,0,0,-7,0.6,0.6,7,2.462030177e-05,749.194752,0.08854352735,Total,7.641900066e-06,-90,16666.66667
ERF_Log_File_20250224_1200,1424459295,1d,0,3,0.04287845113,0.0059997444,17,5.774184857,0,0,0,-6,0.6,0.6,6,5.723271689e-05,749.194752,0.08854352735,Total,9.224582383e-06,-90,16666.66667
ERF_Log_File_20250224_1200,1424459356,1d,0,3,0.08391699602,0.006255973445,9,5.755367579,0,0,0,-5,0.6,0.6,5,0.0001120095887,749.194752,0.08854352735,Total,1.333411753e-05,-90,16666.66667
ERF_Log_File_20250224_1200,1424459392,1d,0,3,0.1764050975,0.003852112775,5,5.760126,0,0,0,-4,0.6,0.6,4,0.0002354596011,749.194752,0.08854352735,Total,2.463229684e-05,-90,16666.66667
ERF_Log_File_20250224_1200,1424459417,1d,0,3,0.3871912598,0.008027491534,3,5.733569714,0,0,0,-3,0.6,0.6,3,0.0005168098932,749.194752,0.08854352735,Total,5.218491567e-05,-90,16666.66667
ERF_Log_File_20250224_1200,1424459438,1d,0,3,0.6508183863,0.00568318567,3,5.738707143,0,0,0,-2.5,0.6,0.6,2.5,0.0008686905302,749.194752,0.08854352735,Total,8.716983393e-05,-90,16666.66667
ERF_Log_File_20250224_1200,1424459458,1d,0,3,1.09500996,0.007329114423,3,5.737003143,0,0,0,-2,0.6,0.6,2,0.001461582529,749.194752,0.08854352735,Total,0.0001463372876,-90,16666.66667
ERF_Log_File_20250224_1200,1424459619,1d,0,3,1.143831738,0.005150683588,3,5.720558857,0,0,0,2,0.6,0.6,2,0.001526748198,749.194752,0.08854352735,Total,0.0001528462305,90,16666.66667
ERF_Log_File_20250224_1200,1424459639,1d,0,3,0.6723814612,0.009215208904,3,5.712483143,0,0,0,2.5,0.6,0.6,2.5,0.0008974721985,749.194752,0.08854352735,Total,9.003839046e-05,90,16666.66667
ERF_Log_File_20250224_1200,1424459660,1d,0,3,0.3977233654,0.00689506225,3,5.705434857,0,0,0,3,0.6,0.6,3,0.0005308677941,749.194752,0.08854352735,Total,5.357748707e-05,90,16666.66667
ERF_Log_File_20250224_1200,1424459684,1d,0,3,0.1618904672,0.003962516197,5,5.710794182,0,0,0,4,0.6,0.6,4,0.00021608596,749.194752,0.08854352735,Total,2.278747702e-05,90,16666.66667
ERF_Log_File_20250224_1200,1424459721,1d,0,3,0.07466046286,0.007766743624,9,5.701398421,0,0,0,5,0.6,0.6,5,9.965427902e-05,749.194752,0.08854352735,Total,1.23145007e-05,90,16666.66667
ERF_Log_File_20250224_1200,1424459782,1d,0,3,0.03760104827,0.004392374354,17,5.700291429,0,0,0,6,0.6,0.6,6,5.018861674e-05,749.194752,0.08854352735,Total,8.804887464e-06,90,16666.66667
ERF_Log_File_20250224_1200,1424459871,1d,0,3,0.02094193532,0.006227978833,23,5.685706426,0,0,0,7,0.6,0.6,7,2.795259212e-05,749.194752,0.08854352735,Total,7.755676665e-06,90,16666.66667
ERF_Log_File_20250224_1200,1424459972,1d,0,3,0.006761317141,0.006664573789,23,5.680523106,0,0,0,8,0.6,0.6,8,9.024779102e-06,749.194752,0.08854352735,Total,7.290507738e-06,90,16666.66667
ERF_Log_File_20250224_1200,1424460074,1d,0,3,0.001952630912,0.007443353067,23,5.673702596,0,0,0,9,0.6,0.6,9,2.60630618e-06,749.194752,0.08854352735,Total,7.239127294e-06,90,16666.66667
ERF_Log_File_20250224_1200,1424460175,1d,0,3,0.007657214299,0.008404910674,23,5.678765957,0,0,0,10,0.6,0.6,10,1.022059255e-05,749.194752,0.08854352735,Total,7.306274163e-06,90,16666.66667
ERF_Log_File_20250224_1102,1424455439,1d,0,3,0.005574543471,0.005741669236,23,2.526379191,0,0,0,-10,0.701,0.7,10,6.39117122e-06,872.2256498,0.3283389304,Total,6.246769351e-06,-90,14265.33524
ERF_Log_File_20250224_1102,1424455540,1d,0,3,0.009566160336,0.006189293925,23,2.532614255,0,0,0,-9,0.701,0.7,9,1.096752926e-05,872.2256498,0.3283389304,Total,6.310034458e-06,-90,14265.33524
ERF_Log_File_20250224_1102,1424455641,1d,0,3,0.006666241878,0.006191348339,23,2.535773021,0,0,0,-8,0.701,0.7,8,7.642795049e-06,872.2256498,0.3283389304,Total,6.260813228e-06,-90,14265.33524
ERF_Log_File_20250224_1102,1424455742,1d,0,3,0.0230353385,0.005785210302,23,2.538061404,0,0,0,-7,0.701,0.7,7,2.640983845e-05,872.2256498,0.3283389304,Total,6.751929009e-06,-90,14265.33524
ERF_Log_File_20250224_1102,1424455831,1d,0,3,0.04185521023,0.005866781439,17,2.5384612,0,0,0,-6,0.701,0.7,6,4.798667666e-05,872.2256498,0.3283389304,Total,7.851190261e-06,-90,14265.33524
ERF_Log_File_20250224_1102,1424455892,1d,0,3,0.08288447618,0.006838380737,9,2.540228947,0,0,0,-5,0.701,0.7,5,9.502641455e-05,872.2256498,0.3283389304,Total,1.135407967e-05,-90,14265.33524
ERF_Log_File_20250224_1102,1424455929,1d,0,3,0.1578081635,0.003258621714,5,2.538590727,0,0,0,-4,0.701,0.7,4,0.0001809258459,872.2256498,0.3283389304,Total,1.913007858e-05,-90,14265.33524
ERF_Log_File_20250224_1102,1424455954,1d,0,3,0.3877475148,0.003539936447,3,2.540758286,0,0,0,-3,0.701,0.7,3,0.000444549544,872.2256498,0.3283389304,Total,4.488746624e-05,-90,14265.33524
ERF_Log_File_20250224_1102,1424455974,1d,0,3,0.6242235289,0.003206779945,3,2.539496857,0,0,0,-2.5,0.701,0.7,2.5,0.0007156674755,872.2256498,0.3283389304,Total,7.183651986e-05,-90,14265.33524
ERF_Log_File_20250224_1102,1424455995,1d,0,3,1.037465022,0.004792752543,3,2.540724,0,0,0,-2,0.701,0.7,2,0.00118944567,872.2256498,0.3283389304,Total,0.0001191076158,-90,14265.33524
ERF_Log_File_20250224_1102,1424456156,1d,0,3,1.075913841,0.00192567548,3,2.542294857,0,0,0,2,0.701,0.7,2,0.001233526945,872.2256498,0.3283389304,Total,0.0001235099855,90,14265.33524
ERF_Log_File_20250224_1102,1424456176,1d,0,3,0.6293539325,0.008672692223,3,2.543364857,0,0,0,2.5,0.701,0.7,2.5,0.0007215494438,872.2256498,0.3283389304,Total,7.242253397e-05,90,14265.33524
ERF_Log_File_20250224_1102,1424456196,1d,0,3,0.3739764374,0.005033130861,3,2.540729429,0,0,0,3,0.701,0.7,3,0.0004287611096,872.2256498,0.3283389304,Total,4.332436489e-05,90,14265.33524
ERF_Log_File_20250224_1102,1424456221,1d,0,3,0.1416679995,0.004987506976,5,2.543118545,0,0,0,4,0.701,0.7,4,0.000162421272,872.2256498,0.3283389304,Total,1.73903446e-05,90,14265.33524
ERF_Log_File_20250224_1102,1424456258,1d,0,3,0.07568965913,0.006847691097,9,2.542791684,0,0,0,5,0.701,0.7,5,8.677761213e-05,872.2256498,0.3283389304,Total,1.067324963e-05,90,14265.33524
ERF_Log_File_20250224_1102,1424456319,1d,0,3,0.04945937037,0.003944320604,17,2.5442176,0,0,0,6,0.701,0.7,6,5.670478778e-05,872.2256498,0.3283389304,Total,8.412397759e-06,90,14265.33524
ERF_Log_File_20250224_1102,1424456408,1d,0,3,0.02116617476,0.007393627263,23,2.545753234,0,0,0,7,0.701,0.7,7,2.426685659e-05,872.2256498,0.3283389304,Total,6.671022229e-06,90,14265.33524
ERF_Log_File_20250224_1102,1424456509,1d,0,3,0.006960042398,0.006326078024,23,2.54709417,0,0,0,8,0.701,0.7,8,7.979635086e-06,872.2256498,0.3283389304,Total,6.265014415e-06,90,14265.33524
ERF_Log_File_20250224_1102,1424456610,1d,0,3,0.006403286463,0.005843972064,23,2.548354,0,0,0,9,0.701,0.7,9,7.341318688e-06,872.2256498,0.3283389304,Total,6.257204494e-06,90,14265.33524
ERF_Log_File_20250224_1102,1424456711,1d,0,3,0.006958885902,0.006239723454,23,2.549474894,0,0,0,10,0.701,0.7,10,7.978309172e-06,872.2256498,0.3283389304,Total,6.264997529e-06,90,14265.33524
ERF_Log_File_20250227_2121,1424751711,1d,0,3,0.01591596176,0.003018755453,3,2.452600857,0,0,0,-8,0.751,0.75,8,1.571239598e-05,1012.955744,3.346967202,Total,5.57684894e-06,-90,13315.57923
ERF_Log_File_20250227_2121,1424751731,1d,0,3,0.01726954552,0.00443072592,3,2.453800571,0,0,0,-7.6,0.751,0.75,7.6,1.704866735e-05,1012.955744,3.346967202,Total,5.616003806e-06,-90,13315.57923
ERF_Log_File_20250227_2121,1424751751,1d,0,3,0.02272821346,0.00609320308,3,2.453451143,0,0,0,-7.2,0.751,0.75,7.2,2.243751872e-05,1012.955744,3.346967202,Total,5.802557514e-06,-90,13315.57923
ERF_Log_File_20250227_2121,1424751771,1d,0,3,0.03435902769,0.004190859155,3,2.453848857,0,0,0,-6.8,0.751,0.75,6.8,3.391957438e-05,1012.955744,3.346967202,Total,6.336220572e-06,-90,13315.57923
ERF_Log_File_20250227_2121,1424751792,1d,0,3,0.03915039028,0.0066033317,3,2.453496571,0,0,0,-6.4,0.751,0.75,6.4,3.864965525e-05,1012.955744,3.346967202,Total,6.60181959e-06,-90,13315.57923
ERF_Log_File_20250227_2121,1424751812,1d,0,3,0.05085163609,0.008407298217,3,2.452335429,0,0,0,-6,0.751,0.75,6,5.020124167e-05,1012.955744,3.346967202,Total,7.338863358e-06,-90,13315.57923
ERF_Log_File_20250227_2121,1424751832,1d,0,3,0.05952658815,0.002114862056,3,2.451967714,0,0,0,-5.6,0.751,0.75,5.6,5.876524075e-05,1012.955744,3.346967202,Total,7.949905157e-06,-90,13315.57923
ERF_Log_File_20250227_2121,1424751852,1d,0,3,0.08740832548,0.009563208798,3,2.453405714,0,0,0,-5.2,0.751,0.75,5.2,8.629036956e-05,1012.955744,3.346967202,Total,1.015732866e-05,-90,13315.57923
ERF_Log_File_20250227_2121,1424751872,1d,0,3,0.0951855813,0.007004370603,3,2.452797143,0,0,0,-4.8,0.751,0.75,4.8,9.396815398e-05,1012.955744,3.346967202,Total,1.081786929e-05,-90,13315.57923
ERF_Log_File_20250227_2121,1424751892,1d,0,3,0.1255286766,0.002726150766,3,2.45236,0,0,0,-4.4,0.751,0.75,4.4,0.0001239231599,1012.955744,3.346967202,Total,1.350432929e-05,-90,13315.57923
ERF_Log_File_20250227_2121,1424751912,1d,0,3,0.1657387048,0.006251297733,3,2.453665143,0,0,0,-4,0.751,0.75,4,0.0001636189003,1012.955744,3.346967202,Total,1.722305064e-05,-90,13315.57923
ERF_Log_File_20250227_2121,1424751933,1d,0,3,0.2335109569,0.004284778713,3,2.454308571,0,0,0,-3.6,0.751,0.75,3.6,0.0002305243426,1012.955744,3.346967202,Total,2.36775136e-05,-90,13315.57923
ERF_Log_File_20250227_2121,1424751953,1d,0,3,0.3490981814,0.005684564522,3,2.45374,0,0,0,-3.2,0.751,0.75,3.2,0.000344633202,1012.955744,3.346967202,Total,3.489479738e-05,-90,13315.57923
ERF_Log_File_20250227_2121,1424751973,1d,0,3,0.4777047281,0.003473832864,3,2.453180857,0,0,0,-2.8,0.751,0.75,2.8,0.0004715948658,1012.955744,3.346967202,Total,4.74876299e-05,-90,13315.57923
ERF_Log_File_20250227_2121,1424751993,1d,0,3,0.7225242433,0.006247913826,3,2.454366571,0,0,0,-2.4,0.751,0.75,2.4,0.0007132831299,1012.955744,3.346967202,Total,7.156753803e-05,-90,13315.57923
ERF_Log_File_20250227_2121,1424752013,1d,0,3,1.078289695,0.005609961484,3,2.454412857,0,0,0,-2,0.751,0.75,2,0.001064498327,1012.955744,3.346967202,Total,0.0001066422423,-90,13315.57923
ERF_Log_File_20250227_2121,1424752215,1d,0,3,1.129342295,0.008951925376,3,2.454299143,0,0,0,2,0.751,0.75,2,0.001114897963,1012.955744,3.346967202,Total,0.0001116788916,90,13315.57923
ERF_Log_File_20250227_2121,1424752235,1d,0,3,0.7424642189,0.0008818298661,3,2.453597429,0,0,0,2.4,0.751,0.75,2.4,0.0007329680724,1012.955744,3.346967202,Total,7.353174166e-05,90,13315.57923
ERF_Log_File_20250227_2121,1424752255,1d,0,3,0.4915476972,0.007418927907,3,2.454724571,0,0,0,2.8,0.751,0.75,2.8,0.0004852607829,1012.955744,3.346967202,Total,4.884650297e-05,90,13315.57923
ERF_Log_File_20250227_2121,1424752275,1d,0,3,0.3372561793,0.0042682933,3,2.454298,0,0,0,3.2,0.751,0.75,3.2,0.0003329426595,1012.955744,3.346967202,Total,3.373941479e-05,90,13315.57923
ERF_Log_File_20250227_2121,1424752295,1d,0,3,0.2291910188,0.005964815053,3,2.453520857,0,0,0,3.6,0.751,0.75,3.6,0.0002262596566,1012.955744,3.346967202,Total,2.326205021e-05,90,13315.57923
ERF_Log_File_20250227_2121,1424752315,1d,0,3,0.1749755756,0.003721277776,3,2.453842857,0,0,0,4,0.751,0.75,4,0.0001727376311,1012.955744,3.346967202,Total,1.809249584e-05,90,13315.57923
ERF_Log_File_20250227_2121,1424752335,1d,0,3,0.1256834259,0.003210618537,3,2.454671143,0,0,0,4.4,0.751,0.75,4.4,0.0001240759299,1012.955744,3.346967202,Total,1.351836497e-05,90,13315.57923
ERF_Log_File_20250227_2121,1424752356,1d,0,3,0.09174461892,0.004555135555,3,2.454197714,0,0,0,4.8,0.751,0.75,4.8,9.057120164e-05,1012.955744,3.346967202,Total,1.052381766e-05,90,13315.57923
ERF_Log_File_20250227_2121,1424752376,1d,0,3,0.06977282292,0.006921607667,3,2.453761714,0,0,0,5.2,0.751,0.75,5.2,6.888042577e-05,1012.955744,3.346967202,Total,8.725060661e-06,90,13315.57923
ERF_Log_File_20250227_2121,1424752396,1d,0,3,0.06515375837,0.003940978593,3,2.454858571,0,0,0,5.6,0.751,0.75,5.6,6.432043925e-05,1012.955744,3.346967202,Total,8.369355461e-06,90,13315.57923
ERF_Log_File_20250227_2121,1424752416,1d,0,3,0.04129839749,0.003251245275,3,2.453833714,0,0,0,6,0.751,0.75,6,4.077018936e-05,1012.955744,3.346967202,Total,6.728297365e-06,90,13315.57923
ERF_Log_File_20250227_2121,1424752436,1d,0,3,0.03469504389,0.003103647221,3,2.454750571,0,0,0,6.4,0.751,0.75,6.4,3.425129292e-05,1012.955744,3.346967202,Total,6.354059602e-06,90,13315.57923
ERF_Log_File_20250227_2121,1424752456,1d,0,3,0.01945652437,0.004967759645,3,2.454264857,0,0,0,6.8,0.751,0.75,6.8,1.920767466e-05,1012.955744,3.346967202,Total,5.685343474e-06,90,13315.57923
ERF_Log_File_20250227_2121,1424752476,1d,0,3,0.01506883922,0.009506300545,3,2.454213143,0,0,0,7.2,0.751,0.75,7.2,1.487610818e-05,1012.955744,3.346967202,Total,5.553841633e-06,90,13315.57923
ERF_Log_File_20250227_2121,1424752496,1d,0,3,0.009600783266,0.00343254186,3,2.453984857,0,0,0,7.6,0.751,0.75,7.6,9.477988871e-06,1012.955744,3.346967202,Total,5.434064629e-06,90,13315.57923
ERF_Log_File_20250227_2121,1424752517,1d,0,3,0.003844856884,0.006143678843,3,2.454466,0,0,0,8,0.751,0.75,8,3.795681014e-06,1012.955744,3.346967202,Total,5.364138715e-06,90,13315.57923
ERF_Log_File_20250227_1659,1424736075,1d,0,3,0.001712238533,0.006286715707,23,2.69403034,0,0,0,-10,0.802,0.8,10,1.731721006e-06,988.749647,0.2956321838,Total,5.484405423e-06,-90,12468.82793
ERF_Log_File_20250227_1659,1424736177,1d,0,3,0.01310529918,0.00553011687,23,2.693089362,0,0,0,-9,0.802,0.8,9,1.325441604e-05,988.749647,0.2956321838,Total,5.639638743e-06,-90,12468.82793
ERF_Log_File_20250227_1659,1424736278,1d,0,3,0.007366086605,0.006854881744,23,2.692777106,0,0,0,-8,0.802,0.8,8,7.449900617e-06,988.749647,0.2956321838,Total,5.532063734e-06,-90,12468.82793
ERF_Log_File_20250227_1659,1424736379,1d,0,3,0.01873357638,0.005226908762,23,2.692027872,0,0,0,-7,0.802,0.8,7,1.894673383e-05,988.749647,0.2956321838,Total,5.799873561e-06,-90,12468.82793
ERF_Log_File_20250227_1659,1424736468,1d,0,3,0.04713151681,0.006753910215,17,2.691618171,0,0,0,-6,0.802,0.8,6,4.766779635e-05,988.749647,0.2956321838,Total,7.264372321e-06,-90,12468.82793
ERF_Log_File_20250227_1659,1424736529,1d,0,3,0.08585441591,0.007999051531,9,2.681234526,0,0,0,-5,0.802,0.8,5,8.683129867e-05,988.749647,0.2956321838,Total,1.026869672e-05,-90,12468.82793
ERF_Log_File_20250227_1659,1424736566,1d,0,3,0.1602354737,0.00427775318,5,2.684972364,0,0,0,-4,0.802,0.8,4,0.0001620586911,988.749647,0.2956321838,Total,1.710792961e-05,-90,12468.82793
ERF_Log_File_20250227_1659,1424736590,1d,0,3,0.3593846525,0.005443598456,3,2.685989714,0,0,0,-3,0.802,0.8,3,0.0003634738617,988.749647,0.2956321838,Total,3.675857732e-05,-90,12468.82793
ERF_Log_File_20250227_1659,1424736611,1d,0,3,0.5824992595,0.003609681868,3,2.687899714,0,0,0,-2.5,0.802,0.8,2.5,0.0005891271479,988.749647,0.2956321838,Total,5.916745478e-05,-90,12468.82793
ERF_Log_File_20250227_1659,1424736631,1d,0,3,0.9790142404,0.004305145496,3,2.688936857,0,0,0,-2,0.802,0.8,2,0.0009901538203,988.749647,0.2956321838,Total,9.916744547e-05,-90,12468.82793
ERF_Log_File_20250227_1659,1424736792,1d,0,3,1.017661141,0.006344812438,3,2.688734286,0,0,0,2,0.802,0.8,2,0.001029240459,988.749647,0.2956321838,Total,0.0001030703772,90,12468.82793
ERF_Log_File_20250227_1659,1424736812,1d,0,3,0.6063510355,0.004122752101,3,2.688643714,0,0,0,2.5,0.802,0.8,2.5,0.0006132503181,988.749647,0.2956321838,Total,6.15698129e-05,90,12468.82793
ERF_Log_File_20250227_1659,1424736833,1d,0,3,0.365898548,0.003465080227,3,2.688582857,0,0,0,3,0.802,0.8,3,0.0003700618748,988.749647,0.2956321838,Total,3.741014392e-05,90,12468.82793
ERF_Log_File_20250227_1659,1424736857,1d,0,3,0.154748554,0.006197271379,5,2.688871273,0,0,0,4,0.802,0.8,4,0.0001565093393,988.749647,0.2956321838,Total,1.658320345e-05,90,12468.82793
ERF_Log_File_20250227_1659,1424736894,1d,0,3,0.06681262779,0.005382800304,9,2.688518947,0,0,0,5,0.802,0.8,5,6.757284616e-05,988.749647,0.2956321838,Total,8.70115036e-06,90,12468.82793
ERF_Log_File_20250227_1659,1424736955,1d,0,3,0.04296294574,0.006718107684,17,2.688648229,0,0,0,6,0.802,0.8,6,4.345179376e-05,988.749647,0.2956321838,Total,6.994960086e-06,90,12468.82793
ERF_Log_File_20250227_1659,1424737044,1d,0,3,0.0226759255,0.006628158665,23,2.689120043,0,0,0,7,0.802,0.8,7,2.293394042e-05,988.749647,0.2956321838,Total,5.942088627e-06,90,12468.82793
ERF_Log_File_20250227_1659,1424737145,1d,0,3,0.01079916123,0.006787492087,23,2.688936255,0,0,0,8,0.802,0.8,8,1.092203801e-05,988.749647,0.2956321838,Total,5.589421599e-06,90,12468.82793
ERF_Log_File_20250227_1659,1424737246,1d,0,3,0.001372673835,0.005977674758,23,2.689814383,0,0,0,9,0.802,0.8,9,1.388292617e-06,988.749647,0.2956321838,Total,5.483428465e-06,90,12468.82793
ERF_Log_File_20250227_1659,1424737348,1d,0,3,0.001556851055,0.00690418141,23,2.690336128,0,0,0,10,0.802,0.8,10,1.574565473e-06,988.749647,0.2956321838,Total,5.48393169e-06,90,12468.82793
ERF_Log_File_20250224_0930,1424449910,1d,0,3,0.003693944694,0.006977545056,23,7.178030766,0,0,0,-10,0.901,0.9,10,4.513358683e-06,818.4469601,0.05883999796,Total,6.637660759e-06,-90,11098.77913
ERF_Log_File_20250224_0930,1424450012,1d,0,3,0.009615199396,0.007403421751,23,7.180707362,0,0,0,-9,0.901,0.9,9,1.174810325e-05,818.4469601,0.05883999796,Total,6.725698194e-06,-90,11098.77913
ERF_Log_File_20250224_0930,1424450113,1d,0,3,0.004220324741,0.00758075959,23,7.180409447,0,0,0,-8,0.901,0.9,8,5.156503654e-06,818.4469601,0.05883999796,Total,6.642343835e-06,-90,11098.77913
ERF_Log_File_20250224_0930,1424450214,1d,0,3,0.02169810937,0.006661039863,23,7.180772851,0,0,0,-7,0.901,0.9,7,2.651132013e-05,818.4469601,0.05883999796,Total,7.133255973e-06,-90,11098.77913
ERF_Log_File_20250224_0930,1424450303,1d,0,3,0.04198531991,0.005508299196,17,7.180935143,0,0,0,-6,0.901,0.9,6,5.129876701e-05,818.4469601,0.05883999796,Total,8.376782482e-06,-90,11098.77913
ERF_Log_File_20250224_0930,1424450364,1d,0,3,0.06138434297,0.00693696872,9,7.179662211,0,0,0,-5,0.901,0.9,5,7.500100307e-05,818.4469601,0.05883999796,Total,1.000531708e-05,-90,11098.77913
ERF_Log_File_20250224_0930,1424450401,1d,0,3,0.1114255874,0.007025695973,5,7.179043091,0,0,0,-4,0.901,0.9,4,0.0001361427103,818.4469601,0.05883999796,Total,1.513946193e-05,-90,11098.77913
ERF_Log_File_20250224_0930,1424450426,1d,0,3,0.2661010576,0.006514548067,3,7.178280857,0,0,0,-3,0.901,0.9,3,0.0003251292638,818.4469601,0.05883999796,Total,3.318050277e-05,-90,11098.77913
ERF_Log_File_20250224_0930,1424450446,1d,0,3,0.42356513,0.005269156667,3,7.178614286,0,0,0,-2.5,0.901,0.9,2.5,0.0005175230047,818.4469601,0.05883999796,Total,5.217429276e-05,-90,11098.77913
ERF_Log_File_20250224_0930,1424450466,1d,0,3,0.7007896939,0.005694216959,3,7.178664571,0,0,0,-2,0.901,0.9,2,0.0008562432607,818.4469601,0.05883999796,Total,8.588005497e-05,-90,11098.77913
ERF_Log_File_20250224_0930,1424450627,1d,0,3,0.7219656802,0.003289799872,3,7.171412857,0,0,0,2,0.901,0.9,2,0.0008821166372,818.4469601,0.05883999796,Total,8.84599145e-05,90,11098.77913
ERF_Log_File_20250224_0930,1424450648,1d,0,3,0.4340547467,0.004206581101,3,7.168340857,0,0,0,2.5,0.901,0.9,2.5,0.000530339494,818.4469601,0.05883999796,Total,5.344582377e-05,90,11098.77913
ERF_Log_File_20250224_0930,1424450668,1d,0,3,0.2568871937,0.007021432916,3,7.175234286,0,0,0,3,0.901,0.9,3,0.0003138715228,818.4469601,0.05883999796,Total,3.207816506e-05,90,11098.77913
ERF_Log_File_20250224_0930,1424450693,1d,0,3,0.1060281427,0.006773250708,5,7.171523455,0,0,0,4,0.901,0.9,4,0.0001295479705,818.4469601,0.05883999796,Total,1.454928485e-05,90,11098.77913
ERF_Log_File_20250224_0930,1424450729,1d,0,3,0.05337010202,0.004382657142,9,7.169852737,0,0,0,5,0.901,0.9,5,6.520899291e-05,818.4469601,0.05883999796,Total,9.293921978e-06,90,11098.77913
ERF_Log_File_20250224_0930,1424450790,1d,0,3,0.0314844987,0.005737127299,17,7.170952971,0,0,0,6,0.901,0.9,6,3.846858774e-05,818.4469601,0.05883999796,Total,7.658535517e-06,90,11098.77913
ERF_Log_File_20250224_0930,1424450879,1d,0,3,0.0224982007,0.005874746937,23,7.170324851,0,0,0,7,0.901,0.9,7,2.748889274e-05,818.4469601,0.05883999796,Total,7.170162643e-06,90,11098.77913
ERF_Log_File_20250224_0930,1424450981,1d,0,3,0.006012924123,0.007277232558,23,7.169951617,0,0,0,8,0.901,0.9,8,7.346748679e-06,818.4469601,0.05883999796,Total,6.662926056e-06,90,11098.77913
ERF_Log_File_20250224_0930,1424451082,1d,0,3,0.002749369172,0.00525772408,23,7.172709957,0,0,0,9,0.901,0.9,9,3.359251492e-06,818.4469601,0.05883999796,Total,6.630813069e-06,90,11098.77913
ERF_Log_File_20250224_0930,1424451183,1d,0,3,0.00658872215,0.008010711031,23,7.173872426,0,0,0,10,0.901,0.9,10,8.050273837e-06,818.4469601,0.05883999796,Total,6.671049813e-06,90,11098.77913
ERF_Log_File_20250221_1644,1424216745,1d,0,3,0.002391342494,0.007433934695,23,3.183592435,0,0,0,-10,0.901,0.9,10,5.586397542e-06,428.0652202,3.033117975,Total,1.267400159e-05,-90,11098.77913
ERF_Log_File_20250221_1644,1424216895,1d,0,3,0.004392693452,0.005714070795,23,3.184878274,0,0,0,-9,0.901,0.9,9,1.026173874e-05,428.0652202,3.033117975,Total,1.270334565e-05,-90,11098.77913
ERF_Log_File_20250221_1644,1424217046,1d,0,3,0.005177592663,0.005440749514,23,3.186304421,0,0,0,-8,0.901,0.9,8,1.209533599e-05,428.0652202,3.033117975,Total,1.271955139e-05,-90,11098.77913
ERF_Log_File_20250221_1644,1424217196,1d,0,3,0.009039126393,0.006037467125,23,3.185587589,0,0,0,-7,0.901,0.9,7,2.111623642e-05,428.0652202,3.033117975,Total,1.283736781e-05,-90,11098.77913
ERF_Log_File_20250221_1644,1424217346,1d,0,3,0.01618170962,0.006380273973,23,3.185860095,0,0,0,-6,0.901,0.9,6,3.780197236e-05,428.0652202,3.033117975,Total,1.321659209e-05,-90,11098.77913
ERF_Log_File_20250221_1644,1424217460,1d,0,3,0.03484931012,0.00474712448,11,3.186741787,0,0,0,-5,0.901,0.9,5,8.141121603e-05,428.0652202,3.033117975,Total,1.506410598e-05,-90,11098.77913
ERF_Log_File_20250221_1644,1424217520,1d,0,3,0.05994544535,0.002553145165,5,3.18618202,0,0,0,-4,0.901,0.9,4,0.0001400381122,428.0652202,3.033117975,Total,1.890523685e-05,-90,11098.77913
ERF_Log_File_20250221_1644,1424217555,1d,0,3,0.1439826804,0.002803579151,3,3.186500952,0,0,0,-3,0.901,0.9,3,0.0003363568766,428.0652202,3.033117975,Total,3.601883256e-05,-90,11098.77913
ERF_Log_File_20250221_1644,1424217585,1d,0,3,0.2217226726,0.0050091117,3,3.189776667,0,0,0,-2.5,0.901,0.9,2.5,0.0005179646981,428.0652202,3.033117975,Total,5.344773794e-05,-90,11098.77913
ERF_Log_File_20250221_1644,1424217614,1d,0,3,0.3620698837,0.0054821617,3,3.187300952,0,0,0,-2,0.901,0.9,2,0.0008458287817,428.0652202,3.033117975,Total,8.57350506e-05,-90,11098.77913
ERF_Log_File_20250221_1644,1424217733,1d,0,3,0.3739186109,0.005676339281,3,3.189944127,0,0,0,2,0.901,0.9,2,0.000873508506,428.0652202,3.033117975,Total,8.848048418e-05,90,11098.77913
ERF_Log_File_20250221_1644,1424217762,1d,0,3,0.2211955634,0.004949730805,3,3.189239365,0,0,0,2.5,0.901,0.9,2.5,0.0005167333224,428.0652202,3.033117975,Total,5.332781359e-05,90,11098.77913
ERF_Log_File_20250221_1644,1424217791,1d,0,3,0.1288277789,0.007549439654,3,3.189055556,0,0,0,3,0.901,0.9,3,0.0003009536231,428.0652202,3.033117975,Total,3.271994573e-05,90,11098.77913
ERF_Log_File_20250221_1644,1424217827,1d,0,3,0.05787624452,0.006071521389,5,3.1891,0,0,0,4,0.901,0.9,4,0.0001352042675,428.0652202,3.033117975,Total,1.854821804e-05,90,11098.77913
ERF_Log_File_20250221_1644,1424217887,1d,0,3,0.02713715736,0.00578734982,11,3.191468937,0,0,0,5,0.901,0.9,5,6.339491293e-05,428.0652202,3.033117975,Total,1.416713083e-05,90,11098.77913
ERF_Log_File_20250221_1644,1424218001,1d,0,3,0.0161944491,0.006129911021,23,3.192160284,0,0,0,6,0.901,0.9,6,3.783173296e-05,428.0652202,3.033117975,Total,1.321744789e-05,90,11098.77913
ERF_Log_File_20250221_1644,1424218151,1d,0,3,0.007731417025,0.007379973502,23,3.192918936,0,0,0,7,0.901,0.9,7,1.806130622e-05,428.0652202,3.033117975,Total,1.279043224e-05,90,11098.77913
ERF_Log_File_20250221_1644,1424218301,1d,0,3,0.003673968773,0.007384669667,23,3.193644279,0,0,0,8,0.901,0.9,8,8.582731322e-06,428.0652202,3.033117975,Total,1.269082355e-05,90,11098.77913
ERF_Log_File_20250221_1644,1424218451,1d,0,3,0.002062996914,0.008091129683,23,3.193280426,0,0,0,9,0.901,0.9,9,4.819351858e-06,428.0652202,3.033117975,Total,1.267083654e-05,90,11098.77913
ERF_Log_File_20250221_1644,1424218602,1d,0,3,0.002981064084,0.005779915129,23,3.191950236,0,0,0,10,0.901,0.9,10,6.964041794e-06,428.0652202,3.033117975,Total,1.268085505e-05,90,11098.77913
ERF_Log_File_20250225_1822,1424568249,2d,0,3,0.01534401312,0.003486728028,3,3.524501429,0,0,-3,-8.125,0.901,0.9,8.661156101,1.828057322e-05,839.361706,3.85218881,Total,6.711586733e-06,-110.2656975,11098.77913
ERF_Log_File_20250225_1822,1424568270,2d,0,3,0.0128866833,0.006775912781,3,3.524786857,0,0,-3,-7.5,0.901,0.9,8.077747211,1.535295595e-05,839.361706,3.85218881,Total,6.637669884e-06,-111.8014095,11098.77913
ERF_Log_File_20250225_1822,1424568290,2d,0,3,0.02087912394,0.005119765559,3,3.525458571,0,0,-3,-6.875,0.901,0.9,7.501041594,2.487500179e-05,839.361706,3.85218881,Total,6.920784221e-06,-113.5747062,11098.77913
ERF_Log_File_20250225_1822,1424568310,2d,0,3,0.0261702878,0.004402067252,3,3.523749429,0,0,-3,-6.25,0.901,0.9,6.932712312,3.117879648e-05,839.361706,3.85218881,Total,7.172043864e-06,-115.6410058,11098.77913
ERF_Log_File_20250225_1822,1424568331,2d,0,3,0.02826607376,0.00566589891,3,3.525283143,0,0,-3,-5.625,0.901,0.9,6.375,3.367567708e-05,839.361706,3.85218881,Total,7.284295624e-06,-118.0724869,11098.77913
ERF_Log_File_20250225_1822,1424568351,2d,0,3,0.0375454215,0.004172699447,3,3.523956571,0,0,-3,-5,0.901,0.9,5.830951895,4.473092022e-05,839.361706,3.85218881,Total,7.857942482e-06,-120.9637565,11098.77913
ERF_Log_File_20250225_1822,1424568371,2d,0,3,0.04803781679,0.008061107165,3,3.525655714,0,0,-3,-4.375,0.901,0.9,5.304773793,5.723136575e-05,839.361706,3.85218881,Total,8.632487835e-06,-124.4389893,11098.77913
ERF_Log_File_20250225_1822,1424568392,2d,0,3,0.06480009531,0.005736792314,3,3.526105714,0,0,-3,-3.75,0.901,0.9,4.802343178,7.720163412e-05,839.361706,3.85218881,Total,1.007089984e-05,-128.6598083,11098.77913
ERF_Log_File_20250225_1822,1424568412,2d,0,3,0.08674749472,0.01092727755,3,3.526640571,0,0,-3,-3.125,0.901,0.9,4.331930863,0.0001033493595,839.361706,3.85218881,Total,1.219559098e-05,-133.8308607,11098.77913
ERF_Log_File_20250225_1822,1424568433,2d,0,3,0.1207681238,0.008148535087,3,3.525372571,0,0,-3,-2.5,0.901,0.9,3.905124838,0.0001438809073,839.361706,3.85218881,Total,1.578447832e-05,-140.1944289,11098.77913
ERF_Log_File_20250225_1822,1424568453,2d,0,3,0.1858428627,0.008968377343,3,3.524440571,0,0,-3,-1.875,0.901,0.9,3.537742925,0.0002214097467,839.361706,3.85218881,Total,2.30857504e-05,-147.9946168,11098.77913
ERF_Log_File_20250225_1822,1424568473,2d,0,3,0.2452708096,0.004554258153,3,3.525620857,0,0,-3,-1.25,0.901,0.9,3.25,0.0002922111026,839.361706,3.85218881,Total,2.995610702e-05,-157.3801351,11098.77913
ERF_Log_File_20250225_1822,1424568494,2d,0,3,0.30466469,0.008101090624,3,3.525560286,0,0,-3,-0.625,0.901,0.9,3.064412668,0.0003629718724,839.361706,3.85218881,Total,3.690470653e-05,-168.2317111,11098.77913
ERF_Log_File_20250225_1822,1424568514,2d,0,3,0.3447199236,0.009116716264,3,3.525558857,0,0,-3,0,0.901,0.9,3,0.0004106929362,839.361706,3.85218881,Total,4.161653618e-05,180,11098.77913
ERF_Log_File_20250225_1822,1424568534,2d,0,3,0.2977913287,0.00301291033,3,3.525578286,0,0,-3,0.625,0.901,0.9,3.064412668,0.0003547830769,839.361706,3.85218881,Total,3.60978958e-05,168.2317111,11098.77913
ERF_Log_File_20250225_1822,1424568555,2d,0,3,0.2378963514,0.0074342848,3,3.525690571,0,0,-3,1.25,0.901,0.9,3.25,0.0002834253097,839.361706,3.85218881,Total,2.909789685e-05,157.3801351,11098.77913
ERF_Log_File_20250225_1822,1424568575,2d,0,3,0.1685443051,0.004270707164,3,3.525199143,0,0,-3,1.875,0.901,0.9,3.537742925,0.0002008005654,839.361706,3.85218881,Total,2.111289906e-05,147.9946168,11098.77913
ERF_Log_File_20250225_1822,1424568595,2d,0,3,0.1192619059,0.007080751686,3,3.525366571,0,0,-3,2.5,0.901,0.9,3.905124838,0.0001420864271,839.361706,3.85218881,Total,1.562073366e-05,140.1944289,11098.77913
ERF_Log_File_20250225_1822,1424568616,2d,0,3,0.08850645027,0.005027186024,3,3.525857714,0,0,-3,3.125,0.901,0.9,4.331930863,0.0001054449466,839.361706,3.85218881,Total,1.237405034e-05,133.8308607,11098.77913
ERF_Log_File_20250225_1822,1424568636,2d,0,3,0.06306001644,0.002947487968,3,3.526557429,0,0,-3,3.75,0.901,0.9,4.802343178,7.512853636e-05,839.361706,3.85218881,Total,9.912538463e-06,128.6598083,11098.77913
ERF_Log_File_20250225_1822,1424568656,2d,0,3,0.04417057685,0.004170136622,3,3.528251714,0,0,-3,4.375,0.901,0.9,5.304773793,5.262400767e-05,839.361706,3.85218881,Total,8.333531964e-06,124.4389893,11098.77913
ERF_Log_File_20250225_1822,1424568677,2d,0,3,0.0338553537,0.002979550944,3,3.528800857,0,0,-3,5,0.901,0.9,5.830951895,4.033464174e-05,839.361706,3.85218881,Total,7.615751057e-06,120.9637565,11098.77913
ERF_Log_File_20250225_1822,1424568697,2d,0,3,0.03156238712,0.002516109177,3,3.526570571,0,0,-3,5.625,0.901,0.9,6.375,3.76028438e-05,839.361706,3.85218881,Total,7.474361849e-06,118.0724869,11098.77913
ERF_Log_File_20250225_1822,1424568717,2d,0,3,0.02016453615,0.005875165575,3,3.528608857,0,0,-3,6.25,0.901,0.9,6.932712312,2.402365513e-05,839.361706,3.85218881,Total,6.890579099e-06,115.6410058,11098.77913
ERF_Log_File_20250225_1822,1424568738,2d,0,3,0.01551666874,0.004854156769,3,3.529768571,0,0,-3,6.875,0.901,0.9,7.501041594,1.848627193e-05,839.361706,3.85218881,Total,6.717230433e-06,113.5747062,11098.77913
ERF_Log_File_20250225_1822,1424568758,2d,0,3,0.01895270681,0.005439771687,3,3.527945143,0,0,-3,7.5,0.901,0.9,8.077747211,2.257990408e-05,839.361706,3.85218881,Total,6.841478184e-06,111.8014095,11098.77913
ERF_Log_File_20250225_1822,1424568778,2d,0,3,0.008697572539,0.008758282465,3,3.528711429,0,0,-3,8.125,0.901,0.9,8.661156101,1.036212693e-05,839.361706,3.85218881,Total,6.540073583e-06,110.2656975,11098.77913
ERF_Log_File_20250225_1822,1424568814,2d,0,3,0.009832388306,0.006399181171,3,3.529613143,0,0,-2,-8.125,0.901,0.9,8.367533986,1.171412543e-05,839.361706,3.85218881,Total,6.562900406e-06,-103.828651,11098.77913
ERF_Log_File_20250225_1822,1424568835,2d,0,3,0.007017952557,0.003799226361,3,3.529807714,0,0,-2,-7.5,0.901,0.9,7.762087348,8.361058776e-06,839.361706,3.85218881,Total,6.511306291e-06,-104.9314172,11098.77913
ERF_Log_File_20250225_1822,1424568855,2d,0,3,0.01375876698,0.004920232078,3,3.528511429,0,0,-2,-6.875,0.901,0.9,7.160001746,1.639194031e-05,839.361706,3.85218881,Total,6.662520597e-06,-106.2201937,11098.77913
ERF_Log_File_20250225_1822,1424568875,2d,0,3,0.01958958512,0.006050768489,3,3.528212857,0,0,-2,-6.25,0.901,0.9,6.562202374,2.333866912e-05,839.361706,3.85218881,Total,6.866947771e-06,-107.7446716,11098.77913
ERF_Log_File_20250225_1822,1424568896,2d,0,3,0.03394279363,0.00733583673,3,3.527354571,0,0,-2,-5.625,0.901,0.9,5.969976968,4.043881605e-05,839.361706,3.85218881,Total,7.6212851e-06,-109.5731258,11098.77913
ERF_Log_File_20250225_1822,1424568916,2d,0,3,0.04972250457,0.00583625288,3,3.527968286,0,0,-2,-5,0.901,0.9,5.385164807,5.923847158e-05,839.361706,3.85218881,Total,8.767122842e-06,-111.8014095,11098.77913
ERF_Log_File_20250225_1822,1424568936,2d,0,3,0.07117503086,0.002929259697,3,3.528239714,0,0,-2,-4.375,0.901,0.9,4.810470351,8.479661433e-05,839.361706,3.85218881,Total,1.066548985e-05,-114.5671713,11098.77913
ERF_Log_File_20250225_1822,1424568957,2d,0,3,0.1015467013,0.005114591058,3,3.528049429,0,0,-2,-3.75,0.901,0.9,4.25,0.0001209808603,839.361706,3.85218881,Total,1.372474164e-05,-118.0724869,11098.77913
ERF_Log_File_20250225_1822,1424568977,2d,0,3,0.1599609384,0.002804788519,3,3.526567714,0,0,-2,-3.125,0.901,0.9,3.71020552,0.0001905745011,839.361706,3.85218881,Total,2.014070362e-05,-122.6192431,11098.77913
ERF_Log_File_20250225_1822,1424568997,2d,0,3,0.2577566859,0.005850689104,3,3.527866571,0,0,-2,-2.5,0.901,0.9,3.201562119,0.0003070865445,839.361706,3.85218881,Total,3.141184956e-05,-128.6598083,11098.77913
ERF_Log_File_20250225_1822,1424569018,2d,0,3,0.3522530963,0.003065153968,3,3.528081714,0,0,-2,-1.875,0.901,0.9,2.741464025,0.0004196678188,839.361706,3.85218881,Total,4.25043169e-05,-136.8476103,11098.77913
ERF_Log_File_20250225_1822,1424569038,2d,0,3,0.5241954755,0.003950141784,3,3.528464286,0,0,-2,-1.25,0.901,0.9,2.358495283,0.0006245167867,839.361706,3.85218881,Total,6.285000943e-05,-147.9946168,11098.77913
ERF_Log_File_20250225_1822,1424569120,2d,0,3,0.5577382839,0.002564529476,3,3.527316,0,0,-2,1.25,0.901,0.9,2.358495283,0.0006644790678,839.361706,3.85218881,Total,6.683053796e-05,147.9946168,11098.77913
ERF_Log_File_20250225_1822,1424569140,2d,0,3,0.3634529801,0.008177379101,3,3.527232571,0,0,-2,1.875,0.901,0.9,2.741464025,0.000433011153,839.361706,3.85218881,Total,4.38250203e-05,136.8476103,11098.77913
ERF_Log_File_20250225_1822,1424569160,2d,0,3,0.2495457195,0.006575740644,3,3.526285143,0,0,-2,2.5,0.901,0.9,3.201562119,0.0002973041512,839.361706,3.85218881,Total,3.045416041e-05,128.6598083,11098.77913
ERF_Log_File_20250225_1822,1424569181,2d,0,3,0.1464673492,0.002533412937,3,3.526813143,0,0,-2,3.125,0.901,0.9,3.71020552,0.0001744984888,839.361706,3.85218881,Total,1.862351061e-05,122.6192431,11098.77913
ERF_Log_File_20250225_1822,1424569201,2d,0,3,0.1079314903,0.004429573555,3,3.526751429,0,0,-2,3.75,0.901,0.9,4.25,0.0001285875797,839.361706,3.85218881,Total,1.440112807e-05,118.0724869,11098.77913
ERF_Log_File_20250225_1822,1424569221,2d,0,3,0.07544741758,0.005197509192,3,3.527653714,0,0,-2,4.375,0.901,0.9,4.810470351,8.988665679e-05,839.361706,3.85218881,Total,1.107532638e-05,114.5671713,11098.77913
ERF_Log_File_20250225_1822,1424569242,2d,0,3,0.05617152239,0.005837142958,3,3.527977429,0,0,-2,5,0.901,0.9,5.385164807,6.692171205e-05,839.361706,3.85218881,Total,9.304625183e-06,111.8014095,11098.77913
ERF_Log_File_20250225_1822,1424569262,2d,0,3,0.031640717,0.004433770954,3,3.528114571,0,0,-2,5.625,0.901,0.9,5.969976968,3.769616457e-05,839.361706,3.85218881,Total,7.479070977e-06,109.5731258,11098.77913
ERF_Log_File_20250225_1822,1424569282,2d,0,3,0.03068342119,0.004884764189,3,3.527519429,0,0,-2,6.25,0.901,0.9,6.562202374,3.655566006e-05,839.361706,3.85218881,Total,7.422120558e-06,107.7446716,11098.77913
ERF_Log_File_20250225_1822,1424569303,2d,0,3,0.01376527451,0.004413766845,3,3.528303714,0,0,-2,6.875,0.901,0.9,7.160001746,1.639969326e-05,839.361706,3.85218881,Total,6.662711788e-06,106.2201937,11098.77913
ERF_Log_File_20250225_1822,1424569323,2d,0,3,0.006215878209,0.005825560727,3,3.527568286,0,0,-2,7.5,0.901,0.9,7.762087348,7.405482243e-06,839.361706,3.85218881,Total,6.499702372e-06,104.9314172,11098.77913
ERF_Log_File_20250225_1822,1424569343,2d,0,3,0.001516116823,0.00487947234,3,3.526448,0,0,-2,8.125,0.901,0.9,8.367533986,1.806273519e-06,839.361706,3.85218881,Total,6.459818813e-06,103.828651,11098.77913
ERF_Log_File_20250225_1822,1424569379,2d,0,3,0.007275960666,0.00487848985,3,3.527375429,0,0,-1,-8.125,0.901,0.9,8.186307165,8.66844486e-06,839.361706,3.85218881,Total,6.515333161e-06,-97.01650174,11098.77913
ERF_Log_File_20250225_1822,1424569400,2d,0,3,0.00153167285,0.006196786522,3,3.527011714,0,0,-1,-7.5,0.901,0.9,7.566372975,1.824806683e-06,839.361706,3.85218881,Total,6.45987101e-06,-97.59464337,11098.77913
ERF_Log_File_20250225_1822,1424569420,2d,0,3,0.01970208272,0.006226059203,3,3.526528571,0,0,-1,-6.875,0.901,0.9,6.947346616,2.347269666e-05,839.361706,3.85218881,Total,6.871524137e-06,-98.27589283,11098.77913
ERF_Log_File_20250225_1822,1424569440,2d,0,3,0.03269490732,0.006272849556,3,3.526214,0,0,-1,-6.25,0.901,0.9,6.329494451,3.895210741e-05,839.361706,3.85218881,Total,7.543287665e-06,-99.09027692,11098.77913
ERF_Log_File_20250225_1822,1424569461,2d,0,3,0.04465936151,0.002839850531,3,3.526907429,0,0,-1,-5.625,0.901,0.9,5.713197441,5.320633666e-05,839.361706,3.85218881,Total,8.370503798e-06,-100.080598,11098.77913
ERF_Log_File_20250225_1822,1424569481,2d,0,3,0.06572916466,0.008571699259,3,3.528774286,0,0,-1,-5,0.901,0.9,5.099019514,7.830851013e-05,839.361706,3.85218881,Total,1.015617811e-05,-101.3099325,11098.77913
ERF_Log_File_20250225_1822,1424569501,2d,0,3,0.09584040853,0.006799979334,3,3.525395143,0,0,-1,-4.375,0.901,0.9,4.487830768,0.0001141824887,839.361706,3.85218881,Total,1.312812177e-05,-102.8750016,11098.77913
ERF_Log_File_20250225_1822,1424569522,2d,0,3,0.1382311981,0.005665053716,3,3.527413143,0,0,-1,-3.75,0.901,0.9,3.881043674,0.0001646860908,839.361706,3.85218881,Total,1.770544845e-05,-104.9314172,11098.77913
ERF_Log_File_20250225_1822,1424569542,2d,0,3,0.2266941125,0.004661351878,3,3.526718571,0,0,-1,-3.125,0.901,0.9,3.281101187,0.0002700791696,839.361706,3.85218881,Total,2.779677182e-05,-107.7446716,11098.77913
ERF_Log_File_20250225_1822,1424569562,2d,0,3,0.3665702151,0.00374347642,3,3.526494571,0,0,-1,-2.5,0.901,0.9,2.692582404,0.0004367249691,839.361706,3.85218881,Total,4.419276906e-05,-111.8014095,11098.77913
ERF_Log_File_20250225_1822,1424569583,2d,0,3,0.6232743786,0.007319448603,3,3.525259429,0,0,-1,-1.875,0.901,0.9,2.125,0.000742557558,839.361706,3.85218881,Total,7.461385733e-05,-118.0724869,11098.77913
ERF_Log_File_20250225_1822,1424569705,2d,0,3,0.6835340973,0.004923946388,3,3.525072286,0,0,-1,1.875,0.901,0.9,2.125,0.0008143498714,839.361706,3.85218881,Total,8.177604689e-05,118.0724869,11098.77913
ERF_Log_File_20250225_1822,1424569725,2d,0,3,0.3741748982,0.006427773663,3,3.525237714,0,0,-1,2.5,0.901,0.9,2.692582404,0.0004457850478,839.361706,3.85218881,Total,4.509019128e-05,111.8014095,11098.77913
ERF_Log_File_20250225_1822,1424569746,2d,0,3,0.217708982,0.007759924928,3,3.524237714,0,0,-1,3.125,0.901,0.9,3.281101187,0.0002593744514,839.361706,3.85218881,Total,2.675564667e-05,107.7446716,11098.77913
ERF_Log_File_20250225_1822,1424569766,2d,0,3,0.1262025437,0.00776606524,3,3.524175714,0,0,-1,3.75,0.901,0.9,3.881043674,0.0001503553746,839.361706,3.85218881,Total,1.637803751e-05,104.9314172,11098.77913
ERF_Log_File_20250225_1822,1424569787,2d,0,3,0.08865111406,0.004419363279,3,3.524787714,0,0,-1,4.375,0.901,0.9,4.487830768,0.0001056172964,839.361706,3.85218881,Total,1.238877126e-05,102.8750016,11098.77913
ERF_Log_File_20250225_1822,1424569807,2d,0,3,0.04902886239,0.004060125831,3,3.524415429,0,0,-1,5,0.901,0.9,5.099019514,5.841207913e-05,839.361706,3.85218881,Total,8.711379902e-06,101.3099325,11098.77913
ERF_Log_File_20250225_1822,1424569827,2d,0,3,0.03029379088,0.003201154336,3,3.527174571,0,0,-1,5.625,0.901,0.9,5.713197441,3.609146172e-05,839.361706,3.85218881,Total,7.399320006e-06,100.080598,11098.77913
ERF_Log_File_20250225_1822,1424569848,2d,0,3,0.01578187071,0.008490753071,3,3.524541429,0,0,-1,6.25,0.901,0.9,6.329494451,1.880222865e-05,839.361706,3.85218881,Total,6.726012814e-06,99.09027692,11098.77913
ERF_Log_File_20250225_1822,1424569868,2d,0,3,0.008642939075,0.00695875827,3,3.524577143,0,0,-1,6.875,0.901,0.9,6.947346616,1.029703763e-05,839.361706,3.85218881,Total,6.539043298e-06,98.27589283,11098.77913
ERF_Log_File_20250225_1822,1424569888,2d,0,3,0.01038872429,0.005624288662,3,3.526103143,0,0,-1,7.5,0.901,0.9,7.566372975,1.237693383e-05,839.361706,3.85218881,Total,6.575079895e-06,97.59464337,11098.77913
ERF_Log_File_20250225_1822,1424569909,2d,0,3,0.001850519502,0.005071003622,3,3.525012857,0,0,-1,8.125,0.901,0.9,8.186307165,2.204674682e-06,839.361706,3.85218881,Total,6.46105815e-06,97.01650174,11098.77913
ERF_Log_File_20250225_1822,1424569944,2d,0,3,0.008370896651,0.005869633324,3,3.52733,0,0,0,-8.125,0.901,0.9,8.125,9.972931326e-06,839.361706,3.85218881,Total,6.534007394e-06,-90,11098.77913
ERF_Log_File_20250225_1822,1424569965,2d,0,3,0.01620679241,0.00322540128,3,3.527994286,0,0,0,-7.5,0.901,0.9,7.5,1.930847249e-05,839.361706,3.85218881,Total,6.740370006e-06,-90,11098.77913
ERF_Log_File_20250225_1822,1424569985,2d,0,3,0.02236543946,0.001566936929,3,3.525996571,0,0,0,-6.875,0.901,0.9,6.875,2.664577059e-05,839.361706,3.85218881,Total,6.986521995e-06,-90,11098.77913
ERF_Log_File_20250225_1822,1424570006,2d,0,3,0.03328382926,0.009847494174,3,3.526628571,0,0,0,-6.25,0.901,0.9,6.25,3.96537381e-05,839.361706,3.85218881,Total,7.579833322e-06,-90,11098.77913
ERF_Log_File_20250225_1822,1424570026,2d,0,3,0.0450148189,0.004552795683,3,3.525350857,0,0,0,-5.625,0.901,0.9,5.625,5.362982201e-05,839.361706,3.85218881,Total,8.397542633e-06,-90,11098.77913
ERF_Log_File_20250225_1822,1424570046,2d,0,3,0.06611511941,0.00341842522,3,3.526818286,0,0,0,-5,0.901,0.9,5,7.876832949e-05,839.361706,3.85218881,Total,1.019174886e-05,-90,11098.77913
ERF_Log_File_20250225_1822,1424570067,2d,0,3,0.09205538169,0.005407431693,3,3.52714,0,0,0,-4.375,0.901,0.9,4.375,0.0001096730778,839.361706,3.85218881,Total,1.273702288e-05,-90,11098.77913
ERF_Log_File_20250225_1822,1424570087,2d,0,3,0.1409731906,0.002797645947,3,3.528622571,0,0,0,-3.75,0.901,0.9,3.75,0.0001679528499,839.361706,3.85218881,Total,1.801033886e-05,-90,11098.77913
ERF_Log_File_20250225_1822,1424570107,2d,0,3,0.2488700455,0.00476827072,3,3.528076571,0,0,0,-3.125,0.901,0.9,3.125,0.0002964991656,839.361706,3.85218881,Total,3.037541419e-05,-90,11098.77913
ERF_Log_File_20250225_1822,1424570128,2d,0,3,0.4206597062,0.004923604826,3,3.528709429,0,0,0,-2.5,0.901,0.9,2.5,0.0005011661876,839.361706,3.85218881,Total,5.058322193e-05,-90,11098.77913
ERF_Log_File_20250225_1822,1424570148,2d,0,3,0.8325349294,0.003959286627,3,3.526813714,0,0,0,-1.875,0.901,0.9,1.875,0.0009918667048,839.361706,3.85218881,Total,9.950082297e-05,-90,11098.77913
ERF_Log_File_20250225_1822,1424570270,2d,0,3,0.8797457674,0.002954038861,3,3.529258286,0,0,0,1.875,0.901,0.9,1.875,0.001048112823,839.361706,3.85218881,Total,0.000105120121,90,11098.77913
ERF_Log_File_20250225_1822,1424570290,2d,0,3,0.4345122519,0.005422760385,3,3.530243143,0,0,0,2.5,0.901,0.9,2.5,0.0005176698541,839.361706,3.85218881,Total,5.222223477e-05,90,11098.77913
ERF_Log_File_20250225_1822,1424570311,2d,0,3,0.2374733857,0.008442729446,3,3.528536,0,0,0,3.125,0.901,0.9,3.125,0.0002829213961,839.361706,3.85218881,Total,2.904871241e-05,90,11098.77913
ERF_Log_File_20250225_1822,1424570331,2d,0,3,0.127742152,0.009445775329,3,3.529831714,0,0,0,3.75,0.901,0.9,3.75,0.0001521896354,839.361706,3.85218881,Total,1.65469413e-05,90,11098.77913
ERF_Log_File_20250225_1822,1424570351,2d,0,3,0.08102865996,0.005911626688,3,3.529375429,0,0,0,4.375,0.901,0.9,4.375,9.653604565e-05,839.361706,3.85218881,Total,1.162260445e-05,90,11098.77913
ERF_Log_File_20250225_1822,1424570372,2d,0,3,0.04944555524,0.004138420364,3,3.531817143,0,0,0,5,0.901,0.9,5,5.890851928e-05,839.361706,3.85218881,Total,8.744815213e-06,90,11098.77913
ERF_Log_File_20250225_1822,1424570392,2d,0,3,0.02747897299,0.006308750507,3,3.531059714,0,0,0,5.625,0.901,0.9,5.625,3.273793979e-05,839.361706,3.85218881,Total,7.241330384e-06,90,11098.77913
ERF_Log_File_20250225_1822,1424570412,2d,0,3,0.0295624722,0.005367108299,3,3.531452571,0,0,0,6.25,0.901,0.9,6.25,3.522018218e-05,839.361706,3.85218881,Total,7.357126076e-06,90,11098.77913
ERF_Log_File_20250225_1822,1424570433,2d,0,3,0.01610220834,0.008049143381,3,3.531485429,0,0,0,6.875,0.901,0.9,6.875,1.918387297e-05,839.361706,3.85218881,Total,6.736803806e-06,90,11098.77913
ERF_Log_File_20250225_1822,1424570453,2d,0,3,0.0195784259,0.007104254367,3,3.529879143,0,0,0,7.5,0.901,0.9,7.5,2.332537422e-05,839.361706,3.85218881,Total,6.86649508e-06,90,11098.77913
ERF_Log_File_20250225_1822,1424570473,2d,0,3,0.01343414466,0.005350111444,3,3.531167429,0,0,0,8.125,0.901,0.9,8.125,1.600519128e-05,839.361706,3.85218881,Total,6.653091101e-06,90,11098.77913
ERF_Log_File_20250225_1822,1424570509,2d,0,3,0.01680268036,0.003720120464,3,3.532786,0,0,1,-8.125,0.901,0.9,8.186307165,2.001840236e-05,839.361706,3.85218881,Total,6.761092302e-06,-82.98349826,11098.77913
ERF_Log_File_20250225_1822,1424570530,2d,0,3,0.009445300533,0.001678198433,3,3.532969429,0,0,1,-7.5,0.901,0.9,7.566372975,1.125295622e-05,839.361706,3.85218881,Total,6.554809039e-06,-82.40535663,11098.77913
ERF_Log_File_20250225_1822,1424570550,2d,0,3,0.02316080681,0.005114897181,3,3.532154571,0,0,1,-6.875,0.901,0.9,6.947346616,2.759335653e-05,839.361706,3.85218881,Total,7.023285163e-06,-81.72410717,11098.77913
ERF_Log_File_20250225_1822,1424570571,2d,0,3,0.03000456084,0.006416066184,3,3.532661143,0,0,1,-6.25,0.901,0.9,6.329494451,3.574687841e-05,839.361706,3.85218881,Total,7.382538331e-06,-80.90972308,11098.77913
ERF_Log_File_20250225_1822,1424570591,2d,0,3,0.03355059775,0.005827020781,3,3.532583714,0,0,1,-5.625,0.901,0.9,5.713197441,3.997156115e-05,839.361706,3.85218881,Total,7.596543541e-06,-79.91940201,11098.77913
ERF_Log_File_20250225_1822,1424570611,2d,0,3,0.0511789871,0.006268099783,3,3.530809429,0,0,1,-5,0.901,0.9,5.099019514,6.097369791e-05,839.361706,3.85218881,Total,8.885538236e-06,-78.69006753,11098.77913
ERF_Log_File_20250225_1822,1424570632,2d,0,3,0.07779092899,0.004540290304,3,3.53328,0,0,1,-4.375,0.901,0.9,4.487830768,9.26786729e-05,839.361706,3.85218881,Total,1.13035766e-05,-77.12499844,11098.77913
ERF_Log_File_20250225_1822,1424570652,2d,0,3,0.1197726808,0.004573517275,3,3.534036571,0,0,1,-3.75,0.901,0.9,3.881043674,0.0001426949549,839.361706,3.85218881,Total,1.567622225e-05,-75.06858282,11098.77913
ERF_Log_File_20250225_1822,1424570672,2d,0,3,0.2219814472,0.004351043146,3,3.532997429,0,0,1,-3.125,0.901,0.9,3.281101187,0.0002644645874,839.361706,3.85218881,Total,2.72504112e-05,-72.25532837,11098.77913
ERF_Log_File_20250225_1822,1424570693,2d,0,3,0.3711800741,0.004635980328,3,3.532409143,0,0,1,-2.5,0.901,0.9,2.692582404,0.0004422170697,839.361706,3.85218881,Total,4.473672869e-05,-68.19859051,11098.77913
ERF_Log_File_20250225_1822,1424570713,2d,0,3,0.6756780445,0.007757632019,3,3.533344,0,0,1,-1.875,0.901,0.9,2.125,0.0008049903155,839.361706,3.85218881,Total,8.084206554e-05,-61.92751306,11098.77913
ERF_Log_File_20250225_1822,1424570835,2d,0,3,0.6996877748,0.007059247154,3,3.530143714,0,0,1,1.875,0.901,0.9,2.125,0.0008335950637,839.361706,3.85218881,Total,8.369671454e-05,61.92751306,11098.77913
ERF_Log_File_20250225_1822,1424570855,2d,0,3,0.3736032815,0.004795823383,3,3.533905429,0,0,1,2.5,0.901,0.9,2.692582404,0.0004451040343,839.361706,3.85218881,Total,4.502272199e-05,68.19859051,11098.77913
ERF_Log_File_20250225_1822,1424570876,2d,0,3,0.2084354151,0.005509047487,3,3.532233143,0,0,1,3.125,0.901,0.9,3.281101187,0.0002483260954,839.361706,3.85218881,Total,2.568372867e-05,72.25532837,11098.77913
ERF_Log_File_20250225_1822,1424570896,2d,0,3,0.1199351476,0.001329485759,3,3.532001143,0,0,1,3.75,0.901,0.9,3.881043674,0.0001428885148,839.361706,3.85218881,Total,1.569388045e-05,75.06858282,11098.77913
ERF_Log_File_20250225_1822,1424570916,2d,0,3,0.07736681171,0.005812511774,3,3.530962571,0,0,1,4.375,0.901,0.9,4.487830768,9.217338743e-05,839.361706,3.85218881,Total,1.126209777e-05,77.12499844,11098.77913
ERF_Log_File_20250225_1822,1424570937,2d,0,3,0.04688605737,0.006444614308,3,3.53059,0,0,1,5,0.901,0.9,5.099019514,5.58591809e-05,839.361706,3.85218881,Total,8.541941601e-06,78.69006753,11098.77913
ERF_Log_File_20250225_1822,1424570957,2d,0,3,0.03941768203,0.003416204078,3,3.531805714,0,0,1,5.625,0.901,0.9,5.713197441,4.696149676e-05,839.361706,3.85218881,Total,7.987292252e-06,79.91940201,11098.77913
ERF_Log_File_20250225_1822,1424570977,2d,0,3,0.03241241027,0.002968104633,3,3.530736571,0,0,1,6.25,0.901,0.9,6.329494451,3.861554565e-05,839.361706,3.85218881,Total,7.52592691e-06,80.90972308,11098.77913
ERF_Log_File_20250225_1822,1424570998,2d,0,3,0.02576593034,0.003433261992,3,3.529087143,0,0,1,6.875,0.901,0.9,6.947346616,3.069705248e-05,839.361706,3.85218881,Total,7.151188862e-06,81.72410717,11098.77913
ERF_Log_File_20250225_1822,1424571018,2d,0,3,0.01756105224,0.005152917758,3,3.529802,0,0,1,7.5,0.901,0.9,7.566372975,2.092191259e-05,839.361706,3.85218881,Total,6.788449614e-06,82.40535663,11098.77913
ERF_Log_File_20250225_1822,1424571039,2d,0,3,0.01544085975,0.005468945481,3,3.530450286,0,0,1,8.125,0.901,0.9,8.186307165,1.839595449e-05,839.361706,3.85218881,Total,6.714745226e-06,82.98349826,11098.77913
ERF_Log_File_20250225_1822,1424571075,2d,0,3,0.009683384464,0.007726513333,3,3.531065714,0,0,2,-8.125,0.901,0.9,8.367533986,1.153660501e-05,839.361706,3.85218881,Total,6.559748472e-06,-76.17134903,11098.77913
ERF_Log_File_20250225_1822,1424571095,2d,0,3,0.009425883113,0.004527312461,3,3.531228571,0,0,2,-7.5,0.901,0.9,7.762087348,1.122982267e-05,839.361706,3.85218881,Total,6.554411455e-06,-75.06858282,11098.77913
ERF_Log_File_20250225_1822,1424571115,2d,0,3,0.009011881244,0.004181731337,3,3.530934857,0,0,2,-6.875,0.901,0.9,7.160001746,1.073658851e-05,839.361706,3.85218881,Total,6.546123698e-06,-73.7798063,11098.77913
ERF_Log_File_20250225_1822,1424571136,2d,0,3,0.02019614666,0.005003079681,3,3.529890857,0,0,2,-6.25,0.901,0.9,6.562202374,2.40613153e-05,839.361706,3.85218881,Total,6.891895773e-06,-72.25532837,11098.77913
ERF_Log_File_20250225_1822,1424571156,2d,0,3,0.0280638477,0.00638933163,3,3.530893714,0,0,2,-5.625,0.901,0.9,5.969976968,3.343474869e-05,839.361706,3.85218881,Total,7.273165343e-06,-70.42687417,11098.77913
ERF_Log_File_20250225_1822,1424571176,2d,0,3,0.04191038691,0.005577986943,3,3.531164571,0,0,2,-5,0.901,0.9,5.385164807,4.993125921e-05,839.361706,3.85218881,Total,8.165805717e-06,-68.19859051,11098.77913
ERF_Log_File_20250225_1822,1424571197,2d,0,3,0.06806175315,0.004147645487,3,3.529637429,0,0,2,-4.375,0.901,0.9,4.810470351,8.108751288e-05,839.361706,3.85218881,Total,1.037241069e-05,-65.43282868,11098.77913
ERF_Log_File_20250225_1822,1424571217,2d,0,3,0.1052360945,0.003785293954,3,3.529708857,0,0,2,-3.75,0.901,0.9,4.25,0.000125376335,839.361706,3.85218881,Total,1.411452831e-05,-61.92751306,11098.77913
ERF_Log_File_20250225_1822,1424571237,2d,0,3,0.149375488,0.004907842274,3,3.529499714,0,0,2,-3.125,0.901,0.9,3.71020552,0.0001779631915,839.361706,3.85218881,Total,1.894921155e-05,-57.38075693,11098.77913
ERF_Log_File_20250225_1822,1424571258,2d,0,3,0.2539904742,0.002760524952,3,3.528458,0,0,2,-2.5,0.901,0.9,3.201562119,0.0003025995497,839.361706,3.85218881,Total,3.09724085e-05,-51.34019175,11098.77913
ERF_Log_File_20250225_1822,1424571278,2d,0,3,0.3832243884,0.004247303285,3,3.530173143,0,0,2,-1.875,0.901,0.9,2.741464025,0.0004565664428,839.361706,3.85218881,Total,4.615859986e-05,-43.15238973,11098.77913
ERF_Log_File_20250225_1822,1424571298,2d,0,3,0.5590703104,0.006758193089,3,3.530421143,0,0,2,-1.25,0.901,0.9,2.358495283,0.0006660660195,839.361706,3.85218881,Total,6.698865865e-05,-32.00538321,11098.77913
ERF_Log_File_20250225_1822,1424571380,2d,0,3,0.5648904068,0.003521945,3,3.529702286,0,0,2,1.25,0.901,0.9,2.358495283,0.0006729999747,839.361706,3.85218881,Total,6.767958474e-05,32.00538321,11098.77913
ERF_Log_File_20250225_1822,1424571400,2d,0,3,0.3630322312,0.00778269065,3,3.529756571,0,0,2,1.875,0.901,0.9,2.741464025,0.0004325098805,839.361706,3.85218881,Total,4.37753886e-05,43.15238973,11098.77913
ERF_Log_File_20250225_1822,1424571420,2d,0,3,0.2361417169,0.003388393861,3,3.529608857,0,0,2,2.5,0.901,0.9,3.201562119,0.0002813348706,839.361706,3.85218881,Total,2.889388806e-05,51.34019175,11098.77913
ERF_Log_File_20250225_1822,1424571441,2d,0,3,0.1433814933,0.008089374408,3,3.529652857,0,0,2,3.125,0.901,0.9,3.71020552,0.0001708220571,839.361706,3.85218881,Total,1.827875634e-05,57.38075693,11098.77913
ERF_Log_File_20250225_1822,1424571461,2d,0,3,0.1011988873,0.00328511149,3,3.52961,0,0,2,3.75,0.901,0.9,4.25,0.0001205664811,839.361706,3.85218881,Total,1.368815192e-05,61.92751306,11098.77913
ERF_Log_File_20250225_1822,1424571481,2d,0,3,0.07689637898,0.002759558926,3,3.528829429,0,0,2,4.375,0.901,0.9,4.810470351,9.161292258e-05,839.361706,3.85218881,Total,1.121617666e-05,65.43282868,11098.77913
ERF_Log_File_20250225_1822,1424571502,2d,0,3,0.04791528717,0.004362770867,3,3.529072857,0,0,2,5,0.901,0.9,5.385164807,5.708538623e-05,839.361706,3.85218881,Total,8.62279628e-06,68.19859051,11098.77913
ERF_Log_File_20250225_1822,1424571522,2d,0,3,0.03633673224,0.004070229503,3,3.53113,0,0,2,5.625,0.901,0.9,5.969976968,4.329091021e-05,839.361706,3.85218881,Total,7.776700272e-06,70.42687417,11098.77913
ERF_Log_File_20250225_1822,1424571542,2d,0,3,0.02052048452,0.006015146802,3,3.531306286,0,0,2,6.25,0.901,0.9,6.562202374,2.444772542e-05,839.361706,3.85218881,Total,6.905509829e-06,72.25532837,11098.77913
ERF_Log_File_20250225_1822,1424571563,2d,0,3,0.01531656658,0.004696220364,3,3.529361714,0,0,2,6.875,0.901,0.9,7.160001746,1.824787392e-05,839.361706,3.85218881,Total,6.710694954e-06,73.7798063,11098.77913
ERF_Log_File_20250225_1822,1424571583,2d,0,3,0.008508061373,0.003591397957,3,3.529868857,0,0,2,7.5,0.901,0.9,7.762087348,1.013634684e-05,839.361706,3.85218881,Total,6.53652687e-06,75.06858282,11098.77913
ERF_Log_File_20250225_1822,1424571604,2d,0,3,0.001473635669,0.002709649292,3,3.528965143,0,0,2,8.125,0.901,0.9,8.367533986,1.755662259e-06,839.361706,3.85218881,Total,6.459678983e-06,76.17134903,11098.77913
ERF_Log_File_20250225_1822,1424571639,2d,0,3,0.003838771941,0.00441282821,3,3.530180857,0,0,3,-8.125,0.901,0.9,8.661156101,4.573441836e-06,839.361706,3.85218881,Total,6.473497385e-06,-69.73430253,11098.77913
ERF_Log_File_20250225_1822,1424571660,2d,0,3,0.007187798947,0.006980896602,3,3.532006857,0,0,3,-7.5,0.901,0.9,8.077747211,8.56341062e-06,839.361706,3.85218881,Total,6.513941106e-06,-68.19859051,11098.77913
ERF_Log_File_20250225_1822,1424571680,2d,0,3,0.006697192099,0.00600504111,3,3.53077,0,0,3,-6.875,0.901,0.9,7.501041594,7.978910703e-06,839.361706,3.85218881,Total,6.50649946e-06,-66.4252938,11098.77913
ERF_Log_File_20250225_1822,1424571701,2d,0,3,0.01371017493,0.005454567892,3,3.531918,0,0,3,-6.25,0.901,0.9,6.932712312,1.633404864e-05,839.361706,3.85218881,Total,6.661095644e-06,-64.35899418,11098.77913
ERF_Log_File_20250225_1822,1424571721,2d,0,3,0.03396020746,0.004818508659,3,3.532120571,0,0,3,-5.625,0.901,0.9,6.375,4.045956257e-05,839.361706,3.85218881,Total,7.62238844e-06,-61.92751306,11098.77913
ERF_Log_File_20250225_1822,1424571741,2d,0,3,0.03885539934,0.006568718579,3,3.530574857,0,0,3,-5,0.901,0.9,5.830951895,4.629160357e-05,839.361706,3.85218881,Total,7.948007647e-06,-59.03624347,11098.77913
ERF_Log_File_20250225_1822,1424571762,2d,0,3,0.06021586798,0.005749476368,3,3.530757714,0,0,3,-4.375,0.901,0.9,5.304773793,7.174007053e-05,839.361706,3.85218881,Total,9.657709051e-06,-55.56101069,11098.77913
ERF_Log_File_20250225_1822,1424571782,2d,0,3,0.07989147574,0.01044316395,3,3.532213429,0,0,3,-3.75,0.901,0.9,4.802343178,9.518122542e-05,839.361706,3.85218881,Total,1.151008423e-05,-51.34019175,11098.77913
ERF_Log_File_20250225_1822,1424571802,2d,0,3,0.1063731462,0.003051662891,3,3.531545143,0,0,3,-3.125,0.901,0.9,4.331930863,0.0001267309974,839.361706,3.85218881,Total,1.423524871e-05,-46.16913933,11098.77913
ERF_Log_File_20250225_1822,1424571823,2d,0,3,0.135961648,0.006158871273,3,3.530363429,0,0,3,-2.5,0.901,0.9,3.905124838,0.0001619821908,839.361706,3.85218881,Total,1.745369637e-05,-39.80557109,11098.77913
ERF_Log_File_20250225_1822,1424571843,2d,0,3,0.1836961473,0.007750234122,3,3.531166,0,0,3,-1.875,0.901,0.9,3.537742925,0.0002188521897,839.361706,3.85218881,Total,2.284005702e-05,-32.00538321,11098.77913
ERF_Log_File_20250225_1822,1424571863,2d,0,3,0.2360348711,0.007573700081,3,3.532137143,0,0,3,-1.25,0.901,0.9,3.25,0.0002812075765,839.361706,3.85218881,Total,2.888146768e-05,-22.61986495,11098.77913
ERF_Log_File_20250225_1822,1424571884,2d,0,3,0.2892671999,0.006547509753,3,3.529205143,0,0,3,-0.625,0.901,0.9,3.064412668,0.0003446275876,839.361706,3.85218881,Total,3.509814668e-05,-11.76828893,11098.77913
ERF_Log_File_20250225_1822,1424571904,2d,0,3,0.3216496305,0.006212893589,3,3.532472857,0,0,3,0,0.901,0.9,3,0.000383207416,839.361706,3.85218881,Total,3.890075622e-05,0,11098.77913
ERF_Log_File_20250225_1822,1424571924,2d,0,3,0.2992062042,0.004803195248,3,3.532819143,0,0,3,0.625,0.901,0.9,3.064412668,0.0003564687334,839.361706,3.85218881,Total,3.626392969e-05,11.76828893,11098.77913
ERF_Log_File_20250225_1822,1424571945,2d,0,3,0.229967672,0.004734488771,3,3.532959429,0,0,3,1.25,0.901,0.9,3.25,0.0002739792278,839.361706,3.85218881,Total,2.817665364e-05,22.61986495,11098.77913
ERF_Log_File_20250225_1822,1424571965,2d,0,3,0.1618824255,0.003915819568,3,3.531840571,0,0,3,1.875,0.901,0.9,3.537742925,0.0001928637254,839.361706,3.85218881,Total,2.035790244e-05,32.00538321,11098.77913
ERF_Log_File_20250225_1822,1424571985,2d,0,3,0.1279769343,0.004090770906,3,3.53262,0,0,3,2.5,0.901,0.9,3.905124838,0.0001524693507,839.361706,3.85218881,Total,1.657272575e-05,39.80557109,11098.77913
ERF_Log_File_20250225_1822,1424572006,2d,0,3,0.0973247607,0.005509903143,3,3.531416,0,0,3,3.125,0.901,0.9,4.331930863,0.0001159509184,839.361706,3.85218881,Total,1.32825412e-05,46.16913933,11098.77913
ERF_Log_File_20250225_1822,1424572026,2d,0,3,0.07470201403,0.00822779502,3,3.532598571,0,0,3,3.75,0.901,0.9,4.802343178,8.899859679e-05,839.361706,3.85218881,Total,1.100322225e-05,51.34019175,11098.77913
ERF_Log_File_20250225_1822,1424572046,2d,0,3,0.04951323085,0.002590120032,3,3.533921714,0,0,3,4.375,0.901,0.9,5.304773793,5.898914675e-05,839.361706,3.85218881,Total,8.750260067e-06,55.56101069,11098.77913
ERF_Log_File_20250225_1822,1424572067,2d,0,3,0.04231198806,0.00323348129,3,3.533891429,0,0,3,5,0.901,0.9,5.830951895,5.040971938e-05,839.361706,3.85218881,Total,8.195211152e-06,59.03624347,11098.77913
ERF_Log_File_20250225_1822,1424572087,2d,0,3,0.02351169102,0.01104381624,3,3.532467143,0,0,3,5.625,0.901,0.9,6.375,2.801139349e-05,839.361706,3.85218881,Total,7.039848897e-06,61.92751306,11098.77913
ERF_Log_File_20250225_1822,1424572107,2d,0,3,0.01677591841,0.007315998971,3,3.534483143,0,0,3,6.25,0.901,0.9,6.932712312,1.998651867e-05,839.361706,3.85218881,Total,6.760146981e-06,64.35899418,11098.77913
ERF_Log_File_20250225_1822,1424572128,2d,0,3,0.008757637732,0.005340755304,3,3.533266857,0,0,3,6.875,0.901,0.9,7.501041594,1.043368749e-05,839.361706,3.85218881,Total,6.541213605e-06,66.4252938,11098.77913
ERF_Log_File_20250225_1822,1424572148,2d,0,3,0.004478158189,0.007148026798,3,3.534886571,0,0,3,7.5,0.901,0.9,8.077747211,5.335194777e-06,839.361706,3.85218881,Total,6.479336903e-06,68.19859051,11098.77913
ERF_Log_File_20250225_1822,1424572168,2d,0,3,0.01000684398,0.00658966344,3,3.533880286,0,0,3,8.125,0.901,0.9,8.661156101,1.19219687e-05,839.361706,3.85218881,Total,6.566649926e-06,69.73430253,11098.77913
ERF_Log_File_20250227_1422,1424726602,1d,0,3,0.003361285774,0.005399804306,23,2.220163745,0,0,0,-10,1.199,1.2,10,4.08610303e-06,822.6140529,1.355670797,Total,6.60141355e-06,-90,8340.28357
ERF_Log_File_20250227_1422,1424726703,1d,0,3,0.003431278411,0.006488197123,23,2.221322979,0,0,0,-9,1.199,1.2,9,4.171188662e-06,822.6140529,1.355670797,Total,6.601945814e-06,-90,8340.28357
ERF_Log_File_20250227_1422,1424726804,1d,0,3,0.009218471011,0.006665104655,23,2.220504936,0,0,0,-8,1.199,1.2,8,1.120631355e-05,822.6140529,1.355670797,Total,6.683398001e-06,-90,8340.28357
ERF_Log_File_20250227_1422,1424726905,1d,0,3,0.02041643268,0.006456602329,23,2.221112809,0,0,0,-7,1.199,1.2,7,2.481896901e-05,822.6140529,1.355670797,Total,7.040819435e-06,-90,8340.28357
ERF_Log_File_20250227_1422,1424726994,1d,0,3,0.02885522876,0.005281339776,17,2.2215608,0,0,0,-6,1.199,1.2,6,3.507748094e-05,822.6140529,1.355670797,Total,7.46453559e-06,-90,8340.28357
ERF_Log_File_20250227_1422,1424727055,1d,0,3,0.04749225492,0.005792735844,9,2.222458,0,0,0,-5,1.199,1.2,5,5.773333771e-05,822.6140529,1.355670797,Total,8.760826929e-06,-90,8340.28357
ERF_Log_File_20250227_1422,1424727092,1d,0,3,0.09631531835,0.005396449039,5,2.220927273,0,0,0,-4,1.199,1.2,4,0.0001170844553,822.6140529,1.355670797,Total,1.343639021e-05,-90,8340.28357
ERF_Log_File_20250227_1422,1424727117,1d,0,3,0.2073648007,0.005296628902,3,2.221438571,0,0,0,-3,1.199,1.2,3,0.0002520803042,822.6140529,1.355670797,Total,2.605818551e-05,-90,8340.28357
ERF_Log_File_20250227_1422,1424727137,1d,0,3,0.3069305508,0.005132542842,3,2.221862571,0,0,0,-2.5,1.199,1.2,2.5,0.0003731161043,822.6140529,1.355670797,Total,3.789387845e-05,-90,8340.28357
ERF_Log_File_20250227_1422,1424727157,1d,0,3,0.5206503735,0.003639404614,3,2.221389143,0,0,0,-2,1.199,1.2,2,0.0006329218078,822.6140529,1.355670797,Total,6.364275112e-05,-90,8340.28357
ERF_Log_File_20250227_1422,1424727318,1d,0,3,0.543445962,0.008794225711,3,2.221519429,0,0,0,2,1.199,1.2,2,0.0006606329664,822.6140529,1.355670797,Total,6.639997093e-05,90,8340.28357
ERF_Log_File_20250227_1422,1424727339,1d,0,3,0.311436524,0.004937135235,3,2.222351714,0,0,0,2.5,1.199,1.2,2.5,0.0003785937317,822.6140529,1.355670797,Total,3.843348892e-05,90,8340.28357
ERF_Log_File_20250227_1422,1424727359,1d,0,3,0.1943706938,0.008536558686,3,2.224222286,0,0,0,3,1.199,1.2,3,0.0002362841883,822.6140529,1.355670797,Total,2.453294641e-05,90,8340.28357
ERF_Log_File_20250227_1422,1424727384,1d,0,3,0.08300313647,0.006862350793,5,2.223223636,0,0,0,4,1.199,1.2,4,0.0001009016758,822.6140529,1.355670797,Total,1.20520034e-05,90,8340.28357
ERF_Log_File_20250227_1422,1424727421,1d,0,3,0.04507090345,0.004755201353,9,2.221330737,0,0,0,5,1.199,1.2,5,5.478985351e-05,822.6140529,1.355670797,Total,8.569660821e-06,90,8340.28357
ERF_Log_File_20250227_1422,1424727482,1d,0,3,0.02633278312,0.006802340811,17,2.221310571,0,0,0,6,1.199,1.2,6,3.201110293e-05,822.6140529,1.355670797,Total,7.325403966e-06,90,8340.28357
ERF_Log_File_20250227_1422,1424727571,1d,0,3,0.005458036107,0.007486792291,23,2.221601532,0,0,0,7,1.199,1.2,7,6.634990112e-06,822.6140529,1.355670797,Total,6.622084538e-06,90,8340.28357
ERF_Log_File_20250227_1422,1424727672,1d,0,3,0.01218132848,0.005504102259,23,2.220698,0,0,0,8,1.199,1.2,8,1.480807243e-05,822.6140529,1.355670797,Total,6.753150285e-06,90,8340.28357
ERF_Log_File_20250227_1422,1424727773,1d,0,3,0.008722950478,0.006380198948,23,2.219484085,0,0,0,9,1.199,1.2,9,1.060394051e-05,822.6140529,1.355670797,Total,6.673559325e-06,90,8340.28357
ERF_Log_File_20250227_1422,1424727874,1d,0,3,-0.0007016378146,0.005602593089,23,2.219492936,0,0,0,10,1.199,1.2,10,-8.529368203e-07,822.6140529,1.355670797,Total,6.589304221e-06,90,8340.28357
ERF_Log_File_20250227_1255,1424721422,2d,0,3,0.002367279038,0.007451016052,3,4.023246857,0,0,-3,-8.125,1.541,1.55,8.661156101,2.735914783e-06,865.2605164,0.4782124029,Total,6.269981517e-06,-110.2656975,6489.292667
ERF_Log_File_20250227_1255,1424721442,2d,0,3,0.009305480562,0.003126684642,3,4.023453429,0,0,-3,-7.5,1.541,1.55,8.077747211,1.0754542e-05,865.2605164,0.4782124029,Total,6.355662885e-06,-111.8014095,6489.292667
ERF_Log_File_20250227_1255,1424721463,2d,0,3,-0.0005884769872,0.006139178306,3,4.022458857,0,0,-3,-6.875,1.541,1.55,7.501041594,-6.801153826e-07,865.2605164,0.4782124029,Total,6.264378609e-06,-113.5747062,6489.292667
ERF_Log_File_20250227_1255,1424721483,2d,0,3,0.02193627338,0.007499607741,3,4.019045143,0,0,-3,-6.25,1.541,1.55,6.932712312,2.535221816e-05,865.2605164,0.4782124029,Total,6.757614936e-06,-115.6410058,6489.292667
ERF_Log_File_20250227_1255,1424721503,2d,0,3,0.02470863324,0.002683939476,3,4.02951,0,0,-3,-5.625,1.541,1.55,6.375,2.855629348e-05,865.2605164,0.4782124029,Total,6.884234286e-06,-118.0724869,6489.292667
ERF_Log_File_20250227_1255,1424721524,2d,0,3,0.02622999685,0.005933698291,3,4.032183143,0,0,-3,-5,1.541,1.55,5.830951895,3.031456579e-05,865.2605164,0.4782124029,Total,6.959010227e-06,-120.9637565,6489.292667
ERF_Log_File_20250227_1255,1424721544,2d,0,3,0.04256883074,0.003595502735,3,4.029520286,0,0,-3,-4.375,1.541,1.55,5.304773793,4.919770396e-05,865.2605164,0.4782124029,Total,7.965092198e-06,-124.4389893,6489.292667
ERF_Log_File_20250227_1255,1424721565,2d,0,3,0.04455992609,0.003553144851,3,4.030466571,0,0,-3,-3.75,1.541,1.55,4.802343178,5.149885525e-05,865.2605164,0.4782124029,Total,8.109250561e-06,-128.6598083,6489.292667
ERF_Log_File_20250227_1255,1424721585,2d,0,3,0.06021114736,0.004146524638,3,4.027455143,0,0,-3,-3.125,1.541,1.55,4.331930863,6.958730488e-05,865.2605164,0.4782124029,Total,9.362864026e-06,-133.8308607,6489.292667
ERF_Log_File_20250227_1255,1424721605,2d,0,3,0.08254361973,0.006968072382,3,4.029476857,0,0,-3,-2.5,1.541,1.55,3.905124838,9.539741866e-05,865.2605164,0.4782124029,Total,1.141259253e-05,-140.1944289,6489.292667
ERF_Log_File_20250227_1255,1424721626,2d,0,3,0.1371999793,0.007417511438,3,4.025688571,0,0,-3,-1.875,1.541,1.55,3.537742925,0.000158564937,865.2605164,0.4782124029,Total,1.704916086e-05,-147.9946168,6489.292667
ERF_Log_File_20250227_1255,1424721646,2d,0,3,0.1668836523,0.003386664907,3,4.026450857,0,0,-3,-1.25,1.541,1.55,3.25,0.0001928709899,865.2605164,0.4782124029,Total,2.027908686e-05,-157.3801351,6489.292667
ERF_Log_File_20250227_1255,1424721666,2d,0,3,0.198276581,0.003512072392,3,4.021746286,0,0,-3,-0.625,1.541,1.55,3.064412668,0.0002291524659,865.2605164,0.4782124029,Total,2.375631242e-05,-168.2317111,6489.292667
ERF_Log_File_20250227_1255,1424721687,2d,0,3,0.264771618,0.002653403602,3,4.022968857,0,0,-3,0,1.541,1.55,3,0.0003060021958,865.2605164,0.4782124029,Total,3.123523418e-05,180,6489.292667
ERF_Log_File_20250227_1255,1424721707,2d,0,3,0.2028229774,0.00492584862,3,4.024705143,0,0,-3,0.625,1.541,1.55,3.064412668,0.000234406833,865.2605164,0.4782124029,Total,2.426355767e-05,168.2317111,6489.292667
ERF_Log_File_20250227_1255,1424721727,2d,0,3,0.173827451,0.006518160366,3,4.025787714,0,0,-3,1.25,1.541,1.55,3.25,0.0002008960858,865.2605164,0.4782124029,Total,2.104382367e-05,157.3801351,6489.292667
ERF_Log_File_20250227_1255,1424721748,2d,0,3,0.1190802325,0.006658518201,3,4.024042286,0,0,-3,1.875,1.541,1.55,3.537742925,0.0001376235599,865.2605164,0.4782124029,Total,1.512104631e-05,147.9946168,6489.292667
ERF_Log_File_20250227_1255,1424721768,2d,0,3,0.09020688458,0.006062402909,3,4.026119714,0,0,-3,2.5,1.541,1.55,3.905124838,0.000104254017,865.2605164,0.4782124029,Total,1.216265325e-05,140.1944289,6489.292667
ERF_Log_File_20250227_1255,1424721788,2d,0,3,0.06870958355,0.006664073015,3,4.027491429,0,0,-3,3.125,1.541,1.55,4.331930863,7.940912852e-05,865.2605164,0.4782124029,Total,1.01142393e-05,133.8308607,6489.292667
ERF_Log_File_20250227_1255,1424721809,2d,0,3,0.05353928767,0.003886784676,3,4.033930571,0,0,-3,3.75,1.541,1.55,4.802343178,6.18764946e-05,865.2605164,0.4782124029,Total,8.804884382e-06,128.6598083,6489.292667
ERF_Log_File_20250227_1255,1424721829,2d,0,3,0.03820318127,0.004028595302,3,4.033168857,0,0,-3,4.375,1.541,1.55,5.304773793,4.415222993e-05,865.2605164,0.4782124029,Total,7.663719931e-06,124.4389893,6489.292667
ERF_Log_File_20250227_1255,1424721849,2d,0,3,0.02646204861,0.005043403816,3,4.034947143,0,0,-3,5,1.541,1.55,5.830951895,3.058275295e-05,865.2605164,0.4782124029,Total,6.970735048e-06,120.9637565,6489.292667
ERF_Log_File_20250227_1255,1424721870,2d,0,3,0.02070995064,0.007198653268,3,4.033962571,0,0,-3,5.625,1.541,1.55,6.375,2.393493087e-05,865.2605164,0.4782124029,Total,6.705728729e-06,118.0724869,6489.292667
ERF_Log_File_20250227_1255,1424721890,2d,0,3,0.004357295265,0.003777220185,3,4.034238286,0,0,-3,6.25,1.541,1.55,6.932712312,5.035818903e-06,865.2605164,0.4782124029,Total,6.28421961e-06,115.6410058,6489.292667
ERF_Log_File_20250227_1255,1424721910,2d,0,3,-0.0003503008876,0.00262832609,3,4.033967429,0,0,-3,6.875,1.541,1.55,7.501041594,-4.048501936e-07,865.2605164,0.4782124029,Total,6.264140223e-06,113.5747062,6489.292667
ERF_Log_File_20250227_1255,1424721931,2d,0,3,0.0097317697,0.008237596663,3,4.033551429,0,0,-3,7.5,1.541,1.55,8.077747211,1.124721343e-05,865.2605164,0.4782124029,Total,6.364184974e-06,111.8014095,6489.292667
ERF_Log_File_20250227_1255,1424721951,2d,0,3,0.008738254481,0.004204277636,3,4.033251714,0,0,-3,8.125,1.541,1.55,8.661156101,1.009898674e-05,865.2605164,0.4782124029,Total,6.344898748e-06,110.2656975,6489.292667
ERF_Log_File_20250227_1255,1424721987,2d,0,3,0.006986674895,0.002970106367,3,4.029071429,0,0,-2,-8.125,1.541,1.55,8.367533986,8.074648921e-06,865.2605164,0.4782124029,Total,6.315839858e-06,-103.828651,6489.292667
ERF_Log_File_20250227_1255,1424722007,2d,0,3,0.01413516381,0.003912961841,3,4.028539714,0,0,-2,-7.5,1.541,1.55,7.762087348,1.633630975e-05,865.2605164,0.4782124029,Total,6.473534222e-06,-104.9314172,6489.292667
ERF_Log_File_20250227_1255,1424722028,2d,0,3,0.01378290661,0.002737012733,3,4.026680286,0,0,-2,-6.875,1.541,1.55,7.160001746,1.592919861e-05,865.2605164,0.4782124029,Total,6.463380294e-06,-106.2201937,6489.292667
ERF_Log_File_20250227_1255,1424722048,2d,0,3,0.02964946354,0.005398369764,3,4.029902,0,0,-2,-6.25,1.541,1.55,6.562202374,3.426651624e-05,865.2605164,0.4782124029,Total,7.14003597e-06,-107.7446716,6489.292667
ERF_Log_File_20250227_1255,1424722068,2d,0,3,0.02887390222,0.005708666574,3,4.031944857,0,0,-2,-5.625,1.541,1.55,5.969976968,3.337018351e-05,865.2605164,0.4782124029,Total,7.097453435e-06,-109.5731258,6489.292667
ERF_Log_File_20250227_1255,1424722089,2d,0,3,0.04520302714,0.002909093672,3,4.028274571,0,0,-2,-5,1.541,1.55,5.385164807,5.224210083e-05,865.2605164,0.4782124029,Total,8.156654847e-06,-111.8014095,6489.292667
ERF_Log_File_20250227_1255,1424722109,2d,0,3,0.05383962191,0.005687727016,3,4.029824286,0,0,-2,-4.375,1.541,1.55,4.810470351,6.222359727e-05,865.2605164,0.4782124029,Total,8.829312366e-06,-114.5671713,6489.292667
ERF_Log_File_20250227_1255,1424722129,2d,0,3,0.07479585034,0.00383985701,3,4.029103429,0,0,-2,-3.75,1.541,1.55,4.25,8.644315662e-05,865.2605164,0.4782124029,Total,1.067540582e-05,-118.0724869,6489.292667
ERF_Log_File_20250227_1255,1424722150,2d,0,3,0.105460574,0.006789721871,3,4.034600571,0,0,-2,-3.125,1.541,1.55,3.71020552,0.0001218830306,865.2605164,0.4782124029,Total,1.370390758e-05,-122.6192431,6489.292667
ERF_Log_File_20250227_1255,1424722170,2d,0,3,0.1621973914,0.003646873205,3,4.036503429,0,0,-2,-2.5,1.541,1.55,3.201562119,0.0001874549784,865.2605164,0.4782124029,Total,1.976467142e-05,-128.6598083,6489.292667
ERF_Log_File_20250227_1255,1424722191,2d,0,3,0.2109796601,0.004977190126,3,4.037001143,0,0,-2,-1.875,1.541,1.55,2.741464025,0.0002438336849,865.2605164,0.4782124029,Total,2.517547682e-05,-136.8476103,6489.292667
ERF_Log_File_20250227_1255,1424722211,2d,0,3,0.3093808918,0.00174618814,3,4.036943429,0,0,-2,-1.25,1.541,1.55,2.358495283,0.0003575580833,865.2605164,0.4782124029,Total,3.63008911e-05,-147.9946168,6489.292667
ERF_Log_File_20250227_1255,1424722292,2d,0,3,0.3576575961,0.007493037755,3,4.034725714,0,0,-2,1.25,1.541,1.55,2.358495283,0.0004133524982,865.2605164,0.4782124029,Total,4.180780886e-05,147.9946168,6489.292667
ERF_Log_File_20250227_1255,1424722313,2d,0,3,0.2517478531,0.0036451821,3,4.032926,0,0,-2,1.875,1.541,1.55,2.741464025,0.0002909503535,865.2605164,0.4782124029,Total,2.976213623e-05,136.8476103,6489.292667
ERF_Log_File_20250227_1255,1424722333,2d,0,3,0.1673922547,0.007114932544,3,4.032887143,0,0,-2,2.5,1.541,1.55,3.201562119,0.0001934587925,865.2605164,0.4782124029,Total,2.033500159e-05,128.6598083,6489.292667
ERF_Log_File_20250227_1255,1424722353,2d,0,3,0.1040557565,0.005249818123,3,4.031754571,0,0,-2,3.125,1.541,1.55,3.71020552,0.0001202594531,865.2605164,0.4782124029,Total,1.355970471e-05,122.6192431,6489.292667
ERF_Log_File_20250227_1255,1424722374,2d,0,3,0.06814582432,0.005308561077,3,4.02997,0,0,-2,3.75,1.541,1.55,4.25,7.875757998e-05,865.2605164,0.4782124029,Total,1.006316413e-05,118.0724869,6489.292667
ERF_Log_File_20250227_1255,1424722394,2d,0,3,0.04289797403,0.003040163027,3,4.031322,0,0,-2,4.375,1.541,1.55,4.810470351,4.957810187e-05,865.2605164,0.4782124029,Total,7.988644835e-06,114.5671713,6489.292667
ERF_Log_File_20250227_1255,1424722414,2d,0,3,0.02613251976,0.002175577158,3,4.030326286,0,0,-2,5,1.541,1.55,5.385164807,3.020190944e-05,865.2605164,0.4782124029,Total,6.954109979e-06,111.8014095,6489.292667
ERF_Log_File_20250227_1255,1424722435,2d,0,3,0.02325939625,0.004927627996,3,4.03376,0,0,-2,5.625,1.541,1.55,5.969976968,2.688137943e-05,865.2605164,0.4782124029,Total,6.816459489e-06,109.5731258,6489.292667
ERF_Log_File_20250227_1255,1424722455,2d,0,3,0.01874905274,0.00381023245,3,4.030916571,0,0,-2,6.25,1.541,1.55,6.562202374,2.166867942e-05,865.2605164,0.4782124029,Total,6.628217991e-06,107.7446716,6489.292667
ERF_Log_File_20250227_1255,1424722475,2d,0,3,0.01117657476,0.005322963731,3,4.029834286,0,0,-2,6.875,1.541,1.55,7.160001746,1.291700539e-05,865.2605164,0.4782124029,Total,6.395807603e-06,106.2201937,6489.292667
ERF_Log_File_20250227_1255,1424722496,2d,0,3,0.01310272194,0.002467415955,3,4.031424571,0,0,-2,7.5,1.541,1.55,7.762087348,1.51430947e-05,865.2605164,0.4782124029,Total,6.444456289e-06,104.9314172,6489.292667
ERF_Log_File_20250227_1255,1424722516,2d,0,3,0.009386738683,0.007032482543,3,4.038624,0,0,-2,8.125,1.541,1.55,8.367533986,1.084845374e-05,865.2605164,0.4782124029,Total,6.35725877e-06,103.828651,6489.292667
ERF_Log_File_20250227_1255,1424722552,2d,0,3,0.01404916614,0.002632814073,3,4.037594,0,0,-1,-8.125,1.541,1.55,8.186307165,1.623692041e-05,865.2605164,0.4782124029,Total,6.471033149e-06,-97.01650174,6489.292667
ERF_Log_File_20250227_1255,1424722572,2d,0,3,0.02104589914,0.004504701534,3,4.036755714,0,0,-1,-7.5,1.541,1.55,7.566372975,2.43231937e-05,865.2605164,0.4782124029,Total,6.7196854e-06,-97.59464337,6489.292667
ERF_Log_File_20250227_1255,1424722593,2d,0,3,0.02016023271,0.002511865894,3,4.036247429,0,0,-1,-6.875,1.541,1.55,6.947346616,2.329961015e-05,865.2605164,0.4782124029,Total,6.683314881e-06,-98.27589283,6489.292667
ERF_Log_File_20250227_1255,1424722613,2d,0,3,0.0246157772,0.006479161293,3,4.033261714,0,0,-1,-6.25,1.541,1.55,6.329494451,2.844897778e-05,865.2605164,0.4782124029,Total,6.879789548e-06,-99.09027692,6489.292667
ERF_Log_File_20250227_1255,1424722633,2d,0,3,0.03451388215,0.007449034112,3,4.033794857,0,0,-1,-5.625,1.541,1.55,5.713197441,3.988842839e-05,865.2605164,0.4782124029,Total,7.426248504e-06,-100.080598,6489.292667
ERF_Log_File_20250227_1255,1424722654,2d,0,3,0.04056555423,0.006333016097,3,4.030727714,0,0,-1,-5,1.541,1.55,5.099019514,4.688247465e-05,865.2605164,0.4782124029,Total,7.824202791e-06,-101.3099325,6489.292667
ERF_Log_File_20250227_1255,1424722674,2d,0,3,0.05100601332,0.004192081652,3,4.029910286,0,0,-1,-4.375,1.541,1.55,4.487830768,5.89487355e-05,865.2605164,0.4782124029,Total,8.601651542e-06,-102.8750016,6489.292667
ERF_Log_File_20250227_1255,1424722694,2d,0,3,0.08524574285,0.001989298321,3,4.028152857,0,0,-1,-3.75,1.541,1.55,3.881043674,9.852031986e-05,865.2605164,0.4782124029,Total,1.167490097e-05,-104.9314172,6489.292667
ERF_Log_File_20250227_1255,1424722715,2d,0,3,0.1520178975,0.008012178264,3,4.029374,0,0,-1,-3.125,1.541,1.55,3.281101187,0.0001756903206,865.2605164,0.4782124029,Total,1.865256362e-05,-107.7446716,6489.292667
ERF_Log_File_20250227_1255,1424722735,2d,0,3,0.2292709071,0.004883988856,3,4.032411143,0,0,-1,-2.5,1.541,1.55,2.692582404,0.0002649732684,865.2605164,0.4782124029,Total,2.722806622e-05,-111.8014095,6489.292667
ERF_Log_File_20250227_1255,1424722755,2d,0,3,0.4230602217,0.004644038841,3,4.028919429,0,0,-1,-1.875,1.541,1.55,2.125,0.0004889397051,865.2605164,0.4782124029,Total,4.929433221e-05,-118.0724869,6489.292667
ERF_Log_File_20250227_1255,1424722878,2d,0,3,0.4366376516,0.002528306195,3,4.035242857,0,0,-1,1.875,1.541,1.55,2.125,0.0005046314299,865.2605164,0.4782124029,Total,5.08511986e-05,118.0724869,6489.292667
ERF_Log_File_20250227_1255,1424722898,2d,0,3,0.2376346859,0.003365561107,3,4.035167714,0,0,-1,2.5,1.541,1.55,2.692582404,0.0002746394656,865.2605164,0.4782124029,Total,2.816965058e-05,111.8014095,6489.292667
ERF_Log_File_20250227_1255,1424722918,2d,0,3,0.1392115533,0.005450084887,3,4.033250286,0,0,-1,3.125,1.541,1.55,3.281101187,0.0001608897559,865.2605164,0.4782124029,Total,1.726559747e-05,107.7446716,6489.292667
ERF_Log_File_20250227_1255,1424722939,2d,0,3,0.07385141913,0.007551154316,3,4.030258571,0,0,-1,3.75,1.541,1.55,3.881043674,8.535165737e-05,865.2605164,0.4782124029,Total,1.058721366e-05,104.9314172,6489.292667
ERF_Log_File_20250227_1255,1424722959,2d,0,3,0.05521915745,0.005250119191,3,4.026397429,0,0,-1,4.375,1.541,1.55,4.487830768,6.381795587e-05,865.2605164,0.4782124029,Total,8.942391883e-06,102.8750016,6489.292667
ERF_Log_File_20250227_1255,1424722979,2d,0,3,0.03008214247,0.006777577957,3,4.027122286,0,0,-1,5,1.541,1.55,5.099019514,3.476657249e-05,865.2605164,0.4782124029,Total,7.164169769e-06,101.3099325,6489.292667
ERF_Log_File_20250227_1255,1424723000,2d,0,3,0.02182961684,0.006840129311,3,4.027657143,0,0,-1,5.625,1.541,1.55,5.713197441,2.522895293e-05,865.2605164,0.4782124029,Total,6.75299998e-06,100.080598,6489.292667
ERF_Log_File_20250227_1255,1424723020,2d,0,3,0.02751888777,0.006903484014,3,4.028878571,0,0,-1,6.25,1.541,1.55,6.329494451,3.180416446e-05,865.2605164,0.4782124029,Total,7.025181235e-06,99.09027692,6489.292667
ERF_Log_File_20250227_1255,1424723041,2d,0,3,0.0197438271,0.005000804257,3,4.029174,0,0,-1,6.875,1.541,1.55,6.947346616,2.281836132e-05,865.2605164,0.4782124029,Total,6.666689495e-06,98.27589283,6489.292667
ERF_Log_File_20250227_1255,1424723061,2d,0,3,0.00542086528,0.005199147122,3,4.025518286,0,0,-1,7.5,1.541,1.55,7.566372975,6.265009413e-06,865.2605164,0.4782124029,Total,6.29526243e-06,97.59464337,6489.292667
ERF_Log_File_20250227_1255,1424723081,2d,0,3,0.00834367774,0.003672936102,3,4.026451143,0,0,-1,8.125,1.541,1.55,8.186307165,9.642965999e-06,865.2605164,0.4782124029,Total,6.33780009e-06,97.01650174,6489.292667
ERF_Log_File_20250227_1255,1424723117,2d,0,3,0.009539727825,0.006193792961,3,4.026801714,0,0,0,-8.125,1.541,1.55,8.125,1.102526655e-05,865.2605164,0.4782124029,Total,6.360299977e-06,-90,6489.292667
ERF_Log_File_20250227_1255,1424723138,2d,0,3,0.0165054116,0.00472211014,3,4.030039143,0,0,0,-7.5,1.541,1.55,7.5,1.907565558e-05,865.2605164,0.4782124029,Total,6.548032617e-06,-90,6489.292667
ERF_Log_File_20250227_1255,1424723158,2d,0,3,0.01898839218,0.007492189852,3,4.035459429,0,0,0,-6.875,1.541,1.55,6.875,2.19452891e-05,865.2605164,0.4782124029,Total,6.63731255e-06,-90,6489.292667
ERF_Log_File_20250227_1255,1424723178,2d,0,3,0.02475381769,0.008008415648,3,4.034166,0,0,0,-6.25,1.541,1.55,6.25,2.86085141e-05,865.2605164,0.4782124029,Total,6.88640214e-06,-90,6489.292667
ERF_Log_File_20250227_1255,1424723199,2d,0,3,0.03363345682,0.005024441222,3,4.034865143,0,0,0,-5.625,1.541,1.55,5.625,3.887090209e-05,865.2605164,0.4782124029,Total,7.37209234e-06,-90,6489.292667
ERF_Log_File_20250227_1255,1424723219,2d,0,3,0.0396836237,0.005452846229,3,4.032537714,0,0,0,-5,1.541,1.55,5,4.586320876e-05,865.2605164,0.4782124029,Total,7.763555585e-06,-90,6489.292667
ERF_Log_File_20250227_1255,1424723240,2d,0,3,0.0641673197,0.003018956845,3,4.031076,0,0,0,-4.375,1.541,1.55,4.375,7.415953748e-05,865.2605164,0.4782124029,Total,9.707515827e-06,-90,6489.292667
ERF_Log_File_20250227_1255,1424723260,2d,0,3,0.1022234905,0.004686833874,3,4.030065143,0,0,0,-3.75,1.541,1.55,3.75,0.0001181418643,865.2605164,0.4782124029,Total,1.33722503e-05,-90,6489.292667
ERF_Log_File_20250227_1255,1424723280,2d,0,3,0.1739723335,0.001866487863,3,4.025113429,0,0,0,-3.125,1.541,1.55,3.125,0.0002010635297,865.2605164,0.4782124029,Total,2.105980987e-05,-90,6489.292667
ERF_Log_File_20250227_1255,1424723301,2d,0,3,0.2681542952,0.002742558246,3,4.027206,0,0,0,-2.5,1.541,1.55,2.5,0.0003099116279,865.2605164,0.4782124029,Total,3.161833839e-05,-90,6489.292667
ERF_Log_File_20250227_1255,1424723321,2d,0,3,0.5585805157,0.003975950887,3,4.026179714,0,0,0,-1.875,1.541,1.55,1.875,0.0006455633941,865.2605164,0.4782124029,Total,6.486051241e-05,-90,6489.292667
ERF_Log_File_20250227_1255,1424723443,2d,0,3,0.607517233,0.005636547758,3,4.036221714,0,0,0,1.875,1.541,1.55,1.875,0.0007021206,865.2605164,0.4782124029,Total,7.049199788e-05,90,6489.292667
ERF_Log_File_20250227_1255,1424723464,2d,0,3,0.2828987415,0.005637984073,3,4.037107143,0,0,0,2.5,1.541,1.55,2.5,0.0003269520984,865.2605164,0.4782124029,Total,3.329034713e-05,90,6489.292667
ERF_Log_File_20250227_1255,1424723484,2d,0,3,0.165379646,0.004938035644,3,4.037373143,0,0,0,3.125,1.541,1.55,3.125,0.0001911327778,865.2605164,0.4782124029,Total,2.011383504e-05,90,6489.292667
ERF_Log_File_20250227_1255,1424723505,2d,0,3,0.09090208481,0.003076876114,3,4.035330857,0,0,0,3.75,1.541,1.55,3.75,0.0001050574747,865.2605164,0.4782124029,Total,1.223159494e-05,90,6489.292667
ERF_Log_File_20250227_1255,1424723525,2d,0,3,0.0548200171,0.002266861593,3,4.036814857,0,0,0,4.375,1.541,1.55,4.375,6.335666086e-05,865.2605164,0.4782124029,Total,8.909528861e-06,90,6489.292667
ERF_Log_File_20250227_1255,1424723545,2d,0,3,0.0355776559,0.01137815749,3,4.035968,0,0,0,5,1.541,1.55,5,4.111785437e-05,865.2605164,0.4782124029,Total,7.49300404e-06,90,6489.292667
ERF_Log_File_20250227_1255,1424723566,2d,0,3,0.03268007861,0.003303587938,3,4.031170286,0,0,0,5.625,1.541,1.55,5.625,3.776906259e-05,865.2605164,0.4782124029,Total,7.314592967e-06,90,6489.292667
ERF_Log_File_20250227_1255,1424723586,2d,0,3,0.01297312132,0.003080872816,3,4.032168286,0,0,0,6.25,1.541,1.55,6.25,1.49933125e-05,865.2605164,0.4782124029,Total,6.440953074e-06,90,6489.292667
ERF_Log_File_20250227_1255,1424723606,2d,0,3,0.009867644246,0.004081821187,3,4.029787714,0,0,0,6.875,1.541,1.55,6.875,1.140424653e-05,865.2605164,0.4782124029,Total,6.366979013e-06,90,6489.292667
ERF_Log_File_20250227_1255,1424723627,2d,0,3,0.008873761153,0.003602882784,3,4.029001143,0,0,0,7.5,1.541,1.55,7.5,1.025559468e-05,865.2605164,0.4782124029,Total,6.347410337e-06,90,6489.292667
ERF_Log_File_20250227_1255,1424723647,2d,0,3,0.001272524471,0.006469086605,3,4.031720286,0,0,0,8.125,1.541,1.55,8.125,1.470683623e-06,865.2605164,0.4782124029,Total,6.265735664e-06,90,6489.292667
ERF_Log_File_20250227_1255,1424723683,2d,0,3,0.002121454147,0.002756402828,3,4.033202571,0,0,1,-8.125,1.541,1.55,8.186307165,2.451809723e-06,865.2605164,0.4782124029,Total,6.268806042e-06,-82.98349826,6489.292667
ERF_Log_File_20250227_1255,1424723704,2d,0,3,0.01209208889,0.007499352861,3,4.031821143,0,0,1,-7.5,1.541,1.55,7.566372975,1.397508457e-05,865.2605164,0.4782124029,Total,6.41801396e-06,-82.40535663,6489.292667
ERF_Log_File_20250227_1255,1424723724,2d,0,3,0.02104344294,0.004089593271,3,4.030722571,0,0,1,-6.875,1.541,1.55,6.947346616,2.432035501e-05,865.2605164,0.4782124029,Total,6.71958265e-06,-81.72410717,6489.292667
ERF_Log_File_20250227_1255,1424723744,2d,0,3,0.029207909,0.007356937744,3,4.032114571,0,0,1,-6.25,1.541,1.55,6.329494451,3.375620225e-05,865.2605164,0.4782124029,Total,7.115685041e-06,-80.90972308,6489.292667
ERF_Log_File_20250227_1255,1424723765,2d,0,3,0.03766826911,0.009983466002,3,4.040056571,0,0,1,-5.625,1.541,1.55,5.713197441,4.353402056e-05,865.2605164,0.4782124029,Total,7.628269922e-06,-79.91940201,6489.292667
ERF_Log_File_20250227_1255,1424723785,2d,0,3,0.04604430862,0.005460089996,3,4.041314,0,0,1,-5,1.541,1.55,5.099019514,5.321438774e-05,865.2605164,0.4782124029,Total,8.219269386e-06,-78.69006753,6489.292667
ERF_Log_File_20250227_1255,1424723805,2d,0,3,0.05812356706,0.004033081298,3,4.040547143,0,0,1,-4.375,1.541,1.55,4.487830768,6.717464389e-05,865.2605164,0.4782124029,Total,9.184961611e-06,-77.12499844,6489.292667
ERF_Log_File_20250227_1255,1424723826,2d,0,3,0.08842973989,0.004879200069,3,4.038983429,0,0,1,-3.75,1.541,1.55,3.881043674,0.000102200133,865.2605164,0.4782124029,Total,1.198706286e-05,-75.06858282,6489.292667
ERF_Log_File_20250227_1255,1424723846,2d,0,3,0.1622830941,0.007161241666,3,4.04023,0,0,1,-3.125,1.541,1.55,3.281101187,0.0001875540268,865.2605164,0.4782124029,Total,1.977406605e-05,-72.25532837,6489.292667
ERF_Log_File_20250227_1255,1424723866,2d,0,3,0.2425485832,0.007622554637,3,4.039277714,0,0,1,-2.5,1.541,1.55,2.692582404,0.0002803185614,865.2605164,0.4782124029,Total,2.872362746e-05,-68.19859051,6489.292667
ERF_Log_File_20250227_1255,1424723887,2d,0,3,0.4355490258,0.004472746063,3,4.038429143,0,0,1,-1.875,1.541,1.55,2.125,0.0005033732819,865.2605164,0.4782124029,Total,5.072634247e-05,-61.92751306,6489.292667
ERF_Log_File_20250227_1255,1424724009,2d,0,3,0.4880660939,0.00455160086,3,4.035658,0,0,1,1.875,1.541,1.55,2.125,0.0005640683756,865.2605164,0.4782124029,Total,5.675443881e-05,61.92751306,6489.292667
ERF_Log_File_20250227_1255,1424724029,2d,0,3,0.2673986792,0.001860220307,3,4.038304,0,0,1,2.5,1.541,1.55,2.692582404,0.0003090383464,865.2605164,0.4782124029,Total,3.153274459e-05,68.19859051,6489.292667
ERF_Log_File_20250227_1255,1424724049,2d,0,3,0.1558326507,0.006461375472,3,4.035004286,0,0,1,3.125,1.541,1.55,3.281101187,0.0001800991121,865.2605164,0.4782124029,Total,1.906841952e-05,72.25532837,6489.292667
ERF_Log_File_20250227_1255,1424724070,2d,0,3,0.0744485931,0.005159776373,3,4.035498286,0,0,1,3.75,1.541,1.55,3.881043674,8.604182404e-05,865.2605164,0.4782124029,Total,1.064293333e-05,75.06858282,6489.292667
ERF_Log_File_20250227_1255,1424724090,2d,0,3,0.04788762862,0.005321065691,3,4.034923429,0,0,1,4.375,1.541,1.55,4.487830768,5.534475191e-05,865.2605164,0.4782124029,Total,8.358777716e-06,77.12499844,6489.292667
ERF_Log_File_20250227_1255,1424724111,2d,0,3,0.03238397792,0.00650215841,3,4.038482,0,0,1,5,1.541,1.55,5.099019514,3.742685272e-05,865.2605164,0.4782124029,Total,7.296981195e-06,78.69006753,6489.292667
ERF_Log_File_20250227_1255,1424724131,2d,0,3,0.01824644034,0.005596460457,3,4.042794286,0,0,1,5.625,1.541,1.55,5.713197441,2.108779957e-05,865.2605164,0.4782124029,Total,6.609455528e-06,79.91940201,6489.292667
ERF_Log_File_20250227_1255,1424724151,2d,0,3,0.01921100468,0.005113955235,3,4.040668286,0,0,1,6.25,1.541,1.55,6.329494451,2.220256711e-05,865.2605164,0.4782124029,Total,6.645863682e-06,80.90972308,6489.292667
ERF_Log_File_20250227_1255,1424724172,2d,0,3,0.01325504126,0.00678795746,3,4.041601429,0,0,1,6.875,1.541,1.55,6.947346616,1.531913338e-05,865.2605164,0.4782124029,Total,6.44861565e-06,81.72410717,6489.292667
ERF_Log_File_20250227_1255,1424724192,2d,0,3,0.0006368235681,0.005268581198,3,4.040102571,0,0,1,7.5,1.541,1.55,7.566372975,7.359905554e-07,865.2605164,0.4782124029,Total,6.264441765e-06,82.40535663,6489.292667
ERF_Log_File_20250227_1255,1424724212,2d,0,3,0.008420036676,0.004061695656,3,4.037558286,0,0,1,8.125,1.541,1.55,8.186307165,9.731215647e-06,865.2605164,0.4782124029,Total,6.33914885e-06,82.98349826,6489.292667
ERF_Log_File_20250227_1255,1424724248,2d,0,3,0.01763931437,0.005516585137,3,4.036798,0,0,2,-8.125,1.541,1.55,8.367533986,2.038613116e-05,865.2605164,0.4782124029,Total,6.587403436e-06,-76.17134903,6489.292667
ERF_Log_File_20250227_1255,1424724269,2d,0,3,0.01284079559,0.006353751246,3,4.033602,0,0,2,-7.5,1.541,1.55,7.762087348,1.484038084e-05,865.2605164,0.4782124029,Total,6.43741019e-06,-75.06858282,6489.292667
ERF_Log_File_20250227_1255,1424724289,2d,0,3,0.02007280764,0.002452522815,3,4.033982286,0,0,2,-6.875,1.541,1.55,7.160001746,2.319857114e-05,865.2605164,0.4782124029,Total,6.679799028e-06,-73.7798063,6489.292667
ERF_Log_File_20250227_1255,1424724309,2d,0,3,0.02238351627,0.003786675999,3,4.033064571,0,0,2,-6.25,1.541,1.55,6.562202374,2.586910629e-05,865.2605164,0.4782124029,Total,6.777176747e-06,-72.25532837,6489.292667
ERF_Log_File_20250227_1255,1424724330,2d,0,3,0.02927921136,0.007345649867,3,4.037168571,0,0,2,-5.625,1.541,1.55,5.969976968,3.383860791e-05,865.2605164,0.4782124029,Total,7.119598111e-06,-70.42687417,6489.292667
ERF_Log_File_20250227_1255,1424724350,2d,0,3,0.03334515694,0.004640867197,3,4.036610286,0,0,2,-5,1.541,1.55,5.385164807,3.853770779e-05,865.2605164,0.4782124029,Total,7.354577928e-06,-68.19859051,6489.292667
ERF_Log_File_20250227_1255,1424724370,2d,0,3,0.04580456327,0.007665973383,3,4.032288,0,0,2,-4.375,1.541,1.55,4.810470351,5.293730894e-05,865.2605164,0.4782124029,Total,8.201356986e-06,-65.43282868,6489.292667
ERF_Log_File_20250227_1255,1424724391,2d,0,3,0.0683046093,0.001435619847,3,4.033986,0,0,2,-3.75,1.541,1.55,4.25,7.894109115e-05,865.2605164,0.4782124029,Total,1.007753322e-05,-61.92751306,6489.292667
ERF_Log_File_20250227_1255,1424724411,2d,0,3,0.09848566197,0.002356573895,3,4.032848,0,0,2,-3.125,1.541,1.55,3.71020552,0.0001138219763,865.2605164,0.4782124029,Total,1.299215893e-05,-57.38075693,6489.292667
ERF_Log_File_20250227_1255,1424724431,2d,0,3,0.1729273186,0.006433481043,3,4.034935143,0,0,2,-2.5,1.541,1.55,3.201562119,0.0001998557836,865.2605164,0.4782124029,Total,2.094453047e-05,-51.34019175,6489.292667
ERF_Log_File_20250227_1255,1424724452,2d,0,3,0.2514747176,0.002550212875,3,4.041618571,0,0,2,-1.875,1.541,1.55,2.741464025,0.0002906346849,865.2605164,0.4782124029,Total,2.973127673e-05,-43.15238973,6489.292667
ERF_Log_File_20250227_1255,1424724472,2d,0,3,0.3424556306,0.005319392538,3,4.046082,0,0,2,-1.25,1.541,1.55,2.358495283,0.0003957832631,865.2605164,0.4782124029,Total,4.007155568e-05,-32.00538321,6489.292667
ERF_Log_File_20250227_1255,1424724554,2d,0,3,0.3768706129,0.004324872281,3,4.036234286,0,0,2,1.25,1.541,1.55,2.358495283,0.0004355573908,865.2605164,0.4782124029,Total,4.400452441e-05,32.00538321,6489.292667
ERF_Log_File_20250227_1255,1424724574,2d,0,3,0.2622174932,0.003291319759,3,4.035661143,0,0,2,1.875,1.541,1.55,2.741464025,0.0003030503394,865.2605164,0.4782124029,Total,3.094609747e-05,43.15238973,6489.292667
ERF_Log_File_20250227_1255,1424724594,2d,0,3,0.1718965863,0.003264466183,3,4.036630571,0,0,2,2.5,1.541,1.55,3.201562119,0.0001986645445,865.2605164,0.4782124029,Total,2.083088768e-05,51.34019175,6489.292667
ERF_Log_File_20250227_1255,1424724615,2d,0,3,0.1068519191,0.005681904362,3,4.039212,0,0,2,3.125,1.541,1.55,3.71020552,0.0001234910378,865.2605164,0.4782124029,Total,1.384712374e-05,57.38075693,6489.292667
ERF_Log_File_20250227_1255,1424724635,2d,0,3,0.07020324764,0.006167551486,3,4.039284857,0,0,2,3.75,1.541,1.55,4.25,8.11353879e-05,865.2605164,0.4782124029,Total,1.025033346e-05,61.92751306,6489.292667
ERF_Log_File_20250227_1255,1424724655,2d,0,3,0.05507281035,0.005719426714,3,4.037148857,0,0,2,4.375,1.541,1.55,4.810470351,6.36488194e-05,865.2605164,0.4782124029,Total,8.930328841e-06,65.43282868,6489.292667
ERF_Log_File_20250227_1255,1424724676,2d,0,3,0.04057830462,0.00443678946,3,4.036236571,0,0,2,5,1.541,1.55,5.385164807,4.689721055e-05,865.2605164,0.4782124029,Total,7.825085879e-06,68.19859051,6489.292667
ERF_Log_File_20250227_1255,1424724696,2d,0,3,0.02752501625,0.004796540094,3,4.033885429,0,0,2,5.625,1.541,1.55,5.969976968,3.181124728e-05,865.2605164,0.4782124029,Total,7.025501924e-06,70.42687417,6489.292667
ERF_Log_File_20250227_1255,1424724717,2d,0,3,0.01939938832,0.004843143043,3,4.035464571,0,0,2,6.25,1.541,1.55,6.562202374,2.242028609e-05,865.2605164,0.4782124029,Total,6.65316913e-06,72.25532837,6489.292667
ERF_Log_File_20250227_1255,1424724737,2d,0,3,0.01576750708,0.009769129055,3,4.036134857,0,0,2,6.875,1.541,1.55,7.160001746,1.822284362e-05,865.2605164,0.4782124029,Total,6.523697983e-06,73.7798063,6489.292667
ERF_Log_File_20250227_1255,1424724757,2d,0,3,0.009264110805,0.004099692715,3,4.043363429,0,0,2,7.5,1.541,1.55,7.762087348,1.070673009e-05,865.2605164,0.4782124029,Total,6.354855573e-06,75.06858282,6489.292667
ERF_Log_File_20250227_1255,1424724778,2d,0,3,0.004315710577,0.002630503851,3,4.041484857,0,0,2,8.125,1.541,1.55,8.367533986,4.987758594e-06,865.2605164,0.4782124029,Total,6.283836296e-06,76.17134903,6489.292667
ERF_Log_File_20250227_1255,1424724814,2d,0,3,0.005201343883,0.004455415976,3,4.041293429,0,0,3,-8.125,1.541,1.55,8.661156101,6.01130386e-06,865.2605164,0.4782124029,Total,6.292788128e-06,-69.73430253,6489.292667
ERF_Log_File_20250227_1255,1424724834,2d,0,3,0.001917782715,0.004400903045,3,4.035298,0,0,3,-7.5,1.541,1.55,8.077747211,2.216422313e-06,865.2605164,0.4782124029,Total,6.267929516e-06,-68.19859051,6489.292667
ERF_Log_File_20250227_1255,1424724855,2d,0,3,0.009112961014,0.005616488711,3,4.034998571,0,0,3,-6.875,1.541,1.55,7.501041594,1.053204306e-05,865.2605164,0.4782124029,Total,6.351935676e-06,-66.4252938,6489.292667
ERF_Log_File_20250227_1255,1424724875,2d,0,3,0.003293747193,0.004410762831,3,4.033545714,0,0,3,-6.25,1.541,1.55,6.932712312,3.806653754e-06,865.2605164,0.4782124029,Total,6.275565647e-06,-64.35899418,6489.292667
ERF_Log_File_20250227_1255,1424724895,2d,0,3,0.02233197487,0.004210872421,3,4.033146286,0,0,3,-5.625,1.541,1.55,6.375,2.58095388e-05,865.2605164,0.4782124029,Total,6.774905169e-06,-61.92751306,6489.292667
ERF_Log_File_20250227_1255,1424724916,2d,0,3,0.03245902722,0.008524191545,3,4.034809714,0,0,3,-5,1.541,1.55,5.830951895,3.75135888e-05,865.2605164,0.4782124029,Total,7.301433897e-06,-59.03624347,6489.292667
ERF_Log_File_20250227_1255,1424724936,2d,0,3,0.04030814459,0.006129569476,3,4.036175143,0,0,3,-4.375,1.541,1.55,5.304773793,4.658498085e-05,865.2605164,0.4782124029,Total,7.806412808e-06,-55.56101069,6489.292667
ERF_Log_File_20250227_1255,1424724957,2d,0,3,0.05139976652,0.006439713552,3,4.035740286,0,0,3,-3.75,1.541,1.55,4.802343178,5.940380446e-05,865.2605164,0.4782124029,Total,8.632902836e-06,-51.34019175,6489.292667
ERF_Log_File_20250227_1255,1424724977,2d,0,3,0.06723909179,0.007415800705,3,4.034215143,0,0,3,-3.125,1.541,1.55,4.331930863,7.770964988e-05,865.2605164,0.4782124029,Total,9.981360382e-06,-46.16913933,6489.292667
ERF_Log_File_20250227_1255,1424724997,2d,0,3,0.09641981179,0.00409166147,3,4.031094,0,0,3,-2.5,1.541,1.55,3.905124838,0.0001114344292,865.2605164,0.4782124029,Total,1.278350214e-05,-39.80557109,6489.292667
ERF_Log_File_20250227_1255,1424725018,2d,0,3,0.1085789157,0.002853917054,3,4.034077714,0,0,3,-1.875,1.541,1.55,3.537742925,0.0001254869645,865.2605164,0.4782124029,Total,1.402542e-05,-32.00538321,6489.292667
ERF_Log_File_20250227_1255,1424725038,2d,0,3,0.1623751086,0.00827792171,3,4.039827143,0,0,3,-1.25,1.541,1.55,3.25,0.00018766037,865.2605164,0.4782124029,Total,1.978415314e-05,-22.61986495,6489.292667
ERF_Log_File_20250227_1255,1424725058,2d,0,3,0.1936992505,0.007222918016,3,4.039154,0,0,3,-0.625,1.541,1.55,3.064412668,0.0002238623476,865.2605164,0.4782124029,Total,2.324643259e-05,-11.76828893,6489.292667
ERF_Log_File_20250227_1255,1424725079,2d,0,3,0.2197394322,0.003579467412,3,4.036234286,0,0,3,0,1.541,1.55,3,0.00025395754,865.2605164,0.4782124029,Total,2.615725206e-05,0,6489.292667
ERF_Log_File_20250227_1255,1424725099,2d,0,3,0.1940425367,0.009182024053,3,4.039596571,0,0,3,0.625,1.541,1.55,3.064412668,0.0002242590908,865.2605164,0.4782124029,Total,2.328464244e-05,11.76828893,6489.292667
ERF_Log_File_20250227_1255,1424725119,2d,0,3,0.1644167559,0.005944307946,3,4.037096857,0,0,3,1.25,1.541,1.55,3.25,0.0001900199452,865.2605164,0.4782124029,Total,2.000811432e-05,22.61986495,6489.292667
ERF_Log_File_20250227_1255,1424725140,2d,0,3,0.1125124648,0.003882803823,3,4.035944857,0,0,3,1.875,1.541,1.55,3.537742925,0.0001300330509,865.2605164,0.4782124029,Total,1.443360391e-05,32.00538321,6489.292667
ERF_Log_File_20250227_1255,1424725160,2d,0,3,0.08511732365,0.005167084921,3,4.033770286,0,0,3,2.5,1.541,1.55,3.905124838,9.837190306e-05,865.2605164,0.4782124029,Total,1.166237895e-05,39.80557109,6489.292667
ERF_Log_File_20250227_1255,1424725180,2d,0,3,0.07221098008,0.009847732811,3,4.030365714,0,0,3,3.125,1.541,1.55,4.331930863,8.345576703e-05,865.2605164,0.4782124029,Total,1.043496965e-05,46.16913933,6489.292667
ERF_Log_File_20250227_1255,1424725201,2d,0,3,0.05579401548,0.003430587299,3,4.03241,0,0,3,3.75,1.541,1.55,4.802343178,6.448233153e-05,865.2605164,0.4782124029,Total,8.989927392e-06,51.34019175,6489.292667
ERF_Log_File_20250227_1255,1424725221,2d,0,3,0.04044317168,0.003791736822,3,4.029608,0,0,3,4.375,1.541,1.55,5.304773793,4.674103453e-05,865.2605164,0.4782124029,Total,7.81573567e-06,55.56101069,6489.292667
ERF_Log_File_20250227_1255,1424725241,2d,0,3,0.03446403434,0.004834706316,3,4.032508857,0,0,3,5,1.541,1.55,5.830951895,3.983081821e-05,865.2605164,0.4782124029,Total,7.423155599e-06,59.03624347,6489.292667
ERF_Log_File_20250227_1255,1424725262,2d,0,3,0.01797568803,0.003971000022,3,4.032460286,0,0,3,5.625,1.541,1.55,6.375,2.077488536e-05,865.2605164,0.4782124029,Total,6.599538172e-06,61.92751306,6489.292667
ERF_Log_File_20250227_1255,1424725282,2d,0,3,0.004807901752,0.004109362726,3,4.030208857,0,0,3,6.25,1.541,1.55,6.932712312,5.556594414e-06,865.2605164,0.4782124029,Total,6.288607198e-06,64.35899418,6489.292667
ERF_Log_File_20250227_1255,1424725303,2d,0,3,0.002843926169,0.001436115746,3,4.029397143,0,0,3,6.875,1.541,1.55,7.501041594,3.28678602e-06,865.2605164,0.4782124029,Total,6.272626768e-06,66.4252938,6489.292667
ERF_Log_File_20250227_1255,1424725323,2d,0,3,0.005215659609,0.003971544217,3,4.038556,0,0,3,7.5,1.541,1.55,8.077747211,6.02784885e-06,865.2605164,0.4782124029,Total,6.292946397e-06,68.19859051,6489.292667
ERF_Log_File_20250227_1255,1424725343,2d,0,3,0.001149712891,0.004884591825,3,4.038969143,0,0,3,8.125,1.541,1.55,8.661156101,1.328747666e-06,865.2605164,0.4782124029,Total,6.265418572e-06,69.73430253,6489.292667
ERF_Log_File_20250226_1643,1424648694,2d,0,3,0.01502021649,0.004036282527,3,2.817593143,0,0,-3,-8.125,2.175,2.2,8.661156101,1.781747353e-05,843.0048439,1.696253799,Total,6.671795806e-06,-110.2656975,4597.701149
ERF_Log_File_20250226_1643,1424648714,2d,0,3,0.01065731184,0.004844689711,3,2.818002857,0,0,-3,-7.5,2.175,2.2,8.077747211,1.26420529e-05,843.0048439,1.696253799,Total,6.552542439e-06,-111.8014095,4597.701149
ERF_Log_File_20250226_1643,1424648734,2d,0,3,0.01224902522,0.003736603594,3,2.820789143,0,0,-3,-6.875,2.175,2.2,7.501041594,1.453019554e-05,843.0048439,1.696253799,Total,6.591590927e-06,-113.5747062,4597.701149
ERF_Log_File_20250226_1643,1424648755,2d,0,3,0.0223976555,0.008492263998,3,2.821801143,0,0,-3,-6.25,2.175,2.2,6.932712312,2.65688337e-05,843.0048439,1.696253799,Total,6.956927309e-06,-115.6410058,4597.701149
ERF_Log_File_20250226_1643,1424648775,2d,0,3,0.02332621014,0.003264023355,3,2.82496,0,0,-3,-5.625,2.175,2.2,6.375,2.767031566e-05,843.0048439,1.696253799,Total,6.99975099e-06,-118.0724869,4597.701149
ERF_Log_File_20250226_1643,1424648795,2d,0,3,0.02422143368,0.00242440331,3,2.824077143,0,0,-3,-5,2.175,2.2,5.830951895,2.87322592e-05,843.0048439,1.696253799,Total,7.042422873e-06,-120.9637565,4597.701149
ERF_Log_File_20250226_1643,1424648816,2d,0,3,0.02757465647,0.009041169569,3,2.825566286,0,0,-3,-4.375,2.175,2.2,5.304773793,3.270996207e-05,843.0048439,1.696253799,Total,7.213923928e-06,-124.4389893,4597.701149
ERF_Log_File_20250226_1643,1424648836,2d,0,3,0.03683389172,0.004805997243,3,2.826176571,0,0,-3,-3.75,2.175,2.2,4.802343178,4.369357066e-05,843.0048439,1.696253799,Total,7.774056926e-06,-128.6598083,4597.701149
ERF_Log_File_20250226_1643,1424648856,2d,0,3,0.05009530976,0.005426660188,3,2.826799429,0,0,-3,-3.125,2.175,2.2,4.331930863,5.942469977e-05,843.0048439,1.696253799,Total,8.755809334e-06,-133.8308607,4597.701149
ERF_Log_File_20250226_1643,1424648877,2d,0,3,0.06735232769,0.007363346363,3,2.828586286,0,0,-3,-2.5,2.175,2.2,3.905124838,7.989554054e-05,843.0048439,1.696253799,Total,1.025649885e-05,-140.1944289,4597.701149
ERF_Log_File_20250226_1643,1424648897,2d,0,3,0.1336326145,0.004132327972,3,2.829835429,0,0,-3,-1.875,2.175,2.2,3.537742925,0.0001585193911,843.0048439,1.696253799,Total,1.710913974e-05,-147.9946168,4597.701149
ERF_Log_File_20250226_1643,1424648917,2d,0,3,0.1593334792,0.003928926344,3,2.830627143,0,0,-3,-1.25,2.175,2.2,3.25,0.0001890065998,843.0048439,1.696253799,Total,1.996788757e-05,-157.3801351,4597.701149
ERF_Log_File_20250226_1643,1424648938,2d,0,3,0.2085718374,0.005125854958,3,2.83193,0,0,-3,-0.625,2.175,2.2,3.064412668,0.0002474147556,843.0048439,1.696253799,Total,2.556805436e-05,-168.2317111,4597.701149
ERF_Log_File_20250226_1643,1424648958,2d,0,3,0.2804638227,0.004517200711,3,2.832635429,0,0,-3,0,2.175,2.2,3,0.000332695387,843.0048439,1.696253799,Total,3.389169953e-05,180,4597.701149
ERF_Log_File_20250226_1643,1424648978,2d,0,3,0.2131318639,0.01173471293,3,2.834836571,0,0,-3,0.625,2.175,2.2,3.064412668,0.0002528240086,843.0048439,1.696253799,Total,2.609205895e-05,168.2317111,4597.701149
ERF_Log_File_20250226_1643,1424648999,2d,0,3,0.1752063204,0.005266718674,3,2.836801143,0,0,-3,1.25,2.175,2.2,3.25,0.0002078354848,843.0048439,1.696253799,Total,2.175931355e-05,157.3801351,4597.701149
ERF_Log_File_20250226_1643,1424649019,2d,0,3,0.1102719414,0.005206852835,3,2.836015714,0,0,-3,1.875,2.175,2.2,3.537742925,0.0001308081943,843.0048439,1.696253799,Total,1.457786214e-05,147.9946168,4597.701149
ERF_Log_File_20250226_1643,1424649040,2d,0,3,0.0743553626,0.004147482152,3,2.836266,0,0,-3,2.5,2.175,2.2,3.905124838,8.820277029e-05,843.0048439,1.696253799,Total,1.091630594e-05,140.1944289,4597.701149
ERF_Log_File_20250226_1643,1424649060,2d,0,3,0.05112469781,0.004792845231,3,2.835076571,0,0,-3,3.125,2.175,2.2,4.331930863,6.064579366e-05,843.0048439,1.696253799,Total,8.839172143e-06,133.8308607,4597.701149
ERF_Log_File_20250226_1643,1424649080,2d,0,3,0.04199025829,0.004145163788,3,2.837345714,0,0,-3,3.75,2.175,2.2,4.802343178,4.981022184e-05,843.0048439,1.696253799,Total,8.133730848e-06,128.6598083,4597.701149
ERF_Log_File_20250226_1643,1424649101,2d,0,3,0.02861064136,0.006787506292,3,2.839602571,0,0,-3,4.375,2.175,2.2,5.304773793,3.393888133e-05,843.0048439,1.696253799,Total,7.270494517e-06,124.4389893,4597.701149
ERF_Log_File_20250226_1643,1424649121,2d,0,3,0.02319983881,0.007844472548,3,2.840469714,0,0,-3,5,2.175,2.2,5.830951895,2.752040985e-05,843.0048439,1.696253799,Total,6.993836309e-06,120.9637565,4597.701149
ERF_Log_File_20250226_1643,1424649141,2d,0,3,0.02321561926,0.002424688356,3,2.842083429,0,0,-3,5.625,2.175,2.2,6.375,2.753912913e-05,843.0048439,1.696253799,Total,6.994573414e-06,118.0724869,4597.701149
ERF_Log_File_20250226_1643,1424649162,2d,0,3,0.0163533696,0.008439154868,3,2.840686,0,0,-3,6.25,2.175,2.2,6.932712312,1.939890349e-05,843.0048439,1.696253799,Total,6.715776091e-06,115.6410058,4597.701149
ERF_Log_File_20250226_1643,1424649182,2d,0,3,0.006730907946,0.004745055775,3,2.840608857,0,0,-3,6.875,2.175,2.2,7.501041594,7.984423808e-06,843.0048439,1.696253799,Total,6.478789908e-06,113.5747062,4597.701149
ERF_Log_File_20250226_1643,1424649202,2d,0,3,0.01276522361,0.005405901259,3,2.839622571,0,0,-3,7.5,2.175,2.2,8.077747211,1.514252701e-05,843.0048439,1.696253799,Total,6.605364481e-06,111.8014095,4597.701149
ERF_Log_File_20250226_1643,1424649223,2d,0,3,0.007968849332,0.006561622971,3,2.841806857,0,0,-3,8.125,2.175,2.2,8.661156101,9.45291049e-06,843.0048439,1.696253799,Total,6.498529624e-06,110.2656975,4597.701149
ERF_Log_File_20250226_1643,1424649259,2d,0,3,0.0130266599,0.006935475971,3,2.843150571,0,0,-2,-8.125,2.175,2.2,8.367533986,1.54526513e-05,843.0048439,1.696253799,Total,6.612545759e-06,-103.828651,4597.701149
ERF_Log_File_20250226_1643,1424649279,2d,0,3,0.007825099769,0.004783846097,3,2.844872857,0,0,-2,-7.5,2.175,2.2,7.762087348,9.282390043e-06,843.0048439,1.696253799,Total,6.496070106e-06,-104.9314172,4597.701149
ERF_Log_File_20250226_1643,1424649299,2d,0,3,0.01580399947,0.002474958128,3,2.844832286,0,0,-2,-6.875,2.175,2.2,7.160001746,1.874722261e-05,843.0048439,1.696253799,Total,6.697235015e-06,-106.2201937,4597.701149
ERF_Log_File_20250226_1643,1424649320,2d,0,3,0.02055945763,0.008463874657,3,2.842964286,0,0,-2,-6.25,2.175,2.2,6.562202374,2.438830308e-05,843.0048439,1.696253799,Total,6.876572675e-06,-107.7446716,4597.701149
ERF_Log_File_20250226_1643,1424649340,2d,0,3,0.02419681973,0.004074990773,3,2.844614857,0,0,-2,-5.625,2.175,2.2,5.969976968,2.870306132e-05,843.0048439,1.696253799,Total,7.041231657e-06,-109.5731258,4597.701149
ERF_Log_File_20250226_1643,1424649360,2d,0,3,0.02630140734,0.01183949603,3,2.845294571,0,0,-2,-5,2.175,2.2,5.385164807,3.119959219e-05,843.0048439,1.696253799,Total,7.146680136e-06,-111.8014095,4597.701149
ERF_Log_File_20250226_1643,1424649381,2d,0,3,0.03357992989,0.003773801632,3,2.845850571,0,0,-2,-4.375,2.175,2.2,4.810470351,3.98336144e-05,843.0048439,1.696253799,Total,7.563765128e-06,-114.5671713,4597.701149
ERF_Log_File_20250226_1643,1424649401,2d,0,3,0.06260928307,0.007520889949,3,2.845876286,0,0,-2,-3.75,2.175,2.2,4.25,7.426918543e-05,843.0048439,1.696253799,Total,9.824377942e-06,-118.0724869,4597.701149
ERF_Log_File_20250226_1643,1424649421,2d,0,3,0.09393000922,0.003268258777,3,2.845286857,0,0,-2,-3.125,2.175,2.2,3.71020552,0.0001114228582,843.0048439,1.696253799,Total,1.286614741e-05,-122.6192431,4597.701149
ERF_Log_File_20250226_1643,1424649442,2d,0,3,0.1589902561,0.006768670295,3,2.845656286,0,0,-2,-2.5,2.175,2.2,3.201562119,0.0001885994573,843.0048439,1.696253799,Total,1.992933809e-05,-128.6598083,4597.701149
ERF_Log_File_20250226_1643,1424649462,2d,0,3,0.2133074428,0.003291162258,3,2.846776,0,0,-2,-1.875,2.175,2.2,2.741464025,0.000253032286,843.0048439,1.696253799,Total,2.611224906e-05,-136.8476103,4597.701149
ERF_Log_File_20250226_1643,1424649482,2d,0,3,0.2827712071,0.005771162426,3,2.845644857,0,0,-2,-1.25,2.175,2.2,2.358495283,0.000335432482,843.0048439,1.696253799,Total,3.416053272e-05,-147.9946168,4597.701149
ERF_Log_File_20250226_1643,1424649564,2d,0,3,0.3313282953,0.005878740939,3,2.840384857,0,0,-2,1.25,2.175,2.2,2.358495283,0.0003930324929,843.0048439,1.696253799,Total,3.983350078e-05,147.9946168,4597.701149
ERF_Log_File_20250226_1643,1424649584,2d,0,3,0.2319249582,0.008264688273,3,2.839823143,0,0,-2,1.875,2.175,2.2,2.741464025,0.0002751169936,843.0048439,1.696253799,Total,2.825839698e-05,136.8476103,4597.701149
ERF_Log_File_20250226_1643,1424649605,2d,0,3,0.1642347066,0.009971800181,3,2.839940857,0,0,-2,2.5,2.175,2.2,3.201562119,0.0001948205965,843.0048439,1.696253799,Total,2.051929018e-05,128.6598083,4597.701149
ERF_Log_File_20250226_1643,1424649625,2d,0,3,0.08385449273,0.004881161696,3,2.841741143,0,0,-2,3.125,2.175,2.2,3.71020552,9.947095007e-05,843.0048439,1.696253799,Total,1.184574648e-05,122.6192431,4597.701149
ERF_Log_File_20250226_1643,1424649645,2d,0,3,0.06137727685,0.00267974672,3,2.841361429,0,0,-2,3.75,2.175,2.2,4.25,7.280773923e-05,843.0048439,1.696253799,Total,9.714323526e-06,118.0724869,4597.701149
ERF_Log_File_20250226_1643,1424649666,2d,0,3,0.04209549919,0.005089646133,3,2.839358857,0,0,-2,4.375,2.175,2.2,4.810470351,4.993506205e-05,843.0048439,1.696253799,Total,8.141385027e-06,114.5671713,4597.701149
ERF_Log_File_20250226_1643,1424649686,2d,0,3,0.03705155407,0.005741749337,3,2.840668571,0,0,-2,5,2.175,2.2,5.385164807,4.395176888e-05,843.0048439,1.696253799,Total,7.788603945e-06,111.8014095,4597.701149
ERF_Log_File_20250226_1643,1424649706,2d,0,3,0.03340156861,0.004309471982,3,2.839806857,0,0,-2,5.625,2.175,2.2,5.969976968,3.96220364e-05,843.0048439,1.696253799,Total,7.55263955e-06,109.5731258,4597.701149
ERF_Log_File_20250226_1643,1424649727,2d,0,3,0.0223081717,0.005630534036,3,2.841235143,0,0,-2,6.25,2.175,2.2,6.562202374,2.646268507e-05,843.0048439,1.696253799,Total,6.952878725e-06,107.7446716,4597.701149
ERF_Log_File_20250226_1643,1424649747,2d,0,3,0.01557439025,0.00662220705,3,2.840424571,0,0,-2,6.875,2.175,2.2,7.160001746,1.847485262e-05,843.0048439,1.696253799,Total,6.689658738e-06,106.2201937,4597.701149
ERF_Log_File_20250226_1643,1424649767,2d,0,3,0.005843719056,0.004396598197,3,2.839444857,0,0,-2,7.5,2.175,2.2,7.762087348,6.932011244e-06,843.0048439,1.696253799,Total,6.46665854e-06,104.9314172,4597.701149
ERF_Log_File_20250226_1643,1424649788,2d,0,3,0.0006744328569,0.008337720872,3,2.839385429,0,0,-2,8.125,2.175,2.2,8.367533986,8.000343791e-07,843.0048439,1.696253799,Total,6.429879739e-06,103.828651,4597.701149
ERF_Log_File_20250226_1643,1424649824,2d,0,3,0.002420780304,0.002974796976,3,2.840795143,0,0,-1,-8.125,2.175,2.2,8.186307165,2.871609009e-06,843.0048439,1.696253799,Total,6.435794053e-06,-97.01650174,4597.701149
ERF_Log_File_20250226_1643,1424649844,2d,0,3,0.005129692383,0.006104859374,3,2.840785714,0,0,-1,-7.5,2.175,2.2,7.566372975,6.085009381e-06,843.0048439,1.696253799,Total,6.458124621e-06,-97.59464337,4597.701149
ERF_Log_File_20250226_1643,1424649864,2d,0,3,0.01314380214,0.004895496019,3,2.840794857,0,0,-1,-6.875,2.175,2.2,6.947346616,1.559160927e-05,843.0048439,1.696253799,Total,6.615808141e-06,-98.27589283,4597.701149
ERF_Log_File_20250226_1643,1424649885,2d,0,3,0.01504314503,0.005032583353,3,2.840652857,0,0,-1,-6.25,2.175,2.2,6.329494451,1.784467211e-05,843.0048439,1.696253799,Total,6.672522971e-06,-99.09027692,4597.701149
ERF_Log_File_20250226_1643,1424649905,2d,0,3,0.03081183216,0.007483664943,3,2.839779714,0,0,-1,-5.625,2.175,2.2,5.713197441,3.655000607e-05,843.0048439,1.696253799,Total,7.396038703e-06,-100.080598,4597.701149
ERF_Log_File_20250226_1643,1424649925,2d,0,3,0.0366552431,0.003959550042,3,2.841354286,0,0,-1,-5,2.175,2.2,5.099019514,4.348165181e-05,843.0048439,1.696253799,Total,7.76216114e-06,-101.3099325,4597.701149
ERF_Log_File_20250226_1643,1424649946,2d,0,3,0.05643028115,0.008703563195,3,2.840913714,0,0,-1,-4.375,2.175,2.2,4.487830768,6.693945065e-05,843.0048439,1.696253799,Total,9.282456188e-06,-102.8750016,4597.701149
ERF_Log_File_20250226_1643,1424649966,2d,0,3,0.08463062075,0.001884311291,3,2.840181143,0,0,-1,-3.75,2.175,2.2,3.881043674,0.0001003916186,843.0048439,1.696253799,Total,1.192319279e-05,-104.9314172,4597.701149
ERF_Log_File_20250226_1643,1424649987,2d,0,3,0.152874415,0.003931200606,3,2.841083714,0,0,-1,-3.125,2.175,2.2,3.281101187,0.000181344646,843.0048439,1.696253799,Total,1.92439316e-05,-107.7446716,4597.701149
ERF_Log_File_20250226_1643,1424650007,2d,0,3,0.2153375712,0.008028190694,3,2.840538,0,0,-1,-2.5,2.175,2.2,2.692582404,0.000255440491,843.0048439,1.696253799,Total,2.634576959e-05,-111.8014095,4597.701149
ERF_Log_File_20250226_1643,1424650027,2d,0,3,0.4018038088,0.005544687436,3,2.841502571,0,0,-1,-1.875,2.175,2.2,2.125,0.0004766328588,843.0048439,1.696253799,Total,4.810452747e-05,-118.0724869,4597.701149
ERF_Log_File_20250226_1643,1424650149,2d,0,3,0.4449415083,0.007698067947,3,2.840792286,0,0,-1,1.875,2.175,2.2,2.125,0.0005278042132,843.0048439,1.696253799,Total,5.318117821e-05,118.0724869,4597.701149
ERF_Log_File_20250226_1643,1424650170,2d,0,3,0.2400735683,0.006674959604,3,2.838513429,0,0,-1,2.5,2.175,2.2,2.692582404,0.0002847831421,843.0048439,1.696253799,Total,2.920067962e-05,111.8014095,4597.701149
ERF_Log_File_20250226_1643,1424650190,2d,0,3,0.1470735154,0.004917669717,3,2.839564857,0,0,-1,3.125,2.175,2.2,3.281101187,0.0001744634286,843.0048439,1.696253799,Total,1.859664119e-05,107.7446716,4597.701149
ERF_Log_File_20250226_1643,1424650210,2d,0,3,0.07735482658,0.006099506348,3,2.838254286,0,0,-1,3.75,2.175,2.2,3.881043674,9.176083285e-05,843.0048439,1.696253799,Total,1.120587103e-05,104.9314172,4597.701149
ERF_Log_File_20250226_1643,1424650231,2d,0,3,0.04830520689,0.004535030816,3,2.839341429,0,0,-1,4.375,2.175,2.2,4.487830768,5.730122103e-05,843.0048439,1.696253799,Total,8.613044957e-06,102.8750016,4597.701149
ERF_Log_File_20250226_1643,1424650251,2d,0,3,0.03549847075,0.00858342857,3,2.837556286,0,0,-1,5,2.175,2.2,5.099019514,4.21094505e-05,843.0048439,1.696253799,Total,7.686103552e-06,101.3099325,4597.701149
ERF_Log_File_20250226_1643,1424650271,2d,0,3,0.03075372556,0.003937879779,3,2.839160571,0,0,-1,5.625,2.175,2.2,5.713197441,3.648107811e-05,843.0048439,1.696253799,Total,7.392633447e-06,100.080598,4597.701149
ERF_Log_File_20250226_1643,1424650292,2d,0,3,0.01703548305,0.00421635811,3,2.838638,0,0,-1,6.25,2.175,2.2,6.329494451,2.020804883e-05,843.0048439,1.696253799,Total,6.739603554e-06,99.09027692,4597.701149
ERF_Log_File_20250226_1643,1424650312,2d,0,3,-0.002260491187,0.004585835623,3,2.840693714,0,0,-1,6.875,2.175,2.2,6.947346616,-2.6814688e-06,843.0048439,1.696253799,Total,6.434973363e-06,98.27589283,4597.701149
ERF_Log_File_20250226_1643,1424650332,2d,0,3,0.0001744477382,0.01002587489,3,2.836970286,0,0,-1,7.5,2.175,2.2,7.566372975,2.069356297e-07,843.0048439,1.696253799,Total,6.429415115e-06,97.59464337,4597.701149
ERF_Log_File_20250226_1643,1424650353,2d,0,3,0.005331404469,0.005932687091,3,2.839952857,0,0,-1,8.125,2.175,2.2,8.186307165,6.324286874e-06,843.0048439,1.696253799,Total,6.460424003e-06,97.01650174,4597.701149
ERF_Log_File_20250226_1643,1424650389,2d,0,3,0.007125348589,0.005424322185,3,2.838336286,0,0,0,-8.125,2.175,2.2,8.125,8.452322238e-06,843.0048439,1.696253799,Total,6.484724904e-06,-90,4597.701149
ERF_Log_File_20250226_1643,1424650409,2d,0,3,0.01038193696,0.005831599414,3,2.839212286,0,0,0,-7.5,2.175,2.2,7.5,1.231539419e-05,843.0048439,1.696253799,Total,6.546316043e-06,-90,4597.701149
ERF_Log_File_20250226_1643,1424650429,2d,0,3,0.02125649587,0.006116054253,3,2.836817714,0,0,0,-6.875,2.175,2.2,6.875,2.52151527e-05,843.0048439,1.696253799,Total,6.906342288e-06,-90,4597.701149
ERF_Log_File_20250226_1643,1424650450,2d,0,3,0.03235527138,0.009084915323,3,2.839501143,0,0,0,-6.25,2.175,2.2,6.25,3.83808843e-05,843.0048439,1.696253799,Total,7.488246611e-06,-90,4597.701149
ERF_Log_File_20250226_1643,1424650470,2d,0,3,0.04674572173,0.002430700763,3,2.839767143,0,0,0,-5.625,2.175,2.2,5.625,5.545130857e-05,843.0048439,1.696253799,Total,8.491046805e-06,-90,4597.701149
ERF_Log_File_20250226_1643,1424650491,2d,0,3,0.0487066344,0.003681648157,3,2.839436,0,0,0,-5,2.175,2.2,5,5.777740751e-05,843.0048439,1.696253799,Total,8.644810824e-06,-90,4597.701149
ERF_Log_File_20250226_1643,1424650511,2d,0,3,0.05350286781,0.004465371982,3,2.839483429,0,0,0,-4.375,2.175,2.2,4.375,6.346685692e-05,843.0048439,1.696253799,Total,9.035135757e-06,-90,4597.701149
ERF_Log_File_20250226_1643,1424650531,2d,0,3,0.08550247754,0.006677289367,3,2.838098571,0,0,0,-3.75,2.175,2.2,3.75,0.0001014258437,843.0048439,1.696253799,Total,1.201043789e-05,-90,4597.701149
ERF_Log_File_20250226_1643,1424650552,2d,0,3,0.149502067,0.003340144542,3,2.839557143,0,0,0,-3.125,2.175,2.2,3.125,0.0001773442562,843.0048439,1.696253799,Total,1.886727696e-05,-90,4597.701149
ERF_Log_File_20250226_1643,1424650572,2d,0,3,0.2187448762,0.00534696136,3,2.839725429,0,0,0,-2.5,2.175,2.2,2.5,0.0002594823479,843.0048439,1.696253799,Total,2.67379963e-05,-90,4597.701149
ERF_Log_File_20250226_1643,1424650592,2d,0,3,0.533998583,0.005071626837,3,2.838928,0,0,0,-1.875,2.175,2.2,1.875,0.0006334466366,843.0048439,1.696253799,Total,6.368287012e-05,-90,4597.701149
ERF_Log_File_20250226_1643,1424650714,2d,0,3,0.6210548389,0.004397320154,3,2.840644286,0,0,0,1.875,2.175,2.2,1.875,0.0007367156232,843.0048439,1.696253799,Total,7.3966435e-05,90,4597.701149
ERF_Log_File_20250226_1643,1424650735,2d,0,3,0.2633904463,0.006062924772,3,2.841218857,0,0,0,2.5,2.175,2.2,2.5,0.0003124423878,843.0048439,1.696253799,Total,3.190508811e-05,90,4597.701149
ERF_Log_File_20250226_1643,1424650755,2d,0,3,0.1446187685,0.005387340066,3,2.839810571,0,0,0,3.125,2.175,2.2,3.125,0.0001715515273,843.0048439,1.696253799,Total,1.832362874e-05,90,4597.701149
ERF_Log_File_20250226_1643,1424650775,2d,0,3,0.0726399309,0.003767073917,3,2.841384286,0,0,0,3.75,2.175,2.2,3.75,8.616786893e-05,843.0048439,1.696253799,Total,1.07524894e-05,90,4597.701149
ERF_Log_File_20250226_1643,1424650796,2d,0,3,0.04587576934,0.005392108034,3,2.841138,0,0,0,4.375,2.175,2.2,4.375,5.441934251e-05,843.0048439,1.696253799,Total,8.423988899e-06,90,4597.701149
ERF_Log_File_20250226_1643,1424650816,2d,0,3,0.02982964709,0.001362765002,3,2.840146571,0,0,0,5,2.175,2.2,5,3.538490592e-05,843.0048439,1.696253799,Total,7.339137238e-06,90,4597.701149
ERF_Log_File_20250226_1643,1424650836,2d,0,3,0.01746919304,0.005455440625,3,2.842199143,0,0,0,5.625,2.175,2.2,5.625,2.072252985e-05,843.0048439,1.696253799,Total,6.755214385e-06,90,4597.701149
ERF_Log_File_20250226_1643,1424650857,2d,0,3,0.01545808067,0.008000247347,3,2.841691714,0,0,0,6.25,2.175,2.2,6.25,1.833688238e-05,843.0048439,1.696253799,Total,6.685860022e-06,90,4597.701149
ERF_Log_File_20250226_1643,1424650877,2d,0,3,0.003337543712,0.002540684218,3,2.841924286,0,0,0,6.875,2.175,2.2,6.875,3.959103837e-06,843.0048439,1.696253799,Total,6.441564935e-06,90,4597.701149
ERF_Log_File_20250226_1643,1424650897,2d,0,3,0.008998326639,0.005297665299,3,2.841406571,0,0,0,7.5,2.175,2.2,7.5,1.067411024e-05,843.0048439,1.696253799,Total,6.517421109e-06,90,4597.701149
ERF_Log_File_20250226_1643,1424650918,2d,0,3,0.007763630776,0.005747650503,3,2.842824286,0,0,0,8.125,2.175,2.2,8.125,9.209473507e-06,843.0048439,1.696253799,Total,6.495031773e-06,90,4597.701149
ERF_Log_File_20250226_1643,1424650954,2d,0,3,0.0145565376,0.004155403729,3,2.842968857,0,0,1,-8.125,2.175,2.2,8.186307165,1.726744242e-05,843.0048439,1.696253799,Total,6.65731201e-06,-82.98349826,4597.701149
ERF_Log_File_20250226_1643,1424650974,2d,0,3,0.01725112845,0.005611086992,3,2.844451714,0,0,1,-7.5,2.175,2.2,7.566372975,2.046385448e-05,843.0048439,1.696253799,Total,6.747320892e-06,-82.40535663,4597.701149
ERF_Log_File_20250226_1643,1424650994,2d,0,3,0.02303963505,0.003696707329,3,2.843002857,0,0,1,-6.875,2.175,2.2,6.947346616,2.73303709e-05,843.0048439,1.696253799,Total,6.986377192e-06,-81.72410717,4597.701149
ERF_Log_File_20250226_1643,1424651015,2d,0,3,0.02967820383,0.00686470366,3,2.84463,0,0,1,-6.25,2.175,2.2,6.329494451,3.520525895e-05,843.0048439,1.696253799,Total,7.330489136e-06,-80.90972308,4597.701149
ERF_Log_File_20250226_1643,1424651035,2d,0,3,0.03372372231,0.008166403207,3,2.844032571,0,0,1,-5.625,2.175,2.2,5.713197441,4.000418569e-05,843.0048439,1.696253799,Total,7.572765572e-06,-79.91940201,4597.701149
ERF_Log_File_20250226_1643,1424651055,2d,0,3,0.03267375609,0.004198340598,3,2.844058286,0,0,1,-5,2.175,2.2,5.099019514,3.875868131e-05,843.0048439,1.696253799,Total,7.507688477e-06,-78.69006753,4597.701149
ERF_Log_File_20250226_1643,1424651076,2d,0,3,0.04580124751,0.006560293191,3,2.844922,0,0,1,-4.375,2.175,2.2,4.487830768,5.433094227e-05,843.0048439,1.696253799,Total,8.418278596e-06,-77.12499844,4597.701149
ERF_Log_File_20250226_1643,1424651096,2d,0,3,0.07341823656,0.003943058528,3,2.844613714,0,0,1,-3.75,2.175,2.2,3.881043674,8.709112064e-05,843.0048439,1.696253799,Total,1.082664734e-05,-75.06858282,4597.701149
ERF_Log_File_20250226_1643,1424651116,2d,0,3,0.1535400768,0.004729534536,3,2.844806286,0,0,1,-3.125,2.175,2.2,3.281101187,0.0001821342759,843.0048439,1.696253799,Total,1.93183903e-05,-72.25532837,4597.701149
ERF_Log_File_20250226_1643,1424651137,2d,0,3,0.235787911,0.003398577935,3,2.844506571,0,0,1,-2.5,2.175,2.2,2.692582404,0.0002796993549,843.0048439,1.696253799,Total,2.870489476e-05,-68.19859051,4597.701149
ERF_Log_File_20250226_1643,1424651157,2d,0,3,0.4342491055,0.004161426511,3,2.845192857,0,0,1,-1.875,2.175,2.2,2.125,0.0005151205342,843.0048439,1.696253799,Total,5.19220852e-05,-61.92751306,4597.701149
ERF_Log_File_20250226_1643,1424651279,2d,0,3,0.4772918041,0.006903115956,3,2.858689143,0,0,1,1.875,2.175,2.2,2.125,0.0005661791952,843.0048439,1.696253799,Total,5.699318929e-05,61.92751306,4597.701149
ERF_Log_File_20250226_1643,1424651300,2d,0,3,0.2664603585,0.005229208691,3,2.857342571,0,0,1,2.5,2.175,2.2,2.692582404,0.0003160840183,843.0048439,1.696253799,Total,3.226193615e-05,68.19859051,4597.701149
ERF_Log_File_20250226_1643,1424651320,2d,0,3,0.1610870616,0.006801914206,3,2.857890286,0,0,1,3.125,2.175,2.2,3.281101187,0.0001910867568,843.0048439,1.696253799,Total,2.016497641e-05,72.25532837,4597.701149
ERF_Log_File_20250226_1643,1424651341,2d,0,3,0.08119933962,0.004449713708,3,2.857915714,0,0,1,3.75,2.175,2.2,3.881043674,9.632132034e-05,843.0048439,1.696253799,Total,1.158242122e-05,75.06858282,4597.701149
ERF_Log_File_20250226_1643,1424651361,2d,0,3,0.04335364852,0.006521687833,3,2.860257429,0,0,1,4.375,2.175,2.2,4.487830768,5.142752006e-05,843.0048439,1.696253799,Total,8.233805719e-06,77.12499844,4597.701149
ERF_Log_File_20250226_1643,1424651381,2d,0,3,0.02458260118,0.003698129303,3,2.857736571,0,0,1,5,2.175,2.2,5.099019514,2.916068793e-05,843.0048439,1.696253799,Total,7.060017731e-06,78.69006753,4597.701149
ERF_Log_File_20250226_1643,1424651402,2d,0,3,0.02530868759,0.00445993778,3,2.857928286,0,0,1,5.625,2.175,2.2,5.713197441,3.002199545e-05,843.0048439,1.696253799,Total,7.096041266e-06,79.91940201,4597.701149
ERF_Log_File_20250226_1643,1424651422,2d,0,3,0.02573007808,0.006579629007,3,2.856864,0,0,1,6.25,2.175,2.2,6.329494451,3.052186267e-05,843.0048439,1.696253799,Total,7.117342417e-06,80.90972308,4597.701149
ERF_Log_File_20250226_1643,1424651442,2d,0,3,0.01599028807,0.005623781111,3,2.857932571,0,0,1,6.875,2.175,2.2,6.947346616,1.896820426e-05,843.0048439,1.696253799,Total,6.703456926e-06,81.72410717,4597.701149
ERF_Log_File_20250226_1643,1424651463,2d,0,3,0.009547220788,0.005051895655,3,2.856620571,0,0,1,7.5,2.175,2.2,7.566372975,1.132522649e-05,843.0048439,1.696253799,Total,6.528405408e-06,82.40535663,4597.701149
ERF_Log_File_20250226_1643,1424651483,2d,0,3,0.002066811739,0.004197758904,3,2.856344857,0,0,1,8.125,2.175,2.2,8.186307165,2.451719886e-06,843.0048439,1.696253799,Total,6.434056571e-06,82.98349826,4597.701149
ERF_Log_File_20250226_1643,1424651519,2d,0,3,0.01449130653,0.003187450985,3,2.858682857,0,0,2,-8.125,2.175,2.2,8.367533986,1.719006318e-05,843.0048439,1.696253799,Total,6.655308366e-06,-76.17134903,4597.701149
ERF_Log_File_20250226_1643,1424651539,2d,0,3,0.01013074959,0.004276464231,3,2.857588857,0,0,2,-7.5,2.175,2.2,7.762087348,1.201742749e-05,843.0048439,1.696253799,Total,6.540773706e-06,-75.06858282,4597.701149
ERF_Log_File_20250226_1643,1424651560,2d,0,3,0.008057699817,0.005878236885,3,2.85789,0,0,2,-6.875,2.175,2.2,7.160001746,9.55830785e-06,843.0048439,1.696253799,Total,6.500071746e-06,-73.7798063,4597.701149
ERF_Log_File_20250226_1643,1424651580,2d,0,3,0.01690828527,0.004630252424,3,2.858606,0,0,2,-6.25,2.175,2.2,6.562202374,2.005716265e-05,843.0048439,1.696253799,Total,6.735092934e-06,-72.25532837,4597.701149
ERF_Log_File_20250226_1643,1424651601,2d,0,3,0.02209746224,0.003989461061,3,2.857181429,0,0,2,-5.625,2.175,2.2,5.969976968,2.62127346e-05,843.0048439,1.696253799,Total,6.943400233e-06,-70.42687417,4597.701149
ERF_Log_File_20250226_1643,1424651621,2d,0,3,0.03768874444,0.006198858176,3,2.857725714,0,0,2,-5,2.175,2.2,5.385164807,4.4707625e-05,843.0048439,1.696253799,Total,7.831523491e-06,-68.19859051,4597.701149
ERF_Log_File_20250226_1643,1424651641,2d,0,3,0.04907803547,0.003001561869,3,2.856972857,0,0,2,-4.375,2.175,2.2,4.810470351,5.821797565e-05,843.0048439,1.696253799,Total,8.674329933e-06,-65.43282868,4597.701149
ERF_Log_File_20250226_1643,1424651662,2d,0,3,0.08124544519,0.003725628281,3,2.857084571,0,0,2,-3.75,2.175,2.2,4.25,9.637601229e-05,843.0048439,1.696253799,Total,1.158697173e-05,-61.92751306,4597.701149
ERF_Log_File_20250226_1643,1424651682,2d,0,3,0.1106885845,0.004345790371,3,2.855444857,0,0,2,-3.125,2.175,2.2,3.71020552,0.00013130243,843.0048439,1.696253799,Total,1.462224448e-05,-57.38075693,4597.701149
ERF_Log_File_20250226_1643,1424651702,2d,0,3,0.1823903311,0.004472380893,3,2.855404857,0,0,2,-2.5,2.175,2.2,3.201562119,0.0002163573939,843.0048439,1.696253799,Total,2.257502367e-05,-51.34019175,4597.701149
ERF_Log_File_20250226_1643,1424651723,2d,0,3,0.2484769984,0.005023662091,3,2.855327143,0,0,2,-1.875,2.175,2.2,2.741464025,0.0002947515666,843.0048439,1.696253799,Total,3.017405442e-05,-43.15238973,4597.701149
ERF_Log_File_20250226_1643,1424651743,2d,0,3,0.3388662579,0.002833955255,3,2.856363143,0,0,2,-1.25,2.175,2.2,2.358495283,0.0004019742714,843.0048439,1.696253799,Total,4.071638872e-05,-32.00538321,4597.701149
ERF_Log_File_20250226_1643,1424651824,2d,0,3,0.366584506,0.00678966897,3,2.853358,0,0,2,1.25,2.175,2.2,2.358495283,0.0004348545665,843.0048439,1.696253799,Total,4.3966891e-05,32.00538321,4597.701149
ERF_Log_File_20250226_1643,1424651845,2d,0,3,0.2692435651,0.00451626401,3,2.855404286,0,0,2,1.875,2.175,2.2,2.741464025,0.0003193855493,843.0048439,1.696253799,Total,3.258559871e-05,43.15238973,4597.701149
ERF_Log_File_20250226_1643,1424651865,2d,0,3,0.1821060721,0.002823419053,3,2.854357143,0,0,2,2.5,2.175,2.2,3.201562119,0.0002160201966,843.0048439,1.696253799,Total,2.254269589e-05,51.34019175,4597.701149
ERF_Log_File_20250226_1643,1424651885,2d,0,3,0.1230169013,0.008913617541,3,2.855006,0,0,2,3.125,2.175,2.2,3.71020552,0.0001459266838,843.0048439,1.696253799,Total,1.594895411e-05,57.38075693,4597.701149
ERF_Log_File_20250226_1643,1424651906,2d,0,3,0.08077785365,0.00406023487,3,2.854374857,0,0,2,3.75,2.175,2.2,4.25,9.582133986e-05,843.0048439,1.696253799,Total,1.154085857e-05,61.92751306,4597.701149
ERF_Log_File_20250226_1643,1424651926,2d,0,3,0.05777573787,0.005175406579,3,2.853195143,0,0,2,4.375,2.175,2.2,4.810470351,6.853547555e-05,843.0048439,1.696253799,Total,9.398248872e-06,65.43282868,4597.701149
ERF_Log_File_20250226_1643,1424651946,2d,0,3,0.03591805116,0.008395133243,3,2.854809143,0,0,2,5,2.175,2.2,5.385164807,4.260717055e-05,843.0048439,1.696253799,Total,7.713495325e-06,68.19859051,4597.701149
ERF_Log_File_20250226_1643,1424651967,2d,0,3,0.03584668119,0.00440608428,3,2.854084571,0,0,2,5.625,2.175,2.2,5.969976968,4.252250916e-05,843.0048439,1.696253799,Total,7.708820207e-06,70.42687417,4597.701149
ERF_Log_File_20250226_1643,1424651987,2d,0,3,0.01973053232,0.005401027067,3,2.853937143,0,0,2,6.25,2.175,2.2,6.562202374,2.340500468e-05,843.0048439,1.696253799,Total,6.842303022e-06,72.25532837,4597.701149
ERF_Log_File_20250226_1643,1424652007,2d,0,3,0.0008355167194,0.004293123396,3,2.853035429,0,0,2,6.875,2.175,2.2,7.160001746,9.91117341e-07,843.0048439,1.696253799,Total,6.430145988e-06,73.7798063,4597.701149
ERF_Log_File_20250226_1643,1424652028,2d,0,3,0.0005985569379,0.002863791012,3,2.852583143,0,0,2,7.5,2.175,2.2,7.762087348,7.10027875e-07,843.0048439,1.696253799,Total,6.429774005e-06,75.06858282,4597.701149
ERF_Log_File_20250226_1643,1424652048,2d,0,3,0.002121047182,0.008722991208,3,2.853473429,0,0,2,8.125,2.175,2.2,8.367533986,2.516055747e-06,843.0048439,1.696253799,Total,6.434305038e-06,76.17134903,4597.701149
ERF_Log_File_20250226_1643,1424652084,2d,0,3,0.005741608186,0.005174617469,3,2.853208286,0,0,3,-8.125,2.175,2.2,8.661156101,6.81088398e-06,843.0048439,1.696253799,Total,6.465370797e-06,-69.73430253,4597.701149
ERF_Log_File_20250226_1643,1424652104,2d,0,3,0.003918778128,0.00642311028,3,2.851992571,0,0,3,-7.5,2.175,2.2,8.077747211,4.648583168e-06,843.0048439,1.696253799,Total,6.446171815e-06,-68.19859051,4597.701149
ERF_Log_File_20250226_1643,1424652125,2d,0,3,-0.001365043717,0.005791430384,3,2.851566286,0,0,3,-6.875,2.175,2.2,7.501041594,-1.619259637e-06,843.0048439,1.696253799,Total,6.431421379e-06,-66.4252938,4597.701149
ERF_Log_File_20250226_1643,1424652145,2d,0,3,0.02006321985,0.003957244037,3,2.852620857,0,0,3,-6.25,2.175,2.2,6.932712312,2.379964955e-05,843.0048439,1.696253799,Total,6.855908169e-06,-64.35899418,4597.701149
ERF_Log_File_20250226_1643,1424652165,2d,0,3,0.03391700169,0.004131795403,3,2.853168,0,0,3,-5.625,2.175,2.2,6.375,4.023346003e-05,843.0048439,1.696253799,Total,7.5849072e-06,-61.92751306,4597.701149
ERF_Log_File_20250226_1643,1424652186,2d,0,3,0.03723055741,0.007847366594,3,2.853354571,0,0,3,-5,2.175,2.2,5.830951895,4.416410852e-05,843.0048439,1.696253799,Total,7.800611008e-06,-59.03624347,4597.701149
ERF_Log_File_20250226_1643,1424652206,2d,0,3,0.04264718117,0.007401388004,3,2.851722286,0,0,3,-4.375,2.175,2.2,5.304773793,5.058948531e-05,843.0048439,1.696253799,Total,8.181703522e-06,-55.56101069,4597.701149
ERF_Log_File_20250226_1643,1424652226,2d,0,3,0.05232376673,0.003785719428,3,2.853087143,0,0,3,-3.75,2.175,2.2,4.802343178,6.206816854e-05,843.0048439,1.696253799,Total,8.937400262e-06,-51.34019175,4597.701149
ERF_Log_File_20250226_1643,1424652247,2d,0,3,0.0652205668,0.007783880485,3,2.851581143,0,0,3,-3.125,2.175,2.2,4.331930863,7.736677585e-05,843.0048439,1.696253799,Total,1.006068411e-05,-46.16913933,4597.701149
ERF_Log_File_20250226_1643,1424652267,2d,0,3,0.07757276073,0.00652863119,3,2.853346286,0,0,3,-2.5,2.175,2.2,3.905124838,9.20193535e-05,843.0048439,1.696253799,Total,1.122705872e-05,-39.80557109,4597.701149
ERF_Log_File_20250226_1643,1424652287,2d,0,3,0.09325910322,0.00731291154,3,2.853742,0,0,3,-1.875,2.175,2.2,3.537742925,0.0001106270075,843.0048439,1.696253799,Total,1.279725941e-05,-32.00538321,4597.701149
ERF_Log_File_20250226_1643,1424652308,2d,0,3,0.1714136773,0.007096575015,3,2.853451429,0,0,3,-1.25,2.175,2.2,3.25,0.0002033365271,843.0048439,1.696253799,Total,2.132983313e-05,-22.61986495,4597.701149
ERF_Log_File_20250226_1643,1424652328,2d,0,3,0.1878982103,0.003105274399,3,2.854522857,0,0,3,-0.625,2.175,2.2,3.064412668,0.0002228910209,843.0048439,1.696253799,Total,2.320220175e-05,-11.76828893,4597.701149
ERF_Log_File_20250226_1643,1424652349,2d,0,3,0.2116005439,0.005994868693,3,2.854292286,0,0,3,0,2.175,2.2,3,0.0002510075066,843.0048439,1.696253799,Total,2.591601291e-05,0,4597.701149
ERF_Log_File_20250226_1643,1424652369,2d,0,3,0.207243004,0.008649536569,3,2.854072286,0,0,3,0.625,2.175,2.2,3.064412668,0.0002458384498,843.0048439,1.696253799,Total,2.541548892e-05,11.76828893,4597.701149
ERF_Log_File_20250226_1643,1424652390,2d,0,3,0.16555106,0.006491015298,3,2.852499714,0,0,3,1.25,2.175,2.2,3.25,0.0001963820982,843.0048439,1.696253799,Total,2.066766506e-05,22.61986495,4597.701149
ERF_Log_File_20250226_1643,1424652410,2d,0,3,0.09963172639,0.006382158373,3,2.854543429,0,0,3,1.875,2.175,2.2,3.537742925,0.0001181864222,843.0048439,1.696253799,Total,1.34563668e-05,32.00538321,4597.701149
ERF_Log_File_20250226_1643,1424652430,2d,0,3,0.07761921408,0.005644465582,3,2.852773429,0,0,3,2.5,2.175,2.2,3.905124838,9.207445798e-05,843.0048439,1.696253799,Total,1.123157748e-05,39.80557109,4597.701149
ERF_Log_File_20250226_1643,1424652451,2d,0,3,0.06957851339,0.007122044806,3,2.854153714,0,0,3,3.125,2.175,2.2,4.331930863,8.253631506e-05,843.0048439,1.696253799,Total,1.046360189e-05,46.16913933,4597.701149
ERF_Log_File_20250226_1643,1424652471,2d,0,3,0.04982499698,0.004626577351,3,2.853663429,0,0,3,3.75,2.175,2.2,4.802343178,5.910404589e-05,843.0048439,1.696253799,Total,8.734069853e-06,51.34019175,4597.701149
ERF_Log_File_20250226_1643,1424652491,2d,0,3,0.0440461226,0.003037321666,3,2.855526,0,0,3,4.375,2.175,2.2,5.304773793,5.224895553e-05,843.0048439,1.696253799,Total,8.285380907e-06,55.56101069,4597.701149
ERF_Log_File_20250226_1643,1424652512,2d,0,3,0.0262223662,0.006477434194,3,2.856184,0,0,3,5,2.175,2.2,5.830951895,3.1105831e-05,843.0048439,1.696253799,Total,7.142590217e-06,59.03624347,4597.701149
ERF_Log_File_20250226_1643,1424652532,2d,0,3,0.01619550108,0.008499209471,3,2.854741429,0,0,3,5.625,2.175,2.2,6.375,1.921163466e-05,843.0048439,1.696253799,Total,6.710388493e-06,61.92751306,4597.701149
ERF_Log_File_20250226_1643,1424652552,2d,0,3,0.01000301042,0.00373796728,3,2.857400286,0,0,3,6.25,2.175,2.2,6.932712312,1.18658991e-05,843.0048439,1.696253799,Total,6.538005506e-06,64.35899418,4597.701149
ERF_Log_File_20250226_1643,1424652573,2d,0,3,0.01064846429,0.005783761215,3,2.856759714,0,0,3,6.875,2.175,2.2,7.501041594,1.263155766e-05,843.0048439,1.696253799,Total,6.552339949e-06,66.4252938,4597.701149
ERF_Log_File_20250226_1643,1424652593,2d,0,3,0.003448653649,0.002838155088,3,2.857951714,0,0,3,7.5,2.175,2.2,8.077747211,4.090906089e-06,843.0048439,1.696253799,Total,6.442388781e-06,68.19859051,4597.701149
ERF_Log_File_20250226_1643,1424652613,2d,0,3,0.01129918919,0.005602102976,3,2.858884571,0,0,3,8.125,2.175,2.2,8.661156101,1.340346888e-05,843.0048439,1.696253799,Total,6.567663776e-06,69.73430253,4597.701149
ERF_Log_File_20250226_2009,1424661053,1d,0,3,0.002499792342,0.005394523985,23,2.845148936,0,0,0,-10,2.175,2.2,10,2.927896196e-06,853.7844837,0.3174159955,Total,6.354954729e-06,-90,4597.701149
ERF_Log_File_20250226_2009,1424661154,1d,0,3,0.01311777155,0.006134876842,23,2.844571319,0,0,0,-9,2.175,2.2,9,1.536426558e-05,853.7844837,0.3174159955,Total,6.531490018e-06,-90,4597.701149
ERF_Log_File_20250226_2009,1424661255,1d,0,3,0.004363700698,0.005652333526,23,2.843993404,0,0,0,-8,2.175,2.2,8,5.111009606e-06,853.7844837,0.3174159955,Total,6.368747951e-06,-90,4597.701149
ERF_Log_File_20250226_2009,1424661357,1d,0,3,0.01771067484,0.006555170581,23,2.842527702,0,0,0,-7,2.175,2.2,7,2.074373004e-05,853.7844837,0.3174159955,Total,6.678533185e-06,-90,4597.701149
ERF_Log_File_20250226_2009,1424661446,1d,0,3,0.03226543575,0.005762448838,17,2.842432286,0,0,0,-6,2.175,2.2,6,3.779107769e-05,853.7844837,0.3174159955,Total,7.38793446e-06,-90,4597.701149
ERF_Log_File_20250226_2009,1424661507,1d,0,3,0.04444330908,0.007254075803,9,2.843534421,0,0,0,-5,2.175,2.2,5,5.205448206e-05,853.7844837,0.3174159955,Total,8.20955469e-06,-90,4597.701149
ERF_Log_File_20250226_2009,1424661544,1d,0,3,0.06868270731,0.0068914714,5,2.843922909,0,0,0,-4,2.175,2.2,4,8.044501701e-05,853.7844837,0.3174159955,Total,1.024766436e-05,-90,4597.701149
ERF_Log_File_20250226_2009,1424661568,1d,0,3,0.1600112512,0.002987617407,3,2.840993143,0,0,0,-3,2.175,2.2,3,0.0001874141007,853.7844837,0.3174159955,Total,1.978749678e-05,-90,4597.701149
ERF_Log_File_20250226_2009,1424661589,1d,0,3,0.2260865765,0.004138370935,3,2.844122571,0,0,0,-2.5,2.175,2.2,2.5,0.0002648052064,853.7844837,0.3174159955,Total,2.72310005e-05,-90,4597.701149
ERF_Log_File_20250226_2009,1424661609,1d,0,3,0.44124038,0.007619685575,3,2.844052571,0,0,0,-2,2.175,2.2,2,0.0005168053395,853.7844837,0.3174159955,Total,5.206932138e-05,-90,4597.701149
ERF_Log_File_20250226_2009,1424661770,1d,0,3,0.4847280563,0.002870176644,3,2.845472571,0,0,0,2,2.175,2.2,2,0.0005677405313,853.7844837,0.3174159955,Total,5.71282538e-05,90,4597.701149
ERF_Log_File_20250226_2009,1424661790,1d,0,3,0.268792433,0.004275803048,3,2.845082,0,0,0,2.5,2.175,2.2,2.5,0.0003148246872,853.7844837,0.3174159955,Total,3.211633943e-05,90,4597.701149
ERF_Log_File_20250226_2009,1424661811,1d,0,3,0.1573691429,0.007661663024,3,2.844570571,0,0,0,3,2.175,2.2,3,0.0001843195161,853.7844837,0.3174159955,Total,1.949464692e-05,90,4597.701149
ERF_Log_File_20250226_2009,1424661835,1d,0,3,0.06571688876,0.004878629856,5,2.846688909,0,0,0,4,2.175,2.2,4,7.697128493e-05,853.7844837,0.3174159955,Total,9.977290643e-06,90,4597.701149
ERF_Log_File_20250226_2009,1424661872,1d,0,3,0.02292052805,0.006070384965,9,2.846375579,0,0,0,5,2.175,2.2,5,2.684580065e-05,853.7844837,0.3174159955,Total,6.892517131e-06,90,4597.701149
ERF_Log_File_20250226_2009,1424661933,1d,0,3,0.01987901024,0.007200053723,17,2.847855314,0,0,0,6,2.175,2.2,6,2.328340538e-05,853.7844837,0.3174159955,Total,6.761728126e-06,90,4597.701149
ERF_Log_File_20250226_2009,1424662022,1d,0,3,0.01428377392,0.006234105207,23,2.84769383,0,0,0,7,2.175,2.2,7,1.672995257e-05,853.7844837,0.3174159955,Total,6.564958071e-06,90,4597.701149
ERF_Log_File_20250226_2009,1424662123,1d,0,3,0.006390614675,0.00658020485,23,2.847381787,0,0,0,8,2.175,2.2,8,7.485044291e-06,853.7844837,0.3174159955,Total,6.392181888e-06,90,4597.701149
ERF_Log_File_20250226_2009,1424662224,1d,0,3,-0.001321291611,0.005297675502,23,2.847646511,0,0,0,9,2.175,2.2,9,-1.547570419e-06,853.7844837,0.3174159955,Total,6.350092341e-06,90,4597.701149
ERF_Log_File_20250226_2009,1424662326,1d,0,3,0.004421304034,0.006129022576,23,2.847324766,0,0,0,10,2.175,2.2,10,5.178477846e-06,853.7844837,0.3174159955,Total,6.369292951e-06,90,4597.701149
ERF_Log_File_20250226_1448,1424641786,1d,0,3,-0.0001995945288,0.005885246624,23,3.781889234,0,0,0,-10,2.376,2.4,10,-6.675189961e-07,299.0095114,0.04946762542,Total,1.81266366e-05,-90,4208.754209
ERF_Log_File_20250226_1448,1424641887,1d,0,3,0.002911730437,0.007259689295,23,3.78059017,0,0,0,-9,2.376,2.4,9,9.737919119e-06,299.0095114,0.04946762542,Total,1.815265192e-05,-90,4208.754209
ERF_Log_File_20250226_1448,1424641988,1d,0,3,0.004797876953,0.005931705571,23,3.778975787,0,0,0,-8,2.376,2.4,8,1.604590078e-05,299.0095114,0.04946762542,Total,1.819739582e-05,-90,4208.754209
ERF_Log_File_20250226_1448,1424642089,1d,0,3,0.004616506394,0.007526446232,23,3.776927021,0,0,0,-7,2.376,2.4,7,1.543932958e-05,299.0095114,0.04946762542,Total,1.819214759e-05,-90,4208.754209
ERF_Log_File_20250226_1448,1424642179,1d,0,3,0.009996184996,0.006891491435,17,3.775303486,0,0,0,-6,2.376,2.4,6,3.343099338e-05,299.0095114,0.04946762542,Total,1.843222293e-05,-90,4208.754209
ERF_Log_File_20250226_1448,1424642240,1d,0,3,0.01985521213,0.00912315083,9,3.774670316,0,0,0,-5,2.376,2.4,5,6.64032794e-05,299.0095114,0.04946762542,Total,1.930452212e-05,-90,4208.754209
ERF_Log_File_20250226_1448,1424642276,1d,0,3,0.02565615309,0.006469521318,5,3.774200909,0,0,0,-4,2.376,2.4,4,8.580380262e-05,299.0095114,0.04946762542,Total,2.005476565e-05,-90,4208.754209
ERF_Log_File_20250226_1448,1424642301,1d,0,3,0.05676228892,0.007443741417,3,3.775154,0,0,0,-3,2.376,2.4,3,0.0001898343924,299.0095114,0.04946762542,Total,2.624771324e-05,-90,4208.754209
ERF_Log_File_20250226_1448,1424642321,1d,0,3,0.08078200507,0.007686572463,3,3.775565143,0,0,0,-2.5,2.376,2.4,2.5,0.0002701653359,299.0095114,0.04946762542,Total,3.253406804e-05,-90,4208.754209
ERF_Log_File_20250226_1448,1424642342,1d,0,3,0.1643048137,0.005899894501,3,3.776645714,0,0,0,-2,2.376,2.4,2,0.0005494969472,299.0095114,0.04946762542,Total,5.786231686e-05,-90,4208.754209
ERF_Log_File_20250226_1448,1424642503,1d,0,3,0.1626776609,0.007523831245,3,3.775972,0,0,0,2,2.376,2.4,2,0.0005440551377,299.0095114,0.04946762542,Total,5.734578038e-05,90,4208.754209
ERF_Log_File_20250226_1448,1424642523,1d,0,3,0.09052798813,0.003361964466,3,3.775681143,0,0,0,2.5,2.376,2.4,2.5,0.0003027595601,299.0095114,0.04946762542,Total,3.52874839e-05,90,4208.754209
ERF_Log_File_20250226_1448,1424642543,1d,0,3,0.0576097261,0.007861892854,3,3.777484286,0,0,0,3,2.376,2.4,3,0.0001926685404,299.0095114,0.04946762542,Total,2.645341526e-05,90,4208.754209
ERF_Log_File_20250226_1448,1424642568,1d,0,3,0.02361597049,0.007015282266,5,3.776676727,0,0,0,4,2.376,2.4,4,7.898066648e-05,299.0095114,0.04946762542,Total,1.977245877e-05,90,4208.754209
ERF_Log_File_20250226_1448,1424642605,1d,0,3,0.01570596495,0.006297399652,9,3.777122211,0,0,0,5,2.376,2.4,5,5.252663998e-05,299.0095114,0.04946762542,Total,1.887222968e-05,90,4208.754209
ERF_Log_File_20250226_1448,1424642666,1d,0,3,0.001679138478,0.006040825447,17,3.776556057,0,0,0,6,2.376,2.4,6,5.615669115e-06,299.0095114,0.04946762542,Total,1.813521041e-05,90,4208.754209
ERF_Log_File_20250226_1448,1424642755,1d,0,3,0.001874397468,0.006501090678,23,3.774387319,0,0,0,7,2.376,2.4,7,6.268688442e-06,299.0095114,0.04946762542,Total,1.813734997e-05,90,4208.754209
ERF_Log_File_20250226_1448,1424642856,1d,0,3,0.004727428783,0.007280634318,23,3.774706979,0,0,0,8,2.376,2.4,8,1.581029567e-05,299.0095114,0.04946762542,Total,1.819533346e-05,90,4208.754209
ERF_Log_File_20250226_1448,1424642957,1d,0,3,0.0001936755509,0.007309067665,23,3.772277362,0,0,0,9,2.376,2.4,9,6.477237131e-07,299.0095114,0.04946762542,Total,1.812662941e-05,90,4208.754209
ERF_Log_File_20250226_1448,1424643059,1d,0,3,-0.002653818255,0.006366822303,23,3.770552596,0,0,0,10,2.376,2.4,10,-8.875364008e-06,299.0095114,0.04946762542,Total,1.814822915e-05,90,4208.754209
